"Fecha","Último","Apertura","Máximo","Mínimo","Vol.","% var."
"31.12.2025","84,850","84,750","85,050","84,400","84,24K","-0,76%"
"30.12.2025","85,500","84,450","85,500","84,400","195,21K","1,12%"
"29.12.2025","84,550","84,250","84,700","83,600","282,65K","0,42%"
"24.12.2025","84,200","84,100","84,350","84,000","63,22K","-0,47%"
"23.12.2025","84,600","84,500","84,600","83,650","192,98K","-0,06%"
"22.12.2025","84,650","84,900","85,250","83,900","222,87K","-0,29%"
"19.12.2025","84,900","85,300","86,100","84,900","955,31K","-0,18%"
"18.12.2025","85,050","83,200","85,300","82,550","271,17K","2,10%"
"17.12.2025","83,300","85,000","85,300","82,700","324,47K","-2,29%"
"16.12.2025","85,250","85,300","86,300","84,900","372,23K","-1,50%"
"15.12.2025","86,550","84,200","86,800","84,200","258,64K","2,24%"
"12.12.2025","84,650","86,150","87,100","84,650","352,08K","-0,88%"
"11.12.2025","85,400","86,500","87,150","85,250","262,89K","-0,99%"
"10.12.2025","86,250","85,500","86,250","84,800","339,45K","2,01%"
"09.12.2025","84,550","83,650","85,600","82,000","418,99K","1,32%"
"08.12.2025","83,450","81,550","83,450","81,550","292,12K","2,77%"
"05.12.2025","81,200","82,500","83,150","81,050","278,50K","-1,04%"
"04.12.2025","82,050","81,700","82,200","81,100","351,56K","0,74%"
"03.12.2025","81,450","80,150","82,050","80,100","618,01K","1,50%"
"02.12.2025","80,250","78,550","80,700","78,300","542,16K","3,41%"
"01.12.2025","77,600","79,400","79,600","75,300","463,83K","-2,57%"
"28.11.2025","79,650","79,450","80,150","78,950","220,47K","0,19%"
"27.11.2025","79,500","80,100","80,500","79,500","161,89K","-0,50%"
"26.11.2025","79,900","79,000","80,350","78,600","367,66K","2,04%"
"25.11.2025","78,300","77,100","79,000","76,500","350,68K","3,57%"
"24.11.2025","75,600","73,150","76,250","72,750","3,10M","4,56%"
"21.11.2025","72,300","76,800","76,850","71,350","811,04K","-7,66%"
"20.11.2025","78,300","77,650","79,450","77,600","323,58K","1,82%"
"19.11.2025","76,900","77,100","77,550","76,100","282,57K","-0,13%"
"18.11.2025","77,000","76,550","77,650","76,100","353,14K","-1,03%"
"17.11.2025","77,800","78,000","78,650","76,650","306,63K","-0,13%"
"14.11.2025","77,900","77,750","77,900","75,450","386,99K","0,13%"
"13.11.2025","77,800","79,200","79,900","77,400","328,78K","-1,27%"
"12.11.2025","78,800","78,050","79,250","77,950","285,23K","0,90%"
"11.11.2025","78,100","77,800","78,650","77,350","422,41K","0,71%"
"10.11.2025","77,550","76,500","78,050","76,000","331,22K","2,72%"
"07.11.2025","75,500","75,100","76,700","75,100","446,70K","0,53%"
"06.11.2025","75,100","73,400","75,900","71,850","627,80K","1,69%"
"05.11.2025","73,850","72,400","73,950","72,400","273,59K","0,96%"
"04.11.2025","73,150","72,400","73,200","71,450","234,04K","-0,27%"
"03.11.2025","73,350","71,500","73,400","71,200","301,52K","3,02%"
"31.10.2025","71,200","72,450","72,500","71,050","229,26K","-1,93%"
"30.10.2025","72,600","72,600","73,100","72,300","219,61K","0,14%"
"29.10.2025","72,500","73,000","73,200","72,350","204,99K","-0,34%"
"28.10.2025","72,750","72,700","72,850","72,150","239,08K","-0,07%"
"27.10.2025","72,800","72,300","73,100","71,900","236,68K","1,04%"
"24.10.2025","72,050","71,450","72,050","70,200","220,61K","1,69%"
"23.10.2025","70,850","70,000","71,000","69,500","275,85K","1,43%"
"22.10.2025","69,850","70,750","71,500","69,750","387,74K","-0,21%"
"21.10.2025","70,000","71,000","71,150","69,800","196,71K","-1,27%"
"20.10.2025","70,900","71,150","71,350","70,450","215,38K","1,00%"
"17.10.2025","70,200","71,200","71,400","70,050","267,69K","-2,84%"
"16.10.2025","72,250","70,300","72,250","69,850","277,31K","2,85%"
"15.10.2025","70,250","72,600","72,650","70,250","320,12K","-2,57%"
"14.10.2025","72,100","71,350","72,300","71,050","169,38K","0,00%"
"13.10.2025","72,100","71,550","72,200","71,550","195,11K","0,84%"
"10.10.2025","71,500","71,100","72,400","70,900","215,75K","0,42%"
"09.10.2025","71,200","71,100","71,850","70,900","210,81K","0,14%"
"08.10.2025","71,100","70,550","71,100","70,300","249,09K","0,99%"
"07.10.2025","70,400","70,500","71,250","70,300","212,33K","-0,21%"
"06.10.2025","70,550","69,700","70,850","69,350","228,32K","1,07%"
"03.10.2025","69,800","70,150","70,700","69,500","211,90K","-0,36%"
"02.10.2025","70,050","69,200","70,600","69,200","432,53K","3,32%"
"01.10.2025","67,800","68,150","68,350","67,200","351,26K","-0,29%"
"30.09.2025","68,000","66,600","68,350","66,600","298,52K","2,03%"
"29.09.2025","66,650","67,000","67,350","66,500","173,20K","-0,15%"
"26.09.2025","66,750","66,100","66,950","65,850","228,68K","1,68%"
"25.09.2025","65,650","66,550","66,600","65,000","351,33K","-1,72%"
"24.09.2025","66,800","67,850","68,150","66,700","282,83K","-1,47%"
"23.09.2025","67,800","68,350","68,900","67,750","315,76K","-0,59%"
"22.09.2025","68,200","68,500","68,650","67,950","192,43K","-0,58%"
"19.09.2025","68,600","69,250","69,450","68,250","1,17M","-0,72%"
"18.09.2025","69,100","68,650","69,250","68,500","196,70K","1,62%"
"17.09.2025","68,000","68,650","68,900","68,000","377,40K","-0,73%"
"16.09.2025","68,500","69,750","69,750","68,400","256,09K","-1,58%"
"15.09.2025","69,600","68,950","69,650","68,900","196,85K","1,31%"
"12.09.2025","68,700","69,000","69,100","68,450","179,95K","-0,51%"
"11.09.2025","69,050","68,000","69,050","67,900","289,19K","1,40%"
"10.09.2025","68,100","66,250","68,650","66,250","398,99K","3,26%"
"09.09.2025","65,950","66,250","66,300","65,750","195,58K","-0,30%"
"08.09.2025","66,150","65,250","66,200","65,100","150,80K","1,93%"
"05.09.2025","64,900","65,200","65,300","64,550","290,19K","0,00%"
"04.09.2025","64,900","64,100","65,100","63,800","278,97K","1,25%"
"03.09.2025","64,100","63,750","64,200","63,400","234,83K","0,79%"
"02.09.2025","63,600","64,500","64,700","62,850","274,68K","-1,78%"
"01.09.2025","64,750","64,650","64,900","64,200","121,98K","0,31%"
"29.08.2025","64,550","64,800","65,050","64,400","213,07K","-0,54%"
"28.08.2025","64,900","64,300","65,100","63,900","220,48K","0,93%"
"27.08.2025","64,300","65,050","65,050","63,900","221,90K","-1,00%"
"26.08.2025","64,950","64,500","65,050","63,800","833,36K","-0,46%"
"25.08.2025","65,250","66,200","66,300","65,000","153,48K","-1,95%"
"22.08.2025","66,550","65,750","66,750","65,750","174,34K","0,91%"
"21.08.2025","65,950","65,400","66,000","65,100","272,35K","0,61%"
"20.08.2025","65,550","65,400","65,700","64,950","191,30K","-0,23%"
"19.08.2025","65,700","65,650","65,900","65,400","264,82K","0,08%"
"18.08.2025","65,650","65,550","65,800","65,150","181,06K","0,23%"
"15.08.2025","65,500","65,400","65,850","65,300","200,85K","0,08%"
"14.08.2025","65,450","64,300","65,500","64,300","272,41K","1,87%"
"13.08.2025","64,250","64,550","64,850","64,250","268,91K","0,31%"
"12.08.2025","64,050","63,300","64,250","63,100","266,76K","1,51%"
"11.08.2025","63,100","62,600","63,250","61,850","280,58K","1,37%"
"08.08.2025","62,250","61,450","62,450","61,400","265,52K","1,47%"
"07.08.2025","61,350","60,100","61,450","60,100","216,06K","2,51%"
"06.08.2025","59,850","59,700","60,000","59,450","225,65K","0,76%"
"05.08.2025","59,400","59,900","59,900","59,050","157,35K","0,00%"
"04.08.2025","59,400","58,950","59,700","58,950","164,18K","1,37%"
"01.08.2025","58,600","60,200","60,200","58,600","271,17K","-2,98%"
"31.07.2025","60,400","61,100","61,850","60,400","338,00K","-1,15%"
"30.07.2025","61,100","62,400","62,700","61,100","457,29K","-1,61%"
"29.07.2025","62,100","61,050","62,100","60,700","460,93K","2,14%"
"28.07.2025","60,800","60,750","61,000","60,550","310,25K","0,66%"
"25.07.2025","60,400","61,200","61,250","59,850","167,28K","-1,23%"
"24.07.2025","61,150","60,200","61,450","60,200","455,77K","2,09%"
"23.07.2025","59,900","59,500","59,950","58,750","389,55K","0,67%"
"22.07.2025","59,500","59,100","59,800","58,750","224,66K","0,76%"
"21.07.2025","59,050","58,900","59,550","58,800","241,97K","0,43%"
"18.07.2025","58,800","58,450","59,050","58,150","264,83K","1,20%"
"17.07.2025","58,100","56,250","58,400","56,200","306,73K","3,84%"
"16.07.2025","55,950","55,650","56,500","55,650","172,90K","0,45%"
"15.07.2025","55,700","56,800","56,850","55,600","230,92K","-1,76%"
"14.07.2025","56,700","56,000","56,700","55,650","187,85K","0,44%"
"11.07.2025","56,450","55,900","56,500","55,700","240,38K","0,62%"
"10.07.2025","56,100","56,650","56,700","56,100","248,19K","-1,06%"
"09.07.2025","56,700","56,350","56,700","56,200","261,43K","0,62%"
"08.07.2025","56,350","56,600","56,750","55,850","313,43K","-0,44%"
"07.07.2025","56,600","56,250","56,600","55,750","251,51K","0,18%"
"04.07.2025","56,500","56,850","56,850","55,850","191,94K","-0,62%"
"03.07.2025","56,850","56,850","56,950","56,350","198,46K","-0,09%"
"02.07.2025","56,900","57,100","57,250","56,150","288,91K","0,09%"
"01.07.2025","56,850","57,150","57,650","56,000","372,92K","-0,81%"
"30.06.2025","57,312","57,701","57,701","56,632","313,55K","-0,08%"
"27.06.2025","57,361","56,437","57,361","55,951","344,74K","1,90%"
"26.06.2025","56,292","56,097","56,924","56,097","381,53K","0,61%"
"25.06.2025","55,951","55,611","56,194","55,417","282,17K","1,32%"
"24.06.2025","55,222","55,417","55,757","54,931","201,99K","-1,48%"
"23.06.2025","56,050","54,700","56,100","54,700","212,72K","2,00%"
"20.06.2025","54,950","54,650","55,600","54,650","1,27M","0,00%"
"19.06.2025","54,950","55,750","55,800","54,750","273,48K","-2,05%"
"18.06.2025","56,100","55,950","56,250","55,750","313,32K","0,27%"
"17.06.2025","55,950","56,100","56,200","55,350","255,43K","-1,06%"
"16.06.2025","56,550","56,500","56,750","56,150","201,97K","0,35%"
"13.06.2025","56,350","56,400","56,550","55,950","214,63K","-1,49%"
"12.06.2025","57,200","56,400","57,500","56,150","292,71K","0,97%"
"11.06.2025","56,650","56,650","57,050","56,500","247,66K","-0,61%"
"10.06.2025","57,000","57,250","57,600","56,900","230,26K","-0,61%"
"09.06.2025","57,350","57,550","57,800","57,300","136,60K","-0,35%"
"06.06.2025","57,550","58,750","58,750","57,550","311,07K","-1,96%"
"05.06.2025","58,700","57,900","58,700","57,750","246,18K","1,65%"
"04.06.2025","57,750","58,400","58,650","57,600","225,79K","-0,52%"
"03.06.2025","58,050","58,200","58,500","57,900","240,91K","-0,34%"
"02.06.2025","58,250","57,900","58,550","57,700","251,51K","0,69%"
"30.05.2025","57,850","58,700","58,750","57,600","1,69M","-1,28%"
"29.05.2025","58,600","59,050","59,350","58,400","153,33K","-0,17%"
"28.05.2025","58,700","59,300","59,700","58,350","383,14K","-1,10%"
"27.05.2025","59,350","60,200","60,750","59,300","401,33K","-1,90%"
"26.05.2025","60,500","60,500","60,850","60,150","161,79K","1,26%"
"23.05.2025","59,750","60,300","60,500","58,250","300,66K","-0,91%"
"22.05.2025","60,300","59,800","60,300","59,400","317,47K","0,42%"
"21.05.2025","60,050","60,100","61,250","59,850","317,06K","-1,56%"
"20.05.2025","61,000","59,600","61,400","59,600","502,76K","2,35%"
"19.05.2025","59,600","59,000","59,600","58,800","308,90K","1,02%"
"16.05.2025","59,000","58,350","59,000","58,350","313,29K","1,11%"
"15.05.2025","58,350","57,700","58,400","57,600","380,61K","0,52%"
"14.05.2025","58,050","57,050","58,050","57,000","492,76K","1,40%"
"13.05.2025","57,250","56,700","57,550","56,100","247,00K","2,05%"
"12.05.2025","56,100","56,450","56,950","55,650","286,66K","-0,36%"
"09.05.2025","56,300","56,400","56,850","55,900","171,94K","0,27%"
"08.05.2025","56,150","56,200","56,450","55,850","219,45K","0,90%"
"07.05.2025","55,650","55,950","56,250","55,150","350,55K","-0,98%"
"06.05.2025","56,200","57,300","57,450","56,050","391,88K","-1,83%"
"05.05.2025","57,250","56,500","57,450","56,500","165,76K","1,06%"
"02.05.2025","56,650","55,800","57,100","55,600","376,12K","2,81%"
"30.04.2025","55,100","55,100","55,350","54,000","0,66K","0,64%"
"29.04.2025","54,750","54,600","54,850","54,300","0,39K","0,74%"
"28.04.2025","54,350","54,000","54,650","53,950","2,46K","1,12%"
"25.04.2025","53,750","53,350","54,100","53,300","302,44K","1,42%"
"24.04.2025","53,000","52,750","53,150","52,650","243,84K","0,38%"
"23.04.2025","52,800","52,750","52,850","52,000","339,62K","1,93%"
"22.04.2025","51,800","50,950","51,850","50,300","290,45K","0,78%"
"17.04.2025","51,400","51,500","51,700","50,900","374,89K","-0,19%"
"16.04.2025","51,500","51,100","51,500","50,650","415,99K","0,29%"
"15.04.2025","51,350","50,400","51,350","50,300","310,42K","1,99%"
"14.04.2025","50,350","49,880","50,900","48,880","431,09K","3,94%"
"11.04.2025","48,440","49,720","49,880","48,040","343,02K","-1,74%"
"10.04.2025","49,300","53,000","53,350","48,920","657,16K","4,05%"
"09.04.2025","47,380","47,020","48,100","46,540","676,45K","-1,99%"
"08.04.2025","48,340","47,540","49,180","46,800","487,33K","4,09%"
"07.04.2025","46,440","42,840","48,880","41,000","1,12M","-6,26%"
"04.04.2025","49,540","51,550","51,750","48,460","644,53K","-5,46%"
"03.04.2025","52,400","52,350","53,250","51,800","350,64K","-2,42%"
"02.04.2025","53,700","53,500","53,700","52,850","288,60K","0,66%"
"01.04.2025","53,350","53,200","53,500","52,650","421,96K","1,14%"
"31.03.2025","52,750","54,200","54,250","52,550","385,07K","-3,30%"
"28.03.2025","54,550","55,150","55,450","54,400","198,25K","-1,80%"
"27.03.2025","55,550","54,650","55,550","54,050","463,82K","0,36%"
"26.03.2025","55,350","55,150","55,900","55,150","278,79K","0,64%"
"25.03.2025","55,000","54,350","55,100","54,200","325,62K","1,57%"
"24.03.2025","54,150","54,400","54,500","53,900","0,82K","-0,28%"
"21.03.2025","54,300","53,700","54,300","53,300","0,34K","0,56%"
"20.03.2025","54,000","54,900","54,900","53,450","258,84K","-1,46%"
"19.03.2025","54,800","54,000","54,900","54,000","426,54K","0,37%"
"18.03.2025","54,600","54,000","54,650","53,700","362,18K","1,39%"
"17.03.2025","53,850","54,100","54,150","53,500","367,29K","-1,19%"
"14.03.2025","54,500","53,550","54,850","53,450","412,67K","1,68%"
"13.03.2025","53,600","53,450","53,850","53,100","275,59K","-0,65%"
"12.03.2025","53,950","53,750","54,100","53,150","364,33K","1,51%"
"11.03.2025","53,150","53,450","54,100","52,850","420,36K","-0,65%"
"10.03.2025","53,500","54,800","54,800","53,050","384,95K","-2,01%"
"07.03.2025","54,600","54,950","55,350","53,700","586,80K","-2,06%"
"06.03.2025","55,750","55,250","56,300","54,050","799,93K","1,36%"
"05.03.2025","55,000","53,000","56,450","52,900","782,31K","7,11%"
"04.03.2025","51,350","52,250","52,250","50,900","461,74K","-2,19%"
"03.03.2025","52,500","52,300","52,700","52,100","317,46K","1,16%"
"28.02.2025","51,900","52,000","52,250","51,300","1,04M","0,10%"
"27.02.2025","51,850","51,100","51,950","51,100","0,09K","0,68%"
"26.02.2025","51,500","51,000","51,850","51,000","264,05K","0,68%"
"25.02.2025","51,150","50,500","51,450","50,350","0,02K","1,19%"
"24.02.2025","50,550","51,450","51,650","50,550","0,26K","-1,94%"
"21.02.2025","51,550","51,800","51,950","51,350","361,90K","-0,48%"
"20.02.2025","51,800","51,500","51,900","51,250","471,12K","1,17%"
"19.02.2025","51,200","51,600","51,800","50,250","506,56K","-0,68%"
"18.02.2025","51,550","51,000","51,650","50,900","288,48K","1,08%"
"17.02.2025","51,000","50,200","51,100","50,150","250,77K","2,00%"
"14.02.2025","50,000","50,350","50,450","49,780","222,78K","-1,09%"
"13.02.2025","50,550","50,350","50,900","50,100","200,77K","0,80%"
"12.02.2025","50,150","50,300","50,450","50,000","308,24K","0,00%"
"11.02.2025","50,150","49,800","50,300","49,540","348,62K","-0,20%"
"10.02.2025","50,250","49,800","50,250","49,700","302,28K","1,11%"
"07.02.2025","49,700","49,600","49,840","49,460","216,19K","0,40%"
"06.02.2025","49,500","48,980","49,540","48,960","192,19K","1,14%"
"05.02.2025","48,940","49,020","49,240","48,800","213,53K","-0,24%"
"04.02.2025","49,060","48,380","49,240","48,220","276,64K","1,11%"
"03.02.2025","48,520","48,320","48,820","48,140","290,05K","-1,54%"
"31.01.2025","49,280","49,340","49,660","49,020","305,58K","0,12%"
"30.01.2025","49,220","48,480","49,420","48,440","218,70K","1,74%"
"29.01.2025","48,380","48,220","48,940","48,220","0,78K","0,92%"
"28.01.2025","47,940","48,100","48,580","47,940","300,87K","-1,15%"
"27.01.2025","48,500","50,000","50,200","47,900","642,41K","-4,53%"
"24.01.2025","50,800","51,800","51,800","50,550","433,98K","-1,84%"
"23.01.2025","51,750","51,100","51,950","51,000","370,27K","1,47%"
"22.01.2025","51,000","49,440","51,500","49,100","0,94K","4,17%"
"21.01.2025","48,960","48,480","48,960","47,680","413,71K","1,29%"
"20.01.2025","48,335","48,137","48,434","47,820","340,29K","1,24%"
"17.01.2025","47,741","47,226","47,979","47,226","443,63K","1,30%"
"16.01.2025","47,127","47,325","47,325","46,810","0,54K","-0,13%"
"15.01.2025","47,186","46,929","47,206","46,493","311,94K","0,89%"
"14.01.2025","46,770","47,048","47,226","46,473","270,96K","-1,08%"
"13.01.2025","47,280","47,320","47,580","46,940","1,65K","-0,46%"
"10.01.2025","47,500","48,700","48,740","47,420","379,94K","-2,18%"
"09.01.2025","48,560","48,060","48,700","48,040","209,62K","0,66%"
"08.01.2025","48,240","47,980","48,240","47,580","224,04K","0,88%"
"07.01.2025","47,820","48,680","48,680","47,620","202,09K","-1,32%"
"06.01.2025","48,460","48,800","49,000","47,980","218,01K","-0,04%"
"03.01.2025","48,480","48,860","48,920","48,480","156,13K","-0,70%"
"02.01.2025","48,820","48,380","48,820","48,260","211,26K","0,78%"
"31.12.2024","48,440","47,900","48,440","47,900","101,82K","1,09%"
"30.12.2024","47,920","47,800","48,280","47,780","139,93K","-0,21%"
"27.12.2024","48,020","47,840","48,120","47,600","200,45K","0,29%"
"24.12.2024","47,880","47,360","47,900","47,360","77,63K","1,06%"
"23.12.2024","47,380","47,440","47,660","47,180","138,74K","-0,17%"
"20.12.2024","47,460","47,280","47,620","46,740","1,07M","0,21%"
"19.12.2024","47,360","47,500","47,540","47,140","275,90K","-1,00%"
"18.12.2024","47,840","47,740","48,240","47,560","226,93K","-0,21%"
"17.12.2024","47,940","48,000","48,120","47,700","418,05K","-0,29%"
"16.12.2024","48,080","47,960","48,180","47,520","206,73K","-0,12%"
"13.12.2024","48,140","47,760","48,440","47,540","364,92K","0,88%"
"12.12.2024","47,720","47,680","47,920","47,520","235,23K","-0,04%"
"11.12.2024","47,740","47,160","47,740","46,700","270,67K","1,06%"
"10.12.2024","47,240","47,120","47,900","47,100","353,86K","-0,42%"
"09.12.2024","47,440","47,880","47,960","47,340","216,27K","-1,17%"
"06.12.2024","48,000","47,880","48,200","47,880","286,97K","-0,04%"
"05.12.2024","48,020","47,100","48,100","47,100","296,32K","2,13%"
"04.12.2024","47,020","46,460","47,100","46,360","402,10K","0,90%"
"03.12.2024","46,600","44,500","46,600","44,480","612,70K","5,43%"
"02.12.2024","44,200","43,840","44,380","43,840","410,30K","0,55%"
"29.11.2024","43,960","43,740","43,960","43,440","183,52K","0,09%"
"28.11.2024","43,920","43,860","44,100","43,700","133,56K","0,78%"
"27.11.2024","43,580","43,960","43,960","43,060","374,60K","-1,36%"
"26.11.2024","44,180","43,660","44,180","43,340","426,28K","0,55%"
"25.11.2024","43,940","43,120","43,960","42,940","2,32M","2,90%"
"22.11.2024","42,700","42,420","42,880","42,260","278,30K","0,99%"
"21.11.2024","42,280","42,000","42,280","41,740","245,58K","0,67%"
"20.11.2024","42,000","41,540","42,020","41,500","305,75K","1,25%"
"19.11.2024","41,480","41,520","41,560","40,800","309,34K","0,00%"
"18.11.2024","41,480","41,660","41,660","41,340","230,03K","-0,38%"
"15.11.2024","41,640","41,240","42,000","41,240","461,17K","0,39%"
"14.11.2024","41,480","41,380","41,620","40,880","500,52K","0,29%"
"13.11.2024","41,360","42,000","42,080","41,180","575,10K","-1,62%"
"12.11.2024","42,040","42,500","42,880","42,020","382,17K","-1,78%"
"11.11.2024","42,800","43,300","43,540","42,700","369,45K","-0,42%"
"08.11.2024","42,980","43,860","44,000","42,980","410,42K","-2,10%"
"07.11.2024","43,900","44,400","44,520","43,900","361,07K","-1,08%"
"06.11.2024","44,380","44,480","45,380","44,140","393,43K","0,18%"
"05.11.2024","44,300","44,100","44,520","43,960","235,37K","0,54%"
"04.11.2024","44,060","44,700","44,760","44,060","319,44K","-1,43%"
"01.11.2024","44,700","44,180","44,700","44,140","359,15K","1,59%"
"31.10.2024","44,000","43,980","44,140","43,800","554,17K","-0,50%"
"30.10.2024","44,220","44,460","44,600","43,860","350,19K","-0,32%"
"29.10.2024","44,360","44,600","44,680","44,260","200,88K","0,14%"
"28.10.2024","44,300","44,000","44,380","43,900","250,64K","1,23%"
"25.10.2024","43,760","43,740","43,960","43,480","226,15K","-0,41%"
"24.10.2024","43,940","43,900","44,120","43,860","205,43K","0,23%"
"23.10.2024","43,840","43,960","44,100","43,700","348,64K","-0,27%"
"22.10.2024","43,960","43,800","44,060","43,560","250,47K","-0,14%"
"21.10.2024","44,020","43,860","44,060","43,660","240,47K","0,32%"
"18.10.2024","43,880","43,920","44,160","43,720","397,94K","-0,41%"
"17.10.2024","44,060","43,900","44,380","43,880","338,74K","0,05%"
"16.10.2024","44,040","43,000","44,120","42,980","388,59K","2,13%"
"15.10.2024","43,120","42,920","43,220","42,740","290,27K","0,84%"
"14.10.2024","42,760","42,620","42,900","42,600","194,77K","0,56%"
"11.10.2024","42,520","42,260","42,740","42,080","289,36K","0,47%"
"10.10.2024","42,320","42,280","42,540","41,860","387,92K","-0,33%"
"09.10.2024","42,460","41,820","42,460","41,820","409,48K","1,48%"
"08.10.2024","41,840","41,720","41,960","41,600","242,84K","-0,05%"
"07.10.2024","41,860","42,000","42,040","41,440","309,01K","-0,19%"
"04.10.2024","41,940","41,500","41,960","41,220","312,90K","1,26%"
"03.10.2024","41,420","41,460","41,560","41,080","290,18K","-0,34%"
"02.10.2024","41,560","41,240","41,600","41,220","253,30K","0,24%"
"01.10.2024","41,460","41,580","41,900","41,200","300,62K","-0,05%"
"30.09.2024","41,480","42,000","42,040","41,320","358,36K","-1,66%"
"27.09.2024","42,180","42,000","42,380","42,000","329,87K","0,05%"
"26.09.2024","42,160","42,220","42,400","42,000","297,76K","0,52%"
"25.09.2024","41,940","42,100","42,440","41,800","224,98K","-0,66%"
"24.09.2024","42,220","42,080","42,340","41,900","168,96K","0,57%"
"23.09.2024","41,980","41,560","42,000","41,380","158,80K","1,01%"
"20.09.2024","41,560","41,900","42,060","41,360","2,39M","-0,86%"
"19.09.2024","41,920","41,920","42,300","41,860","392,37K","0,43%"
"18.09.2024","41,740","41,600","41,760","41,420","307,50K","0,10%"
"17.09.2024","41,700","41,200","41,720","41,100","325,50K","1,71%"
"16.09.2024","41,000","40,700","41,180","40,560","266,98K","0,59%"
"13.09.2024","40,760","40,620","40,960","40,600","339,04K","0,59%"
"12.09.2024","40,520","40,880","41,020","40,260","368,06K","0,25%"
"11.09.2024","40,420","40,360","40,660","40,280","417,54K","0,25%"
"10.09.2024","40,320","40,240","40,820","40,240","261,45K","0,05%"
"09.09.2024","40,300","40,180","40,400","39,940","332,41K","0,65%"
"06.09.2024","40,040","40,840","40,920","40,040","512,22K","-2,20%"
"05.09.2024","40,940","40,520","41,140","40,480","334,13K","0,94%"
"04.09.2024","40,560","40,400","40,680","40,280","387,26K","-0,88%"
"03.09.2024","40,920","40,980","41,160","40,620","285,99K","-0,39%"
"02.09.2024","41,080","41,200","41,260","40,920","236,56K","-0,10%"
"30.08.2024","41,120","41,100","41,340","40,760","2,35M","-0,05%"
"29.08.2024","41,140","40,920","41,280","40,760","621,12K","0,64%"
"28.08.2024","40,880","40,860","41,220","40,820","459,68K","0,79%"
"27.08.2024","40,560","40,420","40,820","40,380","339,30K","0,30%"
"26.08.2024","40,440","40,420","40,620","39,680","452,50K","-0,98%"
"23.08.2024","40,840","40,620","41,020","40,460","306,09K","0,74%"
"22.08.2024","40,540","40,400","40,780","40,340","230,84K","0,20%"
"21.08.2024","40,460","40,520","40,540","40,140","228,81K","-0,30%"
"20.08.2024","40,580","40,780","40,940","40,520","208,28K","-0,10%"
"19.08.2024","40,620","40,500","40,820","40,360","1,04M","0,69%"
"16.08.2024","40,340","40,320","40,440","39,940","347,67K","0,30%"
"15.08.2024","40,220","39,440","40,240","39,340","256,46K","2,08%"
"14.08.2024","39,400","39,400","39,520","39,200","264,05K","0,46%"
"13.08.2024","39,220","39,080","39,260","38,940","256,58K","0,72%"
"12.08.2024","38,940","39,080","39,160","38,720","287,45K","0,05%"
"09.08.2024","38,920","38,700","39,160","38,440","401,73K","0,57%"
"08.08.2024","38,700","38,400","38,920","38,220","299,98K","-0,10%"
"07.08.2024","38,740","38,140","38,820","37,980","383,90K","2,38%"
"06.08.2024","37,840","38,000","38,380","37,440","506,46K","-0,26%"
"05.08.2024","37,940","37,560","38,280","37,360","726,81K","-1,91%"
"02.08.2024","38,680","39,600","39,700","38,660","573,55K","-2,91%"
"01.08.2024","39,840","40,980","41,300","39,840","543,84K","-3,44%"
"31.07.2024","41,260","40,860","41,320","40,640","757,95K","1,73%"
"30.07.2024","40,560","39,100","40,620","39,020","591,28K","4,37%"
"29.07.2024","38,860","39,220","39,220","38,800","362,33K","-0,26%"
"26.07.2024","38,960","38,640","39,180","38,600","319,88K","0,46%"
"25.07.2024","38,780","38,660","38,980","38,280","418,70K","-0,36%"
"24.07.2024","38,920","39,020","39,200","38,840","439,79K","-0,71%"
"23.07.2024","39,200","39,000","39,200","38,800","324,99K","0,77%"
"22.07.2024","38,900","39,220","39,220","38,900","307,03K","-0,26%"
"19.07.2024","39,000","39,000","39,320","38,900","398,67K","-0,10%"
"18.07.2024","39,040","39,000","39,220","38,900","342,51K","0,10%"
"17.07.2024","39,000","39,200","39,200","38,880","331,22K","-0,51%"
"16.07.2024","39,200","39,020","39,300","39,020","327,91K","-0,05%"
"15.07.2024","39,220","39,300","39,300","39,080","1,01M","-0,36%"
"12.07.2024","39,360","39,200","39,500","39,020","354,57K","0,41%"
"11.07.2024","39,200","39,100","39,500","38,980","641,08K","0,62%"
"10.07.2024","38,960","38,460","38,960","38,420","426,56K","1,14%"
"09.07.2024","38,520","38,920","38,920","38,300","750,86K","-1,43%"
"08.07.2024","39,080","38,420","39,180","38,100","523,15K","1,03%"
"05.07.2024","38,680","38,880","39,060","38,300","561,90K","-0,46%"
"04.07.2024","38,860","38,760","39,040","38,720","358,20K","0,31%"
"03.07.2024","38,740","38,620","38,980","38,520","510,04K","0,78%"
"02.07.2024","38,440","38,200","38,580","37,660","734,93K","-0,35%"
"01.07.2024","38,577","39,135","39,288","38,558","694,35K","-0,40%"
"28.06.2024","38,731","38,558","38,750","38,385","789,39K","0,65%"
"27.06.2024","38,481","39,173","39,250","38,423","395,06K","-1,62%"
"26.06.2024","39,115","39,596","39,654","38,769","390,98K","-0,15%"
"25.06.2024","39,173","39,250","39,269","38,808","470,29K","-0,39%"
"24.06.2024","39,327","38,173","39,558","38,019","598,48K","3,13%"
"21.06.2024","38,135","38,673","38,673","37,827","2,06M","-1,83%"
"20.06.2024","38,846","37,846","38,904","37,846","499,48K","2,64%"
"19.06.2024","37,846","38,212","38,288","37,846","346,41K","-0,66%"
"18.06.2024","38,096","38,096","38,269","37,750","341,38K","0,76%"
"17.06.2024","37,808","37,615","37,942","37,346","384,71K","-3,60%"
"14.06.2024","39,220","39,500","39,600","38,420","785,89K","-1,06%"
"13.06.2024","39,640","40,100","40,100","39,500","390,52K","-1,39%"
"12.06.2024","40,200","40,260","40,420","39,820","289,60K","0,75%"
"11.06.2024","39,900","40,480","40,600","39,780","389,02K","-1,77%"
"10.06.2024","40,620","41,220","41,220","40,380","388,87K","-1,55%"
"07.06.2024","41,260","41,080","41,260","40,800","364,02K","0,78%"
"06.06.2024","40,940","41,400","41,400","40,880","411,11K","-0,29%"
"05.06.2024","41,060","41,080","41,540","40,840","342,00K","0,15%"
"04.06.2024","41,000","41,660","41,680","40,920","325,41K","-1,58%"
"03.06.2024","41,660","41,380","42,100","41,120","382,69K","1,31%"
"31.05.2024","41,120","41,020","41,300","40,740","2,57M","0,15%"
"30.05.2024","41,060","40,680","41,680","40,460","411,81K","0,44%"
"29.05.2024","40,880","41,120","41,380","40,640","457,89K","-1,02%"
"28.05.2024","41,300","41,340","41,740","41,000","565,03K","0,34%"
"27.05.2024","41,160","40,960","41,300","40,800","385,25K","0,78%"
"24.05.2024","40,840","39,580","40,840","39,160","26,07M","2,77%"
"23.05.2024","39,740","39,880","40,020","39,500","313,91K","-0,20%"
"22.05.2024","39,820","39,560","39,820","39,140","445,35K","0,71%"
"21.05.2024","39,540","39,380","39,560","39,160","270,77K","0,15%"
"20.05.2024","39,480","39,960","39,960","39,360","195,12K","-0,90%"
"17.05.2024","39,840","39,560","40,080","39,520","495,22K","0,20%"
"16.05.2024","39,760","39,540","39,820","39,320","552,30K","0,71%"
"15.05.2024","39,480","39,420","39,600","38,740","736,66K","0,10%"
"14.05.2024","39,440","39,200","39,580","39,060","485,24K","0,20%"
"13.05.2024","39,360","38,860","39,420","38,740","403,20K","0,92%"
"10.05.2024","39,000","38,880","39,340","38,660","495,02K","0,10%"
"09.05.2024","38,960","38,900","39,020","38,720","252,52K","0,62%"
"08.05.2024","38,720","38,680","39,160","38,680","492,62K","0,10%"
"07.05.2024","38,680","38,520","38,840","38,240","421,23K","0,94%"
"06.05.2024","38,320","38,060","38,520","37,920","282,02K","1,22%"
"03.05.2024","37,860","37,940","38,200","37,640","310,24K","0,16%"
"02.05.2024","37,800","37,500","37,920","37,500","395,98K","0,59%"
"30.04.2024","37,580","37,980","38,040","37,540","374,37K","-1,05%"
"29.04.2024","37,980","37,800","38,140","37,800","341,57K","0,42%"
"26.04.2024","37,820","38,040","38,080","37,700","522,90K","0,32%"
"25.04.2024","37,700","38,480","38,480","37,360","503,46K","-1,72%"
"24.04.2024","38,360","38,520","38,700","38,220","732,45K","-0,31%"
"23.04.2024","38,480","38,500","38,900","38,460","391,79K","0,05%"
"22.04.2024","38,460","38,500","38,720","38,200","342,14K","0,63%"
"19.04.2024","38,220","38,160","38,360","37,620","342,72K","-0,16%"
"18.04.2024","38,280","38,800","39,060","38,280","512,27K","-0,98%"
"17.04.2024","38,660","37,920","39,040","37,920","490,20K","1,36%"
"16.04.2024","38,140","37,400","38,220","37,320","584,17K","1,33%"
"15.04.2024","37,640","37,800","38,160","37,540","485,45K","-0,74%"
"12.04.2024","37,920","37,840","38,360","37,720","398,02K","0,85%"
"11.04.2024","37,600","37,620","37,840","37,300","1,15M","0,16%"
"10.04.2024","37,540","37,800","38,040","37,400","808,09K","-0,64%"
"09.04.2024","37,780","37,820","37,880","37,520","523,18K","-0,26%"
"08.04.2024","37,880","37,880","38,060","37,700","269,90K","-0,05%"
"05.04.2024","37,900","38,000","38,240","37,480","714,83K","-0,89%"
"04.04.2024","38,240","38,740","38,740","38,200","625,53K","-1,24%"
"03.04.2024","38,720","38,400","38,720","38,020","621,73K","0,62%"
"02.04.2024","38,480","38,780","39,140","38,360","776,22K","-0,77%"
"28.03.2024","38,780","39,000","39,000","38,220","1,23M","-3,15%"
"27.03.2024","40,040","40,040","40,450","40,040","1,15M","0,10%"
"26.03.2024","40,000","40,070","40,350","39,970","295,27K","-0,17%"
"25.03.2024","40,070","40,490","40,520","40,070","398,38K","-0,96%"
"22.03.2024","40,460","40,580","40,740","40,370","223,56K","-0,32%"
"21.03.2024","40,590","40,500","40,650","40,230","444,80K","0,59%"
"20.03.2024","40,350","39,700","40,460","39,640","447,67K","1,64%"
"19.03.2024","39,700","39,550","39,820","39,080","759,21K","-1,10%"
"18.03.2024","40,140","40,000","40,240","39,750","426,12K","0,70%"
"15.03.2024","39,860","39,980","40,130","39,450","6,39M","-0,65%"
"14.03.2024","40,120","39,950","40,630","39,880","778,64K","0,48%"
"13.03.2024","39,930","39,050","40,020","38,820","785,87K","2,28%"
"12.03.2024","39,040","38,730","39,150","38,730","587,57K","0,70%"
"11.03.2024","38,770","38,850","39,170","38,630","478,23K","-0,77%"
"08.03.2024","39,070","39,190","39,340","38,680","481,14K","-0,20%"
"07.03.2024","39,150","38,500","39,430","38,460","695,59K","1,69%"
"06.03.2024","38,500","37,830","38,600","37,730","482,84K","1,32%"
"05.03.2024","38,000","37,680","38,190","37,490","436,14K","0,69%"
"04.03.2024","37,740","37,010","38,000","36,930","597,09K","1,64%"
"01.03.2024","37,130","36,860","37,290","35,300","1,99M","-2,13%"
"29.02.2024","37,940","37,150","38,200","37,130","1,55M","0,45%"
"28.02.2024","37,770","37,390","37,790","37,240","485,48K","0,64%"
"27.02.2024","37,530","36,860","37,680","36,860","433,34K","1,60%"
"26.02.2024","36,940","37,000","37,210","36,810","368,07K","-0,59%"
"23.02.2024","37,160","37,180","37,390","36,950","339,05K","0,24%"
"22.02.2024","37,070","36,900","37,540","36,900","1,18M","0,93%"
"21.02.2024","36,730","36,500","36,800","36,500","354,90K","0,27%"
"20.02.2024","36,630","36,380","37,140","36,380","452,74K","0,49%"
"19.02.2024","36,450","36,350","36,680","36,320","325,39K","0,16%"
"16.02.2024","36,390","37,130","37,190","36,220","565,20K","-1,46%"
"15.02.2024","36,930","36,800","37,300","36,740","501,93K","1,15%"
"14.02.2024","36,510","36,300","36,690","36,270","361,11K","0,33%"
"13.02.2024","36,390","36,140","36,650","36,120","342,65K","0,50%"
"12.02.2024","36,210","35,920","36,230","35,870","290,84K","1,34%"
"09.02.2024","35,730","35,940","36,160","35,580","708,73K","-0,58%"
"08.02.2024","35,940","36,100","36,250","35,820","402,14K","-0,31%"
"07.02.2024","36,050","36,470","36,630","36,050","458,90K","-1,23%"
"06.02.2024","36,500","36,700","36,960","36,500","501,55K","0,11%"
"05.02.2024","36,460","36,850","37,200","36,460","357,21K","-1,09%"
"02.02.2024","36,860","36,780","36,980","36,610","485,68K","0,68%"
"01.02.2024","36,610","36,440","37,150","36,380","584,54K","0,05%"
"31.01.2024","36,590","36,530","36,790","36,110","807,79K","0,97%"
"30.01.2024","36,240","35,960","36,350","35,680","1,03M","1,63%"
"29.01.2024","35,660","39,610","39,650","35,470","1,91M","-9,99%"
"26.01.2024","39,620","39,480","39,680","39,320","420,26K","0,30%"
"25.01.2024","39,500","39,630","39,660","39,270","357,33K","-0,40%"
"24.01.2024","39,660","39,550","39,740","39,330","537,63K","0,84%"
"23.01.2024","39,330","39,800","40,010","39,080","925,96K","-1,06%"
"22.01.2024","39,750","39,500","39,830","39,440","325,73K","0,79%"
"19.01.2024","39,440","39,250","39,590","39,230","539,82K","0,58%"
"18.01.2024","39,214","39,224","39,273","38,769","515,26K","-0,03%"
"17.01.2024","39,224","38,947","39,254","38,749","530,78K","-0,23%"
"16.01.2024","39,313","39,619","39,619","39,046","478,77K","-1,22%"
"15.01.2024","39,797","39,837","39,926","39,530","426,29K","0,17%"
"12.01.2024","39,728","39,362","39,837","39,362","498,08K","1,54%"
"11.01.2024","39,125","39,056","39,392","38,987","349,11K","0,38%"
"10.01.2024","38,977","38,908","39,135","38,749","706,91K","-1,42%"
"09.01.2024","39,540","39,940","39,940","39,230","385,71K","-1,10%"
"08.01.2024","39,980","39,590","40,030","39,330","307,28K","0,71%"
"05.01.2024","39,700","39,600","39,820","39,410","278,90K","-0,60%"
"04.01.2024","39,940","39,380","39,950","39,380","380,96K","1,34%"
"03.01.2024","39,410","40,210","40,310","39,230","690,82K","-2,33%"
"02.01.2024","40,350","40,280","40,840","40,200","287,54K","0,47%"
"29.12.2023","40,160","40,000","40,740","40,000","351,07K","0,12%"
"28.12.2023","40,110","40,050","40,270","40,030","284,10K","-0,12%"
"27.12.2023","40,160","39,800","40,160","39,600","337,26K","0,73%"
"22.12.2023","39,870","39,790","39,950","39,660","218,71K","0,25%"
"21.12.2023","39,770","39,350","39,770","39,350","432,33K","0,73%"
"20.12.2023","39,480","39,470","39,660","39,090","356,28K","0,33%"
"19.12.2023","39,350","39,300","39,510","39,220","493,01K","0,13%"
"18.12.2023","39,300","39,410","39,540","39,030","699,88K","-1,21%"
"15.12.2023","39,780","39,580","39,780","38,810","3,06M","0,51%"
"14.12.2023","39,580","39,290","39,790","39,110","808,74K","1,31%"
"13.12.2023","39,070","38,080","39,160","38,080","1,01M","2,87%"
"12.12.2023","37,980","37,500","38,160","37,500","592,43K","1,39%"
"11.12.2023","37,460","37,470","37,810","37,350","334,75K","0,03%"
"08.12.2023","37,450","37,100","37,510","36,930","268,81K","1,05%"
"07.12.2023","37,060","36,920","37,290","36,800","397,25K","-0,03%"
"06.12.2023","37,070","37,350","37,450","37,070","297,76K","-0,27%"
"05.12.2023","37,170","37,000","37,200","36,720","480,08K","0,65%"
"04.12.2023","36,930","36,920","37,200","36,550","275,48K","-0,32%"
"01.12.2023","37,050","36,780","37,100","36,780","303,66K","1,09%"
"30.11.2023","36,650","36,800","36,860","36,530","1,68M","-0,30%"
"29.11.2023","36,760","36,300","36,830","36,300","354,64K","1,07%"
"28.11.2023","36,370","36,150","36,590","36,040","521,79K","-0,11%"
"27.11.2023","36,410","36,230","36,410","36,070","467,81K","0,50%"
"24.11.2023","36,230","35,960","36,290","35,890","315,42K","0,64%"
"23.11.2023","36,000","36,100","36,100","35,730","550,49K","-0,17%"
"22.11.2023","36,060","36,230","36,230","35,810","489,99K","-0,33%"
"21.11.2023","36,180","35,910","36,210","35,700","788,22K","0,61%"
"20.11.2023","35,960","35,730","36,100","35,700","440,50K","0,20%"
"17.11.2023","35,890","35,600","35,950","35,560","823,98K","0,93%"
"16.11.2023","35,560","35,080","35,590","35,000","555,34K","1,05%"
"15.11.2023","35,190","34,560","35,220","34,370","479,01K","2,21%"
"14.11.2023","34,430","34,000","34,580","32,800","555,33K","1,92%"
"13.11.2023","33,780","33,890","33,930","33,330","263,85K","1,56%"
"10.11.2023","33,260","33,220","33,470","33,160","231,27K","-0,18%"
"09.11.2023","33,320","33,250","33,440","33,100","273,07K","0,18%"
"08.11.2023","33,260","33,090","33,300","32,930","663,93K","0,24%"
"07.11.2023","33,180","33,300","33,470","33,100","254,90K","-0,96%"
"06.11.2023","33,500","33,890","33,890","33,390","270,00K","-1,15%"
"03.11.2023","33,890","34,350","34,400","33,840","255,13K","-0,88%"
"02.11.2023","34,190","34,280","34,470","34,080","385,45K","0,59%"
"01.11.2023","33,990","34,050","34,230","33,770","277,54K","-0,53%"
"31.10.2023","34,170","33,780","34,210","33,640","1,04M","1,27%"
"30.10.2023","33,740","33,430","33,800","33,360","379,81K","0,96%"
"27.10.2023","33,420","32,910","33,700","32,700","677,22K","2,05%"
"26.10.2023","32,750","32,180","32,940","32,170","427,86K","0,74%"
"25.10.2023","32,510","32,600","32,770","32,430","380,47K","-0,34%"
"24.10.2023","32,620","32,270","32,660","32,220","385,38K","0,65%"
"23.10.2023","32,410","32,210","32,460","32,120","374,14K","0,50%"
"20.10.2023","32,250","32,330","32,510","31,870","818,99K","-0,80%"
"19.10.2023","32,510","32,570","32,620","32,220","364,83K","-0,73%"
"18.10.2023","32,750","33,030","33,210","32,600","342,71K","-1,09%"
"17.10.2023","33,110","33,100","33,180","32,940","261,90K","-0,06%"
"16.10.2023","33,130","33,420","33,440","33,070","286,93K","-0,21%"
"13.10.2023","33,200","33,650","34,080","33,170","349,06K","-1,25%"
"12.10.2023","33,620","33,610","33,700","33,390","309,15K","0,27%"
"11.10.2023","33,530","33,310","33,590","32,690","503,58K","0,27%"
"10.10.2023","33,440","33,280","33,630","33,190","416,66K","1,67%"
"09.10.2023","32,890","32,740","33,060","32,580","350,64K","-0,09%"
"06.10.2023","32,920","32,180","33,060","32,100","452,50K","2,78%"
"05.10.2023","32,030","33,500","33,500","32,030","712,92K","-3,99%"
"04.10.2023","33,360","33,360","33,630","33,060","360,49K","-0,27%"
"03.10.2023","33,450","33,500","33,930","33,270","423,91K","-0,80%"
"02.10.2023","33,720","34,130","34,280","33,650","491,79K","-1,03%"
"29.09.2023","34,070","33,960","34,310","33,790","507,10K","0,38%"
"28.09.2023","33,940","33,900","33,970","33,570","465,31K","0,41%"
"27.09.2023","33,800","33,940","34,180","33,690","438,22K","-0,24%"
"26.09.2023","33,880","33,730","34,200","33,710","447,52K","0,15%"
"25.09.2023","33,830","34,000","34,190","33,600","1,14M","-0,68%"
"22.09.2023","34,060","33,930","34,240","33,770","358,93K","-0,29%"
"21.09.2023","34,160","34,300","34,310","33,450","459,18K","-0,58%"
"20.09.2023","34,360","34,190","34,490","34,180","304,61K","0,32%"
"19.09.2023","34,250","33,600","34,250","33,490","365,34K","1,87%"
"18.09.2023","33,620","33,370","33,620","33,210","376,75K","0,63%"
"15.09.2023","33,410","33,000","33,430","32,990","1,40M","1,43%"
"14.09.2023","32,940","32,600","32,960","32,560","393,30K","0,86%"
"13.09.2023","32,660","32,820","32,820","32,410","356,74K","-0,61%"
"12.09.2023","32,860","32,950","33,000","32,560","363,85K","-0,24%"
"11.09.2023","32,940","32,570","32,940","32,570","226,39K","1,42%"
"08.09.2023","32,480","32,600","32,650","32,300","176,93K","0,28%"
"07.09.2023","32,390","32,090","32,630","32,090","259,87K","0,47%"
"06.09.2023","32,240","32,200","32,370","32,120","199,29K","-0,06%"
"05.09.2023","32,260","32,310","32,580","32,050","190,68K","-0,34%"
"04.09.2023","32,370","32,440","32,640","32,260","170,58K","0,12%"
"01.09.2023","32,330","32,420","32,630","32,290","205,74K","-0,19%"
"31.08.2023","32,390","32,410","32,700","32,390","821,28K","0,15%"
"30.08.2023","32,340","32,180","32,490","32,160","287,72K","0,50%"
"29.08.2023","32,180","32,200","32,420","32,150","451,29K","0,50%"
"28.08.2023","32,020","32,020","32,130","31,900","","1,11%"
"25.08.2023","31,670","31,810","32,040","31,550","392,13K","-0,78%"
"24.08.2023","31,920","31,840","32,040","31,810","241,58K","0,54%"
"23.08.2023","31,750","31,820","31,910","31,650","217,50K","0,03%"
"22.08.2023","31,740","31,440","31,820","31,440","220,15K","1,37%"
"21.08.2023","31,310","31,360","31,530","31,280","177,23K","0,03%"
"18.08.2023","31,300","31,170","31,320","30,960","331,79K","0,06%"
"17.08.2023","31,280","31,480","31,560","31,250","305,89K","-0,79%"
"16.08.2023","31,530","31,480","31,700","31,380","184,90K","0,06%"
"15.08.2023","31,510","31,680","31,800","31,500","165,06K","-0,54%"
"14.08.2023","31,680","31,550","31,820","31,420","157,06K","-0,38%"
"11.08.2023","31,800","31,840","32,040","31,640","215,51K","0,09%"
"10.08.2023","31,770","31,700","31,850","31,630","267,99K","0,41%"
"09.08.2023","31,640","31,600","31,700","31,400","235,54K","0,80%"
"08.08.2023","31,390","31,260","31,590","31,210","237,89K","-0,16%"
"07.08.2023","31,440","31,200","31,450","31,090","232,47K","0,26%"
"04.08.2023","31,360","31,240","31,430","31,180","170,11K","0,67%"
"03.08.2023","31,150","31,400","31,430","31,020","311,94K","-0,89%"
"02.08.2023","31,430","31,440","31,550","30,890","390,72K","-0,66%"
"01.08.2023","31,640","31,790","31,850","31,520","330,46K","-0,47%"
"31.07.2023","31,790","32,000","32,040","31,780","513,67K","-0,47%"
"28.07.2023","31,940","31,500","32,210","31,500","458,66K","0,31%"
"27.07.2023","31,840","31,250","32,020","31,200","585,09K","0,92%"
"26.07.2023","31,550","30,510","31,550","30,510","720,28K","3,17%"
"25.07.2023","30,580","30,390","30,580","30,290","271,65K","0,43%"
"24.07.2023","30,450","30,380","30,590","30,200","276,63K","-0,68%"
"21.07.2023","30,660","30,820","30,850","30,570","503,53K","-0,45%"
"20.07.2023","30,800","30,360","30,960","30,360","374,77K","1,65%"
"19.07.2023","30,300","29,800","30,420","29,800","330,17K","1,88%"
"18.07.2023","29,740","29,720","29,790","29,560","338,31K","0,34%"
"17.07.2023","29,640","29,650","29,820","29,530","409,57K","-0,40%"
"14.07.2023","29,760","29,980","30,120","29,760","1,21M","-0,73%"
"13.07.2023","29,980","29,650","30,140","29,650","392,80K","-0,60%"
"12.07.2023","30,160","30,160","30,260","30,010","286,21K","0,37%"
"11.07.2023","30,050","29,790","30,110","29,500","562,26K","1,49%"
"10.07.2023","29,610","29,280","29,650","29,250","386,83K","0,65%"
"07.07.2023","29,420","29,210","29,440","29,050","498,99K","0,65%"
"06.07.2023","29,230","29,610","29,670","29,130","625,04K","-1,95%"
"05.07.2023","29,810","30,090","30,090","29,720","651,83K","-1,03%"
"04.07.2023","30,120","30,350","30,350","29,980","536,13K","-0,45%"
"03.07.2023","30,257","30,638","30,638","30,257","681,16K","-1,24%"
"30.06.2023","30,638","30,286","30,695","29,971","706,45K","1,45%"
"29.06.2023","30,200","30,000","30,381","29,924","402,29K","0,86%"
"28.06.2023","29,943","29,848","30,029","29,771","471,68K","0,48%"
"27.06.2023","29,800","29,657","29,857","29,314","471,79K","0,84%"
"26.06.2023","29,552","29,486","29,714","29,181","433,47K","0,19%"
"23.06.2023","29,495","29,505","29,552","29,267","441,98K","-0,39%"
"22.06.2023","29,610","29,571","29,790","29,362","451,59K","-0,54%"
"21.06.2023","29,771","29,686","29,876","29,610","232,58K","0,48%"
"20.06.2023","29,629","29,600","29,714","29,533","398,90K","-0,06%"
"19.06.2023","29,648","30,000","30,010","29,543","503,09K","-1,58%"
"16.06.2023","30,124","29,838","30,229","29,762","1,35M","0,99%"
"15.06.2023","29,829","29,676","29,914","29,581","324,47K","-4,49%"
"14.06.2023","31,230","31,380","31,470","31,180","480,68K","-0,48%"
"13.06.2023","31,380","31,950","31,960","31,220","409,83K","-1,54%"
"12.06.2023","31,870","31,560","31,940","31,430","317,00K","1,24%"
"09.06.2023","31,480","31,340","31,510","31,170","285,35K","0,54%"
"08.06.2023","31,310","31,100","31,310","31,060","271,24K","0,48%"
"07.06.2023","31,160","31,100","31,420","31,010","389,86K","-0,29%"
"06.06.2023","31,250","31,350","31,390","30,980","242,12K","-0,48%"
"05.06.2023","31,400","31,490","31,700","31,290","394,30K","0,26%"
"02.06.2023","31,320","31,550","31,600","30,960","523,02K","-0,76%"
"01.06.2023","31,560","31,370","31,570","31,250","301,87K","1,41%"
"31.05.2023","31,120","31,070","31,410","30,870","3,49M","-0,48%"
"30.05.2023","31,270","31,350","31,630","31,120","328,26K","0,29%"
"29.05.2023","31,180","31,340","31,410","31,130","147,69K","0,23%"
"26.05.2023","31,110","31,110","31,220","30,740","241,59K","0,58%"
"25.05.2023","30,930","30,870","30,950","30,700","352,80K","0,36%"
"24.05.2023","30,820","30,920","30,960","30,670","472,90K","-0,87%"
"23.05.2023","31,090","31,460","31,460","31,050","263,71K","-1,27%"
"22.05.2023","31,490","31,370","31,750","31,320","368,73K","0,67%"
"19.05.2023","31,280","31,280","31,530","30,990","463,39K","0,19%"
"18.05.2023","31,220","31,050","31,430","31,050","312,52K","0,74%"
"17.05.2023","30,990","30,990","31,180","30,850","322,53K","0,16%"
"16.05.2023","30,940","30,790","31,040","30,730","330,81K","0,59%"
"15.05.2023","30,760","31,380","31,380","30,440","836,04K","-1,50%"
"12.05.2023","31,230","31,480","32,130","31,090","546,18K","-1,42%"
"11.05.2023","31,680","31,940","32,230","31,560","337,09K","-1,12%"
"10.05.2023","32,040","32,000","32,150","31,840","362,36K","0,16%"
"09.05.2023","31,990","31,820","31,990","31,550","466,29K","0,06%"
"08.05.2023","31,970","31,670","31,970","31,580","256,06K","0,66%"
"05.05.2023","31,760","31,430","31,760","31,290","271,51K","1,63%"
"04.05.2023","31,250","31,570","31,570","31,160","347,32K","-0,83%"
"03.05.2023","31,510","31,000","31,520","31,000","478,52K","1,45%"
"02.05.2023","31,060","31,280","31,380","30,880","414,93K","-0,45%"
"28.04.2023","31,200","31,180","31,330","30,800","697,28K","0,29%"
"27.04.2023","31,110","31,330","31,350","30,900","623,20K","-0,67%"
"26.04.2023","31,320","31,350","31,490","30,950","640,39K","-0,16%"
"25.04.2023","31,370","31,680","31,680","31,150","467,57K","-1,41%"
"24.04.2023","31,820","31,700","31,880","31,630","357,64K","0,25%"
"21.04.2023","31,740","31,380","31,740","31,190","550,85K","1,18%"
"20.04.2023","31,370","31,370","31,480","31,190","454,91K","-0,06%"
"19.04.2023","31,390","30,960","31,480","30,900","826,74K","1,00%"
"18.04.2023","31,080","30,850","31,110","30,760","522,69K","0,75%"
"17.04.2023","30,850","30,690","31,020","30,620","559,15K","0,49%"
"14.04.2023","30,700","30,200","30,720","30,050","622,54K","1,79%"
"13.04.2023","30,160","29,910","30,160","29,810","476,25K","0,80%"
"12.04.2023","29,920","29,290","29,950","29,290","428,42K","1,87%"
"11.04.2023","29,370","29,520","29,740","29,230","432,55K","-0,14%"
"06.04.2023","29,410","29,550","29,590","29,320","288,08K","-0,61%"
"05.04.2023","29,590","29,460","29,750","29,410","598,47K","0,27%"
"04.04.2023","29,510","29,500","29,670","29,330","408,35K","0,34%"
"03.04.2023","29,410","29,420","29,520","29,150","481,30K","0,20%"
"31.03.2023","29,350","29,190","29,490","29,180","673,52K","0,69%"
"30.03.2023","29,150","28,890","29,250","28,770","482,44K","1,50%"
"29.03.2023","28,720","28,270","28,750","28,160","384,93K","2,24%"
"28.03.2023","28,090","28,160","28,350","27,950","401,55K","0,11%"
"27.03.2023","28,060","28,310","28,390","28,020","421,27K","-0,07%"
"24.03.2023","28,080","28,400","28,730","27,760","986,42K","-3,14%"
"23.03.2023","28,990","28,990","29,050","28,680","351,47K","0,00%"
"22.03.2023","28,990","29,100","29,120","28,930","423,45K","-0,45%"
"21.03.2023","29,120","28,800","29,290","28,700","629,39K","1,93%"
"20.03.2023","28,570","27,990","28,590","27,500","547,87K","1,46%"
"17.03.2023","28,160","28,670","28,730","27,790","4,33M","-1,09%"
"16.03.2023","28,470","28,310","28,630","27,930","697,97K","1,57%"
"15.03.2023","28,030","28,800","28,900","28,030","843,64K","-2,37%"
"14.03.2023","28,710","28,000","28,890","28,000","871,80K","2,54%"
"13.03.2023","28,000","28,210","28,280","27,210","1,03M","-0,92%"
"10.03.2023","28,260","28,210","28,280","27,920","578,13K","-1,02%"
"09.03.2023","28,550","28,910","28,950","28,480","450,92K","-1,28%"
"08.03.2023","28,920","28,650","28,930","28,630","816,21K","0,70%"
"07.03.2023","28,720","28,700","28,860","28,600","548,16K","0,07%"
"06.03.2023","28,700","28,790","28,830","28,610","388,60K","-0,10%"
"03.03.2023","28,730","28,650","28,810","28,560","493,87K","0,56%"
"02.03.2023","28,570","28,880","28,890","28,540","666,03K","-1,07%"
"01.03.2023","28,880","28,630","28,980","28,460","861,07K","0,77%"
"28.02.2023","28,660","28,210","28,990","27,920","2,04M","1,99%"
"27.02.2023","28,100","28,030","28,220","27,980","362,56K","0,61%"
"24.02.2023","27,930","27,750","28,200","27,750","877,35K","0,61%"
"23.02.2023","27,760","26,720","27,760","26,570","1,05M","3,85%"
"22.02.2023","26,730","26,870","26,940","26,570","527,03K","-1,04%"
"21.02.2023","27,010","27,020","27,090","26,710","501,93K","-0,33%"
"20.02.2023","27,100","27,570","27,590","27,020","295,28K","-1,38%"
"17.02.2023","27,480","27,220","27,480","27,060","579,18K","0,51%"
"16.02.2023","27,340","27,500","27,540","27,190","322,01K","-0,29%"
"15.02.2023","27,420","27,450","27,540","27,330","712,07K","0,15%"
"14.02.2023","27,380","27,240","27,620","27,230","558,66K","1,00%"
"13.02.2023","27,110","27,160","27,190","26,950","719,93K","0,33%"
"10.02.2023","27,020","27,310","27,380","26,960","513,14K","-1,24%"
"09.02.2023","27,360","27,510","27,690","27,280","343,13K","0,15%"
"08.02.2023","27,320","27,360","27,530","27,240","464,39K","0,33%"
"07.02.2023","27,230","27,260","27,570","27,130","583,98K","-0,11%"
"06.02.2023","27,260","27,860","27,860","27,260","693,51K","-2,54%"
"03.02.2023","27,970","27,670","27,970","27,590","746,62K","0,76%"
"02.02.2023","27,760","27,380","27,920","27,360","690,70K","1,46%"
"01.02.2023","27,360","27,200","27,390","27,040","528,63K","0,81%"
"31.01.2023","27,140","27,030","27,140","26,860","775,66K","0,41%"
"30.01.2023","27,030","27,030","27,170","26,860","586,43K","-0,18%"
"27.01.2023","27,080","27,050","27,090","26,860","486,48K","0,11%"
"26.01.2023","27,050","27,070","27,180","26,910","387,29K","0,33%"
"25.01.2023","26,960","27,080","27,280","26,930","572,30K","-0,07%"
"24.01.2023","26,980","27,000","27,140","26,880","517,12K","0,07%"
"23.01.2023","26,960","27,390","27,390","26,840","1,10M","-2,25%"
"20.01.2023","27,580","27,660","27,710","27,500","509,27K","0,02%"
"19.01.2023","27,575","27,978","28,007","27,427","702,14K","-1,54%"
"18.01.2023","28,007","28,007","28,155","27,958","559,25K","0,21%"
"17.01.2023","27,948","27,978","28,115","27,840","431,71K","-0,14%"
"16.01.2023","27,987","27,919","28,135","27,879","342,73K","0,57%"
"13.01.2023","27,830","28,007","28,056","27,791","547,63K","-0,63%"
"12.01.2023","28,007","27,447","28,017","27,378","543,55K","1,79%"
"11.01.2023","27,516","27,811","27,968","27,496","489,98K","-0,82%"
"10.01.2023","27,742","27,879","27,879","27,545","360,14K","-0,63%"
"09.01.2023","27,919","27,506","27,987","27,427","578,96K","1,79%"
"06.01.2023","27,427","27,034","27,427","27,014","365,42K","1,60%"
"05.01.2023","26,995","26,788","27,014","26,739","374,16K","0,37%"
"04.01.2023","26,896","26,867","26,945","26,700","353,96K","0,51%"
"03.01.2023","26,759","26,739","26,955","26,542","399,81K","0,18%"
"02.01.2023","26,709","26,424","26,709","26,326","201,94K","1,49%"
"30.12.2022","26,316","26,483","26,631","26,257","472,02K","-0,82%"
"29.12.2022","26,533","26,424","26,582","26,287","415,72K","0,41%"
"28.12.2022","26,424","26,533","26,651","26,424","360,91K","-0,30%"
"27.12.2022","26,503","26,552","26,690","26,464","301,16K","0,07%"
"23.12.2022","26,483","26,326","26,513","26,247","335,37K","0,67%"
"22.12.2022","26,306","26,326","26,444","26,198","414,84K","0,19%"
"21.12.2022","26,257","25,903","26,287","25,766","481,66K","1,83%"
"20.12.2022","25,785","25,559","25,815","25,441","506,99K","0,38%"
"19.12.2022","25,687","25,726","25,933","25,658","651,41K","0,04%"
"16.12.2022","25,677","26,120","26,139","25,402","1,66M","-1,77%"
"15.12.2022","26,139","26,306","26,621","26,041","804,86K","-1,23%"
"14.12.2022","26,464","26,493","26,621","26,208","517,01K","-0,44%"
"13.12.2022","26,582","26,601","26,739","26,375","843,46K","-0,04%"
"12.12.2022","26,592","26,641","26,778","26,474","485,42K","-0,77%"
"09.12.2022","26,798","26,493","26,808","26,493","611,68K","1,15%"
"08.12.2022","26,493","26,719","26,798","26,474","396,60K","-0,96%"
"07.12.2022","26,749","26,719","26,827","26,592","388,32K","-0,07%"
"06.12.2022","26,768","26,660","26,896","26,552","459,73K","0,22%"
"05.12.2022","26,709","26,778","26,818","26,601","503,59K","-0,48%"
"02.12.2022","26,837","26,631","26,837","26,542","500,02K","0,52%"
"01.12.2022","26,700","26,641","27,014","26,306","729,95K","0,37%"
"30.11.2022","26,601","26,523","26,601","26,198","2,97M","0,86%"
"29.11.2022","26,375","26,002","26,533","25,962","638,92K","1,25%"
"28.11.2022","26,051","26,051","26,257","26,002","516,89K","-0,30%"
"25.11.2022","26,129","26,228","26,336","25,903","946,04K","-2,32%"
"24.11.2022","26,749","26,523","26,778","26,523","381,84K","0,89%"
"23.11.2022","26,513","26,444","26,690","26,316","463,13K","0,26%"
"22.11.2022","26,444","26,247","26,631","26,169","708,13K","1,13%"
"21.11.2022","26,149","25,736","26,267","25,717","549,52K","0,57%"
"18.11.2022","26,002","25,854","26,021","25,628","380,12K","1,42%"
"17.11.2022","25,638","25,844","25,943","25,432","507,77K","-0,50%"
"16.11.2022","25,766","26,129","26,159","25,549","677,45K","-1,09%"
"15.11.2022","26,051","25,756","26,100","25,648","860,41K","1,26%"
"14.11.2022","25,726","25,766","25,903","25,520","642,24K","-0,15%"
"11.11.2022","25,766","25,314","25,776","24,881","927,65K","-0,23%"
"10.11.2022","25,825","25,559","25,884","25,412","561,16K","0,92%"
"09.11.2022","25,589","25,422","25,638","25,382","451,38K","0,31%"
"08.11.2022","25,510","25,333","25,648","25,205","418,67K","0,27%"
"07.11.2022","25,441","25,382","25,520","25,087","573,85K","0,50%"
"04.11.2022","25,314","25,255","25,500","24,871","368,30K","0,70%"
"03.11.2022","25,137","25,314","25,471","24,969","403,61K","-1,31%"
"02.11.2022","25,471","25,559","25,776","25,264","1,21M","-0,15%"
"01.11.2022","25,510","25,766","25,844","25,284","438,37K","0,00%"
"31.10.2022","25,510","25,235","25,510","24,979","551,69K","1,25%"
"28.10.2022","25,196","24,920","25,274","24,635","416,63K","0,35%"
"27.10.2022","25,107","24,694","25,166","24,498","702,85K","1,27%"
"26.10.2022","24,793","24,281","24,881","24,272","970,53K","2,06%"
"25.10.2022","24,291","23,927","24,291","23,878","670,59K","1,81%"
"24.10.2022","23,859","23,524","23,996","23,524","736,56K","2,32%"
"21.10.2022","23,318","22,994","23,367","22,935","419,45K","0,51%"
"20.10.2022","23,200","23,446","23,515","23,131","516,13K","-1,01%"
"19.10.2022","23,436","23,357","23,554","23,249","457,27K","0,55%"
"18.10.2022","23,308","22,994","23,387","22,689","626,94K","2,42%"
"17.10.2022","22,758","22,325","22,954","22,305","548,25K","2,12%"
"14.10.2022","22,286","22,364","22,581","22,148","694,35K","0,89%"
"13.10.2022","22,089","21,794","22,099","21,647","545,27K","0,76%"
"12.10.2022","21,922","22,256","22,256","21,824","664,23K","-0,80%"
"11.10.2022","22,099","21,863","22,237","21,755","436,28K","0,54%"
"10.10.2022","21,981","22,217","22,256","21,696","664,41K","-1,89%"
"07.10.2022","22,404","22,551","22,748","22,394","405,17K","-1,04%"
"06.10.2022","22,640","23,161","23,229","22,541","504,81K","-1,62%"
"05.10.2022","23,013","23,072","23,151","22,817","367,17K","-1,18%"
"04.10.2022","23,288","22,856","23,406","22,817","735,32K","2,78%"
"03.10.2022","22,659","22,502","22,807","22,384","494,29K","-0,35%"
"30.09.2022","22,738","22,335","22,846","22,276","746,36K","2,30%"
"29.09.2022","22,227","22,148","22,355","21,834","956,22K","0,13%"
"28.09.2022","22,197","21,627","22,197","21,499","882,78K","1,80%"
"27.09.2022","21,804","21,765","21,981","21,568","797,94K","0,59%"
"26.09.2022","21,676","21,598","21,922","21,431","628,14K","-0,36%"
"23.09.2022","21,755","22,128","22,197","21,568","565,30K","-1,73%"
"22.09.2022","22,138","21,932","22,138","21,902","629,12K","-0,44%"
"21.09.2022","22,237","21,922","22,286","21,863","540,84K","1,25%"
"20.09.2022","21,961","22,512","22,708","21,932","516,65K","-2,15%"
"19.09.2022","22,443","22,433","22,522","22,109","6,15M","-0,39%"
"16.09.2022","22,532","22,718","22,718","22,384","1,40M","-1,59%"
"15.09.2022","22,895","22,561","22,944","22,551","500,06K","1,30%"
"14.09.2022","22,600","22,610","22,915","22,532","532,45K","-0,22%"
"13.09.2022","22,649","23,112","23,210","22,551","531,70K","-2,00%"
"12.09.2022","23,112","22,807","23,269","22,748","430,73K","2,17%"
"09.09.2022","22,620","22,217","22,699","22,217","390,94K","2,04%"
"08.09.2022","22,168","22,394","22,433","21,942","415,82K","-0,31%"
"07.09.2022","22,237","21,814","22,345","21,804","464,22K","1,03%"
"06.09.2022","22,011","21,942","22,217","21,883","374,34K","-0,13%"
"05.09.2022","22,040","21,745","22,099","21,706","337,45K","-0,88%"
"02.09.2022","22,237","22,197","22,335","21,912","411,75K","1,03%"
"01.09.2022","22,011","21,607","22,020","21,578","601,96K","0,81%"
"31.08.2022","21,834","21,873","21,981","21,568","1,09M","-0,31%"
"30.08.2022","21,902","22,069","22,315","21,883","545,17K","-0,27%"
"29.08.2022","21,961","21,843","22,060","21,578","572,80K","-0,36%"
"26.08.2022","22,040","22,453","22,610","21,971","501,82K","-1,19%"
"25.08.2022","22,305","22,620","22,689","22,305","388,95K","-0,83%"
"24.08.2022","22,492","22,640","22,659","22,286","468,44K","-0,87%"
"23.08.2022","22,689","22,600","22,817","22,512","392,18K","0,13%"
"22.08.2022","22,659","23,288","23,347","22,453","853,99K","-3,48%"
"19.08.2022","23,475","23,623","23,642","23,357","371,93K","-0,83%"
"18.08.2022","23,672","23,633","23,809","23,544","251,24K","0,00%"
"17.08.2022","23,672","24,045","24,104","23,495","540,50K","-1,71%"
"16.08.2022","24,085","23,751","24,085","23,721","399,11K","1,53%"
"15.08.2022","23,721","23,701","23,760","23,593","242,11K","0,63%"
"12.08.2022","23,574","23,544","23,741","23,534","442,03K","0,25%"
"11.08.2022","23,515","23,652","23,829","23,515","511,53K","-0,25%"
"10.08.2022","23,574","23,397","23,583","23,288","396,54K","0,29%"
"09.08.2022","23,505","23,131","23,642","23,013","598,42K","1,87%"
"08.08.2022","23,072","22,954","23,229","22,905","374,17K","1,43%"
"05.08.2022","22,748","22,718","22,954","22,649","476,40K","-0,34%"
"04.08.2022","22,826","22,797","22,885","22,708","453,13K","-0,04%"
"03.08.2022","22,836","22,640","23,013","22,640","481,19K","0,61%"
"02.08.2022","22,699","22,305","22,777","22,286","526,15K","1,32%"
"01.08.2022","22,404","23,013","23,062","22,404","677,51K","-2,65%"
"29.07.2022","23,013","22,591","23,190","22,453","14,81M","3,63%"
"28.07.2022","22,207","22,492","22,492","22,148","516,65K","-0,83%"
"27.07.2022","22,394","22,187","22,414","22,119","461,41K","1,20%"
"26.07.2022","22,128","22,187","22,217","21,883","420,96K","-0,04%"
"25.07.2022","22,138","21,804","22,178","21,794","396,52K","1,35%"
"22.07.2022","21,843","21,391","21,843","21,391","356,83K","2,02%"
"21.07.2022","21,411","21,332","21,627","21,175","883,83K","0,00%"
"20.07.2022","21,411","21,794","21,853","21,352","1,16M","-1,09%"
"19.07.2022","21,647","21,293","21,863","21,283","1,29M","1,15%"
"18.07.2022","21,401","21,480","21,509","21,303","391,39K","0,74%"
"15.07.2022","21,244","20,762","21,322","20,762","626,75K","2,56%"
"14.07.2022","20,713","20,880","20,939","20,497","686,26K","-0,99%"
"13.07.2022","20,919","21,136","21,155","20,811","590,58K","-1,85%"
"12.07.2022","21,313","21,008","21,401","21,008","535,11K","0,88%"
"11.07.2022","21,126","21,116","21,254","21,018","723,59K","-0,92%"
"08.07.2022","21,322","20,968","21,480","20,841","690,08K","1,78%"
"07.07.2022","20,949","20,418","20,949","20,339","843,25K","2,50%"
"06.07.2022","20,438","20,644","20,782","20,418","911,07K","-0,53%"
"05.07.2022","20,546","21,440","21,470","20,506","1,18M","-4,00%"
"04.07.2022","21,401","21,421","21,470","21,214","547,87K","0,83%"
"01.07.2022","21,224","21,352","21,411","21,096","973,99K","-0,44%"
"30.06.2022","21,317","21,612","21,658","20,957","1,19M","-1,57%"
"29.06.2022","21,658","21,704","21,944","21,621","676,64K","-1,34%"
"28.06.2022","21,953","21,778","22,137","21,778","603,07K","1,49%"
"27.06.2022","21,630","21,962","22,109","21,409","887,94K","-1,39%"
"24.06.2022","21,934","21,741","21,999","21,603","550,00K","1,23%"
"23.06.2022","21,667","21,741","21,907","21,492","566,51K","-0,89%"
"22.06.2022","21,861","22,192","22,248","21,510","951,27K","-2,10%"
"21.06.2022","22,331","22,764","22,801","22,331","713,17K","-1,06%"
"20.06.2022","22,570","22,782","22,810","22,358","548,18K","0,00%"
"17.06.2022","22,570","22,165","22,884","22,091","2,35M","2,13%"
"16.06.2022","22,100","22,119","22,367","22,054","493,00K","-0,50%"
"15.06.2022","22,211","22,450","22,616","22,146","867,83K","0,33%"
"14.06.2022","22,137","22,487","22,598","22,063","1,13M","-1,36%"
"13.06.2022","22,441","22,967","23,040","22,321","823,39K","-3,83%"
"10.06.2022","23,335","23,501","23,768","23,077","791,13K","-1,25%"
"09.06.2022","23,630","24,469","24,524","23,280","1,58M","-4,36%"
"08.06.2022","24,708","24,699","24,828","24,358","532,21K","-0,33%"
"07.06.2022","24,791","24,570","24,810","24,570","585,50K","0,19%"
"06.06.2022","24,745","24,653","24,773","24,570","339,30K","1,21%"
"03.06.2022","24,450","24,570","24,681","24,377","315,64K","0,30%"
"02.06.2022","24,377","24,312","24,570","24,201","403,21K","0,46%"
"01.06.2022","24,266","24,736","24,736","24,165","490,28K","-0,27%"
"31.05.2022","24,331","24,533","24,791","24,331","2,05M","-1,09%"
"30.05.2022","24,598","24,515","24,754","24,469","508,03K","0,34%"
"27.05.2022","24,515","24,238","24,635","24,229","768,80K","1,14%"
"26.05.2022","24,238","23,916","24,312","23,842","769,53K","1,70%"
"25.05.2022","23,833","23,584","23,860","23,584","535,44K","0,27%"
"24.05.2022","23,768","23,519","23,768","23,344","460,82K","0,27%"
"23.05.2022","23,704","23,741","23,796","23,464","543,10K","1,14%"
"20.05.2022","23,437","23,483","23,814","23,344","676,49K","1,07%"
"19.05.2022","23,188","23,390","23,455","23,022","709,13K","-1,33%"
"18.05.2022","23,501","23,160","23,713","23,160","927,97K","1,63%"
"17.05.2022","23,123","22,718","23,206","22,718","649,17K","2,03%"
"16.05.2022","22,662","22,441","22,893","22,395","557,80K","1,15%"
"13.05.2022","22,404","22,257","22,487","22,119","744,72K","-0,33%"
"12.05.2022","22,478","22,266","22,718","22,229","670,05K","-0,89%"
"11.05.2022","22,681","22,082","22,681","22,073","546,08K","2,97%"
"10.05.2022","22,026","22,119","22,404","21,916","715,82K","1,10%"
"09.05.2022","21,787","22,156","22,460","21,787","788,98K","-2,39%"
"06.05.2022","22,321","22,524","22,570","22,238","689,30K","-0,74%"
"05.05.2022","22,487","22,948","23,031","22,487","850,11K","-0,08%"
"04.05.2022","22,506","22,819","22,920","22,497","402,36K","-1,13%"
"03.05.2022","22,764","22,469","22,838","22,395","598,73K","2,02%"
"02.05.2022","22,312","22,533","22,635","21,197","726,43K","-1,55%"
"29.04.2022","22,662","23,022","23,040","22,644","917,83K","-1,05%"
"28.04.2022","22,902","22,920","23,252","22,644","1,12M","0,77%"
"27.04.2022","22,727","22,626","23,013","22,340","986,25K","0,08%"
"26.04.2022","22,708","22,607","23,123","22,607","900,18K","1,15%"
"25.04.2022","22,450","22,294","22,644","22,192","675,78K","-0,81%"
"22.04.2022","22,635","22,764","22,967","22,635","2,63M","-1,64%"
"21.04.2022","23,013","23,003","23,178","22,911","1,17M","0,20%"
"20.04.2022","22,967","22,911","23,031","22,801","524,48K","0,73%"
"19.04.2022","22,801","22,902","23,013","22,773","669,95K","-0,68%"
"14.04.2022","22,957","22,985","23,132","22,782","579,29K","0,52%"
"13.04.2022","22,838","22,607","22,994","22,570","593,47K","0,81%"
"12.04.2022","22,653","22,294","22,755","22,165","569,72K","0,37%"
"11.04.2022","22,570","22,183","22,616","22,165","708,11K","1,74%"
"08.04.2022","22,183","21,971","22,248","21,870","762,40K","2,21%"
"07.04.2022","21,704","21,575","22,183","21,575","1,03M","0,38%"
"06.04.2022","21,621","22,432","22,616","21,547","1,36M","-3,81%"
"05.04.2022","22,478","22,469","22,561","22,183","954,05K","0,62%"
"04.04.2022","22,340","22,782","22,828","22,248","820,30K","-1,42%"
"01.04.2022","22,662","22,579","22,847","22,414","513,89K","0,37%"
"31.03.2022","22,579","22,838","22,957","22,478","803,55K","-0,77%"
"30.03.2022","22,755","22,810","23,123","22,616","776,13K","-0,96%"
"29.03.2022","22,976","22,976","23,132","22,810","954,78K","0,93%"
"28.03.2022","22,764","22,755","23,031","22,699","657,62K","0,32%"
"25.03.2022","22,690","22,847","22,847","22,543","470,95K","0,16%"
"24.03.2022","22,653","22,561","22,847","22,543","662,00K","0,82%"
"23.03.2022","22,469","22,662","22,976","22,469","715,21K","-1,18%"
"22.03.2022","22,736","22,441","22,736","22,312","734,41K","2,20%"
"21.03.2022","22,248","22,119","22,469","22,017","1,27M","0,17%"
"18.03.2022","22,211","22,801","22,810","22,211","6,08M","-2,19%"
"17.03.2022","22,708","22,598","22,764","22,414","1,07M","0,98%"
"16.03.2022","22,487","22,395","22,736","22,303","1,59M","1,75%"
"15.03.2022","22,100","21,842","22,294","21,695","1,25M","0,29%"
"14.03.2022","22,036","21,824","22,183","21,759","1,50M","2,44%"
"11.03.2022","21,510","21,077","21,861","21,068","1,26M","2,59%"
"10.03.2022","20,967","20,930","21,234","20,718","997,23K","0,18%"
"09.03.2022","20,930","20,598","21,188","20,451","1,54M","4,61%"
"08.03.2022","20,008","19,087","20,395","18,893","1,47M","4,37%"
"07.03.2022","19,169","19,133","19,520","18,289","1,86M","-2,21%"
"04.03.2022","19,603","20,073","20,156","19,575","1,65M","-3,32%"
"03.03.2022","20,275","20,570","20,801","20,091","1,38M","-1,65%"
"02.03.2022","20,616","19,649","20,773","19,492","1,76M","4,14%"
"01.03.2022","19,796","20,027","20,358","19,704","1,40M","-1,56%"
"28.02.2022","20,110","19,621","20,110","19,446","2,79M","-0,09%"
"25.02.2022","20,128","20,091","20,368","19,206","1,65M","3,26%"
"24.02.2022","19,492","19,225","19,971","19,031","2,21M","-3,95%"
"23.02.2022","20,294","20,091","20,616","19,898","1,17M","1,24%"
"22.02.2022","20,045","19,667","20,248","19,381","1,32M","-0,91%"
"21.02.2022","20,229","20,653","20,810","20,165","782,54K","-1,66%"
"18.02.2022","20,570","20,663","20,976","20,451","930,33K","-0,49%"
"17.02.2022","20,672","20,847","20,985","20,580","664,68K","-0,44%"
"16.02.2022","20,764","20,672","20,930","20,598","618,34K","1,08%"
"15.02.2022","20,543","20,091","20,589","20,036","756,52K","1,50%"
"14.02.2022","20,239","20,322","20,404","19,851","1,35M","-2,83%"
"11.02.2022","20,828","20,736","20,847","20,570","756,30K","-0,48%"
"10.02.2022","20,930","21,031","21,225","20,755","1,10M","-0,61%"
"09.02.2022","21,059","20,709","21,096","20,653","756,19K","2,60%"
"08.02.2022","20,524","20,368","20,672","20,340","1,74M","0,95%"
"07.02.2022","20,331","20,819","20,874","20,331","1,31M","-1,56%"
"04.02.2022","20,653","21,151","21,179","20,524","725,14K","-1,49%"
"03.02.2022","20,967","20,801","21,133","20,663","4,36M","1,47%"
"02.02.2022","20,663","20,838","20,911","20,663","904,17K","-0,58%"
"01.02.2022","20,782","20,690","20,856","20,598","4,21M","1,17%"
"31.01.2022","20,543","20,764","20,792","20,469","856,17K","0,18%"
"28.01.2022","20,506","20,874","20,939","20,358","1,06M","-2,11%"
"27.01.2022","20,948","20,773","21,151","20,672","1,98M","-0,48%"
"26.01.2022","21,050","20,865","21,354","20,838","692,16K","1,56%"
"25.01.2022","20,727","20,957","21,013","20,515","986,86K","0,04%"
"24.01.2022","20,718","21,169","21,243","20,441","1,45M","-2,73%"
"21.01.2022","21,298","21,013","21,298","20,911","1,12M","0,17%"
"20.01.2022","21,262","21,050","21,455","21,050","854,53K","1,01%"
"19.01.2022","21,050","21,676","21,695","20,663","2,08M","-3,63%"
"18.01.2022","21,842","22,036","22,100","21,768","903,94K","-1,54%"
"17.01.2022","22,183","22,285","22,331","22,109","601,86K","0,33%"
"14.01.2022","22,109","22,285","22,285","21,971","948,96K","-0,69%"
"13.01.2022","22,263","22,471","22,471","22,263","1,12M","-0,73%"
"12.01.2022","22,426","22,471","22,525","22,164","1,07M","0,40%"
"11.01.2022","22,335","22,019","22,335","21,920","1,05M","2,23%"
"10.01.2022","21,848","21,558","22,218","21,531","3,67M","1,90%"
"07.01.2022","21,441","21,586","21,586","21,251","6,84M","-0,46%"
"06.01.2022","21,540","21,233","21,667","21,062","960,93K","-0,13%"
"05.01.2022","21,567","21,531","21,676","21,459","752,20K","0,17%"
"04.01.2022","21,531","21,577","21,766","21,513","978,43K","0,80%"
"03.01.2022","21,360","21,324","21,522","21,206","1,79M","0,30%"
"30.12.2021","21,296","20,980","21,305","20,980","707,67K","1,07%"
"29.12.2021","21,071","20,980","21,134","20,899","551,35K","0,60%"
"28.12.2021","20,944","20,881","21,116","20,872","459,26K","0,30%"
"27.12.2021","20,881","20,628","20,953","20,619","589,29K","0,52%"
"23.12.2021","20,772","20,420","20,827","20,420","689,73K","2,31%"
"22.12.2021","20,303","19,941","20,420","19,905","844,81K","1,54%"
"21.12.2021","19,995","19,724","20,068","19,670","705,53K","2,64%"
"20.12.2021","19,480","19,047","19,553","18,595","1,63M","-0,87%"
"17.12.2021","19,652","19,363","19,769","19,336","1,31M","0,65%"
"16.12.2021","19,525","19,363","19,607","19,336","710,52K","2,27%"
"15.12.2021","19,092","19,209","19,309","19,047","638,27K","-0,80%"
"14.12.2021","19,245","19,191","19,336","19,155","676,21K","0,61%"
"13.12.2021","19,128","19,417","19,580","19,119","721,38K","-1,26%"
"10.12.2021","19,372","19,291","19,516","19,245","546,78K","0,14%"
"09.12.2021","19,345","19,625","19,670","19,300","696,69K","-1,38%"
"08.12.2021","19,616","19,833","19,923","19,345","1,80M","-1,41%"
"07.12.2021","19,896","20,004","20,185","19,896","960,60K","0,87%"
"06.12.2021","19,724","19,471","19,833","19,300","548,91K","2,25%"
"03.12.2021","19,291","19,553","19,688","19,209","948,14K","-0,65%"
"02.12.2021","19,417","19,218","19,489","19,101","711,38K","-0,74%"
"01.12.2021","19,562","19,282","19,842","19,236","884,67K","2,07%"
"30.11.2021","19,164","19,245","19,498","18,992","1,77M","-1,53%"
"29.11.2021","19,462","19,191","19,507","19,001","1,22M","2,47%"
"26.11.2021","18,992","19,688","19,688","18,956","1,83M","-6,16%"
"25.11.2021","20,239","20,149","20,312","19,950","696,09K","0,40%"
"24.11.2021","20,158","20,167","20,293","19,959","685,15K","0,18%"
"23.11.2021","20,122","19,607","20,221","19,435","782,66K","1,78%"
"22.11.2021","19,769","19,760","19,932","19,327","1,11M","0,69%"
"19.11.2021","19,634","20,339","20,411","19,580","1,42M","-3,21%"
"18.11.2021","20,284","20,691","20,691","20,239","721,82K","-1,75%"
"17.11.2021","20,646","20,872","20,953","20,583","1,79M","-1,17%"
"16.11.2021","20,890","21,179","21,242","20,890","636,58K","-1,45%"
"15.11.2021","21,197","20,881","21,269","20,827","755,64K","1,21%"
"12.11.2021","20,944","21,333","21,333","20,556","614,94K","0,48%"
"11.11.2021","20,845","21,080","21,324","20,809","1,30M","-1,24%"
"10.11.2021","21,107","20,962","21,278","20,962","621,67K","0,65%"
"09.11.2021","20,971","20,908","21,197","20,908","628,13K","0,39%"
"08.11.2021","20,890","21,025","21,116","20,736","898,55K","-0,82%"
"05.11.2021","21,062","20,077","21,098","20,013","1,21M","4,72%"
"04.11.2021","20,113","20,483","20,700","20,113","2,74M","-1,02%"
"03.11.2021","20,321","20,510","20,628","20,194","735,72K","-1,01%"
"02.11.2021","20,528","20,781","20,809","20,528","637,54K","-1,30%"
"01.11.2021","20,799","20,646","20,962","20,601","621,15K","1,72%"
"29.10.2021","20,447","20,537","20,556","20,339","669,87K","0,00%"
"28.10.2021","20,447","20,483","20,565","20,194","2,32M","-0,31%"
"27.10.2021","20,510","20,809","20,998","20,474","725,83K","-1,26%"
"26.10.2021","20,772","20,809","20,944","20,673","1,16M","0,83%"
"25.10.2021","20,601","20,772","20,781","20,375","935,83K","-1,13%"
"22.10.2021","20,836","20,944","21,062","20,727","734,47K","0,04%"
"21.10.2021","20,827","20,700","21,043","20,565","1,05M","0,22%"
"20.10.2021","20,781","20,402","20,790","20,348","1,33M","1,77%"
"19.10.2021","20,420","20,303","20,492","20,239","613,62K","0,85%"
"18.10.2021","20,248","20,537","20,592","20,185","762,70K","-1,41%"
"15.10.2021","20,537","20,330","20,574","20,230","1,12M","1,97%"
"14.10.2021","20,140","20,348","20,456","20,077","1,49M","-0,04%"
"13.10.2021","20,149","20,275","20,275","20,077","638,96K","-0,67%"
"12.10.2021","20,284","20,221","20,348","20,113","2,02M","-0,31%"
"11.10.2021","20,348","20,483","20,601","20,275","1,31M","-1,05%"
"08.10.2021","20,565","20,519","20,646","20,438","660,07K","0,13%"
"07.10.2021","20,537","20,393","20,682","20,330","741,57K","1,43%"
"06.10.2021","20,248","20,429","20,447","19,950","1,15M","-1,84%"
"05.10.2021","20,628","20,962","20,962","20,393","1,28M","-1,38%"
"04.10.2021","20,917","21,007","21,188","20,917","966,93K","-0,39%"
"01.10.2021","20,998","20,872","21,170","20,673","1,03M","-0,90%"
"30.09.2021","21,188","21,577","21,667","21,107","1,05M","-0,72%"
"29.09.2021","21,342","21,233","21,486","21,143","965,80K","0,55%"
"28.09.2021","21,224","21,640","21,974","21,179","1,92M","-1,96%"
"27.09.2021","21,649","21,405","21,929","21,342","1,01M","2,22%"
"24.09.2021","21,179","21,143","21,333","21,143","840,60K","-0,09%"
"23.09.2021","21,197","21,188","21,387","21,107","498,95K","0,60%"
"22.09.2021","21,071","20,664","21,224","20,664","634,81K","2,78%"
"21.09.2021","20,501","20,438","20,872","20,402","655,00K","0,75%"
"20.09.2021","20,348","20,393","20,429","19,833","1,30M","-1,23%"
"17.09.2021","20,601","21,025","21,071","20,601","1,56M","-1,43%"
"16.09.2021","20,899","20,718","21,080","20,718","1,05M","1,14%"
"15.09.2021","20,664","21,089","21,134","20,637","631,99K","-2,06%"
"14.09.2021","21,098","21,224","21,387","20,980","540,79K","-0,21%"
"13.09.2021","21,143","20,501","21,260","20,483","687,60K","4,00%"
"10.09.2021","20,330","20,700","20,763","20,158","847,32K","-1,79%"
"09.09.2021","20,700","20,998","20,998","20,574","680,86K","-1,88%"
"08.09.2021","21,098","21,016","21,351","20,881","654,40K","-0,21%"
"07.09.2021","21,143","21,071","21,197","20,989","813,32K","0,52%"
"06.09.2021","21,034","21,089","21,233","20,989","335,06K","0,04%"
"03.09.2021","21,025","21,170","21,405","21,007","606,09K","-0,81%"
"02.09.2021","21,197","21,188","21,360","21,143","508,29K","-0,21%"
"01.09.2021","21,242","20,763","21,378","20,763","584,43K","2,84%"
"31.08.2021","20,655","20,646","20,836","20,510","994,21K","0,04%"
"30.08.2021","20,646","20,854","20,926","20,646","413,11K","-0,78%"
"27.08.2021","20,809","20,827","20,827","20,519","482,67K","0,13%"
"26.08.2021","20,781","20,691","20,944","20,646","1,31M","0,00%"
"25.08.2021","20,781","20,809","20,890","20,691","523,61K","0,22%"
"24.08.2021","20,736","20,781","20,836","20,601","400,58K","0,61%"
"23.08.2021","20,610","20,510","20,827","20,510","420,33K","0,62%"
"20.08.2021","20,483","20,528","20,592","20,348","510,79K","-0,35%"
"19.08.2021","20,556","20,583","20,836","20,239","765,21K","-2,02%"
"18.08.2021","20,980","20,727","21,089","20,691","412,86K","1,13%"
"17.08.2021","20,745","20,646","20,854","20,510","546,16K","-0,35%"
"16.08.2021","20,818","21,025","21,125","20,646","553,05K","-1,87%"
"13.08.2021","21,215","21,134","21,324","21,080","369,38K","1,03%"
"12.08.2021","20,998","20,899","21,143","20,899","371,95K","0,48%"
"11.08.2021","20,899","20,691","20,953","20,664","426,07K","1,63%"
"10.08.2021","20,565","20,501","20,646","20,384","421,80K","0,26%"
"09.08.2021","20,510","20,655","20,718","20,465","387,21K","-0,57%"
"06.08.2021","20,628","20,709","20,709","20,312","502,41K","-0,13%"
"05.08.2021","20,655","20,321","20,664","20,194","480,51K","1,60%"
"04.08.2021","20,330","20,601","20,601","20,248","332,62K","-0,27%"
"03.08.2021","20,384","20,474","20,510","20,239","438,37K","-0,13%"
"02.08.2021","20,411","20,330","20,655","20,212","615,16K","1,94%"
"30.07.2021","20,022","20,230","20,348","19,914","997,70K","-1,60%"
"29.07.2021","20,348","20,528","20,772","20,185","1,35M","-0,44%"
"28.07.2021","20,438","20,041","20,727","19,932","1,13M","2,49%"
"27.07.2021","19,941","19,941","20,086","19,562","1,29M","-0,36%"
"26.07.2021","20,013","19,833","20,086","19,715","1,11M","0,59%"
"23.07.2021","19,896","19,878","20,113","19,778","1,01M","0,73%"
"22.07.2021","19,751","19,733","20,122","19,724","744,18K","0,88%"
"21.07.2021","19,580","19,056","19,742","18,974","827,44K","3,68%"
"20.07.2021","18,884","19,245","19,282","18,631","607,03K","0,43%"
"19.07.2021","18,803","19,318","19,318","18,568","1,06M","-3,25%"
"16.07.2021","19,435","19,607","19,815","19,191","677,15K","-0,32%"
"15.07.2021","19,498","19,896","19,896","19,390","630,34K","-2,44%"
"14.07.2021","19,986","20,031","20,185","19,833","549,16K","-0,63%"
"13.07.2021","20,113","20,330","20,348","20,059","781,41K","-0,80%"
"12.07.2021","20,275","20,113","20,321","19,806","553,70K","1,45%"
"09.07.2021","19,986","19,715","20,086","19,625","687,36K","2,08%"
"08.07.2021","19,580","20,104","20,149","19,453","1,18M","-2,91%"
"07.07.2021","20,167","20,781","20,908","20,167","1,18M","-2,32%"
"06.07.2021","20,646","20,980","21,116","20,610","695,42K","-1,72%"
"05.07.2021","21,007","21,016","21,080","20,727","455,92K","0,13%"
"02.07.2021","20,980","20,872","21,260","20,818","774,31K","0,87%"
"01.07.2021","20,799","20,556","20,863","20,483","792,60K","1,90%"
"30.06.2021","20,411","20,402","20,546","20,113","958,12K","0,13%"
"29.06.2021","20,384","20,248","20,510","20,122","950,89K","1,08%"
"28.06.2021","20,167","20,601","20,781","20,167","1,09M","-2,06%"
"25.06.2021","20,592","20,655","20,809","20,492","1,24M","0,57%"
"24.06.2021","20,474","20,673","20,772","20,438","1,07M","0,27%"
"23.06.2021","20,420","20,781","20,790","20,420","915,59K","-1,48%"
"22.06.2021","20,727","21,125","21,125","20,655","1,08M","-3,22%"
"21.06.2021","21,418","21,523","21,884","21,286","1,05M","-0,25%"
"18.06.2021","21,471","21,814","21,814","21,216","2,06M","-1,21%"
"17.06.2021","21,735","22,175","22,307","21,735","1,41M","-2,06%"
"16.06.2021","22,192","22,597","22,641","22,175","815,31K","-1,25%"
"15.06.2021","22,474","22,641","22,694","22,421","8,71M","-0,12%"
"14.06.2021","22,500","22,483","22,729","22,439","1,64M","0,59%"
"11.06.2021","22,368","22,007","22,377","22,007","3,01M","1,64%"
"10.06.2021","22,007","22,333","22,359","21,999","1,07M","-1,07%"
"09.06.2021","22,245","22,307","22,430","22,210","832,14K","-0,12%"
"08.06.2021","22,271","22,280","22,359","22,095","669,24K","0,28%"
"07.06.2021","22,210","22,175","22,368","22,025","582,81K","0,40%"
"04.06.2021","22,122","22,791","22,791","22,104","914,10K","-2,06%"
"03.06.2021","22,588","22,623","22,632","22,307","523,33K","-0,16%"
"02.06.2021","22,623","22,659","22,843","22,465","499,45K","0,00%"
"01.06.2021","22,623","22,518","22,755","22,219","551,20K","0,82%"
"31.05.2021","22,439","22,359","22,755","22,342","432,99K","0,79%"
"28.05.2021","22,263","22,351","22,615","22,263","625,94K","0,28%"
"27.05.2021","22,201","22,298","22,509","22,104","1,99M","-0,47%"
"26.05.2021","22,307","22,606","22,703","22,307","636,14K","-0,71%"
"25.05.2021","22,465","22,923","22,958","22,465","729,95K","-1,54%"
"24.05.2021","22,817","22,879","22,949","22,738","343,82K","0,23%"
"21.05.2021","22,764","22,861","22,949","22,579","555,13K","-0,27%"
"20.05.2021","22,826","22,659","22,843","22,351","618,55K","1,09%"
"19.05.2021","22,579","23,099","23,116","22,456","1,03M","-2,80%"
"18.05.2021","23,231","23,512","23,512","23,160","586,75K","-0,75%"
"17.05.2021","23,407","23,583","24,005","23,398","507,94K","-0,11%"
"14.05.2021","23,433","23,407","23,820","22,984","1,47M","-1,22%"
"13.05.2021","23,723","24,014","24,014","23,389","845,09K","-2,53%"
"12.05.2021","24,339","24,225","24,366","24,049","560,08K","0,47%"
"11.05.2021","24,225","24,656","24,718","24,102","518,80K","-2,89%"
"10.05.2021","24,946","25,096","25,096","24,832","441,08K","-0,07%"
"07.05.2021","24,964","25,070","25,140","24,735","320,96K","0,18%"
"06.05.2021","24,920","24,594","24,920","24,568","540,14K","1,22%"
"05.05.2021","24,621","24,295","24,621","24,093","527,06K","2,75%"
"04.05.2021","23,961","23,882","24,797","23,882","645,11K","0,48%"
"03.05.2021","23,847","23,759","23,979","23,671","451,26K","-0,11%"
"30.04.2021","23,873","23,759","24,348","23,697","653,75K","0,22%"
"29.04.2021","23,820","24,058","24,172","23,697","980,22K","-0,62%"
"28.04.2021","23,970","24,199","24,199","23,943","467,72K","-0,73%"
"27.04.2021","24,146","24,023","24,163","23,741","542,57K","0,29%"
"26.04.2021","24,075","23,715","24,190","23,715","1,65M","1,18%"
"23.04.2021","23,794","23,820","24,014","23,609","1,03M","-0,62%"
"22.04.2021","23,943","23,935","24,199","23,794","861,36K","0,48%"
"21.04.2021","23,829","24,084","24,287","23,785","556,61K","-0,51%"
"20.04.2021","23,952","24,929","24,929","23,935","930,53K","-4,15%"
"19.04.2021","24,990","24,718","25,254","24,682","808,51K","1,21%"
"16.04.2021","24,691","24,304","24,718","24,163","1,73M","1,34%"
"15.04.2021","24,366","24,542","24,542","24,260","487,54K","-0,57%"
"14.04.2021","24,507","24,287","24,515","23,996","507,64K","1,05%"
"13.04.2021","24,251","24,313","24,638","23,820","873,83K","-0,33%"
"12.04.2021","24,331","24,463","24,498","24,172","452,77K","0,14%"
"09.04.2021","24,295","24,594","24,621","24,216","865,42K","-0,79%"
"08.04.2021","24,489","24,858","24,858","24,163","846,68K","-0,68%"
"07.04.2021","24,656","24,656","25,017","24,568","666,02K","0,36%"
"06.04.2021","24,568","25,131","25,158","24,542","640,87K","-1,06%"
"01.04.2021","24,832","24,999","25,087","24,410","1,09M","-0,14%"
"31.03.2021","24,867","24,383","25,008","24,331","1,64M","2,10%"
"30.03.2021","24,357","24,093","24,797","24,093","988,14K","2,67%"
"29.03.2021","23,723","23,539","23,908","23,433","525,64K","1,09%"
"26.03.2021","23,468","23,327","23,732","23,151","702,43K","1,33%"
"25.03.2021","23,160","23,143","23,187","22,623","545,70K","0,11%"
"24.03.2021","23,134","22,843","23,213","22,571","1,79M","1,12%"
"23.03.2021","22,879","23,239","23,354","22,738","867,09K","-1,89%"
"22.03.2021","23,319","23,785","23,785","23,125","1,47M","-2,21%"
"19.03.2021","23,847","24,216","24,216","23,671","1,20M","-2,34%"
"18.03.2021","24,419","24,234","24,445","23,935","2,45M","1,50%"
"17.03.2021","24,058","24,383","24,401","23,899","751,58K","-1,37%"
"16.03.2021","24,392","24,445","24,612","24,102","704,48K","0,47%"
"15.03.2021","24,278","23,917","24,726","23,908","1,36M","2,03%"
"12.03.2021","23,794","23,574","23,899","23,539","782,48K","0,82%"
"11.03.2021","23,600","23,864","23,987","23,459","735,80K","-1,58%"
"10.03.2021","23,979","23,671","24,084","23,565","716,38K","0,74%"
"09.03.2021","23,803","23,407","23,987","23,327","1,08M","2,23%"
"08.03.2021","23,283","23,336","23,477","22,905","707,75K","1,42%"
"05.03.2021","22,958","22,993","23,336","22,905","712,10K","-1,10%"
"04.03.2021","23,213","22,535","23,213","22,491","742,82K","2,17%"
"03.03.2021","22,720","23,336","23,415","22,571","1,10M","-2,38%"
"02.03.2021","23,275","23,407","23,688","23,231","655,70K","-0,04%"
"01.03.2021","23,283","22,518","23,433","22,500","1,13M","4,42%"
"26.02.2021","22,298","22,175","22,307","21,752","4,14M","-1,40%"
"25.02.2021","22,615","22,879","23,019","22,509","753,04K","-0,54%"
"24.02.2021","22,738","22,940","23,169","22,650","766,97K","-1,00%"
"23.02.2021","22,967","22,368","22,967","22,201","1,03M","2,68%"
"22.02.2021","22,368","22,043","22,386","21,805","2,24M","0,79%"
"19.02.2021","22,192","21,972","22,271","21,858","857,62K","1,00%"
"18.02.2021","21,972","22,113","22,386","21,919","2,42M","-1,11%"
"17.02.2021","22,219","22,465","22,483","22,095","706,74K","-1,52%"
"16.02.2021","22,562","23,081","23,081","22,447","532,11K","-1,95%"
"15.02.2021","23,011","22,711","23,072","22,535","2,39M","2,15%"
"12.02.2021","22,527","22,412","22,527","21,981","621,50K","0,08%"
"11.02.2021","22,509","22,051","22,597","21,981","786,76K","2,40%"
"10.02.2021","21,981","22,263","22,263","21,330","2,03M","-3,29%"
"09.02.2021","22,729","23,336","23,371","22,562","942,23K","-2,38%"
"08.02.2021","23,283","23,407","23,679","23,055","515,35K","0,00%"
"05.02.2021","23,283","23,275","23,935","23,266","1,04M","0,23%"
"04.02.2021","23,231","23,283","23,503","23,125","534,70K","-0,11%"
"03.02.2021","23,257","23,794","23,970","23,222","667,81K","-1,09%"
"02.02.2021","23,512","23,160","23,697","23,134","592,88K","1,95%"
"01.02.2021","23,063","22,879","23,063","22,720","590,57K","1,91%"
"29.01.2021","22,632","22,703","22,975","22,430","936,74K","-2,06%"
"28.01.2021","23,107","22,113","23,257","22,087","651,86K","3,10%"
"27.01.2021","22,412","22,967","23,134","22,113","1,36M","-2,97%"
"26.01.2021","23,099","22,879","23,547","22,879","564,33K","-0,83%"
"25.01.2021","23,292","23,864","23,926","23,011","983,79K","-1,96%"
"22.01.2021","23,759","23,855","23,855","23,407","1,21M","-0,73%"
"21.01.2021","23,933","24,981","25,189","23,924","1,20M","-4,26%"
"20.01.2021","24,998","25,128","25,328","24,964","606,48K","-0,31%"
"19.01.2021","25,076","25,302","25,362","24,869","763,38K","-0,31%"
"18.01.2021","25,154","24,920","25,154","24,678","684,00K","0,45%"
"15.01.2021","25,042","25,163","25,535","24,791","2,16M","-1,16%"
"14.01.2021","25,336","24,817","25,527","24,609","894,70K","2,09%"
"13.01.2021","24,817","25,232","25,241","24,704","1,96M","-1,65%"
"12.01.2021","25,232","24,470","25,293","24,340","2,47M","3,55%"
"11.01.2021","24,366","24,089","24,583","24,002","4,16M","1,15%"
"08.01.2021","24,089","24,210","24,435","24,028","595,27K","0,25%"
"07.01.2021","24,028","24,487","24,531","23,872","2,51M","-1,11%"
"06.01.2021","24,297","23,985","24,617","23,924","934,94K","2,19%"
"05.01.2021","23,777","23,205","23,786","23,171","513,42K","1,63%"
"04.01.2021","23,396","23,812","24,375","23,292","1,47M","-0,52%"
"31.12.2020","23,517","23,751","23,890","23,517","438,36K","-0,98%"
"30.12.2020","23,751","23,578","23,950","23,431","590,21K","0,73%"
"29.12.2020","23,578","23,812","23,959","23,509","473,06K","-0,40%"
"28.12.2020","23,673","23,829","23,985","23,595","390,68K","0,37%"
"24.12.2020","23,587","23,656","23,656","23,266","153,12K","-1,91%"
"23.12.2020","24,046","23,632","24,363","23,561","847,15K","2,63%"
"22.12.2020","23,429","23,315","23,588","23,086","575,08K","1,57%"
"21.12.2020","23,068","22,548","23,200","21,923","1,54M","-0,49%"
"18.12.2020","23,183","23,412","23,861","23,050","1,50M","-1,53%"
"17.12.2020","23,544","23,967","23,967","23,473","3,93M","-0,89%"
"16.12.2020","23,755","24,125","24,249","23,465","991,76K","-1,32%"
"15.12.2020","24,073","23,429","24,099","23,253","876,69K","3,02%"
"14.12.2020","23,368","23,764","24,169","23,235","823,16K","-0,60%"
"11.12.2020","23,509","23,359","23,517","22,821","717,87K","0,57%"
"10.12.2020","23,376","23,993","24,055","23,174","847,70K","-2,89%"
"09.12.2020","24,073","23,808","24,099","23,729","1,05M","2,02%"
"08.12.2020","23,597","23,826","23,923","23,429","396,33K","-1,25%"
"07.12.2020","23,896","24,231","24,319","23,773","590,08K","-1,45%"
"04.12.2020","24,249","23,517","24,407","23,420","881,78K","3,34%"
"03.12.2020","23,465","23,438","23,685","23,288","2,52M","-0,78%"
"02.12.2020","23,650","23,086","23,650","22,971","737,20K","1,74%"
"01.12.2020","23,244","23,517","23,958","23,094","671,81K","-0,42%"
"30.11.2020","23,341","23,561","23,879","23,094","1,34M","-1,23%"
"27.11.2020","23,632","23,791","23,905","23,403","539,11K","-1,00%"
"26.11.2020","23,870","24,619","24,619","23,870","1,74M","-2,83%"
"25.11.2020","24,566","24,645","24,839","23,896","1,78M","0,47%"
"24.11.2020","24,451","23,315","24,513","23,315","1,25M","5,31%"
"23.11.2020","23,218","22,663","23,218","22,654","704,11K","3,50%"
"20.11.2020","22,434","22,495","22,672","22,319","620,05K","-0,27%"
"19.11.2020","22,495","22,707","22,839","22,442","532,24K","-2,18%"
"18.11.2020","22,998","22,804","23,042","22,645","1,07M","0,58%"
"17.11.2020","22,865","22,760","22,901","22,363","896,97K","0,00%"
"16.11.2020","22,865","22,548","23,482","22,266","1,21M","2,73%"
"13.11.2020","22,257","21,641","22,257","21,641","685,46K","1,81%"
"12.11.2020","21,861","21,702","22,055","21,605","780,92K","-0,96%"
"11.11.2020","22,072","22,716","23,103","21,931","1,31M","-2,83%"
"10.11.2020","22,716","21,755","22,909","21,332","2,54M","4,25%"
"09.11.2020","21,790","20,151","22,125","20,072","1,90M","10,25%"
"06.11.2020","19,764","19,667","19,966","19,561","688,14K","-0,71%"
"05.11.2020","19,905","19,279","19,905","19,200","2,97M","3,77%"
"04.11.2020","19,182","19,076","19,605","18,900","1,27M","-2,51%"
"03.11.2020","19,676","19,649","19,790","18,900","1,59M","1,36%"
"02.11.2020","19,411","17,993","19,614","17,816","1,91M","7,99%"
"30.10.2020","17,975","17,843","18,239","17,631","1,33M","-0,29%"
"29.10.2020","18,028","17,781","18,407","17,200","1,95M","1,89%"
"28.10.2020","17,693","18,151","18,442","17,693","1,37M","-4,38%"
"27.10.2020","18,504","19,129","19,182","18,222","1,50M","-3,45%"
"26.10.2020","19,165","19,905","20,090","19,165","1,09M","-5,02%"
"23.10.2020","20,178","19,896","20,442","19,825","1,07M","1,06%"
"22.10.2020","19,966","19,825","20,090","19,447","2,32M","0,31%"
"21.10.2020","19,905","20,442","20,442","19,896","1,09M","-1,91%"
"20.10.2020","20,292","20,301","20,671","20,196","717,00K","-0,69%"
"19.10.2020","20,433","20,645","20,997","20,266","582,64K","-0,51%"
"16.10.2020","20,539","20,654","20,768","20,257","737,55K","-0,17%"
"15.10.2020","20,574","20,645","20,645","20,240","790,36K","-2,26%"
"14.10.2020","21,050","20,671","21,165","20,522","545,70K","1,75%"
"13.10.2020","20,689","21,200","21,323","20,636","902,41K","-3,10%"
"12.10.2020","21,350","21,746","21,773","21,244","646,21K","-1,58%"
"09.10.2020","21,693","22,134","22,460","21,526","861,87K","-2,07%"
"08.10.2020","22,152","21,975","22,363","21,923","900,93K","2,11%"
"07.10.2020","21,693","21,931","22,143","20,830","1,40M","-1,44%"
"06.10.2020","22,011","21,315","22,257","21,200","1,82M","3,35%"
"05.10.2020","21,297","20,636","21,464","19,931","2,30M","3,20%"
"02.10.2020","20,636","16,741","20,636","16,614","5,95M","25,85%"
"01.10.2020","16,398","17,125","17,253","16,398","986,85K","-3,90%"
"30.09.2020","17,063","16,653","17,305","16,543","920,55K","1,95%"
"29.09.2020","16,737","17,213","17,213","16,737","693,09K","-3,48%"
"28.09.2020","17,341","17,063","17,504","16,988","769,58K","3,63%"
"25.09.2020","16,733","17,019","17,072","16,393","1,06M","-1,91%"
"24.09.2020","17,059","16,808","17,301","16,750","967,21K","-0,21%"
"23.09.2020","17,094","16,504","17,376","16,358","1,37M","4,81%"
"22.09.2020","16,310","16,565","16,565","16,111","1,51M","1,68%"
"21.09.2020","16,041","17,693","17,693","16,041","2,47M","-10,23%"
"18.09.2020","17,869","18,698","18,698","17,869","2,65M","-4,16%"
"17.09.2020","18,645","18,548","18,759","18,424","758,06K","-0,94%"
"16.09.2020","18,821","18,548","18,821","18,372","842,06K","1,47%"
"15.09.2020","18,548","18,654","18,742","18,477","735,62K","-0,28%"
"14.09.2020","18,601","18,909","19,015","18,601","845,62K","-0,61%"
"11.09.2020","18,715","18,407","18,733","18,257","781,38K","1,68%"
"10.09.2020","18,407","18,424","18,680","18,310","778,97K","-0,24%"
"09.09.2020","18,451","18,134","18,477","18,019","863,22K","1,45%"
"08.09.2020","18,187","18,715","18,997","18,046","1,03M","-2,92%"
"07.09.2020","18,733","18,345","18,759","18,239","688,59K","2,80%"
"04.09.2020","18,222","18,504","18,671","18,160","1,02M","-1,80%"
"03.09.2020","18,557","18,521","19,015","18,477","909,11K","0,96%"
"02.09.2020","18,380","18,160","18,486","18,081","730,06K","1,66%"
"01.09.2020","18,081","18,469","18,469","17,825","815,10K","0,00%"
"31.08.2020","18,081","18,936","18,936","18,081","1,21M","-3,30%"
"28.08.2020","18,698","18,803","18,909","18,592","595,07K","-0,14%"
"27.08.2020","18,724","18,680","18,962","18,574","680,63K","-0,33%"
"26.08.2020","18,786","18,839","19,094","18,574","692,82K","-0,65%"
"25.08.2020","18,909","19,473","19,676","18,909","874,59K","-2,72%"
"24.08.2020","19,438","19,200","19,438","18,997","828,52K","2,13%"
"21.08.2020","19,032","18,927","19,129","18,495","869,26K","1,22%"
"20.08.2020","18,803","18,742","18,874","18,477","606,42K","-1,70%"
"19.08.2020","19,129","18,609","19,129","18,389","721,29K","2,65%"
"18.08.2020","18,636","18,504","19,094","18,336","717,04K","-0,05%"
"17.08.2020","18,645","18,671","18,847","18,416","956,71K","-0,52%"
"14.08.2020","18,742","18,944","18,944","18,046","986,63K","-1,16%"
"13.08.2020","18,962","19,200","19,376","18,962","875,68K","-1,19%"
"12.08.2020","19,191","19,499","19,596","19,191","656,36K","-2,24%"
"11.08.2020","19,632","18,900","19,676","18,900","1,08M","5,39%"
"10.08.2020","18,627","18,178","18,627","18,081","922,10K","3,12%"
"07.08.2020","18,063","18,283","18,416","17,720","1,18M","-2,19%"
"06.08.2020","18,469","18,733","18,733","18,116","892,13K","-1,73%"
"05.08.2020","18,795","18,504","18,936","18,504","1,08M","2,45%"
"04.08.2020","18,345","17,966","18,460","17,816","1,45M","3,69%"
"03.08.2020","17,693","17,200","17,711","16,852","1,61M","2,71%"
"31.07.2020","17,226","17,728","17,993","17,213","1,86M","-2,64%"
"30.07.2020","17,693","18,689","18,706","17,535","1,45M","-5,33%"
"29.07.2020","18,689","18,839","18,944","18,627","847,70K","-0,84%"
"28.07.2020","18,847","18,900","19,358","18,795","1,01M","-0,51%"
"27.07.2020","18,944","19,579","19,632","18,856","1,70M","-3,50%"
"24.07.2020","19,632","20,266","20,495","19,632","1,20M","-4,21%"
"23.07.2020","20,495","20,707","20,821","20,345","648,00K","-0,51%"
"22.07.2020","20,601","20,442","20,663","20,319","781,62K","0,30%"
"21.07.2020","20,539","20,962","21,085","20,504","975,68K","-0,43%"
"20.07.2020","20,627","20,768","20,812","20,354","807,73K","-0,64%"
"17.07.2020","20,759","20,848","20,989","20,530","913,54K","-0,42%"
"16.07.2020","20,848","21,288","21,429","20,795","1,41M","-2,27%"
"15.07.2020","21,332","21,006","21,367","20,742","1,44M","2,67%"
"14.07.2020","20,777","21,033","21,138","20,337","1,51M","-2,32%"
"13.07.2020","21,271","21,147","21,544","20,971","1,29M","1,47%"
"10.07.2020","20,962","19,966","21,103","19,931","1,27M","4,43%"
"09.07.2020","20,072","20,566","20,680","20,072","1,00M","-1,51%"
"08.07.2020","20,381","20,398","20,751","20,160","1,15M","-1,15%"
"07.07.2020","20,618","21,041","21,050","20,513","1,55M","-2,05%"
"06.07.2020","21,050","20,865","21,500","20,812","2,27M","2,62%"
"03.07.2020","20,513","20,724","20,812","20,151","978,14K","-0,89%"
"02.07.2020","20,698","19,958","20,812","19,896","1,91M","4,26%"
"01.07.2020","19,852","19,693","20,046","19,323","1,65M","0,40%"
"30.06.2020","19,773","19,825","20,063","19,614","1,92M","-0,66%"
"29.06.2020","19,905","19,121","20,002","19,085","1,41M","2,78%"
"26.06.2020","19,367","19,931","20,019","19,367","1,43M","-2,09%"
"25.06.2020","19,781","19,297","19,958","19,041","2,24M","2,79%"
"24.06.2020","19,244","20,160","20,618","19,182","2,40M","-4,71%"
"23.06.2020","20,196","19,896","20,883","19,773","2,11M","-3,17%"
"22.06.2020","20,856","20,883","21,006","20,398","1,65M","-0,34%"
"19.06.2020","20,927","21,209","21,641","20,927","5,70M","-0,42%"
"18.06.2020","21,015","21,068","21,579","20,566","1,79M","-0,83%"
"17.06.2020","21,191","21,667","22,028","20,962","3,49M","-2,28%"
"16.06.2020","21,685","21,182","21,984","20,795","2,35M","6,95%"
"15.06.2020","20,275","19,385","20,433","19,015","2,06M","1,68%"
"12.06.2020","19,940","20,072","20,654","19,588","2,01M","-1,01%"
"11.06.2020","20,143","21,182","21,200","20,143","1,89M","-7,45%"
"10.06.2020","21,764","22,627","23,174","21,658","1,33M","-4,30%"
"09.06.2020","22,742","23,456","23,588","22,072","2,24M","-3,08%"
"08.06.2020","23,465","22,909","24,143","22,663","1,90M","2,23%"
"05.06.2020","22,953","22,830","23,218","22,654","2,13M","2,64%"
"04.06.2020","22,363","22,733","23,200","22,249","2,34M","-14,19%"
"03.06.2020","26,060","24,780","26,070","24,700","1,62M","6,80%"
"02.06.2020","24,400","23,940","24,670","23,900","1,17M","2,31%"
"01.06.2020","23,850","23,450","24,080","23,230","1,18M","3,92%"
"29.05.2020","22,950","23,300","23,640","22,820","2,24M","-3,25%"
"28.05.2020","23,720","23,730","23,980","23,180","1,56M","1,76%"
"27.05.2020","23,310","24,000","24,620","23,240","3,77M","-3,20%"
"26.05.2020","24,080","22,310","24,180","22,190","2,60M","9,70%"
"25.05.2020","21,950","20,870","22,100","20,720","1,31M","6,61%"
"22.05.2020","20,590","20,530","20,990","20,340","1,36M","-0,77%"
"21.05.2020","20,750","20,060","21,170","19,950","1,75M","2,12%"
"20.05.2020","20,320","20,590","20,860","19,710","3,16M","-2,78%"
"19.05.2020","20,900","23,200","23,290","20,230","3,86M","-9,41%"
"18.05.2020","23,070","22,130","23,070","22,130","1,62M","4,86%"
"15.05.2020","22,000","22,300","22,680","22,000","1,85M","-1,35%"
"14.05.2020","22,300","23,230","23,430","22,090","1,86M","-4,54%"
"13.05.2020","23,360","23,410","23,860","23,200","1,24M","-2,05%"
"12.05.2020","23,850","23,640","23,930","23,410","1,45M","0,85%"
"11.05.2020","23,650","24,130","24,210","23,620","1,26M","-0,38%"
"08.05.2020","23,740","23,700","23,950","23,540","1,23M","1,37%"
"07.05.2020","23,420","23,400","23,660","23,380","1,25M","0,39%"
"06.05.2020","23,330","22,910","23,700","22,610","2,47M","1,39%"
"05.05.2020","23,010","22,800","23,120","22,250","2,04M","3,05%"
"04.05.2020","22,330","22,320","22,670","21,920","1,96M","-1,93%"
"30.04.2020","22,770","23,710","23,950","22,600","2,76M","-3,23%"
"29.04.2020","23,530","22,400","23,660","22,300","1,35M","5,37%"
"28.04.2020","22,330","21,500","22,330","21,360","1,60M","4,64%"
"27.04.2020","21,340","21,170","21,470","21,120","1,51M","2,11%"
"24.04.2020","20,900","20,400","20,900","20,150","1,29M","0,72%"
"23.04.2020","20,750","20,290","20,900","20,290","1,29M","1,57%"
"22.04.2020","20,430","20,100","20,500","20,020","1,69M","2,15%"
"21.04.2020","20,000","20,220","20,620","20,000","2,41M","-3,33%"
"20.04.2020","20,690","21,000","21,090","20,210","1,74M","-0,77%"
"17.04.2020","20,850","20,300","20,850","20,080","1,83M","5,68%"
"16.04.2020","19,730","20,100","20,440","19,300","2,71M","-1,60%"
"15.04.2020","20,050","20,600","20,780","20,000","2,13M","-2,53%"
"14.04.2020","20,570","20,960","21,340","20,370","2,33M","2,85%"
"09.04.2020","20,000","20,250","20,520","19,560","2,75M","1,55%"
"08.04.2020","19,695","19,645","20,540","19,220","2,00M","-0,76%"
"07.04.2020","19,845","18,730","20,900","18,725","2,68M","9,22%"
"06.04.2020","18,170","18,500","18,670","17,840","1,79M","7,51%"
"03.04.2020","16,900","17,200","17,730","16,900","1,39M","-1,72%"
"02.04.2020","17,195","17,050","17,530","16,700","1,85M","1,24%"
"01.04.2020","16,985","17,135","18,115","16,880","2,56M","-4,66%"
"31.03.2020","17,815","16,690","17,970","16,205","2,48M","9,36%"
"30.03.2020","16,290","15,695","16,800","14,510","6,21M","1,46%"
"27.03.2020","16,055","17,120","17,690","15,525","2,64M","-6,17%"
"26.03.2020","17,110","15,770","17,500","15,500","2,58M","5,88%"
"25.03.2020","16,160","15,150","17,000","14,925","3,06M","11,45%"
"24.03.2020","14,500","14,570","15,000","14,150","3,39M","6,19%"
"23.03.2020","13,655","13,050","14,090","12,780","2,58M","2,09%"
"20.03.2020","13,375","12,580","13,690","12,170","4,35M","16,86%"
"19.03.2020","11,445","11,860","12,315","11,200","3,89M","-1,51%"
"18.03.2020","11,620","13,380","13,740","11,600","5,10M","-14,68%"
"17.03.2020","13,620","14,800","15,280","12,610","3,60M","-4,15%"
"16.03.2020","14,210","15,640","15,690","13,180","4,49M","-14,35%"
"13.03.2020","16,590","19,640","19,640","16,420","2,95M","0,24%"
"12.03.2020","16,550","19,330","19,480","16,500","4,20M","-18,87%"
"11.03.2020","20,400","21,370","21,940","20,240","5,80M","-3,68%"
"10.03.2020","21,180","22,380","23,200","21,180","3,03M","-4,64%"
"09.03.2020","22,210","23,420","23,620","22,210","3,39M","-10,01%"
"06.03.2020","24,680","25,500","25,650","24,510","2,12M","-4,71%"
"05.03.2020","25,900","26,940","27,020","25,530","2,18M","-3,03%"
"04.03.2020","26,710","26,820","27,220","26,520","2,57M","-0,11%"
"03.03.2020","26,740","27,260","27,750","26,710","2,36M","-0,19%"
"02.03.2020","26,790","27,270","27,310","26,100","1,98M","-0,22%"
"28.02.2020","26,850","27,000","27,050","26,350","3,45M","-1,79%"
"27.02.2020","27,340","27,390","27,650","26,620","1,90M","-1,01%"
"26.02.2020","27,620","27,610","28,130","27,290","2,21M","0,00%"
"25.02.2020","27,620","29,090","29,190","27,620","2,30M","-4,73%"
"24.02.2020","28,990","29,280","29,540","28,410","1,92M","-3,50%"
"21.02.2020","30,040","30,530","30,530","29,910","1,85M","-2,37%"
"20.02.2020","30,770","29,760","30,840","29,360","1,55M","3,43%"
"19.02.2020","29,750","31,480","31,540","29,750","2,48M","-4,37%"
"18.02.2020","31,110","31,540","31,540","30,930","956,72K","-2,78%"
"17.02.2020","32,000","31,600","32,000","31,410","871,64K","2,37%"
"14.02.2020","31,260","31,880","31,960","31,260","969,14K","-1,64%"
"13.02.2020","31,780","31,550","31,830","31,220","792,77K","0,06%"
"12.02.2020","31,760","31,520","31,810","31,200","1,58M","0,76%"
"11.02.2020","31,520","30,760","31,640","30,310","1,32M","3,75%"
"10.02.2020","30,380","30,500","30,850","30,310","1,05M","-0,46%"
"07.02.2020","30,520","30,000","30,520","29,950","1,24M","1,23%"
"06.02.2020","30,150","30,700","30,920","30,060","1,42M","-0,99%"
"05.02.2020","30,450","29,760","30,760","29,520","1,13M","2,25%"
"04.02.2020","29,780","29,810","30,060","29,700","1,25M","0,74%"
"03.02.2020","29,560","30,030","30,030","29,330","1,33M","-1,57%"
"31.01.2020","30,030","31,220","31,240","29,950","1,50M","-3,81%"
"30.01.2020","31,220","31,300","31,530","31,070","842,55K","-1,11%"
"29.01.2020","31,570","31,650","31,850","31,070","1,08M","-0,41%"
"28.01.2020","31,700","31,510","31,700","31,030","875,37K","0,73%"
"27.01.2020","31,470","31,850","32,030","31,200","866,39K","-1,44%"
"24.01.2020","31,930","32,200","32,280","31,880","818,57K","0,09%"
"23.01.2020","31,900","32,100","32,690","31,310","2,52M","-5,34%"
"22.01.2020","33,700","34,270","34,440","33,670","566,80K","-1,32%"
"21.01.2020","34,150","34,370","34,550","34,140","704,09K","-1,10%"
"20.01.2020","34,530","34,770","34,950","34,440","1,01M","-0,20%"
"17.01.2020","34,600","34,780","35,460","34,600","1,22M","0,87%"
"16.01.2020","34,300","33,330","34,300","33,220","896,16K","3,00%"
"15.01.2020","33,300","34,120","34,380","33,300","1,25M","-2,97%"
"14.01.2020","34,320","34,190","34,320","33,830","1,45M","0,32%"
"13.01.2020","34,210","34,290","34,320","34,020","1,05M","0,26%"
"10.01.2020","34,120","34,470","34,540","34,120","1,26M","-0,58%"
"09.01.2020","34,320","35,150","35,160","34,260","759,64K","-1,21%"
"08.01.2020","34,740","34,550","34,820","34,340","688,00K","0,29%"
"07.01.2020","34,640","34,620","34,980","34,470","743,66K","0,29%"
"06.01.2020","34,540","34,700","34,840","34,190","652,76K","-0,63%"
"03.01.2020","34,760","35,110","35,110","34,530","923,61K","-1,22%"
"02.01.2020","35,190","35,830","35,890","35,190","541,68K","-1,29%"
"31.12.2019","35,650","35,070","35,800","35,020","399,66K","1,31%"
"30.12.2019","35,190","35,280","35,360","35,080","385,42K","0,00%"
"27.12.2019","35,190","35,530","35,530","35,170","457,03K","-0,54%"
"24.12.2019","35,380","34,890","35,710","34,760","277,29K","1,67%"
"23.12.2019","34,800","34,680","35,000","34,550","518,56K","0,61%"
"20.12.2019","34,590","34,920","35,040","34,450","1,50M","-0,57%"
"19.12.2019","34,790","35,010","35,050","34,570","1,51M","-0,23%"
"18.12.2019","34,870","35,600","35,850","34,830","1,12M","-2,08%"
"17.12.2019","35,610","35,710","36,000","35,600","1,14M","-0,28%"
"16.12.2019","35,710","35,670","35,800","35,520","559,94K","1,05%"
"13.12.2019","35,340","35,690","35,980","35,240","682,06K","0,26%"
"12.12.2019","35,250","35,240","35,410","34,760","1,25M","0,71%"
"11.12.2019","35,000","35,220","35,440","34,910","876,59K","-0,28%"
"10.12.2019","35,100","34,920","35,310","34,470","1,15M","0,69%"
"09.12.2019","34,860","34,770","34,910","34,650","617,50K","0,29%"
"06.12.2019","34,760","34,210","34,880","34,170","704,74K","1,79%"
"05.12.2019","34,150","34,160","34,670","34,110","942,33K","-0,06%"
"04.12.2019","34,170","33,630","34,330","33,600","1,05M","1,91%"
"03.12.2019","33,530","34,730","34,750","33,520","1,82M","-3,09%"
"02.12.2019","34,600","35,510","35,660","34,600","1,39M","-2,07%"
"29.11.2019","35,330","35,210","35,590","35,080","1,17M","-0,03%"
"28.11.2019","35,340","35,040","35,340","34,860","747,67K","1,09%"
"27.11.2019","34,960","34,960","35,420","34,910","1,06M","0,09%"
"26.11.2019","34,930","34,670","34,970","34,510","1,56M","1,19%"
"25.11.2019","34,520","34,860","35,020","34,480","863,32K","-0,49%"
"22.11.2019","34,690","34,460","34,870","34,460","1,38M","0,96%"
"21.11.2019","34,360","34,650","34,700","34,170","1,44M","-1,55%"
"20.11.2019","34,900","34,750","35,220","34,520","809,39K","0,06%"
"19.11.2019","34,880","34,680","35,300","34,680","672,47K","0,69%"
"18.11.2019","34,640","34,670","34,820","34,430","1,48M","-0,03%"
"15.11.2019","34,650","34,450","34,740","34,270","815,01K","1,11%"
"14.11.2019","34,270","34,180","34,500","33,930","1,05M","0,06%"
"13.11.2019","34,250","35,500","35,500","34,250","1,22M","-3,82%"
"12.11.2019","35,610","35,920","36,060","35,380","681,81K","-0,45%"
"11.11.2019","35,770","35,430","35,840","35,160","1,60M","0,39%"
"08.11.2019","35,630","36,500","36,500","35,040","836,81K","-1,11%"
"07.11.2019","36,030","36,940","36,990","35,940","1,24M","-1,93%"
"06.11.2019","36,740","36,750","36,800","36,330","656,17K","0,00%"
"05.11.2019","36,740","37,340","37,350","36,700","499,24K","-1,24%"
"04.11.2019","37,200","36,900","37,360","36,730","622,31K","0,95%"
"01.11.2019","36,850","36,540","36,850","36,200","1,58M","1,26%"
"31.10.2019","36,390","36,770","36,770","36,010","572,64K","-0,60%"
"30.10.2019","36,610","36,900","36,930","36,290","712,28K","-0,71%"
"29.10.2019","36,870","36,740","36,870","36,530","682,90K","0,57%"
"28.10.2019","36,660","36,330","36,710","36,140","423,17K","0,69%"
"25.10.2019","36,410","36,030","36,450","36,000","604,86K","0,69%"
"24.10.2019","36,160","36,050","36,480","35,920","525,75K","0,28%"
"23.10.2019","36,060","35,730","36,060","35,380","764,16K","0,61%"
"22.10.2019","35,840","35,700","35,950","35,460","516,94K","0,25%"
"21.10.2019","35,750","35,780","36,190","35,670","1,30M","0,03%"
"18.10.2019","35,740","35,950","36,060","35,650","1,17M","-0,67%"
"17.10.2019","35,980","35,790","36,500","35,790","679,60K","0,22%"
"16.10.2019","35,900","36,290","36,350","35,780","1,23M","-1,07%"
"15.10.2019","36,290","36,440","36,660","36,180","699,00K","0,42%"
"14.10.2019","36,140","36,150","36,280","35,730","684,11K","-0,14%"
"11.10.2019","36,190","35,260","36,190","35,260","766,16K","3,11%"
"10.10.2019","35,100","34,950","35,280","34,790","670,70K","0,92%"
"09.10.2019","34,780","34,870","35,150","34,590","518,11K","-0,03%"
"08.10.2019","34,790","35,520","35,520","34,560","425,14K","-1,50%"
"07.10.2019","35,320","35,170","35,410","34,990","649,29K","0,46%"
"04.10.2019","35,160","35,060","35,260","34,750","819,25K","0,98%"
"03.10.2019","34,820","35,020","35,030","34,450","703,58K","0,43%"
"02.10.2019","34,670","36,070","36,070","34,670","1,18M","-4,20%"
"01.10.2019","36,190","36,470","36,820","36,120","608,37K","-1,28%"
"30.09.2019","36,660","35,750","36,680","35,750","789,50K","2,57%"
"27.09.2019","35,740","35,600","36,150","35,480","493,32K","0,90%"
"26.09.2019","35,420","34,590","35,740","34,590","878,46K","1,90%"
"25.09.2019","34,760","35,000","35,060","34,230","961,71K","-1,00%"
"24.09.2019","35,110","35,500","35,630","35,110","807,72K","-0,62%"
"23.09.2019","35,330","36,000","36,100","35,210","896,29K","-2,13%"
"20.09.2019","36,100","35,990","36,260","35,890","1,71M","0,19%"
"19.09.2019","36,030","35,920","36,260","35,690","992,03K","0,17%"
"18.09.2019","35,970","36,000","36,530","35,950","992,28K","-0,36%"
"17.09.2019","36,100","35,730","36,100","35,450","1,01M","0,64%"
"16.09.2019","35,870","35,860","36,010","35,410","549,68K","-0,58%"
"13.09.2019","36,080","36,510","36,880","36,080","675,13K","-1,12%"
"12.09.2019","36,490","37,000","37,170","36,370","673,48K","-0,84%"
"11.09.2019","36,800","36,450","36,960","36,270","1,43M","1,27%"
"10.09.2019","36,340","35,310","36,430","35,310","783,21K","2,92%"
"09.09.2019","35,310","34,960","35,430","34,960","469,38K","1,17%"
"06.09.2019","34,900","34,860","35,120","34,750","483,74K","0,11%"
"05.09.2019","34,860","35,050","35,370","34,770","673,97K","0,26%"
"04.09.2019","34,770","34,920","35,180","34,700","606,03K","0,49%"
"03.09.2019","34,600","34,540","34,920","34,370","518,15K","0,12%"
"02.09.2019","34,560","34,360","34,900","34,350","372,19K","0,55%"
"30.08.2019","34,370","34,410","34,800","34,280","625,19K","-0,09%"
"29.08.2019","34,400","33,650","34,450","33,610","679,16K","2,38%"
"28.08.2019","33,600","33,500","33,690","33,320","541,72K","-0,30%"
"27.08.2019","33,700","33,300","34,070","33,220","1,04M","0,78%"
"26.08.2019","33,440","32,770","33,490","32,610","551,92K","1,03%"
"23.08.2019","33,100","33,670","33,910","33,100","596,47K","-0,78%"
"22.08.2019","33,360","33,440","33,950","33,320","702,74K","-0,80%"
"21.08.2019","33,630","33,170","33,770","33,170","417,09K","1,72%"
"20.08.2019","33,060","33,690","33,940","33,010","693,18K","-2,16%"
"19.08.2019","33,790","33,200","33,870","33,150","675,17K","2,39%"
"16.08.2019","33,000","32,880","33,270","32,670","1,00M","0,64%"
"15.08.2019","32,790","33,200","33,340","32,320","769,82K","-1,09%"
"14.08.2019","33,150","34,040","34,040","33,070","829,66K","-2,67%"
"13.08.2019","34,060","33,700","34,480","33,480","699,10K","0,59%"
"12.08.2019","33,860","34,740","34,960","33,690","583,28K","-2,11%"
"09.08.2019","34,590","34,940","35,020","34,580","468,66K","-1,34%"
"08.08.2019","35,060","34,680","35,060","34,300","659,09K","3,09%"
"07.08.2019","34,010","33,980","34,530","33,810","802,64K","0,47%"
"06.08.2019","33,850","34,150","34,490","33,850","951,34K","-1,05%"
"05.08.2019","34,210","35,180","35,200","34,210","1,01M","-3,88%"
"02.08.2019","35,590","36,030","36,320","35,400","955,42K","-3,58%"
"01.08.2019","36,910","36,530","37,050","36,420","579,75K","0,85%"
"31.07.2019","36,600","36,320","36,990","36,260","1,45M","1,41%"
"30.07.2019","36,090","37,970","37,970","36,090","837,49K","-3,99%"
"29.07.2019","37,590","37,370","37,750","37,090","715,76K","0,11%"
"26.07.2019","37,550","37,710","37,710","37,390","483,80K","-0,16%"
"25.07.2019","37,610","37,530","38,290","37,290","637,08K","0,21%"
"24.07.2019","37,530","37,180","37,530","36,910","971,25K","0,78%"
"23.07.2019","37,240","37,000","37,300","36,560","815,47K","1,17%"
"22.07.2019","36,810","36,890","37,210","36,720","406,21K","0,05%"
"19.07.2019","36,790","36,820","36,960","36,400","593,30K","0,63%"
"18.07.2019","36,560","37,350","37,350","35,700","1,91M","-4,17%"
"17.07.2019","38,150","39,290","39,400","38,150","1,19M","-2,80%"
"16.07.2019","39,250","38,950","39,300","38,810","660,66K","0,74%"
"15.07.2019","38,960","38,670","39,140","38,470","796,88K","1,30%"
"12.07.2019","38,460","38,210","38,740","37,910","713,78K","0,71%"
"11.07.2019","38,190","37,310","38,280","37,130","1,28M","3,19%"
"10.07.2019","37,010","37,060","37,220","36,850","849,48K","-0,16%"
"09.07.2019","37,070","36,810","37,070","36,620","1,25M","0,71%"
"08.07.2019","36,810","36,560","36,950","36,230","992,94K","1,83%"
"05.07.2019","36,150","36,500","36,560","36,140","442,27K","-1,18%"
"04.07.2019","36,580","36,800","37,060","36,480","1,54M","-0,46%"
"03.07.2019","36,750","35,980","36,790","35,830","730,07K","2,54%"
"02.07.2019","35,840","35,780","36,080","35,640","719,86K","0,48%"
"01.07.2019","35,670","35,480","35,910","35,340","860,42K","1,59%"
"28.06.2019","35,110","34,390","35,350","34,070","1,03M","1,07%"
"27.06.2019","34,740","34,870","35,180","34,500","967,08K","0,00%"
"26.06.2019","34,740","36,140","36,220","34,670","1,33M","-3,79%"
"25.06.2019","36,110","36,300","36,550","36,000","1,11M","-0,58%"
"24.06.2019","36,320","36,860","37,000","36,130","816,21K","-4,52%"
"21.06.2019","38,040","38,630","38,830","38,040","1,08M","-1,30%"
"20.06.2019","38,540","38,370","38,870","38,120","698,59K","0,94%"
"19.06.2019","38,180","38,190","38,460","38,070","528,55K","0,03%"
"18.06.2019","38,170","37,390","38,270","37,190","749,74K","1,73%"
"17.06.2019","37,520","37,350","37,600","37,320","876,99K","0,67%"
"14.06.2019","37,270","37,730","37,900","37,150","1,79M","-1,56%"
"13.06.2019","37,860","37,730","37,990","37,450","508,26K","0,42%"
"12.06.2019","37,700","38,110","38,160","37,700","496,61K","-1,67%"
"11.06.2019","38,340","38,110","38,580","37,970","830,74K","0,52%"
"10.06.2019","38,140","37,460","38,200","37,460","484,11K","2,25%"
"07.06.2019","37,300","37,190","37,590","37,060","715,12K","0,30%"
"06.06.2019","37,190","37,580","37,820","37,050","633,91K","-0,56%"
"05.06.2019","37,400","37,450","37,770","37,230","1,50M","0,40%"
"04.06.2019","37,250","36,490","37,450","36,390","722,98K","1,31%"
"03.06.2019","36,770","36,720","36,770","36,180","545,79K","-0,35%"
"31.05.2019","36,900","36,900","37,010","36,750","676,61K","-1,20%"
"30.05.2019","37,350","37,300","37,500","37,000","368,23K","0,70%"
"29.05.2019","37,090","37,700","37,700","37,040","691,69K","-2,50%"
"28.05.2019","38,040","37,760","38,050","37,510","1,23M","0,74%"
"27.05.2019","37,760","37,460","37,920","37,460","344,82K","1,29%"
"24.05.2019","37,280","37,290","37,660","37,220","655,98K","0,27%"
"23.05.2019","37,180","37,820","37,930","37,050","953,91K","-2,80%"
"22.05.2019","38,250","38,280","38,700","38,170","559,22K","0,05%"
"21.05.2019","38,230","37,750","38,400","37,540","656,94K","1,30%"
"20.05.2019","37,740","37,790","37,980","37,490","1,05M","0,16%"
"17.05.2019","37,680","37,510","38,000","37,290","989,58K","0,86%"
"16.05.2019","37,360","37,150","37,600","37,000","769,46K","0,59%"
"15.05.2019","37,140","38,520","38,520","36,870","833,84K","0,08%"
"14.05.2019","37,110","37,320","37,320","36,800","777,22K","0,08%"
"13.05.2019","37,080","37,800","37,850","37,000","356,02K","-1,54%"
"10.05.2019","37,660","37,350","37,960","37,350","595,20K","1,62%"
"09.05.2019","37,060","37,630","37,630","37,060","921,51K","-1,88%"
"08.05.2019","37,770","38,200","38,320","37,630","928,62K","-1,62%"
"07.05.2019","38,390","38,720","38,930","38,090","693,48K","-0,83%"
"06.05.2019","38,710","39,440","39,440","38,410","701,43K","-3,51%"
"03.05.2019","40,120","40,510","40,640","40,080","517,31K","-0,77%"
"02.05.2019","40,430","40,800","40,900","40,280","480,93K","-1,22%"
"30.04.2019","40,930","40,880","40,970","40,600","533,91K","0,24%"
"29.04.2019","40,830","40,290","40,890","40,230","328,84K","0,84%"
"26.04.2019","40,490","40,700","40,700","40,260","396,92K","0,00%"
"25.04.2019","40,490","40,350","40,630","40,030","608,76K","0,25%"
"24.04.2019","40,390","40,100","40,490","40,060","505,54K","0,32%"
"23.04.2019","40,260","40,940","40,940","40,150","572,52K","-1,25%"
"18.04.2019","40,770","40,430","40,770","40,040","485,58K","1,07%"
"17.04.2019","40,340","40,150","40,520","40,010","610,15K","0,20%"
"16.04.2019","40,260","40,690","40,930","40,240","543,97K","-1,25%"
"15.04.2019","40,770","40,750","40,960","40,600","564,72K","0,32%"
"12.04.2019","40,640","40,570","40,680","40,270","924,50K","0,30%"
"11.04.2019","40,520","39,520","40,600","39,370","1,11M","2,69%"
"10.04.2019","39,460","39,500","39,660","39,070","868,64K","-0,10%"
"09.04.2019","39,500","40,030","40,430","39,280","1,28M","-1,59%"
"08.04.2019","40,140","40,050","40,150","39,840","1,58M","0,00%"
"05.04.2019","40,140","39,860","40,350","39,760","799,85K","0,53%"
"04.04.2019","39,930","39,700","40,290","39,700","898,11K","0,58%"
"03.04.2019","39,700","39,750","39,920","39,570","470,36K","0,48%"
"02.04.2019","39,510","39,460","39,650","39,160","607,03K","0,79%"
"01.04.2019","39,200","39,320","39,500","38,870","759,62K","0,10%"
"29.03.2019","39,160","38,900","39,460","38,740","825,47K","1,19%"
"28.03.2019","38,700","39,400","39,420","38,580","529,20K","-2,03%"
"27.03.2019","39,500","38,750","39,600","38,750","679,92K","2,28%"
"26.03.2019","38,620","38,640","38,880","38,470","625,79K","0,16%"
"25.03.2019","38,560","38,500","38,880","38,350","761,03K","-0,18%"
"22.03.2019","38,630","39,530","39,540","38,540","837,43K","-1,80%"
"21.03.2019","39,340","39,240","39,560","39,090","688,33K","0,20%"
"20.03.2019","39,260","39,370","39,680","39,260","889,51K","-0,46%"
"19.03.2019","39,440","39,400","39,610","39,080","715,99K","0,36%"
"18.03.2019","39,300","39,380","39,540","39,200","616,94K","-0,13%"
"15.03.2019","39,350","38,900","39,440","38,850","1,21M","0,98%"
"14.03.2019","38,970","39,090","39,550","38,910","1,09M","-0,31%"
"13.03.2019","39,090","38,380","39,100","38,290","692,13K","1,48%"
"12.03.2019","38,520","38,740","38,810","38,280","871,99K","-0,41%"
"11.03.2019","38,680","38,390","38,710","38,020","604,20K","0,78%"
"08.03.2019","38,380","38,590","38,590","38,000","1,35M","-2,44%"
"07.03.2019","39,340","39,530","39,880","39,340","1,02M","-0,41%"
"06.03.2019","39,500","39,480","39,690","39,270","676,48K","-0,13%"
"05.03.2019","39,550","39,920","39,980","39,340","920,43K","-1,13%"
"04.03.2019","40,000","40,000","40,180","39,680","877,90K","0,65%"
"01.03.2019","39,740","39,300","40,210","39,160","1,23M","1,95%"
"28.02.2019","38,980","38,600","39,290","38,250","1,32M","0,85%"
"27.02.2019","38,650","38,590","38,850","38,420","708,31K","0,34%"
"26.02.2019","38,520","38,290","38,590","38,050","674,69K","0,08%"
"25.02.2019","38,490","38,160","38,490","37,860","710,67K","0,89%"
"22.02.2019","38,150","37,490","38,150","37,320","930,89K","1,71%"
"21.02.2019","37,510","37,420","37,970","37,360","583,83K","0,73%"
"20.02.2019","37,240","37,120","37,610","36,600","1,10M","-0,69%"
"19.02.2019","37,500","37,540","37,700","37,380","542,06K","-0,13%"
"18.02.2019","37,550","37,240","37,550","37,130","571,19K","0,91%"
"15.02.2019","37,210","36,850","37,470","36,640","1,06M","0,98%"
"14.02.2019","36,850","36,750","37,150","36,450","687,40K","0,90%"
"13.02.2019","36,520","36,070","36,720","36,010","795,93K","1,33%"
"12.02.2019","36,040","36,040","36,240","35,860","695,53K","0,61%"
"11.02.2019","35,820","35,400","35,960","35,290","543,83K","1,85%"
"08.02.2019","35,170","35,070","35,420","34,880","476,76K","-0,06%"
"07.02.2019","35,190","35,770","36,080","35,190","1,39M","-1,70%"
"06.02.2019","35,800","36,200","36,200","35,770","668,29K","-1,13%"
"05.02.2019","36,210","35,930","36,250","35,630","739,40K","0,98%"
"04.02.2019","35,860","36,230","36,380","35,540","842,51K","-1,21%"
"01.02.2019","36,300","36,310","36,430","36,040","553,30K","0,55%"
"31.01.2019","36,100","36,430","36,490","35,930","658,39K","-0,33%"
"30.01.2019","36,220","36,000","36,220","35,620","2,22M","0,61%"
"29.01.2019","36,000","36,200","36,230","35,610","686,45K","-0,74%"
"28.01.2019","36,270","36,180","36,630","36,100","671,87K","0,19%"
"25.01.2019","36,200","36,200","36,540","36,020","796,48K","0,84%"
"24.01.2019","35,900","35,710","36,240","35,530","783,83K","0,73%"
"23.01.2019","35,640","35,370","36,080","35,320","814,00K","0,25%"
"22.01.2019","35,550","34,990","35,770","34,900","705,83K","1,57%"
"21.01.2019","35,000","35,080","35,260","34,730","630,04K","0,03%"
"18.01.2019","34,990","34,470","35,060","34,400","813,29K","2,52%"
"17.01.2019","34,130","33,650","34,260","33,530","1,30M","0,92%"
"16.01.2019","33,820","33,450","33,820","33,340","595,61K","1,41%"
"15.01.2019","33,350","34,090","34,340","33,350","1,02M","-1,33%"
"14.01.2019","33,800","34,280","34,280","33,690","470,13K","-1,46%"
"11.01.2019","34,300","34,060","34,670","33,870","516,67K","0,97%"
"10.01.2019","33,970","33,920","34,090","33,610","629,09K","-0,85%"
"09.01.2019","34,260","34,260","34,600","34,030","632,81K","0,88%"
"08.01.2019","33,960","33,600","34,310","33,520","1,26M","1,04%"
"07.01.2019","33,610","33,780","33,980","33,320","1,50M","0,33%"
"04.01.2019","33,500","33,390","33,670","33,260","960,55K","1,48%"
"03.01.2019","33,010","32,590","33,320","32,490","824,32K","0,24%"
"02.01.2019","32,930","33,360","33,360","32,320","578,69K","-1,73%"
"31.12.2018","33,510","32,530","33,590","32,530","283,95K","2,98%"
"28.12.2018","32,540","31,820","32,540","31,790","565,48K","2,65%"
"27.12.2018","31,700","32,990","33,150","31,430","679,31K","-3,32%"
"24.12.2018","32,790","31,960","32,790","31,940","271,59K","1,52%"
"21.12.2018","32,300","32,150","32,300","31,520","1,22M","-0,06%"
"20.12.2018","32,320","32,730","32,730","31,910","665,76K","-2,42%"
"19.12.2018","33,120","32,450","33,220","32,370","845,50K","2,13%"
"18.12.2018","32,430","32,830","33,210","32,430","1,09M","-0,95%"
"17.12.2018","32,740","33,360","33,610","32,740","894,81K","-1,50%"
"14.12.2018","33,240","32,720","33,390","32,540","595,05K","0,36%"
"13.12.2018","33,120","32,980","33,360","32,860","1,14M","0,88%"
"12.12.2018","32,830","32,420","33,020","32,290","659,10K","1,48%"
"11.12.2018","32,350","31,380","32,460","31,260","2,42M","3,82%"
"10.12.2018","31,160","31,660","31,700","31,110","700,26K","-2,01%"
"07.12.2018","31,800","31,960","32,300","31,720","909,09K","0,57%"
"06.12.2018","31,620","32,840","32,840","31,620","1,08M","-4,62%"
"05.12.2018","33,150","33,350","33,520","32,920","682,69K","-1,95%"
"04.12.2018","33,810","33,740","34,080","33,590","667,15K","-0,18%"
"03.12.2018","33,870","34,380","34,720","33,840","622,01K","0,92%"
"30.11.2018","33,560","33,630","33,800","33,280","1,52M","0,09%"
"29.11.2018","33,530","33,530","33,810","33,420","607,56K","0,48%"
"28.11.2018","33,370","33,570","33,880","33,340","1,80M","-0,60%"
"27.11.2018","33,570","33,600","33,940","33,390","625,58K","-0,12%"
"26.11.2018","33,610","33,520","34,330","33,520","1,07M","1,05%"
"23.11.2018","33,260","32,950","33,380","32,920","818,94K","1,19%"
"22.11.2018","32,870","33,030","33,290","32,830","579,41K","-1,05%"
"21.11.2018","33,220","32,690","33,350","32,680","973,36K","2,15%"
"20.11.2018","32,520","32,490","32,600","31,970","1,12M","-0,43%"
"19.11.2018","32,660","33,480","33,930","32,630","913,86K","-2,01%"
"16.11.2018","33,330","33,540","34,180","32,860","804,05K","-0,39%"
"15.11.2018","33,460","34,740","35,140","33,300","966,48K","-2,36%"
"14.11.2018","34,270","34,080","34,340","33,690","673,19K","-0,87%"
"13.11.2018","34,570","34,260","34,570","34,080","640,72K","1,02%"
"12.11.2018","34,220","34,570","34,860","34,080","609,32K","-0,58%"
"09.11.2018","34,420","33,510","34,470","33,420","663,15K","2,08%"
"08.11.2018","33,720","33,840","33,840","33,280","547,55K","-0,47%"
"07.11.2018","33,880","33,340","33,930","33,340","539,37K","2,73%"
"06.11.2018","32,980","33,400","33,440","32,900","538,55K","-1,29%"
"05.11.2018","33,410","33,510","33,860","33,110","885,28K","-0,15%"
"02.11.2018","33,460","33,120","33,740","33,060","992,95K","2,07%"
"01.11.2018","32,780","32,750","33,470","32,540","413,66K","-0,06%"
"31.10.2018","32,800","32,800","33,490","32,800","928,90K","0,80%"
"30.10.2018","32,540","32,880","32,950","32,400","725,87K","-0,91%"
"29.10.2018","32,840","31,580","33,200","31,580","807,17K","3,53%"
"26.10.2018","31,720","31,780","31,780","31,150","774,99K","-1,12%"
"25.10.2018","32,080","31,400","32,240","31,170","743,67K","1,52%"
"24.10.2018","31,600","31,810","32,270","31,510","576,22K","0,13%"
"23.10.2018","31,560","31,370","31,730","31,030","657,81K","-0,38%"
"22.10.2018","31,680","32,530","32,660","31,620","447,24K","-1,46%"
"19.10.2018","32,150","32,690","32,690","31,800","759,80K","-1,98%"
"18.10.2018","32,800","32,600","33,310","32,600","1,02M","0,06%"
"17.10.2018","32,780","33,420","33,500","32,630","683,57K","-1,44%"
"16.10.2018","33,260","32,630","33,280","32,540","709,35K","1,84%"
"15.10.2018","32,660","33,040","33,190","32,450","650,43K","-1,66%"
"12.10.2018","33,210","34,020","34,150","33,030","963,92K","-1,60%"
"11.10.2018","33,750","34,380","34,410","33,500","1,82M","-3,43%"
"10.10.2018","34,950","35,550","35,570","34,730","901,25K","-1,35%"
"09.10.2018","35,430","35,480","35,790","35,080","659,24K","0,08%"
"08.10.2018","35,400","35,410","36,000","35,370","378,07K","-0,06%"
"05.10.2018","35,420","35,550","35,610","35,250","508,34K","-0,31%"
"04.10.2018","35,530","36,070","36,240","35,480","589,54K","-2,07%"
"03.10.2018","36,280","36,060","36,440","36,060","323,27K","0,50%"
"02.10.2018","36,100","36,200","36,360","35,840","703,90K","-0,96%"
"01.10.2018","36,450","36,470","36,860","36,300","1,08M","0,30%"
"28.09.2018","36,340","37,100","37,100","36,210","841,68K","-2,55%"
"27.09.2018","37,290","36,920","37,540","36,520","525,25K","0,57%"
"26.09.2018","37,080","36,940","37,080","36,610","535,54K","0,41%"
"25.09.2018","36,930","37,040","37,130","36,760","421,73K","-0,59%"
"24.09.2018","37,150","37,300","37,570","37,030","354,30K","-0,88%"
"21.09.2018","37,480","36,590","37,610","36,590","1,34M","2,80%"
"20.09.2018","36,460","36,060","36,610","36,060","799,23K","0,80%"
"19.09.2018","36,170","36,690","36,790","36,090","765,24K","-1,09%"
"18.09.2018","36,570","36,780","37,010","36,440","558,75K","-0,35%"
"17.09.2018","36,700","36,470","37,320","36,350","689,00K","0,27%"
"14.09.2018","36,600","35,800","36,600","35,720","699,73K","2,49%"
"13.09.2018","35,710","35,670","36,210","35,530","572,94K","-0,08%"
"12.09.2018","35,740","35,330","35,890","35,270","619,70K","1,07%"
"11.09.2018","35,360","35,750","35,770","35,210","517,99K","-0,84%"
"10.09.2018","35,660","34,560","35,750","34,390","581,82K","3,24%"
"07.09.2018","34,540","34,640","34,770","34,380","1,18M","-0,26%"
"06.09.2018","34,630","34,720","35,060","34,430","591,06K","-0,12%"
"05.09.2018","34,670","34,940","35,180","34,670","673,10K","-1,03%"
"04.09.2018","35,030","35,430","35,550","34,760","523,34K","-1,02%"
"03.09.2018","35,390","35,440","35,670","35,240","308,55K","-0,45%"
"31.08.2018","35,550","36,150","36,150","35,430","656,09K","-1,61%"
"30.08.2018","36,130","36,120","36,180","35,720","595,97K","0,28%"
"29.08.2018","36,030","36,140","36,230","35,720","485,26K","0,11%"
"28.08.2018","35,990","35,940","36,530","35,940","1,44M","0,14%"
"27.08.2018","35,940","35,850","36,130","35,740","466,70K","0,53%"
"24.08.2018","35,750","35,660","36,000","35,620","524,99K","0,36%"
"23.08.2018","35,620","35,370","35,940","35,350","664,41K","0,31%"
"22.08.2018","35,510","34,760","35,560","34,670","1,24M","2,36%"
"21.08.2018","34,690","34,370","35,130","34,320","431,98K","0,90%"
"20.08.2018","34,380","34,340","34,690","34,220","1,19M","0,20%"
"17.08.2018","34,310","34,500","34,540","33,850","958,60K","-0,35%"
"16.08.2018","34,430","35,070","35,170","33,020","1,62M","-1,96%"
"15.08.2018","35,120","35,990","35,990","34,990","1,75M","-2,34%"
"14.08.2018","35,960","36,210","36,330","35,630","595,74K","0,08%"
"13.08.2018","35,930","35,560","36,030","35,470","373,07K","0,39%"
"10.08.2018","35,790","36,160","36,220","35,660","449,28K","-1,70%"
"09.08.2018","36,410","36,440","36,520","36,220","268,15K","-0,11%"
"08.08.2018","36,450","36,640","36,720","36,160","392,09K","-0,41%"
"07.08.2018","36,600","36,410","37,050","36,410","424,50K","0,88%"
"06.08.2018","36,280","36,650","36,680","36,230","406,23K","-1,01%"
"03.08.2018","36,650","35,930","36,920","35,920","466,13K","1,98%"
"02.08.2018","35,940","36,270","36,270","35,480","1,49M","-1,26%"
"01.08.2018","36,400","37,150","37,220","36,400","774,13K","-2,07%"
"31.07.2018","37,170","37,450","37,660","37,170","811,10K","-0,56%"
"30.07.2018","37,380","37,150","37,710","37,120","703,79K","0,38%"
"27.07.2018","37,240","36,950","38,000","36,840","899,35K","1,03%"
"26.07.2018","36,860","37,430","37,430","35,890","771,17K","-1,05%"
"25.07.2018","37,250","37,030","37,470","36,940","793,22K","1,17%"
"24.07.2018","36,820","36,600","37,230","36,370","1,05M","0,63%"
"23.07.2018","36,590","36,260","36,590","36,060","710,49K","0,52%"
"20.07.2018","36,400","36,070","36,480","35,860","803,00K","0,97%"
"19.07.2018","36,050","35,580","36,470","35,580","680,82K","1,46%"
"18.07.2018","35,530","35,810","35,810","35,430","331,16K","-0,17%"
"17.07.2018","35,590","35,410","35,660","35,060","518,88K","0,42%"
"16.07.2018","35,440","35,250","35,810","35,220","705,42K","0,20%"
"13.07.2018","35,370","35,370","35,530","35,170","488,86K","0,23%"
"12.07.2018","35,290","35,520","35,520","35,150","529,36K","-0,23%"
"11.07.2018","35,370","35,940","36,000","35,350","1,30M","-2,35%"
"10.07.2018","36,220","35,900","36,240","35,710","575,66K","1,12%"
"09.07.2018","35,820","35,560","35,830","35,340","633,81K","1,24%"
"06.07.2018","35,380","34,800","35,380","34,630","804,38K","1,78%"
"05.07.2018","34,760","34,450","34,810","34,410","372,71K","1,13%"
"04.07.2018","34,370","34,310","34,460","33,940","3,13M","-0,09%"
"03.07.2018","34,400","34,070","34,610","33,870","2,68M","1,53%"
"02.07.2018","33,880","34,130","34,130","33,710","1,27M","-1,45%"
"29.06.2018","34,380","34,140","34,490","33,840","764,33K","1,69%"
"28.06.2018","33,810","34,240","34,450","33,500","600,95K","-1,83%"
"27.06.2018","34,440","34,300","34,650","33,780","1,05M","0,35%"
"26.06.2018","34,320","34,650","34,670","34,130","815,75K","-0,44%"
"25.06.2018","34,470","34,790","34,840","34,470","552,87K","-1,63%"
"22.06.2018","35,040","34,910","35,330","34,680","784,79K","0,81%"
"21.06.2018","34,760","35,170","35,310","34,690","779,30K","-0,69%"
"20.06.2018","35,000","35,180","35,500","34,960","1,52M","0,14%"
"19.06.2018","34,950","34,600","34,980","34,480","2,50M","-0,29%"
"18.06.2018","35,050","34,900","35,070","34,480","679,05K","0,20%"
"15.06.2018","34,980","35,590","35,650","34,880","7,38M","-1,60%"
"14.06.2018","35,550","34,920","35,690","34,920","2,38M","1,57%"
"13.06.2018","35,000","35,450","35,680","34,900","3,09M","-1,60%"
"12.06.2018","35,570","36,230","36,270","35,550","478,59K","-1,39%"
"11.06.2018","36,070","35,680","36,220","35,440","916,63K","1,75%"
"08.06.2018","35,450","35,690","35,800","35,440","925,76K","-1,23%"
"07.06.2018","35,890","35,740","36,150","35,740","737,10K","0,53%"
"06.06.2018","35,700","35,550","36,000","35,300","1,28M","0,51%"
"05.06.2018","35,520","35,530","36,080","35,430","1,03M","-0,11%"
"04.06.2018","35,560","35,530","35,740","35,260","1,11M","1,02%"
"01.06.2018","35,200","34,630","35,490","34,630","1,30M","2,62%"
"31.05.2018","34,300","35,160","35,240","34,260","3,05M","-1,89%"
"30.05.2018","34,960","34,200","35,130","34,130","1,43M","2,01%"
"29.05.2018","34,270","34,340","34,490","33,540","2,28M","-0,84%"
"28.05.2018","34,560","34,650","34,950","34,530","744,64K","0,32%"
"25.05.2018","34,450","35,260","35,740","34,380","2,08M","-1,71%"
"24.05.2018","35,050","35,380","35,600","35,050","1,19M","-1,13%"
"23.05.2018","35,450","35,610","35,630","34,990","777,34K","-0,87%"
"22.05.2018","35,760","35,790","36,010","35,740","648,34K","0,06%"
"21.05.2018","35,740","35,920","36,110","35,610","1,00M","0,03%"
"18.05.2018","35,730","35,640","36,030","35,610","861,06K","0,17%"
"17.05.2018","35,670","35,450","35,790","35,290","749,98K","0,39%"
"16.05.2018","35,530","35,680","35,800","35,410","775,63K","0,00%"
"15.05.2018","35,530","35,550","35,720","35,210","1,38M","-0,06%"
"14.05.2018","35,550","35,390","35,550","35,160","1,58M","0,59%"
"11.05.2018","35,340","35,060","35,560","35,020","2,97M","1,29%"
"10.05.2018","34,890","34,970","35,210","34,110","437,82K","-0,26%"
"09.05.2018","34,980","35,020","35,210","34,760","735,12K","-0,65%"
"08.05.2018","35,210","34,980","35,450","34,640","2,38M","0,00%"
"07.05.2018","35,210","34,980","35,210","34,680","737,15K","1,47%"
"04.05.2018","34,700","34,440","34,860","34,390","786,02K","0,75%"
"03.05.2018","34,440","34,240","34,620","34,140","588,88K","0,44%"
"02.05.2018","34,290","33,950","34,440","33,950","713,29K","1,33%"
"30.04.2018","33,840","33,520","33,900","33,460","830,15K","1,23%"
"27.04.2018","33,430","33,580","33,680","33,360","582,86K","-0,39%"
"26.04.2018","33,560","33,030","33,560","32,940","1,20M","1,60%"
"25.04.2018","33,030","33,060","33,180","32,570","537,06K","-0,60%"
"24.04.2018","33,230","33,310","33,370","33,020","477,26K","-0,21%"
"23.04.2018","33,300","33,090","33,300","32,890","514,87K","0,54%"
"20.04.2018","33,120","33,030","33,280","32,910","493,21K","0,18%"
"19.04.2018","33,060","33,000","33,130","32,870","1,41M","0,24%"
"18.04.2018","32,980","32,800","33,030","32,760","565,60K","0,64%"
"17.04.2018","32,770","32,360","32,780","32,250","2,46M","1,36%"
"16.04.2018","32,330","32,490","32,690","32,180","694,37K","0,62%"
"13.04.2018","32,130","31,950","32,500","31,950","493,69K","0,47%"
"12.04.2018","31,980","31,900","32,120","31,720","518,94K","0,35%"
"11.04.2018","31,870","32,100","32,160","31,800","828,85K","-0,47%"
"10.04.2018","32,020","31,780","32,150","31,550","1,52M","3,22%"
"09.04.2018","31,020","30,990","31,350","30,970","808,39K","0,65%"
"06.04.2018","30,820","30,950","31,020","30,590","1,01M","-0,64%"
"05.04.2018","31,020","30,450","31,190","30,370","701,45K","3,64%"
"04.04.2018","29,930","29,940","30,040","29,520","2,08M","-0,03%"
"03.04.2018","29,940","30,080","30,500","29,940","1,76M","-2,06%"
"29.03.2018","30,570","30,850","31,040","30,570","1,48M","-0,62%"
"28.03.2018","30,760","30,380","30,880","29,910","1,27M","0,10%"
"27.03.2018","30,730","30,890","30,980","30,400","8,80M","1,29%"
"26.03.2018","30,340","30,610","30,930","30,240","721,16K","-0,49%"
"23.03.2018","30,490","30,830","31,010","30,260","1,75M","-2,56%"
"22.03.2018","31,290","31,390","31,760","31,210","1,26M","-1,07%"
"21.03.2018","31,630","31,510","32,020","31,400","863,80K","0,44%"
"20.03.2018","31,490","31,330","31,810","31,330","1,99M","0,45%"
"19.03.2018","31,350","31,850","32,060","31,330","2,29M","-1,88%"
"16.03.2018","31,950","31,440","32,100","31,390","1,81M","0,28%"
"15.03.2018","31,860","31,970","32,070","31,480","1,99M","-0,31%"
"14.03.2018","31,960","32,070","32,090","31,310","3,06M","7,97%"
"13.03.2018","29,600","29,810","30,810","29,420","2,22M","-0,70%"
"12.03.2018","29,810","29,340","29,860","28,890","1,64M","2,12%"
"09.03.2018","29,190","28,410","29,190","28,160","1,84M","3,00%"
"08.03.2018","28,340","26,670","29,010","26,670","2,50M","7,76%"
"07.03.2018","26,300","26,080","26,360","25,760","1,16M","0,46%"
"06.03.2018","26,180","26,700","26,760","26,180","2,51M","-1,06%"
"05.03.2018","26,460","26,520","26,720","26,270","1,95M","-0,53%"
"02.03.2018","26,600","27,140","27,220","26,520","1,02M","-2,81%"
"01.03.2018","27,370","27,730","28,260","27,110","1,75M","0,04%"
"28.02.2018","27,360","27,550","27,650","27,310","1,19M","-1,65%"
"27.02.2018","27,820","27,800","28,050","27,620","547,91K","0,43%"
"26.02.2018","27,700","27,630","27,820","27,560","698,72K","0,80%"
"23.02.2018","27,480","27,320","27,600","27,060","685,42K","0,81%"
"22.02.2018","27,260","27,340","27,430","26,940","1,03M","-1,30%"
"21.02.2018","27,620","28,110","28,110","27,600","773,49K","-1,85%"
"20.02.2018","28,140","27,530","28,260","27,520","697,88K","2,25%"
"19.02.2018","27,520","27,890","27,890","27,400","632,66K","-0,90%"
"16.02.2018","27,770","27,850","28,400","27,620","1,25M","0,54%"
"15.02.2018","27,620","27,830","28,070","27,430","775,32K","0,80%"
"14.02.2018","27,400","27,050","27,580","26,990","996,15K","2,12%"
"13.02.2018","26,830","27,810","27,810","26,820","1,33M","-3,35%"
"12.02.2018","27,760","27,640","27,860","27,580","625,99K","1,46%"
"09.02.2018","27,360","27,490","27,750","27,050","965,94K","-1,33%"
"08.02.2018","27,730","28,620","28,640","27,580","1,65M","-4,05%"
"07.02.2018","28,900","29,040","29,040","28,440","971,29K","0,77%"
"06.02.2018","28,680","28,880","29,340","28,610","1,59M","-4,02%"
"05.02.2018","29,880","30,410","30,410","29,730","606,28K","-1,74%"
"02.02.2018","30,410","31,140","31,170","30,410","595,49K","-2,72%"
"01.02.2018","31,260","31,250","31,490","30,930","661,95K","0,32%"
"31.01.2018","31,160","31,070","31,330","30,910","852,34K","0,10%"
"30.01.2018","31,130","31,300","31,470","31,010","2,02M","-1,24%"
"29.01.2018","31,520","31,700","31,870","31,390","1,37M","-0,41%"
"26.01.2018","31,650","31,760","31,880","31,460","716,26K","-0,41%"
"25.01.2018","31,780","31,870","32,170","31,540","732,90K","-0,44%"
"24.01.2018","31,920","32,260","32,310","31,920","688,36K","-1,12%"
"23.01.2018","32,280","32,470","32,550","32,250","568,04K","-0,34%"
"22.01.2018","32,390","32,280","32,590","32,260","644,32K","-0,64%"
"19.01.2018","32,600","32,510","32,690","32,380","1,57M","0,00%"
"18.01.2018","32,600","32,650","32,780","32,440","357,26K","-0,06%"
"17.01.2018","32,620","32,710","32,830","32,490","591,82K","-0,58%"
"16.01.2018","32,810","32,400","32,830","32,190","405,79K","1,45%"
"15.01.2018","32,340","32,530","32,550","32,210","716,89K","-0,52%"
"12.01.2018","32,510","32,400","32,710","32,230","680,30K","0,28%"
"11.01.2018","32,420","32,810","32,830","32,290","622,79K","-1,07%"
"10.01.2018","32,770","32,650","32,800","32,560","3,72M","0,24%"
"09.01.2018","32,690","32,550","32,870","32,450","980,75K","0,58%"
"08.01.2018","32,500","32,840","32,940","32,500","521,68K","-0,85%"
"05.01.2018","32,780","32,400","32,830","32,270","598,25K","1,33%"
"04.01.2018","32,350","31,570","32,380","31,540","1,42M","3,16%"
"03.01.2018","31,360","31,300","31,550","31,240","464,68K","0,64%"
"02.01.2018","31,160","31,530","31,530","30,980","1,45M","-1,11%"
"29.12.2017","31,510","31,430","31,670","31,260","355,11K","0,35%"
"28.12.2017","31,400","31,550","31,680","31,400","373,15K","-0,51%"
"27.12.2017","31,560","31,390","31,630","31,340","495,54K","0,48%"
"22.12.2017","31,410","31,430","31,670","31,280","561,64K","-0,98%"
"21.12.2017","31,720","31,320","31,840","31,130","917,54K","1,37%"
"20.12.2017","31,290","31,450","31,540","31,290","594,73K","-0,70%"
"19.12.2017","31,510","31,570","31,920","31,440","589,35K","-0,10%"
"18.12.2017","31,540","31,410","31,810","31,230","1,04M","0,99%"
"15.12.2017","31,230","30,790","31,250","30,730","1,27M","1,00%"
"14.12.2017","30,920","31,100","31,360","30,890","1,28M","-0,58%"
"13.12.2017","31,100","31,120","31,290","30,990","548,45K","-0,35%"
"12.12.2017","31,210","31,330","31,400","31,020","676,29K","-0,26%"
"11.12.2017","31,290","31,400","31,440","31,050","334,09K","-0,06%"
"08.12.2017","31,310","31,170","31,580","31,080","494,76K","1,13%"
"07.12.2017","30,960","30,930","31,250","30,860","634,61K","0,32%"
"06.12.2017","30,860","30,760","31,080","30,430","578,28K","-0,39%"
"05.12.2017","30,980","31,350","31,680","30,930","910,50K","-1,15%"
"04.12.2017","31,340","31,200","31,520","31,040","500,81K","1,46%"
"01.12.2017","30,890","31,520","31,570","30,720","1,05M","-1,59%"
"30.11.2017","31,390","31,670","31,820","31,390","1,47M","-0,98%"
"29.11.2017","31,700","31,530","31,900","31,480","1,21M","0,92%"
"28.11.2017","31,410","31,280","31,750","31,250","650,80K","0,54%"
"27.11.2017","31,240","31,780","32,160","31,240","553,66K","-2,13%"
"24.11.2017","31,920","31,980","32,360","31,710","361,71K","-0,22%"
"23.11.2017","31,990","32,030","32,160","31,870","315,02K","-0,03%"
"22.11.2017","32,000","31,830","32,240","31,830","474,35K","0,44%"
"21.11.2017","31,860","31,980","32,250","31,750","442,78K","-0,25%"
"20.11.2017","31,940","31,520","32,000","31,390","408,84K","0,92%"
"17.11.2017","31,650","32,100","32,100","31,540","556,19K","-1,19%"
"16.11.2017","32,030","31,420","32,170","31,420","616,35K","2,43%"
"15.11.2017","31,270","31,180","31,350","30,880","527,03K","-0,64%"
"14.11.2017","31,470","31,720","32,130","31,040","599,73K","-1,26%"
"13.11.2017","31,870","32,150","32,200","31,440","431,56K","-0,50%"
"10.11.2017","32,030","32,240","32,450","31,870","790,56K","-1,14%"
"09.11.2017","32,400","32,470","32,610","32,180","603,47K","-0,64%"
"08.11.2017","32,610","32,640","32,880","32,400","673,63K","-0,09%"
"07.11.2017","32,640","33,290","33,430","32,580","456,27K","-1,57%"
"06.11.2017","33,160","33,080","33,220","32,870","370,45K","0,42%"
"03.11.2017","33,020","33,440","33,440","32,750","534,84K","-0,87%"
"02.11.2017","33,310","33,340","33,700","33,180","662,55K","-0,06%"
"01.11.2017","33,330","32,990","33,400","32,890","819,13K","1,93%"
"31.10.2017","32,700","32,560","32,990","32,550","737,94K","0,77%"
"30.10.2017","32,450","31,970","32,590","31,950","924,94K","2,46%"
"27.10.2017","31,670","32,010","32,010","31,150","596,55K","-0,81%"
"26.10.2017","31,930","31,490","32,150","31,350","1,02M","1,72%"
"25.10.2017","31,390","31,430","31,630","31,280","586,19K","-0,63%"
"24.10.2017","31,590","31,680","31,960","31,500","447,19K","-0,44%"
"23.10.2017","31,730","32,070","32,110","31,660","502,11K","-1,34%"
"20.10.2017","32,160","32,300","32,370","31,820","692,27K","-0,46%"
"19.10.2017","32,310","31,860","32,470","31,440","1,96M","1,19%"
"18.10.2017","31,930","30,420","32,740","30,090","2,80M","5,17%"
"17.10.2017","30,360","30,270","30,730","30,060","587,61K","0,30%"
"16.10.2017","30,270","29,980","30,530","29,830","575,09K","0,77%"
"13.10.2017","30,040","29,950","30,400","29,920","743,52K","0,07%"
"12.10.2017","30,020","30,130","30,450","29,930","808,06K","0,03%"
"11.10.2017","30,010","29,780","30,140","29,440","1,26M","1,25%"
"10.10.2017","29,640","29,630","29,780","29,410","443,68K","-0,30%"
"09.10.2017","29,730","29,460","29,860","29,460","483,54K","0,58%"
"06.10.2017","29,560","29,770","29,810","29,350","1,06M","-1,50%"
"05.10.2017","30,010","28,870","30,010","28,850","1,82M","3,55%"
"04.10.2017","28,980","29,930","29,990","28,780","1,88M","-3,43%"
"03.10.2017","30,010","30,540","30,650","29,920","614,26K","-1,67%"
"02.10.2017","30,520","30,010","30,520","29,750","859,68K","0,76%"
"29.09.2017","30,290","30,260","30,350","29,890","577,57K","0,03%"
"28.09.2017","30,280","30,010","30,280","29,960","1,45M","0,87%"
"27.09.2017","30,020","29,280","30,090","29,240","730,90K","1,94%"
"26.09.2017","29,450","29,870","29,900","29,390","788,74K","-1,34%"
"25.09.2017","29,850","30,190","30,190","29,650","792,67K","-1,26%"
"22.09.2017","30,230","30,190","30,330","29,930","344,50K","0,23%"
"21.09.2017","30,160","30,110","30,330","29,860","736,99K","0,84%"
"20.09.2017","29,910","31,060","31,090","29,480","1,80M","-3,83%"
"19.09.2017","31,100","31,300","31,480","31,100","738,47K","-0,61%"
"18.09.2017","31,290","31,240","31,420","31,080","650,26K","0,51%"
"15.09.2017","31,130","31,000","31,240","30,970","1,19M","0,10%"
"14.09.2017","31,100","31,020","31,160","30,690","1,33M","0,32%"
"13.09.2017","31,000","30,600","31,120","30,590","1,39M","1,01%"
"12.09.2017","30,690","31,010","31,220","30,690","618,02K","-0,90%"
"11.09.2017","30,970","30,890","31,190","30,720","775,49K","1,31%"
"08.09.2017","30,570","30,530","30,850","30,430","397,64K","-0,52%"
"07.09.2017","30,730","30,980","31,120","30,530","745,41K","-0,32%"
"06.09.2017","30,830","30,690","31,000","30,600","463,60K","-0,16%"
"05.09.2017","30,880","31,020","31,150","30,880","633,65K","-0,03%"
"04.09.2017","30,890","30,700","30,970","30,590","456,44K","0,16%"
"01.09.2017","30,840","30,860","31,020","30,750","754,33K","0,52%"
"31.08.2017","30,680","30,590","30,710","30,400","988,94K","0,92%"
"30.08.2017","30,400","30,270","30,460","30,090","545,67K","1,47%"
"29.08.2017","29,960","30,320","30,410","29,740","896,88K","-2,06%"
"28.08.2017","30,590","31,030","31,170","30,520","466,89K","-1,77%"
"25.08.2017","31,140","31,160","31,440","31,020","487,10K","0,19%"
"24.08.2017","31,080","31,400","31,450","31,020","944,39K","-0,54%"
"23.08.2017","31,250","31,490","31,620","31,250","652,47K","-0,57%"
"22.08.2017","31,430","31,310","31,440","31,010","740,87K","1,22%"
"21.08.2017","31,050","31,010","31,290","30,900","558,19K","-0,45%"
"18.08.2017","31,190","30,820","31,190","30,570","680,34K","-0,03%"
"17.08.2017","31,200","31,300","31,470","30,940","583,70K","-0,57%"
"16.08.2017","31,380","30,870","31,660","30,860","744,83K","2,28%"
"15.08.2017","30,680","31,040","31,290","30,580","495,92K","-0,65%"
"14.08.2017","30,880","30,090","30,900","30,050","655,93K","3,14%"
"11.08.2017","29,940","30,570","30,580","29,860","1,54M","-2,57%"
"10.08.2017","30,730","31,080","31,180","30,620","1,07M","-1,41%"
"09.08.2017","31,170","31,300","31,460","31,030","711,63K","-1,17%"
"08.08.2017","31,540","31,330","31,540","31,150","733,42K","0,83%"
"07.08.2017","31,280","31,230","31,560","31,180","537,85K","0,58%"
"04.08.2017","31,100","30,970","31,130","30,850","864,09K","0,45%"
"03.08.2017","30,960","30,820","31,120","30,630","517,98K","0,23%"
"02.08.2017","30,890","31,350","31,540","30,770","927,94K","-0,99%"
"01.08.2017","31,200","31,520","31,650","31,010","844,40K","-0,38%"
"31.07.2017","31,320","31,690","31,860","31,270","881,30K","-0,76%"
"28.07.2017","31,560","32,000","32,120","31,490","595,17K","-1,93%"
"27.07.2017","32,180","32,150","32,520","32,000","606,84K","-0,16%"
"26.07.2017","32,230","31,890","32,510","31,870","926,28K","0,97%"
"25.07.2017","31,920","31,550","31,970","31,440","1,54M","1,46%"
"24.07.2017","31,460","31,580","31,730","30,820","1,03M","-0,10%"
"21.07.2017","31,490","33,280","33,280","31,290","3,15M","-6,36%"
"20.07.2017","33,630","34,000","34,270","33,460","636,62K","-0,59%"
"19.07.2017","33,830","33,320","33,830","33,250","737,53K","2,02%"
"18.07.2017","33,160","33,400","33,730","33,100","554,21K","-1,10%"
"17.07.2017","33,530","33,430","33,800","33,370","387,34K","0,39%"
"14.07.2017","33,400","33,250","33,580","33,240","441,95K","0,18%"
"13.07.2017","33,340","33,390","33,420","33,210","475,23K","0,18%"
"12.07.2017","33,280","32,700","33,440","32,700","851,77K","2,18%"
"11.07.2017","32,570","32,710","32,890","32,420","875,75K","-0,21%"
"10.07.2017","32,640","32,780","32,970","32,390","568,68K","0,03%"
"07.07.2017","32,630","32,540","32,660","32,310","582,15K","0,68%"
"06.07.2017","32,410","33,240","33,240","32,360","732,00K","-2,35%"
"05.07.2017","33,190","32,940","33,450","32,940","544,52K","0,61%"
"04.07.2017","32,990","33,130","33,230","32,940","1,13M","-0,81%"
"03.07.2017","33,260","32,890","33,260","32,770","960,27K","1,81%"
"30.06.2017","32,670","32,610","33,180","32,440","1,01M","0,12%"
"29.06.2017","32,630","34,000","34,040","32,430","1,40M","-3,89%"
"28.06.2017","33,950","33,560","34,040","33,230","1,50M","0,83%"
"27.06.2017","33,670","33,990","34,010","33,630","979,20K","-2,86%"
"26.06.2017","34,660","34,550","34,870","34,460","1,41M","0,64%"
"23.06.2017","34,440","34,550","34,610","34,320","749,00K","-0,20%"
"22.06.2017","34,510","34,760","34,760","34,250","2,83M","-0,89%"
"21.06.2017","34,820","34,550","34,820","34,110","2,94M","0,43%"
"20.06.2017","34,670","35,260","35,260","34,640","842,36K","-1,65%"
"19.06.2017","35,250","35,190","35,500","35,130","1,09M","0,66%"
"16.06.2017","35,020","34,480","35,020","34,430","2,67M","1,57%"
"15.06.2017","34,480","34,630","34,740","34,230","1,92M","-0,81%"
"14.06.2017","34,760","34,710","35,150","34,710","1,31M","0,03%"
"13.06.2017","34,750","34,440","34,760","34,350","2,53M","0,78%"
"12.06.2017","34,480","34,610","34,610","34,320","2,14M","-0,69%"
"09.06.2017","34,720","34,580","34,810","34,420","1,19M","0,52%"
"08.06.2017","34,540","34,740","34,740","34,330","891,43K","-0,03%"
"07.06.2017","34,550","34,300","34,960","34,210","786,52K","0,20%"
"06.06.2017","34,480","34,530","34,640","34,310","1,09M","-0,26%"
"05.06.2017","34,570","34,340","34,670","34,220","692,26K","0,49%"
"02.06.2017","34,400","34,580","34,670","34,340","1,67M","-0,03%"
"01.06.2017","34,410","34,250","34,680","34,210","3,76M","0,17%"
"31.05.2017","34,350","34,530","34,880","34,130","1,56M","-0,09%"
"30.05.2017","34,380","34,700","34,830","34,200","945,73K","-1,57%"
"29.05.2017","34,930","34,550","34,990","34,470","577,32K","1,13%"
"26.05.2017","34,540","34,970","34,990","34,320","1,37M","-1,46%"
"25.05.2017","35,050","34,850","35,290","34,580","852,75K","0,60%"
"24.05.2017","34,840","34,700","35,260","34,620","1,47M","0,61%"
"23.05.2017","34,630","34,020","34,650","33,860","966,97K","0,90%"
"22.05.2017","34,320","34,480","34,790","34,270","1,22M","-0,44%"
"19.05.2017","34,470","33,460","34,470","33,290","1,13M","2,68%"
"18.05.2017","33,570","33,240","33,700","32,800","1,17M","0,60%"
"17.05.2017","33,370","34,010","34,370","33,330","2,24M","-2,57%"
"16.05.2017","34,250","34,570","34,580","34,140","1,03M","-0,81%"
"15.05.2017","34,530","34,580","34,730","34,260","742,01K","0,26%"
"12.05.2017","34,440","33,520","34,860","33,380","1,38M","3,08%"
"11.05.2017","33,410","33,680","33,800","33,250","1,19M","-1,59%"
"10.05.2017","33,950","33,890","34,030","33,610","1,11M","-0,38%"
"09.05.2017","34,080","33,520","34,190","33,470","2,41M","1,70%"
"08.05.2017","33,510","33,880","33,880","33,190","1,04M","-0,89%"
"05.05.2017","33,810","33,560","33,990","33,400","1,46M","0,87%"
"04.05.2017","33,520","33,310","33,590","33,130","1,14M","1,27%"
"03.05.2017","33,100","33,280","33,340","32,960","1,57M","-0,66%"
"02.05.2017","33,320","32,850","33,320","32,740","2,32M","1,37%"
"28.04.2017","32,870","32,440","32,980","32,330","1,52M","0,64%"
"27.04.2017","32,660","32,550","32,660","32,420","1,83M","0,15%"
"26.04.2017","32,610","32,360","32,810","32,360","1,11M","0,28%"
"25.04.2017","32,520","32,560","32,620","32,190","1,16M","-0,03%"
"24.04.2017","32,530","32,600","32,980","32,160","1,84M","3,17%"
"21.04.2017","31,530","31,550","31,700","31,210","1,51M","-0,03%"
"20.04.2017","31,540","31,110","31,680","30,800","2,18M","1,32%"
"19.04.2017","31,130","31,510","31,610","31,000","1,99M","-0,99%"
"18.04.2017","31,440","31,990","32,100","31,200","1,29M","-1,35%"
"13.04.2017","31,870","31,730","31,870","31,550","1,54M","0,25%"
"12.04.2017","31,790","32,090","32,310","30,790","1,72M","-0,90%"
"11.04.2017","32,080","32,130","32,400","31,950","1,39M","-0,65%"
"10.04.2017","32,290","32,290","32,330","32,130","918,25K","0,00%"
"07.04.2017","32,290","32,120","32,320","31,800","3,11M","0,00%"
"06.04.2017","32,290","31,360","32,330","31,300","1,80M","2,41%"
"05.04.2017","31,530","30,790","31,920","30,790","3,19M","2,47%"
"04.04.2017","30,770","30,350","31,160","29,960","23,43M","-1,03%"
"03.04.2017","31,090","30,830","31,260","30,800","1,80M","0,91%"
"31.03.2017","30,810","30,520","30,810","30,250","1,82M","0,92%"
"30.03.2017","30,530","29,800","30,650","29,640","1,99M","2,86%"
"29.03.2017","29,680","29,860","29,880","29,440","586,71K","-0,30%"
"28.03.2017","29,770","29,690","29,860","29,520","1,07M","0,88%"
"27.03.2017","29,510","29,610","29,620","29,330","876,66K","-0,81%"
"24.03.2017","29,750","29,890","29,960","29,630","460,96K","-0,37%"
"23.03.2017","29,860","29,510","29,870","29,430","817,55K","1,29%"
"22.03.2017","29,480","29,540","29,580","29,230","530,96K","-0,84%"
"21.03.2017","29,730","29,940","29,940","29,640","1,63M","-0,23%"
"20.03.2017","29,800","29,870","30,170","29,790","587,90K","-0,57%"
"17.03.2017","29,970","29,220","30,010","29,190","1,92M","2,57%"
"16.03.2017","29,220","28,920","29,330","28,770","1,20M","2,06%"
"15.03.2017","28,630","28,710","28,880","28,510","938,21K","0,17%"
"14.03.2017","28,580","28,980","28,980","28,570","704,33K","-1,28%"
"13.03.2017","28,950","29,170","29,290","28,940","382,65K","-0,75%"
"10.03.2017","29,170","29,250","29,450","29,170","668,85K","-0,14%"
"09.03.2017","29,210","29,210","29,450","29,120","769,92K","-0,07%"
"08.03.2017","29,230","29,310","29,420","29,100","861,33K","-0,44%"
"07.03.2017","29,360","29,430","29,460","29,260","693,26K","-0,14%"
"06.03.2017","29,400","29,340","29,530","29,260","751,19K","0,10%"
"03.03.2017","29,370","28,980","29,420","28,860","721,04K","1,14%"
"02.03.2017","29,040","29,030","29,120","28,930","1,36M","-0,45%"
"01.03.2017","29,170","29,070","29,530","28,460","1,63M","1,96%"
"28.02.2017","28,610","28,780","29,030","28,570","1,21M","0,07%"
"27.02.2017","28,590","28,390","28,680","28,140","723,58K","0,95%"
"24.02.2017","28,320","28,530","28,610","28,240","672,71K","-0,74%"
"23.02.2017","28,530","28,610","28,870","28,440","514,74K","-0,70%"
"22.02.2017","28,730","28,780","28,950","28,400","652,88K","-0,14%"
"21.02.2017","28,770","28,430","28,810","28,320","624,66K","1,12%"
"20.02.2017","28,450","28,690","28,760","28,430","505,89K","-0,77%"
"17.02.2017","28,670","28,870","28,920","28,500","539,69K","-0,49%"
"16.02.2017","28,810","28,950","29,030","28,630","611,44K","-0,55%"
"15.02.2017","28,970","28,980","29,040","28,790","412,58K","0,35%"
"14.02.2017","28,870","29,160","29,160","28,770","536,16K","-0,55%"
"13.02.2017","29,030","28,900","29,150","28,750","719,27K","1,01%"
"10.02.2017","28,740","28,740","28,850","28,540","548,62K","0,52%"
"09.02.2017","28,590","28,500","28,630","28,170","651,43K","0,81%"
"08.02.2017","28,360","27,800","28,980","27,800","1,25M","2,79%"
"07.02.2017","27,590","27,580","27,850","27,490","407,64K","-0,04%"
"06.02.2017","27,600","27,860","28,110","27,390","748,58K","-1,04%"
"03.02.2017","27,890","27,770","28,050","27,680","463,45K","0,76%"
"02.02.2017","27,680","27,430","27,800","27,390","686,55K","0,29%"
"01.02.2017","27,600","27,820","27,860","27,500","749,55K","0,33%"
"31.01.2017","27,510","27,370","27,940","27,370","880,22K","0,36%"
"30.01.2017","27,410","28,010","28,100","27,390","511,09K","-2,21%"
"27.01.2017","28,030","28,100","28,100","27,770","551,20K","0,21%"
"26.01.2017","27,970","28,490","28,550","27,910","749,80K","-1,65%"
"25.01.2017","28,440","28,270","28,490","28,090","872,06K","1,54%"
"24.01.2017","28,010","27,740","28,040","27,650","663,18K","1,01%"
"23.01.2017","27,730","27,760","27,880","27,520","782,79K","-0,22%"
"20.01.2017","27,790","27,910","28,030","27,510","900,58K","-1,80%"
"19.01.2017","28,300","28,500","28,670","28,220","906,84K","-0,77%"
"18.01.2017","28,520","28,830","28,930","28,470","686,56K","-1,21%"
"17.01.2017","28,870","28,960","29,050","28,610","534,73K","-0,38%"
"16.01.2017","28,980","29,300","29,400","28,980","380,39K","-1,36%"
"13.01.2017","29,380","29,460","29,470","28,900","675,80K","0,82%"
"12.01.2017","29,140","29,440","29,530","29,140","766,70K","-1,45%"
"11.01.2017","29,570","29,100","29,710","28,980","1,19M","2,14%"
"10.01.2017","28,950","29,010","29,110","28,770","718,75K","0,10%"
"09.01.2017","28,920","29,130","29,200","28,880","578,61K","-0,72%"
"06.01.2017","29,130","29,160","29,200","28,890","309,96K","0,14%"
"05.01.2017","29,090","29,120","29,290","28,780","533,18K","-0,10%"
"04.01.2017","29,120","29,570","29,630","28,890","977,62K","-1,46%"
"03.01.2017","29,550","29,600","29,700","29,290","734,65K","0,20%"
"02.01.2017","29,490","28,870","29,640","28,870","550,13K","2,08%"
"30.12.2016","28,890","28,760","29,020","28,750","372,62K","0,14%"
"29.12.2016","28,850","28,520","28,850","28,430","448,64K","0,45%"
"28.12.2016","28,720","28,930","28,970","28,680","429,36K","-1,03%"
"27.12.2016","29,020","28,790","29,120","28,730","264,44K","-0,79%"
"23.12.2016","29,250","29,570","29,630","29,250","634,32K","-0,98%"
"22.12.2016","29,540","29,420","29,640","29,410","614,53K","-0,03%"
"21.12.2016","29,550","29,570","29,680","29,330","715,62K","-0,07%"
"20.12.2016","29,570","29,570","29,790","29,430","802,36K","0,48%"
"19.12.2016","29,430","29,340","29,630","29,290","699,20K","-0,24%"
"16.12.2016","29,500","29,250","29,630","28,980","1,74M","0,79%"
"15.12.2016","29,270","28,950","29,400","28,710","990,13K","1,07%"
"14.12.2016","28,960","29,020","29,090","28,680","946,32K","-0,24%"
"13.12.2016","29,030","28,470","29,090","28,360","1,14M","2,25%"
"12.12.2016","28,390","28,490","28,550","28,310","645,73K","-0,28%"
"09.12.2016","28,470","28,370","28,470","28,140","687,26K","0,04%"
"08.12.2016","28,460","28,130","28,470","28,070","966,88K","1,86%"
"07.12.2016","27,940","28,250","28,340","27,750","598,92K","-0,64%"
"06.12.2016","28,120","27,500","28,120","27,360","595,21K","2,63%"
"05.12.2016","27,400","27,120","27,750","27,120","614,00K","0,55%"
"02.12.2016","27,250","27,260","27,330","26,990","778,13K","-0,18%"
"01.12.2016","27,300","26,940","27,300","26,810","768,77K","0,78%"
"30.11.2016","27,090","27,110","27,170","26,880","1,23M","1,23%"
"29.11.2016","26,760","26,280","26,780","26,220","741,45K","1,79%"
"28.11.2016","26,290","26,340","26,610","26,140","535,37K","-0,64%"
"25.11.2016","26,460","26,630","26,630","26,320","384,73K","-0,11%"
"24.11.2016","26,490","26,470","26,660","26,410","565,76K","0,30%"
"23.11.2016","26,410","26,560","26,590","26,240","607,11K","-0,23%"
"22.11.2016","26,470","26,160","26,830","26,120","1,01M","2,24%"
"21.11.2016","25,890","26,450","26,460","25,810","920,31K","-0,84%"
"18.11.2016","26,110","26,570","26,590","25,910","957,91K","-1,29%"
"17.11.2016","26,450","26,640","26,690","26,340","862,40K","-0,56%"
"16.11.2016","26,600","26,950","27,150","26,370","935,04K","-1,30%"
"15.11.2016","26,950","26,980","27,150","26,420","1,43M","-2,07%"
"14.11.2016","27,520","27,790","27,790","27,130","860,11K","1,36%"
"11.11.2016","27,150","28,060","28,120","27,010","1,42M","-3,45%"
"10.11.2016","28,120","28,080","28,980","27,820","1,85M","1,81%"
"09.11.2016","27,620","25,350","27,710","25,290","1,87M","5,22%"
"08.11.2016","26,250","26,210","26,300","26,030","497,17K","0,50%"
"07.11.2016","26,120","25,960","26,250","25,800","588,64K","2,03%"
"04.11.2016","25,600","25,910","25,910","25,350","649,18K","-1,31%"
"03.11.2016","25,940","26,320","26,320","25,940","556,92K","-1,52%"
"02.11.2016","26,340","26,810","26,810","26,280","597,02K","-2,01%"
"01.11.2016","26,880","27,500","27,500","26,830","676,91K","-1,29%"
"31.10.2016","27,230","27,260","27,330","27,020","737,21K","-0,84%"
"28.10.2016","27,460","26,460","27,490","26,310","1,15M","3,47%"
"27.10.2016","26,540","26,670","26,800","26,420","621,81K","-0,71%"
"26.10.2016","26,730","26,570","26,760","26,260","471,92K","0,64%"
"25.10.2016","26,560","26,660","26,730","26,530","592,51K","-0,23%"
"24.10.2016","26,620","26,550","26,770","26,460","808,30K","1,14%"
"21.10.2016","26,320","26,180","26,370","26,150","633,18K","0,50%"
"20.10.2016","26,190","26,090","26,320","25,960","678,65K","0,58%"
"19.10.2016","26,040","26,130","26,130","25,920","612,36K","-0,04%"
"18.10.2016","26,050","26,120","26,190","25,960","521,98K","0,39%"
"17.10.2016","25,950","26,020","26,140","25,720","576,01K","-0,54%"
"14.10.2016","26,090","25,860","26,260","25,820","508,70K","1,52%"
"13.10.2016","25,700","25,930","25,940","25,520","889,80K","-1,61%"
"12.10.2016","26,120","26,020","26,160","25,820","378,23K","0,89%"
"11.10.2016","25,890","26,120","26,290","25,850","473,37K","-1,11%"
"10.10.2016","26,180","26,070","26,270","25,800","502,48K","0,46%"
"07.10.2016","26,060","26,460","26,460","25,960","687,08K","-1,40%"
"06.10.2016","26,430","26,440","26,590","26,210","593,14K","0,46%"
"05.10.2016","26,310","26,070","26,340","25,900","520,58K","0,15%"
"04.10.2016","26,270","26,090","26,410","26,090","788,19K","0,81%"
"03.10.2016","26,060","26,290","26,290","25,910","429,17K","-0,65%"
"30.09.2016","26,230","25,970","26,280","25,660","1,10M","-0,04%"
"29.09.2016","26,240","26,370","26,710","26,180","687,87K","0,42%"
"28.09.2016","26,130","26,070","26,380","26,070","669,45K","0,54%"
"27.09.2016","25,990","26,420","26,510","25,750","726,37K","-1,14%"
"26.09.2016","26,290","26,110","26,400","25,730","765,10K","0,31%"
"23.09.2016","26,210","25,990","26,370","25,840","780,26K","0,69%"
"22.09.2016","26,030","25,010","26,210","24,990","1,20M","4,92%"
"21.09.2016","24,810","24,610","24,890","24,470","845,27K","2,14%"
"20.09.2016","24,290","24,430","24,500","24,210","411,64K","-0,98%"
"19.09.2016","24,530","24,430","24,620","24,280","491,97K","1,36%"
"16.09.2016","24,200","24,540","24,640","24,130","862,60K","-1,31%"
"15.09.2016","24,520","24,590","24,680","24,140","790,04K","-0,77%"
"14.09.2016","24,710","24,890","24,960","24,400","852,97K","-0,24%"
"13.09.2016","24,770","25,300","25,450","24,770","571,13K","-1,63%"
"12.09.2016","25,180","25,500","25,500","24,840","604,86K","-2,52%"
"09.09.2016","25,830","25,890","26,150","25,640","612,63K","-0,92%"
"08.09.2016","26,070","25,840","26,180","25,740","544,71K","0,66%"
"07.09.2016","25,900","25,920","26,010","25,680","494,86K","0,04%"
"06.09.2016","25,890","25,970","25,970","25,740","573,57K","0,19%"
"05.09.2016","25,840","25,450","25,880","25,450","429,46K","1,73%"
"02.09.2016","25,400","25,270","25,520","25,160","538,39K","0,75%"
"01.09.2016","25,210","24,860","25,480","24,860","589,21K","1,78%"
"31.08.2016","24,770","24,860","25,170","24,730","976,62K","-0,48%"
"30.08.2016","24,890","24,740","25,080","24,680","440,84K","1,14%"
"29.08.2016","24,610","24,710","24,860","24,550","431,62K","-0,65%"
"26.08.2016","24,770","24,680","24,870","24,530","433,36K","0,53%"
"25.08.2016","24,640","24,870","24,910","24,520","607,57K","-1,40%"
"24.08.2016","24,990","24,580","25,110","24,460","426,81K","0,56%"
"23.08.2016","24,850","24,710","24,890","24,540","480,00K","1,14%"
"22.08.2016","24,570","24,470","24,720","24,340","507,76K","0,49%"
"19.08.2016","24,450","24,660","24,660","24,250","649,55K","-0,65%"
"18.08.2016","24,610","24,280","24,610","24,050","677,89K","2,12%"
"17.08.2016","24,100","25,040","25,040","24,090","624,07K","-3,45%"
"16.08.2016","24,960","24,990","25,190","24,810","527,84K","-0,36%"
"15.08.2016","25,050","25,070","25,140","24,810","415,71K","-0,12%"
"12.08.2016","25,080","25,050","25,220","24,930","892,05K","0,24%"
"11.08.2016","25,020","24,780","25,020","24,570","766,04K","1,38%"
"10.08.2016","24,680","24,460","24,700","24,340","771,33K","0,41%"
"09.08.2016","24,580","24,290","24,610","24,060","544,55K","1,19%"
"08.08.2016","24,290","24,170","24,510","24,130","563,55K","1,08%"
"05.08.2016","24,030","23,890","24,110","23,760","797,65K","1,05%"
"04.08.2016","23,780","23,710","23,920","23,570","982,50K","0,59%"
"03.08.2016","23,640","24,120","24,130","23,050","1,15M","-1,42%"
"02.08.2016","23,980","24,770","24,800","23,870","846,37K","-3,31%"
"01.08.2016","24,800","25,270","25,820","24,730","680,14K","-0,84%"
"29.07.2016","25,010","25,490","25,830","24,800","999,45K","-1,96%"
"28.07.2016","25,510","25,930","26,230","25,510","702,43K","-1,28%"
"27.07.2016","25,840","25,560","26,110","25,550","696,56K","1,14%"
"26.07.2016","25,550","25,350","25,570","24,960","703,18K","0,99%"
"25.07.2016","25,300","24,910","25,370","24,580","635,80K","1,44%"
"22.07.2016","24,940","25,350","25,570","24,930","668,14K","-1,97%"
"21.07.2016","25,440","25,610","25,610","25,080","932,71K","-0,04%"
"20.07.2016","25,450","26,120","26,120","25,390","1,15M","-2,49%"
"19.07.2016","26,100","25,810","26,170","25,660","679,88K","0,85%"
"18.07.2016","25,880","25,910","26,130","25,500","534,17K","0,31%"
"15.07.2016","25,800","25,720","25,910","25,570","567,79K","-0,46%"
"14.07.2016","25,920","26,050","26,070","25,550","510,93K","0,62%"
"13.07.2016","25,760","26,130","26,420","25,680","783,61K","-1,42%"
"12.07.2016","26,130","25,670","26,330","25,550","978,22K","2,27%"
"11.07.2016","25,550","25,030","25,550","24,910","688,78K","3,15%"
"08.07.2016","24,770","24,320","24,930","24,130","838,23K","1,72%"
"07.07.2016","24,350","24,280","24,410","23,820","1,17M","0,29%"
"06.07.2016","24,280","24,630","24,850","23,990","1,18M","-1,98%"
"05.07.2016","24,770","24,470","24,940","24,180","1,11M","0,00%"
"04.07.2016","24,770","24,610","24,870","24,380","702,88K","0,77%"
"01.07.2016","24,580","24,070","24,580","23,710","1,11M","3,32%"
"30.06.2016","23,790","23,980","24,000","23,410","1,35M","-0,83%"
"29.06.2016","23,990","23,740","24,130","23,410","942,18K","2,65%"
"28.06.2016","23,370","23,560","23,620","23,130","954,68K","1,43%"
"27.06.2016","23,040","24,470","24,570","22,870","1,55M","-5,54%"
"24.06.2016","24,390","21,160","25,580","21,160","1,79M","-10,79%"
"23.06.2016","27,340","27,400","27,620","27,050","697,53K","0,63%"
"22.06.2016","27,170","27,510","27,510","27,000","469,11K","-0,04%"
"21.06.2016","27,180","27,300","27,420","27,020","780,50K","-0,11%"
"20.06.2016","27,210","26,730","27,210","26,650","548,26K","4,65%"
"17.06.2016","26,000","25,320","26,050","25,290","1,66M","3,38%"
"16.06.2016","25,150","25,210","25,350","24,910","976,20K","-1,53%"
"15.06.2016","25,540","25,770","26,050","25,540","817,79K","-0,27%"
"14.06.2016","25,610","25,900","25,980","25,560","842,88K","-2,21%"
"13.06.2016","26,190","26,610","26,760","26,190","726,35K","-2,96%"
"10.06.2016","26,990","28,050","28,080","26,920","825,58K","-4,56%"
"09.06.2016","28,280","28,320","28,380","27,890","546,81K","-0,49%"
"08.06.2016","28,420","28,550","28,580","28,310","516,36K","-1,08%"
"07.06.2016","28,730","28,580","28,800","28,460","648,85K","1,13%"
"06.06.2016","28,410","28,330","28,630","28,250","460,78K","0,18%"
"03.06.2016","28,360","29,130","29,200","28,190","767,16K","-1,87%"
"02.06.2016","28,900","28,650","29,190","28,630","497,57K","0,66%"
"01.06.2016","28,710","29,000","29,020","28,460","644,33K","-0,69%"
"31.05.2016","28,910","28,570","28,950","28,420","1,02M","1,37%"
"30.05.2016","28,520","28,450","28,630","28,370","213,49K","-0,18%"
"27.05.2016","28,570","28,560","28,570","28,320","418,45K","0,32%"
"26.05.2016","28,480","28,380","28,740","28,300","654,09K","0,18%"
"25.05.2016","28,430","28,170","28,580","28,130","728,36K","1,64%"
"24.05.2016","27,970","27,610","28,030","27,370","595,55K","1,38%"
"23.05.2016","27,590","27,630","27,760","27,230","625,55K","0,18%"
"20.05.2016","27,540","27,480","27,690","27,390","835,51K","0,73%"
"19.05.2016","27,340","27,630","27,820","27,250","802,89K","-1,19%"
"18.05.2016","27,670","26,980","27,670","26,960","757,03K","1,58%"
"17.05.2016","27,240","27,350","27,610","27,020","743,53K","0,41%"
"16.05.2016","27,130","26,910","27,130","26,580","442,74K","0,48%"
"13.05.2016","27,000","26,420","27,310","26,260","937,93K","1,58%"
"12.05.2016","26,580","26,790","27,070","26,490","680,36K","-1,37%"
"11.05.2016","26,950","26,860","27,060","26,690","919,95K","-0,30%"
"10.05.2016","27,030","27,280","27,310","26,840","908,71K","0,11%"
"09.05.2016","27,000","27,490","27,790","26,940","677,81K","-1,53%"
"06.05.2016","27,420","27,600","27,820","27,250","771,13K","-0,98%"
"05.05.2016","27,690","27,640","28,030","27,570","797,10K","0,25%"
"04.05.2016","27,620","27,900","27,940","27,490","752,87K","-0,83%"
"03.05.2016","27,850","28,510","28,510","27,610","958,60K","-2,31%"
"02.05.2016","28,510","28,310","28,640","28,140","387,20K","0,78%"
"29.04.2016","28,290","28,570","28,680","28,280","1,00M","-1,80%"
"28.04.2016","28,810","28,630","28,860","28,240","977,35K","0,31%"
"27.04.2016","28,720","28,670","28,980","28,520","896,60K","0,03%"
"26.04.2016","28,710","28,500","28,870","28,430","945,67K","1,02%"
"25.04.2016","28,420","28,320","28,490","28,020","1,07M","0,35%"
"22.04.2016","28,320","28,180","28,520","28,050","850,62K","0,14%"
"21.04.2016","28,280","28,380","28,650","28,090","1,01M","0,28%"
"20.04.2016","28,200","27,620","28,200","27,520","1,45M","2,10%"
"19.04.2016","27,620","27,430","27,860","27,400","800,20K","0,80%"
"18.04.2016","27,400","26,600","27,430","26,260","739,55K","1,59%"
"15.04.2016","26,970","26,960","27,100","26,890","1,03M","-0,11%"
"14.04.2016","27,000","27,330","27,410","26,890","999,38K","-0,59%"
"13.04.2016","27,160","26,890","27,420","26,790","1,35M","2,03%"
"12.04.2016","26,620","26,690","26,790","26,230","1,42M","0,41%"
"11.04.2016","26,510","26,060","26,870","25,930","1,04M","1,34%"
"08.04.2016","26,160","25,220","26,260","25,220","752,31K","3,85%"
"07.04.2016","25,190","25,370","25,700","24,960","1,15M","-0,28%"
"06.04.2016","25,260","25,360","25,610","25,060","682,81K","0,00%"
"05.04.2016","25,260","25,450","25,730","25,040","959,22K","-2,09%"
"04.04.2016","25,800","25,940","26,060","25,600","778,53K","-0,73%"
"01.04.2016","25,990","25,290","26,060","25,180","924,16K","1,29%"
"31.03.2016","25,660","26,080","26,080","25,580","1,63M","-1,87%"
"30.03.2016","26,150","25,440","26,700","25,440","1,10M","3,89%"
"29.03.2016","25,170","25,270","25,550","25,000","864,77K","0,76%"
"24.03.2016","24,980","25,370","25,370","24,820","791,18K","-2,69%"
"23.03.2016","25,670","26,070","26,330","25,460","691,79K","-0,81%"
"22.03.2016","25,880","25,810","25,920","25,320","721,53K","0,04%"
"21.03.2016","25,870","25,950","26,350","25,700","672,93K","-0,54%"
"18.03.2016","26,010","25,470","26,100","25,310","1,14M","2,93%"
"17.03.2016","25,270","25,030","25,270","24,370","1,32M","1,65%"
"16.03.2016","24,860","24,830","25,030","24,370","732,34K","0,61%"
"15.03.2016","24,710","25,010","25,060","24,640","1,10M","-1,79%"
"14.03.2016","25,160","25,380","25,590","25,090","755,37K","-0,44%"
"11.03.2016","25,270","24,880","25,330","24,790","1,11M","3,69%"
"10.03.2016","24,370","25,040","25,420","24,370","1,49M","-2,83%"
"09.03.2016","25,080","25,140","25,350","25,000","1,16M","0,00%"
"08.03.2016","25,080","25,130","25,370","24,780","1,30M","-0,59%"
"07.03.2016","25,230","25,040","25,440","24,730","1,27M","-0,08%"
"04.03.2016","25,250","25,220","25,350","24,650","916,77K","1,16%"
"03.03.2016","24,960","24,490","25,120","24,260","1,08M","2,38%"
"02.03.2016","24,380","23,950","24,480","23,880","1,35M","2,52%"
"01.03.2016","23,780","23,440","23,880","23,280","935,32K","1,28%"
"29.02.2016","23,480","23,200","23,490","22,770","1,43M","0,51%"
"26.02.2016","23,360","22,580","23,550","22,580","2,05M","6,47%"
"25.02.2016","21,940","21,600","22,040","21,430","1,38M","3,93%"
"24.02.2016","21,110","21,540","21,560","20,990","1,11M","-2,04%"
"23.02.2016","21,550","21,150","21,950","21,070","1,28M","1,32%"
"22.02.2016","21,270","20,910","21,340","20,910","891,90K","2,75%"
"19.02.2016","20,700","20,900","21,070","20,350","1,01M","-1,15%"
"18.02.2016","20,940","21,190","21,310","20,710","1,08M","-0,57%"
"17.02.2016","21,060","20,080","21,220","20,080","1,12M","4,88%"
"16.02.2016","20,080","20,080","20,260","19,880","1,23M","0,90%"
"15.02.2016","19,900","19,680","20,040","19,680","1,01M","3,97%"
"12.02.2016","19,140","19,270","19,360","18,970","960,61K","1,16%"
"11.02.2016","18,920","19,680","19,680","18,920","1,22M","-4,92%"
"10.02.2016","19,900","19,810","20,490","19,530","927,54K","1,58%"
"09.02.2016","19,590","20,220","20,420","19,030","1,85M","-3,55%"
"08.02.2016","20,310","21,760","21,760","20,260","1,28M","-5,75%"
"05.02.2016","21,550","21,760","22,060","21,490","1,54M","-0,60%"
"04.02.2016","21,680","21,540","21,780","21,150","1,27M","2,51%"
"03.02.2016","21,150","21,790","21,790","20,830","1,42M","-2,98%"
"02.02.2016","21,800","22,820","22,840","21,670","1,67M","-4,47%"
"01.02.2016","22,820","22,980","23,140","22,500","1,31M","-0,04%"
"29.01.2016","22,830","22,720","22,840","22,320","1,74M","1,97%"
"28.01.2016","22,390","22,440","23,030","22,150","1,23M","-0,97%"
"27.01.2016","22,610","22,480","22,730","22,100","969,16K","0,62%"
"26.01.2016","22,470","21,600","22,520","21,550","1,12M","2,46%"
"25.01.2016","21,930","22,300","22,300","21,740","1,34M","-0,99%"
"22.01.2016","22,150","21,740","22,400","21,580","1,51M","3,94%"
"21.01.2016","21,310","21,010","21,430","20,810","1,22M","1,33%"
"20.01.2016","21,030","21,500","21,640","20,880","1,53M","-4,58%"
"19.01.2016","22,040","22,230","22,390","21,840","1,04M","1,10%"
"18.01.2016","21,800","21,800","22,140","21,530","1,35M","-0,41%"
"15.01.2016","21,890","22,420","22,490","21,600","1,49M","-2,88%"
"14.01.2016","22,540","22,800","22,840","21,970","1,80M","-2,17%"
"13.01.2016","23,040","23,650","23,720","22,880","1,29M","-1,83%"
"12.01.2016","23,470","23,660","23,790","23,390","1,35M","-0,38%"
"11.01.2016","23,560","23,560","23,900","23,100","1,16M","-0,38%"
"08.01.2016","23,650","24,060","24,310","23,510","1,26M","-1,54%"
"07.01.2016","24,020","24,120","24,220","23,630","1,38M","-2,75%"
"06.01.2016","24,700","24,800","25,020","24,320","832,01K","-0,80%"
"05.01.2016","24,900","25,180","25,290","24,690","721,21K","0,20%"
"04.01.2016","24,850","25,680","25,680","24,670","1,07M","-4,42%"
"31.12.2015","26,000","25,800","26,040","25,500","372,56K","0,27%"
"30.12.2015","25,930","25,630","26,000","25,600","537,44K","0,86%"
"29.12.2015","25,710","25,730","25,910","25,520","562,03K","0,51%"
"28.12.2015","25,580","26,220","26,310","25,570","534,82K","-2,63%"
"24.12.2015","26,270","26,230","26,440","25,960","221,22K","0,61%"
"23.12.2015","26,110","25,270","26,280","25,240","786,50K","4,27%"
"22.12.2015","25,040","24,860","25,140","24,820","703,38K","1,38%"
"21.12.2015","24,700","24,980","25,340","24,700","843,48K","-3,25%"
"18.12.2015","25,530","25,720","25,960","25,070","1,70M","-1,43%"
"17.12.2015","25,900","26,080","26,320","25,720","1,30M","1,45%"
"16.12.2015","25,530","25,610","25,850","25,120","1,30M","-0,16%"
"15.12.2015","25,570","25,010","25,730","24,730","1,79M","2,24%"
"14.12.2015","25,010","25,980","25,980","25,010","1,46M","-3,81%"
"11.12.2015","26,000","26,960","26,960","26,000","1,61M","-4,31%"
"10.12.2015","27,170","27,210","27,710","27,060","1,45M","-0,91%"
"09.12.2015","27,420","26,750","27,520","26,370","1,37M","2,74%"
"08.12.2015","26,690","27,350","27,350","26,520","922,98K","-2,13%"
"07.12.2015","27,270","27,280","27,560","27,080","802,57K","0,07%"
"04.12.2015","27,250","27,980","28,150","26,540","3,24M","-3,57%"
"03.12.2015","28,260","29,610","29,880","28,120","1,28M","-4,46%"
"02.12.2015","29,580","29,710","29,850","29,310","759,30K","-0,07%"
"01.12.2015","29,600","29,660","29,870","29,510","526,11K","-0,37%"
"30.11.2015","29,710","29,710","29,950","29,600","1,61M","-0,10%"
"27.11.2015","29,740","29,680","29,820","29,420","1,11M","-0,20%"
"26.11.2015","29,800","29,390","29,860","29,350","532,48K","1,12%"
"25.11.2015","29,470","29,500","29,600","29,180","728,90K","0,00%"
"24.11.2015","29,470","29,560","29,560","29,030","668,13K","-0,77%"
"23.11.2015","29,700","29,390","29,900","29,140","673,25K","1,26%"
"20.11.2015","29,330","29,830","29,930","29,270","786,04K","-1,68%"
"19.11.2015","29,830","29,790","29,970","29,640","1,21M","0,74%"
"18.11.2015","29,610","28,930","29,630","28,870","1,02M","1,72%"
"17.11.2015","29,110","28,730","29,300","28,610","1,20M","2,39%"
"16.11.2015","28,430","27,670","28,590","27,660","767,24K","1,35%"
"13.11.2015","28,050","28,670","28,670","27,330","1,94M","-3,01%"
"12.11.2015","28,920","29,960","29,980","28,850","689,80K","-3,05%"
"11.11.2015","29,830","30,020","30,410","29,730","732,80K","-0,03%"
"10.11.2015","29,840","29,990","29,990","29,470","655,01K","-0,37%"
"09.11.2015","29,950","30,140","30,360","29,850","506,88K","-0,73%"
"06.11.2015","30,170","29,870","30,490","29,790","648,66K","1,11%"
"05.11.2015","29,840","30,080","30,080","29,610","1,21M","-0,73%"
"04.11.2015","30,060","30,500","30,860","30,050","884,60K","-1,15%"
"03.11.2015","30,410","30,220","30,460","30,190","1,14M","0,63%"
"02.11.2015","30,220","29,450","30,460","29,400","996,28K","1,48%"
"30.10.2015","29,780","29,340","29,780","29,100","899,52K","1,95%"
"29.10.2015","29,210","29,160","29,210","28,530","795,03K","0,83%"
"28.10.2015","28,970","28,580","29,080","28,440","464,67K","1,29%"
"27.10.2015","28,600","28,970","29,000","28,430","776,79K","-1,45%"
"26.10.2015","29,020","28,900","29,020","28,690","636,57K","0,52%"
"23.10.2015","28,870","28,870","29,150","28,790","750,87K","0,63%"
"22.10.2015","28,690","28,460","28,820","28,130","825,07K","0,84%"
"21.10.2015","28,450","28,160","28,580","27,940","653,94K","1,61%"
"20.10.2015","28,000","28,170","28,280","27,720","576,24K","-0,67%"
"19.10.2015","28,190","28,390","28,630","28,080","507,36K","-0,60%"
"16.10.2015","28,360","28,330","28,670","28,170","1,08M","1,14%"
"15.10.2015","28,040","28,500","28,550","28,040","887,62K","-0,71%"
"14.10.2015","28,240","27,600","28,490","27,450","1,08M","2,02%"
"13.10.2015","27,680","27,940","27,980","27,510","799,25K","-0,93%"
"12.10.2015","27,940","28,270","28,670","27,700","1,06M","-0,92%"
"09.10.2015","28,200","27,840","28,390","27,810","1,02M","3,22%"
"08.10.2015","27,320","27,400","27,520","27,080","1,05M","-0,40%"
"07.10.2015","27,430","27,020","27,670","27,010","1,04M","2,24%"
"06.10.2015","26,830","26,650","27,120","26,480","726,33K","0,56%"
"05.10.2015","26,680","25,710","26,880","25,570","960,39K","5,87%"
"02.10.2015","25,200","25,120","25,390","24,920","1,10M","1,00%"
"01.10.2015","24,950","25,100","25,360","24,890","932,38K","0,89%"
"30.09.2015","24,730","25,040","25,070","24,560","1,09M","0,82%"
"29.09.2015","24,530","24,330","24,880","24,120","843,92K","-0,41%"
"28.09.2015","24,630","25,100","25,330","24,320","839,54K","-2,38%"
"25.09.2015","25,230","25,140","25,590","25,080","820,90K","1,73%"
"24.09.2015","24,800","25,620","25,690","24,500","1,31M","-2,17%"
"23.09.2015","25,350","25,600","25,820","25,170","1,32M","-1,21%"
"22.09.2015","25,660","26,580","26,620","25,560","831,37K","-3,46%"
"21.09.2015","26,580","26,600","26,750","26,340","590,84K","0,00%"
"18.09.2015","26,580","27,350","27,350","26,550","925,54K","-3,45%"
"17.09.2015","27,530","27,160","27,590","27,070","749,56K","1,66%"
"16.09.2015","27,080","27,140","27,170","26,750","909,20K","0,30%"
"15.09.2015","27,000","26,970","27,170","26,380","782,35K","0,45%"
"14.09.2015","26,880","27,270","27,390","26,790","639,68K","-0,99%"
"11.09.2015","27,150","27,570","27,570","26,820","760,29K","-1,13%"
"10.09.2015","27,460","27,130","27,760","26,990","862,96K","0,15%"
"09.09.2015","27,420","27,620","27,790","27,350","819,00K","1,90%"
"08.09.2015","26,910","26,930","27,200","26,850","623,15K","0,37%"
"07.09.2015","26,810","26,920","27,030","26,680","492,22K","0,11%"
"04.09.2015","26,780","26,730","26,880","26,380","642,24K","-0,74%"
"03.09.2015","26,980","26,800","27,250","26,600","853,92K","1,43%"
"02.09.2015","26,600","27,100","27,210","26,470","987,73K","-1,48%"
"01.09.2015","27,000","27,460","27,620","26,580","787,75K","-3,05%"
"31.08.2015","27,850","27,740","27,950","27,450","744,36K","-0,25%"
"28.08.2015","27,920","27,790","27,950","27,460","575,61K","0,72%"
"27.08.2015","27,720","27,650","27,890","27,410","694,75K","2,48%"
"26.08.2015","27,050","26,740","27,450","26,520","888,13K","-0,66%"
"25.08.2015","27,230","26,510","27,390","26,510","791,00K","4,13%"
"24.08.2015","26,150","26,870","27,270","25,550","1,86M","-5,87%"
"21.08.2015","27,780","28,410","28,600","27,760","1,30M","-3,47%"
"20.08.2015","28,780","29,750","29,860","28,610","1,13M","-3,49%"
"19.08.2015","29,820","29,830","30,100","29,490","466,83K","-0,50%"
"18.08.2015","29,970","29,940","30,260","29,870","482,36K","-0,07%"
"17.08.2015","29,990","30,000","30,290","29,700","596,63K","1,08%"
"14.08.2015","29,670","29,930","30,130","29,670","404,92K","-0,87%"
"13.08.2015","29,930","29,780","30,020","29,760","630,72K","1,91%"
"12.08.2015","29,370","29,960","29,980","29,270","732,29K","-2,91%"
"11.08.2015","30,250","30,850","31,070","30,220","656,46K","-2,07%"
"10.08.2015","30,890","30,870","31,110","30,380","707,24K","0,52%"
"07.08.2015","30,730","30,120","30,920","30,080","1,10M","1,75%"
"06.08.2015","30,200","30,210","30,310","29,770","879,39K","-0,07%"
"05.08.2015","30,220","29,320","30,230","29,180","915,34K","3,74%"
"04.08.2015","29,130","29,710","29,780","29,070","737,04K","-2,22%"
"03.08.2015","29,790","29,560","29,960","29,400","664,45K","1,33%"
"31.07.2015","29,400","29,340","29,780","28,910","769,95K","0,89%"
"30.07.2015","29,140","29,390","29,500","28,900","822,48K","0,34%"
"29.07.2015","29,040","29,160","29,290","28,870","751,91K","0,03%"
"28.07.2015","29,030","28,690","29,050","28,630","592,72K","1,26%"
"27.07.2015","28,670","28,920","29,010","28,520","500,34K","-1,34%"
"24.07.2015","29,060","29,450","29,500","29,050","489,36K","-1,42%"
"23.07.2015","29,480","29,850","29,950","29,410","778,11K","-0,74%"
"22.07.2015","29,700","29,420","29,820","29,370","691,03K","0,27%"
"21.07.2015","29,620","29,950","30,110","29,510","696,26K","-1,10%"
"20.07.2015","29,950","29,640","30,150","29,570","667,83K","1,29%"
"17.07.2015","29,570","29,760","29,760","29,530","746,41K","-0,20%"
"16.07.2015","29,630","29,360","29,690","29,240","717,89K","1,65%"
"15.07.2015","29,150","28,630","29,150","28,420","1,00M","2,03%"
"14.07.2015","28,570","28,270","28,620","28,240","650,70K","0,70%"
"13.07.2015","28,370","27,940","28,430","27,740","1,02M","2,68%"
"10.07.2015","27,630","27,570","27,750","27,250","1,17M","2,52%"
"09.07.2015","26,950","26,450","27,090","26,280","1,10M","2,24%"
"08.07.2015","26,360","26,210","26,450","26,020","1,40M","0,65%"
"07.07.2015","26,190","26,760","26,860","26,150","1,25M","-2,20%"
"06.07.2015","26,780","27,010","27,320","26,640","1,17M","-3,60%"
"03.07.2015","27,780","27,710","27,870","27,460","870,19K","0,25%"
"02.07.2015","27,710","27,520","27,990","27,520","1,11M","-0,07%"
"01.07.2015","27,730","27,600","27,920","27,350","905,39K","1,17%"
"30.06.2015","27,410","27,340","27,780","27,080","957,26K","-0,25%"
"29.06.2015","27,480","26,970","27,940","26,870","1,15M","-3,85%"
"26.06.2015","28,580","28,180","28,780","28,090","876,92K","0,70%"
"25.06.2015","28,380","28,170","28,490","28,070","840,91K","-0,07%"
"24.06.2015","28,400","28,490","28,490","28,160","994,76K","-0,21%"
"23.06.2015","28,460","28,450","28,540","28,210","1,59M","1,57%"
"22.06.2015","28,020","27,830","28,160","27,670","977,99K","3,24%"
"19.06.2015","27,140","26,710","27,140","26,590","1,72M","2,07%"
"18.06.2015","26,590","26,230","26,620","25,850","1,02M","0,95%"
"17.06.2015","26,340","26,620","26,730","26,200","841,76K","-1,09%"
"16.06.2015","26,630","26,290","26,660","25,880","1,12M","0,53%"
"15.06.2015","26,490","26,490","26,590","26,230","766,97K","-0,75%"
"12.06.2015","26,690","26,740","26,950","26,420","1,04M","-0,74%"
"11.06.2015","26,890","27,340","27,450","26,720","1,00M","-1,65%"
"10.06.2015","27,340","26,930","27,430","26,710","1,04M","1,33%"
"09.06.2015","26,980","26,640","27,140","26,320","826,74K","1,12%"
"08.06.2015","26,680","26,990","27,030","26,590","799,38K","-1,51%"
"05.06.2015","27,090","26,860","27,180","26,670","761,64K","-0,04%"
"04.06.2015","27,100","27,070","27,260","26,500","1,28M","-0,81%"
"03.06.2015","27,320","27,900","27,900","27,230","1,12M","-1,76%"
"02.06.2015","27,810","28,090","28,150","27,460","1,45M","-0,36%"
"01.06.2015","27,910","27,970","28,290","27,720","729,14K","-1,93%"
"29.05.2015","28,460","29,130","29,300","28,460","1,66M","-2,20%"
"28.05.2015","29,100","29,010","29,260","28,840","1,40M","-0,31%"
"27.05.2015","29,190","28,700","29,270","28,670","1,30M","2,10%"
"26.05.2015","28,590","29,330","29,330","28,470","1,56M","-1,92%"
"25.05.2015","29,150","29,750","29,850","28,650","599,39K","-2,51%"
"22.05.2015","29,900","29,890","30,050","29,700","435,28K","0,00%"
"21.05.2015","29,900","29,520","29,950","29,520","460,60K","0,88%"
"20.05.2015","29,640","29,900","29,900","29,480","659,19K","-0,74%"
"19.05.2015","29,860","29,670","30,140","29,630","640,43K","1,05%"
"18.05.2015","29,550","29,730","29,780","29,240","576,26K","0,00%"
"15.05.2015","29,550","30,410","30,420","29,440","818,81K","-2,48%"
"14.05.2015","30,300","29,550","30,460","29,360","641,45K","2,19%"
"13.05.2015","29,650","29,800","29,960","29,140","1,04M","-0,57%"
"12.05.2015","29,820","30,120","30,120","29,610","854,71K","-1,26%"
"11.05.2015","30,200","30,270","30,380","29,990","510,99K","-0,13%"
"08.05.2015","30,240","29,580","30,240","29,580","744,27K","2,68%"
"07.05.2015","29,450","29,590","29,660","29,000","877,80K","-0,71%"
"06.05.2015","29,660","29,750","30,000","29,410","1,27M","-0,84%"
"05.05.2015","29,910","30,740","31,000","29,890","600,28K","-2,73%"
"04.05.2015","30,750","30,680","30,940","30,170","387,83K","0,59%"
"30.04.2015","30,570","30,560","31,030","30,380","1,25M","-0,62%"
"29.04.2015","30,760","31,120","31,390","30,500","897,59K","-1,00%"
"28.04.2015","31,070","31,270","31,500","30,930","662,61K","-0,45%"
"27.04.2015","31,210","30,750","31,380","30,150","649,24K","2,09%"
"24.04.2015","30,570","30,490","31,000","30,260","863,87K","0,43%"
"23.04.2015","30,440","30,360","30,710","30,030","942,13K","0,07%"
"22.04.2015","30,420","30,850","31,060","29,920","1,45M","-1,39%"
"21.04.2015","30,850","30,920","31,260","30,640","805,94K","0,33%"
"20.04.2015","30,750","30,970","31,100","30,460","612,75K","-0,13%"
"17.04.2015","30,790","31,720","31,730","30,590","1,27M","-3,18%"
"16.04.2015","31,800","32,220","32,280","31,670","1,27M","-1,03%"
"15.04.2015","32,130","31,970","32,370","31,910","1,63M","0,44%"
"14.04.2015","31,990","32,110","32,510","31,850","1,72M","-0,87%"
"13.04.2015","32,270","32,000","32,370","31,960","738,82K","0,88%"
"10.04.2015","31,990","32,280","32,430","31,990","1,16M","-0,59%"
"09.04.2015","32,180","32,100","32,240","31,810","1,09M","0,78%"
"08.04.2015","31,930","32,150","32,340","31,800","904,97K","-0,90%"
"07.04.2015","32,220","32,240","32,500","32,080","682,09K","0,56%"
"02.04.2015","32,040","31,710","32,180","31,480","540,86K","1,39%"
"01.04.2015","31,600","31,800","31,800","30,780","1,16M","-1,25%"
"31.03.2015","32,000","32,120","32,670","32,000","1,08M","-0,37%"
"30.03.2015","32,120","32,140","32,430","32,000","635,85K","0,09%"
"27.03.2015","32,090","32,040","32,410","32,030","926,17K","0,16%"
"26.03.2015","32,040","31,740","32,110","31,410","992,93K","0,53%"
"25.03.2015","31,870","32,260","32,260","31,800","1,33M","-1,27%"
"24.03.2015","32,280","32,000","32,370","32,000","735,85K","0,53%"
"23.03.2015","32,110","31,910","32,220","31,820","1,00M","0,60%"
"20.03.2015","31,920","31,370","32,140","31,150","1,22M","1,62%"
"19.03.2015","31,410","31,440","31,880","31,390","767,25K","-0,19%"
"18.03.2015","31,470","31,470","31,550","30,930","841,17K","0,22%"
"17.03.2015","31,400","31,800","31,900","31,000","861,94K","-1,47%"
"16.03.2015","31,870","31,520","32,270","31,520","690,56K","1,14%"
"13.03.2015","31,510","31,620","31,710","31,200","449,94K","0,13%"
"12.03.2015","31,470","31,610","31,840","31,330","741,32K","-0,60%"
"11.03.2015","31,660","31,670","31,950","31,170","961,80K","0,35%"
"10.03.2015","31,550","31,870","32,130","31,110","764,86K","-0,03%"
"09.03.2015","31,561","31,633","31,819","31,432","757,34K","-0,63%"
"06.03.2015","31,762","31,800","31,958","31,370","822,76K","0,09%"
"05.03.2015","31,733","31,427","31,886","31,327","881,24K","1,50%"
"04.03.2015","31,265","31,298","31,456","30,625","907,98K","-0,21%"
"03.03.2015","31,332","31,819","32,010","31,284","798,17K","-1,32%"
"02.03.2015","31,752","31,743","32,029","31,489","875,35K","0,03%"
"27.02.2015","31,743","32,669","32,870","30,390","2,02M","-2,45%"
"26.02.2015","32,541","31,862","32,842","31,676","912,21K","0,55%"
"25.02.2015","32,364","32,383","32,498","32,015","749,07K","-0,37%"
"24.02.2015","32,483","32,378","32,555","32,101","1,21M","0,32%"
"23.02.2015","32,378","32,402","32,488","32,173","682,73K","0,06%"
"20.02.2015","32,359","32,249","32,359","31,895","835,11K","0,40%"
"19.02.2015","32,230","31,867","32,345","31,809","936,93K","0,99%"
"18.02.2015","31,915","31,666","32,106","31,590","939,37K","1,24%"
"17.02.2015","31,523","31,246","31,728","31,112","886,70K","-0,72%"
"16.02.2015","31,752","30,959","32,063","29,913","1,38M","-0,51%"
"13.02.2015","31,915","31,504","31,991","31,303","1,44M","2,03%"
"12.02.2015","31,279","29,922","31,504","29,879","1,49M","4,00%"
"11.02.2015","30,075","30,572","30,749","29,922","1,26M","-1,92%"
"10.02.2015","30,663","29,402","30,711","29,320","2,05M","5,06%"
"09.02.2015","29,187","29,650","29,736","29,148","1,04M","-2,47%"
"06.02.2015","29,927","29,430","30,223","29,373","1,20M","1,71%"
"05.02.2015","29,425","29,215","29,784","29,110","1,38M","-0,52%"
"04.02.2015","29,578","29,918","30,047","29,349","1,03M","-1,02%"
"03.02.2015","29,884","29,382","30,128","29,359","1,33M","2,29%"
"02.02.2015","29,215","29,559","29,559","28,293","1,62M","-0,93%"
"30.01.2015","29,488","29,898","30,003","29,325","1,22M","-0,79%"
"29.01.2015","29,722","29,999","30,266","29,502","1,45M","-1,77%"
"28.01.2015","30,258","30,799","30,988","30,126","1,10M","-1,10%"
"27.01.2015","30,595","30,837","31,159","30,249","1,46M","-1,18%"
"26.01.2015","30,960","29,960","31,050","29,462","1,81M","2,46%"
"23.01.2015","30,216","30,325","30,893","30,093","1,41M","0,35%"
"22.01.2015","30,111","29,595","30,325","29,529","1,83M","1,86%"
"21.01.2015","29,562","29,401","29,590","29,154","1,20M","0,73%"
"20.01.2015","29,349","29,799","29,827","29,112","1,68M","-0,83%"
"19.01.2015","29,595","29,093","29,633","29,050","1,09M","2,19%"
"16.01.2015","28,960","28,320","29,045","28,320","1,42M","1,97%"
"15.01.2015","28,401","27,918","28,477","27,396","1,23M","2,52%"
"14.01.2015","27,704","27,482","28,368","27,396","1,63M","-0,48%"
"13.01.2015","27,837","26,757","27,837","26,714","856,56K","3,73%"
"12.01.2015","26,837","27,112","27,316","26,596","1,41M","-0,65%"
"09.01.2015","27,013","27,117","27,591","26,672","1,27M","-0,90%"
"08.01.2015","27,259","27,093","27,363","26,842","907,99K","2,15%"
"07.01.2015","26,686","26,705","27,103","26,491","987,60K","0,57%"
"06.01.2015","26,534","27,136","27,160","26,326","1,02M","-1,94%"
"05.01.2015","27,060","27,486","27,956","26,965","1,02M","-2,26%"
"02.01.2015","27,686","27,686","27,908","27,273","528,99K","0,85%"