"Fecha","Último","Apertura","Máximo","Mínimo","Vol.","% var."
"31.12.2025","12,660","12,600","12,660","12,570","598,33K","0,24%"
"30.12.2025","12,630","12,420","12,660","12,350","1,22M","2,43%"
"29.12.2025","12,330","12,170","12,440","12,080","963,54K","1,82%"
"24.12.2025","12,110","12,080","12,140","12,050","148,65K","0,33%"
"23.12.2025","12,070","12,010","12,080","11,950","357,45K","0,50%"
"22.12.2025","12,010","11,950","12,010","11,800","525,30K","0,84%"
"19.12.2025","11,910","11,960","11,960","11,810","700,46K","-0,75%"
"18.12.2025","12,000","11,940","12,040","11,850","681,29K","0,84%"
"17.12.2025","11,900","12,220","12,260","11,900","600,83K","-2,46%"
"16.12.2025","12,200","12,110","12,370","12,080","1,17M","0,99%"
"15.12.2025","12,080","12,030","12,120","11,960","637,30K","0,83%"
"12.12.2025","11,980","11,900","12,130","11,870","907,87K","0,76%"
"11.12.2025","11,890","11,860","11,900","11,770","476,66K","1,19%"
"10.12.2025","11,750","11,910","11,910","11,750","514,93K","-1,18%"
"09.12.2025","11,890","11,940","12,030","11,860","508,40K","-0,34%"
"08.12.2025","11,930","11,790","11,990","11,720","378,64K","1,62%"
"05.12.2025","11,740","11,900","11,930","11,660","674,37K","-0,51%"
"04.12.2025","11,800","11,970","12,000","11,790","676,60K","-1,09%"
"03.12.2025","11,930","12,120","12,170","11,930","605,08K","-0,83%"
"02.12.2025","12,030","12,170","12,210","12,030","458,27K","-1,31%"
"01.12.2025","12,190","12,220","12,280","12,070","554,16K","0,16%"
"28.11.2025","12,170","12,040","12,220","12,000","729,63K","1,08%"
"27.11.2025","12,040","12,140","12,140","12,000","585,37K","-0,25%"
"26.11.2025","12,070","11,980","12,260","11,930","1,63M","1,34%"
"25.11.2025","11,910","11,760","11,930","11,620","528,90K","1,36%"
"24.11.2025","11,750","11,630","11,880","11,590","771,67K","1,91%"
"21.11.2025","11,530","11,490","11,610","11,340","468,28K","-1,71%"
"20.11.2025","11,730","11,600","11,780","11,530","806,40K","1,56%"
"19.11.2025","11,550","11,250","11,560","11,180","755,05K","2,12%"
"18.11.2025","11,310","11,210","11,330","11,150","572,54K","-0,79%"
"17.11.2025","11,400","11,410","11,460","11,350","279,51K","-0,52%"
"14.11.2025","11,460","11,390","11,460","11,240","334,61K","-0,17%"
"13.11.2025","11,480","11,560","11,590","11,480","422,23K","-0,17%"
"12.11.2025","11,500","11,320","11,540","11,290","583,00K","2,13%"
"11.11.2025","11,260","11,350","11,350","11,220","661,62K","-0,35%"
"10.11.2025","11,300","11,370","11,370","11,220","588,50K","0,27%"
"07.11.2025","11,270","11,150","11,300","11,100","883,84K","1,17%"
"06.11.2025","11,140","11,160","11,310","11,120","455,78K","-0,09%"
"05.11.2025","11,150","11,150","11,240","11,100","422,28K","-0,54%"
"04.11.2025","11,210","11,160","11,280","11,030","741,65K","-1,15%"
"03.11.2025","11,340","11,190","11,420","11,190","720,25K","1,43%"
"31.10.2025","11,180","11,360","11,420","11,040","2,39M","-2,87%"
"30.10.2025","11,510","11,800","11,820","11,440","1,02M","-1,88%"
"29.10.2025","11,730","12,130","12,130","11,720","1,22M","-3,14%"
"28.10.2025","12,110","12,020","12,170","11,960","651,78K","0,25%"
"27.10.2025","12,080","12,040","12,160","12,030","596,80K","0,67%"
"24.10.2025","12,000","11,950","12,020","11,890","374,47K","0,84%"
"23.10.2025","11,900","11,970","12,040","11,850","388,87K","0,25%"
"22.10.2025","11,870","11,740","11,980","11,740","1,65M","0,85%"
"21.10.2025","11,770","11,810","11,860","11,640","472,20K","-0,25%"
"20.10.2025","11,800","11,670","11,830","11,590","416,45K","1,99%"
"17.10.2025","11,570","11,570","11,660","11,410","740,74K","-0,69%"
"16.10.2025","11,650","11,700","11,730","11,570","384,72K","-0,17%"
"15.10.2025","11,670","11,860","11,860","11,670","604,03K","-0,68%"
"14.10.2025","11,750","11,810","11,810","11,590","816,98K","-1,43%"
"13.10.2025","11,920","11,910","11,990","11,840","684,78K","0,68%"
"10.10.2025","11,840","12,300","12,300","11,840","1,14M","-4,44%"
"09.10.2025","12,390","12,570","12,620","12,330","798,80K","-0,88%"
"08.10.2025","12,500","12,150","12,550","12,140","1,79M","3,56%"
"07.10.2025","12,070","11,860","12,140","11,860","1,09M","1,60%"
"06.10.2025","11,880","11,820","11,940","11,790","588,81K","0,00%"
"03.10.2025","11,880","11,740","11,920","11,680","994,89K","2,59%"
"02.10.2025","11,580","11,630","11,830","11,540","1,11M","-0,34%"
"01.10.2025","11,620","11,110","11,690","10,990","1,85M","4,68%"
"30.09.2025","11,100","11,260","11,260","11,050","570,27K","-1,42%"
"29.09.2025","11,260","11,340","11,350","11,200","538,95K","-0,18%"
"26.09.2025","11,280","11,000","11,330","11,000","1,67M","2,83%"
"25.09.2025","10,970","11,080","11,140","10,910","384,45K","-0,72%"
"24.09.2025","11,050","11,030","11,120","10,910","506,89K","0,09%"
"23.09.2025","11,040","11,050","11,140","10,970","782,54K","0,91%"
"22.09.2025","10,940","10,930","11,040","10,810","750,56K","0,09%"
"19.09.2025","10,930","10,980","11,060","10,810","1,75M","-0,18%"
"18.09.2025","10,950","10,890","11,010","10,850","766,53K","0,74%"
"17.09.2025","10,870","10,820","10,880","10,780","398,78K","0,09%"
"16.09.2025","10,860","10,900","10,930","10,810","458,94K","0,18%"
"15.09.2025","10,840","10,840","10,910","10,810","361,98K","0,74%"
"12.09.2025","10,760","10,850","11,000","10,750","553,62K","-0,55%"
"11.09.2025","10,820","10,670","10,860","10,650","663,12K","1,69%"
"10.09.2025","10,640","10,730","10,870","10,640","434,86K","-0,75%"
"09.09.2025","10,720","10,720","10,880","10,720","477,77K","-0,09%"
"08.09.2025","10,730","10,770","10,850","10,660","361,13K","0,09%"
"05.09.2025","10,720","10,620","10,910","10,620","1,10M","1,32%"
"04.09.2025","10,580","10,480","10,600","10,480","355,02K","0,28%"
"03.09.2025","10,550","10,480","10,700","10,460","385,30K","0,76%"
"02.09.2025","10,470","10,600","10,640","10,450","503,23K","-1,60%"
"01.09.2025","10,640","10,540","10,660","10,540","323,62K","0,85%"
"29.08.2025","10,550","10,660","10,700","10,520","477,97K","-0,94%"
"28.08.2025","10,650","10,600","10,800","10,600","345,32K","0,28%"
"27.08.2025","10,620","10,710","10,760","10,610","357,61K","-0,75%"
"26.08.2025","10,700","10,850","10,850","10,690","622,90K","-1,74%"
"25.08.2025","10,890","10,800","10,910","10,770","430,05K","0,83%"
"22.08.2025","10,800","10,690","10,820","10,670","445,90K","0,65%"
"21.08.2025","10,730","10,890","10,910","10,660","592,41K","-1,47%"
"20.08.2025","10,890","10,900","10,930","10,840","345,08K","-0,55%"
"19.08.2025","10,950","10,690","11,010","10,690","1,56M","2,43%"
"18.08.2025","10,690","10,690","10,700","10,550","578,05K","-0,28%"
"15.08.2025","10,720","10,680","10,850","10,680","1,18M","0,47%"
"14.08.2025","10,670","10,580","10,670","10,560","415,29K","0,57%"
"13.08.2025","10,610","10,630","10,630","10,540","401,56K","0,09%"
"12.08.2025","10,600","10,520","10,640","10,470","532,77K","1,15%"
"11.08.2025","10,480","10,600","10,610","10,460","502,90K","-0,66%"
"08.08.2025","10,550","10,440","10,570","10,430","1,04M","1,44%"
"07.08.2025","10,400","10,120","10,430","10,090","1,16M","3,28%"
"06.08.2025","10,070","10,000","10,120","9,945","455,84K","1,31%"
"05.08.2025","9,940","10,050","10,050","9,935","490,22K","-0,30%"
"04.08.2025","9,970","10,020","10,050","9,930","728,40K","0,25%"
"01.08.2025","9,945","10,060","10,150","9,925","750,43K","-1,83%"
"31.07.2025","10,130","10,130","10,170","9,960","850,39K","-0,39%"
"30.07.2025","10,170","10,200","10,270","10,130","605,25K","-0,20%"
"29.07.2025","10,190","10,270","10,310","10,170","715,24K","-0,78%"
"28.07.2025","10,270","10,190","10,450","10,170","1,56M","1,28%"
"25.07.2025","10,140","10,280","10,280","10,080","1,67M","-1,27%"
"24.07.2025","10,270","10,520","10,610","10,230","4,15M","-4,73%"
"23.07.2025","10,780","10,900","10,940","10,770","606,99K","-0,65%"
"22.07.2025","10,850","10,850","10,890","10,760","462,08K","0,28%"
"21.07.2025","10,820","10,570","10,910","10,560","1,21M","2,66%"
"18.07.2025","10,540","10,720","10,720","10,520","744,19K","-1,40%"
"17.07.2025","10,690","10,600","10,700","10,570","593,83K","1,42%"
"16.07.2025","10,540","10,860","10,860","10,540","1,51M","-5,39%"
"15.07.2025","11,140","11,150","11,250","11,100","1,64M","0,36%"
"14.07.2025","11,100","11,120","11,150","10,990","1,01M","-0,09%"
"11.07.2025","11,110","11,190","11,190","11,080","623,60K","-0,09%"
"10.07.2025","11,120","11,060","11,230","11,040","827,42K","1,37%"
"09.07.2025","10,970","10,920","11,070","10,900","1,03M","0,73%"
"08.07.2025","10,890","10,720","10,920","10,600","938,07K","1,97%"
"07.07.2025","10,680","10,520","10,680","10,490","625,51K","1,14%"
"04.07.2025","10,560","10,630","10,660","10,510","695,81K","-1,03%"
"03.07.2025","10,670","10,890","10,890","10,630","862,05K","-1,30%"
"02.07.2025","10,810","10,490","10,860","10,460","1,86M","4,24%"
"01.07.2025","10,370","10,640","10,710","10,330","2,34M","-4,16%"
"30.06.2025","10,820","10,850","10,870","10,740","445,35K","-0,18%"
"27.06.2025","10,840","10,800","10,840","10,720","462,63K","1,12%"
"26.06.2025","10,720","10,600","10,820","10,540","897,47K","1,71%"
"25.06.2025","10,540","10,610","10,620","10,510","401,58K","0,09%"
"24.06.2025","10,530","10,450","10,550","10,450","519,50K","2,13%"
"23.06.2025","10,310","10,380","10,410","10,230","575,48K","-1,53%"
"20.06.2025","10,470","10,390","10,610","10,380","2,14M","0,67%"
"19.06.2025","10,400","10,550","10,580","10,400","422,24K","-2,16%"
"18.06.2025","10,630","10,590","10,650","10,520","326,79K","-0,28%"
"17.06.2025","10,660","10,640","10,750","10,510","383,33K","-0,09%"
"16.06.2025","10,670","10,610","10,680","10,560","416,21K","1,23%"
"13.06.2025","10,540","10,280","10,540","10,230","584,72K","0,29%"
"12.06.2025","10,510","10,690","10,700","10,410","866,29K","-2,41%"
"11.06.2025","10,770","10,750","10,840","10,670","645,67K","-0,09%"
"10.06.2025","10,780","10,750","10,810","10,690","519,03K","0,00%"
"09.06.2025","10,780","10,740","10,780","10,650","443,64K","0,56%"
"06.06.2025","10,720","10,710","10,800","10,670","476,12K","-0,09%"
"05.06.2025","10,730","10,850","10,870","10,680","684,26K","-0,65%"
"04.06.2025","10,800","10,930","11,020","10,640","824,89K","-0,46%"
"03.06.2025","10,850","10,980","10,990","10,780","852,12K","-1,00%"
"02.06.2025","10,960","10,610","11,100","10,600","1,98M","5,28%"
"30.05.2025","10,410","10,510","10,510","10,410","772,10K","-0,67%"
"29.05.2025","10,480","10,740","10,740","10,480","489,06K","-0,57%"
"28.05.2025","10,540","10,570","10,700","10,520","578,00K","-0,57%"
"27.05.2025","10,600","10,600","10,630","10,520","394,50K","-0,38%"
"26.05.2025","10,640","10,530","10,750","10,530","518,52K","2,50%"
"23.05.2025","10,380","10,520","10,580","10,120","745,94K","-1,14%"
"22.05.2025","10,500","10,660","10,700","10,480","517,26K","-2,23%"
"21.05.2025","10,740","10,780","10,820","10,680","389,27K","-0,74%"
"20.05.2025","10,820","10,770","10,870","10,680","477,88K","0,65%"
"19.05.2025","10,750","10,650","10,750","10,580","481,53K","0,94%"
"16.05.2025","10,650","10,700","10,700","10,550","735,91K","-0,37%"
"15.05.2025","10,690","10,460","10,690","10,390","559,40K","1,42%"
"14.05.2025","10,540","10,660","10,700","10,450","745,17K","-0,85%"
"13.05.2025","10,630","10,490","10,630","10,430","742,96K","1,92%"
"12.05.2025","10,430","10,200","10,540","10,070","1,34M","4,88%"
"09.05.2025","9,945","9,900","10,100","9,865","2,14K","0,30%"
"08.05.2025","9,915","10,150","10,190","9,755","1,40M","-3,46%"
"07.05.2025","10,270","10,230","10,300","10,200","508,59K","0,59%"
"06.05.2025","10,210","10,370","10,380","10,130","0,67K","-1,26%"
"05.05.2025","10,340","10,330","10,370","10,270","391,86K","0,39%"
"02.05.2025","10,300","10,090","10,340","10,090","717,46K","3,67%"
"30.04.2025","9,935","10,100","10,100","9,765","5,72K","-1,34%"
"29.04.2025","10,070","10,150","10,210","10,060","4,18K","-0,59%"
"28.04.2025","10,130","10,230","10,280","10,130","5,50K","-0,20%"
"25.04.2025","10,150","10,160","10,220","10,030","559,28K","0,79%"
"24.04.2025","10,070","10,030","10,100","9,935","501,75K","0,20%"
"23.04.2025","10,050","9,890","10,160","9,860","849,25K","3,24%"
"22.04.2025","9,735","9,745","9,805","9,640","487,67K","0,21%"
"17.04.2025","9,715","9,750","9,785","9,620","316,82K","-0,26%"
"16.04.2025","9,740","9,610","9,750","9,505","433,59K","0,57%"
"15.04.2025","9,685","9,630","9,750","9,615","536,05K","0,26%"
"14.04.2025","9,660","9,660","9,715","9,435","759,78K","3,82%"
"11.04.2025","9,305","9,420","9,460","9,145","911,46K","-0,69%"
"10.04.2025","9,370","10,510","10,510","9,325","1,95M","4,93%"
"09.04.2025","8,930","8,835","9,010","8,705","1,84M","-2,24%"
"08.04.2025","9,135","9,480","9,480","9,035","1,73M","1,78%"
"07.04.2025","8,975","8,510","9,480","8,300","3,53M","-3,23%"
"04.04.2025","9,275","10,100","10,150","9,160","2,95M","-9,78%"
"03.04.2025","10,280","10,770","10,880","10,280","1,40M","-6,38%"
"02.04.2025","10,980","11,030","11,110","10,900","392,93K","-1,08%"
"01.04.2025","11,100","10,950","11,170","10,880","485,78K","2,68%"
"31.03.2025","10,810","10,950","10,960","10,730","2,05K","-2,08%"
"28.03.2025","11,040","11,100","11,210","10,970","451,20K","-1,08%"
"27.03.2025","11,160","11,300","11,360","11,120","569,20K","-2,19%"
"26.03.2025","11,410","11,490","11,490","11,330","403,17K","-0,35%"
"25.03.2025","11,450","11,300","11,460","11,280","424,53K","1,33%"
"24.03.2025","11,300","11,470","11,550","11,270","494,64K","-0,44%"
"21.03.2025","11,350","11,280","11,420","11,260","703,03K","-0,18%"
"20.03.2025","11,370","11,410","11,450","11,200","709,76K","-0,35%"
"19.03.2025","11,410","11,400","11,460","11,350","324,74K","-0,26%"
"18.03.2025","11,440","11,410","11,450","11,310","588,44K","1,15%"
"17.03.2025","11,310","11,320","11,400","11,250","529,87K","0,71%"
"14.03.2025","11,230","11,100","11,290","11,070","481,83K","0,99%"
"13.03.2025","11,120","10,870","11,180","10,830","738,55K","1,74%"
"12.03.2025","10,930","11,200","11,230","10,880","1,02M","-1,80%"
"11.03.2025","11,130","11,120","11,260","10,980","932,92K","-0,27%"
"10.03.2025","11,160","11,650","11,730","11,130","1,21M","-4,12%"
"07.03.2025","11,640","11,730","11,760","11,480","1,06M","-1,36%"
"06.03.2025","11,800","11,800","11,960","11,630","1,30M","0,77%"
"05.03.2025","11,710","11,590","11,860","11,520","1,67M","5,31%"
"04.03.2025","11,120","11,390","11,400","11,010","1,21M","-2,46%"
"03.03.2025","11,400","11,320","11,750","11,300","1,72M","0,80%"
"28.02.2025","11,310","11,010","11,310","10,950","2,04M","1,89%"
"27.02.2025","11,100","11,060","11,100","10,970","929,28K","0,45%"
"26.02.2025","11,050","10,900","11,110","10,900","664,22K","1,56%"
"25.02.2025","10,880","10,860","11,060","10,820","860,67K","0,00%"
"24.02.2025","10,880","10,890","10,940","10,840","944,91K","-0,09%"
"21.02.2025","10,890","10,960","11,020","10,840","0,81K","-0,55%"
"20.02.2025","10,950","10,920","11,110","10,920","579,28K","-0,09%"
"19.02.2025","10,960","11,160","11,270","10,870","1,29M","-1,26%"
"18.02.2025","11,100","11,010","11,210","11,000","2,68K","0,82%"
"17.02.2025","11,010","10,920","11,010","10,830","6,00K","1,38%"
"14.02.2025","10,860","10,650","10,920","10,630","1,44M","1,97%"
"13.02.2025","10,650","10,450","10,670","10,430","1,04M","2,90%"
"12.02.2025","10,350","10,320","10,450","10,310","735,13K","-0,29%"
"11.02.2025","10,380","10,450","10,470","10,310","770,76K","-0,95%"
"10.02.2025","10,480","10,100","10,560","10,100","2,65M","3,76%"
"07.02.2025","10,100","10,200","10,220","10,030","906,55K","-0,88%"
"06.02.2025","10,190","9,950","10,190","9,925","2,05M","2,93%"
"05.02.2025","9,900","9,820","9,920","9,805","621,36K","0,92%"
"04.02.2025","9,810","9,750","9,845","9,675","473,59K","0,51%"
"03.02.2025","9,760","9,605","9,855","9,560","1,12M","0,57%"
"31.01.2025","9,705","9,840","9,855","9,670","769,62K","-0,97%"
"30.01.2025","9,800","9,725","9,875","9,725","1,06M","0,77%"
"29.01.2025","9,725","9,700","9,725","9,565","638,74K","0,62%"
"28.01.2025","9,665","9,660","9,805","9,660","798,51K","-0,05%"
"27.01.2025","9,670","9,600","9,740","9,595","545,38K","-0,87%"
"24.01.2025","9,755","9,700","9,875","9,675","1,12M","1,04%"
"23.01.2025","9,655","9,375","9,655","9,375","878,04K","2,99%"
"22.01.2025","9,375","9,600","9,625","9,320","1,93M","-5,73%"
"21.01.2025","9,945","9,900","9,945","9,815","1,22M","0,71%"
"20.01.2025","9,875","9,855","9,965","9,740","1,54M","1,49%"
"17.01.2025","9,730","9,830","9,830","9,690","780,93K","0,05%"
"16.01.2025","9,725","9,855","9,855","9,705","660,47K","-0,51%"
"15.01.2025","9,775","9,625","9,775","9,565","634,54K","1,93%"
"14.01.2025","9,590","9,735","9,740","9,550","1,11M","-0,36%"
"13.01.2025","9,625","9,665","9,760","9,580","757,39K","0,10%"
"10.01.2025","9,615","9,645","9,765","9,610","551,44K","-0,10%"
"09.01.2025","9,625","9,750","9,775","9,550","815,72K","-1,38%"
"08.01.2025","9,760","9,885","9,885","9,720","732,79K","-1,01%"
"07.01.2025","9,860","9,860","9,940","9,810","659,48K","0,05%"
"06.01.2025","9,855","9,750","9,885","9,705","797,30K","1,91%"
"03.01.2025","9,670","9,675","9,735","9,550","577,54K","-0,15%"
"02.01.2025","9,685","9,625","9,710","9,520","684,53K","2,49%"
"31.12.2024","9,450","9,400","9,455","9,350","246,41K","0,85%"
"30.12.2024","9,370","9,330","9,405","9,320","511,32K","0,54%"
"27.12.2024","9,320","9,315","9,400","9,310","537,69K","0,32%"
"24.12.2024","9,290","9,290","9,300","9,255","215,20K","0,27%"
"23.12.2024","9,265","9,270","9,285","9,160","479,15K","0,54%"
"20.12.2024","9,215","9,195","9,225","9,060","895,99K","0,05%"
"19.12.2024","9,210","9,170","9,290","9,115","764,38K","-1,13%"
"18.12.2024","9,315","9,420","9,435","9,240","865,46K","0,70%"
"17.12.2024","9,250","9,385","9,400","9,250","1,10M","-2,01%"
"16.12.2024","9,440","9,505","9,555","9,365","600,38K","-0,94%"
"13.12.2024","9,530","9,900","9,900","9,530","1,21M","-4,99%"
"12.12.2024","10,030","10,120","10,170","10,020","598,64K","-1,38%"
"11.12.2024","10,170","10,000","10,200","9,825","692,39K","1,29%"
"10.12.2024","10,040","10,150","10,180","10,020","767,52K","-1,86%"
"09.12.2024","10,230","10,020","10,310","10,020","1,98M","2,51%"
"06.12.2024","9,980","9,950","10,090","9,940","1,01M","0,60%"
"05.12.2024","9,920","9,690","9,935","9,685","1,40M","2,48%"
"04.12.2024","9,680","9,555","9,790","9,555","919,13K","1,52%"
"03.12.2024","9,535","9,530","9,565","9,415","682,73K","0,37%"
"02.12.2024","9,500","9,455","9,630","9,445","579,13K","-0,11%"
"29.11.2024","9,510","9,450","9,530","9,450","428,75K","0,00%"
"28.11.2024","9,510","9,500","9,570","9,465","415,48K","-0,11%"
"27.11.2024","9,520","9,395","9,545","9,395","565,90K","0,85%"
"26.11.2024","9,440","9,400","9,545","9,325","839,47K","-0,94%"
"25.11.2024","9,530","9,440","9,530","9,345","1,14M","1,28%"
"22.11.2024","9,410","9,240","9,460","9,195","976,14K","1,89%"
"21.11.2024","9,235","9,025","9,235","9,000","1,02M","2,61%"
"20.11.2024","9,000","9,020","9,050","8,945","440,05K","0,17%"
"19.11.2024","8,985","9,130","9,190","8,915","685,14K","-1,75%"
"18.11.2024","9,145","9,140","9,240","9,085","634,81K","0,49%"
"15.11.2024","9,100","8,905","9,130","8,895","552,62K","2,13%"
"14.11.2024","8,910","8,845","9,040","8,830","541,64K","0,39%"
"13.11.2024","8,875","8,900","8,995","8,835","567,64K","-0,50%"
"12.11.2024","8,920","9,245","9,245","8,910","855,45K","-4,03%"
"11.11.2024","9,295","9,415","9,430","9,260","565,40K","-0,91%"
"08.11.2024","9,380","9,450","9,470","9,345","905,83K","-0,95%"
"07.11.2024","9,470","9,100","9,505","9,100","2,21M","4,70%"
"06.11.2024","9,045","8,805","9,080","8,770","2,35M","5,05%"
"05.11.2024","8,610","8,550","8,735","8,550","973,53K","0,70%"
"04.11.2024","8,550","8,495","8,600","8,475","974,18K","0,94%"
"01.11.2024","8,470","8,400","8,485","8,400","581,25K","0,77%"
"31.10.2024","8,405","8,500","8,510","8,365","1,47M","-1,35%"
"30.10.2024","8,520","8,630","8,670","8,520","2,18M","-1,22%"
"29.10.2024","8,625","9,010","9,010","8,625","3,27M","-5,01%"
"28.10.2024","9,080","9,030","9,080","8,960","723,71K","1,34%"
"25.10.2024","8,960","8,950","9,015","8,920","520,38K","0,11%"
"24.10.2024","8,950","8,965","9,080","8,950","527,57K","-0,17%"
"23.10.2024","8,965","8,980","9,040","8,965","632,22K","-0,39%"
"22.10.2024","9,000","8,960","9,055","8,940","928,55K","0,33%"
"21.10.2024","8,970","9,125","9,150","8,970","927,19K","-1,43%"
"18.10.2024","9,100","9,125","9,245","9,085","1,08M","0,00%"
"17.10.2024","9,100","9,060","9,100","9,030","597,07K","0,17%"
"16.10.2024","9,085","9,060","9,125","9,050","586,61K","-0,11%"
"15.10.2024","9,095","9,115","9,125","9,045","632,23K","-0,27%"
"14.10.2024","9,120","9,110","9,140","9,065","521,26K","0,11%"
"11.10.2024","9,110","9,145","9,165","9,045","980,60K","-0,76%"
"10.10.2024","9,180","9,250","9,275","9,145","709,65K","-1,02%"
"09.10.2024","9,275","9,220","9,275","9,150","669,83K","-0,16%"
"08.10.2024","9,290","9,350","9,350","9,200","773,39K","-1,59%"
"07.10.2024","9,440","9,495","9,495","9,380","520,69K","-0,37%"
"04.10.2024","9,475","9,400","9,550","9,365","533,75K","0,96%"
"03.10.2024","9,385","9,450","9,455","9,325","496,78K","-1,26%"
"02.10.2024","9,505","9,595","9,655","9,465","715,93K","-0,83%"
"01.10.2024","9,585","9,650","9,700","9,550","652,80K","-0,83%"
"30.09.2024","9,665","9,850","9,930","9,625","844,19K","-0,62%"
"27.09.2024","9,725","9,925","9,930","9,700","863,59K","-1,52%"
"26.09.2024","9,875","9,950","10,010","9,875","750,10K","0,36%"
"25.09.2024","9,840","10,000","10,060","9,810","580,96K","-1,80%"
"24.09.2024","10,020","9,790","10,050","9,790","1,21M","3,67%"
"23.09.2024","9,665","9,670","9,710","9,575","488,27K","0,16%"
"20.09.2024","9,650","9,830","9,830","9,650","678,49K","-1,73%"
"19.09.2024","9,820","9,625","9,830","9,580","1,27M","3,70%"
"18.09.2024","9,470","9,390","9,500","9,345","444,14K","1,07%"
"17.09.2024","9,370","9,265","9,400","9,265","540,11K","1,08%"
"16.09.2024","9,270","9,265","9,335","9,200","259,92K","0,05%"
"13.09.2024","9,265","9,045","9,295","9,045","806,06K","2,43%"
"12.09.2024","9,045","9,020","9,100","8,965","553,54K","1,34%"
"11.09.2024","8,925","9,005","9,075","8,915","470,99K","-0,56%"
"10.09.2024","8,975","8,950","9,015","8,910","607,22K","0,11%"
"09.09.2024","8,965","9,020","9,030","8,950","494,97K","0,11%"
"06.09.2024","8,955","9,125","9,130","8,955","1,24M","-2,24%"
"05.09.2024","9,160","9,095","9,270","9,035","496,60K","0,38%"
"04.09.2024","9,125","9,250","9,265","9,095","779,28K","-1,88%"
"03.09.2024","9,300","9,535","9,560","9,250","516,77K","-2,77%"
"02.09.2024","9,565","9,505","9,585","9,420","379,83K","0,47%"
"30.08.2024","9,520","9,525","9,615","9,470","565,42K","0,11%"
"29.08.2024","9,510","9,470","9,545","9,440","1,23M","0,85%"
"28.08.2024","9,430","9,485","9,515","9,420","398,22K","-0,37%"
"27.08.2024","9,465","9,390","9,570","9,390","791,30K","0,48%"
"26.08.2024","9,420","9,365","9,465","9,335","436,25K","0,32%"
"23.08.2024","9,390","9,295","9,390","9,285","433,11K","1,57%"
"22.08.2024","9,245","9,240","9,290","9,215","338,07K","-0,22%"
"21.08.2024","9,265","9,185","9,290","9,175","385,67K","1,48%"
"20.08.2024","9,130","9,235","9,265","9,115","372,35K","-1,19%"
"19.08.2024","9,240","9,135","9,280","9,125","435,33K","1,48%"
"16.08.2024","9,105","9,110","9,150","9,060","427,73K","0,00%"
"15.08.2024","9,105","9,100","9,150","9,040","467,82K","0,77%"
"14.08.2024","9,035","9,135","9,135","9,020","360,60K","-0,39%"
"13.08.2024","9,070","9,160","9,160","9,050","525,30K","-0,93%"
"12.08.2024","9,155","9,190","9,190","9,065","423,31K","0,11%"
"09.08.2024","9,145","9,180","9,255","9,130","351,77K","0,22%"
"08.08.2024","9,125","9,130","9,135","9,015","435,54K","-0,76%"
"07.08.2024","9,195","9,100","9,250","9,020","492,73K","1,88%"
"06.08.2024","9,025","9,090","9,180","8,995","572,56K","0,73%"
"05.08.2024","8,960","9,040","9,065","8,880","1,46M","-3,08%"
"02.08.2024","9,245","9,450","9,500","9,240","780,22K","-2,89%"
"01.08.2024","9,520","9,630","9,750","9,500","445,50K","-1,75%"
"31.07.2024","9,690","9,650","9,700","9,625","509,07K","0,78%"
"30.07.2024","9,615","9,650","9,680","9,520","453,31K","-0,21%"
"29.07.2024","9,635","9,745","9,745","9,575","354,25K","-0,77%"
"26.07.2024","9,710","9,660","9,740","9,580","484,78K","0,26%"
"25.07.2024","9,685","9,645","9,685","9,460","678,49K","-0,46%"
"24.07.2024","9,730","9,320","9,835","9,320","1,06M","3,90%"
"23.07.2024","9,365","9,465","9,470","9,300","1,54M","-1,47%"
"22.07.2024","9,505","9,430","9,590","9,430","649,26K","0,64%"
"19.07.2024","9,445","9,510","9,530","9,420","684,83K","-1,31%"
"18.07.2024","9,570","9,510","9,640","9,510","778,74K","0,63%"
"17.07.2024","9,510","9,510","9,615","9,465","1,59M","-3,79%"
"16.07.2024","9,885","9,990","9,990","9,815","933,40K","-0,75%"
"15.07.2024","9,960","10,030","10,060","9,960","1,05M","-0,40%"
"12.07.2024","10,000","9,960","10,030","9,905","569,00K","1,01%"
"11.07.2024","9,900","9,920","9,975","9,835","3,17M","0,46%"
"10.07.2024","9,855","9,770","9,855","9,740","528,40K","0,66%"
"09.07.2024","9,790","9,900","9,925","9,765","1,01M","-0,96%"
"08.07.2024","9,885","9,925","9,985","9,860","597,19K","0,36%"
"05.07.2024","9,850","9,990","10,030","9,830","1,37M","-1,30%"
"04.07.2024","9,980","9,825","9,980","9,820","652,06K","1,32%"
"03.07.2024","9,850","9,840","9,870","9,745","779,31K","1,03%"
"02.07.2024","9,750","9,755","9,845","9,705","898,84K","-0,10%"
"01.07.2024","9,760","9,765","9,865","9,705","545,72K","0,72%"
"28.06.2024","9,690","9,530","9,750","9,530","572,51K","1,95%"
"27.06.2024","9,505","9,575","9,615","9,505","2,63M","-0,99%"
"26.06.2024","9,600","9,730","9,750","9,520","772,71K","-1,18%"
"25.06.2024","9,715","9,860","9,860","9,680","681,24K","-1,07%"
"24.06.2024","9,820","9,710","9,835","9,690","1,06M","0,87%"
"21.06.2024","9,735","9,940","9,940","9,675","1,27M","-1,86%"
"20.06.2024","9,920","9,975","10,010","9,880","1,03M","-0,30%"
"19.06.2024","9,950","9,950","9,980","9,920","378,90K","0,25%"
"18.06.2024","9,925","9,860","9,955","9,775","511,45K","1,38%"
"17.06.2024","9,790","9,785","9,800","9,690","790,72K","0,36%"
"14.06.2024","9,755","9,790","9,800","9,690","609,80K","-0,46%"
"13.06.2024","9,800","9,895","9,910","9,795","428,96K","-1,26%"
"12.06.2024","9,925","9,960","9,995","9,910","340,79K","0,35%"
"11.06.2024","9,890","9,865","9,945","9,800","1,59M","-0,15%"
"10.06.2024","9,905","9,860","9,930","9,795","375,44K","0,25%"
"07.06.2024","9,880","9,935","9,985","9,830","472,02K","-0,30%"
"06.06.2024","9,910","9,950","9,980","9,885","366,77K","-0,05%"
"05.06.2024","9,915","10,000","10,020","9,900","754,70K","-1,05%"
"04.06.2024","10,020","10,090","10,120","9,865","901,05K","-0,99%"
"03.06.2024","10,120","10,120","10,220","10,090","660,66K","0,50%"
"31.05.2024","10,070","10,050","10,100","9,955","673,25K","0,20%"
"30.05.2024","10,050","9,980","10,070","9,900","558,83K","0,10%"
"29.05.2024","10,040","10,080","10,090","9,945","814,76K","-0,40%"
"28.05.2024","10,080","10,200","10,220","10,070","729,89K","-1,08%"
"27.05.2024","10,190","10,140","10,190","10,100","220,53K","0,69%"
"24.05.2024","10,120","10,150","10,170","10,040","366,68K","0,00%"
"23.05.2024","10,120","10,130","10,200","10,110","353,66K","-0,10%"
"22.05.2024","10,130","10,220","10,220","10,100","507,95K","-0,78%"
"21.05.2024","10,210","10,390","10,410","10,190","944,70K","-1,73%"
"20.05.2024","10,390","10,520","10,580","10,280","586,56K","-1,05%"
"17.05.2024","10,500","10,580","10,580","10,480","337,93K","-0,57%"
"16.05.2024","10,560","10,450","10,560","10,370","570,37K","1,15%"
"15.05.2024","10,440","10,430","10,490","10,410","310,05K","0,19%"
"14.05.2024","10,420","10,380","10,490","10,350","2,35M","0,39%"
"13.05.2024","10,380","10,410","10,440","10,260","434,04K","0,00%"
"10.05.2024","10,380","10,260","10,510","10,250","1,05M","1,96%"
"09.05.2024","10,180","10,280","10,320","10,140","464,14K","-0,29%"
"08.05.2024","10,210","10,180","10,260","10,110","394,29K","0,59%"
"07.05.2024","10,150","10,210","10,230","10,050","923,77K","-0,49%"
"06.05.2024","10,200","10,210","10,300","10,200","284,04K","0,49%"
"03.05.2024","10,150","10,270","10,280","10,140","513,45K","-0,78%"
"02.05.2024","10,230","10,240","10,290","10,140","593,22K","1,09%"
"30.04.2024","10,120","10,250","10,270","10,110","592,88K","-1,75%"
"29.04.2024","10,300","10,220","10,310","10,190","548,84K","1,68%"
"26.04.2024","10,130","10,240","10,270","10,010","696,88K","-0,10%"
"25.04.2024","10,140","10,050","10,330","9,965","1,19M","1,10%"
"24.04.2024","10,030","9,990","10,110","9,920","1,94M","1,52%"
"23.04.2024","9,880","9,995","9,995","9,805","805,14K","-0,85%"
"22.04.2024","9,965","10,010","10,050","9,920","439,45K","0,10%"
"19.04.2024","9,955","9,895","9,990","9,825","603,82K","-0,30%"
"18.04.2024","9,985","9,925","9,995","9,880","759,46K","0,71%"
"17.04.2024","9,915","9,900","10,080","9,875","867,30K","0,61%"
"16.04.2024","9,855","9,950","9,950","9,615","3,67M","-6,05%"
"15.04.2024","10,490","10,480","10,640","10,400","677,09K","-0,29%"
"12.04.2024","10,520","10,640","10,690","10,510","602,82K","0,00%"
"11.04.2024","10,520","10,690","10,690","10,450","515,38K","-0,19%"
"10.04.2024","10,540","10,570","10,710","10,460","706,06K","0,29%"
"09.04.2024","10,510","10,400","10,570","10,370","930,65K","1,35%"
"08.04.2024","10,370","10,270","10,370","10,220","480,23K","0,97%"
"05.04.2024","10,270","10,240","10,280","9,960","876,53K","-0,58%"
"04.04.2024","10,330","10,350","10,390","10,270","686,95K","0,39%"
"03.04.2024","10,290","10,090","10,290","10,040","567,23K","1,78%"
"02.04.2024","10,110","10,170","10,270","10,080","553,23K","-0,54%"
"28.03.2024","10,165","10,070","10,220","10,060","502,39K","0,69%"
"27.03.2024","10,095","9,990","10,100","9,984","535,66K","1,17%"
"26.03.2024","9,978","10,005","10,040","9,952","352,11K","-0,96%"
"25.03.2024","10,075","9,960","10,080","9,890","623,07K","1,05%"
"22.03.2024","9,970","9,764","9,970","9,752","870,27K","2,13%"
"21.03.2024","9,762","9,770","9,800","9,676","583,48K","0,78%"
"20.03.2024","9,686","9,666","9,770","9,574","577,87K","0,71%"
"19.03.2024","9,618","9,620","9,632","9,550","389,82K","-0,02%"
"18.03.2024","9,620","9,664","9,702","9,584","431,14K","-0,21%"
"15.03.2024","9,640","9,570","9,662","9,514","969,81K","0,58%"
"14.03.2024","9,584","9,798","9,798","9,584","643,92K","-1,98%"
"13.03.2024","9,778","9,672","9,792","9,610","759,94K","1,49%"
"12.03.2024","9,634","9,664","9,726","9,594","589,24K","-0,02%"
"11.03.2024","9,636","9,586","9,644","9,550","765,71K","0,35%"
"08.03.2024","9,602","9,670","9,682","9,598","592,81K","-0,23%"
"07.03.2024","9,624","9,520","9,668","9,462","604,01K","0,86%"
"06.03.2024","9,542","9,510","9,678","9,484","769,68K","0,48%"
"05.03.2024","9,496","9,412","9,506","9,372","952,03K","0,38%"
"04.03.2024","9,460","9,536","9,638","9,432","971,38K","-1,19%"
"01.03.2024","9,574","9,800","9,972","9,346","2,61M","-5,54%"
"29.02.2024","10,135","10,245","10,260","10,095","601,21K","-0,64%"
"28.02.2024","10,200","10,365","10,395","10,175","409,77K","-1,92%"
"27.02.2024","10,400","10,260","10,400","10,250","420,56K","1,66%"
"26.02.2024","10,230","10,245","10,255","10,130","359,04K","-0,29%"
"23.02.2024","10,260","10,330","10,365","10,200","303,85K","-0,97%"
"22.02.2024","10,360","10,300","10,385","10,215","1,68M","0,73%"
"21.02.2024","10,285","10,210","10,300","10,200","446,49K","1,23%"
"20.02.2024","10,160","10,280","10,290","10,120","573,76K","-1,55%"
"19.02.2024","10,320","10,515","10,525","10,260","566,46K","-2,32%"
"16.02.2024","10,565","10,445","10,660","10,430","856,41K","1,83%"
"15.02.2024","10,375","10,260","10,415","10,230","426,42K","1,72%"
"14.02.2024","10,200","10,250","10,280","10,175","435,67K","-1,16%"
"13.02.2024","10,320","10,560","10,560","10,260","498,87K","-2,27%"
"12.02.2024","10,560","10,520","10,560","10,440","428,14K","0,57%"
"09.02.2024","10,500","10,395","10,500","10,265","867,48K","0,57%"
"08.02.2024","10,440","10,385","10,440","10,255","604,36K","0,72%"
"07.02.2024","10,365","10,530","10,580","10,265","713,44K","-1,61%"
"06.02.2024","10,535","10,100","10,585","10,100","1,95M","4,93%"
"05.02.2024","10,040","9,650","10,205","9,640","3,52M","3,80%"
"02.02.2024","9,672","9,700","9,762","9,644","682,93K","-0,19%"
"01.02.2024","9,690","9,710","9,798","9,676","467,40K","-0,92%"
"31.01.2024","9,780","9,900","9,974","9,760","588,50K","-1,41%"
"30.01.2024","9,920","9,968","10,025","9,768","866,91K","-0,60%"
"29.01.2024","9,980","9,918","9,982","9,888","679,58K","0,93%"
"26.01.2024","9,888","9,918","9,954","9,870","424,22K","-0,22%"
"25.01.2024","9,910","9,884","9,976","9,856","358,18K","0,24%"
"24.01.2024","9,886","9,880","9,918","9,820","631,50K","-1,63%"
"23.01.2024","10,050","10,085","10,125","9,968","856,31K","0,30%"
"22.01.2024","10,020","9,980","10,040","9,876","2,09M","1,77%"
"19.01.2024","9,846","9,982","9,982","9,784","1,21M","-0,51%"
"18.01.2024","9,896","9,970","9,990","9,860","998,16K","-0,20%"
"17.01.2024","9,916","10,025","10,025","9,876","2,08M","-1,77%"
"16.01.2024","10,095","10,375","10,400","10,095","927,13K","-2,93%"
"15.01.2024","10,400","10,320","10,435","10,275","665,03K","1,17%"
"12.01.2024","10,280","10,190","10,345","10,190","2,00M","1,23%"
"11.01.2024","10,155","10,150","10,260","10,075","762,07K","0,69%"
"10.01.2024","10,085","10,235","10,235","10,080","722,82K","-1,80%"
"09.01.2024","10,270","10,390","10,400","10,250","558,84K","-0,96%"
"08.01.2024","10,370","10,340","10,385","10,265","437,34K","0,44%"
"05.01.2024","10,325","10,400","10,400","10,195","845,64K","-1,05%"
"04.01.2024","10,435","10,455","10,560","10,405","675,83K","-0,14%"
"03.01.2024","10,450","10,570","10,595","10,410","580,30K","-1,32%"
"02.01.2024","10,590","10,680","10,775","10,535","541,54K","-0,61%"
"29.12.2023","10,655","10,740","10,810","10,620","425,76K","-0,61%"
"28.12.2023","10,720","10,720","10,760","10,680","483,04K","0,19%"
"27.12.2023","10,700","10,630","10,700","10,590","693,51K","0,80%"
"22.12.2023","10,615","10,650","10,675","10,565","478,02K","-0,19%"
"21.12.2023","10,635","10,560","10,635","10,560","351,26K","0,05%"
"20.12.2023","10,630","10,660","10,685","10,525","538,99K","-0,19%"
"19.12.2023","10,650","10,500","10,650","10,485","793,31K","1,24%"
"18.12.2023","10,520","10,390","10,570","10,390","749,49K","0,86%"
"15.12.2023","10,430","10,350","10,470","10,345","1,67M","1,46%"
"14.12.2023","10,280","10,200","10,385","10,125","1,26M","2,49%"
"13.12.2023","10,030","10,030","10,105","9,982","813,73K","0,00%"
"12.12.2023","10,030","10,210","10,275","10,015","517,05K","-1,67%"
"11.12.2023","10,200","10,215","10,235","10,125","401,87K","-0,49%"
"08.12.2023","10,250","10,195","10,285","10,120","497,91K","0,59%"
"07.12.2023","10,190","10,155","10,235","10,140","616,93K","-0,05%"
"06.12.2023","10,195","10,180","10,260","10,180","493,87K","0,25%"
"05.12.2023","10,170","10,040","10,175","9,950","654,08K","1,29%"
"04.12.2023","10,040","10,145","10,210","10,035","760,22K","-1,76%"
"01.12.2023","10,220","10,150","10,285","10,140","815,30K","1,49%"
"30.11.2023","10,070","10,295","10,295","10,000","1,24M","-1,42%"
"29.11.2023","10,215","10,285","10,400","10,185","951,70K","-0,78%"
"28.11.2023","10,295","10,245","10,320","10,165","935,19K","0,49%"
"27.11.2023","10,245","10,135","10,245","10,135","779,05K","0,94%"
"24.11.2023","10,150","10,095","10,215","10,095","527,06K","-0,15%"
"23.11.2023","10,165","10,115","10,180","10,095","383,34K","0,84%"
"22.11.2023","10,080","10,055","10,210","9,970","874,87K","-0,20%"
"21.11.2023","10,100","10,100","10,225","10,075","824,44K","-0,39%"
"20.11.2023","10,140","10,085","10,150","9,980","1,06M","0,95%"
"17.11.2023","10,045","9,970","10,090","9,970","1,10M","0,75%"
"16.11.2023","9,970","9,978","10,105","9,946","1,06M","-0,08%"
"15.11.2023","9,978","9,852","10,000","9,852","1,52M","1,34%"
"14.11.2023","9,846","9,680","9,866","9,648","1,05M","2,31%"
"13.11.2023","9,624","9,648","9,668","9,586","422,94K","0,08%"
"10.11.2023","9,616","9,656","9,748","9,590","561,34K","-1,50%"
"09.11.2023","9,762","9,694","9,836","9,610","662,45K","0,99%"
"08.11.2023","9,666","9,650","9,760","9,606","681,11K","0,21%"
"07.11.2023","9,646","9,740","9,740","9,568","616,84K","-1,07%"
"06.11.2023","9,750","9,720","9,784","9,652","1,09M","0,91%"
"03.11.2023","9,662","9,340","9,698","9,134","2,45M","3,31%"
"02.11.2023","9,352","9,234","9,410","9,234","1,30M","1,81%"
"01.11.2023","9,186","9,190","9,244","9,148","358,45K","-0,13%"
"31.10.2023","9,198","9,060","9,230","9,048","658,79K","1,41%"
"30.10.2023","9,070","9,074","9,110","9,030","459,77K","-0,11%"
"27.10.2023","9,080","9,090","9,130","9,032","388,84K","0,53%"
"26.10.2023","9,032","8,910","9,044","8,854","540,36K","1,21%"
"25.10.2023","8,924","8,860","8,942","8,836","413,10K","1,34%"
"24.10.2023","8,806","8,770","8,824","8,670","592,43K","0,59%"
"23.10.2023","8,754","8,800","8,838","8,730","780,35K","-0,75%"
"20.10.2023","8,820","8,920","8,942","8,804","814,16K","-2,13%"
"19.10.2023","9,012","8,946","9,022","8,936","451,36K","0,18%"
"18.10.2023","8,996","9,164","9,164","8,954","741,46K","-1,88%"
"17.10.2023","9,168","9,144","9,174","9,012","437,40K","-0,33%"
"16.10.2023","9,198","9,104","9,236","9,100","587,80K","0,63%"
"13.10.2023","9,140","9,128","9,236","9,108","545,00K","-0,11%"
"12.10.2023","9,150","9,192","9,254","9,144","600,17K","0,18%"
"11.10.2023","9,134","9,010","9,236","9,000","612,11K","0,77%"
"10.10.2023","9,064","9,000","9,192","9,000","694,38K","1,09%"
"09.10.2023","8,966","8,914","8,984","8,872","318,80K","-0,04%"
"06.10.2023","8,970","8,970","8,980","8,876","291,37K","0,43%"
"05.10.2023","8,932","8,940","8,952","8,860","483,69K","-0,07%"
"04.10.2023","8,938","8,920","9,008","8,872","486,83K","-0,13%"
"03.10.2023","8,950","9,000","9,100","8,932","467,89K","-0,73%"
"02.10.2023","9,016","9,200","9,298","9,010","693,54K","-1,62%"
"29.09.2023","9,164","9,138","9,234","9,108","727,24K","0,66%"
"28.09.2023","9,104","8,980","9,104","8,950","815,45K","1,27%"
"27.09.2023","8,990","8,980","9,040","8,912","485,48K","0,11%"
"26.09.2023","8,980","8,880","9,050","8,856","680,71K","0,56%"
"25.09.2023","8,930","8,980","8,992","8,794","1,55M","-1,11%"
"22.09.2023","9,030","9,038","9,080","8,996","503,27K","-0,27%"
"21.09.2023","9,054","9,048","9,070","8,956","1,19M","-0,79%"
"20.09.2023","9,126","9,068","9,180","9,056","419,54K","0,46%"
"19.09.2023","9,084","9,086","9,144","9,030","475,28K","0,26%"
"18.09.2023","9,060","9,168","9,202","9,056","363,76K","-1,26%"
"15.09.2023","9,176","9,220","9,262","9,156","670,77K","0,59%"
"14.09.2023","9,122","9,040","9,174","9,030","657,13K","0,86%"
"13.09.2023","9,044","9,134","9,176","9,040","768,89K","-1,16%"
"12.09.2023","9,150","9,220","9,238","9,072","486,88K","-0,48%"
"11.09.2023","9,194","9,196","9,248","9,176","527,77K","0,99%"
"08.09.2023","9,104","9,134","9,202","9,028","952,84K","-0,04%"
"07.09.2023","9,108","9,306","9,324","9,074","1,06M","-2,94%"
"06.09.2023","9,384","9,350","9,416","9,340","644,73K","-0,02%"
"05.09.2023","9,386","9,322","9,412","9,278","408,53K","0,13%"
"04.09.2023","9,374","9,440","9,458","9,334","418,90K","0,43%"
"01.09.2023","9,334","9,296","9,388","9,266","452,02K","0,73%"
"31.08.2023","9,266","9,272","9,348","9,266","446,73K","-0,04%"
"30.08.2023","9,270","9,290","9,326","9,250","334,67K","0,32%"
"29.08.2023","9,240","9,184","9,298","9,160","796,77K","1,04%"
"28.08.2023","9,145","9,145","9,148","9,080","","1,50%"
"25.08.2023","9,010","9,010","9,084","8,992","389,61K","0,04%"
"24.08.2023","9,006","9,050","9,094","8,974","449,03K","-0,04%"
"23.08.2023","9,010","9,090","9,134","9,002","580,43K","-0,33%"
"22.08.2023","9,040","9,044","9,086","8,990","462,51K","1,01%"
"21.08.2023","8,950","9,050","9,080","8,950","621,86K","-0,69%"
"18.08.2023","9,012","9,100","9,100","8,952","799,33K","-0,88%"
"17.08.2023","9,092","9,150","9,210","9,062","1,36M","-0,81%"
"16.08.2023","9,166","9,200","9,282","9,166","470,17K","-0,54%"
"15.08.2023","9,216","9,348","9,348","9,180","655,80K","-1,07%"
"14.08.2023","9,316","9,300","9,372","9,260","408,06K","0,17%"
"11.08.2023","9,300","9,396","9,404","9,286","433,18K","-1,32%"
"10.08.2023","9,424","9,370","9,462","9,370","506,15K","0,55%"
"09.08.2023","9,372","9,348","9,460","9,268","1,90M","1,28%"
"08.08.2023","9,254","9,200","9,270","9,166","560,50K","-0,90%"
"07.08.2023","9,338","9,320","9,338","9,202","563,23K","0,19%"
"04.08.2023","9,320","9,324","9,370","9,262","678,80K","0,19%"
"03.08.2023","9,302","9,330","9,350","9,190","1,25M","-0,47%"
"02.08.2023","9,346","9,420","9,454","9,320","872,73K","-1,35%"
"01.08.2023","9,474","9,600","9,600","9,470","727,50K","-1,02%"
"31.07.2023","9,572","9,554","9,642","9,480","697,76K","0,65%"
"28.07.2023","9,510","9,660","9,720","9,508","1,47M","-1,57%"
"27.07.2023","9,662","9,714","9,764","9,606","893,15K","-0,29%"
"26.07.2023","9,690","10,005","10,020","9,564","2,45M","-2,94%"
"25.07.2023","9,984","9,946","10,050","9,930","1,52M","0,79%"
"24.07.2023","9,906","9,750","9,942","9,730","429,37K","0,04%"
"21.07.2023","9,902","10,000","10,005","9,772","819,93K","-1,28%"
"20.07.2023","10,030","9,874","10,075","9,874","3,47M","1,74%"
"19.07.2023","9,858","9,970","9,986","9,858","6,19M","-1,16%"
"18.07.2023","9,974","10,000","10,010","9,862","380,23K","-0,10%"
"17.07.2023","9,984","10,005","10,085","9,910","1,35M","-1,00%"
"14.07.2023","10,085","10,180","10,255","10,080","567,60K","-1,71%"
"13.07.2023","10,260","9,900","10,295","9,900","1,86M","1,08%"
"12.07.2023","10,150","10,000","10,190","9,978","1,62M","2,01%"
"11.07.2023","9,950","9,800","9,966","9,790","1,95M","1,80%"
"10.07.2023","9,774","9,810","9,820","9,630","1,05M","2,43%"
"07.07.2023","9,542","9,436","9,600","9,372","499,26K","1,51%"
"06.07.2023","9,400","9,600","9,634","9,356","1,09M","-2,45%"
"05.07.2023","9,636","9,856","9,856","9,608","1,26M","-2,61%"
"04.07.2023","9,894","9,900","9,968","9,816","287,96K","0,16%"
"03.07.2023","9,878","9,826","9,898","9,796","353,86K","1,58%"
"30.06.2023","9,724","9,926","9,950","9,724","743,00K","-1,50%"
"29.06.2023","9,872","9,860","9,902","9,834","409,14K","0,18%"
"28.06.2023","9,854","9,976","10,020","9,802","633,52K","-1,04%"
"27.06.2023","9,958","10,035","10,140","9,828","418,90K","-0,24%"
"26.06.2023","9,982","10,055","10,055","9,900","363,70K","0,16%"
"23.06.2023","9,966","9,860","9,996","9,860","287,23K","0,00%"
"22.06.2023","9,966","9,940","10,010","9,850","454,61K","-0,30%"
"21.06.2023","9,996","10,075","10,075","9,932","465,64K","-0,14%"
"20.06.2023","10,010","10,050","10,055","9,870","674,52K","-0,89%"
"19.06.2023","10,100","10,190","10,205","10,060","373,50K","-1,27%"
"16.06.2023","10,230","10,175","10,285","10,055","1,05M","0,49%"
"15.06.2023","10,180","10,200","10,235","10,110","397,56K","-0,68%"
"14.06.2023","10,250","10,105","10,355","10,105","965,06K","1,28%"
"13.06.2023","10,120","9,990","10,160","9,990","895,08K","1,38%"
"12.06.2023","9,982","9,964","9,986","9,884","484,88K","0,34%"
"09.06.2023","9,948","9,958","9,990","9,800","524,84K","-0,26%"
"08.06.2023","9,974","9,980","10,065","9,958","395,93K","-0,06%"
"07.06.2023","9,980","9,844","10,045","9,800","551,83K","0,38%"
"06.06.2023","9,942","9,914","9,980","9,834","393,64K","0,28%"
"05.06.2023","9,914","9,940","9,980","9,856","476,91K","0,51%"
"02.06.2023","9,864","9,770","9,896","9,680","1,61M","2,75%"
"01.06.2023","9,600","9,670","9,688","9,550","621,98K","0,63%"
"31.05.2023","9,540","9,848","9,848","9,502","1,52M","-3,79%"
"30.05.2023","9,916","10,115","10,145","9,878","1,52M","-1,97%"
"29.05.2023","10,115","10,155","10,230","10,115","357,98K","0,00%"
"26.05.2023","10,115","9,994","10,125","9,976","556,30K","1,56%"
"25.05.2023","9,960","9,802","10,040","9,774","552,02K","1,67%"
"24.05.2023","9,796","9,846","9,864","9,732","2,65M","-1,43%"
"23.05.2023","9,938","9,964","10,040","9,930","393,65K","-0,14%"
"22.05.2023","9,952","9,974","9,986","9,904","409,13K","-0,48%"
"19.05.2023","10,000","10,080","10,095","10,000","393,17K","-0,65%"
"18.05.2023","10,065","10,000","10,085","9,962","409,99K","1,26%"
"17.05.2023","9,940","9,770","9,970","9,724","340,01K","1,64%"
"16.05.2023","9,780","9,864","9,934","9,746","432,44K","-1,31%"
"15.05.2023","9,910","9,990","9,990","9,864","344,87K","-0,22%"
"12.05.2023","9,932","9,950","10,145","9,892","1,08M","1,60%"
"11.05.2023","9,776","9,710","9,880","9,710","530,88K","-0,08%"
"10.05.2023","9,784","9,878","9,938","9,764","478,95K","-0,93%"
"09.05.2023","9,876","9,750","9,894","9,742","543,34K","1,19%"
"08.05.2023","9,760","9,736","9,838","9,700","451,66K","0,74%"
"05.05.2023","9,688","9,622","9,724","9,530","713,24K","1,91%"
"04.05.2023","9,506","9,678","9,692","9,424","728,61K","-1,80%"
"03.05.2023","9,680","9,600","9,730","9,550","647,09K","0,67%"
"02.05.2023","9,616","9,884","9,884","9,600","671,86K","-1,84%"
"28.04.2023","9,796","9,666","9,864","9,588","1,41M","2,00%"
"27.04.2023","9,604","9,500","9,724","9,350","1,70M","3,96%"
"26.04.2023","9,238","9,174","9,274","9,020","758,77K","0,57%"
"25.04.2023","9,186","9,330","9,330","9,132","548,19K","-1,48%"
"24.04.2023","9,324","9,422","9,456","9,286","978,74K","-1,52%"
"21.04.2023","9,468","9,620","9,628","9,416","688,54K","-1,95%"
"20.04.2023","9,656","9,722","9,726","9,616","511,50K","-0,56%"
"19.04.2023","9,710","9,766","9,774","9,656","484,70K","-0,37%"
"18.04.2023","9,746","9,762","9,810","9,690","447,43K","0,25%"
"17.04.2023","9,722","9,556","9,760","9,500","1,36M","2,75%"
"14.04.2023","9,462","9,502","9,550","9,440","448,78K","-0,21%"
"13.04.2023","9,482","9,302","9,536","9,200","686,18K","2,42%"
"12.04.2023","9,258","9,274","9,370","9,236","490,69K","-0,06%"
"11.04.2023","9,264","9,126","9,284","9,126","758,59K","2,59%"
"06.04.2023","9,030","9,098","9,154","8,966","623,85K","-0,31%"
"05.04.2023","9,058","9,200","9,232","9,024","999,78K","-1,22%"
"04.04.2023","9,170","9,360","9,450","9,170","417,02K","-1,93%"
"03.04.2023","9,350","9,520","9,520","9,320","666,06K","-1,31%"
"31.03.2023","9,474","9,474","9,512","9,390","695,26K","0,72%"
"30.03.2023","9,406","9,330","9,486","9,330","1,80M","1,62%"
"29.03.2023","9,256","9,202","9,286","9,138","653,32K","0,41%"
"28.03.2023","9,218","9,360","9,372","9,102","494,24K","0,39%"
"27.03.2023","9,182","9,250","9,270","9,026","632,86K","0,42%"
"24.03.2023","9,144","9,162","9,176","8,960","709,34K","-0,61%"
"23.03.2023","9,200","9,210","9,288","9,102","474,37K","-0,67%"
"22.03.2023","9,262","9,312","9,312","9,178","484,80K","-0,62%"
"21.03.2023","9,320","9,260","9,446","9,236","813,19K","1,97%"
"20.03.2023","9,140","8,950","9,196","8,774","1,02M","1,76%"
"17.03.2023","8,982","9,092","9,396","8,958","1,28M","-0,58%"
"16.03.2023","9,034","9,116","9,242","8,870","1,35M","0,11%"
"15.03.2023","9,024","9,722","9,750","9,022","1,90M","-6,93%"
"14.03.2023","9,696","9,550","9,752","9,530","1,80M","1,15%"
"13.03.2023","9,586","9,958","9,970","9,506","2,47M","-3,89%"
"10.03.2023","9,974","10,060","10,060","9,906","946,81K","-2,26%"
"09.03.2023","10,205","10,195","10,260","10,150","594,80K","-0,20%"
"08.03.2023","10,225","10,185","10,225","10,110","774,56K","-0,29%"
"07.03.2023","10,255","10,355","10,435","10,255","763,93K","-0,97%"
"06.03.2023","10,355","10,300","10,415","10,190","951,67K","0,00%"
"03.03.2023","10,355","10,285","10,390","10,270","810,39K","1,37%"
"02.03.2023","10,215","10,100","10,255","10,100","864,60K","0,64%"
"01.03.2023","10,150","10,100","10,310","9,900","1,98M","-2,26%"
"28.02.2023","10,385","10,260","10,450","10,215","1,55M","1,07%"
"27.02.2023","10,275","10,170","10,320","10,170","1,19M","1,68%"
"24.02.2023","10,105","10,030","10,150","10,015","1,06M","0,85%"
"23.02.2023","10,020","9,910","10,070","9,838","691,28K","1,60%"
"22.02.2023","9,862","10,005","10,005","9,820","736,59K","-2,60%"
"21.02.2023","10,125","10,090","10,170","10,030","547,75K","0,25%"
"20.02.2023","10,100","10,105","10,270","10,085","1,01M","0,40%"
"17.02.2023","10,060","9,894","10,120","9,842","1,31M","1,35%"
"16.02.2023","9,926","9,900","9,946","9,806","896,51K","0,87%"
"15.02.2023","9,840","9,754","9,856","9,736","840,16K","1,09%"
"14.02.2023","9,734","9,590","9,786","9,530","916,57K","2,01%"
"13.02.2023","9,542","9,554","9,594","9,468","719,16K","0,38%"
"10.02.2023","9,506","9,642","9,642","9,388","2,13M","-2,02%"
"09.02.2023","9,702","9,650","9,738","9,572","3,17M","0,35%"
"08.02.2023","9,668","9,820","9,842","9,668","1,16M","-0,98%"
"07.02.2023","9,764","9,810","9,824","9,694","891,95K","-0,55%"
"06.02.2023","9,818","9,838","9,864","9,724","866,49K","-0,75%"
"03.02.2023","9,892","9,886","9,926","9,800","1,15M","-0,14%"
"02.02.2023","9,906","9,982","10,020","9,824","1,13M","-0,48%"
"01.02.2023","9,954","9,932","9,984","9,864","2,08M","0,30%"
"31.01.2023","9,924","10,045","10,060","9,902","1,66M","-1,50%"
"30.01.2023","10,075","10,160","10,280","10,050","1,96M","-1,32%"
"27.01.2023","10,210","9,990","10,220","9,990","1,89M","2,65%"
"26.01.2023","9,946","9,990","9,990","9,778","882,58K","0,46%"
"25.01.2023","9,900","9,970","10,015","9,854","1,27M","-3,18%"
"24.01.2023","10,225","10,275","10,285","10,080","1,34M","0,00%"
"23.01.2023","10,225","10,240","10,275","10,155","988,50K","0,74%"
"20.01.2023","10,150","10,150","10,220","10,110","1,03M","0,94%"
"19.01.2023","10,055","10,230","10,260","9,980","1,90M","-2,28%"
"18.01.2023","10,290","10,340","10,360","10,150","1,62M","-0,48%"
"17.01.2023","10,340","10,165","10,365","10,165","2,95M","2,07%"
"16.01.2023","10,130","10,150","10,185","10,030","2,11M","0,60%"
"13.01.2023","10,070","9,930","10,120","9,900","1,49M","1,43%"
"12.01.2023","9,928","9,820","9,930","9,770","1,28M","1,45%"
"11.01.2023","9,786","9,800","9,920","9,744","1,11M","0,93%"
"10.01.2023","9,696","9,750","9,758","9,614","1,18M","-1,08%"
"09.01.2023","9,802","9,720","9,854","9,672","1,14M","1,47%"
"06.01.2023","9,660","9,700","9,720","9,502","757,16K","0,52%"
"05.01.2023","9,610","9,640","9,684","9,488","1,08M","-0,33%"
"04.01.2023","9,642","9,646","9,780","9,564","979,83K","0,35%"
"03.01.2023","9,608","9,550","9,660","9,464","2,15M","1,01%"
"02.01.2023","9,512","9,364","9,512","9,364","521,66K","2,92%"
"30.12.2022","9,242","9,308","9,320","9,242","473,47K","-0,86%"
"29.12.2022","9,322","9,278","9,372","9,234","474,03K","0,06%"
"28.12.2022","9,316","9,362","9,460","9,258","553,05K","-0,79%"
"27.12.2022","9,390","9,430","9,444","9,312","621,27K","0,84%"
"23.12.2022","9,312","9,300","9,430","9,280","640,12K","0,93%"
"22.12.2022","9,226","9,298","9,340","9,208","663,17K","-0,32%"
"21.12.2022","9,256","9,098","9,256","9,066","469,13K","1,78%"
"20.12.2022","9,094","8,860","9,112","8,836","1,30M","1,27%"
"19.12.2022","8,980","8,856","9,132","8,856","665,27K","0,94%"
"16.12.2022","8,896","9,000","9,032","8,820","1,25M","-1,51%"
"15.12.2022","9,032","9,060","9,190","9,010","799,02K","-0,86%"
"14.12.2022","9,110","9,470","9,532","9,010","1,02M","-3,39%"
"13.12.2022","9,430","9,284","9,510","9,216","731,38K","1,99%"
"12.12.2022","9,246","9,370","9,370","9,232","561,55K","-2,03%"
"09.12.2022","9,438","9,408","9,456","9,278","462,99K","0,21%"
"08.12.2022","9,418","9,306","9,452","9,300","427,42K","1,23%"
"07.12.2022","9,304","9,366","9,408","9,286","329,30K","-1,69%"
"06.12.2022","9,464","9,380","9,524","9,298","352,15K","0,92%"
"05.12.2022","9,378","9,394","9,556","9,348","706,79K","-0,19%"
"02.12.2022","9,396","9,298","9,406","9,218","566,04K","0,88%"
"01.12.2022","9,314","9,482","9,510","9,282","997,77K","-0,94%"
"30.11.2022","9,402","9,360","9,490","9,330","1,05M","-0,02%"
"29.11.2022","9,404","9,166","9,488","9,120","713,09K","2,91%"
"28.11.2022","9,138","9,210","9,266","9,102","776,58K","-1,99%"
"25.11.2022","9,324","9,320","9,360","9,262","551,45K","-0,13%"
"24.11.2022","9,336","9,412","9,432","9,312","486,71K","-0,58%"
"23.11.2022","9,390","9,616","9,616","9,386","1,16M","-1,07%"
"22.11.2022","9,492","9,362","9,600","9,334","667,55K","1,61%"
"21.11.2022","9,342","9,350","9,370","9,234","608,42K","-0,68%"
"18.11.2022","9,406","9,482","9,500","9,368","453,44K","0,17%"
"17.11.2022","9,390","9,482","9,542","9,350","363,39K","-0,89%"
"16.11.2022","9,474","9,570","9,618","9,456","508,05K","-1,48%"
"15.11.2022","9,616","9,700","9,700","9,524","873,59K","-0,08%"
"14.11.2022","9,624","9,590","9,700","9,462","747,73K","0,73%"
"11.11.2022","9,554","9,500","9,682","9,448","1,25M","1,10%"
"10.11.2022","9,450","9,380","9,482","9,170","901,39K","1,37%"
"09.11.2022","9,322","9,376","9,424","9,278","704,92K","-0,38%"
"08.11.2022","9,358","9,328","9,392","9,214","614,78K","-0,09%"
"07.11.2022","9,366","9,230","9,458","9,176","651,94K","1,12%"
"04.11.2022","9,262","8,940","9,372","8,940","1,80M","4,94%"
"03.11.2022","8,826","8,700","8,886","8,676","808,64K","0,23%"
"02.11.2022","8,806","9,080","9,080","8,800","871,51K","-2,52%"
"01.11.2022","9,034","8,920","9,046","8,908","831,25K","1,94%"
"31.10.2022","8,862","8,760","8,884","8,664","1,13M","1,68%"
"28.10.2022","8,716","8,624","8,816","8,600","919,90K","-0,43%"
"27.10.2022","8,754","8,704","8,814","8,316","1,99M","0,37%"
"26.10.2022","8,722","8,482","8,750","8,482","842,79K","3,15%"
"25.10.2022","8,456","8,534","8,602","8,392","649,80K","-0,61%"
"24.10.2022","8,508","8,556","8,590","8,360","933,01K","0,35%"
"21.10.2022","8,478","8,340","8,480","8,216","891,23K","0,59%"
"20.10.2022","8,428","8,246","8,448","8,182","1,32M","2,23%"
"19.10.2022","8,244","8,222","8,340","8,196","1,15M","0,49%"
"18.10.2022","8,204","8,350","8,382","8,202","1,06M","-0,80%"
"17.10.2022","8,270","8,110","8,330","8,110","944,59K","2,10%"
"14.10.2022","8,100","8,450","8,450","8,082","1,15M","-2,22%"
"13.10.2022","8,284","7,964","8,328","7,956","1,48M","4,02%"
"12.10.2022","7,964","8,188","8,188","7,938","1,31M","-2,55%"
"11.10.2022","8,172","8,130","8,194","8,030","1,16M","-0,56%"
"10.10.2022","8,218","8,000","8,310","7,970","1,20M","2,62%"
"07.10.2022","8,008","8,070","8,136","8,002","1,53M","-1,52%"
"06.10.2022","8,132","8,466","8,528","8,016","1,81M","-3,33%"
"05.10.2022","8,412","8,544","8,650","8,270","845,01K","-2,57%"
"04.10.2022","8,634","8,562","8,634","8,506","1,15M","3,03%"
"03.10.2022","8,380","8,094","8,430","8,034","740,24K","2,22%"
"30.09.2022","8,198","8,274","8,326","8,070","891,48K","0,47%"
"29.09.2022","8,160","8,350","8,350","8,060","1,01M","-2,18%"
"28.09.2022","8,342","8,372","8,404","8,160","1,09M","-1,88%"
"27.09.2022","8,502","8,400","8,588","8,384","781,87K","2,63%"
"26.09.2022","8,284","8,186","8,444","8,130","1,05M","-0,02%"
"23.09.2022","8,286","8,504","8,504","8,184","1,25M","-3,07%"
"22.09.2022","8,548","8,500","8,640","8,476","888,59K","-0,42%"
"21.09.2022","8,584","8,510","8,680","8,510","983,27K","0,35%"
"20.09.2022","8,554","8,732","8,772","8,510","852,72K","-1,86%"
"19.09.2022","8,716","8,536","8,750","8,512","720,58K","1,09%"
"16.09.2022","8,622","8,450","8,768","8,340","1,71M","1,20%"
"15.09.2022","8,520","8,610","8,738","8,504","1,19M","-0,93%"
"14.09.2022","8,600","8,774","8,900","8,540","1,41M","-2,80%"
"13.09.2022","8,848","9,218","9,238","8,832","1,16M","-3,70%"
"12.09.2022","9,188","9,100","9,300","9,088","1,19M","2,80%"
"09.09.2022","8,938","8,982","9,160","8,900","755,11K","0,74%"
"08.09.2022","8,872","9,020","9,042","8,796","737,02K","-0,34%"
"07.09.2022","8,902","8,766","8,922","8,716","807,25K","0,32%"
"06.09.2022","8,874","8,970","9,052","8,758","802,20K","0,91%"
"05.09.2022","8,794","8,782","8,932","8,700","892,13K","-2,59%"
"02.09.2022","9,028","8,672","9,052","8,520","1,16M","5,42%"
"01.09.2022","8,564","8,934","8,940","8,564","1,47M","-5,08%"
"31.08.2022","9,022","9,158","9,274","9,022","1,10M","-1,38%"
"30.08.2022","9,148","9,360","9,408","9,130","1,30M","-1,55%"
"29.08.2022","9,292","9,064","9,358","9,050","825,90K","1,40%"
"26.08.2022","9,164","9,346","9,414","9,138","642,38K","-1,48%"
"25.08.2022","9,302","9,340","9,400","9,230","467,60K","0,58%"
"24.08.2022","9,248","9,370","9,370","9,178","641,11K","-1,58%"
"23.08.2022","9,396","9,000","9,488","8,960","1,08M","3,82%"
"22.08.2022","9,050","9,306","9,316","8,892","1,58M","-2,69%"
"19.08.2022","9,300","9,594","9,594","9,300","1,10M","-3,51%"
"18.08.2022","9,638","9,580","9,732","9,556","678,93K","0,73%"
"17.08.2022","9,568","9,740","9,786","9,552","794,64K","-1,77%"
"16.08.2022","9,740","9,558","9,760","9,338","1,04M","2,76%"
"15.08.2022","9,478","9,692","9,692","9,438","550,56K","-1,21%"
"12.08.2022","9,594","9,682","9,682","9,560","623,52K","0,08%"
"11.08.2022","9,586","9,678","9,740","9,538","490,39K","-0,62%"
"10.08.2022","9,646","9,434","9,686","9,284","840,97K","2,38%"
"09.08.2022","9,422","9,512","9,522","9,366","574,24K","-0,72%"
"08.08.2022","9,490","9,444","9,580","9,390","710,77K","1,35%"
"05.08.2022","9,364","9,210","9,452","9,210","947,64K","1,74%"
"04.08.2022","9,204","9,108","9,258","9,076","946,99K","1,10%"
"03.08.2022","9,104","8,950","9,114","8,938","945,09K","1,22%"
"02.08.2022","8,994","9,110","9,112","8,908","1,13M","-2,07%"
"01.08.2022","9,184","9,572","9,574","9,184","1,14M","-3,31%"
"29.07.2022","9,498","9,222","9,522","9,176","1,66M","4,19%"
"28.07.2022","9,116","8,980","9,162","8,920","1,39M","3,15%"
"27.07.2022","8,838","8,874","8,874","8,760","571,51K","0,11%"
"26.07.2022","8,828","8,934","8,946","8,788","707,91K","-0,81%"
"25.07.2022","8,900","8,820","8,996","8,772","820,88K","0,04%"
"22.07.2022","8,896","8,826","8,930","8,580","1,36M","0,20%"
"21.07.2022","8,878","8,892","8,978","8,724","895,72K","-0,34%"
"20.07.2022","8,908","8,880","8,950","8,690","743,66K","0,88%"
"19.07.2022","8,830","8,612","8,848","8,468","757,85K","2,44%"
"18.07.2022","8,620","8,570","8,638","8,526","768,74K","2,35%"
"15.07.2022","8,422","8,418","8,462","8,258","980,17K","0,86%"
"14.07.2022","8,350","8,478","8,528","8,216","864,02K","-2,16%"
"13.07.2022","8,534","8,520","8,590","8,342","2,14M","0,35%"
"12.07.2022","8,504","8,328","8,550","8,220","4,88M","1,12%"
"11.07.2022","8,410","8,450","8,588","8,300","932,46K","-2,55%"
"08.07.2022","8,630","8,452","8,732","8,340","4,49M","0,91%"
"07.07.2022","8,552","8,350","8,670","8,220","1,38M","4,70%"
"06.07.2022","8,168","8,250","8,394","8,120","1,28M","-1,80%"
"05.07.2022","8,318","8,718","8,726","8,214","1,74M","-3,79%"
"04.07.2022","8,646","8,750","8,860","8,584","4,36M","-0,87%"
"01.07.2022","8,722","8,700","8,930","8,502","2,20M","-5,57%"
"30.06.2022","9,236","9,600","9,612","9,146","2,69M","-4,74%"
"29.06.2022","9,696","9,670","9,814","9,562","1,19M","-0,35%"
"28.06.2022","9,730","9,888","10,020","9,684","4,69M","-0,88%"
"27.06.2022","9,816","9,800","9,898","9,680","1,26M","1,36%"
"24.06.2022","9,684","9,602","9,706","9,374","1,15M","1,40%"
"23.06.2022","9,550","9,854","9,896","9,550","1,32M","-2,69%"
"22.06.2022","9,814","10,000","10,100","9,582","1,61M","-3,31%"
"21.06.2022","10,150","10,315","10,525","10,150","800,37K","-0,64%"
"20.06.2022","10,215","10,135","10,285","9,962","4,36M","1,19%"
"17.06.2022","10,095","10,070","10,285","9,940","1,07M","0,30%"
"16.06.2022","10,065","10,500","10,545","9,960","1,59M","-4,55%"
"15.06.2022","10,545","10,610","10,650","10,315","1,02M","1,35%"
"14.06.2022","10,405","10,800","10,820","10,350","1,23M","-2,25%"
"13.06.2022","10,645","11,100","11,160","10,580","1,36M","-5,67%"
"10.06.2022","11,285","11,600","11,650","11,230","1,27M","-3,05%"
"09.06.2022","11,640","11,870","12,015","11,620","1,33M","-1,94%"
"08.06.2022","11,870","11,870","12,095","11,800","2,43M","0,34%"
"07.06.2022","11,830","11,735","11,840","11,605","1,84M","0,94%"
"06.06.2022","11,720","12,000","12,150","11,290","3,46M","-0,76%"
"03.06.2022","11,810","11,800","12,010","11,350","4,31M","-3,12%"
"02.06.2022","12,190","12,300","12,360","12,120","1,25M","-0,04%"
"01.06.2022","12,195","12,155","12,410","11,915","3,14M","1,08%"
"31.05.2022","12,065","11,890","12,140","11,800","3,10M","1,00%"
"30.05.2022","11,945","12,000","12,030","11,650","2,48M","-0,46%"
"27.05.2022","12,000","11,215","12,030","11,195","4,54M","6,90%"
"26.05.2022","11,225","11,100","11,270","11,050","1,07M","1,13%"
"25.05.2022","11,100","10,890","11,145","10,800","1,28M","3,54%"
"24.05.2022","10,720","10,845","10,945","10,720","1,01M","-2,15%"
"23.05.2022","10,955","10,850","10,955","10,735","840,48K","2,86%"
"20.05.2022","10,650","10,840","10,950","10,625","876,83K","-0,70%"
"19.05.2022","10,725","10,530","10,755","10,420","983,13K","0,61%"
"18.05.2022","10,660","10,700","10,845","10,590","1,29M","-0,23%"
"17.05.2022","10,685","10,500","10,690","10,415","1,29M","3,24%"
"16.05.2022","10,350","10,460","10,465","10,260","868,20K","-0,81%"
"13.05.2022","10,435","10,390","10,545","10,305","1,03M","1,66%"
"12.05.2022","10,265","10,210","10,370","9,938","1,71M","-1,25%"
"11.05.2022","10,395","10,090","10,590","9,950","4,30M","6,20%"
"10.05.2022","9,788","10,000","10,080","9,768","926,27K","-1,17%"
"09.05.2022","9,904","10,025","10,075","9,816","1,87M","-0,86%"
"06.05.2022","9,990","9,728","10,060","9,576","1,05M","2,69%"
"05.05.2022","9,728","10,090","10,110","9,728","1,12M","-0,43%"
"04.05.2022","9,770","10,090","10,120","9,770","973,66K","-3,27%"
"03.05.2022","10,100","9,956","10,095","9,872","","2,85%"
"02.05.2022","9,820","10,020","10,090","9,806","","-2,68%"
"29.04.2022","10,090","10,030","10,150","10,005","","1,53%"
"28.04.2022","9,938","9,948","10,080","9,844","1,06M","1,20%"
"27.04.2022","9,820","9,600","9,824","9,460","","3,92%"
"26.04.2022","9,450","9,662","9,680","9,418","","-0,30%"
"25.04.2022","9,478","9,840","9,870","9,478","3,01M","-4,49%"
"22.04.2022","9,924","10,100","10,190","9,924","1,17M","-3,04%"
"21.04.2022","10,235","10,130","10,295","10,000","1,04M","1,54%"
"20.04.2022","10,080","10,020","10,150","9,930","981,16K","1,55%"
"19.04.2022","9,926","10,060","10,180","9,792","1,62M","-0,50%"
"14.04.2022","9,976","9,862","10,015","9,714","1,01M","2,30%"
"13.04.2022","9,752","9,766","9,846","9,676","1,05M","0,02%"
"12.04.2022","9,750","9,600","9,750","9,442","1,12M","2,05%"
"11.04.2022","9,554","9,508","9,750","9,454","1,35M","1,19%"
"08.04.2022","9,442","9,574","9,682","9,432","892,97K","0,66%"
"07.04.2022","9,380","9,562","9,618","9,372","1,63M","-1,82%"
"06.04.2022","9,554","9,794","9,922","9,440","1,83M","-2,41%"
"05.04.2022","9,790","9,980","9,980","9,716","1,84M","-1,96%"
"04.04.2022","9,986","10,150","10,155","9,868","1,21M","-1,57%"
"01.04.2022","10,145","10,060","10,170","9,932","659,37K","1,65%"
"31.03.2022","9,980","10,165","10,205","9,950","1,19M","-1,24%"
"30.03.2022","10,105","10,350","10,380","10,020","1,58M","-1,61%"
"29.03.2022","10,270","10,285","10,300","10,100","1,35M","1,73%"
"28.03.2022","10,095","10,375","10,420","10,065","1,25M","-2,18%"
"25.03.2022","10,320","10,380","10,380","10,135","1,23M","0,39%"
"24.03.2022","10,280","10,660","10,680","10,230","1,49M","-0,63%"
"23.03.2022","10,345","10,770","10,820","10,170","1,68M","-3,50%"
"22.03.2022","10,720","10,415","10,765","10,370","1,36M","3,47%"
"21.03.2022","10,360","10,010","10,360","9,994","999,58K","3,85%"
"18.03.2022","9,976","10,250","10,280","9,914","1,58M","-1,81%"
"17.03.2022","10,160","10,200","10,415","10,020","1,14M","0,25%"
"16.03.2022","10,135","9,790","10,160","9,740","1,56M","6,42%"
"15.03.2022","9,524","9,524","9,676","9,370","1,09M","-1,10%"
"14.03.2022","9,630","9,544","9,744","9,372","1,25M","2,12%"
"11.03.2022","9,430","9,444","9,572","9,100","2,18M","0,64%"
"10.03.2022","9,370","9,700","9,758","9,316","2,25M","-3,60%"
"09.03.2022","9,720","9,836","9,882","9,366","2,07M","1,46%"
"08.03.2022","9,580","9,850","10,300","9,580","2,58M","-3,91%"
"07.03.2022","9,970","10,010","10,340","9,620","1,70M","-3,30%"
"04.03.2022","10,310","11,050","11,185","10,305","2,07M","-7,12%"
"03.03.2022","11,100","11,240","11,560","11,085","1,92M","-1,25%"
"02.03.2022","11,240","11,180","11,380","10,935","1,75M","1,77%"
"01.03.2022","11,045","11,435","11,635","11,010","2,09M","-3,16%"
"28.02.2022","11,405","11,300","11,665","11,165","1,63M","0,31%"
"25.02.2022","11,370","10,730","11,400","10,730","1,44M","6,46%"
"24.02.2022","10,680","10,800","11,135","10,575","1,94M","-6,40%"
"23.02.2022","11,410","11,400","11,685","11,400","633,76K","0,18%"
"22.02.2022","11,390","11,000","11,560","10,820","951,73K","0,71%"
"21.02.2022","11,310","11,630","11,765","11,245","915,26K","-1,74%"
"18.02.2022","11,510","11,505","11,680","11,425","866,10K","0,79%"
"17.02.2022","11,420","11,745","11,780","11,420","756,12K","-2,89%"
"16.02.2022","11,760","11,685","11,840","11,655","742,90K","1,73%"
"15.02.2022","11,560","11,250","11,675","11,235","1,04M","2,21%"
"14.02.2022","11,310","11,355","11,620","11,180","2,02M","-2,88%"
"11.02.2022","11,645","11,590","11,810","11,545","867,77K","-0,85%"
"10.02.2022","11,745","11,940","11,950","11,575","1,22M","-1,05%"
"09.02.2022","11,870","11,690","11,905","11,565","997,30K","2,37%"
"08.02.2022","11,595","11,570","11,710","11,440","1,40M","-0,26%"
"07.02.2022","11,625","11,465","11,720","11,445","1,19M","1,93%"
"04.02.2022","11,405","11,720","11,765","11,360","1,12M","-2,40%"
"03.02.2022","11,685","11,565","11,800","11,550","1,17M","1,08%"
"02.02.2022","11,560","11,650","11,670","11,480","946,07K","-0,17%"
"01.02.2022","11,580","11,390","11,620","11,330","1,87M","2,93%"
"31.01.2022","11,250","11,220","11,420","11,145","1,48M","1,95%"
"28.01.2022","11,035","11,410","11,420","11,035","2,00M","-3,37%"
"27.01.2022","11,420","11,075","11,470","11,030","1,33M","1,33%"
"26.01.2022","11,270","11,200","11,475","11,105","1,59M","2,36%"
"25.01.2022","11,010","11,270","11,480","10,860","1,93M","-1,08%"
"24.01.2022","11,130","11,960","11,965","10,935","4,41M","-7,40%"
"21.01.2022","12,020","12,285","12,285","11,935","1,45M","-3,80%"
"20.01.2022","12,495","12,405","12,610","12,330","1,09M","1,09%"
"19.01.2022","12,360","12,225","12,465","12,005","4,04M","0,28%"
"18.01.2022","12,325","12,650","12,660","12,320","1,20M","-2,61%"
"17.01.2022","12,655","12,800","12,805","12,655","1,17M","-0,16%"
"14.01.2022","12,675","12,735","12,905","12,675","1,02M","-0,98%"
"13.01.2022","12,800","12,525","12,890","12,525","1,93M","2,11%"
"12.01.2022","12,535","12,215","12,590","12,190","2,79M","3,21%"
"11.01.2022","12,145","11,950","12,185","11,950","1,15M","2,36%"
"10.01.2022","11,865","12,055","12,110","11,835","1,43M","-1,21%"
"07.01.2022","12,010","12,000","12,070","11,900","1,13M","0,54%"
"06.01.2022","11,945","11,735","12,035","11,695","901,05K","0,13%"
"05.01.2022","11,930","11,715","11,945","11,710","2,87M","1,97%"
"04.01.2022","11,700","11,730","11,810","11,570","1,05M","0,26%"
"03.01.2022","11,670","11,500","11,695","11,440","1,01M","2,50%"
"30.12.2021","11,385","11,500","11,540","11,385","686,98K","-1,13%"
"29.12.2021","11,515","11,395","11,540","11,330","792,46K","0,88%"
"28.12.2021","11,415","11,335","11,505","11,335","756,72K","0,97%"
"27.12.2021","11,305","11,140","11,350","11,140","545,59K","1,12%"
"23.12.2021","11,180","11,205","11,290","11,110","2,57M","0,63%"
"22.12.2021","11,110","10,950","11,110","10,940","480,20K","1,65%"
"21.12.2021","10,930","11,055","11,140","10,930","1,73M","0,05%"
"20.12.2021","10,925","10,665","10,960","10,525","794,71K","0,23%"
"17.12.2021","10,900","10,785","11,035","10,775","844,76K","0,28%"
"16.12.2021","10,870","10,785","10,955","10,720","1,10M","2,89%"
"15.12.2021","10,565","10,620","10,730","10,535","844,03K","-0,19%"
"14.12.2021","10,585","10,355","10,665","10,280","732,61K","2,57%"
"13.12.2021","10,320","10,385","10,600","10,315","867,71K","0,63%"
"10.12.2021","10,255","10,240","10,340","10,165","409,08K","0,49%"
"09.12.2021","10,205","10,385","10,390","10,145","550,94K","-0,92%"
"08.12.2021","10,300","10,300","10,425","10,260","681,18K","0,00%"
"07.12.2021","10,300","10,175","10,335","10,120","754,47K","3,02%"
"06.12.2021","9,998","9,988","10,030","9,852","385,18K","1,38%"
"03.12.2021","9,862","10,055","10,070","9,836","583,19K","-1,63%"
"02.12.2021","10,025","9,890","10,120","9,870","681,07K","-0,10%"
"01.12.2021","10,035","9,900","10,130","9,894","668,38K","1,90%"
"30.11.2021","9,848","10,140","10,140","9,800","2,13M","-2,74%"
"29.11.2021","10,125","10,230","10,345","10,055","782,69K","0,15%"
"26.11.2021","10,110","10,265","10,385","9,950","1,53M","-4,76%"
"25.11.2021","10,615","10,800","10,800","10,505","500,04K","-1,12%"
"24.11.2021","10,735","10,800","10,930","10,700","802,19K","-0,42%"
"23.11.2021","10,780","10,660","10,855","10,580","580,35K","1,13%"
"22.11.2021","10,660","10,500","10,700","10,475","883,42K","2,01%"
"19.11.2021","10,450","10,865","10,885","10,370","1,25M","-2,84%"
"18.11.2021","10,755","10,700","10,895","10,620","1,29M","0,51%"
"17.11.2021","10,700","10,800","10,805","10,620","1,33M","-0,56%"
"16.11.2021","10,760","10,835","10,885","10,745","1,35M","-1,10%"
"15.11.2021","10,880","11,050","11,050","10,755","1,81M","-1,58%"
"12.11.2021","11,055","11,305","11,310","10,950","1,66M","-1,99%"
"11.11.2021","11,280","11,140","11,335","11,095","963,24K","1,81%"
"10.11.2021","11,080","11,185","11,220","10,925","1,96M","-1,16%"
"09.11.2021","11,210","11,440","11,555","11,195","1,16M","-1,10%"
"08.11.2021","11,335","11,255","11,400","11,130","3,19M","1,02%"
"05.11.2021","11,220","11,480","11,480","11,215","1,26M","-1,41%"
"04.11.2021","11,380","11,500","11,545","11,235","2,48M","0,35%"
"03.11.2021","11,340","12,010","12,225","11,335","3,15M","-4,91%"
"02.11.2021","11,925","12,180","12,180","11,710","1,66M","-2,61%"
"01.11.2021","12,245","12,160","12,345","12,150","883,38K","1,74%"
"29.10.2021","12,035","11,980","12,095","11,925","1,38M","0,33%"
"28.10.2021","11,995","11,975","12,015","11,905","1,53M","0,00%"
"27.10.2021","11,995","12,030","12,125","11,905","929,16K","-0,37%"
"26.10.2021","12,040","11,875","12,080","11,815","964,49K","1,99%"
"25.10.2021","11,805","11,725","11,825","11,650","723,90K","1,86%"
"22.10.2021","11,590","11,545","11,705","11,510","1,76M","0,87%"
"21.10.2021","11,490","11,655","11,680","11,400","3,98M","-2,25%"
"20.10.2021","11,755","11,875","11,875","11,570","1,06M","-1,51%"
"19.10.2021","11,935","12,220","12,350","11,885","1,11M","-1,93%"
"18.10.2021","12,170","12,145","12,230","12,025","1,07M","0,21%"
"15.10.2021","12,145","12,000","12,290","11,980","1,16M","1,93%"
"14.10.2021","11,915","11,990","12,060","11,860","1,00M","0,34%"
"13.10.2021","11,875","11,860","12,010","11,795","1,16M","0,34%"
"12.10.2021","11,835","11,500","11,840","11,400","3,68M","2,29%"
"11.10.2021","11,570","11,320","11,675","11,260","1,37M","3,03%"
"08.10.2021","11,230","11,200","11,425","11,200","2,85M","-0,04%"
"07.10.2021","11,235","11,010","11,330","10,935","1,47M","1,86%"
"06.10.2021","11,030","11,165","11,200","10,940","957,75K","-2,09%"
"05.10.2021","11,265","10,895","11,265","10,870","898,65K","3,40%"
"04.10.2021","10,895","11,000","11,035","10,690","1,76M","-1,04%"
"01.10.2021","11,010","10,700","11,170","10,610","24,16M","-0,72%"
"30.09.2021","11,090","11,315","11,385","11,050","812,14K","-1,11%"
"29.09.2021","11,215","10,810","11,305","10,740","1,33M","4,67%"
"28.09.2021","10,715","11,000","11,130","10,715","873,81K","-3,12%"
"27.09.2021","11,060","11,170","11,180","10,870","967,40K","-0,45%"
"24.09.2021","11,110","11,070","11,190","11,040","448,54K","-0,54%"
"23.09.2021","11,170","11,215","11,280","11,010","941,36K","0,00%"
"22.09.2021","11,170","11,080","11,205","10,940","1,09M","2,29%"
"21.09.2021","10,920","11,150","11,285","10,885","921,95K","-2,11%"
"20.09.2021","11,155","11,420","11,420","11,015","1,05M","-4,08%"
"17.09.2021","11,630","11,545","11,840","11,490","2,09M","0,91%"
"16.09.2021","11,525","11,470","11,730","11,450","857,03K","0,39%"
"15.09.2021","11,480","11,185","11,490","11,170","815,63K","2,64%"
"14.09.2021","11,185","11,325","11,395","11,175","998,01K","-1,50%"
"13.09.2021","11,355","11,450","11,490","11,270","636,61K","-0,26%"
"10.09.2021","11,385","11,310","11,480","11,310","574,11K","0,71%"
"09.09.2021","11,305","11,380","11,380","11,225","512,43K","-0,92%"
"08.09.2021","11,410","11,580","11,670","11,400","598,33K","-1,21%"
"07.09.2021","11,550","11,405","11,600","11,315","617,59K","1,58%"
"06.09.2021","11,370","11,495","11,500","11,300","365,34K","-0,44%"
"03.09.2021","11,420","11,515","11,540","11,390","683,08K","-0,48%"
"02.09.2021","11,475","11,555","11,575","11,395","543,46K","-0,35%"
"01.09.2021","11,515","11,650","11,650","11,360","841,70K","-0,04%"
"31.08.2021","11,520","11,555","11,720","11,450","935,24K","0,35%"
"30.08.2021","11,480","11,625","11,725","11,480","397,02K","-0,99%"
"27.08.2021","11,595","11,405","11,600","11,395","511,34K","1,62%"
"26.08.2021","11,410","11,350","11,470","11,250","4,59M","-0,48%"
"25.08.2021","11,465","11,345","11,465","11,275","510,92K","1,78%"
"24.08.2021","11,265","11,260","11,345","11,200","637,54K","0,40%"
"23.08.2021","11,220","11,355","11,355","11,160","706,78K","0,49%"
"20.08.2021","11,165","11,260","11,315","11,080","484,77K","-0,67%"
"19.08.2021","11,240","11,450","11,545","11,140","919,68K","-3,35%"
"18.08.2021","11,630","11,500","11,640","11,480","691,17K","0,78%"
"17.08.2021","11,540","11,500","11,695","11,450","421,24K","-0,30%"
"16.08.2021","11,575","11,750","11,765","11,505","525,77K","-1,82%"
"13.08.2021","11,790","11,550","11,800","11,550","1,04M","2,34%"
"12.08.2021","11,520","11,475","11,555","11,400","485,09K","0,70%"
"11.08.2021","11,440","11,325","11,450","11,245","532,87K","1,10%"
"10.08.2021","11,315","11,375","11,375","11,195","389,86K","0,31%"
"09.08.2021","11,280","11,230","11,320","11,150","380,83K","0,58%"
"06.08.2021","11,215","11,090","11,335","11,065","471,43K","1,31%"
"05.08.2021","11,070","11,050","11,105","10,965","609,86K","0,05%"
"04.08.2021","11,065","11,235","11,240","11,050","423,43K","-0,63%"
"03.08.2021","11,135","11,200","11,200","10,960","647,70K","0,41%"
"02.08.2021","11,090","11,510","11,510","11,075","1,03M","-1,47%"
"30.07.2021","11,255","11,450","11,480","11,120","989,11K","-2,89%"
"29.07.2021","11,590","11,390","11,675","11,325","1,88M","3,53%"
"28.07.2021","11,195","11,240","11,280","11,070","639,82K","-0,44%"
"27.07.2021","11,245","11,260","11,325","11,115","1,20M","-0,35%"
"26.07.2021","11,285","10,840","11,295","10,820","1,25M","4,20%"
"23.07.2021","10,830","10,640","10,840","10,595","814,99K","2,36%"
"22.07.2021","10,580","10,660","10,745","10,580","652,85K","-0,38%"
"21.07.2021","10,620","10,390","10,655","10,335","2,46M","3,16%"
"20.07.2021","10,295","10,225","10,395","10,160","761,06K","1,68%"
"19.07.2021","10,125","10,210","10,400","9,986","1,11M","-2,08%"
"16.07.2021","10,340","10,500","10,550","10,250","750,55K","-0,86%"
"15.07.2021","10,430","10,510","10,510","10,280","632,85K","-0,10%"
"14.07.2021","10,440","10,300","10,570","10,230","972,20K","1,51%"
"13.07.2021","10,285","10,490","10,510","10,250","801,79K","-1,39%"
"12.07.2021","10,430","10,510","10,520","10,130","2,32M","-1,79%"
"09.07.2021","10,620","10,300","10,640","10,225","796,53K","3,76%"
"08.07.2021","10,235","10,390","10,390","10,095","950,78K","-1,35%"
"07.07.2021","10,375","10,255","10,395","10,155","831,43K","1,72%"
"06.07.2021","10,200","10,515","10,595","10,150","1,19M","-3,41%"
"05.07.2021","10,560","10,460","10,595","10,435","601,43K","1,29%"
"02.07.2021","10,425","10,350","10,495","10,320","883,30K","1,02%"
"01.07.2021","10,320","10,220","10,480","10,200","1,05M","1,33%"
"30.06.2021","10,185","10,245","10,300","10,000","1,20M","-0,20%"
"29.06.2021","10,205","9,974","10,215","9,938","1,25M","2,52%"
"28.06.2021","9,954","9,990","10,150","9,880","1,52M","-0,08%"
"25.06.2021","9,962","9,980","10,030","9,910","1,17M","0,67%"
"24.06.2021","9,896","9,950","9,960","9,750","1,35M","0,20%"
"23.06.2021","9,876","9,750","9,924","9,714","4,19M","1,73%"
"22.06.2021","9,708","9,766","9,778","9,504","2,47M","0,21%"
"21.06.2021","9,688","9,820","9,890","9,550","4,86M","-0,47%"
"18.06.2021","9,734","10,200","10,250","9,718","29,45M","-10,04%"
"17.06.2021","10,820","11,070","11,070","10,820","897,77K","-2,87%"
"16.06.2021","11,140","11,400","11,445","11,075","747,51K","-1,85%"
"15.06.2021","11,350","11,645","11,645","11,350","1,29M","-2,74%"
"14.06.2021","11,670","11,725","11,850","11,670","567,98K","-0,26%"
"11.06.2021","11,700","11,485","11,785","11,470","1,26M","2,09%"
"10.06.2021","11,460","11,460","11,605","11,425","553,44K","0,00%"
"09.06.2021","11,460","11,660","11,670","11,370","2,76M","-1,67%"
"08.06.2021","11,655","11,515","11,680","11,480","2,99M","1,26%"
"07.06.2021","11,510","11,500","11,630","11,455","2,42M","0,17%"
"04.06.2021","11,490","11,425","11,585","11,425","719,25K","-0,26%"
"03.06.2021","11,520","11,505","11,535","11,415","608,58K","-0,04%"
"02.06.2021","11,525","11,540","11,575","11,455","547,61K","0,22%"
"01.06.2021","11,500","11,320","11,545","10,780","865,58K","-2,00%"
"31.05.2021","11,735","11,820","11,835","11,705","875,66K","0,34%"
"28.05.2021","11,695","11,845","11,845","11,625","785,54K","-0,47%"
"27.05.2021","11,750","11,665","11,820","11,605","3,25M","0,73%"
"26.05.2021","11,665","11,680","11,715","11,575","2,78M","0,34%"
"25.05.2021","11,625","11,830","11,830","11,625","2,52M","-0,68%"
"24.05.2021","11,705","11,770","11,785","11,635","3,85M","0,21%"
"21.05.2021","11,680","11,700","11,765","11,630","596,16K","-0,43%"
"20.05.2021","11,730","11,835","11,850","11,625","582,29K","-0,38%"
"19.05.2021","11,775","11,760","11,900","11,610","1,17M","-0,84%"
"18.05.2021","11,875","12,100","12,185","11,825","697,24K","-0,63%"
"17.05.2021","11,950","11,870","11,985","11,765","1,22M","0,76%"
"14.05.2021","11,860","12,025","12,025","11,770","818,28K","0,04%"
"13.05.2021","11,855","11,800","11,990","11,575","785,34K","-0,71%"
"12.05.2021","11,940","11,900","12,075","11,770","690,52K","-0,67%"
"11.05.2021","12,020","12,180","12,180","11,680","1,22M","-1,84%"
"10.05.2021","12,245","12,250","12,430","12,210","777,60K","0,41%"
"07.05.2021","12,195","12,195","12,240","12,040","547,90K","0,74%"
"06.05.2021","12,105","11,935","12,135","11,880","896,60K","1,47%"
"05.05.2021","11,930","11,725","11,930","11,685","458,73K","3,07%"
"04.05.2021","11,575","11,745","11,825","11,480","700,73K","-1,32%"
"03.05.2021","11,730","11,580","11,730","11,530","378,72K","1,60%"
"30.04.2021","11,545","11,615","11,765","11,535","412,57K","-1,20%"
"29.04.2021","11,685","11,730","11,935","11,625","598,11K","0,00%"
"28.04.2021","11,685","11,775","11,855","11,600","633,19K","-1,10%"
"27.04.2021","11,815","11,920","11,920","11,770","356,05K","-0,88%"
"26.04.2021","11,920","11,805","11,920","11,760","849,70K","1,02%"
"23.04.2021","11,800","11,690","11,870","11,640","527,60K","0,90%"
"22.04.2021","11,695","11,680","11,755","11,580","526,28K","1,08%"
"21.04.2021","11,570","11,545","11,755","11,425","578,90K","0,56%"
"20.04.2021","11,505","11,705","11,765","11,475","593,73K","-1,24%"
"19.04.2021","11,650","11,840","11,890","11,635","579,17K","-0,98%"
"16.04.2021","11,765","11,710","11,775","11,625","859,59K","1,42%"
"15.04.2021","11,600","11,810","11,880","11,570","703,01K","-1,99%"
"14.04.2021","11,835","11,665","11,835","11,570","682,01K","1,59%"
"13.04.2021","11,650","11,460","11,715","11,395","1,15M","2,69%"
"12.04.2021","11,345","11,440","11,470","11,255","866,72K","-0,66%"
"09.04.2021","11,420","11,300","11,480","11,235","724,53K","1,15%"
"08.04.2021","11,290","11,280","11,320","11,175","487,34K","0,49%"
"07.04.2021","11,235","11,160","11,280","11,100","435,27K","1,22%"
"06.04.2021","11,100","11,200","11,295","11,100","650,39K","0,59%"
"01.04.2021","11,035","11,160","11,220","10,960","745,03K","-0,81%"
"31.03.2021","11,125","11,030","11,215","11,000","753,89K","0,68%"
"30.03.2021","11,050","10,810","11,055","10,780","671,05K","2,60%"
"29.03.2021","10,770","10,775","10,845","10,665","494,20K","-0,28%"
"26.03.2021","10,800","10,500","10,800","10,465","782,05K","3,65%"
"25.03.2021","10,420","10,440","10,585","10,185","756,70K","-0,86%"
"24.03.2021","10,510","10,150","10,515","10,115","844,51K","3,09%"
"23.03.2021","10,195","10,385","10,385","10,155","828,52K","-2,02%"
"22.03.2021","10,405","10,390","10,405","10,275","518,07K","-0,24%"
"19.03.2021","10,430","10,355","10,495","10,290","1,04M","-0,48%"
"18.03.2021","10,480","10,325","10,505","10,295","853,27K","2,44%"
"17.03.2021","10,230","10,470","10,470","10,165","780,85K","-1,49%"
"16.03.2021","10,385","10,410","10,435","10,230","747,58K","0,19%"
"15.03.2021","10,365","10,450","10,645","10,290","1,01M","-0,34%"
"12.03.2021","10,400","10,070","10,400","10,060","1,02M","2,41%"
"11.03.2021","10,155","10,145","10,240","10,065","805,76K","1,45%"
"10.03.2021","10,010","10,010","10,140","9,930","956,93K","-0,25%"
"09.03.2021","10,035","10,050","10,100","9,870","1,15M","0,43%"
"08.03.2021","9,992","9,900","10,015","9,808","950,55K","3,14%"
"05.03.2021","9,688","9,832","9,832","9,612","1,93M","-1,60%"
"04.03.2021","9,846","10,045","10,055","9,702","1,56M","-2,51%"
"03.03.2021","10,100","10,340","10,430","9,996","1,04M","-1,22%"
"02.03.2021","10,225","10,165","10,300","10,070","920,59K","0,44%"
"01.03.2021","10,180","10,100","10,485","9,966","2,06M","5,58%"
"26.02.2021","9,642","9,794","9,912","9,642","688,07K","-3,68%"
"25.02.2021","10,010","9,890","10,070","9,860","681,70K","1,65%"
"24.02.2021","9,848","9,716","9,980","9,690","754,72K","1,09%"
"23.02.2021","9,742","9,782","9,902","9,534","646,31K","-0,23%"
"22.02.2021","9,764","9,938","9,972","9,746","467,66K","-1,75%"
"19.02.2021","9,938","9,688","9,938","9,556","613,34K","3,63%"
"18.02.2021","9,590","9,786","9,980","9,576","937,06K","-0,70%"
"17.02.2021","9,658","9,848","9,860","9,652","469,61K","-1,39%"
"16.02.2021","9,794","9,780","9,840","9,668","579,60K","0,60%"
"15.02.2021","9,736","9,550","9,768","9,522","791,99K","2,61%"
"12.02.2021","9,488","9,490","9,540","9,326","369,09K","-0,13%"
"11.02.2021","9,500","9,626","9,726","9,464","905,44K","-1,57%"
"10.02.2021","9,652","9,614","9,780","9,612","740,52K","0,90%"
"09.02.2021","9,566","9,740","9,740","9,522","840,95K","-1,65%"
"08.02.2021","9,726","9,678","9,796","9,634","434,60K","0,83%"
"05.02.2021","9,646","9,500","9,646","9,484","600,39K","1,60%"
"04.02.2021","9,494","9,562","9,624","9,432","410,61K","0,51%"
"03.02.2021","9,446","9,600","9,610","9,308","851,78K","-0,23%"
"02.02.2021","9,468","9,510","9,700","9,442","1,31M","2,14%"
"01.02.2021","9,270","9,318","9,416","9,242","375,44K","0,98%"
"29.01.2021","9,180","9,236","9,438","9,162","627,44K","-1,86%"
"28.01.2021","9,354","9,020","9,444","8,800","654,64K","2,72%"
"27.01.2021","9,106","9,316","9,328","9,002","780,90K","-2,67%"
"26.01.2021","9,356","9,146","9,450","9,146","475,85K","1,67%"
"25.01.2021","9,202","9,474","9,570","9,136","825,88K","-1,86%"
"22.01.2021","9,376","9,530","9,580","9,280","970,31K","-2,88%"
"21.01.2021","9,654","9,574","9,750","9,574","587,69K","0,92%"
"20.01.2021","9,566","9,544","9,672","9,520","424,82K","0,86%"
"19.01.2021","9,484","9,678","9,732","9,444","621,32K","-1,35%"
"18.01.2021","9,614","9,434","9,660","9,352","585,40K","2,04%"
"15.01.2021","9,422","9,784","9,784","9,350","987,04K","-4,03%"
"14.01.2021","9,818","9,840","9,914","9,788","726,71K","0,04%"
"13.01.2021","9,814","9,850","9,980","9,768","628,80K","0,35%"
"12.01.2021","9,780","9,770","9,816","9,694","408,01K","0,78%"
"11.01.2021","9,704","9,714","9,780","9,588","526,86K","-0,08%"
"08.01.2021","9,712","9,900","9,900","9,670","696,16K","-1,10%"
"07.01.2021","9,820","9,590","9,840","9,550","1,13M","2,96%"
"06.01.2021","9,538","9,334","9,546","9,304","1,14M","2,43%"
"05.01.2021","9,312","9,310","9,334","9,214","463,93K","0,19%"
"04.01.2021","9,294","9,180","9,432","9,142","708,56K","2,88%"
"31.12.2020","9,034","9,150","9,178","9,034","316,60K","-1,68%"
"30.12.2020","9,188","9,132","9,240","9,100","460,47K","0,46%"
"29.12.2020","9,146","9,144","9,266","9,080","615,82K","0,51%"
"28.12.2020","9,100","9,200","9,276","9,072","405,56K","-0,55%"
"24.12.2020","9,150","9,190","9,190","9,070","170,59K","-0,07%"
"23.12.2020","9,156","9,076","9,184","9,038","799,78K","1,04%"
"22.12.2020","9,062","8,994","9,114","8,966","424,44K","1,27%"
"21.12.2020","8,948","8,800","8,998","8,742","841,39K","-0,75%"
"18.12.2020","9,016","9,150","9,182","8,980","958,52K","-1,81%"
"17.12.2020","9,182","9,150","9,196","9,054","1,20M","0,90%"
"16.12.2020","9,100","9,090","9,160","8,996","3,40M","0,51%"
"15.12.2020","9,054","8,810","9,060","8,790","1,46M","3,43%"
"14.12.2020","8,754","8,818","8,882","8,710","501,66K","0,34%"
"11.12.2020","8,724","8,800","8,822","8,670","569,03K","-0,73%"
"10.12.2020","8,788","8,838","8,962","8,706","634,02K","-1,85%"
"09.12.2020","8,954","8,832","8,988","8,770","750,61K","2,64%"
"08.12.2020","8,724","8,846","8,846","8,644","1,00M","-1,69%"
"07.12.2020","8,874","9,020","9,062","8,828","750,85K","-1,53%"
"04.12.2020","9,012","8,632","9,012","8,614","1,49M","4,79%"
"03.12.2020","8,600","8,680","8,764","8,576","710,02K","-0,76%"
"02.12.2020","8,666","8,690","8,692","8,526","800,98K","-0,39%"
"01.12.2020","8,700","8,530","8,760","8,480","792,18K","1,92%"
"30.11.2020","8,536","8,803","8,858","8,500","1,30M","-7,92%"
"27.11.2020","9,270","9,280","9,340","9,190","943,67K","0,43%"
"26.11.2020","9,230","9,330","9,350","9,154","514,94K","-0,04%"
"25.11.2020","9,234","9,314","9,350","9,170","1,07M","-0,22%"
"24.11.2020","9,254","9,032","9,278","8,940","2,04M","3,74%"
"23.11.2020","8,920","8,894","9,054","8,786","1,87M","1,97%"
"20.11.2020","8,748","8,576","8,780","8,544","1,33M","2,63%"
"19.11.2020","8,524","8,594","8,594","8,468","895,30K","-1,30%"
"18.11.2020","8,636","8,380","8,690","8,354","1,62M","4,68%"
"17.11.2020","8,250","8,394","8,484","8,180","1,23M","-1,50%"
"16.11.2020","8,376","8,298","8,576","8,220","1,93M","3,13%"
"13.11.2020","8,122","7,960","8,172","7,952","770,25K","1,35%"
"12.11.2020","8,014","8,000","8,044","7,910","898,04K","-0,35%"
"11.11.2020","8,042","7,814","8,062","7,760","983,79K","3,10%"
"10.11.2020","7,800","7,828","7,894","7,686","1,47M","-0,64%"
"09.11.2020","7,850","7,440","7,914","7,394","1,72M","7,65%"
"06.11.2020","7,292","7,262","7,362","7,168","574,09K","0,80%"
"05.11.2020","7,234","7,084","7,288","7,064","1,75M","2,38%"
"04.11.2020","7,066","6,772","7,066","6,678","758,55K","3,30%"
"03.11.2020","6,840","6,876","7,082","6,840","898,63K","0,47%"
"02.11.2020","6,808","6,866","6,868","6,732","752,62K","0,06%"
"30.10.2020","6,804","6,678","6,814","6,600","1,12M","0,80%"
"29.10.2020","6,750","6,912","6,956","6,688","1,25M","-2,09%"
"28.10.2020","6,894","7,180","7,180","6,810","1,43M","-5,59%"
"27.10.2020","7,302","7,450","7,458","7,256","762,17K","-1,24%"
"26.10.2020","7,394","7,260","7,590","7,136","1,39M","0,71%"
"23.10.2020","7,342","7,190","7,348","7,190","1,17M","2,03%"
"22.10.2020","7,196","7,182","7,334","7,096","592,32K","0,17%"
"21.10.2020","7,184","7,298","7,316","7,114","604,85K","-1,99%"
"20.10.2020","7,330","7,168","7,354","7,132","537,28K","1,78%"
"19.10.2020","7,202","7,210","7,280","7,160","432,18K","0,59%"
"16.10.2020","7,160","7,090","7,220","7,058","476,68K","1,70%"
"15.10.2020","7,040","7,030","7,076","6,984","521,39K","-1,65%"
"14.10.2020","7,158","7,096","7,158","7,020","372,50K","1,27%"
"13.10.2020","7,068","7,210","7,228","7,068","384,99K","-2,13%"
"12.10.2020","7,222","7,350","7,350","7,222","288,59K","-0,88%"
"09.10.2020","7,286","7,300","7,382","7,282","485,92K","-0,44%"
"08.10.2020","7,318","7,342","7,388","7,256","577,01K","0,16%"
"07.10.2020","7,306","7,112","7,306","7,058","808,03K","2,70%"
"06.10.2020","7,114","6,990","7,158","6,976","1,32M","2,21%"
"05.10.2020","6,960","7,018","7,060","6,832","935,48K","0,20%"
"02.10.2020","6,946","6,810","6,992","6,782","635,39K","0,29%"
"01.10.2020","6,926","7,046","7,046","6,850","700,70K","-1,11%"
"30.09.2020","7,004","7,018","7,078","6,934","827,37K","-0,26%"
"29.09.2020","7,022","7,052","7,104","7,022","427,70K","-1,01%"
"28.09.2020","7,094","6,870","7,110","6,840","681,31K","4,29%"
"25.09.2020","6,802","6,888","6,898","6,778","432,91K","-0,23%"
"24.09.2020","6,818","6,798","6,874","6,732","569,25K","-0,76%"
"23.09.2020","6,870","6,830","6,922","6,770","568,71K","1,48%"
"22.09.2020","6,770","6,752","6,920","6,678","899,87K","1,38%"
"21.09.2020","6,678","7,026","7,026","6,650","1,10M","-5,52%"
"18.09.2020","7,068","7,064","7,100","6,972","750,85K","-0,17%"
"17.09.2020","7,080","6,824","7,080","6,818","1,14M","2,28%"
"16.09.2020","6,922","6,816","6,942","6,748","1,24M","1,41%"
"15.09.2020","6,826","6,816","6,880","6,788","740,70K","0,09%"
"14.09.2020","6,820","6,860","6,918","6,804","701,06K","-0,03%"
"11.09.2020","6,822","6,808","6,852","6,730","584,26K","-0,32%"
"10.09.2020","6,844","6,800","6,916","6,788","458,74K","-0,12%"
"09.09.2020","6,852","6,836","6,900","6,764","545,96K","0,18%"
"08.09.2020","6,840","6,934","6,934","6,728","684,33K","-1,36%"
"07.09.2020","6,934","7,048","7,080","6,922","440,29K","-0,89%"
"04.09.2020","6,996","6,866","7,100","6,824","770,98K","2,31%"
"03.09.2020","6,838","6,978","7,084","6,798","548,22K","-1,21%"
"02.09.2020","6,922","6,970","7,054","6,922","797,25K","0,17%"
"01.09.2020","6,910","6,888","6,990","6,798","566,57K","1,77%"
"31.08.2020","6,790","7,000","7,102","6,760","1,13M","-2,25%"
"28.08.2020","6,946","6,850","6,954","6,826","359,41K","1,55%"
"27.08.2020","6,840","6,974","6,996","6,838","344,13K","-1,89%"
"26.08.2020","6,972","6,810","6,972","6,810","829,64K","2,32%"
"25.08.2020","6,814","7,044","7,150","6,814","698,27K","-2,07%"
"24.08.2020","6,958","6,888","7,030","6,850","543,50K","1,96%"
"21.08.2020","6,824","6,956","7,024","6,800","879,76K","-1,81%"
"20.08.2020","6,950","7,200","7,200","6,950","1,25M","-4,53%"
"19.08.2020","7,280","7,292","7,336","7,238","329,12K","-0,52%"
"18.08.2020","7,318","7,404","7,444","7,300","399,11K","-1,98%"
"17.08.2020","7,466","7,386","7,504","7,386","300,45K","1,22%"
"14.08.2020","7,376","7,478","7,478","7,340","240,14K","-1,28%"
"13.08.2020","7,472","7,570","7,570","7,452","317,23K","-1,01%"
"12.08.2020","7,548","7,440","7,598","7,370","406,92K","1,34%"
"11.08.2020","7,448","7,364","7,520","7,352","434,19K","1,58%"
"10.08.2020","7,332","7,224","7,332","7,172","388,10K","2,40%"
"07.08.2020","7,160","7,240","7,246","7,150","673,21K","-1,59%"
"06.08.2020","7,276","7,392","7,516","7,276","452,18K","-2,96%"
"05.08.2020","7,498","7,334","7,498","7,292","646,50K","2,97%"
"04.08.2020","7,282","7,400","7,448","7,196","424,66K","-0,55%"
"03.08.2020","7,322","7,268","7,342","7,076","857,89K","1,22%"
"31.07.2020","7,234","7,438","7,442","7,234","667,14K","-1,66%"
"30.07.2020","7,356","7,600","7,672","7,226","1,05M","-3,52%"
"29.07.2020","7,624","7,150","7,730","7,126","1,91M","8,76%"
"28.07.2020","7,010","7,170","7,178","6,992","388,93K","-1,27%"
"27.07.2020","7,100","7,120","7,132","6,986","570,72K","-0,50%"
"24.07.2020","7,136","7,000","7,162","6,990","794,57K","0,00%"
"23.07.2020","7,136","7,150","7,224","7,076","605,12K","0,39%"
"22.07.2020","7,108","7,090","7,174","6,950","1,11M","0,25%"
"21.07.2020","7,090","7,250","7,356","7,090","741,30K","-1,09%"
"20.07.2020","7,168","7,200","7,216","7,100","726,52K","-0,42%"
"17.07.2020","7,198","7,430","7,430","7,188","1,47M","-1,59%"
"16.07.2020","7,314","7,350","7,362","7,260","409,63K","-1,00%"
"15.07.2020","7,388","7,468","7,488","7,278","891,87K","0,82%"
"14.07.2020","7,328","7,392","7,464","7,206","587,50K","-2,66%"
"13.07.2020","7,528","7,366","7,582","7,352","852,10K","3,89%"
"10.07.2020","7,246","7,120","7,294","7,084","622,43K","1,00%"
"09.07.2020","7,174","7,328","7,344","7,142","532,85K","-0,94%"
"08.07.2020","7,242","7,326","7,400","7,226","622,80K","-2,48%"
"07.07.2020","7,426","7,302","7,448","7,302","659,98K","0,49%"
"06.07.2020","7,390","7,332","7,468","7,282","721,64K","3,21%"
"03.07.2020","7,160","7,290","7,316","7,082","550,98K","-1,73%"
"02.07.2020","7,286","7,202","7,382","7,132","774,26K","3,03%"
"01.07.2020","7,072","7,290","7,290","7,014","737,52K","-1,50%"
"30.06.2020","7,180","7,388","7,450","7,094","746,31K","-2,05%"
"29.06.2020","7,330","7,010","7,330","6,966","817,42K","4,09%"
"26.06.2020","7,042","7,220","7,240","7,038","579,19K","-0,87%"
"25.06.2020","7,104","7,060","7,178","6,960","746,26K","0,25%"
"24.06.2020","7,086","7,276","7,362","7,082","1,27M","-3,85%"
"23.06.2020","7,370","7,306","7,410","7,206","927,19K","1,94%"
"22.06.2020","7,230","7,246","7,390","7,160","778,63K","-1,31%"
"19.06.2020","7,326","7,570","7,570","7,326","913,00K","-1,37%"
"18.06.2020","7,428","7,350","7,476","7,250","1,24M","0,16%"
"17.06.2020","7,416","7,414","7,570","7,384","839,12K","-0,03%"
"16.06.2020","7,418","7,316","7,550","7,212","1,92M","4,95%"
"15.06.2020","7,068","6,908","7,094","6,760","935,30K","-0,59%"
"12.06.2020","7,110","7,010","7,334","6,902","1,09M","0,40%"
"11.06.2020","7,082","7,360","7,360","7,036","1,41M","-6,15%"
"10.06.2020","7,546","7,570","7,754","7,388","1,41M","-0,24%"
"09.06.2020","7,564","7,840","7,924","7,456","1,47M","-3,55%"
"08.06.2020","7,842","7,900","8,184","7,742","1,28M","-1,68%"
"05.06.2020","7,976","7,820","7,990","7,634","1,92M","3,67%"
"04.06.2020","7,694","7,700","7,778","7,554","946,83K","-0,29%"
"03.06.2020","7,716","7,678","7,744","7,556","","3,16%"
"02.06.2020","7,480","7,300","7,576","7,220","1,54M","3,31%"
"01.06.2020","7,240","7,288","7,344","7,140","655,55K","1,49%"
"29.05.2020","7,134","7,150","7,226","6,990","1,19M","-1,44%"
"28.05.2020","7,238","7,210","7,366","7,104","757,43K","0,67%"
"27.05.2020","7,190","7,042","7,472","7,032","1,48M","2,42%"
"26.05.2020","7,020","6,896","7,080","6,818","938,14K","2,93%"
"25.05.2020","6,820","6,704","6,830","6,654","448,01K","1,82%"
"22.05.2020","6,698","6,702","6,714","6,542","770,57K","-1,03%"
"21.05.2020","6,768","6,500","6,892","6,434","1,13M","2,83%"
"20.05.2020","6,582","6,688","6,710","6,410","1,49M","-2,32%"
"19.05.2020","6,738","6,878","6,980","6,630","1,42M","-0,62%"
"18.05.2020","6,780","6,480","6,780","6,412","690,31K","6,57%"
"15.05.2020","6,362","6,696","6,696","6,320","923,17K","0,63%"
"14.05.2020","6,322","6,180","6,406","6,002","1,09M","3,81%"
"13.05.2020","6,090","6,410","6,410","6,082","499,48K","-5,87%"
"12.05.2020","6,470","6,512","6,618","6,464","343,89K","-1,01%"
"11.05.2020","6,536","6,782","6,890","6,534","340,99K","-2,97%"
"08.05.2020","6,736","6,852","6,870","6,666","424,05K","-0,50%"
"07.05.2020","6,770","6,670","6,770","6,568","421,98K","1,26%"
"06.05.2020","6,686","6,748","6,804","6,628","942,84K","-1,53%"
"05.05.2020","6,790","6,970","7,028","6,776","514,04K","-1,16%"
"04.05.2020","6,870","6,658","6,922","6,520","649,46K","-0,81%"
"30.04.2020","6,926","7,258","7,300","6,926","989,33K","-3,81%"
"29.04.2020","7,200","6,732","7,200","6,732","782,08K","7,11%"
"28.04.2020","6,722","6,600","6,956","6,500","819,96K","3,42%"
"27.04.2020","6,500","6,300","6,500","6,158","770,77K","6,59%"
"24.04.2020","6,098","6,240","6,258","5,970","1,09M","-0,85%"
"23.04.2020","6,150","6,198","6,340","6,150","1,24M","0,42%"
"22.04.2020","6,124","6,290","6,290","6,000","844,75K","-0,23%"
"21.04.2020","6,138","6,400","6,410","6,110","747,61K","-5,39%"
"20.04.2020","6,488","6,636","6,644","6,370","421,95K","-1,58%"
"17.04.2020","6,592","6,740","6,740","6,482","633,60K","4,40%"
"16.04.2020","6,314","6,850","6,850","6,304","667,65K","-3,37%"
"15.04.2020","6,534","6,990","6,990","6,526","879,84K","-4,61%"
"14.04.2020","6,850","7,150","7,150","6,800","958,21K","0,23%"
"09.04.2020","6,834","6,720","6,834","6,648","719,10K","4,34%"
"08.04.2020","6,550","6,850","6,920","6,508","1,55M","-2,70%"
"07.04.2020","6,732","6,570","6,900","6,550","1,01M","5,19%"
"06.04.2020","6,400","6,434","6,546","6,302","850,10K","3,90%"
"03.04.2020","6,160","6,174","6,190","6,060","737,21K","0,20%"
"02.04.2020","6,148","6,150","6,208","6,008","784,43K","-0,65%"
"01.04.2020","6,188","6,000","6,198","5,950","958,87K","-0,39%"
"31.03.2020","6,212","5,936","6,212","5,910","886,35K","6,70%"
"30.03.2020","5,822","5,900","5,900","5,676","543,70K","-2,58%"
"27.03.2020","5,976","6,030","6,100","5,954","450,38K","-0,57%"
"26.03.2020","6,010","5,986","6,130","5,934","957,93K","-2,09%"
"25.03.2020","6,138","6,370","6,490","5,908","1,17M","-0,16%"
"24.03.2020","6,148","5,960","6,148","5,900","2,07M","3,92%"
"23.03.2020","5,916","5,690","6,080","5,500","470,79K","-0,14%"
"20.03.2020","5,924","6,050","6,150","5,690","1,40M","0,03%"
"19.03.2020","5,922","5,970","6,082","5,300","1,06M","0,54%"
"18.03.2020","5,890","5,980","6,150","5,580","1,29M","-5,15%"
"17.03.2020","6,210","6,740","6,740","5,860","1,38M","0,65%"
"16.03.2020","6,170","6,400","6,400","5,800","1,54M","-3,29%"
"13.03.2020","6,380","6,520","7,000","6,310","1,32M","2,57%"
"12.03.2020","6,220","7,100","7,100","6,210","4,09M","-14,33%"
"11.03.2020","7,260","7,370","7,570","7,130","2,15M","0,00%"
"10.03.2020","7,260","7,490","7,740","7,220","1,83M","-0,41%"
"09.03.2020","7,290","7,610","7,610","7,240","2,24M","-8,88%"
"06.03.2020","8,000","8,100","8,150","7,930","1,46M","-2,20%"
"05.03.2020","8,180","8,450","8,460","8,120","1,12M","-2,62%"
"04.03.2020","8,400","8,660","8,740","8,350","1,03M","-2,55%"
"03.03.2020","8,620","8,590","8,820","8,580","1,52M","1,89%"
"02.03.2020","8,460","8,630","8,680","8,270","1,26M","1,20%"
"28.02.2020","8,360","8,290","8,570","8,130","1,74M","-1,30%"
"27.02.2020","8,470","8,810","8,810","8,380","1,18M","-1,85%"
"26.02.2020","8,630","8,530","8,670","8,350","900,13K","0,47%"
"25.02.2020","8,590","8,820","8,860","8,580","938,08K","-2,28%"
"24.02.2020","8,790","9,040","9,040","8,750","887,91K","-5,28%"
"21.02.2020","9,280","9,060","9,290","9,000","883,78K","1,75%"
"20.02.2020","9,120","9,160","9,250","9,120","856,43K","-0,44%"
"19.02.2020","9,160","9,200","9,250","9,070","581,72K","0,33%"
"18.02.2020","9,130","9,340","9,340","9,130","689,27K","-2,98%"
"17.02.2020","9,410","9,340","9,590","9,340","657,80K","1,07%"
"14.02.2020","9,310","9,250","9,400","9,240","716,32K","0,65%"
"13.02.2020","9,250","9,420","9,470","9,250","697,66K","-2,53%"
"12.02.2020","9,490","9,520","9,580","9,430","857,98K","0,11%"
"11.02.2020","9,480","9,420","9,510","9,320","821,16K","1,50%"
"10.02.2020","9,340","9,470","9,540","9,330","578,72K","-0,74%"
"07.02.2020","9,410","9,640","9,650","9,360","511,89K","-2,39%"
"06.02.2020","9,640","9,470","9,670","9,470","996,41K","2,55%"
"05.02.2020","9,400","9,130","9,480","9,090","1,05M","3,75%"
"04.02.2020","9,060","8,940","9,120","8,940","606,21K","2,26%"
"03.02.2020","8,860","8,830","8,900","8,780","490,99K","0,68%"
"31.01.2020","8,800","8,970","9,050","8,780","567,78K","-1,68%"
"30.01.2020","8,950","9,100","9,100","8,890","983,29K","-1,65%"
"29.01.2020","9,100","9,260","9,270","9,090","623,34K","-1,09%"
"28.01.2020","9,200","9,100","9,240","8,940","882,03K","1,55%"
"27.01.2020","9,060","9,130","9,310","8,730","1,28M","-3,51%"
"24.01.2020","9,390","9,480","9,600","9,380","724,25K","0,00%"
"23.01.2020","9,390","9,510","9,690","9,370","1,47M","-2,09%"
"22.01.2020","9,590","9,820","9,820","9,570","706,46K","-1,74%"
"21.01.2020","9,760","9,850","9,940","9,750","1,46M","-1,31%"
"20.01.2020","9,890","9,810","9,980","9,770","1,28M","2,17%"
"17.01.2020","9,680","9,540","9,730","9,540","1,41M","2,22%"
"16.01.2020","9,470","9,520","9,600","9,420","904,39K","-0,21%"
"15.01.2020","9,490","9,720","9,770","9,360","1,95M","-2,16%"
"14.01.2020","9,700","9,820","9,850","9,690","528,50K","-1,12%"
"13.01.2020","9,810","9,700","9,810","9,690","885,88K","1,34%"
"10.01.2020","9,680","9,980","9,980","9,680","786,25K","-2,42%"
"09.01.2020","9,920","10,150","10,150","9,920","547,37K","-1,20%"
"08.01.2020","10,040","9,880","10,040","9,860","490,10K","1,41%"
"07.01.2020","9,900","9,850","9,960","9,850","542,39K","0,71%"
"06.01.2020","9,830","9,870","9,900","9,770","484,45K","-0,91%"
"03.01.2020","9,920","10,060","10,060","9,890","580,17K","-1,78%"
"02.01.2020","10,100","10,050","10,230","10,050","592,41K","0,60%"
"31.12.2019","10,040","9,950","10,040","9,920","240,38K","-0,10%"
"30.12.2019","10,050","9,910","10,050","9,900","486,66K","0,80%"
"27.12.2019","9,970","9,900","10,100","9,800","944,63K","0,30%"
"24.12.2019","9,940","9,930","9,990","9,900","153,45K","-0,40%"
"23.12.2019","9,980","9,920","10,030","9,900","616,60K","-0,10%"
"20.12.2019","9,990","10,050","10,070","9,910","1,90M","-0,79%"
"19.12.2019","10,070","10,040","10,090","9,920","1,14M","0,90%"
"18.12.2019","9,980","9,800","10,020","9,720","893,72K","1,53%"
"17.12.2019","9,830","9,950","9,950","9,800","604,74K","-1,11%"
"16.12.2019","9,940","9,870","10,060","9,850","1,95M","1,33%"
"13.12.2019","9,810","10,000","10,050","9,760","1,28M","-0,10%"
"12.12.2019","9,820","9,830","9,890","9,640","713,42K","-0,20%"
"11.12.2019","9,840","9,830","9,910","9,760","515,87K","0,00%"
"10.12.2019","9,840","9,980","9,980","9,710","874,90K","-1,20%"
"09.12.2019","9,960","9,830","10,100","9,810","1,49M","2,05%"
"06.12.2019","9,760","9,600","9,810","9,600","1,14M","1,88%"
"05.12.2019","9,580","9,510","9,680","9,500","1,52M","0,63%"
"04.12.2019","9,520","9,380","9,620","9,380","700,93K","1,38%"
"03.12.2019","9,390","9,410","9,480","9,310","608,65K","-0,74%"
"02.12.2019","9,460","9,500","9,630","9,400","1,17M","-0,53%"
"29.11.2019","9,510","9,560","9,620","9,500","430,15K","-0,83%"
"28.11.2019","9,590","9,680","9,680","9,450","828,87K","-0,93%"
"27.11.2019","9,680","9,770","9,820","9,680","648,99K","-0,62%"
"26.11.2019","9,740","9,740","9,750","9,670","1,01M","-0,31%"
"25.11.2019","9,770","9,790","9,900","9,720","984,32K","0,21%"
"22.11.2019","9,750","9,600","9,800","9,600","1,67M","1,88%"
"21.11.2019","9,570","9,630","9,640","9,520","1,21M","-1,44%"
"20.11.2019","9,710","9,580","9,750","9,470","865,93K","1,25%"
"19.11.2019","9,590","9,600","9,780","9,520","2,17M","1,48%"
"18.11.2019","9,450","9,640","9,680","9,340","1,87M","-2,17%"
"15.11.2019","9,660","9,690","9,800","9,630","1,75M","0,21%"
"14.11.2019","9,640","9,530","9,680","9,490","1,42M","1,05%"
"13.11.2019","9,540","9,550","9,680","9,390","1,76M","-1,04%"
"12.11.2019","9,640","9,800","9,850","9,550","2,37M","-1,03%"
"11.11.2019","9,740","9,730","9,870","9,600","2,11M","0,62%"
"08.11.2019","9,680","9,350","9,750","9,340","3,61M","2,54%"
"07.11.2019","9,440","9,310","9,470","9,310","2,30M","1,83%"
"06.11.2019","9,270","9,000","9,450","9,000","3,40M","1,53%"
"05.11.2019","9,130","8,920","9,170","8,810","1,86M","2,01%"
"04.11.2019","8,950","8,620","8,950","8,620","2,18M","3,83%"
"01.11.2019","8,620","8,420","8,640","8,390","810,10K","2,86%"
"31.10.2019","8,380","8,370","8,450","8,240","1,07M","-0,24%"
"30.10.2019","8,400","8,480","8,490","8,380","1,48M","-1,52%"
"29.10.2019","8,530","8,490","8,550","8,370","636,11K","0,95%"
"28.10.2019","8,450","8,360","8,570","8,360","962,33K","0,96%"
"25.10.2019","8,370","8,270","8,370","8,260","704,17K","1,45%"
"24.10.2019","8,250","8,350","8,420","8,230","743,12K","-0,72%"
"23.10.2019","8,310","8,220","8,440","8,200","1,17M","1,09%"
"22.10.2019","8,220","8,210","8,300","8,180","605,40K","0,00%"
"21.10.2019","8,220","8,100","8,270","8,100","580,75K","1,36%"
"18.10.2019","8,110","8,060","8,150","7,980","881,50K","0,37%"
"17.10.2019","8,080","8,000","8,160","7,940","798,54K","0,50%"
"16.10.2019","8,040","7,960","8,090","7,880","908,99K","0,88%"
"15.10.2019","7,970","7,870","8,020","7,830","1,15M","1,27%"
"14.10.2019","7,870","8,000","8,000","7,780","1,02M","-1,25%"
"11.10.2019","7,970","7,740","7,970","7,740","1,60M","3,37%"
"10.10.2019","7,710","7,520","7,780","7,520","1,28M","3,07%"
"09.10.2019","7,480","7,450","7,580","7,390","772,76K","0,67%"
"08.10.2019","7,430","7,500","7,500","7,320","1,24M","-0,93%"
"07.10.2019","7,500","7,360","7,530","7,300","840,33K","2,32%"
"04.10.2019","7,330","7,410","7,440","7,300","1,60M","-0,68%"
"03.10.2019","7,380","7,600","7,600","7,310","1,84M","-3,15%"
"02.10.2019","7,620","7,780","7,780","7,610","1,09M","-2,43%"
"01.10.2019","7,810","7,890","7,960","7,780","755,90K","-0,51%"
"30.09.2019","7,850","7,900","7,920","7,820","723,46K","-0,13%"
"27.09.2019","7,860","7,850","7,930","7,830","686,16K","0,51%"
"26.09.2019","7,820","7,950","8,040","7,820","1,39M","-1,76%"
"25.09.2019","7,960","7,880","7,960","7,770","1,17M","1,14%"
"24.09.2019","7,870","8,040","8,050","7,870","1,36M","-1,63%"
"23.09.2019","8,000","8,150","8,160","7,910","821,79K","-2,20%"
"20.09.2019","8,180","8,250","8,290","8,140","3,06M","-0,85%"
"19.09.2019","8,250","8,150","8,300","8,070","1,15M","0,61%"
"18.09.2019","8,200","8,220","8,370","8,200","1,02M","-0,36%"
"17.09.2019","8,230","8,370","8,370","8,170","1,17M","-1,44%"
"16.09.2019","8,350","8,500","8,500","8,270","871,68K","-2,00%"
"13.09.2019","8,520","8,420","8,680","8,420","1,24M","1,67%"
"12.09.2019","8,380","8,430","8,480","8,240","816,75K","0,48%"
"11.09.2019","8,340","8,280","8,440","8,270","1,06M","1,09%"
"10.09.2019","8,250","8,160","8,280","8,090","1,37M","1,35%"
"09.09.2019","8,140","8,110","8,160","8,030","491,19K","0,87%"
"06.09.2019","8,070","8,140","8,210","8,040","913,93K","-0,86%"
"05.09.2019","8,140","7,980","8,190","7,960","1,78M","4,23%"
"04.09.2019","7,810","7,660","7,900","7,660","1,01M","2,63%"
"03.09.2019","7,610","7,660","7,660","7,490","821,65K","-0,65%"
"02.09.2019","7,660","7,530","7,670","7,530","853,57K","1,73%"
"30.08.2019","7,530","7,400","7,570","7,340","1,18M","1,21%"
"29.08.2019","7,440","7,250","7,440","7,220","661,00K","2,62%"
"28.08.2019","7,250","7,230","7,270","7,130","509,67K","0,28%"
"27.08.2019","7,230","7,280","7,370","7,230","633,42K","-0,55%"
"26.08.2019","7,270","7,250","7,380","7,170","583,65K","-0,68%"
"23.08.2019","7,320","7,500","7,540","7,290","749,23K","-1,48%"
"22.08.2019","7,430","7,210","7,510","7,190","718,49K","1,92%"
"21.08.2019","7,290","7,230","7,380","7,230","419,34K","1,39%"
"20.08.2019","7,190","7,310","7,330","7,130","530,15K","-2,31%"
"19.08.2019","7,360","7,240","7,370","7,210","748,73K","2,51%"
"16.08.2019","7,180","7,040","7,180","7,030","754,28K","2,13%"
"15.08.2019","7,030","7,050","7,170","6,940","1,35M","-0,14%"
"14.08.2019","7,040","7,320","7,320","7,000","1,09M","-3,83%"
"13.08.2019","7,320","7,200","7,420","7,110","665,30K","1,24%"
"12.08.2019","7,230","7,360","7,360","7,170","606,04K","-0,82%"
"09.08.2019","7,290","7,520","7,520","7,250","520,83K","-3,32%"
"08.08.2019","7,540","7,470","7,550","7,440","656,07K","2,45%"
"07.08.2019","7,360","7,470","7,470","7,240","975,78K","0,68%"
"06.08.2019","7,310","7,330","7,470","7,280","704,01K","-0,95%"
"05.08.2019","7,380","7,220","7,410","7,140","915,35K","1,23%"
"02.08.2019","7,290","7,330","7,340","7,160","1,30M","-2,41%"
"01.08.2019","7,470","7,510","7,560","7,380","705,56K","-1,58%"
"31.07.2019","7,590","7,600","7,670","7,580","655,31K","0,53%"
"30.07.2019","7,550","7,640","7,700","7,530","786,82K","-1,18%"
"29.07.2019","7,640","7,660","7,660","7,550","937,30K","0,53%"
"26.07.2019","7,600","8,000","8,000","7,500","1,39M","-4,88%"
"25.07.2019","7,990","8,170","8,290","7,910","949,96K","-2,32%"
"24.07.2019","8,180","8,230","8,250","8,060","555,40K","0,37%"
"23.07.2019","8,150","8,040","8,220","8,030","1,55M","2,26%"
"22.07.2019","7,970","7,920","8,040","7,920","852,25K","0,76%"
"19.07.2019","7,910","7,870","7,940","7,830","919,34K","1,54%"
"18.07.2019","7,790","7,810","7,860","7,740","866,77K","-0,51%"
"17.07.2019","7,830","7,970","7,980","7,810","1,10M","-2,73%"
"16.07.2019","8,050","7,930","8,060","7,930","764,09K","1,51%"
"15.07.2019","7,930","7,990","8,040","7,910","885,66K","0,00%"
"12.07.2019","7,930","7,930","8,040","7,890","594,82K","0,63%"
"11.07.2019","7,880","8,020","8,020","7,860","1,07M","-1,50%"
"10.07.2019","8,000","7,980","8,130","7,980","1,02M","0,38%"
"09.07.2019","7,970","8,220","8,220","7,950","1,57M","-3,51%"
"08.07.2019","8,260","8,240","8,410","8,210","1,13M","0,49%"
"05.07.2019","8,220","8,410","8,410","8,200","1,36M","-2,26%"
"04.07.2019","8,410","8,420","8,550","8,410","676,61K","-0,36%"
"03.07.2019","8,440","8,600","8,600","8,360","979,91K","-0,47%"
"02.07.2019","8,480","8,830","8,830","8,390","1,72M","-3,96%"
"01.07.2019","8,830","8,790","8,870","8,760","1,01M","2,32%"
"28.06.2019","8,630","8,730","8,740","8,590","814,85K","-1,03%"
"27.06.2019","8,720","8,680","8,770","8,640","1,22M","0,81%"
"26.06.2019","8,650","8,500","8,730","8,500","768,91K","1,88%"
"25.06.2019","8,490","8,490","8,600","8,420","417,71K","-0,12%"
"24.06.2019","8,500","8,590","8,670","8,450","366,37K","-3,52%"
"21.06.2019","8,810","8,770","8,880","8,770","1,19M","0,23%"
"20.06.2019","8,790","8,800","8,880","8,720","717,76K","0,57%"
"19.06.2019","8,740","8,810","8,910","8,680","817,49K","-0,91%"
"18.06.2019","8,820","8,540","8,850","8,440","782,82K","3,04%"
"17.06.2019","8,560","8,580","8,650","8,440","524,69K","-0,23%"
"14.06.2019","8,580","8,720","8,730","8,510","604,72K","-1,72%"
"13.06.2019","8,730","8,730","8,760","8,600","584,14K","0,81%"
"12.06.2019","8,660","8,700","8,810","8,590","864,19K","-1,48%"
"11.06.2019","8,790","8,570","8,860","8,540","1,28M","2,57%"
"10.06.2019","8,570","8,300","8,570","8,300","610,68K","3,25%"
"07.06.2019","8,300","8,340","8,400","8,270","614,88K","0,00%"
"06.06.2019","8,300","8,290","8,380","8,250","833,09K","0,61%"
"05.06.2019","8,250","8,410","8,410","8,180","1,33M","-1,79%"
"04.06.2019","8,400","8,150","8,430","8,100","1,24M","2,82%"
"03.06.2019","8,170","8,200","8,220","7,900","1,50M","-3,43%"
"31.05.2019","8,460","8,470","8,470","8,310","1,30M","-0,94%"
"30.05.2019","8,540","8,460","8,600","8,420","882,28K","1,79%"
"29.05.2019","8,390","8,540","8,540","8,350","1,91M","-2,67%"
"28.05.2019","8,620","8,790","8,800","8,620","1,05M","-1,37%"
"27.05.2019","8,740","8,770","8,810","8,730","544,75K","0,81%"
"24.05.2019","8,670","8,470","8,670","8,470","885,99K","2,60%"
"23.05.2019","8,450","8,620","8,630","8,400","1,32M","-2,42%"
"22.05.2019","8,660","8,820","8,840","8,650","1,04M","-1,37%"
"21.05.2019","8,780","8,750","8,810","8,650","772,85K","1,04%"
"20.05.2019","8,690","8,870","8,870","8,630","831,69K","-1,92%"
"17.05.2019","8,860","8,990","8,990","8,810","892,33K","-1,34%"
"16.05.2019","8,980","8,890","9,010","8,800","887,17K","1,01%"
"15.05.2019","8,890","8,990","8,990","8,680","2,29M","0,00%"
"14.05.2019","8,890","8,670","8,920","8,650","1,31M","4,59%"
"13.05.2019","8,500","8,700","8,800","8,500","1,30M","-1,62%"
"10.05.2019","8,640","8,770","8,770","8,600","960,03K","0,58%"
"09.05.2019","8,590","8,900","8,900","8,540","2,09M","-3,16%"
"08.05.2019","8,870","8,920","8,960","8,770","1,25M","0,23%"
"07.05.2019","8,850","9,090","9,090","8,820","1,10M","-2,43%"
"06.05.2019","9,070","8,920","9,100","8,740","1,13M","0,00%"
"03.05.2019","9,070","9,150","9,150","9,020","916,14K","-0,11%"
"02.05.2019","9,080","9,320","9,320","9,070","864,58K","-2,05%"
"30.04.2019","9,270","9,340","9,390","9,260","878,32K","-1,17%"
"29.04.2019","9,380","9,300","9,400","9,290","396,67K","0,54%"
"26.04.2019","9,330","9,490","9,490","9,300","1,38M","-1,48%"
"25.04.2019","9,470","9,460","9,650","9,320","1,45M","-0,53%"
"24.04.2019","9,520","9,630","9,760","9,480","810,07K","-0,52%"
"23.04.2019","9,570","9,780","9,790","9,570","914,88K","-2,05%"
"18.04.2019","9,770","9,770","9,800","9,580","905,20K","0,41%"
"17.04.2019","9,730","9,520","9,800","9,500","858,54K","2,21%"
"16.04.2019","9,520","9,490","9,560","9,440","952,19K","0,74%"
"15.04.2019","9,450","9,480","9,550","9,440","1,01M","-0,21%"
"12.04.2019","9,470","9,310","9,480","9,160","1,34M","2,05%"
"11.04.2019","9,280","9,240","9,320","9,210","595,10K","0,32%"
"10.04.2019","9,250","9,210","9,410","9,200","993,70K","0,43%"
"09.04.2019","9,210","9,270","9,350","9,210","560,55K","-0,65%"
"08.04.2019","9,270","9,400","9,430","9,210","767,91K","-1,17%"
"05.04.2019","9,380","9,370","9,470","9,300","758,83K","0,64%"
"04.04.2019","9,320","9,300","9,390","9,220","607,96K","-0,21%"
"03.04.2019","9,340","9,350","9,450","9,280","864,98K","1,63%"
"02.04.2019","9,190","9,190","9,300","9,130","838,19K","0,33%"
"01.04.2019","9,160","8,970","9,190","8,970","1,55M","3,74%"
"29.03.2019","8,830","8,770","8,940","8,750","1,17M","1,96%"
"28.03.2019","8,660","8,800","8,810","8,650","552,10K","-0,57%"
"27.03.2019","8,710","8,820","8,880","8,670","848,64K","-0,68%"
"26.03.2019","8,770","8,760","8,820","8,690","509,11K","0,23%"
"25.03.2019","8,750","8,780","8,810","8,660","828,18K","-1,02%"
"22.03.2019","8,840","9,200","9,210","8,810","991,11K","-3,49%"
"21.03.2019","9,160","9,210","9,310","9,150","587,14K","-0,11%"
"20.03.2019","9,170","9,300","9,370","9,170","719,37K","-2,24%"
"19.03.2019","9,380","9,220","9,430","9,180","858,63K","1,74%"
"18.03.2019","9,220","9,170","9,320","9,170","739,81K","1,21%"
"15.03.2019","9,110","9,150","9,180","9,060","1,18M","0,00%"
"14.03.2019","9,110","9,120","9,260","9,110","584,71K","-0,22%"
"13.03.2019","9,130","9,080","9,150","9,060","986,67K","0,55%"
"12.03.2019","9,080","9,050","9,190","9,030","678,28K","1,34%"
"11.03.2019","8,960","8,920","8,980","8,870","1,08M","0,79%"
"08.03.2019","8,890","9,120","9,120","8,830","1,62M","-2,74%"
"07.03.2019","9,140","9,420","9,420","9,140","1,45M","-2,97%"
"06.03.2019","9,420","9,420","9,490","9,390","619,38K","-0,42%"
"05.03.2019","9,460","9,510","9,640","9,410","784,68K","-0,42%"
"04.03.2019","9,500","9,350","9,590","9,340","1,05M","2,37%"
"01.03.2019","9,280","9,410","9,410","9,270","1,27M","-0,32%"
"28.02.2019","9,310","9,600","9,600","9,250","1,73M","-3,02%"
"27.02.2019","9,600","9,570","9,640","9,510","964,47K","0,31%"
"26.02.2019","9,570","9,600","9,610","9,520","2,34M","-0,83%"
"25.02.2019","9,650","9,800","9,890","9,630","987,96K","-0,82%"
"22.02.2019","9,730","9,670","9,840","9,670","824,91K","0,72%"
"21.02.2019","9,660","9,730","9,740","9,630","541,88K","-0,51%"
"20.02.2019","9,710","9,600","9,730","9,530","667,90K","1,68%"
"19.02.2019","9,550","9,530","9,630","9,500","1,02M","-0,42%"
"18.02.2019","9,590","9,560","9,610","9,500","868,50K","1,05%"
"15.02.2019","9,490","9,340","9,560","9,270","719,60K","1,06%"
"14.02.2019","9,390","9,440","9,510","9,350","790,77K","-0,11%"
"13.02.2019","9,400","9,140","9,430","9,140","790,22K","2,96%"
"12.02.2019","9,130","9,250","9,270","9,110","773,96K","-0,11%"
"11.02.2019","9,140","9,210","9,270","9,110","885,59K","0,11%"
"08.02.2019","9,130","9,320","9,340","9,090","831,55K","-2,35%"
"07.02.2019","9,350","9,620","9,620","9,350","1,89M","-3,01%"
"06.02.2019","9,640","9,580","9,690","9,570","1,42M","0,63%"
"05.02.2019","9,580","9,530","9,580","9,460","772,49K","0,74%"
"04.02.2019","9,510","9,550","9,550","9,400","699,95K","-0,42%"
"01.02.2019","9,550","9,530","9,620","9,460","1,33M","0,53%"
"31.01.2019","9,500","9,310","9,510","9,250","1,25M","1,50%"
"30.01.2019","9,360","9,440","9,570","9,360","1,21M","-0,43%"
"29.01.2019","9,400","9,460","9,460","9,400","1,05M","-0,42%"
"28.01.2019","9,440","9,390","9,460","9,310","1,45M","0,43%"
"25.01.2019","9,400","9,220","9,440","9,170","1,49M","2,40%"
"24.01.2019","9,180","9,090","9,230","9,040","768,27K","1,32%"
"23.01.2019","9,060","9,020","9,210","9,020","1,12M","-0,66%"
"22.01.2019","9,120","9,280","9,280","9,120","3,23M","-2,67%"
"21.01.2019","9,370","9,520","9,540","9,370","766,73K","-1,26%"
"18.01.2019","9,490","9,360","9,540","9,360","1,08M","1,93%"
"17.01.2019","9,310","9,310","9,330","9,130","575,52K","-0,21%"
"16.01.2019","9,330","9,250","9,330","9,180","792,32K","1,86%"
"15.01.2019","9,160","9,180","9,290","9,090","1,25M","0,99%"
"14.01.2019","9,070","9,090","9,170","9,010","782,19K","-1,41%"
"11.01.2019","9,200","9,290","9,330","9,120","779,91K","-0,22%"
"10.01.2019","9,220","9,300","9,350","9,060","1,18M","-1,50%"
"09.01.2019","9,360","9,360","9,500","9,280","2,32M","1,74%"
"08.01.2019","9,200","8,970","9,340","8,970","3,25M","2,45%"
"07.01.2019","8,980","8,990","9,050","8,780","1,21M","1,13%"
"04.01.2019","8,880","8,520","8,900","8,510","1,66M","5,59%"
"03.01.2019","8,410","8,530","8,580","8,400","860,69K","-1,98%"
"02.01.2019","8,580","8,640","8,640","8,350","860,86K","-0,92%"
"31.12.2018","8,660","8,480","8,740","8,470","413,43K","2,61%"
"28.12.2018","8,440","8,490","8,590","8,440","2,25M","0,36%"
"27.12.2018","8,410","8,680","8,750","8,330","1,26M","-1,98%"
"24.12.2018","8,580","8,450","8,640","8,450","363,18K","0,35%"
"21.12.2018","8,550","8,450","8,700","8,450","3,11M","1,66%"
"20.12.2018","8,410","8,500","8,500","8,340","1,27M","-1,87%"
"19.12.2018","8,570","8,660","8,680","8,530","1,07M","-0,35%"
"18.12.2018","8,600","8,560","8,680","8,510","1,20M","0,12%"
"17.12.2018","8,590","8,620","8,730","8,510","1,01M","-0,35%"
"14.12.2018","8,620","8,500","8,690","8,430","1,04M","0,47%"
"13.12.2018","8,580","8,730","8,760","8,430","1,64M","-2,28%"
"12.12.2018","8,780","8,530","8,800","8,460","755,32K","2,93%"
"11.12.2018","8,530","8,400","8,590","8,320","1,11M","2,40%"
"10.12.2018","8,330","8,500","8,500","8,290","1,05M","-2,57%"
"07.12.2018","8,550","8,510","8,740","8,460","900,15K","0,83%"
"06.12.2018","8,480","8,640","8,640","8,410","990,34K","-2,53%"
"05.12.2018","8,700","8,700","8,770","8,540","1,11M","-0,68%"
"04.12.2018","8,760","9,050","9,070","8,720","1,66M","-3,20%"
"03.12.2018","9,050","9,020","9,420","8,970","2,97M","2,84%"
"30.11.2018","8,800","8,960","8,990","8,750","2,21M","-1,57%"
"29.11.2018","8,940","9,120","9,190","8,930","901,95K","-0,56%"
"28.11.2018","8,990","8,960","9,260","8,890","2,01M","0,11%"
"27.11.2018","8,980","9,000","9,040","8,880","2,10M","-0,55%"
"26.11.2018","9,030","8,930","9,070","8,870","1,63M","1,46%"
"23.11.2018","8,900","8,960","9,010","8,840","671,84K","-0,67%"
"22.11.2018","8,960","9,010","9,050","8,900","710,37K","-1,10%"
"21.11.2018","9,060","8,940","9,110","8,840","1,24M","1,91%"
"20.11.2018","8,890","9,160","9,160","8,850","1,36M","-3,37%"
"19.11.2018","9,200","9,300","9,320","9,170","835,39K","0,00%"
"16.11.2018","9,200","9,320","9,360","9,150","1,16M","-0,97%"
"15.11.2018","9,290","9,320","9,430","9,230","1,13M","0,43%"
"14.11.2018","9,250","9,280","9,320","9,150","944,00K","-0,86%"
"13.11.2018","9,330","9,260","9,380","9,220","1,47M","0,54%"
"12.11.2018","9,280","9,420","9,550","9,260","1,36M","-0,85%"
"09.11.2018","9,360","9,770","9,790","9,180","3,04M","-5,84%"
"08.11.2018","9,940","9,960","10,110","9,910","774,82K","0,20%"
"07.11.2018","9,920","9,930","10,170","9,900","886,32K","0,10%"
"06.11.2018","9,910","9,830","9,980","9,780","806,81K","1,02%"
"05.11.2018","9,810","9,900","9,990","9,810","815,74K","-0,71%"
"02.11.2018","9,880","9,940","10,140","9,830","1,84M","0,61%"
"01.11.2018","9,820","9,920","9,930","9,700","1,05M","-0,51%"
"31.10.2018","9,870","9,880","9,950","9,690","2,49M","0,61%"
"30.10.2018","9,810","10,040","10,040","9,780","3,93M","-2,00%"
"29.10.2018","10,010","10,180","10,290","9,670","2,99M","-1,67%"
"26.10.2018","10,180","11,100","11,100","10,010","4,17M","-8,29%"
"25.10.2018","11,100","10,910","11,260","10,810","1,11M","1,56%"
"24.10.2018","10,930","11,150","11,200","10,910","1,40M","-1,62%"
"23.10.2018","11,110","11,240","11,340","11,020","1,08M","-1,94%"
"22.10.2018","11,330","11,460","11,570","11,330","512,69K","-0,44%"
"19.10.2018","11,380","11,710","11,710","11,320","821,95K","-2,82%"
"18.10.2018","11,710","11,350","11,830","11,350","1,36M","2,81%"
"17.10.2018","11,390","11,370","11,510","11,320","1,83M","0,53%"
"16.10.2018","11,330","11,240","11,440","11,210","801,60K","0,62%"
"15.10.2018","11,260","11,380","11,380","11,170","752,14K","-1,05%"
"12.10.2018","11,380","11,470","11,540","11,270","935,63K","0,35%"
"11.10.2018","11,340","11,450","11,550","11,120","2,16M","-2,49%"
"10.10.2018","11,630","11,850","11,910","11,610","722,04K","-2,02%"
"09.10.2018","11,870","11,850","11,960","11,770","869,32K","0,76%"
"08.10.2018","11,780","11,880","11,910","11,740","653,06K","-1,42%"
"05.10.2018","11,950","12,230","12,270","11,910","782,80K","-2,69%"
"04.10.2018","12,280","12,360","12,440","12,160","1,45M","-1,05%"
"03.10.2018","12,410","12,370","12,460","12,320","589,63K","0,57%"
"02.10.2018","12,340","12,400","12,480","12,290","654,58K","-0,80%"
"01.10.2018","12,440","12,350","12,530","12,320","1,58M","0,97%"
"28.09.2018","12,320","12,160","12,440","12,090","1,45M","1,07%"
"27.09.2018","12,190","12,030","12,230","11,900","967,50K","0,99%"
"26.09.2018","12,070","12,130","12,210","12,020","670,96K","-0,17%"
"25.09.2018","12,090","12,250","12,280","12,070","586,86K","-1,31%"
"24.09.2018","12,250","12,210","12,350","12,190","693,84K","0,08%"
"21.09.2018","12,240","12,290","12,390","12,190","1,48M","-0,24%"
"20.09.2018","12,270","12,110","12,320","12,060","1,40M","1,24%"
"19.09.2018","12,120","11,890","12,230","11,890","1,19M","1,93%"
"18.09.2018","11,890","11,770","11,950","11,760","750,07K","1,11%"
"17.09.2018","11,760","11,690","11,840","11,650","658,11K","0,34%"
"14.09.2018","11,720","11,530","11,770","11,520","760,63K","2,00%"
"13.09.2018","11,490","11,530","11,830","11,480","1,20M","-0,09%"
"12.09.2018","11,500","11,480","11,540","11,400","871,53K","0,35%"
"11.09.2018","11,460","11,420","11,480","11,290","770,28K","0,35%"
"10.09.2018","11,420","11,260","11,460","11,150","915,71K","1,42%"
"07.09.2018","11,260","11,120","11,300","11,100","1,32M","0,90%"
"06.09.2018","11,160","11,250","11,320","11,150","856,32K","-1,06%"
"05.09.2018","11,280","11,370","11,460","11,260","936,99K","-0,97%"
"04.09.2018","11,390","11,580","11,610","11,310","785,63K","-1,64%"
"03.09.2018","11,580","11,560","11,710","11,560","457,21K","0,00%"
"31.08.2018","11,580","11,930","11,930","11,560","1,29M","-3,02%"
"30.08.2018","11,940","12,020","12,060","11,870","558,78K","-1,00%"
"29.08.2018","12,060","12,090","12,100","12,000","421,18K","0,00%"
"28.08.2018","12,060","12,030","12,180","12,030","394,95K","-0,08%"
"27.08.2018","12,070","12,140","12,140","12,010","384,86K","-0,25%"
"24.08.2018","12,100","12,010","12,140","11,990","399,75K","0,83%"
"23.08.2018","12,000","12,060","12,090","11,970","397,94K","-0,41%"
"22.08.2018","12,050","11,990","12,050","11,960","678,52K","0,00%"
"21.08.2018","12,050","12,100","12,100","11,980","596,11K","-0,17%"
"20.08.2018","12,070","12,000","12,200","12,000","543,06K","0,67%"
"17.08.2018","11,990","12,050","12,050","11,840","451,68K","-0,17%"
"16.08.2018","12,010","11,990","12,180","11,970","847,61K","0,50%"
"15.08.2018","11,950","12,310","12,360","11,850","1,13M","-3,16%"
"14.08.2018","12,340","12,460","12,470","12,210","922,71K","-0,72%"
"13.08.2018","12,430","12,290","12,490","12,210","1,21M","0,57%"
"10.08.2018","12,360","12,260","12,420","12,140","1,37M","-0,16%"
"09.08.2018","12,380","12,400","12,500","12,350","737,47K","-0,24%"
"08.08.2018","12,410","12,430","12,540","12,360","891,23K","-0,48%"
"07.08.2018","12,470","12,350","12,540","12,290","1,56M","1,14%"
"06.08.2018","12,330","12,260","12,380","12,150","980,35K","0,33%"
"03.08.2018","12,290","12,120","12,400","12,120","848,78K","1,40%"
"02.08.2018","12,120","12,320","12,380","12,030","1,25M","-2,10%"
"01.08.2018","12,380","12,300","12,400","12,270","1,24M","0,00%"
"31.07.2018","12,380","12,290","12,420","12,260","1,63M","0,49%"
"30.07.2018","12,320","12,170","12,420","12,140","2,08M","1,15%"
"27.07.2018","12,180","11,700","12,200","11,700","3,62M","4,37%"
"26.07.2018","11,670","11,680","11,750","11,590","683,22K","0,86%"
"25.07.2018","11,570","11,690","11,800","11,530","1,29M","-0,94%"
"24.07.2018","11,680","11,310","11,720","11,290","2,11M","3,45%"
"23.07.2018","11,290","11,230","11,300","11,160","421,27K","0,53%"
"20.07.2018","11,230","11,190","11,280","11,040","1,02M","0,18%"
"19.07.2018","11,210","11,350","11,440","11,180","874,52K","-1,32%"
"18.07.2018","11,360","11,160","11,360","11,140","717,65K","1,79%"
"17.07.2018","11,160","11,020","11,200","11,020","718,55K","0,90%"
"16.07.2018","11,060","11,090","11,130","11,020","377,79K","-0,54%"
"13.07.2018","11,120","11,160","11,240","11,070","581,91K","-0,18%"
"12.07.2018","11,140","11,320","11,350","11,100","808,55K","-0,45%"
"11.07.2018","11,190","11,370","11,370","11,170","718,31K","-3,03%"
"10.07.2018","11,540","11,520","11,650","11,410","854,95K","0,70%"
"09.07.2018","11,460","11,480","11,560","11,310","832,84K","0,17%"
"06.07.2018","11,440","11,380","11,470","11,300","6,56M","1,78%"
"05.07.2018","11,240","10,950","11,300","10,950","1,60M","2,84%"
"04.07.2018","10,930","10,810","10,960","10,810","1,09M","1,11%"
"03.07.2018","10,810","11,000","11,030","10,720","1,06M","0,75%"
"02.07.2018","10,730","10,830","10,830","10,660","1,26M","-1,38%"
"29.06.2018","10,880","10,860","11,050","10,820","6,08M","1,02%"
"28.06.2018","10,770","10,910","10,940","10,630","932,69K","-1,46%"
"27.06.2018","10,930","10,780","11,040","10,650","936,68K","1,39%"
"26.06.2018","10,780","10,880","10,940","10,710","930,86K","-0,65%"
"25.06.2018","10,850","11,070","11,120","10,830","1,31M","-2,52%"
"22.06.2018","11,130","11,040","11,130","11,000","1,47M","1,27%"
"21.06.2018","10,990","11,090","11,120","10,960","690,47K","-0,72%"
"20.06.2018","11,070","11,070","11,250","11,030","798,80K","0,36%"
"19.06.2018","11,030","10,960","11,050","10,870","1,05M","-0,45%"
"18.06.2018","11,080","10,920","11,210","10,900","1,27M","1,19%"
"15.06.2018","10,950","11,210","11,230","10,890","2,65M","-2,14%"
"14.06.2018","11,190","11,200","11,220","11,060","890,10K","-0,36%"
"13.06.2018","11,230","11,300","11,360","11,180","1,88M","-0,80%"
"12.06.2018","11,320","11,470","11,520","11,290","1,92M","-1,22%"
"11.06.2018","11,460","11,460","11,530","11,390","565,07K","0,26%"
"08.06.2018","11,430","11,560","11,580","11,340","977,80K","-1,72%"
"07.06.2018","11,630","11,730","11,810","11,590","756,19K","-0,51%"
"06.06.2018","11,690","11,460","11,770","11,440","1,83M","2,45%"
"05.06.2018","11,410","11,330","11,560","11,270","1,11M","0,62%"
"04.06.2018","11,340","11,520","11,590","11,270","1,77M","-1,13%"
"01.06.2018","11,470","11,140","11,480","11,140","2,18M","3,71%"
"31.05.2018","11,060","10,970","11,210","10,950","1,31M","1,00%"
"30.05.2018","10,950","10,720","11,010","10,700","1,11M","1,77%"
"29.05.2018","10,760","10,890","10,890","10,630","1,20M","-1,65%"
"28.05.2018","10,940","10,980","11,040","10,860","594,46K","-0,36%"
"25.05.2018","10,980","11,150","11,160","10,850","1,34M","-1,61%"
"24.05.2018","11,160","11,280","11,400","11,100","782,77K","-1,41%"
"23.05.2018","11,320","11,340","11,350","11,110","1,31M","-0,61%"
"22.05.2018","11,390","11,110","11,440","11,090","1,03M","1,61%"
"21.05.2018","11,210","11,440","11,450","11,180","1,14M","-1,41%"
"18.05.2018","11,370","11,360","11,410","11,300","887,17K","0,35%"
"17.05.2018","11,330","11,320","11,420","11,290","650,16K","0,09%"
"16.05.2018","11,320","11,300","11,400","11,240","1,06M","0,44%"
"15.05.2018","11,270","11,340","11,400","11,210","818,26K","-0,88%"
"14.05.2018","11,370","11,420","11,440","11,320","569,36K","-0,44%"
"11.05.2018","11,420","11,510","11,550","11,340","1,43M","0,00%"
"10.05.2018","11,420","11,330","11,500","11,320","1,14M","0,79%"
"09.05.2018","11,330","11,380","11,440","11,300","888,86K","-0,44%"
"08.05.2018","11,380","11,390","11,480","11,320","676,76K","-0,61%"
"07.05.2018","11,450","11,470","11,500","11,450","299,00K","0,44%"
"04.05.2018","11,400","11,360","11,440","11,330","393,77K","0,53%"
"03.05.2018","11,340","11,480","11,560","11,320","916,10K","-1,22%"
"02.05.2018","11,480","11,260","11,530","11,210","1,24M","2,68%"
"30.04.2018","11,180","11,200","11,260","11,160","1,05M","-0,36%"
"27.04.2018","11,220","11,300","11,330","10,990","1,49M","0,00%"
"26.04.2018","11,220","11,360","11,430","11,130","1,21M","-1,06%"
"25.04.2018","11,340","11,320","11,350","11,180","1,13M","-0,53%"
"24.04.2018","11,400","11,510","11,590","11,360","1,10M","-1,13%"
"23.04.2018","11,530","11,740","11,800","11,430","1,09M","-1,71%"
"20.04.2018","11,730","11,760","11,890","11,630","765,73K","0,17%"
"19.04.2018","11,710","11,670","11,840","11,640","1,49M","0,43%"
"18.04.2018","11,660","11,310","11,700","11,310","1,84M","3,64%"
"17.04.2018","11,250","11,110","11,300","10,990","773,74K","1,17%"
"16.04.2018","11,120","11,090","11,200","11,070","1,39M","0,00%"
"13.04.2018","11,120","11,210","11,240","11,090","484,75K","-0,71%"
"12.04.2018","11,200","11,070","11,230","11,040","676,59K","0,99%"
"11.04.2018","11,090","10,980","11,190","10,970","1,06M","0,36%"
"10.04.2018","11,050","11,070","11,120","11,050","662,09K","0,82%"
"09.04.2018","10,960","11,130","11,160","10,900","678,49K","-0,90%"
"06.04.2018","11,060","10,990","11,090","10,940","790,46K","0,09%"
"05.04.2018","11,050","10,940","11,090","10,900","946,43K","1,94%"
"04.04.2018","10,840","10,770","10,880","10,730","1,09M","-0,28%"
"03.04.2018","10,870","10,860","10,940","10,830","669,67K","-0,18%"
"29.03.2018","10,890","10,840","10,960","10,840","538,74K","0,37%"
"28.03.2018","10,850","10,850","10,850","10,640","1,31M","-0,64%"
"27.03.2018","10,920","10,820","11,060","10,760","1,35M","2,34%"
"26.03.2018","10,670","10,820","10,830","10,620","1,42M","-0,93%"
"23.03.2018","10,770","11,090","11,100","10,730","1,69M","-3,67%"
"22.03.2018","11,180","11,340","11,580","11,090","1,73M","-1,76%"
"21.03.2018","11,380","11,220","11,400","11,190","990,41K","1,34%"
"20.03.2018","11,230","11,220","11,320","11,220","1,04M","-0,18%"
"19.03.2018","11,250","11,460","11,460","11,210","898,40K","-1,83%"
"16.03.2018","11,460","11,610","11,610","11,430","892,46K","-1,29%"
"15.03.2018","11,610","11,780","11,790","11,540","1,03M","-1,11%"
"14.03.2018","11,740","11,690","11,780","11,660","977,21K","0,77%"
"13.03.2018","11,650","11,580","11,800","11,580","940,72K","0,52%"
"12.03.2018","11,590","11,620","11,750","11,540","757,90K","0,00%"
"09.03.2018","11,590","11,640","11,640","11,450","1,21M","-0,52%"
"08.03.2018","11,650","11,770","11,800","11,600","846,69K","-0,77%"
"07.03.2018","11,740","11,520","11,810","11,480","1,53M","1,56%"
"06.03.2018","11,560","11,530","11,680","11,480","1,72M","0,78%"
"05.03.2018","11,470","11,450","11,690","11,430","1,06M","-0,09%"
"02.03.2018","11,480","11,730","11,970","11,390","2,37M","-2,38%"
"01.03.2018","11,760","11,620","11,930","11,610","1,92M","0,60%"
"28.02.2018","11,690","11,650","11,840","11,530","1,56M","0,09%"
"27.02.2018","11,680","11,590","11,680","11,510","1,10M","1,04%"
"26.02.2018","11,560","11,380","11,560","11,380","1,17M","2,12%"
"23.02.2018","11,320","11,510","11,520","11,280","844,81K","-1,39%"
"22.02.2018","11,480","11,520","11,550","11,350","1,04M","-0,61%"
"21.02.2018","11,550","11,610","11,610","11,490","1,17M","-0,09%"
"20.02.2018","11,560","11,350","11,660","11,350","2,36M","2,85%"
"19.02.2018","11,240","10,870","11,320","10,850","3,59M","5,54%"
"16.02.2018","10,650","10,680","10,790","10,590","1,10M","0,00%"
"15.02.2018","10,650","10,830","10,890","10,640","995,09K","-0,75%"
"14.02.2018","10,730","10,680","10,830","10,630","820,24K","0,85%"
"13.02.2018","10,640","10,800","10,850","10,640","925,69K","-1,21%"
"12.02.2018","10,770","10,800","10,930","10,760","1,18M","0,75%"
"09.02.2018","10,690","10,560","10,830","10,370","1,87M","0,66%"
"08.02.2018","10,620","10,810","10,830","10,560","1,86M","-1,94%"
"07.02.2018","10,830","10,950","10,950","10,790","1,20M","-0,18%"
"06.02.2018","10,850","10,690","10,970","10,130","3,19M","-0,82%"
"05.02.2018","10,940","10,950","11,020","10,850","1,29M","-0,36%"
"02.02.2018","10,980","11,220","11,240","10,890","982,27K","-1,88%"
"01.02.2018","11,190","11,450","11,450","11,150","1,56M","-1,58%"
"31.01.2018","11,370","11,680","11,770","11,370","2,36M","-2,65%"
"30.01.2018","11,680","11,670","11,710","11,620","459,97K","-0,43%"
"29.01.2018","11,730","11,660","11,770","11,640","930,02K","0,51%"
"26.01.2018","11,670","11,530","11,730","11,470","1,18M","-0,34%"
"25.01.2018","11,710","11,640","11,820","11,630","1,20M","0,60%"
"24.01.2018","11,640","11,720","11,740","11,640","580,79K","-0,68%"
"23.01.2018","11,720","11,760","11,760","11,640","1,23M","0,17%"
"22.01.2018","11,700","11,630","11,730","11,580","609,04K","0,95%"
"19.01.2018","11,590","11,640","11,700","11,540","637,94K","0,00%"
"18.01.2018","11,590","11,490","11,680","11,390","1,08M","0,87%"
"17.01.2018","11,490","11,420","11,560","11,350","671,94K","0,70%"
"16.01.2018","11,410","11,560","11,590","11,350","1,28M","-1,64%"
"15.01.2018","11,600","11,770","11,770","11,570","768,62K","-0,94%"
"12.01.2018","11,710","11,750","11,800","11,700","795,33K","-0,09%"
"11.01.2018","11,720","11,750","11,790","11,590","997,95K","0,09%"
"10.01.2018","11,710","11,800","11,800","11,660","874,60K","-0,85%"
"09.01.2018","11,810","11,860","11,980","11,800","859,07K","-0,42%"
"08.01.2018","11,860","11,880","11,900","11,800","674,74K","0,51%"
"05.01.2018","11,800","11,800","11,880","11,760","654,00K","0,00%"
"04.01.2018","11,800","11,800","11,900","11,780","812,46K","0,08%"
"03.01.2018","11,790","11,630","11,800","11,620","913,00K","1,64%"
"02.01.2018","11,600","11,460","11,600","11,430","770,12K","1,40%"
"29.12.2017","11,440","11,450","11,510","11,410","382,98K","-0,35%"
"28.12.2017","11,480","11,400","11,520","11,390","372,22K","0,35%"
"27.12.2017","11,440","11,470","11,570","11,390","498,56K","-0,09%"
"22.12.2017","11,450","11,360","11,500","11,330","634,69K","-0,43%"
"21.12.2017","11,500","11,420","11,560","11,420","1,13M","0,70%"
"20.12.2017","11,420","11,440","11,440","11,310","961,57K","0,18%"
"19.12.2017","11,400","11,180","11,440","11,180","1,23M","1,88%"
"18.12.2017","11,190","11,040","11,210","11,030","814,57K","1,63%"
"15.12.2017","11,010","11,040","11,100","10,970","955,69K","-0,54%"
"14.12.2017","11,070","11,230","11,340","11,070","875,52K","-1,86%"
"13.12.2017","11,280","11,280","11,320","11,240","689,44K","0,00%"
"12.12.2017","11,280","11,230","11,310","11,130","973,72K","0,45%"
"11.12.2017","11,230","11,040","11,290","11,020","1,34M","2,28%"
"08.12.2017","10,980","11,160","11,160","10,940","655,70K","-1,17%"
"07.12.2017","11,110","10,940","11,140","10,920","687,45K","0,82%"
"06.12.2017","11,020","10,970","11,060","10,890","371,88K","-0,09%"
"05.12.2017","11,030","10,940","11,150","10,840","1,54M","0,91%"
"04.12.2017","10,930","10,800","11,010","10,750","1,22M","2,92%"
"01.12.2017","10,620","10,750","10,820","10,610","1,35M","-2,03%"
"30.11.2017","10,840","10,850","11,000","10,800","1,07M","-0,28%"
"29.11.2017","10,870","10,930","10,980","10,870","858,04K","0,18%"
"28.11.2017","10,850","10,770","10,880","10,750","866,00K","0,00%"
"27.11.2017","10,850","10,950","11,010","10,820","1,05M","-1,00%"
"24.11.2017","10,960","11,130","11,130","10,940","664,70K","-0,81%"
"23.11.2017","11,050","10,930","11,110","10,890","1,20M","0,73%"
"22.11.2017","10,970","10,860","11,020","10,800","602,86K","0,83%"
"21.11.2017","10,880","10,810","10,930","10,790","692,21K","0,46%"
"20.11.2017","10,830","10,800","10,860","10,650","1,23M","0,19%"
"17.11.2017","10,810","10,890","10,940","10,800","1,10M","-0,73%"
"16.11.2017","10,890","10,840","11,030","10,740","1,53M","0,93%"
"15.11.2017","10,790","10,650","10,800","10,530","1,15M","0,47%"
"14.11.2017","10,740","10,870","10,940","10,720","1,63M","-0,92%"
"13.11.2017","10,840","11,100","11,120","10,730","1,83M","-1,72%"
"10.11.2017","11,030","11,230","11,240","10,960","2,15M","-1,78%"
"09.11.2017","11,230","11,470","11,470","11,040","1,97M","-2,35%"
"08.11.2017","11,500","11,500","11,540","11,430","809,50K","0,00%"
"07.11.2017","11,500","11,590","11,640","11,410","1,51M","-0,43%"
"06.11.2017","11,550","11,610","11,680","11,480","1,06M","-0,17%"
"03.11.2017","11,570","11,900","11,900","11,440","2,10M","-2,53%"
"02.11.2017","11,870","12,120","12,240","11,680","2,43M","-2,22%"
"01.11.2017","12,140","11,930","12,300","11,930","2,19M","2,53%"
"31.10.2017","11,840","11,500","11,910","11,280","3,63M","1,89%"
"30.10.2017","11,620","11,640","11,660","11,420","1,21M","1,48%"
"27.10.2017","11,450","11,630","11,630","11,240","1,57M","-1,97%"
"26.10.2017","11,680","11,890","11,970","11,520","2,71M","-1,93%"
"25.10.2017","11,910","12,070","12,130","11,860","788,33K","-1,49%"
"24.10.2017","12,090","11,900","12,130","11,870","1,08M","1,26%"
"23.10.2017","11,940","11,870","11,990","11,850","500,48K","0,25%"
"20.10.2017","11,910","11,690","11,980","11,690","1,39M","1,79%"
"19.10.2017","11,700","11,790","11,860","11,630","663,24K","-1,10%"
"18.10.2017","11,830","11,750","11,900","11,730","662,17K","0,25%"
"17.10.2017","11,800","11,850","11,920","11,780","891,77K","-0,84%"
"16.10.2017","11,900","11,900","11,980","11,800","971,64K","0,51%"
"13.10.2017","11,840","11,690","11,960","11,690","1,35M","1,72%"
"12.10.2017","11,640","11,650","11,740","11,560","749,39K","-0,34%"
"11.10.2017","11,680","11,460","11,690","11,380","1,58M","2,91%"
"10.10.2017","11,350","11,430","11,440","11,210","1,75M","-1,22%"
"09.10.2017","11,490","11,480","11,570","11,450","514,78K","-0,17%"
"06.10.2017","11,510","11,540","11,630","11,460","756,10K","-0,60%"
"05.10.2017","11,580","11,520","11,630","11,430","1,17M","0,52%"
"04.10.2017","11,520","11,630","11,710","11,330","1,46M","-1,45%"
"03.10.2017","11,690","11,630","11,790","11,630","1,14M","0,52%"
"02.10.2017","11,630","11,590","11,770","11,530","1,00M","-0,68%"
"29.09.2017","11,710","11,600","11,800","11,580","1,46M","1,47%"
"28.09.2017","11,540","11,340","11,570","11,300","1,46M","2,03%"
"27.09.2017","11,310","11,350","11,450","11,310","637,27K","0,00%"
"26.09.2017","11,310","11,280","11,370","11,250","991,13K","0,53%"
"25.09.2017","11,250","11,460","11,480","11,250","755,23K","-1,75%"
"22.09.2017","11,450","11,420","11,460","11,150","1,33M","-0,26%"
"21.09.2017","11,480","11,630","11,640","11,440","866,35K","-1,54%"
"20.09.2017","11,660","11,570","11,720","11,560","1,00M","0,87%"
"19.09.2017","11,560","11,460","11,560","11,460","1,10M","0,70%"
"18.09.2017","11,480","11,450","11,560","11,410","1,22M","0,97%"
"15.09.2017","11,370","11,480","11,500","11,330","1,57M","-1,30%"
"14.09.2017","11,520","11,560","11,570","11,430","717,50K","-0,60%"
"13.09.2017","11,590","11,770","11,800","11,560","1,11M","-1,78%"
"12.09.2017","11,800","11,800","11,860","11,760","542,17K","0,17%"
"11.09.2017","11,780","11,690","11,850","11,570","786,48K","1,64%"
"08.09.2017","11,590","11,710","11,720","11,580","653,15K","-0,86%"
"07.09.2017","11,690","11,660","11,740","11,570","1,01M","0,60%"
"06.09.2017","11,620","11,700","11,770","11,610","888,33K","-0,68%"
"05.09.2017","11,700","11,800","11,920","11,700","1,94M","-0,43%"
"04.09.2017","11,750","11,660","11,790","11,570","1,47M","0,77%"
"01.09.2017","11,660","11,760","11,770","11,600","1,89M","1,39%"
"31.08.2017","11,500","11,480","11,750","11,430","2,00M","0,44%"
"30.08.2017","11,450","11,330","11,510","11,310","3,07M","4,66%"
"29.08.2017","10,940","11,120","11,120","10,870","818,37K","-2,06%"
"28.08.2017","11,170","11,170","11,210","11,020","292,98K","-0,36%"
"25.08.2017","11,210","11,210","11,270","11,140","745,26K","0,00%"
"24.08.2017","11,210","11,130","11,340","11,060","2,02M","1,08%"
"23.08.2017","11,090","11,080","11,130","11,000","1,10M","-0,09%"
"22.08.2017","11,100","10,910","11,110","10,840","1,87M","2,40%"
"21.08.2017","10,840","10,660","10,930","10,630","1,47M","1,69%"
"18.08.2017","10,660","10,560","10,690","10,510","704,65K","-0,09%"
"17.08.2017","10,670","10,630","10,780","10,580","1,06M","0,66%"
"16.08.2017","10,600","10,290","10,630","10,280","1,01M","3,62%"
"15.08.2017","10,230","10,380","10,380","10,230","637,18K","-1,25%"
"14.08.2017","10,360","10,360","10,440","10,290","707,80K","0,78%"
"11.08.2017","10,280","10,690","10,690","10,280","2,68M","-4,46%"
"10.08.2017","10,760","10,860","10,860","10,630","923,40K","-0,65%"
"09.08.2017","10,830","10,710","10,840","10,660","1,33M","0,74%"
"08.08.2017","10,750","10,530","10,750","10,530","942,86K","1,51%"
"07.08.2017","10,590","10,630","10,700","10,550","1,82M","0,57%"
"04.08.2017","10,530","10,390","10,530","10,390","2,58M","0,86%"
"03.08.2017","10,440","10,280","10,470","10,170","2,42M","1,16%"
"02.08.2017","10,320","10,370","10,440","10,240","1,70M","-0,86%"
"01.08.2017","10,410","10,470","10,480","10,330","1,83M","-0,19%"
"31.07.2017","10,430","10,620","10,690","10,420","1,49M","-1,79%"
"28.07.2017","10,620","10,690","10,710","10,510","2,38M","-1,30%"
"27.07.2017","10,760","10,640","10,880","10,610","2,43M","-0,92%"
"26.07.2017","10,860","10,820","10,970","10,770","1,32M","0,37%"
"25.07.2017","10,820","10,880","11,080","10,710","2,48M","-0,37%"
"24.07.2017","10,860","10,750","10,980","10,700","1,50M","-0,64%"
"21.07.2017","10,930","11,020","11,130","10,880","1,29M","-1,09%"
"20.07.2017","11,050","11,100","11,240","11,050","1,58M","-0,09%"
"19.07.2017","11,060","10,910","11,090","10,900","1,41M","1,00%"
"18.07.2017","10,950","11,090","11,090","10,880","1,93M","-1,44%"
"17.07.2017","11,110","11,210","11,230","11,070","1,00M","-0,71%"
"14.07.2017","11,190","11,070","11,190","11,010","1,35M","2,10%"
"13.07.2017","10,960","11,120","11,210","10,620","2,38M","-1,26%"
"12.07.2017","11,100","11,320","11,360","11,010","2,07M","-2,12%"
"11.07.2017","11,340","11,240","11,490","11,230","889,68K","0,89%"
"10.07.2017","11,240","11,270","11,280","11,030","681,93K","0,09%"
"07.07.2017","11,230","11,240","11,310","11,160","629,07K","-0,44%"
"06.07.2017","11,280","11,440","11,440","11,210","709,42K","-0,97%"
"05.07.2017","11,390","11,450","11,560","11,330","1,22M","-0,18%"
"04.07.2017","11,410","11,260","11,450","11,240","799,97K","0,97%"
"03.07.2017","11,300","11,290","11,410","11,180","869,29K","2,08%"
"30.06.2017","11,070","11,040","11,130","10,860","1,05M","0,45%"
"29.06.2017","11,020","11,300","11,390","11,020","1,37M","-1,96%"
"28.06.2017","11,240","11,210","11,270","11,020","2,15M","-0,18%"
"27.06.2017","11,260","11,010","11,280","11,010","2,14M","2,74%"
"26.06.2017","10,960","11,190","11,190","10,960","1,46M","-1,53%"
"23.06.2017","11,130","11,070","11,140","10,920","2,36M","1,18%"
"22.06.2017","11,000","10,660","11,080","10,600","2,01M","2,71%"
"21.06.2017","10,710","10,530","10,720","10,400","1,18M","1,71%"
"20.06.2017","10,530","10,720","10,780","10,520","966,14K","-1,77%"
"19.06.2017","10,720","10,520","10,770","10,520","1,84M","2,68%"
"16.06.2017","10,440","10,600","10,690","10,390","4,34M","-1,51%"
"15.06.2017","10,600","10,870","10,870","10,500","1,90M","-2,48%"
"14.06.2017","10,870","11,140","11,160","10,840","1,94M","-2,42%"
"13.06.2017","11,140","11,170","11,200","11,100","578,82K","-0,27%"
"12.06.2017","11,170","11,290","11,290","11,020","796,60K","-0,71%"
"09.06.2017","11,250","11,180","11,390","11,130","930,65K","1,08%"
"08.06.2017","11,130","11,130","11,180","10,960","1,15M","0,45%"
"07.06.2017","11,080","11,060","11,220","11,020","1,06M","-0,45%"
"06.06.2017","11,130","11,160","11,210","11,060","1,41M","-0,45%"
"05.06.2017","11,180","11,190","11,260","11,000","775,18K","0,00%"
"02.06.2017","11,180","11,310","11,310","11,110","991,50K","-0,71%"
"01.06.2017","11,260","11,150","11,260","11,070","1,16M","1,35%"
"31.05.2017","11,110","11,280","11,280","11,010","1,73M","-2,03%"
"30.05.2017","11,340","11,340","11,380","11,200","1,19M","-0,18%"
"29.05.2017","11,360","11,230","11,360","11,160","1,05M","1,16%"
"26.05.2017","11,230","11,130","11,230","11,060","1,24M","0,72%"
"25.05.2017","11,150","11,250","11,320","11,130","1,10M","-0,71%"
"24.05.2017","11,230","11,180","11,340","11,130","1,08M","0,09%"
"23.05.2017","11,220","11,130","11,250","11,080","851,99K","0,72%"
"22.05.2017","11,140","11,220","11,230","11,100","1,02M","-0,36%"
"19.05.2017","11,180","11,060","11,200","11,040","1,23M","1,64%"
"18.05.2017","11,000","11,260","11,260","10,730","3,22M","-2,40%"
"17.05.2017","11,270","11,330","11,500","11,220","1,77M","-0,79%"
"16.05.2017","11,360","11,270","11,390","11,220","1,73M","0,44%"
"15.05.2017","11,310","11,150","11,380","11,090","2,18M","2,17%"
"12.05.2017","11,070","11,250","11,280","10,990","2,23M","-1,86%"
"11.05.2017","11,280","11,390","11,620","11,120","3,44M","-0,70%"
"10.05.2017","11,360","11,360","11,490","11,320","2,05M","-1,13%"
"09.05.2017","11,490","11,540","11,610","11,450","2,25M","-0,09%"
"08.05.2017","11,500","11,680","11,710","11,430","1,91M","-0,52%"
"05.05.2017","11,560","11,530","11,620","11,390","1,93M","0,17%"
"04.05.2017","11,540","11,530","11,630","10,960","3,21M","-0,17%"
"03.05.2017","11,560","11,650","11,710","11,490","2,59M","-1,45%"
"02.05.2017","11,730","11,910","11,950","11,650","1,92M","-0,93%"
"28.04.2017","11,840","12,010","12,060","11,810","2,24M","-0,67%"
"27.04.2017","11,920","12,520","12,750","11,830","4,62M","-4,18%"
"26.04.2017","12,440","12,300","12,440","12,150","1,67M","0,65%"
"25.04.2017","12,360","12,050","12,420","11,920","2,62M","3,60%"
"24.04.2017","11,930","12,120","12,130","11,860","1,73M","2,23%"
"21.04.2017","11,670","11,840","11,940","11,670","1,58M","-1,10%"
"20.04.2017","11,800","11,690","11,830","11,590","2,58M","-0,17%"
"19.04.2017","11,820","11,670","11,860","11,640","1,49M","1,55%"
"18.04.2017","11,640","12,010","12,020","11,620","1,73M","-2,84%"
"13.04.2017","11,980","11,910","12,030","11,840","1,06M","0,25%"
"12.04.2017","11,950","12,310","12,340","11,930","1,46M","-2,92%"
"11.04.2017","12,310","12,300","12,430","12,240","1,92M","-0,24%"
"10.04.2017","12,340","12,320","12,400","12,260","857,91K","0,00%"
"07.04.2017","12,340","12,150","12,340","12,140","1,23M","0,49%"
"06.04.2017","12,280","12,150","12,320","12,090","1,06M","0,41%"
"05.04.2017","12,230","12,090","12,360","12,080","2,07M","1,83%"
"04.04.2017","12,010","12,110","12,220","11,920","2,17M","-1,15%"
"03.04.2017","12,150","12,360","12,380","12,110","1,73M","0,25%"
"31.03.2017","12,120","12,200","12,200","12,020","1,05M","-0,57%"
"30.03.2017","12,190","12,150","12,230","12,060","599,02K","0,00%"
"29.03.2017","12,190","12,120","12,220","12,040","1,10M","0,99%"
"28.03.2017","12,070","11,950","12,110","11,830","1,19M","1,60%"
"27.03.2017","11,880","12,090","12,090","11,650","3,25M","-2,70%"
"24.03.2017","12,210","12,290","12,350","12,160","692,36K","-0,25%"
"23.03.2017","12,240","12,380","12,410","12,200","942,05K","-0,81%"
"22.03.2017","12,340","12,190","12,370","12,040","1,38M","-3,89%"
"21.03.2017","12,840","13,090","13,160","12,770","1,17M","-1,91%"
"20.03.2017","13,090","13,200","13,230","13,040","820,95K","-0,83%"
"17.03.2017","13,200","13,040","13,250","12,960","1,42M","1,30%"
"16.03.2017","13,030","13,140","13,420","13,030","2,11M","0,31%"
"15.03.2017","12,990","12,730","13,040","12,730","1,67M","2,44%"
"14.03.2017","12,680","12,770","12,840","12,540","954,92K","-0,70%"
"13.03.2017","12,770","12,670","12,800","12,660","1,20M","1,35%"
"10.03.2017","12,600","12,800","12,930","12,590","1,33M","-0,71%"
"09.03.2017","12,690","12,890","12,950","12,620","2,32M","-1,55%"
"08.03.2017","12,890","13,050","13,200","12,880","1,33M","-1,38%"
"07.03.2017","13,070","13,310","13,340","13,040","1,54M","-1,80%"
"06.03.2017","13,310","13,430","13,430","13,200","784,38K","-1,19%"
"03.03.2017","13,470","13,250","13,500","13,070","1,36M","1,35%"
"02.03.2017","13,290","13,360","13,650","13,210","1,89M","-0,52%"
"01.03.2017","13,360","13,310","13,450","13,250","2,49M","3,49%"
"28.02.2017","12,910","12,900","12,980","12,700","1,07M","0,00%"
"27.02.2017","12,910","12,690","12,960","12,600","1,43M","1,81%"
"24.02.2017","12,680","12,870","12,930","12,520","1,26M","-1,86%"
"23.02.2017","12,920","13,050","13,200","12,910","786,82K","-1,07%"
"22.02.2017","13,060","13,260","13,260","13,050","698,75K","-1,28%"
"21.02.2017","13,230","12,950","13,250","12,950","949,91K","1,93%"
"20.02.2017","12,980","12,990","13,040","12,850","632,07K","0,46%"
"17.02.2017","12,920","12,990","13,000","12,820","823,33K","-0,23%"
"16.02.2017","12,950","13,050","13,070","12,900","1,11M","-0,92%"
"15.02.2017","13,070","13,190","13,190","12,910","1,02M","-0,46%"
"14.02.2017","13,130","13,190","13,300","13,100","881,32K","-0,91%"
"13.02.2017","13,250","13,200","13,420","13,160","1,58M","1,22%"
"10.02.2017","13,090","13,060","13,240","12,980","1,34M","1,32%"
"09.02.2017","12,920","12,990","12,990","12,670","914,01K","-0,08%"
"08.02.2017","12,930","13,000","13,160","12,750","1,45M","0,15%"
"07.02.2017","12,910","12,830","13,050","12,820","1,36M","0,62%"
"06.02.2017","12,830","12,900","12,970","12,730","1,35M","-0,47%"
"03.02.2017","12,890","12,740","12,950","12,610","1,98M","0,00%"
"02.02.2017","12,890","12,320","12,980","12,320","3,91M","4,46%"
"01.02.2017","12,340","12,240","12,450","12,170","1,02M","0,98%"
"31.01.2017","12,220","12,130","12,430","12,120","812,40K","0,33%"
"30.01.2017","12,180","12,340","12,350","12,130","767,00K","-1,54%"
"27.01.2017","12,370","12,350","12,460","12,240","798,67K","0,24%"
"26.01.2017","12,340","12,510","12,530","12,280","968,27K","-0,88%"
"25.01.2017","12,450","12,440","12,610","12,360","2,04M","0,57%"
"24.01.2017","12,380","12,140","12,420","12,140","1,50M","1,98%"
"23.01.2017","12,140","12,160","12,220","12,090","869,18K","-0,16%"
"20.01.2017","12,160","12,090","12,260","12,010","916,15K","0,25%"
"19.01.2017","12,130","12,140","12,160","12,030","901,75K","0,17%"
"18.01.2017","12,110","12,020","12,150","11,950","924,75K","1,17%"
"17.01.2017","11,970","12,080","12,090","11,930","862,40K","-1,64%"
"16.01.2017","12,170","12,010","12,270","11,960","1,44M","1,42%"
"13.01.2017","12,000","11,890","12,210","11,890","2,32M","0,93%"
"12.01.2017","11,890","12,760","13,060","11,750","7,01M","-6,67%"
"11.01.2017","12,740","12,390","12,790","12,310","1,35M","3,24%"
"10.01.2017","12,340","12,130","12,390","12,060","962,72K","1,82%"
"09.01.2017","12,120","12,270","12,290","12,050","699,08K","-0,74%"
"06.01.2017","12,210","12,190","12,270","12,190","375,65K","-0,16%"
"05.01.2017","12,230","12,150","12,270","12,150","721,20K","-0,08%"
"04.01.2017","12,240","12,300","12,370","12,120","598,89K","-0,41%"
"03.01.2017","12,290","12,200","12,440","12,180","819,74K","1,15%"
"02.01.2017","12,150","12,170","12,180","12,070","345,76K","0,16%"
"30.12.2016","12,130","12,130","12,220","12,110","312,81K","-0,41%"
"29.12.2016","12,180","12,080","12,180","12,030","645,57K","0,00%"
"28.12.2016","12,180","12,200","12,340","12,170","611,52K","-0,65%"
"27.12.2016","12,260","12,220","12,330","12,180","248,37K","-0,16%"
"23.12.2016","12,280","12,310","12,430","12,190","506,96K","-0,57%"
"22.12.2016","12,350","12,300","12,380","12,150","743,37K","0,24%"
"21.12.2016","12,320","12,480","12,510","12,280","885,67K","-1,04%"
"20.12.2016","12,450","12,560","12,560","12,260","1,07M","-0,95%"
"19.12.2016","12,570","12,800","12,800","12,450","1,19M","-1,26%"
"16.12.2016","12,730","12,580","12,830","12,560","1,75M","1,52%"
"15.12.2016","12,540","12,670","12,900","12,470","1,64M","-0,56%"
"14.12.2016","12,610","12,500","12,700","12,470","1,83M","1,12%"
"13.12.2016","12,470","12,360","12,490","12,230","2,05M","1,46%"
"12.12.2016","12,290","12,230","12,420","12,190","1,42M","1,24%"
"09.12.2016","12,140","12,280","12,300","12,090","1,24M","-1,30%"
"08.12.2016","12,300","12,130","12,360","12,110","1,84M","2,16%"
"07.12.2016","12,040","11,830","12,060","11,720","2,95M","2,82%"
"06.12.2016","11,710","11,610","11,810","11,590","2,06M","3,08%"
"05.12.2016","11,360","11,250","11,510","11,230","1,23M","0,53%"
"02.12.2016","11,300","11,410","11,420","11,150","1,37M","-1,48%"
"01.12.2016","11,470","11,430","11,530","11,360","1,04M","0,53%"
"30.11.2016","11,410","11,420","11,540","11,290","1,25M","0,00%"
"29.11.2016","11,410","11,620","11,630","11,310","2,08M","-2,14%"
"28.11.2016","11,660","11,680","11,720","11,530","729,44K","-0,60%"
"25.11.2016","11,730","11,870","11,890","11,650","936,57K","-0,93%"
"24.11.2016","11,840","11,860","11,910","11,750","1,35M","0,42%"
"23.11.2016","11,790","11,790","11,870","11,690","1,35M","0,86%"
"22.11.2016","11,690","11,590","11,780","11,580","2,14M","1,92%"
"21.11.2016","11,470","11,450","11,550","11,290","1,10M","0,53%"
"18.11.2016","11,410","11,530","11,580","11,310","833,15K","-0,78%"
"17.11.2016","11,500","11,550","11,620","11,440","1,44M","-1,03%"
"16.11.2016","11,620","11,750","11,810","11,580","877,08K","-0,68%"
"15.11.2016","11,700","11,790","11,830","11,590","1,36M","-0,76%"
"14.11.2016","11,790","11,470","11,820","11,470","3,21M","3,42%"
"11.11.2016","11,400","11,440","11,550","11,240","1,58M","0,00%"
"10.11.2016","11,400","11,210","11,570","11,210","3,82M","3,35%"
"09.11.2016","11,030","10,170","11,180","10,120","4,34M","5,65%"
"08.11.2016","10,440","10,540","10,540","10,310","791,64K","-0,48%"
"07.11.2016","10,490","10,400","10,560","10,390","1,17M","2,14%"
"04.11.2016","10,270","10,350","10,370","10,140","1,33M","-1,06%"
"03.11.2016","10,380","10,390","10,430","10,300","924,81K","-1,05%"
"02.11.2016","10,490","10,590","10,610","10,340","1,63M","-1,50%"
"01.11.2016","10,650","10,890","10,890","10,590","1,20M","-1,39%"
"31.10.2016","10,800","10,790","10,890","10,700","1,22M","-0,18%"
"28.10.2016","10,820","10,910","10,910","10,720","1,48M","-1,19%"
"27.10.2016","10,950","11,060","11,190","10,820","2,28M","-2,41%"
"26.10.2016","11,220","11,430","11,450","10,940","1,79M","-1,32%"
"25.10.2016","11,370","11,370","11,520","11,270","1,46M","0,71%"
"24.10.2016","11,290","11,260","11,440","11,260","1,41M","1,16%"
"21.10.2016","11,160","10,950","11,240","10,940","1,55M","1,92%"
"20.10.2016","10,950","10,860","10,980","10,850","849,34K","0,55%"
"19.10.2016","10,890","10,900","10,930","10,830","1,09M","0,37%"
"18.10.2016","10,850","10,860","11,020","10,830","826,59K","0,46%"
"17.10.2016","10,800","10,810","10,880","10,730","655,35K","-0,37%"
"14.10.2016","10,840","10,800","10,960","10,800","993,66K","0,74%"
"13.10.2016","10,760","10,730","10,860","10,660","1,18M","-0,28%"
"12.10.2016","10,790","10,900","10,980","10,750","1,16M","-0,74%"
"11.10.2016","10,870","10,990","11,090","10,840","1,00M","-1,54%"
"10.10.2016","11,040","11,030","11,090","10,960","1,02M","0,55%"
"07.10.2016","10,980","10,970","11,080","10,900","1,14M","0,27%"
"06.10.2016","10,950","11,140","11,160","10,930","741,23K","-1,35%"
"05.10.2016","11,100","11,020","11,150","10,990","1,03M","-1,07%"
"04.10.2016","11,220","11,060","11,310","10,990","1,52M","1,54%"
"03.10.2016","11,050","11,040","11,130","10,880","1,68M","-2,47%"
"30.09.2016","11,330","11,230","11,350","11,110","775,84K","-0,53%"
"29.09.2016","11,390","11,440","11,530","11,360","725,76K","0,26%"
"28.09.2016","11,360","11,320","11,450","11,280","925,05K","1,16%"
"27.09.2016","11,230","11,410","11,470","11,080","1,06M","0,18%"
"26.09.2016","11,210","11,120","11,300","11,020","1,19M","0,27%"
"23.09.2016","11,180","11,250","11,280","11,050","813,72K","-0,80%"
"22.09.2016","11,270","11,150","11,380","11,150","1,62M","2,27%"
"21.09.2016","11,020","10,940","11,080","10,880","1,29M","2,51%"
"20.09.2016","10,750","10,930","10,990","10,720","1,15M","-1,65%"
"19.09.2016","10,930","10,890","10,980","10,840","650,09K","1,39%"
"16.09.2016","10,780","10,890","10,900","10,610","901,02K","-0,55%"
"15.09.2016","10,840","10,860","10,890","10,640","948,98K","0,56%"
"14.09.2016","10,780","10,770","10,950","10,700","1,42M","0,56%"
"13.09.2016","10,720","10,880","11,040","10,690","1,36M","0,09%"
"12.09.2016","10,710","10,900","10,900","10,520","2,19M","-3,16%"
"09.09.2016","11,060","11,150","11,230","11,000","761,12K","-1,34%"
"08.09.2016","11,210","11,240","11,290","11,070","771,08K","0,18%"
"07.09.2016","11,190","11,000","11,250","10,940","1,42M","2,19%"
"06.09.2016","10,950","11,210","11,220","10,890","1,03M","-1,62%"
"05.09.2016","11,130","11,010","11,180","11,010","984,35K","1,74%"
"02.09.2016","10,940","10,830","11,020","10,720","930,36K","1,39%"
"01.09.2016","10,790","10,760","10,960","10,700","834,93K","0,84%"
"31.08.2016","10,700","10,790","10,840","10,640","1,09M","-0,93%"
"30.08.2016","10,800","10,910","11,020","10,760","1,03M","-1,10%"
"29.08.2016","10,920","11,110","11,110","10,840","821,10K","-1,97%"
"26.08.2016","11,140","11,070","11,170","10,970","569,92K","0,81%"
"25.08.2016","11,050","11,050","11,150","10,960","880,19K","-0,81%"
"24.08.2016","11,140","11,190","11,280","11,040","955,31K","-1,33%"
"23.08.2016","11,290","11,260","11,410","11,250","482,34K","0,62%"
"22.08.2016","11,220","11,260","11,300","11,090","596,72K","-0,88%"
"19.08.2016","11,320","11,450","11,450","11,160","639,00K","-1,05%"
"18.08.2016","11,440","11,360","11,500","11,310","669,23K","1,51%"
"17.08.2016","11,270","11,480","11,550","11,180","793,90K","-1,74%"
"16.08.2016","11,470","11,410","11,850","11,330","1,42M","0,35%"
"15.08.2016","11,430","11,320","11,470","11,240","540,47K","0,97%"
"12.08.2016","11,320","11,400","11,530","11,280","677,78K","-1,22%"
"11.08.2016","11,460","11,380","11,460","11,150","899,53K","0,97%"
"10.08.2016","11,350","11,340","11,440","11,300","752,48K","-0,70%"
"09.08.2016","11,430","11,450","11,470","11,260","1,07M","0,00%"
"08.08.2016","11,430","11,460","11,540","11,390","913,09K","0,44%"
"05.08.2016","11,380","11,460","11,530","11,310","1,20M","0,26%"
"04.08.2016","11,350","11,200","11,390","11,130","1,23M","2,44%"
"03.08.2016","11,080","11,060","11,120","10,850","902,99K","0,54%"
"02.08.2016","11,020","11,320","11,350","10,890","1,57M","-2,56%"
"01.08.2016","11,310","11,540","11,660","11,200","1,86M","-1,74%"
"29.07.2016","11,510","11,410","11,570","11,400","2,25M","2,40%"
"28.07.2016","11,240","11,150","11,530","11,140","4,25M","3,50%"
"27.07.2016","10,860","11,070","11,190","10,860","1,16M","-1,54%"
"26.07.2016","11,030","10,860","11,100","10,730","961,26K","1,57%"
"25.07.2016","10,860","10,770","11,060","10,770","900,61K","0,65%"
"22.07.2016","10,790","10,640","10,790","10,560","1,45M","-1,28%"
"21.07.2016","10,930","10,930","11,050","10,830","956,72K","0,00%"
"20.07.2016","10,930","10,960","10,960","10,640","1,77M","0,37%"
"19.07.2016","10,890","11,050","11,160","10,830","1,19M","-1,71%"
"18.07.2016","11,080","11,040","11,250","10,980","1,16M","-0,27%"
"15.07.2016","11,110","11,160","11,160","10,890","1,38M","-1,51%"
"14.07.2016","11,280","11,160","11,400","11,100","1,68M","1,81%"
"13.07.2016","11,080","10,920","11,280","10,920","2,94M","2,40%"
"12.07.2016","10,820","10,440","10,860","10,440","2,13M","3,64%"
"11.07.2016","10,440","10,340","10,520","10,270","1,70M","2,45%"
"08.07.2016","10,190","9,910","10,250","9,820","1,38M","2,83%"
"07.07.2016","9,910","10,110","10,210","9,880","1,81M","1,75%"
"06.07.2016","9,740","9,710","9,880","9,450","1,13M","-0,41%"
"05.07.2016","9,780","10,090","10,090","9,680","1,65M","-3,93%"
"04.07.2016","10,180","10,010","10,320","9,990","1,36M","2,00%"
"01.07.2016","9,980","9,570","10,040","9,510","1,81M","4,39%"
"30.06.2016","9,560","9,400","9,580","9,260","1,64M","0,74%"
"29.06.2016","9,490","9,330","9,520","9,220","3,37M","2,59%"
"28.06.2016","9,250","9,190","9,330","9,000","2,96M","6,32%"
"27.06.2016","8,700","9,130","9,160","8,560","2,53M","-3,33%"
"24.06.2016","9,000","8,180","9,370","7,320","4,55M","-5,36%"
"23.06.2016","9,510","9,040","9,550","9,040","3,39M","5,43%"
"22.06.2016","9,020","9,170","9,260","8,990","1,49M","-1,10%"
"21.06.2016","9,120","9,440","9,530","9,040","1,73M","-3,49%"
"20.06.2016","9,450","9,530","9,550","9,310","1,32M","1,61%"
"17.06.2016","9,300","8,830","9,300","8,790","2,74M","6,90%"
"16.06.2016","8,700","8,830","8,960","8,590","1,50M","-3,12%"
"15.06.2016","8,980","8,850","9,060","8,840","910,39K","1,93%"
"14.06.2016","8,810","8,980","9,020","8,790","992,39K","-2,97%"
"13.06.2016","9,080","9,100","9,170","8,900","1,26M","-1,94%"
"10.06.2016","9,260","9,680","9,740","9,250","1,77M","-5,41%"
"09.06.2016","9,790","9,750","9,900","9,590","1,12M","0,72%"
"08.06.2016","9,720","9,650","9,820","9,530","1,15M","-0,10%"
"07.06.2016","9,730","9,810","9,880","9,610","805,90K","0,21%"
"06.06.2016","9,710","9,760","9,910","9,680","937,70K","0,31%"
"03.06.2016","9,680","9,940","10,040","9,630","1,56M","-2,22%"
"02.06.2016","9,900","9,540","9,940","9,540","1,65M","3,56%"
"01.06.2016","9,560","9,650","9,660","9,380","1,15M","-1,14%"
"31.05.2016","9,670","9,530","9,740","9,470","1,15M","2,00%"
"30.05.2016","9,480","9,520","9,520","9,360","400,95K","0,32%"
"27.05.2016","9,450","9,620","9,720","9,360","1,43M","-1,66%"
"26.05.2016","9,610","9,420","9,760","9,410","1,56M","2,23%"
"25.05.2016","9,400","9,380","9,470","9,260","828,93K","1,18%"
"24.05.2016","9,290","9,250","9,390","9,220","854,56K","0,43%"
"23.05.2016","9,250","9,130","9,280","9,040","603,11K","0,98%"
"20.05.2016","9,160","9,170","9,260","9,130","679,34K","0,99%"
"19.05.2016","9,070","9,310","9,420","8,980","1,63M","-3,72%"
"18.05.2016","9,420","9,430","9,480","9,340","692,79K","-0,32%"
"17.05.2016","9,450","9,470","9,540","9,330","1,02M","0,64%"
"16.05.2016","9,390","9,290","9,490","9,210","695,12K","0,97%"
"13.05.2016","9,300","9,110","9,390","9,070","1,87M","1,64%"
"12.05.2016","9,150","9,250","9,410","9,120","1,07M","-1,19%"
"11.05.2016","9,260","9,140","9,280","9,070","1,20M","1,65%"
"10.05.2016","9,110","9,160","9,270","8,890","2,27M","-0,33%"
"09.05.2016","9,140","9,650","9,790","9,100","2,14M","-4,89%"
"06.05.2016","9,610","9,480","9,770","9,400","1,38M","0,52%"
"05.05.2016","9,560","9,520","9,680","9,490","1,44M","0,42%"
"04.05.2016","9,520","9,300","9,550","9,260","1,76M","2,15%"
"03.05.2016","9,320","9,480","9,510","9,190","1,55M","-1,58%"
"02.05.2016","9,470","9,530","9,580","9,390","1,13M","-1,25%"
"29.04.2016","9,590","9,710","9,740","9,520","2,66M","-0,52%"
"28.04.2016","9,640","9,900","9,980","9,370","2,89M","-1,93%"
"27.04.2016","9,830","10,030","10,130","9,790","2,25M","-1,80%"
"26.04.2016","10,010","10,400","10,500","9,960","3,48M","-3,29%"
"25.04.2016","10,350","10,440","10,460","10,240","1,26M","-1,24%"
"22.04.2016","10,480","10,360","10,500","10,280","1,66M","0,00%"
"21.04.2016","10,480","10,280","10,510","10,190","2,73M","3,15%"
"20.04.2016","10,160","10,060","10,340","9,950","2,29M","-0,78%"
"19.04.2016","10,240","10,080","10,300","10,050","1,53M","2,40%"
"18.04.2016","10,000","9,760","10,030","9,600","885,90K","0,20%"
"15.04.2016","9,980","9,980","9,990","9,830","788,20K","0,40%"
"14.04.2016","9,940","10,130","10,150","9,870","1,73M","-1,19%"
"13.04.2016","10,060","9,580","10,170","9,550","2,80M","6,34%"
"12.04.2016","9,460","9,470","9,620","9,310","985,27K","0,32%"
"11.04.2016","9,430","9,290","9,520","9,210","1,27M","1,29%"
"08.04.2016","9,310","8,950","9,350","8,950","939,94K","4,02%"
"07.04.2016","8,950","9,200","9,290","8,880","1,33M","-2,51%"
"06.04.2016","9,180","9,290","9,290","9,070","674,49K","-0,65%"
"05.04.2016","9,240","9,210","9,280","9,070","1,12M","-0,86%"
"04.04.2016","9,320","9,410","9,450","9,250","975,89K","-0,96%"
"01.04.2016","9,410","9,340","9,550","9,210","1,25M","-0,63%"
"31.03.2016","9,470","9,410","9,590","9,260","1,94M","0,00%"
"30.03.2016","9,470","9,240","9,510","9,230","1,51M","3,50%"
"29.03.2016","9,150","9,340","9,410","9,070","1,40M","-0,87%"
"24.03.2016","9,230","9,220","9,310","9,040","1,30M","-1,28%"
"23.03.2016","9,350","9,440","9,490","9,280","850,49K","-0,21%"
"22.03.2016","9,370","9,450","9,470","9,180","1,46M","-1,16%"
"21.03.2016","9,480","9,580","9,720","9,460","1,36M","-1,66%"
"18.03.2016","9,640","9,340","9,650","9,260","2,77M","3,21%"
"17.03.2016","9,340","9,150","9,340","9,060","1,59M","3,78%"
"16.03.2016","9,000","9,150","9,190","8,980","1,09M","-0,33%"
"15.03.2016","9,030","9,090","9,190","8,980","1,30M","-2,80%"
"14.03.2016","9,290","9,270","9,390","9,120","1,82M","0,98%"
"11.03.2016","9,200","8,910","9,250","8,860","2,12M","4,43%"
"10.03.2016","8,810","9,090","9,210","8,680","2,61M","-2,97%"
"09.03.2016","9,080","9,440","9,440","8,940","2,81M","-3,71%"
"08.03.2016","9,430","9,320","9,770","9,130","2,98M","0,64%"
"07.03.2016","9,370","9,230","9,460","8,900","2,71M","1,30%"
"04.03.2016","9,250","9,050","9,250","8,870","3,21M","3,12%"
"03.03.2016","8,970","9,140","9,340","8,920","2,44M","-1,32%"
"02.03.2016","9,090","9,190","9,260","8,840","3,94M","-2,57%"
"01.03.2016","9,330","9,280","9,610","9,210","2,53M","-0,64%"
"29.02.2016","9,390","8,970","9,530","8,930","2,32M","2,96%"
"26.02.2016","9,120","9,110","9,240","8,900","1,98M","3,05%"
"25.02.2016","8,850","9,080","9,170","8,800","2,25M","-1,23%"
"24.02.2016","8,960","9,240","9,320","8,810","1,76M","-2,82%"
"23.02.2016","9,220","9,450","9,520","9,170","1,59M","-3,15%"
"22.02.2016","9,520","9,250","9,640","9,240","2,37M","4,27%"
"19.02.2016","9,130","9,150","9,320","8,900","1,68M","-0,65%"
"18.02.2016","9,190","9,430","9,430","9,110","2,43M","-1,50%"
"17.02.2016","9,330","9,130","9,580","9,130","3,32M","2,19%"
"16.02.2016","9,130","9,300","9,520","8,770","2,32M","-0,87%"
"15.02.2016","9,210","8,880","9,300","8,870","4,93M","8,10%"
"12.02.2016","8,520","7,710","8,580","7,620","2,99M","13,45%"
"11.02.2016","7,510","7,670","7,710","7,450","1,86M","-2,97%"
"10.02.2016","7,740","8,010","8,060","7,670","2,31M","-1,53%"
"09.02.2016","7,860","8,190","8,550","7,780","2,80M","-4,61%"
"08.02.2016","8,240","8,600","8,700","8,160","1,79M","-3,51%"
"05.02.2016","8,540","8,320","8,680","8,160","2,79M","1,55%"
"04.02.2016","8,410","8,060","8,530","7,880","3,44M","9,08%"
"03.02.2016","7,710","7,340","7,880","7,250","2,34M","4,61%"
"02.02.2016","7,370","7,590","7,640","7,190","3,00M","-3,03%"
"01.02.2016","7,600","7,770","7,810","7,450","1,78M","-1,17%"
"29.01.2016","7,690","7,920","8,040","7,510","3,25M","-0,13%"
"28.01.2016","7,700","7,350","7,960","7,350","3,26M","4,76%"
"27.01.2016","7,350","7,490","7,580","7,240","4,49M","-2,65%"
"26.01.2016","7,550","7,060","7,600","6,940","2,29M","5,30%"
"25.01.2016","7,170","7,240","7,310","7,070","1,55M","-0,14%"
"22.01.2016","7,180","7,200","7,390","7,120","3,60M","3,61%"
"21.01.2016","6,930","6,700","6,980","6,550","2,58M","4,21%"
"20.01.2016","6,650","6,780","6,810","6,540","2,78M","-4,73%"
"19.01.2016","6,980","7,180","7,250","6,850","2,31M","-0,57%"
"18.01.2016","7,020","7,100","7,250","6,980","3,27M","-1,54%"
"15.01.2016","7,130","7,490","7,520","7,080","2,84M","-5,06%"
"14.01.2016","7,510","7,420","7,600","7,180","3,16M","0,81%"
"13.01.2016","7,450","7,610","7,810","7,410","2,54M","-1,32%"
"12.01.2016","7,550","7,810","7,970","7,490","3,05M","-3,82%"
"11.01.2016","7,850","7,910","8,090","7,830","2,23M","-2,12%"
"08.01.2016","8,020","7,980","8,360","7,960","2,59M","0,88%"
"07.01.2016","7,950","7,900","8,180","7,840","2,85M","-4,79%"
"06.01.2016","8,350","8,700","8,700","8,250","1,41M","-4,46%"
"05.01.2016","8,740","8,620","8,770","8,450","1,27M","2,46%"
"04.01.2016","8,530","8,690","8,730","8,320","1,99M","-2,63%"
"31.12.2015","8,760","8,940","8,970","8,760","829,95K","-2,77%"
"30.12.2015","9,010","9,020","9,160","8,960","1,46M","-0,11%"
"29.12.2015","9,020","9,110","9,170","8,860","1,17M","-0,33%"
"28.12.2015","9,050","9,290","9,390","8,990","1,35M","-2,37%"
"24.12.2015","9,270","9,220","9,440","9,150","654,62K","0,76%"
"23.12.2015","9,200","8,550","9,570","8,510","4,96M","8,88%"
"22.12.2015","8,450","8,350","8,550","8,310","1,52M","2,05%"
"21.12.2015","8,280","8,360","8,670","8,260","2,51M","-1,55%"
"18.12.2015","8,410","8,190","8,470","8,100","2,38M","1,94%"
"17.12.2015","8,250","8,340","8,640","8,190","2,41M","0,86%"
"16.12.2015","8,180","8,200","8,320","8,040","2,37M","-0,24%"
"15.12.2015","8,200","8,240","8,410","8,150","1,75M","0,37%"
"14.12.2015","8,170","8,430","8,470","8,110","1,49M","-2,85%"
"11.12.2015","8,410","8,600","8,690","8,290","1,50M","-2,32%"
"10.12.2015","8,610","8,650","8,850","8,430","2,26M","-0,58%"
"09.12.2015","8,660","8,700","8,760","8,320","1,72M","0,35%"
"08.12.2015","8,630","8,840","8,940","8,490","1,40M","-3,03%"
"07.12.2015","8,900","9,080","9,080","8,840","1,28M","-1,55%"
"04.12.2015","9,040","9,000","9,170","8,950","1,71M","0,33%"
"03.12.2015","9,010","9,180","9,400","9,010","1,93M","-1,85%"
"02.12.2015","9,180","9,450","9,490","9,130","1,36M","-2,65%"
"01.12.2015","9,430","9,480","9,620","9,430","1,33M","-0,42%"
"30.11.2015","9,470","9,360","9,500","9,250","1,41M","1,39%"
"27.11.2015","9,340","9,120","9,560","9,080","2,15M","1,63%"
"26.11.2015","9,190","8,980","9,260","8,960","1,50M","2,00%"
"25.11.2015","9,010","9,070","9,130","8,840","3,63M","-3,12%"
"24.11.2015","9,300","9,250","9,350","9,140","1,67M","0,22%"
"23.11.2015","9,280","9,360","9,380","9,110","1,89M","-2,11%"
"20.11.2015","9,480","9,770","9,770","9,460","1,62M","-2,57%"
"19.11.2015","9,730","9,760","9,850","9,580","1,45M","0,83%"
"18.11.2015","9,650","9,270","9,690","9,250","2,10M","3,32%"
"17.11.2015","9,340","9,280","9,380","9,200","1,52M","2,19%"
"16.11.2015","9,140","8,970","9,270","8,930","1,81M","0,44%"
"13.11.2015","9,100","9,250","9,360","8,980","2,01M","-1,62%"
"12.11.2015","9,250","9,580","9,610","9,180","1,70M","-3,75%"
"11.11.2015","9,610","9,500","9,860","9,490","1,55M","1,48%"
"10.11.2015","9,470","9,690","9,800","9,430","2,46M","-2,17%"
"09.11.2015","9,680","9,660","10,040","9,650","1,80M","0,10%"
"06.11.2015","9,670","9,360","9,780","9,360","2,32M","3,31%"
"05.11.2015","9,360","9,470","9,600","9,120","2,09M","-1,06%"
"04.11.2015","9,460","9,920","10,110","9,400","3,46M","-3,67%"
"03.11.2015","9,820","9,480","9,900","9,440","3,37M","3,81%"
"02.11.2015","9,460","9,020","9,530","8,840","2,79M","3,39%"
"30.10.2015","9,150","9,340","9,340","8,680","3,18M","-1,40%"
"29.10.2015","9,280","9,530","9,540","9,160","1,64M","-1,59%"
"28.10.2015","9,430","9,150","9,480","9,020","1,80M","2,84%"
"27.10.2015","9,170","9,670","9,670","9,150","2,80M","-6,43%"
"26.10.2015","9,800","9,680","9,840","9,560","1,70M","1,34%"
"23.10.2015","9,670","9,500","9,760","9,500","3,41M","4,31%"
"22.10.2015","9,270","9,130","9,320","9,030","1,51M","1,64%"
"21.10.2015","9,120","9,320","9,340","8,880","2,85M","-1,51%"
"20.10.2015","9,260","9,340","9,390","9,190","2,15M","-0,32%"
"19.10.2015","9,290","9,230","9,290","9,050","2,43M","1,53%"
"16.10.2015","9,150","9,030","9,290","8,970","2,40M","2,46%"
"15.10.2015","8,930","9,000","9,140","8,830","2,04M","0,56%"
"14.10.2015","8,880","8,630","9,060","8,550","1,99M","2,07%"
"13.10.2015","8,700","8,800","8,800","8,510","1,77M","-0,80%"
"12.10.2015","8,770","9,140","9,290","8,710","1,99M","-3,31%"
"09.10.2015","9,070","9,010","9,180","8,930","3,21M","2,83%"
"08.10.2015","8,820","8,630","8,820","8,450","2,46M","2,20%"
"07.10.2015","8,630","8,330","9,020","8,310","3,74M","5,37%"
"06.10.2015","8,190","8,150","8,310","7,940","2,21M","0,86%"
"05.10.2015","8,120","7,710","8,160","7,600","3,09M","7,84%"
"02.10.2015","7,530","7,390","7,580","7,260","1,97M","2,59%"
"01.10.2015","7,340","7,510","7,610","7,290","2,33M","-1,08%"
"30.09.2015","7,420","7,700","7,720","7,360","2,15M","-1,07%"
"29.09.2015","7,500","7,210","7,550","7,160","2,39M","2,88%"
"28.09.2015","7,290","7,700","7,780","7,280","2,43M","-6,06%"
"25.09.2015","7,760","7,660","7,810","7,560","2,34M","3,33%"
"24.09.2015","7,510","7,700","7,750","7,450","2,29M","-2,47%"
"23.09.2015","7,700","7,680","8,060","7,530","2,55M","0,39%"
"22.09.2015","7,670","8,210","8,210","7,630","4,63M","-8,58%"
"21.09.2015","8,390","8,480","8,650","8,380","920,45K","-1,29%"
"18.09.2015","8,500","8,680","8,680","8,490","1,63M","-2,63%"
"17.09.2015","8,730","8,840","8,870","8,680","1,03M","-0,80%"
"16.09.2015","8,800","8,810","8,860","8,600","1,20M","0,92%"
"15.09.2015","8,720","8,620","8,780","8,480","1,32M","1,04%"
"14.09.2015","8,630","8,840","8,950","8,550","1,50M","-2,38%"
"11.09.2015","8,840","9,240","9,290","8,840","1,22M","-3,81%"
"10.09.2015","9,190","9,140","9,270","9,030","1,30M","-0,43%"
"09.09.2015","9,230","9,260","9,400","9,130","1,96M","2,56%"
"08.09.2015","9,000","9,400","9,420","8,940","1,91M","-3,54%"
"07.09.2015","9,330","9,540","9,640","9,290","894,04K","-0,85%"
"04.09.2015","9,410","9,580","9,730","9,360","2,17M","-2,69%"
"03.09.2015","9,670","9,270","9,840","9,270","2,49M","7,21%"
"02.09.2015","9,020","9,130","9,270","8,910","1,39M","-1,20%"
"01.09.2015","9,130","9,440","9,450","9,050","1,97M","-4,60%"
"31.08.2015","9,570","9,720","9,720","9,470","1,39M","-1,64%"
"28.08.2015","9,730","9,360","9,750","9,310","2,98M","5,53%"
"27.08.2015","9,220","8,870","9,360","8,800","2,20M","6,22%"
"26.08.2015","8,680","8,910","8,940","8,650","1,64M","-3,23%"
"25.08.2015","8,970","8,970","9,280","8,880","2,01M","1,13%"
"24.08.2015","8,870","9,090","9,110","8,530","2,47M","-5,64%"
"21.08.2015","9,400","9,430","9,630","9,370","1,23M","-2,08%"
"20.08.2015","9,600","9,530","9,760","9,470","2,06M","0,21%"
"19.08.2015","9,580","9,760","9,810","9,540","1,64M","-2,74%"
"18.08.2015","9,850","9,980","10,040","9,770","1,03M","-1,70%"
"17.08.2015","10,020","10,210","10,220","9,930","1,34M","-1,09%"
"14.08.2015","10,130","10,230","10,320","10,070","813,38K","-0,98%"
"13.08.2015","10,230","10,340","10,410","10,210","1,38M","0,39%"
"12.08.2015","10,190","10,480","10,500","10,090","2,02M","-4,23%"
"11.08.2015","10,640","10,930","11,010","10,550","1,82M","-2,92%"
"10.08.2015","10,960","10,910","11,010","10,670","1,42M","0,74%"
"07.08.2015","10,880","10,890","11,000","10,800","1,43M","-0,18%"
"06.08.2015","10,900","10,760","10,990","10,730","3,01M","2,06%"
"05.08.2015","10,680","10,430","10,780","10,420","3,06M","3,09%"
"04.08.2015","10,360","10,250","10,420","10,170","1,75M","0,78%"
"03.08.2015","10,280","10,320","10,340","10,100","1,55M","-0,39%"
"31.07.2015","10,320","10,550","10,550","10,120","2,85M","-1,53%"
"30.07.2015","10,480","10,550","10,550","9,890","5,73M","-1,13%"
"29.07.2015","10,600","10,510","10,650","10,370","1,59M","1,34%"
"28.07.2015","10,460","10,260","10,540","10,260","1,37M","1,95%"
"27.07.2015","10,260","10,470","10,550","10,170","1,98M","-2,01%"
"24.07.2015","10,470","10,570","10,730","10,440","2,65M","-1,32%"
"23.07.2015","10,610","10,740","10,770","10,470","4,08M","-1,03%"
"22.07.2015","10,720","10,910","10,920","10,600","2,87M","-2,19%"
"21.07.2015","10,960","10,760","11,040","10,650","3,71M","2,14%"
"20.07.2015","10,730","10,760","10,810","10,620","1,67M","0,56%"
"17.07.2015","10,670","10,740","10,840","10,630","1,99M","0,00%"
"16.07.2015","10,670","10,690","10,730","10,510","3,19M","0,38%"
"15.07.2015","10,630","10,990","11,010","10,540","6,16M","-4,06%"
"14.07.2015","11,080","11,380","11,390","11,050","2,29M","-2,03%"
"13.07.2015","11,310","11,130","11,400","10,940","2,72M","3,67%"
"10.07.2015","10,910","10,930","10,950","10,740","2,06M","2,54%"
"09.07.2015","10,640","10,600","10,750","10,550","1,98M","1,04%"
"08.07.2015","10,530","10,560","10,690","10,360","2,74M","-0,47%"
"07.07.2015","10,580","11,070","11,090","10,520","2,27M","-4,60%"
"06.07.2015","11,090","11,020","11,200","10,880","1,51M","-1,51%"
"03.07.2015","11,260","11,460","11,470","11,200","2,11M","-1,66%"
"02.07.2015","11,450","11,640","11,640","11,410","1,39M","-1,55%"
"01.07.2015","11,630","11,710","11,780","11,470","2,34M","0,78%"
"30.06.2015","11,540","11,790","11,820","11,540","2,18M","-2,20%"
"29.06.2015","11,800","11,580","12,070","10,790","3,03M","-5,52%"
"26.06.2015","12,490","12,260","12,590","12,180","1,37M","1,13%"
"25.06.2015","12,350","12,460","12,590","12,260","1,36M","-1,36%"
"24.06.2015","12,520","12,850","12,850","12,480","1,39M","-1,80%"
"23.06.2015","12,750","12,510","12,880","12,440","2,41M","3,24%"
"22.06.2015","12,350","12,280","12,410","12,190","2,23M","1,40%"
"19.06.2015","12,180","11,980","12,260","11,930","5,95M","1,58%"
"18.06.2015","11,990","12,120","12,120","11,730","1,41M","-0,75%"
"17.06.2015","12,080","12,270","12,320","12,040","1,57M","-1,95%"
"16.06.2015","12,320","12,450","12,480","11,930","3,17M","-1,75%"
"15.06.2015","12,540","12,660","12,710","12,540","1,21M","-1,72%"
"12.06.2015","12,760","12,910","12,940","12,630","1,04M","-1,54%"
"11.06.2015","12,960","13,100","13,320","12,860","2,43M","-0,92%"
"10.06.2015","13,080","12,740","13,120","12,730","1,78M","2,99%"
"09.06.2015","12,700","12,410","12,740","12,340","1,34M","2,34%"
"08.06.2015","12,410","12,600","12,680","12,330","872,46K","-2,13%"
"05.06.2015","12,680","12,640","12,770","12,540","753,02K","-5,00%"
"04.06.2015","13,347","13,489","13,518","13,314","861,03K","-1,68%"
"03.06.2015","13,575","13,371","13,641","13,324","1,50M","1,67%"
"02.06.2015","13,352","13,153","13,414","13,011","966,84K","1,30%"
"01.06.2015","13,181","13,286","13,347","13,091","756,06K","0,03%"
"29.05.2015","13,177","13,471","13,504","13,091","1,50M","-1,83%"
"28.05.2015","13,423","13,385","13,584","13,366","1,19M","0,39%"
"27.05.2015","13,371","13,177","13,409","13,167","1,01M","1,47%"
"26.05.2015","13,177","12,959","13,362","12,940","1,74M","2,21%"
"25.05.2015","12,892","13,243","13,243","12,703","627,64K","-2,69%"
"22.05.2015","13,248","13,286","13,366","13,196","741,66K","-0,29%"
"21.05.2015","13,286","13,120","13,433","13,096","1,05M","0,65%"
"20.05.2015","13,200","13,271","13,281","13,053","892,29K","-0,14%"
"19.05.2015","13,219","13,305","13,447","13,167","1,08M","-0,32%"
"18.05.2015","13,262","13,271","13,551","13,129","1,34M","-0,43%"
"15.05.2015","13,319","13,399","13,603","13,286","1,41M","0,00%"
"14.05.2015","13,319","13,082","13,414","12,906","1,51M","1,59%"
"13.05.2015","13,110","12,760","13,305","12,636","2,52M","2,90%"
"12.05.2015","12,741","12,769","12,897","12,518","1,36M","-0,55%"
"11.05.2015","12,812","13,120","13,139","12,755","1,09M","-1,82%"
"08.05.2015","13,049","13,134","13,167","12,864","1,30M","0,40%"
"07.05.2015","12,997","12,916","13,129","12,551","2,35M","0,67%"
"06.05.2015","12,911","12,816","12,997","12,703","1,99M","1,68%"
"05.05.2015","12,698","12,622","12,911","12,598","2,07M","0,79%"
"04.05.2015","12,598","12,504","12,679","12,281","2,04M","1,76%"
"30.04.2015","12,380","12,342","12,551","12,205","2,53M","0,46%"
"29.04.2015","12,323","12,797","12,802","12,267","4,32M","-3,14%"
"28.04.2015","12,722","12,892","12,978","12,669","2,05M","-0,73%"
"27.04.2015","12,816","12,906","12,987","12,750","2,13M","-0,44%"
"24.04.2015","12,873","13,518","13,527","12,722","5,18M","-4,50%"
"23.04.2015","13,480","13,892","13,897","12,655","4,08M","-2,64%"
"22.04.2015","13,845","13,821","14,011","13,779","813,65K","0,20%"
"21.04.2015","13,817","14,096","14,148","13,793","1,02M","-0,34%"
"20.04.2015","13,864","13,873","14,096","13,821","915,02K","1,14%"
"17.04.2015","13,708","14,153","14,248","13,632","1,57M","-3,63%"
"16.04.2015","14,224","14,921","14,959","14,191","1,40M","-4,31%"
"15.04.2015","14,864","14,655","14,968","14,513","1,43M","2,08%"
"14.04.2015","14,561","14,788","14,973","14,513","1,13M","-1,88%"
"13.04.2015","14,840","14,836","15,025","14,727","966,86K","0,19%"
"10.04.2015","14,812","15,063","15,063","14,750","701,30K","-1,14%"
"09.04.2015","14,983","15,210","15,234","14,907","515,06K","-0,91%"
"08.04.2015","15,120","15,163","15,329","15,025","476,07K","0,25%"
"07.04.2015","15,082","15,215","15,343","14,902","535,99K","0,28%"
"02.04.2015","15,040","14,874","15,077","14,826","369,05K","0,96%"
"01.04.2015","14,897","14,812","15,021","14,693","737,47K","0,57%"
"31.03.2015","14,812","14,954","15,106","14,750","892,04K","-0,64%"
"30.03.2015","14,907","14,864","15,006","14,803","588,03K","1,06%"
"27.03.2015","14,750","14,788","15,082","14,618","1,10M","-0,23%"
"26.03.2015","14,784","15,196","15,196","14,665","1,52M","-2,83%"
"25.03.2015","15,215","15,191","15,935","15,191","2,40M","0,41%"
"24.03.2015","15,153","14,888","15,300","14,878","933,85K","1,13%"
"23.03.2015","14,983","14,769","15,120","14,741","552,47K","2,79%"
"20.03.2015","14,576","14,341","14,698","14,252","895,05K","1,64%"
"19.03.2015","14,341","14,539","14,726","14,252","820,94K","-1,29%"
"18.03.2015","14,529","14,764","14,764","14,280","1,23M","-1,02%"
"17.03.2015","14,679","15,008","15,008","14,496","760,48K","-2,10%"
"16.03.2015","14,994","14,919","15,139","14,867","903,20K","0,76%"
"13.03.2015","14,881","14,970","15,205","14,698","1,26M","-0,19%"
"12.03.2015","14,909","14,909","14,994","14,825","1,31M","0,57%"
"11.03.2015","14,825","14,384","14,876","14,384","1,32M","3,44%"
"10.03.2015","14,332","14,482","14,623","14,130","1,01M","-1,04%"
"09.03.2015","14,482","14,271","14,571","13,820","2,71M","0,85%"
"06.03.2015","14,360","13,525","14,670","13,426","3,02M","5,99%"
"05.03.2015","13,548","13,201","13,656","13,145","1,12M","3,07%"
"04.03.2015","13,145","13,300","13,450","13,032","1,77M","-1,54%"
"03.03.2015","13,351","13,548","13,628","13,290","1,23M","-1,66%"
"02.03.2015","13,576","13,703","13,722","13,389","1,23M","-0,62%"
"27.02.2015","13,661","13,534","13,792","13,398","3,45M","-3,35%"
"26.02.2015","14,135","13,764","14,163","13,764","705,51K","1,65%"
"25.02.2015","13,905","14,055","14,060","13,722","748,54K","-1,07%"
"24.02.2015","14,055","14,041","14,172","13,961","635,47K","0,36%"
"23.02.2015","14,004","13,975","14,069","13,835","777,83K","0,75%"
"20.02.2015","13,900","13,722","13,938","13,708","948,43K","0,99%"
"19.02.2015","13,764","13,515","13,806","13,478","910,04K","1,00%"
"18.02.2015","13,628","13,562","13,797","13,422","853,74K","0,49%"
"17.02.2015","13,562","13,473","13,755","13,384","753,67K","-0,86%"
"16.02.2015","13,680","13,422","13,863","13,314","1,50M","1,64%"
"13.02.2015","13,459","12,755","13,591","12,718","2,18M","6,22%"
"12.02.2015","12,671","12,140","12,727","12,061","1,72M","4,45%"
"11.02.2015","12,131","12,380","12,380","12,051","658,65K","-1,49%"
"10.02.2015","12,314","12,295","12,455","12,253","412,14K","0,23%"
"09.02.2015","12,286","12,258","12,361","12,075","2,98M","-0,11%"
"06.02.2015","12,300","12,389","12,483","12,258","551,11K","-1,20%"
"05.02.2015","12,450","12,328","12,483","12,117","566,07K","0,79%"
"04.02.2015","12,352","12,286","12,413","12,126","541,87K","0,31%"
"03.02.2015","12,314","12,201","12,450","12,140","859,74K","1,67%"
"02.02.2015","12,112","12,394","12,464","12,014","854,27K","-2,24%"
"30.01.2015","12,389","12,422","12,483","12,323","609,41K","0,23%"
"29.01.2015","12,361","12,258","12,539","12,033","679,09K","0,27%"
"28.01.2015","12,328","12,281","12,417","12,061","868,63K","0,65%"
"27.01.2015","12,248","12,450","12,544","12,023","824,40K","-1,14%"
"26.01.2015","12,389","12,089","12,474","11,831","706,16K","1,54%"
"23.01.2015","12,201","12,014","12,370","12,009","1,74M","2,52%"
"22.01.2015","11,901","11,596","12,000","11,596","955,31K","2,01%"
"21.01.2015","11,666","11,638","11,718","11,441","920,87K","0,20%"
"20.01.2015","11,643","11,483","11,779","11,446","761,96K","2,02%"
"19.01.2015","11,413","11,300","11,479","11,230","637,37K","1,16%"
"16.01.2015","11,282","11,183","11,310","11,122","820,10K","0,04%"
"15.01.2015","11,277","11,376","11,451","10,826","1,11M","0,08%"
"14.01.2015","11,268","11,742","11,864","11,160","1,98M","-5,58%"
"13.01.2015","11,934","11,652","12,108","11,652","1,03M","1,39%"
"12.01.2015","11,770","11,887","12,014","11,695","652,22K","-0,43%"
"09.01.2015","11,821","11,648","12,000","11,624","671,84K","1,20%"
"08.01.2015","11,681","11,690","11,751","11,559","677,85K","1,19%"
"07.01.2015","11,544","11,704","11,803","11,479","561,53K","-0,49%"
"06.01.2015","11,601","11,742","11,845","11,559","461,54K","-1,07%"
"05.01.2015","11,727","11,826","11,915","11,643","948,51K","-0,95%"
"02.01.2015","11,840","11,690","11,957","11,657","616,89K","0,88%"