"Fecha","Último","Apertura","Máximo","Mínimo","Vol.","% var."
"31.12.2025","23,82","23,78","23,83","23,67","732,52K","-0,04%"
"30.12.2025","23,83","23,86","23,88","23,75","700,61K","-0,04%"
"29.12.2025","23,84","23,92","23,96","23,63","843,80K","-0,08%"
"24.12.2025","23,86","23,98","24,02","23,86","185,96K","-0,08%"
"23.12.2025","23,88","23,80","23,94","23,72","946,52K","0,17%"
"22.12.2025","23,84","23,67","23,89","23,53","1,13M","1,10%"
"19.12.2025","23,58","23,64","23,90","23,49","3,88M","-0,21%"
"18.12.2025","23,63","23,53","23,75","23,43","1,03M","0,68%"
"17.12.2025","23,47","23,46","23,57","23,33","1,06M","0,00%"
"16.12.2025","23,47","23,90","23,93","23,47","1,13M","-1,47%"
"15.12.2025","23,82","23,70","23,87","23,47","1,02M","0,93%"
"12.12.2025","23,60","23,38","23,60","23,35","1,13M","1,33%"
"11.12.2025","23,29","22,98","23,32","22,90","911,29K","1,04%"
"10.12.2025","23,05","23,15","23,17","22,89","780,49K","-0,65%"
"09.12.2025","23,20","23,39","23,40","23,15","679,04K","-0,43%"
"08.12.2025","23,30","23,05","23,33","23,02","627,80K","1,00%"
"05.12.2025","23,07","23,12","23,32","23,03","511,45K","-0,17%"
"04.12.2025","23,11","23,31","23,36","23,09","1,17M","-0,69%"
"03.12.2025","23,27","23,36","23,55","23,27","1,27M","-0,56%"
"02.12.2025","23,40","23,52","23,71","23,40","1,01M","-0,21%"
"01.12.2025","23,45","23,46","23,51","23,21","763,87K","-0,04%"
"28.11.2025","23,46","23,49","23,49","23,33","576,94K","-0,13%"
"27.11.2025","23,49","23,49","23,54","23,40","277,13K","0,38%"
"26.11.2025","23,40","23,44","23,56","23,21","706,14K","0,43%"
"25.11.2025","23,30","23,40","23,50","23,16","831,74K","-0,72%"
"24.11.2025","23,47","23,28","23,47","23,13","4,67M","1,51%"
"21.11.2025","23,12","22,63","23,22","22,60","1,03M","2,08%"
"20.11.2025","22,65","22,70","23,08","22,65","1,07M","0,44%"
"19.11.2025","22,55","22,40","22,64","22,34","1,12M","0,49%"
"18.11.2025","22,44","22,65","22,68","22,31","1,23M","-1,84%"
"17.11.2025","22,86","23,01","23,08","22,80","529,44K","-0,78%"
"14.11.2025","23,04","23,09","23,19","22,77","751,76K","-0,65%"
"13.11.2025","23,19","22,94","23,37","22,88","1,01M","1,40%"
"12.11.2025","22,87","22,84","22,91","22,73","917,30K","0,40%"
"11.11.2025","22,78","22,50","23,04","22,48","1,04M","1,47%"
"10.11.2025","22,45","22,12","22,51","22,07","1,01M","2,23%"
"07.11.2025","21,96","22,58","22,70","21,96","1,97M","-2,14%"
"06.11.2025","22,44","22,89","23,00","22,30","2,49M","-5,40%"
"05.11.2025","23,72","23,75","23,89","23,49","1,23M","-0,17%"
"04.11.2025","23,76","23,52","23,76","23,31","942,74K","0,34%"
"03.11.2025","23,68","23,55","23,77","23,52","847,38K","0,55%"
"31.10.2025","23,55","23,74","23,76","23,33","985,33K","-1,09%"
"30.10.2025","23,81","23,21","23,81","23,09","1,24M","2,94%"
"29.10.2025","23,13","23,60","23,95","23,13","1,59M","-4,26%"
"28.10.2025","24,16","24,04","24,23","23,92","1,30M","0,58%"
"27.10.2025","24,02","23,93","24,06","23,83","814,51K","0,67%"
"24.10.2025","23,86","23,87","23,90","23,63","572,28K","0,21%"
"23.10.2025","23,81","23,53","23,85","23,47","771,32K","0,98%"
"22.10.2025","23,58","23,36","23,70","23,30","1,27M","1,33%"
"21.10.2025","23,27","23,65","23,71","23,18","1,30M","-1,02%"
"20.10.2025","23,51","23,31","23,73","23,27","1,70M","-1,05%"
"17.10.2025","23,76","23,34","23,79","23,15","3,39M","1,50%"
"16.10.2025","23,41","23,10","23,41","22,99","1,46M","1,43%"
"15.10.2025","23,08","23,01","23,14","22,89","1,29M","0,52%"
"14.10.2025","22,96","22,80","23,03","22,75","1,20M","1,23%"
"13.10.2025","22,68","22,76","22,88","22,66","645,42K","-0,48%"
"10.10.2025","22,79","22,55","22,83","22,53","1,36M","1,65%"
"09.10.2025","22,42","22,46","22,51","22,30","1,08M","-0,27%"
"08.10.2025","22,48","22,71","22,77","22,25","1,47M","-1,19%"
"07.10.2025","22,75","22,68","22,79","22,62","1,02M","0,26%"
"06.10.2025","22,69","22,78","22,86","22,67","785,51K","-0,66%"
"03.10.2025","22,84","22,96","23,10","22,81","937,57K","0,09%"
"02.10.2025","22,82","22,98","23,09","22,70","1,32M","-0,78%"
"01.10.2025","23,00","23,40","23,42","22,90","1,21M","-1,16%"
"30.09.2025","23,27","22,80","23,27","22,79","2,85M","2,02%"
"29.09.2025","22,81","22,94","22,99","22,76","1,56M","-0,61%"
"26.09.2025","22,95","22,80","23,02","22,60","1,22M","-1,21%"
"25.09.2025","23,23","23,29","23,34","23,08","719,36K","0,04%"
"24.09.2025","23,22","23,38","23,49","23,22","1,44M","-0,34%"
"23.09.2025","23,30","23,33","23,42","23,28","889,81K","0,00%"
"22.09.2025","23,30","23,31","23,57","23,29","1,55M","-0,04%"
"19.09.2025","23,31","23,25","23,61","23,17","6,53M","0,30%"
"18.09.2025","23,24","24,48","24,63","23,01","2,45M","-4,79%"
"17.09.2025","24,41","24,68","24,76","24,41","736,08K","-1,01%"
"16.09.2025","24,66","24,61","24,71","24,52","1,01M","0,45%"
"15.09.2025","24,55","24,96","24,98","24,45","618,31K","-1,29%"
"12.09.2025","24,87","24,65","24,93","24,61","777,58K","0,93%"
"11.09.2025","24,64","24,45","24,67","24,45","545,77K","0,86%"
"10.09.2025","24,43","24,46","24,61","24,39","884,59K","0,00%"
"09.09.2025","24,43","24,49","24,55","24,35","690,98K","-0,20%"
"08.09.2025","24,48","24,42","24,50","24,35","560,09K","0,29%"
"05.09.2025","24,41","24,37","24,47","24,27","863,96K","0,45%"
"04.09.2025","24,30","24,44","24,49","24,06","1,90M","-0,49%"
"03.09.2025","24,42","24,33","24,44","24,17","825,24K","0,87%"
"02.09.2025","24,21","24,62","24,68","24,13","816,76K","-2,14%"
"01.09.2025","24,74","24,82","24,82","24,56","390,12K","0,00%"
"29.08.2025","24,74","25,03","25,03","24,66","948,08K","-1,24%"
"28.08.2025","25,05","25,25","25,25","24,83","414,63K","-0,40%"
"27.08.2025","25,15","25,22","25,36","25,02","665,60K","0,08%"
"26.08.2025","25,13","25,15","25,23","24,93","2,16M","-0,91%"
"25.08.2025","25,36","25,45","25,53","25,23","539,29K","-0,55%"
"22.08.2025","25,50","25,40","25,68","25,40","726,92K","0,28%"
"21.08.2025","25,43","25,69","25,69","25,37","1,18M","-0,82%"
"20.08.2025","25,64","25,66","25,81","25,61","1,13M","0,04%"
"19.08.2025","25,63","25,76","25,82","25,61","1,53M","-0,31%"
"18.08.2025","25,71","25,75","25,78","25,51","793,14K","0,27%"
"15.08.2025","25,64","25,62","25,71","25,44","663,55K","0,91%"
"14.08.2025","25,41","25,23","25,41","25,20","716,42K","1,11%"
"13.08.2025","25,13","25,09","25,30","25,04","496,97K","0,92%"
"12.08.2025","24,90","24,79","24,90","24,68","1,13M","0,77%"
"11.08.2025","24,71","24,60","24,77","24,54","760,71K","0,94%"
"08.08.2025","24,48","24,58","24,60","24,38","550,18K","-0,24%"
"07.08.2025","24,54","24,34","24,74","24,32","879,18K","0,90%"
"06.08.2025","24,32","24,32","24,36","24,11","727,09K","0,50%"
"05.08.2025","24,20","24,26","24,27","24,05","916,89K","0,19%"
"04.08.2025","24,16","23,52","24,16","23,48","1,10M","2,70%"
"01.08.2025","23,52","23,50","23,63","23,36","809,73K","-0,32%"
"31.07.2025","23,59","23,97","24,01","23,50","1,29M","-1,26%"
"30.07.2025","23,90","23,70","24,07","23,54","1,12M","0,36%"
"29.07.2025","23,81","23,75","23,84","23,50","1,50M","0,72%"
"28.07.2025","23,64","23,80","23,81","23,52","1,32M","0,47%"
"25.07.2025","23,53","23,58","23,61","23,25","902,61K","-0,30%"
"24.07.2025","23,60","23,65","23,84","23,48","1,10M","0,55%"
"23.07.2025","23,47","23,58","23,85","23,43","1,25M","-0,19%"
"22.07.2025","23,51","23,49","23,58","23,45","648,58K","-0,40%"
"21.07.2025","23,61","23,51","23,65","23,31","1,08M","0,77%"
"18.07.2025","23,43","23,75","23,75","23,39","1,11M","-0,74%"
"17.07.2025","23,60","23,44","23,64","23,30","1,32M","0,96%"
"16.07.2025","23,38","23,42","23,80","23,23","1,72M","1,87%"
"15.07.2025","22,95","23,50","23,51","22,86","916,21K","-2,34%"
"14.07.2025","23,50","23,23","23,50","23,17","661,85K","0,51%"
"11.07.2025","23,38","23,28","23,52","23,24","822,09K","0,36%"
"10.07.2025","23,30","23,44","23,44","23,17","1,27M","-0,60%"
"09.07.2025","23,43","22,93","23,50","22,93","1,18M","2,45%"
"08.07.2025","22,88","22,67","22,99","22,64","1,51M","0,82%"
"07.07.2025","22,69","22,53","22,74","22,53","1,28M","0,75%"
"04.07.2025","22,52","22,70","22,75","22,45","656,50K","-0,79%"
"03.07.2025","22,70","22,61","22,74","22,52","784,48K","0,27%"
"02.07.2025","22,64","22,76","22,97","22,59","1,04M","-0,48%"
"01.07.2025","22,75","22,72","22,90","22,67","1,29M","0,40%"
"30.06.2025","22,66","22,68","22,80","22,55","2,79M","0,71%"
"27.06.2025","22,50","22,52","22,65","22,39","2,02M","0,29%"
"26.06.2025","22,43","22,60","22,71","22,43","1,29M","-0,84%"
"25.06.2025","22,63","22,72","22,75","22,52","1,45M","-0,61%"
"24.06.2025","22,76","22,76","23,03","22,69","1,88M","1,16%"
"23.06.2025","22,50","22,77","22,99","22,48","912,19K","-1,19%"
"20.06.2025","22,77","22,70","22,95","22,45","4,67M","0,15%"
"19.06.2025","22,74","23,08","23,08","22,68","1,29M","-1,64%"
"18.06.2025","23,12","23,16","23,28","23,02","1,63M","0,00%"
"17.06.2025","23,12","23,20","23,36","23,10","1,40M","-0,86%"
"16.06.2025","23,32","23,20","23,40","23,14","1,25M","1,22%"
"13.06.2025","23,04","23,34","23,36","22,76","1,78M","-1,87%"
"12.06.2025","23,48","23,62","23,76","23,32","1,08M","-1,76%"
"11.06.2025","23,90","24,04","24,06","23,86","1,05M","0,17%"
"10.06.2025","23,86","24,04","24,16","23,84","736,00K","-0,42%"
"09.06.2025","23,96","24,24","24,24","23,94","658,86K","-1,24%"
"06.06.2025","24,26","23,94","24,26","23,94","851,55K","1,08%"
"05.06.2025","24,00","24,04","24,10","23,84","792,55K","-0,08%"
"04.06.2025","24,02","23,82","24,08","23,66","915,13K","1,26%"
"03.06.2025","23,72","24,02","24,04","23,62","958,53K","-0,75%"
"02.06.2025","23,90","23,70","23,94","23,60","754,73K","0,84%"
"30.05.2025","23,70","23,64","23,88","23,62","6,77M","0,77%"
"29.05.2025","23,52","23,84","23,86","23,52","1,10M","-0,93%"
"28.05.2025","23,74","23,90","23,96","23,70","1,13M","-0,84%"
"27.05.2025","23,94","23,94","24,04","23,84","1,78M","0,08%"
"26.05.2025","23,92","24,08","24,10","23,86","621,89K","0,42%"
"23.05.2025","23,82","24,10","24,12","23,52","1,01M","-1,00%"
"22.05.2025","24,06","24,34","24,38","23,96","1,10M","-0,99%"
"21.05.2025","24,30","24,26","24,40","24,20","973,55K","0,16%"
"20.05.2025","24,26","23,78","24,40","23,78","1,61M","2,36%"
"19.05.2025","23,70","23,54","23,72","23,44","1,57M","0,68%"
"16.05.2025","23,54","23,48","23,68","23,36","1,11M","0,77%"
"15.05.2025","23,36","22,90","23,40","22,90","1,38M","2,10%"
"14.05.2025","22,88","22,76","22,96","22,64","1,41M","0,44%"
"13.05.2025","22,78","22,68","22,86","22,64","958,97K","0,80%"
"12.05.2025","22,60","23,10","23,34","22,40","1,72M","-1,31%"
"09.05.2025","22,90","22,94","23,10","22,84","962,86K","-0,09%"
"08.05.2025","22,92","23,24","23,24","22,78","1,11M","-0,61%"
"07.05.2025","23,06","23,32","23,38","22,94","1,65M","-1,11%"
"06.05.2025","23,32","23,04","23,32","22,98","902,95K","1,48%"
"05.05.2025","22,98","22,98","23,02","22,72","942,24K","0,70%"
"02.05.2025","22,82","22,30","22,82","22,04","1,87M","3,07%"
"30.04.2025","22,14","22,00","22,24","21,68","4,00M","2,69%"
"29.04.2025","21,56","21,72","21,80","21,48","1,48M","-0,46%"
"28.04.2025","21,66","21,72","21,72","21,48","1,58M","0,28%"
"25.04.2025","21,60","21,64","21,74","21,54","1,53M","0,28%"
"24.04.2025","21,54","21,18","21,54","21,16","1,34M","1,80%"
"23.04.2025","21,16","21,44","21,46","21,02","1,61M","-0,19%"
"22.04.2025","21,20","20,76","21,20","20,60","1,95M","-2,75%"
"17.04.2025","21,80","21,62","21,96","21,54","1,16M","0,55%"
"16.04.2025","21,68","21,50","21,68","21,42","1,30M","0,84%"
"15.04.2025","21,50","21,20","21,58","21,20","1,40M","1,42%"
"14.04.2025","21,20","21,00","21,20","20,78","1,93M","2,12%"
"11.04.2025","20,76","20,80","20,86","20,50","1,23M","0,29%"
"10.04.2025","20,70","21,18","21,18","20,44","2,32M","3,50%"
"09.04.2025","20,00","20,38","20,56","19,90","2,35M","-3,29%"
"08.04.2025","20,68","20,42","20,84","19,95","2,21M","0,29%"
"07.04.2025","20,62","20,52","21,60","20,24","2,58M","-4,54%"
"04.04.2025","21,60","22,28","22,40","21,46","1,94M","-3,40%"
"03.04.2025","22,36","22,26","22,62","22,14","2,10M","0,45%"
"02.04.2025","22,26","21,86","22,26","21,84","1,58M","1,74%"
"01.04.2025","21,88","21,70","21,94","21,60","1,04M","1,02%"
"31.03.2025","21,66","21,90","21,90","21,66","2,58M","-1,46%"
"28.03.2025","21,98","21,90","22,02","21,80","1,42M","0,27%"
"27.03.2025","21,92","21,80","21,94","21,56","858,50K","0,18%"
"26.03.2025","21,88","21,90","21,98","21,84","1,21M","0,00%"
"25.03.2025","21,88","21,78","21,98","21,66","1,35M","1,11%"
"24.03.2025","21,64","21,80","22,08","21,62","1,58M","-0,55%"
"21.03.2025","21,76","21,74","22,00","21,70","4,38M","-0,27%"
"20.03.2025","21,82","21,86","21,94","21,72","2,27M","0,00%"
"19.03.2025","21,82","21,80","21,82","21,62","975,03K","-0,37%"
"18.03.2025","21,90","21,70","21,90","21,40","1,64M","0,92%"
"17.03.2025","21,70","21,56","21,70","21,36","788,17K","0,84%"
"14.03.2025","21,52","21,14","21,54","21,14","1,63M","2,09%"
"13.03.2025","21,08","21,22","21,30","20,98","1,39M","-0,66%"
"12.03.2025","21,22","21,74","21,74","20,96","1,85M","-2,21%"
"11.03.2025","21,70","21,82","22,02","21,56","1,55M","-0,28%"
"10.03.2025","21,76","21,74","22,00","21,52","1,60M","0,09%"
"07.03.2025","21,74","21,14","21,74","21,06","1,97M","2,55%"
"06.03.2025","21,20","21,50","21,52","21,08","2,08M","-1,40%"
"05.03.2025","21,50","21,76","21,92","21,38","1,42M","-0,83%"
"04.03.2025","21,68","21,40","21,72","21,26","1,49M","0,65%"
"03.03.2025","21,54","21,46","21,74","21,20","1,26M","0,28%"
"28.02.2025","21,48","21,34","21,60","21,30","2,91M","0,28%"
"27.02.2025","21,42","21,20","21,58","20,76","1,54M","-0,46%"
"26.02.2025","21,52","21,58","21,66","21,18","1,62M","-0,46%"
"25.02.2025","21,62","21,28","21,64","21,28","2,18M","1,50%"
"24.02.2025","21,30","21,18","21,36","21,10","922,69K","0,76%"
"21.02.2025","21,14","21,14","21,30","21,08","1,18M","0,19%"
"20.02.2025","21,10","21,44","21,64","21,02","1,69M","-1,77%"
"19.02.2025","21,48","21,98","22,04","21,48","1,21M","-2,19%"
"18.02.2025","21,96","21,90","22,12","21,82","2,25M","0,27%"
"17.02.2025","21,90","22,04","22,10","21,90","1,22M","-0,54%"
"14.02.2025","22,02","22,04","22,10","21,92","931,04K","0,00%"
"13.02.2025","22,02","22,04","22,12","21,84","1,16M","0,27%"
"12.02.2025","21,96","21,92","22,04","21,82","1,18M","0,46%"
"11.02.2025","21,86","21,80","21,96","21,66","1,06M","0,28%"
"10.02.2025","21,80","21,70","21,94","21,64","1,23M","0,65%"
"07.02.2025","21,66","21,24","21,66","21,24","1,19M","2,36%"
"06.02.2025","21,16","21,22","21,36","21,06","893,69K","-0,19%"
"05.02.2025","21,20","20,86","21,20","20,86","1,29M","1,63%"
"04.02.2025","20,86","20,54","20,88","20,52","642,52K","1,16%"
"03.02.2025","20,62","20,66","20,70","20,42","913,07K","-1,06%"
"31.01.2025","20,84","20,84","21,06","20,82","986,12K","0,19%"
"30.01.2025","20,80","20,52","20,98","20,52","1,47M","2,16%"
"29.01.2025","20,36","20,40","20,50","20,28","835,85K","0,00%"
"28.01.2025","20,36","20,26","20,48","20,22","1,09M","0,59%"
"27.01.2025","20,24","20,12","20,34","20,08","853,56K","-0,10%"
"24.01.2025","20,26","20,38","20,42","20,08","1,44M","-0,49%"
"23.01.2025","20,36","20,06","20,42","20,04","937,35K","1,70%"
"22.01.2025","20,02","20,06","20,16","19,94","954,65K","-0,20%"
"21.01.2025","20,06","20,00","20,14","19,87","1,04M","0,35%"
"20.01.2025","19,99","20,04","20,06","19,95","785,02K","-0,15%"
"17.01.2025","20,02","19,62","20,04","19,62","1,30M","2,19%"
"16.01.2025","19,59","19,71","19,71","19,26","1,36M","0,05%"
"15.01.2025","19,58","19,72","19,74","19,39","1,49M","-0,10%"
"14.01.2025","19,60","19,72","19,72","19,45","781,11K","0,26%"
"13.01.2025","19,55","19,64","19,65","19,34","1,30M","-1,16%"
"10.01.2025","19,78","20,00","20,08","19,67","1,04M","-2,37%"
"09.01.2025","20,26","19,94","20,32","19,91","675,76K","1,20%"
"08.01.2025","20,02","20,18","20,36","19,82","1,15M","-0,89%"
"07.01.2025","20,20","20,20","20,28","19,70","1,15M","0,60%"
"06.01.2025","20,08","20,28","20,28","19,91","873,28K","-0,69%"
"03.01.2025","20,22","20,26","20,28","20,08","629,75K","0,20%"
"02.01.2025","20,18","19,81","20,18","19,80","831,25K","2,23%"
"31.12.2024","19,74","19,92","19,94","19,74","806,47K","-0,85%"
"30.12.2024","19,91","19,88","19,95","19,79","739,94K","0,10%"
"27.12.2024","19,89","19,93","19,96","19,73","665,36K","-0,05%"
"24.12.2024","19,90","19,93","19,96","19,80","194,55K","0,35%"
"23.12.2024","19,83","19,84","19,95","19,76","594,72K","-0,35%"
"20.12.2024","19,90","19,58","19,94","19,54","2,68M","1,27%"
"19.12.2024","19,65","19,60","19,70","19,48","1,22M","-1,06%"
"18.12.2024","19,86","19,86","19,96","19,78","735,92K","0,15%"
"17.12.2024","19,83","20,04","20,04","19,81","1,32M","-1,34%"
"16.12.2024","20,10","19,87","20,10","19,77","1,51M","0,85%"
"13.12.2024","19,93","20,16","20,18","19,93","1,06M","-0,94%"
"12.12.2024","20,12","19,72","20,22","19,62","1,48M","1,72%"
"11.12.2024","19,78","19,59","19,83","19,46","1,48M","-1,10%"
"10.12.2024","20,00","20,12","20,26","20,00","1,05M","-0,60%"
"09.12.2024","20,12","20,46","20,50","20,12","960,57K","-1,37%"
"06.12.2024","20,40","20,52","20,62","20,38","1,22M","-0,58%"
"05.12.2024","20,52","21,08","21,24","20,36","2,95M","-2,47%"
"04.12.2024","21,04","20,98","21,08","20,82","1,55M","0,67%"
"03.12.2024","20,90","20,64","20,96","20,52","1,27M","0,38%"
"02.12.2024","20,82","20,40","20,92","20,40","1,72M","1,66%"
"29.11.2024","20,48","20,30","20,60","20,28","2,82M","0,49%"
"28.11.2024","20,38","20,30","20,50","20,30","793,51K","0,69%"
"27.11.2024","20,24","20,04","20,30","19,99","1,08M","0,60%"
"26.11.2024","20,12","20,04","20,16","19,89","1,69M","-0,59%"
"25.11.2024","20,24","20,20","20,36","20,06","3,13M","1,00%"
"22.11.2024","20,04","20,00","20,16","19,93","1,06M","0,40%"
"21.11.2024","19,96","20,00","20,08","19,78","1,42M","-0,60%"
"20.11.2024","20,08","19,88","20,08","19,86","1,25M","1,47%"
"19.11.2024","19,79","19,80","19,82","19,50","976,06K","-0,05%"
"18.11.2024","19,80","19,80","19,82","19,64","748,67K","0,10%"
"15.11.2024","19,78","19,57","19,82","19,57","1,22M","0,71%"
"14.11.2024","19,64","19,59","19,74","19,58","929,30K","0,51%"
"13.11.2024","19,54","19,65","19,73","19,41","1,64M","-0,96%"
"12.11.2024","19,73","19,85","20,02","19,64","1,38M","-1,35%"
"11.11.2024","20,00","20,06","20,24","19,97","798,74K","0,35%"
"08.11.2024","19,93","19,77","20,06","19,77","1,37M","0,66%"
"07.11.2024","19,80","20,12","20,18","19,77","1,46M","-1,69%"
"06.11.2024","20,14","20,18","20,36","19,98","1,90M","0,10%"
"05.11.2024","20,12","20,10","20,20","19,81","1,48M","-0,20%"
"04.11.2024","20,16","20,60","20,64","20,16","1,41M","-2,04%"
"01.11.2024","20,58","20,34","20,58","20,30","1,24M","1,38%"
"31.10.2024","20,30","20,38","20,62","20,26","1,91M","-0,88%"
"30.10.2024","20,48","20,40","20,52","20,08","1,62M","-0,58%"
"29.10.2024","20,60","20,84","20,84","20,50","1,59M","-0,48%"
"28.10.2024","20,70","20,48","20,72","20,48","1,22M","1,07%"
"25.10.2024","20,48","20,30","20,50","20,30","1,11M","0,49%"
"24.10.2024","20,38","20,34","20,50","20,20","734,31K","0,59%"
"23.10.2024","20,26","20,24","20,38","20,18","977,88K","0,20%"
"22.10.2024","20,22","20,24","20,28","19,91","1,07M","-0,39%"
"21.10.2024","20,30","20,44","20,46","20,30","713,93K","-0,49%"
"18.10.2024","20,40","20,44","20,48","20,32","1,77M","-0,49%"
"17.10.2024","20,50","20,70","20,82","20,30","1,65M","-1,44%"
"16.10.2024","20,80","20,48","20,80","20,48","1,17M","1,17%"
"15.10.2024","20,56","20,30","20,62","20,28","1,37M","1,68%"
"14.10.2024","20,22","19,83","20,22","19,82","692,79K","1,66%"
"11.10.2024","19,89","19,81","19,91","19,59","903,47K","-0,30%"
"10.10.2024","19,95","20,20","20,26","19,83","1,42M","-1,34%"
"09.10.2024","20,22","20,14","20,26","20,10","892,77K","0,70%"
"08.10.2024","20,08","19,86","20,10","19,82","1,08M","0,96%"
"07.10.2024","19,89","19,83","19,92","19,73","1,42M","0,30%"
"04.10.2024","19,83","19,82","19,86","19,68","1,51M","0,00%"
"03.10.2024","19,83","19,60","19,83","19,60","1,46M","1,12%"
"02.10.2024","19,61","19,68","19,70","19,43","1,14M","-0,66%"
"01.10.2024","19,74","19,85","19,96","19,59","2,02M","-0,10%"
"30.09.2024","19,76","19,93","20,04","19,73","2,25M","-1,69%"
"27.09.2024","20,10","19,84","20,18","19,83","1,58M","1,52%"
"26.09.2024","19,80","19,96","20,08","19,79","1,97M","0,00%"
"25.09.2024","19,80","19,85","19,89","19,69","1,15M","-0,30%"
"24.09.2024","19,86","20,10","20,10","19,79","961,97K","-0,45%"
"23.09.2024","19,95","19,78","20,04","19,70","1,37M","0,96%"
"20.09.2024","19,76","19,70","19,83","19,57","7,34M","0,05%"
"19.09.2024","19,75","19,75","19,81","19,53","1,26M","0,41%"
"18.09.2024","19,67","19,40","19,67","19,38","1,48M","1,24%"
"17.09.2024","19,43","19,20","19,50","19,17","1,26M","1,30%"
"16.09.2024","19,18","19,09","19,18","18,99","1,13M","0,37%"
"13.09.2024","19,11","18,95","19,13","18,90","1,26M","0,84%"
"12.09.2024","18,95","18,85","19,02","18,85","1,67M","0,80%"
"11.09.2024","18,80","18,50","18,85","18,50","2,04M","1,57%"
"10.09.2024","18,51","18,44","18,62","18,44","788,75K","0,05%"
"09.09.2024","18,50","18,40","18,50","18,33","669,42K","1,31%"
"06.09.2024","18,26","18,16","18,45","18,16","830,31K","0,05%"
"05.09.2024","18,25","18,05","18,32","17,98","933,48K","0,83%"
"04.09.2024","18,10","18,08","18,17","18,05","852,05K","-0,88%"
"03.09.2024","18,26","18,27","18,34","18,17","981,37K","-0,22%"
"02.09.2024","18,30","18,23","18,38","18,20","1,03M","0,22%"
"30.08.2024","18,26","18,14","18,30","18,11","2,44M","0,88%"
"29.08.2024","18,10","17,99","18,12","17,97","933,99K","0,84%"
"28.08.2024","17,95","17,99","18,01","17,90","740,28K","0,00%"
"27.08.2024","17,95","17,70","17,95","17,60","866,30K","1,24%"
"26.08.2024","17,73","17,82","17,88","17,73","580,69K","-0,45%"
"23.08.2024","17,81","17,70","17,83","17,67","825,73K","0,62%"
"22.08.2024","17,70","17,68","17,78","17,60","1,14M","0,11%"
"21.08.2024","17,68","17,65","17,68","17,56","1,11M","0,28%"
"20.08.2024","17,63","17,62","17,65","17,51","1,14M","0,34%"
"19.08.2024","17,57","17,41","17,60","17,37","952,34K","0,63%"
"16.08.2024","17,46","17,52","17,52","17,41","999,82K","-0,23%"
"15.08.2024","17,50","17,50","17,58","17,43","1,34M","0,34%"
"14.08.2024","17,44","17,68","17,73","17,42","1,02M","-0,80%"
"13.08.2024","17,58","17,39","17,58","17,37","1,81M","1,44%"
"12.08.2024","17,33","17,32","17,42","17,24","1,34M","0,29%"
"09.08.2024","17,28","17,24","17,33","17,14","658,35K","0,76%"
"08.08.2024","17,15","16,98","17,22","16,86","3,09M","0,29%"
"07.08.2024","17,10","16,76","17,18","16,60","3,53M","2,83%"
"06.08.2024","16,63","16,69","16,84","16,56","1,50M","-0,12%"
"05.08.2024","16,65","16,50","16,77","16,31","2,26M","-1,94%"
"02.08.2024","16,98","17,00","17,24","16,87","1,66M","-0,47%"
"01.08.2024","17,06","17,48","17,52","17,00","1,96M","-2,57%"
"31.07.2024","17,51","17,75","18,10","17,43","5,45M","-6,21%"
"30.07.2024","18,67","18,65","18,72","18,54","1,59M","0,11%"
"29.07.2024","18,65","18,63","18,74","18,55","1,36M","0,59%"
"26.07.2024","18,54","18,41","18,57","18,37","1,14M","0,38%"
"25.07.2024","18,47","18,40","18,49","18,28","1,53M","-0,05%"
"24.07.2024","18,48","18,71","18,71","18,45","1,29M","-1,28%"
"23.07.2024","18,72","18,63","18,77","18,43","1,44M","0,65%"
"22.07.2024","18,60","18,97","18,97","18,47","1,77M","-2,05%"
"19.07.2024","18,99","18,96","19,00","18,73","1,58M","-0,26%"
"18.07.2024","19,04","19,21","19,27","19,04","1,09M","-0,78%"
"17.07.2024","19,19","19,27","19,29","19,14","803,19K","-0,57%"
"16.07.2024","19,30","19,30","19,36","19,20","787,41K","-0,36%"
"15.07.2024","19,37","19,45","19,54","19,33","1,06M","0,26%"
"12.07.2024","19,32","19,27","19,42","19,20","716,14K","0,16%"
"11.07.2024","19,29","19,16","19,36","19,03","1,07M","1,10%"
"10.07.2024","19,08","18,87","19,08","18,79","1,25M","1,49%"
"09.07.2024","18,80","18,96","19,02","18,76","997,89K","-0,90%"
"08.07.2024","18,97","19,04","19,09","18,91","1,35M","-0,32%"
"05.07.2024","19,03","19,15","19,21","18,99","1,24M","-0,37%"
"04.07.2024","19,10","19,11","19,25","19,07","876,91K","-0,10%"
"03.07.2024","19,12","18,93","19,18","18,78","1,87M","1,59%"
"02.07.2024","18,82","18,82","18,82","18,50","2,55M","0,00%"
"01.07.2024","18,82","19,02","19,13","18,80","1,32M","0,11%"
"28.06.2024","18,80","18,81","18,86","18,69","1,18M","-0,05%"
"27.06.2024","18,81","18,78","18,88","18,72","1,13M","0,21%"
"26.06.2024","18,77","19,08","19,14","18,64","2,17M","0,59%"
"25.06.2024","18,66","18,80","18,80","18,52","1,44M","-0,74%"
"24.06.2024","18,80","18,75","18,87","18,58","2,41M","0,16%"
"21.06.2024","18,77","18,54","18,77","18,48","6,09M","1,08%"
"20.06.2024","18,57","18,54","18,60","18,38","1,12M","-0,05%"
"19.06.2024","18,58","18,44","18,62","18,44","964,00K","0,49%"
"18.06.2024","18,49","18,40","18,53","18,33","1,75M","0,87%"
"17.06.2024","18,33","18,44","18,56","18,22","1,67M","-0,70%"
"14.06.2024","18,46","18,47","18,48","18,23","2,13M","-0,27%"
"13.06.2024","18,51","18,50","18,62","18,47","1,47M","-0,16%"
"12.06.2024","18,54","18,15","18,60","18,07","1,48M","2,32%"
"11.06.2024","18,12","18,13","18,35","18,11","1,92M","0,06%"
"10.06.2024","18,11","18,18","18,23","17,90","1,75M","-1,95%"
"07.06.2024","18,47","18,40","18,57","18,33","1,84M","1,15%"
"06.06.2024","18,26","18,10","18,50","18,10","1,53M","1,39%"
"05.06.2024","18,01","18,02","18,13","17,89","1,17M","-0,39%"
"04.06.2024","18,08","18,10","18,15","17,85","1,19M","-0,71%"
"03.06.2024","18,21","18,10","18,29","17,97","968,96K","1,39%"
"31.05.2024","17,96","17,88","18,03","17,83","4,08M","-0,06%"
"30.05.2024","17,97","17,67","18,03","17,61","1,21M","1,53%"
"29.05.2024","17,70","17,70","17,79","17,55","850,04K","-0,17%"
"28.05.2024","17,73","17,92","17,93","17,68","862,42K","-0,78%"
"27.05.2024","17,87","17,74","17,90","17,70","456,63K","0,73%"
"24.05.2024","17,74","17,83","17,87","17,61","735,11K","-1,33%"
"23.05.2024","17,98","17,90","18,02","17,85","1,05M","0,62%"
"22.05.2024","17,87","17,89","17,89","17,61","1,12M","-0,11%"
"21.05.2024","17,89","17,78","17,91","17,76","1,16M","0,28%"
"20.05.2024","17,84","17,93","17,95","17,76","934,54K","-0,22%"
"17.05.2024","17,88","18,10","18,11","17,87","1,46M","-1,22%"
"16.05.2024","18,10","18,20","18,24","18,07","1,06M","-0,33%"
"15.05.2024","18,16","18,11","18,19","17,91","1,53M","0,44%"
"14.05.2024","18,08","17,83","18,13","17,83","1,63M","1,63%"
"13.05.2024","17,79","17,59","17,79","17,51","882,33K","1,14%"
"10.05.2024","17,59","17,40","17,68","17,38","1,02M","1,15%"
"09.05.2024","17,39","17,50","17,51","17,28","1,50M","-0,69%"
"08.05.2024","17,51","17,40","17,51","17,32","1,70M","0,98%"
"07.05.2024","17,34","17,39","17,43","17,23","1,63M","0,23%"
"06.05.2024","17,30","17,30","17,39","17,19","693,41K","0,17%"
"03.05.2024","17,27","17,39","17,45","17,21","1,61M","-4,32%"
"02.05.2024","18,05","17,50","18,15","17,50","4,36M","5,19%"
"30.04.2024","17,16","17,56","17,56","17,08","3,01M","-2,28%"
"29.04.2024","17,56","17,69","17,83","17,54","1,37M","-0,11%"
"26.04.2024","17,58","17,55","17,71","17,49","2,06M","0,74%"
"25.04.2024","17,45","17,57","17,68","17,30","1,38M","-0,68%"
"24.04.2024","17,57","17,60","17,78","17,44","1,67M","-0,06%"
"23.04.2024","17,58","17,34","17,60","17,13","1,97M","1,97%"
"22.04.2024","17,24","17,30","17,38","17,19","1,58M","-0,46%"
"19.04.2024","17,32","17,38","17,40","17,19","1,42M","-0,69%"
"18.04.2024","17,44","17,50","17,54","17,38","1,61M","0,11%"
"17.04.2024","17,42","17,31","17,54","17,23","1,98M","0,69%"
"16.04.2024","17,30","17,16","17,37","17,08","1,03M","0,23%"
"15.04.2024","17,26","17,40","17,46","17,26","1,36M","-0,35%"
"12.04.2024","17,32","17,43","17,64","17,29","1,22M","0,23%"
"11.04.2024","17,28","17,76","17,79","17,10","1,38M","-2,81%"
"10.04.2024","17,78","17,86","18,03","17,59","960,53K","-0,06%"
"09.04.2024","17,79","17,75","17,87","17,64","1,20M","-0,22%"
"08.04.2024","17,83","17,76","17,83","17,66","1,01M","0,62%"
"05.04.2024","17,72","17,70","17,84","17,55","1,62M","-1,39%"
"04.04.2024","17,97","18,05","18,13","17,87","1,30M","-0,61%"
"03.04.2024","18,08","17,94","18,17","17,78","1,21M","0,72%"
"02.04.2024","17,95","17,70","18,19","17,67","1,47M","-1,64%"
"28.03.2024","18,25","18,20","18,31","17,96","4,79M","0,27%"
"27.03.2024","18,20","18,09","18,27","18,02","1,17M","0,61%"
"26.03.2024","18,09","17,93","18,16","17,92","752,95K","0,84%"
"25.03.2024","17,94","18,01","18,05","17,88","1,08M","-0,39%"
"22.03.2024","18,01","17,90","18,11","17,83","1,16M","0,39%"
"21.03.2024","17,94","18,07","18,16","17,75","1,35M","0,17%"
"20.03.2024","17,91","17,76","17,93","17,61","951,31K","1,02%"
"19.03.2024","17,73","17,61","17,75","17,41","1,00M","0,62%"
"18.03.2024","17,62","17,80","17,86","17,57","1,57M","-1,12%"
"15.03.2024","17,82","17,90","17,95","17,80","5,18M","-0,83%"
"14.03.2024","17,97","18,07","18,22","17,95","1,40M","-1,26%"
"13.03.2024","18,20","18,16","18,30","17,99","1,22M","0,22%"
"12.03.2024","18,16","17,93","18,23","17,86","1,26M","1,40%"
"11.03.2024","17,91","17,91","18,07","17,82","1,11M","-0,33%"
"08.03.2024","17,97","17,65","18,03","17,56","1,07M","2,28%"
"07.03.2024","17,57","17,60","17,84","17,54","1,56M","-0,90%"
"06.03.2024","17,73","17,66","17,84","17,58","1,29M","0,06%"
"05.03.2024","17,72","17,68","17,82","17,48","971,44K","0,40%"
"04.03.2024","17,65","17,44","17,70","17,39","899,51K","0,86%"
"01.03.2024","17,50","17,55","17,57","17,19","1,75M","-0,11%"
"29.02.2024","17,52","17,59","17,59","17,23","2,65M","-0,40%"
"28.02.2024","17,59","17,50","17,80","17,21","1,86M","1,21%"
"27.02.2024","17,38","17,50","17,61","17,27","1,02M","-1,42%"
"26.02.2024","17,63","17,52","17,76","17,52","687,93K","0,17%"
"23.02.2024","17,60","17,35","17,60","17,32","1,78M","2,56%"
"22.02.2024","17,16","17,28","17,37","17,15","1,41M","0,12%"
"21.02.2024","17,14","17,09","17,38","17,09","2,79M","0,53%"
"20.02.2024","17,05","16,86","17,09","16,82","1,39M","1,37%"
"19.02.2024","16,82","16,60","16,85","16,59","698,24K","0,60%"
"16.02.2024","16,72","16,70","16,77","16,57","1,08M","0,60%"
"15.02.2024","16,62","16,72","16,81","16,61","937,13K","0,18%"
"14.02.2024","16,59","16,58","16,77","16,55","910,82K","-0,30%"
"13.02.2024","16,64","16,66","16,75","16,57","1,28M","-0,12%"
"12.02.2024","16,66","16,75","16,77","16,57","739,23K","-0,24%"
"09.02.2024","16,70","16,80","16,81","16,64","1,26M","-0,71%"
"08.02.2024","16,82","16,95","16,96","16,73","858,82K","-0,53%"
"07.02.2024","16,91","17,11","17,11","16,82","1,57M","-1,74%"
"06.02.2024","17,21","16,70","17,21","16,70","1,65M","3,61%"
"05.02.2024","16,61","16,44","16,75","16,43","978,41K","0,97%"
"02.02.2024","16,45","16,52","16,61","16,38","930,89K","0,30%"
"01.02.2024","16,40","16,28","16,50","16,27","1,45M","-0,18%"
"31.01.2024","16,43","16,49","16,55","16,41","1,84M","-0,06%"
"30.01.2024","16,44","16,36","16,52","16,32","992,60K","0,49%"
"29.01.2024","16,36","16,38","16,50","16,34","1,29M","0,00%"
"26.01.2024","16,36","16,36","16,50","16,27","1,55M","0,37%"
"25.01.2024","16,30","16,17","16,31","16,14","1,24M","0,74%"
"24.01.2024","16,18","16,30","16,35","16,15","2,00M","0,56%"
"23.01.2024","16,09","16,50","16,53","16,04","1,78M","-2,60%"
"22.01.2024","16,52","16,34","16,54","16,34","874,22K","1,10%"
"19.01.2024","16,34","16,50","16,62","16,27","1,44M","-0,12%"
"18.01.2024","16,36","16,30","16,44","16,18","1,61M","1,11%"
"17.01.2024","16,18","16,55","16,63","16,02","1,48M","-2,76%"
"16.01.2024","16,64","16,75","16,75","16,41","998,84K","-1,42%"
"15.01.2024","16,88","16,91","16,96","16,80","849,94K","-0,06%"
"12.01.2024","16,89","16,71","16,89","16,68","1,26M","1,38%"
"11.01.2024","16,66","16,60","16,80","16,50","1,24M","0,36%"
"10.01.2024","16,60","16,40","16,60","16,36","1,08M","1,03%"
"09.01.2024","16,43","16,23","16,54","16,18","1,19M","1,55%"
"08.01.2024","16,18","16,09","16,18","15,91","764,93K","0,37%"
"05.01.2024","16,12","16,07","16,16","15,94","1,16M","-0,49%"
"04.01.2024","16,20","15,95","16,20","15,95","972,72K","1,38%"
"03.01.2024","15,98","16,31","16,41","15,94","1,02M","-2,68%"
"02.01.2024","16,42","16,41","16,67","16,38","695,42K","0,06%"
"29.12.2023","16,41","16,47","16,55","16,39","728,72K","-0,12%"
"28.12.2023","16,43","16,50","16,56","16,42","531,53K","-0,12%"
"27.12.2023","16,45","16,45","16,50","16,36","529,64K","0,06%"
"22.12.2023","16,44","16,35","16,46","16,34","399,54K","0,18%"
"21.12.2023","16,41","16,28","16,41","16,23","600,36K","0,43%"
"20.12.2023","16,34","16,44","16,46","16,12","926,04K","-0,55%"
"19.12.2023","16,43","16,34","16,43","16,23","1,02M","0,67%"
"18.12.2023","16,32","16,27","16,42","16,25","914,03K","-0,55%"
"15.12.2023","16,41","16,52","16,57","16,21","4,20M","-0,91%"
"14.12.2023","16,56","16,35","16,65","16,23","1,74M","2,29%"
"13.12.2023","16,19","16,14","16,30","16,12","994,00K","0,50%"
"12.12.2023","16,11","16,25","16,27","16,09","1,60M","-0,43%"
"11.12.2023","16,18","16,32","16,34","16,12","1,11M","-1,04%"
"08.12.2023","16,35","16,20","16,45","16,17","976,01K","0,68%"
"07.12.2023","16,24","16,27","16,33","16,11","1,44M","-0,67%"
"06.12.2023","16,35","16,20","16,44","16,14","984,47K","1,05%"
"05.12.2023","16,18","16,00","16,20","15,94","1,11M","1,19%"
"04.12.2023","15,99","15,98","16,12","15,96","1,04M","0,00%"
"01.12.2023","15,99","15,80","15,99","15,80","1,00M","1,27%"
"30.11.2023","15,79","15,74","15,89","15,71","3,10M","0,89%"
"29.11.2023","15,65","15,64","15,82","15,64","1,04M","0,06%"
"28.11.2023","15,64","15,61","15,70","15,48","1,46M","0,06%"
"27.11.2023","15,63","15,65","15,78","15,61","1,20M","-0,19%"
"24.11.2023","15,66","15,58","15,75","15,54","923,32K","0,45%"
"23.11.2023","15,59","15,60","15,63","15,54","822,13K","0,06%"
"22.11.2023","15,58","15,46","15,60","15,34","911,38K","1,04%"
"21.11.2023","15,42","15,34","15,47","15,34","1,32M","0,59%"
"20.11.2023","15,33","15,30","15,43","15,28","952,55K","0,20%"
"17.11.2023","15,30","15,20","15,37","15,18","2,77M","0,92%"
"16.11.2023","15,16","15,05","15,22","15,03","837,82K","0,46%"
"15.11.2023","15,09","14,97","15,12","14,94","1,25M","0,73%"
"14.11.2023","14,98","14,83","15,04","14,77","1,01M","1,28%"
"13.11.2023","14,79","14,84","14,84","14,71","1,09M","0,41%"
"10.11.2023","14,73","14,73","14,84","14,61","859,84K","-0,61%"
"09.11.2023","14,82","14,79","14,90","14,74","1,03M","0,00%"
"08.11.2023","14,82","14,70","14,94","14,44","1,57M","0,47%"
"07.11.2023","14,75","14,52","14,75","14,46","1,11M","1,03%"
"06.11.2023","14,60","14,60","14,72","14,54","1,09M","0,48%"
"03.11.2023","14,53","14,61","14,74","14,39","1,58M","-0,27%"
"02.11.2023","14,57","13,96","14,62","13,85","1,96M","5,43%"
"01.11.2023","13,82","13,66","13,85","13,61","1,45M","1,02%"
"31.10.2023","13,68","13,64","13,88","13,60","1,98M","0,81%"
"30.10.2023","13,57","13,45","13,62","13,44","1,14M","0,97%"
"27.10.2023","13,44","13,32","13,52","13,29","1,25M","1,36%"
"26.10.2023","13,26","13,41","13,49","13,18","1,51M","-2,00%"
"25.10.2023","13,53","13,44","13,66","13,43","1,53M","0,45%"
"24.10.2023","13,47","13,84","13,96","13,15","2,74M","-2,60%"
"23.10.2023","13,83","13,79","13,90","13,73","780,09K","0,73%"
"20.10.2023","13,73","13,79","13,88","13,71","1,90M","-1,86%"
"19.10.2023","13,99","13,98","14,01","13,85","1,07M","-0,14%"
"18.10.2023","14,01","14,12","14,27","13,88","1,33M","-0,64%"
"17.10.2023","14,10","13,95","14,10","13,90","676,20K","1,00%"
"16.10.2023","13,96","13,87","14,01","13,72","878,55K","0,72%"
"13.10.2023","13,86","14,09","14,12","13,82","996,77K","-1,56%"
"12.10.2023","14,08","14,04","14,21","13,97","845,96K","0,79%"
"11.10.2023","13,97","13,83","14,01","13,78","907,48K","0,00%"
"10.10.2023","13,97","13,82","14,03","13,72","1,38M","2,05%"
"09.10.2023","13,69","13,80","13,82","13,60","1,05M","-1,37%"
"06.10.2023","13,88","13,80","13,91","13,73","824,01K","0,87%"
"05.10.2023","13,76","13,95","13,95","13,70","1,24M","-0,72%"
"04.10.2023","13,86","13,73","13,89","13,71","938,91K","0,29%"
"03.10.2023","13,82","14,07","14,12","13,69","1,64M","-1,99%"
"02.10.2023","14,10","14,31","14,59","14,05","2,12M","-1,12%"
"29.09.2023","14,26","14,15","14,31","14,12","3,54M","1,57%"
"28.09.2023","14,04","13,85","14,10","13,80","1,80M","1,23%"
"27.09.2023","13,87","13,76","13,93","13,70","1,04M","0,80%"
"26.09.2023","13,76","13,76","13,90","13,71","1,31M","-0,65%"
"25.09.2023","13,85","14,00","14,06","13,78","1,05M","-1,14%"
"22.09.2023","14,01","14,02","14,12","13,95","905,23K","-0,99%"
"21.09.2023","14,15","14,28","14,31","14,03","1,08M","-1,53%"
"20.09.2023","14,37","14,12","14,42","14,11","1,01M","1,91%"
"19.09.2023","14,10","14,06","14,17","13,94","607,29K","0,14%"
"18.09.2023","14,08","14,20","14,43","14,02","991,31K","-1,12%"
"15.09.2023","14,24","14,27","14,38","14,16","3,54M","0,85%"
"14.09.2023","14,12","14,20","14,27","13,90","2,54M","-2,55%"
"13.09.2023","14,49","14,87","14,87","14,37","1,05M","-3,21%"
"12.09.2023","14,97","14,70","15,05","14,70","941,01K","1,77%"
"11.09.2023","14,71","14,60","14,72","14,54","894,30K","0,68%"
"08.09.2023","14,61","14,56","14,61","14,35","898,28K","0,83%"
"07.09.2023","14,49","14,31","14,54","14,27","952,15K","0,69%"
"06.09.2023","14,39","14,46","14,55","14,35","1,03M","-0,62%"
"05.09.2023","14,48","14,44","14,59","14,40","839,38K","-0,21%"
"04.09.2023","14,51","14,50","14,71","14,46","709,25K","0,42%"
"01.09.2023","14,45","14,48","14,59","14,43","524,26K","-0,34%"
"31.08.2023","14,50","14,48","14,63","14,48","2,60M","0,21%"
"30.08.2023","14,47","14,48","14,62","14,46","1,04M","-0,07%"
"29.08.2023","14,48","14,22","14,58","14,20","1,28M","2,12%"
"28.08.2023","14,18","14,14","14,26","14,07","50,74K","1,36%"
"25.08.2023","13,99","14,12","14,18","13,90","977,38K","-1,34%"
"24.08.2023","14,18","14,05","14,23","14,03","1,04M","1,36%"
"23.08.2023","13,99","13,95","14,05","13,95","532,37K","0,65%"
"22.08.2023","13,90","13,90","14,02","13,86","574,86K","0,36%"
"21.08.2023","13,85","13,95","14,04","13,83","674,51K","-0,72%"
"18.08.2023","13,95","13,95","14,01","13,71","1,15M","-0,21%"
"17.08.2023","13,98","14,46","14,49","13,95","1,73M","-3,65%"
"16.08.2023","14,51","14,39","14,60","14,35","829,03K","0,97%"
"15.08.2023","14,37","14,46","14,53","14,28","856,51K","-0,62%"
"14.08.2023","14,46","14,44","14,55","14,40","686,75K","-0,55%"
"11.08.2023","14,54","14,70","14,71","14,50","921,29K","-1,49%"
"10.08.2023","14,76","14,67","14,78","14,63","712,86K","0,75%"
"09.08.2023","14,65","14,61","14,79","14,61","1,06M","0,76%"
"08.08.2023","14,54","14,46","14,65","14,32","1,13M","0,35%"
"07.08.2023","14,49","14,38","14,52","14,36","923,56K","-0,48%"
"04.08.2023","14,56","14,46","14,63","14,38","982,07K","1,11%"
"03.08.2023","14,40","14,32","14,43","14,21","1,22M","0,00%"
"02.08.2023","14,40","14,29","14,45","14,19","1,66M","-0,07%"
"01.08.2023","14,41","14,50","14,54","14,38","855,17K","-0,89%"
"31.07.2023","14,54","14,44","14,59","14,40","2,08M","0,69%"
"28.07.2023","14,44","14,38","14,59","14,32","1,13M","0,21%"
"27.07.2023","14,41","14,61","14,61","14,22","1,59M","-0,21%"
"26.07.2023","14,44","14,00","14,44","13,65","2,97M","2,12%"
"25.07.2023","14,14","14,24","14,38","14,12","999,66K","-0,35%"
"24.07.2023","14,19","14,23","14,41","14,14","1,01M","-1,39%"
"21.07.2023","14,39","14,34","14,44","14,27","801,25K","0,00%"
"20.07.2023","14,39","14,30","14,49","14,30","902,26K","0,63%"
"19.07.2023","14,30","14,33","14,44","14,27","898,04K","0,07%"
"18.07.2023","14,29","14,26","14,35","14,16","775,66K","0,78%"
"17.07.2023","14,18","14,06","14,24","14,01","889,36K","0,50%"
"14.07.2023","14,11","14,38","14,38","14,09","1,02M","-1,88%"
"13.07.2023","14,38","14,61","14,61","14,34","1,44M","-1,10%"
"12.07.2023","14,54","14,85","14,85","14,46","1,45M","-1,56%"
"11.07.2023","14,77","14,56","14,83","14,54","1,21M","1,86%"
"10.07.2023","14,50","14,46","14,53","14,38","764,88K","-0,07%"
"07.07.2023","14,51","14,31","14,51","14,14","1,39M","1,61%"
"06.07.2023","14,28","14,40","14,48","14,21","1,35M","-1,72%"
"05.07.2023","14,53","14,63","14,67","14,51","1,34M","-1,22%"
"04.07.2023","14,71","14,69","14,77","14,60","870,16K","0,41%"
"03.07.2023","14,65","14,88","14,95","14,62","871,44K","-1,01%"
"30.06.2023","14,80","14,82","14,93","14,79","1,93M","0,14%"
"29.06.2023","14,78","14,78","14,90","14,73","843,91K","-0,14%"
"28.06.2023","14,80","14,70","14,88","14,67","871,40K","1,09%"
"27.06.2023","14,64","14,50","14,64","14,40","1,40M","1,31%"
"26.06.2023","14,45","14,55","14,57","14,43","1,29M","-0,28%"
"23.06.2023","14,49","14,63","14,63","14,36","1,08M","-2,03%"
"22.06.2023","14,79","14,79","14,79","14,62","1,10M","-0,67%"
"21.06.2023","14,89","14,75","14,97","14,73","1,01M","0,74%"
"20.06.2023","14,78","14,74","14,88","14,62","911,31K","-0,14%"
"19.06.2023","14,80","14,71","14,94","14,71","958,26K","0,27%"
"16.06.2023","14,76","14,87","15,01","14,76","6,69M","-0,81%"
"15.06.2023","14,88","14,81","14,88","14,71","1,23M","0,34%"
"14.06.2023","14,83","14,60","14,88","14,56","1,25M","2,06%"
"13.06.2023","14,53","14,45","14,57","14,35","1,25M","1,25%"
"12.06.2023","14,35","14,26","14,40","14,22","1,21M","0,77%"
"09.06.2023","14,24","14,20","14,29","14,16","608,21K","0,00%"
"08.06.2023","14,24","14,48","14,48","14,15","1,69M","-2,20%"
"07.06.2023","14,56","14,47","14,73","14,47","1,05M","0,62%"
"06.06.2023","14,47","14,39","14,47","14,32","987,99K","-0,07%"
"05.06.2023","14,48","14,73","14,74","14,40","1,12M","-1,43%"
"02.06.2023","14,69","14,78","14,78","14,64","949,22K","0,07%"
"01.06.2023","14,68","14,72","14,72","14,60","690,67K","0,41%"
"31.05.2023","14,62","14,61","14,84","14,53","3,22M","-0,75%"
"30.05.2023","14,73","14,75","14,82","14,65","1,08M","0,20%"
"29.05.2023","14,70","14,78","14,78","14,63","369,66K","0,20%"
"26.05.2023","14,67","14,61","14,71","14,51","961,50K","1,45%"
"25.05.2023","14,46","14,65","14,65","14,38","1,49M","-1,23%"
"24.05.2023","14,64","14,71","14,71","14,47","1,38M","-1,41%"
"23.05.2023","14,85","15,07","15,08","14,81","973,11K","-1,66%"
"22.05.2023","15,10","15,10","15,26","15,05","1,04M","0,13%"
"19.05.2023","15,08","15,15","15,16","15,04","850,76K","-0,13%"
"18.05.2023","15,10","15,30","15,38","15,02","656,10K","-0,98%"
"17.05.2023","15,25","14,97","15,28","14,88","1,20M","1,67%"
"16.05.2023","15,00","14,84","15,05","14,82","1,25M","0,94%"
"15.05.2023","14,86","15,25","15,25","14,86","1,14M","-2,30%"
"12.05.2023","15,21","15,00","15,24","14,98","1,37M","1,67%"
"11.05.2023","14,96","14,91","15,01","14,82","971,59K","0,00%"
"10.05.2023","14,96","14,94","15,01","14,81","957,62K","0,40%"
"09.05.2023","14,90","14,90","14,93","14,72","1,42M","1,29%"
"08.05.2023","14,71","14,63","14,75","14,62","818,37K","0,68%"
"05.05.2023","14,61","14,45","14,64","14,29","1,03M","2,31%"
"04.05.2023","14,28","14,41","14,41","13,92","2,32M","-3,45%"
"03.05.2023","14,79","14,74","14,79","14,66","883,28K","0,82%"
"02.05.2023","14,67","14,94","14,95","14,66","1,49M","-4,05%"
"28.04.2023","15,29","15,21","15,31","15,17","1,67M","0,99%"
"27.04.2023","15,14","15,12","15,19","14,97","1,64M","-0,33%"
"26.04.2023","15,19","15,41","15,41","15,08","1,98M","-1,36%"
"25.04.2023","15,40","15,40","15,46","15,30","1,42M","-0,32%"
"24.04.2023","15,45","15,45","15,52","15,29","1,35M","0,78%"
"21.04.2023","15,33","15,51","15,52","15,19","2,13M","-1,10%"
"20.04.2023","15,50","15,45","15,57","15,42","963,04K","0,06%"
"19.04.2023","15,49","15,28","15,51","15,28","866,88K","0,85%"
"18.04.2023","15,36","15,29","15,36","15,26","815,63K","0,46%"
"17.04.2023","15,29","15,13","15,29","15,05","1,93M","1,46%"
"14.04.2023","15,07","15,16","15,16","14,96","842,22K","-0,13%"
"13.04.2023","15,09","15,10","15,24","15,06","908,94K","0,00%"
"12.04.2023","15,09","15,04","15,27","15,04","1,16M","0,27%"
"11.04.2023","15,05","15,04","15,15","14,87","1,39M","0,33%"
"06.04.2023","15,00","14,79","15,00","14,76","841,92K","1,21%"
"05.04.2023","14,82","14,71","14,89","14,64","1,26M","0,88%"
"04.04.2023","14,69","14,80","14,87","14,67","1,33M","-0,27%"
"03.04.2023","14,73","14,88","14,88","14,60","1,72M","-1,07%"
"31.03.2023","14,89","14,88","14,95","14,70","3,78M","0,00%"
"30.03.2023","14,89","14,75","15,02","14,74","1,20M","1,22%"
"29.03.2023","14,71","14,49","14,71","14,40","977,43K","2,29%"
"28.03.2023","14,38","14,40","14,57","14,29","1,17M","0,84%"
"27.03.2023","14,26","14,48","14,49","14,26","1,71M","0,28%"
"24.03.2023","14,22","14,59","14,59","14,16","1,67M","-3,07%"
"23.03.2023","14,67","14,53","14,71","14,51","937,77K","0,82%"
"22.03.2023","14,55","14,54","14,61","14,46","1,10M","-0,68%"
"21.03.2023","14,65","14,32","14,72","14,30","1,32M","3,17%"
"20.03.2023","14,20","14,22","14,35","13,88","2,17M","-0,28%"
"17.03.2023","14,24","14,88","14,95","14,16","4,38M","-4,11%"
"16.03.2023","14,85","14,86","14,95","14,59","1,96M","1,71%"
"15.03.2023","14,60","15,28","15,29","14,53","2,17M","-4,70%"
"14.03.2023","15,32","14,97","15,33","14,79","1,96M","3,10%"
"13.03.2023","14,86","15,40","15,43","14,83","2,00M","-3,82%"
"10.03.2023","15,45","15,07","15,47","15,03","1,34M","1,25%"
"09.03.2023","15,26","15,16","15,28","15,05","860,32K","0,39%"
"08.03.2023","15,20","15,10","15,23","14,98","799,41K","0,53%"
"07.03.2023","15,12","15,12","15,28","15,10","1,25M","-0,20%"
"06.03.2023","15,15","15,00","15,16","14,97","883,19K","1,27%"
"03.03.2023","14,96","14,80","15,00","14,73","883,24K","1,84%"
"02.03.2023","14,69","14,76","14,76","14,59","1,46M","0,48%"
"01.03.2023","14,62","14,46","14,87","14,42","1,22M","-0,14%"
"28.02.2023","14,64","14,62","15,20","14,39","2,28M","2,66%"
"27.02.2023","14,26","14,23","14,35","14,17","971,87K","0,92%"
"24.02.2023","14,13","14,10","14,32","14,10","1,27M","0,43%"
"23.02.2023","14,07","13,88","14,18","13,88","1,37M","1,88%"
"22.02.2023","13,81","14,00","14,01","13,57","1,03M","-1,57%"
"21.02.2023","14,03","13,95","14,07","13,87","778,60K","0,07%"
"20.02.2023","14,02","14,11","14,12","13,99","576,59K","-0,14%"
"17.02.2023","14,04","14,05","14,19","13,97","1,20M","-0,64%"
"16.02.2023","14,13","14,24","14,27","13,98","1,17M","-0,14%"
"15.02.2023","14,15","14,03","14,17","14,03","899,85K","0,57%"
"14.02.2023","14,07","14,11","14,21","14,03","1,10M","-0,21%"
"13.02.2023","14,10","13,82","14,13","13,82","1,00M","2,25%"
"10.02.2023","13,79","14,26","14,31","13,68","1,45M","-3,63%"
"09.02.2023","14,31","14,10","14,33","14,06","1,53M","2,29%"
"08.02.2023","13,99","13,89","14,04","13,86","673,85K","1,01%"
"07.02.2023","13,85","13,92","13,94","13,75","951,70K","-0,65%"
"06.02.2023","13,94","14,00","14,04","13,89","794,46K","-1,06%"
"03.02.2023","14,09","14,09","14,12","13,95","901,59K","-0,21%"
"02.02.2023","14,12","14,04","14,27","14,00","990,13K","1,22%"
"01.02.2023","13,95","13,78","13,95","13,74","1,48M","1,45%"
"31.01.2023","13,75","13,83","13,87","13,74","1,90M","-1,08%"
"30.01.2023","13,90","14,07","14,13","13,89","1,10M","-1,14%"
"27.01.2023","14,06","14,15","14,25","13,99","916,34K","0,29%"
"26.01.2023","14,02","14,20","14,20","13,90","1,19M","-0,78%"
"25.01.2023","14,13","13,78","14,13","13,74","1,80M","2,84%"
"24.01.2023","13,74","13,70","13,76","13,58","1,17M","0,44%"
"23.01.2023","13,68","13,81","13,83","13,58","1,53M","-0,51%"
"20.01.2023","13,75","13,56","13,79","13,56","1,86M","2,00%"
"19.01.2023","13,48","13,75","13,75","13,40","1,78M","-2,18%"
"18.01.2023","13,78","13,54","13,85","13,54","1,37M","1,92%"
"17.01.2023","13,52","13,40","13,54","13,35","937,23K","0,90%"
"16.01.2023","13,40","13,48","13,55","13,35","737,26K","-0,52%"
"13.01.2023","13,47","13,24","13,62","13,21","1,60M","1,97%"
"12.01.2023","13,21","12,93","13,24","12,90","1,45M","1,69%"
"11.01.2023","12,99","12,80","12,99","12,78","1,57M","1,72%"
"10.01.2023","12,77","12,70","12,84","12,61","1,01M","0,24%"
"09.01.2023","12,74","12,79","12,82","12,71","899,00K","-0,31%"
"06.01.2023","12,78","12,69","12,81","12,62","747,07K","0,71%"
"05.01.2023","12,69","12,46","12,73","12,46","1,26M","1,93%"
"04.01.2023","12,45","12,21","12,45","12,16","1,07M","2,47%"
"03.01.2023","12,15","12,06","12,24","11,95","964,25K","0,75%"
"02.01.2023","12,06","11,80","12,11","11,78","630,41K","2,81%"
"30.12.2022","11,73","11,85","11,86","11,70","1,18M","-1,51%"
"29.12.2022","11,91","11,88","11,91","11,73","740,54K","0,17%"
"28.12.2022","11,89","12,00","12,00","11,84","828,03K","-0,83%"
"27.12.2022","11,99","12,14","12,15","11,95","718,98K","-0,17%"
"23.12.2022","12,01","12,02","12,05","11,91","569,54K","0,42%"
"22.12.2022","11,96","11,96","12,04","11,91","647,43K","0,08%"
"21.12.2022","11,95","11,94","12,02","11,88","1,67M","0,50%"
"20.12.2022","11,89","11,97","11,97","11,79","1,42M","-1,82%"
"19.12.2022","12,11","12,14","12,26","12,11","1,07M","0,00%"
"16.12.2022","12,11","12,45","12,45","12,05","3,36M","-3,04%"
"15.12.2022","12,49","12,59","12,60","12,47","2,02M","-1,03%"
"14.12.2022","12,62","12,63","12,68","12,50","1,46M","-0,71%"
"13.12.2022","12,71","12,70","12,81","12,54","2,41M","1,44%"
"12.12.2022","12,53","12,69","12,69","12,49","1,29M","-1,42%"
"09.12.2022","12,71","12,54","12,76","12,47","1,46M","1,52%"
"08.12.2022","12,52","12,50","12,55","12,40","823,11K","0,24%"
"07.12.2022","12,49","12,57","12,80","12,45","1,69M","-1,03%"
"06.12.2022","12,62","12,60","12,65","12,45","1,58M","0,32%"
"05.12.2022","12,58","12,64","12,80","12,44","2,06M","2,44%"
"02.12.2022","12,28","12,44","12,49","12,19","1,40M","-1,21%"
"01.12.2022","12,43","12,42","12,55","12,25","1,51M","0,81%"
"30.11.2022","12,33","12,19","12,33","12,17","4,35M","1,65%"
"29.11.2022","12,13","12,28","12,28","12,05","1,28M","-1,22%"
"28.11.2022","12,28","12,38","12,38","12,21","1,09M","-1,05%"
"25.11.2022","12,41","12,35","12,43","12,28","680,37K","0,57%"
"24.11.2022","12,34","12,37","12,45","12,34","573,11K","0,08%"
"23.11.2022","12,33","12,30","12,42","12,21","1,09M","0,82%"
"22.11.2022","12,23","12,15","12,32","12,12","920,96K","0,66%"
"21.11.2022","12,15","12,08","12,15","11,99","977,86K","0,83%"
"18.11.2022","12,05","12,05","12,09","11,91","942,76K","0,84%"
"17.11.2022","11,95","12,21","12,27","11,84","1,53M","-2,13%"
"16.11.2022","12,21","12,49","12,50","12,18","1,56M","-1,77%"
"15.11.2022","12,43","12,45","12,50","12,32","961,27K","-0,16%"
"14.11.2022","12,45","12,37","12,59","12,31","930,90K","1,06%"
"11.11.2022","12,32","12,41","12,45","12,30","996,14K","0,24%"
"10.11.2022","12,29","11,91","12,38","11,85","1,11M","2,76%"
"09.11.2022","11,96","11,79","11,96","11,78","1,33M","1,18%"
"08.11.2022","11,82","11,70","11,82","11,67","716,68K","0,42%"
"07.11.2022","11,77","11,68","11,91","11,66","895,35K","0,17%"
"04.11.2022","11,75","11,77","11,89","11,60","1,04M","0,51%"
"03.11.2022","11,69","11,65","11,72","11,55","1,24M","-1,10%"
"02.11.2022","11,82","11,94","11,94","11,59","2,19M","-0,08%"
"01.11.2022","11,83","11,99","12,00","11,74","907,27K","-0,67%"
"31.10.2022","11,91","11,62","11,94","11,62","3,36M","2,50%"
"28.10.2022","11,62","11,32","11,62","11,31","1,52M","1,48%"
"27.10.2022","11,45","11,27","11,57","11,16","1,39M","2,14%"
"26.10.2022","11,21","10,76","11,29","10,59","1,96M","2,75%"
"25.10.2022","10,91","10,88","11,00","10,81","1,23M","0,65%"
"24.10.2022","10,84","10,68","10,87","10,63","993,83K","2,65%"
"21.10.2022","10,56","10,71","10,71","10,49","1,20M","-2,22%"
"20.10.2022","10,80","10,73","10,80","10,62","932,93K","0,37%"
"19.10.2022","10,76","10,71","10,76","10,64","940,90K","0,94%"
"18.10.2022","10,66","10,73","10,77","10,61","1,25M","-0,37%"
"17.10.2022","10,70","10,45","10,72","10,41","1,23M","2,88%"
"14.10.2022","10,40","10,60","10,65","10,39","1,62M","-0,38%"
"13.10.2022","10,44","10,26","10,54","10,24","2,51M","1,26%"
"12.10.2022","10,31","10,35","10,41","10,21","1,54M","-0,39%"
"11.10.2022","10,35","10,44","10,51","10,33","1,70M","-1,62%"
"10.10.2022","10,52","10,61","10,61","10,43","1,36M","-0,09%"
"07.10.2022","10,53","10,57","10,65","10,46","933,04K","-0,66%"
"06.10.2022","10,60","10,69","10,82","10,51","1,16M","-0,56%"
"05.10.2022","10,66","10,90","10,93","10,62","1,35M","-3,27%"
"04.10.2022","11,02","10,76","11,04","10,72","2,16M","2,99%"
"03.10.2022","10,70","10,59","10,72","10,48","1,87M","0,09%"
"30.09.2022","10,69","10,78","10,88","10,61","4,22M","-0,09%"
"29.09.2022","10,70","10,79","10,84","10,63","1,36M","-1,83%"
"28.09.2022","10,90","10,89","10,96","10,68","1,54M","-0,91%"
"27.09.2022","11,00","11,03","11,06","10,88","1,39M","0,64%"
"26.09.2022","10,93","10,91","11,09","10,80","1,17M","0,28%"
"23.09.2022","10,90","11,14","11,16","10,80","1,44M","-1,98%"
"22.09.2022","11,12","11,11","11,21","11,09","1,06M","-1,68%"
"21.09.2022","11,31","11,41","11,47","11,26","1,25M","-1,82%"
"20.09.2022","11,52","11,53","11,71","11,50","1,30M","-1,45%"
"19.09.2022","11,69","11,51","11,76","11,45","1,22M","1,56%"
"16.09.2022","11,51","11,71","11,81","11,51","3,10M","-3,03%"
"15.09.2022","11,87","11,82","11,98","11,71","820,34K","0,17%"
"14.09.2022","11,85","11,90","11,98","11,80","1,00M","-1,00%"
"13.09.2022","11,97","12,20","12,35","11,91","925,19K","-1,64%"
"12.09.2022","12,17","12,04","12,21","12,02","766,14K","1,25%"
"09.09.2022","12,02","11,72","12,03","11,71","1,21M","1,26%"
"08.09.2022","11,87","12,18","12,22","11,63","2,38M","-2,06%"
"07.09.2022","12,12","11,94","12,17","11,94","749,41K","0,66%"
"06.09.2022","12,04","12,02","12,12","11,97","740,93K","-0,17%"
"05.09.2022","12,06","12,07","12,12","11,86","642,17K","-1,39%"
"02.09.2022","12,23","12,08","12,27","12,02","663,44K","1,75%"
"01.09.2022","12,02","12,10","12,11","11,91","1,03M","-1,72%"
"31.08.2022","12,23","12,22","12,36","12,21","1,70M","0,08%"
"30.08.2022","12,22","12,22","12,42","12,15","868,50K","0,16%"
"29.08.2022","12,20","12,23","12,29","11,96","733,19K","-1,93%"
"26.08.2022","12,44","12,62","12,70","12,43","681,26K","-0,80%"
"25.08.2022","12,54","12,63","12,73","12,54","585,86K","-0,63%"
"24.08.2022","12,62","12,54","12,62","12,52","763,79K","-0,16%"
"23.08.2022","12,64","12,60","12,74","12,56","886,37K","0,00%"
"22.08.2022","12,64","12,54","12,64","12,46","503,60K","0,24%"
"19.08.2022","12,61","12,77","12,80","12,47","1,05M","-2,10%"
"18.08.2022","12,88","12,87","12,94","12,78","633,99K","-0,31%"
"17.08.2022","12,92","13,07","13,10","12,84","740,80K","-1,30%"
"16.08.2022","13,09","12,95","13,17","12,95","964,57K","1,24%"
"15.08.2022","12,93","12,80","12,93","12,70","588,00K","1,49%"
"12.08.2022","12,74","12,81","12,87","12,71","687,52K","-0,47%"
"11.08.2022","12,80","12,87","12,92","12,68","772,71K","-0,23%"
"10.08.2022","12,83","12,74","12,92","12,71","924,90K","0,47%"
"09.08.2022","12,77","12,62","12,79","12,57","795,38K","0,95%"
"08.08.2022","12,65","12,59","12,78","12,52","903,54K","1,04%"
"05.08.2022","12,52","12,38","12,54","12,26","955,62K","1,38%"
"04.08.2022","12,35","12,50","12,54","12,22","1,06M","-0,32%"
"03.08.2022","12,39","12,08","12,42","12,07","1,09M","2,31%"
"02.08.2022","12,11","12,06","12,29","11,99","1,35M","0,33%"
"01.08.2022","12,07","12,37","12,47","12,03","1,34M","-1,87%"
"29.07.2022","12,30","12,50","12,64","12,26","2,34M","-0,81%"
"28.07.2022","12,40","12,23","12,40","11,98","2,08M","3,77%"
"27.07.2022","11,95","12,16","12,30","11,45","3,68M","-3,63%"
"26.07.2022","12,40","12,44","12,50","12,31","1,76M","-0,08%"
"25.07.2022","12,41","12,54","12,62","12,37","823,82K","-1,12%"
"22.07.2022","12,55","12,40","12,65","12,39","857,25K","1,29%"
"21.07.2022","12,39","12,28","12,62","12,28","915,22K","0,24%"
"20.07.2022","12,36","12,60","12,61","12,30","1,12M","-1,51%"
"19.07.2022","12,55","12,26","12,61","12,23","1,14M","2,20%"
"18.07.2022","12,28","12,37","12,41","12,15","1,07M","-0,08%"
"15.07.2022","12,29","12,24","12,47","12,21","2,06M","-0,16%"
"14.07.2022","12,31","11,98","12,37","11,96","1,50M","2,67%"
"13.07.2022","11,99","11,97","12,14","11,94","1,11M","0,25%"
"12.07.2022","11,96","11,88","11,96","11,69","1,13M","0,00%"
"11.07.2022","11,96","12,04","12,18","11,92","911,12K","-1,97%"
"08.07.2022","12,20","12,09","12,20","11,93","1,53M","2,18%"
"07.07.2022","11,94","12,10","12,14","11,94","1,37M","0,34%"
"06.07.2022","11,90","12,18","12,18","11,88","1,61M","-0,17%"
"05.07.2022","11,92","12,53","12,62","11,92","1,45M","-4,87%"
"04.07.2022","12,53","12,49","12,89","12,46","826,20K","1,21%"
"01.07.2022","12,38","12,03","12,43","11,94","1,06M","2,15%"
"30.06.2022","12,12","12,29","12,34","11,71","2,88M","-2,10%"
"29.06.2022","12,38","12,90","12,95","12,38","1,88M","-4,55%"
"28.06.2022","12,97","13,01","13,20","12,95","1,42M","-0,77%"
"27.06.2022","13,07","13,04","13,17","12,99","1,14M","0,69%"
"24.06.2022","12,98","13,05","13,13","12,90","1,66M","-0,08%"
"23.06.2022","12,99","13,14","13,16","12,80","1,54M","-1,89%"
"22.06.2022","13,24","13,45","13,45","13,16","1,44M","-2,22%"
"21.06.2022","13,54","13,91","14,03","13,48","991,16K","-2,59%"
"20.06.2022","13,90","13,80","13,90","13,42","1,40M","1,61%"
"17.06.2022","13,68","13,37","13,68","13,18","4,01M","2,17%"
"16.06.2022","13,39","13,40","13,56","13,29","1,33M","-0,45%"
"15.06.2022","13,45","13,34","13,56","13,22","1,40M","2,52%"
"14.06.2022","13,12","13,62","13,79","13,12","1,60M","-2,74%"
"13.06.2022","13,49","13,82","13,89","13,44","1,38M","-2,32%"
"10.06.2022","13,81","13,82","14,11","13,79","1,30M","-0,22%"
"09.06.2022","13,84","13,74","13,92","13,62","1,16M","0,44%"
"08.06.2022","13,78","14,23","14,27","13,57","1,54M","-2,75%"
"07.06.2022","14,17","14,13","14,21","14,10","1,22M","-0,28%"
"06.06.2022","14,21","14,13","14,24","14,12","825,58K","1,07%"
"03.06.2022","14,06","14,18","14,27","14,04","668,90K","-0,35%"
"02.06.2022","14,11","14,17","14,22","14,04","790,21K","0,50%"
"01.06.2022","14,04","14,23","14,46","13,93","1,05M","-1,20%"
"31.05.2022","14,21","14,13","14,31","14,09","2,79M","0,14%"
"30.05.2022","14,19","14,39","14,48","14,16","715,96K","-0,63%"
"27.05.2022","14,28","14,21","14,33","14,21","1,43M","0,71%"
"26.05.2022","14,18","13,96","14,28","13,95","1,49M","2,01%"
"25.05.2022","13,90","13,78","13,96","13,66","1,08M","2,28%"
"24.05.2022","13,59","13,67","13,80","13,53","852,49K","-1,59%"
"23.05.2022","13,81","13,82","13,89","13,61","848,87K","1,69%"
"20.05.2022","13,58","13,48","13,63","13,34","848,39K","1,49%"
"19.05.2022","13,38","13,54","13,65","13,36","952,27K","-2,19%"
"18.05.2022","13,68","13,59","13,79","13,51","1,19M","-0,15%"
"17.05.2022","13,70","13,65","13,78","13,57","1,07M","1,11%"
"16.05.2022","13,55","13,30","13,55","13,29","1,32M","1,96%"
"13.05.2022","13,29","13,03","13,38","13,00","997,11K","2,86%"
"12.05.2022","12,92","12,95","13,10","12,76","1,52M","-1,82%"
"11.05.2022","13,16","12,99","13,17","12,81","1,82M","2,09%"
"10.05.2022","12,89","13,02","13,21","12,87","1,59M","-0,54%"
"09.05.2022","12,96","13,14","13,36","12,96","1,33M","-2,63%"
"06.05.2022","13,31","13,60","13,69","13,22","1,40M","-2,56%"
"05.05.2022","13,66","13,85","13,99","13,61","1,34M","0,22%"
"04.05.2022","13,63","13,68","13,79","13,55","1,32M","0,07%"
"03.05.2022","13,62","13,70","13,77","13,43","978,28K","0,29%"
"02.05.2022","13,58","13,56","14,05","13,16","1,61M","-0,37%"
"29.04.2022","13,63","14,18","14,23","13,51","2,66M","-2,08%"
"28.04.2022","13,92","14,28","14,33","13,79","1,78M","-1,56%"
"27.04.2022","14,14","14,46","14,60","13,97","2,12M","-4,27%"
"26.04.2022","14,77","14,90","15,03","14,72","1,33M","0,41%"
"25.04.2022","14,71","14,67","14,92","14,52","1,08M","-1,14%"
"22.04.2022","14,88","14,93","15,22","14,84","949,42K","-1,46%"
"21.04.2022","15,10","15,03","15,34","15,03","1,39M","0,80%"
"20.04.2022","14,98","15,03","15,05","14,86","1,04M","-0,27%"
"19.04.2022","15,02","15,19","15,26","14,97","1,08M","-0,92%"
"14.04.2022","15,16","15,00","15,31","14,94","1,25M","2,29%"
"13.04.2022","14,82","14,78","14,96","14,72","1,08M","-0,20%"
"12.04.2022","14,85","14,61","15,07","14,60","1,05M","0,47%"
"11.04.2022","14,78","14,43","14,79","14,41","1,22M","1,79%"
"08.04.2022","14,52","14,45","14,53","14,28","1,35M","1,68%"
"07.04.2022","14,28","14,46","14,49","14,23","1,48M","-0,42%"
"06.04.2022","14,34","14,49","14,62","14,20","1,40M","-1,85%"
"05.04.2022","14,61","14,79","14,82","14,38","1,16M","0,00%"
"04.04.2022","14,61","14,74","14,76","14,13","1,22M","-0,68%"
"01.04.2022","14,71","14,93","15,09","14,70","1,45M","-2,65%"
"31.03.2022","15,11","15,20","15,39","15,06","4,28M","-0,53%"
"30.03.2022","15,19","15,00","15,20","14,88","1,69M","1,13%"
"29.03.2022","15,02","14,88","15,06","14,76","1,13M","2,18%"
"28.03.2022","14,70","14,70","14,88","14,66","988,53K","0,00%"
"25.03.2022","14,70","14,62","14,89","14,62","1,21M","1,31%"
"24.03.2022","14,51","14,52","14,61","14,30","1,28M","0,90%"
"23.03.2022","14,38","14,54","14,63","14,35","1,60M","-0,96%"
"22.03.2022","14,52","14,31","14,55","14,28","1,16M","1,33%"
"21.03.2022","14,33","14,86","14,94","14,33","2,14M","-4,47%"
"18.03.2022","15,00","14,24","15,00","14,13","5,00M","5,93%"
"17.03.2022","14,16","13,95","14,20","13,90","1,49M","1,07%"
"16.03.2022","14,01","14,00","14,19","13,90","1,51M","2,19%"
"15.03.2022","13,71","13,65","13,81","13,45","1,14M","-0,36%"
"14.03.2022","13,76","13,57","13,90","13,55","1,33M","2,92%"
"11.03.2022","13,37","13,36","13,73","13,31","2,58M","0,30%"
"10.03.2022","13,33","13,45","13,63","13,12","1,38M","-0,82%"
"09.03.2022","13,44","13,08","13,54","13,06","2,01M","6,33%"
"08.03.2022","12,64","12,25","12,81","12,18","2,53M","2,27%"
"07.03.2022","12,36","12,81","12,86","12,22","3,05M","-5,94%"
"04.03.2022","13,14","13,70","13,81","13,14","2,50M","-4,92%"
"03.03.2022","13,82","14,21","14,25","13,71","1,89M","-3,15%"
"02.03.2022","14,27","14,02","14,37","13,79","3,07M","0,78%"
"01.03.2022","14,16","14,65","14,78","14,14","1,88M","-3,21%"
"28.02.2022","14,63","14,31","14,63","14,20","3,25M","0,00%"
"25.02.2022","14,63","14,48","14,65","14,12","1,77M","3,83%"
"24.02.2022","14,09","13,88","14,13","13,47","2,59M","-1,61%"
"23.02.2022","14,32","14,93","14,93","14,32","1,83M","-3,63%"
"22.02.2022","14,86","14,60","14,91","14,50","1,15M","-0,60%"
"21.02.2022","14,95","15,12","15,21","14,87","1,16M","-0,07%"
"18.02.2022","14,96","15,44","15,48","14,93","1,83M","-3,11%"
"17.02.2022","15,44","15,46","15,59","15,22","1,40M","-0,13%"
"16.02.2022","15,46","15,45","15,54","15,30","869,42K","0,59%"
"15.02.2022","15,37","14,99","15,41","14,91","955,29K","2,47%"
"14.02.2022","15,00","15,09","15,09","14,60","1,71M","-2,28%"
"11.02.2022","15,35","15,36","15,47","15,21","1,15M","-0,65%"
"10.02.2022","15,45","15,37","15,56","15,29","1,55M","1,44%"
"09.02.2022","15,23","14,95","15,27","14,91","2,13M","2,91%"
"08.02.2022","14,80","14,27","14,80","14,23","1,54M","4,23%"
"07.02.2022","14,20","14,44","14,50","14,15","1,55M","-1,18%"
"04.02.2022","14,37","14,54","14,55","14,20","1,29M","0,00%"
"03.02.2022","14,37","14,41","14,52","14,33","902,03K","-0,21%"
"02.02.2022","14,40","14,67","14,74","14,40","986,90K","-1,37%"
"01.02.2022","14,60","14,40","14,73","14,32","961,41K","2,03%"
"31.01.2022","14,31","14,50","14,50","14,27","1,33M","-0,49%"
"28.01.2022","14,38","14,51","14,56","14,26","1,36M","-1,03%"
"27.01.2022","14,53","14,23","14,64","14,16","1,23M","0,55%"
"26.01.2022","14,45","14,21","14,59","14,21","1,92M","-0,55%"
"25.01.2022","14,53","14,44","14,60","14,31","1,26M","1,68%"
"24.01.2022","14,29","14,80","14,82","14,24","1,30M","-3,38%"
"21.01.2022","14,79","14,71","14,83","14,65","1,10M","-0,34%"
"20.01.2022","14,84","14,88","14,90","14,69","1,67M","0,88%"
"19.01.2022","14,71","14,60","14,91","14,60","1,74M","0,14%"
"18.01.2022","14,69","14,68","14,69","14,45","986,04K","-0,20%"
"17.01.2022","14,72","14,90","14,99","14,65","834,05K","-1,21%"
"14.01.2022","14,90","14,63","14,90","14,62","1,15M","1,43%"
"13.01.2022","14,69","14,48","14,69","14,47","854,87K","1,17%"
"12.01.2022","14,52","14,74","14,76","14,45","825,05K","-0,95%"
"11.01.2022","14,66","14,46","14,78","14,41","1,02M","0,69%"
"10.01.2022","14,56","14,52","14,77","14,48","1,00M","0,83%"
"07.01.2022","14,44","14,65","14,65","14,38","819,48K","-1,10%"
"06.01.2022","14,60","14,38","14,63","14,30","1,03M","0,21%"
"05.01.2022","14,57","14,43","14,57","14,37","1,12M","0,83%"
"04.01.2022","14,45","14,23","14,46","14,22","1,63M","1,62%"
"03.01.2022","14,22","13,90","14,29","13,89","965,00K","2,45%"
"30.12.2021","13,88","13,88","13,89","13,78","573,76K","0,00%"
"29.12.2021","13,88","13,94","13,97","13,81","694,65K","0,07%"
"28.12.2021","13,87","13,73","13,95","13,73","727,14K","1,31%"
"27.12.2021","13,69","13,55","13,73","13,53","366,05K","0,00%"
"23.12.2021","13,69","13,53","13,77","13,46","927,02K","1,03%"
"22.12.2021","13,55","13,41","13,59","13,39","892,28K","1,04%"
"21.12.2021","13,41","13,39","13,45","13,23","1,09M","1,21%"
"20.12.2021","13,25","12,88","13,29","12,71","1,42M","-0,30%"
"17.12.2021","13,29","13,01","13,29","12,98","1,97M","2,15%"
"16.12.2021","13,01","13,07","13,10","12,93","1,47M","0,93%"
"15.12.2021","12,89","12,97","12,97","12,78","1,43M","-0,39%"
"14.12.2021","12,94","12,82","13,04","12,75","2,01M","1,65%"
"13.12.2021","12,73","13,08","13,08","12,65","1,57M","-1,93%"
"10.12.2021","12,98","12,95","13,11","12,90","1,47M","-0,61%"
"09.12.2021","13,06","13,36","13,37","13,00","2,06M","-2,10%"
"08.12.2021","13,34","13,32","13,61","12,94","2,15M","-0,74%"
"07.12.2021","13,44","13,54","13,55","13,31","1,53M","0,00%"
"06.12.2021","13,44","13,25","13,53","13,12","1,36M","3,07%"
"03.12.2021","13,04","13,24","13,37","12,98","1,02M","-1,21%"
"02.12.2021","13,20","13,08","13,30","12,99","1,74M","-0,60%"
"01.12.2021","13,28","12,92","13,36","12,88","1,98M","2,55%"
"30.11.2021","12,95","12,78","13,23","12,71","3,20M","0,08%"
"29.11.2021","12,94","13,00","13,24","12,90","2,18M","0,70%"
"26.11.2021","12,85","13,38","13,49","12,74","2,72M","-8,74%"
"25.11.2021","14,08","13,96","14,12","13,85","804,69K","0,86%"
"24.11.2021","13,96","13,80","14,03","13,63","1,64M","1,97%"
"23.11.2021","13,69","13,71","13,80","13,54","1,23M","0,66%"
"22.11.2021","13,60","13,59","13,82","13,39","1,70M","-0,44%"
"19.11.2021","13,66","14,16","14,18","13,60","2,66M","-3,60%"
"18.11.2021","14,17","14,32","14,33","14,15","1,16M","-1,05%"
"17.11.2021","14,32","14,48","14,55","14,28","1,43M","-1,85%"
"16.11.2021","14,59","14,85","14,99","14,59","1,21M","-1,75%"
"15.11.2021","14,85","14,60","15,07","14,57","1,07M","1,02%"
"12.11.2021","14,70","14,69","14,79","14,57","939,05K","0,00%"
"11.11.2021","14,70","14,87","14,94","14,62","1,64M","-1,34%"
"10.11.2021","14,90","14,95","15,09","14,90","1,12M","-0,53%"
"09.11.2021","14,98","15,00","15,17","14,95","1,20M","0,07%"
"08.11.2021","14,97","15,12","15,20","14,92","1,12M","-0,99%"
"05.11.2021","15,12","14,64","15,12","14,52","1,55M","3,56%"
"04.11.2021","14,60","14,67","14,71","14,47","936,83K","0,21%"
"03.11.2021","14,57","14,52","14,65","14,45","1,01M","0,62%"
"02.11.2021","14,48","14,50","14,54","14,38","896,55K","-0,55%"
"01.11.2021","14,56","14,11","14,63","14,11","1,09M","2,82%"
"29.10.2021","14,16","14,23","14,36","13,95","1,30M","-0,98%"
"28.10.2021","14,30","14,11","14,30","13,95","905,70K","0,85%"
"27.10.2021","14,18","14,19","14,29","14,11","1,12M","-0,14%"
"26.10.2021","14,20","13,95","14,28","13,87","1,12M","1,72%"
"25.10.2021","13,96","14,25","14,25","13,91","1,24M","-1,69%"
"22.10.2021","14,20","14,23","14,27","13,90","1,13M","0,71%"
"21.10.2021","14,10","14,10","14,24","13,97","976,51K","-2,08%"
"20.10.2021","14,40","14,43","14,46","14,19","1,61M","-0,07%"
"19.10.2021","14,41","14,47","14,53","14,32","786,62K","-0,35%"
"18.10.2021","14,46","14,55","14,55","14,29","1,24M","-0,62%"
"15.10.2021","14,55","14,46","14,66","14,40","2,08M","1,46%"
"14.10.2021","14,34","14,45","14,49","14,28","1,52M","0,49%"
"13.10.2021","14,27","14,50","14,50","14,24","1,36M","-1,25%"
"12.10.2021","14,45","14,32","14,54","14,32","1,89M","-0,07%"
"11.10.2021","14,46","14,40","14,53","14,35","1,16M","0,14%"
"08.10.2021","14,44","14,35","14,55","14,35","1,09M","0,49%"
"07.10.2021","14,37","14,45","14,61","14,35","1,33M","0,07%"
"06.10.2021","14,36","14,48","14,52","14,21","1,53M","-1,85%"
"05.10.2021","14,63","14,91","14,93","14,54","1,05M","-1,48%"
"04.10.2021","14,85","15,03","15,32","14,84","1,42M","-0,80%"
"01.10.2021","14,97","14,92","15,03","14,71","1,83M","0,27%"
"30.09.2021","14,93","14,95","15,03","14,60","3,81M","0,27%"
"29.09.2021","14,89","14,45","14,91","14,40","1,61M","3,04%"
"28.09.2021","14,45","14,83","14,88","14,31","2,04M","0,21%"
"27.09.2021","14,42","14,29","14,54","14,12","1,40M","2,20%"
"24.09.2021","14,11","13,80","14,24","13,74","1,05M","1,95%"
"23.09.2021","13,84","14,21","14,28","13,79","1,80M","-1,63%"
"22.09.2021","14,07","14,15","14,37","14,02","1,18M","0,21%"
"21.09.2021","14,04","13,80","14,09","13,71","1,56M","2,41%"
"20.09.2021","13,71","13,00","13,79","13,00","1,91M","2,24%"
"17.09.2021","13,41","13,09","13,41","13,09","5,85M","3,47%"
"16.09.2021","12,96","13,00","13,19","12,85","2,27M","-0,61%"
"15.09.2021","13,04","13,19","13,23","13,04","1,83M","-1,44%"
"14.09.2021","13,23","13,36","13,38","13,19","708,76K","-0,90%"
"13.09.2021","13,35","13,22","13,41","13,20","1,16M","1,60%"
"10.09.2021","13,14","13,34","13,36","12,99","2,07M","-1,20%"
"09.09.2021","13,30","13,37","13,40","13,12","1,44M","-1,77%"
"08.09.2021","13,54","13,35","13,72","13,22","2,02M","1,35%"
"07.09.2021","13,36","13,44","13,47","13,29","1,12M","-0,07%"
"06.09.2021","13,37","13,47","13,47","13,34","652,95K","-0,15%"
"03.09.2021","13,39","13,84","13,87","13,39","1,47M","-3,32%"
"02.09.2021","13,85","13,88","13,93","13,70","685,90K","0,29%"
"01.09.2021","13,81","13,74","13,94","13,70","860,10K","2,14%"
"31.08.2021","13,52","13,52","13,62","13,31","1,76M","0,00%"
"30.08.2021","13,52","13,62","13,67","13,51","368,10K","-0,81%"
"27.08.2021","13,63","13,78","13,78","13,51","477,07K","0,66%"
"26.08.2021","13,54","13,55","13,64","13,53","568,00K","-0,73%"
"25.08.2021","13,64","13,79","13,82","13,61","713,53K","-0,22%"
"24.08.2021","13,67","13,70","13,77","13,59","638,98K","0,89%"
"23.08.2021","13,55","13,54","13,65","13,45","681,12K","1,19%"
"20.08.2021","13,39","13,62","13,62","13,37","894,67K","-2,19%"
"19.08.2021","13,69","13,44","13,86","13,35","651,19K","0,07%"
"18.08.2021","13,68","13,52","13,74","13,44","728,09K","1,11%"
"17.08.2021","13,53","13,54","13,55","13,38","888,63K","-0,88%"
"16.08.2021","13,65","13,67","13,82","13,53","504,27K","-0,73%"
"13.08.2021","13,75","13,80","13,94","13,58","613,45K","-0,72%"
"12.08.2021","13,85","13,93","14,03","13,85","667,73K","0,07%"
"11.08.2021","13,84","13,50","13,88","13,46","891,40K","2,14%"
"10.08.2021","13,55","13,61","13,66","13,49","448,09K","0,00%"
"09.08.2021","13,55","13,89","13,89","13,55","706,21K","-2,59%"
"06.08.2021","13,91","13,87","14,04","13,70","1,14M","0,51%"
"05.08.2021","13,84","13,53","13,84","13,39","1,15M","3,44%"
"04.08.2021","13,38","13,49","13,49","13,27","990,40K","0,00%"
"03.08.2021","13,38","13,49","13,50","13,24","742,92K","-0,96%"
"02.08.2021","13,51","13,49","13,61","13,44","773,62K","0,67%"
"30.07.2021","13,42","13,67","13,81","13,38","1,36M","-2,54%"
"29.07.2021","13,77","13,69","14,04","13,66","1,33M","0,66%"
"28.07.2021","13,68","13,26","13,94","13,11","1,23M","0,51%"
"27.07.2021","13,61","13,56","13,68","13,49","1,13M","0,37%"
"26.07.2021","13,56","13,64","13,66","13,38","848,30K","0,37%"
"23.07.2021","13,51","13,34","13,58","13,30","834,72K","2,04%"
"22.07.2021","13,24","13,37","13,46","13,17","1,08M","0,23%"
"21.07.2021","13,21","13,07","13,37","13,05","831,50K","1,77%"
"20.07.2021","12,98","12,95","13,04","12,89","879,19K","1,01%"
"19.07.2021","12,85","13,26","13,30","12,81","1,53M","-3,96%"
"16.07.2021","13,38","13,19","13,42","13,18","1,10M","1,83%"
"15.07.2021","13,14","13,29","13,29","13,04","1,37M","-1,65%"
"14.07.2021","13,36","13,56","13,57","13,32","1,26M","-1,69%"
"13.07.2021","13,59","13,89","13,96","13,56","717,70K","-2,02%"
"12.07.2021","13,87","13,86","13,96","13,72","822,87K","0,00%"
"09.07.2021","13,87","13,90","14,00","13,75","1,31M","-0,22%"
"08.07.2021","13,90","14,19","14,19","13,74","1,23M","-1,35%"
"07.07.2021","14,09","14,29","14,38","14,05","1,02M","-0,63%"
"06.07.2021","14,18","14,09","14,30","14,06","1,08M","0,50%"
"05.07.2021","14,11","14,04","14,20","13,97","810,92K","0,28%"
"02.07.2021","14,07","14,02","14,09","13,92","1,44M","0,79%"
"01.07.2021","13,96","13,85","14,12","13,80","1,44M","0,94%"
"30.06.2021","13,83","13,90","14,10","13,63","1,67M","-0,36%"
"29.06.2021","13,88","14,12","14,24","13,76","1,91M","-2,18%"
"28.06.2021","14,19","14,79","14,81","14,19","2,64M","-4,12%"
"25.06.2021","14,80","14,76","14,97","14,46","1,52M","0,61%"
"24.06.2021","14,71","14,32","14,71","14,26","1,76M","3,16%"
"23.06.2021","14,26","14,38","14,45","14,21","1,04M","0,00%"
"22.06.2021","14,26","14,50","14,62","14,23","1,21M","-0,28%"
"21.06.2021","14,30","14,16","14,30","13,96","1,21M","0,56%"
"18.06.2021","14,22","14,46","14,59","14,10","3,58M","-2,00%"
"17.06.2021","14,51","14,50","14,82","14,40","1,24M","1,40%"
"16.06.2021","14,31","14,21","14,46","14,21","905,11K","0,56%"
"15.06.2021","14,23","14,38","14,49","14,19","1,21M","-0,56%"
"14.06.2021","14,31","14,05","14,31","14,05","1,18M","1,92%"
"11.06.2021","14,04","14,12","14,29","14,04","1,57M","-0,57%"
"10.06.2021","14,12","14,64","14,76","14,12","1,16M","-2,55%"
"09.06.2021","14,49","14,00","14,72","13,95","2,06M","4,24%"
"08.06.2021","13,90","14,11","14,12","13,90","1,89M","-1,84%"
"07.06.2021","14,16","14,05","14,19","13,95","1,08M","0,78%"
"04.06.2021","14,05","14,18","14,22","14,02","649,38K","-0,92%"
"03.06.2021","14,18","14,44","14,48","14,13","1,77M","-2,00%"
"02.06.2021","14,47","14,56","14,60","14,40","1,06M","-0,62%"
"01.06.2021","14,56","14,44","14,57","14,34","1,54M","1,46%"
"31.05.2021","14,35","14,30","14,49","14,28","1,03M","0,35%"
"28.05.2021","14,30","14,30","14,39","14,22","1,39M","1,13%"
"27.05.2021","14,14","14,21","14,38","14,14","7,54M","-0,70%"
"26.05.2021","14,24","14,32","14,34","14,10","1,35M","0,07%"
"25.05.2021","14,23","14,41","14,41","14,23","889,54K","-1,18%"
"24.05.2021","14,40","14,40","14,42","14,26","994,65K","1,19%"
"21.05.2021","14,23","14,32","14,42","14,19","1,75M","-0,14%"
"20.05.2021","14,25","14,28","14,37","14,02","1,19M","0,42%"
"19.05.2021","14,19","14,27","14,35","14,00","1,79M","-1,32%"
"18.05.2021","14,38","14,51","14,60","14,30","1,31M","-0,07%"
"17.05.2021","14,39","14,70","14,72","14,36","1,09M","-2,24%"
"14.05.2021","14,72","14,63","14,72","14,40","882,29K","1,73%"
"13.05.2021","14,47","14,47","14,51","14,13","1,03M","-0,69%"
"12.05.2021","14,57","14,57","14,74","14,47","1,32M","1,18%"
"11.05.2021","14,40","14,36","14,68","14,26","1,55M","-0,55%"
"10.05.2021","14,48","15,05","15,06","14,36","2,26M","-3,66%"
"07.05.2021","15,03","14,94","15,06","14,73","1,31M","1,55%"
"06.05.2021","14,80","14,90","14,91","14,59","1,42M","-0,67%"
"05.05.2021","14,90","14,87","15,11","14,84","1,81M","1,64%"
"04.05.2021","14,66","14,91","15,04","14,65","1,63M","-1,28%"
"03.05.2021","14,85","14,46","14,93","14,40","1,67M","2,63%"
"30.04.2021","14,47","14,48","14,66","14,38","2,98M","1,26%"
"29.04.2021","14,29","14,04","14,44","13,93","2,34M","1,78%"
"28.04.2021","14,04","13,91","14,15","13,76","1,70M","1,30%"
"27.04.2021","13,86","13,80","13,87","13,61","1,35M","1,24%"
"26.04.2021","13,69","13,43","13,76","13,34","1,25M","2,39%"
"23.04.2021","13,37","13,65","13,71","13,36","1,81M","-2,19%"
"22.04.2021","13,67","13,62","13,69","13,41","1,28M","0,96%"
"21.04.2021","13,54","13,59","13,78","13,39","1,69M","0,52%"
"20.04.2021","13,47","14,10","14,13","13,46","1,76M","-4,54%"
"19.04.2021","14,11","13,75","14,18","13,75","1,61M","1,73%"
"16.04.2021","13,87","13,84","14,05","13,80","1,45M","0,58%"
"15.04.2021","13,79","13,88","13,91","13,69","1,22M","-0,65%"
"14.04.2021","13,88","13,80","13,88","13,65","1,17M","1,17%"
"13.04.2021","13,72","13,65","13,75","13,55","1,06M","0,96%"
"12.04.2021","13,59","13,80","13,80","13,56","972,03K","-1,74%"
"09.04.2021","13,83","14,04","14,04","13,83","1,45M","-1,14%"
"08.04.2021","13,99","13,94","14,04","13,81","1,87M","1,23%"
"07.04.2021","13,82","13,96","13,97","13,79","1,08M","-0,65%"
"06.04.2021","13,91","13,91","14,09","13,79","1,62M","0,80%"
"01.04.2021","13,80","13,78","13,93","13,71","840,84K","-0,22%"
"31.03.2021","13,83","13,72","13,99","13,65","4,25M","0,51%"
"30.03.2021","13,76","13,43","13,82","13,42","1,32M","3,07%"
"29.03.2021","13,35","13,43","13,44","13,27","1,77M","-0,96%"
"26.03.2021","13,48","13,60","13,73","13,40","1,16M","-1,10%"
"25.03.2021","13,63","13,69","13,69","13,27","1,39M","-0,44%"
"24.03.2021","13,69","13,40","13,77","13,26","2,24M","1,78%"
"23.03.2021","13,45","13,64","13,68","13,36","2,08M","-1,90%"
"22.03.2021","13,71","14,06","14,06","13,62","2,13M","-2,77%"
"19.03.2021","14,10","14,36","14,36","13,99","3,63M","-2,02%"
"18.03.2021","14,39","14,48","14,59","14,32","1,60M","-0,21%"
"17.03.2021","14,42","14,59","14,62","14,40","1,19M","-1,17%"
"16.03.2021","14,59","14,64","14,67","14,52","1,61M","0,07%"
"15.03.2021","14,58","14,47","14,78","14,47","2,44M","0,90%"
"12.03.2021","14,45","14,39","14,48","14,25","1,44M","0,00%"
"11.03.2021","14,45","14,52","14,60","14,20","2,47M","-0,69%"
"10.03.2021","14,55","14,55","14,95","14,51","1,87M","-0,07%"
"09.03.2021","14,56","14,62","14,75","14,48","1,75M","-0,14%"
"08.03.2021","14,58","14,20","14,64","14,13","1,37M","3,85%"
"05.03.2021","14,04","14,21","14,26","13,95","1,65M","-1,68%"
"04.03.2021","14,28","14,17","14,39","13,96","1,91M","0,35%"
"03.03.2021","14,23","14,07","14,28","14,00","1,92M","1,28%"
"02.03.2021","14,05","14,12","14,33","14,05","1,41M","-0,43%"
"01.03.2021","14,11","14,14","14,23","14,06","1,88M","0,14%"
"26.02.2021","14,09","14,03","14,32","13,96","2,22M","-1,33%"
"25.02.2021","14,28","14,66","14,96","14,22","2,03M","-0,97%"
"24.02.2021","14,42","14,31","14,53","13,95","3,10M","1,91%"
"23.02.2021","14,15","13,70","14,27","13,70","2,72M","3,13%"
"22.02.2021","13,72","13,07","13,79","13,01","1,72M","4,89%"
"19.02.2021","13,08","12,97","13,21","12,97","1,44M","1,24%"
"18.02.2021","12,92","13,15","13,29","12,87","1,09M","-2,42%"
"17.02.2021","13,24","13,29","13,35","13,07","1,07M","-0,30%"
"16.02.2021","13,28","13,35","13,37","13,10","834,54K","0,00%"
"15.02.2021","13,28","13,24","13,41","13,22","1,10M","0,99%"
"12.02.2021","13,15","13,10","13,19","13,02","758,57K","-0,08%"
"11.02.2021","13,16","13,25","13,42","13,07","1,13M","-1,42%"
"10.02.2021","13,35","13,49","13,59","13,33","1,10M","-0,96%"
"09.02.2021","13,48","13,85","13,85","13,43","1,00M","-2,32%"
"08.02.2021","13,80","13,56","13,90","13,52","1,03M","1,40%"
"05.02.2021","13,61","13,39","13,74","13,36","1,47M","2,02%"
"04.02.2021","13,34","13,21","13,35","13,13","1,16M","0,30%"
"03.02.2021","13,30","13,65","13,75","13,25","1,57M","-0,89%"
"02.02.2021","13,42","12,99","13,59","12,98","2,17M","3,95%"
"01.02.2021","12,91","12,80","13,02","12,73","1,89M","1,41%"
"29.01.2021","12,73","12,98","12,98","12,59","2,36M","-3,27%"
"28.01.2021","13,16","12,52","13,16","12,52","2,09M","3,70%"
"27.01.2021","12,69","12,74","12,81","12,53","2,37M","-1,25%"
"26.01.2021","12,85","12,70","13,04","12,70","2,16M","-0,16%"
"25.01.2021","12,87","13,08","13,11","12,62","1,96M","-1,53%"
"22.01.2021","13,07","13,12","13,21","12,97","2,07M","-1,13%"
"21.01.2021","13,22","13,57","13,66","13,16","1,98M","-2,51%"
"20.01.2021","13,56","13,61","13,75","13,47","1,15M","-0,22%"
"19.01.2021","13,59","13,81","13,88","13,57","1,46M","-1,52%"
"18.01.2021","13,80","13,82","13,88","13,53","1,61M","-2,34%"
"15.01.2021","14,13","14,13","14,33","13,97","1,64M","-0,28%"
"14.01.2021","14,17","14,06","14,24","13,92","1,83M","1,80%"
"13.01.2021","13,92","14,06","14,20","13,90","1,34M","-0,93%"
"12.01.2021","14,05","13,99","14,07","13,88","1,81M","1,15%"
"11.01.2021","13,89","13,99","14,00","13,75","1,21M","-1,28%"
"08.01.2021","14,07","14,04","14,12","13,88","1,25M","1,01%"
"07.01.2021","13,93","14,17","14,17","13,63","1,32M","-1,28%"
"06.01.2021","14,11","13,94","14,14","13,73","1,66M","2,02%"
"05.01.2021","13,83","13,68","13,86","13,56","1,87M","-0,14%"
"04.01.2021","13,85","14,80","14,86","13,70","1,95M","-2,60%"
"31.12.2020","14,22","14,30","14,33","14,20","492,54K","-1,11%"
"30.12.2020","14,38","14,38","14,40","14,23","900,53K","0,07%"
"29.12.2020","14,37","14,31","14,47","14,22","1,01M","1,05%"
"28.12.2020","14,22","13,88","14,29","13,86","1,00M","2,60%"
"24.12.2020","13,86","13,90","13,90","13,78","325,81K","-0,14%"
"23.12.2020","13,88","13,56","13,88","13,52","1,08M","2,44%"
"22.12.2020","13,55","13,46","13,55","13,24","2,04M","1,65%"
"21.12.2020","13,33","13,40","13,50","12,86","3,47M","-2,06%"
"18.12.2020","13,61","13,76","13,77","13,61","7,12M","-1,59%"
"17.12.2020","13,83","13,94","13,98","13,79","1,49M","-0,43%"
"16.12.2020","13,89","13,92","14,09","13,86","1,54M","0,43%"
"15.12.2020","13,83","13,62","13,84","13,49","1,62M","1,77%"
"14.12.2020","13,59","13,82","13,88","13,59","1,30M","-0,15%"
"11.12.2020","13,61","13,60","13,63","13,28","2,21M","0,00%"
"10.12.2020","13,61","13,77","13,87","13,53","2,14M","-0,66%"
"09.12.2020","13,70","13,86","13,94","13,68","2,46M","-0,80%"
"08.12.2020","13,81","13,89","13,95","13,77","1,03M","-0,93%"
"07.12.2020","13,94","14,08","14,10","13,86","1,10M","-1,69%"
"04.12.2020","14,18","14,22","14,32","14,03","1,51M","-0,14%"
"03.12.2020","14,20","13,93","14,20","13,64","2,11M","1,36%"
"02.12.2020","14,01","14,03","14,19","13,94","1,48M","-0,64%"
"01.12.2020","14,10","13,96","14,25","13,92","2,83M","3,22%"
"30.11.2020","13,66","14,33","14,33","13,66","6,36M","-5,01%"
"27.11.2020","14,38","14,36","14,40","14,12","1,29M","-0,07%"
"26.11.2020","14,39","14,46","14,65","14,39","1,16M","-0,21%"
"25.11.2020","14,42","14,69","14,76","14,30","1,92M","-1,90%"
"24.11.2020","14,70","14,85","15,01","14,61","1,67M","0,20%"
"23.11.2020","14,67","14,65","14,80","14,65","1,32M","0,82%"
"20.11.2020","14,55","14,31","14,57","14,28","1,56M","1,75%"
"19.11.2020","14,30","14,27","14,42","14,10","1,78M","-0,83%"
"18.11.2020","14,42","14,59","14,71","14,42","1,78M","-1,30%"
"17.11.2020","14,61","14,61","14,68","14,39","1,25M","0,14%"
"16.11.2020","14,59","14,36","14,99","14,34","2,16M","3,04%"
"13.11.2020","14,16","14,00","14,27","13,95","1,56M","0,43%"
"12.11.2020","14,10","14,33","14,52","14,10","2,75M","-2,08%"
"11.11.2020","14,40","14,75","15,07","13,97","3,76M","-2,83%"
"10.11.2020","14,82","14,02","14,85","14,02","3,88M","4,96%"
"09.11.2020","14,12","12,51","14,83","12,46","5,19M","14,89%"
"06.11.2020","12,29","12,45","12,60","12,25","1,22M","-1,76%"
"05.11.2020","12,51","12,65","12,82","12,51","1,68M","0,16%"
"04.11.2020","12,49","12,13","12,59","12,01","1,56M","1,22%"
"03.11.2020","12,34","12,09","12,46","12,09","1,72M","2,83%"
"02.11.2020","12,00","11,56","12,03","11,30","1,78M","3,81%"
"30.10.2020","11,56","11,26","11,56","11,13","2,30M","1,23%"
"29.10.2020","11,42","11,42","11,52","11,11","1,99M","-0,09%"
"28.10.2020","11,43","11,64","11,64","11,17","2,84M","-3,79%"
"27.10.2020","11,88","12,12","12,16","11,88","1,91M","-1,74%"
"26.10.2020","12,09","12,33","12,39","12,06","1,22M","-3,59%"
"23.10.2020","12,54","12,23","12,56","12,23","1,42M","2,28%"
"22.10.2020","12,26","12,02","12,32","11,90","1,31M","0,99%"
"21.10.2020","12,14","12,60","12,60","12,05","1,74M","-3,65%"
"20.10.2020","12,60","11,98","12,64","11,89","1,99M","4,48%"
"19.10.2020","12,06","11,76","12,07","11,75","1,38M","3,61%"
"16.10.2020","11,64","11,93","11,98","11,58","1,87M","-2,18%"
"15.10.2020","11,90","11,89","11,90","11,66","1,71M","-1,49%"
"14.10.2020","12,08","11,71","12,10","11,49","1,92M","3,51%"
"13.10.2020","11,67","12,03","12,07","11,67","1,86M","-3,31%"
"12.10.2020","12,07","12,05","12,18","12,00","1,07M","0,08%"
"09.10.2020","12,06","12,00","12,31","11,94","1,56M","-0,25%"
"08.10.2020","12,09","12,09","12,30","12,09","1,25M","0,58%"
"07.10.2020","12,02","12,26","12,26","11,98","1,24M","-1,96%"
"06.10.2020","12,26","11,90","12,26","11,90","1,26M","3,20%"
"05.10.2020","11,88","11,75","12,01","11,75","1,18M","1,97%"
"02.10.2020","11,65","11,51","11,65","11,39","1,68M","0,34%"
"01.10.2020","11,61","12,02","12,05","11,55","2,18M","-2,68%"
"30.09.2020","11,93","11,54","12,02","11,54","3,38M","1,79%"
"29.09.2020","11,72","11,75","11,75","11,58","1,25M","-0,93%"
"28.09.2020","11,83","11,67","11,85","11,55","1,48M","2,34%"
"25.09.2020","11,56","11,27","11,56","11,24","2,00M","1,23%"
"24.09.2020","11,42","11,20","11,52","11,17","1,73M","-0,09%"
"23.09.2020","11,43","11,39","11,62","11,32","1,71M","0,35%"
"22.09.2020","11,39","11,40","11,42","11,16","1,49M","0,80%"
"21.09.2020","11,30","11,77","11,77","11,09","1,97M","-5,12%"
"18.09.2020","11,91","12,20","12,20","11,73","4,22M","-3,17%"
"17.09.2020","12,30","12,03","12,30","11,80","1,73M","1,65%"
"16.09.2020","12,10","12,18","12,28","11,94","2,86M","-1,22%"
"15.09.2020","12,25","12,05","12,34","12,05","2,14M","1,32%"
"14.09.2020","12,09","12,16","12,25","12,05","1,27M","-0,33%"
"11.09.2020","12,13","12,29","12,34","12,00","1,67M","-1,78%"
"10.09.2020","12,35","12,34","12,55","12,27","1,09M","-0,40%"
"09.09.2020","12,40","12,45","12,53","12,32","1,31M","-0,96%"
"08.09.2020","12,52","12,78","12,81","12,32","2,21M","-1,80%"
"07.09.2020","12,75","12,66","12,82","12,61","1,77M","1,11%"
"04.09.2020","12,61","12,88","13,08","12,60","1,85M","-2,25%"
"03.09.2020","12,90","12,95","13,28","12,84","2,37M","0,94%"
"02.09.2020","12,78","12,70","13,05","12,67","1,81M","0,95%"
"01.09.2020","12,66","12,67","12,68","12,38","1,55M","1,20%"
"31.08.2020","12,51","12,99","13,07","12,51","2,32M","-2,87%"
"28.08.2020","12,88","12,50","12,94","12,30","1,69M","3,70%"
"27.08.2020","12,42","12,40","12,45","12,25","920,92K","0,00%"
"26.08.2020","12,42","12,20","12,48","12,13","860,28K","1,39%"
"25.08.2020","12,25","12,29","12,44","12,25","1,39M","0,41%"
"24.08.2020","12,20","11,94","12,26","11,94","855,37K","2,87%"
"21.08.2020","11,86","11,82","11,88","11,62","1,23M","1,45%"
"20.08.2020","11,69","11,65","11,78","11,59","771,64K","-0,93%"
"19.08.2020","11,80","11,74","11,84","11,65","960,98K","0,08%"
"18.08.2020","11,79","11,53","11,97","11,49","1,94M","2,25%"
"17.08.2020","11,53","11,91","12,01","11,49","1,22M","-3,92%"
"14.08.2020","12,00","12,12","12,12","11,76","1,41M","-0,99%"
"13.08.2020","12,12","12,20","12,29","12,12","1,53M","-1,30%"
"12.08.2020","12,28","12,27","12,33","12,20","1,17M","-0,65%"
"11.08.2020","12,36","11,87","12,36","11,87","2,09M","4,83%"
"10.08.2020","11,79","11,68","11,85","11,59","720,82K","1,64%"
"07.08.2020","11,60","11,77","11,79","11,54","1,30M","-2,11%"
"06.08.2020","11,85","11,78","11,87","11,61","2,07M","0,34%"
"05.08.2020","11,81","11,67","11,99","11,62","1,85M","2,07%"
"04.08.2020","11,57","11,32","11,67","11,32","2,21M","2,48%"
"03.08.2020","11,29","11,07","11,29","10,85","2,57M","2,36%"
"31.07.2020","11,03","11,45","11,46","11,01","2,65M","-3,16%"
"30.07.2020","11,39","11,50","11,58","11,29","1,87M","-1,21%"
"29.07.2020","11,53","11,55","11,79","11,29","2,08M","-1,20%"
"28.07.2020","11,67","11,56","11,69","11,43","1,77M","2,46%"
"27.07.2020","11,39","11,44","11,45","11,13","1,96M","-1,81%"
"24.07.2020","11,60","11,62","11,74","11,49","1,33M","-1,36%"
"23.07.2020","11,76","11,89","12,00","11,66","1,22M","-1,09%"
"22.07.2020","11,89","11,97","12,08","11,68","1,27M","-1,08%"
"21.07.2020","12,02","12,20","12,38","11,90","1,98M","-0,08%"
"20.07.2020","12,03","12,10","12,11","11,87","1,30M","-0,58%"
"17.07.2020","12,10","12,32","12,32","12,02","1,33M","-1,22%"
"16.07.2020","12,25","12,38","12,46","12,18","1,45M","-1,29%"
"15.07.2020","12,41","12,12","12,53","12,05","2,02M","4,37%"
"14.07.2020","11,89","12,05","12,12","11,83","1,67M","-2,38%"
"13.07.2020","12,18","12,22","12,26","11,99","1,07M","1,50%"
"10.07.2020","12,00","11,95","12,04","11,83","1,41M","0,00%"
"09.07.2020","12,00","12,20","12,22","11,96","1,22M","-1,80%"
"08.07.2020","12,22","12,33","12,36","12,04","1,34M","-1,77%"
"07.07.2020","12,44","12,55","12,57","12,29","1,51M","-1,74%"
"06.07.2020","12,66","12,68","12,82","12,59","1,19M","1,77%"
"03.07.2020","12,44","12,54","12,63","12,36","1,09M","-0,16%"
"02.07.2020","12,46","12,18","12,66","12,18","2,02M","2,98%"
"01.07.2020","12,10","11,90","12,19","11,69","2,13M","1,94%"
"30.06.2020","11,87","12,05","12,09","11,85","3,33M","-1,08%"
"29.06.2020","12,00","11,91","12,11","11,78","1,48M","0,50%"
"26.06.2020","11,94","12,25","12,34","11,93","2,30M","-1,65%"
"25.06.2020","12,14","12,06","12,44","11,92","1,75M","0,91%"
"24.06.2020","12,03","12,27","12,43","12,03","2,45M","-2,27%"
"23.06.2020","12,31","12,71","12,86","12,17","1,67M","-2,30%"
"22.06.2020","12,60","12,43","12,78","12,38","1,26M","0,96%"
"19.06.2020","12,48","12,71","12,80","12,45","5,91M","-1,81%"
"18.06.2020","12,71","12,79","12,91","12,56","2,72M","-1,17%"
"17.06.2020","12,86","12,75","13,07","12,68","2,64M","0,94%"
"16.06.2020","12,74","12,84","13,12","12,59","2,25M","1,43%"
"15.06.2020","12,56","12,22","12,67","11,99","1,99M","1,29%"
"12.06.2020","12,40","12,31","12,72","12,25","2,53M","0,16%"
"11.06.2020","12,38","12,94","12,94","12,32","2,56M","-5,86%"
"10.06.2020","13,15","13,52","13,84","13,09","2,69M","-2,81%"
"09.06.2020","13,53","14,03","14,13","13,37","2,95M","-3,77%"
"08.06.2020","14,06","14,04","14,23","13,91","2,54M","-2,09%"
"05.06.2020","14,36","13,83","14,36","13,76","3,24M","4,66%"
"04.06.2020","13,72","14,30","14,35","13,67","3,59M","-5,18%"
"03.06.2020","14,47","13,80","14,47","13,63","3,83M","5,62%"
"02.06.2020","13,70","13,25","13,86","13,17","3,01M","4,26%"
"01.06.2020","13,14","12,96","13,22","12,91","1,33M","2,50%"
"29.05.2020","12,82","13,00","13,23","12,78","4,32M","-2,88%"
"28.05.2020","13,20","13,54","13,55","12,98","2,81M","-1,12%"
"27.05.2020","13,35","13,00","13,63","12,93","3,65M","3,89%"
"26.05.2020","12,85","12,33","12,93","12,27","2,56M","5,50%"
"25.05.2020","12,18","11,96","12,33","11,86","1,86M","4,91%"
"22.05.2020","11,61","11,60","11,68","11,22","2,94M","1,49%"
"21.05.2020","11,44","11,16","11,64","11,05","2,35M","2,05%"
"20.05.2020","11,21","11,23","11,23","10,92","2,23M","0,09%"
"19.05.2020","11,20","11,36","11,36","10,86","3,04M","-0,18%"
"18.05.2020","11,22","10,60","11,43","10,53","2,79M","7,68%"
"15.05.2020","10,42","10,40","10,53","10,35","2,58M","1,36%"
"14.05.2020","10,28","10,39","10,66","9,93","1,76M","0,78%"
"13.05.2020","10,20","10,44","10,58","10,20","1,67M","-2,49%"
"12.05.2020","10,46","10,53","10,65","10,46","1,96M","-1,04%"
"11.05.2020","10,57","10,80","10,92","10,52","1,51M","-2,04%"
"08.05.2020","10,79","11,05","11,05","10,71","1,10M","-0,92%"
"07.05.2020","10,89","10,90","11,04","10,78","1,28M","0,55%"
"06.05.2020","10,83","10,76","10,96","10,61","1,68M","-0,28%"
"05.05.2020","10,86","11,05","11,21","10,82","2,26M","-0,82%"
"04.05.2020","10,95","11,11","11,24","10,95","2,34M","-5,19%"
"30.04.2020","11,55","11,60","11,73","11,40","2,06M","0,96%"
"29.04.2020","11,44","11,62","11,67","11,11","2,07M","-1,29%"
"28.04.2020","11,59","11,60","11,78","11,14","1,94M","0,96%"
"27.04.2020","11,48","11,46","11,63","11,25","1,51M","1,06%"
"24.04.2020","11,36","11,50","11,62","11,29","1,47M","-1,90%"
"23.04.2020","11,58","11,69","11,69","11,34","1,32M","1,67%"
"22.04.2020","11,39","11,30","11,50","11,07","1,29M","1,61%"
"21.04.2020","11,21","12,01","12,10","11,21","2,59M","-5,40%"
"20.04.2020","11,85","12,29","12,33","11,67","1,62M","-3,19%"
"17.04.2020","12,24","12,56","12,59","12,24","2,07M","0,74%"
"16.04.2020","12,15","12,17","12,54","12,15","2,46M","1,08%"
"15.04.2020","12,02","12,81","12,81","11,92","3,17M","-3,84%"
"14.04.2020","12,50","12,40","12,64","12,23","4,22M","2,88%"
"09.04.2020","12,15","11,85","12,15","11,80","4,08M","5,84%"
"08.04.2020","11,48","11,47","11,48","11,19","2,10M","-0,09%"
"07.04.2020","11,49","11,34","11,94","11,13","3,10M","4,55%"
"06.04.2020","10,99","10,60","11,09","10,60","1,38M","7,22%"
"03.04.2020","10,25","10,15","10,50","10,00","2,30M","1,99%"
"02.04.2020","10,05","10,77","10,77","9,85","2,38M","2,55%"
"01.04.2020","9,80","10,05","10,19","9,80","3,05M","-1,51%"
"31.03.2020","9,95","10,13","10,25","9,79","4,10M","-0,80%"
"30.03.2020","10,03","10,55","10,72","10,02","2,69M","-5,29%"
"27.03.2020","10,59","11,18","11,18","10,59","2,50M","-6,78%"
"26.03.2020","11,36","11,05","11,48","10,82","1,60M","3,18%"
"25.03.2020","11,01","11,13","11,20","10,20","2,83M","3,19%"
"24.03.2020","10,67","10,62","10,70","9,91","3,49M","4,51%"
"23.03.2020","10,21","11,38","12,58","10,19","3,91M","-18,97%"
"20.03.2020","12,60","12,49","12,62","11,28","5,91M","19,66%"
"19.03.2020","10,53","10,68","12,39","10,04","4,87M","-0,85%"
"18.03.2020","10,62","9,63","12,00","9,63","4,94M","7,82%"
"17.03.2020","9,85","9,64","10,30","8,95","4,59M","7,18%"
"16.03.2020","9,19","9,90","10,10","9,00","6,38M","-14,99%"
"13.03.2020","10,81","10,69","11,73","10,64","5,56M","4,14%"
"12.03.2020","10,38","11,40","11,62","10,36","7,10M","-15,33%"
"11.03.2020","12,26","12,38","12,46","12,03","4,60M","0,41%"
"10.03.2020","12,21","13,20","13,23","12,21","3,87M","-3,78%"
"09.03.2020","12,69","12,88","13,14","12,61","3,69M","-6,62%"
"06.03.2020","13,59","14,01","14,04","13,44","2,28M","-4,90%"
"05.03.2020","14,29","14,60","14,63","14,20","1,97M","-1,58%"
"04.03.2020","14,52","14,28","14,69","14,23","2,27M","1,54%"
"03.03.2020","14,30","14,33","14,69","14,21","3,32M","0,56%"
"02.03.2020","14,22","14,73","14,87","14,00","3,27M","-1,93%"
"28.02.2020","14,50","14,77","14,77","14,35","4,86M","-3,78%"
"27.02.2020","15,07","15,22","15,40","14,85","3,20M","-2,14%"
"26.02.2020","15,40","15,40","15,59","14,94","4,45M","-0,71%"
"25.02.2020","15,51","16,02","16,11","15,51","2,74M","-2,15%"
"24.02.2020","15,85","16,48","16,50","15,77","2,98M","-5,43%"
"21.02.2020","16,76","16,76","16,89","16,70","1,28M","-0,24%"
"20.02.2020","16,80","16,92","16,98","16,73","1,15M","-0,88%"
"19.02.2020","16,95","16,88","17,07","16,82","970,16K","0,77%"
"18.02.2020","16,82","16,70","16,84","16,67","807,50K","0,18%"
"17.02.2020","16,79","16,80","16,84","16,76","624,68K","-0,30%"
"14.02.2020","16,84","16,65","16,84","16,64","1,12M","1,14%"
"13.02.2020","16,65","16,80","16,86","16,57","1,09M","-1,30%"
"12.02.2020","16,87","16,91","16,97","16,82","954,62K","-0,18%"
"11.02.2020","16,90","16,91","16,94","16,86","1,19M","0,24%"
"10.02.2020","16,86","16,89","16,93","16,82","761,17K","-0,30%"
"07.02.2020","16,91","16,96","17,00","16,86","1,13M","-0,53%"
"06.02.2020","17,00","17,23","17,23","16,95","1,30M","-0,64%"
"05.02.2020","17,11","16,90","17,20","16,86","1,86M","1,24%"
"04.02.2020","16,90","16,89","17,00","16,86","989,89K","0,30%"
"03.02.2020","16,85","16,70","16,86","16,68","1,40M","0,84%"
"31.01.2020","16,71","16,78","16,79","16,62","1,62M","-0,18%"
"30.01.2020","16,74","16,68","16,77","16,66","1,06M","0,00%"
"29.01.2020","16,74","16,64","16,78","16,62","823,45K","0,18%"
"28.01.2020","16,71","16,59","16,75","16,49","1,26M","0,97%"
"27.01.2020","16,55","16,61","16,70","16,55","1,11M","-1,78%"
"24.01.2020","16,85","16,91","17,04","16,85","968,64K","0,00%"
"23.01.2020","16,85","16,96","16,96","16,66","1,40M","-0,77%"
"22.01.2020","16,98","16,98","17,20","16,97","1,00M","-0,12%"
"21.01.2020","17,00","17,20","17,25","16,96","928,05K","-1,73%"
"20.01.2020","17,30","17,28","17,43","17,21","811,51K","0,00%"
"17.01.2020","17,30","17,45","17,71","17,30","1,40M","-0,86%"
"16.01.2020","17,45","17,43","17,52","17,34","769,97K","0,23%"
"15.01.2020","17,41","17,45","17,45","17,29","1,01M","0,00%"
"14.01.2020","17,41","17,21","17,42","17,18","1,08M","1,22%"
"13.01.2020","17,20","17,17","17,20","17,03","865,92K","0,23%"
"10.01.2020","17,16","17,09","17,34","17,08","1,61M","0,94%"
"09.01.2020","17,00","17,00","17,05","16,85","1,03M","0,83%"
"08.01.2020","16,86","16,80","16,91","16,75","1,14M","0,24%"
"07.01.2020","16,82","16,95","17,02","16,79","1,68M","-0,47%"
"06.01.2020","16,90","16,94","16,95","16,73","782,39K","-0,65%"
"03.01.2020","17,01","17,04","17,05","16,84","1,08M","-0,70%"
"02.01.2020","17,13","17,32","17,32","17,02","941,43K","0,47%"
"31.12.2019","17,05","17,11","17,27","17,05","733,93K","-1,45%"
"30.12.2019","17,30","17,51","17,51","17,30","596,92K","-1,14%"
"27.12.2019","17,50","17,51","17,54","17,38","610,69K","0,63%"
"24.12.2019","17,39","17,41","17,43","17,27","282,63K","0,29%"
"23.12.2019","17,34","17,19","17,50","17,10","892,80K","0,76%"
"20.12.2019","17,21","17,22","17,25","17,07","2,70M","0,53%"
"19.12.2019","17,12","17,45","17,52","17,12","1,36M","-1,83%"
"18.12.2019","17,44","17,43","17,59","17,40","1,59M","-0,34%"
"17.12.2019","17,50","17,42","17,58","17,40","1,79M","0,29%"
"16.12.2019","17,45","17,59","17,64","17,41","1,69M","-0,29%"
"13.12.2019","17,50","17,39","17,58","17,30","2,55M","2,10%"
"12.12.2019","17,14","17,02","17,25","17,02","2,49M","0,71%"
"11.12.2019","17,02","16,62","17,02","16,62","1,82M","2,28%"
"10.12.2019","16,64","16,67","16,73","16,45","1,34M","0,06%"
"09.12.2019","16,63","16,55","16,73","16,54","862,70K","0,42%"
"06.12.2019","16,56","16,38","16,61","16,32","948,60K","1,28%"
"05.12.2019","16,35","16,52","16,54","16,29","1,82M","-0,61%"
"04.12.2019","16,45","16,35","16,52","16,34","1,15M","0,92%"
"03.12.2019","16,30","16,32","16,40","16,23","1,29M","-0,24%"
"02.12.2019","16,34","16,69","16,80","16,30","1,40M","-1,98%"
"29.11.2019","16,67","16,64","16,80","16,62","1,10M","-0,54%"
"28.11.2019","16,76","16,89","16,91","16,70","571,80K","-0,83%"
"27.11.2019","16,90","16,96","17,02","16,81","1,16M","0,06%"
"26.11.2019","16,89","16,68","16,94","16,68","5,10M","1,44%"
"25.11.2019","16,65","16,73","16,79","16,64","902,99K","0,12%"
"22.11.2019","16,63","16,61","16,73","16,57","1,24M","0,36%"
"21.11.2019","16,57","16,68","16,75","16,54","1,28M","-1,07%"
"20.11.2019","16,75","16,77","16,82","16,66","804,95K","-0,53%"
"19.11.2019","16,84","16,80","16,96","16,74","997,57K","0,78%"
"18.11.2019","16,71","16,61","16,71","16,54","1,23M","0,30%"
"15.11.2019","16,66","16,39","16,66","16,38","1,28M","2,21%"
"14.11.2019","16,30","16,34","16,37","16,25","1,09M","-0,24%"
"13.11.2019","16,34","16,52","16,60","16,18","1,67M","-1,51%"
"12.11.2019","16,59","16,87","16,89","16,57","1,36M","-1,54%"
"11.11.2019","16,85","16,77","16,87","16,72","573,70K","0,60%"
"08.11.2019","16,75","16,75","16,80","16,68","968,13K","-0,18%"
"07.11.2019","16,78","16,73","16,80","16,64","999,05K","0,84%"
"06.11.2019","16,64","16,70","16,82","16,62","1,38M","-0,60%"
"05.11.2019","16,74","16,77","16,80","16,61","1,32M","-0,18%"
"04.11.2019","16,77","16,75","16,86","16,66","1,20M","0,18%"
"01.11.2019","16,74","16,49","16,86","16,48","1,49M","1,76%"
"31.10.2019","16,45","16,38","16,50","16,32","1,73M","0,30%"
"30.10.2019","16,40","16,76","16,77","16,32","2,23M","-2,38%"
"29.10.2019","16,80","16,62","16,93","16,62","1,71M","0,72%"
"28.10.2019","16,68","16,44","16,68","16,35","968,34K","1,09%"
"25.10.2019","16,50","16,44","16,52","16,37","916,05K","0,55%"
"24.10.2019","16,41","16,45","16,48","16,25","1,32M","-0,30%"
"23.10.2019","16,46","16,76","16,77","16,43","1,45M","-1,67%"
"22.10.2019","16,74","16,75","16,88","16,70","1,02M","-0,18%"
"21.10.2019","16,77","16,84","16,88","16,61","1,20M","-0,18%"
"18.10.2019","16,80","17,09","17,18","16,75","1,46M","-1,75%"
"17.10.2019","17,10","16,72","17,22","16,72","2,33M","2,09%"
"16.10.2019","16,75","16,88","16,96","16,75","1,16M","-0,65%"
"15.10.2019","16,86","16,80","16,92","16,77","947,38K","0,36%"
"14.10.2019","16,80","16,89","16,93","16,73","873,35K","-0,47%"
"11.10.2019","16,88","16,79","16,91","16,70","1,45M","1,02%"
"10.10.2019","16,71","16,66","16,75","16,50","933,97K","0,42%"
"09.10.2019","16,64","16,50","16,64","16,45","1,02M","1,16%"
"08.10.2019","16,45","16,63","16,66","16,38","1,42M","-0,60%"
"07.10.2019","16,55","16,70","16,73","16,43","1,15M","-0,72%"
"04.10.2019","16,67","16,70","16,70","16,48","1,56M","0,48%"
"03.10.2019","16,59","16,70","16,83","16,51","1,03M","-0,36%"
"02.10.2019","16,65","16,86","16,96","16,61","2,02M","-1,65%"
"01.10.2019","16,93","16,88","16,98","16,80","1,40M","0,77%"
"30.09.2019","16,80","16,70","16,84","16,70","1,94M","0,54%"
"27.09.2019","16,71","16,61","16,77","16,58","1,39M","0,97%"
"26.09.2019","16,55","16,50","16,57","16,36","1,34M","0,30%"
"25.09.2019","16,50","16,32","16,66","16,30","1,89M","0,55%"
"24.09.2019","16,41","16,18","16,43","16,16","1,28M","1,42%"
"23.09.2019","16,18","16,25","16,34","16,16","965,83K","-1,28%"
"20.09.2019","16,39","16,38","16,50","16,30","2,61M","0,31%"
"19.09.2019","16,34","16,36","16,45","16,32","1,46M","-0,06%"
"18.09.2019","16,35","16,16","16,44","16,16","1,84M","0,86%"
"17.09.2019","16,21","16,13","16,24","16,09","1,58M","0,50%"
"16.09.2019","16,13","16,34","16,34","16,13","1,18M","-1,89%"
"13.09.2019","16,44","16,60","16,60","16,38","1,14M","-0,90%"
"12.09.2019","16,59","16,68","16,79","16,52","1,67M","-0,06%"
"11.09.2019","16,60","16,70","16,70","16,43","1,33M","0,00%"
"10.09.2019","16,60","16,45","16,60","16,30","1,55M","0,91%"
"09.09.2019","16,45","16,73","16,73","16,43","1,09M","-1,61%"
"06.09.2019","16,72","16,68","16,77","16,64","808,72K","0,06%"
"05.09.2019","16,71","16,66","16,79","16,62","929,01K","0,72%"
"04.09.2019","16,59","16,60","16,71","16,59","938,95K","0,36%"
"03.09.2019","16,53","16,55","16,62","16,44","1,33M","-0,12%"
"02.09.2019","16,55","16,39","16,59","16,39","733,35K","0,91%"
"30.08.2019","16,40","16,48","16,55","16,38","1,14M","-0,06%"
"29.08.2019","16,41","16,32","16,48","16,32","1,22M","0,43%"
"28.08.2019","16,34","16,36","16,39","16,23","970,99K","-0,55%"
"27.08.2019","16,43","16,27","16,43","16,16","1,87M","1,11%"
"26.08.2019","16,25","16,07","16,34","16,03","591,14K","0,68%"
"23.08.2019","16,14","16,32","16,43","16,14","856,54K","-0,80%"
"22.08.2019","16,27","16,31","16,38","16,18","980,80K","-0,49%"
"21.08.2019","16,35","16,27","16,40","16,27","566,67K","0,68%"
"20.08.2019","16,24","16,36","16,45","16,24","776,53K","-0,92%"
"19.08.2019","16,39","16,30","16,43","16,27","1,10M","0,61%"
"16.08.2019","16,29","16,16","16,30","16,12","1,41M","1,05%"
"15.08.2019","16,12","16,13","16,29","16,04","1,31M","0,31%"
"14.08.2019","16,07","16,14","16,21","16,02","1,43M","-0,68%"
"13.08.2019","16,18","16,32","16,38","16,17","1,64M","-1,52%"
"12.08.2019","16,43","16,36","16,48","16,23","973,04K","0,86%"
"09.08.2019","16,29","16,35","16,43","16,23","1,01M","-0,61%"
"08.08.2019","16,39","16,32","16,39","16,12","1,30M","0,92%"
"07.08.2019","16,24","16,11","16,32","16,11","1,38M","0,87%"
"06.08.2019","16,10","16,10","16,25","16,09","1,34M","-0,06%"
"05.08.2019","16,11","16,36","16,40","16,09","1,50M","-2,36%"
"02.08.2019","16,50","16,50","16,75","16,49","1,55M","-1,49%"
"01.08.2019","16,75","16,38","16,75","16,27","1,99M","2,07%"
"31.07.2019","16,41","16,90","16,90","16,39","2,59M","-3,24%"
"30.07.2019","16,96","17,20","17,20","16,86","1,73M","-1,05%"
"29.07.2019","17,14","17,09","17,28","17,06","1,55M","0,23%"
"26.07.2019","17,10","17,18","17,27","17,05","1,91M","-0,23%"
"25.07.2019","17,14","17,47","17,55","17,14","1,65M","-1,49%"
"24.07.2019","17,40","17,41","17,50","17,31","1,19M","-0,17%"
"23.07.2019","17,43","17,46","17,55","17,38","1,19M","0,17%"
"22.07.2019","17,40","17,34","17,41","17,22","814,91K","0,29%"
"19.07.2019","17,35","17,50","17,55","17,34","1,41M","-0,34%"
"18.07.2019","17,41","17,38","17,46","17,29","1,57M","-0,85%"
"17.07.2019","17,56","17,54","17,64","17,48","1,40M","0,06%"
"16.07.2019","17,55","17,48","17,61","17,43","1,12M","0,29%"
"15.07.2019","17,50","17,38","17,54","17,30","1,14M","1,04%"
"12.07.2019","17,32","17,20","17,34","17,20","1,40M","0,70%"
"11.07.2019","17,20","17,32","17,42","17,14","1,15M","-0,64%"
"10.07.2019","17,31","17,36","17,39","17,23","1,16M","-0,40%"
"09.07.2019","17,38","17,28","17,48","17,28","1,32M","0,17%"
"08.07.2019","17,35","17,32","17,47","17,32","1,40M","0,06%"
"05.07.2019","17,34","17,77","17,80","17,25","1,37M","-2,31%"
"04.07.2019","17,75","17,75","17,80","17,70","524,69K","0,23%"
"03.07.2019","17,71","17,69","17,93","17,68","1,28M","0,51%"
"02.07.2019","17,62","17,64","17,77","17,57","1,41M","0,92%"
"01.07.2019","17,46","17,65","17,65","17,43","1,42M","0,17%"
"28.06.2019","17,43","17,28","17,52","17,23","1,82M","1,34%"
"27.06.2019","17,20","17,36","17,37","17,18","1,40M","-0,41%"
"26.06.2019","17,27","17,58","17,62","17,12","2,70M","-2,59%"
"25.06.2019","17,73","17,66","17,75","17,59","1,32M","0,00%"
"24.06.2019","17,73","17,57","17,73","17,56","1,72M","1,26%"
"21.06.2019","17,51","17,70","17,81","17,48","4,45M","-0,79%"
"20.06.2019","17,65","17,90","17,93","17,61","2,04M","-0,84%"
"19.06.2019","17,80","17,79","17,99","17,79","1,27M","0,23%"
"18.06.2019","17,76","17,27","17,86","17,27","1,82M","2,66%"
"17.06.2019","17,30","17,33","17,43","17,29","977,21K","-0,12%"
"14.06.2019","17,32","17,41","17,48","17,31","1,60M","-0,74%"
"13.06.2019","17,45","17,43","17,61","17,39","1,47M","-0,23%"
"12.06.2019","17,49","17,27","17,50","17,27","1,21M","0,81%"
"11.06.2019","17,35","17,35","17,39","17,28","1,39M","0,46%"
"10.06.2019","17,27","17,25","17,32","17,23","606,94K","0,12%"
"07.06.2019","17,25","17,10","17,30","17,04","1,68M","1,05%"
"06.06.2019","17,07","16,98","17,16","16,94","1,69M","0,53%"
"05.06.2019","16,98","16,73","16,98","16,70","1,68M","1,98%"
"04.06.2019","16,65","16,61","16,81","16,58","1,84M","-0,30%"
"03.06.2019","16,70","16,42","16,70","16,39","1,25M","1,27%"
"31.05.2019","16,49","16,61","16,73","16,43","1,41M","-1,43%"
"30.05.2019","16,73","16,55","16,75","16,50","746,14K","1,27%"
"29.05.2019","16,52","16,63","16,68","16,50","1,50M","-1,43%"
"28.05.2019","16,76","16,73","16,84","16,57","1,65M","0,24%"
"27.05.2019","16,72","16,74","16,90","16,70","411,81K","0,06%"
"24.05.2019","16,71","16,64","16,75","16,61","1,24M","0,84%"
"23.05.2019","16,57","16,71","16,76","16,55","1,23M","-1,37%"
"22.05.2019","16,80","16,66","16,84","16,65","1,28M","0,18%"
"21.05.2019","16,77","16,60","16,81","16,50","1,13M","1,64%"
"20.05.2019","16,50","16,65","16,66","16,41","1,30M","-1,08%"
"17.05.2019","16,68","16,77","16,81","16,55","1,20M","-0,77%"
"16.05.2019","16,81","16,71","16,81","16,64","1,18M","0,66%"
"15.05.2019","16,70","16,55","16,75","16,50","1,54M","0,91%"
"14.05.2019","16,55","16,40","16,55","16,39","1,08M","1,10%"
"13.05.2019","16,37","16,48","16,48","16,27","1,54M","-0,12%"
"10.05.2019","16,39","16,51","16,52","16,36","1,38M","-0,73%"
"09.05.2019","16,51","16,39","16,52","16,30","2,25M","0,36%"
"08.05.2019","16,45","16,35","16,51","16,34","1,60M","0,06%"
"07.05.2019","16,44","16,49","16,61","16,36","1,35M","-0,30%"
"06.05.2019","16,49","16,31","16,49","16,27","953,43K","-0,18%"
"03.05.2019","16,52","16,65","16,66","16,52","1,36M","-0,30%"
"02.05.2019","16,57","16,63","16,75","16,52","2,61M","0,18%"
"30.04.2019","16,54","16,36","16,62","16,25","2,11M","1,60%"
"29.04.2019","16,28","16,28","16,32","16,18","1,08M","0,06%"
"26.04.2019","16,27","16,11","16,34","16,07","1,64M","1,18%"
"25.04.2019","16,08","15,96","16,14","15,94","2,16M","0,37%"
"24.04.2019","16,02","15,87","16,03","15,87","3,37M","0,75%"
"23.04.2019","15,90","15,95","15,95","15,71","1,18M","0,06%"
"18.04.2019","15,89","16,08","16,08","15,84","1,60M","0,32%"
"17.04.2019","15,84","15,82","15,89","15,62","1,41M","-3,41%"
"16.04.2019","16,40","16,52","16,55","16,36","1,61M","-0,61%"
"15.04.2019","16,50","16,41","16,58","16,38","1,66M","0,98%"
"12.04.2019","16,34","16,36","16,39","16,23","2,00M","-0,06%"
"11.04.2019","16,35","16,27","16,38","16,14","1,63M","0,74%"
"10.04.2019","16,23","16,12","16,27","16,09","3,11M","2,08%"
"09.04.2019","15,90","15,94","16,03","15,86","1,31M","0,00%"
"08.04.2019","15,90","16,11","16,11","15,82","1,59M","-2,09%"
"05.04.2019","16,24","16,29","16,32","16,20","1,55M","0,19%"
"04.04.2019","16,21","16,38","16,45","16,21","1,72M","-1,04%"
"03.04.2019","16,38","16,20","16,40","16,11","1,46M","1,36%"
"02.04.2019","16,16","16,07","16,23","15,95","1,85M","0,56%"
"01.04.2019","16,07","16,07","16,18","16,05","1,85M","0,12%"
"29.03.2019","16,05","16,19","16,20","15,95","3,45M","-1,65%"
"28.03.2019","16,32","16,32","16,43","16,24","1,28M","0,18%"
"27.03.2019","16,29","16,07","16,30","16,02","1,27M","1,75%"
"26.03.2019","16,01","16,05","16,07","15,91","1,03M","0,25%"
"25.03.2019","15,97","15,93","16,05","15,89","2,02M","0,13%"
"22.03.2019","15,95","16,24","16,24","15,95","1,56M","-1,48%"
"21.03.2019","16,19","16,11","16,24","16,07","1,21M","-0,06%"
"20.03.2019","16,20","16,45","16,48","16,16","1,84M","-2,47%"
"19.03.2019","16,61","16,40","16,64","16,36","1,42M","1,53%"
"18.03.2019","16,36","16,20","16,36","16,19","1,08M","1,05%"
"15.03.2019","16,19","15,99","16,19","15,97","2,32M","1,50%"
"14.03.2019","15,95","15,86","16,10","15,86","1,20M","0,63%"
"13.03.2019","15,85","15,77","15,86","15,66","1,66M","-0,25%"
"12.03.2019","15,89","15,82","15,91","15,78","1,32M","0,70%"
"11.03.2019","15,78","15,89","15,90","15,70","947,72K","-0,44%"
"08.03.2019","15,85","15,82","15,94","15,82","1,44M","0,00%"
"07.03.2019","15,85","15,89","15,94","15,80","1,60M","-0,19%"
"06.03.2019","15,88","15,93","16,05","15,88","1,84M","-0,31%"
"05.03.2019","15,93","15,74","15,93","15,69","2,03M","1,27%"
"04.03.2019","15,73","15,63","15,81","15,62","1,37M","0,83%"
"01.03.2019","15,60","15,80","15,83","15,60","1,29M","-0,57%"
"28.02.2019","15,69","15,49","15,79","15,49","2,50M","0,90%"
"27.02.2019","15,55","15,82","15,87","15,52","1,58M","-1,46%"
"26.02.2019","15,78","15,50","15,78","15,50","1,28M","1,15%"
"25.02.2019","15,60","15,61","15,66","15,47","940,89K","0,13%"
"22.02.2019","15,58","15,51","15,60","15,47","1,12M","0,26%"
"21.02.2019","15,54","15,44","15,57","15,39","808,10K","0,91%"
"20.02.2019","15,40","15,41","15,58","15,37","1,23M","0,06%"
"19.02.2019","15,39","15,38","15,39","15,29","880,70K","0,07%"
"18.02.2019","15,38","15,39","15,39","15,23","839,12K","0,13%"
"15.02.2019","15,36","15,04","15,36","14,96","1,05M","2,13%"
"14.02.2019","15,04","15,03","15,10","14,89","1,37M","0,67%"
"13.02.2019","14,94","14,99","15,03","14,85","1,26M","-0,13%"
"12.02.2019","14,96","14,88","15,06","14,80","1,21M","1,22%"
"11.02.2019","14,78","14,90","15,02","14,78","1,25M","0,07%"
"08.02.2019","14,77","14,88","14,93","14,77","1,54M","-1,07%"
"07.02.2019","14,93","15,02","15,14","14,92","1,08M","-0,67%"
"06.02.2019","15,03","15,15","15,20","14,98","962,07K","-0,99%"
"05.02.2019","15,18","15,05","15,18","14,94","1,28M","1,07%"
"04.02.2019","15,02","15,10","15,11","14,96","1,42M","-0,60%"
"01.02.2019","15,11","15,10","15,15","14,81","918,11K","0,20%"
"31.01.2019","15,08","14,88","15,10","14,88","2,33M","1,34%"
"30.01.2019","14,88","14,81","14,88","14,76","795,10K","0,68%"
"29.01.2019","14,78","14,79","14,94","14,74","1,57M","0,27%"
"28.01.2019","14,74","14,98","15,04","14,65","1,54M","-1,93%"
"25.01.2019","15,03","15,17","15,39","14,88","1,81M","-0,20%"
"24.01.2019","15,06","14,89","15,07","14,84","2,26M","1,21%"
"23.01.2019","14,88","14,66","14,97","14,59","1,74M","1,16%"
"22.01.2019","14,71","14,52","14,71","14,45","1,31M","1,66%"
"21.01.2019","14,47","14,36","14,64","14,36","1,07M","1,26%"
"18.01.2019","14,29","14,23","14,31","14,18","1,37M","1,13%"
"17.01.2019","14,13","14,15","14,19","14,06","1,22M","-0,84%"
"16.01.2019","14,25","13,98","14,32","13,97","1,73M","2,59%"
"15.01.2019","13,89","13,95","14,02","13,72","1,08M","0,29%"
"14.01.2019","13,85","13,95","14,04","13,83","1,17M","-0,72%"
"11.01.2019","13,95","13,96","13,99","13,87","961,00K","0,14%"
"10.01.2019","13,93","13,84","13,95","13,76","1,58M","0,58%"
"09.01.2019","13,85","14,13","14,16","13,84","1,28M","-1,07%"
"08.01.2019","14,00","13,93","14,11","13,88","1,71M","0,65%"
"07.01.2019","13,91","14,10","14,11","13,82","926,63K","-1,00%"
"04.01.2019","14,05","13,79","14,10","13,77","1,10M","2,48%"
"03.01.2019","13,71","13,64","13,91","13,64","1,36M","0,07%"
"02.01.2019","13,70","13,47","13,80","13,39","1,43M","0,96%"
"31.12.2018","13,57","13,64","13,78","13,57","634,52K","-0,22%"
"28.12.2018","13,60","13,41","13,61","13,38","834,18K","1,72%"
"27.12.2018","13,37","13,63","13,63","13,30","1,06M","-1,04%"
"24.12.2018","13,51","13,49","13,59","13,40","240,90K","-0,66%"
"21.12.2018","13,60","13,48","13,62","13,40","2,93M","0,74%"
"20.12.2018","13,50","13,48","13,66","13,39","1,27M","-1,03%"
"19.12.2018","13,64","13,71","13,85","13,60","1,63M","-0,29%"
"18.12.2018","13,68","13,85","14,03","13,68","2,80M","-1,23%"
"17.12.2018","13,85","14,05","14,14","13,85","2,40M","-1,42%"
"14.12.2018","14,05","14,04","14,14","13,99","1,52M","-0,57%"
"13.12.2018","14,13","14,40","14,59","14,03","2,55M","-1,26%"
"12.12.2018","14,31","14,41","14,58","14,31","2,42M","0,28%"
"11.12.2018","14,27","14,05","14,43","14,01","1,95M","2,22%"
"10.12.2018","13,96","13,92","14,05","13,92","1,48M","-0,29%"
"07.12.2018","14,00","14,12","14,15","13,99","1,55M","-0,36%"
"06.12.2018","14,05","13,93","14,08","13,85","2,80M","0,21%"
"05.12.2018","14,02","13,95","14,07","13,93","1,04M","-0,43%"
"04.12.2018","14,08","14,12","14,21","14,01","1,49M","0,36%"
"03.12.2018","14,03","14,26","14,26","13,90","1,25M","0,07%"
"30.11.2018","14,02","14,21","14,28","13,95","2,50M","-1,34%"
"29.11.2018","14,21","14,34","14,44","14,17","824,75K","0,00%"
"28.11.2018","14,21","14,21","14,30","14,15","1,17M","0,50%"
"27.11.2018","14,14","13,97","14,23","13,97","1,79M","1,29%"
"26.11.2018","13,96","13,71","13,97","13,71","1,23M","2,35%"
"23.11.2018","13,64","13,60","13,73","13,60","738,95K","0,29%"
"22.11.2018","13,60","13,47","13,66","13,45","961,41K","0,00%"
"21.11.2018","13,60","13,35","13,60","13,23","1,74M","2,33%"
"20.11.2018","13,29","13,26","13,36","13,17","1,12M","-0,08%"
"19.11.2018","13,30","13,29","13,54","13,27","837,38K","-0,67%"
"16.11.2018","13,39","13,50","13,52","13,28","1,43M","-0,45%"
"15.11.2018","13,45","13,56","13,70","13,44","1,22M","-0,74%"
"14.11.2018","13,55","13,65","13,72","13,48","1,52M","-1,17%"
"13.11.2018","13,71","13,71","13,87","13,69","1,51M","0,07%"
"12.11.2018","13,70","14,01","14,01","13,70","1,27M","-1,72%"
"09.11.2018","13,94","13,91","13,98","13,82","983,86K","0,29%"
"08.11.2018","13,90","13,96","14,01","13,87","830,43K","-0,14%"
"07.11.2018","13,92","13,87","14,11","13,86","1,40M","0,58%"
"06.11.2018","13,84","13,87","13,87","13,71","1,07M","0,14%"
"05.11.2018","13,82","13,74","13,85","13,69","1,29M","0,22%"
"02.11.2018","13,79","14,10","14,17","13,72","1,31M","-1,15%"
"01.11.2018","13,95","14,06","14,16","13,88","1,23M","-1,20%"
"31.10.2018","14,12","14,15","14,30","13,91","2,47M","0,86%"
"30.10.2018","14,00","14,01","14,14","13,93","1,54M","0,79%"
"29.10.2018","13,89","14,02","14,14","13,89","1,25M","-0,57%"
"26.10.2018","13,97","13,93","13,97","13,74","1,43M","-0,57%"
"25.10.2018","14,05","13,73","14,07","13,72","1,86M","1,81%"
"24.10.2018","13,80","13,95","14,08","13,80","1,10M","-0,43%"
"23.10.2018","13,86","13,94","14,05","13,82","1,48M","-1,35%"
"22.10.2018","14,05","14,32","14,40","14,03","1,33M","-0,78%"
"19.10.2018","14,16","14,00","14,26","13,95","1,71M","0,78%"
"18.10.2018","14,05","13,97","14,14","13,93","1,44M","0,57%"
"17.10.2018","13,97","14,11","14,14","13,94","1,57M","-0,64%"
"16.10.2018","14,06","13,91","14,14","13,86","1,25M","1,22%"
"15.10.2018","13,89","13,80","13,93","13,71","1,44M","0,51%"
"12.10.2018","13,82","13,87","13,98","13,64","2,61M","0,14%"
"11.10.2018","13,80","13,64","13,93","13,00","3,11M","-1,22%"
"10.10.2018","13,97","14,59","14,59","13,87","2,83M","-4,77%"
"09.10.2018","14,67","14,53","14,73","14,46","2,04M","1,10%"
"08.10.2018","14,51","14,40","14,57","14,38","1,24M","0,42%"
"05.10.2018","14,45","14,54","14,60","14,34","1,84M","1,62%"
"04.10.2018","14,22","14,46","14,46","14,18","1,48M","-1,86%"
"03.10.2018","14,49","14,62","14,66","14,47","1,32M","-0,89%"
"02.10.2018","14,62","14,68","14,71","14,57","1,49M","-0,68%"
"01.10.2018","14,72","14,89","14,89","14,66","1,34M","-1,54%"
"28.09.2018","14,95","14,71","14,96","14,66","3,26M","1,01%"
"27.09.2018","14,80","14,79","14,87","14,62","1,21M","-0,27%"
"26.09.2018","14,84","14,90","14,93","14,78","1,26M","0,00%"
"25.09.2018","14,84","14,93","15,02","14,80","1,34M","-0,74%"
"24.09.2018","14,95","14,97","15,13","14,93","1,42M","-0,60%"
"21.09.2018","15,04","14,62","15,04","14,60","3,81M","3,23%"
"20.09.2018","14,57","14,48","14,59","14,41","1,74M","0,41%"
"19.09.2018","14,51","14,81","14,83","14,47","1,57M","-1,96%"
"18.09.2018","14,80","14,79","14,84","14,63","1,42M","-0,34%"
"17.09.2018","14,85","14,79","14,98","14,77","913,58K","0,75%"
"14.09.2018","14,74","14,71","14,81","14,71","1,05M","0,27%"
"13.09.2018","14,70","14,62","14,76","14,59","1,30M","0,41%"
"12.09.2018","14,64","14,54","14,71","14,39","1,63M","0,97%"
"11.09.2018","14,50","14,59","14,63","14,34","1,51M","-0,82%"
"10.09.2018","14,62","14,20","14,62","14,19","1,92M","2,89%"
"07.09.2018","14,21","14,62","14,68","14,18","1,99M","-3,73%"
"06.09.2018","14,76","14,88","14,91","14,50","2,35M","-1,99%"
"05.09.2018","15,06","15,01","15,14","14,94","978,38K","0,00%"
"04.09.2018","15,06","15,13","15,19","14,94","893,70K","-0,59%"
"03.09.2018","15,15","15,16","15,27","15,11","406,18K","-0,66%"
"31.08.2018","15,25","15,32","15,33","15,04","1,42M","-0,59%"
"30.08.2018","15,34","15,34","15,46","15,28","835,61K","0,00%"
"29.08.2018","15,34","15,35","15,39","15,12","696,46K","0,52%"
"28.08.2018","15,26","15,35","15,44","15,26","719,14K","-0,72%"
"27.08.2018","15,37","15,25","15,41","15,22","466,94K","0,99%"
"24.08.2018","15,22","15,30","15,36","15,22","747,53K","-0,39%"
"23.08.2018","15,28","15,53","15,60","15,28","775,52K","-1,42%"
"22.08.2018","15,50","15,51","15,60","15,49","1,12M","0,13%"
"21.08.2018","15,48","15,38","15,70","15,37","727,99K","0,58%"
"20.08.2018","15,39","15,28","15,43","15,28","636,08K","0,85%"
"17.08.2018","15,26","15,35","15,40","15,20","1,06M","-0,59%"
"16.08.2018","15,35","15,43","15,43","15,20","1,46M","-0,39%"
"15.08.2018","15,41","15,54","15,56","15,30","853,06K","-0,84%"
"14.08.2018","15,54","15,66","15,71","15,42","1,14M","-0,38%"
"13.08.2018","15,60","15,61","15,65","15,57","711,74K","-0,13%"
"10.08.2018","15,62","15,63","15,69","15,61","764,50K","-0,64%"
"09.08.2018","15,72","15,68","15,73","15,62","904,74K","0,00%"
"08.08.2018","15,72","15,69","15,78","15,67","975,44K","0,32%"
"07.08.2018","15,67","15,62","15,71","15,62","927,88K","0,32%"
"06.08.2018","15,62","15,61","15,69","15,59","1,14M","0,13%"
"03.08.2018","15,60","15,43","15,61","15,40","1,13M","1,43%"
"02.08.2018","15,38","15,37","15,46","15,34","1,49M","-0,19%"
"01.08.2018","15,41","15,53","15,54","15,32","1,08M","-0,84%"
"31.07.2018","15,54","15,55","15,66","15,49","1,36M","0,19%"
"30.07.2018","15,51","15,62","15,68","15,46","981,12K","-0,89%"
"27.07.2018","15,65","15,31","15,65","15,29","1,69M","1,95%"
"26.07.2018","15,35","15,47","15,51","15,25","1,76M","-0,20%"
"25.07.2018","15,38","15,90","15,90","15,30","1,90M","-3,03%"
"24.07.2018","15,86","15,79","16,05","15,68","1,38M","0,89%"
"23.07.2018","15,72","15,89","15,89","15,65","848,63K","-1,01%"
"20.07.2018","15,88","15,71","15,94","15,61","1,32M","1,40%"
"19.07.2018","15,66","15,70","15,75","15,62","896,85K","-0,38%"
"18.07.2018","15,72","15,79","15,83","15,62","963,97K","0,13%"
"17.07.2018","15,70","15,54","15,72","15,50","1,58M","1,03%"
"16.07.2018","15,54","15,81","15,88","15,54","942,88K","-1,58%"
"13.07.2018","15,79","15,85","15,88","15,72","1,07M","-0,06%"
"12.07.2018","15,80","15,70","15,88","15,69","1,36M","0,96%"
"11.07.2018","15,65","15,84","15,84","15,63","1,20M","-1,45%"
"10.07.2018","15,88","15,71","15,88","15,68","2,38M","1,15%"
"09.07.2018","15,70","15,66","15,73","15,60","1,56M","0,38%"
"06.07.2018","15,64","15,58","15,80","15,47","2,47M","1,49%"
"05.07.2018","15,41","15,36","15,73","15,35","1,88M","0,59%"
"04.07.2018","15,32","15,35","15,37","15,26","1,80M","-0,13%"
"03.07.2018","15,34","15,29","15,36","15,21","1,33M","0,66%"
"02.07.2018","15,24","15,41","15,50","15,21","1,07M","-1,99%"
"29.06.2018","15,55","15,58","15,73","15,53","1,79M","0,39%"
"28.06.2018","15,49","15,59","15,65","15,44","906,37K","-0,90%"
"27.06.2018","15,63","15,60","15,71","15,36","1,29M","-0,19%"
"26.06.2018","15,66","15,56","15,71","15,52","1,55M","1,03%"
"25.06.2018","15,50","15,61","15,62","15,46","1,01M","-1,15%"
"22.06.2018","15,68","15,70","15,73","15,60","1,63M","0,13%"
"21.06.2018","15,66","16,00","16,17","15,61","2,46M","-0,38%"
"20.06.2018","15,72","15,63","15,88","15,54","1,65M","1,16%"
"19.06.2018","15,54","15,55","15,58","15,46","1,84M","-1,21%"
"18.06.2018","15,73","15,78","15,79","15,61","1,48M","-0,38%"
"15.06.2018","15,79","16,04","16,04","15,71","4,91M","-1,31%"
"14.06.2018","16,00","15,93","16,02","15,88","1,90M","0,25%"
"13.06.2018","15,96","15,87","16,08","15,85","1,88M","0,50%"
"12.06.2018","15,88","15,88","16,06","15,82","1,62M","0,25%"
"11.06.2018","15,84","15,89","16,03","15,80","2,47M","-0,38%"
"08.06.2018","15,90","16,34","16,34","15,88","2,69M","-3,64%"
"07.06.2018","16,50","16,65","16,72","16,50","1,25M","-0,66%"
"06.06.2018","16,61","16,55","16,70","16,45","1,55M","0,54%"
"05.06.2018","16,52","16,52","16,71","16,52","1,80M","0,00%"
"04.06.2018","16,52","16,29","16,60","16,29","1,44M","1,66%"
"01.06.2018","16,25","16,46","16,54","16,20","2,91M","-1,10%"
"31.05.2018","16,43","16,50","16,54","16,34","3,49M","-0,36%"
"30.05.2018","16,49","16,30","16,51","16,29","1,89M","0,92%"
"29.05.2018","16,34","16,49","16,54","16,27","1,39M","-1,51%"
"28.05.2018","16,59","16,64","16,71","16,47","642,52K","0,24%"
"25.05.2018","16,55","16,95","17,05","16,44","2,07M","-2,13%"
"24.05.2018","16,91","16,93","17,02","16,87","1,40M","-0,24%"
"23.05.2018","16,95","17,04","17,07","16,89","1,89M","-0,82%"
"22.05.2018","17,09","17,10","17,17","17,07","1,21M","-0,06%"
"21.05.2018","17,10","17,20","17,25","17,09","1,20M","-0,35%"
"18.05.2018","17,16","17,33","17,33","17,16","2,03M","-0,92%"
"17.05.2018","17,32","17,23","17,33","17,23","1,88M","0,23%"
"16.05.2018","17,28","17,32","17,36","16,93","3,35M","-3,73%"
"15.05.2018","17,95","17,89","17,95","17,80","1,19M","0,22%"
"14.05.2018","17,91","17,84","17,98","17,69","1,19M","0,90%"
"11.05.2018","17,75","17,82","17,82","17,55","1,47M","-0,34%"
"10.05.2018","17,81","17,83","17,88","17,77","919,01K","0,06%"
"09.05.2018","17,80","17,76","17,82","17,59","1,15M","0,39%"
"08.05.2018","17,73","17,66","17,73","17,56","2,11M","0,28%"
"07.05.2018","17,68","17,49","17,68","17,46","1,18M","1,38%"
"04.05.2018","17,44","17,44","17,48","17,33","1,23M","0,23%"
"03.05.2018","17,40","17,39","17,48","17,34","1,03M","0,06%"
"02.05.2018","17,39","17,13","17,43","17,12","1,64M","1,64%"
"30.04.2018","17,11","17,20","17,20","17,08","1,57M","-0,29%"
"27.04.2018","17,16","17,20","17,27","17,07","1,17M","0,00%"
"26.04.2018","17,16","17,02","17,23","16,99","1,49M","1,66%"
"25.04.2018","16,88","17,00","17,05","16,63","1,60M","-1,00%"
"24.04.2018","17,05","16,93","17,11","16,91","1,66M","0,89%"
"23.04.2018","16,90","16,86","16,90","16,80","1,01M","0,42%"
"20.04.2018","16,83","16,75","16,93","16,70","1,19M","0,84%"
"19.04.2018","16,69","16,89","16,91","16,68","1,46M","-0,77%"
"18.04.2018","16,82","16,75","16,91","16,74","1,38M","0,90%"
"17.04.2018","16,67","16,75","16,82","16,52","1,50M","-4,14%"
"16.04.2018","17,39","17,20","17,55","17,20","1,82M","1,16%"
"13.04.2018","17,19","17,01","17,27","17,00","1,60M","1,30%"
"12.04.2018","16,97","17,14","17,15","16,91","988,50K","-1,11%"
"11.04.2018","17,16","16,98","17,18","16,98","1,03M","0,88%"
"10.04.2018","17,01","17,22","17,25","16,92","1,50M","-0,47%"
"09.04.2018","17,09","16,82","17,09","16,77","1,47M","1,97%"
"06.04.2018","16,76","16,73","16,89","16,64","975,71K","0,06%"
"05.04.2018","16,75","16,66","16,79","16,55","1,05M","1,64%"
"04.04.2018","16,48","16,52","16,52","16,21","1,52M","-0,06%"
"03.04.2018","16,49","16,27","16,68","16,20","1,34M","0,79%"
"29.03.2018","16,36","16,45","16,57","16,36","1,53M","-0,18%"
"28.03.2018","16,39","16,21","16,43","15,98","1,66M","0,55%"
"27.03.2018","16,30","16,36","16,36","16,23","922,42K","0,87%"
"26.03.2018","16,16","16,28","16,36","16,12","965,48K","-0,43%"
"23.03.2018","16,23","16,32","16,36","16,13","1,55M","-1,52%"
"22.03.2018","16,48","16,65","16,72","16,46","1,38M","-1,61%"
"21.03.2018","16,75","17,02","17,04","16,72","855,69K","-1,35%"
"20.03.2018","16,98","16,95","17,04","16,88","1,18M","-0,12%"
"19.03.2018","17,00","17,00","17,07","16,73","1,49M","-0,58%"
"16.03.2018","17,10","17,03","17,21","16,91","2,57M","0,29%"
"15.03.2018","17,05","17,09","17,11","17,00","1,11M","-0,23%"
"14.03.2018","17,09","17,14","17,16","17,01","1,36M","-0,29%"
"13.03.2018","17,14","17,10","17,20","17,03","1,49M","0,53%"
"12.03.2018","17,05","17,09","17,18","17,02","983,10K","0,00%"
"09.03.2018","17,05","17,12","17,18","16,98","1,56M","-0,12%"
"08.03.2018","17,07","17,02","17,11","16,96","2,03M","0,71%"
"07.03.2018","16,95","16,55","16,95","16,53","1,87M","2,42%"
"06.03.2018","16,55","16,84","16,95","16,50","2,13M","-0,90%"
"05.03.2018","16,70","16,64","16,74","16,50","1,47M","0,00%"
"02.03.2018","16,70","17,05","17,05","16,66","1,82M","-2,40%"
"01.03.2018","17,11","16,83","17,19","16,77","2,81M","2,03%"
"28.02.2018","16,77","17,40","17,70","16,41","3,23M","-0,71%"
"27.02.2018","16,89","17,05","17,05","16,84","1,04M","-0,65%"
"26.02.2018","17,00","16,77","17,00","16,73","1,56M","1,61%"
"23.02.2018","16,73","16,70","16,74","16,52","956,14K","0,48%"
"22.02.2018","16,65","16,42","16,72","16,32","1,62M","0,60%"
"21.02.2018","16,55","16,59","16,59","16,23","1,56M","-0,84%"
"20.02.2018","16,69","16,58","16,75","16,57","1,72M","0,60%"
"19.02.2018","16,59","16,76","16,86","16,52","927,97K","-0,96%"
"16.02.2018","16,75","16,62","16,91","16,62","1,48M","1,09%"
"15.02.2018","16,57","16,66","16,73","16,45","1,27M","0,00%"
"14.02.2018","16,57","16,36","16,60","16,30","2,24M","1,97%"
"13.02.2018","16,25","16,33","16,49","16,18","1,68M","-0,49%"
"12.02.2018","16,33","16,12","16,45","16,10","1,94M","1,74%"
"09.02.2018","16,05","16,00","16,34","15,93","2,17M","-0,99%"
"08.02.2018","16,21","16,67","16,67","16,21","1,86M","-3,11%"
"07.02.2018","16,73","16,46","16,73","16,40","1,77M","1,83%"
"06.02.2018","16,43","16,49","16,70","16,30","1,73M","-2,78%"
"05.02.2018","16,90","17,10","17,11","16,90","1,30M","-2,03%"
"02.02.2018","17,25","17,46","17,46","17,18","993,07K","-1,43%"
"01.02.2018","17,50","17,55","17,66","17,37","1,31M","-0,28%"
"31.01.2018","17,55","17,41","17,61","17,41","1,68M","0,69%"
"30.01.2018","17,43","17,31","17,55","17,23","1,15M","0,11%"
"29.01.2018","17,41","17,70","17,70","17,41","1,05M","-1,30%"
"26.01.2018","17,64","17,86","17,88","17,59","1,04M","-1,23%"
"25.01.2018","17,86","17,84","18,02","17,79","1,12M","0,56%"
"24.01.2018","17,76","17,77","17,91","17,74","690,55K","-0,28%"
"23.01.2018","17,81","17,98","18,00","17,73","851,30K","-0,56%"
"22.01.2018","17,91","17,77","17,91","17,75","1,06M","1,13%"
"19.01.2018","17,71","17,50","17,86","17,48","799,28K","0,91%"
"18.01.2018","17,55","17,73","17,79","17,52","885,24K","-1,02%"
"17.01.2018","17,73","17,73","17,92","17,70","965,00K","-0,34%"
"16.01.2018","17,79","17,46","17,93","17,46","1,44M","2,42%"
"15.01.2018","17,37","17,48","17,48","17,34","565,54K","-0,57%"
"12.01.2018","17,47","17,55","17,62","17,39","936,21K","-0,46%"
"11.01.2018","17,55","17,55","17,68","17,43","1,10M","0,00%"
"10.01.2018","17,55","17,84","17,89","17,52","1,50M","-2,01%"
"09.01.2018","17,91","17,83","17,98","17,77","1,23M","0,51%"
"08.01.2018","17,82","17,72","17,85","17,62","1,26M","0,51%"
"05.01.2018","17,73","17,57","17,73","17,53","1,35M","1,08%"
"04.01.2018","17,54","17,35","17,62","17,30","1,37M","1,74%"
"03.01.2018","17,24","17,02","17,30","17,02","886,84K","1,11%"
"02.01.2018","17,05","16,87","17,05","16,80","742,96K","0,89%"
"29.12.2017","16,90","17,07","17,09","16,88","755,93K","-0,94%"
"28.12.2017","17,06","16,99","17,09","16,96","746,36K","0,35%"
"27.12.2017","17,00","16,91","17,04","16,89","690,05K","0,29%"
"22.12.2017","16,95","17,11","17,12","16,88","830,89K","-1,85%"
"21.12.2017","17,27","17,15","17,27","17,00","958,84K","0,47%"
"20.12.2017","17,19","17,18","17,23","17,07","951,56K","0,17%"
"19.12.2017","17,16","17,10","17,19","17,05","921,41K","0,53%"
"18.12.2017","17,07","17,07","17,18","16,98","1,77M","0,53%"
"15.12.2017","16,98","16,88","17,11","16,84","1,81M","0,30%"
"14.12.2017","16,93","17,00","17,11","16,85","1,55M","-0,18%"
"13.12.2017","16,96","16,94","17,03","16,89","999,01K","-0,24%"
"12.12.2017","17,00","16,84","17,02","16,70","1,45M","1,19%"
"11.12.2017","16,80","16,89","16,91","16,76","992,26K","-0,41%"
"08.12.2017","16,87","16,95","16,98","16,82","1,39M","-0,35%"
"07.12.2017","16,93","16,99","17,09","16,81","1,13M","-0,41%"
"06.12.2017","17,00","16,74","17,05","16,73","942,03K","0,83%"
"05.12.2017","16,86","16,90","17,01","16,84","1,60M","-0,47%"
"04.12.2017","16,94","16,77","17,07","16,73","1,32M","1,74%"
"01.12.2017","16,65","16,80","16,88","16,65","2,03M","-0,36%"
"30.11.2017","16,71","16,95","17,03","16,71","3,91M","-1,36%"
"29.11.2017","16,94","16,73","17,20","16,66","3,21M","3,29%"
"28.11.2017","16,40","16,20","16,45","16,12","1,15M","1,30%"
"27.11.2017","16,19","16,09","16,34","16,00","878,43K","0,31%"
"24.11.2017","16,14","16,14","16,18","16,05","456,04K","-0,06%"
"23.11.2017","16,15","16,07","16,16","16,02","612,26K","0,25%"
"22.11.2017","16,11","16,07","16,20","16,00","1,15M","0,37%"
"21.11.2017","16,05","16,00","16,12","15,96","825,10K","0,38%"
"20.11.2017","15,99","16,01","16,11","15,95","1,01M","-0,25%"
"17.11.2017","16,03","16,12","16,14","15,91","1,76M","-0,37%"
"16.11.2017","16,09","15,90","16,16","15,84","1,43M","1,45%"
"15.11.2017","15,86","15,80","15,92","15,80","1,34M","-0,50%"
"14.11.2017","15,94","16,05","16,05","15,89","1,03M","-0,25%"
"13.11.2017","15,98","15,99","16,06","15,93","1,03M","-0,13%"
"10.11.2017","16,00","16,19","16,23","15,94","1,34M","-1,78%"
"09.11.2017","16,29","16,25","16,29","16,14","1,69M","0,25%"
"08.11.2017","16,25","15,99","16,25","15,94","2,23M","1,82%"
"07.11.2017","15,96","16,12","16,12","15,93","1,05M","-0,68%"
"06.11.2017","16,07","16,02","16,20","15,94","1,48M","0,50%"
"03.11.2017","15,99","15,96","16,01","15,80","1,25M","0,57%"
"02.11.2017","15,90","15,88","15,95","15,79","1,42M","0,19%"
"01.11.2017","15,87","15,94","15,99","15,78","1,81M","0,76%"
"31.10.2017","15,75","15,46","15,75","15,38","2,97M","2,34%"
"30.10.2017","15,39","15,35","15,43","15,21","1,67M","1,58%"
"27.10.2017","15,15","15,46","15,55","15,14","2,65M","-1,62%"
"26.10.2017","15,40","15,00","15,43","14,96","2,53M","2,60%"
"25.10.2017","15,01","15,30","15,34","14,81","3,41M","-1,90%"
"24.10.2017","15,30","15,12","15,31","15,11","1,54M","0,92%"
"23.10.2017","15,16","15,35","15,35","15,11","1,24M","-1,37%"
"20.10.2017","15,37","15,29","15,39","15,19","1,73M","0,39%"
"19.10.2017","15,31","15,29","15,34","15,13","1,36M","-0,39%"
"18.10.2017","15,37","15,22","15,40","15,19","1,32M","1,05%"
"17.10.2017","15,21","15,10","15,34","15,10","1,23M","0,60%"
"16.10.2017","15,12","15,14","15,20","15,09","1,03M","-0,59%"
"13.10.2017","15,21","15,28","15,28","15,03","1,38M","0,20%"
"12.10.2017","15,18","15,12","15,24","15,10","990,36K","0,40%"
"11.10.2017","15,12","15,16","15,30","15,07","2,85M","0,13%"
"10.10.2017","15,10","15,05","15,26","14,99","1,68M","0,00%"
"09.10.2017","15,10","15,19","15,29","15,05","1,41M","-0,33%"
"06.10.2017","15,15","15,12","15,20","15,02","1,89M","0,07%"
"05.10.2017","15,14","14,73","15,22","14,65","2,57M","2,44%"
"04.10.2017","14,78","15,10","15,10","14,71","2,64M","-2,31%"
"03.10.2017","15,13","15,00","15,30","14,98","2,12M","-0,26%"
"02.10.2017","15,17","15,18","15,20","14,91","2,21M","-0,72%"
"29.09.2017","15,28","15,29","15,35","15,20","2,66M","-0,13%"
"28.09.2017","15,30","15,33","15,38","15,24","1,56M","-0,52%"
"27.09.2017","15,38","14,95","15,40","14,79","4,77M","1,85%"
"26.09.2017","15,10","15,46","15,48","15,09","2,68M","-2,33%"
"25.09.2017","15,46","15,53","15,53","15,34","1,84M","-0,45%"
"22.09.2017","15,53","15,47","15,64","15,46","1,09M","0,39%"
"21.09.2017","15,47","15,50","15,54","15,31","1,53M","-0,39%"
"20.09.2017","15,53","15,62","15,66","15,49","1,79M","-0,45%"
"19.09.2017","15,60","15,88","15,90","15,60","1,21M","-1,58%"
"18.09.2017","15,85","15,64","15,88","15,64","1,04M","1,60%"
"15.09.2017","15,60","15,65","15,67","15,55","1,58M","-0,51%"
"14.09.2017","15,68","15,60","15,68","15,46","1,83M","0,19%"
"13.09.2017","15,65","15,85","15,87","15,54","2,25M","-1,39%"
"12.09.2017","15,87","16,16","16,16","15,85","917,82K","-1,49%"
"11.09.2017","16,11","15,94","16,20","15,93","871,07K","1,64%"
"08.09.2017","15,85","15,88","15,93","15,79","749,22K","-0,25%"
"07.09.2017","15,89","16,02","16,04","15,80","1,74M","-0,19%"
"06.09.2017","15,92","16,33","16,33","15,91","1,54M","-2,81%"
"05.09.2017","16,38","16,31","16,41","16,29","627,15K","0,49%"
"04.09.2017","16,30","16,40","16,42","16,29","439,23K","-0,61%"
"01.09.2017","16,40","16,44","16,52","16,40","793,35K","-0,06%"
"31.08.2017","16,41","16,27","16,41","16,18","1,89M","1,42%"
"30.08.2017","16,18","16,09","16,23","16,07","776,94K","1,19%"
"29.08.2017","15,99","16,01","16,11","15,93","849,43K","-0,68%"
"28.08.2017","16,10","16,23","16,23","16,09","280,58K","-0,74%"
"25.08.2017","16,22","16,21","16,36","16,14","850,59K","0,31%"
"24.08.2017","16,17","16,28","16,43","16,17","782,17K","-0,74%"
"23.08.2017","16,29","16,33","16,45","16,24","687,43K","-0,31%"
"22.08.2017","16,34","16,30","16,36","16,16","624,10K","0,74%"
"21.08.2017","16,22","16,20","16,27","16,12","1,20M","0,25%"
"18.08.2017","16,18","16,27","16,34","16,13","1,41M","-1,94%"
"17.08.2017","16,50","16,45","16,61","16,43","965,48K","0,00%"
"16.08.2017","16,50","16,54","16,66","16,46","1,18M","0,00%"
"15.08.2017","16,50","16,64","16,68","16,34","1,30M","-0,60%"
"14.08.2017","16,60","16,45","16,66","16,45","937,29K","1,03%"
"11.08.2017","16,43","16,41","16,48","16,29","1,19M","-0,84%"
"10.08.2017","16,57","16,70","16,79","16,52","1,33M","-0,54%"
"09.08.2017","16,66","16,55","16,68","16,54","1,54M","0,00%"
"08.08.2017","16,66","16,77","16,86","16,66","1,16M","-0,24%"
"07.08.2017","16,70","16,58","16,75","16,56","1,31M","1,03%"
"04.08.2017","16,53","16,36","16,57","16,36","1,14M","0,61%"
"03.08.2017","16,43","16,45","16,54","16,36","1,17M","-0,06%"
"02.08.2017","16,44","16,58","16,66","16,42","1,53M","-0,90%"
"01.08.2017","16,59","16,68","16,69","16,42","1,18M","0,42%"
"31.07.2017","16,52","16,29","16,68","16,25","1,91M","1,23%"
"28.07.2017","16,32","16,47","16,52","16,27","1,62M","-1,75%"
"27.07.2017","16,61","16,88","16,88","16,41","1,43M","-1,07%"
"26.07.2017","16,79","16,68","16,91","16,62","1,34M","0,90%"
"25.07.2017","16,64","16,59","16,82","16,57","1,61M","0,30%"
"24.07.2017","16,59","16,65","16,71","16,55","1,41M","-0,30%"
"21.07.2017","16,64","16,80","16,99","16,57","1,65M","-0,78%"
"20.07.2017","16,77","17,34","17,45","16,70","2,23M","-2,50%"
"19.07.2017","17,20","16,80","17,25","16,79","1,66M","2,32%"
"18.07.2017","16,81","16,86","16,95","16,79","1,99M","-1,12%"
"17.07.2017","17,00","17,10","17,14","16,85","1,87M","-0,41%"
"14.07.2017","17,07","16,96","17,07","16,90","1,21M","1,19%"
"13.07.2017","16,87","16,98","17,07","16,84","1,49M","-0,06%"
"12.07.2017","16,88","16,66","16,95","16,66","1,78M","1,32%"
"11.07.2017","16,66","16,77","16,80","16,59","1,56M","-0,42%"
"10.07.2017","16,73","16,80","16,83","16,71","1,65M","0,42%"
"07.07.2017","16,66","16,45","16,66","16,45","1,20M","1,15%"
"06.07.2017","16,47","16,70","16,80","16,38","2,25M","-1,38%"
"05.07.2017","16,70","16,71","16,86","16,68","1,61M","-0,30%"
"04.07.2017","16,75","16,80","16,88","16,75","1,45M","-0,95%"
"03.07.2017","16,91","17,14","17,20","16,83","1,68M","-1,05%"
"30.06.2017","17,09","16,95","17,27","16,93","3,32M","0,95%"
"29.06.2017","16,93","17,45","17,47","16,93","1,83M","-2,48%"
"28.06.2017","17,36","17,11","17,49","17,01","1,80M","1,22%"
"27.06.2017","17,15","17,32","17,42","17,12","1,33M","-1,49%"
"26.06.2017","17,41","17,16","17,53","17,00","1,80M","-0,46%"
"23.06.2017","17,49","17,65","17,72","17,48","1,84M","-1,07%"
"22.06.2017","17,68","17,68","17,87","17,54","2,89M","-0,84%"
"21.06.2017","17,83","17,85","17,93","17,66","2,33M","-1,05%"
"20.06.2017","18,02","18,16","18,22","18,02","1,73M","-0,77%"
"19.06.2017","18,16","18,29","18,38","18,02","1,56M","-0,11%"
"16.06.2017","18,18","17,73","18,28","17,73","2,83M","1,73%"
"15.06.2017","17,87","18,07","18,07","17,69","2,33M","-1,16%"
"14.06.2017","18,08","17,79","18,28","17,75","2,61M","1,69%"
"13.06.2017","17,78","17,79","17,86","17,08","3,19M","-0,45%"
"12.06.2017","17,86","18,30","18,33","17,86","2,10M","-2,78%"
"09.06.2017","18,37","18,30","18,49","18,27","1,51M","0,77%"
"08.06.2017","18,23","18,25","18,38","18,16","2,16M","-0,11%"
"07.06.2017","18,25","18,11","18,30","17,80","2,17M","0,11%"
"06.06.2017","18,23","18,10","18,32","18,00","2,39M","-0,33%"
"05.06.2017","18,29","18,27","18,37","18,21","1,31M","0,22%"
"02.06.2017","18,25","18,27","18,37","18,20","1,20M","0,61%"
"01.06.2017","18,14","18,00","18,24","17,94","1,99M","0,95%"
"31.05.2017","17,97","17,66","18,02","17,59","2,55M","1,87%"
"30.05.2017","17,64","17,09","17,64","17,07","2,06M","2,80%"
"29.05.2017","17,16","17,22","17,26","17,12","1,11M","-0,29%"
"26.05.2017","17,21","17,21","17,22","17,10","1,03M","-0,12%"
"25.05.2017","17,23","17,00","17,29","17,00","1,37M","1,47%"
"24.05.2017","16,98","17,19","17,19","16,91","2,41M","-1,11%"
"23.05.2017","17,17","17,02","17,27","16,96","2,03M","0,53%"
"22.05.2017","17,08","17,03","17,11","16,84","1,61M","0,29%"
"19.05.2017","17,03","16,85","17,03","16,80","1,65M","1,13%"
"18.05.2017","16,84","16,80","16,84","16,68","1,96M","0,24%"
"17.05.2017","16,80","16,73","16,87","16,71","2,16M","0,00%"
"16.05.2017","16,80","16,76","16,81","16,69","1,44M","0,18%"
"15.05.2017","16,77","16,73","16,80","16,63","1,43M","0,30%"
"12.05.2017","16,72","16,56","16,72","16,50","1,14M","0,97%"
"11.05.2017","16,56","16,53","16,56","16,40","1,95M","0,30%"
"10.05.2017","16,51","16,36","16,51","16,30","1,41M","0,67%"
"09.05.2017","16,40","16,40","16,46","16,32","1,69M","-0,18%"
"08.05.2017","16,43","16,42","16,54","16,37","1,22M","0,00%"
"05.05.2017","16,43","16,29","16,44","16,23","1,57M","0,61%"
"04.05.2017","16,33","16,20","16,34","16,04","1,34M","0,93%"
"03.05.2017","16,18","16,12","16,22","16,06","1,30M","0,12%"
"02.05.2017","16,16","15,90","16,16","15,75","2,21M","-0,25%"
"28.04.2017","16,20","16,26","16,28","16,01","2,53M","0,00%"
"27.04.2017","16,20","15,98","16,30","15,91","2,27M","1,76%"
"26.04.2017","15,92","15,90","16,14","15,73","2,89M","2,84%"
"25.04.2017","15,48","15,49","15,60","15,42","1,67M","-0,06%"
"24.04.2017","15,49","15,57","15,61","15,35","1,83M","1,97%"
"21.04.2017","15,19","15,31","15,37","15,18","1,68M","-1,36%"
"20.04.2017","15,40","15,53","15,56","15,34","2,79M","-0,90%"
"19.04.2017","15,54","15,22","15,60","15,20","4,28M","2,78%"
"18.04.2017","15,12","15,26","15,29","15,05","1,71M","-1,05%"
"13.04.2017","15,28","15,14","15,28","15,12","814,22K","0,79%"
"12.04.2017","15,16","15,35","15,35","15,16","1,74M","-1,04%"
"11.04.2017","15,32","14,96","15,38","14,88","1,64M","1,12%"
"10.04.2017","15,15","15,24","15,33","15,15","1,36M","-0,72%"
"07.04.2017","15,26","15,32","15,34","15,16","2,45M","-0,72%"
"06.04.2017","15,37","15,09","15,43","15,04","2,13M","1,25%"
"05.04.2017","15,18","14,99","15,18","14,88","2,27M","1,00%"
"04.04.2017","15,03","14,93","15,06","14,93","1,98M","0,20%"
"03.04.2017","15,00","14,76","15,05","14,75","2,79M","1,15%"
"31.03.2017","14,83","14,60","14,83","14,54","3,33M","0,88%"
"30.03.2017","14,70","14,50","14,70","14,48","2,65M","1,03%"
"29.03.2017","14,55","14,48","14,55","14,46","1,75M","0,69%"
"28.03.2017","14,45","14,38","14,48","14,31","2,00M","1,19%"
"27.03.2017","14,28","14,24","14,31","14,19","2,17M","0,28%"
"24.03.2017","14,24","14,13","14,26","14,09","1,10M","0,92%"
"23.03.2017","14,11","14,10","14,12","13,98","1,68M","0,57%"
"22.03.2017","14,03","13,90","14,06","13,87","1,22M","0,72%"
"21.03.2017","13,93","13,98","14,04","13,91","1,66M","-0,14%"
"20.03.2017","13,95","13,89","13,98","13,88","1,04M","0,29%"
"17.03.2017","13,91","13,73","13,96","13,73","2,31M","0,80%"
"16.03.2017","13,80","13,75","13,83","13,71","1,62M","1,02%"
"15.03.2017","13,66","13,56","13,70","13,54","1,88M","0,81%"
"14.03.2017","13,55","13,59","13,65","13,53","1,30M","-0,51%"
"13.03.2017","13,62","13,57","13,70","13,57","1,10M","0,44%"
"10.03.2017","13,56","13,64","13,70","13,56","1,44M","-0,51%"
"09.03.2017","13,63","13,44","13,68","13,43","1,56M","1,26%"
"08.03.2017","13,46","13,41","13,51","13,39","935,62K","-0,22%"
"07.03.2017","13,49","13,48","13,52","13,40","1,12M","0,00%"
"06.03.2017","13,49","13,48","13,55","13,34","1,61M","0,07%"
"03.03.2017","13,48","13,47","13,54","13,41","1,06M","-0,52%"
"02.03.2017","13,55","13,55","13,59","13,49","1,32M","0,07%"
"01.03.2017","13,54","13,55","13,62","13,43","1,73M","0,30%"
"28.02.2017","13,50","13,55","13,56","13,49","2,04M","-0,15%"
"27.02.2017","13,52","13,52","13,57","13,46","1,49M","0,22%"
"24.02.2017","13,49","13,54","13,62","13,44","2,06M","-0,44%"
"23.02.2017","13,55","13,50","13,57","13,32","4,13M","1,35%"
"22.02.2017","13,37","13,90","13,96","13,27","4,86M","-2,98%"
"21.02.2017","13,78","13,65","13,78","13,58","1,87M","1,32%"
"20.02.2017","13,60","13,60","13,61","13,49","726,52K","0,74%"
"17.02.2017","13,50","13,50","13,60","13,46","1,63M","0,00%"
"16.02.2017","13,50","13,47","13,52","13,42","1,25M","0,15%"
"15.02.2017","13,48","13,44","13,56","13,40","1,20M","0,22%"
"14.02.2017","13,45","13,50","13,55","13,43","1,17M","-0,22%"
"13.02.2017","13,48","13,46","13,56","13,45","1,08M","0,37%"
"10.02.2017","13,43","13,41","13,52","13,38","1,27M","0,22%"
"09.02.2017","13,40","13,40","13,49","13,36","1,40M","0,37%"
"08.02.2017","13,35","13,44","13,47","13,34","1,63M","0,38%"
"07.02.2017","13,30","13,27","13,42","13,22","1,61M","0,15%"
"06.02.2017","13,28","13,29","13,41","13,24","1,55M","-0,45%"
"03.02.2017","13,34","13,40","13,41","13,34","1,84M","-0,30%"
"02.02.2017","13,38","13,38","13,45","13,27","2,02M","0,15%"
"01.02.2017","13,36","13,53","13,55","13,34","1,77M","-0,60%"
"31.01.2017","13,44","13,48","13,77","13,44","3,45M","-0,96%"
"30.01.2017","13,57","13,55","13,62","13,45","1,66M","-1,45%"
"27.01.2017","13,77","13,54","13,77","13,48","2,40M","1,70%"
"26.01.2017","13,54","13,45","13,54","13,37","2,13M","1,20%"
"25.01.2017","13,38","13,51","13,52","13,33","1,21M","-0,30%"
"24.01.2017","13,42","13,39","13,50","13,39","1,63M","-0,07%"
"23.01.2017","13,43","13,38","13,47","13,33","1,50M","0,15%"
"20.01.2017","13,41","13,48","13,51","13,41","1,66M","-0,30%"
"19.01.2017","13,45","13,50","13,59","13,39","1,18M","-0,37%"
"18.01.2017","13,50","13,66","13,66","13,44","1,54M","-0,37%"
"17.01.2017","13,55","13,62","13,64","13,55","1,27M","-0,73%"
"16.01.2017","13,65","13,70","13,76","13,61","1,13M","-0,51%"
"13.01.2017","13,72","13,53","13,79","13,53","2,03M","1,63%"
"12.01.2017","13,50","13,41","13,50","13,30","1,96M","0,22%"
"11.01.2017","13,47","13,41","13,51","13,24","2,35M","1,43%"
"10.01.2017","13,28","13,24","13,37","13,18","1,82M","0,23%"
"09.01.2017","13,25","13,13","13,25","13,05","1,50M","1,15%"
"06.01.2017","13,10","13,10","13,18","13,02","1,47M","-0,46%"
"05.01.2017","13,16","13,01","13,24","12,98","2,16M","1,46%"
"04.01.2017","12,97","13,15","13,15","12,89","1,36M","-1,14%"
"03.01.2017","13,12","13,12","13,16","13,04","1,06M","0,23%"
"02.01.2017","13,09","12,93","13,11","12,93","499,99K","1,00%"
"30.12.2016","12,96","12,98","13,04","12,94","809,15K","-0,31%"
"29.12.2016","13,00","12,99","13,05","12,98","1,05M","0,00%"
"28.12.2016","13,00","13,20","13,20","12,97","1,28M","-1,74%"
"27.12.2016","13,23","13,19","13,31","13,19","346,05K","0,08%"
"23.12.2016","13,22","13,14","13,28","13,09","830,05K","0,61%"
"22.12.2016","13,14","13,21","13,27","13,12","1,02M","-0,90%"
"21.12.2016","13,26","13,15","13,29","13,15","1,07M","0,84%"
"20.12.2016","13,15","13,22","13,29","13,15","1,46M","-0,60%"
"19.12.2016","13,23","13,26","13,29","13,18","1,18M","-0,23%"
"16.12.2016","13,26","13,16","13,43","13,13","2,86M","0,38%"
"15.12.2016","13,21","13,14","13,22","12,99","1,52M","0,92%"
"14.12.2016","13,09","13,09","13,21","13,03","1,47M","0,00%"
"13.12.2016","13,09","13,01","13,12","12,97","2,28M","0,69%"
"12.12.2016","13,00","12,80","13,00","12,74","1,88M","1,01%"
"09.12.2016","12,87","12,60","12,87","12,53","2,02M","1,82%"
"08.12.2016","12,64","12,84","12,89","12,54","2,20M","-1,10%"
"07.12.2016","12,78","12,65","12,78","12,58","2,14M","1,43%"
"06.12.2016","12,60","12,58","12,66","12,53","1,13M","0,32%"
"05.12.2016","12,56","12,38","12,74","12,38","1,40M","0,40%"
"02.12.2016","12,51","12,49","12,56","12,35","1,60M","-0,24%"
"01.12.2016","12,54","12,52","12,65","12,41","1,95M","0,24%"
"30.11.2016","12,51","12,66","12,78","12,51","4,93M","-1,73%"
"29.11.2016","12,73","12,92","12,93","12,69","1,62M","-1,47%"
"28.11.2016","12,92","12,72","13,00","12,70","1,78M","1,73%"
"25.11.2016","12,70","12,63","12,72","12,59","668,85K","0,79%"
"24.11.2016","12,60","12,67","12,69","12,52","812,33K","-0,16%"
"23.11.2016","12,62","12,46","12,68","12,43","1,57M","1,12%"
"22.11.2016","12,48","12,55","12,57","12,18","2,75M","-0,32%"
"21.11.2016","12,52","12,52","12,56","12,42","1,20M","0,08%"
"18.11.2016","12,51","12,53","12,53","12,32","2,15M","0,16%"
"17.11.2016","12,49","12,26","12,49","12,26","2,38M","2,29%"
"16.11.2016","12,21","12,23","12,32","12,12","2,54M","0,74%"
"15.11.2016","12,12","12,10","12,15","11,95","3,81M","0,75%"
"14.11.2016","12,03","12,49","12,55","12,03","3,37M","-3,37%"
"11.11.2016","12,45","12,53","12,60","12,40","2,46M","0,00%"
"10.11.2016","12,45","13,22","13,22","12,45","2,92M","-4,74%"
"09.11.2016","13,07","12,71","13,14","12,66","2,12M","0,69%"
"08.11.2016","12,98","13,10","13,10","12,95","965,12K","-0,61%"
"07.11.2016","13,06","13,09","13,11","13,00","1,30M","1,32%"
"04.11.2016","12,89","12,90","12,97","12,82","3,27M","-0,62%"
"03.11.2016","12,97","13,00","13,05","12,76","1,94M","-1,89%"
"02.11.2016","13,22","13,23","13,29","13,16","1,21M","-0,60%"
"01.11.2016","13,30","13,49","13,50","13,24","1,47M","-0,60%"
"31.10.2016","13,38","13,39","13,46","13,30","2,40M","-0,82%"
"28.10.2016","13,49","13,31","13,54","13,31","1,69M","0,37%"
"27.10.2016","13,44","13,23","13,44","13,23","1,72M","1,28%"
"26.10.2016","13,27","13,50","13,52","13,06","2,56M","-2,43%"
"25.10.2016","13,60","13,60","13,66","13,46","2,17M","0,00%"
"24.10.2016","13,60","13,30","13,72","13,30","1,89M","2,41%"
"21.10.2016","13,28","13,13","13,29","13,09","1,38M","0,99%"
"20.10.2016","13,15","13,29","13,33","13,15","2,10M","-1,13%"
"19.10.2016","13,30","13,09","13,30","12,96","1,74M","1,60%"
"18.10.2016","13,09","13,09","13,18","12,97","1,35M","0,38%"
"17.10.2016","13,04","12,90","13,09","12,90","1,34M","0,85%"
"14.10.2016","12,93","12,79","12,98","12,77","1,25M","1,33%"
"13.10.2016","12,76","12,62","12,76","12,54","1,54M","0,39%"
"12.10.2016","12,71","12,69","12,73","12,61","1,33M","0,24%"
"11.10.2016","12,68","12,74","12,76","12,59","1,24M","-0,24%"
"10.10.2016","12,71","12,58","12,79","12,56","1,16M","0,95%"
"07.10.2016","12,59","12,81","12,81","12,59","2,51M","-1,02%"
"06.10.2016","12,72","13,10","13,10","12,71","3,00M","-2,53%"
"05.10.2016","13,05","13,19","13,19","13,04","2,13M","-1,66%"
"04.10.2016","13,27","13,21","13,33","13,19","1,73M","0,61%"
"03.10.2016","13,19","13,13","13,26","13,13","971,71K","0,46%"
"30.09.2016","13,13","13,04","13,19","12,96","1,92M","-0,45%"
"29.09.2016","13,19","13,13","13,23","13,09","1,84M","1,70%"
"28.09.2016","12,97","13,21","13,26","12,97","1,35M","-1,29%"
"27.09.2016","13,14","13,10","13,15","12,98","986,12K","0,69%"
"26.09.2016","13,05","13,02","13,07","12,96","796,18K","-0,53%"
"23.09.2016","13,12","13,19","13,21","13,05","878,32K","-0,53%"
"22.09.2016","13,19","12,94","13,24","12,91","1,02M","2,49%"
"21.09.2016","12,87","13,01","13,09","12,87","1,14M","-0,08%"
"20.09.2016","12,88","12,94","13,02","12,87","974,09K","-0,62%"
"19.09.2016","12,96","12,97","12,98","12,88","930,93K","1,17%"
"16.09.2016","12,81","13,01","13,09","12,74","3,43M","-1,99%"
"15.09.2016","13,07","12,88","13,07","12,88","1,58M","1,00%"
"14.09.2016","12,94","12,91","13,05","12,88","1,63M","0,62%"
"13.09.2016","12,86","12,92","13,01","12,82","1,27M","-0,39%"
"12.09.2016","12,91","12,86","12,97","12,80","1,42M","-0,77%"
"09.09.2016","13,01","13,21","13,24","13,00","1,26M","-2,03%"
"08.09.2016","13,28","13,18","13,38","13,16","1,56M","0,61%"
"07.09.2016","13,20","13,07","13,21","13,06","1,72M","0,99%"
"06.09.2016","13,07","12,98","13,07","12,90","1,52M","1,00%"
"05.09.2016","12,94","12,87","12,99","12,87","648,50K","0,62%"
"02.09.2016","12,86","12,70","12,86","12,68","1,82M","1,26%"
"01.09.2016","12,70","12,71","12,79","12,66","1,28M","0,16%"
"31.08.2016","12,68","12,70","12,77","12,66","2,41M","-0,24%"
"30.08.2016","12,71","12,71","12,85","12,70","1,41M","-0,16%"
"29.08.2016","12,73","12,63","12,73","12,59","915,51K","0,55%"
"26.08.2016","12,66","12,71","12,76","12,66","1,09M","-0,71%"
"25.08.2016","12,75","12,70","12,78","12,68","817,24K","-0,08%"
"24.08.2016","12,76","12,63","12,77","12,60","900,32K","0,16%"
"23.08.2016","12,74","12,81","12,84","12,71","975,52K","0,08%"
"22.08.2016","12,73","12,69","12,84","12,58","1,15M","0,00%"
"19.08.2016","12,73","12,70","12,76","12,65","981,06K","0,32%"
"18.08.2016","12,69","12,58","12,69","12,56","1,22M","0,95%"
"17.08.2016","12,57","12,70","12,72","12,54","1,07M","-0,55%"
"16.08.2016","12,64","12,81","12,86","12,62","1,60M","-2,02%"
"15.08.2016","12,90","12,88","12,92","12,85","1,26M","0,08%"
"12.08.2016","12,89","12,86","12,91","12,84","1,07M","0,16%"
"11.08.2016","12,87","12,89","12,91","12,81","985,75K","0,39%"
"10.08.2016","12,82","12,88","12,90","12,79","1,41M","-1,16%"
"09.08.2016","12,97","12,78","12,97","12,74","1,56M","1,41%"
"08.08.2016","12,79","12,88","12,97","12,79","1,44M","-0,85%"
"05.08.2016","12,90","12,83","12,97","12,83","2,21M","1,10%"
"04.08.2016","12,76","12,80","12,82","12,64","1,19M","0,31%"
"03.08.2016","12,72","12,84","12,86","12,71","1,92M","-0,39%"
"02.08.2016","12,77","12,88","12,89","12,73","1,87M","-0,85%"
"01.08.2016","12,88","12,93","13,08","12,88","1,22M","-0,16%"
"29.07.2016","12,90","12,78","12,90","12,72","2,05M","1,74%"
"28.07.2016","12,68","12,74","12,88","12,68","1,92M","-0,55%"
"27.07.2016","12,75","12,87","12,98","12,71","1,93M","0,16%"
"26.07.2016","12,73","12,80","12,85","12,71","1,13M","-0,70%"
"25.07.2016","12,82","12,76","12,91","12,74","2,31M","0,47%"
"22.07.2016","12,76","12,79","12,85","12,69","1,52M","-0,47%"
"21.07.2016","12,82","12,88","12,88","12,62","1,96M","-0,16%"
"20.07.2016","12,84","12,80","12,87","12,73","2,26M","0,86%"
"19.07.2016","12,73","12,48","12,73","12,46","2,40M","1,52%"
"18.07.2016","12,54","12,45","12,56","12,41","1,53M","0,48%"
"15.07.2016","12,48","12,44","12,51","12,36","1,17M","0,32%"
"14.07.2016","12,44","12,53","12,54","12,38","1,47M","0,08%"
"13.07.2016","12,43","12,40","12,52","12,30","2,17M","0,24%"
"12.07.2016","12,40","12,55","12,60","12,38","2,18M","-1,20%"
"11.07.2016","12,55","12,52","12,58","12,43","1,82M","1,70%"
"08.07.2016","12,34","12,05","12,43","12,00","2,90M","2,66%"
"07.07.2016","12,02","11,96","12,10","11,96","2,55M","1,52%"
"06.07.2016","11,84","11,85","11,95","11,77","4,09M","-0,50%"
"05.07.2016","11,90","11,80","11,97","11,78","2,64M","0,08%"
"04.07.2016","11,89","11,96","11,97","11,76","1,20M","0,00%"
"01.07.2016","11,89","11,93","12,02","11,83","2,20M","0,59%"
"30.06.2016","11,82","11,80","11,83","11,59","4,27M","-0,51%"
"29.06.2016","11,88","11,50","11,91","11,45","4,09M","3,66%"
"28.06.2016","11,46","11,00","11,63","10,96","4,88M","6,60%"
"27.06.2016","10,75","11,67","11,67","10,71","5,86M","-2,27%"
"24.06.2016","11,00","10,90","11,60","10,50","6,42M","-7,95%"
"23.06.2016","11,95","11,94","12,02","11,84","2,31M","0,34%"
"22.06.2016","11,91","11,98","12,02","11,86","1,51M","0,08%"
"21.06.2016","11,90","12,05","12,05","11,88","2,39M","-0,67%"
"20.06.2016","11,98","11,95","12,15","11,90","1,81M","1,87%"
"17.06.2016","11,76","11,52","11,76","11,51","2,95M","2,17%"
"16.06.2016","11,51","11,42","11,64","11,38","2,11M","-0,78%"
"15.06.2016","11,60","11,57","11,69","11,47","2,34M","0,69%"
"14.06.2016","11,52","11,56","11,59","11,44","2,18M","-0,86%"
"13.06.2016","11,62","11,81","11,85","11,62","2,77M","-2,60%"
"10.06.2016","11,93","12,15","12,16","11,91","2,47M","-2,21%"
"09.06.2016","12,20","12,15","12,22","12,13","1,60M","0,49%"
"08.06.2016","12,14","12,13","12,15","12,07","1,77M","-0,08%"
"07.06.2016","12,15","12,09","12,19","12,04","2,10M","1,25%"
"06.06.2016","12,00","12,04","12,20","11,98","2,05M","-0,25%"
"03.06.2016","12,03","12,04","12,09","11,98","1,41M","0,08%"
"02.06.2016","12,02","12,07","12,11","11,99","2,05M","-0,25%"
"01.06.2016","12,05","12,13","12,15","11,98","1,85M","-0,66%"
"31.05.2016","12,13","12,12","12,19","12,06","2,51M","0,25%"
"30.05.2016","12,10","12,19","12,22","12,10","783,65K","-0,82%"
"27.05.2016","12,20","12,12","12,21","12,05","1,55M","0,74%"
"26.05.2016","12,11","11,97","12,11","11,97","2,58M","1,17%"
"25.05.2016","11,97","12,53","12,55","11,96","4,35M","-3,93%"
"24.05.2016","12,46","12,32","12,52","12,29","2,26M","1,05%"
"23.05.2016","12,33","12,28","12,36","12,22","1,54M","0,65%"
"20.05.2016","12,25","12,15","12,27","12,13","1,50M","1,16%"
"19.05.2016","12,11","12,22","12,24","12,06","2,05M","-0,90%"
"18.05.2016","12,22","12,12","12,26","12,09","1,94M","0,66%"
"17.05.2016","12,14","12,24","12,28","12,12","1,79M","-0,57%"
"16.05.2016","12,21","12,15","12,22","12,02","1,09M","0,41%"
"13.05.2016","12,16","12,16","12,20","12,04","1,92M","-0,16%"
"12.05.2016","12,18","12,16","12,21","12,10","2,02M","-0,08%"
"11.05.2016","12,19","12,36","12,36","12,19","2,41M","-1,46%"
"10.05.2016","12,37","12,38","12,43","12,29","2,26M","0,49%"
"09.05.2016","12,31","12,28","12,41","12,24","1,91M","0,33%"
"06.05.2016","12,27","12,30","12,39","12,22","2,04M","-0,89%"
"05.05.2016","12,38","12,35","12,45","12,34","1,66M","0,32%"
"04.05.2016","12,34","12,37","12,44","12,30","2,08M","-0,72%"
"03.05.2016","12,43","12,44","12,48","12,34","2,31M","-0,24%"
"02.05.2016","12,46","12,37","12,54","12,34","1,87M","0,00%"
"29.04.2016","12,46","12,45","12,54","12,41","5,33M","-0,56%"
"28.04.2016","12,53","12,37","12,60","12,32","4,12M","1,95%"
"27.04.2016","12,29","12,20","12,77","12,20","7,21M","1,65%"
"26.04.2016","12,09","12,16","12,23","12,08","6,40M","0,17%"
"25.04.2016","12,07","11,99","12,14","11,95","2,84M","1,09%"
"22.04.2016","11,94","12,00","12,05","11,93","3,88M","-0,91%"
"21.04.2016","12,05","12,20","12,20","11,97","1,95M","-0,58%"
"20.04.2016","12,12","12,12","12,30","12,06","3,43M","0,08%"
"19.04.2016","12,11","12,05","12,16","12,00","2,53M","0,58%"
"18.04.2016","12,04","11,94","12,12","11,90","3,29M","-0,08%"
"15.04.2016","12,05","12,05","12,10","11,96","5,44M","0,08%"
"14.04.2016","12,04","12,13","12,13","12,01","2,74M","-0,58%"
"13.04.2016","12,11","11,95","12,15","11,89","5,68M","2,19%"
"12.04.2016","11,85","11,80","11,88","11,70","8,51M","0,25%"
"11.04.2016","11,82","11,76","11,91","11,72","3,96M","0,60%"
"08.04.2016","11,75","11,56","11,80","11,56","3,15M","2,17%"
"07.04.2016","11,50","11,71","11,76","11,47","12,57M","-1,63%"
"06.04.2016","11,69","11,48","11,70","11,40","3,28M","2,19%"
"05.04.2016","11,44","11,19","11,46","11,17","2,85M","1,15%"
"04.04.2016","11,31","11,32","11,50","11,26","19,86M","0,18%"
"01.04.2016","11,29","11,29","11,34","11,16","3,11M","-0,53%"
"31.03.2016","11,35","11,40","11,40","11,27","15,69M","-0,70%"
"30.03.2016","11,43","11,50","11,60","11,41","3,25M","0,35%"
"29.03.2016","11,39","11,44","11,48","11,32","2,40M","-0,44%"
"24.03.2016","11,44","11,39","11,46","11,31","1,77M","-0,17%"
"23.03.2016","11,46","11,38","11,52","11,38","2,12M","0,97%"
"22.03.2016","11,35","11,23","11,35","11,04","10,35M","0,44%"
"21.03.2016","11,30","11,27","11,38","11,20","1,78M","0,18%"
"18.03.2016","11,28","11,09","11,29","11,06","3,73M","1,53%"
"17.03.2016","11,11","11,05","11,11","10,90","11,07M","1,46%"
"16.03.2016","10,95","10,84","10,98","10,80","4,39M","0,55%"
"15.03.2016","10,89","10,76","10,89","10,74","10,13M","0,83%"
"14.03.2016","10,80","10,60","10,80","10,59","2,96M","2,37%"
"11.03.2016","10,55","10,52","10,57","10,46","7,62M","1,83%"
"10.03.2016","10,36","10,45","10,68","10,33","5,70M","-0,38%"
"09.03.2016","10,40","10,30","10,46","10,30","6,33M","1,46%"
"08.03.2016","10,25","10,25","10,30","10,12","5,30M","-1,06%"
"07.03.2016","10,36","10,40","10,43","10,32","1,81M","-0,19%"
"04.03.2016","10,38","10,40","10,47","10,31","10,99M","0,00%"
"03.03.2016","10,38","10,51","10,53","10,36","9,68M","-0,95%"
"02.03.2016","10,48","10,60","10,61","10,43","3,39M","-0,76%"
"01.03.2016","10,56","10,45","10,62","10,44","3,09M","0,86%"
"29.02.2016","10,47","10,43","10,47","10,39","5,83M","0,38%"
"26.02.2016","10,43","10,52","10,52","10,40","8,26M","-0,10%"
"25.02.2016","10,44","10,41","10,54","10,41","6,71M","1,26%"
"24.02.2016","10,31","10,53","10,53","10,24","8,58M","-1,53%"
"23.02.2016","10,47","10,57","10,62","10,43","3,33M","-0,57%"
"22.02.2016","10,53","10,43","10,62","10,38","7,59M","1,84%"
"19.02.2016","10,34","10,21","10,37","10,19","5,55M","1,27%"
"18.02.2016","10,21","10,14","10,27","10,08","3,26M","2,00%"
"17.02.2016","10,01","9,89","10,03","9,81","14,22M","1,62%"
"16.02.2016","9,85","9,91","9,91","9,70","2,30M","0,51%"
"15.02.2016","9,80","9,71","9,90","9,71","1,99M","2,51%"
"12.02.2016","9,56","9,54","9,56","9,30","8,63M","1,59%"
"11.02.2016","9,41","9,66","9,71","9,41","4,45M","-3,59%"
"10.02.2016","9,76","9,69","9,86","9,56","3,56M","2,09%"
"09.02.2016","9,56","9,72","9,88","9,46","6,52M","-2,25%"
"08.02.2016","9,78","10,20","10,20","9,71","8,26M","-3,36%"
"05.02.2016","10,12","10,21","10,38","10,10","3,25M","-0,59%"
"04.02.2016","10,18","10,30","10,30","10,08","6,66M","0,20%"
"03.02.2016","10,16","10,29","10,39","10,12","5,51M","-1,74%"
"02.02.2016","10,34","10,31","10,38","10,26","15,11M","-0,19%"
"01.02.2016","10,36","10,28","10,38","10,26","2,84M","1,37%"
"29.01.2016","10,22","10,04","10,22","9,98","4,99M","2,82%"
"28.01.2016","9,94","10,02","10,19","9,87","2,00M","-1,78%"
"27.01.2016","10,12","10,00","10,12","9,96","1,37M","0,80%"
"26.01.2016","10,04","9,94","10,07","9,93","3,46M","-0,69%"
"25.01.2016","10,11","10,21","10,21","10,03","1,45M","-0,10%"
"22.01.2016","10,12","10,05","10,22","10,03","12,00M","2,12%"
"21.01.2016","9,91","9,70","9,95","9,68","3,04M","2,59%"
"20.01.2016","9,66","9,93","10,04","9,61","5,28M","-4,55%"
"19.01.2016","10,12","10,06","10,12","9,90","3,40M","2,43%"
"18.01.2016","9,88","9,85","10,00","9,82","5,03M","0,10%"
"15.01.2016","9,87","10,10","10,13","9,74","2,76M","-2,47%"
"14.01.2016","10,12","10,24","10,25","9,95","5,52M","-1,56%"
"13.01.2016","10,28","10,38","10,39","10,21","4,21M","-0,29%"
"12.01.2016","10,31","10,26","10,45","10,21","1,74M","0,29%"
"11.01.2016","10,28","10,29","10,34","10,07","7,79M","-0,48%"
"08.01.2016","10,33","10,23","10,38","10,22","3,22M","0,98%"
"07.01.2016","10,23","10,23","10,28","10,11","2,65M","-1,82%"
"06.01.2016","10,42","10,49","10,55","10,31","1,75M","-0,48%"
"05.01.2016","10,47","10,51","10,61","10,45","1,64M","0,58%"
"04.01.2016","10,41","10,47","10,54","10,30","5,92M","-1,23%"
"31.12.2015","10,54","10,66","10,79","10,50","739,92K","-0,38%"
"30.12.2015","10,58","10,54","10,62","10,53","1,85M","0,47%"
"29.12.2015","10,53","10,43","10,57","10,43","1,18M","1,25%"
"28.12.2015","10,40","10,42","10,45","10,32","7,36M","-0,48%"
"24.12.2015","10,45","10,45","10,46","10,24","860,18K","0,29%"
"23.12.2015","10,42","10,24","10,52","10,24","2,56M","2,86%"
"22.12.2015","10,13","10,15","10,18","9,81","6,85M","0,00%"
"21.12.2015","10,13","10,55","10,55","10,13","7,25M","-6,98%"
"18.12.2015","10,89","10,97","11,01","10,78","3,15M","-1,09%"
"17.12.2015","11,01","10,95","11,07","10,91","3,16M","2,04%"
"16.12.2015","10,79","10,64","11,00","10,60","8,20M","1,22%"
"15.12.2015","10,66","10,53","10,69","10,52","1,90M","1,43%"
"14.12.2015","10,51","10,56","10,67","10,48","2,57M","0,38%"
"11.12.2015","10,47","10,62","10,64","10,42","2,84M","-1,41%"
"10.12.2015","10,62","10,49","10,62","10,43","3,81M","0,66%"
"09.12.2015","10,55","10,54","10,56","10,44","3,85M","0,48%"
"08.12.2015","10,50","10,53","10,54","10,45","2,69M","-0,10%"
"07.12.2015","10,51","10,49","10,55","10,45","2,61M","0,48%"
"04.12.2015","10,46","10,31","10,47","10,23","1,47M","0,58%"
"03.12.2015","10,40","10,50","10,64","10,29","1,76M","-0,67%"
"02.12.2015","10,47","10,62","10,68","10,46","2,67M","-1,04%"
"01.12.2015","10,58","10,74","10,78","10,54","2,50M","-1,40%"
"30.11.2015","10,73","10,38","10,74","10,38","5,58M","3,07%"
"27.11.2015","10,41","10,44","10,44","10,32","1,55M","-0,38%"
"26.11.2015","10,45","10,31","10,45","10,23","1,82M","1,46%"
"25.11.2015","10,30","10,34","10,38","10,24","2,81M","-0,29%"
"24.11.2015","10,33","10,62","10,62","10,22","6,05M","-3,00%"
"23.11.2015","10,65","10,50","10,70","10,49","2,55M","1,04%"
"20.11.2015","10,54","10,55","10,60","10,42","1,96M","0,86%"
"19.11.2015","10,45","10,46","10,49","10,44","1,93M","0,48%"
"18.11.2015","10,40","10,40","10,46","10,35","3,87M","-0,48%"
"17.11.2015","10,45","10,24","10,47","10,21","3,16M","2,65%"
"16.11.2015","10,18","10,01","10,20","9,94","2,48M","0,79%"
"13.11.2015","10,10","10,04","10,10","9,96","4,62M","0,60%"
"12.11.2015","10,04","10,09","10,10","9,96","1,85M","0,00%"
"11.11.2015","10,04","10,04","10,13","10,02","5,72M","0,40%"
"10.11.2015","10,00","10,00","10,02","9,91","2,50M","0,40%"
"09.11.2015","9,96","10,11","10,14","9,91","2,84M","-1,68%"
"06.11.2015","10,13","10,04","10,15","9,98","1,67M","1,10%"
"05.11.2015","10,02","9,90","10,19","9,90","4,41M","1,31%"
"04.11.2015","9,89","10,04","10,11","9,88","2,92M","-1,40%"
"03.11.2015","10,03","10,03","10,09","10,00","1,84M","-0,20%"
"02.11.2015","10,05","10,05","10,16","10,02","2,21M","-0,99%"
"30.10.2015","10,15","10,21","10,25","10,05","4,09M","0,10%"
"29.10.2015","10,14","10,11","10,15","9,97","1,88M","0,30%"
"28.10.2015","10,11","10,21","10,26","10,07","2,70M","-1,08%"
"27.10.2015","10,22","10,27","10,34","10,22","3,28M","-0,39%"
"26.10.2015","10,26","10,28","10,29","10,22","3,00M","-0,10%"
"23.10.2015","10,27","10,31","10,34","10,24","3,43M","-0,10%"
"22.10.2015","10,28","10,35","10,38","10,24","3,69M","-0,68%"
"21.10.2015","10,35","10,40","10,48","10,29","1,99M","0,00%"
"20.10.2015","10,35","10,38","10,42","10,32","2,45M","-0,29%"
"19.10.2015","10,38","10,38","10,48","10,36","1,17M","-0,19%"
"16.10.2015","10,40","10,40","10,44","10,35","2,35M","0,78%"
"15.10.2015","10,32","10,28","10,36","10,21","2,45M","1,18%"
"14.10.2015","10,20","10,21","10,28","10,13","2,82M","-0,20%"
"13.10.2015","10,22","10,12","10,34","10,11","2,03M","1,09%"
"12.10.2015","10,11","10,12","10,15","9,99","2,09M","-0,10%"
"09.10.2015","10,12","10,55","10,55","10,08","3,18M","-3,62%"
"08.10.2015","10,50","10,31","10,53","10,30","2,03M","2,04%"
"07.10.2015","10,29","10,36","10,39","10,26","1,66M","-0,10%"
"06.10.2015","10,30","10,33","10,38","10,23","2,58M","0,00%"
"05.10.2015","10,30","10,12","10,37","10,09","3,43M","3,00%"
"02.10.2015","10,00","10,11","10,13","9,97","3,33M","-0,40%"
"01.10.2015","10,04","9,97","10,29","9,95","2,83M","1,62%"
"30.09.2015","9,88","9,85","9,88","9,73","6,98M","1,54%"
"29.09.2015","9,73","9,78","9,90","9,70","2,60M","-1,52%"
"28.09.2015","9,88","9,85","9,98","9,82","1,66M","-0,10%"
"25.09.2015","9,89","9,77","9,95","9,73","2,53M","2,17%"
"24.09.2015","9,68","9,71","9,80","9,59","1,65M","-0,51%"
"23.09.2015","9,73","9,88","9,92","9,67","3,18M","-1,82%"
"22.09.2015","9,91","10,09","10,10","9,79","3,94M","-1,98%"
"21.09.2015","10,11","10,10","10,16","10,05","2,62M","-0,10%"
"18.09.2015","10,12","10,16","10,24","10,00","5,15M","-0,98%"
"17.09.2015","10,22","10,00","10,32","9,96","2,94M","2,51%"
"16.09.2015","9,97","10,00","10,04","9,96","4,09M","-0,10%"
"15.09.2015","9,98","10,00","10,05","9,93","2,84M","-0,20%"
"14.09.2015","10,00","9,90","10,06","9,87","2,76M","1,21%"
"11.09.2015","9,88","9,89","9,95","9,81","3,86M","0,41%"
"10.09.2015","9,84","9,87","10,00","9,77","3,17M","-0,51%"
"09.09.2015","9,89","10,05","10,05","9,89","2,30M","0,00%"
"08.09.2015","9,89","9,93","10,01","9,88","2,61M","-0,10%"
"07.09.2015","9,90","10,04","10,07","9,89","2,50M","-0,90%"
"04.09.2015","9,99","9,95","10,00","9,88","2,84M","-0,50%"
"03.09.2015","10,04","10,02","10,09","10,02","3,44M","0,40%"
"02.09.2015","10,00","10,02","10,08","9,95","3,49M","0,00%"
"01.09.2015","10,00","10,12","10,15","9,88","2,87M","-2,44%"
"31.08.2015","10,25","10,15","10,25","10,07","1,86M","0,59%"
"28.08.2015","10,19","10,13","10,20","10,08","3,44M","0,59%"
"27.08.2015","10,13","10,13","10,16","9,99","1,87M","1,50%"
"26.08.2015","9,98","9,90","10,05","9,85","5,14M","-0,20%"
"25.08.2015","10,00","9,83","10,12","9,80","5,04M","2,46%"
"24.08.2015","9,76","9,67","9,91","9,57","8,64M","-1,71%"
"21.08.2015","9,93","10,10","10,19","9,90","7,56M","-2,74%"
"20.08.2015","10,21","10,47","10,55","10,15","4,54M","-2,85%"
"19.08.2015","10,51","10,63","10,67","10,51","2,75M","-1,31%"
"18.08.2015","10,65","10,60","10,83","10,58","5,20M","0,57%"
"17.08.2015","10,59","10,68","10,72","10,52","4,94M","-0,28%"
"14.08.2015","10,62","10,36","10,67","10,35","6,33M","2,71%"
"13.08.2015","10,34","10,47","10,49","10,31","9,65M","-0,10%"
"12.08.2015","10,35","10,30","10,41","10,22","3,49M","-0,19%"
"11.08.2015","10,37","10,45","10,49","10,27","5,77M","-0,67%"
"10.08.2015","10,44","10,42","10,52","10,20","5,76M","0,97%"
"07.08.2015","10,34","10,40","10,49","10,31","5,57M","-0,86%"
"06.08.2015","10,43","10,42","10,56","10,35","4,49M","0,19%"
"05.08.2015","10,41","10,50","10,66","10,41","4,07M","-0,57%"
"04.08.2015","10,47","10,39","10,48","10,31","6,37M","0,67%"
"03.08.2015","10,40","10,03","10,49","10,02","1,60M","3,59%"
"31.07.2015","10,04","10,09","10,14","10,00","2,08M","0,10%"
"30.07.2015","10,03","10,12","10,33","10,00","2,38M","-0,50%"
"29.07.2015","10,08","10,43","10,50","10,04","3,38M","-2,42%"
"28.07.2015","10,33","10,13","10,36","10,09","3,19M","1,77%"
"27.07.2015","10,15","9,95","10,35","9,95","16,17M","2,01%"
"24.07.2015","9,95","9,76","9,99","9,75","11,01M","1,74%"
"23.07.2015","9,78","9,80","9,83","9,71","29,69M","-0,20%"
"22.07.2015","9,80","9,78","9,95","9,75","4,04M","0,00%"
"21.07.2015","9,80","9,87","9,95","9,77","23,16M","-0,41%"
"20.07.2015","9,84","9,89","9,95","9,77","2,11M","-0,81%"
"17.07.2015","9,92","10,03","10,03","9,88","3,37M","-0,60%"
"16.07.2015","9,98","10,12","10,14","9,94","2,69M","-0,60%"
"15.07.2015","10,04","9,91","10,15","9,90","5,65M","1,52%"
"14.07.2015","9,89","9,87","9,93","9,78","3,42M","0,71%"
"13.07.2015","9,82","9,67","9,86","9,62","2,54M","2,61%"
"10.07.2015","9,57","9,57","9,67","9,53","5,12M","1,81%"
"09.07.2015","9,40","9,40","9,51","9,37","4,71M","0,21%"
"08.07.2015","9,38","9,25","9,42","9,15","6,40M","1,74%"
"07.07.2015","9,22","9,45","9,50","9,19","3,73M","-2,43%"
"06.07.2015","9,45","9,24","9,55","9,16","3,46M","0,43%"
"03.07.2015","9,41","9,16","9,50","9,16","4,09M","3,63%"
"02.07.2015","9,08","9,33","9,33","9,01","7,40M","-2,37%"
"01.07.2015","9,30","9,39","9,49","9,25","7,68M","-0,75%"
"30.06.2015","9,37","9,24","9,55","9,16","8,37M","1,30%"
"29.06.2015","9,25","9,02","9,34","8,80","6,64M","-2,01%"
"26.06.2015","9,44","9,24","9,47","9,21","4,22M","1,40%"
"25.06.2015","9,31","9,38","9,40","9,27","4,37M","-2,31%"
"24.06.2015","9,53","9,56","9,57","9,41","3,70M","-0,21%"
"23.06.2015","9,55","9,63","9,67","9,49","4,03M","-0,42%"
"22.06.2015","9,59","9,60","9,69","9,55","4,60M","1,27%"
"19.06.2015","9,47","9,20","9,59","9,20","41,68M","2,60%"
"18.06.2015","9,23","9,34","9,34","9,18","4,45M","-1,60%"
"17.06.2015","9,38","9,61","9,61","9,37","2,25M","-1,99%"
"16.06.2015","9,57","9,28","9,60","9,27","4,30M","2,79%"
"15.06.2015","9,31","9,39","9,48","9,31","3,44M","-1,69%"
"12.06.2015","9,47","9,54","9,62","9,44","2,13M","-1,25%"
"11.06.2015","9,59","9,59","9,72","9,52","3,36M","0,42%"
"10.06.2015","9,55","9,40","9,68","9,40","3,46M","0,53%"
"09.06.2015","9,50","9,36","9,58","9,34","5,49M","1,06%"
"08.06.2015","9,40","9,35","9,53","9,29","1,82M","-0,21%"
"05.06.2015","9,42","9,42","9,60","9,35","2,29M","-0,21%"
"04.06.2015","9,44","9,41","9,52","9,36","2,54M","-0,94%"
"03.06.2015","9,53","9,48","9,60","9,43","4,12M","1,38%"
"02.06.2015","9,40","9,53","9,53","9,37","3,53M","-1,47%"
"01.06.2015","9,54","9,55","9,58","9,31","2,83M","0,00%"
"29.05.2015","9,54","9,60","9,64","9,27","10,29M","-1,45%"
"28.05.2015","9,68","9,50","9,70","9,41","3,32M","2,11%"
"27.05.2015","9,48","9,13","9,50","9,06","6,26M","3,61%"
"26.05.2015","9,15","9,07","9,39","8,96","5,82M","1,33%"
"25.05.2015","9,03","9,31","9,31","9,00","2,57M","-2,06%"
"22.05.2015","9,22","9,33","9,45","9,22","3,08M","-1,18%"
"21.05.2015","9,33","9,33","9,50","9,24","3,84M","0,00%"
"20.05.2015","9,33","9,48","9,58","9,22","4,99M","-1,17%"
"19.05.2015","9,44","9,50","9,60","9,42","4,19M","-0,32%"
"18.05.2015","9,47","9,49","9,56","9,35","3,62M","0,42%"
"15.05.2015","9,43","9,38","9,48","9,31","2,72M","0,53%"
"14.05.2015","9,38","9,01","9,44","9,00","4,25M","5,16%"
"13.05.2015","8,92","8,90","8,99","8,84","2,35M","0,68%"
"12.05.2015","8,86","8,80","8,90","8,78","3,93M","0,23%"
"11.05.2015","8,84","8,77","9,00","8,71","3,47M","1,03%"
"08.05.2015","8,75","8,72","8,79","8,54","3,26M","1,98%"
"07.05.2015","8,58","8,68","8,85","8,07","5,77M","-1,38%"
"06.05.2015","8,70","8,70","8,86","8,50","5,02M","0,69%"
"05.05.2015","8,64","8,83","8,91","8,59","5,38M","-2,37%"
"04.05.2015","8,85","8,55","8,89","8,52","5,52M","5,48%"
"30.04.2015","8,39","8,35","8,48","8,28","3,97M","1,57%"
"29.04.2015","8,26","8,82","8,85","8,07","8,90M","-4,84%"
"28.04.2015","8,68","8,85","8,99","8,61","5,48M","-2,36%"
"27.04.2015","8,89","8,64","8,98","8,62","4,13M","3,25%"
"24.04.2015","8,61","8,72","8,72","8,58","2,45M","-0,58%"
"23.04.2015","8,66","8,85","8,86","8,60","4,38M","-2,15%"
"22.04.2015","8,85","8,95","8,96","8,70","2,03M","-1,34%"
"21.04.2015","8,97","8,94","9,05","8,83","3,39M","1,36%"
"20.04.2015","8,85","9,09","9,19","8,80","2,48M","-2,21%"
"17.04.2015","9,05","9,02","9,10","8,82","3,89M","0,33%"
"16.04.2015","9,02","9,08","9,10","8,90","3,22M","-0,22%"
"15.04.2015","9,04","9,25","9,30","9,03","5,86M","-2,38%"
"14.04.2015","9,26","9,70","9,72","9,10","14,68M","-5,99%"
"13.04.2015","9,85","9,82","9,93","9,78","6,78M","-0,91%"
"10.04.2015","9,94","9,55","9,94","9,46","5,16M","5,19%"
"09.04.2015","9,45","9,51","9,60","9,39","9,18M","-0,42%"
"08.04.2015","9,49","9,80","9,84","9,31","5,66M","-3,06%"
"07.04.2015","9,79","9,99","10,00","9,70","2,53M","-1,71%"
"02.04.2015","9,96","9,80","10,42","9,80","5,52M","2,15%"
"01.04.2015","9,75","9,35","9,83","9,25","6,68M","4,28%"
"31.03.2015","9,35","8,95","9,39","8,94","8,15M","4,47%"
"30.03.2015","8,95","8,43","8,97","8,43","6,34M","6,55%"
"27.03.2015","8,40","8,16","8,45","8,07","8,14M","4,09%"
"26.03.2015","8,07","8,02","8,10","7,96","5,07M","0,37%"
"25.03.2015","8,04","8,17","8,27","8,04","8,36M","-1,95%"
"24.03.2015","8,20","8,10","8,29","8,03","3,97M","1,49%"
"23.03.2015","8,08","8,05","8,20","8,03","890,20K","0,62%"
"20.03.2015","8,03","7,96","8,10","7,93","7,19M","1,52%"
"19.03.2015","7,91","8,00","8,00","7,85","3,16M","-1,00%"
"18.03.2015","7,99","7,96","8,01","7,90","4,28M","-0,13%"
"17.03.2015","8,00","8,03","8,09","7,95","3,13M","-0,62%"
"16.03.2015","8,05","8,21","8,21","8,02","2,54M","-1,23%"
"13.03.2015","8,15","8,19","8,30","8,12","3,13M","0,25%"
"12.03.2015","8,13","8,05","8,17","7,86","10,09M","1,12%"
"11.03.2015","8,04","8,21","8,26","7,91","12,21M","-3,13%"
"10.03.2015","8,30","8,46","8,50","8,21","6,36M","-2,47%"
"09.03.2015","8,51","8,47","8,51","8,37","3,11M","0,24%"
"06.03.2015","8,49","8,48","8,51","8,35","4,92M","0,35%"
"05.03.2015","8,46","8,39","8,60","8,29","6,28M","1,32%"
"04.03.2015","8,35","8,26","8,36","8,16","2,56M","1,83%"
"03.03.2015","8,20","8,27","8,29","8,15","6,67M","-0,61%"
"02.03.2015","8,25","8,30","8,35","8,22","5,25M","-0,72%"
"27.02.2015","8,31","8,09","8,37","8,06","58,44M","3,10%"
"26.02.2015","8,06","7,73","8,07","7,61","6,61M","3,20%"
"25.02.2015","7,81","7,81","7,83","7,65","8,64M","0,77%"
"24.02.2015","7,75","7,85","7,86","7,56","7,02M","-0,39%"
"23.02.2015","7,78","7,78","7,95","7,78","4,66M","-0,26%"
"20.02.2015","7,80","7,65","7,80","7,62","3,75M","1,17%"
"19.02.2015","7,71","7,65","7,71","7,51","6,67M","0,26%"
"18.02.2015","7,69","7,54","7,75","7,50","9,85M","2,67%"
"17.02.2015","7,49","7,31","7,53","7,22","13,60M","3,31%"
"16.02.2015","7,25","7,20","7,35","7,04","6,26M","-2,03%"
"13.02.2015","7,40","7,05","7,40","6,92","15,38M","5,71%"
"12.02.2015","7,00","6,97","7,37","6,92","39,79M","0,00%"