"Fecha","Último","Apertura","Máximo","Mínimo","Vol.","% var."
"31.12.2025","185,900","185,000","185,900","184,600","20,20K","-0,11%"
"30.12.2025","186,100","185,000","186,400","184,400","32,65K","0,11%"
"29.12.2025","185,900","183,500","185,900","182,800","41,02K","0,81%"
"24.12.2025","184,400","184,000","184,700","183,800","8,62K","0,11%"
"23.12.2025","184,200","185,400","186,200","184,200","36,38K","-0,65%"
"22.12.2025","185,400","186,200","186,400","182,500","51,98K","-0,59%"
"19.12.2025","186,500","181,900","187,900","181,600","120,85K","2,81%"
"18.12.2025","181,400","180,700","182,300","179,800","68,30K","-0,17%"
"17.12.2025","181,700","184,100","184,800","180,200","86,72K","-1,41%"
"16.12.2025","184,300","181,500","186,400","181,500","79,51K","1,26%"
"15.12.2025","182,000","179,700","182,900","179,100","49,92K","1,73%"
"12.12.2025","178,900","177,800","180,200","176,800","41,80K","1,42%"
"11.12.2025","176,400","177,400","177,400","175,200","46,97K","-0,23%"
"10.12.2025","176,800","175,300","178,400","175,300","55,12K","0,11%"
"09.12.2025","176,600","176,700","179,200","175,100","56,55K","-0,06%"
"08.12.2025","176,700","174,700","177,900","174,700","58,13K","1,49%"
"05.12.2025","174,100","175,500","175,800","173,400","72,50K","-0,51%"
"04.12.2025","175,000","172,400","175,500","171,800","83,04K","2,46%"
"03.12.2025","170,800","172,300","173,400","170,500","77,87K","-0,87%"
"02.12.2025","172,300","169,900","173,900","169,500","73,10K","1,35%"
"01.12.2025","170,000","171,200","172,600","169,100","98,97K","-1,68%"
"28.11.2025","172,900","175,200","175,200","171,100","42,97K","-0,75%"
"27.11.2025","174,200","173,700","175,600","172,600","67,88K","0,58%"
"26.11.2025","173,200","171,500","174,400","171,300","80,35K","2,36%"
"25.11.2025","169,200","171,900","171,900","167,200","84,00K","-0,99%"
"24.11.2025","170,900","168,400","170,900","166,700","334,28K","1,06%"
"21.11.2025","169,100","166,800","173,200","165,000","113,85K","-2,87%"
"20.11.2025","174,100","178,200","179,700","174,100","78,64K","-1,58%"
"19.11.2025","176,900","179,000","180,200","174,100","100,96K","-1,61%"
"18.11.2025","179,800","178,300","182,400","177,000","90,27K","-0,83%"
"17.11.2025","181,300","183,000","183,700","178,500","83,57K","-0,93%"
"14.11.2025","183,000","195,000","195,000","175,700","224,57K","-7,62%"
"13.11.2025","198,100","201,600","203,000","198,100","49,58K","-1,54%"
"12.11.2025","201,200","196,900","201,200","196,700","47,59K","3,13%"
"11.11.2025","195,100","199,000","199,100","193,800","34,28K","-1,71%"
"10.11.2025","198,500","196,500","199,800","196,200","33,69K","1,85%"
"07.11.2025","194,900","196,700","198,700","194,400","50,14K","-0,51%"
"06.11.2025","195,900","198,000","198,100","194,400","56,19K","-1,16%"
"05.11.2025","198,200","197,100","202,400","195,900","74,59K","-0,45%"
"04.11.2025","199,100","191,800","199,100","190,500","70,09K","2,47%"
"03.11.2025","194,300","191,900","194,400","191,100","55,30K","1,20%"
"31.10.2025","192,000","195,200","196,300","191,500","62,09K","-1,29%"
"30.10.2025","194,500","192,900","195,000","191,000","64,30K","0,15%"
"29.10.2025","194,200","195,900","196,200","193,500","63,57K","-0,82%"
"28.10.2025","195,800","192,600","197,600","192,400","82,59K","3,05%"
"27.10.2025","190,000","191,200","191,400","188,700","47,50K","-0,68%"
"24.10.2025","191,300","190,900","191,300","188,300","35,43K","0,42%"
"23.10.2025","190,500","186,600","190,900","186,600","41,16K","1,44%"
"22.10.2025","187,800","187,300","192,100","186,900","80,10K","0,70%"
"21.10.2025","186,500","188,000","189,300","186,100","41,40K","-0,69%"
"20.10.2025","187,800","187,300","189,800","186,500","33,04K","0,81%"
"17.10.2025","186,300","187,300","188,800","183,800","54,68K","-1,27%"
"16.10.2025","188,700","187,000","188,700","185,900","37,86K","1,51%"
"15.10.2025","185,900","182,700","185,900","182,000","57,52K","2,14%"
"14.10.2025","182,000","183,000","183,900","179,000","52,09K","-1,03%"
"13.10.2025","183,900","182,700","184,800","181,700","44,00K","0,71%"
"10.10.2025","182,600","185,400","186,600","182,600","72,90K","-1,83%"
"09.10.2025","186,000","181,500","186,600","181,000","70,01K","2,76%"
"08.10.2025","181,000","179,500","183,200","179,500","55,96K","1,29%"
"07.10.2025","178,700","178,500","180,100","177,100","54,39K","0,17%"
"06.10.2025","178,400","174,700","179,300","174,700","52,37K","1,65%"
"03.10.2025","175,500","174,500","176,000","173,500","43,48K","1,04%"
"02.10.2025","173,700","174,300","175,000","172,200","44,11K","-0,29%"
"01.10.2025","174,200","171,000","174,300","169,100","48,59K","1,93%"
"30.09.2025","170,900","170,000","171,200","167,500","66,86K","0,95%"
"29.09.2025","169,300","170,200","171,200","168,000","43,98K","-0,35%"
"26.09.2025","169,900","169,800","171,200","168,200","31,46K","0,53%"
"25.09.2025","169,000","172,500","172,500","169,000","42,61K","-1,86%"
"24.09.2025","172,200","171,800","172,900","170,800","38,00K","0,76%"
"23.09.2025","170,900","169,000","172,400","169,000","50,65K","1,18%"
"22.09.2025","168,900","165,700","169,000","165,700","67,77K","1,62%"
"19.09.2025","166,200","167,800","169,600","164,500","126,58K","-1,19%"
"18.09.2025","168,200","169,500","170,100","167,500","61,19K","-0,77%"
"17.09.2025","169,500","165,400","169,800","165,200","58,05K","1,99%"
"16.09.2025","166,200","165,000","166,200","163,700","106,89K","-1,42%"
"15.09.2025","168,600","167,500","168,800","166,100","47,82K","1,08%"
"12.09.2025","166,800","169,700","170,200","165,200","50,52K","-1,36%"
"11.09.2025","169,100","169,600","170,700","167,300","66,84K","-0,12%"
"10.09.2025","169,300","167,900","170,300","166,300","63,66K","1,56%"
"09.09.2025","166,700","169,200","170,400","165,700","58,11K","-1,59%"
"08.09.2025","169,400","168,100","169,800","167,500","40,75K","1,01%"
"05.09.2025","167,700","166,200","169,400","166,100","46,10K","1,51%"
"04.09.2025","165,200","165,200","166,000","164,400","54,88K","0,06%"
"03.09.2025","165,100","165,000","165,700","163,700","40,70K","0,49%"
"02.09.2025","164,300","167,200","168,000","164,100","54,18K","-2,03%"
"01.09.2025","167,700","169,200","169,500","167,100","41,91K","-0,89%"
"29.08.2025","169,200","173,800","173,800","169,200","75,78K","-2,37%"
"28.08.2025","173,300","174,200","174,700","171,200","56,03K","-0,69%"
"27.08.2025","174,500","173,600","177,000","173,600","44,83K","0,11%"
"26.08.2025","174,300","173,100","175,200","172,600","142,05K","0,46%"
"25.08.2025","173,500","178,500","178,600","172,100","50,79K","-2,86%"
"22.08.2025","178,600","175,500","179,000","175,500","47,78K","0,96%"
"21.08.2025","176,900","177,100","178,000","175,600","56,40K","-0,34%"
"20.08.2025","177,500","175,400","177,800","175,200","49,09K","1,20%"
"19.08.2025","175,400","174,400","175,400","173,600","67,85K","0,29%"
"18.08.2025","174,900","175,000","177,400","174,100","57,71K","0,29%"
"15.08.2025","174,400","174,000","174,700","172,700","38,15K","0,52%"
"14.08.2025","173,500","172,400","173,500","172,100","48,99K","0,64%"
"13.08.2025","172,400","173,000","173,100","171,500","50,85K","0,76%"
"12.08.2025","171,100","171,400","172,800","170,400","47,38K","0,06%"
"11.08.2025","171,000","170,800","171,000","168,500","46,91K","-0,47%"
"08.08.2025","171,800","170,600","172,800","170,500","53,64K","0,94%"
"07.08.2025","170,200","170,700","170,700","168,000","62,74K","0,06%"
"06.08.2025","170,100","168,500","170,400","167,200","56,29K","1,43%"
"05.08.2025","167,700","167,900","168,200","166,100","83,46K","0,78%"
"04.08.2025","166,400","164,900","166,600","164,400","50,92K","0,97%"
"01.08.2025","164,800","167,000","167,400","164,100","93,54K","-2,02%"
"31.07.2025","168,200","169,100","170,100","167,500","60,39K","-0,12%"
"30.07.2025","168,400","164,600","169,100","164,000","83,14K","0,60%"
"29.07.2025","167,400","171,200","171,500","166,300","102,45K","-3,18%"
"28.07.2025","172,900","174,200","177,700","171,900","91,11K","0,35%"
"25.07.2025","172,300","169,500","172,300","168,500","83,14K","1,71%"
"24.07.2025","169,400","165,700","169,400","164,200","95,85K","2,48%"
"23.07.2025","165,300","168,700","168,900","164,400","175,95K","-1,90%"
"22.07.2025","168,500","163,200","168,500","162,500","99,55K","2,62%"
"21.07.2025","164,200","160,900","164,200","160,800","79,86K","2,31%"
"18.07.2025","160,500","160,100","160,900","159,300","99,33K","0,82%"
"17.07.2025","159,200","156,500","160,200","156,500","111,09K","2,12%"
"16.07.2025","155,900","156,000","158,300","155,900","89,84K","-0,57%"
"15.07.2025","156,800","155,500","157,600","155,500","94,08K","0,97%"
"14.07.2025","155,300","153,500","155,500","153,400","57,93K","0,45%"
"11.07.2025","154,600","152,600","154,600","151,400","58,25K","0,32%"
"10.07.2025","154,100","155,300","155,900","153,500","65,48K","-0,39%"
"09.07.2025","154,700","153,000","154,700","152,300","87,28K","1,78%"
"08.07.2025","152,000","154,000","154,900","151,500","170,17K","-4,52%"
"07.07.2025","159,200","161,200","161,900","158,100","128,81K","-1,12%"
"04.07.2025","161,000","159,800","162,000","159,000","100,02K","0,69%"
"03.07.2025","159,900","157,400","160,400","157,200","96,14K","2,24%"
"02.07.2025","156,400","155,000","157,100","154,500","70,03K","1,49%"
"01.07.2025","154,100","154,200","154,800","153,500","72,53K","0,85%"
"30.06.2025","152,800","155,200","155,300","152,300","92,20K","-0,84%"
"27.06.2025","154,100","151,200","154,700","150,200","89,54K","2,39%"
"26.06.2025","150,500","151,000","153,300","150,300","79,77K","0,07%"
"25.06.2025","150,400","151,400","152,400","150,400","82,36K","-0,13%"
"24.06.2025","150,600","150,700","151,500","149,000","96,79K","1,14%"
"23.06.2025","148,900","146,300","149,200","145,600","70,28K","1,36%"
"20.06.2025","146,900","145,400","148,300","145,300","153,88K","1,17%"
"19.06.2025","145,200","144,600","146,000","143,900","66,09K","-0,34%"
"18.06.2025","145,700","146,400","147,000","145,400","66,93K","-0,55%"
"17.06.2025","146,500","146,800","147,100","145,400","79,16K","-0,95%"
"16.06.2025","147,900","144,700","148,500","144,600","105,49K","1,86%"
"13.06.2025","145,200","144,000","146,700","140,800","202,97K","-2,16%"
"12.06.2025","148,400","148,100","149,300","147,800","83,85K","0,00%"
"11.06.2025","148,400","149,000","149,400","147,600","68,84K","-0,27%"
"10.06.2025","148,800","149,000","150,800","148,300","145,19K","-0,07%"
"09.06.2025","148,900","149,600","150,300","148,200","78,92K","-0,13%"
"06.06.2025","149,100","150,700","151,900","148,600","69,68K","-0,40%"
"05.06.2025","149,700","151,000","152,900","148,700","142,28K","-0,66%"
"04.06.2025","150,700","151,300","154,000","149,800","157,51K","0,67%"
"03.06.2025","149,700","145,700","151,200","144,600","207,77K","4,83%"
"02.06.2025","142,800","141,600","143,400","141,100","82,72K","0,56%"
"30.05.2025","142,000","138,900","143,000","138,400","260,93K","2,68%"
"29.05.2025","138,300","136,000","138,700","135,600","52,02K","2,07%"
"28.05.2025","135,500","135,800","135,900","134,500","86,41K","-0,07%"
"27.05.2025","135,600","137,500","137,600","135,500","82,91K","-1,60%"
"26.05.2025","137,800","135,400","137,900","135,400","51,83K","2,30%"
"23.05.2025","134,700","135,500","135,600","132,200","101,70K","-0,15%"
"22.05.2025","134,900","134,900","135,000","133,200","53,87K","-0,52%"
"21.05.2025","135,600","135,400","136,600","134,800","60,31K","-0,07%"
"20.05.2025","135,700","133,200","136,800","133,200","101,67K","2,49%"
"19.05.2025","132,400","133,200","134,100","130,100","126,26K","-1,85%"
"16.05.2025","134,900","131,300","135,000","131,200","152,59K","2,98%"
"15.05.2025","131,000","131,300","131,500","126,400","122,40K","0,15%"
"14.05.2025","130,800","130,200","131,800","129,700","100,97K","0,77%"
"13.05.2025","129,800","128,000","132,800","128,000","130,45K","2,04%"
"12.05.2025","127,200","126,700","128,200","125,800","76,40K","1,03%"
"09.05.2025","125,900","123,200","127,500","123,200","62,10K","2,69%"
"08.05.2025","122,600","125,000","125,400","122,600","0,02K","-2,00%"
"07.05.2025","125,100","127,300","128,200","125,100","73,20K","-1,42%"
"06.05.2025","126,900","130,200","130,900","126,600","0,16K","-2,08%"
"05.05.2025","129,600","127,700","130,000","127,700","60,78K","1,57%"
"02.05.2025","127,600","128,700","129,900","126,800","104,87K","-0,62%"
"30.04.2025","128,400","127,200","128,400","126,200","0,17K","1,34%"
"29.04.2025","126,700","126,900","127,900","126,700","0,16K","0,08%"
"28.04.2025","126,600","125,000","126,900","125,000","96,05K","1,93%"
"25.04.2025","124,200","122,000","124,800","122,000","83,27K","1,39%"
"24.04.2025","122,500","121,100","123,700","120,900","105,52K","1,24%"
"23.04.2025","121,000","120,000","121,800","119,400","91,31K","1,77%"
"22.04.2025","118,900","115,500","118,900","115,500","64,72K","2,41%"
"17.04.2025","116,100","116,000","116,700","112,300","76,11K","0,17%"
"16.04.2025","115,900","116,500","117,100","115,500","60,98K","-0,17%"
"15.04.2025","116,100","113,300","116,500","113,300","74,12K","2,93%"
"14.04.2025","112,800","113,600","114,500","112,200","74,70K","0,53%"
"11.04.2025","112,200","112,700","113,100","110,100","75,53K","0,72%"
"10.04.2025","111,400","117,700","117,700","110,200","126,31K","5,89%"
"09.04.2025","105,200","105,900","106,600","103,200","104,67K","-3,22%"
"08.04.2025","108,700","108,500","110,000","105,500","137,59K","1,97%"
"07.04.2025","106,600","110,100","114,100","104,700","203,20K","-7,14%"
"04.04.2025","114,800","124,700","124,800","113,400","119,88K","-7,72%"
"03.04.2025","124,400","120,100","124,900","119,700","96,57K","2,47%"
"02.04.2025","121,400","120,400","121,800","120,000","52,14K","0,33%"
"01.04.2025","121,000","121,100","122,000","119,300","69,56K","0,17%"
"31.03.2025","120,800","122,600","123,800","119,800","94,94K","-1,71%"
"28.03.2025","122,900","120,900","123,600","120,500","77,65K","1,57%"
"27.03.2025","121,000","121,800","122,300","120,300","59,90K","-0,90%"
"26.03.2025","122,100","122,100","123,100","121,700","52,33K","0,00%"
"25.03.2025","122,100","121,200","123,500","121,100","37,26K","0,49%"
"24.03.2025","121,500","124,600","125,800","121,100","0,18K","-2,64%"
"21.03.2025","124,800","126,500","127,100","124,300","152,48K","-0,95%"
"20.03.2025","126,000","126,400","128,000","125,000","73,75K","-0,55%"
"19.03.2025","126,700","126,300","127,200","125,300","87,08K","0,56%"
"18.03.2025","126,000","123,800","126,100","123,100","101,73K","2,44%"
"17.03.2025","123,000","121,200","123,300","121,200","80,01K","2,33%"
"14.03.2025","120,200","119,900","121,800","119,200","90,33K","0,17%"
"13.03.2025","120,000","118,600","120,900","118,300","91,57K","1,18%"
"12.03.2025","118,600","118,000","119,800","117,300","78,19K","0,94%"
"11.03.2025","117,500","119,400","120,900","117,500","145,55K","-0,84%"
"10.03.2025","118,500","119,500","120,100","117,200","157,22K","-0,34%"
"07.03.2025","118,900","118,800","119,400","117,300","117,25K","-0,08%"
"06.03.2025","119,000","117,500","119,500","117,000","117,43K","1,28%"
"05.03.2025","117,500","117,000","118,500","115,600","121,38K","1,38%"
"04.03.2025","115,900","117,300","119,000","115,900","90,32K","-2,19%"
"03.03.2025","118,500","119,000","119,600","116,300","141,63K","-0,17%"
"28.02.2025","118,700","116,800","119,700","114,000","324,85K","3,22%"
"27.02.2025","115,000","116,600","116,600","112,500","165,61K","-1,71%"
"26.02.2025","117,000","114,000","117,700","113,900","106,60K","2,72%"
"25.02.2025","113,900","112,500","113,900","111,900","132,88K","1,24%"
"24.02.2025","112,500","109,700","112,800","109,500","128,77K","3,21%"
"21.02.2025","109,000","109,200","109,900","108,300","85,12K","0,00%"
"20.02.2025","109,000","109,600","110,400","108,600","81,79K","0,00%"
"19.02.2025","109,000","109,100","110,600","108,300","71,26K","-0,37%"
"18.02.2025","109,400","109,200","109,900","108,600","79,91K","-0,09%"
"17.02.2025","109,500","109,500","110,400","108,700","73,79K","-0,54%"
"14.02.2025","110,100","110,700","111,200","109,800","0,40K","-0,72%"
"13.02.2025","110,900","109,400","110,900","108,400","102,46K","1,74%"
"12.02.2025","109,000","109,300","110,900","107,600","0,04K","-0,37%"
"11.02.2025","109,400","109,500","110,200","108,800","3,68K","-0,27%"
"10.02.2025","109,700","108,100","109,700","108,100","58,63K","1,67%"
"07.02.2025","107,900","108,700","110,300","107,700","75,15K","-0,74%"
"06.02.2025","108,700","109,400","110,700","108,700","92,02K","-1,00%"
"05.02.2025","109,800","108,800","110,000","107,900","65,16K","1,20%"
"04.02.2025","108,500","106,400","108,500","106,100","95,08K","1,78%"
"03.02.2025","106,600","108,000","108,100","106,200","88,20K","-2,11%"
"31.01.2025","108,900","109,500","109,700","108,100","75,14K","-0,37%"
"30.01.2025","109,300","108,000","109,300","107,400","110,06K","1,49%"
"29.01.2025","107,700","109,600","109,600","106,800","112,79K","-1,10%"
"28.01.2025","108,900","107,700","111,400","107,100","103,94K","0,46%"
"27.01.2025","108,400","108,200","110,800","108,200","70,25K","0,18%"
"24.01.2025","108,200","108,700","109,200","107,700","74,31K","0,56%"
"23.01.2025","107,600","108,100","108,900","105,900","142,31K","-0,46%"
"22.01.2025","108,100","111,200","111,200","107,300","121,66K","-3,05%"
"21.01.2025","111,500","110,800","111,800","108,100","79,93K","-0,45%"
"20.01.2025","112,000","111,200","112,500","110,200","59,63K","0,45%"
"17.01.2025","111,500","111,800","113,600","111,200","121,03K","0,90%"
"16.01.2025","110,500","112,600","113,000","109,900","140,27K","-1,52%"
"15.01.2025","112,200","108,000","112,900","108,000","109,88K","4,86%"
"14.01.2025","107,000","107,000","107,200","105,700","68,14K","0,94%"
"13.01.2025","106,000","106,500","108,100","105,900","85,74K","-0,19%"
"10.01.2025","106,200","110,000","110,100","105,800","121,44K","-3,63%"
"09.01.2025","110,200","110,000","111,400","109,800","43,15K","-0,18%"
"08.01.2025","110,400","112,200","112,300","108,700","72,92K","-1,78%"
"07.01.2025","112,400","112,800","114,200","112,200","66,64K","-0,44%"
"06.01.2025","112,900","114,000","114,000","111,500","46,87K","-0,53%"
"03.01.2025","113,500","112,500","113,900","111,800","51,56K","1,52%"
"02.01.2025","111,800","109,200","111,800","109,000","54,28K","2,85%"
"31.12.2024","108,700","107,000","108,700","106,600","46,32K","0,93%"
"30.12.2024","107,700","108,500","108,800","107,200","45,94K","-1,01%"
"27.12.2024","108,800","109,600","109,900","108,000","68,57K","-1,27%"
"24.12.2024","110,200","109,600","110,200","109,200","12,38K","0,82%"
"23.12.2024","109,300","109,400","109,600","108,100","47,74K","0,37%"
"20.12.2024","108,900","107,100","108,900","106,100","141,46K","0,93%"
"19.12.2024","107,900","108,000","108,400","106,600","118,39K","-1,64%"
"18.12.2024","109,700","108,700","111,000","108,700","57,22K","0,92%"
"17.12.2024","108,700","110,600","110,600","108,100","127,95K","-2,07%"
"16.12.2024","111,000","113,300","113,800","110,200","91,35K","-2,03%"
"13.12.2024","113,300","114,500","115,100","113,300","46,06K","-0,61%"
"12.12.2024","114,000","115,000","116,000","113,600","108,86K","-1,04%"
"11.12.2024","115,200","119,500","119,500","115,200","105,99K","-3,60%"
"10.12.2024","119,500","117,300","119,700","117,300","55,64K","1,27%"
"09.12.2024","118,000","118,000","118,600","117,200","42,75K","-0,25%"
"06.12.2024","118,300","118,400","120,300","118,300","54,25K","0,77%"
"05.12.2024","117,400","117,400","118,800","117,000","44,17K","0,00%"
"04.12.2024","117,400","118,300","118,300","116,600","74,91K","-0,84%"
"03.12.2024","118,400","120,400","121,100","117,900","70,27K","-1,17%"
"02.12.2024","119,800","120,000","122,200","119,300","100,59K","-0,42%"
"29.11.2024","120,300","120,800","121,600","119,400","56,56K","-0,50%"
"28.11.2024","120,900","120,700","121,500","120,400","53,56K","0,42%"
"27.11.2024","120,400","119,300","120,700","118,900","49,63K","0,67%"
"26.11.2024","119,600","119,400","120,300","118,500","57,47K","-0,50%"
"25.11.2024","120,200","119,000","120,600","118,400","198,74K","1,69%"
"22.11.2024","118,200","116,400","118,200","116,000","82,53K","1,72%"
"21.11.2024","116,200","114,900","116,700","114,800","79,02K","0,96%"
"20.11.2024","115,100","114,900","116,400","114,100","76,73K","0,44%"
"19.11.2024","114,600","117,400","117,500","114,600","103,78K","-2,13%"
"18.11.2024","117,100","117,500","118,900","115,700","84,93K","0,34%"
"15.11.2024","116,700","113,600","117,100","113,600","114,59K","3,09%"
"14.11.2024","113,200","110,000","113,800","109,000","81,65K","3,38%"
"13.11.2024","109,500","110,500","112,400","109,500","84,20K","-0,90%"
"12.11.2024","110,500","112,200","112,800","110,500","73,51K","-2,30%"
"11.11.2024","113,100","113,000","114,900","113,000","62,89K","0,80%"
"08.11.2024","112,200","112,500","114,400","112,200","66,27K","-0,44%"
"07.11.2024","112,700","111,500","113,500","111,300","96,88K","1,71%"
"06.11.2024","110,800","120,400","120,400","110,200","283,55K","-8,05%"
"05.11.2024","120,500","121,000","122,800","120,500","63,99K","-0,99%"
"04.11.2024","121,700","118,600","122,300","118,600","73,34K","2,53%"
"01.11.2024","118,700","117,800","119,700","117,700","78,66K","1,11%"
"31.10.2024","117,400","119,700","121,300","117,200","82,43K","-2,49%"
"30.10.2024","120,400","120,200","121,600","119,800","68,78K","-0,17%"
"29.10.2024","120,600","124,000","124,200","120,600","53,41K","-2,51%"
"28.10.2024","123,700","123,600","124,400","123,100","59,94K","0,41%"
"25.10.2024","123,200","121,500","123,600","121,100","85,25K","1,15%"
"24.10.2024","121,800","120,300","121,900","119,800","79,06K","1,42%"
"23.10.2024","120,100","119,000","120,800","118,800","70,99K","1,26%"
"22.10.2024","118,600","122,700","123,000","117,400","105,61K","-4,12%"
"21.10.2024","123,700","124,200","125,200","122,700","43,90K","-0,40%"
"18.10.2024","124,200","122,300","124,800","121,700","82,49K","1,39%"
"17.10.2024","122,500","123,000","125,400","121,700","104,00K","-0,57%"
"16.10.2024","123,200","120,400","123,200","120,100","102,14K","2,16%"
"15.10.2024","120,600","121,000","121,600","119,500","83,99K","0,25%"
"14.10.2024","120,300","119,100","120,700","118,800","51,51K","0,67%"
"11.10.2024","119,500","118,100","119,800","118,000","63,94K","0,84%"
"10.10.2024","118,500","124,000","124,900","118,400","100,63K","-4,51%"
"09.10.2024","124,100","122,500","124,100","122,500","87,78K","0,98%"
"08.10.2024","122,900","121,100","123,800","120,600","61,58K","1,57%"
"07.10.2024","121,000","122,100","122,200","120,900","69,35K","-0,90%"
"04.10.2024","122,100","122,600","123,500","120,100","90,71K","0,08%"
"03.10.2024","122,000","122,200","123,000","121,300","74,85K","-0,41%"
"02.10.2024","122,500","124,300","125,000","121,600","102,81K","-1,69%"
"01.10.2024","124,600","125,500","128,100","124,300","103,11K","-2,27%"
"30.09.2024","127,500","127,300","128,100","126,300","73,78K","-0,23%"
"27.09.2024","127,800","126,100","127,900","126,100","53,12K","1,75%"
"26.09.2024","125,600","125,300","126,200","124,800","74,51K","0,64%"
"25.09.2024","124,800","123,800","125,000","123,400","47,30K","0,40%"
"24.09.2024","124,300","127,700","128,400","124,300","72,67K","-1,89%"
"23.09.2024","126,700","125,700","127,200","125,200","63,33K","1,36%"
"20.09.2024","125,000","128,800","128,800","124,900","166,02K","-3,18%"
"19.09.2024","129,100","131,100","132,100","128,400","86,79K","-1,00%"
"18.09.2024","130,400","131,700","131,700","130,100","70,69K","-1,14%"
"17.09.2024","131,900","130,000","132,300","130,000","74,60K","1,54%"
"16.09.2024","129,900","128,000","130,300","127,900","90,72K","1,72%"
"13.09.2024","127,700","125,800","128,200","125,800","80,77K","1,92%"
"12.09.2024","125,300","126,300","127,900","125,300","49,86K","-0,08%"
"11.09.2024","125,400","125,500","126,700","124,500","69,33K","-0,08%"
"10.09.2024","125,500","127,800","128,900","125,100","69,46K","-1,57%"
"09.09.2024","127,500","127,000","128,000","126,000","61,49K","1,03%"
"06.09.2024","126,200","127,900","128,700","126,200","60,59K","-1,17%"
"05.09.2024","127,700","124,900","129,300","124,900","88,63K","2,16%"
"04.09.2024","125,000","122,700","125,200","122,200","64,43K","0,97%"
"03.09.2024","123,800","123,400","125,300","123,400","61,97K","-0,16%"
"02.09.2024","124,000","122,000","124,000","121,300","48,81K","1,39%"
"30.08.2024","122,300","121,400","123,200","121,400","143,27K","0,25%"
"29.08.2024","122,000","123,300","123,500","121,300","52,60K","-1,29%"
"28.08.2024","123,600","123,800","124,200","123,100","35,90K","-0,08%"
"27.08.2024","123,700","123,700","124,200","122,500","59,28K","-0,16%"
"26.08.2024","123,900","123,400","124,100","122,900","31,02K","0,32%"
"23.08.2024","123,500","122,000","123,600","121,800","52,96K","1,56%"
"22.08.2024","121,600","120,600","122,400","120,600","36,19K","0,50%"
"21.08.2024","121,000","122,400","122,600","120,400","45,06K","-1,22%"
"20.08.2024","122,500","122,500","122,700","121,700","82,72K","0,00%"
"19.08.2024","122,500","119,200","123,000","118,800","91,15K","3,03%"
"16.08.2024","118,900","118,100","119,000","118,100","48,23K","0,93%"
"15.08.2024","117,800","117,600","118,500","117,300","36,06K","0,34%"
"14.08.2024","117,400","118,400","118,700","116,200","49,72K","-0,51%"
"13.08.2024","118,000","116,600","118,200","116,200","52,39K","1,72%"
"12.08.2024","116,000","117,300","117,300","115,600","56,43K","0,26%"
"09.08.2024","115,700","117,300","118,300","115,600","52,27K","-1,03%"
"08.08.2024","116,900","116,600","117,300","115,800","51,03K","0,00%"
"07.08.2024","116,900","115,300","117,500","114,400","76,53K","2,72%"
"06.08.2024","113,800","114,700","116,900","113,300","81,54K","-0,70%"
"05.08.2024","114,600","117,900","118,200","113,500","98,05K","-5,05%"
"02.08.2024","120,700","117,700","120,700","117,700","104,82K","1,26%"
"01.08.2024","119,200","119,600","120,800","119,000","69,26K","-0,25%"
"31.07.2024","119,500","119,200","119,800","116,900","110,09K","1,79%"
"30.07.2024","117,400","116,500","123,300","116,500","147,07K","-0,09%"
"29.07.2024","117,500","117,100","118,400","116,800","71,72K","0,43%"
"26.07.2024","117,000","114,400","117,300","114,200","75,81K","1,74%"
"25.07.2024","115,000","112,200","115,000","111,300","100,83K","1,50%"
"24.07.2024","113,300","111,100","113,700","110,600","202,22K","1,25%"
"23.07.2024","111,900","112,700","113,100","111,300","54,78K","-0,80%"
"22.07.2024","112,800","113,200","113,900","112,300","67,92K","0,53%"
"19.07.2024","112,200","115,600","115,600","111,700","127,63K","-3,19%"
"18.07.2024","115,900","113,100","115,900","113,000","149,14K","2,75%"
"17.07.2024","112,800","111,800","113,700","111,600","80,37K","1,44%"
"16.07.2024","111,200","110,900","111,700","110,400","95,51K","-0,18%"
"15.07.2024","111,400","113,800","113,800","111,400","107,49K","-2,71%"
"12.07.2024","114,500","114,000","114,600","113,000","82,66K","0,44%"
"11.07.2024","114,000","113,000","114,700","111,500","128,20K","1,79%"
"10.07.2024","112,000","109,800","112,100","109,600","97,22K","2,75%"
"09.07.2024","109,000","109,300","110,200","108,000","317,90K","-0,18%"
"08.07.2024","109,200","108,700","111,400","108,700","407,68K","0,18%"
"05.07.2024","109,000","108,600","110,200","107,100","137,74K","0,09%"
"04.07.2024","108,900","107,200","108,900","106,500","89,39K","1,68%"
"03.07.2024","107,100","106,100","107,400","105,400","98,27K","1,42%"
"02.07.2024","105,600","107,300","108,000","104,800","146,50K","-6,55%"
"01.07.2024","113,000","112,900","114,800","112,300","115,93K","2,45%"
"28.06.2024","110,300","112,600","112,600","110,100","110,47K","-1,87%"
"27.06.2024","112,400","113,300","113,600","111,300","108,27K","-0,79%"
"26.06.2024","113,300","115,800","116,200","112,400","110,89K","-1,73%"
"25.06.2024","115,300","115,700","116,700","113,600","93,12K","-0,35%"
"24.06.2024","115,700","114,200","115,900","112,500","118,55K","2,94%"
"21.06.2024","112,400","113,500","114,500","112,100","195,10K","-1,06%"
"20.06.2024","113,600","112,500","114,100","111,800","66,54K","1,97%"
"19.06.2024","111,400","112,300","112,700","111,300","82,53K","-1,24%"
"18.06.2024","112,800","112,800","113,700","111,100","148,20K","1,35%"
"17.06.2024","111,300","116,600","116,600","110,800","334,26K","-3,72%"
"14.06.2024","115,600","116,100","117,700","113,800","145,86K","-0,26%"
"13.06.2024","115,900","117,200","117,900","115,600","83,47K","-1,45%"
"12.06.2024","117,600","116,800","119,700","115,500","97,47K","0,51%"
"11.06.2024","117,000","118,000","118,600","116,400","93,63K","-1,10%"
"10.06.2024","118,300","117,700","118,300","116,400","90,79K","-0,25%"
"07.06.2024","118,600","119,900","120,700","117,400","86,14K","-0,34%"
"06.06.2024","119,000","120,500","121,300","118,100","73,95K","-1,08%"
"05.06.2024","120,300","120,000","121,500","119,300","62,62K","0,42%"
"04.06.2024","119,800","120,500","120,800","118,900","61,21K","-0,66%"
"03.06.2024","120,600","120,100","121,600","118,800","99,84K","2,29%"
"31.05.2024","117,900","121,100","122,000","117,900","498,36K","-2,48%"
"30.05.2024","120,900","116,400","121,200","116,400","145,88K","5,13%"
"29.05.2024","115,000","118,100","118,800","114,700","120,37K","-3,20%"
"28.05.2024","118,800","120,700","121,300","117,900","84,88K","-1,49%"
"27.05.2024","120,600","116,300","120,700","115,700","167,38K","3,97%"
"24.05.2024","116,000","123,400","123,500","112,900","403,49K","-7,13%"
"23.05.2024","124,900","126,100","126,700","123,600","117,25K","-1,19%"
"22.05.2024","126,400","122,000","126,600","120,700","173,85K","2,35%"
"21.05.2024","123,500","123,000","123,500","121,400","83,50K","0,00%"
"20.05.2024","123,500","123,600","125,200","123,400","67,16K","0,82%"
"17.05.2024","122,500","123,700","123,800","122,100","59,22K","-1,45%"
"16.05.2024","124,300","125,000","125,000","122,500","100,73K","0,32%"
"15.05.2024","123,900","122,000","125,500","121,400","122,50K","1,72%"
"14.05.2024","121,800","120,600","122,800","120,600","99,95K","1,58%"
"13.05.2024","119,900","121,500","121,500","118,700","76,32K","-1,07%"
"10.05.2024","121,200","117,800","121,600","117,800","129,86K","3,15%"
"09.05.2024","117,500","117,200","118,300","114,900","74,87K","0,60%"
"08.05.2024","116,800","116,800","117,200","115,800","77,30K","0,52%"
"07.05.2024","116,200","114,200","116,600","114,200","88,53K","1,84%"
"06.05.2024","114,100","114,100","115,400","113,500","65,00K","0,18%"
"03.05.2024","113,900","111,600","117,600","111,500","","2,61%"
"02.05.2024","111,000","109,600","112,600","109,500","122,35K","2,12%"
"30.04.2024","108,700","111,500","112,400","108,400","95,58K","-2,51%"
"29.04.2024","111,500","109,500","111,600","109,400","83,23K","2,11%"
"26.04.2024","109,200","105,000","110,700","105,000","122,83K","4,10%"
"25.04.2024","104,900","107,000","107,500","104,600","90,20K","-2,33%"
"24.04.2024","107,400","109,000","109,000","106,900","79,57K","-1,20%"
"23.04.2024","108,700","107,200","108,900","106,500","69,07K","1,40%"
"22.04.2024","107,200","108,000","109,100","106,600","62,95K","0,00%"
"19.04.2024","107,200","108,400","108,700","106,700","95,78K","-1,20%"
"18.04.2024","108,500","108,500","110,000","107,700","93,43K","0,84%"
"17.04.2024","107,600","106,800","108,700","105,700","98,72K","0,28%"
"16.04.2024","107,300","106,200","107,900","105,200","109,72K","-0,28%"
"15.04.2024","107,600","109,400","109,400","107,200","114,95K","-2,27%"
"12.04.2024","110,100","108,200","111,300","108,200","154,86K","2,32%"
"11.04.2024","107,600","106,600","110,200","106,200","162,63K","0,84%"
"10.04.2024","106,700","110,700","111,000","105,400","174,94K","-3,26%"
"09.04.2024","110,300","109,000","111,200","107,600","101,16K","1,10%"
"08.04.2024","109,100","108,300","109,300","107,500","268,10K","1,49%"
"05.04.2024","107,500","110,300","111,300","107,500","131,95K","-4,02%"
"04.04.2024","112,000","110,700","112,400","109,700","91,38K","1,82%"
"03.04.2024","110,000","109,600","110,400","108,600","186,68K","0,09%"
"02.04.2024","109,900","112,500","112,600","109,700","131,04K","-2,61%"
"28.03.2024","112,850","112,650","113,650","111,350","156,06K","-1,78%"
"27.03.2024","114,900","110,850","115,050","110,100","132,25K","3,65%"
"26.03.2024","110,850","110,500","111,600","109,250","78,36K","0,18%"
"25.03.2024","110,650","109,800","111,100","109,800","71,49K","-0,45%"
"22.03.2024","111,150","107,750","112,700","107,750","89,65K","2,68%"
"21.03.2024","108,250","110,100","110,800","107,750","110,54K","-0,46%"
"20.03.2024","108,750","107,250","109,250","107,250","103,60K","0,55%"
"19.03.2024","108,150","110,400","110,900","107,100","147,23K","-2,13%"
"18.03.2024","110,500","113,300","113,500","108,950","118,77K","-2,13%"
"15.03.2024","112,900","112,600","115,050","112,150","218,98K","0,36%"
"14.03.2024","112,500","112,800","116,200","112,150","277,85K","0,18%"
"13.03.2024","112,300","112,200","113,900","112,050","150,33K","0,49%"
"12.03.2024","111,750","113,200","115,000","111,600","169,18K","-0,93%"
"11.03.2024","112,800","113,500","115,700","112,200","150,80K","-0,92%"
"08.03.2024","113,850","117,750","117,750","113,100","187,82K","-2,69%"
"07.03.2024","117,000","111,950","117,950","111,950","158,41K","4,00%"
"06.03.2024","112,500","111,900","114,000","111,400","110,85K","0,31%"
"05.03.2024","112,150","110,500","113,350","109,800","139,05K","1,82%"
"04.03.2024","110,150","107,600","110,650","107,550","150,67K","3,19%"
"01.03.2024","106,750","103,050","109,550","101,000","269,88K","3,19%"
"29.02.2024","103,450","101,200","104,250","100,800","544,90K","3,14%"
"28.02.2024","100,300","104,200","104,350","99,860","146,33K","-3,79%"
"27.02.2024","104,250","101,550","104,300","100,800","103,79K","2,66%"
"26.02.2024","101,550","104,750","105,000","101,500","98,46K","-2,96%"
"23.02.2024","104,650","105,600","106,200","103,350","81,96K","-1,41%"
"22.02.2024","106,150","108,850","109,150","105,050","177,13K","-1,62%"
"21.02.2024","107,900","108,500","109,000","107,100","57,75K","-0,55%"
"20.02.2024","108,500","107,400","109,750","106,400","86,47K","0,93%"
"19.02.2024","107,500","108,900","110,000","107,150","56,65K","-1,51%"
"16.02.2024","109,150","110,950","111,400","108,500","122,77K","-2,46%"
"15.02.2024","111,900","110,450","112,950","110,300","58,55K","1,63%"
"14.02.2024","110,100","110,050","110,900","109,400","48,48K","-0,23%"
"13.02.2024","110,350","113,000","114,050","110,350","74,86K","-1,87%"
"12.02.2024","112,450","110,000","113,300","110,000","98,91K","2,27%"
"09.02.2024","109,950","112,400","112,850","109,400","187,70K","-2,18%"
"08.02.2024","112,400","114,300","115,400","112,400","69,59K","-1,58%"
"07.02.2024","114,200","115,000","116,800","113,850","83,80K","-0,22%"
"06.02.2024","114,450","115,000","115,200","112,950","111,64K","-0,56%"
"05.02.2024","115,100","117,400","118,750","115,000","108,12K","-2,08%"
"02.02.2024","117,550","119,350","120,700","117,550","95,85K","-0,76%"
"01.02.2024","118,450","118,800","120,000","117,400","93,77K","-1,50%"
"31.01.2024","120,250","118,600","120,950","118,200","109,68K","1,61%"
"30.01.2024","118,350","121,650","122,200","118,300","82,98K","-2,59%"
"29.01.2024","121,500","121,500","122,050","119,700","98,87K","-0,25%"
"26.01.2024","121,800","121,150","122,750","120,850","99,17K","1,00%"
"25.01.2024","120,600","120,300","121,150","119,400","73,00K","0,00%"
"24.01.2024","120,600","121,650","122,450","120,100","73,07K","0,42%"
"23.01.2024","120,100","118,000","120,900","117,000","107,62K","1,95%"
"22.01.2024","117,800","116,200","118,500","115,700","89,61K","1,99%"
"19.01.2024","115,500","118,100","118,850","115,000","124,97K","-1,45%"
"18.01.2024","117,200","116,600","118,250","114,750","117,88K","0,39%"
"17.01.2024","116,750","120,800","121,000","116,400","135,20K","-4,77%"
"16.01.2024","122,600","126,500","126,650","122,000","136,66K","-4,03%"
"15.01.2024","127,750","130,600","131,350","126,400","105,11K","-2,26%"
"12.01.2024","130,700","127,400","131,050","127,400","105,64K","2,11%"
"11.01.2024","128,000","128,950","130,700","127,550","94,19K","-0,47%"
"10.01.2024","128,600","127,000","128,800","126,550","97,35K","1,06%"
"09.01.2024","127,250","126,000","127,400","125,100","94,94K","1,15%"
"08.01.2024","125,800","126,650","127,050","124,250","74,26K","-0,75%"
"05.01.2024","126,750","127,200","127,550","124,200","101,07K","-1,02%"
"04.01.2024","128,050","127,600","128,950","126,850","79,71K","0,67%"
"03.01.2024","127,200","131,500","131,700","127,100","138,23K","-3,42%"
"02.01.2024","131,700","134,450","135,150","130,850","114,99K","-1,20%"
"29.12.2023","133,300","133,350","134,050","133,000","46,52K","0,15%"
"28.12.2023","133,100","133,500","134,250","132,750","47,16K","-0,37%"
"27.12.2023","133,600","132,500","133,700","132,300","55,30K","1,48%"
"22.12.2023","131,650","132,650","133,000","130,650","48,16K","-1,02%"
"21.12.2023","133,000","131,100","133,200","128,750","72,02K","0,76%"
"20.12.2023","132,000","133,550","133,850","131,900","76,88K","-0,75%"
"19.12.2023","133,000","132,450","134,200","132,200","127,31K","0,57%"
"18.12.2023","132,250","134,100","134,500","132,050","161,48K","-2,15%"
"15.12.2023","135,150","136,350","136,700","133,900","220,41K","-0,37%"
"14.12.2023","135,650","133,000","138,350","132,700","180,38K","3,91%"
"13.12.2023","130,550","130,400","131,750","130,150","86,54K","0,46%"
"12.12.2023","129,950","132,400","132,900","129,950","89,58K","-1,92%"
"11.12.2023","132,500","135,000","135,150","132,200","82,07K","-2,47%"
"08.12.2023","135,850","133,800","136,150","133,650","81,29K","1,84%"
"07.12.2023","133,400","133,700","134,750","133,200","70,96K","-0,97%"
"06.12.2023","134,700","133,600","135,000","132,650","72,17K","0,94%"
"05.12.2023","133,450","132,400","133,450","130,950","75,02K","0,98%"
"04.12.2023","132,150","131,350","133,250","130,700","92,81K","1,77%"
"01.12.2023","129,850","129,600","130,050","128,300","45,48K","0,27%"
"30.11.2023","129,500","129,200","130,300","128,400","278,62K","0,54%"
"29.11.2023","128,800","127,350","130,050","127,300","76,73K","1,30%"
"28.11.2023","127,150","126,400","127,700","125,100","110,03K","0,67%"
"27.11.2023","126,300","123,550","126,700","123,550","80,45K","1,98%"
"24.11.2023","123,850","125,250","125,750","123,200","98,38K","-1,35%"
"23.11.2023","125,550","124,100","125,550","124,100","50,81K","1,25%"
"22.11.2023","124,000","124,750","127,000","124,000","126,07K","-0,28%"
"21.11.2023","124,350","129,000","129,450","123,350","179,61K","-4,31%"
"20.11.2023","129,950","129,450","131,050","128,600","87,51K","0,66%"
"17.11.2023","129,100","133,200","133,200","127,850","189,16K","-2,23%"
"16.11.2023","132,050","131,400","133,050","131,300","84,78K","0,34%"
"15.11.2023","131,600","131,900","133,250","130,400","89,63K","0,15%"
"14.11.2023","131,400","126,600","131,850","126,100","103,12K","4,20%"
"13.11.2023","126,100","127,750","127,850","125,750","48,60K","-0,86%"
"10.11.2023","127,200","127,300","127,550","125,700","64,34K","-1,01%"
"09.11.2023","128,500","126,150","128,800","124,900","74,36K","2,11%"
"08.11.2023","125,850","125,250","127,050","125,000","61,83K","0,00%"
"07.11.2023","125,850","126,200","126,700","125,550","86,03K","-1,22%"
"06.11.2023","127,400","127,500","128,600","126,350","100,53K","0,16%"
"03.11.2023","127,200","124,300","129,300","123,750","127,27K","2,75%"
"02.11.2023","123,800","120,000","125,250","120,000","113,33K","4,69%"
"01.11.2023","118,250","119,150","119,150","115,850","65,96K","-0,63%"
"31.10.2023","119,000","117,500","119,250","116,700","124,85K","2,45%"
"30.10.2023","116,150","114,750","117,200","114,750","66,45K","1,44%"
"27.10.2023","114,500","115,750","117,750","113,900","65,42K","-1,21%"
"26.10.2023","115,900","115,250","116,450","114,450","105,87K","0,09%"
"25.10.2023","115,800","117,900","118,000","115,400","87,23K","-2,11%"
"24.10.2023","118,300","115,900","118,450","115,650","78,45K","2,03%"
"23.10.2023","115,950","115,050","116,050","114,050","68,41K","0,52%"
"20.10.2023","115,350","118,250","118,400","115,350","119,97K","-3,27%"
"19.10.2023","119,250","119,000","120,300","118,200","77,75K","-0,04%"
"18.10.2023","119,300","118,250","120,950","117,250","116,17K","0,55%"
"17.10.2023","118,650","118,100","120,450","118,050","72,38K","0,55%"
"16.10.2023","118,000","118,150","118,850","116,900","58,05K","-0,21%"
"13.10.2023","118,250","118,950","120,100","117,700","87,41K","-1,00%"
"12.10.2023","119,450","121,400","121,850","118,900","111,29K","-0,95%"
"11.10.2023","120,600","117,500","120,600","116,900","98,56K","3,08%"
"10.10.2023","117,000","115,800","117,350","115,750","84,56K","2,14%"
"09.10.2023","114,550","114,600","115,800","113,500","88,37K","-0,04%"
"06.10.2023","114,600","115,100","115,100","112,300","101,58K","0,04%"
"05.10.2023","114,550","113,200","115,650","113,200","81,65K","1,69%"
"04.10.2023","112,650","114,400","115,350","112,050","88,04K","-1,44%"
"03.10.2023","114,300","116,200","117,750","114,250","140,83K","-1,93%"
"02.10.2023","116,550","121,350","122,150","116,100","132,59K","-3,44%"
"29.09.2023","120,700","121,800","123,450","120,550","112,95K","-0,66%"
"28.09.2023","121,500","120,250","123,100","120,250","122,34K","1,00%"
"27.09.2023","120,300","121,400","123,050","120,050","123,56K","-0,70%"
"26.09.2023","121,150","120,000","122,050","119,150","110,51K","0,50%"
"25.09.2023","120,550","125,000","125,450","119,700","105,88K","-3,44%"
"22.09.2023","124,850","124,100","125,550","123,700","65,29K","0,28%"
"21.09.2023","124,500","127,100","127,500","123,650","103,19K","-3,11%"
"20.09.2023","128,500","127,100","128,500","127,000","53,79K","0,86%"
"19.09.2023","127,400","127,050","127,750","126,300","67,04K","0,63%"
"18.09.2023","126,600","128,000","128,150","125,700","77,05K","-1,33%"
"15.09.2023","128,300","130,900","130,950","128,300","306,22K","-1,50%"
"14.09.2023","130,250","126,450","130,600","126,450","76,99K","2,56%"
"13.09.2023","127,000","127,100","127,700","125,700","62,34K","-0,55%"
"12.09.2023","127,700","129,300","129,450","127,200","49,05K","-1,24%"
"11.09.2023","129,300","127,600","129,300","127,600","67,49K","0,66%"
"08.09.2023","128,450","128,050","128,900","126,450","92,47K","1,22%"
"07.09.2023","126,900","125,750","127,400","125,050","84,61K","0,83%"
"06.09.2023","125,850","126,250","126,800","124,900","83,83K","-0,40%"
"05.09.2023","126,350","128,500","128,500","126,350","62,12K","-1,17%"
"04.09.2023","127,850","130,500","130,700","127,800","55,38K","-1,65%"
"01.09.2023","130,000","131,600","131,900","129,650","57,91K","-1,40%"
"31.08.2023","131,850","131,900","133,200","131,600","215,40K","0,00%"
"30.08.2023","131,850","133,350","133,350","130,250","96,40K","-1,12%"
"29.08.2023","133,350","130,000","133,350","129,450","180,45K","4,08%"
"28.08.2023","128,125","128,125","128,250","126,700","","1,44%"
"25.08.2023","126,300","125,300","126,700","124,750","45,07K","0,56%"
"24.08.2023","125,600","126,500","127,000","125,250","58,66K","-0,20%"
"23.08.2023","125,850","124,900","128,100","124,600","62,19K","1,17%"
"22.08.2023","124,400","123,850","125,150","123,850","51,90K","0,81%"
"21.08.2023","123,400","124,550","125,600","122,950","55,54K","-1,00%"
"18.08.2023","124,650","124,100","125,750","123,400","60,00K","0,20%"
"17.08.2023","124,400","126,600","127,000","124,400","97,81K","-2,62%"
"16.08.2023","127,750","128,300","129,000","127,700","55,59K","-0,66%"
"15.08.2023","128,600","131,750","131,750","128,200","45,13K","-2,09%"
"14.08.2023","131,350","133,000","133,250","130,300","91,73K","-0,79%"
"11.08.2023","132,400","133,850","135,350","132,350","85,72K","-1,71%"
"10.08.2023","134,700","132,500","134,850","132,400","139,23K","2,39%"
"09.08.2023","131,550","133,150","133,450","130,950","53,05K","-0,49%"
"08.08.2023","132,200","131,750","132,950","131,350","51,40K","-0,11%"
"07.08.2023","132,350","134,750","135,500","131,850","70,18K","-1,93%"
"04.08.2023","134,950","131,950","134,950","131,700","78,79K","2,35%"
"03.08.2023","131,850","133,600","134,200","131,500","78,59K","-1,46%"
"02.08.2023","133,800","134,200","135,700","133,300","79,35K","-0,56%"
"01.08.2023","134,550","136,100","137,150","134,550","84,16K","-1,32%"
"31.07.2023","136,350","139,750","140,400","136,350","88,40K","-2,43%"
"28.07.2023","139,750","143,600","143,600","139,450","109,29K","-2,68%"
"27.07.2023","143,600","144,400","144,450","142,600","84,29K","-0,49%"
"26.07.2023","144,300","142,200","144,300","140,750","65,16K","1,30%"
"25.07.2023","142,450","141,400","142,700","140,200","58,12K","0,53%"
"24.07.2023","141,700","139,000","142,200","137,000","68,32K","0,82%"
"21.07.2023","140,550","136,200","140,550","136,200","117,70K","3,38%"
"20.07.2023","135,950","138,200","138,550","135,700","91,44K","-1,52%"
"19.07.2023","138,050","139,050","140,950","137,750","77,16K","-0,54%"
"18.07.2023","138,800","137,500","139,400","136,450","75,06K","0,62%"
"17.07.2023","137,950","138,000","138,850","137,350","47,82K","-0,22%"
"14.07.2023","138,250","138,700","139,200","137,800","62,66K","-0,32%"
"13.07.2023","138,700","139,100","139,150","137,700","63,26K","0,62%"
"12.07.2023","137,850","137,250","138,500","135,600","99,46K","0,51%"
"11.07.2023","137,150","135,900","137,500","134,900","79,23K","2,16%"
"10.07.2023","134,250","138,100","138,150","133,700","85,88K","-2,86%"
"07.07.2023","138,200","139,500","139,600","137,550","80,28K","-0,72%"
"06.07.2023","139,200","141,000","143,400","139,200","93,82K","-1,97%"
"05.07.2023","142,000","147,000","147,150","141,700","93,85K","-3,66%"
"04.07.2023","147,400","149,350","149,450","147,000","71,32K","-3,22%"
"03.07.2023","152,300","155,000","155,000","152,250","98,69K","-1,99%"
"30.06.2023","155,400","156,600","157,350","154,600","157,29K","-0,35%"
"29.06.2023","155,950","158,650","158,700","155,700","99,50K","-1,05%"
"28.06.2023","157,600","158,900","159,300","157,500","117,06K","-0,28%"
"27.06.2023","158,050","157,000","158,700","156,650","89,02K","1,15%"
"26.06.2023","156,250","154,000","157,750","154,000","91,19K","1,46%"
"23.06.2023","154,000","156,100","156,450","153,650","88,59K","-1,97%"
"22.06.2023","157,100","157,500","157,700","155,950","60,63K","-0,85%"
"21.06.2023","158,450","161,750","161,750","158,450","56,05K","-1,89%"
"20.06.2023","161,500","161,000","162,950","160,800","70,13K","-0,12%"
"19.06.2023","161,700","162,900","163,600","161,450","58,16K","-1,10%"
"16.06.2023","163,500","163,700","165,050","163,200","170,09K","0,00%"
"15.06.2023","163,500","161,350","164,000","161,350","49,21K","0,86%"
"14.06.2023","162,100","161,400","163,100","160,750","48,78K","0,34%"
"13.06.2023","161,550","162,000","162,850","160,750","61,24K","0,00%"
"12.06.2023","161,550","159,700","162,000","159,700","73,57K","1,35%"
"09.06.2023","159,400","157,650","159,950","157,500","102,24K","0,82%"
"08.06.2023","158,100","157,750","160,150","157,500","65,52K","-0,09%"
"07.06.2023","158,250","158,500","159,300","156,200","92,19K","-0,57%"
"06.06.2023","159,150","158,400","160,000","156,850","83,98K","0,54%"
"05.06.2023","158,300","157,100","160,650","157,100","67,77K","0,92%"
"02.06.2023","156,850","155,350","157,350","154,300","63,71K","1,32%"
"01.06.2023","154,800","152,750","155,400","152,100","80,47K","2,31%"
"31.05.2023","151,300","158,300","158,500","149,550","231,22K","-4,54%"
"30.05.2023","158,500","161,700","162,000","158,500","67,29K","-1,74%"
"29.05.2023","161,300","160,950","162,100","160,450","30,76K","0,75%"
"26.05.2023","160,100","161,500","161,600","158,000","85,88K","-0,19%"
"25.05.2023","160,400","165,300","165,300","160,100","84,18K","-2,79%"
"24.05.2023","165,000","165,000","166,200","163,500","67,13K","-0,54%"
"23.05.2023","165,900","166,000","167,450","165,100","50,05K","-0,12%"
"22.05.2023","166,100","165,850","167,400","165,850","65,19K","0,15%"
"19.05.2023","165,850","165,000","166,550","164,000","53,75K","0,85%"
"18.05.2023","164,450","166,250","167,250","163,400","49,54K","-0,72%"
"17.05.2023","165,650","167,600","167,600","165,200","59,76K","-1,25%"
"16.05.2023","167,750","167,350","169,750","167,050","55,53K","-0,56%"
"15.05.2023","168,700","168,650","170,350","167,950","61,72K","0,66%"
"12.05.2023","167,600","168,000","171,150","166,050","81,34K","-1,59%"
"11.05.2023","170,300","170,000","171,850","169,200","61,80K","-0,29%"
"10.05.2023","170,800","169,400","172,000","168,850","58,06K","1,12%"
"09.05.2023","168,900","168,900","169,250","167,600","71,38K","-0,24%"
"08.05.2023","169,300","169,000","170,950","169,000","55,06K","-0,24%"
"05.05.2023","169,700","167,700","169,700","166,850","100,15K","1,71%"
"04.05.2023","166,850","166,500","167,050","164,850","97,02K","0,09%"
"03.05.2023","166,700","167,100","169,200","165,100","81,37K","-0,54%"
"02.05.2023","167,600","168,300","169,650","166,900","100,02K","-0,24%"
"28.04.2023","168,000","172,750","172,750","165,950","152,68K","-2,61%"
"27.04.2023","172,500","171,850","173,000","170,150","77,34K","-0,09%"
"26.04.2023","172,650","173,450","174,050","171,350","52,32K","-0,32%"
"25.04.2023","173,200","174,850","174,950","172,350","59,64K","-0,74%"
"24.04.2023","174,500","173,000","175,750","173,000","84,85K","0,72%"
"21.04.2023","173,250","174,000","175,100","172,500","97,91K","-0,40%"
"20.04.2023","173,950","175,000","175,000","171,800","98,46K","-0,85%"
"19.04.2023","175,450","173,600","175,900","173,100","72,43K","1,30%"
"18.04.2023","173,200","177,000","177,750","172,350","101,05K","-2,26%"
"17.04.2023","177,200","177,450","179,200","176,100","98,25K","0,14%"
"14.04.2023","176,950","179,950","182,300","176,750","125,07K","-0,42%"
"13.04.2023","177,700","178,400","180,400","177,700","138,58K","-0,50%"
"12.04.2023","178,600","177,500","180,700","176,250","133,05K","0,65%"
"11.04.2023","177,450","185,050","185,950","176,650","147,11K","-4,24%"
"06.04.2023","185,300","189,400","189,400","183,100","114,75K","-1,88%"
"05.04.2023","188,850","187,500","190,000","186,450","101,84K","2,78%"
"04.04.2023","183,750","182,350","184,700","182,000","60,72K","0,68%"
"03.04.2023","182,500","184,400","184,400","179,850","66,21K","-1,19%"
"31.03.2023","184,700","182,400","184,800","180,800","80,20K","1,48%"
"30.03.2023","182,000","179,100","182,000","178,900","145,85K","1,90%"
"29.03.2023","178,600","177,900","179,300","176,800","77,17K","1,42%"
"28.03.2023","176,100","178,300","178,900","175,400","90,04K","0,23%"
"27.03.2023","175,700","175,700","176,900","175,200","77,83K","1,04%"
"24.03.2023","173,900","178,500","178,500","172,800","81,91K","-2,90%"
"23.03.2023","179,100","178,500","179,900","177,400","62,49K","0,51%"
"22.03.2023","178,200","178,200","178,800","176,200","80,41K","-0,22%"
"21.03.2023","178,600","177,800","180,500","177,700","58,13K","-0,06%"
"20.03.2023","178,700","175,800","179,700","175,800","92,00K","0,96%"
"17.03.2023","177,000","177,500","180,400","175,000","185,23K","0,45%"
"16.03.2023","176,200","174,800","176,700","172,600","86,80K","1,67%"
"15.03.2023","173,300","177,800","177,800","173,100","99,99K","-2,09%"
"14.03.2023","177,000","173,800","177,700","173,800","90,86K","1,67%"
"13.03.2023","174,100","175,600","175,600","170,000","88,31K","-0,46%"
"10.03.2023","174,900","174,200","176,400","173,400","83,51K","-0,63%"
"09.03.2023","176,000","177,200","177,300","174,200","68,59K","-0,96%"
"08.03.2023","177,700","176,000","177,700","174,900","82,01K","0,68%"
"07.03.2023","176,500","176,800","178,400","173,900","82,98K","0,68%"
"06.03.2023","175,300","177,400","177,800","174,600","64,60K","-1,02%"
"03.03.2023","177,100","177,800","178,500","175,700","73,93K","0,17%"
"02.03.2023","176,800","175,600","178,300","174,300","99,73K","0,28%"
"01.03.2023","176,300","179,000","180,400","175,100","91,81K","-1,01%"
"28.02.2023","178,100","184,000","184,500","175,000","265,54K","-3,52%"
"27.02.2023","184,600","183,500","186,000","182,500","69,03K","1,04%"
"24.02.2023","182,700","183,400","183,500","182,000","71,02K","0,16%"
"23.02.2023","182,400","183,500","183,500","180,700","67,59K","-0,27%"
"22.02.2023","182,900","185,100","185,100","181,400","56,34K","-1,30%"
"21.02.2023","185,300","185,100","187,000","181,500","57,24K","-0,38%"
"20.02.2023","186,000","186,700","188,700","185,500","39,78K","-0,43%"
"17.02.2023","186,800","183,500","187,100","182,400","78,15K","1,91%"
"16.02.2023","183,300","188,900","188,900","183,100","94,96K","-2,34%"
"15.02.2023","187,700","186,000","188,000","185,500","61,67K","1,19%"
"14.02.2023","185,500","185,700","186,600","184,600","62,20K","0,11%"
"13.02.2023","185,300","184,900","185,800","183,900","54,22K","0,27%"
"10.02.2023","184,800","184,600","186,000","183,100","64,75K","-0,11%"
"09.02.2023","185,000","187,500","187,500","184,800","53,84K","-0,70%"
"08.02.2023","186,300","185,300","187,800","185,000","71,97K","1,20%"
"07.02.2023","184,100","182,900","184,600","182,300","65,93K","0,00%"
"06.02.2023","184,100","183,400","184,900","182,300","72,81K","-0,05%"
"03.02.2023","184,200","185,700","185,800","182,500","78,70K","-1,34%"
"02.02.2023","186,700","180,700","187,000","180,300","96,01K","3,43%"
"01.02.2023","180,500","179,500","180,500","178,600","80,64K","0,84%"
"31.01.2023","179,000","180,300","181,500","178,600","83,32K","-0,61%"
"30.01.2023","180,100","184,000","184,000","180,100","132,68K","-2,12%"
"27.01.2023","184,000","185,000","186,000","183,800","79,19K","-0,16%"
"26.01.2023","184,300","187,000","187,200","184,000","85,37K","-1,13%"
"25.01.2023","186,400","189,600","189,600","185,200","66,76K","-1,17%"
"24.01.2023","188,600","187,200","190,300","187,200","59,13K","0,43%"
"23.01.2023","187,800","188,600","189,500","185,800","55,93K","-0,21%"
"20.01.2023","188,200","186,000","188,800","185,500","79,12K","0,75%"
"19.01.2023","186,800","189,400","190,000","184,600","79,28K","-1,79%"
"18.01.2023","190,200","190,200","191,100","188,300","81,18K","-0,37%"
"17.01.2023","190,900","187,800","190,900","186,700","77,50K","1,22%"
"16.01.2023","188,600","188,500","190,200","186,900","54,94K","0,48%"
"13.01.2023","187,700","185,700","188,000","185,400","82,09K","0,81%"
"12.01.2023","186,200","185,900","188,800","184,200","66,94K","-0,05%"
"11.01.2023","186,300","180,700","187,600","180,000","112,28K","3,33%"
"10.01.2023","180,300","177,600","182,000","177,600","93,47K","1,58%"
"09.01.2023","177,500","176,800","177,900","176,000","69,68K","0,74%"
"06.01.2023","176,200","172,300","176,200","172,200","56,76K","1,91%"
"05.01.2023","172,900","174,500","175,500","172,400","76,07K","-1,37%"
"04.01.2023","175,300","174,200","175,800","173,700","77,58K","1,21%"
"03.01.2023","173,200","173,400","175,500","171,800","59,32K","-0,17%"
"02.01.2023","173,500","173,000","173,800","171,500","34,73K","0,93%"
"30.12.2022","171,900","174,100","174,100","171,700","47,24K","-1,15%"
"29.12.2022","173,900","173,500","174,100","171,000","44,89K","0,81%"
"28.12.2022","172,500","173,000","174,400","172,300","56,08K","-0,23%"
"27.12.2022","172,900","173,600","174,600","172,000","38,39K","0,41%"
"23.12.2022","172,200","172,500","172,500","170,400","76,86K","-0,40%"
"22.12.2022","172,900","174,800","175,400","172,300","66,47K","-0,69%"
"21.12.2022","174,100","174,900","174,900","172,600","90,89K","-0,17%"
"20.12.2022","174,400","172,000","174,800","170,300","77,20K","0,06%"
"19.12.2022","174,300","174,900","176,300","173,800","101,48K","-0,29%"
"16.12.2022","174,800","177,900","179,000","173,700","154,82K","-2,07%"
"15.12.2022","178,500","182,300","182,700","177,700","110,12K","-2,78%"
"14.12.2022","183,600","180,000","183,600","180,000","83,50K","1,38%"
"13.12.2022","181,100","183,600","184,100","175,600","150,56K","-1,15%"
"12.12.2022","183,200","177,700","183,900","177,400","105,14K","2,75%"
"09.12.2022","178,300","176,400","178,600","175,100","80,04K","1,13%"
"08.12.2022","176,300","182,700","183,000","176,200","93,09K","-3,50%"
"07.12.2022","182,700","182,300","183,800","181,100","73,56K","0,38%"
"06.12.2022","182,000","181,100","182,800","180,100","62,03K","0,33%"
"05.12.2022","181,400","179,900","182,500","178,500","72,00K","0,55%"
"02.12.2022","180,400","185,400","187,200","180,000","106,08K","-4,85%"
"01.12.2022","189,600","187,500","190,700","186,900","75,97K","1,72%"
"30.11.2022","186,400","181,300","186,600","181,300","268,93K","2,81%"
"29.11.2022","181,300","183,600","185,000","179,300","90,71K","-1,73%"
"28.11.2022","184,500","186,900","187,800","183,600","84,81K","-1,65%"
"25.11.2022","187,600","186,000","187,900","184,800","63,01K","0,54%"
"24.11.2022","186,600","183,700","186,900","183,400","101,19K","2,47%"
"23.11.2022","182,100","182,000","182,800","178,700","71,46K","0,55%"
"22.11.2022","181,100","179,200","182,300","179,100","87,51K","0,95%"
"21.11.2022","179,400","178,700","181,500","176,600","90,67K","-0,55%"
"18.11.2022","180,400","187,600","188,200","178,100","98,59K","-3,01%"
"17.11.2022","186,000","187,500","188,600","184,600","76,35K","-1,01%"
"16.11.2022","187,900","188,600","189,400","187,100","72,61K","0,16%"
"15.11.2022","187,600","187,900","189,500","187,000","106,71K","0,54%"
"14.11.2022","186,600","188,000","188,700","185,700","55,54K","-0,48%"
"11.11.2022","187,500","191,000","192,000","185,000","97,20K","-1,32%"
"10.11.2022","190,000","182,600","190,900","181,600","75,34K","3,94%"
"09.11.2022","182,800","180,400","182,900","179,100","91,24K","0,99%"
"08.11.2022","181,000","181,200","181,500","178,200","85,97K","-0,44%"
"07.11.2022","181,800","181,600","184,800","181,300","70,63K","-0,44%"
"04.11.2022","182,600","184,000","185,100","180,900","75,36K","0,05%"
"03.11.2022","182,500","182,300","183,500","179,700","57,15K","-1,03%"
"02.11.2022","184,400","183,800","184,900","182,000","62,07K","0,22%"
"01.11.2022","184,000","182,100","185,800","181,100","73,45K","1,04%"
"31.10.2022","182,100","185,600","186,500","180,200","134,91K","-1,67%"
"28.10.2022","185,200","183,500","186,200","181,800","85,11K","0,60%"
"27.10.2022","184,100","180,000","185,100","176,800","73,63K","2,28%"
"26.10.2022","180,000","175,500","180,400","175,100","84,03K","2,33%"
"25.10.2022","175,900","171,000","176,400","170,200","67,11K","3,05%"
"24.10.2022","170,700","167,900","172,800","167,900","78,44K","2,71%"
"21.10.2022","166,200","166,500","167,300","163,600","78,88K","-0,89%"
"20.10.2022","167,700","167,000","168,300","164,600","100,54K","0,18%"
"19.10.2022","167,400","170,400","170,600","165,500","66,70K","-1,36%"
"18.10.2022","169,700","168,700","171,000","167,000","90,62K","1,43%"
"17.10.2022","167,300","165,600","168,800","164,300","99,67K","1,46%"
"14.10.2022","164,900","167,300","169,700","164,100","105,29K","0,49%"
"13.10.2022","164,100","166,000","166,900","161,400","140,51K","-1,91%"
"12.10.2022","167,300","172,300","172,300","165,800","143,67K","-2,56%"
"11.10.2022","171,700","174,800","175,600","170,200","71,05K","-1,83%"
"10.10.2022","174,900","178,000","178,000","173,700","68,23K","-2,29%"
"07.10.2022","179,000","180,000","181,800","178,600","50,25K","-1,38%"
"06.10.2022","181,500","182,200","184,000","179,500","76,72K","-0,22%"
"05.10.2022","181,900","180,000","182,400","179,900","79,88K","-0,05%"
"04.10.2022","182,000","185,000","185,300","181,100","130,00K","-0,98%"
"03.10.2022","183,800","179,200","183,800","178,200","102,91K","1,77%"
"30.09.2022","180,600","179,500","180,600","177,400","117,54K","1,06%"
"29.09.2022","178,700","183,700","183,800","177,100","91,16K","-2,72%"
"28.09.2022","183,700","182,300","185,300","178,200","128,01K","-0,27%"
"27.09.2022","184,200","183,500","187,200","183,000","95,44K","0,77%"
"26.09.2022","182,800","186,500","186,600","181,200","118,60K","-2,30%"
"23.09.2022","187,100","191,400","191,800","182,700","127,25K","-2,35%"
"22.09.2022","191,600","195,900","196,300","191,300","62,12K","-2,84%"
"21.09.2022","197,200","194,000","198,300","191,700","120,90K","1,96%"
"20.09.2022","193,400","196,000","199,700","192,900","78,87K","-3,01%"
"19.09.2022","199,400","201,400","201,600","195,000","50,68K","-1,38%"
"16.09.2022","202,200","203,000","205,200","202,200","166,65K","-0,49%"
"15.09.2022","203,200","204,200","205,400","202,400","58,19K","-0,59%"
"14.09.2022","204,400","201,800","205,200","200,000","101,79K","1,19%"
"13.09.2022","202,000","201,800","205,600","200,600","106,08K","0,60%"
"12.09.2022","200,800","200,000","201,600","198,800","67,10K","0,55%"
"09.09.2022","199,700","197,500","202,200","196,500","70,14K","-0,25%"
"08.09.2022","200,200","200,600","201,600","194,600","66,22K","0,81%"
"07.09.2022","198,600","193,300","204,000","191,900","111,46K","2,21%"
"06.09.2022","194,300","193,600","195,100","192,100","68,08K","0,26%"
"05.09.2022","193,800","192,100","194,700","190,300","50,01K","-0,41%"
"02.09.2022","194,600","196,000","196,100","190,600","96,65K","-0,21%"
"01.09.2022","195,000","193,600","196,700","191,400","76,14K","-0,05%"
"31.08.2022","195,100","197,300","198,100","192,000","226,24K","-1,06%"
"30.08.2022","197,200","201,800","203,800","197,000","93,34K","-2,18%"
"29.08.2022","201,600","204,600","205,000","200,400","76,51K","-2,14%"
"26.08.2022","206,000","209,400","210,400","205,600","69,13K","-1,06%"
"25.08.2022","208,200","208,000","209,400","206,800","45,51K","0,29%"
"24.08.2022","207,600","205,600","209,000","205,200","64,92K","0,87%"
"23.08.2022","205,800","210,600","211,000","205,400","62,80K","-2,09%"
"22.08.2022","210,200","206,600","211,000","205,800","64,04K","1,55%"
"19.08.2022","207,000","204,800","207,800","204,200","84,38K","0,68%"
"18.08.2022","205,600","207,200","208,000","204,400","48,52K","-0,96%"
"17.08.2022","207,600","207,200","209,400","206,000","51,56K","0,19%"
"16.08.2022","207,200","204,800","207,400","204,600","58,95K","1,67%"
"15.08.2022","203,800","199,800","204,600","199,800","58,57K","2,16%"
"12.08.2022","199,500","201,400","202,200","199,000","76,77K","-0,84%"
"11.08.2022","201,200","201,800","202,400","199,900","56,47K","0,10%"
"10.08.2022","201,000","203,000","203,200","200,400","56,49K","-1,08%"
"09.08.2022","203,200","200,600","204,000","199,700","90,26K","1,30%"
"08.08.2022","200,600","199,800","201,800","197,400","82,77K","0,75%"
"05.08.2022","199,100","195,600","199,100","194,000","100,20K","2,10%"
"04.08.2022","195,000","195,900","196,900","190,500","114,06K","-0,36%"
"03.08.2022","195,700","199,700","201,400","194,300","83,95K","-2,54%"
"02.08.2022","200,800","195,100","201,400","194,500","93,66K","2,61%"
"01.08.2022","195,700","199,600","200,400","193,500","110,38K","-2,44%"
"29.07.2022","200,600","195,700","202,600","194,500","152,07K","3,30%"
"28.07.2022","194,200","192,400","195,600","186,300","105,11K","1,04%"
"27.07.2022","192,200","191,100","193,100","188,600","66,42K","0,73%"
"26.07.2022","190,800","187,800","191,900","187,600","82,96K","1,54%"
"25.07.2022","187,900","184,600","188,700","184,400","91,72K","1,73%"
"22.07.2022","184,700","181,100","184,700","179,900","66,29K","2,27%"
"21.07.2022","180,600","178,800","183,300","178,500","74,58K","0,89%"
"20.07.2022","179,000","181,200","182,500","178,600","76,18K","-2,19%"
"19.07.2022","183,000","182,200","185,500","182,200","64,75K","-0,05%"
"18.07.2022","183,100","183,300","185,200","180,700","58,07K","0,83%"
"15.07.2022","181,600","177,300","182,200","176,700","112,17K","2,77%"
"14.07.2022","176,700","187,500","188,300","175,300","137,49K","-6,16%"
"13.07.2022","188,300","188,800","191,200","185,700","95,08K","-1,00%"
"12.07.2022","190,200","191,300","195,900","189,400","95,45K","-0,99%"
"11.07.2022","192,100","188,800","193,200","185,700","121,85K","1,21%"
"08.07.2022","189,800","185,500","191,000","185,100","159,47K","2,21%"
"07.07.2022","185,700","181,800","185,800","181,400","158,96K","3,05%"
"06.07.2022","180,200","176,200","181,000","174,400","146,32K","3,38%"
"05.07.2022","174,300","177,300","177,300","173,400","138,51K","-3,27%"
"04.07.2022","180,200","179,700","181,900","178,600","76,96K","0,67%"
"01.07.2022","179,000","174,700","179,600","173,600","89,25K","1,99%"
"30.06.2022","175,500","174,200","179,700","172,700","149,18K","-0,28%"
"29.06.2022","176,000","178,900","178,900","173,300","115,85K","-0,17%"
"28.06.2022","176,300","178,000","178,000","175,100","115,01K","0,23%"
"27.06.2022","175,900","177,100","178,800","172,500","91,52K","-0,90%"
"24.06.2022","177,500","175,100","178,000","173,600","85,51K","3,32%"
"23.06.2022","171,800","170,500","173,500","168,700","75,17K","0,88%"
"22.06.2022","170,300","173,800","173,900","168,200","353,28K","-2,01%"
"21.06.2022","173,800","178,500","178,800","172,000","136,30K","-2,80%"
"20.06.2022","178,800","176,500","179,700","176,500","64,23K","1,25%"
"17.06.2022","176,600","178,700","178,700","174,400","191,58K","-1,51%"
"16.06.2022","179,300","179,100","181,100","176,400","67,04K","-0,06%"
"15.06.2022","179,400","180,000","180,700","175,900","100,13K","1,24%"
"14.06.2022","177,200","182,300","184,200","176,800","105,24K","-2,64%"
"13.06.2022","182,000","181,900","183,900","180,100","79,87K","-1,03%"
"10.06.2022","183,900","188,900","188,900","182,100","78,26K","-2,18%"
"09.06.2022","188,000","187,400","189,400","186,000","87,43K","0,11%"
"08.06.2022","187,800","192,000","192,000","186,600","80,48K","-1,88%"
"07.06.2022","191,400","187,400","191,400","187,400","92,85K","1,00%"
"06.06.2022","189,500","189,400","190,000","186,200","71,81K","0,53%"
"03.06.2022","188,500","188,800","189,400","186,800","71,23K","0,91%"
"02.06.2022","186,800","188,000","188,600","184,900","66,82K","0,59%"
"01.06.2022","185,700","183,100","188,500","183,100","279,25K","3,45%"
"31.05.2022","179,500","180,000","183,000","177,600","2,24M","-0,22%"
"30.05.2022","179,900","186,600","186,600","178,900","97,94K","-2,49%"
"27.05.2022","184,500","190,200","191,600","184,500","110,16K","-2,69%"
"26.05.2022","189,600","188,100","190,000","186,400","81,20K","1,94%"
"25.05.2022","186,000","189,300","191,200","185,600","97,92K","-0,91%"
"24.05.2022","187,700","183,700","188,000","183,700","106,69K","1,62%"
"23.05.2022","184,700","184,400","185,600","182,900","126,44K","0,87%"
"20.05.2022","183,100","183,800","185,300","182,900","89,92K","0,83%"
"19.05.2022","181,600","179,700","182,400","178,900","76,81K","0,78%"
"18.05.2022","180,200","182,600","183,900","179,400","111,20K","-0,93%"
"17.05.2022","181,900","180,700","182,900","179,500","66,26K","0,00%"
"16.05.2022","181,900","181,800","183,800","180,400","80,86K","0,89%"
"13.05.2022","180,300","178,400","181,400","176,600","86,22K","2,04%"
"12.05.2022","176,700","178,000","180,200","174,500","114,31K","-2,11%"
"11.05.2022","180,500","178,700","181,100","176,000","105,03K","2,32%"
"10.05.2022","176,400","174,500","178,400","173,500","120,27K","1,50%"
"09.05.2022","173,800","178,000","179,500","172,600","135,73K","-3,39%"
"06.05.2022","179,900","181,000","182,400","179,100","113,13K","-0,99%"
"05.05.2022","181,700","187,800","188,100","181,700","162,91K","-2,31%"
"04.05.2022","186,000","185,000","187,200","184,900","122,13K","-0,27%"
"03.05.2022","186,500","185,000","186,500","183,700","118,38K","1,52%"
"02.05.2022","183,700","186,800","189,400","183,000","140,92K","-2,03%"
"29.04.2022","187,500","192,000","192,000","187,400","132,07K","-2,19%"
"28.04.2022","191,700","189,300","194,300","189,300","168,42K","-0,42%"
"27.04.2022","192,500","189,500","193,200","187,800","87,74K","1,58%"
"26.04.2022","189,500","190,200","192,300","187,900","125,36K","-0,63%"
"25.04.2022","190,700","187,200","193,400","186,900","96,75K","1,01%"
"22.04.2022","188,800","190,000","192,800","188,800","103,82K","-1,36%"
"21.04.2022","191,400","195,300","196,800","190,800","150,65K","-2,25%"
"20.04.2022","195,800","195,000","197,000","192,700","117,76K","-0,36%"
"19.04.2022","196,500","193,000","196,500","192,300","138,73K","1,71%"
"14.04.2022","193,200","189,200","194,700","188,800","100,62K","1,74%"
"13.04.2022","189,900","192,400","194,300","188,700","152,05K","-1,20%"
"12.04.2022","192,200","189,100","193,200","187,400","123,67K","0,26%"
"11.04.2022","191,700","191,900","193,400","188,300","104,75K","-0,16%"
"08.04.2022","192,000","189,000","192,100","187,300","101,04K","2,67%"
"07.04.2022","187,000","186,300","190,600","184,900","190,95K","0,70%"
"06.04.2022","185,700","182,100","185,700","180,900","145,61K","1,48%"
"05.04.2022","183,000","179,400","184,700","175,300","152,63K","3,04%"
"04.04.2022","177,600","177,000","178,300","175,100","94,79K","1,02%"
"01.04.2022","175,800","172,200","176,600","172,200","152,98K","1,33%"
"31.03.2022","173,500","169,500","174,100","169,500","141,34K","2,18%"
"30.03.2022","169,800","167,200","170,400","167,200","96,67K","0,12%"
"29.03.2022","169,600","171,100","173,100","168,400","182,24K","-0,64%"
"28.03.2022","170,700","166,100","171,800","166,100","138,26K","2,77%"
"25.03.2022","166,100","165,400","167,300","163,700","76,19K","0,79%"
"24.03.2022","164,800","163,900","164,900","161,600","94,32K","1,98%"
"23.03.2022","161,600","166,600","167,000","161,200","69,45K","-2,42%"
"22.03.2022","165,600","164,800","166,200","162,800","78,69K","0,61%"
"21.03.2022","164,600","163,900","166,800","162,700","88,05K","0,43%"
"18.03.2022","163,900","163,000","165,000","161,800","149,34K","0,37%"
"17.03.2022","163,300","161,800","164,600","159,900","145,23K","2,25%"
"16.03.2022","159,700","163,000","163,900","158,000","148,70K","-0,56%"
"15.03.2022","160,600","157,000","162,000","155,600","116,63K","1,65%"
"14.03.2022","158,000","162,600","165,300","157,700","101,00K","-2,05%"
"11.03.2022","161,300","157,000","164,200","156,800","159,79K","3,93%"
"10.03.2022","155,200","155,400","159,300","153,900","124,06K","-0,58%"
"09.03.2022","156,100","152,000","157,200","151,100","192,22K","4,07%"
"08.03.2022","150,000","143,300","154,000","143,200","167,59K","2,81%"
"07.03.2022","145,900","135,500","147,800","135,200","156,99K","4,74%"
"04.03.2022","139,300","140,000","143,200","137,900","133,58K","-1,42%"
"03.03.2022","141,300","144,000","147,100","140,900","117,42K","-3,02%"
"02.03.2022","145,700","146,400","148,500","143,400","123,57K","-1,22%"
"01.03.2022","147,500","151,600","153,000","147,500","113,03K","-3,66%"
"28.02.2022","153,100","145,000","154,300","144,600","186,47K","4,08%"
"25.02.2022","147,100","143,900","149,300","139,400","192,86K","5,07%"
"24.02.2022","140,000","129,600","141,600","128,400","189,31K","4,40%"
"23.02.2022","134,100","137,800","137,900","133,400","107,53K","-2,26%"
"22.02.2022","137,200","134,900","138,200","133,500","120,20K","-0,87%"
"21.02.2022","138,400","141,400","141,400","136,300","75,68K","-0,86%"
"18.02.2022","139,600","143,000","143,800","139,600","93,75K","-2,51%"
"17.02.2022","143,200","143,200","144,600","142,100","68,22K","0,28%"
"16.02.2022","142,800","142,700","144,500","142,100","90,55K","0,42%"
"15.02.2022","142,200","138,100","142,200","137,200","135,04K","2,30%"
"14.02.2022","139,000","141,800","141,800","138,600","97,18K","-3,47%"
"11.02.2022","144,000","143,300","145,600","141,900","101,38K","-0,41%"
"10.02.2022","144,600","151,000","151,200","143,300","176,12K","-3,66%"
"09.02.2022","150,100","147,300","150,800","147,300","68,71K","2,67%"
"08.02.2022","146,200","147,600","149,500","144,600","80,87K","-0,88%"
"07.02.2022","147,500","149,000","149,500","146,900","92,66K","-0,94%"
"04.02.2022","148,900","151,200","151,600","146,000","90,86K","-0,87%"
"03.02.2022","150,200","152,300","153,800","150,200","63,03K","-1,38%"
"02.02.2022","152,300","151,000","153,400","148,000","96,48K","1,74%"
"01.02.2022","149,700","153,300","157,300","145,400","265,00K","-2,98%"
"31.01.2022","154,300","155,000","156,000","153,900","65,74K","0,33%"
"28.01.2022","153,800","154,100","155,500","151,400","63,40K","-0,58%"
"27.01.2022","154,700","150,300","155,600","149,700","78,39K","1,44%"
"26.01.2022","152,500","149,500","154,400","149,500","79,19K","2,62%"
"25.01.2022","148,600","148,800","151,000","148,500","84,76K","0,20%"
"24.01.2022","148,300","151,200","152,800","146,900","89,42K","-2,75%"
"21.01.2022","152,500","153,100","153,900","151,300","94,42K","-1,80%"
"20.01.2022","155,300","152,400","155,700","152,000","56,47K","1,90%"
"19.01.2022","152,400","150,900","153,700","150,300","86,21K","-0,39%"
"18.01.2022","153,000","155,500","155,700","151,400","71,76K","-1,61%"
"17.01.2022","155,500","157,200","157,400","155,100","65,85K","-0,83%"
"14.01.2022","156,800","158,800","158,800","156,600","106,59K","-1,82%"
"13.01.2022","159,700","159,100","161,400","157,800","83,01K","0,31%"
"12.01.2022","159,200","159,500","160,400","155,200","81,74K","-0,31%"
"11.01.2022","159,700","164,800","164,900","158,100","96,92K","-2,38%"
"10.01.2022","163,600","165,500","166,100","162,700","68,86K","-0,79%"
"07.01.2022","164,900","165,400","166,500","164,000","52,08K","-0,06%"
"06.01.2022","165,000","167,100","167,100","163,600","76,59K","-1,84%"
"05.01.2022","168,100","171,500","172,000","167,000","85,81K","-2,66%"
"04.01.2022","172,700","171,900","172,700","170,000","110,05K","1,23%"
"03.01.2022","170,600","168,100","172,600","168,100","90,92K","1,49%"
"30.12.2021","168,100","168,400","169,700","167,600","47,08K","0,06%"
"29.12.2021","168,000","168,400","168,500","167,100","40,52K","0,24%"
"28.12.2021","167,600","166,500","168,500","166,400","32,77K","0,42%"
"27.12.2021","166,900","166,300","167,900","165,300","38,40K","0,12%"
"23.12.2021","166,700","164,900","167,200","164,100","55,56K","1,52%"
"22.12.2021","164,200","161,200","165,100","161,200","74,18K","2,05%"
"21.12.2021","160,900","161,000","161,900","160,000","53,45K","1,07%"
"20.12.2021","159,200","155,200","159,400","154,200","63,02K","0,38%"
"17.12.2021","158,600","159,500","160,900","156,200","92,65K","-1,18%"
"16.12.2021","160,500","160,500","162,200","159,200","62,27K","0,82%"
"15.12.2021","159,200","157,000","159,800","156,800","66,53K","1,92%"
"14.12.2021","156,200","160,400","160,400","155,400","63,29K","-2,01%"
"13.12.2021","159,400","159,500","161,500","158,500","86,02K","0,44%"
"10.12.2021","158,700","159,500","160,300","158,000","50,19K","-0,69%"
"09.12.2021","159,800","159,800","161,300","159,400","47,41K","0,44%"
"08.12.2021","159,100","161,400","163,000","158,400","70,76K","-1,67%"
"07.12.2021","161,800","160,000","162,600","159,400","67,14K","2,21%"
"06.12.2021","158,300","157,000","159,100","156,300","54,43K","2,00%"
"03.12.2021","155,200","155,900","157,700","153,900","115,76K","0,00%"
"02.12.2021","155,200","157,500","159,700","154,200","98,41K","-2,70%"
"01.12.2021","159,500","157,100","160,300","157,100","72,47K","1,27%"
"30.11.2021","157,500","158,000","158,500","156,300","150,39K","-0,94%"
"29.11.2021","159,000","158,500","161,100","158,500","81,40K","-0,19%"
"26.11.2021","159,300","159,000","161,100","156,200","110,53K","-2,27%"
"25.11.2021","163,000","161,400","163,400","161,300","63,88K","1,31%"
"24.11.2021","160,900","159,200","162,400","159,000","66,01K","0,94%"
"23.11.2021","159,400","159,900","161,200","156,100","103,63K","-0,62%"
"22.11.2021","160,400","159,200","160,400","158,400","87,35K","1,01%"
"19.11.2021","158,800","158,600","160,500","157,800","79,52K","0,25%"
"18.11.2021","158,400","160,200","160,500","156,900","104,79K","-1,55%"
"17.11.2021","160,900","162,600","163,200","160,900","91,96K","-0,68%"
"16.11.2021","162,000","161,400","162,700","160,900","63,94K","0,31%"
"15.11.2021","161,500","160,000","161,500","158,900","82,12K","1,25%"
"12.11.2021","159,500","159,100","160,600","157,700","51,28K","0,25%"
"11.11.2021","159,100","159,800","160,100","158,200","75,93K","-0,38%"
"10.11.2021","159,700","156,500","160,600","156,500","120,13K","1,59%"
"09.11.2021","157,200","157,200","159,600","156,300","112,47K","-0,32%"
"08.11.2021","157,700","157,000","159,600","156,300","84,42K","0,45%"
"05.11.2021","157,000","160,000","160,000","155,500","156,48K","-1,32%"
"04.11.2021","159,100","160,700","164,200","158,800","162,84K","-0,25%"
"03.11.2021","159,500","166,800","166,800","158,300","195,54K","-4,43%"
"02.11.2021","166,900","166,800","168,800","165,600","71,30K","0,54%"
"01.11.2021","166,000","166,100","168,900","165,900","106,84K","0,12%"
"29.10.2021","165,800","167,000","167,900","164,100","94,86K","-0,78%"
"28.10.2021","167,100","164,300","167,100","164,300","74,17K","1,64%"
"27.10.2021","164,400","162,500","165,100","162,200","96,95K","0,74%"
"26.10.2021","163,200","162,500","164,100","160,600","101,27K","0,37%"
"25.10.2021","162,600","161,600","163,500","159,300","136,39K","0,93%"
"22.10.2021","161,100","158,900","162,200","157,900","129,64K","2,09%"
"21.10.2021","157,800","155,400","158,900","154,200","116,24K","1,15%"
"20.10.2021","156,000","151,100","156,500","150,400","163,70K","2,97%"
"19.10.2021","151,500","148,600","151,500","148,600","107,38K","1,88%"
"18.10.2021","148,700","150,000","150,800","147,300","70,71K","-1,65%"
"15.10.2021","151,200","149,200","151,900","148,300","111,69K","1,96%"
"14.10.2021","148,300","148,000","149,600","146,800","64,32K","0,68%"
"13.10.2021","147,300","145,300","147,900","144,000","67,52K","1,38%"
"12.10.2021","145,300","141,000","145,500","140,200","103,00K","1,96%"
"11.10.2021","142,500","143,800","143,800","141,300","89,76K","-1,11%"
"08.10.2021","144,100","142,500","144,700","142,500","89,47K","0,49%"
"07.10.2021","143,400","141,800","143,900","141,800","72,49K","1,77%"
"06.10.2021","140,900","140,800","141,400","137,900","91,92K","-0,91%"
"05.10.2021","142,200","143,200","143,200","140,000","84,94K","0,00%"
"04.10.2021","142,200","143,300","144,900","141,800","86,10K","-1,18%"
"01.10.2021","143,900","142,000","144,700","140,800","99,37K","0,49%"
"30.09.2021","143,200","146,400","147,200","143,100","80,45K","-0,90%"
"29.09.2021","144,500","144,400","147,100","143,900","94,72K","0,84%"
"28.09.2021","143,300","149,100","149,500","142,200","139,36K","-3,83%"
"27.09.2021","149,000","148,200","149,000","144,800","100,37K","1,22%"
"24.09.2021","147,200","145,100","148,000","145,100","102,53K","1,03%"
"23.09.2021","145,700","146,000","146,800","145,400","64,34K","0,76%"
"22.09.2021","144,600","145,600","146,800","143,400","90,43K","-0,28%"
"21.09.2021","145,000","141,100","145,700","140,200","116,66K","3,65%"
"20.09.2021","139,900","142,500","142,600","139,400","91,43K","-2,91%"
"17.09.2021","144,100","141,600","145,900","141,600","146,02K","2,20%"
"16.09.2021","141,000","146,200","147,000","137,600","196,92K","-3,42%"
"15.09.2021","146,000","147,000","148,900","145,200","99,62K","-1,35%"
"14.09.2021","148,000","148,200","149,600","147,000","93,27K","-0,07%"
"13.09.2021","148,100","144,600","149,500","144,600","104,25K","3,06%"
"10.09.2021","143,700","143,600","144,000","142,400","69,69K","0,21%"
"09.09.2021","143,400","140,900","143,500","140,100","80,01K","1,56%"
"08.09.2021","141,200","139,900","141,400","137,500","79,22K","0,86%"
"07.09.2021","140,000","140,600","141,000","139,300","82,42K","-0,71%"
"06.09.2021","141,000","141,100","142,000","140,400","49,75K","-0,42%"
"03.09.2021","141,600","143,000","143,600","140,800","87,60K","-0,42%"
"02.09.2021","142,200","140,000","142,600","139,500","101,91K","1,72%"
"01.09.2021","139,800","139,700","141,000","138,600","92,18K","1,60%"
"31.08.2021","137,600","138,000","139,900","137,500","90,83K","-0,22%"
"30.08.2021","137,900","137,600","139,800","137,600","46,63K","0,66%"
"27.08.2021","137,000","138,200","138,700","136,800","52,62K","0,07%"
"26.08.2021","136,900","139,100","139,200","136,700","47,07K","-2,28%"
"25.08.2021","140,100","139,500","141,500","139,300","69,98K","-0,43%"
"24.08.2021","140,700","141,200","141,900","140,000","98,06K","0,07%"
"23.08.2021","140,600","139,600","141,000","137,900","52,90K","0,57%"
"20.08.2021","139,800","139,600","139,900","137,900","55,90K","0,22%"
"19.08.2021","139,500","139,400","141,500","138,200","84,34K","-1,06%"
"18.08.2021","141,000","138,000","141,400","137,600","92,05K","1,95%"
"17.08.2021","138,300","137,000","138,700","136,700","65,25K","0,22%"
"16.08.2021","138,000","137,500","138,300","136,600","43,20K","0,22%"
"13.08.2021","137,700","136,600","138,500","136,400","56,70K","0,36%"
"12.08.2021","137,200","136,000","137,200","134,700","65,07K","1,03%"
"11.08.2021","135,800","135,300","136,200","134,400","53,85K","0,37%"
"10.08.2021","135,300","132,300","135,900","132,300","84,73K","1,58%"
"09.08.2021","133,200","132,700","134,900","132,000","111,86K","2,15%"
"06.08.2021","130,400","132,000","132,300","130,000","53,57K","-0,84%"
"05.08.2021","131,500","131,500","133,500","130,700","55,38K","0,77%"
"04.08.2021","130,500","129,000","131,300","128,200","65,45K","1,87%"
"03.08.2021","128,100","129,500","129,600","126,500","92,10K","-1,23%"
"02.08.2021","129,700","129,300","131,100","128,400","82,42K","0,39%"
"30.07.2021","129,200","133,100","133,100","126,500","127,67K","-2,93%"
"29.07.2021","133,100","132,900","133,700","131,000","73,21K","0,99%"
"28.07.2021","131,800","131,000","132,900","130,900","78,44K","1,00%"
"27.07.2021","130,500","132,300","133,000","129,300","68,22K","-0,99%"
"26.07.2021","131,800","130,500","132,400","130,300","62,67K","0,23%"
"23.07.2021","131,500","130,200","132,000","128,200","94,92K","1,54%"
"22.07.2021","129,500","128,100","130,700","128,100","121,60K","0,94%"
"21.07.2021","128,300","125,900","128,800","125,900","59,02K","1,99%"
"20.07.2021","125,800","125,900","126,600","124,700","68,83K","0,64%"
"19.07.2021","125,000","126,100","126,100","123,800","70,50K","-1,57%"
"16.07.2021","127,000","125,400","127,600","124,800","86,10K","1,03%"
"15.07.2021","125,700","127,200","127,200","125,000","92,33K","-1,26%"
"14.07.2021","127,300","128,700","128,800","125,900","56,08K","-1,01%"
"13.07.2021","128,600","128,500","129,000","127,600","70,14K","0,39%"
"12.07.2021","128,100","126,800","129,100","126,800","51,13K","0,71%"
"09.07.2021","127,200","125,800","127,600","125,300","117,28K","1,84%"
"08.07.2021","124,900","126,400","127,100","123,300","93,13K","-2,12%"
"07.07.2021","127,600","125,400","127,900","123,900","103,91K","2,24%"
"06.07.2021","124,800","123,000","124,900","122,500","91,23K","0,40%"
"05.07.2021","124,300","125,100","125,200","123,200","96,60K","-3,49%"
"02.07.2021","128,800","130,500","131,800","128,500","127,50K","-0,46%"
"01.07.2021","129,400","127,900","129,400","125,500","234,13K","1,65%"
"30.06.2021","127,300","127,500","128,000","125,200","209,91K","-0,47%"
"29.06.2021","127,900","127,200","128,700","125,500","134,96K","0,55%"
"28.06.2021","127,200","127,000","129,500","126,600","124,42K","0,39%"
"25.06.2021","126,700","127,000","127,000","125,500","189,43K","-0,24%"
"24.06.2021","127,000","126,000","128,200","124,500","254,66K","1,44%"
"23.06.2021","125,200","127,500","128,400","125,200","109,39K","-1,26%"
"22.06.2021","126,800","128,500","129,200","125,800","83,58K","-0,47%"
"21.06.2021","127,400","129,300","129,800","126,300","142,47K","-0,78%"
"18.06.2021","128,400","140,000","140,000","128,300","357,47K","-6,89%"
"17.06.2021","137,900","137,000","138,400","135,800","86,11K","-0,51%"
"16.06.2021","138,600","136,000","139,700","136,000","91,61K","1,91%"
"15.06.2021","136,000","136,500","137,800","135,400","59,02K","0,22%"
"14.06.2021","135,700","131,700","136,200","131,700","116,36K","3,35%"
"11.06.2021","131,300","132,000","132,000","129,900","99,89K","-0,53%"
"10.06.2021","132,000","135,000","135,400","131,800","70,20K","-2,08%"
"09.06.2021","134,800","140,800","140,800","134,500","100,03K","-4,33%"
"08.06.2021","140,900","137,400","143,000","137,400","112,36K","2,85%"
"07.06.2021","137,000","134,100","139,500","133,300","102,08K","1,93%"
"04.06.2021","134,400","133,300","134,700","131,600","165,43K","0,45%"
"03.06.2021","133,800","135,200","135,700","132,800","53,58K","-0,67%"
"02.06.2021","134,700","138,100","138,100","134,200","79,25K","-2,18%"
"01.06.2021","137,700","138,800","139,100","137,100","77,56K","-0,29%"
"31.05.2021","138,100","141,900","142,200","138,100","56,92K","-2,68%"
"28.05.2021","141,900","141,800","143,800","141,100","53,01K","0,21%"
"27.05.2021","141,600","141,100","142,500","140,800","121,24K","0,50%"
"26.05.2021","140,900","139,200","142,400","139,200","70,16K","0,86%"
"25.05.2021","139,700","138,800","140,300","138,000","51,62K","0,79%"
"24.05.2021","138,600","139,100","140,700","138,500","35,07K","-0,29%"
"21.05.2021","139,000","137,000","140,100","137,000","58,21K","1,02%"
"20.05.2021","137,600","136,600","138,000","136,000","55,53K","1,18%"
"19.05.2021","136,000","135,700","137,800","135,000","72,65K","-0,29%"
"18.05.2021","136,400","136,100","138,000","135,500","67,92K","0,81%"
"17.05.2021","135,300","137,000","137,600","134,600","81,22K","-0,07%"
"14.05.2021","135,400","132,700","135,600","131,100","106,57K","2,89%"
"13.05.2021","131,600","130,500","131,800","128,100","136,57K","0,00%"
"12.05.2021","131,600","134,100","136,100","131,400","95,16K","-1,86%"
"11.05.2021","134,100","137,800","137,800","133,300","109,68K","-3,39%"
"10.05.2021","138,800","140,000","140,200","137,800","71,38K","-0,57%"
"07.05.2021","139,600","138,800","140,300","136,600","87,15K","2,35%"
"06.05.2021","136,400","139,500","139,600","134,500","110,30K","-2,22%"
"05.05.2021","139,500","139,500","139,900","135,500","134,04K","1,01%"
"04.05.2021","138,100","145,600","146,000","138,000","123,38K","-5,15%"
"03.05.2021","145,600","145,600","145,800","143,200","45,05K","0,62%"
"30.04.2021","144,700","145,000","146,600","143,800","75,01K","-0,41%"
"29.04.2021","145,300","145,400","145,900","143,500","71,40K","0,14%"
"28.04.2021","145,100","146,900","146,900","144,300","48,04K","-0,75%"
"27.04.2021","146,200","142,400","146,200","142,400","133,08K","1,18%"
"26.04.2021","144,500","144,400","145,500","143,700","58,29K","-0,07%"
"23.04.2021","144,600","142,600","144,600","142,400","80,45K","1,12%"
"22.04.2021","143,000","139,000","143,700","138,800","88,25K","3,10%"
"21.04.2021","138,700","140,600","141,700","138,700","65,18K","-0,79%"
"20.04.2021","139,800","139,800","140,400","138,400","72,24K","-0,29%"
"19.04.2021","140,200","139,100","141,400","139,100","230,66K","-0,21%"
"16.04.2021","140,500","138,700","141,000","138,300","77,83K","1,37%"
"15.04.2021","138,600","138,800","139,800","138,100","50,13K","0,14%"
"14.04.2021","138,400","141,000","141,200","137,800","70,28K","-1,63%"
"13.04.2021","140,700","141,200","141,900","138,900","64,21K","-0,28%"
"12.04.2021","141,100","139,900","142,400","139,900","64,36K","0,79%"
"09.04.2021","140,000","141,100","141,200","139,400","65,20K","-0,57%"
"08.04.2021","140,800","138,600","140,800","137,900","93,03K","1,88%"
"07.04.2021","138,200","138,000","140,200","136,800","148,22K","0,80%"
"06.04.2021","137,100","138,300","139,400","133,900","191,91K","-4,86%"
"01.04.2021","144,100","142,400","144,200","141,900","98,97K","0,84%"
"31.03.2021","142,900","142,900","145,800","141,900","115,73K","0,35%"
"30.03.2021","142,400","140,800","143,200","139,600","134,49K","1,14%"
"29.03.2021","140,800","140,600","141,400","138,700","154,63K","0,07%"
"26.03.2021","140,700","139,600","141,400","138,500","125,69K","1,08%"
"25.03.2021","139,200","138,000","140,800","137,500","147,74K","0,72%"
"24.03.2021","138,200","136,800","138,300","136,000","176,25K","0,14%"
"23.03.2021","138,000","136,400","138,900","134,600","118,56K","0,66%"
"22.03.2021","137,100","135,000","137,100","133,200","97,34K","1,41%"
"19.03.2021","135,200","133,800","135,400","133,000","132,25K","0,75%"
"18.03.2021","134,200","135,800","136,500","133,100","75,56K","-0,81%"
"17.03.2021","135,300","137,000","137,800","134,100","98,42K","-0,51%"
"16.03.2021","136,000","137,000","137,400","135,300","89,50K","-0,22%"
"15.03.2021","136,300","131,800","139,500","131,800","186,88K","3,97%"
"12.03.2021","131,100","132,300","132,700","129,800","55,51K","-1,06%"
"11.03.2021","132,500","128,900","134,600","128,800","109,34K","2,40%"
"10.03.2021","129,400","129,300","129,700","128,200","70,79K","0,00%"
"09.03.2021","129,400","125,500","131,600","125,100","255,88K","3,52%"
"08.03.2021","125,000","127,500","127,500","122,800","200,49K","-0,79%"
"05.03.2021","126,000","126,000","128,100","125,100","116,84K","-0,16%"
"04.03.2021","126,200","127,400","128,400","124,900","142,95K","-0,71%"
"03.03.2021","127,100","133,700","133,800","126,500","164,45K","-4,51%"
"02.03.2021","133,100","134,600","135,300","132,700","71,92K","-1,41%"
"01.03.2021","135,000","134,600","136,300","134,100","71,85K","1,20%"
"26.02.2021","133,400","133,000","134,900","131,700","101,40K","-0,60%"
"25.02.2021","134,200","135,200","136,300","133,800","87,26K","-0,15%"
"24.02.2021","134,400","134,300","136,900","133,400","104,74K","0,60%"
"23.02.2021","133,600","136,800","137,100","127,600","188,01K","-2,12%"
"22.02.2021","136,500","143,800","143,800","135,300","144,08K","-5,34%"
"19.02.2021","144,200","137,200","147,100","137,200","337,10K","4,19%"
"18.02.2021","138,400","131,500","139,400","130,600","312,96K","11,43%"
"17.02.2021","124,200","125,700","125,700","124,000","82,28K","-0,80%"
"16.02.2021","125,200","124,800","128,500","123,900","119,91K","1,21%"
"15.02.2021","123,700","123,400","124,500","123,200","58,61K","0,65%"
"12.02.2021","122,900","124,600","124,700","121,900","79,29K","-1,52%"
"11.02.2021","124,800","124,200","125,800","124,100","74,21K","0,56%"
"10.02.2021","124,100","125,700","126,500","123,400","79,43K","-1,19%"
"09.02.2021","125,600","129,700","129,700","124,800","92,56K","-3,38%"
"08.02.2021","130,000","129,600","131,600","129,300","81,67K","0,78%"
"05.02.2021","129,000","128,000","129,200","126,500","85,44K","1,57%"
"04.02.2021","127,000","127,200","127,700","126,400","82,60K","-0,47%"
"03.02.2021","127,600","126,700","128,300","126,700","69,93K","0,87%"
"02.02.2021","126,500","125,800","127,700","125,600","88,01K","1,12%"
"01.02.2021","125,100","125,100","126,100","124,000","78,32K","1,13%"
"29.01.2021","123,700","125,200","125,900","123,400","94,56K","-2,29%"
"28.01.2021","126,600","121,800","127,600","117,500","171,80K","2,93%"
"27.01.2021","123,000","133,100","133,100","120,600","225,71K","-7,24%"
"26.01.2021","132,600","129,700","134,000","129,500","182,45K","2,79%"
"25.01.2021","129,000","129,500","130,500","126,900","90,68K","0,16%"
"22.01.2021","128,800","128,700","129,400","127,100","83,44K","0,00%"
"21.01.2021","128,800","129,000","130,700","128,800","100,88K","0,08%"
"20.01.2021","128,700","129,400","129,800","127,500","60,45K","-0,16%"
"19.01.2021","128,900","127,700","129,500","126,200","221,86K","1,42%"
"18.01.2021","127,100","125,300","127,500","123,700","71,21K","1,11%"
"15.01.2021","125,700","126,600","126,900","124,600","99,96K","-0,95%"
"14.01.2021","126,900","127,000","127,700","125,900","79,80K","0,16%"
"13.01.2021","126,700","122,900","126,700","121,800","130,53K","1,12%"
"12.01.2021","125,300","125,700","127,000","124,700","139,09K","0,56%"
"11.01.2021","124,600","127,100","127,600","124,200","194,09K","-2,58%"
"08.01.2021","127,900","127,700","128,800","126,700","158,75K","1,43%"
"07.01.2021","126,100","120,000","126,500","119,800","174,31K","5,52%"
"06.01.2021","119,500","117,300","119,600","116,300","162,25K","2,58%"
"05.01.2021","116,500","117,300","118,100","116,000","79,44K","-0,51%"
"04.01.2021","117,100","116,900","118,100","116,600","105,60K","0,34%"
"31.12.2020","116,700","117,100","117,700","116,300","28,15K","-0,26%"
"30.12.2020","117,000","118,200","118,200","116,800","62,22K","-0,59%"
"29.12.2020","117,700","119,600","119,600","116,700","105,03K","-1,09%"
"28.12.2020","119,000","115,900","119,500","115,800","104,65K","3,84%"
"24.12.2020","114,600","117,000","117,000","114,600","23,03K","-1,12%"
"23.12.2020","115,900","116,000","117,000","115,100","79,95K","0,17%"
"22.12.2020","115,700","111,600","116,200","111,200","286,44K","4,42%"
"21.12.2020","110,800","109,100","112,000","107,100","113,28K","-2,46%"
"18.12.2020","113,600","115,700","117,000","113,600","230,00K","-2,07%"
"17.12.2020","116,000","114,500","116,700","114,100","154,45K","1,75%"
"16.12.2020","114,000","110,000","114,200","110,000","142,55K","3,26%"
"15.12.2020","110,400","109,200","110,400","108,200","172,42K","1,01%"
"14.12.2020","109,300","109,800","111,000","106,800","169,25K","0,55%"
"11.12.2020","108,700","108,100","110,200","106,100","2,40M","-3,81%"
"10.12.2020","113,000","112,600","114,000","111,800","114,50K","0,71%"
"09.12.2020","112,200","110,000","112,300","109,800","128,83K","2,19%"
"08.12.2020","109,800","108,600","109,900","108,300","86,42K","1,10%"
"07.12.2020","108,600","105,900","108,600","105,900","59,38K","1,50%"
"04.12.2020","107,000","105,000","107,000","104,600","159,71K","1,42%"
"03.12.2020","105,500","103,700","105,700","103,300","91,00K","1,44%"
"02.12.2020","104,000","103,500","104,500","102,200","100,04K","-0,48%"
"01.12.2020","104,500","107,700","107,800","103,000","118,43K","-2,06%"
"30.11.2020","106,700","105,000","108,700","104,000","129,27K","2,50%"
"27.11.2020","104,100","103,800","104,800","102,900","56,00K","0,10%"
"26.11.2020","104,000","104,900","104,900","103,500","120,66K","-0,57%"
"25.11.2020","104,600","101,000","104,600","100,800","214,08K","3,98%"
"24.11.2020","100,600","100,600","101,200","99,350","94,77K","0,80%"
"23.11.2020","99,800","102,300","102,800","99,800","77,15K","-2,54%"
"20.11.2020","102,400","100,300","102,400","100,100","139,76K","2,40%"
"19.11.2020","100,000","99,600","100,600","98,650","57,05K","0,35%"
"18.11.2020","99,650","97,750","99,900","97,400","84,99K","1,63%"
"17.11.2020","98,050","99,350","99,500","96,800","88,26K","-1,11%"
"16.11.2020","99,150","99,000","101,300","97,800","105,84K","0,92%"
"13.11.2020","98,250","97,700","98,550","97,150","61,37K","0,36%"
"12.11.2020","97,900","98,500","99,150","97,700","86,60K","-1,31%"
"11.11.2020","99,200","97,700","99,200","95,750","150,53K","1,85%"
"10.11.2020","97,400","91,650","97,400","91,500","203,23K","5,53%"
"09.11.2020","92,300","91,850","94,400","90,800","220,64K","2,84%"
"06.11.2020","89,750","92,700","95,600","88,650","161,18K","-3,29%"
"05.11.2020","92,800","91,650","93,900","91,650","67,31K","1,09%"
"04.11.2020","91,800","90,050","92,150","88,400","98,19K","-0,16%"
"03.11.2020","91,950","89,600","91,950","89,600","72,92K","3,66%"
"02.11.2020","88,700","87,000","89,400","85,700","97,35K","2,31%"
"30.10.2020","86,700","86,000","86,700","85,150","137,17K","-0,23%"
"29.10.2020","86,900","90,450","91,100","86,700","139,02K","-3,34%"
"28.10.2020","89,900","91,050","91,600","89,300","201,99K","-2,34%"
"27.10.2020","92,050","95,250","95,250","91,700","73,22K","-3,16%"
"26.10.2020","95,050","95,000","96,700","94,650","46,31K","-1,09%"
"23.10.2020","96,100","94,200","96,300","93,950","77,00K","2,07%"
"22.10.2020","94,150","95,000","95,100","93,400","59,04K","-1,26%"
"21.10.2020","95,350","98,050","98,750","95,000","81,65K","-2,05%"
"20.10.2020","97,350","98,000","98,250","96,300","52,78K","0,15%"
"19.10.2020","97,200","97,500","98,750","97,200","58,66K","-0,21%"
"16.10.2020","97,400","97,050","97,600","96,100","97,33K","0,88%"
"15.10.2020","96,550","96,500","97,400","95,650","80,40K","-1,08%"
"14.10.2020","97,600","96,800","98,050","95,650","93,66K","0,51%"
"13.10.2020","97,100","97,900","98,400","96,650","54,43K","-1,37%"
"12.10.2020","98,450","96,650","98,550","96,250","65,31K","2,07%"
"09.10.2020","96,450","97,900","98,500","95,750","73,84K","-1,48%"
"08.10.2020","97,900","95,050","97,900","95,000","89,17K","3,54%"
"07.10.2020","94,550","94,150","95,650","94,150","67,23K","0,69%"
"06.10.2020","93,900","95,200","95,800","93,900","161,90K","-0,32%"
"05.10.2020","94,200","94,150","95,500","93,500","64,37K","0,64%"
"02.10.2020","93,600","91,500","93,750","90,250","113,18K","1,19%"
"01.10.2020","92,500","93,600","94,100","92,350","94,87K","-0,32%"
"30.09.2020","92,800","92,950","93,600","91,300","105,47K","-0,48%"
"29.09.2020","93,250","93,600","94,400","92,500","81,30K","-0,80%"
"28.09.2020","94,000","94,000","95,100","93,350","70,95K","1,46%"
"25.09.2020","92,650","93,800","94,500","91,200","126,27K","-1,80%"
"24.09.2020","94,350","93,800","94,850","93,350","66,43K","-0,32%"
"23.09.2020","94,650","95,350","97,050","94,650","80,89K","0,05%"
"22.09.2020","94,600","94,550","95,500","93,600","75,42K","0,85%"
"21.09.2020","93,800","98,000","98,000","93,500","164,43K","-4,33%"
"18.09.2020","98,050","102,000","102,000","98,050","174,83K","-3,87%"
"17.09.2020","102,000","99,350","102,500","98,750","125,57K","2,20%"
"16.09.2020","99,800","99,150","100,300","99,000","70,89K","0,05%"
"15.09.2020","99,750","98,500","100,100","98,500","110,02K","0,76%"
"14.09.2020","99,000","100,000","100,000","98,400","69,82K","0,00%"
"11.09.2020","99,000","99,500","100,200","98,600","75,98K","-0,50%"
"10.09.2020","99,500","100,500","101,000","99,350","64,41K","-1,19%"
"09.09.2020","100,700","99,800","101,400","99,200","65,04K","1,51%"
"08.09.2020","99,200","101,000","101,800","97,850","99,96K","-1,39%"
"07.09.2020","100,600","98,650","100,800","98,550","93,69K","2,39%"
"04.09.2020","98,250","100,900","102,100","97,850","131,68K","-3,20%"
"03.09.2020","101,500","104,000","105,000","100,700","91,59K","-1,65%"
"02.09.2020","103,200","101,100","103,200","100,900","66,11K","2,48%"
"01.09.2020","100,700","100,700","102,300","100,100","63,90K","0,50%"
"31.08.2020","100,200","101,500","102,100","99,600","67,57K","-0,99%"
"28.08.2020","101,200","101,500","101,800","99,750","81,67K","0,30%"
"27.08.2020","100,900","100,400","101,300","99,650","107,22K","-0,20%"
"26.08.2020","101,100","101,300","101,900","100,200","59,71K","-0,20%"
"25.08.2020","101,300","103,000","103,600","100,600","140,21K","-1,36%"
"24.08.2020","102,700","99,500","102,700","99,450","81,36K","3,89%"
"21.08.2020","98,850","99,700","99,850","97,650","58,89K","-0,85%"
"20.08.2020","99,700","99,500","99,750","98,700","64,64K","-0,70%"
"19.08.2020","100,400","100,300","100,400","98,950","63,71K","0,50%"
"18.08.2020","99,900","98,700","100,700","98,100","106,11K","0,15%"
"17.08.2020","99,750","100,000","101,300","99,050","90,19K","-0,35%"
"14.08.2020","100,100","102,000","102,000","99,650","65,88K","-1,96%"
"13.08.2020","102,100","101,900","102,500","101,200","85,33K","-0,29%"
"12.08.2020","102,400","101,000","103,000","99,900","89,81K","1,89%"
"11.08.2020","100,500","98,450","101,500","98,300","112,87K","2,55%"
"10.08.2020","98,000","97,550","98,000","96,550","250,61K","0,72%"
"07.08.2020","97,300","95,400","97,350","95,050","108,97K","1,78%"
"06.08.2020","95,600","96,400","96,400","94,350","77,92K","-0,62%"
"05.08.2020","96,200","95,900","97,100","95,800","157,13K","1,10%"
"04.08.2020","95,150","94,750","95,150","93,000","116,59K","0,95%"
"03.08.2020","94,250","93,700","94,700","91,550","152,51K","0,48%"
"31.07.2020","93,800","95,500","95,800","93,150","204,99K","-1,57%"
"30.07.2020","95,300","94,850","96,250","92,200","163,27K","-0,37%"
"29.07.2020","95,650","96,900","96,900","93,700","101,88K","-0,93%"
"28.07.2020","96,550","96,950","96,950","94,800","91,39K","1,26%"
"27.07.2020","95,350","96,200","96,200","94,750","81,31K","-1,24%"
"24.07.2020","96,550","99,000","99,650","96,200","137,32K","-2,77%"
"23.07.2020","99,300","97,750","100,200","97,350","154,27K","1,74%"
"22.07.2020","97,600","97,650","98,450","97,150","98,85K","-0,05%"
"21.07.2020","97,650","100,000","101,000","97,000","225,84K","-1,36%"
"20.07.2020","99,000","96,850","99,650","95,950","114,04K","2,86%"
"17.07.2020","96,250","98,900","98,900","95,900","213,82K","-2,73%"
"16.07.2020","98,950","92,850","99,450","92,400","236,28K","5,55%"
"15.07.2020","93,750","92,500","94,350","91,500","108,75K","2,18%"
"14.07.2020","91,750","92,150","92,250","89,600","110,85K","-1,50%"
"13.07.2020","93,150","92,750","93,550","91,950","202,95K","1,31%"
"10.07.2020","91,950","92,450","93,850","91,850","74,97K","-0,33%"
"09.07.2020","92,250","92,950","94,400","91,750","143,82K","-0,70%"
"08.07.2020","92,900","91,050","92,900","91,050","84,76K","1,42%"
"07.07.2020","91,600","91,200","92,200","91,050","77,29K","-0,27%"
"06.07.2020","91,850","92,400","93,600","91,250","133,34K","1,21%"
"03.07.2020","90,750","92,600","92,750","90,050","112,07K","-1,25%"
"02.07.2020","91,900","87,750","93,050","87,350","227,94K","5,69%"
"01.07.2020","86,950","87,200","87,300","84,850","158,28K","-0,23%"
"30.06.2020","87,150","88,400","89,550","86,450","124,24K","-2,90%"
"29.06.2020","89,750","89,000","90,300","88,150","122,55K","1,01%"
"26.06.2020","88,850","88,650","90,600","88,350","127,48K","0,34%"
"25.06.2020","88,550","88,100","89,450","87,150","154,24K","0,74%"
"24.06.2020","87,900","90,200","91,150","87,900","133,71K","-3,30%"
"23.06.2020","90,900","89,900","91,200","89,700","200,84K","2,13%"
"22.06.2020","89,000","90,450","91,400","88,100","131,59K","-2,04%"
"19.06.2020","90,850","92,000","92,250","90,700","231,35K","-0,38%"
"18.06.2020","91,200","93,150","93,150","90,550","131,66K","-1,99%"
"17.06.2020","93,050","93,650","94,550","92,750","111,33K","-0,80%"
"16.06.2020","93,800","92,500","94,750","91,800","124,56K","3,25%"
"15.06.2020","90,850","87,500","91,500","86,100","154,67K","1,85%"
"12.06.2020","89,200","89,000","90,350","87,050","203,05K","0,00%"
"11.06.2020","89,200","93,750","94,150","89,200","186,94K","-6,60%"
"10.06.2020","95,500","96,600","97,050","93,500","176,91K","1,11%"
"09.06.2020","94,450","98,000","98,000","94,250","172,03K","-3,52%"
"08.06.2020","97,900","95,800","97,950","94,650","158,17K","2,30%"
"05.06.2020","95,700","96,500","96,850","94,050","272,42K","0,21%"
"04.06.2020","95,500","93,600","96,250","93,450","144,33K","1,38%"
"03.06.2020","94,200","94,150","94,200","91,550","154,12K","1,13%"
"02.06.2020","93,150","90,250","93,200","89,450","126,04K","4,25%"
"01.06.2020","89,350","90,000","91,500","88,600","103,54K","-0,50%"
"29.05.2020","89,800","88,700","89,850","86,750","155,74K","1,64%"
"28.05.2020","88,350","89,700","89,700","87,500","135,23K","-0,56%"
"27.05.2020","88,850","87,500","88,850","86,750","121,13K","1,72%"
"26.05.2020","87,350","86,700","89,650","86,150","142,83K","2,34%"
"25.05.2020","85,350","82,550","85,950","81,700","110,68K","4,47%"
"22.05.2020","81,700","81,300","82,700","79,650","187,97K","-0,67%"
"21.05.2020","82,250","80,500","84,400","79,950","209,35K","1,73%"
"20.05.2020","80,850","79,100","81,200","77,200","213,12K","2,15%"
"19.05.2020","79,150","84,750","84,750","76,350","483,53K","-5,94%"
"18.05.2020","84,150","83,400","84,500","82,000","41,59K","2,62%"
"15.05.2020","82,000","82,450","84,150","81,600","53,10K","-1,38%"
"14.05.2020","83,150","85,300","86,950","81,200","75,63K","-3,03%"
"13.05.2020","85,750","86,900","87,000","85,250","63,70K","-0,87%"
"12.05.2020","86,500","84,450","86,700","84,400","51,26K","1,88%"
"11.05.2020","84,900","87,900","88,200","84,550","58,97K","-2,69%"
"08.05.2020","87,250","84,900","87,700","84,900","96,71K","2,83%"
"07.05.2020","84,850","85,600","86,600","84,500","67,23K","-0,47%"
"06.05.2020","85,250","89,000","89,000","85,150","106,65K","-2,01%"
"05.05.2020","87,000","87,900","89,650","87,000","57,35K","-0,11%"
"04.05.2020","87,100","90,000","90,000","86,400","91,23K","-3,65%"
"30.04.2020","90,400","92,000","92,000","89,900","76,84K","-0,66%"
"29.04.2020","91,000","90,900","91,850","90,100","84,52K","0,00%"
"28.04.2020","91,000","89,900","91,600","88,750","105,78K","1,22%"
"27.04.2020","89,900","87,600","89,900","87,000","68,85K","4,35%"
"24.04.2020","86,150","91,600","91,600","85,000","149,82K","-5,54%"
"23.04.2020","91,200","91,550","91,800","90,100","76,87K","0,22%"
"22.04.2020","91,000","92,000","92,300","89,950","116,24K","-1,09%"
"21.04.2020","92,000","91,700","93,400","91,650","59,22K","-1,18%"
"20.04.2020","93,100","94,250","94,250","92,350","57,89K","-0,16%"
"17.04.2020","93,250","94,450","94,800","92,200","70,86K","1,52%"
"16.04.2020","91,850","92,400","93,650","91,850","75,35K","1,16%"
"15.04.2020","90,800","95,000","96,450","90,600","172,84K","-5,76%"
"14.04.2020","96,350","99,400","99,400","95,550","130,56K","-0,93%"
"09.04.2020","97,250","99,500","99,500","96,250","70,92K","0,15%"
"08.04.2020","97,100","94,400","97,500","93,100","82,18K","1,68%"
"07.04.2020","95,500","95,550","96,400","92,900","114,64K","0,53%"
"06.04.2020","95,000","94,050","95,200","92,250","79,70K","5,38%"
"03.04.2020","90,150","91,000","91,600","89,350","119,66K","-1,10%"
"02.04.2020","91,150","93,450","93,450","88,850","139,28K","-2,88%"
"01.04.2020","93,850","93,200","95,700","91,500","99,14K","-3,60%"
"31.03.2020","97,350","95,000","97,350","91,800","140,20K","3,51%"
"30.03.2020","94,050","89,650","94,750","86,250","98,06K","4,50%"
"27.03.2020","90,000","93,750","93,750","88,200","94,53K","-4,56%"
"26.03.2020","94,300","93,500","94,750","90,600","113,49K","0,64%"
"25.03.2020","93,700","99,500","99,500","91,900","189,01K","-2,60%"
"24.03.2020","96,200","103,000","104,700","92,000","165,38K","0,21%"
"23.03.2020","96,000","98,100","101,800","95,500","152,76K","-8,57%"
"20.03.2020","105,000","102,000","107,000","97,400","331,40K","6,60%"
"19.03.2020","98,500","97,350","100,300","90,550","219,17K","2,55%"
"18.03.2020","96,050","89,150","96,450","83,000","242,53K","3,78%"
"17.03.2020","92,550","95,950","95,950","81,750","248,21K","10,64%"
"16.03.2020","83,650","84,000","85,100","76,850","388,95K","-9,22%"
"13.03.2020","92,150","82,150","102,400","82,050","274,37K","14,90%"
"12.03.2020","80,200","93,300","94,700","80,200","397,54K","-17,49%"
"11.03.2020","97,200","103,000","105,100","95,850","306,54K","-4,89%"
"10.03.2020","102,200","110,800","111,500","101,800","276,55K","-6,67%"
"09.03.2020","109,500","110,000","115,700","108,100","310,56K","-8,06%"
"06.03.2020","119,100","123,600","125,200","117,300","236,52K","-5,10%"
"05.03.2020","125,500","125,700","126,400","122,300","183,07K","0,00%"
"04.03.2020","125,500","119,000","126,700","118,200","325,51K","7,91%"
"03.03.2020","116,300","116,600","119,100","116,100","187,13K","1,13%"
"02.03.2020","115,000","116,000","117,900","111,900","201,73K","0,52%"
"28.02.2020","114,400","104,300","114,800","102,100","301,33K","4,86%"
"27.02.2020","109,100","110,500","112,300","108,300","113,16K","-2,59%"
"26.02.2020","112,000","110,200","113,600","107,600","143,70K","1,08%"
"25.02.2020","110,800","112,600","113,500","110,600","207,43K","-1,42%"
"24.02.2020","112,400","114,400","116,200","112,100","156,22K","-4,10%"
"21.02.2020","117,200","116,000","118,500","116,000","84,12K","0,43%"
"20.02.2020","116,700","117,800","118,700","115,700","86,50K","-1,02%"
"19.02.2020","117,900","114,800","118,400","114,400","196,23K","3,06%"
"18.02.2020","114,400","111,500","114,700","111,400","107,82K","2,79%"
"17.02.2020","111,300","110,200","111,800","109,900","57,20K","0,91%"
"14.02.2020","110,300","109,400","110,300","108,900","49,93K","1,19%"
"13.02.2020","109,000","109,900","110,500","107,600","96,97K","-1,27%"
"12.02.2020","110,400","109,600","110,400","108,700","76,10K","1,19%"
"11.02.2020","109,100","108,800","109,500","107,200","88,33K","1,02%"
"10.02.2020","108,000","107,800","108,000","106,800","85,81K","0,19%"
"07.02.2020","107,800","105,000","107,800","104,700","102,34K","2,28%"
"06.02.2020","105,400","104,000","105,600","104,000","79,61K","0,76%"
"05.02.2020","104,600","101,900","104,800","101,900","85,06K","2,75%"
"04.02.2020","101,800","101,800","102,100","101,100","51,49K","0,59%"
"03.02.2020","101,200","102,500","102,500","100,000","127,25K","-1,17%"
"31.01.2020","102,400","102,700","104,200","102,400","206,25K","0,20%"
"30.01.2020","102,200","100,700","104,000","100,400","90,28K","0,79%"
"29.01.2020","101,400","101,600","101,900","100,700","88,30K","0,00%"
"28.01.2020","101,400","100,000","101,600","100,000","77,24K","1,65%"
"27.01.2020","99,750","101,400","101,800","99,650","68,32K","-2,87%"
"24.01.2020","102,700","101,500","102,900","101,500","65,75K","1,58%"
"23.01.2020","101,100","101,400","102,400","100,700","71,98K","-0,20%"
"22.01.2020","101,300","100,300","101,800","99,850","75,17K","1,10%"
"21.01.2020","100,200","99,600","100,400","99,500","235,49K","-0,20%"
"20.01.2020","100,400","99,450","100,400","98,450","56,27K","1,01%"
"17.01.2020","99,400","99,150","100,300","99,050","123,56K","0,66%"
"16.01.2020","98,750","97,900","99,000","97,450","117,23K","1,02%"
"15.01.2020","97,750","96,100","97,750","94,850","113,81K","1,82%"
"14.01.2020","96,000","94,900","96,000","94,050","75,59K","1,11%"
"13.01.2020","94,950","94,100","95,000","93,950","79,73K","0,96%"
"10.01.2020","94,050","92,350","94,350","91,750","107,64K","2,23%"
"09.01.2020","92,000","90,550","92,500","90,550","82,25K","2,00%"
"08.01.2020","90,200","90,100","90,400","87,350","137,91K","-0,06%"
"07.01.2020","90,250","90,300","91,550","89,850","68,95K","0,00%"
"06.01.2020","90,250","90,900","90,900","89,200","55,13K","-0,93%"
"03.01.2020","91,100","92,450","92,450","90,600","77,51K","-1,51%"
"02.01.2020","92,500","94,650","94,700","92,450","59,27K","-1,39%"
"31.12.2019","93,800","94,400","94,400","93,450","36,60K","-0,58%"
"30.12.2019","94,350","94,450","95,200","94,200","63,33K","-0,16%"
"27.12.2019","94,500","92,950","94,800","92,750","51,78K","1,83%"
"24.12.2019","92,800","92,700","92,850","92,000","15,98K","0,60%"
"23.12.2019","92,250","92,600","92,600","91,800","70,26K","0,22%"
"20.12.2019","92,050","93,000","93,000","91,900","158,47K","-0,11%"
"19.12.2019","92,150","94,100","94,500","92,150","79,22K","-1,65%"
"18.12.2019","93,700","94,600","95,000","93,500","56,95K","-1,00%"
"17.12.2019","94,650","94,750","95,100","94,450","58,01K","0,00%"
"16.12.2019","94,650","94,300","94,650","93,350","65,97K","0,85%"
"13.12.2019","93,850","94,350","94,350","93,450","55,31K","0,59%"
"12.12.2019","93,300","92,800","93,450","92,450","46,86K","0,48%"
"11.12.2019","92,850","92,450","92,900","92,050","48,40K","0,98%"
"10.12.2019","91,950","92,100","92,500","91,150","46,27K","-0,11%"
"09.12.2019","92,050","91,450","92,600","91,450","129,74K","0,05%"
"06.12.2019","92,000","91,600","92,400","91,250","51,18K","0,60%"
"05.12.2019","91,450","91,600","92,400","91,400","92,73K","-0,22%"
"04.12.2019","91,650","91,550","92,250","91,150","54,92K","0,55%"
"03.12.2019","91,150","92,800","93,150","91,150","75,19K","-1,99%"
"02.12.2019","93,000","94,400","95,100","92,500","68,22K","-1,06%"
"29.11.2019","94,000","93,600","94,450","93,200","70,94K","0,00%"
"28.11.2019","94,000","93,350","94,050","93,200","39,96K","0,27%"
"27.11.2019","93,750","93,950","95,000","93,450","84,37K","0,37%"
"26.11.2019","93,400","93,600","94,050","92,700","75,18K","0,00%"
"25.11.2019","93,400","93,300","94,450","93,000","61,69K","0,76%"
"22.11.2019","92,700","91,800","93,050","91,500","136,35K","1,53%"
"21.11.2019","91,300","91,600","92,500","91,200","154,78K","-0,98%"
"20.11.2019","92,200","92,550","92,550","91,500","135,34K","-0,27%"
"19.11.2019","92,450","92,450","93,000","91,650","258,08K","0,65%"
"18.11.2019","91,850","91,800","92,350","91,450","67,53K","0,44%"
"15.11.2019","91,450","91,500","92,050","90,300","148,49K","0,27%"
"14.11.2019","91,200","91,050","91,800","90,350","66,81K","0,22%"
"13.11.2019","91,000","93,350","93,350","90,650","98,93K","-2,99%"
"12.11.2019","93,800","94,300","95,800","93,550","78,45K","-0,48%"
"11.11.2019","94,250","94,250","95,000","93,500","73,67K","-0,37%"
"08.11.2019","94,600","92,150","96,300","91,800","130,03K","1,99%"
"07.11.2019","92,750","93,750","93,800","92,250","69,08K","0,05%"
"06.11.2019","92,700","92,450","93,300","92,050","73,62K","0,27%"
"05.11.2019","92,450","92,800","94,000","91,850","86,28K","-0,43%"
"04.11.2019","92,850","93,150","93,950","92,850","170,84K","-0,27%"
"01.11.2019","93,100","93,100","93,900","92,800","57,33K","-0,37%"
"31.10.2019","93,450","92,250","93,450","92,150","77,18K","1,14%"
"30.10.2019","92,400","90,400","92,400","90,200","63,44K","1,76%"
"29.10.2019","90,800","91,350","91,800","90,350","95,42K","-0,77%"
"28.10.2019","91,500","91,350","92,100","90,950","36,20K","-0,11%"
"25.10.2019","91,600","92,250","92,650","91,300","37,26K","-0,81%"
"24.10.2019","92,350","91,700","92,650","91,650","44,74K","0,98%"
"23.10.2019","91,450","91,750","92,350","90,850","73,60K","-0,65%"
"22.10.2019","92,050","91,600","92,700","91,400","52,67K","-0,05%"
"21.10.2019","92,100","91,350","92,100","90,800","56,13K","0,99%"
"18.10.2019","91,200","92,100","92,550","90,900","54,43K","-0,98%"
"17.10.2019","92,100","92,100","92,350","91,250","70,36K","0,11%"
"16.10.2019","92,000","91,200","92,700","90,750","73,84K","0,33%"
"15.10.2019","91,700","92,050","93,050","91,550","82,15K","-0,86%"
"14.10.2019","92,500","91,350","93,150","90,350","89,72K","1,37%"
"11.10.2019","91,250","91,350","91,700","90,600","83,71K","0,11%"
"10.10.2019","91,150","90,750","91,150","89,550","107,34K","0,94%"
"09.10.2019","90,300","90,800","92,150","88,300","143,07K","-1,79%"
"08.10.2019","91,950","96,200","96,350","91,500","225,26K","-5,01%"
"07.10.2019","96,800","95,250","96,800","94,750","62,14K","1,20%"
"04.10.2019","95,650","95,350","95,900","94,800","66,63K","0,90%"
"03.10.2019","94,800","95,950","96,350","94,550","59,48K","-0,94%"
"02.10.2019","95,700","96,100","98,650","95,700","152,52K","0,16%"
"01.10.2019","95,550","96,950","97,450","95,300","70,99K","-1,60%"
"30.09.2019","97,100","97,050","97,100","95,700","50,66K","0,31%"
"27.09.2019","96,800","96,300","98,700","96,300","71,64K","1,20%"
"26.09.2019","95,650","94,650","96,000","94,400","89,28K","1,11%"
"25.09.2019","94,600","96,850","96,850","94,400","71,76K","-2,32%"
"24.09.2019","96,850","95,100","96,850","95,100","51,44K","1,47%"
"23.09.2019","95,450","94,950","95,450","94,700","42,46K","0,53%"
"20.09.2019","94,950","95,550","96,000","94,950","106,74K","-0,78%"
"19.09.2019","95,700","96,500","96,700","95,000","44,44K","-0,83%"
"18.09.2019","96,500","95,800","97,150","95,500","76,32K","0,57%"
"17.09.2019","95,950","95,150","96,150","95,000","81,38K","0,52%"
"16.09.2019","95,450","97,200","97,200","95,450","86,95K","-2,05%"
"13.09.2019","97,450","97,700","97,700","95,650","83,05K","-0,51%"
"12.09.2019","97,950","98,250","98,550","95,550","67,02K","0,05%"
"11.09.2019","97,900","94,950","97,900","94,800","130,15K","2,89%"
"10.09.2019","95,150","96,900","97,100","93,600","98,49K","-2,11%"
"09.09.2019","97,200","98,250","98,350","96,950","50,49K","-0,51%"
"06.09.2019","97,700","99,000","99,350","97,700","59,75K","-1,11%"
"05.09.2019","98,800","99,500","100,200","98,450","63,99K","-0,65%"
"04.09.2019","99,450","98,750","99,450","98,500","51,82K","1,48%"
"03.09.2019","98,000","96,850","98,250","96,450","66,47K","1,08%"
"02.09.2019","96,950","97,750","98,250","96,450","47,18K","-0,67%"
"30.08.2019","97,600","98,750","99,650","97,600","98,41K","-1,31%"
"29.08.2019","98,900","97,850","98,900","97,550","60,13K","1,07%"
"28.08.2019","97,850","95,950","97,950","95,900","71,04K","1,77%"
"27.08.2019","96,150","95,300","96,500","95,150","82,21K","1,32%"
"26.08.2019","94,900","94,250","95,550","93,850","30,88K","-0,16%"
"23.08.2019","95,050","96,700","96,800","94,800","62,94K","-0,83%"
"22.08.2019","95,850","96,000","96,800","95,700","73,66K","-0,52%"
"21.08.2019","96,350","96,000","96,900","95,550","54,11K","0,31%"
"20.08.2019","96,050","94,900","96,400","94,750","75,12K","1,11%"
"19.08.2019","95,000","94,300","95,100","93,650","52,13K","1,77%"
"16.08.2019","93,350","91,600","93,350","91,600","78,45K","2,19%"
"15.08.2019","91,350","91,550","92,200","90,400","71,95K","-0,22%"
"14.08.2019","91,550","91,100","91,800","90,500","93,43K","0,66%"
"13.08.2019","90,950","88,550","91,050","88,250","86,48K","1,56%"
"12.08.2019","89,550","91,050","91,550","89,400","80,00K","-0,67%"
"09.08.2019","90,150","91,400","91,650","90,100","77,22K","-1,69%"
"08.08.2019","91,700","91,000","91,950","90,450","95,71K","1,49%"
"07.08.2019","90,350","91,000","91,600","90,350","123,04K","-0,11%"
"06.08.2019","90,450","91,000","92,050","90,300","157,85K","-1,31%"
"05.08.2019","91,650","93,750","93,850","90,550","135,80K","-2,71%"
"02.08.2019","94,200","96,150","97,200","93,600","142,42K","-2,79%"
"01.08.2019","96,900","96,100","97,650","95,650","115,62K","0,62%"
"31.07.2019","96,300","95,600","96,300","93,500","171,60K","0,05%"
"30.07.2019","96,250","98,350","98,600","93,300","254,66K","-3,46%"
"29.07.2019","99,700","99,250","100,200","98,450","45,68K","0,35%"
"26.07.2019","99,350","101,100","101,300","99,100","64,93K","-1,54%"
"25.07.2019","100,900","101,300","103,500","100,700","102,97K","0,00%"
"24.07.2019","100,900","99,300","101,200","99,300","115,20K","1,61%"
"23.07.2019","99,300","99,250","100,700","98,850","85,08K","0,10%"
"22.07.2019","99,200","98,150","99,200","97,350","51,11K","1,12%"
"19.07.2019","98,100","99,350","99,550","97,650","85,27K","-0,91%"
"18.07.2019","99,000","98,000","99,000","96,700","75,12K","-0,05%"
"17.07.2019","99,050","99,800","99,950","98,550","58,52K","-0,65%"
"16.07.2019","99,700","98,550","99,700","97,950","102,95K","0,96%"
"15.07.2019","98,750","98,100","99,250","97,550","99,34K","0,66%"
"12.07.2019","98,100","97,600","98,100","96,600","55,27K","0,31%"
"11.07.2019","97,800","97,500","98,300","97,100","101,03K","0,26%"
"10.07.2019","97,550","96,400","97,650","95,600","71,85K","0,88%"
"09.07.2019","96,700","95,950","96,950","95,650","66,19K","0,47%"
"08.07.2019","96,250","96,000","97,100","95,750","74,56K","-0,41%"
"05.07.2019","96,650","97,100","98,450","96,000","87,37K","-0,46%"
"04.07.2019","97,100","98,500","98,500","96,400","58,74K","-0,87%"
"03.07.2019","97,950","97,400","98,600","97,350","78,39K","1,03%"
"02.07.2019","96,950","94,850","97,400","94,850","71,54K","1,41%"
"01.07.2019","95,600","95,250","95,750","94,500","62,32K","1,27%"
"28.06.2019","94,400","95,350","95,800","93,700","128,60K","-0,63%"
"27.06.2019","95,000","96,500","96,550","94,600","117,17K","-4,90%"
"26.06.2019","99,900","100,100","100,200","98,950","116,80K","-0,30%"
"25.06.2019","100,200","98,950","100,500","98,450","76,90K","0,96%"
"24.06.2019","99,250","101,200","101,600","99,050","92,60K","-1,05%"
"21.06.2019","100,300","102,900","103,100","100,300","366,06K","-2,34%"
"20.06.2019","102,700","102,200","103,200","102,200","78,18K","0,69%"
"19.06.2019","102,000","102,900","102,900","101,100","71,82K","-0,49%"
"18.06.2019","102,500","102,000","103,400","100,400","74,95K","0,79%"
"17.06.2019","101,700","104,100","104,200","101,700","79,79K","-2,59%"
"14.06.2019","104,400","103,600","104,600","103,100","114,33K","0,68%"
"13.06.2019","103,700","102,300","104,400","102,200","109,52K","1,37%"
"12.06.2019","102,300","101,000","102,400","101,000","63,13K","0,79%"
"11.06.2019","101,500","100,700","102,000","100,200","89,96K","1,00%"
"10.06.2019","100,500","102,000","102,500","100,000","65,56K","-1,57%"
"07.06.2019","102,100","102,200","102,800","101,300","105,77K","0,10%"
"06.06.2019","102,000","100,900","102,600","100,800","132,82K","1,39%"
"05.06.2019","100,600","99,600","100,900","98,950","117,49K","1,77%"
"04.06.2019","98,850","97,650","99,750","97,050","248,02K","0,97%"
"03.06.2019","97,900","95,200","98,100","94,350","148,35K","2,14%"
"31.05.2019","95,850","95,100","96,050","93,850","92,54K","0,63%"
"30.05.2019","95,250","95,300","96,650","94,850","68,55K","-0,31%"
"29.05.2019","95,550","95,850","95,850","94,700","84,71K","-0,31%"
"28.05.2019","95,850","97,350","97,900","95,850","97,51K","-1,13%"
"27.05.2019","96,950","96,200","97,800","96,150","45,26K","1,04%"
"24.05.2019","95,950","94,700","96,750","94,400","84,96K","1,11%"
"23.05.2019","94,900","95,700","95,950","94,900","96,28K","-1,56%"
"22.05.2019","96,400","96,750","97,300","95,750","64,31K","-0,21%"
"21.05.2019","96,600","95,700","96,650","95,400","65,98K","0,94%"
"20.05.2019","95,700","95,150","96,450","95,000","78,45K","0,84%"
"17.05.2019","94,900","95,250","95,550","94,200","83,26K","0,42%"
"16.05.2019","94,500","96,500","97,150","93,900","139,76K","-2,93%"
"15.05.2019","97,350","98,200","98,650","96,200","79,73K","-0,76%"
"14.05.2019","98,100","95,750","98,200","95,500","98,95K","2,62%"
"13.05.2019","95,600","97,300","98,200","94,900","156,31K","-2,40%"
"10.05.2019","97,950","101,500","101,800","96,000","229,87K","-3,02%"
"09.05.2019","101,000","99,850","101,100","99,700","85,79K","1,20%"
"08.05.2019","99,800","100,000","100,400","99,450","94,77K","-0,05%"
"07.05.2019","99,850","98,900","101,000","98,900","102,94K","0,60%"
"06.05.2019","99,250","100,700","100,800","98,400","111,29K","-1,93%"
"03.05.2019","101,200","101,000","101,700","100,900","67,70K","0,80%"
"02.05.2019","100,400","102,600","103,100","100,400","127,62K","-2,81%"
"30.04.2019","103,300","102,800","103,300","102,300","88,18K","0,68%"
"29.04.2019","102,600","102,000","102,600","100,400","144,13K","0,00%"
"26.04.2019","102,600","103,000","103,100","101,900","70,88K","-0,29%"
"25.04.2019","102,900","101,700","103,200","101,700","88,68K","0,88%"
"24.04.2019","102,000","101,500","102,000","100,100","87,16K","0,10%"
"23.04.2019","101,900","102,000","102,400","100,700","76,55K","0,00%"
"18.04.2019","101,900","100,500","102,100","100,500","83,45K","0,99%"
"17.04.2019","100,900","102,600","102,600","99,500","194,07K","-2,04%"
"16.04.2019","103,000","102,800","103,800","102,500","127,65K","-0,39%"
"15.04.2019","103,400","103,500","104,500","102,800","138,00K","0,39%"
"12.04.2019","103,000","105,100","105,700","103,000","142,69K","-2,18%"
"11.04.2019","105,300","105,200","105,900","104,000","101,00K","0,10%"
"10.04.2019","105,200","103,900","106,600","103,900","282,57K","1,54%"
"09.04.2019","103,600","104,400","104,900","102,500","205,17K","-0,86%"
"08.04.2019","104,500","104,000","104,700","103,400","91,48K","0,58%"
"05.04.2019","103,900","105,700","105,900","102,100","190,04K","-1,70%"
"04.04.2019","105,700","103,000","105,900","103,000","210,00K","2,62%"
"03.04.2019","103,000","102,300","103,000","101,000","111,94K","1,48%"
"02.04.2019","101,500","99,350","102,300","99,350","210,75K","2,22%"
"01.04.2019","99,300","100,000","100,100","98,000","157,78K","0,00%"
"29.03.2019","99,300","100,500","101,600","99,160","150,42K","-0,68%"
"28.03.2019","99,980","99,000","100,200","99,000","112,22K","0,85%"
"27.03.2019","99,140","98,700","99,500","98,400","109,20K","0,45%"
"26.03.2019","98,700","97,720","99,300","97,720","94,27K","1,11%"
"25.03.2019","97,620","97,660","97,900","94,620","160,05K","-0,45%"
"22.03.2019","98,060","98,720","98,720","97,600","128,00K","0,10%"
"21.03.2019","97,960","96,540","98,260","96,500","97,41K","1,62%"
"20.03.2019","96,400","95,000","96,760","94,300","112,30K","1,26%"
"19.03.2019","95,200","94,460","95,980","94,360","276,68K","0,40%"
"18.03.2019","94,820","93,840","94,900","93,440","171,35K","0,87%"
"15.03.2019","94,000","93,000","94,100","92,860","164,22K","1,10%"
"14.03.2019","92,980","92,660","93,400","92,500","49,92K","0,15%"
"13.03.2019","92,840","91,720","92,840","91,720","87,28K","1,07%"
"12.03.2019","91,860","91,780","92,040","91,200","66,10K","0,09%"
"11.03.2019","91,780","90,380","91,780","90,240","59,61K","1,53%"
"08.03.2019","90,400","89,780","91,000","89,760","60,60K","-0,48%"
"07.03.2019","90,840","89,600","90,840","89,600","113,50K","0,96%"
"06.03.2019","89,980","89,820","90,000","88,960","73,42K","0,09%"
"05.03.2019","89,900","88,280","89,900","88,020","96,24K","0,78%"
"04.03.2019","89,200","88,100","89,600","87,160","141,01K","-0,45%"
"01.03.2019","89,600","86,000","90,100","86,000","267,12K","4,87%"
"28.02.2019","85,440","84,720","85,560","83,700","111,86K","0,52%"
"27.02.2019","85,000","85,300","85,480","84,640","118,64K","-0,65%"
"26.02.2019","85,560","84,300","85,780","84,200","96,72K","0,90%"
"25.02.2019","84,800","84,060","84,800","83,900","81,50K","1,07%"
"22.02.2019","83,900","84,000","84,380","83,640","77,92K","-0,29%"
"21.02.2019","84,140","83,340","84,200","83,280","97,01K","1,03%"
"20.02.2019","83,280","82,840","83,820","82,840","80,48K","0,56%"
"19.02.2019","82,820","82,980","83,480","82,520","60,82K","-0,38%"
"18.02.2019","83,140","82,680","83,180","82,480","60,04K","0,73%"
"15.02.2019","82,540","81,480","82,620","81,120","87,52K","1,18%"
"14.02.2019","81,580","82,240","82,360","81,320","164,43K","-0,17%"
"13.02.2019","81,720","82,720","82,920","81,440","93,86K","-1,07%"
"12.02.2019","82,600","81,940","83,100","81,840","97,97K","1,30%"
"11.02.2019","81,540","81,900","81,940","80,300","104,06K","-0,39%"
"08.02.2019","81,860","83,280","83,360","81,760","96,72K","-1,71%"
"07.02.2019","83,280","84,000","84,560","83,280","85,47K","-1,07%"
"06.02.2019","84,180","84,400","84,900","84,120","80,24K","-0,78%"
"05.02.2019","84,840","83,640","84,840","83,020","97,80K","1,41%"
"04.02.2019","83,660","83,500","83,700","82,840","84,33K","0,26%"
"01.02.2019","83,440","83,500","83,800","82,380","141,67K","0,41%"
"31.01.2019","83,100","82,000","83,480","82,000","191,20K","1,49%"
"30.01.2019","81,880","81,120","81,940","80,680","83,85K","0,66%"
"29.01.2019","81,340","80,400","81,680","80,400","88,38K","1,02%"
"28.01.2019","80,520","81,840","81,840","80,100","88,80K","-1,68%"
"25.01.2019","81,900","81,500","83,000","81,500","107,32K","0,74%"
"24.01.2019","81,300","81,380","81,760","80,800","112,26K","0,40%"
"23.01.2019","80,980","79,680","81,300","79,680","78,97K","1,28%"
"22.01.2019","79,960","79,400","80,680","79,200","77,86K","0,38%"
"21.01.2019","79,660","79,800","80,180","79,520","70,31K","-0,03%"
"18.01.2019","79,680","79,120","80,260","79,120","125,44K","1,07%"
"17.01.2019","78,840","79,600","80,000","78,840","125,53K","-1,00%"
"16.01.2019","79,640","79,800","80,040","76,780","145,10K","-0,45%"
"15.01.2019","80,000","79,580","80,000","79,320","71,24K","0,91%"
"14.01.2019","79,280","78,320","79,620","78,320","97,42K","0,25%"
"11.01.2019","79,080","79,000","79,700","78,540","86,81K","0,43%"
"10.01.2019","78,740","77,520","78,880","77,520","76,15K","1,42%"
"09.01.2019","77,640","78,480","78,820","76,600","111,91K","-0,77%"
"08.01.2019","78,240","77,140","78,460","77,000","99,30K","1,43%"
"07.01.2019","77,140","77,040","77,300","75,620","63,35K","0,68%"
"04.01.2019","76,620","76,780","77,400","76,400","121,06K","0,37%"
"03.01.2019","76,340","74,580","76,600","74,540","140,33K","2,06%"
"02.01.2019","74,800","73,720","75,160","72,380","156,30K","1,22%"
"31.12.2018","73,900","73,120","74,660","73,120","62,57K","2,35%"
"28.12.2018","72,200","72,820","73,860","72,200","114,60K","-0,39%"
"27.12.2018","72,480","75,700","76,600","71,800","127,86K","-4,00%"
"24.12.2018","75,500","75,800","76,220","75,320","34,12K","-0,34%"
"21.12.2018","75,760","76,400","76,840","75,440","151,24K","-1,15%"
"20.12.2018","76,640","78,220","78,520","76,640","93,19K","-2,94%"
"19.12.2018","78,960","78,560","79,660","78,360","108,24K","0,84%"
"18.12.2018","78,300","77,980","78,760","76,680","157,07K","-0,10%"
"17.12.2018","78,380","78,980","79,500","78,380","117,12K","-0,78%"
"14.12.2018","79,000","80,640","81,080","78,800","110,78K","-2,49%"
"13.12.2018","81,020","81,100","81,180","79,320","111,38K","-0,15%"
"12.12.2018","81,140","80,980","81,300","79,840","126,19K","0,97%"
"11.12.2018","80,360","79,140","80,460","78,180","107,89K","1,72%"
"10.12.2018","79,000","79,860","80,500","78,900","83,02K","-1,37%"
"07.12.2018","80,100","80,840","81,580","79,940","77,50K","-0,15%"
"06.12.2018","80,220","80,500","81,040","79,680","94,76K","-1,11%"
"05.12.2018","81,120","81,500","81,580","80,780","100,91K","-1,43%"
"04.12.2018","82,300","82,340","82,660","81,760","92,63K","0,24%"
"03.12.2018","82,100","82,000","82,700","81,820","107,83K","1,23%"
"30.11.2018","81,100","81,140","81,780","80,820","117,96K","0,00%"
"29.11.2018","81,100","80,740","81,220","80,200","99,14K","0,72%"
"28.11.2018","80,520","80,300","81,060","80,100","88,88K","0,47%"
"27.11.2018","80,140","79,840","80,800","79,660","115,31K","1,11%"
"26.11.2018","79,260","78,900","80,160","78,880","85,66K","0,87%"
"23.11.2018","78,580","78,800","79,120","78,140","61,58K","-0,33%"
"22.11.2018","78,840","79,020","79,920","78,500","66,93K","0,00%"
"21.11.2018","78,840","78,280","78,920","77,920","87,10K","0,82%"
"20.11.2018","78,200","79,000","79,620","77,400","125,67K","-1,26%"
"19.11.2018","79,200","79,060","79,940","78,860","101,06K","0,97%"
"16.11.2018","78,440","77,320","78,720","76,800","142,23K","1,32%"
"15.11.2018","77,420","77,020","78,600","77,020","110,99K","1,10%"
"14.11.2018","76,580","77,800","78,080","76,400","125,59K","-1,92%"
"13.11.2018","78,080","80,680","81,000","77,860","193,90K","-3,51%"
"12.11.2018","80,920","80,820","81,640","80,500","114,24K","0,00%"
"09.11.2018","80,920","79,760","80,940","79,320","167,22K","1,56%"
"08.11.2018","79,680","79,040","79,880","79,020","141,29K","0,35%"
"07.11.2018","79,400","78,700","79,720","78,600","122,12K","0,89%"
"06.11.2018","78,700","77,380","78,740","77,360","117,76K","0,92%"
"05.11.2018","77,980","76,460","77,980","76,260","116,43K","2,26%"
"02.11.2018","76,260","76,000","76,300","75,600","78,27K","1,36%"
"01.11.2018","75,240","74,560","75,500","74,440","69,01K","0,88%"
"31.10.2018","74,580","74,900","75,640","74,140","93,75K","0,00%"
"30.10.2018","74,580","74,200","74,780","73,720","98,12K","0,51%"
"29.10.2018","74,200","74,040","74,680","73,800","58,77K","-0,40%"
"26.10.2018","74,500","73,800","74,500","73,640","104,64K","0,05%"
"25.10.2018","74,460","73,440","74,640","73,200","133,68K","0,84%"
"24.10.2018","73,840","73,240","74,560","73,200","113,45K","1,18%"
"23.10.2018","72,980","72,600","73,600","72,600","104,42K","-0,57%"
"22.10.2018","73,400","75,240","75,240","73,400","113,49K","-1,87%"
"19.10.2018","74,800","74,500","75,620","74,300","122,24K","0,40%"
"18.10.2018","74,500","75,340","75,880","74,500","132,87K","-0,98%"
"17.10.2018","75,240","75,400","75,460","74,620","121,79K","0,45%"
"16.10.2018","74,900","73,860","75,140","73,140","145,56K","3,14%"
"15.10.2018","72,620","71,120","72,720","70,820","124,58K","1,51%"
"12.10.2018","71,540","74,940","75,000","70,960","205,44K","-3,97%"
"11.10.2018","74,500","76,500","76,740","74,440","158,56K","-4,36%"
"10.10.2018","77,900","79,000","79,000","77,280","270,75K","-1,39%"
"09.10.2018","79,000","77,800","79,100","77,640","128,97K","1,86%"
"08.10.2018","77,560","76,660","78,000","76,480","107,83K","0,94%"
"05.10.2018","76,840","76,100","77,240","75,060","174,95K","1,43%"
"04.10.2018","75,760","77,900","78,100","75,540","155,54K","-3,29%"
"03.10.2018","78,340","78,500","78,760","77,900","149,92K","-0,05%"
"02.10.2018","78,380","77,600","78,500","76,600","156,82K","0,62%"
"01.10.2018","77,900","78,180","78,840","77,560","89,92K","-0,20%"
"28.09.2018","78,060","77,360","78,180","77,200","126,91K","0,49%"
"27.09.2018","77,680","76,660","78,380","76,240","192,26K","0,88%"
"26.09.2018","77,000","75,600","77,000","75,160","109,71K","2,23%"
"25.09.2018","75,320","75,360","76,060","75,100","55,30K","0,24%"
"24.09.2018","75,140","75,920","76,200","74,920","52,80K","-0,95%"
"21.09.2018","75,860","76,220","76,500","75,060","178,37K","-0,16%"
"20.09.2018","75,980","75,620","76,160","75,080","85,19K","0,53%"
"19.09.2018","75,580","76,080","76,160","74,980","71,80K","-0,34%"
"18.09.2018","75,840","74,900","75,940","74,880","107,38K","1,31%"
"17.09.2018","74,860","75,180","75,980","74,740","85,26K","-0,19%"
"14.09.2018","75,000","75,340","75,340","74,700","40,78K","0,21%"
"13.09.2018","74,840","75,100","75,680","74,800","63,08K","-0,37%"
"12.09.2018","75,120","74,760","75,120","74,220","104,43K","0,70%"
"11.09.2018","74,600","74,160","74,600","73,560","59,69K","0,95%"
"10.09.2018","73,900","73,760","74,300","73,280","107,43K","0,76%"
"07.09.2018","73,340","74,400","74,420","72,480","146,07K","-1,77%"
"06.09.2018","74,660","75,360","75,780","74,400","127,84K","-1,06%"
"05.09.2018","75,460","75,240","75,920","75,220","111,95K","0,37%"
"04.09.2018","75,180","76,060","76,260","74,940","86,95K","-0,56%"
"03.09.2018","75,600","75,840","76,580","75,460","91,03K","-0,32%"
"31.08.2018","75,840","76,580","76,580","74,800","95,22K","-0,97%"
"30.08.2018","76,580","76,280","76,580","75,600","119,18K","0,39%"
"29.08.2018","76,280","75,800","76,280","75,220","142,34K","0,79%"
"28.08.2018","75,680","75,400","75,940","74,920","87,21K","0,48%"
"27.08.2018","75,320","74,800","75,380","74,580","63,70K","0,86%"
"24.08.2018","74,680","74,440","74,840","74,440","66,07K","0,08%"
"23.08.2018","74,620","74,400","74,880","74,320","98,05K","0,57%"
"22.08.2018","74,200","73,200","74,700","72,840","130,51K","1,81%"
"21.08.2018","72,880","71,620","72,940","71,440","67,49K","1,76%"
"20.08.2018","71,620","71,360","72,160","71,260","68,16K","0,73%"
"17.08.2018","71,100","71,180","71,580","70,680","54,18K","0,17%"
"16.08.2018","70,980","71,360","71,540","70,600","66,17K","-0,84%"
"15.08.2018","71,580","72,480","72,480","71,060","41,89K","-0,97%"
"14.08.2018","72,280","73,380","73,380","71,800","78,06K","-0,82%"
"13.08.2018","72,880","72,740","73,480","72,180","105,67K","-0,22%"
"10.08.2018","73,040","73,040","73,220","72,780","101,56K","-0,49%"
"09.08.2018","73,400","73,700","74,000","73,080","94,36K","-0,49%"
"08.08.2018","73,760","73,480","73,980","72,980","110,07K","0,71%"
"07.08.2018","73,240","72,960","73,680","72,780","107,81K","0,47%"
"06.08.2018","72,900","73,000","73,320","72,760","130,04K","-0,14%"
"03.08.2018","73,000","73,100","73,420","72,700","126,36K","0,00%"
"02.08.2018","73,000","73,340","73,740","72,800","146,36K","-0,65%"
"01.08.2018","73,480","73,200","74,580","72,520","149,91K","-0,05%"
"31.07.2018","73,520","73,740","74,120","73,280","128,75K","-0,81%"
"30.07.2018","74,120","72,760","74,560","72,660","193,27K","1,23%"
"27.07.2018","73,220","69,600","73,500","69,580","321,92K","5,44%"
"26.07.2018","69,440","68,600","69,620","68,600","116,68K","1,11%"
"25.07.2018","68,680","68,800","69,180","68,320","118,58K","0,09%"
"24.07.2018","68,620","69,340","69,340","68,540","162,10K","-1,10%"
"23.07.2018","69,380","70,160","70,180","68,940","168,80K","-0,43%"
"20.07.2018","69,680","69,220","70,040","69,140","183,98K","0,66%"
"19.07.2018","69,220","68,900","69,520","68,740","96,30K","-0,20%"
"18.07.2018","69,360","70,000","70,000","68,980","116,57K","-0,52%"
"17.07.2018","69,720","69,160","70,000","68,700","126,07K","0,75%"
"16.07.2018","69,200","68,700","69,720","68,600","109,77K","0,87%"
"13.07.2018","68,600","69,480","69,500","68,460","136,61K","-1,15%"
"12.07.2018","69,400","68,320","69,460","68,060","108,24K","1,73%"
"11.07.2018","68,220","69,580","69,580","68,220","117,90K","-2,52%"
"10.07.2018","69,980","70,380","70,900","69,940","88,66K","-0,99%"
"09.07.2018","70,680","71,060","71,280","70,320","66,87K","-0,11%"
"06.07.2018","70,760","71,020","71,380","70,440","91,76K","-0,37%"
"05.07.2018","71,020","71,500","71,680","70,860","76,93K","-0,48%"
"04.07.2018","71,360","70,700","71,480","70,700","94,65K","1,19%"
"03.07.2018","70,520","71,300","71,360","70,280","137,87K","-0,17%"
"02.07.2018","70,640","70,300","71,360","69,140","135,76K","-0,39%"
"29.06.2018","70,920","71,080","71,220","70,340","130,00K","1,08%"
"28.06.2018","70,160","73,000","73,000","70,100","120,17K","-5,50%"
"27.06.2018","74,240","73,900","75,500","72,680","218,93K","0,81%"
"26.06.2018","73,640","72,460","73,940","72,240","183,31K","2,42%"
"25.06.2018","71,900","72,000","72,060","71,160","87,96K","-0,14%"
"22.06.2018","72,000","71,980","72,240","71,460","69,64K","0,67%"
"21.06.2018","71,520","72,360","72,400","71,300","98,72K","-0,86%"
"20.06.2018","72,140","72,020","72,720","71,780","184,76K","0,98%"
"19.06.2018","71,440","70,600","71,760","69,640","148,17K","0,62%"
"18.06.2018","71,000","71,640","72,000","70,760","99,81K","-0,89%"
"15.06.2018","71,640","72,000","72,000","70,620","274,87K","0,03%"
"14.06.2018","71,620","71,000","71,920","70,600","117,74K","-0,64%"
"13.06.2018","72,080","71,780","72,280","71,180","110,77K","0,42%"
"12.06.2018","71,780","71,580","71,900","70,780","114,56K","0,73%"
"11.06.2018","71,260","72,600","72,860","70,840","144,35K","-0,86%"
"08.06.2018","71,880","71,940","72,420","70,680","157,39K","-0,28%"
"07.06.2018","72,080","72,660","73,000","71,580","137,37K","0,53%"
"06.06.2018","71,700","70,000","72,500","69,940","227,70K","2,34%"
"05.06.2018","70,060","68,720","70,300","68,260","214,84K","2,01%"
"04.06.2018","68,680","66,980","69,720","66,900","289,91K","3,40%"
"01.06.2018","66,420","65,000","66,860","65,000","183,40K","2,75%"
"31.05.2018","64,640","66,500","66,720","64,540","384,20K","-2,24%"
"30.05.2018","66,120","64,600","66,720","64,260","263,91K","2,80%"
"29.05.2018","64,320","65,000","65,000","63,580","271,37K","-1,23%"
"28.05.2018","65,120","65,800","66,200","64,800","168,25K","-0,52%"
"25.05.2018","65,460","68,040","68,120","65,080","304,88K","-3,17%"
"24.05.2018","67,600","67,600","68,060","67,180","209,78K","0,54%"
"23.05.2018","67,240","68,740","68,740","67,200","205,96K","-2,27%"
"22.05.2018","68,800","67,740","69,220","67,540","197,61K","0,94%"
"21.05.2018","68,160","67,900","68,380","67,360","189,31K","1,43%"
"18.05.2018","67,200","67,820","67,860","67,120","188,47K","-0,62%"
"17.05.2018","67,620","67,000","67,880","66,980","190,56K","1,20%"
"16.05.2018","66,820","67,640","68,360","66,500","261,03K","-0,89%"
"15.05.2018","67,420","67,080","67,820","66,940","173,80K","0,87%"
"14.05.2018","66,840","67,200","68,060","65,100","501,52K","-0,45%"
"11.05.2018","67,140","68,700","69,000","67,080","235,78K","-1,73%"
"10.05.2018","68,320","68,780","69,000","67,920","114,47K","-0,09%"
"09.05.2018","68,380","67,540","68,380","67,280","102,54K","1,24%"
"08.05.2018","67,540","67,980","68,240","67,220","184,65K","-0,47%"
"07.05.2018","67,860","68,200","68,400","67,800","221,77K","0,06%"
"04.05.2018","67,820","68,620","68,880","67,200","192,10K","-0,70%"
"03.05.2018","68,300","69,340","69,600","68,100","146,80K","-1,30%"
"02.05.2018","69,200","69,760","69,820","68,420","130,47K","-0,32%"
"30.04.2018","69,420","69,760","70,700","69,340","156,30K","0,29%"
"27.04.2018","69,220","68,840","69,960","68,840","153,76K","0,64%"
"26.04.2018","68,780","68,900","69,480","68,640","154,25K","0,17%"
"25.04.2018","68,660","67,760","68,660","67,260","148,91K","1,09%"
"24.04.2018","67,920","67,380","68,600","67,240","153,01K","1,04%"
"23.04.2018","67,220","67,380","67,680","66,900","128,24K","-0,03%"
"20.04.2018","67,240","67,480","68,260","66,940","156,75K","0,09%"
"19.04.2018","67,180","66,300","68,000","66,300","166,83K","1,39%"
"18.04.2018","66,260","66,000","66,940","65,880","157,53K","0,79%"
"17.04.2018","65,740","67,200","67,300","65,400","255,91K","-2,03%"
"16.04.2018","67,100","68,100","68,400","66,800","169,68K","-1,32%"
"13.04.2018","68,000","66,900","68,140","66,860","172,99K","1,77%"
"12.04.2018","66,820","65,720","67,300","65,320","186,94K","1,33%"
"11.04.2018","65,940","66,300","67,300","65,620","227,15K","-0,54%"
"10.04.2018","66,300","66,260","66,500","65,880","165,97K","0,70%"
"09.04.2018","65,840","66,260","66,900","65,660","187,91K","0,06%"
"06.04.2018","65,800","65,440","66,380","64,900","224,61K","1,42%"
"05.04.2018","64,880","63,360","65,000","63,060","262,65K","3,44%"
"04.04.2018","62,720","62,640","63,060","61,800","192,39K","0,29%"
"03.04.2018","62,540","61,680","62,860","61,240","287,28K","1,33%"
"29.03.2018","61,720","62,660","62,660","61,220","235,37K","-1,15%"
"28.03.2018","62,440","59,660","62,980","59,660","271,68K","3,93%"
"27.03.2018","60,080","60,560","60,560","59,440","199,77K","0,43%"
"26.03.2018","59,820","60,500","60,500","59,460","137,64K","-0,73%"
"23.03.2018","60,260","60,500","60,840","59,540","242,17K","-1,37%"
"22.03.2018","61,100","61,940","62,480","60,580","195,57K","-2,27%"
"21.03.2018","62,520","62,700","62,900","62,060","133,47K","-0,03%"
"20.03.2018","62,540","63,360","63,840","61,920","224,91K","-1,29%"
"19.03.2018","63,360","64,520","64,720","63,200","151,51K","-1,80%"
"16.03.2018","64,520","64,940","65,160","64,360","165,91K","-0,22%"
"15.03.2018","64,660","64,820","64,920","64,100","107,87K","0,43%"
"14.03.2018","64,380","64,420","65,020","64,060","152,14K","0,09%"
"13.03.2018","64,320","64,560","65,880","64,240","206,57K","0,00%"
"12.03.2018","64,320","65,260","65,600","64,040","142,16K","-0,89%"
"09.03.2018","64,900","64,740","65,120","64,300","180,96K","0,37%"
"08.03.2018","64,660","65,260","65,700","64,220","233,92K","-0,52%"
"07.03.2018","65,000","65,020","65,280","64,500","172,09K","-0,46%"
"06.03.2018","65,300","67,020","67,460","65,100","211,14K","-1,80%"
"05.03.2018","66,500","65,280","66,680","64,500","219,65K","1,06%"
"02.03.2018","65,800","66,980","67,400","65,280","201,74K","-2,20%"
"01.03.2018","67,280","69,500","69,780","67,180","226,73K","-3,53%"
"28.02.2018","69,740","70,200","70,420","69,400","185,59K","-1,16%"
"27.02.2018","70,560","70,100","71,660","68,500","317,52K","1,67%"
"26.02.2018","69,400","68,960","69,580","68,300","125,55K","1,02%"
"23.02.2018","68,700","67,500","68,780","66,860","121,74K","2,08%"
"22.02.2018","67,300","65,700","67,300","65,540","186,45K","1,78%"
"21.02.2018","66,120","67,600","67,600","66,020","134,46K","-2,13%"
"20.02.2018","67,560","67,580","67,800","67,200","122,13K","0,24%"
"19.02.2018","67,400","67,900","68,320","67,040","99,46K","-0,24%"
"16.02.2018","67,560","67,280","68,300","67,220","139,78K","0,96%"
"15.02.2018","66,920","68,300","68,300","66,920","116,81K","-1,18%"
"14.02.2018","67,720","68,020","68,400","67,460","124,42K","0,18%"
"13.02.2018","67,600","68,960","68,960","67,500","128,41K","-1,72%"
"12.02.2018","68,780","68,120","69,000","67,680","162,46K","2,02%"
"09.02.2018","67,420","67,360","69,240","66,940","332,57K","0,81%"
"08.02.2018","66,880","68,100","68,100","66,720","199,85K","-1,94%"
"07.02.2018","68,200","68,200","68,520","67,400","203,13K","1,55%"
"06.02.2018","67,160","68,000","68,880","66,500","242,02K","-2,69%"
"05.02.2018","69,020","70,560","70,940","69,020","172,62K","-2,51%"
"02.02.2018","70,800","72,540","72,600","70,760","141,19K","-2,40%"
"01.02.2018","72,540","73,260","74,080","72,360","149,37K","-0,55%"
"31.01.2018","72,940","72,300","73,160","72,120","149,34K","1,17%"
"30.01.2018","72,100","73,000","73,080","71,420","191,90K","-1,77%"
"29.01.2018","73,400","74,260","74,580","73,340","149,33K","-1,02%"
"26.01.2018","74,160","75,700","75,700","74,020","137,96K","-1,62%"
"25.01.2018","75,380","75,560","76,000","74,940","121,19K","-0,29%"
"24.01.2018","75,600","75,980","76,200","75,120","125,16K","-0,53%"
"23.01.2018","76,000","75,400","76,060","75,200","102,76K","1,12%"
"22.01.2018","75,160","75,000","75,460","74,720","110,73K","0,48%"
"19.01.2018","74,800","73,880","74,960","73,520","118,57K","1,03%"
"18.01.2018","74,040","74,260","74,260","73,240","150,74K","0,11%"
"17.01.2018","73,960","74,660","74,760","73,200","144,75K","-0,91%"
"16.01.2018","74,640","73,700","75,680","73,520","340,60K","1,97%"
"15.01.2018","73,200","71,220","73,560","70,920","204,65K","3,36%"
"12.01.2018","70,820","71,580","71,780","70,540","117,35K","-0,65%"
"11.01.2018","71,280","70,820","71,600","70,400","131,21K","0,82%"
"10.01.2018","70,700","70,260","71,720","70,140","124,32K","1,00%"
"09.01.2018","70,000","71,160","71,640","70,000","117,49K","-1,49%"
"08.01.2018","71,060","71,400","71,740","71,040","96,22K","-0,11%"
"05.01.2018","71,140","70,500","71,440","70,400","103,65K","1,05%"
"04.01.2018","70,400","68,840","70,440","68,840","117,95K","2,33%"
"03.01.2018","68,800","68,500","69,180","68,300","76,91K","0,50%"
"02.01.2018","68,460","68,180","68,500","68,000","112,65K","0,62%"
"29.12.2017","68,040","68,350","68,500","68,000","96,19K","-0,54%"
"28.12.2017","68,410","68,890","68,890","68,000","123,74K","-0,90%"
"27.12.2017","69,030","68,940","69,360","68,500","82,57K","0,04%"
"22.12.2017","69,000","69,120","69,740","68,740","85,52K","-2,11%"
"21.12.2017","70,490","69,930","70,520","69,150","100,03K","0,83%"
"20.12.2017","69,910","69,710","70,080","68,740","119,24K","0,60%"
"19.12.2017","69,490","70,310","70,380","69,430","102,97K","-0,83%"
"18.12.2017","70,070","69,040","70,500","69,000","133,39K","2,20%"
"15.12.2017","68,560","68,550","69,300","68,300","182,62K","0,03%"
"14.12.2017","68,540","68,570","68,870","68,000","122,57K","0,22%"
"13.12.2017","68,390","69,400","69,500","68,180","129,49K","-1,60%"
"12.12.2017","69,500","69,290","69,500","69,030","108,37K","0,40%"
"11.12.2017","69,220","69,620","69,780","69,120","77,53K","-0,12%"
"08.12.2017","69,300","69,610","69,900","69,040","92,09K","-0,06%"
"07.12.2017","69,340","68,340","69,480","68,340","99,35K","1,46%"
"06.12.2017","68,340","68,400","68,580","68,000","173,76K","-0,96%"
"05.12.2017","69,000","68,580","69,390","68,580","97,88K","0,79%"
"04.12.2017","68,460","68,130","68,810","67,600","117,97K","1,03%"
"01.12.2017","67,760","68,090","68,300","67,600","164,97K","-0,72%"
"30.11.2017","68,250","67,880","68,330","67,760","193,43K","0,72%"
"29.11.2017","67,760","67,800","68,310","67,620","126,17K","0,41%"
"28.11.2017","67,480","68,000","68,000","67,360","89,39K","-0,94%"
"27.11.2017","68,120","67,880","68,400","67,530","106,49K","0,41%"
"24.11.2017","67,840","68,520","69,140","67,830","83,60K","-1,28%"
"23.11.2017","68,720","68,490","69,100","67,950","90,96K","0,29%"
"22.11.2017","68,520","68,720","69,350","68,520","116,13K","-0,19%"
"21.11.2017","68,650","69,450","69,600","68,510","208,87K","-0,74%"
"20.11.2017","69,160","68,470","69,250","68,000","217,02K","1,51%"
"17.11.2017","68,130","67,060","68,190","66,400","309,33K","1,79%"
"16.11.2017","66,930","65,740","67,240","65,560","139,63K","2,17%"
"15.11.2017","65,510","64,810","65,720","64,050","132,97K","0,83%"
"14.11.2017","64,970","65,130","65,280","64,580","104,42K","-0,35%"
"13.11.2017","65,200","65,250","65,300","64,530","158,63K","0,54%"
"10.11.2017","64,850","66,370","66,470","64,020","190,41K","-2,39%"
"09.11.2017","66,440","69,000","69,000","66,230","272,29K","-3,74%"
"08.11.2017","69,020","68,380","69,100","66,800","211,56K","0,94%"
"07.11.2017","68,380","68,900","69,120","67,960","130,01K","-0,35%"
"06.11.2017","68,620","68,780","68,850","68,000","102,47K","-0,15%"
"03.11.2017","68,720","69,840","69,990","68,300","155,09K","-1,52%"
"02.11.2017","69,780","71,350","71,480","69,780","164,07K","-2,15%"
"01.11.2017","71,310","71,680","71,780","71,010","163,41K","0,28%"
"31.10.2017","71,110","69,890","71,180","69,720","169,01K","2,10%"
"30.10.2017","69,650","69,300","69,890","68,900","179,10K","1,98%"
"27.10.2017","68,300","68,000","68,610","67,620","126,72K","0,60%"
"26.10.2017","67,890","68,270","68,560","66,820","193,01K","-0,26%"
"25.10.2017","68,070","68,450","69,320","67,750","219,63K","1,66%"
"24.10.2017","66,960","67,050","67,970","66,670","70,97K","-0,27%"
"23.10.2017","67,140","67,870","67,880","66,970","124,04K","-0,74%"
"20.10.2017","67,640","68,670","68,810","67,640","120,89K","-1,31%"
"19.10.2017","68,540","69,530","69,720","68,260","113,70K","-1,34%"
"18.10.2017","69,470","69,750","69,890","68,790","102,51K","-0,10%"
"17.10.2017","69,540","68,320","70,070","68,080","122,15K","1,77%"
"16.10.2017","68,330","68,500","68,610","67,470","175,66K","-0,10%"
"13.10.2017","68,400","68,810","68,830","68,110","109,51K","0,32%"
"12.10.2017","68,180","68,960","69,100","67,840","100,54K","-0,93%"
"11.10.2017","68,820","68,300","69,090","68,000","163,12K","1,50%"
"10.10.2017","67,800","67,690","67,880","66,590","143,99K","-0,10%"
"09.10.2017","67,870","67,380","68,460","67,210","168,24K","1,30%"
"06.10.2017","67,000","68,270","68,320","66,990","218,63K","-1,87%"
"05.10.2017","68,280","65,510","68,470","65,510","221,06K","3,71%"
"04.10.2017","65,840","66,990","67,150","65,150","234,11K","-2,13%"
"03.10.2017","67,270","67,450","67,450","66,610","74,50K","-0,33%"
"02.10.2017","67,490","67,590","67,740","67,060","108,67K","-0,82%"
"29.09.2017","68,050","67,780","68,050","67,150","113,35K","0,49%"
"28.09.2017","67,720","68,320","68,500","67,370","105,57K","-0,67%"
"27.09.2017","68,180","68,140","68,450","67,910","126,62K","0,28%"
"26.09.2017","67,990","67,920","68,160","67,600","114,64K","-0,07%"
"25.09.2017","68,040","68,750","68,750","67,900","116,99K","-0,93%"
"22.09.2017","68,680","69,520","69,520","68,580","84,12K","-1,22%"
"21.09.2017","69,530","69,350","69,840","68,340","151,36K","0,40%"
"20.09.2017","69,250","70,490","70,850","69,150","147,36K","-1,68%"
"19.09.2017","70,430","69,750","70,650","69,690","119,56K","0,97%"
"18.09.2017","69,750","70,300","70,990","69,750","134,65K","-0,50%"
"15.09.2017","70,100","70,350","70,530","69,210","236,17K","-0,43%"
"14.09.2017","70,400","71,520","71,520","70,360","228,71K","-2,33%"
"13.09.2017","72,080","72,250","72,620","71,820","101,01K","-0,18%"
"12.09.2017","72,210","73,140","73,140","71,980","85,09K","-0,56%"
"11.09.2017","72,620","72,310","72,900","72,010","63,37K","1,40%"
"08.09.2017","71,620","72,440","72,490","71,190","81,51K","-1,59%"
"07.09.2017","72,780","72,470","72,910","72,350","79,24K","1,31%"
"06.09.2017","71,840","72,300","72,660","71,840","105,13K","-1,25%"
"05.09.2017","72,750","72,100","72,780","72,000","75,18K","0,93%"
"04.09.2017","72,080","71,830","72,200","71,240","71,13K","-0,17%"
"01.09.2017","72,200","71,940","72,840","71,940","83,87K","0,57%"
"31.08.2017","71,790","71,280","71,930","71,120","79,57K","1,28%"
"30.08.2017","70,880","70,880","71,110","70,410","79,87K","0,97%"
"29.08.2017","70,200","71,500","71,550","70,070","196,08K","-2,28%"
"28.08.2017","71,840","71,990","72,350","71,690","50,60K","-0,68%"
"25.08.2017","72,330","72,350","72,640","71,510","79,20K","0,14%"
"24.08.2017","72,230","72,930","72,930","72,150","77,86K","-0,34%"
"23.08.2017","72,480","73,480","73,700","72,380","76,83K","-1,31%"
"22.08.2017","73,440","73,860","73,940","73,120","91,51K","-0,07%"
"21.08.2017","73,490","72,660","73,510","72,350","134,60K","0,95%"
"18.08.2017","72,800","72,600","72,800","72,210","77,42K","-0,64%"
"17.08.2017","73,270","72,940","73,820","72,650","108,11K","0,56%"
"16.08.2017","72,860","73,140","73,240","72,630","83,15K","0,28%"
"15.08.2017","72,660","73,290","73,570","72,450","77,33K","-0,44%"
"14.08.2017","72,980","71,530","73,030","71,530","114,68K","2,11%"
"11.08.2017","71,470","71,560","72,040","71,020","126,73K","-0,71%"
"10.08.2017","71,980","72,800","73,250","71,650","143,14K","-1,13%"
"09.08.2017","72,800","73,050","73,070","72,310","107,60K","-0,71%"
"08.08.2017","73,320","73,350","73,640","72,950","121,14K","0,14%"
"07.08.2017","73,220","73,600","73,630","72,810","78,89K","-0,12%"
"04.08.2017","73,310","72,110","73,570","72,110","138,07K","1,41%"
"03.08.2017","72,290","72,110","72,450","71,470","118,49K","0,19%"
"02.08.2017","72,150","72,200","72,480","71,820","171,87K","-0,04%"
"01.08.2017","72,180","72,250","72,790","71,850","179,33K","-0,10%"
"31.07.2017","72,250","72,460","72,900","71,910","179,95K","-0,50%"
"28.07.2017","72,610","75,750","75,750","71,260","317,13K","-4,59%"
"27.07.2017","76,100","74,830","76,100","74,830","156,46K","1,36%"
"26.07.2017","75,080","75,680","75,930","74,820","169,96K","-0,79%"
"25.07.2017","75,680","75,910","76,780","75,480","100,90K","-0,30%"
"24.07.2017","75,910","77,200","77,250","75,360","134,88K","-1,56%"
"21.07.2017","77,110","78,430","78,670","76,530","143,05K","-2,09%"
"20.07.2017","78,760","79,000","79,300","78,320","150,31K","-0,23%"
"19.07.2017","78,940","77,870","78,940","77,600","159,06K","1,78%"
"18.07.2017","77,560","77,750","78,370","77,110","146,51K","-0,36%"
"17.07.2017","77,840","77,560","78,030","77,290","144,02K","0,59%"
"14.07.2017","77,380","77,050","77,540","76,640","118,03K","0,70%"
"13.07.2017","76,840","77,190","77,280","76,570","136,53K","-0,18%"
"12.07.2017","76,980","75,000","77,000","74,570","257,09K","3,25%"
"11.07.2017","74,560","75,550","76,240","74,530","162,82K","-1,06%"
"10.07.2017","75,360","75,540","75,850","74,900","133,81K","0,07%"
"07.07.2017","75,310","74,200","75,560","74,100","199,04K","1,88%"
"06.07.2017","73,920","75,800","75,800","73,400","274,11K","-2,31%"
"05.07.2017","75,670","75,390","76,590","75,150","188,54K","0,09%"
"04.07.2017","75,600","76,360","76,540","75,390","211,62K","-1,69%"
"03.07.2017","76,900","77,380","77,740","76,010","234,48K","-0,21%"
"30.06.2017","77,060","77,310","78,100","76,250","196,10K","-0,22%"
"29.06.2017","77,230","80,000","80,210","76,510","276,36K","-5,18%"
"28.06.2017","81,450","82,160","82,730","80,780","211,09K","-1,06%"
"27.06.2017","82,320","83,710","84,250","82,140","139,13K","-1,38%"
"26.06.2017","83,470","84,270","84,360","83,350","154,82K","-0,62%"
"23.06.2017","83,990","84,500","84,730","83,830","83,74K","-0,63%"
"22.06.2017","84,520","84,650","84,880","84,100","119,39K","-0,14%"
"21.06.2017","84,640","84,330","85,290","83,810","135,36K","0,25%"
"20.06.2017","84,430","84,910","84,980","84,280","105,79K","-0,12%"
"19.06.2017","84,530","84,400","84,800","84,060","112,46K","0,91%"
"16.06.2017","83,770","84,050","84,500","83,760","229,23K","-0,13%"
"15.06.2017","83,880","84,320","84,320","82,740","134,59K","-0,47%"
"14.06.2017","84,280","84,510","85,140","84,160","131,84K","0,36%"
"13.06.2017","83,980","84,320","84,740","83,790","133,20K","-0,26%"
"12.06.2017","84,200","85,290","85,390","83,750","133,76K","-1,25%"
"09.06.2017","85,270","85,430","85,800","84,750","143,23K","0,27%"
"08.06.2017","85,040","85,840","85,900","84,250","157,22K","-0,32%"
"07.06.2017","85,310","85,650","86,000","84,700","132,14K","-0,65%"
"06.06.2017","85,870","84,420","86,000","83,800","196,07K","1,54%"
"05.06.2017","84,570","83,700","84,630","83,620","88,19K","0,80%"
"02.06.2017","83,900","85,020","85,770","83,510","180,27K","-1,17%"
"01.06.2017","84,890","85,150","85,200","83,810","147,66K","-0,55%"
"31.05.2017","85,360","84,780","85,780","84,100","224,83K","0,73%"
"30.05.2017","84,740","83,240","84,740","82,850","196,10K","1,45%"
"29.05.2017","83,530","82,950","83,690","82,820","88,93K","0,16%"
"26.05.2017","83,400","83,390","83,400","82,500","121,11K","0,00%"
"25.05.2017","83,400","82,360","83,400","82,240","131,20K","1,51%"
"24.05.2017","82,160","82,400","82,590","81,730","142,38K","-0,35%"
"23.05.2017","82,450","81,270","82,470","81,100","133,72K","1,34%"
"22.05.2017","81,360","81,400","81,920","80,970","121,03K","-0,15%"
"19.05.2017","81,480","80,030","81,710","80,030","158,78K","1,71%"
"18.05.2017","80,110","79,880","80,160","78,900","181,58K","0,58%"
"17.05.2017","79,650","81,190","81,710","79,610","158,62K","-2,13%"
"16.05.2017","81,380","81,540","81,900","81,150","175,58K","0,06%"
"15.05.2017","81,330","81,350","81,700","81,020","199,33K","0,44%"
"12.05.2017","80,970","79,210","81,230","78,980","168,65K","2,88%"
"11.05.2017","78,700","80,080","80,300","78,650","169,23K","-1,72%"
"10.05.2017","80,080","80,200","80,390","79,460","156,37K","-0,47%"
"09.05.2017","80,460","79,770","80,630","79,510","167,93K","0,90%"
"08.05.2017","79,740","80,000","80,100","78,820","179,30K","0,16%"
"05.05.2017","79,610","79,090","79,880","78,780","192,72K","0,20%"
"04.05.2017","79,450","79,000","79,620","78,840","221,33K","0,79%"
"03.05.2017","78,830","77,550","78,890","76,780","314,34K","1,65%"
"02.05.2017","77,550","75,560","77,550","75,320","221,36K","2,39%"
"28.04.2017","75,740","74,200","75,800","74,110","185,64K","2,23%"
"27.04.2017","74,090","73,750","74,340","73,510","141,95K","0,12%"
"26.04.2017","74,000","74,590","74,590","73,770","112,83K","-0,67%"
"25.04.2017","74,500","74,600","74,600","74,000","127,58K","0,07%"
"24.04.2017","74,450","74,510","74,940","73,870","179,64K","2,29%"
"21.04.2017","72,780","72,850","73,260","72,150","138,27K","-0,05%"
"20.04.2017","72,820","73,540","73,890","72,640","171,88K","-1,10%"
"19.04.2017","73,630","72,870","73,630","72,350","169,21K","0,93%"
"18.04.2017","72,950","75,010","75,200","72,370","219,00K","-2,43%"
"13.04.2017","74,770","74,800","74,800","74,020","108,07K","0,21%"
"12.04.2017","74,610","75,280","75,280","74,610","184,29K","-0,36%"
"11.04.2017","74,880","74,740","75,230","74,420","164,32K","-0,09%"
"10.04.2017","74,950","75,310","75,430","74,950","105,00K","-0,43%"
"07.04.2017","75,270","75,270","75,400","75,020","166,29K","-0,01%"
"06.04.2017","75,280","75,000","75,500","74,680","247,73K","-0,20%"
"05.04.2017","75,430","75,230","75,450","74,920","200,66K","0,57%"
"04.04.2017","75,000","75,000","75,160","74,680","173,22K","0,09%"
"03.04.2017","74,930","75,480","75,900","74,930","199,77K","-0,27%"
"31.03.2017","75,130","74,500","75,230","74,460","154,60K","-0,03%"
"30.03.2017","75,150","74,350","75,150","74,300","133,85K","0,40%"
"29.03.2017","74,850","75,290","75,490","74,550","162,99K","-0,33%"
"28.03.2017","75,100","74,000","75,490","73,940","309,66K","1,76%"
"27.03.2017","73,800","74,000","74,000","73,200","166,34K","-0,09%"
"24.03.2017","73,870","73,500","73,910","73,500","224,53K","0,18%"
"23.03.2017","73,740","73,500","73,780","72,870","136,56K","0,42%"
"22.03.2017","73,430","73,050","73,430","72,460","156,38K","0,56%"
"21.03.2017","73,020","73,250","73,790","72,850","174,48K","-0,12%"
"20.03.2017","73,110","73,200","73,310","72,550","155,33K","0,11%"
"17.03.2017","73,030","72,690","73,030","72,020","241,65K","0,65%"
"16.03.2017","72,560","72,640","72,730","72,280","176,53K","0,72%"
"15.03.2017","72,040","72,200","72,250","71,690","146,83K","0,21%"
"14.03.2017","71,890","72,300","72,520","71,840","146,91K","-0,84%"
"13.03.2017","72,500","72,990","73,000","72,260","109,91K","-0,15%"
"10.03.2017","72,610","73,350","73,790","72,450","157,70K","-0,60%"
"09.03.2017","73,050","73,070","73,430","72,790","188,35K","0,08%"
"08.03.2017","72,990","74,430","74,450","72,860","197,44K","-1,36%"
"07.03.2017","74,000","74,850","74,880","73,950","145,81K","-0,82%"
"06.03.2017","74,610","75,000","75,000","74,200","160,14K","-0,12%"
"03.03.2017","74,700","75,210","75,360","74,280","237,95K","-0,68%"
"02.03.2017","75,210","72,500","75,550","72,450","402,44K","5,91%"
"01.03.2017","71,010","71,300","71,790","70,520","266,31K","0,48%"
"28.02.2017","70,670","70,130","71,110","69,990","169,78K","1,10%"
"27.02.2017","69,900","70,990","70,990","69,510","228,11K","-1,24%"
"24.02.2017","70,780","72,500","72,570","70,510","223,42K","-2,64%"
"23.02.2017","72,700","73,410","73,850","72,640","163,50K","-0,62%"
"22.02.2017","73,150","73,550","73,670","72,940","98,97K","0,10%"
"21.02.2017","73,080","73,450","73,650","73,070","108,96K","-0,50%"
"20.02.2017","73,450","73,530","73,740","73,100","85,04K","0,56%"
"17.02.2017","73,040","73,180","73,460","72,570","116,28K","0,00%"
"16.02.2017","73,040","73,300","73,330","72,740","116,35K","-0,35%"
"15.02.2017","73,300","73,600","73,670","73,000","104,28K","0,30%"
"14.02.2017","73,080","73,980","74,210","73,080","104,83K","-0,77%"
"13.02.2017","73,650","73,520","73,970","73,000","90,36K","0,75%"
"10.02.2017","73,100","73,550","73,730","72,780","118,24K","-0,16%"
"09.02.2017","73,220","73,350","73,500","72,720","117,59K","0,27%"
"08.02.2017","73,020","72,520","73,550","72,110","130,98K","0,65%"
"07.02.2017","72,550","72,500","73,020","72,040","93,89K","0,07%"
"06.02.2017","72,500","73,040","73,350","72,400","105,72K","-0,74%"
"03.02.2017","73,040","72,770","73,570","72,770","102,09K","-0,25%"
"02.02.2017","73,220","72,250","73,250","71,930","150,79K","1,51%"
"01.02.2017","72,130","72,050","73,190","71,850","134,22K","0,63%"
"31.01.2017","71,680","71,800","72,500","71,600","114,46K","-0,54%"
"30.01.2017","72,070","72,600","72,770","71,770","104,36K","-0,69%"
"27.01.2017","72,570","73,640","73,810","72,570","133,94K","-1,21%"
"26.01.2017","73,460","73,800","74,170","73,180","132,29K","-0,12%"
"25.01.2017","73,550","73,590","73,730","72,690","145,40K","0,62%"
"24.01.2017","73,100","72,550","73,320","72,280","118,40K","0,58%"
"23.01.2017","72,680","73,120","73,220","72,460","119,82K","-0,48%"
"20.01.2017","73,030","74,500","74,630","72,950","164,89K","-1,71%"
"19.01.2017","74,300","73,950","74,520","72,760","270,01K","0,70%"
"18.01.2017","73,780","74,300","74,650","73,520","212,80K","-0,42%"
"17.01.2017","74,090","72,950","74,090","72,780","212,90K","2,26%"
"16.01.2017","72,450","71,940","72,830","71,700","115,84K","0,75%"
"13.01.2017","71,910","71,440","71,970","71,180","97,38K","0,66%"
"12.01.2017","71,440","70,840","71,610","70,640","126,27K","0,98%"
"11.01.2017","70,750","70,600","70,930","70,170","131,46K","0,11%"
"10.01.2017","70,670","71,080","71,190","70,150","110,65K","-0,74%"
"09.01.2017","71,200","70,450","71,330","69,980","101,04K","1,64%"
"06.01.2017","70,050","69,950","70,480","69,840","75,16K","0,07%"
"05.01.2017","70,000","69,960","70,620","69,770","90,05K","-0,28%"
"04.01.2017","70,200","70,460","71,250","70,090","88,96K","-0,48%"
"03.01.2017","70,540","70,950","71,430","70,140","135,85K","-0,25%"
"02.01.2017","70,720","69,960","70,960","69,920","67,41K","1,13%"
"30.12.2016","69,930","69,600","70,200","69,480","109,73K","0,36%"
"29.12.2016","69,680","69,600","69,800","69,030","90,88K","-0,07%"
"28.12.2016","69,730","69,560","70,050","69,550","85,89K","-0,01%"
"27.12.2016","69,740","69,260","69,980","69,260","69,91K","0,40%"
"23.12.2016","69,460","69,170","69,630","69,000","63,53K","0,39%"
"22.12.2016","69,190","68,780","69,440","68,780","96,56K","0,14%"
"21.12.2016","69,090","69,450","69,920","68,730","116,29K","-0,83%"
"20.12.2016","69,670","69,930","70,200","69,340","149,19K","-0,39%"
"19.12.2016","69,940","69,300","70,360","69,190","209,87K","0,92%"
"16.12.2016","69,300","67,000","69,300","67,000","309,92K","2,73%"
"15.12.2016","67,460","67,400","67,930","66,580","207,99K","-0,22%"
"14.12.2016","67,610","68,100","68,250","67,400","130,13K","-0,82%"
"13.12.2016","68,170","65,600","68,290","65,500","337,73K","5,53%"
"12.12.2016","64,600","64,600","64,950","64,200","97,62K","0,22%"
"09.12.2016","64,460","63,360","64,460","63,360","107,52K","1,54%"
"08.12.2016","63,480","64,220","64,440","63,350","145,42K","-0,38%"
"07.12.2016","63,720","63,800","64,400","63,450","114,45K","-0,31%"
"06.12.2016","63,920","63,070","64,320","62,670","154,93K","1,73%"
"05.12.2016","62,830","63,130","64,100","62,700","99,64K","-1,18%"
"02.12.2016","63,580","63,100","63,890","63,000","146,14K","0,24%"
"01.12.2016","63,430","63,900","64,080","63,180","106,39K","-0,94%"
"30.11.2016","64,030","64,150","64,880","64,030","120,96K","-0,17%"
"29.11.2016","64,140","64,810","64,910","63,890","162,72K","-1,03%"
"28.11.2016","64,810","64,380","65,350","64,050","97,41K","0,79%"
"25.11.2016","64,300","64,400","64,400","63,890","81,05K","0,56%"
"24.11.2016","63,940","63,930","64,120","63,280","105,03K","0,76%"
"23.11.2016","63,460","63,700","64,540","63,290","112,82K","-0,45%"
"22.11.2016","63,750","64,300","64,620","63,640","139,30K","-0,25%"
"21.11.2016","63,910","64,140","64,150","63,350","152,09K","0,53%"
"18.11.2016","63,570","64,520","64,520","63,090","152,48K","-0,83%"
"17.11.2016","64,100","63,950","64,760","63,880","136,93K","0,36%"
"16.11.2016","63,870","64,750","65,300","63,690","162,44K","-1,28%"
"15.11.2016","64,700","64,330","65,220","64,330","137,90K","0,79%"
"14.11.2016","64,190","65,420","65,880","63,930","168,75K","-1,23%"
"11.11.2016","64,990","65,850","66,520","64,870","162,65K","-0,69%"
"10.11.2016","65,440","67,910","67,960","64,850","299,99K","-2,69%"
"09.11.2016","67,250","66,560","67,900","66,000","223,72K","-1,34%"
"08.11.2016","68,160","68,040","68,160","67,380","160,17K","0,66%"
"07.11.2016","67,710","68,000","68,640","67,390","146,71K","0,58%"
"04.11.2016","67,320","70,000","70,000","66,840","208,09K","-2,45%"
"03.11.2016","69,010","67,700","69,530","67,600","191,29K","1,49%"
"02.11.2016","68,000","68,750","68,920","67,900","138,90K","-1,66%"
"01.11.2016","69,150","69,580","69,920","69,070","109,57K","-0,27%"
"31.10.2016","69,340","69,500","69,720","69,000","120,62K","-0,32%"
"28.10.2016","69,560","69,520","70,230","69,040","143,27K","-0,66%"
"27.10.2016","70,020","70,250","70,520","69,770","118,47K","-0,10%"
"26.10.2016","70,090","69,510","70,340","69,160","101,73K","0,85%"
"25.10.2016","69,500","70,210","70,730","69,300","120,86K","-1,29%"
"24.10.2016","70,410","70,590","71,150","70,300","92,21K","0,34%"
"21.10.2016","70,170","70,110","70,400","69,680","100,80K","0,29%"
"20.10.2016","69,970","70,020","70,300","69,680","123,35K","0,13%"
"19.10.2016","69,880","69,830","70,280","69,320","147,59K","0,56%"
"18.10.2016","69,490","68,790","69,670","68,720","181,23K","1,02%"
"17.10.2016","68,790","68,670","69,380","68,450","143,49K","-0,23%"
"14.10.2016","68,950","67,680","69,000","67,680","160,97K","2,60%"
"13.10.2016","67,200","67,500","67,500","66,730","154,79K","-0,71%"
"12.10.2016","67,680","68,000","68,200","67,450","172,59K","0,15%"
"11.10.2016","67,580","68,220","68,700","67,480","142,57K","-0,71%"
"10.10.2016","68,060","67,010","68,320","66,660","153,89K","1,61%"
"07.10.2016","66,980","67,140","67,140","66,700","120,71K","-0,33%"
"06.10.2016","67,200","67,610","67,610","66,740","119,04K","0,18%"
"05.10.2016","67,080","66,750","67,420","66,540","101,37K","-0,24%"
"04.10.2016","67,240","67,100","67,710","66,890","117,12K","0,36%"
"03.10.2016","67,000","67,100","67,450","66,820","115,16K","-0,40%"
"30.09.2016","67,270","66,150","67,390","65,270","121,08K","0,64%"
"29.09.2016","66,840","66,850","67,700","66,560","121,95K","0,95%"
"28.09.2016","66,210","66,080","66,640","65,630","144,39K","0,38%"
"27.09.2016","65,960","66,690","66,890","65,500","114,05K","-0,65%"
"26.09.2016","66,390","66,010","66,510","65,430","96,59K","-0,14%"
"23.09.2016","66,480","66,820","66,820","65,850","85,51K","-0,26%"
"22.09.2016","66,650","65,640","66,940","65,640","104,66K","1,88%"
"21.09.2016","65,420","65,830","66,000","65,330","84,60K","0,02%"
"20.09.2016","65,410","65,190","65,690","64,750","88,57K","0,48%"
"19.09.2016","65,100","65,110","65,470","64,650","99,80K","1,26%"
"16.09.2016","64,290","65,310","65,620","64,100","242,83K","-1,98%"
"15.09.2016","65,590","65,810","66,450","65,400","127,53K","0,09%"
"14.09.2016","65,530","65,850","66,040","65,200","101,89K","0,29%"
"13.09.2016","65,340","67,020","67,270","65,270","115,37K","-1,67%"
"12.09.2016","66,450","66,860","66,860","65,730","128,62K","-1,64%"
"09.09.2016","67,560","68,250","68,530","67,330","104,98K","-1,17%"
"08.09.2016","68,360","68,250","68,680","67,800","183,76K","0,38%"
"07.09.2016","68,100","67,120","68,130","67,120","141,04K","1,49%"
"06.09.2016","67,100","67,470","67,470","66,820","125,14K","-0,09%"
"05.09.2016","67,160","66,740","67,330","66,540","152,39K","0,96%"
"02.09.2016","66,520","64,810","66,520","64,640","245,42K","3,34%"
"01.09.2016","64,370","63,770","64,760","63,770","125,78K","0,77%"
"31.08.2016","63,880","63,550","64,370","63,500","116,13K","0,13%"
"30.08.2016","63,800","63,840","64,290","63,560","96,77K","0,33%"
"29.08.2016","63,590","64,250","64,520","63,360","57,24K","-1,43%"
"26.08.2016","64,510","63,930","64,560","63,770","124,45K","0,80%"
"25.08.2016","64,000","63,660","64,010","63,440","108,12K","-0,11%"
"24.08.2016","64,070","62,800","64,110","62,780","139,57K","1,23%"
"23.08.2016","63,290","63,200","63,920","63,200","112,65K","0,35%"
"22.08.2016","63,070","62,780","63,350","62,300","125,56K","0,43%"
"19.08.2016","62,800","63,600","63,820","62,580","133,40K","-1,24%"
"18.08.2016","63,590","63,720","64,000","63,400","153,34K","-0,03%"
"17.08.2016","63,610","65,590","65,590","63,290","104,95K","-2,62%"
"16.08.2016","65,320","65,410","65,640","65,100","106,67K","-1,18%"
"15.08.2016","66,100","65,830","66,460","65,480","115,24K","0,12%"
"12.08.2016","66,020","65,520","66,200","65,400","133,94K","0,93%"
"11.08.2016","65,410","65,300","65,410","64,780","91,37K","0,74%"
"10.08.2016","64,930","65,330","65,630","64,790","84,08K","-0,72%"
"09.08.2016","65,400","64,530","65,490","64,500","93,15K","0,93%"
"08.08.2016","64,800","64,900","65,050","64,510","100,48K","0,31%"
"05.08.2016","64,600","63,660","64,840","63,660","117,05K","1,33%"
"04.08.2016","63,750","63,000","63,880","63,000","156,14K","1,37%"
"03.08.2016","62,890","63,430","63,850","62,340","185,97K","-0,27%"
"02.08.2016","63,060","64,130","64,310","62,870","170,43K","-1,61%"
"01.08.2016","64,090","66,070","66,240","63,840","244,07K","-3,00%"
"29.07.2016","66,070","67,450","67,490","65,120","302,90K","-2,02%"
"28.07.2016","67,430","68,400","68,900","67,430","115,69K","-2,22%"
"27.07.2016","68,960","68,890","69,440","68,670","150,71K","0,60%"
"26.07.2016","68,550","68,310","68,690","67,660","108,88K","0,15%"
"25.07.2016","68,450","67,610","68,960","67,520","200,51K","2,38%"
"22.07.2016","66,860","66,180","67,020","66,000","159,40K","1,21%"
"21.07.2016","66,060","66,540","66,540","65,580","131,00K","-0,32%"
"20.07.2016","66,270","66,790","66,790","66,000","117,45K","-0,23%"
"19.07.2016","66,420","67,190","67,190","66,150","100,95K","-0,95%"
"18.07.2016","67,060","66,980","67,400","66,570","69,91K","0,55%"
"15.07.2016","66,690","66,570","67,180","66,340","91,85K","-0,54%"
"14.07.2016","67,050","67,150","67,230","66,430","118,62K","0,59%"
"13.07.2016","66,660","66,540","67,040","66,060","153,38K","-0,10%"
"12.07.2016","66,730","67,060","67,200","66,720","186,09K","-0,04%"
"11.07.2016","66,760","66,450","67,100","66,140","111,90K","1,46%"
"08.07.2016","65,800","65,010","66,380","65,010","132,75K","0,84%"
"07.07.2016","65,250","64,730","66,040","64,560","190,35K","1,67%"
"06.07.2016","64,180","64,810","65,000","64,000","133,78K","-1,53%"
"05.07.2016","65,180","66,000","66,000","64,520","115,64K","-1,70%"
"04.07.2016","66,310","66,000","66,400","65,400","121,00K","0,94%"
"01.07.2016","65,690","65,460","65,920","64,650","138,87K","0,71%"
"30.06.2016","65,230","64,500","65,230","64,120","171,83K","1,21%"
"29.06.2016","64,450","63,510","64,670","62,940","173,41K","3,32%"
"28.06.2016","62,380","62,500","62,900","60,710","240,58K","-1,05%"
"27.06.2016","63,040","65,750","66,050","63,000","267,09K","-0,36%"
"24.06.2016","63,270","61,960","64,630","61,050","334,54K","-6,83%"
"23.06.2016","67,910","68,700","69,410","67,160","221,49K","0,82%"
"22.06.2016","67,360","68,120","68,160","67,100","139,92K","-0,28%"
"21.06.2016","67,550","67,100","68,160","67,100","203,24K","0,54%"
"20.06.2016","67,190","65,810","67,490","65,780","198,78K","3,69%"
"17.06.2016","64,800","63,700","64,850","63,700","170,61K","2,06%"
"16.06.2016","63,490","63,810","64,070","63,200","131,15K","-1,46%"
"15.06.2016","64,430","64,230","65,240","63,700","182,46K","0,67%"
"14.06.2016","64,000","65,130","65,130","63,710","157,52K","-2,14%"
"13.06.2016","65,400","66,000","66,340","65,130","171,19K","-1,73%"
"10.06.2016","66,550","69,590","69,820","66,450","195,49K","-4,52%"
"09.06.2016","69,700","69,690","70,050","69,240","220,14K","0,23%"
"08.06.2016","69,540","69,250","69,680","68,990","140,46K","0,40%"
"07.06.2016","69,260","69,040","69,760","68,810","138,50K","0,61%"
"06.06.2016","68,840","67,730","69,020","67,730","122,41K","1,06%"
"03.06.2016","68,120","68,190","68,940","67,880","160,61K","-0,21%"
"02.06.2016","68,260","67,890","68,530","67,730","163,05K","0,47%"
"01.06.2016","67,940","68,370","68,440","67,250","122,17K","-0,63%"
"31.05.2016","68,370","68,000","68,710","67,780","176,34K","0,66%"
"30.05.2016","67,920","67,950","67,960","67,170","127,39K","0,22%"
"27.05.2016","67,770","67,250","67,770","67,250","134,88K","0,47%"
"26.05.2016","67,450","67,220","67,710","66,800","148,73K","-0,21%"
"25.05.2016","67,590","67,690","67,940","67,300","156,67K","0,52%"
"24.05.2016","67,240","66,410","67,320","66,000","174,41K","1,30%"
"23.05.2016","66,380","66,050","66,410","65,610","153,40K","0,50%"
"20.05.2016","66,050","66,260","66,880","66,000","100,24K","0,08%"
"19.05.2016","66,000","66,170","66,500","65,840","158,08K","-0,89%"
"18.05.2016","66,590","66,660","67,120","65,760","181,59K","-0,36%"
"17.05.2016","66,830","68,000","68,000","66,500","143,99K","-0,70%"
"16.05.2016","67,300","69,130","69,130","66,940","160,16K","-3,28%"
"13.05.2016","69,580","69,450","69,980","68,780","188,56K","-0,46%"
"12.05.2016","69,900","69,510","71,170","69,510","166,07K","0,89%"
"11.05.2016","69,280","70,400","70,470","69,230","158,29K","-1,56%"
"10.05.2016","70,380","70,740","70,820","70,060","104,40K","0,56%"
"09.05.2016","69,990","70,200","70,970","69,640","149,36K","0,52%"
"06.05.2016","69,630","69,620","70,650","69,150","154,14K","-0,03%"
"05.05.2016","69,650","70,660","71,150","69,350","136,59K","-1,08%"
"04.05.2016","70,410","70,190","70,860","69,730","221,85K","0,37%"
"03.05.2016","70,150","70,940","71,050","69,640","277,13K","-1,10%"
"02.05.2016","70,930","70,310","71,120","70,000","125,65K","1,42%"
"29.04.2016","69,940","69,400","70,210","69,250","242,25K","-0,36%"
"28.04.2016","70,190","69,360","70,220","68,500","143,82K","1,02%"
"27.04.2016","69,480","68,830","69,650","68,520","117,42K","1,33%"
"26.04.2016","68,570","67,960","69,310","67,960","154,55K","1,08%"
"25.04.2016","67,840","68,070","68,420","67,640","179,89K","-0,07%"
"22.04.2016","67,890","68,180","68,180","67,330","189,11K","-0,41%"
"21.04.2016","68,170","67,720","68,420","67,540","166,30K","0,69%"
"20.04.2016","67,700","67,270","68,010","67,100","183,75K","0,49%"
"19.04.2016","67,370","68,280","68,460","67,280","130,45K","-0,91%"
"18.04.2016","67,990","66,600","68,060","66,370","124,78K","0,97%"
"15.04.2016","67,340","68,670","68,840","67,240","204,43K","-1,71%"
"14.04.2016","68,510","68,800","68,990","68,390","178,82K","-0,29%"
"13.04.2016","68,710","69,490","69,500","68,510","163,49K","-0,10%"
"12.04.2016","68,780","69,090","69,340","68,120","121,15K","-0,19%"
"11.04.2016","68,910","68,350","69,370","67,720","155,49K","0,97%"
"08.04.2016","68,250","66,900","68,430","66,880","172,39K","2,22%"
"07.04.2016","66,770","66,510","67,560","66,000","210,20K","1,89%"
"06.04.2016","65,530","65,520","65,790","64,820","155,55K","0,09%"
"05.04.2016","65,470","66,300","66,320","65,450","101,38K","-2,31%"
"04.04.2016","67,020","66,820","67,910","66,390","158,88K","0,51%"
"01.04.2016","66,680","66,910","66,940","66,190","174,25K","-1,91%"
"31.03.2016","67,980","68,410","68,900","67,740","160,90K","-1,12%"
"30.03.2016","68,750","67,620","68,960","67,620","169,93K","2,06%"
"29.03.2016","67,360","68,010","68,480","67,000","148,79K","-0,72%"
"24.03.2016","67,850","67,900","68,240","67,590","142,56K","-0,60%"
"23.03.2016","68,260","68,340","68,820","68,160","182,65K","-0,20%"
"22.03.2016","68,400","68,500","69,220","67,660","199,25K","-0,39%"
"21.03.2016","68,670","68,510","69,470","68,270","182,52K","-0,38%"
"18.03.2016","68,930","68,440","69,000","67,540","255,05K","1,37%"
"17.03.2016","68,000","68,320","68,420","65,960","248,35K","0,35%"
"16.03.2016","67,760","68,840","68,980","67,500","183,67K","-1,09%"
"15.03.2016","68,510","69,540","69,790","68,400","182,08K","-1,52%"
"14.03.2016","69,570","69,710","70,000","69,130","277,15K","0,20%"
"11.03.2016","69,430","69,830","70,110","69,210","254,27K","0,80%"
"10.03.2016","68,880","69,350","70,800","68,880","297,10K","-0,68%"
"09.03.2016","69,350","69,890","69,890","69,070","203,52K","-0,69%"
"08.03.2016","69,830","70,040","70,640","69,530","241,88K","-0,95%"
"07.03.2016","70,500","70,380","70,680","69,820","154,38K","-0,01%"
"04.03.2016","70,510","71,680","72,020","70,160","209,67K","-1,63%"
"03.03.2016","71,680","70,680","72,080","70,300","236,60K","1,47%"
"02.03.2016","70,640","70,200","70,910","69,850","195,94K","0,67%"
"01.03.2016","70,170","72,560","72,560","69,800","266,18K","-0,28%"
"29.02.2016","70,370","69,000","70,370","68,490","246,64K","2,94%"
"26.02.2016","68,360","69,250","69,820","68,290","223,70K","-0,04%"
"25.02.2016","68,390","68,180","69,240","67,970","172,84K","1,71%"
"24.02.2016","67,240","68,130","68,130","66,720","214,66K","-1,10%"
"23.02.2016","67,990","68,760","69,540","67,760","209,16K","-2,16%"
"22.02.2016","69,490","68,310","69,540","68,310","201,56K","2,49%"
"19.02.2016","67,800","67,570","68,230","66,580","205,04K","-0,69%"
"18.02.2016","68,270","67,740","69,220","67,570","181,92K","0,92%"
"17.02.2016","67,650","66,450","67,680","66,450","239,09K","1,41%"
"16.02.2016","66,710","66,260","66,960","65,590","294,40K","0,97%"
"15.02.2016","66,070","65,010","66,170","65,000","204,58K","3,51%"
"12.02.2016","63,830","62,670","64,380","62,190","277,79K","2,97%"
"11.02.2016","61,990","63,450","63,450","61,850","295,49K","-3,47%"
"10.02.2016","64,220","62,790","64,990","62,610","359,09K","3,21%"
"09.02.2016","62,220","64,450","65,100","62,070","471,61K","-3,86%"
"08.02.2016","64,720","68,150","68,240","64,450","358,59K","-4,51%"
"05.02.2016","67,780","68,550","68,950","67,740","293,58K","-1,05%"
"04.02.2016","68,500","69,800","70,410","68,270","189,96K","-1,18%"
"03.02.2016","69,320","70,240","70,500","68,190","240,28K","-1,35%"
"02.02.2016","70,270","70,930","71,290","69,210","271,87K","-0,97%"
"01.02.2016","70,960","70,660","71,730","70,480","262,02K","0,64%"
"29.01.2016","70,510","70,000","71,000","69,530","366,90K","-0,24%"
"28.01.2016","70,680","70,780","72,080","69,800","233,35K","-0,20%"
"27.01.2016","70,820","70,130","71,410","69,660","216,75K","0,91%"
"26.01.2016","70,180","67,590","70,440","67,470","189,85K","2,21%"
"25.01.2016","68,660","70,850","71,000","68,540","245,21K","-2,54%"
"22.01.2016","70,450","68,820","71,270","68,140","310,94K","4,03%"
"21.01.2016","67,720","69,580","69,740","66,280","358,05K","-2,73%"
"20.01.2016","69,620","69,820","70,440","68,860","293,64K","-1,85%"
"19.01.2016","70,930","72,960","72,960","70,450","352,66K","-1,07%"
"18.01.2016","71,700","72,380","73,280","71,480","197,80K","-1,25%"
"15.01.2016","72,610","74,800","75,280","72,130","269,91K","-2,91%"
"14.01.2016","74,790","75,000","75,130","74,000","219,25K","-0,80%"
"13.01.2016","75,390","75,810","76,460","75,000","319,47K","0,28%"
"12.01.2016","75,180","75,000","76,280","74,000","229,51K","0,24%"
"11.01.2016","75,000","74,930","75,990","74,200","182,68K","-0,53%"
"08.01.2016","75,400","75,460","76,980","75,010","253,90K","-0,07%"
"07.01.2016","75,450","76,460","76,570","74,780","284,04K","-3,68%"
"06.01.2016","78,330","78,680","78,810","77,360","153,64K","-0,27%"
"05.01.2016","78,540","78,870","79,430","77,640","155,97K","0,46%"
"04.01.2016","78,180","79,080","79,780","77,230","184,64K","-1,14%"
"31.12.2015","79,080","78,780","79,860","78,730","53,46K","-1,38%"
"30.12.2015","80,190","79,370","80,450","79,150","116,68K","0,84%"
"29.12.2015","79,520","79,250","79,850","78,880","168,05K","0,79%"
"28.12.2015","78,900","78,550","79,750","78,360","133,35K","0,64%"
"24.12.2015","78,400","78,450","79,420","78,350","67,74K","-0,23%"
"23.12.2015","78,580","76,080","78,780","76,080","198,90K","4,09%"
"22.12.2015","75,490","75,660","75,890","74,840","201,76K","0,67%"
"21.12.2015","74,990","76,400","76,960","74,810","271,71K","-2,88%"
"18.12.2015","77,210","78,160","78,700","76,620","168,35K","-1,69%"
"17.12.2015","78,540","78,580","79,430","78,340","203,82K","1,49%"
"16.12.2015","77,390","77,730","78,050","76,620","163,89K","-0,51%"
"15.12.2015","77,790","75,720","77,800","75,530","185,78K","3,84%"
"14.12.2015","74,910","75,840","76,730","74,780","186,11K","-0,79%"
"11.12.2015","75,510","76,040","76,090","74,120","795,30K","-0,85%"
"10.12.2015","76,160","77,700","78,480","75,500","351,13K","-3,19%"
"09.12.2015","78,670","78,890","79,100","78,030","290,21K","-0,24%"
"08.12.2015","78,860","79,250","79,310","78,630","264,90K","-0,39%"
"07.12.2015","79,170","80,000","80,000","79,000","173,69K","-0,65%"
"04.12.2015","79,690","78,510","79,850","78,510","228,12K","0,80%"
"03.12.2015","79,060","79,040","80,000","78,330","258,19K","0,00%"
"02.12.2015","79,060","79,500","79,640","78,920","155,27K","-0,18%"
"01.12.2015","79,200","79,010","79,440","78,690","192,57K","0,52%"
"30.11.2015","78,790","78,760","79,450","78,250","162,19K","0,40%"
"27.11.2015","78,480","78,270","78,750","78,150","167,35K","0,13%"
"26.11.2015","78,380","77,550","78,580","77,370","215,58K","1,08%"
"25.11.2015","77,540","77,000","77,600","76,490","125,72K","0,62%"
"24.11.2015","77,060","77,350","77,460","75,820","275,69K","-1,01%"
"23.11.2015","77,850","77,400","78,070","76,970","137,96K","0,13%"
"20.11.2015","77,750","78,360","78,430","77,430","196,82K","-0,51%"
"19.11.2015","78,150","77,850","78,260","77,780","247,56K","0,83%"
"18.11.2015","77,510","76,750","77,860","76,750","184,58K","0,40%"
"17.11.2015","77,200","77,920","78,010","76,940","207,33K","0,00%"
"16.11.2015","77,200","75,040","77,270","75,040","149,96K","1,86%"
"13.11.2015","75,790","75,750","76,460","75,430","258,73K","-0,25%"
"12.11.2015","75,980","76,610","76,800","75,430","128,13K","-0,94%"
"11.11.2015","76,700","76,010","77,190","75,860","442,29K","1,35%"
"10.11.2015","75,680","75,750","75,750","74,630","141,40K","0,23%"
"09.11.2015","75,510","76,600","76,880","75,510","121,47K","-1,81%"
"06.11.2015","76,900","76,780","77,530","76,320","151,72K","0,26%"
"05.11.2015","76,700","76,820","77,590","75,520","212,13K","-0,21%"
"04.11.2015","76,860","77,510","78,160","76,750","172,90K","-0,40%"
"03.11.2015","77,170","78,100","78,490","76,670","202,94K","-1,01%"
"02.11.2015","77,960","76,070","78,410","75,930","187,18K","1,90%"
"30.10.2015","76,510","75,700","76,600","74,540","213,55K","2,45%"
"29.10.2015","74,680","76,000","76,000","74,270","166,15K","-1,05%"
"28.10.2015","75,470","74,700","75,730","73,920","195,20K","1,34%"
"27.10.2015","74,470","75,250","75,670","74,160","194,55K","-0,93%"
"26.10.2015","75,170","75,440","75,680","74,940","184,49K","-0,74%"
"23.10.2015","75,730","74,750","75,990","74,590","271,99K","1,56%"
"22.10.2015","74,570","73,600","74,920","72,760","185,24K","0,95%"
"21.10.2015","73,870","73,640","74,130","72,660","178,61K","0,71%"
"20.10.2015","73,350","72,390","73,670","72,150","170,71K","1,14%"
"19.10.2015","72,520","73,360","73,770","72,520","174,22K","-1,08%"
"16.10.2015","73,310","71,860","73,340","71,800","242,27K","2,68%"
"15.10.2015","71,400","71,500","71,590","70,880","138,70K","0,73%"
"14.10.2015","70,880","70,390","71,640","69,920","161,65K","-0,03%"
"13.10.2015","70,900","70,600","71,280","69,450","169,92K","0,50%"
"12.10.2015","70,550","72,150","72,320","69,900","183,19K","-1,85%"
"09.10.2015","71,880","71,610","72,620","71,410","200,39K","1,96%"
"08.10.2015","70,500","70,700","70,940","69,760","194,88K","-0,30%"
"07.10.2015","70,710","71,200","72,640","70,430","310,08K","1,78%"
"06.10.2015","69,470","69,910","70,000","68,460","255,55K","0,29%"
"05.10.2015","69,270","67,950","69,460","66,500","389,76K","9,57%"
"02.10.2015","63,220","63,410","63,930","62,200","185,59K","0,68%"
"01.10.2015","62,790","63,980","64,100","62,610","162,16K","-0,81%"
"30.09.2015","63,300","64,100","64,100","62,890","161,83K","0,73%"
"29.09.2015","62,840","61,260","63,560","61,090","234,20K","1,34%"
"28.09.2015","62,010","63,330","63,630","61,780","242,42K","-2,45%"
"25.09.2015","63,570","63,330","63,960","63,120","158,24K","1,92%"
"24.09.2015","62,370","64,000","64,170","61,900","132,88K","-2,85%"
"23.09.2015","64,200","64,360","65,000","63,500","194,52K","-0,50%"
"22.09.2015","64,520","66,980","66,980","64,110","211,97K","-3,77%"
"21.09.2015","67,050","66,600","67,460","66,200","193,51K","0,27%"
"18.09.2015","66,870","67,750","67,880","66,230","198,22K","-1,86%"
"17.09.2015","68,140","68,180","68,440","67,450","222,39K","0,31%"
"16.09.2015","67,930","67,970","68,500","66,940","300,54K","4,20%"
"15.09.2015","65,190","65,000","65,690","63,890","206,81K","0,29%"
"14.09.2015","65,000","65,040","65,480","64,690","162,16K","0,14%"
"11.09.2015","64,910","65,020","65,080","64,290","176,10K","0,31%"
"10.09.2015","64,710","64,360","65,560","64,230","176,12K","-0,75%"
"09.09.2015","65,200","65,790","65,790","65,030","197,63K","1,05%"
"08.09.2015","64,520","64,320","65,470","64,260","115,79K","0,94%"
"07.09.2015","63,920","65,170","65,330","63,810","108,09K","-1,08%"
"04.09.2015","64,620","65,600","65,600","64,130","189,74K","-2,28%"
"03.09.2015","66,130","65,170","66,680","64,320","205,70K","2,13%"
"02.09.2015","64,750","65,150","65,590","64,350","212,87K","-0,61%"
"01.09.2015","65,150","65,420","65,720","64,300","171,90K","-1,90%"
"31.08.2015","66,410","67,290","67,500","66,140","151,65K","-1,98%"
"28.08.2015","67,750","67,160","67,750","66,180","231,17K","0,77%"
"27.08.2015","67,230","66,730","67,530","66,730","154,93K","2,64%"
"26.08.2015","65,500","64,740","66,420","64,000","206,22K","-0,37%"
"25.08.2015","65,740","64,280","66,120","63,230","353,08K","3,63%"
"24.08.2015","63,440","65,320","66,020","62,190","339,72K","-5,97%"
"21.08.2015","67,470","68,050","68,700","66,840","207,23K","-2,40%"
"20.08.2015","69,130","70,820","70,980","68,970","175,54K","-2,76%"
"19.08.2015","71,090","70,870","71,810","70,590","133,24K","-0,56%"
"18.08.2015","71,490","71,340","71,840","70,630","127,17K","0,17%"
"17.08.2015","71,370","71,820","71,880","70,600","135,00K","0,46%"
"14.08.2015","71,040","71,640","72,190","71,040","124,79K","-0,60%"
"13.08.2015","71,470","71,810","72,120","70,890","169,19K","1,22%"
"12.08.2015","70,610","71,750","71,750","70,550","189,93K","-2,57%"
"11.08.2015","72,470","73,120","73,630","72,120","172,49K","-1,28%"
"10.08.2015","73,410","73,310","73,530","72,480","207,06K","1,00%"
"07.08.2015","72,680","74,000","74,000","72,550","188,99K","-1,66%"
"06.08.2015","73,910","73,760","75,120","73,760","225,21K","-0,19%"
"05.08.2015","74,050","73,750","74,750","73,560","331,10K","1,04%"
"04.08.2015","73,290","73,880","73,880","72,730","183,66K","-1,04%"
"03.08.2015","74,060","73,740","74,300","73,270","244,13K","0,61%"
"31.07.2015","73,610","74,460","74,460","72,330","304,22K","-0,53%"
"30.07.2015","74,000","75,000","75,060","73,590","217,87K","-1,00%"
"29.07.2015","74,750","74,440","75,160","74,290","226,93K","-0,37%"
"28.07.2015","75,030","73,090","75,100","73,090","289,24K","3,06%"
"27.07.2015","72,800","73,640","73,850","72,730","176,59K","-1,66%"
"24.07.2015","74,030","74,520","74,760","73,910","177,11K","-0,50%"
"23.07.2015","74,400","74,800","75,370","74,250","213,83K","-0,20%"
"22.07.2015","74,550","73,610","74,640","73,060","228,66K","0,24%"
"21.07.2015","74,370","74,250","75,150","74,090","251,95K","0,22%"
"20.07.2015","74,210","74,510","75,000","74,120","315,77K","0,00%"
"17.07.2015","74,210","73,500","74,400","72,750","1,16M","1,31%"
"16.07.2015","73,250","72,800","73,470","72,480","252,97K","1,02%"
"15.07.2015","72,510","70,850","72,770","70,690","241,17K","1,93%"
"14.07.2015","71,140","70,750","71,140","69,760","236,16K","0,82%"
"13.07.2015","70,560","71,000","71,180","70,270","181,71K","0,33%"
"10.07.2015","70,330","69,470","70,610","68,910","247,68K","3,70%"
"09.07.2015","67,820","64,800","68,400","64,660","375,33K","5,36%"
"08.07.2015","64,370","63,200","65,250","62,680","218,92K","1,88%"
"07.07.2015","63,180","64,540","64,920","62,740","279,25K","-2,24%"
"06.07.2015","64,630","65,340","66,250","64,500","166,47K","-2,99%"
"03.07.2015","66,620","67,830","67,830","66,260","111,08K","-1,22%"
"02.07.2015","67,440","68,000","69,230","65,810","302,78K","-3,01%"
"01.07.2015","69,530","68,150","70,930","67,410","311,04K","2,66%"
"30.06.2015","67,730","67,900","68,800","66,660","202,93K","-1,12%"
"29.06.2015","68,500","68,050","69,510","68,050","286,74K","-3,90%"
"26.06.2015","71,280","70,650","71,760","69,560","276,32K","0,39%"
"25.06.2015","71,000","69,000","72,350","68,520","359,28K","2,62%"
"24.06.2015","69,190","70,260","70,500","68,780","163,86K","-1,87%"
"23.06.2015","70,510","69,000","71,360","69,000","190,75K","2,37%"
"22.06.2015","68,880","67,420","68,880","66,880","208,62K","4,17%"
"19.06.2015","66,120","66,320","67,420","65,350","1,29M","-0,82%"
"18.06.2015","66,670","65,910","66,670","64,750","187,28K","1,43%"
"17.06.2015","65,730","65,400","66,270","64,970","162,78K","0,58%"
"16.06.2015","65,350","65,410","65,550","64,250","231,33K","-0,52%"
"15.06.2015","65,690","66,020","66,780","65,150","210,22K","-1,78%"
"12.06.2015","66,880","67,600","67,770","65,720","270,79K","-2,52%"
"11.06.2015","68,610","68,620","69,610","68,300","125,59K","0,10%"
"10.06.2015","68,540","67,870","68,770","67,010","358,68K","0,19%"
"09.06.2015","68,410","68,000","68,500","66,930","136,06K","-0,20%"
"08.06.2015","68,550","68,690","68,950","67,980","190,93K","-0,59%"
"05.06.2015","68,960","68,560","69,270","67,650","201,04K","-0,14%"
"04.06.2015","69,060","70,700","70,770","69,060","292,21K","-2,88%"
"03.06.2015","71,110","71,180","71,710","70,700","281,24K","0,79%"
"02.06.2015","70,550","70,400","70,870","69,250","136,37K","1,16%"
"01.06.2015","69,740","70,020","71,000","69,510","148,04K","-0,10%"
"29.05.2015","69,810","70,470","70,800","69,380","145,42K","-0,74%"
"28.05.2015","70,330","70,040","70,500","69,840","230,56K","0,39%"
"27.05.2015","70,060","68,810","70,140","68,810","201,35K","2,19%"
"26.05.2015","68,560","69,600","70,540","68,290","230,71K","-2,06%"
"25.05.2015","70,000","71,800","71,800","68,740","170,22K","-3,41%"
"22.05.2015","72,470","73,000","73,300","72,460","62,83K","-0,90%"
"21.05.2015","73,130","72,940","73,320","72,720","62,87K","-0,29%"
"20.05.2015","73,340","73,500","73,550","72,710","125,25K","-0,01%"
"19.05.2015","73,350","72,620","73,800","72,420","162,51K","1,75%"
"18.05.2015","72,090","71,760","72,100","70,870","79,30K","0,46%"
"15.05.2015","71,760","72,730","72,730","71,370","88,51K","-0,64%"
"14.05.2015","72,220","71,570","72,500","70,890","203,02K","0,88%"
"13.05.2015","71,590","72,030","72,400","71,360","153,25K","-0,22%"
"12.05.2015","71,750","71,390","71,910","70,440","222,97K","-0,25%"
"11.05.2015","71,930","71,710","72,200","71,280","151,45K","0,55%"
"08.05.2015","71,540","71,200","71,920","69,970","254,05K","2,04%"
"07.05.2015","70,110","70,500","70,600","68,490","624,95K","0,54%"
"06.05.2015","69,730","68,140","70,340","67,560","317,27K","2,33%"
"05.05.2015","68,140","68,510","70,240","68,090","280,37K","-0,37%"
"04.05.2015","68,390","68,100","68,530","67,160","181,33K","1,02%"
"30.04.2015","67,700","67,000","68,460","66,730","151,12K","0,67%"
"29.04.2015","67,250","69,560","69,920","67,110","127,84K","-2,80%"
"28.04.2015","69,190","70,380","71,240","69,010","135,62K","-1,44%"
"27.04.2015","70,200","70,360","70,550","68,910","178,21K","0,34%"
"24.04.2015","69,960","71,100","71,810","69,140","192,27K","-1,20%"
"23.04.2015","70,810","71,110","71,900","70,250","190,19K","0,60%"
"22.04.2015","70,390","71,500","71,620","70,010","119,62K","-1,41%"
"21.04.2015","71,400","71,310","71,940","70,500","165,83K","0,45%"
"20.04.2015","71,080","71,460","71,800","70,240","113,32K","-0,28%"
"17.04.2015","71,280","72,400","72,730","70,040","222,81K","-1,55%"
"16.04.2015","72,400","73,480","73,640","72,310","115,57K","-1,80%"
"15.04.2015","73,730","74,240","74,250","73,220","147,78K","0,00%"
"14.04.2015","73,730","74,170","74,840","73,280","165,08K","-0,71%"
"13.04.2015","74,260","74,000","74,500","73,910","144,70K","0,73%"
"10.04.2015","73,720","73,450","74,090","73,080","184,32K","0,68%"
"09.04.2015","73,220","73,720","73,850","72,840","143,95K","-0,20%"
"08.04.2015","73,370","73,500","74,300","73,020","268,36K","-0,14%"
"07.04.2015","73,470","73,000","73,690","72,780","229,42K","1,24%"
"02.04.2015","72,570","71,670","72,640","71,410","85,12K","0,99%"
"01.04.2015","71,860","71,520","72,290","71,200","147,09K","0,11%"
"31.03.2015","71,780","71,840","72,620","71,580","113,92K","-0,94%"
"30.03.2015","72,460","71,930","73,060","71,930","155,72K","0,91%"
"27.03.2015","71,810","72,190","72,490","71,310","156,40K","-0,64%"
"26.03.2015","72,270","72,210","72,300","71,010","151,77K","-0,25%"
"25.03.2015","72,450","73,000","73,500","72,220","145,90K","-1,00%"
"24.03.2015","73,180","71,190","73,430","71,100","195,15K","2,67%"
"23.03.2015","71,280","71,730","72,000","70,960","176,84K","-0,41%"
"20.03.2015","71,570","69,570","71,900","69,370","251,36K","3,28%"
"19.03.2015","69,300","69,530","70,500","69,190","141,16K","0,00%"
"18.03.2015","69,300","68,270","69,770","67,660","169,71K","1,51%"
"17.03.2015","68,270","70,130","70,310","67,690","154,94K","-2,83%"
"16.03.2015","70,260","69,550","70,500","69,300","108,82K","1,24%"
"13.03.2015","69,400","69,680","70,060","68,880","96,19K","-0,07%"
"12.03.2015","69,450","69,670","70,350","69,250","127,23K","-0,03%"
"11.03.2015","69,470","68,970","69,900","68,440","125,47K","1,33%"
"10.03.2015","68,560","69,590","69,690","67,800","109,60K","-1,07%"
"09.03.2015","69,300","68,970","69,810","67,800","119,30K","-0,01%"
"06.03.2015","69,310","69,960","69,960","69,180","124,46K","-0,69%"
"05.03.2015","69,790","68,760","69,800","68,730","179,78K","1,53%"
"04.03.2015","68,740","68,170","68,740","67,070","136,98K","0,76%"
"03.03.2015","68,220","69,650","70,000","68,020","126,55K","-1,73%"
"02.03.2015","69,420","70,250","70,500","68,950","124,04K","-0,86%"
"27.02.2015","70,020","68,550","71,500","68,550","341,23K","2,14%"
"26.02.2015","68,550","69,000","69,040","68,190","107,94K","-0,51%"
"25.02.2015","68,900","68,820","69,740","68,440","141,01K","0,31%"
"24.02.2015","68,690","66,390","69,370","66,240","325,86K","3,73%"
"23.02.2015","66,220","66,950","66,950","65,800","133,00K","0,53%"
"20.02.2015","65,870","65,940","66,210","65,120","154,90K","-0,38%"
"19.02.2015","66,120","65,000","66,210","64,460","160,53K","1,68%"
"18.02.2015","65,030","65,250","65,900","64,560","165,82K","0,53%"
"17.02.2015","64,690","63,660","65,210","63,300","125,72K","-0,99%"
"16.02.2015","65,340","65,720","66,140","65,230","143,82K","-0,62%"
"13.02.2015","65,750","65,140","65,880","64,900","218,40K","1,54%"
"12.02.2015","64,750","62,950","65,030","62,830","142,99K","2,88%"
"11.02.2015","62,940","64,320","64,470","62,900","108,18K","-1,82%"
"10.02.2015","64,110","62,880","64,160","62,240","122,04K","2,64%"
"09.02.2015","62,460","63,940","64,170","62,210","140,52K","-3,16%"
"06.02.2015","64,500","64,220","65,000","63,510","202,78K","0,30%"
"05.02.2015","64,310","64,090","65,220","63,610","285,08K","-0,68%"
"04.02.2015","64,750","64,750","64,910","63,880","135,48K","0,05%"
"03.02.2015","64,720","62,970","64,850","62,970","281,61K","3,19%"
"02.02.2015","62,720","63,530","63,530","60,450","195,54K","-1,15%"
"30.01.2015","63,450","63,420","64,200","62,890","250,71K","0,49%"
"29.01.2015","63,140","61,700","63,320","60,890","158,48K","1,66%"
"28.01.2015","62,110","63,070","63,340","61,600","145,36K","-0,94%"
"27.01.2015","62,700","63,820","64,200","62,420","170,26K","-2,00%"
"26.01.2015","63,980","62,220","64,150","60,900","195,68K","2,11%"
"23.01.2015","62,660","62,470","64,400","62,380","279,43K","1,03%"
"22.01.2015","62,020","61,680","63,400","61,680","389,34K","0,36%"
"21.01.2015","61,800","62,300","62,300","60,580","152,86K","0,37%"
"20.01.2015","61,570","61,900","62,400","61,430","209,15K","-0,15%"
"19.01.2015","61,660","61,400","61,900","60,900","133,78K","0,83%"
"16.01.2015","61,150","59,990","61,200","59,480","223,62K","1,63%"
"15.01.2015","60,170","59,600","60,350","58,340","257,07K","1,76%"
"14.01.2015","59,130","57,610","59,920","57,580","251,30K","0,97%"
"13.01.2015","58,560","56,200","58,760","56,200","275,77K","3,35%"
"12.01.2015","56,660","56,470","57,180","55,810","239,01K","0,51%"
"09.01.2015","56,370","56,560","57,610","55,500","220,46K","-1,85%"
"08.01.2015","57,430","55,640","57,800","55,070","204,26K","5,13%"
"07.01.2015","54,630","54,540","55,500","54,090","171,25K","0,72%"
"06.01.2015","54,240","55,490","55,490","53,280","144,72K","-1,42%"
"05.01.2015","55,020","56,500","57,650","54,850","160,40K","-3,56%"
"02.01.2015","57,050","56,770","57,640","56,050","163,19K","1,51%"