"Date","Price","Open","High","Low","Vol.","Change %"
"12/31/2025","20.050","19.855","20.130","19.855","3.74M","-0.15%"
"12/30/2025","20.080","19.675","20.120","19.675","6.13M","1.47%"
"12/29/2025","19.790","19.790","19.890","19.695","8.26M","0.20%"
"12/24/2025","19.750","19.630","19.840","19.630","2.19M","-0.10%"
"12/23/2025","19.770","19.750","19.875","19.490","7.07M","-0.05%"
"12/22/2025","19.780","19.785","20.030","19.730","6.16M","0.03%"
"12/19/2025","19.775","19.700","19.930","19.480","20.18M","1.07%"
"12/18/2025","19.565","19.205","19.565","19.135","8.20M","1.95%"
"12/17/2025","19.190","19.380","19.445","19.110","7.70M","-0.60%"
"12/16/2025","19.305","19.370","19.720","19.305","7.40M","-1.30%"
"12/15/2025","19.560","19.415","19.560","19.385","6.80M","1.85%"
"12/12/2025","19.205","19.500","19.560","19.135","8.03M","-1.13%"
"12/11/2025","19.425","19.065","19.565","18.900","7.10M","2.34%"
"12/10/2025","18.980","18.830","19.125","18.830","7.15M","0.24%"
"12/09/2025","18.935","18.950","19.070","18.790","6.75M","-0.13%"
"12/08/2025","18.960","18.800","18.960","18.730","5.13M","0.45%"
"12/05/2025","18.875","19.095","19.255","18.850","6.33M","-1.15%"
"12/04/2025","19.095","18.960","19.095","18.645","9.61M","2.19%"
"12/03/2025","18.685","18.795","19.075","18.685","9.58M","-0.69%"
"12/02/2025","18.815","18.780","18.980","18.750","8.39M","0.29%"
"12/01/2025","18.760","18.570","18.760","18.450","6.92M","1.05%"
"11/28/2025","18.565","18.530","18.665","18.480","4.31M","0.22%"
"11/27/2025","18.525","18.625","18.640","18.480","3.48M","-0.40%"
"11/26/2025","18.600","18.315","18.600","18.310","6.53M","1.72%"
"11/25/2025","18.285","17.930","18.410","17.900","5.26M","1.70%"
"11/24/2025","17.980","17.775","18.085","17.775","12.76M","1.55%"
"11/21/2025","17.705","17.540","17.805","17.465","9.77M","-1.42%"
"11/20/2025","17.960","17.960","18.150","17.855","7.52M","1.13%"
"11/19/2025","17.760","17.665","17.885","17.490","10.14M","0.91%"
"11/18/2025","17.600","17.715","17.895","17.485","9.11M","-2.82%"
"11/17/2025","18.110","18.335","18.460","18.020","7.67M","-1.50%"
"11/14/2025","18.385","18.500","18.690","18.225","11.02M","-2.62%"
"11/13/2025","18.880","18.880","19.085","18.870","8.92M","-0.13%"
"11/12/2025","18.905","18.570","18.910","18.560","10.48M","1.94%"
"11/11/2025","18.545","18.280","18.570","18.230","8.20M","1.87%"
"11/10/2025","18.205","17.810","18.210","17.715","9.86M","4.21%"
"11/07/2025","17.470","17.940","18.005","17.460","11.93M","-2.59%"
"11/06/2025","17.935","17.580","18.045","17.570","9.55M","1.67%"
"11/05/2025","17.640","17.150","17.640","17.125","7.06M","0.57%"
"11/04/2025","17.540","17.210","17.620","17.100","7.82M","1.39%"
"11/03/2025","17.300","17.565","17.790","17.300","8.86M","-0.77%"
"10/31/2025","17.435","17.350","17.700","17.255","9.38M","0.90%"
"10/30/2025","17.280","17.390","17.410","17.050","10.57M","-1.71%"
"10/29/2025","17.580","17.210","17.585","17.055","10.60M","2.27%"
"10/28/2025","17.190","17.070","17.215","17.040","5.31M","-0.06%"
"10/27/2025","17.200","17.050","17.235","17.005","6.47M","1.78%"
"10/24/2025","16.900","17.015","17.100","16.735","6.49M","-0.35%"
"10/23/2025","16.960","17.000","17.175","16.900","4.72M","-0.24%"
"10/22/2025","17.000","16.900","17.180","16.850","7.02M","-0.38%"
"10/21/2025","17.065","17.270","17.300","17.005","7.20M","-1.33%"
"10/20/2025","17.295","16.870","17.320","16.790","10.87M","3.84%"
"10/17/2025","16.655","16.655","17.380","16.395","30.41M","5.98%"
"10/16/2025","15.715","15.720","15.825","15.395","8.99M","-0.44%"
"10/15/2025","15.785","15.985","16.140","15.785","5.17M","-1.25%"
"10/14/2025","15.985","15.800","16.020","15.730","4.32M","0.72%"
"10/13/2025","15.870","15.800","15.895","15.685","3.45M","0.51%"
"10/10/2025","15.790","16.030","16.230","15.755","6.73M","-1.71%"
"10/09/2025","16.065","16.360","16.360","16.025","4.84M","-1.80%"
"10/08/2025","16.360","16.060","16.410","16.060","5.88M","1.90%"
"10/07/2025","16.055","16.100","16.240","16.050","6.00M","-0.74%"
"10/06/2025","16.175","16.310","16.400","16.045","5.37M","-1.49%"
"10/03/2025","16.420","16.420","16.590","16.360","5.92M","0.55%"
"10/02/2025","16.330","16.450","16.595","16.230","7.21M","-0.27%"
"10/01/2025","16.375","16.300","16.440","16.045","8.29M","0.21%"
"09/30/2025","16.340","16.285","16.445","16.200","7.13M","0.62%"
"09/29/2025","16.240","16.470","16.480","16.220","5.90M","-1.37%"
"09/26/2025","16.465","16.185","16.480","16.130","6.73M","2.24%"
"09/25/2025","16.105","16.365","16.380","16.045","6.89M","-1.71%"
"09/24/2025","16.385","16.150","16.385","15.935","7.40M","1.30%"
"09/23/2025","16.175","16.120","16.255","15.930","6.24M","1.25%"
"09/22/2025","15.975","16.335","16.360","15.860","8.13M","-2.65%"
"09/19/2025","16.410","16.300","16.535","16.225","21.83M","1.17%"
"09/18/2025","16.220","16.200","16.270","16.035","5.60M","1.03%"
"09/17/2025","16.055","16.250","16.285","15.975","6.22M","-0.80%"
"09/16/2025","16.185","16.305","16.345","16.065","8.19M","-1.07%"
"09/15/2025","16.360","16.300","16.385","16.175","4.63M","0.89%"
"09/12/2025","16.215","16.190","16.260","16.040","6.39M","0.03%"
"09/11/2025","16.210","16.160","16.270","16.005","5.72M","0.37%"
"09/10/2025","16.150","15.960","16.260","15.890","9.58M","1.35%"
"09/09/2025","15.935","15.835","15.960","15.610","6.91M","1.05%"
"09/08/2025","15.770","15.650","15.820","15.595","4.47M","1.06%"
"09/05/2025","15.605","15.895","16.030","15.550","6.65M","-1.30%"
"09/04/2025","15.810","15.510","15.815","15.385","6.62M","2.46%"
"09/03/2025","15.430","15.465","15.500","15.280","4.52M","-0.06%"
"09/02/2025","15.440","15.635","15.675","15.290","5.34M","-1.03%"
"09/01/2025","15.600","15.565","15.600","15.475","2.46M","0.71%"
"08/29/2025","15.490","15.510","15.585","15.375","5.45M","-0.42%"
"08/28/2025","15.555","15.530","15.615","15.415","5.84M","0.16%"
"08/27/2025","15.530","15.825","15.840","15.480","7.22M","-1.99%"
"08/26/2025","15.845","15.950","16.040","15.840","9.77M","-1.86%"
"08/25/2025","16.145","16.310","16.450","16.090","4.97M","-1.88%"
"08/22/2025","16.455","16.335","16.530","16.325","4.54M","0.24%"
"08/21/2025","16.415","16.190","16.425","16.150","5.51M","1.02%"
"08/20/2025","16.250","16.290","16.395","16.190","4.26M","-0.91%"
"08/19/2025","16.400","16.355","16.430","16.280","5.63M","0.24%"
"08/18/2025","16.360","16.400","16.445","16.200","5.22M","-0.73%"
"08/15/2025","16.480","16.630","16.700","16.445","7.03M","0.83%"
"08/14/2025","16.345","16.030","16.390","16.015","6.65M","2.00%"
"08/13/2025","16.025","15.785","16.055","15.785","7.06M","1.68%"
"08/12/2025","15.760","16.050","16.160","15.760","8.77M","-1.87%"
"08/11/2025","16.060","15.950","16.070","15.755","6.09M","0.75%"
"08/08/2025","15.940","15.500","16.010","15.485","9.57M","2.87%"
"08/07/2025","15.495","15.455","15.600","15.375","8.91M","1.67%"
"08/06/2025","15.240","14.990","15.265","14.895","8.64M","2.08%"
"08/05/2025","14.930","14.845","14.965","14.585","6.65M","0.88%"
"08/04/2025","14.800","14.470","14.835","14.335","6.76M","3.10%"
"08/01/2025","14.355","14.585","14.645","14.205","11.82M","-1.95%"
"07/31/2025","14.640","14.000","14.790","13.965","21.01M","7.96%"
"07/30/2025","13.560","13.495","13.565","13.290","8.23M","0.44%"
"07/29/2025","13.500","13.210","13.500","13.200","8.20M","2.43%"
"07/28/2025","13.180","13.260","13.375","13.110","8.13M","1.15%"
"07/25/2025","13.030","13.000","13.070","12.895","5.72M","0.27%"
"07/24/2025","12.995","13.000","13.090","12.930","9.79M","1.13%"
"07/23/2025","12.850","12.795","12.915","12.700","10.89M","1.78%"
"07/22/2025","12.625","12.630","12.740","12.515","4.82M","-0.32%"
"07/21/2025","12.665","12.700","12.740","12.550","5.87M","-0.74%"
"07/18/2025","12.760","12.850","12.860","12.720","5.76M","-0.08%"
"07/17/2025","12.770","12.800","12.880","12.695","6.02M","0.59%"
"07/16/2025","12.695","12.700","12.845","12.655","5.90M","-0.39%"
"07/15/2025","12.745","13.045","13.055","12.710","5.78M","-1.96%"
"07/14/2025","13.000","12.800","13.030","12.780","4.39M","0.50%"
"07/11/2025","12.935","13.240","13.285","12.915","6.94M","-3.11%"
"07/10/2025","13.350","13.600","13.615","13.350","6.75M","-1.84%"
"07/09/2025","13.600","13.450","13.670","13.425","10.19M","1.76%"
"07/08/2025","13.365","13.255","13.480","13.230","9.13M","1.63%"
"07/07/2025","13.150","12.875","13.150","12.860","5.78M","1.82%"
"07/04/2025","12.915","13.165","13.250","12.850","5.81M","-2.57%"
"07/03/2025","13.255","13.060","13.285","13.030","4.91M","1.69%"
"07/02/2025","13.035","12.975","13.115","12.890","5.93M","1.44%"
"07/01/2025","12.850","13.030","13.060","12.785","5.51M","-1.57%"
"06/30/2025","13.055","13.080","13.100","12.700","6.84M","0.35%"
"06/27/2025","13.010","12.850","13.010","12.740","5.67M","1.96%"
"06/26/2025","12.760","12.800","12.890","12.720","5.28M","0.39%"
"06/25/2025","12.710","13.175","13.175","12.685","8.50M","-3.09%"
"06/24/2025","13.115","13.140","13.240","12.990","7.71M","2.54%"
"06/23/2025","12.790","12.860","12.920","12.645","4.47M","-0.93%"
"06/20/2025","12.910","12.835","13.085","12.835","16.18M","0.55%"
"06/19/2025","12.840","12.990","13.070","12.840","5.42M","-1.80%"
"06/18/2025","13.075","13.010","13.115","12.900","5.03M","0.19%"
"06/17/2025","13.050","13.145","13.175","12.870","8.01M","-1.21%"
"06/16/2025","13.210","13.035","13.290","13.000","10.26M","1.97%"
"06/13/2025","12.955","12.995","13.050","12.850","7.83M","-1.97%"
"06/12/2025","13.215","13.120","13.265","13.000","5.68M","-0.30%"
"06/11/2025","13.255","13.220","13.315","13.095","8.90M","0.53%"
"06/10/2025","13.185","13.230","13.265","13.135","7.46M","-0.49%"
"06/09/2025","13.250","13.200","13.310","13.165","7.02M","0.08%"
"06/06/2025","13.240","13.180","13.350","13.160","4.69M","0.30%"
"06/05/2025","13.200","13.015","13.200","12.960","10.59M","0.61%"
"06/04/2025","13.120","13.240","13.275","12.975","6.50M","-0.34%"
"06/03/2025","13.165","13.240","13.270","12.900","8.42M","-0.42%"
"06/02/2025","13.220","13.150","13.335","13.085","4.69M","0.08%"
"05/30/2025","13.210","13.250","13.375","13.200","13.85M","-0.30%"
"05/29/2025","13.250","13.455","13.465","13.215","4.69M","0.08%"
"05/28/2025","13.240","13.525","13.640","13.240","9.32M","-2.25%"
"05/27/2025","13.545","13.365","13.585","13.365","6.77M","0.82%"
"05/26/2025","13.435","13.585","13.610","13.415","5.20M","1.28%"
"05/23/2025","13.265","13.625","13.785","12.915","11.95M","-3.03%"
"05/22/2025","13.680","13.615","13.730","13.365","6.38M","-0.11%"
"05/21/2025","13.695","13.665","13.900","13.645","7.10M","-0.54%"
"05/20/2025","13.770","13.500","13.805","13.500","7.50M","2.27%"
"05/19/2025","13.465","13.420","13.550","13.350","5.88M","0.49%"
"05/16/2025","13.400","13.340","13.420","13.305","7.46M","0.41%"
"05/15/2025","13.345","13.300","13.375","13.280","6.09M","-0.45%"
"05/14/2025","13.405","13.250","13.405","13.145","9.67M","1.32%"
"05/13/2025","13.230","13.000","13.245","12.945","8.56M","1.42%"
"05/12/2025","13.045","12.920","13.090","12.885","9.60M","1.79%"
"05/09/2025","12.815","12.840","12.860","12.690","11.49K","0.08%"
"05/08/2025","12.805","12.600","12.805","12.570","8.58M","2.03%"
"05/07/2025","12.550","12.475","12.565","12.390","10.71K","0.28%"
"05/06/2025","12.515","12.440","12.530","12.175","39.88K","0.60%"
"05/05/2025","12.440","12.210","12.440","12.195","14.77K","1.80%"
"05/02/2025","12.220","12.300","12.335","12.040","0.48K","1.33%"
"04/30/2025","12.060","12.430","12.480","11.775","38.56K","-2.27%"
"04/29/2025","12.340","12.740","12.790","12.170","11.77M","-2.02%"
"04/28/2025","12.595","12.500","12.700","12.500","63.10K","1.12%"
"04/25/2025","12.455","12.370","12.500","12.295","20.47K","1.67%"
"04/24/2025","12.250","12.275","12.335","12.155","6.12M","-0.85%"
"04/23/2025","12.355","12.085","12.405","12.055","9.68M","3.69%"
"04/22/2025","11.915","11.765","11.955","11.725","1.46K","0.42%"
"04/17/2025","11.865","12.000","12.025","11.735","10.44M","-0.71%"
"04/16/2025","11.950","11.795","11.950","11.610","11.09M","0.34%"
"04/15/2025","11.910","11.700","11.940","11.605","7.98M","2.19%"
"04/14/2025","11.655","11.615","11.680","11.460","18.05K","3.32%"
"04/11/2025","11.280","11.420","11.560","11.020","10.33K","-0.88%"
"04/10/2025","11.380","11.825","12.530","11.380","7.95K","6.36%"
"04/09/2025","10.700","10.450","10.825","10.385","14.65M","-1.11%"
"04/08/2025","10.820","10.735","11.040","10.345","27.20K","0.09%"
"04/07/2025","10.810","10.685","11.355","10.110","106.22K","-4.84%"
"04/04/2025","11.360","12.315","12.320","11.035","27.83M","-9.37%"
"04/03/2025","12.535","12.400","12.805","12.285","20.00K","-1.53%"
"04/02/2025","12.730","12.670","12.770","12.565","7.13M","-0.20%"
"04/01/2025","12.755","12.615","12.850","12.565","178.30K","1.67%"
"03/31/2025","12.545","12.600","12.640","12.335","10.94M","-1.41%"
"03/28/2025","12.725","12.920","13.045","12.700","7.64K","-3.23%"
"03/27/2025","13.150","13.060","13.260","12.900","6.62M","-1.31%"
"03/26/2025","13.325","13.445","13.540","13.240","5.86M","-0.86%"
"03/25/2025","13.440","13.180","13.445","13.130","7.74M","2.32%"
"03/24/2025","13.135","13.255","13.345","13.070","6.66M","0.46%"
"03/21/2025","13.075","12.970","13.170","12.855","0.66K","-0.04%"
"03/20/2025","13.080","13.440","13.505","12.965","71.60K","-2.71%"
"03/19/2025","13.445","13.260","13.470","13.170","10.19M","-1.03%"
"03/18/2025","13.585","13.310","13.590","13.270","54.07K","2.34%"
"03/17/2025","13.275","13.140","13.380","13.065","6.57K","0.72%"
"03/14/2025","13.180","12.740","13.230","12.695","8.49M","3.21%"
"03/13/2025","12.770","12.740","12.925","12.655","7.15M","-0.82%"
"03/12/2025","12.875","12.645","12.985","12.620","7.58M","2.71%"
"03/11/2025","12.535","12.760","12.890","12.450","10.68M","-1.76%"
"03/10/2025","12.760","13.110","13.190","12.715","16.94K","-3.04%"
"03/07/2025","13.160","12.965","13.195","12.880","12.60M","0.23%"
"03/06/2025","13.130","12.995","13.205","12.835","6.96K","2.26%"
"03/05/2025","12.840","12.600","12.930","12.600","1.55K","4.82%"
"03/04/2025","12.250","12.700","12.760","12.115","45.21K","-5.26%"
"03/03/2025","12.930","12.775","13.095","12.660","1.41K","0.82%"
"02/28/2025","12.825","12.745","12.825","12.615","2.63K","-0.50%"
"02/27/2025","12.890","12.900","12.995","12.720","8.78M","-0.35%"
"02/26/2025","12.935","12.605","12.935","12.585","2.48K","2.86%"
"02/25/2025","12.575","12.310","12.765","12.305","42.67K","1.37%"
"02/24/2025","12.405","12.290","12.425","12.240","6.38M","0.94%"
"02/21/2025","12.290","12.145","12.305","12.100","0.43K","0.99%"
"02/20/2025","12.170","12.090","12.310","12.070","23.75K","0.37%"
"02/19/2025","12.125","12.405","12.490","12.105","13.05K","-2.61%"
"02/18/2025","12.450","12.240","12.465","12.205","44.45K","2.09%"
"02/17/2025","12.195","12.030","12.210","12.025","3.66K","1.20%"
"02/14/2025","12.050","11.910","12.110","11.880","8.61M","0.79%"
"02/13/2025","11.955","11.990","12.000","11.855","1.62K","-0.04%"
"02/12/2025","11.960","11.800","11.990","11.765","9.36M","2.18%"
"02/11/2025","11.705","11.500","11.705","11.450","6.10M","1.74%"
"02/10/2025","11.505","11.615","11.635","11.455","7.08M","-1.24%"
"02/07/2025","11.650","11.615","11.685","11.520","47.03K","0.13%"
"02/06/2025","11.635","11.140","11.680","11.080","1.51K","5.49%"
"02/05/2025","11.030","11.000","11.130","10.975","2.37K","0.27%"
"02/04/2025","11.000","10.885","11.015","10.765","9.37M","2.37%"
"02/03/2025","10.745","10.560","10.850","10.480","1.44K","-2.76%"
"01/31/2025","11.050","11.230","11.305","11.025","7.14K","-1.47%"
"01/30/2025","11.215","11.275","11.435","11.070","10.80M","1.36%"
"01/29/2025","11.065","10.960","11.090","10.945","9.12M","1.14%"
"01/28/2025","10.940","10.765","10.985","10.720","11.07K","1.44%"
"01/27/2025","10.785","10.575","10.845","10.560","10.14M","0.61%"
"01/24/2025","10.720","10.700","10.760","10.625","7.14M","0.80%"
"01/23/2025","10.635","10.415","10.670","10.395","8.36M","2.70%"
"01/22/2025","10.355","10.500","10.500","10.270","7.09M","-0.81%"
"01/21/2025","10.440","10.305","10.440","10.200","9.82M","0.14%"
"01/20/2025","10.425","10.390","10.500","10.315","7.86M","0.87%"
"01/17/2025","10.335","10.420","10.455","10.285","10.63M","0.05%"
"01/16/2025","10.330","10.500","10.550","10.285","8.49M","-0.77%"
"01/15/2025","10.410","10.365","10.490","10.265","64.48K","0.63%"
"01/14/2025","10.345","10.300","10.525","10.285","9.52M","0.98%"
"01/13/2025","10.245","9.990","10.245","9.980","33.20K","3.11%"
"01/10/2025","9.936","9.994","10.070","9.880","33.66K","-0.58%"
"01/09/2025","9.994","9.800","9.994","9.754","1.19K","0.93%"
"01/08/2025","9.902","9.882","10.075","9.782","10.06M","0.28%"
"01/07/2025","9.874","9.744","9.926","9.606","12.69M","1.33%"
"01/06/2025","9.744","9.378","9.750","9.342","10.52M","4.57%"
"01/03/2025","9.318","9.298","9.348","9.236","5.63M","0.22%"
"01/02/2025","9.298","9.430","9.452","8.966","9.43M","-1.63%"
"12/31/2024","9.452","9.368","9.452","9.368","2.04M","0.88%"
"12/30/2024","9.370","9.246","9.440","9.246","4.31M","-0.17%"
"12/27/2024","9.386","9.240","9.396","9.240","4.33M","1.30%"
"12/24/2024","9.266","9.290","9.320","9.252","1.46M","-0.37%"
"12/23/2024","9.300","9.328","9.366","9.206","3.73M","-0.02%"
"12/20/2024","9.302","9.286","9.318","9.132","35.47K","-0.77%"
"12/19/2024","9.374","9.400","9.476","9.320","20.00K","-1.95%"
"12/18/2024","9.560","9.506","9.650","9.458","6.17M","0.42%"
"12/17/2024","9.520","9.712","9.782","9.502","6.08M","-2.54%"
"12/16/2024","9.768","9.710","9.818","9.710","7.58M","0.66%"
"12/13/2024","9.704","9.666","9.834","9.666","7.35M","0.39%"
"12/12/2024","9.666","9.556","9.672","9.556","8.62M","1.66%"
"12/11/2024","9.508","9.578","9.656","9.484","7.80M","-0.88%"
"12/10/2024","9.592","9.556","9.656","9.526","5.08M","0.10%"
"12/09/2024","9.582","9.608","9.662","9.568","5.41M","0.29%"
"12/06/2024","9.554","9.576","9.678","9.518","7.16M","-0.81%"
"12/05/2024","9.632","9.236","9.650","9.230","12.94M","4.22%"
"12/04/2024","9.242","9.170","9.262","9.162","6.73M","1.01%"
"12/03/2024","9.150","9.000","9.176","8.990","8.22M","1.94%"
"12/02/2024","8.976","8.850","8.984","8.830","6.55M","0.45%"
"11/29/2024","8.936","8.810","8.958","8.700","6.92M","0.74%"
"11/28/2024","8.870","8.930","8.960","8.862","4.88M","0.86%"
"11/27/2024","8.794","8.920","8.934","8.724","9.08M","-1.70%"
"11/26/2024","8.946","9.064","9.102","8.926","11.50M","-3.31%"
"11/25/2024","9.252","9.276","9.320","9.166","19.54M","0.89%"
"11/22/2024","9.170","9.274","9.336","8.942","10.46M","-0.91%"
"11/21/2024","9.254","9.240","9.272","9.114","5.51M","0.26%"
"11/20/2024","9.230","9.400","9.464","9.188","7.38M","-1.05%"
"11/19/2024","9.328","9.434","9.442","9.122","8.12M","-1.06%"
"11/18/2024","9.428","9.324","9.430","9.288","6.52M","0.55%"
"11/15/2024","9.376","9.020","9.392","9.016","17.64M","3.19%"
"11/14/2024","9.086","8.920","9.110","8.888","7.40M","2.34%"
"11/13/2024","8.878","8.900","8.986","8.768","8.25M","-0.40%"
"11/12/2024","8.914","9.010","9.164","8.914","8.67M","-2.30%"
"11/11/2024","9.124","9.180","9.246","9.122","7.87M","0.24%"
"11/08/2024","9.102","9.240","9.298","9.050","8.69M","-2.57%"
"11/07/2024","9.342","9.170","9.400","9.098","19.18M","4.15%"
"11/06/2024","8.970","9.364","9.440","8.894","25.26M","-6.62%"
"11/05/2024","9.606","9.552","9.624","9.506","7.14M","0.57%"
"11/04/2024","9.552","9.410","9.612","9.390","11.28M","1.44%"
"11/01/2024","9.416","9.152","9.416","9.110","10.20M","2.91%"
"10/31/2024","9.150","8.900","9.214","8.820","13.41M","0.62%"
"10/30/2024","9.094","8.960","9.100","8.922","8.08M","0.84%"
"10/29/2024","9.018","9.120","9.130","8.990","7.33M","-0.44%"
"10/28/2024","9.058","9.104","9.146","8.912","6.67M","0.18%"
"10/25/2024","9.042","9.046","9.134","9.006","5.13M","0.13%"
"10/24/2024","9.030","9.132","9.194","9.030","4.87M","-1.38%"
"10/23/2024","9.156","9.120","9.178","9.072","7.28M","0.15%"
"10/22/2024","9.142","9.082","9.172","8.974","7.48M","0.75%"
"10/21/2024","9.074","9.182","9.230","9.040","6.09M","-2.33%"
"10/18/2024","9.290","9.100","9.364","9.070","11.94M","2.09%"
"10/17/2024","9.100","9.314","9.370","9.088","11.20M","-2.02%"
"10/16/2024","9.288","9.390","9.428","9.240","7.07M","-1.63%"
"10/15/2024","9.442","9.422","9.470","9.306","8.02M","0.45%"
"10/14/2024","9.400","9.280","9.404","9.268","5.27M","1.21%"
"10/11/2024","9.288","9.216","9.316","9.204","6.42M","0.63%"
"10/10/2024","9.230","9.274","9.316","9.136","8.60M","-0.45%"
"10/09/2024","9.272","9.290","9.302","9.166","5.32M","-0.43%"
"10/08/2024","9.312","9.362","9.364","9.216","8.78M","-3.52%"
"10/07/2024","9.652","9.652","9.760","9.554","12.03M","1.05%"
"10/04/2024","9.552","9.354","9.668","9.342","11.02M","2.34%"
"10/03/2024","9.334","9.228","9.418","9.164","7.98M","0.86%"
"10/02/2024","9.254","9.310","9.388","9.190","9.44M","-0.49%"
"10/01/2024","9.300","9.754","9.754","9.230","14.24M","-4.20%"
"09/30/2024","9.708","9.872","9.958","9.708","14.11M","-2.29%"
"09/27/2024","9.936","9.910","9.976","9.834","7.30M","-0.18%"
"09/26/2024","9.954","9.778","9.970","9.772","7.93M","3.00%"
"09/25/2024","9.664","9.650","9.788","9.596","5.06M","-0.62%"
"09/24/2024","9.724","9.804","9.878","9.648","5.20M","-0.16%"
"09/23/2024","9.740","9.710","9.802","9.552","5.30M","0.00%"
"09/20/2024","9.740","9.770","9.872","9.720","18.64M","-0.33%"
"09/19/2024","9.772","9.578","9.772","9.500","10.95M","3.28%"
"09/18/2024","9.462","9.426","9.500","9.420","6.96M","0.55%"
"09/17/2024","9.410","9.354","9.490","9.352","6.89M","0.94%"
"09/16/2024","9.322","9.230","9.380","9.218","4.62M","0.76%"
"09/13/2024","9.252","9.058","9.254","9.020","7.90M","2.03%"
"09/12/2024","9.068","9.006","9.116","8.956","10.93M","1.96%"
"09/11/2024","8.894","8.956","9.048","8.796","6.07M","-0.31%"
"09/10/2024","8.922","9.016","9.134","8.902","6.65M","-1.24%"
"09/09/2024","9.034","8.962","9.100","8.962","4.98M","1.37%"
"09/06/2024","8.912","9.028","9.150","8.912","7.82M","-2.13%"
"09/05/2024","9.106","9.000","9.234","8.952","5.21M","0.66%"
"09/04/2024","9.046","9.086","9.160","9.002","8.14M","-2.48%"
"09/03/2024","9.276","9.532","9.572","9.268","7.79M","-2.89%"
"09/02/2024","9.552","9.600","9.654","9.500","4.47M","-0.40%"
"08/30/2024","9.590","9.520","9.592","9.520","10.43M","0.82%"
"08/29/2024","9.512","9.468","9.552","9.452","4.20M","0.46%"
"08/28/2024","9.468","9.496","9.504","9.318","9.72M","0.02%"
"08/27/2024","9.466","9.412","9.498","9.396","7.60M","0.53%"
"08/26/2024","9.416","9.434","9.470","9.356","3.34M","-0.25%"
"08/23/2024","9.440","9.392","9.468","9.356","5.29M","0.98%"
"08/22/2024","9.348","9.336","9.420","9.306","5.54M","-0.13%"
"08/21/2024","9.360","9.296","9.442","9.270","3.56M","0.26%"
"08/20/2024","9.336","9.430","9.448","9.284","4.49M","-0.68%"
"08/19/2024","9.400","9.256","9.456","9.254","5.22M","1.82%"
"08/16/2024","9.232","9.164","9.254","9.154","4.09M","0.54%"
"08/15/2024","9.182","9.000","9.192","8.930","5.82M","2.50%"
"08/14/2024","8.958","9.004","9.016","8.922","2.91M","-0.13%"
"08/13/2024","8.970","8.970","8.986","8.880","3.92M","0.52%"
"08/12/2024","8.924","8.938","8.982","8.848","4.59M","0.29%"
"08/09/2024","8.898","8.900","9.004","8.820","5.00M","0.93%"
"08/08/2024","8.816","8.784","8.886","8.648","5.66M","-0.50%"
"08/07/2024","8.860","8.748","8.950","8.670","10.75M","2.78%"
"08/06/2024","8.620","8.802","8.826","8.518","10.73M","-0.85%"
"08/05/2024","8.694","8.554","8.752","8.464","14.94M","-2.03%"
"08/02/2024","8.874","9.122","9.218","8.844","16.57M","-3.65%"
"08/01/2024","9.210","9.512","9.642","9.168","14.64M","-5.09%"
"07/31/2024","9.704","9.958","10.050","9.668","20.95M","-4.63%"
"07/30/2024","10.175","10.015","10.225","10.005","6.28M","1.45%"
"07/29/2024","10.030","10.100","10.175","9.954","5.08M","-0.05%"
"07/26/2024","10.035","9.990","10.045","9.928","7.26M","0.10%"
"07/25/2024","10.025","10.000","10.040","9.818","6.27M","-0.74%"
"07/24/2024","10.100","10.215","10.220","10.035","7.52M","-0.93%"
"07/23/2024","10.195","10.100","10.240","10.020","9.11M","1.09%"
"07/22/2024","10.085","9.940","10.090","9.902","7.41M","2.07%"
"07/19/2024","9.880","9.894","9.932","9.824","11.02M","-0.68%"
"07/18/2024","9.948","9.894","10.005","9.830","7.22M","1.32%"
"07/17/2024","9.818","9.704","9.852","9.654","6.59M","1.43%"
"07/16/2024","9.680","9.780","9.780","9.620","5.59M","-1.37%"
"07/15/2024","9.814","9.752","9.850","9.684","4.61M","0.29%"
"07/12/2024","9.786","9.708","9.806","9.704","5.61M","0.78%"
"07/11/2024","9.710","9.710","9.740","9.622","4.73M","0.50%"
"07/10/2024","9.662","9.520","9.662","9.458","6.50M","1.71%"
"07/09/2024","9.500","9.550","9.550","9.408","6.43M","-0.77%"
"07/08/2024","9.574","9.590","9.716","9.550","8.28M","-0.42%"
"07/05/2024","9.614","9.646","9.674","9.492","6.30M","0.08%"
"07/04/2024","9.606","9.646","9.682","9.572","4.81M","0.13%"
"07/03/2024","9.594","9.476","9.610","9.420","6.97M","2.06%"
"07/02/2024","9.400","9.450","9.452","9.266","7.01M","-1.05%"
"07/01/2024","9.500","9.528","9.624","9.434","7.02M","1.58%"
"06/28/2024","9.352","9.320","9.364","9.220","8.22M","1.21%"
"06/27/2024","9.240","9.216","9.284","9.150","6.07M","0.43%"
"06/26/2024","9.200","9.290","9.360","9.108","13.00M","-0.86%"
"06/25/2024","9.280","9.448","9.480","9.224","7.14M","-1.19%"
"06/24/2024","9.392","9.180","9.420","9.178","7.03M","2.20%"
"06/21/2024","9.190","9.378","9.378","9.068","29.51M","-1.71%"
"06/20/2024","9.350","9.284","9.350","9.222","7.56M","1.08%"
"06/19/2024","9.250","9.222","9.332","9.176","8.72M","0.30%"
"06/18/2024","9.222","9.200","9.236","9.094","11.85M","1.63%"
"06/17/2024","9.074","9.090","9.174","8.958","7.22M","0.60%"
"06/14/2024","9.020","9.050","9.100","8.790","21.52M","-1.05%"
"06/13/2024","9.116","9.288","9.352","9.076","21.32M","-2.44%"
"06/12/2024","9.344","9.510","9.560","9.308","13.22M","-2.54%"
"06/11/2024","9.588","9.802","9.802","9.528","8.06M","-1.76%"
"06/10/2024","9.760","9.888","9.888","9.724","9.06M","-1.35%"
"06/07/2024","9.894","9.730","9.934","9.700","10.30M","0.98%"
"06/06/2024","9.798","9.572","9.798","9.502","8.98M","2.60%"
"06/05/2024","9.550","9.504","9.560","9.416","7.92M","0.99%"
"06/04/2024","9.456","9.754","9.764","9.290","20.69M","-3.19%"
"06/03/2024","9.768","10.010","10.110","9.750","10.84M","-1.73%"
"05/31/2024","9.940","9.970","9.998","9.904","35.36M","-0.30%"
"05/30/2024","9.970","9.740","9.986","9.740","17.19M","2.09%"
"05/29/2024","9.766","9.920","9.950","9.740","11.27M","-1.71%"
"05/28/2024","9.936","9.970","10.050","9.860","6.46M","-0.44%"
"05/27/2024","9.980","9.984","10.050","9.940","35.08M","0.16%"
"05/24/2024","9.964","9.950","10.000","9.906","6.65M","-0.71%"
"05/23/2024","10.035","10.025","10.160","9.994","5.91M","0.25%"
"05/22/2024","10.010","10.005","10.085","9.986","6.74M","0.24%"
"05/21/2024","9.986","9.914","10.020","9.894","7.02M","0.54%"
"05/20/2024","9.932","9.974","10.025","9.912","7.30M","-0.88%"
"05/17/2024","10.020","9.900","10.060","9.880","11.83M","0.46%"
"05/16/2024","9.974","10.200","10.235","9.962","9.47M","-2.22%"
"05/15/2024","10.200","9.940","10.235","9.880","12.53M","3.03%"
"05/14/2024","9.900","9.698","9.932","9.680","40.47M","1.81%"
"05/13/2024","9.724","9.724","9.746","9.650","7.23M","0.14%"
"05/10/2024","9.710","9.638","9.818","9.620","12.16M","1.15%"
"05/09/2024","9.600","9.848","9.848","9.600","25.56M","-6.71%"
"05/08/2024","10.290","10.395","10.425","10.225","12.93M","0.93%"
"05/07/2024","10.195","10.000","10.195","9.910","17.40M","3.61%"
"05/06/2024","9.840","9.856","9.890","9.728","11.44M","-0.10%"
"05/03/2024","9.850","9.880","9.964","9.728","16.79M","0.67%"
"05/02/2024","9.784","10.000","10.080","9.770","27.70M","-3.84%"
"04/30/2024","10.175","10.920","10.975","10.060","29.09M","-6.65%"
"04/29/2024","10.900","11.000","11.250","10.630","17.90M","-0.77%"
"04/26/2024","10.985","10.545","11.000","10.530","13.57M","4.57%"
"04/25/2024","10.505","10.585","10.670","10.405","9.16M","-0.43%"
"04/24/2024","10.550","10.680","10.710","10.460","6.26M","-1.03%"
"04/23/2024","10.660","10.480","10.660","10.460","10.34M","2.21%"
"04/22/2024","10.430","10.295","10.435","10.195","6.36M","2.20%"
"04/19/2024","10.205","10.165","10.270","10.135","50.91M","-2.06%"
"04/18/2024","10.420","10.290","10.420","10.270","9.50M","1.96%"
"04/17/2024","10.220","9.966","10.295","9.960","8.58M","2.59%"
"04/16/2024","9.962","10.035","10.120","9.906","25.64M","-2.05%"
"04/15/2024","10.170","9.940","10.250","9.910","10.93M","1.19%"
"04/12/2024","10.050","10.055","10.135","9.924","12.24M","-0.69%"
"04/11/2024","10.120","10.300","10.395","9.986","14.91M","-2.93%"
"04/10/2024","10.425","10.480","10.495","10.260","11.37M","-0.52%"
"04/09/2024","10.480","10.650","10.670","10.480","9.20M","-1.60%"
"04/08/2024","10.650","10.620","10.720","10.570","10.50M","-3.23%"
"04/05/2024","11.005","11.135","11.140","10.905","63.57M","-2.05%"
"04/04/2024","11.235","11.100","11.275","11.085","36.69M","1.67%"
"04/03/2024","11.050","11.015","11.130","11.010","46.47M","0.73%"
"04/02/2024","10.970","11.050","11.090","10.910","9.89M","-0.63%"
"03/28/2024","11.040","10.905","11.140","10.885","15.04M","1.24%"
"03/27/2024","10.905","10.820","10.980","10.810","13.88M","0.60%"
"03/26/2024","10.840","10.835","10.875","10.740","10.37M","-0.14%"
"03/25/2024","10.855","10.810","10.990","10.810","8.34M","-0.41%"
"03/22/2024","10.900","10.800","10.945","10.780","11.58M","0.93%"
"03/21/2024","10.800","10.620","10.870","10.620","14.00M","2.61%"
"03/20/2024","10.525","10.515","10.535","10.420","9.73M","0.19%"
"03/19/2024","10.505","10.385","10.535","10.385","10.83M","1.16%"
"03/18/2024","10.385","10.420","10.550","10.385","12.85M","-0.29%"
"03/15/2024","10.415","10.180","10.515","10.165","42.05M","2.21%"
"03/14/2024","10.190","10.275","10.320","10.175","11.59M","-0.78%"
"03/13/2024","10.270","10.175","10.355","10.170","14.89M","0.74%"
"03/12/2024","10.195","9.952","10.220","9.952","14.80M","2.61%"
"03/11/2024","9.936","9.860","9.974","9.830","11.52M","0.38%"
"03/08/2024","9.898","9.872","10.040","9.862","11.94M","0.51%"
"03/07/2024","9.848","9.638","9.868","9.638","17.13M","1.93%"
"03/06/2024","9.662","9.470","9.720","9.466","12.86M","1.83%"
"03/05/2024","9.488","9.416","9.498","9.394","7.71M","0.79%"
"03/04/2024","9.414","9.358","9.454","9.350","7.26M","0.56%"
"03/01/2024","9.362","9.198","9.422","9.174","8.38M","1.92%"
"02/29/2024","9.186","9.294","9.348","9.146","30.98M","-1.44%"
"02/28/2024","9.320","9.342","9.442","9.254","9.86M","-0.53%"
"02/27/2024","9.370","9.432","9.518","9.320","10.84M","-0.91%"
"02/26/2024","9.456","9.410","9.490","9.408","5.68M","0.28%"
"02/23/2024","9.430","9.344","9.430","9.312","8.38M","1.05%"
"02/22/2024","9.332","9.324","9.406","9.274","8.88M","0.41%"
"02/21/2024","9.294","9.130","9.296","9.110","10.04M","2.15%"
"02/20/2024","9.098","9.020","9.110","8.954","7.39M","0.80%"
"02/19/2024","9.026","9.000","9.062","8.948","5.83M","0.11%"
"02/16/2024","9.016","9.100","9.122","8.954","10.98M","-0.29%"
"02/15/2024","9.042","9.202","9.202","8.960","10.93M","-1.57%"
"02/14/2024","9.186","9.274","9.360","9.180","9.46M","-0.95%"
"02/13/2024","9.274","9.290","9.306","9.202","9.05M","0.26%"
"02/12/2024","9.250","9.170","9.254","9.156","18.35M","1.07%"
"02/09/2024","9.152","9.098","9.162","9.074","13.67M","0.39%"
"02/08/2024","9.116","9.050","9.154","9.018","10.12M","1.45%"
"02/07/2024","8.986","9.040","9.046","8.848","12.63M","-1.30%"
"02/06/2024","9.104","8.990","9.158","8.980","13.93M","1.90%"
"02/05/2024","8.934","8.990","9.030","8.904","13.38M","-0.31%"
"02/02/2024","8.962","8.784","8.988","8.714","13.33M","3.32%"
"02/01/2024","8.674","8.650","8.848","8.622","11.35M","-0.02%"
"01/31/2024","8.676","8.670","8.740","8.608","16.26M","0.72%"
"01/30/2024","8.614","8.182","8.636","8.086","17.78M","6.16%"
"01/29/2024","8.114","8.106","8.154","7.998","7.39M","0.27%"
"01/26/2024","8.092","8.112","8.128","8.052","6.22M","0.02%"
"01/25/2024","8.090","8.186","8.188","8.010","7.48M","-1.65%"
"01/24/2024","8.226","8.142","8.226","8.106","5.78M","1.13%"
"01/23/2024","8.134","8.184","8.198","8.064","7.53M","-0.47%"
"01/22/2024","8.172","8.094","8.172","8.046","8.14M","2.20%"
"01/19/2024","7.996","8.140","8.140","7.974","7.69M","-1.09%"
"01/18/2024","8.084","8.100","8.156","8.038","12.72M","-0.12%"
"01/17/2024","8.094","8.050","8.112","7.994","9.19M","-0.59%"
"01/16/2024","8.142","8.200","8.202","8.086","9.40M","-1.33%"
"01/15/2024","8.252","8.338","8.376","8.216","4.90M","-0.43%"
"01/12/2024","8.288","8.314","8.386","8.268","5.66M","0.10%"
"01/11/2024","8.280","8.454","8.506","8.280","6.98M","-1.45%"
"01/10/2024","8.402","8.404","8.436","8.348","7.74M","-0.14%"
"01/09/2024","8.414","8.528","8.530","8.316","11.06M","-2.19%"
"01/08/2024","8.602","8.500","8.628","8.446","6.90M","1.03%"
"01/05/2024","8.514","8.440","8.554","8.370","7.36M","0.64%"
"01/04/2024","8.460","8.348","8.472","8.336","6.04M","1.68%"
"01/03/2024","8.320","8.460","8.500","8.300","7.95M","-1.26%"
"01/02/2024","8.426","8.280","8.482","8.272","12.88M","2.43%"
"12/29/2023","8.226","8.194","8.266","8.182","4.49M","0.42%"
"12/28/2023","8.192","8.248","8.258","8.162","4.26M","-0.61%"
"12/27/2023","8.242","8.250","8.284","8.202","5.99M","0.05%"
"12/22/2023","8.238","8.234","8.278","8.186","5.92M","0.07%"
"12/21/2023","8.232","8.168","8.242","8.158","4.61M","0.76%"
"12/20/2023","8.170","8.290","8.290","8.128","12.58M","-1.11%"
"12/19/2023","8.262","8.226","8.288","8.170","8.94M","0.15%"
"12/18/2023","8.250","8.266","8.308","8.228","11.06M","-0.41%"
"12/15/2023","8.284","8.394","8.418","8.232","24.88M","-1.05%"
"12/14/2023","8.372","8.490","8.508","8.294","14.78M","-0.64%"
"12/13/2023","8.426","8.402","8.460","8.324","15.79M","0.07%"
"12/12/2023","8.420","8.500","8.518","8.384","8.91M","-0.85%"
"12/11/2023","8.492","8.510","8.550","8.476","13.26M","-0.16%"
"12/08/2023","8.506","8.476","8.524","8.406","7.54M","0.57%"
"12/07/2023","8.458","8.580","8.632","8.356","10.04M","-1.74%"
"12/06/2023","8.608","8.660","8.680","8.594","7.14M","-0.23%"
"12/05/2023","8.628","8.656","8.718","8.576","8.09M","-0.37%"
"12/04/2023","8.660","8.618","8.688","8.554","6.39M","1.22%"
"12/01/2023","8.556","8.572","8.610","8.534","8.05M","0.59%"
"11/30/2023","8.506","8.704","8.726","8.480","22.89M","-2.18%"
"11/29/2023","8.696","8.580","8.708","8.578","11.60M","1.28%"
"11/28/2023","8.586","8.404","8.586","8.388","12.85M","2.21%"
"11/27/2023","8.400","8.388","8.426","8.368","11.36M","0.12%"
"11/24/2023","8.390","8.440","8.514","8.390","11.54M","-0.64%"
"11/23/2023","8.444","8.330","8.490","8.324","11.42M","0.86%"
"11/22/2023","8.372","8.300","8.386","8.298","11.23M","0.92%"
"11/21/2023","8.296","8.260","8.336","8.230","10.61M","0.12%"
"11/20/2023","8.286","8.280","8.332","8.270","12.60M","0.02%"
"11/17/2023","8.284","8.200","8.302","8.192","24.37M","1.42%"
"11/16/2023","8.168","8.220","8.260","8.166","10.86M","-0.66%"
"11/15/2023","8.222","8.200","8.300","8.172","11.85M","0.05%"
"11/14/2023","8.218","8.000","8.240","7.996","18.86M","2.67%"
"11/13/2023","8.004","7.898","8.024","7.898","12.74M","1.32%"
"11/10/2023","7.900","7.900","7.990","7.900","10.27M","-0.90%"
"11/09/2023","7.972","7.840","7.978","7.814","13.50M","1.79%"
"11/08/2023","7.832","7.666","7.862","7.662","17.02M","1.40%"
"11/07/2023","7.724","7.688","7.786","7.660","8.73M","0.08%"
"11/06/2023","7.718","7.708","7.766","7.652","10.69M","-0.21%"
"11/03/2023","7.734","7.684","7.746","7.624","13.74M","1.28%"
"11/02/2023","7.636","7.622","7.666","7.550","11.45M","0.61%"
"11/01/2023","7.590","7.478","7.648","7.426","11.48M","2.26%"
"10/31/2023","7.422","7.094","7.516","7.050","18.35M","-1.09%"
"10/30/2023","7.504","7.466","7.536","7.406","11.14M","0.83%"
"10/27/2023","7.442","7.516","7.624","7.414","11.43M","-0.27%"
"10/26/2023","7.462","7.378","7.474","7.306","15.55M","0.43%"
"10/25/2023","7.430","7.370","7.470","7.322","16.91M","0.51%"
"10/24/2023","7.392","7.522","7.528","7.360","19.72M","-1.73%"
"10/23/2023","7.522","7.522","7.544","7.430","9.43M","-0.24%"
"10/20/2023","7.540","7.590","7.618","7.520","14.94M","-1.10%"
"10/19/2023","7.624","7.666","7.680","7.566","15.06M","-0.83%"
"10/18/2023","7.688","7.766","7.798","7.668","14.54M","-0.72%"
"10/17/2023","7.744","7.698","7.758","7.654","24.42M","0.57%"
"10/16/2023","7.700","7.730","7.756","7.630","10.28M","0.23%"
"10/13/2023","7.682","7.780","7.808","7.650","12.67M","-1.49%"
"10/12/2023","7.798","7.792","7.846","7.748","14.34M","0.21%"
"10/11/2023","7.782","7.604","7.792","7.580","37.24M","1.73%"
"10/10/2023","7.650","7.492","7.708","7.492","12.84M","3.07%"
"10/09/2023","7.422","7.484","7.550","7.396","10.81M","-3.31%"
"10/06/2023","7.676","7.692","7.718","7.584","15.80M","0.44%"
"10/05/2023","7.642","7.686","7.746","7.576","12.88M","0.21%"
"10/04/2023","7.626","7.710","7.760","7.566","38.07M","-1.37%"
"10/03/2023","7.732","7.636","7.882","7.618","81.70M","0.52%"
"10/02/2023","7.692","7.720","7.822","7.666","79.61M","-0.23%"
"09/29/2023","7.710","7.678","7.756","7.636","19.30M","0.29%"
"09/28/2023","7.688","7.476","7.688","7.462","17.71M","3.25%"
"09/27/2023","7.446","7.354","7.470","7.330","9.51M","1.03%"
"09/26/2023","7.370","7.380","7.430","7.304","9.14M","-0.27%"
"09/25/2023","7.390","7.450","7.548","7.350","6.97M","-1.02%"
"09/22/2023","7.466","7.468","7.524","7.434","24.34M","-0.35%"
"09/21/2023","7.492","7.410","7.504","7.376","10.73M","-0.03%"
"09/20/2023","7.494","7.330","7.508","7.300","17.89M","2.46%"
"09/19/2023","7.314","7.134","7.314","7.084","9.90M","2.21%"
"09/18/2023","7.156","7.208","7.244","7.106","7.86M","-0.75%"
"09/15/2023","7.210","7.280","7.318","7.176","22.77M","-0.47%"
"09/14/2023","7.244","7.100","7.260","7.062","19.02M","1.77%"
"09/13/2023","7.118","7.092","7.158","7.056","6.35M","0.37%"
"09/12/2023","7.092","7.078","7.120","7.050","9.63M","0.31%"
"09/11/2023","7.070","7.028","7.120","7.012","7.85M","1.43%"
"09/08/2023","6.970","7.000","7.000","6.826","8.84M","0.37%"
"09/07/2023","6.944","7.000","7.068","6.942","9.17M","-1.08%"
"09/06/2023","7.020","7.148","7.152","6.996","15.10M","-1.90%"
"09/05/2023","7.156","7.224","7.254","7.144","12.93M","-1.81%"
"09/04/2023","7.288","7.302","7.358","7.262","3.65M","0.33%"
"09/01/2023","7.264","7.304","7.414","7.264","10.12M","-0.03%"
"08/31/2023","7.266","7.414","7.434","7.264","16.22M","-1.73%"
"08/30/2023","7.394","7.380","7.500","7.378","11.95M","0.60%"
"08/29/2023","7.350","7.312","7.382","7.274","10.42M","0.96%"
"08/28/2023","7.280","7.280","7.292","7.202","","1.82%"
"08/25/2023","7.150","7.166","7.232","7.124","5.39M","-0.31%"
"08/24/2023","7.172","7.130","7.186","7.070","11.10M","1.33%"
"08/23/2023","7.078","7.142","7.214","7.044","6.37M","-0.70%"
"08/22/2023","7.128","7.142","7.208","7.116","6.79M","0.45%"
"08/21/2023","7.096","7.064","7.170","7.062","5.13M","0.51%"
"08/18/2023","7.060","7.034","7.072","6.990","6.68M","-0.25%"
"08/17/2023","7.078","7.066","7.170","7.034","7.48M","-0.17%"
"08/16/2023","7.090","7.064","7.156","7.048","11.53M","-0.31%"
"08/15/2023","7.112","7.204","7.222","7.042","5.89M","-1.25%"
"08/14/2023","7.202","7.164","7.302","7.164","8.07M","0.31%"
"08/11/2023","7.180","7.142","7.214","7.134","10.82M","0.20%"
"08/10/2023","7.166","6.964","7.200","6.950","21.91M","3.70%"
"08/09/2023","6.910","6.964","6.984","6.862","6.61M","1.11%"
"08/08/2023","6.834","6.870","6.896","6.690","13.06M","-1.92%"
"08/07/2023","6.968","6.948","6.990","6.856","6.15M","0.64%"
"08/04/2023","6.924","6.928","6.990","6.864","12.48M","0.76%"
"08/03/2023","6.872","6.830","6.884","6.762","12.33M","-0.09%"
"08/02/2023","6.878","6.900","6.964","6.822","15.65M","-1.74%"
"08/01/2023","7.000","7.210","7.240","6.970","11.74M","-2.91%"
"07/31/2023","7.210","7.376","7.386","7.186","11.52M","-1.66%"
"07/28/2023","7.332","7.250","7.438","7.162","21.80M","1.55%"
"07/27/2023","7.220","7.150","7.220","7.094","13.24M","1.52%"
"07/26/2023","7.112","7.120","7.144","7.016","9.33M","-0.25%"
"07/25/2023","7.130","7.120","7.162","7.088","4.84M","0.17%"
"07/24/2023","7.118","6.968","7.118","6.910","6.61M","-0.11%"
"07/21/2023","7.126","7.190","7.190","7.062","10.15M","-0.95%"
"07/20/2023","7.194","7.126","7.228","7.118","7.86M","1.27%"
"07/19/2023","7.104","7.180","7.206","7.050","7.15M","-0.81%"
"07/18/2023","7.162","7.146","7.174","7.064","7.15M","0.90%"
"07/17/2023","7.098","7.078","7.134","7.036","4.28M","0.25%"
"07/14/2023","7.080","7.090","7.176","7.062","6.84M","-0.17%"
"07/13/2023","7.092","7.076","7.154","7.040","8.37M","-0.20%"
"07/12/2023","7.106","6.954","7.128","6.954","10.06M","2.36%"
"07/11/2023","6.942","6.916","6.970","6.834","7.17M","0.93%"
"07/10/2023","6.878","6.854","6.964","6.844","5.72M","-0.23%"
"07/07/2023","6.894","6.848","6.926","6.792","7.85M","0.79%"
"07/06/2023","6.840","6.896","6.938","6.794","9.64M","-1.70%"
"07/05/2023","6.958","6.990","7.030","6.932","8.77M","-0.94%"
"07/04/2023","7.024","7.100","7.136","7.022","5.44M","-0.93%"
"07/03/2023","7.090","7.030","7.164","7.030","7.88M","0.82%"
"06/30/2023","7.032","6.980","7.128","6.960","18.40M","1.06%"
"06/29/2023","6.958","6.860","6.972","6.858","12.20M","1.52%"
"06/28/2023","6.854","6.794","6.860","6.782","8.46M","1.03%"
"06/27/2023","6.784","6.760","6.812","6.682","9.76M","0.53%"
"06/26/2023","6.748","6.662","6.754","6.534","9.44M","1.44%"
"06/23/2023","6.652","6.658","6.710","6.550","11.66M","-1.19%"
"06/22/2023","6.732","6.674","6.738","6.586","9.19M","-0.56%"
"06/21/2023","6.770","6.744","6.858","6.720","7.12M","0.45%"
"06/20/2023","6.740","6.764","6.808","6.714","5.88M","-0.85%"
"06/19/2023","6.798","6.772","6.856","6.758","5.92M","0.12%"
"06/16/2023","6.790","6.758","6.838","6.716","31.48M","0.83%"
"06/15/2023","6.734","6.750","6.796","6.686","11.10M","-0.62%"
"06/14/2023","6.776","6.546","6.814","6.540","17.04M","3.74%"
"06/13/2023","6.532","6.554","6.560","6.408","14.65M","-0.34%"
"06/12/2023","6.554","6.554","6.606","6.498","7.50M","0.68%"
"06/09/2023","6.510","6.594","6.634","6.426","7.31M","-1.15%"
"06/08/2023","6.586","6.540","6.686","6.522","11.15M","1.51%"
"06/07/2023","6.488","6.492","6.510","6.364","9.04M","0.15%"
"06/06/2023","6.478","6.434","6.486","6.398","8.16M","0.22%"
"06/05/2023","6.464","6.516","6.570","6.398","21.45M","-0.40%"
"06/02/2023","6.490","6.332","6.498","6.288","12.19M","3.74%"
"06/01/2023","6.256","6.216","6.324","6.182","8.46M","2.22%"
"05/31/2023","6.120","6.300","6.360","6.058","83.95M","-3.74%"
"05/30/2023","6.358","6.382","6.492","6.314","10.62M","-0.66%"
"05/29/2023","6.400","6.550","6.550","6.360","5.25M","-1.23%"
"05/26/2023","6.480","6.410","6.504","6.296","8.26M","1.00%"
"05/25/2023","6.416","6.330","6.462","6.286","13.07M","1.20%"
"05/24/2023","6.340","6.390","6.414","6.296","17.61M","-2.34%"
"05/23/2023","6.492","6.510","6.510","6.462","6.75M","-0.18%"
"05/22/2023","6.504","6.460","6.568","6.460","11.12M","0.18%"
"05/19/2023","6.492","6.500","6.544","6.466","13.64M","0.43%"
"05/18/2023","6.464","6.440","6.504","6.406","8.61M","1.51%"
"05/17/2023","6.368","6.250","6.368","6.250","7.95M","1.08%"
"05/16/2023","6.300","6.316","6.350","6.244","8.07M","-0.35%"
"05/15/2023","6.322","6.466","6.528","6.276","15.65M","-4.18%"
"05/12/2023","6.598","6.576","6.652","6.568","15.09M","0.92%"
"05/11/2023","6.538","6.300","6.570","6.298","17.82M","3.74%"
"05/10/2023","6.302","6.370","6.422","6.256","7.76M","-0.13%"
"05/09/2023","6.310","6.376","6.424","6.266","6.91M","-1.22%"
"05/08/2023","6.388","6.340","6.406","6.336","5.45M","1.56%"
"05/05/2023","6.290","6.238","6.298","6.134","14.12M","1.78%"
"05/04/2023","6.180","6.268","6.312","6.114","11.03M","-1.75%"
"05/03/2023","6.290","6.500","6.516","6.218","23.86M","-1.78%"
"05/02/2023","6.404","6.698","6.698","6.386","12.24M","-3.70%"
"04/28/2023","6.650","6.950","6.950","6.614","13.84M","-3.48%"
"04/27/2023","6.890","6.704","6.896","6.658","12.62M","3.11%"
"04/26/2023","6.682","6.600","6.694","6.484","11.34M","0.51%"
"04/25/2023","6.648","6.716","6.724","6.614","9.04M","-2.44%"
"04/24/2023","6.814","6.732","6.838","6.702","10.99M","0.47%"
"04/21/2023","6.782","6.752","6.782","6.678","14.78M","-0.47%"
"04/20/2023","6.814","6.990","7.048","6.756","10.68M","-1.50%"
"04/19/2023","6.918","6.848","6.944","6.816","12.20M","0.82%"
"04/18/2023","6.862","6.780","6.928","6.772","15.65M","2.23%"
"04/17/2023","6.712","6.832","6.860","6.680","18.79M","-1.38%"
"04/14/2023","6.806","6.650","6.806","6.616","64.72M","2.69%"
"04/13/2023","6.628","6.598","6.664","6.586","51.06M","0.45%"
"04/12/2023","6.598","6.486","6.678","6.486","61.37M","1.79%"
"04/11/2023","6.482","6.624","6.686","6.476","170.54M","-1.49%"
"04/06/2023","6.580","6.496","6.604","6.490","12.54M","1.86%"
"04/05/2023","6.460","6.406","6.492","6.376","14.63M","1.16%"
"04/04/2023","6.386","6.288","6.508","6.288","11.83M","1.75%"
"04/03/2023","6.276","6.280","6.418","6.272","14.52M","-4.49%"
"03/31/2023","6.571","6.660","6.695","6.543","43.52M","-0.73%"
"03/30/2023","6.619","6.599","6.690","6.547","71.77M","2.13%"
"03/29/2023","6.481","6.380","6.497","6.360","70.32M","2.16%"
"03/28/2023","6.344","6.350","6.399","6.241","137.23M","1.41%"
"03/27/2023","6.256","6.252","6.332","6.122","72.70M","2.07%"
"03/24/2023","6.129","6.350","6.350","6.021","28.08M","-4.43%"
"03/23/2023","6.413","6.450","6.579","6.374","20.91M","-2.61%"
"03/22/2023","6.585","6.538","6.754","6.489","29.35M","0.27%"
"03/21/2023","6.567","6.358","6.632","6.356","24.75M","5.39%"
"03/20/2023","6.231","5.990","6.329","5.735","35.74M","3.23%"
"03/17/2023","6.036","6.275","6.405","5.967","34.55M","-3.49%"
"03/16/2023","6.254","6.390","6.398","6.042","27.26M","3.41%"
"03/15/2023","6.048","6.681","6.687","5.929","49.37M","-9.60%"
"03/14/2023","6.690","6.430","6.729","6.371","24.00M","3.42%"
"03/13/2023","6.469","7.050","7.050","6.374","43.02M","-8.24%"
"03/10/2023","7.050","7.040","7.100","6.940","20.60M","-3.41%"
"03/09/2023","7.299","7.300","7.330","7.278","7.43M","-0.30%"
"03/08/2023","7.321","7.253","7.353","7.183","8.37M","0.47%"
"03/07/2023","7.287","7.450","7.555","7.287","14.56M","-2.14%"
"03/06/2023","7.446","7.400","7.454","7.370","6.98M","0.92%"
"03/03/2023","7.378","7.276","7.388","7.258","8.31M","1.63%"
"03/02/2023","7.260","7.205","7.262","7.135","9.82M","0.48%"
"03/01/2023","7.225","7.412","7.431","7.200","15.33M","-2.01%"
"02/28/2023","7.373","7.151","7.450","7.129","35.46M","2.59%"
"02/27/2023","7.187","7.070","7.220","7.064","11.03M","2.26%"
"02/24/2023","7.028","7.037","7.109","7.020","16.49M","-0.07%"
"02/23/2023","7.033","6.963","7.052","6.961","9.96M","1.24%"
"02/22/2023","6.947","6.923","6.950","6.878","11.97M","-0.30%"
"02/21/2023","6.968","6.958","6.989","6.842","8.37M","-0.07%"
"02/20/2023","6.973","7.001","7.023","6.964","5.04M","-0.04%"
"02/17/2023","6.976","6.953","7.015","6.927","24.01M","-0.49%"
"02/16/2023","7.010","6.915","7.015","6.914","18.85M","1.86%"
"02/15/2023","6.882","6.856","6.904","6.811","11.76M","0.10%"
"02/14/2023","6.875","6.849","6.957","6.809","12.32M","0.64%"
"02/13/2023","6.831","6.750","6.841","6.749","20.10M","1.35%"
"02/10/2023","6.740","6.780","6.818","6.696","9.95M","-0.88%"
"02/09/2023","6.800","6.798","6.828","6.650","11.73M","0.70%"
"02/08/2023","6.753","6.820","6.820","6.721","14.73M","-0.35%"
"02/07/2023","6.777","6.812","6.849","6.735","11.21M","-0.19%"
"02/06/2023","6.790","6.844","6.848","6.772","10.80M","-1.69%"
"02/03/2023","6.907","6.784","6.928","6.765","16.18M","1.60%"
"02/02/2023","6.798","6.723","6.960","6.700","21.94M","0.46%"
"02/01/2023","6.767","6.500","6.790","6.482","32.23M","4.70%"
"01/31/2023","6.463","6.460","6.482","6.375","13.75M","0.37%"
"01/30/2023","6.439","6.410","6.466","6.372","6.88M","0.08%"
"01/27/2023","6.434","6.450","6.507","6.404","18.64M","0.26%"
"01/26/2023","6.417","6.332","6.447","6.329","19.02M","1.99%"
"01/25/2023","6.292","6.356","6.381","6.264","16.92M","-2.16%"
"01/24/2023","6.431","6.461","6.507","6.350","9.18M","-0.29%"
"01/23/2023","6.450","6.387","6.508","6.340","11.26M","1.30%"
"01/20/2023","6.367","6.369","6.402","6.315","16.92M","0.90%"
"01/19/2023","6.310","6.390","6.413","6.191","18.79M","-2.06%"
"01/18/2023","6.443","6.404","6.486","6.404","15.19M","0.44%"
"01/17/2023","6.415","6.398","6.449","6.388","11.52M","0.27%"
"01/16/2023","6.398","6.370","6.414","6.340","7.11M","0.57%"
"01/13/2023","6.362","6.337","6.412","6.287","12.72M","0.65%"
"01/12/2023","6.321","6.295","6.357","6.252","13.22M","0.77%"
"01/11/2023","6.273","6.330","6.333","6.251","12.18M","-0.59%"
"01/10/2023","6.310","6.250","6.329","6.237","12.86M","0.53%"
"01/09/2023","6.277","6.210","6.286","6.201","19.67M","1.08%"
"01/06/2023","6.210","6.170","6.228","6.155","12.50M","0.91%"
"01/05/2023","6.154","6.070","6.168","6.040","15.48M","0.89%"
"01/04/2023","6.100","5.900","6.100","5.899","24.33M","3.94%"
"01/03/2023","5.869","5.763","5.899","5.740","13.86M","1.50%"
"01/02/2023","5.782","5.691","5.786","5.669","7.79M","2.63%"
"12/30/2022","5.634","5.683","5.688","5.630","7.80M","-1.19%"
"12/29/2022","5.702","5.628","5.720","5.610","8.44M","0.83%"
"12/28/2022","5.655","5.656","5.687","5.636","5.82M","0.11%"
"12/27/2022","5.649","5.667","5.690","5.629","6.96M","-0.30%"
"12/23/2022","5.666","5.650","5.693","5.622","6.92M","0.44%"
"12/22/2022","5.641","5.689","5.720","5.625","12.37M","-0.81%"
"12/21/2022","5.687","5.577","5.687","5.538","13.72M","2.34%"
"12/20/2022","5.557","5.374","5.583","5.355","17.60M","2.83%"
"12/19/2022","5.404","5.400","5.428","5.374","9.29M","0.11%"
"12/16/2022","5.398","5.316","5.425","5.301","34.32M","1.16%"
"12/15/2022","5.336","5.532","5.534","5.317","18.17M","-3.63%"
"12/14/2022","5.537","5.527","5.537","5.463","10.76M","-0.34%"
"12/13/2022","5.556","5.500","5.629","5.485","17.16M","1.22%"
"12/12/2022","5.489","5.513","5.531","5.463","10.47M","-0.80%"
"12/09/2022","5.533","5.520","5.539","5.473","10.82M","0.38%"
"12/08/2022","5.512","5.530","5.546","5.497","8.17M","-0.09%"
"12/07/2022","5.517","5.519","5.555","5.488","9.47M","-0.47%"
"12/06/2022","5.543","5.520","5.568","5.453","11.07M","-0.20%"
"12/05/2022","5.554","5.582","5.612","5.544","8.40M","-1.03%"
"12/02/2022","5.612","5.552","5.619","5.518","11.73M","0.83%"
"12/01/2022","5.566","5.640","5.665","5.564","15.28M","-0.82%"
"11/30/2022","5.612","5.611","5.642","5.535","70.04M","-0.21%"
"11/29/2022","5.624","5.561","5.663","5.525","12.41M","1.52%"
"11/28/2022","5.540","5.593","5.628","5.540","10.05M","-1.79%"
"11/25/2022","5.641","5.590","5.644","5.572","11.96M","1.09%"
"11/24/2022","5.580","5.536","5.598","5.524","8.36M","0.79%"
"11/23/2022","5.536","5.517","5.559","5.465","12.08M","0.31%"
"11/22/2022","5.519","5.460","5.557","5.459","13.24M","1.17%"
"11/21/2022","5.455","5.410","5.498","5.410","13.63M","0.13%"
"11/18/2022","5.448","5.380","5.448","5.354","16.37M","2.18%"
"11/17/2022","5.332","5.380","5.390","5.292","21.51M","-0.56%"
"11/16/2022","5.362","5.396","5.425","5.351","10.82M","-0.91%"
"11/15/2022","5.411","5.381","5.444","5.339","14.25M","0.78%"
"11/14/2022","5.369","5.300","5.385","5.267","9.24M","1.36%"
"11/11/2022","5.297","5.290","5.335","5.223","12.20M","-0.17%"
"11/10/2022","5.306","5.260","5.347","5.207","16.91M","0.36%"
"11/09/2022","5.287","5.294","5.392","5.286","20.35M","-0.62%"
"11/08/2022","5.320","5.340","5.357","5.299","8.61M","-0.32%"
"11/07/2022","5.337","5.283","5.370","5.255","9.77M","0.62%"
"11/04/2022","5.304","5.285","5.338","5.227","12.71M","1.47%"
"11/03/2022","5.227","5.253","5.253","5.154","12.19M","-1.12%"
"11/02/2022","5.286","5.298","5.333","5.261","12.86M","0.59%"
"11/01/2022","5.255","5.249","5.299","5.229","11.44M","0.88%"
"10/31/2022","5.209","5.240","5.272","5.172","15.56M","-0.71%"
"10/28/2022","5.246","5.197","5.248","5.021","20.86M","-0.23%"
"10/27/2022","5.258","5.206","5.258","5.127","13.73M","0.71%"
"10/26/2022","5.221","5.269","5.290","5.183","12.92M","-0.17%"
"10/25/2022","5.230","5.204","5.265","5.134","15.24M","0.79%"
"10/24/2022","5.189","5.060","5.207","5.027","19.20M","3.79%"
"10/21/2022","4.999","5.010","5.032","4.903","14.47M","-0.94%"
"10/20/2022","5.047","4.940","5.074","4.935","14.98M","1.65%"
"10/19/2022","4.965","4.960","4.988","4.890","16.02M","0.43%"
"10/18/2022","4.944","4.883","5.016","4.869","87.79M","1.76%"
"10/17/2022","4.858","4.747","4.891","4.718","104.74M","2.35%"
"10/14/2022","4.747","4.791","4.840","4.727","14.57M","0.54%"
"10/13/2022","4.721","4.550","4.740","4.532","14.50M","3.01%"
"10/12/2022","4.583","4.556","4.600","4.506","9.11M","0.12%"
"10/11/2022","4.577","4.596","4.600","4.521","9.57M","-0.92%"
"10/10/2022","4.620","4.580","4.655","4.577","9.59M","0.00%"
"10/07/2022","4.620","4.674","4.728","4.594","13.69M","-3.74%"
"10/06/2022","4.799","4.854","4.864","4.780","11.13M","-0.43%"
"10/05/2022","4.820","4.869","4.905","4.792","19.75M","-1.67%"
"10/04/2022","4.902","4.760","4.938","4.719","76.39M","4.69%"
"10/03/2022","4.682","4.568","4.691","4.512","32.50M","1.34%"
"09/30/2022","4.621","4.598","4.632","4.543","19.08M","1.49%"
"09/29/2022","4.552","4.606","4.634","4.502","38.24M","-1.96%"
"09/28/2022","4.643","4.600","4.667","4.517","15.61M","0.03%"
"09/27/2022","4.642","4.820","4.826","4.582","17.43M","-2.10%"
"09/26/2022","4.741","4.702","4.801","4.675","14.38M","-0.35%"
"09/23/2022","4.758","4.883","4.887","4.670","17.83M","-2.90%"
"09/22/2022","4.900","4.860","5.006","4.834","11.70M","-0.63%"
"09/21/2022","4.931","4.861","4.988","4.837","13.23M","0.41%"
"09/20/2022","4.911","4.929","4.985","4.881","12.26M","-0.05%"
"09/19/2022","4.913","4.912","4.957","4.861","10.50M","-0.28%"
"09/16/2022","4.927","4.896","4.959","4.841","52.70M","-1.19%"
"09/15/2022","4.987","4.907","5.023","4.904","19.26M","2.23%"
"09/14/2022","4.878","4.854","4.956","4.831","13.57M","-0.18%"
"09/13/2022","4.887","4.965","4.995","4.851","18.77M","-1.39%"
"09/12/2022","4.956","4.894","4.979","4.876","43.15M","2.14%"
"09/09/2022","4.852","4.740","4.878","4.707","19.01M","4.91%"
"09/08/2022","4.625","4.547","4.668","4.493","22.87M","3.00%"
"09/07/2022","4.490","4.444","4.502","4.409","8.85M","-0.04%"
"09/06/2022","4.492","4.459","4.519","4.420","8.13M","0.51%"
"09/05/2022","4.470","4.431","4.471","4.395","8.44M","-2.00%"
"09/02/2022","4.561","4.507","4.574","4.449","10.37M","2.82%"
"09/01/2022","4.436","4.450","4.509","4.399","11.20M","-1.25%"
"08/31/2022","4.491","4.500","4.542","4.467","16.89M","0.11%"
"08/30/2022","4.486","4.460","4.606","4.430","11.89M","1.20%"
"08/29/2022","4.433","4.403","4.468","4.356","8.92M","-0.44%"
"08/26/2022","4.453","4.560","4.587","4.431","10.32M","-1.51%"
"08/25/2022","4.522","4.596","4.596","4.481","7.55M","-0.51%"
"08/24/2022","4.544","4.558","4.580","4.503","8.19M","-0.89%"
"08/23/2022","4.585","4.531","4.617","4.515","9.61M","0.76%"
"08/22/2022","4.551","4.656","4.672","4.508","15.59M","-3.07%"
"08/19/2022","4.695","4.826","4.851","4.659","17.91M","-3.36%"
"08/18/2022","4.858","4.824","4.911","4.819","12.41M","0.70%"
"08/17/2022","4.824","4.887","4.947","4.819","14.58M","-0.68%"
"08/16/2022","4.857","4.820","4.871","4.799","15.47M","1.25%"
"08/15/2022","4.797","4.798","4.800","4.737","14.91M","0.42%"
"08/12/2022","4.777","4.750","4.801","4.747","15.00M","1.02%"
"08/11/2022","4.729","4.733","4.749","4.709","13.04M","0.42%"
"08/10/2022","4.709","4.681","4.710","4.655","14.16M","0.66%"
"08/09/2022","4.678","4.642","4.719","4.635","13.75M","0.68%"
"08/08/2022","4.647","4.668","4.681","4.595","13.27M","0.55%"
"08/05/2022","4.621","4.576","4.650","4.568","13.91M","0.25%"
"08/04/2022","4.609","4.560","4.664","4.557","14.94M","1.12%"
"08/03/2022","4.558","4.432","4.565","4.395","21.06M","3.24%"
"08/02/2022","4.416","4.365","4.456","4.360","18.14M","1.15%"
"08/01/2022","4.365","4.417","4.511","4.360","16.47M","-1.17%"
"07/29/2022","4.417","4.312","4.445","4.280","37.56M","5.97%"
"07/28/2022","4.168","4.194","4.209","4.121","20.74M","0.19%"
"07/27/2022","4.160","4.126","4.176","4.110","13.79M","1.32%"
"07/26/2022","4.106","4.162","4.167","4.087","16.09M","-2.17%"
"07/25/2022","4.197","4.140","4.218","4.138","12.69M","1.18%"
"07/22/2022","4.148","4.170","4.232","4.130","16.41M","-1.25%"
"07/21/2022","4.201","4.135","4.300","4.122","21.15M","0.73%"
"07/20/2022","4.170","4.286","4.310","4.109","23.88M","-2.12%"
"07/19/2022","4.260","4.073","4.279","4.060","20.50M","3.91%"
"07/18/2022","4.100","4.170","4.190","4.064","23.01M","-0.02%"
"07/15/2022","4.101","4.000","4.118","3.972","24.92M","2.54%"
"07/14/2022","4.000","4.104","4.137","3.986","20.21M","-3.11%"
"07/13/2022","4.128","4.175","4.175","4.060","21.97M","0.11%"
"07/12/2022","4.123","4.251","4.271","3.993","31.61M","-3.77%"
"07/11/2022","4.285","4.307","4.380","4.264","24.86M","-2.55%"
"07/08/2022","4.397","4.352","4.440","4.306","15.26M","0.79%"
"07/07/2022","4.363","4.295","4.408","4.282","20.15M","3.63%"
"07/06/2022","4.209","4.266","4.305","4.161","19.66M","-0.13%"
"07/05/2022","4.215","4.415","4.439","4.215","17.45M","-3.62%"
"07/04/2022","4.373","4.366","4.407","4.317","17.81M","1.39%"
"07/01/2022","4.313","4.302","4.424","4.275","16.96M","-0.39%"
"06/30/2022","4.331","4.300","4.344","4.202","19.58M","0.30%"
"06/29/2022","4.318","4.357","4.403","4.310","10.37M","-2.08%"
"06/28/2022","4.409","4.450","4.498","4.401","11.80M","-0.11%"
"06/27/2022","4.414","4.360","4.457","4.360","18.76M","1.63%"
"06/24/2022","4.343","4.265","4.354","4.212","29.51M","2.36%"
"06/23/2022","4.243","4.316","4.375","4.213","16.54M","-2.96%"
"06/22/2022","4.372","4.240","4.416","4.205","19.04M","1.50%"
"06/21/2022","4.308","4.337","4.420","4.288","16.31M","-0.50%"
"06/20/2022","4.330","4.293","4.354","4.240","14.58M","1.33%"
"06/17/2022","4.273","4.228","4.381","4.195","61.43M","2.41%"
"06/16/2022","4.172","4.250","4.252","4.128","24.82M","-2.10%"
"06/15/2022","4.261","4.346","4.347","4.258","25.68M","1.61%"
"06/14/2022","4.194","4.232","4.261","4.143","24.18M","0.96%"
"06/13/2022","4.154","4.310","4.315","4.154","35.46M","-3.63%"
"06/10/2022","4.311","4.686","4.686","4.311","51.19M","-9.13%"
"06/09/2022","4.744","4.946","4.950","4.744","27.64M","-4.69%"
"06/08/2022","4.977","5.050","5.051","4.948","11.90M","-1.23%"
"06/07/2022","5.039","5.075","5.107","5.036","8.67M","-1.27%"
"06/06/2022","5.104","4.994","5.119","4.992","9.49M","2.96%"
"06/03/2022","4.957","5.021","5.034","4.942","7.83M","-0.62%"
"06/02/2022","4.989","5.035","5.052","4.968","9.12M","-0.39%"
"06/01/2022","5.008","5.110","5.139","5.001","13.53M","-1.40%"
"05/31/2022","5.079","5.123","5.160","5.046","24.68M","-1.32%"
"05/30/2022","5.147","5.080","5.147","5.061","24.52M","2.10%"
"05/27/2022","5.041","5.012","5.044","4.968","14.88M","0.68%"
"05/26/2022","5.007","4.928","5.019","4.916","17.37M","2.29%"
"05/25/2022","4.895","4.900","4.951","4.828","15.40M","1.04%"
"05/24/2022","4.845","4.818","4.910","4.795","16.52M","-0.54%"
"05/23/2022","4.871","4.841","4.871","4.786","13.31M","2.60%"
"05/20/2022","4.747","4.816","4.828","4.735","24.91M","-0.40%"
"05/19/2022","4.766","4.814","4.820","4.701","13.75M","-1.80%"
"05/18/2022","4.854","4.910","4.968","4.832","19.25M","-0.95%"
"05/17/2022","4.900","4.900","4.929","4.873","11.19M","1.08%"
"05/16/2022","4.848","4.804","4.870","4.769","14.41M","-0.04%"
"05/13/2022","4.850","4.763","4.857","4.754","22.72M","3.01%"
"05/12/2022","4.708","4.627","4.755","4.613","23.75M","-0.82%"
"05/11/2022","4.747","4.677","4.797","4.576","26.42M","2.32%"
"05/10/2022","4.640","4.648","4.813","4.633","24.83M","1.33%"
"05/09/2022","4.579","4.633","4.695","4.579","20.68M","-0.22%"
"05/06/2022","4.589","4.600","4.662","4.505","26.66M","-0.02%"
"05/05/2022","4.590","4.880","4.902","4.590","38.66M","-3.77%"
"05/04/2022","4.770","4.918","4.924","4.756","","-2.55%"
"05/03/2022","4.895","4.900","4.977","4.865","25.17M","1.03%"
"05/02/2022","4.845","4.972","5.031","4.844","","-4.23%"
"04/29/2022","5.059","4.891","5.059","4.860","24.73M","6.55%"
"04/28/2022","4.748","4.805","4.821","4.681","17.79M","1.13%"
"04/27/2022","4.695","4.776","4.780","4.640","24.34M","0.27%"
"04/26/2022","4.682","4.926","4.926","4.682","36.77M","-2.66%"
"04/25/2022","4.811","4.900","4.943","4.811","26.41M","-3.91%"
"04/22/2022","5.006","5.105","5.168","5.006","15.31M","-2.83%"
"04/21/2022","5.152","5.122","5.178","5.108","11.78M","1.20%"
"04/20/2022","5.091","5.105","5.202","5.085","19.70M","0.18%"
"04/19/2022","5.082","5.020","5.115","4.971","176.77M","0.95%"
"04/14/2022","5.034","4.955","5.073","4.936","48.49M","1.63%"
"04/13/2022","4.953","4.952","4.994","4.912","71.75M","-0.33%"
"04/12/2022","4.970","4.873","5.054","4.841","23.14M","0.16%"
"04/11/2022","4.962","4.929","5.054","4.906","49.22M","1.41%"
"04/08/2022","4.893","4.929","4.999","4.892","24.40M","0.98%"
"04/07/2022","4.845","4.885","4.995","4.833","61.46M","-0.23%"
"04/06/2022","4.857","5.098","5.122","4.808","39.50M","-7.50%"
"04/05/2022","5.250","5.319","5.319","5.204","42.62M","-1.35%"
"04/04/2022","5.322","5.343","5.343","5.220","79.98M","0.60%"
"04/01/2022","5.290","5.263","5.321","5.235","35.33M","1.54%"
"03/31/2022","5.210","5.344","5.422","5.210","59.68M","-3.34%"
"03/30/2022","5.390","5.461","5.471","5.357","16.88M","-2.02%"
"03/29/2022","5.501","5.230","5.553","5.208","35.11M","6.71%"
"03/28/2022","5.155","5.120","5.292","5.120","33.03M","0.78%"
"03/25/2022","5.115","5.110","5.137","5.055","18.06M","-0.10%"
"03/24/2022","5.120","5.260","5.265","5.120","58.15M","-1.52%"
"03/23/2022","5.199","5.356","5.382","5.199","26.56M","-3.09%"
"03/22/2022","5.365","5.328","5.400","5.327","20.70M","1.42%"
"03/21/2022","5.290","5.271","5.384","5.268","13.79M","0.19%"
"03/18/2022","5.280","5.303","5.324","5.225","35.21M","-0.23%"
"03/17/2022","5.292","5.389","5.420","5.221","24.82M","-1.49%"
"03/16/2022","5.372","5.275","5.450","5.244","28.73M","4.64%"
"03/15/2022","5.134","5.046","5.194","5.002","20.20M","0.57%"
"03/14/2022","5.105","5.000","5.155","4.985","25.81M","2.24%"
"03/11/2022","4.993","5.023","5.290","4.924","29.31M","0.03%"
"03/10/2022","4.991","5.000","5.111","4.898","30.09M","-0.07%"
"03/09/2022","4.995","4.775","5.001","4.742","42.28M","8.67%"
"03/08/2022","4.596","4.400","4.742","4.384","38.63M","2.47%"
"03/07/2022","4.485","4.598","4.655","4.445","51.00M","-6.54%"
"03/04/2022","4.799","5.050","5.115","4.792","47.43M","-5.71%"
"03/03/2022","5.090","5.226","5.268","5.055","33.18M","-1.89%"
"03/02/2022","5.188","5.069","5.246","4.970","45.36M","2.05%"
"03/01/2022","5.084","5.269","5.372","5.084","47.11M","-3.89%"
"02/28/2022","5.290","5.258","5.321","5.162","43.88M","-2.67%"
"02/25/2022","5.435","5.300","5.486","5.213","43.03M","2.57%"
"02/24/2022","5.299","5.344","5.450","5.234","59.14M","-6.28%"
"02/23/2022","5.654","5.700","5.766","5.634","19.44M","0.19%"
"02/22/2022","5.643","5.476","5.732","5.450","29.67M","0.39%"
"02/21/2022","5.621","5.772","5.806","5.592","20.44M","-1.59%"
"02/18/2022","5.712","5.757","5.814","5.689","18.10M","-0.63%"
"02/17/2022","5.748","5.779","5.833","5.710","23.50M","-1.17%"
"02/16/2022","5.816","5.900","5.941","5.741","21.10M","-0.99%"
"02/15/2022","5.874","5.681","5.881","5.665","20.90M","2.50%"
"02/14/2022","5.731","5.750","5.823","5.676","28.73M","-3.96%"
"02/11/2022","5.967","6.000","6.035","5.934","19.10M","-1.47%"
"02/10/2022","6.056","5.945","6.120","5.941","37.01M","0.68%"
"02/09/2022","6.015","5.900","6.015","5.860","24.24M","2.21%"
"02/08/2022","5.885","5.750","5.893","5.745","22.75M","2.35%"
"02/07/2022","5.750","5.745","5.771","5.649","37.76M","1.13%"
"02/04/2022","5.686","5.740","5.780","5.587","30.49M","-0.16%"
"02/03/2022","5.695","5.649","5.787","5.505","55.90M","-2.06%"
"02/02/2022","5.815","5.800","5.900","5.753","33.29M","1.10%"
"02/01/2022","5.752","5.685","5.753","5.645","24.69M","2.09%"
"01/31/2022","5.634","5.704","5.720","5.608","17.20M","-0.18%"
"01/28/2022","5.644","5.630","5.668","5.581","16.61M","-0.69%"
"01/27/2022","5.683","5.543","5.759","5.543","16.40M","1.09%"
"01/26/2022","5.622","5.520","5.681","5.520","33.49M","2.29%"
"01/25/2022","5.496","5.420","5.543","5.419","24.16M","1.20%"
"01/24/2022","5.431","5.574","5.595","5.387","28.26M","-3.47%"
"01/21/2022","5.626","5.610","5.700","5.586","21.12M","-1.35%"
"01/20/2022","5.703","5.664","5.758","5.642","15.41M","0.19%"
"01/19/2022","5.692","5.770","5.821","5.692","28.35M","-1.54%"
"01/18/2022","5.781","5.738","5.810","5.730","17.00M","0.00%"
"01/17/2022","5.781","5.800","5.833","5.768","23.02M","0.26%"
"01/14/2022","5.766","5.706","5.782","5.698","15.74M","0.12%"
"01/13/2022","5.759","5.705","5.771","5.660","17.30M","1.07%"
"01/12/2022","5.698","5.654","5.719","5.631","15.03M","1.84%"
"01/11/2022","5.595","5.580","5.655","5.577","18.27M","0.32%"
"01/10/2022","5.577","5.611","5.680","5.553","20.40M","-0.18%"
"01/07/2022","5.587","5.482","5.587","5.458","19.76M","2.36%"
"01/06/2022","5.458","5.310","5.458","5.291","19.91M","1.45%"
"01/05/2022","5.380","5.401","5.430","5.380","14.65M","-0.24%"
"01/04/2022","5.393","5.300","5.440","5.291","17.06M","2.53%"
"01/03/2022","5.260","5.270","5.320","5.220","12.90M","0.19%"
"12/30/2021","5.250","5.246","5.282","5.233","13.97M","-0.30%"
"12/29/2021","5.266","5.222","5.266","5.206","11.36M","0.34%"
"12/28/2021","5.248","5.212","5.275","5.201","13.65M","0.34%"
"12/27/2021","5.230","5.100","5.252","5.091","11.19M","1.16%"
"12/23/2021","5.170","5.121","5.206","5.109","13.67M","1.43%"
"12/22/2021","5.097","5.062","5.107","5.027","13.81M","0.69%"
"12/21/2021","5.062","5.060","5.070","4.989","19.77M","2.35%"
"12/20/2021","4.946","4.800","4.998","4.780","23.76M","-1.03%"
"12/17/2021","4.997","5.060","5.154","4.827","54.09M","-2.73%"
"12/16/2021","5.138","5.162","5.212","5.107","20.20M","0.86%"
"12/15/2021","5.094","5.125","5.175","5.093","14.83M","-0.51%"
"12/14/2021","5.120","5.126","5.203","5.062","19.82M","0.20%"
"12/13/2021","5.110","5.110","5.204","5.090","23.53M","0.00%"
"12/10/2021","5.110","5.100","5.146","5.041","27.87M","-0.87%"
"12/09/2021","5.155","5.176","5.235","5.142","18.45M","-0.92%"
"12/08/2021","5.203","5.102","5.287","5.096","36.77M","1.36%"
"12/07/2021","5.133","5.074","5.140","5.026","27.70M","2.64%"
"12/06/2021","5.001","4.848","5.008","4.820","24.52M","4.42%"
"12/03/2021","4.790","4.845","4.870","4.753","25.70M","0.37%"
"12/02/2021","4.772","4.765","4.810","4.719","29.92M","-0.94%"
"12/01/2021","4.818","4.756","4.839","4.730","29.66M","2.45%"
"11/30/2021","4.702","4.750","4.805","4.667","44.52M","-2.08%"
"11/29/2021","4.802","4.959","4.973","4.801","27.51M","-0.90%"
"11/26/2021","4.846","4.996","5.054","4.846","43.91M","-7.34%"
"11/25/2021","5.230","5.216","5.253","5.167","14.47M","0.77%"
"11/24/2021","5.190","5.303","5.360","5.190","35.45M","-1.95%"
"11/23/2021","5.293","5.327","5.403","5.267","32.98M","-2.42%"
"11/22/2021","5.424","5.465","5.501","5.314","23.67M","0.39%"
"11/19/2021","5.403","5.495","5.578","5.300","34.34M","-0.59%"
"11/18/2021","5.435","5.750","5.780","5.355","47.15M","-5.51%"
"11/17/2021","5.752","5.800","5.813","5.749","15.79M","-0.81%"
"11/16/2021","5.799","5.884","5.900","5.785","19.19M","-1.13%"
"11/15/2021","5.865","5.929","5.950","5.705","24.49M","-4.28%"
"11/12/2021","6.127","6.180","6.186","6.073","14.89M","0.77%"
"11/11/2021","6.080","6.040","6.118","6.030","23.86M","0.80%"
"11/10/2021","6.032","5.976","6.047","5.967","10.65M","0.99%"
"11/09/2021","5.973","5.991","6.040","5.936","9.69M","-0.80%"
"11/08/2021","6.021","6.006","6.089","5.995","17.91M","-0.08%"
"11/05/2021","6.026","6.028","6.107","5.997","17.15M","-0.23%"
"11/04/2021","6.040","6.220","6.260","6.005","37.12M","-2.31%"
"11/03/2021","6.183","6.155","6.189","6.064","14.96M","0.34%"
"11/02/2021","6.162","6.202","6.254","6.141","14.29M","-1.86%"
"11/01/2021","6.279","6.052","6.292","6.030","19.04M","3.58%"
"10/29/2021","6.062","5.760","6.099","5.760","45.39M","7.46%"
"10/28/2021","5.641","5.599","5.674","5.501","15.38M","0.46%"
"10/27/2021","5.615","5.680","5.744","5.562","17.13M","-1.20%"
"10/26/2021","5.683","5.701","5.735","5.611","13.94M","-0.32%"
"10/25/2021","5.701","5.650","5.734","5.586","15.57M","0.26%"
"10/22/2021","5.686","5.671","5.727","5.632","15.53M","0.44%"
"10/21/2021","5.661","5.777","5.787","5.637","49.57M","-2.90%"
"10/20/2021","5.830","5.763","5.862","5.717","84.65M","0.93%"
"10/19/2021","5.776","5.801","5.857","5.754","66.67M","-0.81%"
"10/18/2021","5.823","5.747","5.823","5.736","142.72M","0.94%"
"10/15/2021","5.769","5.680","5.835","5.675","49.38M","2.34%"
"10/14/2021","5.637","5.710","5.754","5.580","20.40M","-0.93%"
"10/13/2021","5.690","5.875","5.920","5.690","18.62M","-3.62%"
"10/12/2021","5.904","5.810","5.904","5.757","44.78M","-0.17%"
"10/11/2021","5.914","5.913","5.983","5.883","25.59M","-0.27%"
"10/08/2021","5.930","5.964","6.002","5.900","15.03M","-1.82%"
"10/07/2021","6.040","6.000","6.078","5.925","59.83M","1.60%"
"10/06/2021","5.945","5.970","5.999","5.870","96.66M","-0.92%"
"10/05/2021","6.000","5.603","6.000","5.600","75.91M","6.50%"
"10/04/2021","5.634","5.600","5.710","5.557","159.27M","0.02%"
"10/01/2021","5.633","5.610","5.646","5.511","72.59M","-1.47%"
"09/30/2021","5.717","5.790","5.812","5.700","24.47M","-0.44%"
"09/29/2021","5.742","5.719","5.745","5.618","16.79M","0.97%"
"09/28/2021","5.687","5.795","5.830","5.684","22.09M","-1.61%"
"09/27/2021","5.780","5.678","5.790","5.618","21.28M","2.10%"
"09/24/2021","5.661","5.529","5.691","5.490","27.44M","1.63%"
"09/23/2021","5.570","5.483","5.572","5.441","29.09M","2.81%"
"09/22/2021","5.418","5.369","5.460","5.290","19.99M","2.59%"
"09/21/2021","5.281","5.319","5.363","5.250","31.22M","0.63%"
"09/20/2021","5.248","5.582","5.589","5.248","51.90M","-7.48%"
"09/17/2021","5.672","5.779","5.859","5.666","222.75M","-0.91%"
"09/16/2021","5.724","5.630","5.757","5.618","22.51M","2.18%"
"09/15/2021","5.602","5.583","5.668","5.551","21.02M","0.39%"
"09/14/2021","5.580","5.602","5.685","5.569","21.58M","-0.30%"
"09/13/2021","5.597","5.519","5.602","5.482","14.22M","1.76%"
"09/10/2021","5.500","5.548","5.599","5.479","12.13M","-0.22%"
"09/09/2021","5.512","5.490","5.545","5.430","12.71M","-0.14%"
"09/08/2021","5.520","5.560","5.602","5.469","19.84M","-1.31%"
"09/07/2021","5.593","5.564","5.628","5.556","9.86M","0.52%"
"09/06/2021","5.564","5.589","5.636","5.556","4.13M","-0.07%"
"09/03/2021","5.568","5.640","5.666","5.565","15.22M","-0.73%"
"09/02/2021","5.609","5.650","5.673","5.560","15.79M","-0.50%"
"09/01/2021","5.637","5.624","5.688","5.602","13.23M","1.62%"
"08/31/2021","5.547","5.535","5.575","5.471","18.69M","0.22%"
"08/30/2021","5.535","5.589","5.620","5.527","5.22M","-0.81%"
"08/27/2021","5.580","5.600","5.612","5.508","7.95M","-0.59%"
"08/26/2021","5.613","5.684","5.709","5.603","10.04M","-1.65%"
"08/25/2021","5.707","5.514","5.723","5.508","16.09M","3.76%"
"08/24/2021","5.500","5.600","5.614","5.454","13.38M","-1.49%"
"08/23/2021","5.583","5.602","5.626","5.555","10.26M","0.52%"
"08/20/2021","5.554","5.585","5.629","5.508","15.86M","-0.63%"
"08/19/2021","5.589","5.650","5.686","5.540","12.71M","-3.55%"
"08/18/2021","5.795","5.670","5.806","5.656","19.42M","2.15%"
"08/17/2021","5.673","5.753","5.775","5.672","18.24M","-2.46%"
"08/16/2021","5.816","5.790","5.904","5.750","8.09M","-0.77%"
"08/13/2021","5.861","5.900","5.913","5.845","19.24M","-0.48%"
"08/12/2021","5.889","5.892","5.932","5.854","10.57M","-0.27%"
"08/11/2021","5.905","5.840","5.910","5.807","11.16M","1.36%"
"08/10/2021","5.826","5.735","5.831","5.722","11.82M","1.15%"
"08/09/2021","5.760","5.747","5.794","5.713","10.19M","-0.03%"
"08/06/2021","5.762","5.650","5.783","5.632","13.85M","1.93%"
"08/05/2021","5.653","5.582","5.686","5.581","14.13M","-0.19%"
"08/04/2021","5.664","5.590","5.670","5.569","14.05M","1.69%"
"08/03/2021","5.570","5.480","5.622","5.456","18.61M","2.20%"
"08/02/2021","5.450","5.420","5.563","5.403","29.05M","0.72%"
"07/30/2021","5.411","5.353","5.455","5.301","17.91M","-0.02%"
"07/29/2021","5.412","5.389","5.492","5.388","13.77M","0.74%"
"07/28/2021","5.372","5.464","5.491","5.358","21.23M","-1.30%"
"07/27/2021","5.443","5.428","5.479","5.392","11.60M","-0.68%"
"07/26/2021","5.480","5.306","5.490","5.236","18.13M","2.12%"
"07/23/2021","5.366","5.230","5.390","5.230","13.84M","2.19%"
"07/22/2021","5.251","5.240","5.333","5.223","13.18M","0.52%"
"07/21/2021","5.224","5.034","5.226","5.013","15.86M","3.94%"
"07/20/2021","5.026","4.964","5.039","4.909","12.43M","2.28%"
"07/19/2021","4.914","5.011","5.053","4.853","16.70M","-3.46%"
"07/16/2021","5.090","5.215","5.245","5.043","13.60M","-2.04%"
"07/15/2021","5.196","5.156","5.210","5.108","7.79M","0.50%"
"07/14/2021","5.170","5.142","5.246","5.127","10.06M","0.43%"
"07/13/2021","5.148","5.260","5.285","5.118","12.50M","-2.09%"
"07/12/2021","5.258","5.243","5.268","5.126","13.77M","0.59%"
"07/09/2021","5.227","5.080","5.227","5.045","12.22M","3.53%"
"07/08/2021","5.049","5.150","5.159","5.018","20.12M","-3.28%"
"07/07/2021","5.220","5.290","5.306","5.162","16.90M","-1.21%"
"07/06/2021","5.284","5.406","5.438","5.276","14.09M","-2.67%"
"07/05/2021","5.429","5.295","5.439","5.295","7.49M","2.53%"
"07/02/2021","5.295","5.400","5.424","5.286","9.68M","-2.11%"
"07/01/2021","5.409","5.290","5.409","5.284","12.90M","3.46%"
"06/30/2021","5.228","5.255","5.287","5.188","21.85M","-1.21%"
"06/29/2021","5.292","5.277","5.338","5.264","8.64M","0.28%"
"06/28/2021","5.277","5.426","5.440","5.277","14.76M","-2.84%"
"06/25/2021","5.431","5.370","5.437","5.329","15.90M","1.89%"
"06/24/2021","5.330","5.289","5.393","5.283","20.44M","1.14%"
"06/23/2021","5.270","5.300","5.340","5.270","12.68M","-0.15%"
"06/22/2021","5.278","5.298","5.298","5.188","13.83M","0.76%"
"06/21/2021","5.238","5.120","5.265","5.090","23.52M","0.31%"
"06/18/2021","5.222","5.320","5.381","5.183","51.82M","-3.24%"
"06/17/2021","5.397","5.360","5.548","5.359","25.14M","1.66%"
"06/16/2021","5.309","5.413","5.440","5.286","15.06M","-1.14%"
"06/15/2021","5.370","5.345","5.378","5.292","22.56M","0.51%"
"06/14/2021","5.343","5.258","5.343","5.258","17.29M","1.85%"
"06/11/2021","5.246","5.250","5.276","5.224","8.09M","-0.51%"
"06/10/2021","5.273","5.271","5.351","5.240","15.08M","0.15%"
"06/09/2021","5.265","5.291","5.301","5.196","10.98M","-0.90%"
"06/08/2021","5.313","5.350","5.398","5.260","14.75M","-0.28%"
"06/07/2021","5.328","5.219","5.341","5.210","13.03M","2.13%"
"06/04/2021","5.217","5.290","5.293","5.210","28.10M","-1.31%"
"06/03/2021","5.286","5.228","5.295","5.222","17.18M","0.70%"
"06/02/2021","5.249","5.217","5.280","5.168","31.79M","0.44%"
"06/01/2021","5.226","5.153","5.247","5.141","15.34M","1.75%"
"05/31/2021","5.136","5.151","5.172","5.131","5.86M","0.20%"
"05/28/2021","5.126","5.200","5.200","5.090","17.13M","-0.33%"
"05/27/2021","5.143","5.080","5.197","5.073","28.76M","1.16%"
"05/26/2021","5.084","5.095","5.126","5.011","20.12M","-0.51%"
"05/25/2021","5.110","5.100","5.153","5.078","13.12M","0.20%"
"05/24/2021","5.100","5.126","5.143","5.053","23.69M","-0.41%"
"05/21/2021","5.121","5.010","5.140","5.009","17.70M","2.36%"
"05/20/2021","5.003","5.011","5.039","4.929","12.77M","0.15%"
"05/19/2021","4.996","5.050","5.107","4.928","21.94M","-2.53%"
"05/18/2021","5.125","5.050","5.129","5.044","15.20M","2.34%"
"05/17/2021","5.008","5.000","5.044","4.951","12.02M","-0.40%"
"05/14/2021","5.028","4.930","5.028","4.925","23.65M","2.78%"
"05/13/2021","4.892","4.835","4.923","4.801","15.50M","-0.22%"
"05/12/2021","4.903","4.890","4.948","4.826","17.76M","-0.12%"
"05/11/2021","4.909","4.876","4.950","4.846","13.87M","-0.39%"
"05/10/2021","4.928","4.870","4.965","4.845","19.67M","2.21%"
"05/07/2021","4.821","4.820","4.860","4.727","13.97M","0.31%"
"05/06/2021","4.806","4.770","4.806","4.710","15.46M","0.71%"
"05/05/2021","4.773","4.735","4.795","4.700","17.00M","2.30%"
"05/04/2021","4.665","4.700","4.795","4.643","22.50M","-0.24%"
"05/03/2021","4.676","4.653","4.710","4.630","11.35M","0.12%"
"04/30/2021","4.670","4.541","4.720","4.470","23.62M","2.64%"
"04/29/2021","4.550","4.520","4.621","4.495","18.17M","1.29%"
"04/28/2021","4.492","4.570","4.660","4.424","32.28M","0.17%"
"04/27/2021","4.485","4.434","4.490","4.360","19.34M","0.15%"
"04/26/2021","4.478","4.364","4.482","4.320","18.71M","3.36%"
"04/23/2021","4.333","4.390","4.447","4.320","10.24M","-1.53%"
"04/22/2021","4.400","4.299","4.418","4.280","15.76M","2.68%"
"04/21/2021","4.286","4.324","4.386","4.224","28.40M","-0.63%"
"04/20/2021","4.313","4.501","4.524","4.303","27.01M","-4.45%"
"04/19/2021","4.514","4.380","4.538","4.358","24.01M","3.46%"
"04/16/2021","4.363","4.373","4.410","4.326","25.20M","0.58%"
"04/15/2021","4.338","4.491","4.506","4.338","16.77M","-3.30%"
"04/14/2021","4.485","4.429","4.496","4.405","11.58M","1.46%"
"04/13/2021","4.421","4.457","4.512","4.388","16.12M","-1.25%"
"04/12/2021","4.477","4.410","4.478","4.360","14.22M","1.04%"
"04/09/2021","4.431","4.535","4.562","4.431","16.94M","-2.37%"
"04/08/2021","4.538","4.556","4.564","4.444","15.85M","0.45%"
"04/07/2021","4.518","4.509","4.566","4.489","11.16M","-0.19%"
"04/06/2021","4.527","4.531","4.593","4.500","15.07M","1.82%"
"04/01/2021","4.445","4.457","4.484","4.428","9.41M","0.44%"
"03/31/2021","4.426","4.460","4.522","4.426","12.79M","-1.62%"
"03/30/2021","4.499","4.424","4.510","4.424","17.18M","3.02%"
"03/29/2021","4.367","4.400","4.462","4.365","16.58M","-1.49%"
"03/26/2021","4.433","4.420","4.480","4.378","18.25M","1.77%"
"03/25/2021","4.356","4.380","4.381","4.273","12.28M","-0.89%"
"03/24/2021","4.395","4.290","4.395","4.225","16.67M","1.34%"
"03/23/2021","4.337","4.328","4.384","4.301","24.11M","0.46%"
"03/22/2021","4.317","4.438","4.453","4.312","48.75M","-7.72%"
"03/19/2021","4.678","4.806","4.808","4.670","32.88M","-3.82%"
"03/18/2021","4.864","4.810","4.897","4.747","22.26M","1.95%"
"03/17/2021","4.771","4.695","4.812","4.670","19.99M","2.08%"
"03/16/2021","4.674","4.725","4.790","4.634","18.25M","-0.53%"
"03/15/2021","4.699","4.779","4.823","4.640","15.63M","-1.59%"
"03/12/2021","4.775","4.680","4.810","4.679","15.18M","2.16%"
"03/11/2021","4.674","4.731","4.764","4.585","16.52M","0.52%"
"03/10/2021","4.650","4.700","4.784","4.647","21.38M","-1.32%"
"03/09/2021","4.712","4.780","4.782","4.607","25.52M","-1.83%"
"03/08/2021","4.800","4.790","4.838","4.744","16.96M","2.06%"
"03/05/2021","4.703","4.650","4.789","4.581","20.25M","0.64%"
"03/04/2021","4.673","4.630","4.699","4.611","15.82M","-0.55%"
"03/03/2021","4.699","4.597","4.737","4.596","18.29M","2.98%"
"03/02/2021","4.563","4.572","4.639","4.534","13.27M","-1.02%"
"03/01/2021","4.610","4.669","4.700","4.581","14.45M","0.15%"
"02/26/2021","4.603","4.594","4.690","4.541","23.37M","-2.15%"
"02/25/2021","4.704","4.700","4.808","4.672","27.43M","1.60%"
"02/24/2021","4.630","4.590","4.630","4.542","15.65M","0.87%"
"02/23/2021","4.590","4.482","4.620","4.482","28.84M","2.59%"
"02/22/2021","4.474","4.480","4.507","4.410","17.05M","-0.69%"
"02/19/2021","4.505","4.446","4.538","4.391","15.34M","1.26%"
"02/18/2021","4.449","4.426","4.499","4.385","19.76M","0.02%"
"02/17/2021","4.448","4.495","4.551","4.404","16.27M","-1.31%"
"02/16/2021","4.507","4.520","4.544","4.446","18.29M","-1.29%"
"02/15/2021","4.566","4.488","4.587","4.458","15.31M","3.77%"
"02/12/2021","4.400","4.367","4.406","4.257","16.97M","0.41%"
"02/11/2021","4.382","4.394","4.416","4.322","11.09M","-0.27%"
"02/10/2021","4.394","4.400","4.461","4.362","30.18M","0.37%"
"02/09/2021","4.378","4.484","4.489","4.361","14.28M","-2.47%"
"02/08/2021","4.489","4.472","4.524","4.410","21.64M","1.54%"
"02/05/2021","4.421","4.301","4.442","4.260","35.81M","2.41%"
"02/04/2021","4.317","4.100","4.340","4.064","40.88M","7.50%"
"02/03/2021","4.016","4.103","4.150","3.925","24.66M","0.80%"
"02/02/2021","3.984","3.801","3.984","3.763","34.45M","6.01%"
"02/01/2021","3.758","3.846","3.848","3.736","22.71M","-0.24%"
"01/29/2021","3.767","3.883","3.908","3.767","26.87M","-4.42%"
"01/28/2021","3.941","3.782","3.956","3.782","22.51M","2.76%"
"01/27/2021","3.835","3.945","3.962","3.788","30.12M","-2.76%"
"01/26/2021","3.944","3.912","3.976","3.891","16.33M","1.47%"
"01/25/2021","3.887","4.050","4.088","3.863","14.12M","-2.87%"
"01/22/2021","4.002","3.990","4.066","3.958","23.88M","-0.82%"
"01/21/2021","4.035","4.070","4.099","4.020","24.09M","-0.39%"
"01/20/2021","4.051","4.027","4.074","4.014","18.62M","0.72%"
"01/19/2021","4.022","4.160","4.195","4.022","14.23M","-2.85%"
"01/18/2021","4.140","4.070","4.152","4.057","8.69M","1.27%"
"01/15/2021","4.088","4.159","4.216","4.020","47.29M","-2.06%"
"01/14/2021","4.174","4.190","4.225","4.136","15.36M","-0.52%"
"01/13/2021","4.196","4.250","4.264","4.191","15.75M","-1.41%"
"01/12/2021","4.256","4.284","4.295","4.243","13.92M","0.12%"
"01/11/2021","4.251","4.275","4.309","4.213","18.71M","-0.58%"
"01/08/2021","4.276","4.375","4.375","4.243","18.00M","-1.75%"
"01/07/2021","4.352","4.331","4.364","4.236","16.39M","1.00%"
"01/06/2021","4.309","4.155","4.360","4.155","23.84M","5.77%"
"01/05/2021","4.074","4.040","4.093","4.022","10.36M","-0.10%"
"01/04/2021","4.078","4.098","4.098","3.983","17.70M","1.07%"
"12/31/2020","4.035","4.051","4.082","4.035","6.32M","-0.96%"
"12/30/2020","4.074","4.070","4.148","4.062","9.54M","0.15%"
"12/29/2020","4.068","4.104","4.120","4.039","9.93M","-0.25%"
"12/28/2020","4.078","4.136","4.150","4.001","9.91M","-0.54%"
"12/24/2020","4.100","4.093","4.105","4.060","3.84M","0.47%"
"12/23/2020","4.081","3.968","4.095","3.956","29.16M","2.90%"
"12/22/2020","3.966","3.895","3.999","3.893","12.28M","2.19%"
"12/21/2020","3.881","3.912","3.958","3.796","21.39M","-4.27%"
"12/18/2020","4.054","4.033","4.097","4.013","43.55M","-0.12%"
"12/17/2020","4.059","4.069","4.088","4.006","23.50M","0.07%"
"12/16/2020","4.056","4.062","4.118","4.016","17.86M","-1.05%"
"12/15/2020","4.099","4.030","4.108","3.983","18.94M","1.76%"
"12/14/2020","4.028","4.020","4.114","4.013","27.26M","1.44%"
"12/11/2020","3.971","4.026","4.058","3.864","41.36M","-2.05%"
"12/10/2020","4.054","4.196","4.196","4.003","24.86M","-2.43%"
"12/09/2020","4.155","4.177","4.197","4.139","16.87M","0.00%"
"12/08/2020","4.155","4.179","4.238","4.154","14.25M","-1.07%"
"12/07/2020","4.200","4.250","4.301","4.173","24.37M","-2.42%"
"12/04/2020","4.304","4.067","4.304","4.055","53.90M","5.54%"
"12/03/2020","4.078","4.080","4.103","3.989","26.35M","-0.05%"
"12/02/2020","4.080","3.983","4.080","3.945","43.62M","1.87%"
"12/01/2020","4.005","3.865","4.007","3.837","45.13M","1.91%"
"11/30/2020","3.930","3.865","3.966","3.815","51.85M","-0.71%"
"11/27/2020","3.958","3.740","3.958","3.738","45.25M","4.99%"
"11/26/2020","3.770","3.795","3.813","3.675","30.27M","-0.40%"
"11/25/2020","3.785","3.810","3.840","3.683","23.85M","0.24%"
"11/24/2020","3.776","3.680","3.776","3.644","23.39M","4.02%"
"11/23/2020","3.630","3.630","3.675","3.612","22.38M","0.86%"
"11/20/2020","3.599","3.598","3.624","3.571","27.37M","0.76%"
"11/19/2020","3.572","3.433","3.598","3.429","25.85M","1.74%"
"11/18/2020","3.511","3.490","3.552","3.429","28.29M","0.40%"
"11/17/2020","3.497","3.624","3.640","3.393","53.35M","-4.40%"
"11/16/2020","3.658","3.800","3.837","3.580","89.22M","15.25%"
"11/13/2020","3.174","3.050","3.195","3.049","29.84M","2.72%"
"11/12/2020","3.090","3.050","3.116","3.010","46.62M","-1.69%"
"11/11/2020","3.143","3.078","3.165","3.061","38.88M","1.68%"
"11/10/2020","3.091","2.907","3.091","2.884","65.83M","6.59%"
"11/09/2020","2.900","2.536","2.900","2.514","79.15M","16.65%"
"11/06/2020","2.486","2.560","2.620","2.482","21.94M","-2.89%"
"11/05/2020","2.560","2.486","2.569","2.422","36.10M","4.23%"
"11/04/2020","2.456","2.490","2.530","2.426","65.11M","-6.65%"
"11/03/2020","2.631","2.527","2.641","2.510","33.53M","5.28%"
"11/02/2020","2.499","2.500","2.518","2.453","25.43M","1.50%"
"10/30/2020","2.462","2.340","2.462","2.332","23.55M","5.26%"
"10/29/2020","2.339","2.370","2.412","2.305","18.55M","-1.14%"
"10/28/2020","2.366","2.350","2.404","2.305","29.53M","-1.66%"
"10/27/2020","2.406","2.491","2.540","2.380","30.71M","-1.23%"
"10/26/2020","2.436","2.410","2.489","2.384","21.05M","-2.36%"
"10/23/2020","2.495","2.442","2.503","2.431","20.24M","2.80%"
"10/22/2020","2.427","2.366","2.440","2.332","17.17M","1.38%"
"10/21/2020","2.394","2.461","2.501","2.394","19.86M","-1.40%"
"10/20/2020","2.428","2.343","2.468","2.333","24.55M","3.06%"
"10/19/2020","2.356","2.343","2.382","2.320","17.28M","0.94%"
"10/16/2020","2.334","2.278","2.347","2.210","20.03M","3.41%"
"10/15/2020","2.257","2.223","2.269","2.183","19.41M","-0.49%"
"10/14/2020","2.268","2.260","2.313","2.248","38.18M","0.44%"
"10/13/2020","2.258","2.348","2.348","2.252","24.96M","-4.00%"
"10/12/2020","2.352","2.388","2.399","2.340","14.48M","-1.59%"
"10/09/2020","2.390","2.430","2.451","2.373","18.34M","-1.85%"
"10/08/2020","2.435","2.430","2.473","2.419","16.23M","0.91%"
"10/07/2020","2.413","2.450","2.461","2.404","19.12M","-2.58%"
"10/06/2020","2.477","2.410","2.510","2.384","33.37M","3.04%"
"10/05/2020","2.404","2.411","2.444","2.373","18.27M","1.09%"
"10/02/2020","2.378","2.342","2.394","2.316","16.12M","0.04%"
"10/01/2020","2.377","2.401","2.420","2.355","23.10M","0.21%"
"09/30/2020","2.372","2.293","2.416","2.279","21.11M","1.76%"
"09/29/2020","2.331","2.372","2.372","2.321","30.94M","-2.22%"
"09/28/2020","2.384","2.344","2.384","2.314","24.08M","4.01%"
"09/25/2020","2.292","2.312","2.389","2.288","43.01M","0.35%"
"09/24/2020","2.284","2.150","2.295","2.128","46.04M","5.30%"
"09/23/2020","2.169","2.199","2.279","2.168","33.87M","0.42%"
"09/22/2020","2.160","2.204","2.226","2.146","40.05M","-0.18%"
"09/21/2020","2.164","2.289","2.289","2.150","49.64M","-6.36%"
"09/18/2020","2.311","2.405","2.413","2.298","253.93M","-4.43%"
"09/17/2020","2.418","2.391","2.435","2.341","39.64M","-0.45%"
"09/16/2020","2.429","2.412","2.430","2.351","29.90M","0.66%"
"09/15/2020","2.413","2.467","2.476","2.400","28.19M","-3.09%"
"09/14/2020","2.490","2.464","2.499","2.427","20.74M","2.26%"
"09/11/2020","2.435","2.501","2.503","2.429","27.16M","-3.14%"
"09/10/2020","2.514","2.518","2.547","2.471","20.56M","-0.12%"
"09/09/2020","2.517","2.489","2.524","2.457","35.71M","1.12%"
"09/08/2020","2.489","2.526","2.578","2.475","39.31M","-1.43%"
"09/07/2020","2.525","2.591","2.617","2.502","21.00M","-1.25%"
"09/04/2020","2.557","2.456","2.592","2.445","44.38M","5.23%"
"09/03/2020","2.430","2.417","2.505","2.406","29.29M","1.97%"
"09/02/2020","2.383","2.458","2.477","2.372","32.24M","-3.25%"
"09/01/2020","2.463","2.497","2.500","2.420","26.99M","0.41%"
"08/31/2020","2.453","2.620","2.631","2.449","22.98M","-5.65%"
"08/28/2020","2.600","2.557","2.629","2.546","25.57M","2.60%"
"08/27/2020","2.534","2.525","2.545","2.466","18.90M","-0.28%"
"08/26/2020","2.541","2.491","2.570","2.480","26.36M","1.44%"
"08/25/2020","2.505","2.510","2.584","2.503","28.03M","0.85%"
"08/24/2020","2.484","2.453","2.484","2.415","15.74M","2.39%"
"08/21/2020","2.426","2.485","2.488","2.388","24.42M","-1.54%"
"08/20/2020","2.464","2.490","2.498","2.448","19.49M","-3.49%"
"08/19/2020","2.553","2.470","2.553","2.458","14.46M","3.03%"
"08/18/2020","2.478","2.500","2.557","2.464","16.49M","-1.47%"
"08/17/2020","2.515","2.527","2.556","2.482","27.86M","-0.47%"
"08/14/2020","2.527","2.551","2.551","2.436","32.83M","-1.29%"
"08/13/2020","2.560","2.610","2.674","2.555","17.97M","-2.77%"
"08/12/2020","2.633","2.698","2.762","2.630","24.45M","-2.30%"
"08/11/2020","2.695","2.607","2.695","2.605","27.50M","4.54%"
"08/10/2020","2.578","2.575","2.617","2.524","19.30M","2.10%"
"08/07/2020","2.525","2.569","2.592","2.462","36.81M","-3.03%"
"08/06/2020","2.604","2.660","2.700","2.582","30.31M","-2.33%"
"08/05/2020","2.666","2.796","2.821","2.661","23.36M","-3.93%"
"08/04/2020","2.775","2.751","2.829","2.722","42.76M","1.87%"
"08/03/2020","2.724","2.617","2.728","2.584","32.14M","3.30%"
"07/31/2020","2.637","2.714","2.740","2.637","32.18M","-2.26%"
"07/30/2020","2.698","2.905","2.905","2.632","45.68M","-8.07%"
"07/29/2020","2.935","3.050","3.056","2.875","19.80M","-3.68%"
"07/28/2020","3.047","3.024","3.090","3.005","17.02M","0.96%"
"07/27/2020","3.018","3.104","3.107","2.992","18.81M","-3.18%"
"07/24/2020","3.117","3.110","3.157","3.098","12.24M","-0.80%"
"07/23/2020","3.142","3.200","3.206","3.122","19.13M","-1.29%"
"07/22/2020","3.183","3.197","3.229","3.150","13.86M","0.00%"
"07/21/2020","3.183","3.230","3.319","3.163","20.64M","-0.34%"
"07/20/2020","3.194","3.204","3.205","3.133","21.22M","-0.68%"
"07/17/2020","3.216","3.263","3.265","3.178","25.21M","-1.41%"
"07/16/2020","3.262","3.250","3.283","3.216","18.98M","0.37%"
"07/15/2020","3.250","3.205","3.283","3.109","25.05M","2.56%"
"07/14/2020","3.169","3.179","3.207","3.117","21.83M","-1.12%"
"07/13/2020","3.205","3.210","3.233","3.150","12.12M","1.88%"
"07/10/2020","3.146","3.047","3.162","3.026","14.64M","2.31%"
"07/09/2020","3.075","3.149","3.165","3.060","13.38M","-1.41%"
"07/08/2020","3.119","3.187","3.196","3.106","16.94M","-3.32%"
"07/07/2020","3.226","3.263","3.283","3.207","13.73M","-2.45%"
"07/06/2020","3.307","3.259","3.369","3.256","22.84M","5.08%"
"07/03/2020","3.147","3.227","3.242","3.123","15.33M","-2.48%"
"07/02/2020","3.227","3.054","3.258","3.045","31.44M","7.28%"
"07/01/2020","3.008","3.065","3.096","2.975","20.19M","-1.83%"
"06/30/2020","3.064","3.070","3.094","2.995","21.81M","-0.58%"
"06/29/2020","3.082","3.000","3.113","2.964","18.48M","2.80%"
"06/26/2020","2.998","3.110","3.130","2.998","24.64M","-2.38%"
"06/25/2020","3.071","3.000","3.084","2.960","59.82M","1.29%"
"06/24/2020","3.032","3.150","3.195","3.026","18.47M","-4.80%"
"06/23/2020","3.185","3.095","3.229","3.081","32.44M","3.98%"
"06/22/2020","3.063","3.076","3.112","3.026","16.09M","-1.38%"
"06/19/2020","3.106","3.147","3.189","3.093","76.08M","0.16%"
"06/18/2020","3.101","3.135","3.217","3.055","42.08M","-1.84%"
"06/17/2020","3.159","3.150","3.244","3.122","25.48M","0.19%"
"06/16/2020","3.153","3.190","3.228","3.084","29.12M","3.21%"
"06/15/2020","3.055","2.978","3.103","2.973","30.68M","-2.36%"
"06/12/2020","3.129","3.036","3.210","3.024","37.84M","1.10%"
"06/11/2020","3.095","3.170","3.238","3.087","35.11M","-6.58%"
"06/10/2020","3.313","3.450","3.496","3.309","46.92M","-2.79%"
"06/09/2020","3.408","3.501","3.529","3.327","38.35M","-4.00%"
"06/08/2020","3.550","3.485","3.646","3.465","45.13M","0.65%"
"06/05/2020","3.527","3.300","3.539","3.277","51.92M","9.81%"
"06/04/2020","3.212","3.117","3.270","3.093","48.97M","1.65%"
"06/03/2020","3.160","3.050","3.171","3.038","32.90M","5.16%"
"06/02/2020","3.005","2.872","3.044","2.841","31.19M","5.03%"
"06/01/2020","2.861","2.871","2.889","2.796","18.14M","2.43%"
"05/29/2020","2.793","2.880","2.897","2.782","40.20M","-4.71%"
"05/28/2020","2.931","2.986","2.999","2.861","30.62M","0.34%"
"05/27/2020","2.921","2.850","2.978","2.842","52.07M","3.40%"
"05/26/2020","2.825","2.690","2.826","2.685","37.51M","6.60%"
"05/25/2020","2.650","2.640","2.653","2.590","13.93M","2.36%"
"05/22/2020","2.589","2.522","2.657","2.495","32.62M","0.90%"
"05/21/2020","2.566","2.544","2.618","2.505","21.85M","-0.66%"
"05/20/2020","2.583","2.547","2.599","2.457","35.36M","-0.62%"
"05/19/2020","2.599","2.800","2.820","2.532","42.37M","-4.52%"
"05/18/2020","2.722","2.619","2.744","2.601","23.86M","5.59%"
"05/15/2020","2.578","2.615","2.678","2.558","19.86M","-1.19%"
"05/14/2020","2.609","2.527","2.623","2.475","28.31M","2.68%"
"05/13/2020","2.541","2.620","2.641","2.541","35.93M","-4.55%"
"05/12/2020","2.662","2.628","2.729","2.618","16.54M","0.57%"
"05/11/2020","2.647","2.750","2.780","2.621","18.14M","-2.93%"
"05/08/2020","2.727","2.720","2.735","2.646","13.91M","1.26%"
"05/07/2020","2.693","2.738","2.744","2.672","18.70M","-0.96%"
"05/06/2020","2.719","2.801","2.820","2.698","27.12M","-2.89%"
"05/05/2020","2.800","2.858","2.908","2.754","24.41M","0.00%"
"05/04/2020","2.800","2.881","2.881","2.795","47.35M","-6.26%"
"04/30/2020","2.987","3.050","3.114","2.929","52.46M","-5.53%"
"04/29/2020","3.162","2.924","3.162","2.903","37.33M","8.03%"
"04/28/2020","2.927","2.679","2.927","2.661","33.08M","8.97%"
"04/27/2020","2.686","2.690","2.706","2.621","20.91M","3.59%"
"04/24/2020","2.593","2.618","2.655","2.582","35.73M","-4.11%"
"04/23/2020","2.704","2.626","2.756","2.611","38.27M","4.60%"
"04/22/2020","2.585","2.508","2.585","2.483","29.27M","4.28%"
"04/21/2020","2.479","2.586","2.597","2.479","31.76M","-6.73%"
"04/20/2020","2.658","2.675","2.689","2.553","22.94M","-0.23%"
"04/17/2020","2.664","2.789","2.789","2.634","47.71M","1.52%"
"04/16/2020","2.624","2.785","2.820","2.607","246.18M","-3.92%"
"04/15/2020","2.731","2.906","2.906","2.713","252.45M","-6.95%"
"04/14/2020","2.935","3.044","3.050","2.919","32.08M","-2.30%"
"04/09/2020","3.004","3.015","3.068","2.923","22.52M","1.52%"
"04/08/2020","2.959","2.861","2.976","2.819","31.90M","1.09%"
"04/07/2020","2.927","2.930","3.066","2.839","28.05M","-1.48%"
"04/06/2020","2.971","2.886","2.995","2.830","31.79M","8.11%"
"04/03/2020","2.748","2.675","2.769","2.640","38.61M","2.77%"
"04/02/2020","2.674","2.750","2.760","2.604","286.13M","-1.94%"
"04/01/2020","2.727","2.780","2.798","2.714","272.03M","-6.47%"
"03/31/2020","2.915","2.962","2.987","2.836","37.38M","-0.15%"
"03/30/2020","2.920","3.040","3.080","2.886","26.93M","-5.94%"
"03/27/2020","3.105","3.158","3.200","3.029","46.22M","-5.34%"
"03/26/2020","3.280","3.120","3.322","3.094","19.79M","0.49%"
"03/25/2020","3.263","3.389","3.450","3.010","33.89M","5.58%"
"03/24/2020","3.091","2.904","3.091","2.850","28.73M","11.01%"
"03/23/2020","2.784","2.707","2.940","2.690","28.91M","-3.52%"
"03/20/2020","2.886","2.924","3.000","2.723","47.09M","2.94%"
"03/19/2020","2.803","2.714","2.840","2.649","36.97M","3.53%"
"03/18/2020","2.708","2.779","2.973","2.660","44.61M","-3.97%"
"03/17/2020","2.820","2.881","2.890","2.644","67.53M","6.90%"
"03/16/2020","2.638","2.910","2.980","2.561","62.76M","-13.37%"
"03/13/2020","3.045","3.310","3.436","2.949","44.19M","1.23%"
"03/12/2020","3.008","3.341","3.402","2.954","71.57M","-15.08%"
"03/11/2020","3.542","3.538","3.715","3.465","48.94M","2.64%"
"03/10/2020","3.451","3.581","3.769","3.412","49.46M","-1.37%"
"03/09/2020","3.499","3.750","3.750","3.460","66.37M","-13.22%"
"03/06/2020","4.032","4.025","4.088","3.955","31.92M","-2.21%"
"03/05/2020","4.123","4.362","4.364","4.094","36.71M","-4.71%"
"03/04/2020","4.327","4.278","4.359","4.190","34.59M","1.84%"
"03/03/2020","4.249","4.370","4.454","4.226","36.43M","-0.86%"
"03/02/2020","4.286","4.420","4.431","4.142","41.82M","-1.13%"
"02/28/2020","4.335","4.420","4.420","4.235","68.81M","-4.66%"
"02/27/2020","4.547","4.665","4.697","4.492","49.77M","-4.11%"
"02/26/2020","4.742","4.739","4.787","4.629","32.62M","-0.25%"
"02/25/2020","4.754","4.950","4.950","4.738","34.67M","-3.22%"
"02/24/2020","4.912","5.000","5.000","4.903","37.14M","-3.87%"
"02/21/2020","5.110","5.083","5.125","5.050","22.85M","0.12%"
"02/20/2020","5.104","5.159","5.213","5.104","19.88M","-1.35%"
"02/19/2020","5.174","5.198","5.210","5.145","13.89M","0.12%"
"02/18/2020","5.168","5.222","5.249","5.159","15.64M","-1.15%"
"02/17/2020","5.228","5.248","5.268","5.205","10.32M","-0.29%"
"02/14/2020","5.243","5.308","5.313","5.233","12.77M","-1.04%"
"02/13/2020","5.298","5.280","5.305","5.192","21.91M","-0.58%"
"02/12/2020","5.329","5.250","5.339","5.238","19.49M","1.83%"
"02/11/2020","5.233","5.250","5.282","5.175","18.21M","-0.17%"
"02/10/2020","5.242","5.202","5.290","5.197","27.47M","0.29%"
"02/07/2020","5.227","5.080","5.230","5.071","27.16M","2.49%"
"02/06/2020","5.100","4.981","5.137","4.970","49.68M","3.51%"
"02/05/2020","4.927","4.760","4.927","4.755","39.88M","2.97%"
"02/04/2020","4.785","4.700","4.816","4.697","18.49M","2.57%"
"02/03/2020","4.665","4.700","4.718","4.612","19.11M","-0.06%"
"01/31/2020","4.668","4.820","4.850","4.650","31.43M","-0.85%"
"01/30/2020","4.708","4.619","4.708","4.598","30.49M","0.86%"
"01/29/2020","4.668","4.640","4.692","4.609","25.61M","1.46%"
"01/28/2020","4.601","4.550","4.630","4.508","15.91M","1.52%"
"01/27/2020","4.532","4.554","4.586","4.497","19.36M","-1.63%"
"01/24/2020","4.607","4.717","4.746","4.604","16.47M","-1.22%"
"01/23/2020","4.664","4.704","4.739","4.631","29.64M","-0.72%"
"01/22/2020","4.698","4.747","4.758","4.677","15.59M","-1.05%"
"01/21/2020","4.748","4.728","4.765","4.713","35.38M","-0.34%"
"01/20/2020","4.764","4.814","4.814","4.750","9.24M","-0.87%"
"01/17/2020","4.806","4.819","4.854","4.800","28.09M","0.40%"
"01/16/2020","4.787","4.776","4.826","4.723","36.28M","0.21%"
"01/15/2020","4.777","4.846","4.852","4.771","18.95M","-1.69%"
"01/14/2020","4.859","4.913","4.915","4.825","31.27M","-1.30%"
"01/13/2020","4.923","4.998","5.004","4.896","17.67M","-1.48%"
"01/10/2020","4.997","5.070","5.078","4.997","12.67M","-1.63%"
"01/09/2020","5.080","5.096","5.117","5.063","19.15M","0.43%"
"01/08/2020","5.058","4.968","5.069","4.961","12.83M","0.96%"
"01/07/2020","5.010","5.051","5.079","4.983","10.19M","-0.44%"
"01/06/2020","5.032","5.000","5.039","4.944","11.34M","-0.44%"
"01/03/2020","5.054","5.078","5.078","5.016","13.40M","-1.10%"
"01/02/2020","5.110","5.031","5.124","5.021","11.85M","2.55%"
"12/31/2019","4.983","4.995","5.004","4.953","5.62M","-0.44%"
"12/30/2019","5.005","5.013","5.045","5.005","9.53M","-0.67%"
"12/27/2019","5.039","5.020","5.084","4.920","10.07M","-0.43%"
"12/24/2019","5.061","5.042","5.070","5.031","2.89M","-0.57%"
"12/23/2019","5.090","5.100","5.123","5.067","36.28M","-1.01%"
"12/20/2019","5.142","5.112","5.166","5.106","51.16M","-0.23%"
"12/19/2019","5.154","5.087","5.154","5.078","79.88M","1.16%"
"12/18/2019","5.095","5.042","5.110","5.042","25.78M","0.93%"
"12/17/2019","5.048","5.047","5.062","5.016","14.76M","-0.34%"
"12/16/2019","5.065","4.973","5.068","4.968","19.83M","2.34%"
"12/13/2019","4.949","5.040","5.069","4.945","51.16M","0.57%"
"12/12/2019","4.921","4.782","4.939","4.745","37.28M","3.30%"
"12/11/2019","4.764","4.739","4.809","4.732","25.84M","0.08%"
"12/10/2019","4.760","4.760","4.772","4.682","19.88M","0.08%"
"12/09/2019","4.756","4.790","4.837","4.756","22.68M","-0.56%"
"12/06/2019","4.783","4.738","4.798","4.715","13.33M","1.25%"
"12/05/2019","4.724","4.738","4.785","4.716","30.11M","-0.11%"
"12/04/2019","4.729","4.641","4.750","4.641","28.08M","1.55%"
"12/03/2019","4.657","4.707","4.729","4.633","46.60M","-0.79%"
"12/02/2019","4.694","4.788","4.843","4.691","26.56M","-1.84%"
"11/29/2019","4.782","4.798","4.832","4.768","15.58M","-0.52%"
"11/28/2019","4.807","4.798","4.819","4.782","12.72M","-0.46%"
"11/27/2019","4.829","4.795","4.849","4.775","18.11M","0.77%"
"11/26/2019","4.792","4.824","4.824","4.763","19.03M","-0.50%"
"11/25/2019","4.816","4.824","4.867","4.798","10.70M","0.38%"
"11/22/2019","4.798","4.782","4.854","4.764","19.15M","0.78%"
"11/21/2019","4.761","4.703","4.772","4.678","13.93M","0.74%"
"11/20/2019","4.726","4.718","4.741","4.660","12.88M","-0.76%"
"11/19/2019","4.762","4.760","4.823","4.745","12.41M","0.55%"
"11/18/2019","4.736","4.793","4.822","4.691","16.59M","-0.67%"
"11/15/2019","4.768","4.782","4.806","4.732","18.03M","0.59%"
"11/14/2019","4.740","4.764","4.774","4.713","13.96M","-0.34%"
"11/13/2019","4.756","4.865","4.880","4.715","26.06M","-3.27%"
"11/12/2019","4.917","4.971","5.002","4.907","18.79M","-0.55%"
"11/11/2019","4.944","4.925","4.965","4.892","14.02M","-0.28%"
"11/08/2019","4.958","4.960","5.004","4.916","24.55M","-0.62%"
"11/07/2019","4.989","4.904","4.998","4.885","18.90M","1.73%"
"11/06/2019","4.904","4.980","5.035","4.885","19.11M","-1.01%"
"11/05/2019","4.954","4.900","4.973","4.881","29.80M","1.56%"
"11/04/2019","4.878","4.793","4.890","4.760","20.21M","3.06%"
"11/01/2019","4.733","4.720","4.738","4.630","22.49M","0.21%"
"10/31/2019","4.723","4.737","4.755","4.606","24.07M","-0.23%"
"10/30/2019","4.734","4.851","4.864","4.690","33.39M","-2.51%"
"10/29/2019","4.856","4.879","4.894","4.819","23.96M","-0.53%"
"10/28/2019","4.882","4.886","4.905","4.850","12.04M","-0.06%"
"10/25/2019","4.885","4.892","4.930","4.842","13.78M","-0.02%"
"10/24/2019","4.886","4.930","4.967","4.865","16.25M","-0.45%"
"10/23/2019","4.908","4.838","4.924","4.822","14.90M","0.43%"
"10/22/2019","4.887","4.893","4.919","4.818","16.74M","-0.10%"
"10/21/2019","4.892","4.800","4.909","4.788","18.28M","2.36%"
"10/18/2019","4.779","4.705","4.790","4.705","18.97M","1.10%"
"10/17/2019","4.727","4.779","4.876","4.727","22.81M","-1.68%"
"10/16/2019","4.808","4.731","4.837","4.654","22.52M","1.24%"
"10/15/2019","4.749","4.689","4.753","4.632","23.39M","2.46%"
"10/14/2019","4.635","4.670","4.682","4.587","14.38M","-1.72%"
"10/11/2019","4.716","4.542","4.719","4.542","23.30M","1.90%"
"10/10/2019","4.628","4.516","4.628","4.510","18.48M","2.71%"
"10/09/2019","4.506","4.520","4.555","4.481","12.99M","0.02%"
"10/08/2019","4.505","4.607","4.620","4.462","16.22M","-1.79%"
"10/07/2019","4.587","4.543","4.614","4.487","13.64M","1.15%"
"10/04/2019","4.535","4.546","4.560","4.484","15.36M","0.35%"
"10/03/2019","4.519","4.555","4.555","4.463","17.38M","0.00%"
"10/02/2019","4.519","4.686","4.706","4.519","21.27M","-3.85%"
"10/01/2019","4.700","4.820","4.828","4.700","16.18M","-1.67%"
"09/30/2019","4.780","4.780","4.806","4.739","21.03M","0.70%"
"09/27/2019","4.747","4.710","4.769","4.681","12.39M","1.13%"
"09/26/2019","4.694","4.652","4.711","4.635","13.01M","0.38%"
"09/25/2019","4.676","4.638","4.683","4.561","15.39M","0.13%"
"09/24/2019","4.670","4.703","4.726","4.654","15.26M","-0.34%"
"09/23/2019","4.686","4.841","4.850","4.674","26.23M","-4.37%"
"09/20/2019","4.900","4.770","4.900","4.752","56.44M","2.40%"
"09/19/2019","4.785","4.722","4.785","4.694","15.00M","1.98%"
"09/18/2019","4.692","4.720","4.743","4.646","16.20M","-0.11%"
"09/17/2019","4.697","4.771","4.782","4.669","18.44M","-2.04%"
"09/16/2019","4.795","4.825","4.846","4.758","15.76M","-1.44%"
"09/13/2019","4.865","4.770","4.872","4.758","27.14M","2.88%"
"09/12/2019","4.729","4.678","4.775","4.554","26.76M","1.13%"
"09/11/2019","4.676","4.740","4.772","4.653","19.60M","-0.43%"
"09/10/2019","4.696","4.600","4.702","4.542","23.78M","2.04%"
"09/09/2019","4.602","4.508","4.602","4.501","15.19M","2.49%"
"09/06/2019","4.490","4.483","4.560","4.460","15.55M","-0.13%"
"09/05/2019","4.496","4.359","4.497","4.350","24.41M","4.24%"
"09/04/2019","4.313","4.338","4.363","4.303","12.70M","0.63%"
"09/03/2019","4.286","4.268","4.319","4.242","14.72M","0.21%"
"09/02/2019","4.277","4.296","4.330","4.277","8.06M","-0.74%"
"08/30/2019","4.309","4.332","4.359","4.292","12.93M","-0.30%"
"08/29/2019","4.322","4.266","4.368","4.263","14.91M","1.12%"
"08/28/2019","4.274","4.290","4.312","4.244","11.51M","-0.37%"
"08/27/2019","4.290","4.295","4.333","4.261","16.22M","0.33%"
"08/26/2019","4.276","4.213","4.308","4.213","10.22M","0.85%"
"08/23/2019","4.240","4.354","4.373","4.240","15.94M","-1.97%"
"08/22/2019","4.325","4.229","4.371","4.229","15.13M","2.22%"
"08/21/2019","4.231","4.204","4.261","4.204","9.79M","0.57%"
"08/20/2019","4.207","4.250","4.258","4.190","16.55M","-1.45%"
"08/19/2019","4.269","4.396","4.425","4.269","18.29M","-2.20%"
"08/16/2019","4.365","4.234","4.375","4.208","41.08M","3.09%"
"08/15/2019","4.234","4.281","4.298","4.187","20.11M","-0.24%"
"08/14/2019","4.244","4.322","4.325","4.215","22.63M","-2.50%"
"08/13/2019","4.353","4.263","4.395","4.230","23.50M","1.80%"
"08/12/2019","4.276","4.444","4.451","4.276","20.75M","-3.61%"
"08/09/2019","4.436","4.457","4.484","4.420","17.87M","-1.81%"
"08/08/2019","4.518","4.470","4.538","4.423","17.72M","2.52%"
"08/07/2019","4.407","4.447","4.485","4.368","20.66M","-0.16%"
"08/06/2019","4.414","4.478","4.487","4.407","18.28M","-1.03%"
"08/05/2019","4.460","4.474","4.502","4.435","20.46M","-1.37%"
"08/02/2019","4.522","4.530","4.588","4.492","27.34M","-2.46%"
"08/01/2019","4.636","4.601","4.723","4.590","20.29M","0.80%"
"07/31/2019","4.599","4.680","4.725","4.570","25.00M","-1.25%"
"07/30/2019","4.657","4.787","4.793","4.622","24.45M","-3.02%"
"07/29/2019","4.802","4.821","4.848","4.777","11.45M","-0.64%"
"07/26/2019","4.833","4.867","4.887","4.816","14.39M","-1.25%"
"07/25/2019","4.894","4.878","5.046","4.860","27.63M","0.33%"
"07/24/2019","4.878","4.851","4.905","4.830","13.45M","-0.04%"
"07/23/2019","4.880","4.787","4.902","4.771","18.14M","2.85%"
"07/22/2019","4.745","4.777","4.792","4.711","16.09M","-0.73%"
"07/19/2019","4.780","4.861","4.901","4.758","21.04M","-1.57%"
"07/18/2019","4.856","4.879","4.894","4.812","16.70M","-1.00%"
"07/17/2019","4.905","4.952","4.965","4.900","14.72M","-1.33%"
"07/16/2019","4.971","4.947","5.008","4.913","16.47M","0.91%"
"07/15/2019","4.926","4.915","4.941","4.873","14.56M","0.59%"
"07/12/2019","4.897","4.952","4.985","4.897","17.76M","-0.67%"
"07/11/2019","4.930","4.963","4.973","4.883","16.83M","-0.28%"
"07/10/2019","4.944","4.930","5.004","4.888","19.73M","-0.14%"
"07/09/2019","4.951","4.965","4.973","4.910","17.03M","-0.68%"
"07/08/2019","4.985","5.050","5.082","4.961","15.37M","-1.83%"
"07/05/2019","5.078","5.083","5.135","5.034","15.02M","-0.18%"
"07/04/2019","5.087","5.009","5.098","5.009","16.73M","1.19%"
"07/03/2019","5.027","4.903","5.027","4.886","14.53M","1.97%"
"07/02/2019","4.930","4.976","4.992","4.888","13.68M","-0.86%"
"07/01/2019","4.973","4.981","5.026","4.973","14.33M","1.14%"
"06/28/2019","4.917","4.910","4.934","4.888","13.44M","0.29%"
"06/27/2019","4.903","4.912","4.972","4.865","15.37M","0.18%"
"06/26/2019","4.894","4.861","4.930","4.834","18.47M","0.33%"
"06/25/2019","4.878","4.887","4.893","4.831","13.83M","-0.79%"
"06/24/2019","4.917","4.921","4.974","4.883","11.18M","-0.02%"
"06/21/2019","4.918","4.960","5.014","4.891","44.32M","-0.43%"
"06/20/2019","4.939","5.010","5.029","4.939","25.41M","-1.42%"
"06/19/2019","5.010","4.921","5.010","4.892","20.10M","2.20%"
"06/18/2019","4.902","4.861","4.922","4.801","23.27M","0.72%"
"06/17/2019","4.867","4.918","4.939","4.867","13.57M","-0.23%"
"06/14/2019","4.878","4.905","4.915","4.862","13.66M","-0.75%"
"06/13/2019","4.915","4.920","4.968","4.894","13.84M","-0.49%"
"06/12/2019","4.939","4.950","4.960","4.878","20.46M","-1.22%"
"06/11/2019","5.000","5.041","5.062","5.000","15.17M","-1.34%"
"06/10/2019","5.068","5.015","5.080","4.989","16.54M","2.95%"
"06/07/2019","4.923","4.949","4.974","4.880","15.41M","-0.42%"
"06/06/2019","4.944","4.960","5.079","4.896","27.26M","-0.72%"
"06/05/2019","4.980","5.000","5.017","4.905","19.12M","-0.60%"
"06/04/2019","5.010","4.843","5.016","4.840","26.55M","3.04%"
"06/03/2019","4.862","4.817","4.865","4.778","20.28M","-0.10%"
"05/31/2019","4.867","4.923","4.949","4.843","43.42M","-4.10%"
"05/30/2019","5.075","5.049","5.093","5.033","11.76M","1.56%"
"05/29/2019","4.997","4.996","5.028","4.948","17.14M","-0.99%"
"05/28/2019","5.047","5.041","5.047","4.956","21.31M","0.22%"
"05/27/2019","5.036","5.083","5.097","5.011","6.30M","0.24%"
"05/24/2019","5.024","4.992","5.050","4.969","12.90M","1.03%"
"05/23/2019","4.973","4.990","5.026","4.955","18.66M","-1.05%"
"05/22/2019","5.026","5.115","5.140","5.000","19.37M","-1.78%"
"05/21/2019","5.117","5.108","5.148","5.071","13.68M","0.85%"
"05/20/2019","5.074","5.130","5.207","5.053","19.55M","-1.51%"
"05/17/2019","5.152","5.150","5.179","5.090","22.67M","-0.77%"
"05/16/2019","5.192","5.076","5.192","5.045","17.28M","1.98%"
"05/15/2019","5.091","5.064","5.117","5.008","17.46M","0.16%"
"05/14/2019","5.083","5.023","5.083","5.001","17.21M","2.03%"
"05/13/2019","4.982","5.084","5.093","4.966","17.58M","-1.89%"
"05/10/2019","5.078","5.138","5.158","5.040","13.74M","-0.31%"
"05/09/2019","5.094","5.128","5.173","5.065","19.14M","-2.04%"
"05/08/2019","5.200","5.155","5.200","5.105","18.16M","1.09%"
"05/07/2019","5.144","5.256","5.265","5.141","23.50M","-2.56%"
"05/06/2019","5.279","5.230","5.298","5.206","15.01M","-1.07%"
"05/03/2019","5.336","5.374","5.407","5.286","12.55M","-0.24%"
"05/02/2019","5.349","5.410","5.469","5.342","17.10M","-1.27%"
"04/30/2019","5.418","5.385","5.418","5.303","19.21M","0.06%"
"04/29/2019","5.415","5.396","5.434","5.354","13.33M","0.71%"
"04/26/2019","5.377","5.375","5.391","5.303","17.17M","0.24%"
"04/25/2019","5.364","5.415","5.422","5.324","16.90M","-0.83%"
"04/24/2019","5.409","5.450","5.504","5.362","17.82M","-1.22%"
"04/23/2019","5.476","5.577","5.589","5.446","21.17M","-2.11%"
"04/18/2019","5.594","5.620","5.633","5.505","25.78M","-0.09%"
"04/17/2019","5.599","5.546","5.679","5.525","21.25M","1.32%"
"04/16/2019","5.526","5.494","5.546","5.453","13.37M","0.82%"
"04/15/2019","5.481","5.510","5.568","5.425","18.84M","-0.56%"
"04/12/2019","5.512","5.368","5.522","5.325","25.89M","2.64%"
"04/11/2019","5.370","5.318","5.409","5.270","16.80M","1.44%"
"04/10/2019","5.294","5.363","5.382","5.268","14.77M","-0.97%"
"04/09/2019","5.346","5.319","5.415","5.316","14.64M","0.24%"
"04/08/2019","5.333","5.340","5.372","5.308","13.31M","-2.95%"
"04/05/2019","5.495","5.501","5.535","5.481","22.15M","-0.05%"
"04/04/2019","5.498","5.406","5.507","5.382","22.00M","1.57%"
"04/03/2019","5.413","5.407","5.446","5.386","20.60M","1.60%"
"04/02/2019","5.328","5.310","5.381","5.282","20.88M","0.41%"
"04/01/2019","5.306","5.197","5.337","5.156","31.48M","4.18%"
"03/29/2019","5.093","5.096","5.123","5.051","22.46M","0.91%"
"03/28/2019","5.047","5.070","5.094","5.005","21.81M","-1.35%"
"03/27/2019","5.116","5.165","5.284","5.093","28.28M","-0.52%"
"03/26/2019","5.143","5.213","5.228","5.127","16.78M","-1.10%"
"03/25/2019","5.200","5.163","5.264","5.119","17.72M","0.23%"
"03/22/2019","5.188","5.406","5.411","5.163","25.64M","-3.43%"
"03/21/2019","5.372","5.388","5.408","5.341","16.57M","-0.87%"
"03/20/2019","5.419","5.470","5.490","5.418","15.97M","-1.20%"
"03/19/2019","5.485","5.439","5.550","5.412","17.40M","1.18%"
"03/18/2019","5.421","5.397","5.472","5.390","14.84M","0.89%"
"03/15/2019","5.373","5.299","5.382","5.270","44.04M","1.72%"
"03/14/2019","5.282","5.275","5.342","5.264","14.89M","0.13%"
"03/13/2019","5.275","5.191","5.299","5.180","19.22M","1.81%"
"03/12/2019","5.181","5.233","5.246","5.150","14.31M","-0.38%"
"03/11/2019","5.201","5.172","5.225","5.130","12.87M","1.27%"
"03/08/2019","5.136","5.165","5.190","5.093","18.74M","-1.59%"
"03/07/2019","5.219","5.388","5.437","5.172","26.44M","-2.85%"
"03/06/2019","5.372","5.300","5.426","5.290","15.18M","1.22%"
"03/05/2019","5.307","5.338","5.390","5.245","22.12M","-0.54%"
"03/04/2019","5.336","5.422","5.450","5.321","15.31M","-0.80%"
"03/01/2019","5.379","5.496","5.510","5.379","20.43M","-1.74%"
"02/28/2019","5.474","5.344","5.492","5.319","23.93M","1.80%"
"02/27/2019","5.377","5.232","5.385","5.226","23.09M","2.44%"
"02/26/2019","5.249","5.228","5.255","5.177","11.31M","-0.11%"
"02/25/2019","5.255","5.265","5.289","5.230","10.92M","0.54%"
"02/22/2019","5.227","5.210","5.280","5.204","13.46M","0.06%"
"02/21/2019","5.224","5.245","5.256","5.190","13.55M","-0.25%"
"02/20/2019","5.237","5.199","5.251","5.178","13.59M","0.93%"
"02/19/2019","5.189","5.200","5.248","5.128","13.58M","-0.73%"
"02/18/2019","5.227","5.208","5.259","5.203","10.81M","0.64%"
"02/15/2019","5.194","5.025","5.218","4.998","31.05M","3.30%"
"02/14/2019","5.028","5.122","5.125","4.990","19.69M","-1.43%"
"02/13/2019","5.101","5.189","5.216","5.101","18.85M","-1.92%"
"02/12/2019","5.201","5.165","5.209","5.100","19.01M","1.68%"
"02/11/2019","5.115","5.102","5.174","5.089","12.29M","1.13%"
"02/08/2019","5.058","5.070","5.116","5.017","16.81M","-0.37%"
"02/07/2019","5.077","5.210","5.235","5.068","19.90M","-3.13%"
"02/06/2019","5.241","5.171","5.245","5.164","17.10M","0.34%"
"02/05/2019","5.223","5.183","5.230","5.156","22.47M","1.01%"
"02/04/2019","5.171","5.178","5.222","5.110","15.84M","-0.50%"
"02/01/2019","5.197","5.205","5.261","5.062","23.99M","0.52%"
"01/31/2019","5.170","5.284","5.293","5.087","24.38M","-1.67%"
"01/30/2019","5.258","5.270","5.299","5.235","13.68M","-0.04%"
"01/29/2019","5.260","5.256","5.281","5.211","13.28M","0.29%"
"01/28/2019","5.245","5.275","5.331","5.234","14.76M","-1.11%"
"01/25/2019","5.304","5.253","5.309","5.220","17.98M","1.90%"
"01/24/2019","5.205","5.247","5.270","5.145","19.26M","-0.42%"
"01/23/2019","5.227","5.158","5.265","5.141","15.68M","1.10%"
"01/22/2019","5.170","5.155","5.178","5.134","14.20M","-0.69%"
"01/21/2019","5.206","5.200","5.210","5.156","8.29M","0.12%"
"01/18/2019","5.200","5.089","5.200","5.074","30.15M","3.24%"
"01/17/2019","5.037","5.065","5.110","5.024","18.76M","-1.43%"
"01/16/2019","5.110","5.013","5.110","5.000","22.12M","2.43%"
"01/15/2019","4.989","5.013","5.069","4.911","16.05M","0.00%"
"01/14/2019","4.989","4.999","5.016","4.927","19.46M","-0.93%"
"01/11/2019","5.036","4.980","5.049","4.944","19.02M","1.04%"
"01/10/2019","4.984","4.908","5.005","4.883","15.95M","0.87%"
"01/09/2019","4.941","4.920","5.027","4.899","21.94M","1.35%"
"01/08/2019","4.875","4.860","4.923","4.835","16.37M","0.87%"
"01/07/2019","4.833","4.883","4.894","4.801","15.31M","-0.37%"
"01/04/2019","4.851","4.739","4.878","4.722","23.42M","3.74%"
"01/03/2019","4.676","4.626","4.739","4.626","16.78M","0.28%"
"01/02/2019","4.663","4.574","4.696","4.510","15.43M","0.58%"
"12/31/2018","4.636","4.635","4.663","4.620","6.38M","-0.11%"
"12/28/2018","4.641","4.559","4.648","4.550","18.32M","2.11%"
"12/27/2018","4.545","4.600","4.638","4.476","31.74M","-0.29%"
"12/24/2018","4.558","4.574","4.599","4.543","5.46M","-1.32%"
"12/21/2018","4.619","4.633","4.660","4.534","45.31M","-0.75%"
"12/20/2018","4.654","4.650","4.715","4.623","21.87M","-1.57%"
"12/19/2018","4.728","4.705","4.784","4.704","20.01M","0.96%"
"12/18/2018","4.683","4.702","4.764","4.671","23.96M","-0.49%"
"12/17/2018","4.706","4.705","4.758","4.692","17.93M","-0.15%"
"12/14/2018","4.713","4.702","4.724","4.601","17.83M","-0.51%"
"12/13/2018","4.737","4.707","4.811","4.666","25.13M","1.87%"
"12/12/2018","4.650","4.520","4.681","4.520","27.56M","2.49%"
"12/11/2018","4.537","4.598","4.623","4.530","33.37M","-0.83%"
"12/10/2018","4.575","4.676","4.710","4.565","21.30M","-2.47%"
"12/07/2018","4.691","4.721","4.783","4.689","19.75M","0.00%"
"12/06/2018","4.691","4.812","4.836","4.661","28.34M","-3.58%"
"12/05/2018","4.865","4.888","4.902","4.810","19.43M","-1.30%"
"12/04/2018","4.929","5.056","5.074","4.929","20.30M","-3.18%"
"12/03/2018","5.091","5.100","5.160","5.091","20.25M","1.45%"
"11/30/2018","5.018","5.003","5.019","4.947","20.58M","0.56%"
"11/29/2018","4.990","5.030","5.070","4.981","15.20M","0.24%"
"11/28/2018","4.978","4.925","5.010","4.925","18.45M","1.22%"
"11/27/2018","4.918","5.020","5.059","4.855","40.23M","-3.28%"
"11/26/2018","5.085","4.961","5.098","4.950","25.98M","3.46%"
"11/23/2018","4.915","4.923","4.962","4.895","9.09M","0.20%"
"11/22/2018","4.905","4.900","4.944","4.873","11.78M","-0.67%"
"11/21/2018","4.938","4.880","4.963","4.865","18.93M","1.77%"
"11/20/2018","4.852","4.900","4.900","4.822","20.44M","-1.18%"
"11/19/2018","4.910","4.921","4.984","4.903","15.89M","-0.02%"
"11/16/2018","4.911","5.003","5.015","4.909","34.33M","-1.33%"
"11/15/2018","4.977","4.993","5.029","4.912","21.29M","0.10%"
"11/14/2018","4.972","4.974","5.029","4.950","15.71M","-0.56%"
"11/13/2018","5.000","4.925","5.009","4.925","21.56M","1.79%"
"11/12/2018","4.912","5.025","5.049","4.900","28.96M","0.00%"
"11/09/2018","4.912","5.050","5.050","4.852","66.48M","-5.85%"
"11/08/2018","5.217","5.267","5.290","5.200","14.72M","-0.51%"
"11/07/2018","5.244","5.400","5.400","5.237","27.36M","1.73%"
"11/06/2018","5.155","5.199","5.205","5.101","13.58M","-1.00%"
"11/05/2018","5.207","5.166","5.255","5.165","15.85M","0.83%"
"11/02/2018","5.164","5.094","5.194","5.081","26.60M","2.62%"
"11/01/2018","5.032","4.895","5.036","4.885","23.28M","3.01%"
"10/31/2018","4.885","5.016","5.022","4.866","54.11M","-1.75%"
"10/30/2018","4.972","5.200","5.226","4.969","37.18M","-3.14%"
"10/29/2018","5.133","5.168","5.201","5.076","17.63M","0.88%"
"10/26/2018","5.088","5.072","5.093","5.008","21.73M","-0.35%"
"10/25/2018","5.106","4.985","5.134","4.972","25.40M","2.84%"
"10/24/2018","4.965","5.077","5.077","4.965","19.63M","-2.03%"
"10/23/2018","5.068","5.020","5.123","5.007","24.75M","-0.53%"
"10/22/2018","5.095","5.285","5.321","5.094","19.65M","-2.13%"
"10/19/2018","5.206","5.130","5.245","5.016","38.52M","0.99%"
"10/18/2018","5.155","5.280","5.339","5.092","34.30M","-2.70%"
"10/17/2018","5.298","5.380","5.407","5.276","15.65M","-1.18%"
"10/16/2018","5.361","5.346","5.384","5.303","17.60M","0.79%"
"10/15/2018","5.319","5.249","5.343","5.233","15.93M","1.04%"
"10/12/2018","5.264","5.370","5.390","5.264","20.86M","-0.47%"
"10/11/2018","5.289","5.193","5.356","5.182","35.63M","-0.08%"
"10/10/2018","5.293","5.257","5.358","5.247","22.11M","-0.04%"
"10/09/2018","5.295","5.242","5.303","5.181","26.33M","1.53%"
"10/08/2018","5.215","5.200","5.242","5.103","20.47M","-0.91%"
"10/05/2018","5.263","5.300","5.308","5.245","19.36M","-0.64%"
"10/04/2018","5.297","5.345","5.398","5.290","26.76M","-0.88%"
"10/03/2018","5.344","5.426","5.440","5.341","24.03M","-0.47%"
"10/02/2018","5.369","5.458","5.468","5.369","30.68M","-2.65%"
"10/01/2018","5.515","5.477","5.605","5.467","20.13M","0.46%"
"09/28/2018","5.490","5.548","5.549","5.384","29.79M","-2.12%"
"09/27/2018","5.609","5.536","5.609","5.462","19.11M","0.57%"
"09/26/2018","5.577","5.601","5.624","5.561","13.86M","-0.38%"
"09/25/2018","5.598","5.630","5.678","5.595","21.86M","0.09%"
"09/24/2018","5.593","5.600","5.635","5.568","18.07M","-0.76%"
"09/21/2018","5.636","5.742","5.785","5.605","56.16M","-0.74%"
"09/20/2018","5.678","5.617","5.755","5.617","35.16M","1.47%"
"09/19/2018","5.596","5.505","5.606","5.475","26.57M","2.01%"
"09/18/2018","5.486","5.502","5.509","5.443","16.85M","-0.31%"
"09/17/2018","5.503","5.430","5.528","5.428","20.38M","0.99%"
"09/14/2018","5.449","5.478","5.479","5.384","21.20M","0.20%"
"09/13/2018","5.438","5.213","5.461","5.209","40.25M","4.28%"
"09/12/2018","5.215","5.210","5.220","5.137","15.33M","0.12%"
"09/11/2018","5.209","5.229","5.255","5.155","17.24M","0.19%"
"09/10/2018","5.199","5.166","5.275","5.150","15.87M","0.37%"
"09/07/2018","5.180","5.230","5.257","5.118","22.85M","-0.92%"
"09/06/2018","5.228","5.320","5.320","5.221","24.13M","-2.52%"
"09/05/2018","5.363","5.347","5.426","5.297","21.83M","-0.09%"
"09/04/2018","5.368","5.354","5.422","5.298","17.46M","0.26%"
"09/03/2018","5.354","5.370","5.395","5.328","10.06M","-0.30%"
"08/31/2018","5.370","5.394","5.411","5.353","21.15M","-0.20%"
"08/30/2018","5.381","5.501","5.510","5.378","24.68M","-2.75%"
"08/29/2018","5.533","5.510","5.545","5.455","11.76M","0.78%"
"08/28/2018","5.490","5.590","5.608","5.490","17.66M","-1.45%"
"08/27/2018","5.571","5.551","5.587","5.506","8.30M","0.69%"
"08/24/2018","5.533","5.502","5.567","5.502","9.14M","0.20%"
"08/23/2018","5.522","5.570","5.597","5.520","11.93M","-0.52%"
"08/22/2018","5.551","5.489","5.582","5.480","16.37M","1.00%"
"08/21/2018","5.496","5.400","5.539","5.390","13.45M","1.48%"
"08/20/2018","5.416","5.469","5.514","5.394","13.64M","-0.44%"
"08/17/2018","5.440","5.514","5.514","5.379","20.37M","-0.86%"
"08/16/2018","5.487","5.466","5.516","5.410","21.23M","1.63%"
"08/15/2018","5.399","5.479","5.530","5.335","27.48M","-0.99%"
"08/14/2018","5.453","5.484","5.568","5.385","30.67M","-0.09%"
"08/13/2018","5.458","5.478","5.528","5.400","40.65M","-3.23%"
"08/10/2018","5.640","5.820","5.825","5.600","56.78M","-5.16%"
"08/09/2018","5.947","6.000","6.005","5.917","15.87M","-0.92%"
"08/08/2018","6.002","6.025","6.051","5.966","11.07M","-0.63%"
"08/07/2018","6.040","6.060","6.086","6.025","11.52M","-0.02%"
"08/06/2018","6.041","6.073","6.100","6.006","10.23M","-0.36%"
"08/03/2018","6.063","6.054","6.110","6.010","10.24M","0.21%"
"08/02/2018","6.050","6.189","6.190","6.022","27.51M","-2.80%"
"08/01/2018","6.224","6.294","6.330","6.204","11.76M","-0.99%"
"07/31/2018","6.286","6.210","6.330","6.210","19.23M","0.93%"
"07/30/2018","6.228","6.166","6.255","6.152","13.19M","0.44%"
"07/27/2018","6.201","6.190","6.328","6.159","18.50M","1.31%"
"07/26/2018","6.121","6.074","6.168","6.070","16.65M","1.21%"
"07/25/2018","6.048","6.156","6.160","6.034","16.13M","-1.75%"
"07/24/2018","6.156","6.080","6.200","6.077","21.02M","2.16%"
"07/23/2018","6.026","5.939","6.043","5.916","12.06M","0.92%"
"07/20/2018","5.971","5.950","5.999","5.916","17.42M","-0.08%"
"07/19/2018","5.976","6.000","6.071","5.949","13.39M","-0.47%"
"07/18/2018","6.004","5.921","6.004","5.871","18.03M","1.16%"
"07/17/2018","5.935","6.000","6.046","5.921","23.56M","-0.97%"
"07/16/2018","5.993","6.014","6.064","5.967","11.42M","-0.66%"
"07/13/2018","6.033","6.083","6.083","5.994","12.50M","-0.40%"
"07/12/2018","6.057","6.079","6.090","5.984","13.76M","0.20%"
"07/11/2018","6.045","6.140","6.160","6.045","19.28M","-2.69%"
"07/10/2018","6.212","6.350","6.353","6.175","27.85M","-2.45%"
"07/09/2018","6.368","6.400","6.439","6.364","12.69M","-0.02%"
"07/06/2018","6.369","6.360","6.410","6.302","19.57M","0.95%"
"07/05/2018","6.309","6.160","6.359","6.160","23.10M","2.82%"
"07/04/2018","6.136","6.000","6.155","5.998","16.01M","1.93%"
"07/03/2018","6.020","5.976","6.059","5.915","15.27M","1.24%"
"07/02/2018","5.946","5.980","5.987","5.881","23.52M","-2.11%"
"06/29/2018","6.074","6.050","6.160","6.037","22.52M","1.81%"
"06/28/2018","5.966","5.920","6.005","5.911","13.27M","-0.03%"
"06/27/2018","5.968","6.008","6.018","5.886","19.26M","-0.76%"
"06/26/2018","6.014","6.002","6.044","5.916","17.66M","0.99%"
"06/25/2018","5.955","5.998","6.040","5.945","17.63M","-1.73%"
"06/22/2018","6.060","6.014","6.078","5.975","15.97M","1.47%"
"06/21/2018","5.972","6.046","6.076","5.909","14.86M","-0.63%"
"06/20/2018","6.010","6.020","6.080","6.000","18.49M","0.82%"
"06/19/2018","5.961","5.850","5.994","5.800","16.78M","0.71%"
"06/18/2018","5.919","5.950","6.015","5.906","13.92M","-0.97%"
"06/15/2018","5.977","6.103","6.114","5.905","42.12M","-1.92%"
"06/14/2018","6.094","6.080","6.110","6.030","19.68M","-0.10%"
"06/13/2018","6.100","6.176","6.212","6.096","20.60M","-1.45%"
"06/12/2018","6.190","6.250","6.269","6.190","17.66M","-0.26%"
"06/11/2018","6.206","6.177","6.232","6.100","26.17M","2.11%"
"06/08/2018","6.078","6.039","6.078","6.004","18.71M","-0.59%"
"06/07/2018","6.114","6.050","6.188","6.050","25.06M","2.02%"
"06/06/2018","5.993","5.924","5.999","5.845","23.06M","1.32%"
"06/05/2018","5.915","6.037","6.075","5.914","22.45M","-2.34%"
"06/04/2018","6.057","6.087","6.147","6.020","23.00M","0.65%"
"06/01/2018","6.018","5.971","6.074","5.890","30.42M","3.07%"
"05/31/2018","5.839","5.981","6.066","5.783","39.90M","-1.30%"
"05/30/2018","5.916","5.950","6.022","5.825","36.05M","0.65%"
"05/29/2018","5.878","6.070","6.087","5.850","42.31M","-4.17%"
"05/28/2018","6.134","6.307","6.338","6.090","18.76M","-1.19%"
"05/25/2018","6.208","6.408","6.416","6.124","33.72M","-2.79%"
"05/24/2018","6.386","6.484","6.524","6.347","19.41M","-1.25%"
"05/23/2018","6.467","6.572","6.572","6.392","24.41M","-2.24%"
"05/22/2018","6.615","6.526","6.649","6.513","16.62M","1.64%"
"05/21/2018","6.508","6.610","6.623","6.489","12.76M","-1.09%"
"05/18/2018","6.580","6.700","6.706","6.546","30.18M","-1.89%"
"05/17/2018","6.707","6.640","6.708","6.610","15.46M","1.31%"
"05/16/2018","6.620","6.708","6.743","6.558","22.78M","-1.62%"
"05/15/2018","6.729","6.828","6.855","6.669","17.99M","-1.52%"
"05/14/2018","6.833","6.845","6.886","6.796","9.13M","-0.31%"
"05/11/2018","6.854","6.852","6.885","6.838","9.56M","0.03%"
"05/10/2018","6.852","6.820","6.852","6.789","11.12M","0.68%"
"05/09/2018","6.806","6.768","6.810","6.735","10.88M","0.74%"
"05/08/2018","6.756","6.791","6.817","6.730","14.45M","-0.47%"
"05/07/2018","6.788","6.770","6.812","6.753","9.30M","0.68%"
"05/04/2018","6.742","6.680","6.752","6.630","15.40M","1.14%"
"05/03/2018","6.666","6.760","6.760","6.638","18.40M","-1.46%"
"05/02/2018","6.765","6.718","6.782","6.718","12.19M","0.52%"
"04/30/2018","6.730","6.684","6.745","6.682","14.89M","0.64%"
"04/27/2018","6.687","6.595","6.740","6.580","23.03M","2.22%"
"04/26/2018","6.542","6.544","6.590","6.500","10.49M","-0.17%"
"04/25/2018","6.553","6.538","6.553","6.473","11.98M","-0.44%"
"04/24/2018","6.582","6.593","6.593","6.514","11.76M","0.00%"
"04/23/2018","6.582","6.592","6.593","6.541","12.06M","0.06%"
"04/20/2018","6.578","6.521","6.585","6.501","15.24M","0.92%"
"04/19/2018","6.518","6.476","6.538","6.476","11.28M","0.40%"
"04/18/2018","6.492","6.411","6.513","6.383","17.09M","1.41%"
"04/17/2018","6.402","6.432","6.485","6.402","12.20M","-0.20%"
"04/16/2018","6.415","6.408","6.452","6.395","9.88M","0.08%"
"04/13/2018","6.410","6.353","6.498","6.338","18.26M","1.28%"
"04/12/2018","6.329","6.347","6.372","6.315","12.61M","-0.30%"
"04/11/2018","6.348","6.405","6.431","6.340","15.94M","-1.14%"
"04/10/2018","6.421","6.480","6.495","6.408","14.38M","-0.16%"
"04/09/2018","6.431","6.400","6.467","6.381","12.94M","1.34%"
"04/06/2018","6.346","6.350","6.408","6.324","14.95M","-2.52%"
"04/05/2018","6.510","6.427","6.549","6.420","24.95M","2.52%"
"04/04/2018","6.350","6.364","6.373","6.245","26.54M","-0.25%"
"04/03/2018","6.366","6.380","6.419","6.322","14.73M","-0.98%"
"03/29/2018","6.429","6.360","6.485","6.354","19.66M","1.37%"
"03/28/2018","6.342","6.222","6.342","6.209","20.42M","0.84%"
"03/27/2018","6.289","6.368","6.370","6.257","17.64M","0.45%"
"03/26/2018","6.261","6.300","6.319","6.225","20.30M","-0.21%"
"03/23/2018","6.274","6.333","6.382","6.254","30.74M","-2.65%"
"03/22/2018","6.445","6.501","6.595","6.375","22.15M","-1.32%"
"03/21/2018","6.531","6.635","6.661","6.500","14.56M","-1.00%"
"03/20/2018","6.597","6.573","6.617","6.549","10.98M","0.67%"
"03/19/2018","6.553","6.629","6.652","6.527","13.66M","-1.47%"
"03/16/2018","6.651","6.557","6.678","6.524","37.07M","1.88%"
"03/15/2018","6.528","6.585","6.604","6.505","14.09M","-0.64%"
"03/14/2018","6.570","6.670","6.697","6.552","15.71M","-1.50%"
"03/13/2018","6.670","6.674","6.764","6.647","14.58M","-0.06%"
"03/12/2018","6.674","6.691","6.700","6.643","10.86M","0.42%"
"03/09/2018","6.646","6.668","6.702","6.637","13.51M","-0.09%"
"03/08/2018","6.652","6.657","6.717","6.618","13.65M","0.33%"
"03/07/2018","6.630","6.632","6.649","6.600","13.67M","-0.30%"
"03/06/2018","6.650","6.668","6.764","6.647","17.12M","0.61%"
"03/05/2018","6.610","6.607","6.673","6.571","17.13M","-0.48%"
"03/02/2018","6.642","6.750","6.750","6.640","25.50M","-2.18%"
"03/01/2018","6.790","6.851","6.880","6.780","17.49M","-1.45%"
"02/28/2018","6.890","6.910","6.940","6.871","17.07M","-0.86%"
"02/27/2018","6.950","6.981","6.998","6.922","13.23M","-0.13%"
"02/26/2018","6.959","6.945","6.960","6.900","13.31M","0.71%"
"02/23/2018","6.910","6.967","6.968","6.890","18.45M","-0.86%"
"02/22/2018","6.970","6.930","6.978","6.852","20.96M","0.00%"
"02/21/2018","6.970","7.012","7.030","6.936","14.14M","-0.80%"
"02/20/2018","7.026","7.011","7.071","6.975","16.49M","0.06%"
"02/19/2018","7.022","7.085","7.117","7.022","10.23M","-0.52%"
"02/16/2018","7.059","7.057","7.077","6.974","20.08M","0.94%"
"02/15/2018","6.993","7.060","7.140","6.968","17.16M","0.36%"
"02/14/2018","6.968","7.061","7.077","6.915","18.54M","-0.43%"
"02/13/2018","6.998","7.102","7.124","6.984","16.12M","-1.39%"
"02/12/2018","7.097","7.084","7.153","7.053","17.87M","1.26%"
"02/09/2018","7.009","7.067","7.098","6.928","29.36M","-1.71%"
"02/08/2018","7.131","7.193","7.287","7.098","23.71M","-1.33%"
"02/07/2018","7.227","7.195","7.268","7.087","23.09M","2.00%"
"02/06/2018","7.085","7.100","7.230","7.030","31.71M","-2.34%"
"02/05/2018","7.255","7.286","7.322","7.212","18.56M","-1.35%"
"02/02/2018","7.354","7.450","7.467","7.292","18.03M","-1.39%"
"02/01/2018","7.458","7.680","7.730","7.420","23.91M","-1.45%"
"01/31/2018","7.568","7.569","7.632","7.511","18.41M","0.07%"
"01/30/2018","7.563","7.590","7.617","7.512","19.81M","-1.05%"
"01/29/2018","7.643","7.659","7.674","7.594","14.15M","0.12%"
"01/26/2018","7.634","7.590","7.650","7.565","12.50M","0.43%"
"01/25/2018","7.601","7.483","7.601","7.481","17.01M","1.62%"
"01/24/2018","7.480","7.478","7.533","7.455","12.64M","-0.13%"
"01/23/2018","7.490","7.530","7.569","7.450","15.62M","-0.07%"
"01/22/2018","7.495","7.423","7.535","7.375","16.02M","1.28%"
"01/19/2018","7.400","7.375","7.448","7.354","14.38M","0.28%"
"01/18/2018","7.379","7.420","7.429","7.345","13.56M","-0.26%"
"01/17/2018","7.398","7.400","7.457","7.331","17.96M","-1.06%"
"01/16/2018","7.477","7.478","7.510","7.439","15.20M","-0.05%"
"01/15/2018","7.481","7.465","7.516","7.428","15.06M","0.44%"
"01/12/2018","7.448","7.391","7.448","7.359","20.46M","1.42%"
"01/11/2018","7.344","7.349","7.450","7.297","20.97M","-0.08%"
"01/10/2018","7.350","7.280","7.380","7.259","25.98M","1.21%"
"01/09/2018","7.262","7.227","7.284","7.217","12.95M","0.37%"
"01/08/2018","7.235","7.274","7.293","7.220","13.42M","-0.25%"
"01/05/2018","7.253","7.259","7.282","7.203","13.58M","0.44%"
"01/04/2018","7.221","7.113","7.274","7.104","20.79M","1.79%"
"01/03/2018","7.094","7.113","7.120","7.055","13.32M","0.17%"
"01/02/2018","7.082","7.139","7.169","7.050","15.96M","-0.42%"
"12/29/2017","7.112","7.140","7.167","7.069","14.63M","-0.49%"
"12/28/2017","7.147","7.191","7.219","7.131","10.16M","-0.93%"
"12/27/2017","7.214","7.231","7.280","7.191","10.15M","-0.69%"
"12/22/2017","7.264","7.200","7.340","7.200","15.38M","-1.47%"
"12/21/2017","7.372","7.248","7.405","7.216","14.77M","1.38%"
"12/20/2017","7.272","7.287","7.303","7.204","11.73M","-0.12%"
"12/19/2017","7.281","7.240","7.320","7.235","10.59M","0.40%"
"12/18/2017","7.252","7.190","7.270","7.180","19.15M","1.44%"
"12/15/2017","7.149","7.117","7.182","7.092","31.47M","0.17%"
"12/14/2017","7.137","7.169","7.234","7.135","14.14M","-0.82%"
"12/13/2017","7.196","7.187","7.253","7.181","10.16M","-0.25%"
"12/12/2017","7.214","7.218","7.238","7.166","15.41M","-0.11%"
"12/11/2017","7.222","7.234","7.283","7.206","11.05M","0.17%"
"12/08/2017","7.210","7.220","7.335","7.199","18.03M","0.63%"
"12/07/2017","7.165","7.079","7.165","7.050","12.36M","1.26%"
"12/06/2017","7.076","7.130","7.150","7.055","16.46M","-1.48%"
"12/05/2017","7.182","7.145","7.229","7.120","12.97M","0.31%"
"12/04/2017","7.160","7.169","7.200","7.113","13.21M","1.22%"
"12/01/2017","7.074","7.200","7.206","7.060","20.30M","-1.50%"
"11/30/2017","7.182","7.271","7.362","7.182","21.68M","-1.33%"
"11/29/2017","7.279","7.230","7.322","7.202","31.36M","1.99%"
"11/28/2017","7.137","7.096","7.141","7.080","12.46M","0.93%"
"11/27/2017","7.071","7.093","7.185","7.071","10.06M","-0.81%"
"11/24/2017","7.129","7.088","7.173","7.070","12.09M","0.85%"
"11/23/2017","7.069","7.030","7.134","7.022","17.02M","0.30%"
"11/22/2017","7.048","7.049","7.156","7.032","11.11M","0.37%"
"11/21/2017","7.022","7.102","7.135","7.022","25.98M","-1.36%"
"11/20/2017","7.119","7.162","7.223","7.078","15.80M","-0.99%"
"11/17/2017","7.190","7.250","7.293","7.174","18.50M","-0.83%"
"11/16/2017","7.250","7.244","7.333","7.211","15.91M","0.75%"
"11/15/2017","7.196","7.050","7.224","7.021","20.97M","1.30%"
"11/14/2017","7.104","7.150","7.189","7.070","13.26M","-0.35%"
"11/13/2017","7.129","7.175","7.175","7.060","13.74M","-0.25%"
"11/10/2017","7.147","7.176","7.228","7.132","17.96M","-0.39%"
"11/09/2017","7.175","7.220","7.312","7.170","14.76M","-0.60%"
"11/08/2017","7.218","7.200","7.218","7.126","21.59M","0.10%"
"11/07/2017","7.211","7.325","7.347","7.209","15.01M","-0.69%"
"11/06/2017","7.261","7.332","7.332","7.196","15.22M","-0.94%"
"11/03/2017","7.330","7.452","7.452","7.260","19.59M","-1.76%"
"11/02/2017","7.461","7.471","7.517","7.379","14.65M","-0.23%"
"11/01/2017","7.478","7.556","7.580","7.430","20.02M","-0.47%"
"10/31/2017","7.513","7.420","7.542","7.400","24.42M","1.39%"
"10/30/2017","7.410","7.330","7.441","7.293","29.09M","3.02%"
"10/27/2017","7.193","7.400","7.450","7.110","33.43M","-2.60%"
"10/26/2017","7.385","7.280","7.507","7.212","31.66M","1.79%"
"10/25/2017","7.255","7.265","7.403","7.234","17.86M","-0.10%"
"10/24/2017","7.262","7.176","7.296","7.150","17.91M","1.11%"
"10/23/2017","7.182","7.290","7.300","7.155","20.05M","-1.86%"
"10/20/2017","7.318","7.222","7.368","7.209","23.33M","1.36%"
"10/19/2017","7.220","7.265","7.298","7.176","18.14M","-0.76%"
"10/18/2017","7.275","7.241","7.285","7.162","15.22M","0.86%"
"10/17/2017","7.213","7.189","7.295","7.138","14.80M","0.12%"
"10/16/2017","7.204","7.306","7.310","7.173","16.54M","-1.75%"
"10/13/2017","7.332","7.380","7.393","7.319","12.46M","-0.46%"
"10/12/2017","7.366","7.347","7.380","7.308","9.79M","0.01%"
"10/11/2017","7.365","7.362","7.386","7.292","26.01M","2.43%"
"10/10/2017","7.190","7.210","7.222","7.092","23.18M","-0.64%"
"10/09/2017","7.236","7.305","7.397","7.230","17.91M","-1.13%"
"10/06/2017","7.319","7.277","7.368","7.228","18.74M","-0.80%"
"10/05/2017","7.378","7.128","7.482","7.112","26.06M","2.77%"
"10/04/2017","7.179","7.413","7.427","7.115","33.30M","-3.61%"
"10/03/2017","7.448","7.411","7.448","7.320","16.70M","0.89%"
"10/02/2017","7.382","7.476","7.520","7.316","30.08M","-2.37%"
"09/29/2017","7.561","7.464","7.561","7.382","18.95M","1.57%"
"09/28/2017","7.444","7.580","7.590","7.432","17.21M","-0.77%"
"09/27/2017","7.502","7.380","7.558","7.366","18.90M","2.12%"
"09/26/2017","7.346","7.367","7.387","7.310","9.73M","-0.27%"
"09/25/2017","7.366","7.470","7.492","7.330","18.80M","-1.88%"
"09/22/2017","7.507","7.500","7.554","7.476","13.12M","0.04%"
"09/21/2017","7.504","7.419","7.545","7.410","19.52M","1.71%"
"09/20/2017","7.378","7.460","7.485","7.334","14.07M","-1.10%"
"09/19/2017","7.460","7.415","7.496","7.410","9.65M","0.62%"
"09/18/2017","7.414","7.420","7.474","7.400","9.24M","0.50%"
"09/15/2017","7.377","7.414","7.474","7.334","33.50M","-0.83%"
"09/14/2017","7.439","7.410","7.459","7.360","13.23M","0.05%"
"09/13/2017","7.435","7.415","7.484","7.393","17.74M","0.46%"
"09/12/2017","7.401","7.412","7.433","7.374","13.64M","0.45%"
"09/11/2017","7.368","7.231","7.391","7.230","15.23M","2.70%"
"09/08/2017","7.174","7.150","7.266","7.121","16.78M","-0.26%"
"09/07/2017","7.193","7.278","7.303","7.171","17.88M","-0.57%"
"09/06/2017","7.234","7.214","7.270","7.155","11.35M","-0.11%"
"09/05/2017","7.242","7.370","7.408","7.226","16.20M","-1.75%"
"09/04/2017","7.371","7.339","7.396","7.339","6.85M","-0.85%"
"09/01/2017","7.434","7.448","7.489","7.390","9.00M","0.16%"
"08/31/2017","7.422","7.375","7.487","7.366","19.56M","1.13%"
"08/30/2017","7.339","7.375","7.386","7.303","9.67M","0.25%"
"08/29/2017","7.321","7.395","7.407","7.295","18.09M","-1.49%"
"08/28/2017","7.432","7.428","7.496","7.409","5.22M","-0.38%"
"08/25/2017","7.460","7.508","7.549","7.460","5.89M","-0.20%"
"08/24/2017","7.475","7.462","7.539","7.436","10.76M","0.74%"
"08/23/2017","7.420","7.528","7.564","7.396","11.53M","-1.20%"
"08/22/2017","7.510","7.500","7.556","7.469","9.98M","0.97%"
"08/21/2017","7.438","7.450","7.525","7.422","8.14M","-0.87%"
"08/18/2017","7.503","7.420","7.513","7.390","14.84M","-0.21%"
"08/17/2017","7.519","7.627","7.630","7.475","15.73M","-1.90%"
"08/16/2017","7.665","7.685","7.729","7.665","10.13M","0.33%"
"08/15/2017","7.640","7.630","7.647","7.585","8.18M","0.79%"
"08/14/2017","7.580","7.488","7.621","7.488","11.08M","1.72%"
"08/11/2017","7.452","7.514","7.570","7.375","19.75M","-1.84%"
"08/10/2017","7.592","7.700","7.731","7.545","17.80M","-1.75%"
"08/09/2017","7.727","7.851","7.885","7.651","20.93M","-2.50%"
"08/08/2017","7.925","7.860","7.932","7.850","11.05M","0.71%"
"08/07/2017","7.869","7.860","7.880","7.834","9.44M","0.45%"
"08/04/2017","7.834","7.761","7.877","7.753","18.02M","0.20%"
"08/03/2017","7.818","7.727","7.818","7.641","17.55M","0.92%"
"08/02/2017","7.747","7.804","7.820","7.689","13.06M","-0.23%"
"08/01/2017","7.765","7.800","7.810","7.680","18.10M","1.49%"
"07/31/2017","7.651","7.702","7.755","7.628","16.30M","-0.74%"
"07/28/2017","7.708","7.685","7.725","7.604","20.20M","0.08%"
"07/27/2017","7.702","7.590","7.740","7.590","14.52M","0.42%"
"07/26/2017","7.670","7.643","7.699","7.593","13.65M","0.05%"
"07/25/2017","7.666","7.495","7.749","7.491","25.39M","2.02%"
"07/24/2017","7.514","7.450","7.538","7.366","20.37M","1.25%"
"07/21/2017","7.421","7.515","7.515","7.361","23.27M","-1.45%"
"07/20/2017","7.530","7.530","7.586","7.485","16.29M","0.31%"
"07/19/2017","7.507","7.512","7.518","7.375","22.71M","0.24%"
"07/18/2017","7.489","7.618","7.661","7.458","17.07M","-1.89%"
"07/17/2017","7.633","7.709","7.709","7.576","15.17M","-0.59%"
"07/14/2017","7.678","7.680","7.767","7.628","22.21M","0.30%"
"07/13/2017","7.655","7.560","7.680","7.559","19.56M","1.86%"
"07/12/2017","7.515","7.558","7.564","7.492","13.44M","-0.08%"
"07/11/2017","7.521","7.550","7.567","7.488","11.83M","-0.01%"
"07/10/2017","7.522","7.570","7.587","7.466","11.85M","-0.12%"
"07/07/2017","7.531","7.508","7.557","7.464","14.71M","0.13%"
"07/06/2017","7.521","7.500","7.540","7.392","20.21M","0.76%"
"07/05/2017","7.464","7.459","7.570","7.438","20.14M","0.05%"
"07/04/2017","7.460","7.441","7.530","7.423","11.46M","-0.65%"
"07/03/2017","7.509","7.341","7.509","7.320","17.45M","3.36%"
"06/30/2017","7.265","7.424","7.483","7.259","24.25M","-1.84%"
"06/29/2017","7.401","7.513","7.610","7.385","27.26M","-1.03%"
"06/28/2017","7.478","7.350","7.495","7.290","25.47M","1.41%"
"06/27/2017","7.374","7.305","7.411","7.283","16.14M","0.88%"
"06/26/2017","7.310","7.270","7.387","7.263","13.62M","0.99%"
"06/23/2017","7.238","7.273","7.356","7.225","11.43M","-1.01%"
"06/22/2017","7.312","7.300","7.335","7.215","14.62M","-0.37%"
"06/21/2017","7.339","7.310","7.355","7.196","15.21M","-0.04%"
"06/20/2017","7.342","7.468","7.472","7.320","12.98M","-0.92%"
"06/19/2017","7.410","7.381","7.459","7.360","16.39M","1.35%"
"06/16/2017","7.311","7.334","7.380","7.220","44.43M","0.19%"
"06/15/2017","7.297","7.315","7.317","7.170","26.37M","-0.18%"
"06/14/2017","7.310","7.440","7.515","7.283","18.81M","-1.44%"
"06/13/2017","7.417","7.345","7.483","7.340","14.43M","0.91%"
"06/12/2017","7.350","7.426","7.457","7.316","20.40M","-1.45%"
"06/09/2017","7.458","7.406","7.580","7.333","19.14M","0.19%"
"06/08/2017","7.444","7.333","7.485","7.300","20.26M","1.54%"
"06/07/2017","7.331","7.248","7.425","7.180","29.13M","2.03%"
"06/06/2017","7.185","7.208","7.234","7.152","19.79M","-0.94%"
"06/05/2017","7.253","7.223","7.298","7.179","10.83M","0.19%"
"06/02/2017","7.239","7.317","7.384","7.211","20.10M","0.32%"
"06/01/2017","7.216","7.270","7.278","7.145","26.99M","-0.50%"
"05/31/2017","7.252","7.383","7.437","7.252","27.31M","-1.49%"
"05/30/2017","7.362","7.392","7.505","7.306","27.45M","-1.64%"
"05/29/2017","7.485","7.386","7.500","7.386","9.43M","0.47%"
"05/26/2017","7.450","7.459","7.459","7.285","17.72M","-0.37%"
"05/25/2017","7.478","7.550","7.588","7.462","11.21M","-0.12%"
"05/24/2017","7.487","7.505","7.540","7.433","9.86M","0.11%"
"05/23/2017","7.479","7.278","7.538","7.267","19.05M","2.06%"
"05/22/2017","7.328","7.420","7.434","7.304","16.93M","-1.16%"
"05/19/2017","7.414","7.256","7.423","7.256","24.46M","2.40%"
"05/18/2017","7.240","7.240","7.330","7.135","30.87M","-0.82%"
"05/17/2017","7.300","7.379","7.444","7.249","22.10M","-1.88%"
"05/16/2017","7.440","7.430","7.500","7.381","13.82M","0.01%"
"05/15/2017","7.439","7.449","7.467","7.372","12.70M","0.69%"
"05/12/2017","7.388","7.400","7.440","7.329","23.59M","0.03%"
"05/11/2017","7.386","7.571","7.596","7.385","27.61M","-2.19%"
"05/10/2017","7.551","7.553","7.610","7.462","24.01M","-0.71%"
"05/09/2017","7.605","7.770","7.815","7.605","22.21M","-2.02%"
"05/08/2017","7.762","7.870","7.889","7.670","21.85M","-0.49%"
"05/05/2017","7.800","7.643","7.827","7.606","27.07M","1.75%"
"05/04/2017","7.666","7.565","7.666","7.530","25.82M","2.15%"
"05/03/2017","7.505","7.460","7.519","7.426","18.34M","0.87%"
"05/02/2017","7.440","7.348","7.475","7.343","16.94M","1.24%"
"04/28/2017","7.349","7.377","7.519","7.300","31.47M","-1.42%"
"04/27/2017","7.455","7.550","7.588","7.345","34.04M","-2.06%"
"04/26/2017","7.612","7.700","7.705","7.523","26.19M","-0.24%"
"04/25/2017","7.630","7.650","7.698","7.525","35.28M","0.21%"
"04/24/2017","7.614","7.499","7.614","7.390","66.66M","7.32%"
"04/21/2017","7.095","7.060","7.147","6.963","33.51M","1.07%"
"04/20/2017","7.020","6.931","7.075","6.909","24.06M","1.18%"
"04/19/2017","6.938","6.812","6.965","6.803","18.65M","2.13%"
"04/18/2017","6.793","6.870","6.885","6.744","20.61M","-0.92%"
"04/13/2017","6.856","6.940","6.950","6.801","21.91M","-1.35%"
"04/12/2017","6.950","7.060","7.096","6.911","22.25M","-1.03%"
"04/11/2017","7.022","6.991","7.078","6.970","20.73M","-0.30%"
"04/10/2017","7.043","7.101","7.113","7.020","16.31M","-1.10%"
"04/07/2017","7.121","7.087","7.141","7.028","18.08M","-0.15%"
"04/06/2017","7.132","6.965","7.146","6.940","24.31M","1.11%"
"04/05/2017","7.054","7.000","7.120","6.996","27.23M","1.03%"
"04/04/2017","6.982","6.949","7.010","6.847","23.57M","0.52%"
"04/03/2017","6.946","7.146","7.162","6.935","34.52M","-2.69%"
"03/31/2017","7.138","7.050","7.138","7.011","25.07M","0.83%"
"03/30/2017","7.079","7.046","7.085","6.989","19.05M","0.38%"
"03/29/2017","7.052","7.157","7.182","6.992","23.74M","-1.15%"
"03/28/2017","7.134","7.079","7.157","7.062","20.12M","1.05%"
"03/27/2017","7.060","6.939","7.064","6.915","22.45M","0.03%"
"03/24/2017","7.058","7.027","7.077","7.004","16.43M","-0.28%"
"03/23/2017","7.078","7.040","7.101","6.976","21.85M","0.83%"
"03/22/2017","7.020","6.935","7.097","6.843","31.17M","0.40%"
"03/21/2017","6.992","7.034","7.104","6.958","29.05M","0.53%"
"03/20/2017","6.955","6.914","7.008","6.892","15.97M","0.04%"
"03/17/2017","6.952","6.957","7.045","6.928","39.97M","0.35%"
"03/16/2017","6.928","6.850","6.969","6.805","37.67M","3.14%"
"03/15/2017","6.717","6.670","6.793","6.670","24.67M","0.67%"
"03/14/2017","6.672","6.774","6.774","6.650","18.67M","-1.29%"
"03/13/2017","6.759","6.774","6.812","6.687","15.09M","-0.12%"
"03/10/2017","6.767","6.772","6.886","6.697","45.07M","0.16%"
"03/09/2017","6.756","6.488","6.774","6.487","45.51M","3.76%"
"03/08/2017","6.511","6.479","6.575","6.456","21.80M","0.60%"
"03/07/2017","6.472","6.472","6.482","6.410","14.64M","-0.15%"
"03/06/2017","6.482","6.436","6.532","6.412","20.96M","0.25%"
"03/03/2017","6.466","6.254","6.470","6.225","42.85M","3.31%"
"03/02/2017","6.259","6.246","6.331","6.196","25.42M","0.24%"
"03/01/2017","6.244","6.107","6.259","6.103","29.45M","2.93%"
"02/28/2017","6.066","6.042","6.085","6.004","20.65M","0.78%"
"02/27/2017","6.019","5.979","6.047","5.970","13.28M","0.92%"
"02/24/2017","5.964","6.048","6.074","5.898","27.19M","-1.14%"
"02/23/2017","6.033","6.105","6.112","6.003","22.51M","-0.87%"
"02/22/2017","6.086","6.118","6.200","6.004","25.66M","-0.51%"
"02/21/2017","6.117","6.109","6.177","6.033","14.34M","-0.26%"
"02/20/2017","6.133","6.183","6.211","6.119","12.74M","0.10%"
"02/17/2017","6.127","6.208","6.225","6.067","27.94M","-1.16%"
"02/16/2017","6.199","6.284","6.312","6.167","22.41M","-1.65%"
"02/15/2017","6.303","6.244","6.352","6.234","52.04M","3.14%"
"02/14/2017","6.111","5.961","6.131","5.926","31.89M","2.71%"
"02/13/2017","5.950","5.892","5.983","5.837","18.23M","1.47%"
"02/10/2017","5.864","6.006","6.014","5.842","24.41M","-1.33%"
"02/09/2017","5.943","5.930","5.953","5.847","28.48M","0.35%"
"02/08/2017","5.922","6.043","6.062","5.808","32.21M","-1.25%"
"02/07/2017","5.997","5.989","6.051","5.941","16.98M","-0.20%"
"02/06/2017","6.009","6.103","6.135","5.989","21.12M","-1.00%"
"02/03/2017","6.070","6.058","6.104","6.009","22.31M","0.90%"
"02/02/2017","6.016","6.038","6.054","5.955","37.00M","-0.97%"
"02/01/2017","6.075","6.303","6.315","5.990","52.60M","-1.40%"
"01/31/2017","6.161","6.209","6.323","6.157","22.65M","-0.60%"
"01/30/2017","6.198","6.223","6.279","6.184","15.53M","-1.12%"
"01/27/2017","6.268","6.288","6.292","6.161","19.28M","-0.44%"
"01/26/2017","6.296","6.403","6.450","6.271","23.08M","-0.82%"
"01/25/2017","6.348","6.234","6.413","6.225","39.83M","3.17%"
"01/24/2017","6.153","5.999","6.156","5.982","25.45M","2.98%"
"01/23/2017","5.975","5.962","6.009","5.901","16.50M","-0.60%"
"01/20/2017","6.011","6.026","6.072","5.989","21.45M","0.08%"
"01/19/2017","6.006","6.054","6.077","5.977","19.01M","-0.32%"
"01/18/2017","6.025","6.048","6.063","5.982","17.18M","0.12%"
"01/17/2017","6.018","6.009","6.066","5.980","19.07M","-0.17%"
"01/16/2017","6.028","6.053","6.067","6.000","14.22M","-1.55%"
"01/13/2017","6.123","6.048","6.188","6.026","22.17M","1.93%"
"01/12/2017","6.007","5.989","6.105","5.925","29.61M","-0.50%"
"01/11/2017","6.037","6.215","6.215","6.010","56.25M","-3.27%"
"01/10/2017","6.241","6.346","6.346","6.229","25.16M","-2.76%"
"01/09/2017","6.418","6.465","6.469","6.352","18.50M","-0.45%"
"01/06/2017","6.447","6.411","6.458","6.337","14.78M","0.75%"
"01/05/2017","6.399","6.346","6.435","6.320","18.09M","0.34%"
"01/04/2017","6.377","6.465","6.481","6.317","29.37M","-1.07%"
"01/03/2017","6.446","6.362","6.564","6.335","24.03M","1.95%"
"01/02/2017","6.323","6.342","6.356","6.258","7.73M","0.41%"
"12/30/2016","6.297","6.252","6.297","6.219","14.57M","0.61%"
"12/29/2016","6.259","6.216","6.279","6.211","11.02M","-0.60%"
"12/28/2016","6.297","6.333","6.345","6.258","11.40M","-0.47%"
"12/27/2016","6.327","6.303","6.342","6.284","6.42M","-0.25%"
"12/23/2016","6.343","6.368","6.411","6.313","10.00M","0.25%"
"12/22/2016","6.327","6.306","6.369","6.290","11.13M","-0.17%"
"12/21/2016","6.338","6.377","6.429","6.242","23.57M","-0.91%"
"12/20/2016","6.396","6.333","6.438","6.317","18.76M","0.63%"
"12/19/2016","6.356","6.411","6.428","6.336","18.13M","-1.20%"
"12/16/2016","6.433","6.402","6.485","6.346","57.88M","0.28%"
"12/15/2016","6.415","6.280","6.429","6.274","30.08M","2.57%"
"12/14/2016","6.254","6.321","6.375","6.254","25.67M","-1.54%"
"12/13/2016","6.352","6.219","6.364","6.138","28.57M","1.58%"
"12/12/2016","6.253","6.284","6.348","6.237","21.04M","-0.70%"
"12/09/2016","6.297","6.328","6.358","6.228","27.36M","-0.99%"
"12/08/2016","6.360","6.107","6.460","6.080","52.60M","4.47%"
"12/07/2016","6.088","6.063","6.146","6.024","31.42M","1.28%"
"12/06/2016","6.011","5.763","6.037","5.733","31.47M","4.70%"
"12/05/2016","5.741","5.599","5.808","5.567","19.55M","1.02%"
"12/02/2016","5.683","5.694","5.743","5.646","19.07M","-1.39%"
"12/01/2016","5.763","5.714","5.783","5.681","17.97M","0.75%"
"11/30/2016","5.720","5.665","5.753","5.641","29.06M","0.79%"
"11/29/2016","5.675","5.587","5.711","5.582","17.37M","0.94%"
"11/28/2016","5.622","5.646","5.672","5.582","17.35M","-0.78%"
"11/25/2016","5.666","5.692","5.696","5.629","16.70M","-0.87%"
"11/24/2016","5.716","5.699","5.760","5.677","11.72M","-0.44%"
"11/23/2016","5.741","5.773","5.787","5.647","22.24M","-0.47%"
"11/22/2016","5.768","5.793","5.818","5.748","16.01M","0.35%"
"11/21/2016","5.748","5.750","5.767","5.681","18.80M","-0.09%"
"11/18/2016","5.753","5.960","5.965","5.753","33.69M","-2.80%"
"11/17/2016","5.919","5.812","5.930","5.793","23.69M","0.99%"
"11/16/2016","5.861","5.933","5.994","5.803","28.64M","-0.51%"
"11/15/2016","5.891","5.825","5.906","5.731","24.97M","1.17%"
"11/14/2016","5.823","5.856","5.920","5.709","38.79M","0.33%"
"11/11/2016","5.804","6.002","6.019","5.771","37.07M","-2.29%"
"11/10/2016","5.940","6.068","6.169","5.871","69.77M","-1.15%"
"11/09/2016","6.009","5.806","6.012","5.744","169.90M","-5.70%"
"11/08/2016","6.372","6.323","6.410","6.275","25.49M","1.56%"
"11/07/2016","6.274","6.294","6.324","6.233","22.46M","3.14%"
"11/04/2016","6.083","6.111","6.130","6.014","21.57M","-0.96%"
"11/03/2016","6.142","6.088","6.228","6.071","24.29M","1.20%"
"11/02/2016","6.069","6.232","6.234","6.069","40.19M","-3.96%"
"11/01/2016","6.319","6.500","6.524","6.305","26.48M","-2.15%"
"10/31/2016","6.458","6.382","6.480","6.372","30.72M","-0.19%"
"10/28/2016","6.470","6.480","6.490","6.383","31.53M","-0.31%"
"10/27/2016","6.490","6.362","6.490","6.293","44.16M","2.80%"
"10/26/2016","6.313","6.205","6.313","6.203","29.10M","2.04%"
"10/25/2016","6.187","6.261","6.268","6.149","24.45M","-1.04%"
"10/24/2016","6.252","6.136","6.290","6.117","35.73M","3.20%"
"10/21/2016","6.058","6.090","6.136","6.000","27.06M","-0.53%"
"10/20/2016","6.090","5.952","6.116","5.928","39.64M","3.17%"
"10/19/2016","5.903","5.821","5.910","5.746","29.44M","1.99%"
"10/18/2016","5.788","5.689","5.818","5.653","27.19M","3.01%"
"10/17/2016","5.619","5.580","5.675","5.563","23.93M","0.38%"
"10/14/2016","5.598","5.478","5.641","5.465","26.17M","2.89%"
"10/13/2016","5.441","5.500","5.500","5.370","22.99M","-1.98%"
"10/12/2016","5.551","5.535","5.634","5.522","22.25M","0.45%"
"10/11/2016","5.526","5.359","5.541","5.323","36.63M","2.98%"
"10/10/2016","5.366","5.310","5.378","5.246","21.85M","0.69%"
"10/07/2016","5.329","5.385","5.424","5.262","21.17M","-0.60%"
"10/06/2016","5.361","5.349","5.447","5.336","30.26M","0.75%"
"10/05/2016","5.321","5.164","5.336","5.154","27.69M","2.01%"
"10/04/2016","5.216","5.208","5.254","5.157","19.62M","0.46%"
"10/03/2016","5.192","5.188","5.252","5.146","14.74M","-0.44%"
"09/30/2016","5.215","5.038","5.221","4.942","50.14M","0.58%"
"09/29/2016","5.185","5.232","5.263","5.168","19.46M","0.14%"
"09/28/2016","5.178","5.167","5.252","5.155","17.69M","0.90%"
"09/27/2016","5.132","5.232","5.232","5.074","24.52M","-0.27%"
"09/26/2016","5.146","5.256","5.256","5.082","27.30M","-3.20%"
"09/23/2016","5.316","5.307","5.335","5.242","21.54M","-0.67%"
"09/22/2016","5.352","5.257","5.380","5.223","26.11M","2.80%"
"09/21/2016","5.206","5.203","5.250","5.152","21.77M","2.87%"
"09/20/2016","5.061","5.068","5.116","5.040","12.39M","-0.73%"
"09/19/2016","5.098","5.144","5.152","5.087","16.73M","0.57%"
"09/16/2016","5.069","5.134","5.155","5.054","47.14M","-1.80%"
"09/15/2016","5.162","5.225","5.271","5.117","21.91M","-0.69%"
"09/14/2016","5.198","5.261","5.269","5.182","23.28M","-1.10%"
"09/13/2016","5.256","5.400","5.434","5.256","18.29M","-2.36%"
"09/12/2016","5.383","5.392","5.426","5.295","23.06M","-2.45%"
"09/09/2016","5.518","5.562","5.660","5.517","21.78M","-0.97%"
"09/08/2016","5.572","5.481","5.586","5.431","21.02M","1.66%"
"09/07/2016","5.481","5.454","5.503","5.374","14.74M","1.16%"
"09/06/2016","5.418","5.556","5.562","5.416","17.22M","-1.83%"
"09/05/2016","5.519","5.513","5.557","5.465","12.67M","0.11%"
"09/02/2016","5.513","5.445","5.524","5.345","18.61M","1.64%"
"09/01/2016","5.424","5.405","5.556","5.391","22.72M","0.35%"
"08/31/2016","5.405","5.329","5.459","5.317","28.70M","1.07%"
"08/30/2016","5.348","5.252","5.358","5.244","16.35M","1.96%"
"08/29/2016","5.245","5.234","5.294","5.205","7.54M","-0.29%"
"08/26/2016","5.260","5.174","5.275","5.162","11.84M","1.60%"
"08/25/2016","5.177","5.196","5.231","5.153","11.89M","-1.15%"
"08/24/2016","5.237","5.096","5.241","5.058","28.96M","3.36%"
"08/23/2016","5.067","4.981","5.092","4.976","14.21M","1.89%"
"08/22/2016","4.973","4.936","5.022","4.921","12.68M","0.81%"
"08/19/2016","4.933","5.027","5.029","4.882","15.94M","-2.06%"
"08/18/2016","5.037","5.067","5.077","4.970","11.30M","0.42%"
"08/17/2016","5.016","5.143","5.150","5.013","10.09M","-1.74%"
"08/16/2016","5.105","5.101","5.147","5.066","14.77M","-0.31%"
"08/15/2016","5.121","5.101","5.145","5.086","6.85M","0.29%"
"08/12/2016","5.106","5.126","5.169","5.102","12.06M","-0.62%"
"08/11/2016","5.138","5.135","5.152","5.070","12.52M","0.53%"
"08/10/2016","5.111","5.020","5.133","5.006","15.51M","1.01%"
"08/09/2016","5.060","4.971","5.069","4.934","17.25M","1.93%"
"08/08/2016","4.964","4.963","5.035","4.951","17.91M","0.69%"
"08/05/2016","4.930","4.845","4.936","4.806","22.78M","2.62%"
"08/04/2016","4.804","4.725","4.864","4.723","25.29M","2.54%"
"08/03/2016","4.685","4.683","4.729","4.608","28.61M","1.06%"
"08/02/2016","4.636","4.846","4.848","4.613","40.78M","-4.88%"
"08/01/2016","4.874","5.096","5.135","4.821","32.99M","-3.73%"
"07/29/2016","5.063","5.053","5.125","4.961","37.24M","3.73%"
"07/28/2016","4.881","5.039","5.066","4.870","23.48M","-3.58%"
"07/27/2016","5.062","4.982","5.114","4.981","22.35M","1.83%"
"07/26/2016","4.971","5.001","5.021","4.886","19.56M","-0.86%"
"07/25/2016","5.014","5.081","5.113","4.984","16.88M","-1.51%"
"07/22/2016","5.091","5.058","5.124","5.037","20.42M","0.12%"
"07/21/2016","5.085","5.041","5.139","4.999","23.97M","0.95%"
"07/20/2016","5.037","5.038","5.080","4.976","21.07M","1.00%"
"07/19/2016","4.987","5.013","5.101","4.944","27.71M","-0.93%"
"07/18/2016","5.034","5.132","5.183","4.937","42.55M","-2.80%"
"07/15/2016","5.179","5.170","5.269","5.074","29.82M","-0.13%"
"07/14/2016","5.186","5.154","5.229","5.117","32.92M","2.23%"
"07/13/2016","5.073","5.072","5.242","4.981","37.52M","-0.74%"
"07/12/2016","5.111","4.899","5.130","4.878","40.63M","4.31%"
"07/11/2016","4.900","4.893","4.927","4.764","24.69M","1.05%"
"07/08/2016","4.849","4.684","4.928","4.643","33.04M","3.10%"
"07/07/2016","4.703","4.699","4.767","4.653","25.31M","0.88%"
"07/06/2016","4.662","4.699","4.770","4.595","41.10M","-3.38%"
"07/05/2016","4.825","4.893","4.947","4.809","29.58M","-2.41%"
"07/04/2016","4.944","4.981","5.011","4.871","21.63M","-0.36%"
"07/01/2016","4.962","4.964","5.024","4.826","32.59M","1.12%"
"06/30/2016","4.907","4.871","4.964","4.750","43.42M","0.95%"
"06/29/2016","4.861","4.803","4.871","4.777","42.47M","3.43%"
"06/28/2016","4.700","4.753","4.834","4.681","50.41M","1.84%"
"06/27/2016","4.615","4.980","4.990","4.522","79.40M","-1.68%"
"06/24/2016","4.694","4.360","4.985","4.360","135.75M","-16.16%"
"06/23/2016","5.599","5.471","5.618","5.400","32.45M","2.73%"
"06/22/2016","5.450","5.456","5.516","5.367","32.20M","0.80%"
"06/21/2016","5.407","5.353","5.436","5.348","29.61M","0.46%"
"06/20/2016","5.382","5.417","5.453","5.316","32.36M","2.93%"
"06/17/2016","5.229","5.117","5.252","5.103","69.76M","4.31%"
"06/16/2016","5.013","4.878","5.022","4.849","37.39M","0.87%"
"06/15/2016","4.970","4.941","5.070","4.908","35.26M","1.84%"
"06/14/2016","4.880","4.956","5.019","4.857","34.80M","-2.28%"
"06/13/2016","4.994","5.116","5.128","4.973","37.00M","-3.50%"
"06/10/2016","5.175","5.378","5.379","5.166","38.74M","-4.15%"
"06/09/2016","5.399","5.426","5.480","5.383","21.39M","-0.97%"
"06/08/2016","5.452","5.541","5.541","5.417","21.66M","-1.89%"
"06/07/2016","5.557","5.581","5.652","5.523","21.85M","0.16%"
"06/06/2016","5.548","5.523","5.631","5.493","17.71M","0.23%"
"06/03/2016","5.535","5.688","5.717","5.465","25.37M","-2.21%"
"06/02/2016","5.660","5.647","5.856","5.644","31.40M","0.00%"
"06/01/2016","5.660","5.777","5.794","5.605","20.85M","-2.01%"
"05/31/2016","5.776","5.891","5.917","5.723","26.47M","-1.79%"
"05/30/2016","5.881","5.881","5.906","5.826","10.18M","0.19%"
"05/27/2016","5.870","5.822","5.932","5.812","23.68M","0.24%"
"05/26/2016","5.856","5.814","5.875","5.750","32.81M","-0.81%"
"05/25/2016","5.904","5.667","5.944","5.655","48.10M","5.28%"
"05/24/2016","5.608","5.369","5.625","5.349","28.73M","4.28%"
"05/23/2016","5.378","5.451","5.499","5.366","19.80M","-1.47%"
"05/20/2016","5.458","5.432","5.484","5.407","21.87M","1.09%"
"05/19/2016","5.399","5.476","5.568","5.393","26.42M","-1.37%"
"05/18/2016","5.474","5.406","5.523","5.364","18.68M","0.68%"
"05/17/2016","5.437","5.411","5.548","5.379","29.50M","1.32%"
"05/16/2016","5.366","5.297","5.378","5.263","14.03M","0.51%"
"05/13/2016","5.339","5.275","5.394","5.218","24.22M","0.53%"
"05/12/2016","5.311","5.308","5.431","5.252","28.87M","-0.58%"
"05/11/2016","5.342","5.465","5.484","5.271","29.18M","-2.11%"
"05/10/2016","5.457","5.436","5.527","5.405","24.91M","1.90%"
"05/09/2016","5.355","5.528","5.560","5.329","27.57M","-1.76%"
"05/06/2016","5.451","5.369","5.537","5.301","40.86M","1.38%"
"05/05/2016","5.377","5.445","5.511","5.337","32.90M","-0.65%"
"05/04/2016","5.412","5.509","5.577","5.407","34.85M","-2.26%"
"05/03/2016","5.537","5.746","5.758","5.499","32.88M","-3.82%"
"05/02/2016","5.757","5.814","5.830","5.709","17.57M","-0.69%"
"04/29/2016","5.797","5.959","6.026","5.758","57.70M","-4.78%"
"04/28/2016","6.088","6.201","6.201","5.938","88.41M","-6.77%"
"04/27/2016","6.530","6.511","6.593","6.458","37.41M","-0.26%"
"04/26/2016","6.547","6.222","6.548","6.222","44.29M","5.29%"
"04/25/2016","6.218","6.322","6.366","6.176","27.95M","-2.02%"
"04/22/2016","6.346","6.264","6.370","6.245","35.36M","0.87%"
"04/21/2016","6.291","6.201","6.342","6.164","46.81M","2.03%"
"04/20/2016","6.166","5.858","6.173","5.821","58.52M","5.76%"
"04/19/2016","5.830","5.807","5.872","5.778","30.64M","0.90%"
"04/18/2016","5.778","5.632","5.803","5.581","22.51M","0.64%"
"04/15/2016","5.741","5.712","5.765","5.659","22.50M","0.35%"
"04/14/2016","5.721","5.664","5.731","5.545","41.37M","1.15%"
"04/13/2016","5.656","5.432","5.656","5.407","56.95M","6.12%"
"04/12/2016","5.330","5.341","5.442","5.217","49.57M","0.74%"
"04/11/2016","5.291","5.242","5.382","5.184","50.74M","0.99%"
"04/08/2016","5.239","5.154","5.302","5.154","50.85M","1.55%"
"04/07/2016","5.159","5.300","5.310","5.137","34.77M","-2.62%"
"04/06/2016","5.298","5.329","5.443","5.255","45.20M","-0.58%"
"04/05/2016","5.329","5.411","5.434","5.314","31.22M","-2.65%"
"04/04/2016","5.474","5.470","5.559","5.419","19.37M","0.07%"
"04/01/2016","5.470","5.485","5.615","5.426","71.00M","-1.64%"
"03/31/2016","5.561","5.628","5.673","5.522","46.94M","-1.80%"
"03/30/2016","5.663","5.716","5.778","5.659","28.75M","0.04%"
"03/29/2016","5.661","5.783","5.835","5.620","21.13M","-1.01%"
"03/24/2016","5.719","5.796","5.842","5.689","25.81M","-2.22%"
"03/23/2016","5.849","5.986","6.020","5.808","17.91M","-1.88%"
"03/22/2016","5.961","5.937","5.961","5.829","19.71M","-0.60%"
"03/21/2016","5.997","6.013","6.145","5.977","18.50M","-1.25%"
"03/18/2016","6.073","6.035","6.154","5.931","43.38M","0.86%"
"03/17/2016","6.021","6.127","6.135","5.826","40.96M","0.22%"
"03/16/2016","6.008","6.046","6.135","5.916","25.36M","-0.63%"
"03/15/2016","6.046","6.192","6.217","6.008","33.16M","-2.95%"
"03/14/2016","6.230","6.283","6.345","6.217","31.93M","0.45%"
"03/11/2016","6.202","5.993","6.224","5.959","42.82M","6.20%"
"03/10/2016","5.840","5.769","6.168","5.678","67.50M","1.35%"
"03/09/2016","5.762","5.797","5.873","5.718","27.02M","-0.71%"
"03/08/2016","5.803","5.784","5.949","5.732","26.40M","-1.19%"
"03/07/2016","5.873","5.919","5.967","5.731","21.77M","-1.04%"
"03/04/2016","5.935","5.963","6.015","5.849","31.23M","0.19%"
"03/03/2016","5.924","5.911","5.959","5.825","30.16M","0.58%"
"03/02/2016","5.890","5.702","5.929","5.683","38.21M","4.43%"
"03/01/2016","5.640","5.551","5.648","5.500","23.64M","1.18%"
"02/29/2016","5.574","5.406","5.574","5.334","24.82M","1.51%"
"02/26/2016","5.491","5.264","5.519","5.250","37.78M","5.66%"
"02/25/2016","5.197","5.178","5.273","5.136","22.11M","2.20%"
"02/24/2016","5.085","5.306","5.324","5.048","34.60M","-4.54%"
"02/23/2016","5.327","5.430","5.588","5.318","26.70M","-2.77%"
"02/22/2016","5.479","5.334","5.481","5.312","20.66M","3.91%"
"02/19/2016","5.273","5.364","5.450","5.179","29.20M","-2.06%"
"02/18/2016","5.384","5.616","5.644","5.344","29.01M","-3.15%"
"02/17/2016","5.559","5.377","5.572","5.333","28.63M","4.06%"
"02/16/2016","5.342","5.464","5.464","5.259","24.67M","-0.89%"
"02/15/2016","5.390","5.442","5.461","5.293","31.22M","2.92%"
"02/12/2016","5.237","5.070","5.237","5.007","51.56M","4.97%"
"02/11/2016","4.989","5.287","5.287","4.989","57.97M","-7.15%"
"02/10/2016","5.373","5.150","5.464","5.114","50.23M","6.25%"
"02/09/2016","5.057","5.304","5.444","5.023","53.75M","-4.66%"
"02/08/2016","5.304","5.701","5.701","5.269","31.71M","-5.61%"
"02/05/2016","5.619","5.482","5.654","5.397","42.56M","2.33%"
"02/04/2016","5.491","5.296","5.512","5.173","38.22M","5.33%"
"02/03/2016","5.213","5.333","5.378","5.057","33.71M","-2.16%"
"02/02/2016","5.328","5.494","5.512","5.264","38.08M","-3.51%"
"02/01/2016","5.522","5.643","5.673","5.477","24.57M","-1.60%"
"01/29/2016","5.612","5.533","5.625","5.474","31.40M","3.24%"
"01/28/2016","5.436","5.596","5.697","5.397","43.86M","-3.43%"
"01/27/2016","5.629","5.608","5.637","5.528","16.41M","0.04%"
"01/26/2016","5.627","5.384","5.627","5.355","57.46M","2.44%"
"01/25/2016","5.493","5.725","5.734","5.456","20.95M","-3.17%"
"01/22/2016","5.673","5.629","5.737","5.546","44.51M","3.41%"
"01/21/2016","5.486","5.347","5.535","5.307","30.93M","2.73%"
"01/20/2016","5.340","5.440","5.446","5.279","30.08M","-3.73%"
"01/19/2016","5.547","5.645","5.683","5.535","30.02M","0.22%"
"01/18/2016","5.535","5.606","5.675","5.516","26.74M","-1.53%"
"01/15/2016","5.621","5.816","5.839","5.584","92.93M","-3.83%"
"01/14/2016","5.845","5.899","5.902","5.746","29.17M","-1.10%"
"01/13/2016","5.910","5.963","6.050","5.855","55.17M","0.02%"
"01/12/2016","5.909","5.921","6.036","5.832","29.14M","-0.89%"
"01/11/2016","5.962","5.902","6.073","5.902","31.02M","-0.17%"
"01/08/2016","5.972","6.141","6.173","5.952","30.40M","-2.26%"
"01/07/2016","6.110","6.045","6.135","5.984","38.63M","-1.28%"
"01/06/2016","6.189","6.301","6.306","6.129","79.72M","-2.15%"
"01/05/2016","6.325","6.542","6.545","6.273","22.44M","0.67%"
"01/04/2016","6.283","6.349","6.367","6.229","24.39M","-2.06%"
"12/31/2015","6.415","6.521","6.521","6.396","7.67M","-1.41%"
"12/30/2015","6.507","6.516","6.554","6.473","10.61M","-0.46%"
"12/29/2015","6.537","6.560","6.568","6.488","12.37M","0.17%"
"12/28/2015","6.526","6.621","6.666","6.499","11.08M","-1.23%"
"12/24/2015","6.607","6.625","6.678","6.569","6.11M","0.18%"
"12/23/2015","6.595","6.511","6.641","6.482","20.42M","2.63%"
"12/22/2015","6.426","6.459","6.483","6.373","17.35M","0.61%"
"12/21/2015","6.387","6.568","6.609","6.387","31.31M","-4.71%"
"12/18/2015","6.703","6.718","6.786","6.616","48.02M","-1.25%"
"12/17/2015","6.788","6.809","6.885","6.752","35.26M","1.94%"
"12/16/2015","6.659","6.683","6.719","6.545","41.22M","0.96%"
"12/15/2015","6.596","6.492","6.649","6.483","41.87M","1.87%"
"12/14/2015","6.475","6.688","6.740","6.475","27.74M","-2.75%"
"12/11/2015","6.658","6.802","6.840","6.644","30.94M","-2.40%"
"12/10/2015","6.822","6.777","6.895","6.733","23.47M","0.00%"
"12/09/2015","6.822","6.809","6.902","6.687","25.27M","0.29%"
"12/08/2015","6.802","6.927","6.941","6.763","23.99M","-2.24%"
"12/07/2015","6.958","7.079","7.087","6.935","21.06M","-0.93%"
"12/04/2015","7.023","6.997","7.073","6.892","32.34M","-0.61%"
"12/03/2015","7.066","7.282","7.320","7.025","48.16M","-3.07%"
"12/02/2015","7.290","7.452","7.503","7.273","30.38M","-2.53%"
"12/01/2015","7.479","7.511","7.558","7.451","17.17M","0.01%"
"11/30/2015","7.478","7.436","7.527","7.396","20.67M","0.47%"
"11/27/2015","7.443","7.469","7.544","7.433","31.13M","-0.65%"
"11/26/2015","7.492","7.387","7.530","7.332","13.40M","1.37%"
"11/25/2015","7.391","7.384","7.425","7.263","26.26M","0.01%"
"11/24/2015","7.390","7.367","7.390","7.258","18.23M","-0.15%"
"11/23/2015","7.401","7.348","7.442","7.305","13.73M","0.52%"
"11/20/2015","7.363","7.466","7.495","7.339","16.97M","-0.96%"
"11/19/2015","7.434","7.380","7.515","7.374","24.28M","1.65%"
"11/18/2015","7.313","7.312","7.345","7.282","20.42M","-0.27%"
"11/17/2015","7.333","7.258","7.362","7.249","16.90M","1.93%"
"11/16/2015","7.194","7.116","7.263","7.115","13.31M","-0.12%"
"11/13/2015","7.203","7.159","7.251","7.102","17.46M","0.42%"
"11/12/2015","7.173","7.418","7.442","7.170","31.38M","-3.67%"
"11/11/2015","7.446","7.438","7.544","7.415","23.01M","0.16%"
"11/10/2015","7.434","7.509","7.567","7.401","17.61M","-0.83%"
"11/09/2015","7.496","7.568","7.620","7.496","12.74M","-0.82%"
"11/06/2015","7.558","7.393","7.621","7.392","36.93M","2.23%"
"11/05/2015","7.393","7.549","7.568","7.368","27.83M","-2.07%"
"11/04/2015","7.549","7.558","7.663","7.513","26.49M","0.32%"
"11/03/2015","7.525","7.476","7.537","7.444","27.82M","0.57%"
"11/02/2015","7.482","7.425","7.533","7.401","19.94M","0.25%"
"10/30/2015","7.463","7.425","7.525","7.344","56.10M","-3.47%"
"10/29/2015","7.731","7.870","7.872","7.626","24.66M","-0.87%"
"10/28/2015","7.799","7.652","7.825","7.642","25.75M","1.85%"
"10/27/2015","7.657","7.739","7.745","7.627","16.79M","-1.23%"
"10/26/2015","7.752","7.713","7.815","7.673","20.21M","0.38%"
"10/23/2015","7.723","7.806","7.881","7.701","26.62M","-0.06%"
"10/22/2015","7.728","7.525","7.790","7.516","30.42M","2.25%"
"10/21/2015","7.558","7.580","7.611","7.474","17.36M","0.13%"
"10/20/2015","7.548","7.598","7.615","7.473","15.14M","-0.58%"
"10/19/2015","7.592","7.661","7.729","7.555","20.40M","-0.78%"
"10/16/2015","7.652","7.596","7.673","7.561","17.41M","1.34%"
"10/15/2015","7.551","7.508","7.585","7.496","29.38M","1.44%"
"10/14/2015","7.444","7.482","7.537","7.416","29.22M","-0.89%"
"10/13/2015","7.511","7.636","7.636","7.496","24.51M","-2.05%"
"10/12/2015","7.668","7.694","7.763","7.630","15.71M","-0.47%"
"10/09/2015","7.704","7.588","7.714","7.568","39.73M","2.53%"
"10/08/2015","7.514","7.495","7.563","7.450","24.38M","-0.27%"
"10/07/2015","7.534","7.413","7.633","7.356","37.00M","2.69%"
"10/06/2015","7.337","7.282","7.368","7.201","20.47M","1.02%"
"10/05/2015","7.263","7.241","7.311","7.169","30.83M","2.60%"
"10/02/2015","7.079","7.187","7.194","6.953","34.22M","-1.08%"
"10/01/2015","7.156","7.247","7.259","7.138","19.25M","0.14%"
"09/30/2015","7.146","7.215","7.236","7.136","21.09M","1.03%"
"09/29/2015","7.073","6.864","7.132","6.844","24.92M","2.00%"
"09/28/2015","6.934","7.064","7.134","6.896","21.90M","-1.98%"
"09/25/2015","7.074","7.021","7.128","6.986","27.29M","2.34%"
"09/24/2015","6.912","6.988","7.069","6.865","29.98M","-1.06%"
"09/23/2015","6.986","7.044","7.154","6.986","27.71M","-1.22%"
"09/22/2015","7.072","7.282","7.282","7.030","35.76M","-2.88%"
"09/21/2015","7.282","7.236","7.342","7.218","18.21M","0.23%"
"09/18/2015","7.265","7.498","7.500","7.249","48.84M","-4.24%"
"09/17/2015","7.587","7.515","7.630","7.514","21.88M","0.77%"
"09/16/2015","7.529","7.444","7.532","7.424","28.83M","1.94%"
"09/15/2015","7.386","7.326","7.437","7.259","19.61M","0.90%"
"09/14/2015","7.320","7.390","7.438","7.282","14.24M","-0.45%"
"09/11/2015","7.353","7.468","7.471","7.319","17.76M","-0.94%"
"09/10/2015","7.423","7.522","7.544","7.401","17.93M","-1.94%"
"09/09/2015","7.570","7.607","7.717","7.547","22.32M","1.84%"
"09/08/2015","7.433","7.429","7.554","7.418","15.64M","0.60%"
"09/07/2015","7.389","7.453","7.510","7.389","11.08M","-0.36%"
"09/04/2015","7.416","7.495","7.523","7.333","28.32M","-2.34%"
"09/03/2015","7.594","7.570","7.669","7.509","20.20M","1.04%"
"09/02/2015","7.516","7.556","7.636","7.436","18.88M","-0.17%"
"09/01/2015","7.529","7.683","7.698","7.464","30.22M","-3.35%"
"08/31/2015","7.790","7.834","7.857","7.741","13.25M","-1.13%"
"08/28/2015","7.879","7.870","7.895","7.770","13.99M","0.23%"
"08/27/2015","7.861","7.848","7.919","7.782","29.40M","3.07%"
"08/26/2015","7.627","7.675","7.748","7.547","32.45M","-1.73%"
"08/25/2015","7.761","7.575","7.824","7.519","38.74M","3.81%"
"08/24/2015","7.476","7.636","7.723","7.254","80.14M","-4.90%"
"08/21/2015","7.861","8.013","8.149","7.861","38.91M","-3.17%"
"08/20/2015","8.118","8.270","8.307","8.079","27.95M","-2.10%"
"08/19/2015","8.292","8.400","8.459","8.292","23.76M","-1.99%"
"08/18/2015","8.460","8.481","8.528","8.405","12.22M","-0.46%"
"08/17/2015","8.499","8.571","8.614","8.382","19.25M","0.08%"
"08/14/2015","8.492","8.522","8.607","8.436","19.20M","-0.54%"
"08/13/2015","8.538","8.587","8.652","8.527","13.13M","0.36%"
"08/12/2015","8.507","8.673","8.681","8.456","28.39M","-2.64%"
"08/11/2015","8.738","8.803","8.855","8.717","23.66M","-1.04%"
"08/10/2015","8.830","8.768","8.852","8.711","14.00M","1.03%"
"08/07/2015","8.740","8.759","8.763","8.684","15.08M","0.01%"
"08/06/2015","8.739","8.699","8.764","8.684","12.73M","0.17%"
"08/05/2015","8.724","8.651","8.749","8.598","19.72M","1.48%"
"08/04/2015","8.597","8.752","8.752","8.551","25.12M","-1.77%"
"08/03/2015","8.752","8.638","8.774","8.626","32.55M","0.76%"
"07/31/2015","8.686","8.759","8.765","8.504","29.15M","-0.56%"
"07/30/2015","8.735","8.800","8.813","8.638","20.18M","-0.40%"
"07/29/2015","8.770","8.788","8.803","8.678","18.42M","0.07%"
"07/28/2015","8.764","8.634","8.776","8.626","19.58M","1.71%"
"07/27/2015","8.617","8.701","8.716","8.598","18.76M","-1.69%"
"07/24/2015","8.765","8.816","8.862","8.739","15.26M","-0.94%"
"07/23/2015","8.848","8.909","8.909","8.823","14.06M","-0.12%"
"07/22/2015","8.859","8.758","8.906","8.730","22.24M","0.52%"
"07/21/2015","8.813","8.869","8.902","8.778","17.83M","-0.52%"
"07/20/2015","8.859","8.807","8.922","8.807","20.74M","0.53%"
"07/17/2015","8.812","8.862","8.862","8.769","27.28M","-0.20%"
"07/16/2015","8.830","8.729","8.852","8.725","27.52M","1.08%"
"07/15/2015","8.736","8.749","8.765","8.681","17.11M","-0.14%"
"07/14/2015","8.748","8.661","8.748","8.616","29.62M","0.56%"
"07/13/2015","8.699","8.672","8.753","8.590","28.82M","2.32%"
"07/10/2015","8.502","8.428","8.559","8.389","34.55M","3.39%"
"07/09/2015","8.223","8.013","8.273","8.007","26.23M","3.10%"
"07/08/2015","7.976","7.896","8.027","7.840","26.91M","1.30%"
"07/07/2015","7.874","8.086","8.098","7.858","33.51M","-2.31%"
"07/06/2015","8.060","8.145","8.209","8.013","33.67M","-3.25%"
"07/03/2015","8.331","8.334","8.353","8.232","20.17M","-0.04%"
"07/02/2015","8.334","8.449","8.483","8.310","20.75M","-1.37%"
"07/01/2015","8.450","8.381","8.571","8.308","26.01M","1.94%"
"06/30/2015","8.289","8.306","8.456","8.239","42.58M","-0.35%"
"06/29/2015","8.318","8.117","8.485","8.023","59.85M","-6.01%"
"06/26/2015","8.850","8.764","8.916","8.699","19.61M","0.68%"
"06/25/2015","8.790","8.764","8.921","8.694","28.12M","-0.05%"
"06/24/2015","8.794","8.890","8.891","8.692","18.35M","-0.63%"
"06/23/2015","8.850","8.909","8.935","8.832","30.32M","-0.16%"
"06/22/2015","8.864","8.673","8.890","8.656","35.95M","4.18%"
"06/19/2015","8.508","8.416","8.567","8.396","49.70M","1.30%"
"06/18/2015","8.399","8.287","8.408","8.193","41.75M","0.73%"
"06/17/2015","8.338","8.420","8.466","8.310","16.59M","-0.74%"
"06/16/2015","8.400","8.289","8.416","8.204","22.55M","0.63%"
"06/15/2015","8.347","8.365","8.436","8.268","21.38M","-1.93%"
"06/12/2015","8.511","8.539","8.617","8.392","21.40M","-0.63%"
"06/11/2015","8.565","8.485","8.631","8.462","22.50M","0.63%"
"06/10/2015","8.511","8.276","8.547","8.241","21.93M","2.06%"
"06/09/2015","8.339","8.306","8.366","8.174","25.17M","0.29%"
"06/08/2015","8.315","8.362","8.444","8.315","22.17M","-1.89%"
"06/05/2015","8.475","8.475","8.521","8.386","23.24M","-0.91%"
"06/04/2015","8.553","8.540","8.678","8.458","21.31M","-0.86%"
"06/03/2015","8.627","8.606","8.701","8.527","21.40M","0.89%"
"06/02/2015","8.551","8.541","8.636","8.402","24.62M","0.86%"
"06/01/2015","8.478","8.505","8.573","8.421","14.08M","0.00%"
"05/29/2015","8.478","8.571","8.614","8.449","27.45M","-1.09%"
"05/28/2015","8.571","8.598","8.636","8.489","14.12M","-0.82%"
"05/27/2015","8.642","8.521","8.681","8.475","22.53M","1.90%"
"05/26/2015","8.481","8.523","8.590","8.424","42.19M","-1.14%"
"05/25/2015","8.579","8.588","8.672","8.513","12.57M","-2.09%"
"05/22/2015","8.762","8.787","8.800","8.736","13.56M","-0.26%"
"05/21/2015","8.785","8.730","8.785","8.674","19.50M","0.15%"
"05/20/2015","8.772","8.665","8.800","8.647","17.88M","1.00%"
"05/19/2015","8.685","8.569","8.701","8.562","26.53M","2.07%"
"05/18/2015","8.509","8.541","8.560","8.403","34.74M","-0.50%"
"05/15/2015","8.552","8.668","8.687","8.504","23.44M","-0.95%"
"05/14/2015","8.634","8.519","8.674","8.433","19.61M","1.37%"
"05/13/2015","8.517","8.539","8.643","8.488","19.73M","-0.08%"
"05/12/2015","8.524","8.489","8.554","8.443","22.24M","-0.55%"
"05/11/2015","8.571","8.605","8.617","8.513","14.43M","-0.43%"
"05/08/2015","8.608","8.542","8.611","8.492","30.28M","1.45%"
"05/07/2015","8.485","8.416","8.527","8.291","28.59M","0.57%"
"05/06/2015","8.437","8.336","8.481","8.325","26.19M","1.41%"
"05/05/2015","8.320","8.512","8.626","8.296","37.83M","-2.37%"
"05/04/2015","8.522","8.485","8.586","8.376","31.07M","0.44%"
"04/30/2015","8.485","8.539","8.587","8.456","46.62M","-1.04%"
"04/29/2015","8.574","8.852","8.862","8.560","55.57M","-3.79%"
"04/28/2015","8.912","8.978","8.978","8.857","20.70M","-0.59%"
"04/27/2015","8.965","8.881","9.023","8.706","33.47M","1.47%"
"04/24/2015","8.835","8.843","8.980","8.748","23.24M","0.00%"
"04/23/2015","8.835","8.795","8.835","8.636","20.16M","0.84%"
"04/22/2015","8.761","8.775","8.826","8.626","38.93M","0.30%"
"04/21/2015","8.735","8.654","8.805","8.623","27.89M","0.98%"
"04/20/2015","8.650","8.666","8.673","8.584","24.87M","-0.25%"
"04/17/2015","8.672","8.857","8.913","8.607","37.57M","-2.45%"
"04/16/2015","8.890","9.123","9.128","8.848","37.24M","-2.36%"
"04/15/2015","9.105","9.050","9.158","9.022","29.16M","1.05%"
"04/14/2015","9.010","9.106","9.187","8.948","31.67M","-1.59%"
"04/13/2015","9.156","9.011","9.168","8.994","16.51M","1.59%"
"04/10/2015","9.013","9.113","9.115","8.937","25.99M","-0.79%"
"04/09/2015","9.085","9.097","9.113","9.025","16.62M","0.44%"
"04/08/2015","9.045","9.152","9.188","8.996","22.06M","-1.34%"
"04/07/2015","9.168","9.145","9.212","9.139","36.52M","0.66%"
"04/02/2015","9.108","9.045","9.125","9.006","23.19M","0.74%"
"04/01/2015","9.041","8.829","9.041","8.809","30.31M","1.94%"
"03/31/2015","8.869","8.831","8.947","8.792","25.71M","-0.02%"
"03/30/2015","8.871","8.864","8.914","8.815","20.92M","1.05%"
"03/27/2015","8.779","8.861","8.884","8.768","24.48M","-0.71%"
"03/26/2015","8.842","8.800","8.847","8.695","24.83M","0.12%"
"03/25/2015","8.831","8.868","8.926","8.777","19.90M","-0.75%"
"03/24/2015","8.898","8.730","8.934","8.727","31.51M","1.60%"
"03/23/2015","8.758","8.667","8.793","8.646","38.65M","0.45%"
"03/20/2015","8.719","8.444","8.777","8.414","52.64M","3.23%"
"03/19/2015","8.446","8.405","8.521","8.388","28.41M","0.60%"
"03/18/2015","8.396","8.457","8.483","8.298","33.10M","-0.62%"
"03/17/2015","8.448","8.542","8.562","8.380","25.17M","-1.10%"
"03/16/2015","8.542","8.525","8.606","8.500","28.28M","0.52%"
"03/13/2015","8.498","8.498","8.522","8.415","19.51M","0.50%"
"03/12/2015","8.456","8.395","8.484","8.379","31.47M","0.71%"
"03/11/2015","8.396","8.327","8.408","8.261","24.25M","1.32%"
"03/10/2015","8.287","8.372","8.386","8.190","24.82M","-0.97%"
"03/09/2015","8.368","8.333","8.386","8.267","19.50M","-0.42%"
"03/06/2015","8.403","8.353","8.432","8.311","25.24M","-1.00%"
"03/05/2015","8.488","8.443","8.516","8.406","26.77M","0.90%"
"03/04/2015","8.412","8.387","8.437","8.276","19.71M","0.68%"
"03/03/2015","8.355","8.508","8.526","8.321","24.04M","-1.59%"
"03/02/2015","8.490","8.499","8.563","8.417","27.59M","-0.08%"
"02/27/2015","8.497","8.405","8.497","8.380","36.23M","0.78%"
"02/26/2015","8.431","8.290","8.457","8.285","23.36M","1.21%"
"02/25/2015","8.330","8.346","8.394","8.291","20.78M","-0.68%"
"02/24/2015","8.387","8.450","8.467","8.323","26.52M","-0.10%"
"02/23/2015","8.395","8.445","8.465","8.311","26.22M","1.01%"
"02/20/2015","8.311","8.278","8.407","8.185","34.00M","-0.08%"
"02/19/2015","8.318","8.229","8.327","8.150","38.60M","0.62%"
"02/18/2015","8.267","8.153","8.275","8.149","37.70M","2.16%"
"02/17/2015","8.092","7.959","8.155","7.873","35.56M","1.31%"
"02/16/2015","7.987","8.017","8.157","7.959","25.59M","-0.70%"
"02/13/2015","8.043","7.873","8.098","7.839","46.91M","3.09%"
"02/12/2015","7.802","7.574","7.843","7.544","36.39M","2.58%"
"02/11/2015","7.606","7.606","7.682","7.554","23.21M","-0.81%"
"02/10/2015","7.668","7.608","7.756","7.573","26.11M","1.29%"
"02/09/2015","7.570","7.680","7.712","7.489","30.95M","-2.86%"
"02/06/2015","7.793","7.720","7.816","7.643","36.17M","1.26%"
"02/05/2015","7.696","7.645","7.702","7.519","32.59M","-0.29%"
"02/04/2015","7.718","7.660","7.861","7.627","69.77M","2.82%"
"02/03/2015","7.506","7.310","7.542","7.296","52.38M","3.87%"
"02/02/2015","7.226","7.208","7.226","6.989","44.24M","0.49%"
"01/30/2015","7.191","7.277","7.287","7.113","41.69M","-0.19%"
"01/29/2015","7.205","7.191","7.290","7.079","31.08M","0.07%"
"01/28/2015","7.200","7.499","7.527","7.153","46.13M","-3.70%"
"01/27/2015","7.477","7.542","7.565","7.371","30.80M","-1.31%"
"01/26/2015","7.576","7.513","7.625","7.429","24.54M","0.20%"
"01/23/2015","7.561","7.649","7.702","7.461","55.18M","0.17%"
"01/22/2015","7.548","7.484","7.622","7.413","50.50M","1.47%"
"01/21/2015","7.439","7.433","7.475","7.245","37.26M","0.54%"
"01/20/2015","7.399","7.324","7.447","7.287","43.33M","2.18%"
"01/19/2015","7.241","7.178","7.296","7.091","25.38M","1.60%"
"01/16/2015","7.127","7.051","7.154","7.016","35.19M","0.59%"
"01/15/2015","7.085","7.086","7.149","6.822","39.15M","1.23%"
"01/14/2015","6.999","6.983","7.182","6.945","31.03M","-1.14%"
"01/13/2015","7.080","6.972","7.141","6.955","22.90M","1.42%"
"01/12/2015","6.981","7.007","7.040","6.861","31.40M","0.79%"
"01/09/2015","6.926","7.097","7.143","6.843","59.42M","-3.15%"
"01/08/2015","7.151","7.205","7.262","6.955","46.07M","1.13%"
"01/07/2015","7.071","7.123","7.239","7.038","32.13M","0.28%"
"01/06/2015","7.051","7.216","7.262","7.050","28.08M","-1.62%"
"01/05/2015","7.167","7.438","7.492","7.145","38.01M","-4.36%"
"01/02/2015","7.494","7.568","7.596","7.427","22.66M","0.83%"