"Fecha","Último","Apertura","Máximo","Mínimo","Vol.","% var."
"31.12.2025","10,445","10,395","10,470","10,395","1,88M","0,14%"
"30.12.2025","10,430","10,350","10,490","10,335","3,50M","0,72%"
"29.12.2025","10,355","10,420","10,475","10,355","4,28M","-0,34%"
"24.12.2025","10,390","10,380","10,450","10,380","741,43K","-0,38%"
"23.12.2025","10,430","10,350","10,475","10,300","4,17M","0,77%"
"22.12.2025","10,350","10,415","10,425","10,310","3,67M","-0,58%"
"19.12.2025","10,410","10,455","10,480","10,370","9,56M","0,10%"
"18.12.2025","10,400","10,285","10,400","10,195","8,42M","0,82%"
"17.12.2025","10,315","10,210","10,340","10,205","7,88M","1,53%"
"16.12.2025","10,160","10,140","10,255","10,130","4,26M","0,30%"
"15.12.2025","10,130","10,000","10,150","10,000","4,60M","2,16%"
"12.12.2025","9,916","10,220","10,275","9,916","4,42M","-2,50%"
"11.12.2025","10,170","10,040","10,210","9,966","4,29M","1,50%"
"10.12.2025","10,020","9,954","10,055","9,924","4,02M","0,70%"
"09.12.2025","9,950","9,974","10,030","9,874","4,88M","0,28%"
"08.12.2025","9,922","9,936","10,010","9,756","5,96M","0,22%"
"05.12.2025","9,900","10,100","10,155","9,900","4,19M","-1,59%"
"04.12.2025","10,060","9,950","10,075","9,838","7,65M","2,34%"
"03.12.2025","9,830","9,926","10,055","9,830","10,52M","-0,87%"
"02.12.2025","9,916","9,750","9,984","9,746","5,83M","1,95%"
"01.12.2025","9,726","9,600","9,740","9,584","5,97M","1,14%"
"28.11.2025","9,616","9,500","9,626","9,500","4,41M","0,92%"
"27.11.2025","9,528","9,538","9,542","9,476","2,95M","0,04%"
"26.11.2025","9,524","9,416","9,540","9,382","4,49M","1,51%"
"25.11.2025","9,382","9,250","9,382","9,188","3,85M","1,38%"
"24.11.2025","9,254","9,348","9,398","9,160","22,33M","0,00%"
"21.11.2025","9,254","9,158","9,284","9,066","5,63M","-0,39%"
"20.11.2025","9,290","9,200","9,420","9,132","7,06M","2,97%"
"19.11.2025","9,022","9,040","9,116","8,974","5,48M","0,16%"
"18.11.2025","9,008","9,120","9,194","8,962","4,76M","-2,83%"
"17.11.2025","9,270","9,248","9,336","9,206","4,83M","-0,09%"
"14.11.2025","9,278","9,472","9,476","9,220","6,07M","-2,97%"
"13.11.2025","9,562","9,640","9,688","9,546","4,29M","-0,44%"
"12.11.2025","9,604","9,388","9,632","9,388","8,00M","2,72%"
"11.11.2025","9,350","9,236","9,358","9,212","8,57M","1,52%"
"10.11.2025","9,210","9,174","9,210","9,098","5,50M","1,81%"
"07.11.2025","9,046","9,272","9,310","9,024","5,75M","-2,44%"
"06.11.2025","9,272","9,152","9,286","9,104","7,54M","1,80%"
"05.11.2025","9,108","8,962","9,108","8,924","5,49M","-0,78%"
"04.11.2025","9,180","9,110","9,180","8,990","6,43M","0,68%"
"03.11.2025","9,118","9,200","9,364","9,112","7,30M","-0,48%"
"31.10.2025","9,162","8,950","9,230","8,828","9,71M","1,39%"
"30.10.2025","9,036","9,098","9,140","8,930","6,35M","-0,18%"
"29.10.2025","9,052","8,936","9,086","8,884","5,35M","1,55%"
"28.10.2025","8,914","8,848","8,914","8,816","7,01M","0,72%"
"27.10.2025","8,850","8,860","8,896","8,834","4,75M","0,48%"
"24.10.2025","8,808","8,808","8,866","8,736","5,07M","0,78%"
"23.10.2025","8,740","8,892","8,892","8,702","4,66M","-1,67%"
"22.10.2025","8,888","8,834","8,916","8,750","4,56M","0,61%"
"21.10.2025","8,834","8,940","8,996","8,834","4,90M","-0,81%"
"20.10.2025","8,906","8,840","8,988","8,802","6,86M","2,56%"
"17.10.2025","8,684","8,728","8,856","8,566","10,37M","-3,12%"
"16.10.2025","8,964","9,156","9,192","8,868","6,18M","-1,23%"
"15.10.2025","9,076","9,140","9,284","9,076","5,19M","-0,29%"
"14.10.2025","9,102","8,952","9,102","8,912","5,50M","1,34%"
"13.10.2025","8,982","9,034","9,148","8,974","3,36M","-0,22%"
"10.10.2025","9,002","9,022","9,164","8,996","8,92M","-0,33%"
"09.10.2025","9,032","9,090","9,100","9,008","3,81M","-0,42%"
"08.10.2025","9,070","8,922","9,116","8,922","3,33M","1,75%"
"07.10.2025","8,914","8,934","8,988","8,886","3,74M","-0,27%"
"06.10.2025","8,938","9,018","9,072","8,884","3,96M","-1,02%"
"03.10.2025","9,030","9,088","9,186","8,986","4,25M","0,09%"
"02.10.2025","9,022","9,100","9,160","9,022","4,89M","-0,81%"
"01.10.2025","9,096","8,980","9,096","8,900","6,36M","1,68%"
"30.09.2025","8,946","8,870","8,980","8,866","4,49M","0,70%"
"29.09.2025","8,884","8,932","8,964","8,850","4,36M","-0,47%"
"26.09.2025","8,926","8,820","8,930","8,818","5,09M","1,57%"
"25.09.2025","8,788","8,756","8,820","8,688","4,42M","0,41%"
"24.09.2025","8,752","8,618","8,758","8,562","2,90M","1,48%"
"23.09.2025","8,624","8,636","8,648","8,532","5,03M","0,14%"
"22.09.2025","8,612","8,742","8,752","8,548","4,88M","-1,55%"
"19.09.2025","8,748","8,726","8,794","8,640","14,48M","1,30%"
"18.09.2025","8,636","8,696","8,708","8,542","4,70M","0,44%"
"17.09.2025","8,598","8,688","8,718","8,582","5,02M","-1,04%"
"16.09.2025","8,688","8,878","8,882","8,666","5,52M","-2,38%"
"15.09.2025","8,900","8,800","8,900","8,794","3,91M","1,51%"
"12.09.2025","8,768","8,780","8,796","8,672","3,99M","0,02%"
"11.09.2025","8,766","8,772","8,800","8,700","4,04M","-0,05%"
"10.09.2025","8,770","8,720","8,816","8,680","6,31M","1,06%"
"09.09.2025","8,678","8,690","8,694","8,536","4,75M","0,28%"
"08.09.2025","8,654","8,596","8,682","8,576","3,62M","0,91%"
"05.09.2025","8,576","8,670","8,700","8,528","5,52M","-0,90%"
"04.09.2025","8,654","8,504","8,662","8,468","4,50M","1,76%"
"03.09.2025","8,504","8,452","8,534","8,380","4,58M","0,64%"
"02.09.2025","8,450","8,558","8,588","8,384","3,47M","-1,17%"
"01.09.2025","8,550","8,570","8,608","8,494","2,38M","0,23%"
"29.08.2025","8,530","8,482","8,544","8,432","3,96M","0,16%"
"28.08.2025","8,516","8,462","8,530","8,408","3,31M","0,83%"
"27.08.2025","8,446","8,634","8,676","8,410","6,52M","-2,43%"
"26.08.2025","8,656","8,648","8,660","8,532","6,94M","-1,03%"
"25.08.2025","8,746","8,756","8,820","8,738","2,23M","-0,55%"
"22.08.2025","8,794","8,830","8,894","8,794","3,50M","-0,59%"
"21.08.2025","8,846","8,712","8,846","8,712","4,76M","1,33%"
"20.08.2025","8,730","8,738","8,788","8,680","3,30M","-0,57%"
"19.08.2025","8,780","8,796","8,854","8,772","5,16M","-0,27%"
"18.08.2025","8,804","8,756","8,804","8,694","4,27M","-0,07%"
"15.08.2025","8,810","8,870","8,894","8,782","3,87M","-0,11%"
"14.08.2025","8,820","8,762","8,820","8,748","4,10M","0,62%"
"13.08.2025","8,766","8,710","8,786","8,710","3,16M","0,85%"
"12.08.2025","8,692","8,650","8,740","8,628","5,95M","0,95%"
"11.08.2025","8,610","8,638","8,674","8,430","5,51M","-0,05%"
"08.08.2025","8,614","8,542","8,620","8,536","4,86M","0,94%"
"07.08.2025","8,534","8,494","8,592","8,426","5,02M","0,92%"
"06.08.2025","8,456","8,400","8,470","8,338","5,20M","0,79%"
"05.08.2025","8,390","8,368","8,398","8,270","4,99M","0,72%"
"04.08.2025","8,330","8,182","8,366","8,168","5,02M","2,69%"
"01.08.2025","8,112","8,180","8,274","8,028","5,39M","-1,67%"
"31.07.2025","8,250","8,294","8,376","8,172","6,90M","0,05%"
"30.07.2025","8,246","7,900","8,264","7,854","9,12M","3,05%"
"29.07.2025","8,002","7,900","8,068","7,872","5,70M","1,63%"
"28.07.2025","7,874","7,940","8,036","7,832","5,77M","0,23%"
"25.07.2025","7,856","7,904","7,920","7,832","4,08M","-1,01%"
"24.07.2025","7,936","7,770","8,008","7,762","12,71M","3,82%"
"23.07.2025","7,644","7,568","7,644","7,488","8,36M","1,51%"
"22.07.2025","7,530","7,500","7,538","7,428","6,29M","0,40%"
"21.07.2025","7,500","7,410","7,500","7,350","4,75M","0,64%"
"18.07.2025","7,452","7,436","7,464","7,400","4,47M","0,62%"
"17.07.2025","7,406","7,456","7,484","7,382","4,47M","-0,11%"
"16.07.2025","7,414","7,378","7,482","7,378","4,96M","0,35%"
"15.07.2025","7,388","7,536","7,560","7,354","5,57M","-1,76%"
"14.07.2025","7,520","7,380","7,536","7,364","4,79M","0,62%"
"11.07.2025","7,474","7,556","7,574","7,406","4,98M","-1,19%"
"10.07.2025","7,564","7,788","7,798","7,558","6,82M","-2,73%"
"09.07.2025","7,776","7,644","7,776","7,644","6,04M","2,32%"
"08.07.2025","7,600","7,630","7,684","7,568","6,39M","-0,39%"
"07.07.2025","7,630","7,520","7,630","7,512","4,99M","1,44%"
"04.07.2025","7,522","7,594","7,632","7,470","3,51M","-1,16%"
"03.07.2025","7,610","7,498","7,610","7,468","5,37M","2,34%"
"02.07.2025","7,436","7,394","7,484","7,356","5,34M","1,25%"
"01.07.2025","7,344","7,346","7,392","7,316","5,07M","-0,14%"
"30.06.2025","7,354","7,360","7,368","7,232","6,50M","0,03%"
"27.06.2025","7,352","7,292","7,364","7,290","5,11M","1,07%"
"26.06.2025","7,274","7,330","7,348","7,234","6,57M","-0,49%"
"25.06.2025","7,310","7,436","7,436","7,242","5,00M","-1,46%"
"24.06.2025","7,418","7,436","7,500","7,368","7,56M","1,90%"
"23.06.2025","7,280","7,258","7,360","7,204","4,69M","-1,03%"
"20.06.2025","7,356","7,290","7,422","7,288","16,09M","0,99%"
"19.06.2025","7,284","7,326","7,404","7,264","4,07M","-1,27%"
"18.06.2025","7,378","7,298","7,396","7,282","5,47M","1,07%"
"17.06.2025","7,300","7,430","7,436","7,282","6,52M","-2,33%"
"16.06.2025","7,474","7,330","7,502","7,328","7,33M","2,38%"
"13.06.2025","7,300","7,300","7,310","7,238","4,03M","-1,56%"
"12.06.2025","7,416","7,304","7,436","7,262","6,31M","0,65%"
"11.06.2025","7,368","7,412","7,458","7,322","5,23M","-0,43%"
"10.06.2025","7,400","7,500","7,530","7,394","6,26M","-2,63%"
"09.06.2025","7,600","7,646","7,692","7,586","3,95M","-0,91%"
"06.06.2025","7,670","7,586","7,676","7,552","6,69M","0,79%"
"05.06.2025","7,610","7,380","7,612","7,364","6,60M","3,00%"
"04.06.2025","7,388","7,520","7,542","7,344","6,18M","-1,65%"
"03.06.2025","7,512","7,568","7,568","7,404","6,14M","-0,77%"
"02.06.2025","7,570","7,458","7,600","7,440","5,57M","1,10%"
"30.05.2025","7,488","7,444","7,498","7,374","21,78M","0,27%"
"29.05.2025","7,468","7,550","7,552","7,454","5,36M","0,08%"
"28.05.2025","7,462","7,498","7,544","7,430","5,77M","-0,69%"
"27.05.2025","7,514","7,526","7,600","7,466","5,70M","-0,34%"
"26.05.2025","7,540","7,620","7,620","7,522","4,70M","0,86%"
"23.05.2025","7,476","7,670","7,714","7,230","10,48M","-2,61%"
"22.05.2025","7,676","7,618","7,676","7,556","5,69M","0,44%"
"21.05.2025","7,642","7,698","7,796","7,620","7,38M","-0,52%"
"20.05.2025","7,682","7,500","7,682","7,498","11,91M","2,81%"
"19.05.2025","7,472","7,512","7,574","7,430","6,55M","-0,32%"
"16.05.2025","7,496","7,422","7,514","7,400","8,57M","0,86%"
"15.05.2025","7,432","7,438","7,466","7,384","6,18M","-0,24%"
"14.05.2025","7,450","7,388","7,450","7,362","9,27M","1,39%"
"13.05.2025","7,348","7,360","7,418","7,302","7,39M","-0,27%"
"12.05.2025","7,368","7,300","7,392","7,298","9,37M","1,35%"
"09.05.2025","7,270","7,200","7,270","7,186","44,66K","1,45%"
"08.05.2025","7,166","7,078","7,180","7,060","64,35K","1,85%"
"07.05.2025","7,036","6,936","7,060","6,936","9,56M","1,06%"
"06.05.2025","6,962","6,888","6,962","6,810","9,17K","1,58%"
"05.05.2025","6,854","6,880","6,902","6,846","3,22K","-0,38%"
"02.05.2025","6,880","6,850","6,918","6,824","7,88K","2,20%"
"30.04.2025","6,732","6,832","6,846","6,560","183,02K","-3,44%"
"29.04.2025","6,972","6,910","6,980","6,844","56,83K","1,01%"
"28.04.2025","6,902","6,830","6,924","6,818","32,17K","1,53%"
"25.04.2025","6,798","6,744","6,802","6,710","10,83K","1,95%"
"24.04.2025","6,668","6,740","6,860","6,628","1,19K","-1,97%"
"23.04.2025","6,802","6,636","6,830","6,614","31,70K","4,13%"
"22.04.2025","6,532","6,436","6,558","6,408","8,45M","-2,83%"
"17.04.2025","6,722","6,872","6,892","6,630","10,04M","-1,84%"
"16.04.2025","6,848","6,828","6,880","6,724","11,36M","-0,09%"
"15.04.2025","6,854","6,724","6,938","6,708","12,14M","2,51%"
"14.04.2025","6,686","6,660","6,686","6,560","1,11K","3,82%"
"11.04.2025","6,440","6,480","6,544","6,368","6,57M","-0,65%"
"10.04.2025","6,482","7,280","7,280","6,462","19,41M","6,51%"
"09.04.2025","6,086","5,962","6,140","5,916","10,86M","-1,10%"
"08.04.2025","6,154","6,100","6,316","5,944","14,18M","3,08%"
"07.04.2025","5,970","5,522","6,196","5,486","65,44K","-4,48%"
"04.04.2025","6,250","6,808","6,808","6,102","18,44K","-10,30%"
"03.04.2025","6,968","7,050","7,120","6,938","12,80M","-4,55%"
"02.04.2025","7,300","7,282","7,324","7,240","10,94K","0,27%"
"01.04.2025","7,280","7,222","7,320","7,218","0,63K","1,48%"
"31.03.2025","7,174","7,190","7,216","7,050","20,00K","-1,21%"
"28.03.2025","7,262","7,264","7,324","7,194","81,86K","-1,28%"
"27.03.2025","7,356","7,300","7,396","7,178","7,30M","-0,70%"
"26.03.2025","7,408","7,450","7,506","7,404","12,64K","-1,20%"
"25.03.2025","7,498","7,340","7,498","7,338","14,20K","2,68%"
"24.03.2025","7,302","7,400","7,426","7,288","91,19K","-0,52%"
"21.03.2025","7,340","7,218","7,340","7,154","32,45K","1,33%"
"20.03.2025","7,244","7,460","7,500","7,146","72,64K","-3,41%"
"19.03.2025","7,500","7,386","7,534","7,354","69,25K","0,59%"
"18.03.2025","7,456","7,138","7,456","7,136","14,67K","5,01%"
"17.03.2025","7,100","7,044","7,148","7,000","6,99M","1,17%"
"14.03.2025","7,018","6,932","7,060","6,886","10,00M","0,83%"
"13.03.2025","6,960","6,922","7,026","6,826","7,15M","-0,06%"
"12.03.2025","6,964","6,950","7,020","6,878","7,60M","0,55%"
"11.03.2025","6,926","6,984","7,060","6,854","1,23K","-1,25%"
"10.03.2025","7,014","7,078","7,100","6,844","3,51K","-1,04%"
"07.03.2025","7,088","7,014","7,130","6,918","8,51M","0,08%"
"06.03.2025","7,082","7,010","7,156","7,006","14,02M","1,52%"
"05.03.2025","6,976","6,900","7,074","6,830","13,48M","5,19%"
"04.03.2025","6,632","6,808","6,822","6,560","8,89M","-3,58%"
"03.03.2025","6,878","6,700","6,908","6,636","11,80M","2,84%"
"28.02.2025","6,688","6,606","6,688","6,564","19,72K","0,69%"
"27.02.2025","6,642","6,664","6,748","6,600","7,57M","-1,01%"
"26.02.2025","6,710","6,620","6,718","6,612","12,79M","2,07%"
"25.02.2025","6,574","6,454","6,678","6,446","14,21M","1,92%"
"24.02.2025","6,450","6,458","6,508","6,384","11,10M","-0,71%"
"21.02.2025","6,496","6,492","6,532","6,412","3,69K","0,31%"
"20.02.2025","6,476","6,408","6,558","6,406","8,82K","0,12%"
"19.02.2025","6,468","6,520","6,598","6,462","7,22K","-1,01%"
"18.02.2025","6,534","6,410","6,534","6,406","24,38K","2,41%"
"17.02.2025","6,380","6,350","6,490","6,348","11,62K","0,89%"
"14.02.2025","6,324","6,222","6,342","6,222","8,00M","1,57%"
"13.02.2025","6,226","6,280","6,284","6,182","8,93M","-0,67%"
"12.02.2025","6,268","6,150","6,314","6,148","11,40M","2,52%"
"11.02.2025","6,114","6,026","6,114","6,016","3,97M","1,56%"
"10.02.2025","6,020","6,046","6,072","6,014","5,16M","-0,23%"
"07.02.2025","6,034","6,080","6,106","5,996","8,59M","-0,59%"
"06.02.2025","6,070","5,932","6,074","5,926","10,96M","2,95%"
"05.02.2025","5,896","5,950","6,012","5,864","7,02M","-0,71%"
"04.02.2025","5,938","5,844","5,938","5,794","0,60K","2,52%"
"03.02.2025","5,792","5,790","5,840","5,706","40,00K","-1,09%"
"31.01.2025","5,856","5,862","6,038","5,832","13,60M","0,34%"
"30.01.2025","5,836","5,950","5,978","5,766","15,04M","-1,32%"
"29.01.2025","5,914","5,770","5,914","5,770","15,15M","2,96%"
"28.01.2025","5,744","5,688","5,756","5,648","6,84M","0,81%"
"27.01.2025","5,698","5,672","5,710","5,640","9,24M","-0,77%"
"24.01.2025","5,742","5,710","5,752","5,684","7,80M","1,06%"
"23.01.2025","5,682","5,480","5,682","5,470","5,50K","2,64%"
"22.01.2025","5,536","5,606","5,642","5,520","7,54M","-1,14%"
"21.01.2025","5,600","5,598","5,626","5,572","5,83M","-0,25%"
"20.01.2025","5,614","5,570","5,648","5,564","6,79M","1,04%"
"17.01.2025","5,556","5,556","5,592","5,516","4,29K","0,43%"
"16.01.2025","5,532","5,700","5,700","5,510","8,71M","-2,40%"
"15.01.2025","5,668","5,770","5,784","5,654","9,54M","-1,77%"
"14.01.2025","5,770","5,714","5,818","5,714","73,98K","1,19%"
"13.01.2025","5,702","5,640","5,702","5,612","7,83M","1,03%"
"10.01.2025","5,644","5,632","5,720","5,536","8,15K","0,18%"
"09.01.2025","5,634","5,416","5,636","5,410","15,18M","3,76%"
"08.01.2025","5,430","5,334","5,452","5,326","14,10M","2,03%"
"07.01.2025","5,322","5,322","5,340","5,230","9,76M","-0,11%"
"06.01.2025","5,328","5,238","5,334","5,194","8,57M","2,38%"
"03.01.2025","5,204","5,204","5,226","5,172","6,60M","0,08%"
"02.01.2025","5,200","5,250","5,282","5,018","8,61M","-0,69%"
"31.12.2024","5,236","5,212","5,250","5,206","3,52M","0,46%"
"30.12.2024","5,212","5,162","5,246","5,140","8,25M","0,89%"
"27.12.2024","5,166","5,136","5,186","5,100","5,35M","0,43%"
"24.12.2024","5,144","5,142","5,160","5,116","2,15M","0,47%"
"23.12.2024","5,120","5,116","5,160","5,084","5,30M","0,67%"
"20.12.2024","5,086","5,104","5,110","5,026","17,11M","-1,40%"
"19.12.2024","5,158","5,128","5,196","5,094","8,45M","0,04%"
"18.12.2024","5,156","5,106","5,206","5,080","7,66M","1,30%"
"17.12.2024","5,090","5,190","5,214","5,066","8,78M","-2,30%"
"16.12.2024","5,210","5,200","5,280","5,194","7,78M","0,31%"
"13.12.2024","5,194","5,186","5,260","5,186","9,86M","0,46%"
"12.12.2024","5,170","5,160","5,214","5,110","15,10M","-0,58%"
"11.12.2024","5,200","5,312","5,360","5,166","14,28M","-2,44%"
"10.12.2024","5,330","5,360","5,380","5,314","8,75M","-0,82%"
"09.12.2024","5,374","5,390","5,426","5,356","6,21M","0,30%"
"06.12.2024","5,358","5,396","5,440","5,352","6,48M","-0,74%"
"05.12.2024","5,398","5,218","5,410","5,218","9,82M","3,61%"
"04.12.2024","5,210","5,234","5,260","5,198","6,51M","-0,15%"
"03.12.2024","5,218","5,174","5,266","5,174","9,90M","1,16%"
"02.12.2024","5,158","5,116","5,192","5,108","9,29M","0,23%"
"29.11.2024","5,146","5,058","5,176","5,050","8,48M","1,26%"
"28.11.2024","5,082","5,112","5,148","5,082","8,39M","-0,12%"
"27.11.2024","5,088","5,030","5,112","5,002","8,73M","0,79%"
"26.11.2024","5,048","5,096","5,102","5,020","11,86M","-1,02%"
"25.11.2024","5,100","5,200","5,242","5,100","46,45M","-2,45%"
"22.11.2024","5,228","5,454","5,500","5,190","15,44M","-4,32%"
"21.11.2024","5,464","5,418","5,486","5,380","7,97M","1,00%"
"20.11.2024","5,410","5,462","5,498","5,370","10,99M","0,37%"
"19.11.2024","5,390","5,620","5,622","5,330","17,19M","-5,27%"
"18.11.2024","5,690","5,610","5,690","5,598","7,29M","1,46%"
"15.11.2024","5,608","5,474","5,622","5,474","6,13M","2,07%"
"14.11.2024","5,494","5,486","5,538","5,448","6,90M","-0,15%"
"13.11.2024","5,502","5,442","5,550","5,442","6,45M","1,18%"
"12.11.2024","5,438","5,530","5,570","5,436","8,76M","-2,33%"
"11.11.2024","5,568","5,550","5,584","5,510","6,01M","1,16%"
"08.11.2024","5,504","5,586","5,618","5,502","10,10M","-1,96%"
"07.11.2024","5,614","5,632","5,680","5,592","12,66M","0,79%"
"06.11.2024","5,570","5,780","5,786","5,512","15,24M","-3,70%"
"05.11.2024","5,784","5,700","5,784","5,700","11,70M","-1,20%"
"04.11.2024","5,854","5,736","5,910","5,700","16,42M","2,85%"
"01.11.2024","5,692","5,590","5,734","5,588","11,46M","1,82%"
"31.10.2024","5,590","5,520","5,612","5,436","14,71M","1,27%"
"30.10.2024","5,520","5,414","5,536","5,412","8,75M","0,95%"
"29.10.2024","5,468","5,470","5,524","5,438","6,63M","0,51%"
"28.10.2024","5,440","5,400","5,458","5,362","5,78M","1,45%"
"25.10.2024","5,362","5,334","5,418","5,326","5,83M","0,68%"
"24.10.2024","5,326","5,374","5,462","5,320","9,91M","-1,92%"
"23.10.2024","5,430","5,460","5,468","5,410","7,78M","-0,62%"
"22.10.2024","5,464","5,450","5,490","5,406","6,18M","0,77%"
"21.10.2024","5,422","5,442","5,488","5,414","6,76M","-2,13%"
"18.10.2024","5,540","5,412","5,540","5,374","13,02M","2,40%"
"17.10.2024","5,410","5,452","5,492","5,408","6,03M","-0,51%"
"16.10.2024","5,438","5,468","5,530","5,396","7,74M","-1,06%"
"15.10.2024","5,496","5,480","5,510","5,446","8,43M","0,11%"
"14.10.2024","5,490","5,354","5,490","5,354","8,60M","2,50%"
"11.10.2024","5,356","5,298","5,360","5,296","5,34M","1,09%"
"10.10.2024","5,298","5,326","5,372","5,236","7,47M","-0,45%"
"09.10.2024","5,322","5,340","5,362","5,274","6,27M","-0,60%"
"08.10.2024","5,354","5,338","5,382","5,296","7,32M","-0,11%"
"07.10.2024","5,360","5,326","5,412","5,310","10,25M","1,09%"
"04.10.2024","5,302","5,182","5,306","5,156","12,51M","2,51%"
"03.10.2024","5,172","5,110","5,202","5,074","10,75M","1,25%"
"02.10.2024","5,108","5,054","5,126","5,026","11,83M","0,63%"
"01.10.2024","5,076","5,380","5,386","5,046","20,73M","-5,37%"
"30.09.2024","5,364","5,440","5,498","5,338","12,31M","-1,32%"
"27.09.2024","5,436","5,644","5,678","5,432","15,18M","-3,92%"
"26.09.2024","5,658","5,512","5,658","5,512","10,08M","3,29%"
"25.09.2024","5,478","5,410","5,528","5,408","7,70M","0,96%"
"24.09.2024","5,426","5,466","5,522","5,424","6,96M","-0,51%"
"23.09.2024","5,454","5,500","5,520","5,418","6,30M","-1,09%"
"20.09.2024","5,514","5,452","5,528","5,440","29,16M","1,25%"
"19.09.2024","5,446","5,450","5,462","5,374","7,31M","1,00%"
"18.09.2024","5,392","5,380","5,438","5,364","5,95M","0,22%"
"17.09.2024","5,380","5,448","5,468","5,380","9,80M","-0,92%"
"16.09.2024","5,430","5,458","5,482","5,368","4,14M","-0,98%"
"13.09.2024","5,484","5,454","5,498","5,442","6,18M","0,18%"
"12.09.2024","5,474","5,410","5,474","5,394","7,61M","2,62%"
"11.09.2024","5,334","5,402","5,442","5,264","7,16M","-1,00%"
"10.09.2024","5,388","5,420","5,478","5,364","5,24M","-0,74%"
"09.09.2024","5,428","5,324","5,436","5,324","4,93M","2,07%"
"06.09.2024","5,318","5,360","5,408","5,276","6,25M","-1,04%"
"05.09.2024","5,374","5,260","5,444","5,260","6,01M","1,63%"
"04.09.2024","5,288","5,222","5,344","5,200","6,23M","-0,41%"
"03.09.2024","5,310","5,422","5,470","5,288","7,10M","-2,32%"
"02.09.2024","5,436","5,450","5,506","5,426","6,44M","-0,44%"
"30.08.2024","5,460","5,406","5,462","5,406","11,80M","1,04%"
"29.08.2024","5,404","5,438","5,486","5,400","4,58M","-0,81%"
"28.08.2024","5,448","5,450","5,476","5,376","4,35M","0,04%"
"27.08.2024","5,446","5,380","5,446","5,376","4,49M","1,19%"
"26.08.2024","5,382","5,380","5,404","5,354","4,52M","0,15%"
"23.08.2024","5,374","5,350","5,392","5,350","4,13M","0,64%"
"22.08.2024","5,340","5,318","5,352","5,296","4,16M","0,30%"
"21.08.2024","5,324","5,298","5,358","5,278","4,30M","0,04%"
"20.08.2024","5,322","5,360","5,378","5,276","5,00M","-0,41%"
"19.08.2024","5,344","5,280","5,358","5,278","4,41M","1,17%"
"16.08.2024","5,282","5,300","5,334","5,244","5,26M","-0,08%"
"15.08.2024","5,286","5,132","5,300","5,122","8,00M","3,48%"
"14.08.2024","5,108","5,080","5,138","5,044","6,99M","1,35%"
"13.08.2024","5,040","5,034","5,078","5,012","5,36M","1,23%"
"12.08.2024","4,979","4,977","5,036","4,958","4,61M","0,52%"
"09.08.2024","4,953","4,980","5,020","4,937","4,01M","0,30%"
"08.08.2024","4,938","4,909","4,968","4,844","5,30M","-0,10%"
"07.08.2024","4,943","4,852","4,998","4,817","10,94M","3,67%"
"06.08.2024","4,768","4,858","4,876","4,724","8,93M","-0,17%"
"05.08.2024","4,776","4,676","4,821","4,530","18,22M","-2,19%"
"02.08.2024","4,883","5,126","5,128","4,855","16,90M","-5,81%"
"01.08.2024","5,184","5,386","5,404","5,150","11,47M","-3,75%"
"31.07.2024","5,386","5,476","5,480","5,220","14,43M","-0,70%"
"30.07.2024","5,424","5,364","5,444","5,310","6,82M","1,16%"
"29.07.2024","5,362","5,446","5,466","5,334","5,03M","-1,00%"
"26.07.2024","5,416","5,444","5,490","5,386","6,26M","-0,59%"
"25.07.2024","5,448","5,500","5,514","5,374","10,31M","-1,55%"
"24.07.2024","5,534","5,596","5,602","5,502","7,42M","-0,43%"
"23.07.2024","5,558","5,550","5,580","5,498","8,30M","0,83%"
"22.07.2024","5,512","5,466","5,544","5,462","8,76M","1,10%"
"19.07.2024","5,452","5,400","5,452","5,394","5,43M","0,41%"
"18.07.2024","5,430","5,380","5,464","5,376","7,94M","1,42%"
"17.07.2024","5,354","5,296","5,376","5,258","7,84M","1,10%"
"16.07.2024","5,296","5,206","5,296","5,186","7,04M","1,18%"
"15.07.2024","5,234","5,206","5,264","5,162","6,43M","0,23%"
"12.07.2024","5,222","5,180","5,228","5,178","6,35M","0,89%"
"11.07.2024","5,176","5,200","5,210","5,070","11,22M","-0,38%"
"10.07.2024","5,196","5,100","5,196","5,060","7,14M","2,04%"
"09.07.2024","5,092","5,106","5,114","5,038","5,01M","-0,27%"
"08.07.2024","5,106","5,050","5,166","5,038","7,74M","0,63%"
"05.07.2024","5,074","5,112","5,132","5,018","6,16M","-1,17%"
"04.07.2024","5,134","5,028","5,134","5,020","8,16M","2,56%"
"03.07.2024","5,006","5,000","5,062","4,988","5,27M","0,32%"
"02.07.2024","4,990","5,022","5,036","4,958","5,89M","-1,07%"
"01.07.2024","5,044","5,072","5,122","4,993","8,23M","2,04%"
"28.06.2024","4,943","4,976","4,999","4,926","7,26M","-0,22%"
"27.06.2024","4,954","4,950","4,973","4,924","4,80M","0,08%"
"26.06.2024","4,950","5,000","5,030","4,926","4,35M","-1,20%"
"25.06.2024","5,010","5,048","5,068","4,942","6,91M","0,04%"
"24.06.2024","5,008","4,965","5,016","4,936","7,47M","1,36%"
"21.06.2024","4,941","5,080","5,092","4,896","24,92M","-3,12%"
"20.06.2024","5,100","5,050","5,100","5,020","5,46M","0,95%"
"19.06.2024","5,052","5,012","5,070","4,970","6,59M","1,00%"
"18.06.2024","5,002","4,907","5,002","4,907","7,08M","2,92%"
"17.06.2024","4,860","4,884","4,941","4,836","10,53M","-0,31%"
"14.06.2024","4,875","4,975","4,989","4,781","19,57M","-2,11%"
"13.06.2024","4,980","5,064","5,098","4,957","9,85M","-2,28%"
"12.06.2024","5,096","5,142","5,166","5,054","8,26M","-0,16%"
"11.06.2024","5,104","5,270","5,270","5,046","10,87M","-3,15%"
"10.06.2024","5,270","5,220","5,270","5,190","7,89M","0,19%"
"07.06.2024","5,260","5,190","5,274","5,142","12,26M","0,96%"
"06.06.2024","5,210","5,046","5,216","5,006","12,16M","3,87%"
"05.06.2024","5,016","5,050","5,072","4,972","7,61M","-0,24%"
"04.06.2024","5,028","5,280","5,294","5,006","17,34M","-5,02%"
"03.06.2024","5,294","5,280","5,320","5,268","9,56M","0,46%"
"31.05.2024","5,270","5,250","5,288","5,240","37,92M","0,30%"
"30.05.2024","5,254","5,126","5,258","5,118","9,27M","2,30%"
"29.05.2024","5,136","5,172","5,212","5,108","6,62M","-0,89%"
"28.05.2024","5,182","5,110","5,182","5,108","7,86M","1,41%"
"27.05.2024","5,110","5,134","5,154","5,102","4,98M","-0,04%"
"24.05.2024","5,112","5,068","5,126","5,020","9,47M","0,35%"
"23.05.2024","5,094","5,058","5,104","5,052","10,94M","0,79%"
"22.05.2024","5,054","5,064","5,088","5,030","11,07M","0,04%"
"21.05.2024","5,052","4,971","5,052","4,966","11,08M","1,34%"
"20.05.2024","4,985","4,890","4,985","4,890","7,81M","2,01%"
"17.05.2024","4,887","4,822","4,897","4,821","10,11M","1,37%"
"16.05.2024","4,821","4,880","4,920","4,821","8,03M","-1,13%"
"15.05.2024","4,876","4,970","4,989","4,836","10,08M","-1,61%"
"14.05.2024","4,956","4,938","4,967","4,889","5,80M","0,81%"
"13.05.2024","4,916","4,925","4,937","4,885","5,17M","-0,24%"
"10.05.2024","4,928","4,881","4,947","4,870","7,10M","1,03%"
"09.05.2024","4,878","4,930","4,943","4,852","8,19M","-0,89%"
"08.05.2024","4,922","4,941","4,958","4,883","8,97M","-0,30%"
"07.05.2024","4,937","4,878","4,939","4,863","13,44M","1,44%"
"06.05.2024","4,867","4,782","4,887","4,780","8,26M","2,36%"
"03.05.2024","4,755","4,962","4,987","4,746","24,07M","-3,65%"
"02.05.2024","4,935","5,020","5,048","4,925","14,71M","-0,34%"
"30.04.2024","4,952","5,034","5,040","4,860","22,73M","-3,24%"
"29.04.2024","5,118","5,170","5,226","5,088","15,09M","0,08%"
"26.04.2024","5,114","5,032","5,122","5,022","15,70M","1,95%"
"25.04.2024","5,016","4,975","5,078","4,973","17,44M","1,48%"
"24.04.2024","4,943","4,945","4,955","4,908","11,63M","-0,02%"
"23.04.2024","4,944","4,865","4,954","4,863","13,31M","1,81%"
"22.04.2024","4,856","4,830","4,864","4,807","14,22M","1,04%"
"19.04.2024","4,806","4,762","4,813","4,722","13,38M","-0,37%"
"18.04.2024","4,824","4,726","4,824","4,715","14,88M","2,77%"
"17.04.2024","4,694","4,640","4,726","4,640","8,69M","1,47%"
"16.04.2024","4,626","4,651","4,671","4,601","11,36M","-1,62%"
"15.04.2024","4,702","4,657","4,735","4,652","12,86M","0,73%"
"12.04.2024","4,668","4,650","4,685","4,617","14,29M","0,60%"
"11.04.2024","4,640","4,796","4,805","4,624","24,32M","-3,11%"
"10.04.2024","4,789","4,732","4,817","4,732","16,83M","1,50%"
"09.04.2024","4,718","4,800","4,804","4,718","17,31M","-1,07%"
"08.04.2024","4,769","4,680","4,775","4,663","20,33M","2,05%"
"05.04.2024","4,673","4,620","4,673","4,590","23,10M","-0,19%"
"04.04.2024","4,682","4,590","4,696","4,588","38,11M","1,96%"
"03.04.2024","4,592","4,580","4,610","4,535","28,31M","0,17%"
"02.04.2024","4,584","4,522","4,586","4,520","15,50M","2,03%"
"28.03.2024","4,493","4,500","4,560","4,470","22,71M","-7,65%"
"27.03.2024","4,865","4,840","4,890","4,835","24,20M","0,72%"
"26.03.2024","4,830","4,800","4,840","4,792","22,38M","1,00%"
"25.03.2024","4,782","4,740","4,800","4,735","17,75M","0,93%"
"22.03.2024","4,738","4,740","4,769","4,723","60,90M","0,11%"
"21.03.2024","4,733","4,750","4,754","4,696","15,74M","0,08%"
"20.03.2024","4,729","4,690","4,738","4,678","17,72M","1,31%"
"19.03.2024","4,668","4,590","4,670","4,588","18,81M","2,21%"
"18.03.2024","4,567","4,500","4,590","4,480","25,80M","1,47%"
"15.03.2024","4,501","4,410","4,505","4,395","46,21M","2,58%"
"14.03.2024","4,388","4,460","4,460","4,371","13,74M","-1,50%"
"13.03.2024","4,455","4,420","4,485","4,415","12,01M","0,84%"
"12.03.2024","4,418","4,410","4,446","4,390","13,95M","0,27%"
"11.03.2024","4,406","4,370","4,413","4,345","14,27M","0,87%"
"08.03.2024","4,368","4,395","4,440","4,339","13,65M","-0,27%"
"07.03.2024","4,380","4,400","4,440","4,307","17,15M","-0,16%"
"06.03.2024","4,387","4,330","4,435","4,330","14,39M","1,15%"
"05.03.2024","4,337","4,295","4,337","4,281","11,16M","0,86%"
"04.03.2024","4,300","4,259","4,320","4,250","11,88M","1,08%"
"01.03.2024","4,254","4,175","4,275","4,164","17,97M","2,01%"
"29.02.2024","4,170","4,171","4,230","4,157","50,89M","0,07%"
"28.02.2024","4,167","4,160","4,202","4,154","10,58M","-0,05%"
"27.02.2024","4,169","4,124","4,178","4,120","9,18M","0,60%"
"26.02.2024","4,144","4,108","4,170","4,103","7,90M","0,97%"
"23.02.2024","4,104","4,087","4,116","4,066","8,28M","0,42%"
"22.02.2024","4,087","4,118","4,140","4,087","8,87M","-0,29%"
"21.02.2024","4,099","4,095","4,140","4,093","8,85M","-0,02%"
"20.02.2024","4,100","4,044","4,100","4,031","14,68M","1,54%"
"19.02.2024","4,038","3,981","4,046","3,978","7,28M","1,89%"
"16.02.2024","3,963","3,992","4,004","3,952","8,78M","-0,08%"
"15.02.2024","3,966","3,990","4,030","3,926","7,58M","-0,63%"
"14.02.2024","3,991","4,021","4,041","3,983","8,99M","-0,82%"
"13.02.2024","4,024","3,920","4,028","3,899","13,30M","2,68%"
"12.02.2024","3,919","3,946","3,961","3,890","7,37M","-0,20%"
"09.02.2024","3,927","3,950","3,974","3,917","12,23M","-0,71%"
"08.02.2024","3,955","3,920","3,982","3,912","8,11M","1,28%"
"07.02.2024","3,905","3,928","3,948","3,880","11,49M","-1,06%"
"06.02.2024","3,947","3,900","4,048","3,886","14,75M","1,94%"
"05.02.2024","3,872","3,946","3,963","3,872","12,00M","-1,05%"
"02.02.2024","3,913","3,970","3,975","3,805","24,86M","-0,15%"
"01.02.2024","3,919","3,930","3,991","3,882","11,36M","-0,89%"
"31.01.2024","3,954","3,978","4,020","3,945","10,72M","-0,28%"
"30.01.2024","3,965","3,860","3,977","3,847","9,07M","2,67%"
"29.01.2024","3,862","3,865","3,882","3,837","7,62M","0,18%"
"26.01.2024","3,855","3,849","3,876","3,840","6,30M","0,42%"
"25.01.2024","3,839","3,850","3,869","3,783","12,57M","-2,46%"
"24.01.2024","3,936","3,922","3,941","3,913","7,38M","0,79%"
"23.01.2024","3,905","3,924","3,939","3,882","8,23M","-0,26%"
"22.01.2024","3,915","3,872","3,924","3,866","6,84M","2,14%"
"19.01.2024","3,833","3,857","3,859","3,824","7,00M","0,03%"
"18.01.2024","3,832","3,843","3,867","3,808","15,98M","0,05%"
"17.01.2024","3,830","3,896","3,896","3,809","10,49M","-2,02%"
"16.01.2024","3,909","3,916","3,922","3,863","7,46M","-0,46%"
"15.01.2024","3,927","3,936","3,945","3,877","5,40M","0,43%"
"12.01.2024","3,910","3,900","3,946","3,899","7,99M","0,75%"
"11.01.2024","3,881","3,899","3,937","3,881","12,45M","0,39%"
"10.01.2024","3,866","3,928","3,934","3,866","13,43M","-1,58%"
"09.01.2024","3,928","4,000","4,011","3,895","18,51M","-3,20%"
"08.01.2024","4,058","4,013","4,078","4,005","9,25M","1,17%"
"05.01.2024","4,011","3,950","4,043","3,923","13,31M","1,42%"
"04.01.2024","3,955","3,886","3,956","3,850","8,39M","1,93%"
"03.01.2024","3,880","3,840","3,893","3,837","13,17M","1,41%"
"02.01.2024","3,826","3,750","3,835","3,740","10,34M","2,68%"
"29.12.2023","3,726","3,710","3,734","3,710","6,45M","0,40%"
"28.12.2023","3,711","3,730","3,735","3,702","7,62M","-0,56%"
"27.12.2023","3,732","3,711","3,747","3,704","9,48M","0,24%"
"22.12.2023","3,723","3,744","3,756","3,708","7,42M","-0,37%"
"21.12.2023","3,737","3,707","3,754","3,704","6,72M","0,48%"
"20.12.2023","3,719","3,740","3,741","3,697","9,27M","-0,29%"
"19.12.2023","3,730","3,741","3,774","3,706","7,91M","-0,43%"
"18.12.2023","3,746","3,722","3,788","3,720","13,84M","0,81%"
"15.12.2023","3,716","3,797","3,815","3,666","26,42M","-1,75%"
"14.12.2023","3,782","3,880","3,895","3,743","23,67M","-2,50%"
"13.12.2023","3,879","3,868","3,901","3,854","12,33M","0,34%"
"12.12.2023","3,866","3,919","3,924","3,849","10,91M","-1,10%"
"11.12.2023","3,909","3,925","3,941","3,880","17,68M","-0,10%"
"08.12.2023","3,913","3,938","3,949","3,836","15,61M","-0,66%"
"07.12.2023","3,939","4,090","4,093","3,906","19,08M","-3,83%"
"06.12.2023","4,096","4,180","4,194","4,095","9,00M","-1,66%"
"05.12.2023","4,165","4,166","4,196","4,155","9,55M","0,10%"
"04.12.2023","4,161","4,118","4,169","4,095","8,90M","1,19%"
"01.12.2023","4,112","4,149","4,169","4,112","9,30M","-0,46%"
"30.11.2023","4,131","4,200","4,223","4,113","22,16M","-1,57%"
"29.11.2023","4,197","4,190","4,230","4,173","10,35M","0,17%"
"28.11.2023","4,190","4,155","4,199","4,154","10,59M","0,84%"
"27.11.2023","4,155","4,153","4,186","4,152","21,33M","0,05%"
"24.11.2023","4,153","4,148","4,180","4,148","5,79M","-0,02%"
"23.11.2023","4,154","4,126","4,160","4,120","14,36M","0,56%"
"22.11.2023","4,131","4,104","4,146","4,104","13,28M","0,66%"
"21.11.2023","4,104","4,091","4,111","4,067","7,34M","0,05%"
"20.11.2023","4,102","4,049","4,130","4,049","12,93M","1,31%"
"17.11.2023","4,049","4,040","4,073","4,004","22,33M","0,27%"
"16.11.2023","4,038","4,020","4,085","4,017","12,91M","0,67%"
"15.11.2023","4,011","3,975","4,012","3,949","14,93M","1,49%"
"14.11.2023","3,952","3,930","3,981","3,911","15,19M","0,64%"
"13.11.2023","3,927","3,865","3,934","3,865","10,46M","1,84%"
"10.11.2023","3,856","3,857","3,901","3,839","10,46M","-0,26%"
"09.11.2023","3,866","3,809","3,866","3,797","11,90M","1,92%"
"08.11.2023","3,793","3,752","3,815","3,735","11,09M","0,74%"
"07.11.2023","3,765","3,804","3,832","3,755","9,31M","-1,39%"
"06.11.2023","3,818","3,796","3,838","3,779","11,18M","0,85%"
"03.11.2023","3,786","3,800","3,838","3,786","13,54M","0,05%"
"02.11.2023","3,784","3,796","3,828","3,743","14,33M","-0,29%"
"01.11.2023","3,795","3,838","3,858","3,794","11,69M","-1,04%"
"31.10.2023","3,835","3,865","3,916","3,827","14,66M","-0,70%"
"30.10.2023","3,862","3,808","3,877","3,803","14,61M","1,55%"
"27.10.2023","3,803","3,826","3,837","3,688","20,02M","2,26%"
"26.10.2023","3,719","3,625","3,740","3,615","16,15M","2,40%"
"25.10.2023","3,632","3,630","3,651","3,607","12,12M","0,11%"
"24.10.2023","3,628","3,755","3,776","3,621","11,99M","-3,10%"
"23.10.2023","3,744","3,820","3,828","3,742","9,60M","-1,47%"
"20.10.2023","3,800","3,821","3,850","3,783","12,45M","-1,40%"
"19.10.2023","3,854","3,783","3,854","3,755","13,92M","1,96%"
"18.10.2023","3,780","3,803","3,820","3,780","8,85M","-0,21%"
"17.10.2023","3,788","3,790","3,815","3,774","6,51M","-0,11%"
"16.10.2023","3,792","3,803","3,818","3,782","10,34M","0,13%"
"13.10.2023","3,787","3,829","3,856","3,777","9,49M","-1,07%"
"12.10.2023","3,828","3,852","3,863","3,806","6,48M","-0,47%"
"11.10.2023","3,846","3,820","3,865","3,815","7,66M","0,34%"
"10.10.2023","3,833","3,792","3,852","3,792","11,65M","1,51%"
"09.10.2023","3,776","3,767","3,806","3,735","7,11M","-1,13%"
"06.10.2023","3,819","3,735","3,820","3,732","9,32M","2,28%"
"05.10.2023","3,734","3,732","3,757","3,706","4,92M","0,86%"
"04.10.2023","3,702","3,706","3,748","3,683","6,83M","-0,54%"
"03.10.2023","3,722","3,772","3,833","3,718","9,38M","-1,33%"
"02.10.2023","3,772","3,792","3,837","3,762","10,71M","-0,37%"
"29.09.2023","3,786","3,770","3,830","3,770","14,43M","0,53%"
"28.09.2023","3,766","3,730","3,779","3,695","11,25M","1,29%"
"27.09.2023","3,718","3,695","3,763","3,691","7,90M","0,46%"
"26.09.2023","3,701","3,620","3,709","3,612","10,95M","2,24%"
"25.09.2023","3,620","3,655","3,702","3,604","8,21M","-1,34%"
"22.09.2023","3,669","3,650","3,729","3,645","10,31M","0,38%"
"21.09.2023","3,655","3,590","3,659","3,584","9,55M","1,16%"
"20.09.2023","3,613","3,579","3,635","3,570","8,09M","0,98%"
"19.09.2023","3,578","3,554","3,584","3,549","6,28M","0,68%"
"18.09.2023","3,554","3,561","3,583","3,533","9,02M","0,28%"
"15.09.2023","3,544","3,618","3,620","3,519","18,61M","-1,47%"
"14.09.2023","3,597","3,555","3,616","3,517","10,04M","1,55%"
"13.09.2023","3,542","3,593","3,610","3,530","8,62M","-1,45%"
"12.09.2023","3,594","3,598","3,610","3,579","7,19M","0,34%"
"11.09.2023","3,582","3,574","3,597","3,549","8,67M","0,76%"
"08.09.2023","3,555","3,531","3,568","3,493","7,99M","0,99%"
"07.09.2023","3,520","3,580","3,596","3,503","12,04M","-1,98%"
"06.09.2023","3,591","3,624","3,638","3,558","9,34M","-1,43%"
"05.09.2023","3,643","3,646","3,673","3,597","11,22M","0,05%"
"04.09.2023","3,641","3,700","3,703","3,631","7,94M","-1,22%"
"01.09.2023","3,686","3,740","3,754","3,676","8,88M","-1,29%"
"31.08.2023","3,734","3,871","3,876","3,726","20,45M","-3,46%"
"30.08.2023","3,868","3,867","3,907","3,866","7,72M","0,29%"
"29.08.2023","3,857","3,838","3,872","3,832","6,86M","0,70%"
"28.08.2023","3,830","3,830","3,837","3,812","","1,19%"
"25.08.2023","3,785","3,803","3,828","3,777","4,10M","-0,53%"
"24.08.2023","3,805","3,787","3,816","3,776","7,29M","1,14%"
"23.08.2023","3,762","3,807","3,842","3,762","4,42M","-1,18%"
"22.08.2023","3,807","3,801","3,840","3,800","4,60M","0,53%"
"21.08.2023","3,787","3,800","3,853","3,787","5,01M","-0,47%"
"18.08.2023","3,805","3,779","3,808","3,767","6,54M","0,24%"
"17.08.2023","3,796","3,770","3,827","3,753","5,59M","0,69%"
"16.08.2023","3,770","3,796","3,816","3,768","4,36M","-1,08%"
"15.08.2023","3,811","3,830","3,835","3,786","3,17M","-0,26%"
"14.08.2023","3,821","3,826","3,855","3,813","10,50M","-0,47%"
"11.08.2023","3,839","3,809","3,861","3,808","7,46M","0,34%"
"10.08.2023","3,826","3,792","3,834","3,784","8,48M","1,38%"
"09.08.2023","3,774","3,790","3,796","3,750","6,03M","0,94%"
"08.08.2023","3,739","3,713","3,782","3,678","10,45M","-1,48%"
"07.08.2023","3,795","3,742","3,800","3,734","7,04M","1,42%"
"04.08.2023","3,742","3,746","3,766","3,719","6,27M","0,32%"
"03.08.2023","3,730","3,610","3,732","3,610","11,41M","3,35%"
"02.08.2023","3,609","3,631","3,640","3,584","11,16M","-1,29%"
"01.08.2023","3,656","3,668","3,705","3,642","10,16M","-0,35%"
"31.07.2023","3,669","3,716","3,718","3,651","13,56M","-0,81%"
"28.07.2023","3,699","3,809","3,861","3,690","21,03M","-1,62%"
"27.07.2023","3,760","3,820","3,840","3,741","15,06M","-1,13%"
"26.07.2023","3,803","3,827","3,860","3,768","7,57M","-0,60%"
"25.07.2023","3,826","3,793","3,833","3,780","5,87M","1,00%"
"24.07.2023","3,788","3,720","3,788","3,678","11,07M","-0,55%"
"21.07.2023","3,809","3,834","3,846","3,770","9,20M","-0,37%"
"20.07.2023","3,823","3,810","3,880","3,809","9,11M","0,29%"
"19.07.2023","3,812","3,860","3,871","3,779","7,27M","-0,99%"
"18.07.2023","3,850","3,839","3,860","3,801","6,21M","0,63%"
"17.07.2023","3,826","3,784","3,842","3,781","7,06M","0,68%"
"14.07.2023","3,800","3,810","3,846","3,798","8,02M","-0,29%"
"13.07.2023","3,811","3,806","3,835","3,785","7,99M","-0,24%"
"12.07.2023","3,820","3,800","3,832","3,781","11,47M","0,71%"
"11.07.2023","3,793","3,698","3,793","3,693","11,81M","2,82%"
"10.07.2023","3,689","3,680","3,716","3,673","6,10M","-0,08%"
"07.07.2023","3,692","3,676","3,716","3,648","6,44M","0,60%"
"06.07.2023","3,670","3,650","3,690","3,632","10,75M","-0,57%"
"05.07.2023","3,691","3,702","3,724","3,659","9,93M","-0,75%"
"04.07.2023","3,719","3,830","3,840","3,704","11,79M","-2,67%"
"03.07.2023","3,821","3,785","3,827","3,767","10,69M","0,90%"
"30.06.2023","3,787","3,790","3,832","3,784","20,77M","0,13%"
"29.06.2023","3,782","3,724","3,789","3,724","8,14M","1,89%"
"28.06.2023","3,712","3,723","3,752","3,664","10,36M","-0,30%"
"27.06.2023","3,723","3,676","3,736","3,666","11,53M","2,59%"
"26.06.2023","3,629","3,649","3,650","3,572","8,63M","-0,58%"
"23.06.2023","3,650","3,686","3,704","3,629","7,93M","-1,67%"
"22.06.2023","3,712","3,743","3,743","3,690","6,41M","-1,90%"
"21.06.2023","3,784","3,710","3,819","3,710","8,87M","2,16%"
"20.06.2023","3,704","3,739","3,763","3,701","8,11M","-1,17%"
"19.06.2023","3,748","3,740","3,780","3,728","11,07M","-0,05%"
"16.06.2023","3,750","3,700","3,800","3,690","44,11M","1,43%"
"15.06.2023","3,697","3,644","3,700","3,633","10,06M","0,98%"
"14.06.2023","3,661","3,600","3,678","3,580","14,21M","1,84%"
"13.06.2023","3,595","3,627","3,627","3,548","8,78M","-0,36%"
"12.06.2023","3,608","3,611","3,634","3,576","5,13M","0,28%"
"09.06.2023","3,598","3,643","3,653","3,571","7,01M","-1,34%"
"08.06.2023","3,647","3,633","3,685","3,633","6,98M","0,94%"
"07.06.2023","3,613","3,611","3,637","3,583","5,41M","0,14%"
"06.06.2023","3,608","3,588","3,609","3,570","6,65M","-0,06%"
"05.06.2023","3,610","3,631","3,689","3,598","10,98M","-0,58%"
"02.06.2023","3,631","3,570","3,644","3,565","11,80M","2,37%"
"01.06.2023","3,547","3,462","3,565","3,461","9,59M","3,50%"
"31.05.2023","3,427","3,500","3,549","3,423","45,21M","-3,08%"
"30.05.2023","3,536","3,551","3,641","3,532","10,29M","-0,84%"
"29.05.2023","3,566","3,600","3,620","3,511","5,63M","0,06%"
"26.05.2023","3,564","3,520","3,577","3,487","9,13M","1,63%"
"25.05.2023","3,507","3,518","3,540","3,469","10,06M","0,83%"
"24.05.2023","3,478","3,480","3,490","3,429","6,09M","-0,86%"
"23.05.2023","3,508","3,480","3,508","3,459","6,92M","0,89%"
"22.05.2023","3,477","3,397","3,477","3,397","8,14M","2,17%"
"19.05.2023","3,403","3,420","3,451","3,385","6,91M","-0,23%"
"18.05.2023","3,411","3,410","3,428","3,396","6,10M","0,80%"
"17.05.2023","3,384","3,317","3,387","3,307","7,42M","1,59%"
"16.05.2023","3,331","3,345","3,362","3,329","9,28M","-0,89%"
"15.05.2023","3,361","3,395","3,412","3,336","6,59M","0,18%"
"12.05.2023","3,355","3,350","3,376","3,343","7,77M","0,93%"
"11.05.2023","3,324","3,339","3,362","3,281","10,07M","-0,54%"
"10.05.2023","3,342","3,378","3,398","3,325","7,67M","-0,03%"
"09.05.2023","3,343","3,327","3,350","3,287","17,87M","-0,68%"
"08.05.2023","3,366","3,259","3,375","3,237","11,46M","4,79%"
"05.05.2023","3,212","3,183","3,267","3,154","27,16M","1,39%"
"04.05.2023","3,168","3,200","3,210","3,123","11,69M","-1,55%"
"03.05.2023","3,218","3,290","3,302","3,194","12,01M","-1,50%"
"02.05.2023","3,267","3,370","3,395","3,258","11,66M","-2,54%"
"28.04.2023","3,352","3,550","3,550","3,344","17,41M","-5,50%"
"27.04.2023","3,547","3,454","3,549","3,430","10,22M","2,75%"
"26.04.2023","3,452","3,463","3,481","3,378","8,61M","-1,20%"
"25.04.2023","3,494","3,504","3,523","3,467","8,69M","-1,69%"
"24.04.2023","3,554","3,560","3,577","3,532","7,56M","-0,67%"
"21.04.2023","3,578","3,618","3,635","3,564","12,07M","-1,76%"
"20.04.2023","3,642","3,700","3,795","3,641","12,59M","-0,49%"
"19.04.2023","3,660","3,615","3,660","3,581","19,53M","1,30%"
"18.04.2023","3,613","3,556","3,620","3,544","35,16M","2,41%"
"17.04.2023","3,528","3,560","3,585","3,499","75,73M","-0,40%"
"14.04.2023","3,542","3,464","3,543","3,422","36,14M","2,61%"
"13.04.2023","3,452","3,480","3,508","3,366","12,28M","-1,29%"
"12.04.2023","3,497","3,489","3,519","3,463","12,17M","1,36%"
"11.04.2023","3,450","3,537","3,547","3,450","7,18M","-1,23%"
"06.04.2023","3,493","3,439","3,511","3,419","14,27M","-2,40%"
"05.04.2023","3,579","3,610","3,624","3,558","12,46M","-0,56%"
"04.04.2023","3,599","3,623","3,660","3,591","54,95M","-0,25%"
"03.04.2023","3,608","3,628","3,659","3,588","83,13M","0,67%"
"31.03.2023","3,584","3,652","3,665","3,576","31,76M","-1,86%"
"30.03.2023","3,652","3,657","3,679","3,613","7,94M","0,97%"
"29.03.2023","3,617","3,558","3,630","3,549","7,92M","2,12%"
"28.03.2023","3,542","3,580","3,594","3,504","10,19M","0,54%"
"27.03.2023","3,523","3,550","3,606","3,459","19,01M","0,86%"
"24.03.2023","3,493","3,589","3,589","3,402","20,85M","-2,95%"
"23.03.2023","3,599","3,661","3,734","3,591","13,81M","-3,49%"
"22.03.2023","3,729","3,797","3,850","3,725","14,79M","-2,13%"
"21.03.2023","3,810","3,706","3,837","3,680","17,74M","5,19%"
"20.03.2023","3,622","3,460","3,694","3,305","29,41M","3,19%"
"17.03.2023","3,510","3,608","3,696","3,472","45,58M","-2,12%"
"16.03.2023","3,586","3,706","3,850","3,553","25,06M","-1,32%"
"15.03.2023","3,634","3,910","3,929","3,624","27,03M","-6,72%"
"14.03.2023","3,896","3,720","3,930","3,699","19,82M","4,09%"
"13.03.2023","3,743","3,982","3,995","3,680","28,42M","-6,24%"
"10.03.2023","3,992","3,900","4,008","3,871","19,12M","-1,80%"
"09.03.2023","4,065","4,100","4,103","4,056","8,57M","-1,07%"
"08.03.2023","4,109","4,039","4,121","4,038","9,14M","1,31%"
"07.03.2023","4,056","4,130","4,136","4,042","9,66M","-1,74%"
"06.03.2023","4,128","4,082","4,128","4,081","8,12M","1,25%"
"03.03.2023","4,077","4,003","4,077","3,992","8,12M","2,08%"
"02.03.2023","3,994","3,992","4,017","3,948","8,91M","-0,20%"
"01.03.2023","4,002","4,061","4,075","3,991","8,03M","-1,23%"
"28.02.2023","4,052","3,990","4,124","3,970","17,77M","1,30%"
"27.02.2023","4,000","3,938","4,017","3,929","7,08M","1,34%"
"24.02.2023","3,947","3,936","3,960","3,915","7,91M","0,25%"
"23.02.2023","3,937","3,925","3,954","3,889","7,16M","0,54%"
"22.02.2023","3,916","3,997","3,998","3,888","13,21M","-2,51%"
"21.02.2023","4,017","4,050","4,061","3,986","8,03M","-1,16%"
"20.02.2023","4,064","4,120","4,140","4,054","6,55M","-1,14%"
"17.02.2023","4,111","4,072","4,119","4,042","13,43M","0,64%"
"16.02.2023","4,085","4,016","4,089","4,011","9,93M","2,00%"
"15.02.2023","4,005","3,997","4,016","3,943","9,76M","0,15%"
"14.02.2023","3,999","4,013","4,040","3,967","11,56M","-0,65%"
"13.02.2023","4,025","3,990","4,045","3,969","4,78M","1,39%"
"10.02.2023","3,970","4,040","4,041","3,937","12,76M","-1,81%"
"09.02.2023","4,043","4,037","4,123","4,019","15,42M","0,37%"
"08.02.2023","4,028","3,989","4,031","3,957","16,47M","1,59%"
"07.02.2023","3,965","3,972","4,000","3,955","11,64M","0,03%"
"06.02.2023","3,964","3,897","3,981","3,864","14,66M","2,40%"
"03.02.2023","3,871","4,059","4,133","3,779","39,97M","-2,71%"
"02.02.2023","3,979","4,065","4,197","3,926","29,14M","-2,40%"
"01.02.2023","4,077","4,080","4,110","4,051","13,01M","0,25%"
"31.01.2023","4,067","4,047","4,100","4,031","12,64M","0,72%"
"30.01.2023","4,038","4,028","4,061","3,995","7,18M","0,02%"
"27.01.2023","4,037","4,001","4,058","3,986","8,63M","1,15%"
"26.01.2023","3,991","3,961","4,065","3,956","15,21M","1,40%"
"25.01.2023","3,936","3,949","3,971","3,928","6,73M","-0,98%"
"24.01.2023","3,975","3,975","3,985","3,925","5,41M","0,30%"
"23.01.2023","3,963","3,960","4,000","3,951","6,75M","0,10%"
"20.01.2023","3,959","3,886","3,964","3,869","12,83M","2,54%"
"19.01.2023","3,861","3,902","3,902","3,794","19,17M","-1,45%"
"18.01.2023","3,918","3,852","3,987","3,843","12,69M","1,98%"
"17.01.2023","3,842","3,857","3,899","3,823","9,59M","-0,21%"
"16.01.2023","3,850","3,918","3,932","3,850","6,96M","-1,53%"
"13.01.2023","3,910","3,893","3,985","3,869","15,99M","0,96%"
"12.01.2023","3,873","3,842","3,910","3,828","18,70M","1,49%"
"11.01.2023","3,816","3,900","3,911","3,806","9,27M","-1,83%"
"10.01.2023","3,887","3,827","3,888","3,804","9,26M","1,38%"
"09.01.2023","3,834","3,887","3,909","3,822","10,37M","-1,34%"
"06.01.2023","3,886","3,907","3,937","3,886","7,76M","-0,05%"
"05.01.2023","3,888","3,842","3,921","3,812","10,24M","0,70%"
"04.01.2023","3,861","3,838","3,911","3,838","14,23M","0,60%"
"03.01.2023","3,838","3,708","3,838","3,680","12,72M","3,53%"
"02.01.2023","3,707","3,695","3,737","3,680","5,69M","0,95%"
"30.12.2022","3,672","3,643","3,679","3,635","19,32M","0,38%"
"29.12.2022","3,658","3,610","3,680","3,600","5,72M","0,14%"
"28.12.2022","3,653","3,660","3,669","3,616","6,51M","0,16%"
"27.12.2022","3,647","3,676","3,689","3,638","4,44M","-0,49%"
"23.12.2022","3,665","3,651","3,705","3,632","8,60M","0,52%"
"22.12.2022","3,646","3,649","3,664","3,618","9,26M","-0,08%"
"21.12.2022","3,649","3,625","3,669","3,578","12,10M","0,94%"
"20.12.2022","3,615","3,535","3,633","3,506","15,54M","2,35%"
"19.12.2022","3,532","3,534","3,570","3,501","9,27M","-0,39%"
"16.12.2022","3,546","3,354","3,551","3,345","55,27M","5,85%"
"15.12.2022","3,350","3,350","3,374","3,294","16,74M","-0,59%"
"14.12.2022","3,370","3,300","3,374","3,299","12,17M","1,97%"
"13.12.2022","3,305","3,309","3,364","3,295","14,18M","0,15%"
"12.12.2022","3,300","3,297","3,313","3,276","6,89M","-0,12%"
"09.12.2022","3,304","3,310","3,335","3,252","9,54M","-0,27%"
"08.12.2022","3,313","3,361","3,362","3,313","8,01M","-1,02%"
"07.12.2022","3,347","3,380","3,398","3,340","9,11M","-1,15%"
"06.12.2022","3,386","3,387","3,419","3,351","6,78M","-0,41%"
"05.12.2022","3,400","3,400","3,421","3,383","7,29M","-0,61%"
"02.12.2022","3,421","3,410","3,434","3,341","13,09M","0,06%"
"01.12.2022","3,419","3,565","3,566","3,419","17,12M","-4,01%"
"30.11.2022","3,562","3,560","3,578","3,509","16,46M","0,39%"
"29.11.2022","3,548","3,549","3,567","3,493","10,84M","0,34%"
"28.11.2022","3,536","3,550","3,578","3,531","7,11M","-1,12%"
"25.11.2022","3,576","3,576","3,590","3,545","14,64M","0,70%"
"24.11.2022","3,551","3,553","3,594","3,516","11,46M","-0,06%"
"23.11.2022","3,553","3,520","3,583","3,476","10,79M","1,08%"
"22.11.2022","3,515","3,381","3,518","3,381","15,20M","3,99%"
"21.11.2022","3,380","3,372","3,436","3,372","10,42M","-0,50%"
"18.11.2022","3,397","3,336","3,405","3,313","17,98M","2,35%"
"17.11.2022","3,319","3,284","3,319","3,253","8,33M","1,16%"
"16.11.2022","3,281","3,233","3,298","3,233","11,18M","1,52%"
"15.11.2022","3,232","3,185","3,245","3,172","10,77M","2,12%"
"14.11.2022","3,165","3,138","3,177","3,119","8,96M","1,44%"
"11.11.2022","3,120","3,190","3,214","3,102","19,36M","-2,10%"
"10.11.2022","3,187","3,263","3,301","3,124","19,03M","-2,57%"
"09.11.2022","3,271","3,279","3,332","3,252","11,56M","-0,46%"
"08.11.2022","3,286","3,321","3,346","3,286","9,14M","-1,68%"
"07.11.2022","3,342","3,249","3,343","3,246","10,54M","2,77%"
"04.11.2022","3,252","3,348","3,364","3,226","22,00M","-3,44%"
"03.11.2022","3,368","3,375","3,398","3,333","10,37M","-0,12%"
"02.11.2022","3,372","3,392","3,411","3,361","7,50M","0,12%"
"01.11.2022","3,368","3,380","3,412","3,349","12,99M","0,45%"
"31.10.2022","3,353","3,330","3,396","3,319","13,72M","1,88%"
"28.10.2022","3,291","3,460","3,463","3,215","33,79M","-7,03%"
"27.10.2022","3,540","3,554","3,566","3,463","13,55M","-0,90%"
"26.10.2022","3,572","3,566","3,586","3,474","13,08M","1,22%"
"25.10.2022","3,529","3,540","3,570","3,491","9,83M","0,43%"
"24.10.2022","3,514","3,513","3,578","3,505","11,20M","0,40%"
"21.10.2022","3,500","3,470","3,505","3,438","12,31M","-0,06%"
"20.10.2022","3,502","3,420","3,536","3,420","14,26M","2,85%"
"19.10.2022","3,405","3,439","3,470","3,365","9,25M","-0,55%"
"18.10.2022","3,424","3,430","3,479","3,423","10,77M","0,79%"
"17.10.2022","3,397","3,367","3,435","3,347","13,63M","2,17%"
"14.10.2022","3,325","3,420","3,427","3,320","17,86M","-1,54%"
"13.10.2022","3,377","3,312","3,394","3,304","15,79M","0,96%"
"12.10.2022","3,345","3,320","3,348","3,254","10,79M","0,42%"
"11.10.2022","3,331","3,328","3,358","3,280","9,23M","-0,60%"
"10.10.2022","3,351","3,358","3,404","3,351","11,67M","-1,21%"
"07.10.2022","3,392","3,377","3,421","3,348","9,57M","0,44%"
"06.10.2022","3,377","3,412","3,445","3,366","11,35M","-1,29%"
"05.10.2022","3,421","3,436","3,453","3,378","9,69M","-0,64%"
"04.10.2022","3,443","3,358","3,449","3,357","14,82M","4,27%"
"03.10.2022","3,302","3,276","3,321","3,230","13,48M","-0,27%"
"30.09.2022","3,311","3,330","3,356","3,298","16,02M","0,30%"
"29.09.2022","3,301","3,337","3,355","3,277","14,68M","-1,46%"
"28.09.2022","3,350","3,324","3,370","3,284","17,44M","-0,65%"
"27.09.2022","3,372","3,458","3,469","3,343","16,19M","-1,58%"
"26.09.2022","3,426","3,450","3,483","3,406","14,63M","-1,44%"
"23.09.2022","3,476","3,563","3,573","3,429","19,74M","-2,55%"
"22.09.2022","3,567","3,500","3,640","3,490","16,74M","1,39%"
"21.09.2022","3,518","3,523","3,565","3,482","13,47M","-1,43%"
"20.09.2022","3,569","3,560","3,619","3,560","16,38M","0,73%"
"19.09.2022","3,543","3,536","3,567","3,484","9,97M","0,37%"
"16.09.2022","3,530","3,560","3,590","3,496","26,65M","-2,57%"
"15.09.2022","3,623","3,480","3,630","3,468","23,30M","5,78%"
"14.09.2022","3,425","3,412","3,521","3,410","14,66M","0,29%"
"13.09.2022","3,415","3,492","3,561","3,315","23,79M","-1,98%"
"12.09.2022","3,484","3,368","3,506","3,366","18,47M","4,69%"
"09.09.2022","3,328","3,259","3,402","3,255","21,34M","3,58%"
"08.09.2022","3,213","3,054","3,232","3,053","28,14M","6,25%"
"07.09.2022","3,024","2,995","3,033","2,949","11,53M","0,57%"
"06.09.2022","3,007","3,044","3,056","2,976","10,42M","-0,17%"
"05.09.2022","3,012","2,989","3,016","2,942","9,94M","-0,63%"
"02.09.2022","3,031","2,994","3,039","2,954","11,74M","2,40%"
"01.09.2022","2,960","2,991","3,002","2,938","15,06M","-1,46%"
"31.08.2022","3,004","2,958","3,008","2,946","17,93M","2,11%"
"30.08.2022","2,942","2,900","3,014","2,895","14,15M","1,80%"
"29.08.2022","2,890","2,853","2,902","2,845","9,18M","0,35%"
"26.08.2022","2,880","2,920","2,942","2,861","13,25M","-0,86%"
"25.08.2022","2,905","2,964","2,978","2,905","7,13M","-1,43%"
"24.08.2022","2,947","2,935","2,956","2,915","5,25M","0,20%"
"23.08.2022","2,941","2,925","2,962","2,921","8,52M","0,03%"
"22.08.2022","2,940","2,967","2,980","2,918","6,72M","-1,47%"
"19.08.2022","2,984","3,039","3,044","2,948","10,36M","-1,81%"
"18.08.2022","3,039","3,060","3,087","3,035","6,27M","-0,52%"
"17.08.2022","3,055","3,086","3,113","3,040","7,65M","-0,46%"
"16.08.2022","3,069","3,030","3,089","3,017","8,21M","1,69%"
"15.08.2022","3,018","3,050","3,050","2,991","4,88M","-0,89%"
"12.08.2022","3,045","3,031","3,073","3,026","6,78M","1,06%"
"11.08.2022","3,013","3,045","3,045","3,011","6,83M","-0,13%"
"10.08.2022","3,017","3,056","3,077","3,011","8,31M","-1,28%"
"09.08.2022","3,056","3,029","3,075","3,001","7,42M","0,59%"
"08.08.2022","3,038","3,030","3,087","3,000","9,94M","0,90%"
"05.08.2022","3,011","2,922","3,030","2,920","11,21M","3,01%"
"04.08.2022","2,923","2,940","2,973","2,904","8,98M","-0,81%"
"03.08.2022","2,947","2,977","2,996","2,897","11,02M","-1,80%"
"02.08.2022","3,001","2,891","3,025","2,890","13,85M","3,66%"
"01.08.2022","2,895","2,914","2,981","2,893","11,83M","-1,16%"
"29.07.2022","2,929","2,939","2,993","2,899","16,24M","0,65%"
"28.07.2022","2,910","3,021","3,021","2,861","24,19M","-2,48%"
"27.07.2022","2,984","2,960","2,997","2,925","15,27M","2,12%"
"26.07.2022","2,922","2,900","2,941","2,881","12,34M","0,34%"
"25.07.2022","2,912","2,829","2,948","2,821","15,25M","3,12%"
"22.07.2022","2,824","2,928","2,959","2,820","17,77M","-3,55%"
"21.07.2022","2,928","2,833","3,013","2,832","29,39M","2,02%"
"20.07.2022","2,870","2,942","2,967","2,789","20,78M","-1,88%"
"19.07.2022","2,925","2,723","2,932","2,718","26,99M","7,22%"
"18.07.2022","2,728","2,736","2,800","2,717","16,60M","0,70%"
"15.07.2022","2,709","2,640","2,733","2,640","20,65M","2,54%"
"14.07.2022","2,642","2,700","2,737","2,640","26,12M","-2,37%"
"13.07.2022","2,706","2,780","2,780","2,657","24,02M","0,19%"
"12.07.2022","2,701","2,931","2,954","2,636","52,33M","-8,63%"
"11.07.2022","2,956","2,950","2,987","2,931","11,62M","-1,50%"
"08.07.2022","3,001","3,019","3,027","2,918","14,43M","-0,60%"
"07.07.2022","3,019","2,934","3,042","2,916","22,97M","5,15%"
"06.07.2022","2,871","3,117","3,137","2,867","29,91M","-6,60%"
"05.07.2022","3,074","3,280","3,298","3,074","18,41M","-5,59%"
"04.07.2022","3,256","3,318","3,322","3,220","12,95M","-1,72%"
"01.07.2022","3,313","3,306","3,396","3,285","18,23M","-0,12%"
"30.06.2022","3,317","3,400","3,435","3,264","23,21M","-4,13%"
"29.06.2022","3,460","3,419","3,472","3,401","13,55M","0,41%"
"28.06.2022","3,446","3,455","3,496","3,423","12,58M","1,00%"
"27.06.2022","3,412","3,389","3,457","3,389","18,80M","0,41%"
"24.06.2022","3,398","3,368","3,421","3,278","20,88M","1,04%"
"23.06.2022","3,363","3,507","3,532","3,363","26,75M","-4,78%"
"22.06.2022","3,532","3,530","3,583","3,523","17,17M","-1,48%"
"21.06.2022","3,585","3,557","3,641","3,557","18,96M","1,53%"
"20.06.2022","3,531","3,408","3,575","3,408","16,97M","3,61%"
"17.06.2022","3,408","3,301","3,484","3,295","39,96M","3,62%"
"16.06.2022","3,289","3,257","3,296","3,235","13,94M","0,64%"
"15.06.2022","3,268","3,304","3,329","3,250","21,63M","1,59%"
"14.06.2022","3,217","3,208","3,259","3,195","16,40M","1,48%"
"13.06.2022","3,170","3,183","3,224","3,129","25,04M","-1,55%"
"10.06.2022","3,220","3,437","3,439","3,212","22,76M","-7,12%"
"09.06.2022","3,467","3,450","3,523","3,450","16,81M","0,09%"
"08.06.2022","3,464","3,463","3,491","3,443","15,47M","0,35%"
"07.06.2022","3,452","3,435","3,502","3,435","17,89M","-0,32%"
"06.06.2022","3,463","3,400","3,490","3,395","15,21M","2,46%"
"03.06.2022","3,380","3,413","3,427","3,380","10,52M","-0,50%"
"02.06.2022","3,397","3,410","3,434","3,392","10,35M","0,09%"
"01.06.2022","3,394","3,400","3,436","3,385","17,53M","0,77%"
"31.05.2022","3,368","3,382","3,406","3,342","48,09M","-1,03%"
"30.05.2022","3,403","3,389","3,416","3,364","13,08M","1,16%"
"27.05.2022","3,364","3,396","3,431","3,354","18,34M","-1,35%"
"26.05.2022","3,410","3,359","3,421","3,359","19,55M","1,19%"
"25.05.2022","3,370","3,300","3,370","3,280","20,40M","2,59%"
"24.05.2022","3,285","3,187","3,297","3,184","23,75M","1,48%"
"23.05.2022","3,237","3,163","3,237","3,106","17,92M","3,75%"
"20.05.2022","3,120","3,150","3,184","3,109","18,08M","-0,16%"
"19.05.2022","3,125","3,061","3,127","3,042","17,86M","1,46%"
"18.05.2022","3,080","3,060","3,152","3,050","18,19M","0,98%"
"17.05.2022","3,050","2,946","3,065","2,929","21,84M","5,17%"
"16.05.2022","2,900","2,875","2,906","2,845","8,12M","0,38%"
"13.05.2022","2,889","2,900","2,909","2,867","9,85M","0,49%"
"12.05.2022","2,875","2,910","2,914","2,792","21,36M","-2,71%"
"11.05.2022","2,955","2,961","2,984","2,915","21,72M","0,07%"
"10.05.2022","2,953","2,968","3,029","2,945","12,49M","0,61%"
"09.05.2022","2,935","2,940","2,983","2,925","11,35M","-0,51%"
"06.05.2022","2,950","3,000","3,006","2,940","12,47M","-1,90%"
"05.05.2022","3,007","3,150","3,150","3,006","18,54M","-1,60%"
"04.05.2022","3,056","3,170","3,178","3,051","9,87M","-3,29%"
"03.05.2022","3,160","3,078","3,163","3,066","","3,95%"
"02.05.2022","3,040","3,050","3,079","3,021","10,57M","-1,55%"
"29.04.2022","3,088","2,954","3,089","2,913","24,52M","4,18%"
"28.04.2022","2,964","3,000","3,019","2,902","11,20M","0,00%"
"27.04.2022","2,964","2,979","2,982","2,904","9,19M","0,99%"
"26.04.2022","2,935","3,057","3,067","2,932","24,63M","-2,91%"
"25.04.2022","3,023","3,030","3,075","3,010","16,14M","-2,17%"
"22.04.2022","3,090","3,100","3,170","3,062","10,12M","-1,31%"
"21.04.2022","3,131","3,160","3,179","3,114","68,36M","-0,10%"
"20.04.2022","3,134","3,053","3,152","3,051","13,96M","3,26%"
"19.04.2022","3,035","3,053","3,069","3,015","85,30M","-0,16%"
"14.04.2022","3,040","3,050","3,073","3,003","140,37M","-3,15%"
"13.04.2022","3,139","3,120","3,168","3,116","12,91M","0,71%"
"12.04.2022","3,117","3,150","3,182","3,110","18,42M","-2,01%"
"11.04.2022","3,181","3,262","3,274","3,181","26,05M","-1,67%"
"08.04.2022","3,235","3,180","3,247","3,173","11,02M","2,76%"
"07.04.2022","3,148","3,112","3,269","3,094","18,73M","2,21%"
"06.04.2022","3,080","3,150","3,213","3,067","19,93M","-2,25%"
"05.04.2022","3,151","3,140","3,180","3,116","15,02M","0,41%"
"04.04.2022","3,138","3,177","3,191","3,117","48,44M","-1,13%"
"01.04.2022","3,174","3,124","3,174","3,089","16,10M","3,15%"
"31.03.2022","3,077","3,155","3,186","3,077","16,89M","-2,13%"
"30.03.2022","3,144","3,132","3,154","3,110","11,81M","-0,60%"
"29.03.2022","3,163","3,078","3,164","3,035","16,58M","4,56%"
"28.03.2022","3,025","3,041","3,090","3,018","11,11M","-0,10%"
"25.03.2022","3,028","3,012","3,054","2,978","11,30M","0,26%"
"24.03.2022","3,020","3,040","3,060","2,994","17,63M","-1,31%"
"23.03.2022","3,060","3,179","3,186","3,051","17,38M","-3,74%"
"22.03.2022","3,179","3,137","3,200","3,125","14,85M","1,96%"
"21.03.2022","3,118","3,150","3,219","3,106","13,59M","-2,20%"
"18.03.2022","3,188","3,209","3,213","3,129","30,48M","-0,65%"
"17.03.2022","3,209","3,248","3,269","3,151","18,31M","-1,17%"
"16.03.2022","3,247","3,166","3,263","3,135","26,46M","4,95%"
"15.03.2022","3,094","2,980","3,100","2,980","20,19M","2,35%"
"14.03.2022","3,023","2,975","3,048","2,958","13,66M","3,14%"
"11.03.2022","2,931","2,900","3,058","2,870","29,64M","1,95%"
"10.03.2022","2,875","2,861","2,947","2,777","29,17M","1,30%"
"09.03.2022","2,838","2,796","2,840","2,726","41,60M","7,22%"
"08.03.2022","2,647","2,530","2,738","2,530","22,04M","3,97%"
"07.03.2022","2,546","2,564","2,595","2,447","29,90M","-3,63%"
"04.03.2022","2,642","2,779","2,784","2,642","22,62M","-5,30%"
"03.03.2022","2,790","2,885","2,900","2,765","19,63M","-2,82%"
"02.03.2022","2,871","2,773","2,898","2,732","22,18M","1,95%"
"01.03.2022","2,816","2,937","2,995","2,816","21,39M","-4,22%"
"28.02.2022","2,940","2,909","2,955","2,895","27,71M","-2,91%"
"25.02.2022","3,028","2,924","3,056","2,862","42,22M","3,84%"
"24.02.2022","2,916","2,855","3,009","2,855","39,81M","-5,60%"
"23.02.2022","3,089","3,186","3,198","3,081","19,45M","-2,92%"
"22.02.2022","3,182","3,100","3,217","3,069","22,69M","-0,13%"
"21.02.2022","3,186","3,259","3,281","3,178","16,56M","-1,55%"
"18.02.2022","3,236","3,237","3,285","3,228","25,61M","0,06%"
"17.02.2022","3,234","3,263","3,277","3,207","12,58M","-1,43%"
"16.02.2022","3,281","3,329","3,339","3,243","38,09M","-0,58%"
"15.02.2022","3,300","3,273","3,345","3,256","17,84M","0,27%"
"14.02.2022","3,291","3,226","3,334","3,200","34,30M","-2,81%"
"11.02.2022","3,386","3,365","3,412","3,336","19,28M","-0,32%"
"10.02.2022","3,397","3,380","3,429","3,344","33,51M","0,50%"
"09.02.2022","3,380","3,353","3,387","3,281","27,38M","0,90%"
"08.02.2022","3,350","3,238","3,399","3,236","37,00M","3,97%"
"07.02.2022","3,222","3,212","3,260","3,142","35,19M","0,31%"
"04.02.2022","3,212","3,100","3,247","3,079","48,66M","4,90%"
"03.02.2022","3,062","2,902","3,080","2,894","32,31M","5,48%"
"02.02.2022","2,903","2,918","2,929","2,851","16,16M","-0,10%"
"01.02.2022","2,906","2,880","2,906","2,849","18,06M","2,11%"
"31.01.2022","2,846","2,900","2,914","2,831","20,18M","-1,18%"
"28.01.2022","2,880","2,898","2,903","2,782","27,43M","0,38%"
"27.01.2022","2,869","2,780","2,923","2,778","25,53M","2,72%"
"26.01.2022","2,793","2,760","2,812","2,754","18,85M","1,56%"
"25.01.2022","2,750","2,704","2,757","2,683","14,21M","2,31%"
"24.01.2022","2,688","2,760","2,766","2,662","25,63M","-3,03%"
"21.01.2022","2,772","2,729","2,782","2,722","21,86M","0,29%"
"20.01.2022","2,764","2,765","2,779","2,730","17,84M","-0,47%"
"19.01.2022","2,777","2,817","2,862","2,766","22,49M","-1,84%"
"18.01.2022","2,829","2,901","2,926","2,828","22,27M","-2,78%"
"17.01.2022","2,910","2,860","2,916","2,856","20,75M","1,86%"
"14.01.2022","2,857","2,810","2,860","2,809","21,78M","1,20%"
"13.01.2022","2,823","2,782","2,829","2,778","15,68M","1,18%"
"12.01.2022","2,790","2,759","2,794","2,749","27,20M","1,45%"
"11.01.2022","2,750","2,666","2,760","2,661","28,09M","2,15%"
"10.01.2022","2,692","2,642","2,694","2,614","27,61M","2,36%"
"07.01.2022","2,630","2,565","2,635","2,562","27,22M","2,65%"
"06.01.2022","2,562","2,440","2,562","2,431","14,21M","4,27%"
"05.01.2022","2,457","2,463","2,479","2,450","11,59M","-0,36%"
"04.01.2022","2,466","2,417","2,479","2,412","12,61M","2,28%"
"03.01.2022","2,411","2,420","2,445","2,411","7,67M","-0,12%"
"30.12.2021","2,414","2,400","2,428","2,395","6,96M","0,58%"
"29.12.2021","2,400","2,400","2,414","2,378","6,97M","0,21%"
"28.12.2021","2,395","2,375","2,399","2,374","4,56M","1,05%"
"27.12.2021","2,370","2,340","2,382","2,340","5,81M","0,47%"
"23.12.2021","2,359","2,304","2,372","2,303","7,95M","2,61%"
"22.12.2021","2,299","2,277","2,306","2,273","6,32M","0,26%"
"21.12.2021","2,293","2,284","2,297","2,269","13,28M","2,09%"
"20.12.2021","2,246","2,235","2,280","2,217","9,39M","-1,62%"
"17.12.2021","2,283","2,291","2,307","2,259","17,49M","-1,17%"
"16.12.2021","2,310","2,322","2,354","2,303","10,80M","1,01%"
"15.12.2021","2,287","2,340","2,342","2,287","9,59M","-1,97%"
"14.12.2021","2,333","2,299","2,345","2,283","7,23M","2,10%"
"13.12.2021","2,285","2,300","2,339","2,275","8,35M","-0,48%"
"10.12.2021","2,296","2,309","2,327","2,292","8,92M","-1,25%"
"09.12.2021","2,325","2,343","2,362","2,325","5,80M","-1,19%"
"08.12.2021","2,353","2,352","2,398","2,334","17,24M","-0,51%"
"07.12.2021","2,365","2,374","2,376","2,328","11,27M","0,81%"
"06.12.2021","2,346","2,310","2,352","2,303","5,37M","2,09%"
"03.12.2021","2,298","2,336","2,338","2,278","9,09M","-1,03%"
"02.12.2021","2,322","2,290","2,328","2,276","11,80M","-0,04%"
"01.12.2021","2,323","2,280","2,345","2,279","13,12M","2,15%"
"30.11.2021","2,274","2,250","2,304","2,228","21,64M","-0,57%"
"29.11.2021","2,287","2,322","2,335","2,277","14,59M","0,09%"
"26.11.2021","2,285","2,323","2,342","2,276","17,48M","-4,99%"
"25.11.2021","2,405","2,411","2,425","2,384","9,23M","0,08%"
"24.11.2021","2,403","2,413","2,443","2,403","14,71M","-0,12%"
"23.11.2021","2,406","2,390","2,424","2,376","9,53M","0,42%"
"22.11.2021","2,396","2,378","2,409","2,362","11,84M","0,93%"
"19.11.2021","2,374","2,483","2,497","2,365","19,05M","-3,77%"
"18.11.2021","2,467","2,480","2,508","2,463","10,17M","-1,00%"
"17.11.2021","2,492","2,500","2,513","2,476","12,10M","-0,32%"
"16.11.2021","2,500","2,504","2,513","2,485","8,31M","-0,52%"
"15.11.2021","2,513","2,494","2,534","2,478","8,75M","0,36%"
"12.11.2021","2,504","2,500","2,516","2,490","7,52M","-0,20%"
"11.11.2021","2,509","2,517","2,537","2,499","8,76M","-0,59%"
"10.11.2021","2,524","2,500","2,530","2,495","10,65M","1,49%"
"09.11.2021","2,487","2,468","2,504","2,462","15,00M","0,61%"
"08.11.2021","2,472","2,491","2,499","2,467","8,81M","-1,36%"
"05.11.2021","2,506","2,460","2,527","2,460","10,45M","1,58%"
"04.11.2021","2,467","2,518","2,519","2,467","15,27M","-1,83%"
"03.11.2021","2,513","2,507","2,522","2,484","16,23M","0,36%"
"02.11.2021","2,504","2,474","2,519","2,462","11,51M","0,68%"
"01.11.2021","2,487","2,490","2,510","2,470","19,27M","0,08%"
"29.10.2021","2,485","2,497","2,570","2,457","24,87M","-4,24%"
"28.10.2021","2,595","2,536","2,603","2,511","16,91M","1,80%"
"27.10.2021","2,549","2,596","2,596","2,528","10,39M","-2,04%"
"26.10.2021","2,602","2,600","2,621","2,585","7,36M","-0,12%"
"25.10.2021","2,605","2,552","2,642","2,546","13,53M","2,52%"
"22.10.2021","2,541","2,550","2,566","2,500","9,01M","-0,35%"
"21.10.2021","2,550","2,617","2,617","2,546","14,11M","-2,86%"
"20.10.2021","2,625","2,636","2,661","2,612","7,97M","-0,68%"
"19.10.2021","2,643","2,626","2,661","2,615","6,96M","0,88%"
"18.10.2021","2,620","2,656","2,682","2,616","8,99M","-1,54%"
"15.10.2021","2,661","2,649","2,680","2,646","11,01M","1,26%"
"14.10.2021","2,628","2,644","2,671","2,600","11,65M","0,42%"
"13.10.2021","2,617","2,725","2,725","2,598","15,59M","-4,31%"
"12.10.2021","2,735","2,680","2,735","2,639","12,45M","1,03%"
"11.10.2021","2,707","2,712","2,748","2,694","9,44M","-0,51%"
"08.10.2021","2,721","2,728","2,764","2,709","8,17M","-0,44%"
"07.10.2021","2,733","2,708","2,761","2,692","12,50M","1,75%"
"06.10.2021","2,686","2,692","2,703","2,642","13,22M","-0,67%"
"05.10.2021","2,704","2,625","2,706","2,616","8,66M","3,52%"
"04.10.2021","2,612","2,635","2,655","2,586","10,38M","-0,87%"
"01.10.2021","2,635","2,646","2,658","2,610","10,65M","-1,83%"
"30.09.2021","2,684","2,720","2,726","2,668","11,17M","-0,81%"
"29.09.2021","2,706","2,665","2,709","2,649","9,46M","2,15%"
"28.09.2021","2,649","2,749","2,778","2,649","14,89M","-3,67%"
"27.09.2021","2,750","2,670","2,750","2,660","13,89M","3,81%"
"24.09.2021","2,649","2,611","2,658","2,611","7,04M","0,34%"
"23.09.2021","2,640","2,609","2,640","2,598","7,78M","1,97%"
"22.09.2021","2,589","2,534","2,593","2,524","10,37M","3,19%"
"21.09.2021","2,509","2,515","2,545","2,496","16,43M","1,09%"
"20.09.2021","2,482","2,550","2,550","2,463","13,09M","-4,10%"
"17.09.2021","2,588","2,598","2,627","2,569","25,97M","0,43%"
"16.09.2021","2,577","2,577","2,600","2,567","12,39M","0,43%"
"15.09.2021","2,566","2,584","2,614","2,552","14,95M","-1,00%"
"14.09.2021","2,592","2,635","2,645","2,588","5,65M","-1,89%"
"13.09.2021","2,642","2,598","2,642","2,576","6,27M","2,44%"
"10.09.2021","2,579","2,633","2,639","2,576","9,50M","-1,56%"
"09.09.2021","2,620","2,610","2,651","2,563","10,16M","-0,04%"
"08.09.2021","2,621","2,676","2,676","2,603","12,02M","-2,78%"
"07.09.2021","2,696","2,642","2,696","2,638","12,12M","1,93%"
"06.09.2021","2,645","2,656","2,665","2,635","3,88M","0,08%"
"03.09.2021","2,643","2,663","2,675","2,626","9,93M","-1,09%"
"02.09.2021","2,672","2,690","2,705","2,646","11,28M","-0,78%"
"01.09.2021","2,693","2,660","2,702","2,649","10,40M","2,32%"
"31.08.2021","2,632","2,632","2,636","2,593","10,88M","0,46%"
"30.08.2021","2,620","2,649","2,661","2,614","3,33M","-1,17%"
"27.08.2021","2,651","2,637","2,659","2,619","4,94M","0,42%"
"26.08.2021","2,640","2,650","2,672","2,628","5,35M","-0,71%"
"25.08.2021","2,659","2,610","2,663","2,603","6,95M","2,07%"
"24.08.2021","2,605","2,621","2,622","2,579","3,95M","-0,15%"
"23.08.2021","2,609","2,594","2,624","2,586","4,34M","1,48%"
"20.08.2021","2,571","2,565","2,579","2,530","7,57M","-0,08%"
"19.08.2021","2,573","2,570","2,611","2,557","6,49M","-2,02%"
"18.08.2021","2,626","2,569","2,630","2,568","5,91M","2,10%"
"17.08.2021","2,572","2,594","2,607","2,566","7,70M","-1,53%"
"16.08.2021","2,612","2,620","2,653","2,608","7,60M","-1,36%"
"13.08.2021","2,648","2,640","2,658","2,625","10,78M","0,46%"
"12.08.2021","2,636","2,650","2,658","2,630","6,73M","-0,57%"
"11.08.2021","2,651","2,650","2,659","2,627","6,05M","0,34%"
"10.08.2021","2,642","2,631","2,649","2,613","6,57M","0,19%"
"09.08.2021","2,637","2,637","2,651","2,613","6,84M","-0,30%"
"06.08.2021","2,645","2,561","2,651","2,547","13,27M","2,76%"
"05.08.2021","2,574","2,536","2,575","2,526","6,47M","0,70%"
"04.08.2021","2,556","2,570","2,573","2,515","6,96M","-0,20%"
"03.08.2021","2,561","2,539","2,597","2,522","11,08M","1,95%"
"02.08.2021","2,512","2,529","2,549","2,497","15,29M","0,28%"
"30.07.2021","2,505","2,632","2,633","2,463","17,42M","-4,13%"
"29.07.2021","2,613","2,560","2,653","2,560","14,05M","2,47%"
"28.07.2021","2,550","2,590","2,595","2,543","12,16M","-1,12%"
"27.07.2021","2,579","2,558","2,583","2,538","9,90M","-0,04%"
"26.07.2021","2,580","2,522","2,593","2,505","13,35M","1,98%"
"23.07.2021","2,530","2,500","2,554","2,491","8,85M","1,57%"
"22.07.2021","2,491","2,518","2,545","2,482","11,75M","-0,12%"
"21.07.2021","2,494","2,401","2,504","2,396","15,17M","4,18%"
"20.07.2021","2,394","2,394","2,417","2,353","11,63M","0,88%"
"19.07.2021","2,373","2,431","2,438","2,357","12,28M","-2,83%"
"16.07.2021","2,442","2,511","2,535","2,428","8,90M","-2,48%"
"15.07.2021","2,504","2,493","2,519","2,477","7,16M","0,32%"
"14.07.2021","2,496","2,516","2,540","2,496","11,95M","-0,48%"
"13.07.2021","2,508","2,571","2,584","2,494","9,68M","-2,45%"
"12.07.2021","2,571","2,566","2,577","2,515","5,61M","0,63%"
"09.07.2021","2,555","2,489","2,558","2,475","10,17M","3,15%"
"08.07.2021","2,477","2,497","2,497","2,458","9,65M","-1,78%"
"07.07.2021","2,522","2,529","2,562","2,490","12,27M","-0,16%"
"06.07.2021","2,526","2,598","2,600","2,512","11,49M","-3,07%"
"05.07.2021","2,606","2,566","2,611","2,551","6,68M","1,76%"
"02.07.2021","2,561","2,639","2,640","2,552","11,22M","-2,03%"
"01.07.2021","2,614","2,611","2,642","2,582","8,89M","0,77%"
"30.06.2021","2,594","2,600","2,616","2,557","9,79M","-0,46%"
"29.06.2021","2,606","2,585","2,638","2,584","6,71M","0,85%"
"28.06.2021","2,584","2,650","2,657","2,584","9,88M","-2,49%"
"25.06.2021","2,650","2,647","2,658","2,623","7,34M","0,57%"
"24.06.2021","2,635","2,624","2,654","2,600","6,25M","1,54%"
"23.06.2021","2,595","2,627","2,649","2,595","7,42M","-0,76%"
"22.06.2021","2,615","2,640","2,652","2,590","8,62M","0,00%"
"21.06.2021","2,615","2,580","2,624","2,541","17,56M","0,93%"
"18.06.2021","2,591","2,693","2,705","2,587","52,31M","-3,86%"
"17.06.2021","2,695","2,720","2,793","2,695","16,12M","-0,85%"
"16.06.2021","2,718","2,796","2,796","2,701","12,33M","-2,09%"
"15.06.2021","2,776","2,813","2,813","2,756","6,46M","-1,00%"
"14.06.2021","2,804","2,769","2,815","2,769","7,32M","1,26%"
"11.06.2021","2,769","2,770","2,773","2,745","6,22M","-0,54%"
"10.06.2021","2,784","2,790","2,831","2,771","6,99M","0,22%"
"09.06.2021","2,778","2,812","2,827","2,778","18,36M","-1,21%"
"08.06.2021","2,812","2,850","2,862","2,806","20,59M","-1,78%"
"07.06.2021","2,863","2,815","2,867","2,815","12,47M","1,52%"
"04.06.2021","2,820","2,866","2,869","2,816","11,53M","-1,54%"
"03.06.2021","2,864","2,856","2,876","2,850","7,36M","-0,24%"
"02.06.2021","2,871","2,853","2,877","2,836","16,56M","0,63%"
"01.06.2021","2,853","2,826","2,868","2,819","30,08M","1,67%"
"31.05.2021","2,806","2,849","2,849","2,806","6,42M","-1,23%"
"28.05.2021","2,841","2,850","2,853","2,810","15,16M","-0,28%"
"27.05.2021","2,849","2,780","2,849","2,775","30,10M","2,08%"
"26.05.2021","2,791","2,820","2,833","2,753","35,07M","-1,38%"
"25.05.2021","2,830","2,800","2,847","2,777","64,66M","1,58%"
"24.05.2021","2,786","2,833","2,845","2,767","72,44M","-1,45%"
"21.05.2021","2,827","2,770","2,835","2,763","13,87M","1,98%"
"20.05.2021","2,772","2,800","2,813","2,743","10,33M","-1,11%"
"19.05.2021","2,803","2,840","2,895","2,780","20,79M","-1,48%"
"18.05.2021","2,845","2,874","2,881","2,841","32,21M","-0,14%"
"17.05.2021","2,849","2,844","2,878","2,830","10,10M","0,21%"
"14.05.2021","2,843","2,815","2,846","2,802","10,62M","1,79%"
"13.05.2021","2,793","2,760","2,794","2,737","31,16M","0,07%"
"12.05.2021","2,791","2,751","2,815","2,741","35,58M","1,45%"
"11.05.2021","2,751","2,751","2,774","2,733","73,86M","-1,19%"
"10.05.2021","2,784","2,710","2,794","2,703","73,55M","3,42%"
"07.05.2021","2,692","2,676","2,698","2,650","35,41M","0,94%"
"06.05.2021","2,667","2,704","2,705","2,602","19,55M","-1,19%"
"05.05.2021","2,699","2,698","2,719","2,673","8,88M","1,05%"
"04.05.2021","2,671","2,677","2,740","2,668","11,73M","-0,48%"
"03.05.2021","2,684","2,666","2,702","2,657","9,34M","0,64%"
"30.04.2021","2,667","2,655","2,685","2,640","11,39M","0,38%"
"29.04.2021","2,657","2,629","2,686","2,603","15,70M","1,53%"
"28.04.2021","2,617","2,620","2,643","2,577","11,81M","0,42%"
"27.04.2021","2,606","2,560","2,617","2,527","11,77M","2,32%"
"26.04.2021","2,547","2,500","2,553","2,467","18,93M","2,08%"
"23.04.2021","2,495","2,520","2,536","2,478","11,24M","-1,58%"
"22.04.2021","2,535","2,546","2,562","2,503","9,21M","0,64%"
"21.04.2021","2,519","2,520","2,557","2,479","14,30M","0,80%"
"20.04.2021","2,499","2,599","2,599","2,492","11,53M","-3,66%"
"19.04.2021","2,594","2,545","2,605","2,520","12,29M","1,41%"
"16.04.2021","2,558","2,552","2,576","2,526","11,33M","0,91%"
"15.04.2021","2,535","2,589","2,597","2,535","8,63M","-2,05%"
"14.04.2021","2,588","2,557","2,588","2,542","7,41M","1,13%"
"13.04.2021","2,559","2,606","2,619","2,538","17,48M","-1,61%"
"12.04.2021","2,601","2,583","2,627","2,555","7,11M","0,54%"
"09.04.2021","2,587","2,591","2,598","2,556","8,08M","0,31%"
"08.04.2021","2,579","2,629","2,636","2,545","11,86M","-1,45%"
"07.04.2021","2,617","2,615","2,624","2,583","12,53M","0,73%"
"06.04.2021","2,598","2,620","2,639","2,581","14,83M","-0,08%"
"01.04.2021","2,600","2,600","2,602","2,562","36,65M","-1,48%"
"31.03.2021","2,639","2,685","2,700","2,639","90,83M","-1,75%"
"30.03.2021","2,686","2,626","2,700","2,606","14,17M","3,71%"
"29.03.2021","2,590","2,600","2,656","2,563","23,69M","-0,80%"
"26.03.2021","2,611","2,585","2,637","2,544","50,73M","2,47%"
"25.03.2021","2,548","2,600","2,600","2,504","12,95M","-2,15%"
"24.03.2021","2,604","2,542","2,604","2,487","14,79M","1,88%"
"23.03.2021","2,556","2,523","2,578","2,497","7,61M","1,43%"
"22.03.2021","2,520","2,536","2,560","2,510","7,28M","-2,06%"
"19.03.2021","2,573","2,610","2,643","2,554","17,53M","-3,05%"
"18.03.2021","2,654","2,600","2,677","2,600","13,53M","3,11%"
"17.03.2021","2,574","2,563","2,623","2,549","13,57M","0,47%"
"16.03.2021","2,562","2,516","2,563","2,511","18,79M","2,36%"
"15.03.2021","2,503","2,516","2,561","2,478","13,99M","-0,20%"
"12.03.2021","2,508","2,450","2,512","2,424","10,76M","2,33%"
"11.03.2021","2,451","2,515","2,518","2,395","17,34M","-2,00%"
"10.03.2021","2,501","2,490","2,544","2,466","13,22M","0,44%"
"09.03.2021","2,490","2,545","2,557","2,436","14,48M","-1,97%"
"08.03.2021","2,540","2,500","2,553","2,499","11,57M","2,71%"
"05.03.2021","2,473","2,495","2,544","2,447","13,51M","-0,80%"
"04.03.2021","2,493","2,490","2,525","2,478","8,61M","-0,91%"
"03.03.2021","2,516","2,510","2,552","2,478","10,36M","0,48%"
"02.03.2021","2,504","2,434","2,533","2,432","11,87M","2,83%"
"01.03.2021","2,435","2,432","2,459","2,419","8,77M","1,16%"
"26.02.2021","2,407","2,440","2,473","2,392","16,48M","-3,26%"
"25.02.2021","2,488","2,436","2,530","2,431","14,58M","3,02%"
"24.02.2021","2,415","2,393","2,429","2,393","7,80M","0,42%"
"23.02.2021","2,405","2,348","2,412","2,342","12,33M","2,78%"
"22.02.2021","2,340","2,350","2,358","2,315","7,91M","-0,43%"
"19.02.2021","2,350","2,330","2,357","2,315","11,84M","1,60%"
"18.02.2021","2,313","2,333","2,357","2,297","10,74M","-1,03%"
"17.02.2021","2,337","2,322","2,355","2,310","10,74M","0,82%"
"16.02.2021","2,318","2,310","2,325","2,278","7,98M","0,43%"
"15.02.2021","2,308","2,285","2,309","2,271","9,82M","2,44%"
"12.02.2021","2,253","2,230","2,253","2,195","12,02M","0,90%"
"11.02.2021","2,233","2,216","2,242","2,207","7,36M","-0,09%"
"10.02.2021","2,235","2,217","2,246","2,202","12,55M","1,45%"
"09.02.2021","2,203","2,214","2,217","2,175","14,14M","-0,68%"
"08.02.2021","2,218","2,228","2,245","2,202","10,05M","1,19%"
"05.02.2021","2,192","2,182","2,219","2,163","14,64M","0,60%"
"04.02.2021","2,179","2,140","2,183","2,126","13,15M","2,01%"
"03.02.2021","2,136","2,176","2,183","2,124","11,89M","0,47%"
"02.02.2021","2,126","2,082","2,126","2,041","16,27M","3,20%"
"01.02.2021","2,060","2,129","2,130","2,046","14,88M","-1,29%"
"29.01.2021","2,087","2,050","2,115","2,023","21,71M","3,16%"
"28.01.2021","2,023","1,947","2,030","1,942","14,89M","3,88%"
"27.01.2021","1,947","2,000","2,017","1,929","10,86M","-3,21%"
"26.01.2021","2,012","1,995","2,032","1,993","8,67M","1,08%"
"25.01.2021","1,990","2,065","2,087","1,985","11,67M","-3,00%"
"22.01.2021","2,052","2,110","2,128","2,052","27,50M","-3,93%"
"21.01.2021","2,136","2,149","2,178","2,123","12,19M","0,05%"
"20.01.2021","2,135","2,184","2,202","2,114","14,85M","-2,73%"
"19.01.2021","2,195","2,255","2,276","2,181","17,03M","-1,48%"
"18.01.2021","2,228","2,217","2,237","2,209","7,61M","0,22%"
"15.01.2021","2,223","2,327","2,341","2,207","15,52M","-4,80%"
"14.01.2021","2,335","2,348","2,360","2,327","21,28M","-0,34%"
"13.01.2021","2,343","2,350","2,366","2,339","9,57M","-0,80%"
"12.01.2021","2,362","2,315","2,381","2,313","12,39M","2,87%"
"11.01.2021","2,296","2,321","2,357","2,282","14,13M","-1,92%"
"08.01.2021","2,341","2,369","2,369","2,319","13,93M","0,04%"
"07.01.2021","2,340","2,270","2,360","2,224","21,96M","3,77%"
"06.01.2021","2,255","2,164","2,286","2,157","13,66M","5,67%"
"05.01.2021","2,134","2,117","2,148","2,105","6,44M","0,23%"
"04.01.2021","2,129","2,120","2,147","2,090","8,33M","1,33%"
"31.12.2020","2,101","2,130","2,136","2,101","3,70M","-1,50%"
"30.12.2020","2,133","2,148","2,162","2,133","5,13M","-0,51%"
"29.12.2020","2,144","2,157","2,169","2,130","5,29M","-0,42%"
"28.12.2020","2,153","2,158","2,179","2,126","4,94M","0,65%"
"24.12.2020","2,139","2,192","2,192","2,139","2,64M","-1,43%"
"23.12.2020","2,170","2,139","2,170","2,107","23,32M","1,88%"
"22.12.2020","2,130","2,123","2,145","2,109","8,22M","0,66%"
"21.12.2020","2,116","2,110","2,150","2,064","17,11M","-3,77%"
"18.12.2020","2,199","2,239","2,248","2,199","25,75M","-2,09%"
"17.12.2020","2,246","2,291","2,292","2,245","12,29M","-1,23%"
"16.12.2020","2,274","2,295","2,334","2,247","13,50M","-1,34%"
"15.12.2020","2,305","2,233","2,312","2,214","14,92M","3,36%"
"14.12.2020","2,230","2,238","2,285","2,226","11,97M","1,46%"
"11.12.2020","2,198","2,236","2,245","2,171","10,21M","-1,79%"
"10.12.2020","2,238","2,288","2,316","2,228","10,75M","-2,27%"
"09.12.2020","2,290","2,269","2,300","2,264","13,83M","1,64%"
"08.12.2020","2,253","2,250","2,287","2,238","11,85M","0,22%"
"07.12.2020","2,248","2,238","2,274","2,222","13,97M","-0,27%"
"04.12.2020","2,254","2,237","2,282","2,218","16,04M","0,71%"
"03.12.2020","2,238","2,228","2,240","2,198","14,29M","-0,09%"
"02.12.2020","2,240","2,161","2,241","2,157","20,33M","3,32%"
"01.12.2020","2,168","2,147","2,186","2,133","16,23M","0,98%"
"30.11.2020","2,147","2,180","2,180","2,121","26,78M","-2,54%"
"27.11.2020","2,203","2,183","2,216","2,178","12,47M","0,32%"
"26.11.2020","2,196","2,241","2,246","2,184","11,15M","-2,14%"
"25.11.2020","2,244","2,297","2,311","2,197","23,10M","-1,75%"
"24.11.2020","2,284","2,220","2,284","2,204","18,29M","3,16%"
"23.11.2020","2,214","2,210","2,221","2,185","15,43M","1,19%"
"20.11.2020","2,188","2,192","2,203","2,176","11,99M","-0,05%"
"19.11.2020","2,189","2,189","2,223","2,167","14,94M","-1,88%"
"18.11.2020","2,231","2,180","2,237","2,165","16,74M","2,01%"
"17.11.2020","2,187","2,169","2,187","2,136","18,45M","0,83%"
"16.11.2020","2,169","2,100","2,174","2,053","30,55M","6,12%"
"13.11.2020","2,044","1,990","2,056","1,982","16,00M","1,64%"
"12.11.2020","2,011","2,000","2,042","1,985","15,76M","-1,13%"
"11.11.2020","2,034","2,036","2,079","1,993","20,79M","-0,10%"
"10.11.2020","2,036","1,850","2,058","1,838","45,05M","10,05%"
"09.11.2020","1,850","1,638","1,863","1,608","37,77M","14,98%"
"06.11.2020","1,609","1,635","1,664","1,597","11,30M","-1,47%"
"05.11.2020","1,633","1,605","1,652","1,560","20,91M","2,61%"
"04.11.2020","1,592","1,579","1,628","1,568","12,38M","-2,66%"
"03.11.2020","1,635","1,625","1,645","1,597","16,66M","1,49%"
"02.11.2020","1,611","1,576","1,611","1,543","14,23M","3,14%"
"30.10.2020","1,562","1,574","1,582","1,518","19,62M","-0,76%"
"29.10.2020","1,574","1,576","1,604","1,548","13,15M","0,16%"
"28.10.2020","1,571","1,602","1,617","1,559","17,34M","-2,99%"
"27.10.2020","1,620","1,702","1,722","1,616","14,73M","-3,89%"
"26.10.2020","1,686","1,669","1,724","1,663","10,19M","-1,83%"
"23.10.2020","1,717","1,700","1,726","1,690","11,90M","1,57%"
"22.10.2020","1,691","1,665","1,702","1,638","15,18M","0,54%"
"21.10.2020","1,681","1,720","1,726","1,660","17,89M","-1,18%"
"20.10.2020","1,702","1,680","1,737","1,680","14,46M","-0,50%"
"19.10.2020","1,710","1,676","1,717","1,661","14,84M","2,15%"
"16.10.2020","1,674","1,672","1,684","1,618","16,50M","0,57%"
"15.10.2020","1,664","1,640","1,676","1,610","18,90M","0,30%"
"14.10.2020","1,660","1,645","1,678","1,628","14,33M","2,12%"
"13.10.2020","1,625","1,707","1,707","1,622","13,47M","-4,86%"
"12.10.2020","1,708","1,745","1,751","1,697","10,65M","-2,26%"
"09.10.2020","1,747","1,793","1,799","1,740","10,90M","-2,16%"
"08.10.2020","1,786","1,765","1,803","1,756","8,52M","1,82%"
"07.10.2020","1,754","1,762","1,791","1,747","11,01M","-1,32%"
"06.10.2020","1,778","1,723","1,804","1,704","14,53M","3,58%"
"05.10.2020","1,716","1,744","1,757","1,699","14,72M","-0,38%"
"02.10.2020","1,722","1,718","1,743","1,696","18,75M","-1,01%"
"01.10.2020","1,740","1,837","1,839","1,738","19,18M","-4,03%"
"30.09.2020","1,813","1,792","1,857","1,756","20,78M","-0,25%"
"29.09.2020","1,817","1,875","1,875","1,810","12,27M","-4,09%"
"28.09.2020","1,895","1,886","1,895","1,842","26,02M","2,18%"
"25.09.2020","1,855","1,936","1,957","1,846","14,08M","-3,54%"
"24.09.2020","1,923","1,870","1,959","1,852","18,02M","1,61%"
"23.09.2020","1,892","1,968","1,980","1,892","21,68M","-2,95%"
"22.09.2020","1,949","1,966","1,982","1,938","15,28M","-0,03%"
"21.09.2020","1,950","1,987","1,988","1,912","22,73M","-3,47%"
"18.09.2020","2,020","2,072","2,094","1,982","58,30M","-2,18%"
"17.09.2020","2,065","2,050","2,072","2,014","17,82M","1,08%"
"16.09.2020","2,043","2,012","2,043","1,988","12,63M","1,29%"
"15.09.2020","2,017","2,012","2,044","1,986","15,28M","-0,10%"
"14.09.2020","2,019","2,029","2,030","1,986","7,76M","0,45%"
"11.09.2020","2,010","2,038","2,058","2,006","10,55M","-1,47%"
"10.09.2020","2,040","2,054","2,075","2,025","11,08M","-0,73%"
"09.09.2020","2,055","1,954","2,065","1,954","24,43M","5,09%"
"08.09.2020","1,956","2,007","2,028","1,945","12,91M","-2,66%"
"07.09.2020","2,009","2,092","2,119","1,987","19,51M","-1,52%"
"04.09.2020","2,040","1,906","2,090","1,890","53,19M","12,37%"
"03.09.2020","1,816","1,811","1,847","1,794","16,61M","2,22%"
"02.09.2020","1,776","1,830","1,844","1,775","12,83M","-2,76%"
"01.09.2020","1,827","1,882","1,882","1,806","17,10M","-0,84%"
"31.08.2020","1,842","1,910","1,931","1,842","11,02M","-3,03%"
"28.08.2020","1,900","1,870","1,901","1,850","9,54M","2,51%"
"27.08.2020","1,853","1,888","1,893","1,834","11,89M","-1,83%"
"26.08.2020","1,888","1,900","1,931","1,874","6,71M","-0,92%"
"25.08.2020","1,905","1,957","1,979","1,900","11,40M","-1,47%"
"24.08.2020","1,934","1,923","1,939","1,895","7,84M","1,36%"
"21.08.2020","1,908","1,953","1,957","1,893","9,57M","-1,68%"
"20.08.2020","1,940","1,950","1,962","1,926","8,19M","-2,24%"
"19.08.2020","1,985","1,943","1,988","1,933","5,54M","1,77%"
"18.08.2020","1,950","1,945","1,982","1,932","6,57M","-0,20%"
"17.08.2020","1,954","2,005","2,024","1,954","9,58M","-2,83%"
"14.08.2020","2,011","2,016","2,017","1,948","8,73M","-0,15%"
"13.08.2020","2,014","2,040","2,069","2,011","8,17M","-2,19%"
"12.08.2020","2,059","2,075","2,113","2,052","11,51M","-0,72%"
"11.08.2020","2,074","2,020","2,089","2,020","12,88M","3,34%"
"10.08.2020","2,007","1,957","2,010","1,954","9,37M","4,53%"
"07.08.2020","1,920","1,895","1,921","1,890","8,29M","0,52%"
"06.08.2020","1,910","1,939","1,962","1,885","11,29M","-1,77%"
"05.08.2020","1,944","1,984","2,005","1,938","10,53M","-1,42%"
"04.08.2020","1,972","1,930","1,977","1,919","27,66M","3,54%"
"03.08.2020","1,905","1,819","1,913","1,810","15,10M","4,67%"
"31.07.2020","1,820","1,906","1,945","1,811","16,51M","-5,21%"
"30.07.2020","1,920","2,011","2,013","1,841","25,12M","-4,24%"
"29.07.2020","2,005","2,059","2,068","1,991","10,60M","-2,24%"
"28.07.2020","2,051","2,021","2,068","2,016","16,19M","1,48%"
"27.07.2020","2,021","2,095","2,100","2,009","16,01M","-4,08%"
"24.07.2020","2,107","2,080","2,135","2,077","11,50M","0,24%"
"23.07.2020","2,102","2,129","2,130","2,081","25,06M","-0,76%"
"22.07.2020","2,118","2,110","2,131","2,101","10,11M","0,47%"
"21.07.2020","2,108","2,146","2,205","2,103","19,59M","0,00%"
"20.07.2020","2,108","2,080","2,109","2,052","10,24M","1,05%"
"17.07.2020","2,086","2,070","2,097","2,047","14,87M","0,29%"
"16.07.2020","2,080","2,078","2,102","2,061","23,60M","-0,34%"
"15.07.2020","2,087","2,080","2,112","2,042","20,44M","1,16%"
"14.07.2020","2,063","2,028","2,069","2,014","11,66M","0,83%"
"13.07.2020","2,046","2,034","2,062","2,010","10,85M","2,61%"
"10.07.2020","1,994","1,938","2,004","1,934","8,20M","2,18%"
"09.07.2020","1,952","1,990","2,008","1,948","8,16M","-1,21%"
"08.07.2020","1,975","1,994","2,013","1,964","9,86M","-1,96%"
"07.07.2020","2,015","2,040","2,060","2,015","10,99M","-3,03%"
"06.07.2020","2,078","2,030","2,091","2,023","17,77M","6,07%"
"03.07.2020","1,959","1,990","1,991","1,949","12,79M","-1,58%"
"02.07.2020","1,990","1,913","2,005","1,911","15,66M","5,93%"
"01.07.2020","1,879","1,901","1,920","1,866","8,68M","-1,13%"
"30.06.2020","1,901","1,920","1,938","1,867","10,92M","-0,86%"
"29.06.2020","1,917","1,850","1,938","1,830","11,06M","3,85%"
"26.06.2020","1,846","1,904","1,910","1,846","13,58M","-2,20%"
"25.06.2020","1,888","1,836","1,890","1,812","15,13M","1,78%"
"24.06.2020","1,855","1,934","1,950","1,855","10,37M","-3,91%"
"23.06.2020","1,930","1,922","1,972","1,898","20,12M","2,01%"
"22.06.2020","1,892","1,898","1,929","1,880","10,47M","-1,28%"
"19.06.2020","1,916","1,960","1,964","1,890","38,92M","-0,93%"
"18.06.2020","1,934","1,947","1,982","1,900","19,04M","-0,79%"
"17.06.2020","1,950","1,952","1,994","1,933","15,39M","-0,10%"
"16.06.2020","1,952","1,967","1,982","1,904","20,32M","3,61%"
"15.06.2020","1,884","1,775","1,910","1,759","19,26M","1,37%"
"12.06.2020","1,859","1,832","1,923","1,824","18,81M","-0,27%"
"11.06.2020","1,863","1,860","1,910","1,830","61,90M","-4,02%"
"10.06.2020","1,941","1,985","2,017","1,931","16,28M","-0,94%"
"09.06.2020","1,960","2,023","2,048","1,924","27,40M","-4,62%"
"08.06.2020","2,055","2,032","2,112","2,010","30,95M","0,24%"
"05.06.2020","2,050","1,960","2,050","1,950","30,49M","7,56%"
"04.06.2020","1,906","1,890","1,944","1,852","33,71M","-0,50%"
"03.06.2020","1,916","1,844","1,916","1,834","25,28M","5,68%"
"02.06.2020","1,813","1,742","1,839","1,734","24,54M","4,11%"
"01.06.2020","1,741","1,724","1,748","1,688","14,08M","3,66%"
"29.05.2020","1,679","1,728","1,758","1,663","26,84M","-4,92%"
"28.05.2020","1,766","1,828","1,832","1,734","19,09M","-1,31%"
"27.05.2020","1,790","1,735","1,810","1,731","35,94M","4,22%"
"26.05.2020","1,717","1,616","1,727","1,605","31,63M","8,02%"
"25.05.2020","1,590","1,579","1,594","1,562","7,66M","2,09%"
"22.05.2020","1,558","1,526","1,607","1,513","19,15M","0,52%"
"21.05.2020","1,549","1,540","1,587","1,528","12,97M","-0,64%"
"20.05.2020","1,559","1,543","1,567","1,500","19,07M","0,71%"
"19.05.2020","1,548","1,645","1,652","1,523","23,94M","-4,18%"
"18.05.2020","1,616","1,551","1,619","1,544","11,73M","6,18%"
"15.05.2020","1,522","1,586","1,594","1,516","18,29M","-2,81%"
"14.05.2020","1,566","1,551","1,586","1,520","15,33M","0,71%"
"13.05.2020","1,555","1,617","1,617","1,555","21,93M","-4,54%"
"12.05.2020","1,629","1,640","1,670","1,629","10,87M","-1,57%"
"11.05.2020","1,655","1,670","1,684","1,617","9,44M","0,30%"
"08.05.2020","1,650","1,645","1,659","1,621","7,54M","0,52%"
"07.05.2020","1,641","1,580","1,641","1,561","11,62M","4,02%"
"06.05.2020","1,578","1,596","1,634","1,562","34,61M","-1,13%"
"05.05.2020","1,596","1,630","1,648","1,585","10,36M","0,06%"
"04.05.2020","1,595","1,604","1,625","1,575","15,35M","-2,80%"
"30.04.2020","1,641","1,679","1,750","1,628","32,55M","-4,12%"
"29.04.2020","1,712","1,597","1,712","1,582","22,20M","8,46%"
"28.04.2020","1,578","1,536","1,600","1,520","19,65M","2,87%"
"27.04.2020","1,534","1,609","1,609","1,530","23,39M","-0,29%"
"24.04.2020","1,538","1,548","1,589","1,521","12,25M","-3,06%"
"23.04.2020","1,587","1,550","1,616","1,541","14,93M","3,49%"
"22.04.2020","1,533","1,561","1,566","1,510","50,75M","-1,06%"
"21.04.2020","1,550","1,580","1,599","1,550","97,88M","-3,13%"
"20.04.2020","1,600","1,615","1,619","1,566","76,25M","-0,47%"
"17.04.2020","1,607","1,645","1,648","1,592","51,17M","1,10%"
"16.04.2020","1,590","1,643","1,645","1,556","44,64M","-0,66%"
"15.04.2020","1,600","1,689","1,693","1,600","55,61M","-5,24%"
"14.04.2020","1,689","1,775","1,775","1,678","21,21M","-3,15%"
"09.04.2020","1,744","1,750","1,778","1,714","17,35M","-1,61%"
"08.04.2020","1,773","1,740","1,794","1,702","29,95M","1,72%"
"07.04.2020","1,742","1,768","1,829","1,691","105,86M","1,90%"
"06.04.2020","1,710","1,720","1,731","1,670","112,94M","5,59%"
"03.04.2020","1,620","1,640","1,648","1,601","47,80M","-0,95%"
"02.04.2020","1,635","1,672","1,713","1,602","45,05M","-2,10%"
"01.04.2020","1,670","1,650","1,687","1,631","45,58M","-1,76%"
"31.03.2020","1,700","1,712","1,719","1,663","17,55M","1,71%"
"30.03.2020","1,671","1,730","1,734","1,641","47,38M","-4,97%"
"27.03.2020","1,759","1,814","1,840","1,739","15,57M","-5,89%"
"26.03.2020","1,869","1,738","1,869","1,711","19,63M","4,15%"
"25.03.2020","1,794","1,766","1,825","1,710","20,50M","5,31%"
"24.03.2020","1,704","1,695","1,704","1,628","24,23M","6,23%"
"23.03.2020","1,604","1,625","1,704","1,592","23,53M","-4,78%"
"20.03.2020","1,684","1,839","1,897","1,657","32,84M","-5,47%"
"19.03.2020","1,782","1,719","1,822","1,689","22,25M","8,00%"
"18.03.2020","1,650","1,670","1,740","1,610","24,90M","-1,79%"
"17.03.2020","1,680","1,740","1,750","1,600","33,71M","5,00%"
"16.03.2020","1,600","1,730","1,740","1,560","54,86M","-11,60%"
"13.03.2020","1,810","2,050","2,050","1,760","35,92M","3,43%"
"12.03.2020","1,750","2,000","2,020","1,740","73,65M","-15,87%"
"11.03.2020","2,080","2,020","2,130","2,020","35,85M","4,52%"
"10.03.2020","1,990","2,040","2,130","1,960","41,81M","-0,50%"
"09.03.2020","2,000","2,100","2,110","1,970","45,52M","-8,26%"
"06.03.2020","2,180","2,190","2,210","2,140","45,15M","-2,68%"
"05.03.2020","2,240","2,360","2,360","2,210","56,97M","-3,86%"
"04.03.2020","2,330","2,420","2,460","2,300","37,59M","-3,72%"
"03.03.2020","2,420","2,360","2,510","2,340","51,89M","3,86%"
"02.03.2020","2,330","2,360","2,370","2,240","27,85M","0,43%"
"28.02.2020","2,320","2,360","2,380","2,270","35,12M","-4,53%"
"27.02.2020","2,430","2,480","2,500","2,400","16,46M","-3,57%"
"26.02.2020","2,520","2,530","2,550","2,470","21,13M","-0,40%"
"25.02.2020","2,530","2,620","2,620","2,530","22,18M","-3,44%"
"24.02.2020","2,620","2,640","2,660","2,580","25,03M","-2,96%"
"21.02.2020","2,700","2,680","2,710","2,670","18,54M","0,00%"
"20.02.2020","2,700","2,750","2,770","2,700","15,99M","-1,82%"
"19.02.2020","2,750","2,760","2,770","2,730","13,45M","0,73%"
"18.02.2020","2,730","2,810","2,840","2,730","16,63M","-2,85%"
"17.02.2020","2,810","2,820","2,830","2,800","9,91M","0,00%"
"14.02.2020","2,810","2,870","2,880","2,800","18,12M","-2,09%"
"13.02.2020","2,870","2,850","2,870","2,800","13,25M","-0,35%"
"12.02.2020","2,880","2,780","2,900","2,780","20,21M","4,35%"
"11.02.2020","2,760","2,940","2,940","2,760","32,54M","-5,15%"
"10.02.2020","2,910","2,900","2,920","2,880","18,44M","0,00%"
"07.02.2020","2,910","2,860","2,910","2,850","21,00M","1,04%"
"06.02.2020","2,880","2,820","2,890","2,800","28,08M","2,86%"
"05.02.2020","2,800","2,670","2,800","2,660","48,20M","4,87%"
"04.02.2020","2,670","2,690","2,710","2,660","12,22M","0,38%"
"03.02.2020","2,660","2,670","2,700","2,640","9,39M","0,76%"
"31.01.2020","2,640","2,680","2,770","2,620","20,55M","0,00%"
"30.01.2020","2,640","2,590","2,660","2,580","17,81M","1,15%"
"29.01.2020","2,610","2,620","2,650","2,610","12,84M","-0,38%"
"28.01.2020","2,620","2,630","2,650","2,590","13,89M","0,38%"
"27.01.2020","2,610","2,620","2,650","2,600","14,24M","-1,51%"
"24.01.2020","2,650","2,700","2,730","2,650","31,47M","-0,75%"
"23.01.2020","2,670","2,700","2,760","2,650","14,02M","-1,11%"
"22.01.2020","2,700","2,720","2,740","2,690","11,34M","-0,37%"
"21.01.2020","2,710","2,760","2,790","2,710","25,94M","-3,21%"
"20.01.2020","2,800","2,770","2,810","2,740","9,92M","1,08%"
"17.01.2020","2,770","2,750","2,800","2,750","10,82M","1,09%"
"16.01.2020","2,740","2,710","2,750","2,690","9,73M","1,11%"
"15.01.2020","2,710","2,740","2,750","2,710","10,48M","-1,09%"
"14.01.2020","2,740","2,790","2,790","2,710","15,81M","-1,44%"
"13.01.2020","2,780","2,780","2,790","2,740","12,95M","0,00%"
"10.01.2020","2,780","2,890","2,890","2,770","13,86M","-2,46%"
"09.01.2020","2,850","2,910","2,920","2,850","12,86M","-1,38%"
"08.01.2020","2,890","2,860","2,900","2,850","11,09M","0,35%"
"07.01.2020","2,880","2,870","2,900","2,850","11,09M","0,70%"
"06.01.2020","2,860","2,850","2,870","2,810","9,50M","-0,35%"
"03.01.2020","2,870","2,860","2,880","2,850","12,77M","-1,03%"
"02.01.2020","2,900","2,840","2,900","2,820","13,22M","3,57%"
"31.12.2019","2,800","2,790","2,800","2,760","8,84M","0,00%"
"30.12.2019","2,800","2,820","2,830","2,800","17,97M","-0,71%"
"27.12.2019","2,820","2,830","2,870","2,820","7,22M","-0,35%"
"24.12.2019","2,830","2,830","2,840","2,820","2,69M","0,00%"
"23.12.2019","2,830","2,850","2,870","2,820","7,97M","-1,39%"
"20.12.2019","2,870","2,850","2,870","2,830","25,42M","0,35%"
"19.12.2019","2,860","2,810","2,860","2,810","23,07M","1,42%"
"18.12.2019","2,820","2,770","2,820","2,770","14,05M","1,81%"
"17.12.2019","2,770","2,780","2,790","2,750","8,98M","-0,72%"
"16.12.2019","2,790","2,770","2,810","2,760","11,34M","1,45%"
"13.12.2019","2,750","2,830","2,880","2,750","20,74M","-0,72%"
"12.12.2019","2,770","2,660","2,780","2,650","21,75M","4,53%"
"11.12.2019","2,650","2,650","2,680","2,650","13,49M","-0,75%"
"10.12.2019","2,670","2,720","2,720","2,660","16,08M","-1,84%"
"09.12.2019","2,720","2,730","2,760","2,720","8,28M","-1,09%"
"06.12.2019","2,750","2,740","2,770","2,710","10,94M","1,10%"
"05.12.2019","2,720","2,730","2,770","2,720","12,92M","-0,37%"
"04.12.2019","2,730","2,650","2,730","2,650","13,04M","3,02%"
"03.12.2019","2,650","2,680","2,690","2,630","12,12M","-0,38%"
"02.12.2019","2,660","2,690","2,760","2,660","16,56M","-0,75%"
"29.11.2019","2,680","2,680","2,700","2,660","10,83M","0,00%"
"28.11.2019","2,680","2,710","2,720","2,680","6,35M","-1,47%"
"27.11.2019","2,720","2,690","2,720","2,670","10,52M","1,87%"
"26.11.2019","2,670","2,690","2,690","2,650","15,04M","-0,37%"
"25.11.2019","2,680","2,710","2,720","2,670","10,66M","-0,37%"
"22.11.2019","2,690","2,680","2,710","2,670","16,40M","0,75%"
"21.11.2019","2,670","2,620","2,670","2,620","9,47M","0,75%"
"20.11.2019","2,650","2,650","2,650","2,610","8,72M","-0,38%"
"19.11.2019","2,660","2,660","2,700","2,650","11,72M","0,76%"
"18.11.2019","2,640","2,640","2,670","2,610","11,85M","0,38%"
"15.11.2019","2,630","2,620","2,650","2,590","13,03M","1,54%"
"14.11.2019","2,590","2,600","2,620","2,560","23,71M","0,00%"
"13.11.2019","2,590","2,630","2,630","2,550","24,90M","-2,26%"
"12.11.2019","2,650","2,780","2,800","2,640","27,17M","-3,99%"
"11.11.2019","2,760","2,770","2,790","2,730","22,75M","-1,08%"
"08.11.2019","2,790","2,780","2,810","2,740","16,33M","-0,36%"
"07.11.2019","2,800","2,740","2,810","2,740","20,21M","2,56%"
"06.11.2019","2,730","2,780","2,810","2,710","16,87M","-1,44%"
"05.11.2019","2,770","2,700","2,790","2,690","24,68M","2,97%"
"04.11.2019","2,690","2,660","2,700","2,650","15,80M","1,51%"
"01.11.2019","2,650","2,570","2,670","2,570","19,23M","3,52%"
"31.10.2019","2,560","2,560","2,570","2,480","20,28M","2,40%"
"30.10.2019","2,500","2,530","2,550","2,470","12,12M","-1,19%"
"29.10.2019","2,530","2,550","2,550","2,500","12,77M","-0,39%"
"28.10.2019","2,540","2,560","2,570","2,530","13,14M","-0,39%"
"25.10.2019","2,550","2,540","2,570","2,530","11,54M","0,39%"
"24.10.2019","2,540","2,600","2,610","2,530","13,37M","-1,93%"
"23.10.2019","2,590","2,560","2,600","2,540","17,53M","1,17%"
"22.10.2019","2,560","2,650","2,670","2,560","20,62M","-3,40%"
"21.10.2019","2,650","2,590","2,670","2,580","17,88M","3,52%"
"18.10.2019","2,560","2,560","2,600","2,540","22,85M","-0,78%"
"17.10.2019","2,580","2,600","2,670","2,570","19,53M","-1,53%"
"16.10.2019","2,620","2,560","2,640","2,530","25,70M","1,55%"
"15.10.2019","2,580","2,540","2,580","2,510","17,65M","2,38%"
"14.10.2019","2,520","2,500","2,520","2,460","17,47M","-0,40%"
"11.10.2019","2,530","2,410","2,530","2,410","28,67M","5,42%"
"10.10.2019","2,400","2,300","2,410","2,300","15,07M","4,35%"
"09.10.2019","2,300","2,290","2,320","2,280","8,99M","0,44%"
"08.10.2019","2,290","2,350","2,360","2,260","10,46M","-1,72%"
"07.10.2019","2,330","2,290","2,330","2,260","12,93M","1,75%"
"04.10.2019","2,290","2,310","2,310","2,270","12,82M","-0,43%"
"03.10.2019","2,300","2,290","2,310","2,260","14,45M","0,00%"
"02.10.2019","2,300","2,350","2,380","2,300","16,10M","-2,95%"
"01.10.2019","2,370","2,430","2,450","2,370","17,51M","-1,66%"
"30.09.2019","2,410","2,410","2,440","2,400","16,08M","0,42%"
"27.09.2019","2,400","2,370","2,420","2,350","13,39M","1,27%"
"26.09.2019","2,370","2,360","2,370","2,330","15,95M","0,00%"
"25.09.2019","2,370","2,330","2,370","2,290","16,61M","0,85%"
"24.09.2019","2,350","2,350","2,390","2,340","13,06M","0,00%"
"23.09.2019","2,350","2,380","2,390","2,320","15,17M","-2,08%"
"20.09.2019","2,400","2,380","2,400","2,360","34,13M","0,42%"
"19.09.2019","2,390","2,310","2,400","2,300","22,92M","3,91%"
"18.09.2019","2,300","2,300","2,330","2,280","21,74M","0,44%"
"17.09.2019","2,290","2,380","2,390","2,290","26,14M","-3,78%"
"16.09.2019","2,380","2,390","2,410","2,340","27,28M","-0,83%"
"13.09.2019","2,400","2,250","2,410","2,250","33,30M","7,14%"
"12.09.2019","2,240","2,270","2,300","2,170","30,27M","-0,88%"
"11.09.2019","2,260","2,290","2,330","2,250","28,31M","-0,44%"
"10.09.2019","2,270","2,210","2,270","2,090","45,12M","2,71%"
"09.09.2019","2,210","2,150","2,210","2,150","20,29M","3,27%"
"06.09.2019","2,140","2,150","2,190","2,120","16,79M","-0,93%"
"05.09.2019","2,160","2,070","2,160","2,070","23,91M","5,37%"
"04.09.2019","2,050","2,050","2,060","2,040","11,46M","1,49%"
"03.09.2019","2,020","2,010","2,040","1,990","17,17M","0,00%"
"02.09.2019","2,020","2,050","2,060","2,020","6,91M","-1,94%"
"30.08.2019","2,060","2,080","2,100","2,050","9,92M","-0,96%"
"29.08.2019","2,080","2,040","2,100","2,040","9,25M","1,46%"
"28.08.2019","2,050","2,050","2,060","2,040","12,12M","0,00%"
"27.08.2019","2,050","2,040","2,070","2,040","12,51M","0,49%"
"26.08.2019","2,040","2,020","2,060","2,010","6,67M","0,49%"
"23.08.2019","2,030","2,090","2,100","2,030","11,28M","-1,46%"
"22.08.2019","2,060","2,000","2,090","2,000","12,76M","3,00%"
"21.08.2019","2,000","2,020","2,040","2,000","7,83M","-0,99%"
"20.08.2019","2,020","2,060","2,070","2,010","11,88M","-2,42%"
"19.08.2019","2,070","2,110","2,150","2,070","13,02M","-1,43%"
"16.08.2019","2,100","2,010","2,100","1,980","32,25M","4,48%"
"15.08.2019","2,010","2,020","2,040","1,980","24,88M","0,00%"
"14.08.2019","2,010","2,080","2,080","2,010","22,96M","-3,37%"
"13.08.2019","2,080","2,100","2,140","2,080","26,98M","-0,95%"
"12.08.2019","2,100","2,210","2,210","2,100","12,88M","-4,11%"
"09.08.2019","2,190","2,230","2,240","2,170","17,24M","-2,67%"
"08.08.2019","2,250","2,230","2,250","2,210","14,95M","2,27%"
"07.08.2019","2,200","2,200","2,210","2,160","19,29M","0,46%"
"06.08.2019","2,190","2,240","2,250","2,190","18,30M","-1,79%"
"05.08.2019","2,230","2,200","2,250","2,200","12,16M","0,45%"
"02.08.2019","2,220","2,220","2,240","2,200","15,38M","-1,77%"
"01.08.2019","2,260","2,240","2,290","2,230","15,36M","1,35%"
"31.07.2019","2,230","2,250","2,280","2,230","24,98M","-0,45%"
"30.07.2019","2,240","2,300","2,300","2,230","21,62M","-2,61%"
"29.07.2019","2,300","2,290","2,320","2,260","21,27M","1,32%"
"26.07.2019","2,270","2,400","2,400","2,260","47,27M","-6,58%"
"25.07.2019","2,430","2,460","2,510","2,420","17,18M","-0,41%"
"24.07.2019","2,440","2,440","2,460","2,420","9,92M","-0,41%"
"23.07.2019","2,450","2,420","2,460","2,400","10,67M","2,08%"
"22.07.2019","2,400","2,420","2,440","2,380","13,06M","-0,41%"
"19.07.2019","2,410","2,510","2,530","2,410","20,55M","-3,98%"
"18.07.2019","2,510","2,470","2,520","2,450","17,26M","0,00%"
"17.07.2019","2,510","2,600","2,600","2,510","16,88M","-3,46%"
"16.07.2019","2,600","2,560","2,620","2,540","12,89M","1,56%"
"15.07.2019","2,560","2,580","2,590","2,560","9,71M","0,00%"
"12.07.2019","2,560","2,560","2,600","2,560","10,48M","0,39%"
"11.07.2019","2,550","2,570","2,570","2,510","10,41M","-0,39%"
"10.07.2019","2,560","2,540","2,610","2,540","11,24M","0,79%"
"09.07.2019","2,540","2,540","2,550","2,500","21,44M","-0,39%"
"08.07.2019","2,550","2,610","2,640","2,540","12,94M","-2,67%"
"05.07.2019","2,620","2,640","2,660","2,590","21,65M","-0,38%"
"04.07.2019","2,630","2,550","2,630","2,550","19,44M","3,14%"
"03.07.2019","2,550","2,480","2,550","2,460","11,77M","2,41%"
"02.07.2019","2,490","2,550","2,550","2,480","15,10M","-1,97%"
"01.07.2019","2,540","2,550","2,570","2,530","17,76M","0,79%"
"28.06.2019","2,520","2,500","2,520","2,490","10,80M","1,20%"
"27.06.2019","2,490","2,480","2,500","2,460","14,53M","1,22%"
"26.06.2019","2,460","2,440","2,490","2,440","15,23M","0,82%"
"25.06.2019","2,440","2,440","2,440","2,400","16,81M","0,00%"
"24.06.2019","2,440","2,470","2,500","2,440","12,80M","-0,81%"
"21.06.2019","2,460","2,480","2,510","2,450","27,94M","-0,81%"
"20.06.2019","2,480","2,540","2,540","2,470","23,47M","-1,98%"
"19.06.2019","2,530","2,540","2,560","2,520","26,72M","0,00%"
"18.06.2019","2,530","2,570","2,570","2,510","22,23M","-1,56%"
"17.06.2019","2,570","2,590","2,600","2,570","7,43M","-0,39%"
"14.06.2019","2,580","2,580","2,590","2,570","7,92M","-0,39%"
"13.06.2019","2,590","2,580","2,610","2,550","13,19M","0,00%"
"12.06.2019","2,590","2,600","2,620","2,580","21,40M","-1,52%"
"11.06.2019","2,630","2,670","2,700","2,630","17,59M","-1,87%"
"10.06.2019","2,680","2,640","2,680","2,620","13,15M","2,29%"
"07.06.2019","2,620","2,670","2,670","2,600","25,18M","-1,50%"
"06.06.2019","2,660","2,730","2,770","2,640","21,44M","-1,85%"
"05.06.2019","2,710","2,790","2,810","2,700","21,17M","-3,56%"
"04.06.2019","2,810","2,700","2,810","2,700","18,43M","3,69%"
"03.06.2019","2,710","2,740","2,740","2,690","23,10M","-1,81%"
"31.05.2019","2,760","2,790","2,810","2,750","13,30M","-2,47%"
"30.05.2019","2,830","2,820","2,850","2,810","8,46M","1,43%"
"29.05.2019","2,790","2,780","2,800","2,760","12,91M","-1,41%"
"28.05.2019","2,830","2,770","2,830","2,740","17,55M","1,80%"
"27.05.2019","2,780","2,790","2,820","2,770","4,50M","0,72%"
"24.05.2019","2,760","2,780","2,810","2,760","13,03M","-0,36%"
"23.05.2019","2,770","2,750","2,780","2,740","19,07M","-0,36%"
"22.05.2019","2,780","2,800","2,830","2,770","17,18M","-1,07%"
"21.05.2019","2,810","2,780","2,810","2,750","12,67M","1,44%"
"20.05.2019","2,770","2,790","2,810","2,750","12,71M","-0,72%"
"17.05.2019","2,790","2,790","2,820","2,760","13,59M","-0,71%"
"16.05.2019","2,810","2,730","2,810","2,710","12,47M","3,31%"
"15.05.2019","2,720","2,720","2,730","2,670","12,70M","0,00%"
"14.05.2019","2,720","2,750","2,760","2,700","11,69M","-0,37%"
"13.05.2019","2,730","2,750","2,760","2,710","12,77M","-0,73%"
"10.05.2019","2,750","2,800","2,800","2,750","21,33M","-0,36%"
"09.05.2019","2,760","2,790","2,810","2,760","10,74M","-2,47%"
"08.05.2019","2,830","2,790","2,830","2,760","24,44M","1,43%"
"07.05.2019","2,790","2,850","2,870","2,790","24,17M","-1,76%"
"06.05.2019","2,840","2,820","2,850","2,800","10,09M","-1,39%"
"03.05.2019","2,880","2,880","2,900","2,860","13,49M","0,35%"
"02.05.2019","2,870","2,860","2,920","2,820","18,33M","1,06%"
"30.04.2019","2,840","2,900","2,910","2,790","28,98M","-2,74%"
"29.04.2019","2,920","2,820","2,920","2,810","22,02M","2,82%"
"26.04.2019","2,840","2,830","2,860","2,800","10,35M","1,07%"
"25.04.2019","2,810","2,810","2,840","2,780","21,94M","-0,35%"
"24.04.2019","2,820","2,870","2,890","2,800","39,63M","-1,74%"
"23.04.2019","2,870","2,940","2,940","2,860","67,09M","-3,04%"
"18.04.2019","2,960","3,000","3,000","2,920","22,03M","-1,33%"
"17.04.2019","3,000","2,940","3,000","2,930","33,52M","2,04%"
"16.04.2019","2,940","2,900","2,940","2,890","23,90M","1,38%"
"15.04.2019","2,900","2,900","2,950","2,880","62,13M","0,35%"
"12.04.2019","2,890","2,840","2,900","2,800","18,32M","1,76%"
"11.04.2019","2,840","2,810","2,870","2,770","21,44M","-1,05%"
"10.04.2019","2,870","2,960","2,980","2,870","21,81M","-2,38%"
"09.04.2019","2,940","2,960","3,000","2,940","40,75M","-0,68%"
"08.04.2019","2,960","2,980","2,990","2,950","50,86M","-0,34%"
"05.04.2019","2,970","2,970","2,980","2,920","15,88M","0,00%"
"04.04.2019","2,970","2,930","2,980","2,910","12,27M","1,02%"
"03.04.2019","2,940","2,890","2,940","2,880","15,36M","2,80%"
"02.04.2019","2,860","2,920","2,930","2,850","19,48M","-1,72%"
"01.04.2019","2,910","2,850","2,910","2,800","87,01M","4,68%"
"29.03.2019","2,780","2,790","2,800","2,760","12,97M","0,36%"
"28.03.2019","2,770","2,790","2,800","2,740","8,67M","-0,72%"
"27.03.2019","2,790","2,750","2,850","2,740","19,18M","1,45%"
"26.03.2019","2,750","2,780","2,790","2,750","13,52M","-1,08%"
"25.03.2019","2,780","2,800","2,830","2,770","16,99M","-0,71%"
"22.03.2019","2,800","2,890","2,900","2,780","30,69M","-2,44%"
"21.03.2019","2,870","2,910","2,920","2,840","22,65M","-1,71%"
"20.03.2019","2,920","3,020","3,040","2,920","13,95M","-3,63%"
"19.03.2019","3,030","3,030","3,060","3,020","10,26M","0,00%"
"18.03.2019","3,030","2,950","3,040","2,950","13,63M","3,06%"
"15.03.2019","2,940","2,960","2,970","2,940","26,43M","-0,68%"
"14.03.2019","2,960","2,960","3,010","2,950","11,98M","0,00%"
"13.03.2019","2,960","2,930","2,980","2,920","12,00M","1,02%"
"12.03.2019","2,930","2,950","2,960","2,910","12,06M","0,00%"
"11.03.2019","2,930","2,920","2,940","2,880","11,99M","0,69%"
"08.03.2019","2,910","2,950","2,970","2,890","18,25M","-2,68%"
"07.03.2019","2,990","3,110","3,140","2,970","28,47M","-3,86%"
"06.03.2019","3,110","3,100","3,140","3,090","16,20M","0,00%"
"05.03.2019","3,110","3,100","3,120","3,070","10,82M","0,00%"
"04.03.2019","3,110","3,120","3,130","3,100","8,77M","0,32%"
"01.03.2019","3,100","3,160","3,160","3,100","10,60M","-1,27%"
"28.02.2019","3,140","3,090","3,160","3,070","17,00M","0,96%"
"27.02.2019","3,110","3,030","3,120","3,030","14,86M","2,30%"
"26.02.2019","3,040","3,020","3,050","2,970","13,19M","0,33%"
"25.02.2019","3,030","3,020","3,040","3,020","9,60M","0,66%"
"22.02.2019","3,010","3,010","3,030","3,000","11,60M","0,00%"
"21.02.2019","3,010","3,040","3,040","3,000","16,65M","-0,66%"
"20.02.2019","3,030","3,050","3,060","3,020","16,43M","-0,66%"
"19.02.2019","3,050","3,040","3,060","3,010","14,26M","-0,33%"
"18.02.2019","3,060","3,020","3,070","3,010","13,54M","1,66%"
"15.02.2019","3,010","2,920","3,030","2,910","25,06M","3,08%"
"14.02.2019","2,920","2,970","2,970","2,920","19,78M","-1,35%"
"13.02.2019","2,960","2,970","2,970","2,920","15,87M","0,00%"
"12.02.2019","2,960","2,990","3,000","2,950","14,98M","0,00%"
"11.02.2019","2,960","2,920","2,970","2,900","16,80M","2,42%"
"08.02.2019","2,890","2,870","2,900","2,850","22,19M","0,00%"
"07.02.2019","2,890","2,940","2,950","2,860","22,20M","-1,70%"
"06.02.2019","2,940","2,940","2,980","2,910","26,90M","0,00%"
"05.02.2019","2,940","2,940","2,970","2,890","24,86M","0,68%"
"04.02.2019","2,920","3,070","3,070","2,900","50,18M","-4,58%"
"01.02.2019","3,060","3,130","3,190","3,020","59,41M","-7,27%"
"31.01.2019","3,300","3,370","3,380","3,270","21,17M","-1,79%"
"30.01.2019","3,360","3,310","3,360","3,310","16,29M","1,51%"
"29.01.2019","3,310","3,310","3,340","3,290","15,19M","-0,60%"
"28.01.2019","3,330","3,380","3,390","3,300","11,13M","-2,06%"
"25.01.2019","3,400","3,330","3,400","3,330","12,79M","2,72%"
"24.01.2019","3,310","3,380","3,400","3,300","16,24M","-1,78%"
"23.01.2019","3,370","3,220","3,380","3,220","14,81M","3,69%"
"22.01.2019","3,250","3,260","3,270","3,230","18,69M","-1,22%"
"21.01.2019","3,290","3,310","3,310","3,260","9,53M","-0,60%"
"18.01.2019","3,310","3,330","3,380","3,310","21,34M","0,00%"
"17.01.2019","3,310","3,330","3,360","3,300","17,19M","-1,49%"
"16.01.2019","3,360","3,310","3,360","3,300","22,57M","1,51%"
"15.01.2019","3,310","3,290","3,310","3,250","10,20M","1,53%"
"14.01.2019","3,260","3,230","3,280","3,220","9,11M","0,31%"
"11.01.2019","3,250","3,210","3,260","3,200","18,47M","0,93%"
"10.01.2019","3,220","3,220","3,250","3,200","11,08M","-0,92%"
"09.01.2019","3,250","3,290","3,320","3,240","15,37M","-0,61%"
"08.01.2019","3,270","3,270","3,290","3,230","14,10M","0,00%"
"07.01.2019","3,270","3,260","3,270","3,220","9,32M","0,62%"
"04.01.2019","3,250","3,170","3,250","3,150","11,87M","3,83%"
"03.01.2019","3,130","3,130","3,170","3,110","9,46M","0,00%"
"02.01.2019","3,130","3,120","3,150","3,060","12,49M","-0,95%"
"31.12.2018","3,160","3,120","3,170","3,110","4,57M","0,96%"
"28.12.2018","3,130","3,080","3,130","3,060","10,54M","2,29%"
"27.12.2018","3,060","3,170","3,170","3,030","16,65M","-0,97%"
"24.12.2018","3,090","3,140","3,180","3,090","4,94M","-2,52%"
"21.12.2018","3,170","3,270","3,290","3,150","27,97M","-3,06%"
"20.12.2018","3,270","3,300","3,350","3,270","15,06M","-2,39%"
"19.12.2018","3,350","3,320","3,370","3,320","12,51M","0,90%"
"18.12.2018","3,320","3,350","3,380","3,320","13,69M","-1,19%"
"17.12.2018","3,360","3,370","3,420","3,350","10,37M","-0,88%"
"14.12.2018","3,390","3,380","3,400","3,320","12,57M","-0,29%"
"13.12.2018","3,400","3,410","3,430","3,370","21,86M","0,59%"
"12.12.2018","3,380","3,330","3,410","3,330","16,87M","2,11%"
"11.12.2018","3,310","3,320","3,350","3,300","10,92M","0,30%"
"10.12.2018","3,300","3,340","3,370","3,300","9,57M","-1,79%"
"07.12.2018","3,360","3,350","3,420","3,320","13,26M","1,20%"
"06.12.2018","3,320","3,440","3,440","3,310","18,12M","-4,32%"
"05.12.2018","3,470","3,500","3,520","3,450","14,25M","-1,42%"
"04.12.2018","3,520","3,580","3,600","3,520","13,27M","-3,03%"
"03.12.2018","3,630","3,700","3,700","3,630","11,57M","0,00%"
"30.11.2018","3,630","3,610","3,660","3,600","13,26M","0,28%"
"29.11.2018","3,620","3,620","3,630","3,570","12,11M","1,40%"
"28.11.2018","3,570","3,660","3,670","3,530","27,77M","-2,19%"
"27.11.2018","3,650","3,710","3,710","3,620","15,03M","-1,62%"
"26.11.2018","3,710","3,680","3,740","3,680","12,73M","1,64%"
"23.11.2018","3,650","3,660","3,680","3,630","5,97M","0,00%"
"22.11.2018","3,650","3,660","3,670","3,640","6,63M","-0,82%"
"21.11.2018","3,680","3,680","3,710","3,650","9,66M","0,55%"
"20.11.2018","3,660","3,690","3,700","3,640","10,45M","-1,35%"
"19.11.2018","3,710","3,740","3,770","3,710","10,81M","-0,54%"
"16.11.2018","3,730","3,740","3,780","3,710","16,75M","0,00%"
"15.11.2018","3,730","3,730","3,760","3,680","13,00M","0,00%"
"14.11.2018","3,730","3,690","3,760","3,670","11,02M","0,54%"
"13.11.2018","3,710","3,670","3,780","3,660","20,69M","1,09%"
"12.11.2018","3,670","3,680","3,710","3,660","8,90M","0,00%"
"09.11.2018","3,670","3,650","3,680","3,630","62,89M","-0,54%"
"08.11.2018","3,690","3,730","3,740","3,690","12,90M","-0,81%"
"07.11.2018","3,720","3,780","3,790","3,640","54,99M","4,49%"
"06.11.2018","3,560","3,590","3,600","3,530","79,24M","-0,84%"
"05.11.2018","3,590","3,560","3,630","3,550","84,97M","0,84%"
"02.11.2018","3,560","3,560","3,580","3,540","222,26M","1,42%"
"01.11.2018","3,510","3,520","3,550","3,480","95,85M","-1,96%"
"31.10.2018","3,580","3,600","3,610","3,570","16,31M","0,85%"
"30.10.2018","3,550","3,520","3,580","3,500","78,62M","1,14%"
"29.10.2018","3,510","3,540","3,560","3,460","88,52M","0,29%"
"26.10.2018","3,500","3,540","3,560","3,400","272,56M","1,16%"
"25.10.2018","3,460","3,330","3,460","3,320","21,48M","2,37%"
"24.10.2018","3,380","3,460","3,470","3,370","128,72M","-2,31%"
"23.10.2018","3,460","3,500","3,520","3,440","30,31M","-1,98%"
"22.10.2018","3,530","3,710","3,760","3,530","20,72M","-3,81%"
"19.10.2018","3,670","3,640","3,750","3,500","45,90M","0,82%"
"18.10.2018","3,640","3,820","3,900","3,440","63,40M","-4,46%"
"17.10.2018","3,810","3,880","3,900","3,810","13,71M","-1,30%"
"16.10.2018","3,860","3,850","3,860","3,810","19,73M","0,78%"
"15.10.2018","3,830","3,830","3,850","3,800","9,11M","-0,26%"
"12.10.2018","3,840","3,900","3,920","3,830","13,31M","-0,52%"
"11.10.2018","3,860","3,840","3,910","3,830","18,51M","-1,03%"
"10.10.2018","3,900","3,900","3,960","3,900","25,35M","-0,51%"
"09.10.2018","3,920","3,870","3,960","3,850","20,45M","2,08%"
"08.10.2018","3,840","3,860","3,870","3,810","8,89M","-0,78%"
"05.10.2018","3,870","3,920","3,920","3,870","9,46M","-1,28%"
"04.10.2018","3,920","3,850","3,960","3,830","17,68M","1,82%"
"03.10.2018","3,850","3,890","3,900","3,820","10,62M","0,26%"
"02.10.2018","3,840","3,850","3,880","3,810","25,54M","-0,78%"
"01.10.2018","3,870","3,920","3,950","3,870","16,82M","-1,78%"
"28.09.2018","3,940","3,940","3,960","3,850","21,19M","-1,01%"
"27.09.2018","3,980","3,980","4,000","3,900","16,70M","-0,50%"
"26.09.2018","4,000","4,030","4,050","3,980","11,51M","-0,99%"
"25.09.2018","4,040","4,000","4,060","4,000","9,80M","1,00%"
"24.09.2018","4,000","4,010","4,040","3,990","10,30M","-0,50%"
"21.09.2018","4,020","4,100","4,130","4,020","49,15M","-3,60%"
"20.09.2018","4,170","4,190","4,220","4,150","20,42M","-0,48%"
"19.09.2018","4,190","4,190","4,200","4,100","26,93M","0,24%"
"18.09.2018","4,180","4,140","4,190","4,110","20,60M","0,48%"
"17.09.2018","4,160","4,070","4,170","4,060","24,04M","1,96%"
"14.09.2018","4,080","4,060","4,090","4,020","10,23M","1,24%"
"13.09.2018","4,030","3,970","4,070","3,970","11,35M","1,51%"
"12.09.2018","3,970","4,040","4,040","3,910","16,24M","-1,24%"
"11.09.2018","4,020","4,030","4,070","4,000","7,24M","0,25%"
"10.09.2018","4,010","3,970","4,050","3,960","9,73M","1,01%"
"07.09.2018","3,970","4,000","4,030","3,910","14,95M","-0,50%"
"06.09.2018","3,990","4,040","4,060","3,980","16,55M","-1,97%"
"05.09.2018","4,070","4,050","4,110","4,030","28,96M","0,49%"
"04.09.2018","4,050","3,960","4,060","3,930","28,49M","4,38%"
"03.09.2018","3,880","3,860","3,890","3,850","5,84M","0,52%"
"31.08.2018","3,860","3,910","3,910","3,850","9,83M","-1,28%"
"30.08.2018","3,910","3,930","3,950","3,880","9,93M","-1,01%"
"29.08.2018","3,950","3,940","3,960","3,900","6,89M","0,77%"
"28.08.2018","3,920","3,990","3,990","3,910","9,14M","-1,26%"
"27.08.2018","3,970","3,910","3,990","3,900","8,68M","1,79%"
"24.08.2018","3,900","3,880","3,920","3,880","5,38M","0,26%"
"23.08.2018","3,890","3,890","3,920","3,870","6,33M","0,00%"
"22.08.2018","3,890","3,860","3,900","3,860","9,00M","0,52%"
"21.08.2018","3,870","3,840","3,890","3,830","9,05M","0,78%"
"20.08.2018","3,840","3,800","3,870","3,800","8,76M","1,59%"
"17.08.2018","3,780","3,810","3,810","3,750","7,95M","-0,53%"
"16.08.2018","3,800","3,800","3,820","3,750","10,76M","1,33%"
"15.08.2018","3,750","3,850","3,850","3,720","13,45M","-1,83%"
"14.08.2018","3,820","3,890","3,910","3,820","13,39M","-1,04%"
"13.08.2018","3,860","3,850","3,880","3,820","22,76M","-0,52%"
"10.08.2018","3,880","3,940","3,950","3,830","21,43M","-3,00%"
"09.08.2018","4,000","3,970","4,010","3,920","11,35M","0,76%"
"08.08.2018","3,970","3,980","3,990","3,940","6,44M","-0,25%"
"07.08.2018","3,980","3,960","4,010","3,950","8,34M","1,02%"
"06.08.2018","3,940","3,940","3,950","3,900","9,72M","0,25%"
"03.08.2018","3,930","3,920","3,950","3,870","7,80M","0,77%"
"02.08.2018","3,900","3,950","3,950","3,870","39,87M","-1,52%"
"01.08.2018","3,960","3,980","4,010","3,930","9,22M","0,00%"
"31.07.2018","3,960","3,920","4,010","3,910","17,87M","1,02%"
"30.07.2018","3,920","3,860","3,940","3,850","10,82M","1,55%"
"27.07.2018","3,860","3,890","3,940","3,850","16,56M","0,78%"
"26.07.2018","3,830","3,890","3,890","3,820","10,31M","-0,26%"
"25.07.2018","3,840","3,850","3,870","3,830","12,73M","0,00%"
"24.07.2018","3,840","3,760","3,840","3,760","14,83M","2,95%"
"23.07.2018","3,730","3,700","3,750","3,690","18,42M","0,54%"
"20.07.2018","3,710","3,700","3,730","3,660","14,62M","-0,27%"
"19.07.2018","3,720","3,740","3,790","3,710","9,34M","-0,53%"
"18.07.2018","3,740","3,730","3,740","3,640","18,07M","0,27%"
"17.07.2018","3,730","3,730","3,760","3,680","15,83M","-0,27%"
"16.07.2018","3,740","3,740","3,780","3,720","9,41M","0,27%"
"13.07.2018","3,730","3,750","3,760","3,710","9,26M","0,00%"
"12.07.2018","3,730","3,770","3,770","3,700","13,86M","-0,53%"
"11.07.2018","3,750","3,810","3,810","3,710","17,28M","-2,60%"
"10.07.2018","3,850","3,890","3,900","3,830","8,03M","-0,77%"
"09.07.2018","3,880","3,880","3,900","3,860","8,50M","0,52%"
"06.07.2018","3,860","3,900","3,900","3,820","18,54M","-0,77%"
"05.07.2018","3,890","3,790","3,980","3,790","27,81M","2,64%"
"04.07.2018","3,790","3,690","3,810","3,680","42,37M","2,16%"
"03.07.2018","3,710","3,690","3,730","3,640","11,96M","1,09%"
"02.07.2018","3,670","3,650","3,670","3,590","13,53M","-1,08%"
"29.06.2018","3,710","3,810","3,860","3,680","28,29M","3,34%"
"28.06.2018","3,590","3,550","3,600","3,530","12,73M","0,84%"
"27.06.2018","3,560","3,570","3,600","3,500","60,27M","0,00%"
"26.06.2018","3,560","3,620","3,630","3,560","22,45M","-0,56%"
"25.06.2018","3,580","3,640","3,640","3,580","17,98M","-2,45%"
"22.06.2018","3,670","3,680","3,730","3,670","13,59M","0,55%"
"21.06.2018","3,650","3,730","3,760","3,640","20,23M","-1,88%"
"20.06.2018","3,720","3,780","3,780","3,720","17,11M","0,00%"
"19.06.2018","3,720","3,650","3,750","3,610","28,15M","0,81%"
"18.06.2018","3,690","3,710","3,760","3,670","19,90M","-0,54%"
"15.06.2018","3,710","3,890","3,890","3,710","48,91M","-3,89%"
"14.06.2018","3,860","3,900","3,920","3,840","17,64M","-1,78%"
"13.06.2018","3,930","3,960","3,980","3,910","28,26M","-0,76%"
"12.06.2018","3,960","4,000","4,010","3,950","17,71M","0,00%"
"11.06.2018","3,960","3,920","3,970","3,880","23,15M","2,86%"
"08.06.2018","3,850","3,800","3,860","3,780","24,57M","0,00%"
"07.06.2018","3,850","3,750","3,880","3,740","32,19M","4,34%"
"06.06.2018","3,690","3,650","3,700","3,570","29,35M","0,82%"
"05.06.2018","3,660","3,720","3,750","3,650","20,21M","-1,61%"
"04.06.2018","3,720","3,780","3,790","3,690","17,33M","-0,27%"
"01.06.2018","3,730","3,690","3,780","3,670","39,08M","2,47%"
"31.05.2018","3,640","3,770","3,810","3,610","31,84M","-2,41%"
"30.05.2018","3,730","3,760","3,770","3,660","32,62M","1,08%"
"29.05.2018","3,690","3,840","3,840","3,610","39,93M","-4,65%"
"28.05.2018","3,870","3,970","3,980","3,830","15,73M","-1,02%"
"25.05.2018","3,910","4,090","4,100","3,850","37,20M","-3,69%"
"24.05.2018","4,060","4,170","4,190","4,040","15,86M","-2,40%"
"23.05.2018","4,160","4,180","4,180","4,100","18,20M","-0,95%"
"22.05.2018","4,200","4,110","4,210","4,100","11,04M","2,44%"
"21.05.2018","4,100","4,140","4,160","4,100","6,71M","-0,24%"
"18.05.2018","4,110","4,170","4,190","4,090","14,66M","-1,67%"
"17.05.2018","4,180","4,160","4,200","4,140","12,20M","0,97%"
"16.05.2018","4,140","4,280","4,290","4,140","23,60M","-3,50%"
"15.05.2018","4,290","4,300","4,330","4,260","13,56M","-0,69%"
"14.05.2018","4,320","4,290","4,320","4,280","14,68M","0,47%"
"11.05.2018","4,300","4,270","4,300","4,260","9,81M","0,70%"
"10.05.2018","4,270","4,240","4,280","4,210","15,19M","1,18%"
"09.05.2018","4,220","4,210","4,240","4,210","9,80M","-0,24%"
"08.05.2018","4,230","4,190","4,240","4,160","19,62M","0,71%"
"07.05.2018","4,200","4,170","4,200","4,140","14,13M","0,96%"
"04.05.2018","4,160","4,070","4,160","4,070","10,45M","1,96%"
"03.05.2018","4,080","4,160","4,170","4,060","13,96M","-2,16%"
"02.05.2018","4,170","4,040","4,180","4,040","31,62M","3,22%"
"30.04.2018","4,040","4,040","4,070","4,020","12,91M","0,25%"
"27.04.2018","4,030","3,990","4,030","3,940","19,20M","1,77%"
"26.04.2018","3,960","3,990","4,030","3,960","10,68M","-1,00%"
"25.04.2018","4,000","3,990","4,020","3,970","18,86M","-0,25%"
"24.04.2018","4,010","4,080","4,080","4,000","14,04M","-1,23%"
"23.04.2018","4,060","4,010","4,070","4,010","15,86M","1,50%"
"20.04.2018","4,000","4,020","4,020","3,970","24,88M","-0,50%"
"19.04.2018","4,020","4,020","4,050","3,960","21,26M","0,25%"
"18.04.2018","4,010","3,990","4,010","3,980","25,47M","0,75%"
"17.04.2018","3,980","3,970","4,010","3,960","93,63M","0,25%"
"16.04.2018","3,970","3,950","3,980","3,940","125,92M","0,51%"
"13.04.2018","3,950","3,950","4,010","3,930","32,07M","0,25%"
"12.04.2018","3,940","3,910","3,960","3,890","106,32M","0,51%"
"11.04.2018","3,920","3,900","3,950","3,900","109,04M","-1,51%"
"10.04.2018","3,980","3,940","3,990","3,900","41,01M","1,53%"
"09.04.2018","3,920","3,900","3,930","3,880","72,31M","1,29%"
"06.04.2018","3,870","3,900","3,930","3,860","88,86M","-1,53%"
"05.04.2018","3,930","3,870","3,940","3,860","81,31M","3,15%"
"04.04.2018","3,810","3,820","3,820","3,720","130,64M","0,00%"
"03.04.2018","3,810","3,840","3,870","3,790","31,73M","-1,55%"
"29.03.2018","3,870","3,840","3,930","3,840","14,90M","1,31%"
"28.03.2018","3,820","3,770","3,820","3,740","33,53M","0,26%"
"27.03.2018","3,810","3,860","3,870","3,790","12,19M","0,26%"
"26.03.2018","3,800","3,810","3,830","3,770","10,38M","0,00%"
"23.03.2018","3,800","3,790","3,830","3,740","22,79M","-0,52%"
"22.03.2018","3,820","3,890","3,920","3,800","30,50M","-2,30%"
"21.03.2018","3,910","3,950","3,950","3,890","9,55M","-0,51%"
"20.03.2018","3,930","3,860","3,940","3,850","15,08M","2,34%"
"19.03.2018","3,840","3,880","3,900","3,840","6,86M","-1,03%"
"16.03.2018","3,880","3,820","3,910","3,810","19,18M","1,84%"
"15.03.2018","3,810","3,850","3,870","3,810","20,85M","-0,52%"
"14.03.2018","3,830","3,890","3,890","3,830","11,99M","-1,54%"
"13.03.2018","3,890","3,880","3,940","3,870","11,56M","0,52%"
"12.03.2018","3,870","3,890","3,900","3,860","16,70M","0,26%"
"09.03.2018","3,860","3,890","3,910","3,850","7,93M","-0,52%"
"08.03.2018","3,880","3,900","3,930","3,850","17,57M","0,00%"
"07.03.2018","3,880","3,850","3,880","3,830","10,92M","0,26%"
"06.03.2018","3,870","3,890","3,920","3,850","15,50M","0,52%"
"05.03.2018","3,850","3,830","3,880","3,820","17,16M","0,00%"
"02.03.2018","3,850","3,950","3,950","3,840","16,58M","-3,02%"
"01.03.2018","3,970","3,980","4,000","3,930","13,90M","-1,00%"
"28.02.2018","4,010","4,000","4,040","3,980","17,36M","0,00%"
"27.02.2018","4,010","4,010","4,030","3,980","11,21M","0,25%"
"26.02.2018","4,000","4,020","4,040","3,990","18,73M","0,50%"
"23.02.2018","3,980","4,010","4,010","3,940","8,86M","-0,50%"
"22.02.2018","4,000","4,020","4,030","3,980","12,32M","-0,99%"
"21.02.2018","4,040","4,030","4,060","3,980","11,73M","-0,25%"
"20.02.2018","4,050","4,070","4,080","4,030","12,75M","-0,49%"
"19.02.2018","4,070","4,040","4,110","4,030","27,96M","1,24%"
"16.02.2018","4,020","4,030","4,040","4,000","17,72M","0,75%"
"15.02.2018","3,990","4,040","4,110","3,960","13,38M","0,00%"
"14.02.2018","3,990","4,010","4,030","3,930","17,66M","0,25%"
"13.02.2018","3,980","4,080","4,090","3,980","13,81M","-2,21%"
"12.02.2018","4,070","4,060","4,110","4,030","14,86M","1,50%"
"09.02.2018","4,010","4,050","4,080","3,960","27,86M","-1,47%"
"08.02.2018","4,070","4,170","4,210","4,070","24,71M","-2,63%"
"07.02.2018","4,180","4,170","4,200","4,070","22,31M","1,95%"
"06.02.2018","4,100","4,060","4,170","4,020","27,09M","-1,91%"
"05.02.2018","4,180","4,210","4,230","4,140","15,50M","-1,42%"
"02.02.2018","4,240","4,210","4,320","4,120","29,27M","-2,97%"
"01.02.2018","4,370","4,360","4,400","4,290","13,47M","0,46%"
"31.01.2018","4,350","4,330","4,360","4,300","12,66M","0,46%"
"30.01.2018","4,330","4,340","4,360","4,320","22,57M","-1,14%"
"29.01.2018","4,380","4,420","4,420","4,330","11,52M","-0,68%"
"26.01.2018","4,410","4,430","4,450","4,390","10,17M","-0,68%"
"25.01.2018","4,440","4,300","4,440","4,300","17,73M","3,02%"
"24.01.2018","4,310","4,370","4,380","4,310","16,53M","-1,37%"
"23.01.2018","4,370","4,410","4,420","4,350","15,46M","-1,13%"
"22.01.2018","4,420","4,310","4,420","4,280","23,62M","2,55%"
"19.01.2018","4,310","4,250","4,330","4,250","12,14M","1,17%"
"18.01.2018","4,260","4,270","4,290","4,240","9,00M","0,00%"
"17.01.2018","4,260","4,240","4,280","4,220","17,86M","0,00%"
"16.01.2018","4,260","4,280","4,290","4,250","15,28M","-0,23%"
"15.01.2018","4,270","4,280","4,290","4,250","22,77M","-0,23%"
"12.01.2018","4,280","4,280","4,310","4,240","15,19M","0,23%"
"11.01.2018","4,270","4,230","4,340","4,190","17,65M","0,71%"
"10.01.2018","4,240","4,150","4,250","4,150","20,37M","2,42%"
"09.01.2018","4,140","4,080","4,150","4,070","11,86M","1,72%"
"08.01.2018","4,070","4,080","4,110","4,070","10,86M","0,00%"
"05.01.2018","4,070","4,080","4,090","4,060","14,13M","0,25%"
"04.01.2018","4,060","4,000","4,060","3,980","17,13M","2,01%"
"03.01.2018","3,980","3,980","4,000","3,950","17,59M","0,25%"
"02.01.2018","3,970","3,930","3,980","3,910","16,10M","2,06%"
"29.12.2017","3,890","3,900","3,910","3,870","8,40M","-0,26%"
"28.12.2017","3,900","3,940","3,950","3,900","7,14M","-1,02%"
"27.12.2017","3,940","3,930","3,950","3,900","10,32M","0,00%"
"22.12.2017","3,940","3,940","4,020","3,920","21,70M","-3,67%"
"21.12.2017","4,090","3,980","4,090","3,960","16,10M","2,25%"
"20.12.2017","4,000","3,980","4,010","3,910","20,18M","0,76%"
"19.12.2017","3,970","3,930","4,000","3,930","12,13M","1,02%"
"18.12.2017","3,930","3,930","3,950","3,920","11,46M","0,77%"
"15.12.2017","3,900","3,910","3,930","3,850","21,72M","-0,51%"
"14.12.2017","3,920","3,980","4,010","3,920","28,45M","-2,00%"
"13.12.2017","4,000","3,990","4,030","3,960","15,23M","-0,25%"
"12.12.2017","4,010","4,070","4,070","3,990","16,78M","-1,23%"
"11.12.2017","4,060","4,030","4,060","4,020","12,45M","0,50%"
"08.12.2017","4,040","3,970","4,080","3,960","19,54M","2,80%"
"07.12.2017","3,930","3,850","3,940","3,840","12,70M","2,08%"
"06.12.2017","3,850","3,870","3,880","3,830","14,60M","-1,28%"
"05.12.2017","3,900","3,900","3,920","3,870","12,09M","0,00%"
"04.12.2017","3,900","3,950","3,970","3,900","17,27M","0,78%"
"01.12.2017","3,870","4,000","4,010","3,870","22,23M","-3,01%"
"30.11.2017","3,990","4,050","4,070","3,990","20,63M","-1,48%"
"29.11.2017","4,050","3,960","4,050","3,960","24,96M","3,32%"
"28.11.2017","3,920","3,920","3,940","3,900","8,57M","0,51%"
"27.11.2017","3,900","3,930","4,020","3,900","10,33M","-1,27%"
"24.11.2017","3,950","3,910","4,010","3,910","13,11M","1,28%"
"23.11.2017","3,900","3,890","3,940","3,880","8,30M","0,00%"
"22.11.2017","3,900","3,880","3,940","3,860","17,12M","0,78%"
"21.11.2017","3,870","3,900","3,930","3,860","13,19M","-0,77%"
"20.11.2017","3,900","3,920","3,970","3,890","11,35M","-1,02%"
"17.11.2017","3,940","4,000","4,020","3,940","15,24M","-1,50%"
"16.11.2017","4,000","4,000","4,060","3,980","16,31M","0,50%"
"15.11.2017","3,980","3,900","3,990","3,880","20,36M","1,27%"
"14.11.2017","3,930","3,960","3,990","3,920","14,64M","0,51%"
"13.11.2017","3,910","3,880","3,920","3,850","13,74M","1,03%"
"10.11.2017","3,870","3,890","3,920","3,860","19,99M","-0,51%"
"09.11.2017","3,890","3,940","3,950","3,870","18,63M","-2,26%"
"08.11.2017","3,980","3,950","3,980","3,900","34,82M","0,51%"
"07.11.2017","3,960","4,000","4,020","3,940","21,88M","-0,25%"
"06.11.2017","3,970","3,970","4,010","3,910","24,46M","0,00%"
"03.11.2017","3,970","4,020","4,030","3,890","48,57M","-1,73%"
"02.11.2017","4,040","4,080","4,100","4,010","27,22M","-0,98%"
"01.11.2017","4,080","4,040","4,090","4,040","126,15M","1,49%"
"31.10.2017","4,020","3,970","4,070","3,940","36,82M","0,50%"
"30.10.2017","4,000","4,100","4,110","3,920","37,00M","4,17%"
"27.10.2017","3,840","4,000","4,010","3,730","76,75M","-2,78%"
"26.10.2017","3,950","3,920","4,040","3,830","95,92M","1,80%"
"25.10.2017","3,880","3,880","3,950","3,870","231,94M","0,26%"
"24.10.2017","3,870","3,930","3,950","3,770","86,62M","1,04%"
"23.10.2017","3,830","3,860","3,870","3,790","16,16M","-0,78%"
"20.10.2017","3,860","3,850","3,880","3,840","18,35M","-0,77%"
"19.10.2017","3,890","3,920","3,970","3,870","18,41M","-1,27%"
"18.10.2017","3,940","3,960","3,970","3,880","20,13M","-0,25%"
"17.10.2017","3,950","3,930","4,000","3,920","18,87M","-0,50%"
"16.10.2017","3,970","4,020","4,020","3,940","14,59M","-1,73%"
"13.10.2017","4,040","4,070","4,080","4,020","12,38M","-0,74%"
"12.10.2017","4,070","4,070","4,080","4,040","9,76M","0,25%"
"11.10.2017","4,060","4,200","4,210","4,030","35,19M","0,25%"
"10.10.2017","4,050","4,130","4,170","4,010","29,49M","-2,17%"
"09.10.2017","4,140","4,130","4,210","4,120","21,86M","1,47%"
"06.10.2017","4,080","4,090","4,170","3,990","39,84M","-0,73%"
"05.10.2017","4,110","3,810","4,170","3,810","57,03M","5,12%"
"04.10.2017","3,910","4,090","4,120","3,820","54,68M","-5,10%"
"03.10.2017","4,120","4,020","4,130","4,020","22,53M","1,73%"
"02.10.2017","4,050","4,140","4,210","4,010","46,11M","-4,48%"
"29.09.2017","4,240","4,230","4,270","4,160","18,16M","0,00%"
"28.09.2017","4,240","4,310","4,380","4,240","15,53M","-1,40%"
"27.09.2017","4,300","4,150","4,320","4,140","22,87M","4,37%"
"26.09.2017","4,120","4,090","4,140","4,070","14,88M","0,24%"
"25.09.2017","4,110","4,240","4,250","4,090","17,79M","-3,75%"
"22.09.2017","4,270","4,240","4,290","4,210","11,51M","0,71%"
"21.09.2017","4,240","4,150","4,250","4,150","15,38M","2,17%"
"20.09.2017","4,150","4,220","4,250","4,120","15,70M","-1,89%"
"19.09.2017","4,230","4,280","4,290","4,230","13,23M","-0,94%"
"18.09.2017","4,270","4,330","4,370","4,250","20,23M","-1,16%"
"15.09.2017","4,320","4,300","4,320","4,250","18,56M","-0,23%"
"14.09.2017","4,330","4,310","4,340","4,290","9,26M","-0,23%"
"13.09.2017","4,340","4,260","4,360","4,260","18,91M","1,64%"
"12.09.2017","4,270","4,270","4,300","4,260","12,21M","0,47%"
"11.09.2017","4,250","4,190","4,260","4,190","10,71M","1,92%"
"08.09.2017","4,170","4,110","4,190","4,100","13,84M","1,46%"
"07.09.2017","4,110","4,130","4,170","4,100","14,94M","-0,24%"
"06.09.2017","4,120","4,160","4,190","4,110","25,86M","-2,14%"
"05.09.2017","4,210","4,320","4,350","4,210","11,34M","-2,55%"
"04.09.2017","4,320","4,310","4,340","4,310","5,90M","-1,37%"
"01.09.2017","4,380","4,370","4,410","4,360","9,77M","0,92%"
"31.08.2017","4,340","4,300","4,380","4,290","11,15M","1,17%"
"30.08.2017","4,290","4,310","4,340","4,270","7,26M","0,70%"
"29.08.2017","4,260","4,310","4,340","4,260","10,57M","-2,07%"
"28.08.2017","4,350","4,350","4,370","4,330","3,35M","-0,23%"
"25.08.2017","4,360","4,400","4,410","4,360","5,25M","-0,68%"
"24.08.2017","4,390","4,380","4,430","4,380","7,26M","0,69%"
"23.08.2017","4,360","4,390","4,420","4,340","7,48M","-0,68%"
"22.08.2017","4,390","4,410","4,420","4,370","4,68M","0,69%"
"21.08.2017","4,360","4,400","4,410","4,350","6,21M","-1,13%"
"18.08.2017","4,410","4,320","4,410","4,300","7,48M","0,46%"
"17.08.2017","4,390","4,450","4,470","4,370","9,53M","-1,79%"
"16.08.2017","4,470","4,450","4,480","4,430","7,43M","1,13%"
"15.08.2017","4,420","4,420","4,440","4,390","7,30M","0,68%"
"14.08.2017","4,390","4,350","4,420","4,340","7,12M","1,62%"
"11.08.2017","4,320","4,350","4,360","4,260","15,55M","-1,37%"
"10.08.2017","4,380","4,410","4,470","4,370","14,55M","-1,13%"
"09.08.2017","4,430","4,470","4,490","4,380","10,99M","-1,56%"
"08.08.2017","4,500","4,480","4,510","4,480","11,52M","0,22%"
"07.08.2017","4,490","4,450","4,490","4,450","7,75M","0,67%"
"04.08.2017","4,460","4,440","4,470","4,400","11,94M","0,68%"
"03.08.2017","4,430","4,410","4,440","4,360","11,28M","0,23%"
"02.08.2017","4,420","4,450","4,470","4,420","13,01M","-0,67%"
"01.08.2017","4,450","4,420","4,480","4,390","12,92M","0,68%"
"31.07.2017","4,420","4,430","4,470","4,390","17,12M","-0,45%"
"28.07.2017","4,440","4,370","4,460","4,360","27,97M","2,07%"
"27.07.2017","4,350","4,320","4,380","4,320","9,33M","0,00%"
"26.07.2017","4,350","4,320","4,350","4,300","16,18M","0,46%"
"25.07.2017","4,330","4,250","4,370","4,240","18,32M","2,12%"
"24.07.2017","4,240","4,200","4,260","4,160","16,72M","1,19%"
"21.07.2017","4,190","4,180","4,220","4,170","16,95M","-1,41%"
"20.07.2017","4,250","4,210","4,280","4,190","17,87M","1,19%"
"19.07.2017","4,200","4,250","4,250","4,170","15,34M","-0,24%"
"18.07.2017","4,210","4,280","4,350","4,200","13,54M","-2,55%"
"17.07.2017","4,320","4,330","4,330","4,280","12,10M","0,00%"
"14.07.2017","4,320","4,330","4,370","4,270","12,02M","0,00%"
"13.07.2017","4,320","4,270","4,340","4,260","15,98M","1,65%"
"12.07.2017","4,250","4,250","4,310","4,230","12,74M","0,47%"
"11.07.2017","4,230","4,290","4,290","4,220","17,35M","-0,94%"
"10.07.2017","4,270","4,290","4,290","4,200","13,54M","0,47%"
"07.07.2017","4,250","4,320","4,340","4,250","11,97M","-2,07%"
"06.07.2017","4,340","4,300","4,350","4,250","17,22M","0,70%"
"05.07.2017","4,310","4,340","4,390","4,310","16,94M","-1,15%"
"04.07.2017","4,360","4,310","4,400","4,300","23,53M","0,23%"
"03.07.2017","4,350","4,210","4,360","4,210","18,45M","4,07%"
"30.06.2017","4,180","4,250","4,260","4,160","21,60M","-1,88%"
"29.06.2017","4,260","4,340","4,390","4,250","29,68M","-0,93%"
"28.06.2017","4,300","4,180","4,320","4,160","31,07M","2,14%"
"27.06.2017","4,210","4,070","4,210","4,060","24,00M","3,19%"
"26.06.2017","4,080","4,050","4,120","4,040","24,93M","1,24%"
"23.06.2017","4,030","4,090","4,120","4,000","20,74M","-1,95%"
"22.06.2017","4,110","4,120","4,120","4,040","16,05M","-0,48%"
"21.06.2017","4,130","4,110","4,140","4,030","12,87M","0,00%"
"20.06.2017","4,130","4,210","4,220","4,130","13,55M","-1,20%"
"19.06.2017","4,180","4,120","4,210","4,120","13,08M","2,20%"
"16.06.2017","4,090","4,080","4,120","4,050","22,42M","0,74%"
"15.06.2017","4,060","4,010","4,070","3,990","43,26M","1,25%"
"14.06.2017","4,010","4,120","4,140","4,000","17,17M","-2,20%"
"13.06.2017","4,100","4,120","4,140","4,090","14,91M","-0,24%"
"12.06.2017","4,110","4,170","4,190","4,100","22,79M","-1,91%"
"09.06.2017","4,190","4,120","4,190","4,080","22,65M","1,70%"
"08.06.2017","4,120","4,150","4,210","4,040","25,31M","-0,96%"
"07.06.2017","4,160","4,100","4,210","4,080","26,24M","1,71%"
"06.06.2017","4,090","4,090","4,120","4,080","24,81M","-0,73%"
"05.06.2017","4,120","4,130","4,150","4,090","11,98M","0,00%"
"02.06.2017","4,120","4,190","4,240","4,110","21,08M","-0,48%"
"01.06.2017","4,140","4,200","4,210","4,120","16,30M","-1,43%"
"31.05.2017","4,200","4,180","4,230","4,140","34,94M","0,96%"
"30.05.2017","4,160","4,190","4,210","4,130","31,15M","-1,19%"
"29.05.2017","4,210","4,210","4,230","4,190","6,06M","-0,47%"
"26.05.2017","4,230","4,210","4,230","4,140","10,81M","0,00%"
"25.05.2017","4,230","4,300","4,310","4,210","11,94M","-0,94%"
"24.05.2017","4,270","4,280","4,320","4,240","10,40M","0,00%"
"23.05.2017","4,270","4,140","4,270","4,130","14,74M","2,64%"
"22.05.2017","4,160","4,200","4,220","4,150","10,59M","-1,42%"
"19.05.2017","4,220","4,170","4,250","4,160","14,36M","1,20%"
"18.05.2017","4,170","4,160","4,190","3,970","40,81M","0,24%"
"17.05.2017","4,160","4,300","4,330","4,160","19,43M","-3,93%"
"16.05.2017","4,330","4,270","4,350","4,250","18,99M","1,17%"
"15.05.2017","4,280","4,220","4,280","4,220","13,50M","1,90%"
"12.05.2017","4,200","4,270","4,290","4,180","24,51M","-1,18%"
"11.05.2017","4,250","4,290","4,300","4,210","24,57M","-0,23%"
"10.05.2017","4,260","4,250","4,290","4,210","18,57M","0,24%"
"09.05.2017","4,250","4,320","4,360","4,240","24,20M","-1,62%"
"08.05.2017","4,320","4,460","4,460","4,300","28,72M","-2,48%"
"05.05.2017","4,430","4,280","4,460","4,260","29,59M","0,91%"
"04.05.2017","4,390","4,230","4,390","4,220","44,52M","4,03%"
"03.05.2017","4,220","4,170","4,220","4,170","22,37M","0,24%"
"02.05.2017","4,210","4,180","4,230","4,170","55,45M","0,96%"
"28.04.2017","4,170","4,070","4,180","4,030","29,70M","3,47%"
"27.04.2017","4,030","4,090","4,100","4,030","22,22M","-2,18%"
"26.04.2017","4,120","4,140","4,170","4,100","18,83M","-0,72%"
"25.04.2017","4,150","4,090","4,170","4,030","32,32M","1,22%"
"24.04.2017","4,100","4,100","4,190","4,040","56,79M","4,59%"
"21.04.2017","3,920","3,870","3,940","3,830","19,96M","1,82%"
"20.04.2017","3,850","3,820","3,890","3,810","25,28M","0,52%"
"19.04.2017","3,830","3,700","3,830","3,700","56,88M","3,51%"
"18.04.2017","3,700","3,750","3,770","3,690","87,28M","-1,07%"
"13.04.2017","3,740","3,730","3,750","3,680","14,12M","-0,27%"
"12.04.2017","3,750","3,810","3,820","3,740","160,66M","-1,83%"
"11.04.2017","3,820","3,880","3,880","3,810","60,91M","-2,80%"
"10.04.2017","3,930","4,040","4,050","3,920","30,16M","-2,96%"
"07.04.2017","4,050","4,030","4,060","4,010","136,64M","0,25%"
"06.04.2017","4,040","3,950","4,040","3,920","19,40M","1,51%"
"05.04.2017","3,980","3,960","4,020","3,950","23,85M","1,02%"
"04.04.2017","3,940","3,940","3,980","3,890","128,00M","0,25%"
"03.04.2017","3,930","4,020","4,030","3,920","23,47M","-2,48%"
"31.03.2017","4,030","4,000","4,030","3,980","24,18M","0,00%"
"30.03.2017","4,030","3,990","4,030","3,980","18,41M","1,26%"
"29.03.2017","3,980","4,000","4,030","3,910","28,83M","-0,50%"
"28.03.2017","4,000","3,930","4,000","3,920","23,87M","2,30%"
"27.03.2017","3,910","3,850","3,910","3,800","22,43M","-0,26%"
"24.03.2017","3,920","3,900","3,920","3,880","17,87M","0,00%"
"23.03.2017","3,920","3,890","3,930","3,870","24,41M","0,77%"
"22.03.2017","3,890","3,820","3,930","3,730","30,91M","1,04%"
"21.03.2017","3,850","3,880","3,940","3,820","21,16M","0,00%"
"20.03.2017","3,850","3,860","3,900","3,840","14,99M","-0,77%"
"17.03.2017","3,880","3,840","3,900","3,840","33,60M","0,26%"
"16.03.2017","3,870","3,850","3,900","3,830","26,59M","1,31%"
"15.03.2017","3,820","3,730","3,820","3,730","28,96M","2,41%"
"14.03.2017","3,730","3,750","3,760","3,710","16,39M","-0,80%"
"13.03.2017","3,760","3,750","3,790","3,720","17,21M","0,00%"
"10.03.2017","3,760","3,630","3,770","3,620","34,49M","3,87%"
"09.03.2017","3,620","3,510","3,660","3,500","30,66M","3,72%"
"08.03.2017","3,490","3,460","3,510","3,450","17,10M","1,16%"
"07.03.2017","3,450","3,470","3,480","3,440","15,38M","-0,86%"
"06.03.2017","3,480","3,440","3,490","3,430","15,48M","0,29%"
"03.03.2017","3,470","3,360","3,470","3,350","23,43M","2,36%"
"02.03.2017","3,390","3,420","3,420","3,370","18,26M","-0,29%"
"01.03.2017","3,400","3,330","3,400","3,320","24,80M","3,03%"
"28.02.2017","3,300","3,250","3,300","3,240","23,94M","2,17%"
"27.02.2017","3,230","3,230","3,240","3,200","17,03M","0,62%"
"24.02.2017","3,210","3,320","3,330","3,170","19,50M","-1,83%"
"23.02.2017","3,270","3,350","3,350","3,250","18,46M","-1,80%"
"22.02.2017","3,330","3,400","3,420","3,310","14,01M","-2,06%"
"21.02.2017","3,400","3,360","3,420","3,320","16,05M","1,19%"
"20.02.2017","3,360","3,400","3,420","3,350","6,80M","-0,30%"
"17.02.2017","3,370","3,420","3,430","3,340","16,01M","-1,17%"
"16.02.2017","3,410","3,410","3,420","3,390","15,74M","0,29%"
"15.02.2017","3,400","3,400","3,410","3,380","15,32M","0,89%"
"14.02.2017","3,370","3,360","3,390","3,340","19,22M","0,30%"
"13.02.2017","3,360","3,340","3,370","3,320","13,59M","0,90%"
"10.02.2017","3,330","3,410","3,420","3,320","16,33M","-1,77%"
"09.02.2017","3,390","3,390","3,410","3,350","30,39M","0,89%"
"08.02.2017","3,360","3,420","3,440","3,290","26,91M","-1,18%"
"07.02.2017","3,400","3,360","3,440","3,300","53,11M","-1,73%"
"06.02.2017","3,460","3,530","3,560","3,450","18,36M","-2,26%"
"03.02.2017","3,540","3,540","3,630","3,520","24,31M","1,14%"
"02.02.2017","3,500","3,400","3,540","3,350","28,70M","2,94%"
"01.02.2017","3,400","3,440","3,470","3,380","15,86M","0,59%"
"31.01.2017","3,380","3,410","3,480","3,380","15,28M","-0,59%"
"30.01.2017","3,400","3,480","3,500","3,400","15,69M","-2,86%"
"27.01.2017","3,500","3,490","3,510","3,420","13,58M","0,00%"
"26.01.2017","3,500","3,550","3,590","3,490","22,21M","-1,69%"
"25.01.2017","3,560","3,390","3,590","3,390","31,20M","6,59%"
"24.01.2017","3,340","3,280","3,350","3,270","12,17M","1,52%"
"23.01.2017","3,290","3,310","3,310","3,260","10,87M","-0,90%"
"20.01.2017","3,320","3,340","3,370","3,300","15,79M","0,00%"
"19.01.2017","3,320","3,270","3,330","3,240","16,43M","2,15%"
"18.01.2017","3,250","3,270","3,280","3,220","10,26M","0,00%"
"17.01.2017","3,250","3,280","3,310","3,250","13,72M","-1,22%"
"16.01.2017","3,290","3,330","3,330","3,280","15,32M","-1,79%"
"13.01.2017","3,350","3,280","3,350","3,270","12,28M","2,45%"
"12.01.2017","3,270","3,260","3,330","3,240","14,99M","-0,30%"
"11.01.2017","3,280","3,300","3,320","3,260","12,80M","-0,61%"
"10.01.2017","3,300","3,290","3,310","3,250","9,88M","0,30%"
"09.01.2017","3,290","3,330","3,330","3,270","9,82M","-0,60%"
"06.01.2017","3,310","3,310","3,330","3,270","6,95M","0,00%"
"05.01.2017","3,310","3,250","3,350","3,250","12,99M","1,22%"
"04.01.2017","3,270","3,300","3,330","3,260","10,42M","-0,61%"
"03.01.2017","3,290","3,210","3,330","3,200","16,02M","3,13%"
"02.01.2017","3,190","3,120","3,210","3,120","5,16M","1,59%"
"30.12.2016","3,140","3,140","3,150","3,120","6,00M","0,00%"
"29.12.2016","3,140","3,130","3,160","3,130","4,92M","-0,32%"
"28.12.2016","3,150","3,150","3,190","3,140","7,88M","-0,63%"
"27.12.2016","3,170","3,170","3,200","3,170","4,56M","-0,31%"
"23.12.2016","3,180","3,190","3,210","3,170","6,48M","-0,31%"
"22.12.2016","3,190","3,180","3,220","3,160","10,31M","0,00%"
"21.12.2016","3,190","3,220","3,240","3,030","27,26M","-0,93%"
"20.12.2016","3,220","3,180","3,240","3,180","14,33M","0,94%"
"19.12.2016","3,190","3,230","3,240","3,190","12,48M","-1,24%"
"16.12.2016","3,230","3,190","3,250","3,180","51,68M","0,94%"
"15.12.2016","3,200","3,130","3,210","3,120","21,94M","2,24%"
"14.12.2016","3,130","3,150","3,180","3,120","37,74M","-4,28%"
"13.12.2016","3,270","3,220","3,280","3,160","22,64M","1,24%"
"12.12.2016","3,230","3,240","3,290","3,210","13,55M","-0,31%"
"09.12.2016","3,240","3,220","3,260","3,180","19,00M","0,00%"
"08.12.2016","3,240","3,130","3,270","3,110","28,03M","3,85%"
"07.12.2016","3,120","3,080","3,130","3,080","27,59M","1,96%"
"06.12.2016","3,060","2,870","3,080","2,860","25,11M","6,99%"
"05.12.2016","2,860","2,730","2,880","2,710","19,04M","3,25%"
"02.12.2016","2,770","2,790","2,810","2,750","11,47M","-0,72%"
"01.12.2016","2,790","2,740","2,790","2,730","11,31M","1,82%"
"30.11.2016","2,740","2,710","2,750","2,670","16,47M","0,74%"
"29.11.2016","2,720","2,720","2,770","2,710","11,07M","0,00%"
"28.11.2016","2,720","2,750","2,770","2,700","15,32M","-2,16%"
"25.11.2016","2,780","2,810","2,810","2,770","6,85M","-0,71%"
"24.11.2016","2,800","2,820","2,840","2,790","6,83M","-0,36%"
"23.11.2016","2,810","2,800","2,830","2,730","12,91M","0,72%"
"22.11.2016","2,790","2,840","2,850","2,770","11,83M","0,00%"
"21.11.2016","2,790","2,810","2,820","2,760","10,11M","-0,36%"
"18.11.2016","2,800","2,860","2,870","2,790","16,62M","-1,75%"
"17.11.2016","2,850","2,810","2,850","2,780","13,60M","0,71%"
"16.11.2016","2,830","2,910","2,930","2,810","17,13M","-2,41%"
"15.11.2016","2,900","2,900","2,950","2,840","14,34M","0,00%"
"14.11.2016","2,900","2,880","2,930","2,860","19,02M","2,11%"
"11.11.2016","2,840","2,890","2,920","2,820","13,50M","-1,39%"
"10.11.2016","2,880","2,840","2,950","2,840","28,90M","2,13%"
"09.11.2016","2,820","2,600","2,830","2,580","27,90M","2,55%"
"08.11.2016","2,750","2,740","2,760","2,690","12,42M","1,10%"
"07.11.2016","2,720","2,700","2,730","2,670","10,45M","2,64%"
"04.11.2016","2,650","2,690","2,690","2,620","12,52M","-1,49%"
"03.11.2016","2,690","2,630","2,730","2,630","16,33M","1,89%"
"02.11.2016","2,640","2,670","2,670","2,600","13,21M","-1,49%"
"01.11.2016","2,680","2,740","2,750","2,680","12,45M","-1,47%"
"31.10.2016","2,720","2,700","2,750","2,700","14,57M","0,00%"
"28.10.2016","2,720","2,670","2,750","2,670","16,03M","0,74%"
"27.10.2016","2,700","2,660","2,720","2,650","21,24M","0,75%"
"26.10.2016","2,680","2,670","2,710","2,660","14,20M","0,00%"
"25.10.2016","2,680","2,710","2,710","2,570","24,98M","-0,74%"
"24.10.2016","2,700","2,600","2,720","2,600","22,57M","4,65%"
"21.10.2016","2,580","2,570","2,580","2,550","16,47M","0,39%"
"20.10.2016","2,570","2,510","2,570","2,500","22,83M","2,80%"
"19.10.2016","2,500","2,480","2,510","2,450","20,47M","0,81%"
"18.10.2016","2,480","2,430","2,480","2,430","26,62M","2,06%"
"17.10.2016","2,430","2,350","2,430","2,330","26,88M","2,53%"
"14.10.2016","2,370","2,310","2,390","2,310","19,22M","3,04%"
"13.10.2016","2,300","2,310","2,310","2,260","17,92M","-1,29%"
"12.10.2016","2,330","2,330","2,350","2,310","10,01M","0,87%"
"11.10.2016","2,310","2,320","2,340","2,300","13,13M","-0,86%"
"10.10.2016","2,330","2,350","2,360","2,320","16,14M","-1,27%"
"07.10.2016","2,360","2,340","2,370","2,320","20,43M","0,85%"
"06.10.2016","2,340","2,320","2,370","2,310","33,49M","2,18%"
"05.10.2016","2,290","2,200","2,290","2,200","21,42M","3,15%"
"04.10.2016","2,220","2,220","2,250","2,200","19,33M","0,45%"
"03.10.2016","2,210","2,220","2,230","2,180","12,21M","-0,45%"
"30.09.2016","2,220","2,150","2,240","2,070","33,30M","1,37%"
"29.09.2016","2,190","2,200","2,220","2,170","16,04M","0,92%"
"28.09.2016","2,170","2,190","2,200","2,150","20,02M","0,00%"
"27.09.2016","2,170","2,190","2,210","2,140","59,65M","-0,91%"
"26.09.2016","2,190","2,220","2,230","2,140","47,84M","-1,79%"
"23.09.2016","2,230","2,270","2,270","2,230","92,18M","-3,88%"
"22.09.2016","2,320","2,400","2,410","2,270","30,78M","-2,93%"
"21.09.2016","2,390","2,410","2,420","2,380","17,35M","0,84%"
"20.09.2016","2,370","2,370","2,400","2,320","11,18M","-0,84%"
"19.09.2016","2,390","2,460","2,460","2,370","16,36M","-1,65%"
"16.09.2016","2,430","2,430","2,450","2,410","54,33M","-1,22%"
"15.09.2016","2,460","2,400","2,460","2,390","15,11M","2,50%"
"14.09.2016","2,400","2,420","2,430","2,370","12,20M","-0,41%"
"13.09.2016","2,410","2,470","2,490","2,410","11,65M","-1,63%"
"12.09.2016","2,450","2,460","2,470","2,410","15,30M","-2,39%"
"09.09.2016","2,510","2,460","2,530","2,450","14,35M","1,62%"
"08.09.2016","2,470","2,420","2,480","2,400","16,29M","2,07%"
"07.09.2016","2,420","2,370","2,430","2,360","13,46M","2,11%"
"06.09.2016","2,370","2,430","2,440","2,370","11,88M","-2,07%"
"05.09.2016","2,420","2,420","2,450","2,390","8,20M","0,00%"
"02.09.2016","2,420","2,410","2,430","2,350","12,35M","1,68%"
"01.09.2016","2,380","2,370","2,470","2,370","18,76M","0,00%"
"31.08.2016","2,380","2,340","2,410","2,340","14,33M","1,28%"
"30.08.2016","2,350","2,330","2,360","2,320","9,38M","1,29%"
"29.08.2016","2,320","2,330","2,370","2,310","5,14M","-0,85%"
"26.08.2016","2,340","2,310","2,340","2,300","7,10M","0,86%"
"25.08.2016","2,320","2,340","2,350","2,300","5,67M","-1,28%"
"24.08.2016","2,350","2,300","2,370","2,280","7,60M","1,73%"
"23.08.2016","2,310","2,290","2,330","2,270","8,53M","1,32%"
"22.08.2016","2,280","2,260","2,310","2,250","6,80M","0,88%"
"19.08.2016","2,260","2,310","2,320","2,240","7,88M","-1,74%"
"18.08.2016","2,300","2,330","2,340","2,270","10,29M","-0,86%"
"17.08.2016","2,320","2,360","2,390","2,320","7,52M","-2,11%"
"16.08.2016","2,370","2,400","2,410","2,320","10,28M","-1,25%"
"15.08.2016","2,400","2,390","2,410","2,390","5,12M","0,00%"
"12.08.2016","2,400","2,390","2,420","2,390","8,21M","0,42%"
"11.08.2016","2,390","2,390","2,400","2,360","8,49M","0,00%"
"10.08.2016","2,390","2,300","2,390","2,300","18,95M","3,46%"
"09.08.2016","2,310","2,260","2,310","2,250","9,78M","1,32%"
"08.08.2016","2,280","2,250","2,310","2,250","14,38M","1,79%"
"05.08.2016","2,240","2,170","2,240","2,150","12,43M","3,70%"
"04.08.2016","2,160","2,110","2,180","2,100","12,37M","3,35%"
"03.08.2016","2,090","2,090","2,130","2,060","15,19M","0,97%"
"02.08.2016","2,070","2,180","2,180","2,060","18,85M","-5,48%"
"01.08.2016","2,190","2,270","2,270","2,150","13,29M","-1,35%"
"29.07.2016","2,220","2,170","2,260","2,150","22,22M","4,72%"
"28.07.2016","2,120","2,190","2,220","2,120","13,16M","-3,64%"
"27.07.2016","2,200","2,170","2,230","2,170","9,15M","1,38%"
"26.07.2016","2,170","2,180","2,190","2,130","7,26M","-0,46%"
"25.07.2016","2,180","2,190","2,200","2,160","6,99M","0,00%"
"22.07.2016","2,180","2,220","2,230","2,150","13,27M","-1,80%"
"21.07.2016","2,220","2,190","2,260","2,180","14,03M","1,83%"
"20.07.2016","2,180","2,180","2,190","2,150","8,52M","0,93%"
"19.07.2016","2,160","2,160","2,200","2,130","10,13M","0,00%"
"18.07.2016","2,160","2,170","2,190","2,110","9,31M","0,47%"
"15.07.2016","2,150","2,150","2,210","2,120","15,14M","-0,46%"
"14.07.2016","2,160","2,170","2,190","2,110","13,73M","0,93%"
"13.07.2016","2,140","2,090","2,210","2,030","29,31M","1,42%"
"12.07.2016","2,110","2,020","2,110","2,010","18,45M","4,46%"
"11.07.2016","2,020","2,020","2,040","1,970","13,93M","1,00%"
"08.07.2016","2,000","1,930","2,060","1,920","21,10M","3,09%"
"07.07.2016","1,940","1,920","1,970","1,890","18,91M","1,57%"
"06.07.2016","1,910","1,930","1,960","1,870","23,94M","-1,55%"
"05.07.2016","1,940","1,960","2,000","1,930","18,34M","-2,02%"
"04.07.2016","1,980","2,000","2,020","1,940","17,98M","-0,50%"
"01.07.2016","1,990","1,970","2,000","1,930","22,85M","2,58%"
"30.06.2016","1,940","1,950","1,970","1,900","31,62M","-1,02%"
"29.06.2016","1,960","1,980","2,010","1,930","23,59M","1,55%"
"28.06.2016","1,930","1,960","1,990","1,900","34,59M","3,21%"
"27.06.2016","1,870","2,080","2,080","1,800","55,22M","-1,58%"
"24.06.2016","1,900","1,870","2,030","1,800","77,92M","-18,10%"
"23.06.2016","2,320","2,240","2,320","2,210","18,71M","3,57%"
"22.06.2016","2,240","2,220","2,260","2,170","16,11M","1,82%"
"21.06.2016","2,200","2,220","2,230","2,180","20,87M","-0,90%"
"20.06.2016","2,220","2,250","2,270","2,200","20,61M","3,74%"
"17.06.2016","2,140","2,060","2,140","2,060","47,45M","4,90%"
"16.06.2016","2,040","2,030","2,050","1,990","22,13M","-0,97%"
"15.06.2016","2,060","2,090","2,130","2,040","24,08M","0,00%"
"14.06.2016","2,060","2,100","2,120","2,050","22,27M","-2,37%"
"13.06.2016","2,110","2,160","2,170","2,100","18,04M","-3,21%"
"10.06.2016","2,180","2,300","2,300","2,170","26,97M","-5,22%"
"09.06.2016","2,300","2,340","2,360","2,300","14,69M","-1,71%"
"08.06.2016","2,340","2,390","2,400","2,320","65,82M","-2,50%"
"07.06.2016","2,400","2,400","2,420","2,380","11,03M","0,84%"
"06.06.2016","2,380","2,380","2,430","2,340","11,09M","0,42%"
"03.06.2016","2,370","2,490","2,490","2,340","19,07M","-3,66%"
"02.06.2016","2,460","2,410","2,550","2,410","23,72M","1,65%"
"01.06.2016","2,420","2,430","2,440","2,380","16,58M","-0,41%"
"31.05.2016","2,430","2,450","2,460","2,410","19,50M","-0,82%"
"30.05.2016","2,450","2,470","2,490","2,440","6,73M","-0,41%"
"27.05.2016","2,460","2,470","2,490","2,430","14,13M","-1,60%"
"26.05.2016","2,500","2,580","2,590","2,440","27,13M","-4,21%"
"25.05.2016","2,610","2,490","2,620","2,490","23,21M","6,10%"
"24.05.2016","2,460","2,380","2,470","2,370","11,05M","2,50%"
"23.05.2016","2,400","2,420","2,440","2,370","11,20M","-0,83%"
"20.05.2016","2,420","2,430","2,460","2,400","9,34M","0,41%"
"19.05.2016","2,410","2,400","2,470","2,390","18,26M","0,84%"
"18.05.2016","2,390","2,350","2,410","2,340","16,84M","0,42%"
"17.05.2016","2,380","2,390","2,470","2,370","14,14M","0,42%"
"16.05.2016","2,370","2,340","2,390","2,330","5,21M","0,42%"
"13.05.2016","2,360","2,350","2,390","2,330","7,28M","0,00%"
"12.05.2016","2,360","2,360","2,400","2,340","11,46M","0,00%"
"11.05.2016","2,360","2,370","2,390","2,320","12,12M","-0,42%"
"10.05.2016","2,370","2,350","2,400","2,300","15,19M","0,85%"
"09.05.2016","2,350","2,440","2,450","2,340","13,25M","-2,08%"
"06.05.2016","2,400","2,370","2,440","2,340","15,01M","1,27%"
"05.05.2016","2,370","2,420","2,450","2,360","17,01M","-1,25%"
"04.05.2016","2,400","2,440","2,470","2,400","17,58M","-1,23%"
"03.05.2016","2,430","2,570","2,570","2,420","18,94M","-5,45%"
"02.05.2016","2,570","2,620","2,620","2,550","8,23M","-1,15%"
"29.04.2016","2,600","2,670","2,710","2,590","14,18M","-3,35%"
"28.04.2016","2,690","2,720","2,720","2,600","18,48M","-3,24%"
"27.04.2016","2,780","2,810","2,840","2,760","11,09M","-1,07%"
"26.04.2016","2,810","2,720","2,820","2,710","12,97M","3,69%"
"25.04.2016","2,710","2,780","2,810","2,700","9,89M","-2,87%"
"22.04.2016","2,790","2,750","2,810","2,750","14,55M","1,09%"
"21.04.2016","2,760","2,670","2,780","2,660","18,45M","4,15%"
"20.04.2016","2,650","2,540","2,670","2,530","14,98M","2,71%"
"19.04.2016","2,580","2,580","2,620","2,570","13,08M","0,39%"
"18.04.2016","2,570","2,570","2,610","2,520","20,32M","-3,02%"
"15.04.2016","2,650","2,620","2,660","2,600","9,67M","0,38%"
"14.04.2016","2,640","2,620","2,660","2,560","15,54M","1,15%"
"13.04.2016","2,610","2,520","2,630","2,510","16,20M","5,24%"
"12.04.2016","2,480","2,500","2,550","2,430","12,54M","-0,80%"
"11.04.2016","2,500","2,460","2,540","2,420","10,39M","1,63%"
"08.04.2016","2,460","2,390","2,490","2,390","11,62M","2,93%"
"07.04.2016","2,390","2,460","2,470","2,370","12,67M","-2,85%"
"06.04.2016","2,460","2,470","2,520","2,440","10,18M","0,00%"
"05.04.2016","2,460","2,500","2,510","2,450","12,24M","-2,38%"
"04.04.2016","2,520","2,550","2,590","2,510","15,93M","-2,33%"
"01.04.2016","2,580","2,540","2,630","2,520","16,75M","0,39%"
"31.03.2016","2,570","2,610","2,620","2,540","14,44M","-1,53%"
"30.03.2016","2,610","2,640","2,670","2,600","8,94M","0,00%"
"29.03.2016","2,610","2,670","2,710","2,590","9,91M","-1,51%"
"24.03.2016","2,650","2,670","2,720","2,630","10,47M","-1,85%"
"23.03.2016","2,700","2,780","2,790","2,670","10,59M","-1,82%"
"22.03.2016","2,750","2,740","2,760","2,690","11,45M","0,00%"
"21.03.2016","2,750","2,750","2,840","2,730","10,77M","-0,72%"
"18.03.2016","2,770","2,720","2,800","2,680","24,62M","2,59%"
"17.03.2016","2,700","2,750","2,760","2,600","17,67M","-0,37%"
"16.03.2016","2,710","2,770","2,810","2,700","15,85M","-1,45%"
"15.03.2016","2,750","2,820","2,840","2,730","20,62M","-3,17%"
"14.03.2016","2,840","2,870","2,900","2,830","19,93M","0,35%"
"11.03.2016","2,830","2,730","2,840","2,710","24,10M","5,99%"
"10.03.2016","2,670","2,600","2,790","2,560","35,82M","3,09%"
"09.03.2016","2,590","2,610","2,670","2,580","17,70M","-0,38%"
"08.03.2016","2,600","2,580","2,680","2,560","15,80M","-0,38%"
"07.03.2016","2,610","2,640","2,670","2,530","17,76M","-1,88%"
"04.03.2016","2,660","2,690","2,710","2,610","16,48M","-0,75%"
"03.03.2016","2,680","2,680","2,700","2,640","15,47M","0,37%"
"02.03.2016","2,670","2,600","2,680","2,570","25,51M","3,89%"
"01.03.2016","2,570","2,570","2,600","2,500","16,85M","-0,39%"
"29.02.2016","2,580","2,460","2,580","2,430","16,50M","4,03%"
"26.02.2016","2,480","2,430","2,490","2,420","13,90M","3,33%"
"25.02.2016","2,400","2,410","2,430","2,380","10,98M","1,27%"
"24.02.2016","2,370","2,460","2,480","2,350","13,07M","-4,05%"
"23.02.2016","2,470","2,490","2,580","2,460","12,05M","-1,20%"
"22.02.2016","2,500","2,430","2,510","2,410","13,40M","4,17%"
"19.02.2016","2,400","2,470","2,500","2,360","19,32M","-2,44%"
"18.02.2016","2,460","2,620","2,660","2,440","20,22M","-5,75%"
"17.02.2016","2,610","2,530","2,610","2,500","16,37M","3,98%"
"16.02.2016","2,510","2,530","2,540","2,440","17,84M","0,00%"
"15.02.2016","2,510","2,480","2,520","2,440","15,57M","4,15%"
"12.02.2016","2,410","2,380","2,410","2,300","16,38M","3,88%"
"11.02.2016","2,320","2,460","2,460","2,320","24,82M","-6,45%"
"10.02.2016","2,480","2,400","2,560","2,360","31,08M","4,20%"
"09.02.2016","2,380","2,430","2,470","2,310","28,48M","-1,24%"
"08.02.2016","2,410","2,610","2,610","2,390","22,12M","-6,23%"
"05.02.2016","2,570","2,440","2,630","2,400","31,14M","5,33%"
"04.02.2016","2,440","2,410","2,450","2,350","31,75M","2,95%"
"03.02.2016","2,370","2,490","2,510","2,300","19,86M","-4,82%"
"02.02.2016","2,490","2,630","2,650","2,460","36,13M","-6,04%"
"01.02.2016","2,650","2,730","2,880","2,640","19,15M","-2,21%"
"29.01.2016","2,710","2,700","2,760","2,650","24,20M","3,83%"
"28.01.2016","2,610","2,660","2,730","2,580","16,17M","-2,61%"
"27.01.2016","2,680","2,680","2,710","2,630","10,36M","-0,74%"
"26.01.2016","2,700","2,550","2,700","2,520","15,28M","4,25%"
"25.01.2016","2,590","2,780","2,780","2,560","19,07M","-6,50%"
"22.01.2016","2,770","2,780","2,810","2,720","14,33M","3,75%"
"21.01.2016","2,670","2,610","2,710","2,600","15,59M","2,69%"
"20.01.2016","2,600","2,700","2,700","2,580","16,02M","-4,76%"
"19.01.2016","2,730","2,830","2,840","2,730","13,80M","-1,80%"
"18.01.2016","2,780","2,780","2,870","2,760","14,54M","0,72%"
"15.01.2016","2,760","2,820","2,840","2,740","16,37M","-2,82%"
"14.01.2016","2,840","2,830","2,860","2,780","13,53M","-0,70%"
"13.01.2016","2,860","2,860","2,910","2,830","14,55M","0,70%"
"12.01.2016","2,840","2,870","2,880","2,810","14,52M","-0,70%"
"11.01.2016","2,860","2,850","2,940","2,850","11,59M","-0,35%"
"08.01.2016","2,870","2,920","2,950","2,860","14,89M","-1,37%"
"07.01.2016","2,910","2,920","2,940","2,860","25,91M","-2,35%"
"06.01.2016","2,980","3,080","3,090","2,970","17,38M","-3,56%"
"05.01.2016","3,090","3,150","3,150","3,080","9,35M","-0,96%"
"04.01.2016","3,120","3,140","3,140","3,050","14,65M","-0,32%"
"31.12.2015","3,130","3,140","3,160","3,120","3,55M","-0,95%"
"30.12.2015","3,160","3,160","3,200","3,150","7,81M","-0,63%"
"29.12.2015","3,180","3,190","3,200","3,150","9,61M","0,63%"
"28.12.2015","3,160","3,180","3,230","3,150","8,26M","-1,25%"
"24.12.2015","3,200","3,220","3,250","3,180","4,97M","-0,62%"
"23.12.2015","3,220","3,250","3,280","3,110","19,37M","-0,31%"
"22.12.2015","3,230","3,290","3,310","3,230","14,84M","-0,92%"
"21.12.2015","3,260","3,410","3,410","3,240","32,50M","-7,39%"
"18.12.2015","3,520","3,510","3,570","3,490","37,63M","-0,85%"
"17.12.2015","3,550","3,510","3,590","3,490","20,01M","2,90%"
"16.12.2015","3,450","3,460","3,470","3,380","17,36M","-0,29%"
"15.12.2015","3,460","3,340","3,480","3,330","12,61M","4,22%"
"14.12.2015","3,320","3,360","3,400","3,310","11,66M","-1,19%"
"11.12.2015","3,360","3,350","3,410","3,330","11,21M","0,30%"
"10.12.2015","3,350","3,370","3,470","3,330","14,92M","-1,47%"
"09.12.2015","3,400","3,380","3,440","3,310","13,30M","0,59%"
"08.12.2015","3,380","3,470","3,480","3,360","12,89M","-2,87%"
"07.12.2015","3,480","3,560","3,560","3,470","16,54M","-1,42%"
"04.12.2015","3,530","3,450","3,550","3,440","18,15M","1,44%"
"03.12.2015","3,480","3,440","3,510","3,400","25,33M","1,16%"
"02.12.2015","3,440","3,450","3,470","3,410","12,88M","0,00%"
"01.12.2015","3,440","3,400","3,460","3,390","13,54M","1,78%"
"30.11.2015","3,380","3,350","3,410","3,340","13,06M","0,60%"
"27.11.2015","3,360","3,380","3,420","3,330","9,15M","-1,18%"
"26.11.2015","3,400","3,360","3,410","3,300","9,36M","1,19%"
"25.11.2015","3,360","3,430","3,430","3,290","15,87M","-2,04%"
"24.11.2015","3,430","3,390","3,440","3,350","9,86M","0,88%"
"23.11.2015","3,400","3,370","3,420","3,340","7,30M","0,59%"
"20.11.2015","3,380","3,460","3,480","3,370","12,86M","-2,31%"
"19.11.2015","3,460","3,400","3,460","3,390","16,31M","2,67%"
"18.11.2015","3,370","3,380","3,410","3,360","9,56M","-0,59%"
"17.11.2015","3,390","3,350","3,400","3,330","10,11M","2,11%"
"16.11.2015","3,320","3,300","3,350","3,300","7,19M","-0,30%"
"13.11.2015","3,330","3,290","3,360","3,280","10,84M","0,91%"
"12.11.2015","3,300","3,400","3,400","3,270","13,87M","-3,23%"
"11.11.2015","3,410","3,370","3,430","3,340","11,08M","1,49%"
"10.11.2015","3,360","3,430","3,430","3,340","10,43M","-1,75%"
"09.11.2015","3,420","3,460","3,490","3,410","12,51M","-1,16%"
"06.11.2015","3,460","3,340","3,490","3,330","14,70M","3,90%"
"05.11.2015","3,330","3,410","3,410","3,310","13,80M","-2,06%"
"04.11.2015","3,400","3,440","3,480","3,400","16,51M","-0,87%"
"03.11.2015","3,430","3,390","3,430","3,370","13,57M","0,88%"
"02.11.2015","3,400","3,370","3,440","3,370","11,60M","0,00%"
"30.10.2015","3,400","3,370","3,410","3,330","15,78M","1,19%"
"29.10.2015","3,360","3,380","3,390","3,300","11,14M","-0,30%"
"28.10.2015","3,370","3,380","3,390","3,320","11,17M","-0,59%"
"27.10.2015","3,390","3,470","3,470","3,370","16,97M","-2,87%"
"26.10.2015","3,490","3,510","3,530","3,460","13,56M","0,00%"
"23.10.2015","3,490","3,550","3,610","3,470","30,03M","-3,32%"
"22.10.2015","3,610","3,580","3,640","3,550","11,15M","-0,55%"
"21.10.2015","3,630","3,620","3,660","3,570","9,30M","0,55%"
"20.10.2015","3,610","3,670","3,680","3,590","10,96M","-1,63%"
"19.10.2015","3,670","3,660","3,720","3,640","8,58M","0,27%"
"16.10.2015","3,660","3,660","3,690","3,650","10,39M","0,83%"
"15.10.2015","3,630","3,710","3,720","3,630","11,55M","-1,63%"
"14.10.2015","3,690","3,650","3,730","3,620","8,53M","0,54%"
"13.10.2015","3,670","3,760","3,760","3,650","18,46M","-2,91%"
"12.10.2015","3,780","3,840","3,890","3,760","12,78M","-1,56%"
"09.10.2015","3,840","3,820","3,840","3,790","15,87M","1,05%"
"08.10.2015","3,800","3,700","3,800","3,670","17,03M","2,70%"
"07.10.2015","3,700","3,630","3,750","3,620","19,89M","2,78%"
"06.10.2015","3,600","3,560","3,610","3,510","10,52M","1,69%"
"05.10.2015","3,540","3,490","3,560","3,460","12,37M","3,21%"
"02.10.2015","3,430","3,420","3,460","3,370","11,41M","1,48%"
"01.10.2015","3,380","3,400","3,440","3,370","11,91M","0,90%"
"30.09.2015","3,350","3,380","3,390","3,320","12,57M","0,90%"
"29.09.2015","3,320","3,230","3,340","3,230","14,63M","1,53%"
"28.09.2015","3,270","3,290","3,400","3,240","17,40M","-0,91%"
"25.09.2015","3,300","3,320","3,350","3,290","13,95M","0,92%"
"24.09.2015","3,270","3,340","3,370","3,250","13,54M","-2,10%"
"23.09.2015","3,340","3,410","3,420","3,330","16,94M","-2,34%"
"22.09.2015","3,420","3,520","3,540","3,410","13,53M","-3,12%"
"21.09.2015","3,530","3,550","3,600","3,530","12,39M","-0,84%"
"18.09.2015","3,560","3,610","3,620","3,520","31,50M","-2,47%"
"17.09.2015","3,650","3,480","3,690","3,480","18,54M","5,19%"
"16.09.2015","3,470","3,520","3,520","3,450","14,13M","-0,86%"
"15.09.2015","3,500","3,440","3,520","3,420","13,01M","1,45%"
"14.09.2015","3,450","3,490","3,500","3,420","11,88M","-0,86%"
"11.09.2015","3,480","3,530","3,530","3,460","12,53M","-1,14%"
"10.09.2015","3,520","3,580","3,590","3,500","10,23M","-2,22%"
"09.09.2015","3,600","3,610","3,650","3,580","10,72M","1,41%"
"08.09.2015","3,550","3,540","3,590","3,530","10,18M","1,43%"
"07.09.2015","3,500","3,560","3,570","3,500","7,08M","-0,57%"
"04.09.2015","3,520","3,570","3,580","3,460","16,95M","-1,40%"
"03.09.2015","3,570","3,610","3,620","3,540","13,00M","0,00%"
"02.09.2015","3,570","3,620","3,640","3,560","13,40M","-1,11%"
"01.09.2015","3,610","3,690","3,710","3,590","12,14M","-2,96%"
"31.08.2015","3,720","3,740","3,750","3,690","8,99M","-0,53%"
"28.08.2015","3,740","3,740","3,770","3,710","7,73M","0,00%"
"27.08.2015","3,740","3,660","3,760","3,650","17,28M","4,18%"
"26.08.2015","3,590","3,570","3,620","3,540","13,97M","-0,55%"
"25.08.2015","3,610","3,550","3,650","3,520","19,45M","3,14%"
"24.08.2015","3,500","3,570","3,620","3,410","30,76M","-4,37%"
"21.08.2015","3,660","3,720","3,790","3,660","15,24M","-2,92%"
"20.08.2015","3,770","3,780","3,830","3,760","16,90M","-0,53%"
"19.08.2015","3,790","3,800","3,840","3,790","9,48M","-0,52%"
"18.08.2015","3,810","3,800","3,840","3,780","8,16M","0,26%"
"17.08.2015","3,800","3,830","3,840","3,770","9,29M","0,26%"
"14.08.2015","3,790","3,840","3,870","3,780","10,19M","-1,04%"
"13.08.2015","3,830","3,860","3,880","3,820","7,29M","0,79%"
"12.08.2015","3,800","3,840","3,850","3,780","13,88M","-1,81%"
"11.08.2015","3,870","3,870","3,900","3,850","10,45M","-0,51%"
"10.08.2015","3,890","3,860","3,900","3,810","10,02M","1,57%"
"07.08.2015","3,830","3,880","3,890","3,820","12,24M","-1,29%"
"06.08.2015","3,880","3,860","3,900","3,850","12,64M","0,52%"
"05.08.2015","3,860","3,870","3,880","3,840","18,55M","0,78%"
"04.08.2015","3,830","3,930","3,930","3,820","24,22M","-2,54%"
"03.08.2015","3,930","3,950","3,950","3,920","10,22M","0,51%"
"31.07.2015","3,910","3,950","4,010","3,840","24,82M","-2,49%"
"30.07.2015","4,010","4,050","4,060","3,970","10,38M","0,00%"
"29.07.2015","4,010","4,100","4,110","4,010","10,34M","-1,72%"
"28.07.2015","4,080","4,060","4,100","4,060","10,79M","0,74%"
"27.07.2015","4,050","4,040","4,060","3,960","11,79M","0,25%"
"24.07.2015","4,040","4,120","4,130","4,020","13,60M","-2,42%"
"23.07.2015","4,140","4,200","4,210","4,140","8,45M","-0,96%"
"22.07.2015","4,180","4,160","4,200","4,140","8,78M","0,00%"
"21.07.2015","4,180","4,220","4,230","4,170","9,42M","-0,71%"
"20.07.2015","4,210","4,190","4,230","4,180","9,62M","0,96%"
"17.07.2015","4,170","4,170","4,180","4,130","13,60M","0,24%"
"16.07.2015","4,160","4,160","4,180","4,140","17,13M","1,22%"
"15.07.2015","4,110","4,110","4,140","4,090","11,08M","0,00%"
"14.07.2015","4,110","4,150","4,160","4,080","15,56M","-0,96%"
"13.07.2015","4,150","4,150","4,190","4,140","15,49M","0,73%"
"10.07.2015","4,120","4,130","4,140","4,060","15,06M","1,98%"
"09.07.2015","4,040","3,980","4,070","3,980","15,31M","2,28%"
"08.07.2015","3,950","3,870","3,960","3,850","19,18M","2,33%"
"07.07.2015","3,860","3,950","3,960","3,850","16,50M","-1,78%"
"06.07.2015","3,930","3,950","3,990","3,890","23,91M","-2,72%"
"03.07.2015","4,040","4,040","4,070","4,000","11,02M","-0,25%"
"02.07.2015","4,050","4,060","4,070","4,030","12,30M","-0,25%"
"01.07.2015","4,060","4,050","4,110","4,020","19,53M","1,25%"
"30.06.2015","4,010","4,000","4,070","3,970","27,50M","-0,25%"
"29.06.2015","4,020","3,970","4,050","3,950","27,86M","-4,29%"
"26.06.2015","4,200","4,160","4,210","4,140","25,34M","0,72%"
"25.06.2015","4,170","4,130","4,220","4,130","19,86M","0,72%"
"24.06.2015","4,140","4,190","4,190","4,110","38,76M","-3,27%"
"23.06.2015","4,280","4,310","4,330","4,270","13,78M","-0,47%"
"22.06.2015","4,300","4,250","4,310","4,230","15,34M","2,38%"
"19.06.2015","4,200","4,190","4,240","4,170","18,05M","0,96%"
"18.06.2015","4,160","4,110","4,180","4,090","17,48M","0,97%"
"17.06.2015","4,120","4,080","4,140","4,050","13,68M","0,73%"
"16.06.2015","4,090","4,090","4,100","4,040","13,18M","-0,49%"
"15.06.2015","4,110","4,120","4,160","4,090","12,54M","-1,91%"
"12.06.2015","4,190","4,250","4,250","4,140","11,84M","-2,78%"
"11.06.2015","4,310","4,300","4,340","4,280","15,78M","0,47%"
"10.06.2015","4,290","4,150","4,310","4,140","13,79M","2,63%"
"09.06.2015","4,180","4,150","4,180","4,090","8,96M","0,72%"
"08.06.2015","4,150","4,210","4,220","4,150","7,47M","-1,66%"
"05.06.2015","4,220","4,210","4,250","4,190","14,11M","-0,94%"
"04.06.2015","4,260","4,260","4,310","4,240","10,03M","-0,47%"
"03.06.2015","4,280","4,280","4,290","4,220","8,43M","0,71%"
"02.06.2015","4,250","4,240","4,300","4,200","8,52M","0,95%"
"01.06.2015","4,210","4,220","4,260","4,190","7,68M","0,00%"
"29.05.2015","4,210","4,230","4,260","4,190","12,00M","-0,94%"
"28.05.2015","4,250","4,240","4,280","4,230","7,98M","-0,47%"
"27.05.2015","4,270","4,190","4,290","4,180","10,03M","2,15%"
"26.05.2015","4,180","4,200","4,210","4,120","15,44M","-0,95%"
"25.05.2015","4,220","4,270","4,310","4,180","8,48M","-2,34%"
"22.05.2015","4,321","4,313","4,339","4,302","5,58M","0,21%"
"21.05.2015","4,312","4,312","4,341","4,296","8,86M","-0,76%"
"20.05.2015","4,345","4,317","4,350","4,291","9,27M","0,58%"
"19.05.2015","4,320","4,293","4,324","4,287","8,19M","1,34%"
"18.05.2015","4,263","4,272","4,275","4,215","7,86M","-0,02%"
"15.05.2015","4,264","4,320","4,327","4,245","9,69M","-1,23%"
"14.05.2015","4,317","4,263","4,335","4,243","9,46M","0,91%"
"13.05.2015","4,278","4,311","4,330","4,261","9,36M","-0,40%"
"12.05.2015","4,295","4,258","4,317","4,254","9,94M","0,02%"
"11.05.2015","4,294","4,263","4,332","4,238","7,58M","0,68%"
"08.05.2015","4,265","4,269","4,269","4,207","8,90M","1,11%"
"07.05.2015","4,218","4,173","4,232","4,123","10,82M","0,79%"
"06.05.2015","4,185","4,149","4,227","4,128","12,06M","1,04%"
"05.05.2015","4,142","4,292","4,319","4,128","15,42M","-3,81%"
"04.05.2015","4,306","4,324","4,368","4,288","11,77M","-0,46%"
"30.04.2015","4,326","4,216","4,338","4,185","21,77M","2,10%"
"29.04.2015","4,237","4,312","4,366","4,229","15,08M","-2,03%"
"28.04.2015","4,325","4,300","4,358","4,275","16,42M","0,51%"
"27.04.2015","4,303","4,260","4,320","4,170","15,79M","1,20%"
"24.04.2015","4,252","4,189","4,255","4,184","18,59M","2,19%"
"23.04.2015","4,161","4,204","4,249","4,137","16,57M","0,90%"
"22.04.2015","4,124","4,131","4,137","4,031","13,06M","1,33%"
"21.04.2015","4,070","4,142","4,208","4,070","15,61M","-1,81%"
"20.04.2015","4,145","4,129","4,163","4,096","9,29M","1,15%"
"17.04.2015","4,098","4,192","4,210","4,062","17,13M","-2,52%"
"16.04.2015","4,204","4,250","4,271","4,186","12,81M","-1,11%"
"15.04.2015","4,251","4,180","4,270","4,164","19,87M","2,31%"
"14.04.2015","4,155","4,234","4,282","4,128","20,83M","-2,46%"
"13.04.2015","4,260","4,243","4,280","4,219","10,98M","0,47%"
"10.04.2015","4,240","4,242","4,287","4,220","12,37M","-0,07%"
"09.04.2015","4,243","4,243","4,285","4,205","11,65M","0,14%"
"08.04.2015","4,237","4,274","4,291","4,220","11,74M","-0,54%"
"07.04.2015","4,260","4,330","4,340","4,258","16,95M","-0,61%"
"02.04.2015","4,286","4,278","4,320","4,263","6,51M","-0,09%"
"01.04.2015","4,290","4,238","4,330","4,234","12,32M","0,75%"
"31.03.2015","4,258","4,243","4,279","4,222","12,02M","-0,28%"
"30.03.2015","4,270","4,215","4,272","4,205","13,14M","1,88%"
"27.03.2015","4,191","4,227","4,261","4,177","12,19M","-0,90%"
"26.03.2015","4,229","4,184","4,229","4,106","13,13M","0,45%"
"25.03.2015","4,210","4,218","4,290","4,193","13,99M","-0,40%"
"24.03.2015","4,227","4,118","4,248","4,101","22,53M","2,60%"
"23.03.2015","4,120","4,047","4,161","4,038","19,65M","1,13%"
"20.03.2015","4,074","3,939","4,085","3,914","25,73M","3,88%"
"19.03.2015","3,922","3,910","3,947","3,897","18,97M","0,38%"
"18.03.2015","3,907","3,977","3,993","3,891","20,76M","-1,86%"
"17.03.2015","3,981","4,036","4,045","3,954","15,54M","-1,61%"
"16.03.2015","4,046","4,022","4,072","4,015","13,76M","0,82%"
"13.03.2015","4,013","4,041","4,046","3,986","9,31M","-0,22%"
"12.03.2015","4,022","3,983","4,038","3,981","13,68M","1,11%"
"11.03.2015","3,978","3,971","4,001","3,928","16,17M","0,48%"
"10.03.2015","3,959","3,996","4,005","3,924","17,70M","-1,22%"
"09.03.2015","4,008","3,955","4,072","3,928","24,89M","0,43%"
"06.03.2015","3,991","3,841","4,014","3,841","46,15M","4,23%"
"05.03.2015","3,829","3,841","3,854","3,805","25,92M","-0,26%"
"04.03.2015","3,839","3,878","3,893","3,804","24,89M","-0,47%"
"03.03.2015","3,857","3,970","4,017","3,855","28,23M","-2,11%"
"02.03.2015","3,940","3,966","3,986","3,928","23,31M","-0,45%"
"27.02.2015","3,958","3,906","3,958","3,885","20,55M","1,02%"
"26.02.2015","3,918","3,815","3,927","3,815","16,47M","2,54%"
"25.02.2015","3,821","3,862","3,864","3,815","10,80M","-1,32%"
"24.02.2015","3,872","3,815","3,885","3,794","27,14M","1,81%"
"23.02.2015","3,803","3,816","3,835","3,781","22,71M","1,58%"
"20.02.2015","3,744","3,805","3,824","3,724","43,35M","-2,35%"
"19.02.2015","3,834","3,821","3,853","3,793","25,91M","0,03%"
"18.02.2015","3,833","3,834","3,865","3,786","27,87M","0,87%"
"17.02.2015","3,800","3,820","3,907","3,778","34,34M","-2,99%"
"16.02.2015","3,917","3,915","3,971","3,906","12,99M","-0,23%"
"13.02.2015","3,926","3,796","3,984","3,783","32,17M","4,03%"
"12.02.2015","3,774","3,720","3,796","3,702","19,31M","1,59%"
"11.02.2015","3,715","3,775","3,796","3,701","11,52M","-1,51%"
"10.02.2015","3,772","3,720","3,805","3,691","14,93M","1,62%"
"09.02.2015","3,712","3,754","3,784","3,663","16,20M","-2,06%"
"06.02.2015","3,790","3,736","3,793","3,704","20,44M","1,91%"
"05.02.2015","3,719","3,615","3,719","3,579","19,74M","1,22%"
"04.02.2015","3,674","3,733","3,767","3,618","22,75M","-1,26%"
"03.02.2015","3,721","3,679","3,735","3,668","25,42M","1,89%"
"02.02.2015","3,652","3,697","3,711","3,539","31,89M","-0,90%"
"30.01.2015","3,685","3,813","3,813","3,664","52,57M","-4,19%"
"29.01.2015","3,846","3,753","3,865","3,720","25,19M","2,23%"
"28.01.2015","3,762","3,946","3,946","3,724","34,72M","-3,24%"
"27.01.2015","3,888","3,996","4,026","3,868","25,32M","-3,02%"
"26.01.2015","4,009","3,934","4,037","3,911","19,73M","1,57%"
"23.01.2015","3,947","4,187","4,194","3,937","26,28M","-4,96%"
"22.01.2015","4,153","4,117","4,215","4,057","24,98M","1,27%"
"21.01.2015","4,101","4,152","4,173","4,026","22,64M","-1,04%"
"20.01.2015","4,144","4,053","4,182","4,036","18,79M","2,83%"
"19.01.2015","4,030","3,986","4,080","3,946","16,23M","1,87%"
"16.01.2015","3,956","3,910","3,971","3,878","19,60M","0,38%"
"15.01.2015","3,941","3,933","3,977","3,805","17,08M","1,23%"
"14.01.2015","3,893","3,910","3,993","3,847","20,04M","-1,79%"
"13.01.2015","3,964","3,958","4,018","3,954","14,49M","-0,43%"
"12.01.2015","3,981","4,006","4,063","3,917","18,33M","0,25%"
"09.01.2015","3,971","4,000","4,082","3,869","20,38M","-1,78%"
"08.01.2015","4,043","4,071","4,106","3,914","19,20M","1,51%"
"07.01.2015","3,983","4,041","4,103","3,969","16,49M","-0,50%"
"06.01.2015","4,003","4,091","4,146","4,003","16,95M","-1,74%"
"05.01.2015","4,074","4,239","4,311","4,069","14,34M","-5,28%"
"02.01.2015","4,301","4,215","4,357","4,212","14,82M","3,41%"