"Fecha","Último","Apertura","Máximo","Mínimo","Vol.","% var."
"31.12.2025","27,43","27,50","27,60","27,35","682,72K","-0,54%"
"30.12.2025","27,58","27,32","27,65","27,26","831,76K","0,84%"
"29.12.2025","27,35","26,84","27,52","26,71","1,13M","1,86%"
"24.12.2025","26,85","26,72","26,85","26,70","269,53K","0,45%"
"23.12.2025","26,73","26,60","26,81","26,60","635,50K","0,68%"
"22.12.2025","26,55","26,60","26,80","26,13","1,04M","-1,30%"
"19.12.2025","26,90","26,45","27,00","26,44","5,52M","0,98%"
"18.12.2025","26,64","26,19","26,65","26,19","2,19M","2,03%"
"17.12.2025","26,11","25,68","26,14","25,57","1,15M","1,79%"
"16.12.2025","25,65","25,80","25,83","25,46","848,06K","0,35%"
"15.12.2025","25,56","25,54","25,60","25,30","1,10M","0,12%"
"12.12.2025","25,53","25,31","25,58","25,21","559,13K","0,71%"
"11.12.2025","25,35","26,03","26,06","25,16","967,30K","-0,86%"
"10.12.2025","25,57","25,43","25,75","25,16","970,06K","0,08%"
"09.12.2025","25,55","25,42","25,62","25,22","1,12M","1,31%"
"08.12.2025","25,22","25,44","25,55","25,08","1,10M","-1,10%"
"05.12.2025","25,50","25,38","25,56","25,16","1,00M","0,67%"
"04.12.2025","25,33","25,03","25,41","24,96","982,22K","1,24%"
"03.12.2025","25,02","25,00","25,54","25,00","1,57M","0,24%"
"02.12.2025","24,96","25,59","25,60","24,87","1,34M","-2,54%"
"01.12.2025","25,61","25,72","25,77","25,46","796,81K","-0,97%"
"28.11.2025","25,86","25,87","25,96","25,77","700,88K","-0,35%"
"27.11.2025","25,95","25,73","26,13","25,69","768,72K","0,39%"
"26.11.2025","25,85","25,79","25,89","25,37","1,23M","0,54%"
"25.11.2025","25,71","25,65","25,71","25,37","1,30M","0,23%"
"24.11.2025","25,65","25,75","25,88","25,46","2,10M","0,08%"
"21.11.2025","25,63","25,00","25,76","24,79","1,48M","2,81%"
"20.11.2025","24,93","25,20","25,62","24,93","1,23M","-0,52%"
"19.11.2025","25,06","25,39","25,57","25,06","1,93M","-0,87%"
"18.11.2025","25,28","25,63","25,79","25,26","1,99M","-2,24%"
"17.11.2025","25,86","26,13","26,27","25,85","1,24M","-0,84%"
"14.11.2025","26,08","26,21","26,22","25,71","1,37M","-1,17%"
"13.11.2025","26,39","26,48","26,54","26,23","946,69K","0,00%"
"12.11.2025","26,39","26,35","26,94","26,32","1,42M","0,65%"
"11.11.2025","26,22","26,01","26,46","25,91","2,18M","0,08%"
"10.11.2025","26,20","26,54","26,65","26,10","1,41M","-1,50%"
"07.11.2025","26,60","27,65","27,68","25,96","2,57M","-3,59%"
"06.11.2025","27,59","27,15","27,59","26,96","1,60M","1,51%"
"05.11.2025","27,18","26,71","27,25","26,67","1,48M","1,61%"
"04.11.2025","26,75","26,56","26,75","26,26","1,41M","0,19%"
"03.11.2025","26,70","27,05","27,11","26,68","1,01M","-1,22%"
"31.10.2025","27,03","27,40","27,52","27,03","1,16M","-1,13%"
"30.10.2025","27,34","28,10","28,17","27,16","1,43M","-2,88%"
"29.10.2025","28,15","28,54","28,54","28,06","1,32M","-1,16%"
"28.10.2025","28,48","29,30","29,37","28,46","1,15M","-2,43%"
"27.10.2025","29,19","29,54","29,84","29,19","718,52K","-1,39%"
"24.10.2025","29,60","29,35","29,60","29,18","533,01K","0,71%"
"23.10.2025","29,39","29,00","29,46","28,84","598,99K","1,07%"
"22.10.2025","29,08","28,95","29,21","28,95","595,17K","0,28%"
"21.10.2025","29,00","29,19","29,22","28,87","613,53K","0,00%"
"20.10.2025","29,00","29,36","29,42","28,95","742,99K","-0,89%"
"17.10.2025","29,26","28,71","29,35","28,53","853,25K","2,02%"
"16.10.2025","28,68","28,63","28,79","28,46","681,37K","0,53%"
"15.10.2025","28,53","28,65","28,83","28,09","1,56M","-2,43%"
"14.10.2025","29,24","29,15","29,61","29,08","489,73K","0,21%"
"13.10.2025","29,18","29,40","29,53","29,15","463,60K","-1,15%"
"10.10.2025","29,52","29,82","30,20","29,52","733,52K","-0,84%"
"09.10.2025","29,77","29,47","29,77","29,35","580,79K","0,88%"
"08.10.2025","29,51","29,09","29,73","28,95","950,90K","1,65%"
"07.10.2025","29,03","29,24","29,32","28,76","1,11M","-1,76%"
"06.10.2025","29,55","29,58","29,83","29,50","620,62K","-0,10%"
"03.10.2025","29,58","29,80","29,94","29,57","633,73K","-0,37%"
"02.10.2025","29,69","29,13","29,73","29,04","803,49K","1,71%"
"01.10.2025","29,19","29,33","29,50","29,05","858,76K","-1,02%"
"30.09.2025","29,49","29,13","29,52","28,87","933,00K","1,17%"
"29.09.2025","29,15","28,69","29,21","28,50","678,53K","1,64%"
"26.09.2025","28,68","28,29","28,76","28,13","672,20K","1,45%"
"25.09.2025","28,27","28,35","28,49","28,18","685,89K","-0,49%"
"24.09.2025","28,41","28,64","28,79","28,40","915,07K","-0,94%"
"23.09.2025","28,68","28,92","29,23","28,68","1,20M","-0,38%"
"22.09.2025","28,79","29,09","29,22","28,76","735,29K","-1,74%"
"19.09.2025","29,30","29,56","29,80","29,06","2,39M","0,31%"
"18.09.2025","29,21","29,60","29,76","29,21","879,46K","-1,22%"
"17.09.2025","29,57","29,40","29,74","29,16","772,15K","0,78%"
"16.09.2025","29,34","30,15","30,21","29,26","1,35M","-2,69%"
"15.09.2025","30,15","30,47","30,76","30,15","725,38K","-1,08%"
"12.09.2025","30,48","30,30","30,51","30,05","703,87K","0,76%"
"11.09.2025","30,25","30,13","30,71","30,04","513,37K","0,50%"
"10.09.2025","30,10","29,77","30,20","29,65","691,46K","0,50%"
"09.09.2025","29,95","30,10","30,21","29,90","673,17K","-0,79%"
"08.09.2025","30,19","30,50","30,80","30,19","796,23K","-1,40%"
"05.09.2025","30,62","30,02","30,62","29,84","811,11K","2,31%"
"04.09.2025","29,93","29,70","30,28","29,69","539,81K","0,40%"
"03.09.2025","29,81","29,70","29,88","29,50","786,16K","0,51%"
"02.09.2025","29,66","30,55","30,55","29,54","1,03M","-2,98%"
"01.09.2025","30,57","30,42","30,62","30,28","533,04K","0,59%"
"29.08.2025","30,39","31,05","31,13","30,29","803,00K","-2,09%"
"28.08.2025","31,04","30,92","31,12","30,66","750,31K","0,42%"
"27.08.2025","30,91","30,80","31,28","30,73","660,17K","0,16%"
"26.08.2025","30,86","31,15","31,29","30,84","1,06M","-0,90%"
"25.08.2025","31,14","31,05","31,30","30,95","674,82K","0,35%"
"22.08.2025","31,03","29,91","31,05","29,88","814,40K","3,71%"
"21.08.2025","29,92","30,20","30,20","29,81","851,24K","-1,06%"
"20.08.2025","30,24","30,30","30,39","30,12","878,74K","-0,33%"
"19.08.2025","30,34","30,26","30,35","29,98","696,85K","0,63%"
"18.08.2025","30,15","30,60","30,60","30,15","609,78K","-1,15%"
"15.08.2025","30,50","30,35","30,55","30,19","684,46K","0,89%"
"14.08.2025","30,23","30,07","30,44","29,96","749,87K","0,80%"
"13.08.2025","29,99","29,78","30,17","29,78","592,05K","0,91%"
"12.08.2025","29,72","30,18","30,30","29,72","819,97K","-1,23%"
"11.08.2025","30,09","30,31","30,38","30,01","1,02M","-0,03%"
"08.08.2025","30,10","30,57","30,66","30,10","727,63K","-1,18%"
"07.08.2025","30,46","30,42","30,53","30,12","909,85K","0,03%"
"06.08.2025","30,45","30,80","30,85","30,45","1,31M","-1,26%"
"05.08.2025","30,84","31,36","31,36","30,76","764,78K","-0,96%"
"04.08.2025","31,14","31,27","31,37","30,72","554,61K","-0,80%"
"01.08.2025","31,39","31,29","31,55","30,27","1,30M","1,26%"
"31.07.2025","31,00","31,26","31,38","30,80","1,21M","-1,18%"
"30.07.2025","31,37","31,10","31,59","30,95","774,64K","0,71%"
"29.07.2025","31,15","31,80","31,80","31,01","1,78M","-3,26%"
"28.07.2025","32,20","32,38","32,61","32,08","704,23K","0,16%"
"25.07.2025","32,15","32,87","32,87","32,14","1,14M","-2,99%"
"24.07.2025","33,14","33,03","33,79","32,94","1,13M","-0,15%"
"23.07.2025","33,19","33,55","33,77","33,19","1,34M","-1,22%"
"22.07.2025","33,60","32,92","33,61","32,92","1,09M","1,57%"
"21.07.2025","33,08","32,94","33,14","32,73","723,25K","0,64%"
"18.07.2025","32,87","32,66","32,88","32,50","912,72K","1,05%"
"17.07.2025","32,53","32,10","32,53","32,10","751,30K","1,34%"
"16.07.2025","32,10","32,00","32,20","31,76","1,50M","0,19%"
"15.07.2025","32,04","32,30","32,53","31,97","726,54K","-0,93%"
"14.07.2025","32,34","32,01","32,34","31,78","691,36K","0,28%"
"11.07.2025","32,25","32,25","32,38","32,12","599,80K","-0,15%"
"10.07.2025","32,30","32,50","32,55","32,19","562,52K","-0,15%"
"09.07.2025","32,35","32,30","32,61","32,21","624,94K","0,12%"
"08.07.2025","32,31","32,75","32,95","32,07","745,24K","-1,43%"
"07.07.2025","32,78","33,24","33,36","32,73","619,70K","-1,41%"
"04.07.2025","33,25","33,44","33,49","32,96","549,06K","-0,24%"
"03.07.2025","33,33","33,73","33,78","33,04","968,90K","-0,83%"
"02.07.2025","33,61","34,09","34,20","33,06","1,21M","-1,41%"
"01.07.2025","34,09","33,05","34,09","33,04","1,27M","3,46%"
"30.06.2025","32,95","33,06","33,13","32,73","1,12M","0,33%"
"27.06.2025","32,84","33,03","33,26","32,67","835,40K","-0,48%"
"26.06.2025","33,00","33,30","33,45","32,95","760,75K","0,46%"
"25.06.2025","32,85","33,34","33,50","32,83","694,64K","-2,09%"
"24.06.2025","33,55","33,41","33,55","32,89","742,43K","1,15%"
"23.06.2025","33,17","32,31","33,30","32,31","940,24K","1,56%"
"20.06.2025","32,66","32,60","32,95","32,51","2,33M","0,34%"
"19.06.2025","32,55","32,69","32,74","32,49","599,93K","-0,88%"
"18.06.2025","32,84","32,76","33,05","32,56","1,05M","-0,18%"
"17.06.2025","32,90","32,74","32,90","32,29","731,73K","0,40%"
"16.06.2025","32,77","32,73","32,82","32,42","985,46K","-0,61%"
"13.06.2025","32,97","32,78","33,36","32,70","785,69K","-0,24%"
"12.06.2025","33,05","33,52","33,56","32,87","1,29M","-1,61%"
"11.06.2025","33,59","33,74","33,78","33,40","524,87K","-0,47%"
"10.06.2025","33,75","33,64","33,84","33,54","567,81K","0,72%"
"09.06.2025","33,51","33,79","33,99","33,41","573,30K","-0,50%"
"06.06.2025","33,68","34,13","34,35","33,56","599,96K","-1,23%"
"05.06.2025","34,10","34,30","34,53","33,81","620,12K","0,12%"
"04.06.2025","34,06","33,80","34,22","33,65","526,58K","0,53%"
"03.06.2025","33,88","34,26","34,27","33,80","537,31K","-0,29%"
"02.06.2025","33,98","33,67","34,14","33,65","597,68K","0,77%"
"30.05.2025","33,72","33,36","33,98","33,30","4,06M","1,08%"
"29.05.2025","33,36","33,25","33,57","32,82","580,47K","0,36%"
"28.05.2025","33,24","33,55","33,76","33,15","630,77K","-1,10%"
"27.05.2025","33,61","33,54","33,80","33,40","711,35K","0,33%"
"26.05.2025","33,50","33,48","33,50","33,20","289,47K","0,63%"
"23.05.2025","33,29","33,11","33,29","32,86","914,73K","0,67%"
"22.05.2025","33,07","33,33","33,46","32,74","903,61K","-1,28%"
"21.05.2025","33,50","33,59","34,05","33,50","1,31M","-0,77%"
"20.05.2025","33,76","33,45","33,83","33,23","659,02K","1,47%"
"19.05.2025","33,27","33,32","33,35","32,49","749,42K","-0,12%"
"16.05.2025","33,31","33,41","33,45","33,10","948,41K","0,51%"
"15.05.2025","33,14","32,30","33,26","32,30","1,31M","2,57%"
"14.05.2025","32,31","32,51","32,93","32,18","1,00M","-0,74%"
"13.05.2025","32,55","32,25","33,03","32,22","1,15M","0,40%"
"12.05.2025","32,42","33,34","33,43","32,19","1,52M","-2,96%"
"09.05.2025","33,41","33,43","33,97","32,72","1,94M","-3,16%"
"08.05.2025","34,50","34,80","34,85","34,31","1,01M","-0,81%"
"07.05.2025","34,78","35,26","35,38","34,33","1,18M","-1,22%"
"06.05.2025","35,21","35,26","35,69","35,21","1,41M","-0,87%"
"05.05.2025","35,52","35,37","35,91","35,14","1,13M","0,74%"
"02.05.2025","35,26","35,75","35,95","35,19","1,37M","-1,07%"
"30.04.2025","35,64","35,50","35,76","35,26","1,75M","1,28%"
"29.04.2025","35,19","34,90","35,51","34,90","757,43K","1,15%"
"28.04.2025","34,79","34,90","35,26","34,61","1,29M","0,40%"
"25.04.2025","34,65","34,84","35,15","34,58","1,19M","-1,31%"
"24.04.2025","35,11","34,90","35,45","34,86","839,17K","0,43%"
"23.04.2025","34,96","35,62","35,80","34,85","1,31M","-1,69%"
"22.04.2025","35,56","34,70","35,59","34,40","1,15M","1,75%"
"17.04.2025","34,95","34,34","35,14","34,12","1,07M","1,51%"
"16.04.2025","34,43","33,59","34,53","33,54","1,46M","2,26%"
"15.04.2025","33,67","32,74","33,71","32,74","1,52M","2,90%"
"14.04.2025","32,72","32,05","32,72","32,00","1,40M","3,58%"
"11.04.2025","31,59","31,67","32,27","31,33","1,98M","-0,16%"
"10.04.2025","31,64","31,99","32,10","31,14","1,67M","4,15%"
"09.04.2025","30,38","30,82","30,92","29,33","2,39M","-3,86%"
"08.04.2025","31,60","31,29","31,80","30,82","2,01M","0,80%"
"07.04.2025","31,35","33,12","33,17","31,23","2,72M","-7,47%"
"04.04.2025","33,88","35,32","35,94","33,77","2,47M","-3,89%"
"03.04.2025","35,25","33,57","35,33","33,39","2,07M","5,22%"
"02.04.2025","33,50","33,40","33,93","33,37","1,20M","-0,15%"
"01.04.2025","33,55","32,93","33,76","32,93","1,20M","2,19%"
"31.03.2025","32,83","33,17","33,51","32,83","1,41M","-1,08%"
"28.03.2025","33,19","32,86","33,64","32,56","1,09M","1,72%"
"27.03.2025","32,63","32,23","32,82","32,17","998,04K","0,83%"
"26.03.2025","32,36","32,45","32,79","32,36","1,07M","-0,31%"
"25.03.2025","32,46","32,46","32,78","32,43","1,34M","-0,18%"
"24.03.2025","32,52","32,68","32,96","32,41","1,23M","-0,61%"
"21.03.2025","32,72","32,48","32,93","32,47","2,29M","0,09%"
"20.03.2025","32,69","32,59","32,92","32,54","973,49K","0,65%"
"19.03.2025","32,48","32,71","32,75","31,76","1,33M","-1,04%"
"18.03.2025","32,82","32,63","33,06","32,51","1,14M","0,21%"
"17.03.2025","32,75","32,28","32,77","32,19","778,57K","1,77%"
"14.03.2025","32,18","31,95","32,72","31,95","1,44M","0,50%"
"13.03.2025","32,02","31,55","32,48","31,55","1,28M","1,01%"
"12.03.2025","31,70","31,21","31,79","31,13","1,54M","1,54%"
"11.03.2025","31,22","31,67","32,34","31,20","1,22M","-0,64%"
"10.03.2025","31,42","31,70","31,91","31,07","1,70M","-1,35%"
"07.03.2025","31,85","31,40","31,85","30,62","1,77M","2,02%"
"06.03.2025","31,22","33,10","33,17","30,57","2,98M","-6,36%"
"05.03.2025","33,34","34,60","34,63","33,27","2,17M","-4,47%"
"04.03.2025","34,90","34,00","35,04","34,00","1,22M","1,96%"
"03.03.2025","34,23","34,35","34,50","33,84","1,53M","-0,61%"
"28.02.2025","34,44","33,85","34,49","33,57","2,09M","1,95%"
"27.02.2025","33,78","33,92","34,02","33,18","850,13K","-0,41%"
"26.02.2025","33,92","32,88","34,30","32,76","1,77M","3,29%"
"25.02.2025","32,84","32,43","32,90","32,41","1,17M","1,55%"
"24.02.2025","32,34","31,80","32,45","31,77","999,83K","1,83%"
"21.02.2025","31,76","31,03","31,84","31,03","1,44M","2,75%"
"20.02.2025","30,91","31,16","31,37","30,91","1,05M","-0,58%"
"19.02.2025","31,09","31,12","31,50","30,95","837,49K","-0,35%"
"18.02.2025","31,20","31,21","31,50","31,14","1,24M","-0,13%"
"17.02.2025","31,24","31,67","31,67","30,96","1,27M","-1,95%"
"14.02.2025","31,86","32,06","32,10","31,64","967,19K","-0,78%"
"13.02.2025","32,11","31,94","32,35","31,91","1,36M","1,01%"
"12.02.2025","31,79","31,89","32,36","31,23","1,33M","-0,25%"
"11.02.2025","31,87","32,00","32,27","31,63","983,83K","-0,65%"
"10.02.2025","32,08","31,87","32,30","31,86","788,05K","0,72%"
"07.02.2025","31,85","32,48","32,76","31,78","1,01M","-1,73%"
"06.02.2025","32,41","32,50","32,83","32,39","1,03M","-0,28%"
"05.02.2025","32,50","31,99","32,83","31,97","2,48K","1,66%"
"04.02.2025","31,97","31,95","32,45","31,91","1,05M","-1,27%"
"03.02.2025","32,38","31,97","32,52","31,78","1,03M","-0,03%"
"31.01.2025","32,39","32,90","32,95","32,39","1,51M","-1,70%"
"30.01.2025","32,95","32,45","32,98","32,42","1,10M","1,79%"
"29.01.2025","32,37","32,80","32,83","32,36","0,07K","-0,77%"
"28.01.2025","32,62","32,07","32,88","32,07","9,38K","1,12%"
"27.01.2025","32,26","31,20","32,44","31,20","0,62K","2,94%"
"24.01.2025","31,34","31,89","32,18","31,33","1,08M","-1,29%"
"23.01.2025","31,75","32,11","32,26","31,56","918,55K","-1,09%"
"22.01.2025","32,10","31,93","32,36","31,73","0,80K","0,38%"
"21.01.2025","31,98","32,10","32,22","31,89","768,62K","-0,37%"
"20.01.2025","32,10","32,13","32,43","31,85","1,16M","-0,09%"
"17.01.2025","32,13","31,60","32,22","31,42","1,54M","1,84%"
"16.01.2025","31,55","31,02","31,57","30,86","1,55M","1,84%"
"15.01.2025","30,98","30,38","31,01","29,85","0,68K","7,42%"
"14.01.2025","28,84","28,94","29,03","28,60","0,23K","0,42%"
"13.01.2025","28,72","28,70","28,87","28,47","1,17M","-0,79%"
"10.01.2025","28,95","28,82","29,25","28,57","1,70K","0,63%"
"09.01.2025","28,77","28,68","28,89","28,51","926,28K","0,17%"
"08.01.2025","28,72","29,37","29,67","28,39","4,69K","-2,71%"
"07.01.2025","29,52","30,35","30,35","29,52","1,56M","-2,38%"
"06.01.2025","30,24","30,79","30,90","30,24","918,20K","-1,31%"
"03.01.2025","30,64","31,36","31,38","30,64","919,57K","-1,73%"
"02.01.2025","31,18","30,54","31,27","30,54","1,04M","2,20%"
"31.12.2024","30,51","30,44","30,56","30,32","528,45K","0,20%"
"30.12.2024","30,45","30,37","30,52","30,25","528,34K","-0,36%"
"27.12.2024","30,56","30,51","30,56","30,25","680,88K","-0,16%"
"24.12.2024","30,61","30,66","30,95","30,44","172,35K","0,36%"
"23.12.2024","30,50","30,30","30,50","30,03","604,06K","0,66%"
"20.12.2024","30,30","29,60","30,32","29,59","3,44M","2,23%"
"19.12.2024","29,64","29,95","29,99","29,45","2,17M","-2,66%"
"18.12.2024","30,45","30,97","31,01","30,45","1,31M","-1,68%"
"17.12.2024","30,97","31,52","31,54","30,88","1,75M","-1,99%"
"16.12.2024","31,60","32,27","32,42","31,50","8,31K","-2,23%"
"13.12.2024","32,32","32,99","33,07","32,32","930,94K","-2,00%"
"12.12.2024","32,98","33,13","33,26","32,91","628,41K","-0,57%"
"11.12.2024","33,17","33,20","33,34","32,84","897,25K","-0,15%"
"10.12.2024","33,22","33,34","33,62","33,22","671,81K","-0,95%"
"09.12.2024","33,54","34,09","34,09","33,38","661,45K","-1,06%"
"06.12.2024","33,90","34,20","34,26","33,89","617,36K","-0,91%"
"05.12.2024","34,21","33,50","34,21","33,36","1,33M","2,64%"
"04.12.2024","33,33","33,62","33,85","33,33","937,24K","-0,63%"
"03.12.2024","33,54","33,74","33,90","33,41","804,04K","-1,06%"
"02.12.2024","33,90","33,77","34,27","33,73","653,11K","-0,24%"
"29.11.2024","33,98","33,82","33,98","33,63","1,12M","0,18%"
"28.11.2024","33,92","33,42","33,96","33,38","651,53K","1,53%"
"27.11.2024","33,41","33,33","33,47","32,86","769,64K","0,63%"
"26.11.2024","33,20","32,95","33,49","32,90","736,13K","-0,24%"
"25.11.2024","33,28","32,80","33,52","32,80","1,91M","2,27%"
"22.11.2024","32,54","31,61","32,55","31,60","1,36M","3,17%"
"21.11.2024","31,54","32,03","32,05","31,48","865,22K","-1,62%"
"20.11.2024","32,06","32,10","32,34","31,87","749,18K","-0,12%"
"19.11.2024","32,10","31,73","32,10","31,39","1,25M","1,90%"
"18.11.2024","31,50","31,85","32,03","31,42","1,12M","-0,69%"
"15.11.2024","31,72","31,96","31,97","31,56","1,07M","-0,91%"
"14.11.2024","32,01","31,70","32,01","31,46","1,02M","1,04%"
"13.11.2024","31,68","32,31","32,68","31,68","1,50M","-2,43%"
"12.11.2024","32,47","33,56","33,85","32,47","1,25M","-3,96%"
"11.11.2024","33,81","33,40","34,00","33,21","1,54M","2,30%"
"08.11.2024","33,05","32,40","33,12","32,40","1,11M","2,51%"
"07.11.2024","32,24","32,55","32,67","32,10","1,18M","-0,80%"
"06.11.2024","32,50","33,24","33,41","32,33","1,58M","-2,72%"
"05.11.2024","33,41","33,77","33,92","33,32","845,85K","-1,42%"
"04.11.2024","33,89","34,00","34,26","33,89","791,17K","-0,50%"
"01.11.2024","34,06","33,58","34,38","33,58","891,58K","1,07%"
"31.10.2024","33,70","34,11","34,22","33,37","1,17M","-1,95%"
"30.10.2024","34,37","34,57","34,73","33,98","838,33K","-0,98%"
"29.10.2024","34,71","35,52","35,63","34,65","851,99K","-1,67%"
"28.10.2024","35,30","35,15","35,30","34,76","516,77K","0,51%"
"25.10.2024","35,12","35,10","35,23","34,94","603,95K","-0,23%"
"24.10.2024","35,20","34,96","35,20","34,77","923,66K","1,29%"
"23.10.2024","34,75","34,40","34,79","34,23","869,60K","0,43%"
"22.10.2024","34,60","35,15","35,18","34,22","1,15M","-2,29%"
"21.10.2024","35,41","36,12","36,16","35,41","827,16K","-1,97%"
"18.10.2024","36,12","36,38","36,43","35,93","936,15K","-0,58%"
"17.10.2024","36,33","36,76","36,87","36,26","664,90K","-1,22%"
"16.10.2024","36,78","36,25","37,03","35,99","863,96K","1,46%"
"15.10.2024","36,25","36,21","36,43","35,98","783,86K","0,97%"
"14.10.2024","35,90","35,31","35,92","35,16","527,30K","1,50%"
"11.10.2024","35,37","35,28","35,52","35,15","414,52K","0,28%"
"10.10.2024","35,27","35,88","36,22","35,10","825,15K","-1,75%"
"09.10.2024","35,90","35,95","36,24","35,78","584,75K","0,36%"
"08.10.2024","35,77","35,42","35,85","35,27","977,21K","0,39%"
"07.10.2024","35,63","36,23","36,24","35,47","1,06M","-1,85%"
"04.10.2024","36,30","36,65","37,28","36,08","1,23M","-0,52%"
"03.10.2024","36,49","36,65","36,79","36,32","549,36K","-0,92%"
"02.10.2024","36,83","36,95","37,02","36,32","735,40K","-0,32%"
"01.10.2024","36,95","36,61","37,31","36,60","1,09M","1,43%"
"30.09.2024","36,43","36,33","36,61","36,08","935,65K","-0,41%"
"27.09.2024","36,58","36,60","36,95","36,51","715,95K","0,72%"
"26.09.2024","36,32","36,39","36,77","36,32","976,17K","0,47%"
"25.09.2024","36,15","36,18","36,25","35,92","613,63K","0,36%"
"24.09.2024","36,02","36,50","36,54","35,72","686,33K","-1,04%"
"23.09.2024","36,40","36,03","36,48","35,81","829,29K","1,73%"
"20.09.2024","35,78","35,99","36,35","35,75","1,69M","-0,20%"
"19.09.2024","35,85","37,08","37,28","35,75","1,27M","-2,63%"
"18.09.2024","36,82","36,81","37,04","36,72","586,55K","-0,14%"
"17.09.2024","36,87","36,89","37,26","36,74","1,03M","0,46%"
"16.09.2024","36,70","36,75","36,77","36,51","661,74K","-0,19%"
"13.09.2024","36,77","36,15","36,96","36,15","1,05M","1,72%"
"12.09.2024","36,15","36,49","36,70","36,13","766,72K","0,08%"
"11.09.2024","36,12","35,94","36,12","35,44","806,69K","0,50%"
"10.09.2024","35,94","35,33","36,07","35,33","1,21M","1,55%"
"09.09.2024","35,39","35,51","35,61","35,12","645,74K","0,31%"
"06.09.2024","35,28","35,11","35,80","35,11","797,68K","-0,34%"
"05.09.2024","35,40","35,02","35,51","34,77","729,33K","0,68%"
"04.09.2024","35,16","34,56","35,27","34,36","819,28K","1,24%"
"03.09.2024","34,73","34,77","34,97","34,16","2,87M","-0,20%"
"02.09.2024","34,80","35,05","35,11","34,42","535,09K","-0,37%"
"30.08.2024","34,93","35,01","35,50","34,93","3,95M","-0,20%"
"29.08.2024","35,00","35,50","35,57","35,00","1,09M","-1,27%"
"28.08.2024","35,45","35,41","35,63","35,40","743,96K","0,31%"
"27.08.2024","35,34","35,19","35,45","35,15","644,50K","0,17%"
"26.08.2024","35,28","35,23","35,63","35,20","621,96K","0,43%"
"23.08.2024","35,13","34,49","35,13","34,46","581,66K","2,15%"
"22.08.2024","34,39","34,26","34,93","34,16","651,19K","-0,03%"
"21.08.2024","34,40","34,38","34,42","34,06","670,35K","0,41%"
"20.08.2024","34,26","34,47","34,62","34,23","475,98K","-0,29%"
"19.08.2024","34,36","34,04","34,64","34,00","648,80K","1,03%"
"16.08.2024","34,01","34,19","34,27","33,78","1,62M","0,12%"
"15.08.2024","33,97","34,51","34,66","33,88","878,44K","-1,34%"
"14.08.2024","34,43","34,55","34,72","34,17","632,15K","-0,06%"
"13.08.2024","34,45","34,08","34,59","34,06","786,34K","1,20%"
"12.08.2024","34,04","34,50","34,57","33,78","721,09K","-0,99%"
"09.08.2024","34,38","33,62","34,53","33,58","1,06M","2,75%"
"08.08.2024","33,46","33,80","33,80","33,01","852,29K","-1,73%"
"07.08.2024","34,05","33,40","34,05","33,27","1,06M","2,31%"
"06.08.2024","33,28","33,50","33,67","32,60","1,63M","-1,28%"
"05.08.2024","33,71","33,87","34,13","33,28","1,89M","-1,86%"
"02.08.2024","34,35","33,56","34,56","33,22","1,41M","2,35%"
"01.08.2024","33,56","33,00","33,96","32,90","1,73M","4,29%"
"31.07.2024","32,18","32,79","32,84","32,03","1,46M","-0,86%"
"30.07.2024","32,46","32,30","32,61","32,21","624,34K","0,65%"
"29.07.2024","32,25","32,30","32,56","31,99","570,57K","0,12%"
"26.07.2024","32,21","31,25","32,21","31,25","625,66K","2,61%"
"25.07.2024","31,39","31,53","31,64","31,02","1,35M","-1,32%"
"24.07.2024","31,81","32,00","32,15","31,76","701,60K","-1,58%"
"23.07.2024","32,32","32,46","32,53","32,04","550,50K","-0,31%"
"22.07.2024","32,42","32,76","32,93","32,42","1,55M","-0,43%"
"19.07.2024","32,56","32,45","32,72","32,18","1,09M","0,06%"
"18.07.2024","32,54","32,62","32,74","32,31","688,27K","-0,18%"
"17.07.2024","32,60","32,69","32,92","32,46","1,37M","-0,31%"
"16.07.2024","32,70","32,60","33,02","32,42","1,02M","-0,27%"
"15.07.2024","32,79","33,27","33,30","32,71","2,29M","-1,71%"
"12.07.2024","33,36","33,90","34,14","33,14","1,39M","0,15%"
"11.07.2024","33,31","31,85","33,31","31,60","3,38M","5,31%"
"10.07.2024","31,63","31,02","31,63","31,02","959,75K","2,73%"
"09.07.2024","30,79","31,31","31,35","30,66","1,54M","-1,85%"
"08.07.2024","31,37","31,30","31,93","31,26","1,27M","-0,06%"
"05.07.2024","31,39","31,33","31,51","31,05","816,21K","0,26%"
"04.07.2024","31,31","31,07","31,35","31,03","680,28K","0,26%"
"03.07.2024","31,23","30,79","31,29","30,48","1,30M","1,63%"
"02.07.2024","30,73","30,62","30,90","30,52","931,92K","-0,19%"
"01.07.2024","30,79","30,82","31,12","30,34","1,16M","1,38%"
"28.06.2024","30,37","30,65","30,88","30,37","1,59M","-0,72%"
"27.06.2024","30,59","30,91","31,03","30,46","1,39M","-1,20%"
"26.06.2024","30,96","31,43","31,73","30,95","2,59M","-0,93%"
"25.06.2024","31,25","31,53","31,55","31,11","1,33M","-0,70%"
"24.06.2024","31,47","31,29","31,50","31,16","2,34M","1,71%"
"21.06.2024","30,94","31,75","31,75","30,94","3,73M","-2,49%"
"20.06.2024","31,73","31,26","32,02","31,26","1,80M","1,34%"
"19.06.2024","31,31","31,94","32,01","31,28","3,66M","-2,13%"
"18.06.2024","31,99","31,82","31,99","31,60","861,71K","1,14%"
"17.06.2024","31,63","32,50","32,52","31,63","4,48M","-2,35%"
"14.06.2024","32,39","32,83","32,95","32,25","1,66M","-1,76%"
"13.06.2024","32,97","33,02","33,45","32,84","951,02K","-0,30%"
"12.06.2024","33,07","32,70","33,38","32,42","1,76M","1,63%"
"11.06.2024","32,54","32,86","33,00","32,21","1,93M","-3,10%"
"10.06.2024","33,58","33,52","33,70","33,26","905,34K","-0,15%"
"07.06.2024","33,63","34,45","34,47","33,40","1,21M","-2,47%"
"06.06.2024","34,48","34,50","34,72","33,91","2,25M","0,09%"
"05.06.2024","34,45","34,39","34,81","34,34","1,13M","0,32%"
"04.06.2024","34,34","34,39","34,58","34,03","1,42M","-0,23%"
"03.06.2024","34,42","33,80","34,51","33,60","1,12M","2,65%"
"31.05.2024","33,53","34,25","34,65","33,53","7,78M","-1,03%"
"30.05.2024","33,88","33,08","34,34","33,02","2,67M","2,23%"
"29.05.2024","33,14","33,58","33,90","33,12","1,10M","-1,81%"
"28.05.2024","33,75","33,89","34,20","33,73","957,73K","-0,24%"
"27.05.2024","33,83","33,48","33,85","33,34","496,83K","1,14%"
"24.05.2024","33,45","33,85","33,86","33,28","701,49K","-1,76%"
"23.05.2024","34,05","34,30","34,38","33,73","1,09M","-1,16%"
"22.05.2024","34,45","34,50","34,56","33,87","1,14M","-0,14%"
"21.05.2024","34,50","35,12","35,32","34,44","1,26M","-1,37%"
"20.05.2024","34,98","35,35","35,35","34,70","634,31K","-0,79%"
"17.05.2024","35,26","35,03","35,33","34,97","2,60M","0,69%"
"16.05.2024","35,02","34,87","35,20","34,68","1,13M","0,55%"
"15.05.2024","34,83","33,81","34,94","33,73","2,62M","2,96%"
"14.05.2024","33,83","33,24","34,10","33,22","1,00M","2,36%"
"13.05.2024","33,05","33,50","33,51","32,88","771,36K","-1,28%"
"10.05.2024","33,48","33,09","33,62","33,09","620,72K","0,93%"
"09.05.2024","33,17","32,90","33,35","32,68","592,92K","0,91%"
"08.05.2024","32,87","32,75","33,16","32,67","779,14K","0,09%"
"07.05.2024","32,84","32,69","33,04","32,30","664,17K","0,89%"
"06.05.2024","32,55","32,70","32,87","32,34","801,73K","-0,82%"
"03.05.2024","32,82","31,77","33,24","31,69","1,93M","2,88%"
"02.05.2024","31,90","31,05","32,00","31,05","1,83M","2,74%"
"30.04.2024","31,05","31,55","31,85","31,05","1,38M","-2,17%"
"29.04.2024","31,74","31,45","31,80","31,16","1,48M","1,12%"
"26.04.2024","31,39","31,45","32,00","30,79","1,17M","0,74%"
"25.04.2024","31,16","31,05","31,40","30,50","1,23M","0,32%"
"24.04.2024","31,06","31,80","31,80","31,00","990,88K","-2,45%"
"23.04.2024","31,84","31,12","31,95","31,12","1,30M","2,48%"
"22.04.2024","31,07","31,00","31,38","30,82","888,75K","1,21%"
"19.04.2024","30,70","30,49","30,89","30,15","850,95K","0,49%"
"18.04.2024","30,55","30,45","30,76","30,10","1,00M","0,36%"
"17.04.2024","30,44","29,51","30,48","29,45","2,34M","2,80%"
"16.04.2024","29,61","30,06","30,11","29,54","1,05M","-2,28%"
"15.04.2024","30,30","30,90","30,90","30,24","1,38M","-2,29%"
"12.04.2024","31,01","30,70","31,16","30,60","998,51K","1,81%"
"11.04.2024","30,46","30,47","31,10","29,90","1,19M","-0,39%"
"10.04.2024","30,58","30,89","31,31","30,13","2,00M","-0,71%"
"09.04.2024","30,80","29,78","30,97","29,60","1,40M","3,39%"
"08.04.2024","29,79","29,70","30,42","29,58","809,71K","0,07%"
"05.04.2024","29,77","30,44","30,61","29,44","1,96M","-3,06%"
"04.04.2024","30,71","31,00","31,31","30,69","1,75M","-0,94%"
"03.04.2024","31,00","31,44","31,55","30,85","1,26M","-1,59%"
"02.04.2024","31,50","32,40","32,67","31,42","1,39M","-3,88%"
"28.03.2024","32,77","33,02","33,11","32,64","1,30M","-0,27%"
"27.03.2024","32,86","32,84","33,00","32,54","1,13M","-0,12%"
"26.03.2024","32,90","33,03","33,48","32,78","742,32K","-0,48%"
"25.03.2024","33,06","33,55","33,65","32,96","849,02K","-1,25%"
"22.03.2024","33,48","33,04","33,58","33,04","759,59K","1,06%"
"21.03.2024","33,13","32,77","33,78","32,70","1,33M","1,72%"
"20.03.2024","32,57","32,45","32,88","32,24","709,36K","0,22%"
"19.03.2024","32,50","31,72","32,54","31,61","782,80K","2,46%"
"18.03.2024","31,72","32,26","32,30","31,55","1,29M","-1,49%"
"15.03.2024","32,20","32,40","32,72","32,17","2,69M","-1,01%"
"14.03.2024","32,53","33,66","33,68","32,50","1,34M","-3,47%"
"13.03.2024","33,70","34,00","34,22","33,50","2,42M","-1,03%"
"12.03.2024","34,05","34,38","34,88","34,05","1,26M","-1,05%"
"11.03.2024","34,41","34,51","34,78","34,14","879,83K","-0,29%"
"08.03.2024","34,51","34,50","34,88","34,15","939,67K","-0,12%"
"07.03.2024","34,55","33,80","35,05","33,54","1,12M","2,31%"
"06.03.2024","33,77","34,40","34,92","33,72","1,46M","-1,63%"
"05.03.2024","34,33","33,25","34,82","33,13","2,93M","2,97%"
"04.03.2024","33,34","33,45","33,47","33,00","693,55K","-0,69%"
"01.03.2024","33,57","33,27","34,10","33,07","1,51M","0,90%"
"29.02.2024","33,27","33,00","33,65","32,45","8,97M","0,30%"
"28.02.2024","33,17","34,26","34,35","32,94","1,19M","-3,52%"
"27.02.2024","34,38","34,50","34,56","34,08","753,17K","0,20%"
"26.02.2024","34,31","34,00","34,61","33,98","668,29K","0,47%"
"23.02.2024","34,15","33,99","34,15","33,61","1,20M","0,47%"
"22.02.2024","33,99","34,00","34,27","33,59","1,26M","0,86%"
"21.02.2024","33,70","33,21","34,02","32,86","991,00K","1,02%"
"20.02.2024","33,36","33,08","33,49","32,85","827,72K","0,63%"
"19.02.2024","33,15","32,80","33,23","32,50","640,20K","-0,06%"
"16.02.2024","33,17","33,33","33,50","32,82","964,21K","-0,48%"
"15.02.2024","33,33","33,12","33,34","32,87","957,74K","1,12%"
"14.02.2024","32,96","32,50","33,42","32,50","860,43K","1,48%"
"13.02.2024","32,48","33,40","33,70","32,05","2,19M","-3,33%"
"12.02.2024","33,60","33,31","33,73","33,25","472,67K","1,60%"
"09.02.2024","33,07","33,50","33,85","32,95","1,36M","-1,43%"
"08.02.2024","33,55","33,00","33,87","32,91","1,36M","1,05%"
"07.02.2024","33,20","33,71","33,84","33,19","1,00M","-1,78%"
"06.02.2024","33,80","33,90","34,09","33,30","966,59K","-0,18%"
"05.02.2024","33,86","34,65","34,83","33,74","1,25M","-2,56%"
"02.02.2024","34,75","35,91","36,15","34,57","1,29M","-2,42%"
"01.02.2024","35,61","35,60","36,18","35,51","849,33K","-0,48%"
"31.01.2024","35,78","35,18","35,97","35,18","1,14M","1,97%"
"30.01.2024","35,09","35,20","35,38","34,95","939,41K","-0,31%"
"29.01.2024","35,20","35,50","35,54","34,99","860,42K","-1,40%"
"26.01.2024","35,70","35,06","36,01","34,76","959,72K","1,56%"
"25.01.2024","35,15","34,59","35,17","34,33","635,41K","1,30%"
"24.01.2024","34,70","34,76","35,49","34,42","1,19M","0,73%"
"23.01.2024","34,45","34,45","35,28","34,33","1,35M","0,88%"
"22.01.2024","34,15","33,85","34,58","33,63","932,57K","1,22%"
"19.01.2024","33,74","33,67","33,93","33,43","709,52K","0,33%"
"18.01.2024","33,63","34,39","34,48","33,49","2,18M","-1,90%"
"17.01.2024","34,28","34,72","34,85","33,84","984,63K","-2,67%"
"16.01.2024","35,22","35,41","35,50","35,06","757,30K","-0,98%"
"15.01.2024","35,57","36,04","36,15","35,35","495,96K","-0,70%"
"12.01.2024","35,82","35,42","36,15","35,24","898,65K","0,90%"
"11.01.2024","35,50","35,49","36,00","35,34","1,06M","0,54%"
"10.01.2024","35,31","35,02","35,36","34,76","727,34K","0,71%"
"09.01.2024","35,06","35,04","35,10","34,57","701,11K","0,14%"
"08.01.2024","35,01","34,64","35,03","34,19","766,82K","0,95%"
"05.01.2024","34,68","35,06","35,06","34,13","870,39K","-1,48%"
"04.01.2024","35,20","35,20","35,50","34,82","667,48K","-0,17%"
"03.01.2024","35,26","35,41","35,64","35,08","547,08K","-0,87%"
"02.01.2024","35,57","35,79","36,07","35,23","937,05K","-0,25%"
"29.12.2023","35,66","36,03","36,10","35,55","734,23K","-0,92%"
"28.12.2023","35,99","36,11","36,17","35,92","315,88K","-0,03%"
"27.12.2023","36,00","35,72","36,21","35,72","781,29K","0,61%"
"22.12.2023","35,78","35,65","35,96","35,60","420,07K","0,06%"
"21.12.2023","35,76","35,48","35,82","35,37","501,41K","-0,17%"
"20.12.2023","35,82","35,87","36,02","35,32","568,87K","0,20%"
"19.12.2023","35,75","35,81","36,12","35,47","851,12K","0,17%"
"18.12.2023","35,69","36,10","36,15","35,43","800,98K","-1,68%"
"15.12.2023","36,30","36,11","36,56","35,91","2,18M","-0,06%"
"14.12.2023","36,32","36,77","37,16","36,31","1,71M","2,14%"
"13.12.2023","35,56","35,28","35,62","35,10","850,93K","0,74%"
"12.12.2023","35,30","35,58","35,58","35,03","717,47K","-0,56%"
"11.12.2023","35,50","35,58","35,64","35,10","918,83K","-0,75%"
"08.12.2023","35,77","36,00","36,30","35,51","649,27K","-0,50%"
"07.12.2023","35,95","35,93","35,96","34,86","1,55M","-0,80%"
"06.12.2023","36,24","35,90","36,56","35,71","1,13M","1,37%"
"05.12.2023","35,75","35,14","35,93","35,10","1,02M","1,42%"
"04.12.2023","35,25","35,15","35,43","35,02","2,12M","0,71%"
"01.12.2023","35,00","35,11","35,18","34,36","1,14M","-0,11%"
"30.11.2023","35,04","35,10","35,25","34,83","2,76M","-0,17%"
"29.11.2023","35,10","34,73","35,31","34,72","972,20K","1,65%"
"28.11.2023","34,53","34,11","34,77","33,90","1,98M","1,38%"
"27.11.2023","34,06","34,10","34,54","33,88","1,04M","-0,44%"
"24.11.2023","34,21","33,79","34,27","33,39","770,18K","1,18%"
"23.11.2023","33,81","34,07","34,10","33,42","1,69M","-0,53%"
"22.11.2023","33,99","33,36","34,40","33,28","3,20M","2,44%"
"21.11.2023","33,18","33,69","33,92","32,91","1,46M","-1,43%"
"20.11.2023","33,66","32,61","33,92","32,59","1,70M","3,47%"
"17.11.2023","32,53","33,00","33,11","32,14","2,42M","-1,06%"
"16.11.2023","32,88","32,10","32,98","32,06","866,84K","2,43%"
"15.11.2023","32,10","32,75","32,97","32,08","1,54M","-1,98%"
"14.11.2023","32,75","31,04","32,75","30,87","3,09M","5,71%"
"13.11.2023","30,98","30,49","31,16","30,30","1,27M","1,81%"
"10.11.2023","30,43","30,78","31,20","29,82","1,33M","-0,81%"
"09.11.2023","30,68","29,99","30,77","29,99","1,34M","1,99%"
"08.11.2023","30,08","29,87","30,65","29,86","1,15M","0,64%"
"07.11.2023","29,89","29,65","30,11","29,61","877,89K","0,44%"
"06.11.2023","29,76","30,40","30,56","29,45","1,10M","-2,27%"
"03.11.2023","30,45","29,32","30,48","29,08","1,67M","3,92%"
"02.11.2023","29,30","28,64","29,43","28,62","1,46M","2,84%"
"01.11.2023","28,49","27,50","28,63","27,50","1,82M","2,78%"
"31.10.2023","27,72","26,80","27,83","26,66","3,75M","4,13%"
"30.10.2023","26,62","26,38","26,72","26,18","4,31M","0,95%"
"27.10.2023","26,37","26,48","26,53","26,24","1,28M","0,42%"
"26.10.2023","26,26","26,62","26,70","26,19","1,55M","-2,52%"
"25.10.2023","26,94","27,02","27,16","26,46","791,89K","-0,52%"
"24.10.2023","27,08","26,60","27,41","26,57","1,37M","1,84%"
"23.10.2023","26,59","27,09","27,37","26,02","1,70M","-2,35%"
"20.10.2023","27,23","27,24","28,00","27,05","2,63M","-1,16%"
"19.10.2023","27,55","28,53","28,74","27,55","1,71M","-4,01%"
"18.10.2023","28,70","29,50","29,71","28,70","1,90M","-2,74%"
"17.10.2023","29,51","29,56","30,04","29,29","814,95K","-1,07%"
"16.10.2023","29,83","29,54","30,36","29,49","1,48M","0,81%"
"13.10.2023","29,59","30,00","30,23","29,51","791,18K","-1,66%"
"12.10.2023","30,09","30,25","30,59","29,96","706,76K","-0,23%"
"11.10.2023","30,16","30,71","30,91","30,16","1,18M","-2,71%"
"10.10.2023","31,00","29,88","31,11","29,88","2,14M","4,27%"
"09.10.2023","29,73","29,55","29,87","29,28","1,30M","0,68%"
"06.10.2023","29,53","29,48","29,59","28,34","1,52M","0,07%"
"05.10.2023","29,51","29,58","29,69","28,97","1,51M","0,55%"
"04.10.2023","29,35","29,30","29,98","29,04","2,18M","-2,91%"
"03.10.2023","30,23","32,10","32,23","30,23","2,19M","-6,15%"
"02.10.2023","32,21","33,02","33,09","32,09","1,57M","-2,31%"
"29.09.2023","32,97","33,30","33,87","32,97","1,68M","1,70%"
"28.09.2023","32,42","33,45","33,51","32,39","1,79M","-3,25%"
"27.09.2023","33,51","34,46","34,48","33,31","1,34M","-2,50%"
"26.09.2023","34,37","34,26","34,53","34,10","1,29M","-1,58%"
"25.09.2023","34,92","35,32","35,48","34,52","713,91K","-1,50%"
"22.09.2023","35,45","35,23","35,46","34,97","606,61K","-0,06%"
"21.09.2023","35,47","36,20","36,20","35,28","964,49K","-2,12%"
"20.09.2023","36,24","36,15","36,68","35,99","828,88K","0,72%"
"19.09.2023","35,98","35,66","36,10","35,66","423,65K","0,22%"
"18.09.2023","35,90","35,88","36,03","35,63","620,86K","-0,39%"
"15.09.2023","36,04","36,20","36,44","35,88","1,97M","0,19%"
"14.09.2023","35,97","35,32","36,17","35,17","1,00M","1,84%"
"13.09.2023","35,32","35,00","35,32","34,68","553,97K","0,28%"
"12.09.2023","35,22","35,10","35,37","35,04","444,37K","0,63%"
"11.09.2023","35,00","34,48","35,14","34,48","622,79K","1,30%"
"08.09.2023","34,55","34,97","34,98","34,49","511,95K","-0,55%"
"07.09.2023","34,74","34,91","35,05","34,57","785,15K","-1,11%"
"06.09.2023","35,13","35,59","35,66","35,05","773,14K","-1,24%"
"05.09.2023","35,57","35,68","35,75","35,28","627,47K","-0,36%"
"04.09.2023","35,70","35,51","35,87","35,44","276,27K","0,48%"
"01.09.2023","35,53","35,20","35,88","35,15","668,76K","0,65%"
"31.08.2023","35,30","35,00","35,61","34,86","1,35M","0,83%"
"30.08.2023","35,01","35,21","35,37","34,87","592,05K","-0,54%"
"29.08.2023","35,20","35,02","35,41","34,89","624,97K","1,32%"
"28.08.2023","34,74","34,74","34,81","34,41","","1,31%"
"25.08.2023","34,29","34,14","34,68","34,12","465,40K","-0,09%"
"24.08.2023","34,32","34,69","34,98","34,32","417,02K","-0,81%"
"23.08.2023","34,60","34,05","34,70","34,05","381,73K","1,65%"
"22.08.2023","34,04","34,15","34,27","33,94","421,45K","0,24%"
"21.08.2023","33,96","34,24","34,55","33,82","497,14K","-1,19%"
"18.08.2023","34,37","34,20","34,37","33,86","900,88K","0,38%"
"17.08.2023","34,24","35,10","35,13","34,21","878,10K","-2,89%"
"16.08.2023","35,26","35,35","35,45","35,17","523,97K","-0,65%"
"15.08.2023","35,49","35,60","35,70","35,26","599,91K","-0,64%"
"14.08.2023","35,72","35,85","35,91","35,56","556,83K","-0,72%"
"11.08.2023","35,98","36,47","36,60","35,70","694,99K","-1,40%"
"10.08.2023","36,49","36,12","36,72","36,05","723,09K","1,33%"
"09.08.2023","36,01","36,00","36,20","35,70","573,44K","0,45%"
"08.08.2023","35,85","36,00","36,04","35,59","609,95K","-0,47%"
"07.08.2023","36,02","36,06","36,20","35,63","594,10K","-0,50%"
"04.08.2023","36,20","35,99","36,30","35,40","800,39K","0,47%"
"03.08.2023","36,03","36,31","36,31","35,72","897,78K","-1,34%"
"02.08.2023","36,52","36,46","36,52","36,07","1,19M","-0,14%"
"01.08.2023","36,57","37,04","37,15","36,43","1,22M","-1,53%"
"31.07.2023","37,14","37,95","37,95","37,08","1,32M","-3,28%"
"28.07.2023","38,40","37,90","38,82","37,82","3,98M","4,40%"
"27.07.2023","36,78","36,83","37,49","36,01","2,32M","0,49%"
"26.07.2023","36,60","36,17","36,69","35,85","930,28K","0,58%"
"25.07.2023","36,39","36,44","36,52","36,22","518,01K","-0,84%"
"24.07.2023","36,70","36,67","37,32","36,64","506,02K","-0,16%"
"21.07.2023","36,76","36,33","36,76","36,07","701,63K","0,71%"
"20.07.2023","36,50","36,73","36,77","36,42","673,82K","-0,87%"
"19.07.2023","36,82","36,81","37,25","36,81","524,59K","0,05%"
"18.07.2023","36,80","37,19","37,22","36,57","705,88K","-1,05%"
"17.07.2023","37,19","37,40","37,88","36,94","413,38K","-1,04%"
"14.07.2023","37,58","37,43","37,87","37,32","2,20M","0,40%"
"13.07.2023","37,43","37,02","37,79","36,95","730,99K","1,71%"
"12.07.2023","36,80","36,38","36,91","36,04","1,87M","1,66%"
"11.07.2023","36,20","36,33","36,46","36,06","544,79K","0,00%"
"10.07.2023","36,20","36,17","36,23","36,03","695,33K","-0,14%"
"07.07.2023","36,25","36,88","36,88","35,72","1,24M","-1,71%"
"06.07.2023","36,88","36,60","37,47","36,60","1,20M","-0,65%"
"05.07.2023","37,12","37,21","37,56","36,76","850,90K","-0,27%"
"04.07.2023","37,22","37,09","37,57","36,90","453,05K","0,59%"
"03.07.2023","37,00","36,90","37,25","36,54","1,88M","0,03%"
"30.06.2023","36,99","36,61","37,10","36,61","3,40M","1,12%"
"29.06.2023","36,58","36,87","36,93","36,43","539,62K","-0,33%"
"28.06.2023","36,70","36,55","36,76","36,25","586,36K","1,10%"
"27.06.2023","36,30","36,31","36,45","35,87","461,06K","0,50%"
"26.06.2023","36,12","36,30","36,36","36,05","634,56K","-0,61%"
"23.06.2023","36,34","35,92","36,50","35,88","1,04M","1,17%"
"22.06.2023","35,92","35,43","36,48","35,08","1,16M","0,73%"
"21.06.2023","35,66","36,01","36,20","35,47","922,69K","-1,44%"
"20.06.2023","36,18","36,41","36,42","35,86","723,65K","-0,36%"
"19.06.2023","36,31","36,69","36,69","36,09","686,91K","-0,95%"
"16.06.2023","36,66","36,51","37,11","36,31","5,14M","0,80%"
"15.06.2023","36,37","36,27","36,51","36,15","1,68M","-0,19%"
"14.06.2023","36,44","36,48","36,95","36,43","2,55M","0,03%"
"13.06.2023","36,43","36,98","37,09","36,04","810,81K","-0,82%"
"12.06.2023","36,73","37,14","37,27","36,52","783,80K","-0,76%"
"09.06.2023","37,01","37,75","37,90","37,01","1,03M","-1,93%"
"08.06.2023","37,74","37,69","37,91","37,36","589,43K","-0,66%"
"07.06.2023","37,99","37,86","38,42","37,75","1,54M","-0,16%"
"06.06.2023","38,05","37,89","38,24","37,89","616,84K","0,13%"
"05.06.2023","38,00","38,34","38,38","37,69","1,78M","-0,52%"
"02.06.2023","38,20","38,13","38,39","37,96","3,74M","0,55%"
"01.06.2023","37,99","38,22","38,25","37,51","2,50M","0,21%"
"31.05.2023","37,91","37,07","38,30","37,05","2,54M","0,61%"
"30.05.2023","37,68","37,18","37,82","37,09","647,88K","1,54%"
"29.05.2023","37,11","37,30","37,64","36,97","307,60K","-0,30%"
"26.05.2023","37,22","37,00","37,35","36,73","653,67K","0,51%"
"25.05.2023","37,03","37,86","37,96","36,84","882,62K","-1,88%"
"24.05.2023","37,74","38,02","38,12","37,41","1,84M","-1,38%"
"23.05.2023","38,27","38,49","38,85","38,22","550,07K","-0,60%"
"22.05.2023","38,50","38,36","38,68","38,12","546,46K","0,79%"
"19.05.2023","38,20","38,08","38,59","38,00","774,41K","0,82%"
"18.05.2023","37,89","38,59","38,94","37,80","1,32M","-1,58%"
"17.05.2023","38,50","38,20","38,53","37,88","1,20M","0,76%"
"16.05.2023","38,21","38,00","38,26","37,76","864,56K","0,45%"
"15.05.2023","38,04","38,03","38,19","37,90","437,45K","0,50%"
"12.05.2023","37,85","37,68","37,98","37,48","712,42K","0,53%"
"11.05.2023","37,65","37,11","37,99","37,10","623,74K","1,51%"
"10.05.2023","37,09","37,06","37,20","36,61","702,35K","-0,43%"
"09.05.2023","37,25","38,00","38,01","37,23","765,90K","-1,72%"
"08.05.2023","37,90","38,20","38,25","37,76","411,18K","-0,92%"
"05.05.2023","38,25","38,29","38,49","38,17","551,34K","0,37%"
"04.05.2023","38,11","37,85","38,21","37,53","838,92K","0,71%"
"03.05.2023","37,84","37,66","38,04","37,57","517,32K","0,45%"
"02.05.2023","37,67","38,23","38,23","37,40","887,74K","-1,31%"
"28.04.2023","38,17","38,34","38,52","37,74","1,69M","0,87%"
"27.04.2023","37,84","37,58","38,03","37,22","740,41K","-0,42%"
"26.04.2023","38,00","37,75","38,17","37,66","957,86K","0,58%"
"25.04.2023","37,78","38,17","38,17","37,53","645,43K","-0,32%"
"24.04.2023","37,90","38,48","38,48","37,90","750,16K","-0,37%"
"21.04.2023","38,04","38,28","38,53","37,80","1,19M","-0,63%"
"20.04.2023","38,28","38,20","38,33","37,96","513,80K","-0,16%"
"19.04.2023","38,34","38,07","38,38","37,82","479,43K","0,31%"
"18.04.2023","38,22","38,90","38,90","38,02","762,48K","-1,01%"
"17.04.2023","38,61","38,54","38,68","38,33","1,16M","0,23%"
"14.04.2023","38,52","38,21","38,57","38,20","1,22M","0,78%"
"13.04.2023","38,22","37,67","38,22","37,42","892,32K","1,46%"
"12.04.2023","37,67","37,63","38,08","37,48","883,24K","0,43%"
"11.04.2023","37,51","37,73","38,13","37,29","1,07M","-1,39%"
"06.04.2023","38,04","37,82","38,65","37,65","1,22M","0,58%"
"05.04.2023","37,82","36,56","37,83","36,44","5,22M","3,39%"
"04.04.2023","36,58","35,20","36,74","35,01","3,52M","2,84%"
"03.04.2023","35,57","36,22","36,22","35,29","735,79K","-0,53%"
"31.03.2023","35,76","35,67","36,03","35,41","1,13M","0,45%"
"30.03.2023","35,60","35,63","35,86","35,49","2,18M","0,65%"
"29.03.2023","35,37","34,82","35,54","34,79","1,07M","1,20%"
"28.03.2023","34,95","34,73","35,47","34,69","1,39M","1,63%"
"27.03.2023","34,39","33,92","34,71","33,67","1,17M","1,15%"
"24.03.2023","34,00","33,90","34,57","33,66","1,64M","1,34%"
"23.03.2023","33,55","33,05","33,87","33,05","961,45K","1,02%"
"22.03.2023","33,21","33,47","33,56","32,96","1,09M","-1,66%"
"21.03.2023","33,77","33,84","33,91","33,32","1,27M","-0,27%"
"20.03.2023","33,86","34,11","34,37","33,64","1,49M","-0,70%"
"17.03.2023","34,10","35,15","35,41","33,85","2,48M","-3,45%"
"16.03.2023","35,32","35,80","35,83","34,77","1,32M","-0,23%"
"15.03.2023","35,40","36,01","36,01","34,98","1,49M","-1,28%"
"14.03.2023","35,86","35,31","36,05","35,31","1,21M","1,56%"
"13.03.2023","35,31","35,02","35,39","34,42","5,49M","0,89%"
"10.03.2023","35,00","34,81","35,15","34,57","1,21M","-0,65%"
"09.03.2023","35,23","35,20","35,35","34,80","747,94K","-0,23%"
"08.03.2023","35,31","34,60","35,47","34,60","1,14M","1,20%"
"07.03.2023","34,89","34,69","35,34","34,59","1,29M","0,29%"
"06.03.2023","34,79","35,31","35,31","34,56","828,82K","-0,83%"
"03.03.2023","35,08","34,68","35,28","34,55","897,93K","2,13%"
"02.03.2023","34,35","34,49","34,73","34,19","1,86M","-1,77%"
"01.03.2023","34,97","35,98","36,50","34,68","1,38M","-1,66%"
"28.02.2023","35,56","36,10","36,59","35,46","3,63M","-0,70%"
"27.02.2023","35,81","35,51","36,24","35,38","1,20M","-0,22%"
"24.02.2023","35,89","36,30","36,80","35,58","967,48K","-0,44%"
"23.02.2023","36,05","37,36","37,37","35,28","1,50M","-2,78%"
"22.02.2023","37,08","37,60","37,78","36,91","918,59K","-1,75%"
"21.02.2023","37,74","37,90","38,51","37,50","1,01M","-0,24%"
"20.02.2023","37,83","38,15","38,34","37,78","470,45K","-0,39%"
"17.02.2023","37,98","37,80","38,20","37,56","1,16M","0,18%"
"16.02.2023","37,91","38,95","38,97","37,86","1,24M","-2,19%"
"15.02.2023","38,76","38,63","38,79","38,22","1,35M","0,68%"
"14.02.2023","38,50","38,13","38,61","37,99","1,50M","1,50%"
"13.02.2023","37,93","37,30","38,06","37,25","1,37M","1,99%"
"10.02.2023","37,19","37,08","37,20","36,40","1,06M","-0,24%"
"09.02.2023","37,28","37,00","37,82","36,99","1,97M","1,06%"
"08.02.2023","36,89","37,00","37,42","36,78","1,18M","1,57%"
"07.02.2023","36,32","36,20","36,61","36,07","854,87K","-0,33%"
"06.02.2023","36,44","36,23","36,48","35,97","804,62K","0,14%"
"03.02.2023","36,39","36,85","37,14","36,22","1,67M","-2,07%"
"02.02.2023","37,16","36,18","37,37","36,16","1,52M","4,12%"
"01.02.2023","35,69","35,90","36,13","35,64","855,26K","-0,53%"
"31.01.2023","35,88","36,15","36,42","35,83","1,27M","-1,29%"
"30.01.2023","36,35","36,41","36,99","36,23","1,40M","0,55%"
"27.01.2023","36,15","35,73","36,21","35,43","1,23M","1,46%"
"26.01.2023","35,63","36,66","36,66","35,50","2,56M","-1,87%"
"25.01.2023","36,31","36,69","36,69","36,04","921,63K","-0,68%"
"24.01.2023","36,56","36,25","36,77","35,88","2,70M","0,77%"
"23.01.2023","36,28","35,50","36,53","35,15","2,06M","-0,60%"
"20.01.2023","36,50","35,22","36,98","35,00","5,95M","9,84%"
"19.01.2023","33,23","33,88","33,94","32,98","1,34M","-1,74%"
"18.01.2023","33,82","33,47","34,27","33,41","1,41M","1,87%"
"17.01.2023","33,20","32,43","33,44","32,20","1,40M","2,63%"
"16.01.2023","32,35","32,10","32,35","31,77","1,06M","1,47%"
"13.01.2023","31,88","31,67","32,00","31,50","1,33M","1,11%"
"12.01.2023","31,53","31,70","31,88","31,35","1,64M","-0,85%"
"11.01.2023","31,80","32,00","32,57","31,62","2,11M","-2,45%"
"10.01.2023","32,60","32,80","33,05","32,53","568,38K","-0,76%"
"09.01.2023","32,85","32,76","32,99","32,42","884,54K","0,71%"
"06.01.2023","32,62","32,28","32,64","31,94","966,79K","0,80%"
"05.01.2023","32,36","31,96","32,47","31,71","1,20M","2,02%"
"04.01.2023","31,72","31,57","32,24","31,45","1,20M","1,18%"
"03.01.2023","31,35","31,39","31,84","31,14","963,32K","0,16%"
"02.01.2023","31,30","31,21","31,65","31,06","616,48K","1,23%"
"30.12.2022","30,92","31,33","31,33","30,85","923,69K","-1,84%"
"29.12.2022","31,50","30,98","31,52","30,76","605,24K","1,71%"
"28.12.2022","30,97","30,84","31,20","30,80","462,73K","0,45%"
"27.12.2022","30,83","31,15","31,35","30,64","457,46K","-0,68%"
"23.12.2022","31,04","31,11","31,42","30,85","426,94K","0,19%"
"22.12.2022","30,98","31,26","31,53","30,90","623,18K","-0,93%"
"21.12.2022","31,27","31,12","31,38","30,86","597,50K","1,46%"
"20.12.2022","30,82","31,00","31,27","30,68","835,46K","-1,66%"
"19.12.2022","31,34","31,36","31,59","31,01","3,90M","0,58%"
"16.12.2022","31,16","32,92","32,93","30,57","5,35M","-5,80%"
"15.12.2022","33,08","33,30","33,44","32,93","1,69M","-1,52%"
"14.12.2022","33,59","33,56","33,70","33,24","1,22M","-0,53%"
"13.12.2022","33,77","33,28","34,57","32,71","1,41M","1,87%"
"12.12.2022","33,15","32,72","33,29","32,41","716,04K","1,10%"
"09.12.2022","32,79","32,70","32,90","32,33","656,96K","0,49%"
"08.12.2022","32,63","33,21","33,24","32,42","1,38M","-1,60%"
"07.12.2022","33,16","33,37","33,45","33,05","921,93K","-0,63%"
"06.12.2022","33,37","33,56","33,77","33,02","1,10M","-1,59%"
"05.12.2022","33,91","34,00","34,42","33,80","672,15K","0,03%"
"02.12.2022","33,90","34,25","35,06","33,67","2,14M","-0,96%"
"01.12.2022","34,23","33,67","34,42","33,51","4,05M","5,00%"
"30.11.2022","32,60","32,80","33,10","32,42","2,43M","-0,03%"
"29.11.2022","32,61","33,45","33,47","32,57","908,66K","-2,04%"
"28.11.2022","33,29","33,57","33,90","33,24","968,70K","-0,75%"
"25.11.2022","33,54","34,05","34,22","33,39","888,09K","-1,47%"
"24.11.2022","34,04","33,39","34,27","33,20","1,11M","2,13%"
"23.11.2022","33,33","33,30","33,47","32,71","1,02M","0,85%"
"22.11.2022","33,05","33,22","33,43","32,76","1,19M","-1,14%"
"21.11.2022","33,43","33,28","33,60","32,93","2,54M","0,30%"
"18.11.2022","33,33","33,68","33,73","33,02","1,16M","-0,60%"
"17.11.2022","33,53","34,20","34,36","32,48","1,74M","-2,07%"
"16.11.2022","34,24","35,19","35,24","34,10","1,36M","-2,12%"
"15.11.2022","34,98","34,06","35,26","33,81","28,75M","-3,29%"
"14.11.2022","36,17","36,64","36,81","35,85","957,06K","-1,58%"
"11.11.2022","36,75","38,03","39,43","36,20","1,89M","1,63%"
"10.11.2022","36,16","34,10","36,37","33,70","2,02M","5,61%"
"09.11.2022","34,24","33,18","35,13","32,48","1,71M","3,38%"
"08.11.2022","33,12","32,31","33,35","32,14","1,06M","2,57%"
"07.11.2022","32,29","32,33","32,64","31,88","2,45M","-0,43%"
"04.11.2022","32,43","32,38","32,69","31,75","1,21M","1,38%"
"03.11.2022","31,99","32,20","32,50","31,68","1,06M","-3,64%"
"02.11.2022","33,20","32,71","33,32","32,51","1,20M","1,19%"
"01.11.2022","32,81","33,26","33,69","32,28","1,00M","-0,88%"
"31.10.2022","33,10","32,82","33,17","32,24","1,38M","1,10%"
"28.10.2022","32,74","31,95","32,84","31,70","1,05M","1,84%"
"27.10.2022","32,15","31,08","32,90","30,67","1,51M","2,42%"
"26.10.2022","31,39","30,48","31,39","30,28","1,34M","2,28%"
"25.10.2022","30,69","29,25","30,84","29,08","1,14M","5,03%"
"24.10.2022","29,22","29,32","29,69","29,02","663,71K","1,46%"
"21.10.2022","28,80","29,50","29,63","28,48","1,14M","-2,90%"
"20.10.2022","29,66","29,62","30,04","29,21","1,34M","0,47%"
"19.10.2022","29,52","30,48","30,51","29,41","2,29M","-3,28%"
"18.10.2022","30,52","30,93","31,35","30,32","1,67M","-0,10%"
"17.10.2022","30,55","29,39","30,74","29,39","1,09M","4,20%"
"14.10.2022","29,32","29,86","30,55","29,10","1,46M","-0,44%"
"13.10.2022","29,45","29,69","29,69","28,02","1,86M","-1,17%"
"12.10.2022","29,80","31,37","31,39","29,62","1,37M","-4,46%"
"11.10.2022","31,19","31,46","31,46","30,67","1,22M","-1,48%"
"10.10.2022","31,66","30,50","31,70","30,40","1,04M","2,49%"
"07.10.2022","30,89","31,40","31,80","30,59","1,16M","-2,40%"
"06.10.2022","31,65","32,58","32,66","31,55","863,76K","-2,04%"
"05.10.2022","32,31","33,25","33,76","32,06","781,67K","-3,70%"
"04.10.2022","33,55","32,78","33,64","32,69","1,20M","3,39%"
"03.10.2022","32,45","31,79","32,64","31,25","1,16M","2,08%"
"30.09.2022","31,79","31,28","32,00","31,17","2,27M","2,22%"
"29.09.2022","31,10","31,86","31,93","31,00","1,39M","-2,96%"
"28.09.2022","32,05","32,03","32,13","31,38","1,32M","-0,59%"
"27.09.2022","32,24","31,50","32,68","31,50","1,51M","2,35%"
"26.09.2022","31,50","31,98","32,43","31,38","2,05M","-1,10%"
"23.09.2022","31,85","32,18","32,63","31,54","2,17M","-1,27%"
"22.09.2022","32,26","33,00","34,10","32,09","1,12M","-4,81%"
"21.09.2022","33,89","33,10","34,02","32,74","1,46M","1,92%"
"20.09.2022","33,25","34,75","35,00","33,05","1,54M","-4,10%"
"19.09.2022","34,67","34,97","35,03","33,82","1,31M","-0,86%"
"16.09.2022","34,97","36,81","36,82","34,90","2,44M","-5,00%"
"15.09.2022","36,81","37,08","37,91","36,66","914,98K","-1,31%"
"14.09.2022","37,30","37,00","37,41","36,56","1,02M","1,14%"
"13.09.2022","36,88","38,89","39,31","36,88","960,43K","-4,58%"
"12.09.2022","38,65","38,50","38,77","37,75","747,84K","1,31%"
"09.09.2022","38,15","37,64","38,44","37,40","3,02M","0,34%"
"08.09.2022","38,02","37,63","38,07","36,90","627,14K","1,31%"
"07.09.2022","37,53","36,80","37,64","36,61","800,12K","1,51%"
"06.09.2022","36,97","37,65","38,32","36,75","649,13K","-2,04%"
"05.09.2022","37,74","37,92","38,14","37,52","598,40K","-1,64%"
"02.09.2022","38,37","38,28","38,61","37,56","645,59K","0,13%"
"01.09.2022","38,32","38,56","38,90","38,22","771,37K","-1,16%"
"31.08.2022","38,77","39,38","39,55","38,76","1,07M","-1,75%"
"30.08.2022","39,46","39,47","39,78","39,24","951,81K","0,03%"
"29.08.2022","39,45","39,22","39,75","38,87","541,50K","-1,18%"
"26.08.2022","39,92","41,55","41,61","39,70","928,61K","-3,50%"
"25.08.2022","41,37","41,10","41,61","40,67","525,35K","0,44%"
"24.08.2022","41,19","40,88","41,28","40,70","329,29K","0,22%"
"23.08.2022","41,10","42,54","42,80","40,80","778,54K","-3,59%"
"22.08.2022","42,63","42,25","42,70","42,06","623,40K","0,24%"
"19.08.2022","42,53","41,81","43,00","41,81","775,19K","0,85%"
"18.08.2022","42,17","42,23","42,47","41,80","392,21K","-0,82%"
"17.08.2022","42,52","42,88","43,20","42,32","594,72K","-0,51%"
"16.08.2022","42,74","42,85","43,48","42,44","659,45K","0,07%"
"15.08.2022","42,71","42,49","43,01","42,41","360,05K","0,92%"
"12.08.2022","42,32","41,66","42,34","41,61","627,01K","1,27%"
"11.08.2022","41,79","41,33","42,53","41,17","865,83K","1,56%"
"10.08.2022","41,15","41,21","41,80","40,49","1,13M","-0,19%"
"09.08.2022","41,23","41,82","42,00","40,81","1,19M","-1,22%"
"08.08.2022","41,74","42,00","42,62","41,74","635,55K","0,26%"
"05.08.2022","41,63","43,23","43,38","41,59","908,34K","-3,23%"
"04.08.2022","43,02","43,52","43,72","42,71","810,90K","-0,67%"
"03.08.2022","43,31","43,83","44,00","43,31","882,96K","-0,85%"
"02.08.2022","43,68","43,50","44,09","43,27","824,16K","0,18%"
"01.08.2022","43,60","43,87","44,52","43,49","679,67K","0,02%"
"29.07.2022","43,59","43,50","44,90","43,36","1,99M","0,79%"
"28.07.2022","43,25","42,76","43,25","40,55","1,12M","2,22%"
"27.07.2022","42,31","42,57","42,97","41,68","724,93K","-0,82%"
"26.07.2022","42,66","42,12","42,89","41,46","867,04K","1,67%"
"25.07.2022","41,96","42,39","42,78","41,69","627,13K","-1,04%"
"22.07.2022","42,40","41,09","42,77","40,71","1,31M","3,77%"
"21.07.2022","40,86","40,74","41,06","40,19","944,02K","-0,34%"
"20.07.2022","41,00","41,55","41,95","40,79","1,57M","-1,20%"
"19.07.2022","41,50","40,51","41,80","40,40","726,17K","1,67%"
"18.07.2022","40,82","42,31","42,31","40,65","2,67M","-2,74%"
"15.07.2022","41,97","41,89","42,50","41,40","1,37M","1,16%"
"14.07.2022","41,49","40,55","41,60","40,40","2,00M","1,24%"
"13.07.2022","40,98","40,95","42,18","39,94","1,35M","-0,89%"
"12.07.2022","41,35","38,77","41,51","38,75","2,85M","5,67%"
"11.07.2022","39,13","38,27","39,25","38,21","4,47M","1,37%"
"08.07.2022","38,60","38,21","38,97","37,82","4,72M","0,52%"
"07.07.2022","38,40","38,49","38,65","37,88","1,33M","-0,05%"
"06.07.2022","38,42","38,19","38,56","37,75","1,36M","1,67%"
"05.07.2022","37,79","38,30","39,08","37,51","2,60M","1,56%"
"04.07.2022","37,21","38,25","38,48","37,15","554,21K","-2,49%"
"01.07.2022","38,16","36,71","38,16","36,17","905,57K","3,05%"
"30.06.2022","37,03","36,97","37,54","36,27","1,92M","-0,48%"
"29.06.2022","37,21","37,23","37,75","36,55","1,91M","-1,69%"
"28.06.2022","37,85","39,60","39,60","37,71","2,41M","-2,70%"
"27.06.2022","38,90","39,50","39,50","38,53","819,11K","-0,13%"
"24.06.2022","38,95","37,95","39,21","37,87","1,46M","2,66%"
"23.06.2022","37,94","37,64","38,02","37,15","773,22K","0,11%"
"22.06.2022","37,90","37,52","38,16","36,90","1,67M","0,96%"
"21.06.2022","37,54","38,25","38,27","36,96","2,56M","-1,31%"
"20.06.2022","38,04","38,50","38,67","37,25","1,09M","-1,19%"
"17.06.2022","38,50","36,75","38,50","36,23","3,76M","5,13%"
"16.06.2022","36,62","36,00","37,01","35,98","995,45K","1,67%"
"15.06.2022","36,02","35,98","36,36","35,39","1,99M","1,52%"
"14.06.2022","35,48","38,24","38,36","35,48","1,66M","-7,10%"
"13.06.2022","38,19","40,29","40,31","38,12","1,44M","-6,31%"
"10.06.2022","40,76","40,81","41,41","40,20","5,64M","-1,02%"
"09.06.2022","41,18","42,80","42,94","41,17","833,35K","-2,37%"
"08.06.2022","42,18","41,72","42,19","41,34","678,69K","0,96%"
"07.06.2022","41,78","41,47","41,79","41,20","740,23K","0,22%"
"06.06.2022","41,69","41,33","41,90","41,11","638,12K","1,48%"
"03.06.2022","41,08","41,40","41,64","41,00","512,32K","-0,53%"
"02.06.2022","41,30","41,49","41,68","40,85","661,74K","0,51%"
"01.06.2022","41,09","42,11","42,25","40,96","806,01K","-2,24%"
"31.05.2022","42,03","42,49","42,74","41,71","5,74M","-0,59%"
"30.05.2022","42,28","43,01","43,33","41,87","798,59K","-2,33%"
"27.05.2022","43,29","43,11","43,99","43,09","1,40M","0,86%"
"26.05.2022","42,92","41,64","42,93","41,49","1,28M","3,90%"
"25.05.2022","41,31","41,57","41,80","40,93","803,44K","0,15%"
"24.05.2022","41,25","40,30","41,25","39,99","2,23M","1,80%"
"23.05.2022","40,52","40,92","40,92","39,92","791,11K","0,25%"
"20.05.2022","40,42","39,86","40,89","39,41","930,48K","2,20%"
"19.05.2022","39,55","39,70","39,77","38,83","1,27M","-0,85%"
"18.05.2022","39,89","40,79","40,91","39,52","1,28M","-2,47%"
"17.05.2022","40,90","39,91","40,90","39,42","1,24M","2,89%"
"16.05.2022","39,75","40,62","40,82","39,70","884,59K","-2,09%"
"13.05.2022","40,60","39,92","40,60","39,71","1,13M","2,60%"
"12.05.2022","39,57","40,02","40,17","39,28","1,65M","-2,70%"
"11.05.2022","40,67","40,50","41,20","39,52","1,03M","1,27%"
"10.05.2022","40,16","40,16","41,21","39,94","1,30M","0,00%"
"09.05.2022","40,16","41,39","41,66","40,16","2,10M","-3,92%"
"06.05.2022","41,80","43,10","43,60","40,83","1,72M","-4,04%"
"05.05.2022","43,56","44,00","44,70","43,44","1,44M","-0,27%"
"04.05.2022","43,68","43,77","44,50","43,30","666,46K","-1,02%"
"03.05.2022","44,13","43,65","44,21","43,31","744,78K","1,49%"
"02.05.2022","43,48","44,67","44,94","42,00","1,15M","-2,42%"
"29.04.2022","44,56","44,56","45,25","43,97","1,70M","0,70%"
"28.04.2022","44,25","45,28","45,87","43,85","","-3,72%"
"27.04.2022","45,96","44,90","46,12","44,81","","2,36%"
"26.04.2022","44,90","45,75","45,95","44,83","1,03M","-1,28%"
"25.04.2022","45,48","44,64","45,90","44,34","750,38K","0,75%"
"22.04.2022","45,14","45,11","45,71","44,86","921,91K","-0,97%"
"21.04.2022","45,58","45,24","45,98","45,00","1,84M","0,57%"
"20.04.2022","45,32","45,23","45,94","45,21","2,82M","0,09%"
"19.04.2022","45,28","44,70","45,28","43,75","1,59M","0,73%"
"14.04.2022","44,95","45,10","45,42","44,69","1,02M","-0,18%"
"13.04.2022","45,03","43,74","45,15","43,66","5,19M","2,20%"
"12.04.2022","44,06","43,59","44,45","43,59","749,93K","-0,16%"
"11.04.2022","44,13","44,29","44,64","43,52","1,69M","-0,76%"
"08.04.2022","44,47","45,66","45,70","44,41","883,99K","-1,75%"
"07.04.2022","45,26","45,37","46,55","45,03","1,01M","0,31%"
"06.04.2022","45,12","46,21","46,47","44,61","1,30M","-2,36%"
"05.04.2022","46,21","44,79","46,21","44,56","1,48M","4,17%"
"04.04.2022","44,36","44,00","44,47","43,92","614,08K","0,77%"
"01.04.2022","44,02","43,64","44,19","43,54","1,23M","0,71%"
"31.03.2022","43,71","44,56","44,88","43,71","1,55M","-1,42%"
"30.03.2022","44,34","44,00","44,65","43,64","959,16K","0,70%"
"29.03.2022","44,03","43,79","44,31","43,54","2,06M","0,99%"
"28.03.2022","43,60","43,40","44,08","43,33","2,56M","0,37%"
"25.03.2022","43,44","42,67","43,44","42,35","1,12M","1,88%"
"24.03.2022","42,64","42,31","42,64","41,58","2,68M","0,80%"
"23.03.2022","42,30","42,73","42,92","41,66","1,27M","-0,66%"
"22.03.2022","42,58","42,22","42,68","41,47","1,35M","0,57%"
"21.03.2022","42,34","43,69","43,79","41,98","1,63M","-3,66%"
"18.03.2022","43,95","43,23","43,98","42,71","2,31M","1,97%"
"17.03.2022","43,10","41,70","43,10","41,48","3,95M","4,33%"
"16.03.2022","41,31","42,25","42,35","41,11","1,67M","-1,03%"
"15.03.2022","41,74","41,10","42,11","40,77","1,38M","0,77%"
"14.03.2022","41,42","42,09","42,26","41,33","1,78M","-1,26%"
"11.03.2022","41,95","41,62","42,23","41,15","1,52M","1,26%"
"10.03.2022","41,43","42,29","42,64","40,73","1,61M","-1,82%"
"09.03.2022","42,20","42,70","43,05","40,77","2,92M","1,47%"
"08.03.2022","41,59","41,30","43,26","41,30","2,66M","-2,80%"
"07.03.2022","42,79","40,43","43,23","40,32","2,50M","4,26%"
"04.03.2022","41,04","41,05","42,20","40,65","3,89M","3,95%"
"03.03.2022","39,48","40,35","41,10","39,28","2,50M","-2,81%"
"02.03.2022","40,62","39,85","41,16","39,80","1,83M","1,78%"
"01.03.2022","39,91","40,87","40,99","39,74","2,07M","-1,80%"
"28.02.2022","40,64","40,17","41,60","39,97","2,76M","1,88%"
"25.02.2022","39,89","40,70","40,70","38,99","4,03M","0,71%"
"24.02.2022","39,61","38,82","39,98","38,61","2,33M","-0,80%"
"23.02.2022","39,93","40,18","40,93","39,63","2,70M","-0,67%"
"22.02.2022","40,20","38,03","40,42","38,03","2,72M","4,58%"
"21.02.2022","38,44","38,45","38,92","38,16","1,07M","0,31%"
"18.02.2022","38,32","39,25","39,32","38,07","1,48M","-1,99%"
"17.02.2022","39,10","39,36","39,55","38,54","1,63M","-0,56%"
"16.02.2022","39,32","39,51","39,77","38,89","1,07M","-0,46%"
"15.02.2022","39,50","38,83","39,84","38,83","1,66M","1,28%"
"14.02.2022","39,00","38,30","39,15","38,10","2,14M","0,39%"
"11.02.2022","38,85","38,74","39,15","38,55","1,68M","-0,64%"
"10.02.2022","39,10","39,80","39,80","38,20","2,76M","-0,94%"
"09.02.2022","39,47","39,21","39,84","38,90","4,77M","1,31%"
"08.02.2022","38,96","39,30","39,65","38,49","1,98M","-0,71%"
"07.02.2022","39,24","39,49","39,94","39,21","1,98M","0,08%"
"04.02.2022","39,21","41,00","41,32","39,16","1,69M","-4,06%"
"03.02.2022","40,87","41,90","42,20","40,86","2,06M","-2,25%"
"02.02.2022","41,81","40,96","41,81","40,84","1,54M","2,75%"
"01.02.2022","40,69","40,68","41,27","40,58","2,02M","0,97%"
"31.01.2022","40,30","40,50","40,50","39,64","2,18M","0,90%"
"28.01.2022","39,94","40,56","40,68","38,90","4,21M","-1,79%"
"27.01.2022","40,67","39,99","40,95","39,41","2,71M","0,25%"
"26.01.2022","40,57","40,73","41,37","40,57","2,29M","-0,39%"
"25.01.2022","40,73","41,18","41,85","40,67","2,73M","-0,78%"
"24.01.2022","41,05","43,13","43,13","41,00","4,62M","-4,95%"
"21.01.2022","43,19","43,25","43,98","42,98","2,15M","-1,08%"
"20.01.2022","43,66","43,50","44,24","42,85","2,75M","2,30%"
"19.01.2022","42,68","42,00","43,29","41,81","1,88M","1,16%"
"18.01.2022","42,19","42,26","42,26","41,85","3,45M","0,05%"
"17.01.2022","42,17","42,50","42,54","41,71","2,77M","-0,43%"
"14.01.2022","42,35","43,22","43,26","42,35","2,34M","-2,15%"
"13.01.2022","43,28","43,10","43,53","42,89","2,24M","1,17%"
"12.01.2022","42,78","42,43","43,35","42,39","3,70M","1,62%"
"11.01.2022","42,10","42,71","43,22","42,10","2,70M","0,24%"
"10.01.2022","42,00","44,40","44,68","42,00","3,37M","-5,32%"
"07.01.2022","44,36","45,39","45,60","44,28","2,04M","-2,25%"
"06.01.2022","45,38","46,85","46,94","44,82","2,87M","-4,46%"
"05.01.2022","47,50","48,00","48,88","47,50","2,13M","-1,25%"
"04.01.2022","48,10","51,00","51,08","48,10","1,80M","-5,20%"
"03.01.2022","50,74","51,34","51,70","50,74","955,99K","-0,86%"
"30.12.2021","51,18","50,62","51,18","50,24","779,95K","1,31%"
"29.12.2021","50,52","51,00","51,00","50,20","461,01K","-0,98%"
"28.12.2021","51,02","50,28","51,08","50,22","504,33K","1,47%"
"27.12.2021","50,28","49,09","50,66","49,07","530,68K","2,44%"
"23.12.2021","49,08","48,97","49,57","48,77","1,74M","0,41%"
"22.12.2021","48,88","48,81","49,14","48,34","1,01M","0,74%"
"21.12.2021","48,52","49,00","49,09","47,79","1,09M","0,43%"
"20.12.2021","48,31","48,00","48,53","47,69","2,28M","-1,00%"
"17.12.2021","48,80","50,18","50,82","48,48","4,31M","-6,05%"
"16.12.2021","51,94","52,96","53,36","51,94","1,30M","-0,57%"
"15.12.2021","52,24","53,06","53,06","51,94","1,45M","-1,32%"
"14.12.2021","52,94","53,62","54,66","52,86","1,61M","-1,45%"
"13.12.2021","53,72","52,78","54,12","52,58","1,84M","2,36%"
"10.12.2021","52,48","52,02","52,88","51,72","1,45M","-0,15%"
"09.12.2021","52,56","52,06","53,06","51,72","1,30M","1,27%"
"08.12.2021","51,90","51,70","52,78","51,70","2,41M","0,08%"
"07.12.2021","51,86","51,82","52,04","51,38","799,84K","1,05%"
"06.12.2021","51,32","51,14","51,80","50,64","638,84K","1,50%"
"03.12.2021","50,56","51,10","51,10","50,16","709,87K","-0,67%"
"02.12.2021","50,90","51,40","52,20","50,42","1,30M","-2,19%"
"01.12.2021","52,04","52,04","52,80","51,44","993,67K","0,00%"
"30.11.2021","52,04","52,98","53,66","52,04","1,94M","-2,25%"
"29.11.2021","53,24","52,86","53,34","52,32","768,46K","0,95%"
"26.11.2021","52,74","51,00","53,06","51,00","1,22M","1,97%"
"25.11.2021","51,72","52,46","52,72","51,68","1,14M","-1,15%"
"24.11.2021","52,32","52,08","52,64","51,72","2,02M","0,85%"
"23.11.2021","51,88","52,14","52,22","50,90","1,17M","-0,46%"
"22.11.2021","52,12","52,64","53,28","52,12","821,78K","-0,69%"
"19.11.2021","52,48","51,08","52,74","51,08","1,61M","2,66%"
"18.11.2021","51,12","51,86","52,12","50,62","2,92M","-1,27%"
"17.11.2021","51,78","53,00","53,02","51,78","2,93M","-2,23%"
"16.11.2021","52,96","54,20","54,54","52,96","1,17M","-2,25%"
"15.11.2021","54,18","54,50","54,80","53,86","4,02M","-0,33%"
"12.11.2021","54,36","53,02","54,70","53,02","1,02M","2,22%"
"11.11.2021","53,18","53,60","53,86","52,70","5,56M","-0,82%"
"10.11.2021","53,62","53,60","53,84","52,98","1,05M","0,07%"
"09.11.2021","53,58","53,26","54,16","52,94","3,33M","0,71%"
"08.11.2021","53,20","52,82","53,88","52,76","696,80K","0,91%"
"05.11.2021","52,72","53,62","53,64","52,72","655,93K","-1,13%"
"04.11.2021","53,32","51,76","53,64","51,14","4,19M","3,61%"
"03.11.2021","51,46","52,64","52,74","51,26","1,29M","-2,20%"
"02.11.2021","52,62","53,12","53,86","52,44","1,18M","-0,98%"
"01.11.2021","53,14","53,22","53,48","52,56","798,99K","-0,08%"
"29.10.2021","53,18","53,74","53,76","51,90","4,12M","-1,92%"
"28.10.2021","54,22","53,96","54,52","53,74","5,16M","0,26%"
"27.10.2021","54,08","54,38","54,72","53,84","1,90M","-0,15%"
"26.10.2021","54,16","54,06","54,86","53,70","614,20K","0,33%"
"25.10.2021","53,98","54,72","54,72","53,96","491,08K","-1,17%"
"22.10.2021","54,62","54,90","55,02","54,34","532,57K","-0,33%"
"21.10.2021","54,80","54,14","54,80","53,94","2,29M","1,41%"
"20.10.2021","54,04","53,56","54,36","53,14","3,03M","0,93%"
"19.10.2021","53,54","53,02","53,70","52,96","693,55K","1,36%"
"18.10.2021","52,82","53,50","53,68","52,60","1,24M","-1,42%"
"15.10.2021","53,58","53,16","53,72","52,80","778,63K","1,06%"
"14.10.2021","53,02","53,20","53,26","52,46","1,01M","0,38%"
"13.10.2021","52,82","52,40","53,14","51,68","1,49M","0,92%"
"12.10.2021","52,34","50,70","52,34","50,50","1,28M","2,67%"
"11.10.2021","50,98","51,82","51,86","50,70","1,09M","-2,00%"
"08.10.2021","52,02","52,28","52,44","51,54","2,38M","-0,88%"
"07.10.2021","52,48","51,96","52,66","51,96","1,09M","1,16%"
"06.10.2021","51,88","53,20","53,30","51,86","1,39M","-2,99%"
"05.10.2021","53,48","53,84","54,12","53,28","980,76K","-0,74%"
"04.10.2021","53,88","53,62","54,20","53,30","2,42M","0,41%"
"01.10.2021","53,66","53,06","54,10","52,92","838,11K","0,68%"
"30.09.2021","53,30","53,38","54,22","53,02","1,72M","0,45%"
"29.09.2021","53,06","52,24","53,60","52,12","1,94M","2,04%"
"28.09.2021","52,00","53,96","54,12","51,82","2,24M","-3,70%"
"27.09.2021","54,00","55,64","55,64","53,86","2,32M","-4,05%"
"24.09.2021","56,28","57,60","57,78","56,28","1,53M","-2,60%"
"23.09.2021","57,78","58,28","58,34","57,58","449,95K","-0,38%"
"22.09.2021","58,00","59,30","59,30","57,74","4,10M","-1,76%"
"21.09.2021","59,04","58,08","59,46","57,92","899,47K","1,90%"
"20.09.2021","57,94","57,90","58,14","57,24","1,58M","-0,21%"
"17.09.2021","58,06","57,54","58,20","57,38","1,99M","1,50%"
"16.09.2021","57,20","56,38","57,36","56,38","865,27K","1,42%"
"15.09.2021","56,40","57,08","57,12","56,40","2,07M","-1,09%"
"14.09.2021","57,02","56,52","57,18","56,42","559,72K","0,64%"
"13.09.2021","56,66","57,28","57,56","56,66","627,92K","-1,01%"
"10.09.2021","57,24","58,92","58,92","57,24","855,85K","-2,39%"
"09.09.2021","58,64","57,30","58,74","57,18","1,03M","1,00%"
"08.09.2021","58,06","57,62","58,26","57,24","1,06M","0,76%"
"07.09.2021","57,62","58,60","58,68","57,02","1,00M","-1,50%"
"06.09.2021","58,50","58,00","58,76","58,00","904,52K","1,70%"
"03.09.2021","57,52","58,44","58,52","57,26","1,15M","-1,51%"
"02.09.2021","58,40","58,44","59,08","58,26","1,10M","-0,17%"
"01.09.2021","58,50","58,58","59,12","58,36","1,02M","0,86%"
"31.08.2021","58,00","59,50","59,68","57,16","2,12M","-2,32%"
"30.08.2021","59,38","61,02","61,08","57,42","1,28M","-2,30%"
"27.08.2021","60,78","60,40","60,78","60,26","672,91K","0,70%"
"26.08.2021","60,36","60,68","60,86","60,04","2,73M","-0,33%"
"25.08.2021","60,56","61,00","61,60","60,50","968,16K","-0,39%"
"24.08.2021","60,80","61,20","61,92","60,34","843,09K","-0,46%"
"23.08.2021","61,08","60,50","61,08","59,96","1,50M","1,33%"
"20.08.2021","60,28","60,20","60,58","59,92","2,09M","-0,36%"
"19.08.2021","60,50","59,22","60,50","58,86","797,04K","1,20%"
"18.08.2021","59,78","59,20","60,02","59,14","1,19M","0,81%"
"17.08.2021","59,30","57,96","59,30","57,92","515,60K","2,10%"
"16.08.2021","58,08","58,42","58,98","57,94","492,90K","-0,48%"
"13.08.2021","58,36","58,14","58,48","57,70","309,45K","0,41%"
"12.08.2021","58,12","57,88","58,46","57,74","508,37K","0,83%"
"11.08.2021","57,64","58,12","58,48","57,58","622,67K","-0,62%"
"10.08.2021","58,00","56,92","58,36","56,90","1,23M","2,36%"
"09.08.2021","56,66","56,80","57,28","56,42","561,31K","-0,25%"
"06.08.2021","56,80","57,38","58,02","56,76","759,20K","-0,49%"
"05.08.2021","57,08","56,86","57,36","56,42","789,76K","0,21%"
"04.08.2021","56,96","55,72","57,14","55,44","1,13M","1,75%"
"03.08.2021","55,98","56,44","56,48","55,38","638,98K","-0,71%"
"02.08.2021","56,38","55,10","56,42","55,10","1,06M","2,62%"
"30.07.2021","54,94","53,38","55,28","53,30","1,13M","0,92%"
"29.07.2021","54,44","54,72","55,64","54,18","1,14M","-0,69%"
"28.07.2021","54,82","54,00","55,08","53,54","978,84K","1,14%"
"27.07.2021","54,20","54,36","55,14","54,20","947,30K","-0,55%"
"26.07.2021","54,50","55,22","55,36","54,22","1,14M","-1,87%"
"23.07.2021","55,54","54,70","55,58","54,68","580,99K","1,72%"
"22.07.2021","54,60","54,36","54,60","53,64","711,36K","1,04%"
"21.07.2021","54,04","53,06","54,20","53,02","859,42K","2,12%"
"20.07.2021","52,92","53,74","53,84","52,92","746,09K","-1,45%"
"19.07.2021","53,70","54,32","54,40","53,02","853,63K","-0,19%"
"16.07.2021","53,80","53,38","54,12","53,02","832,34K","0,60%"
"15.07.2021","53,48","53,74","53,98","53,18","749,26K","-0,41%"
"14.07.2021","53,70","54,26","54,86","53,14","1,49M","-2,11%"
"13.07.2021","54,86","55,70","55,70","54,84","993,16K","-0,72%"
"12.07.2021","55,26","54,62","55,28","54,60","717,95K","1,28%"
"09.07.2021","54,56","54,38","54,56","53,86","931,19K","0,29%"
"08.07.2021","54,40","55,24","55,28","54,30","1,64M","-1,84%"
"07.07.2021","55,42","54,74","55,48","54,44","1,70M","1,54%"
"06.07.2021","54,58","53,90","54,58","53,88","992,64K","1,11%"
"05.07.2021","53,98","54,46","54,54","53,84","387,38K","-0,55%"
"02.07.2021","54,28","53,82","54,28","53,60","678,92K","0,85%"
"01.07.2021","53,82","53,88","54,26","53,28","857,15K","0,19%"
"30.06.2021","53,72","55,00","55,00","53,64","1,14M","-1,76%"
"29.06.2021","54,68","54,46","55,08","54,46","914,90K","0,44%"
"28.06.2021","54,44","54,80","55,06","53,98","1,43M","-0,66%"
"25.06.2021","54,80","54,70","55,40","54,32","7,41M","0,55%"
"24.06.2021","54,50","53,08","54,50","52,86","4,14M","2,87%"
"23.06.2021","52,98","53,54","53,56","52,98","2,07M","-1,05%"
"22.06.2021","53,54","53,10","53,60","52,82","4,03M","0,98%"
"21.06.2021","53,02","53,00","53,16","52,36","2,19M","0,00%"
"18.06.2021","53,02","52,96","53,62","52,58","7,73M","0,42%"
"17.06.2021","52,80","52,10","52,80","51,38","1,01M","0,57%"
"16.06.2021","52,50","52,10","52,78","51,92","1,04M","1,12%"
"15.06.2021","51,92","52,38","52,48","51,86","1,07M","-0,54%"
"14.06.2021","52,20","51,90","52,54","51,84","886,55K","0,81%"
"11.06.2021","51,78","51,12","51,86","51,06","923,00K","1,65%"
"10.06.2021","50,94","50,82","51,16","50,14","718,02K","0,51%"
"09.06.2021","50,68","50,46","50,90","50,16","675,05K","0,52%"
"08.06.2021","50,42","50,02","50,60","49,99","1,17M","1,12%"
"07.06.2021","49,86","50,04","50,12","49,67","1,55M","-0,40%"
"04.06.2021","50,06","49,27","50,06","49,23","10,90M","1,85%"
"03.06.2021","49,15","49,49","49,89","49,15","637,48K","-0,36%"
"02.06.2021","49,33","49,42","49,74","49,07","1,86M","-0,18%"
"01.06.2021","49,42","49,26","49,71","48,76","1,01M","0,69%"
"31.05.2021","49,08","49,94","49,97","49,07","1,61M","-1,47%"
"28.05.2021","49,81","49,55","50,00","49,25","765,25K","0,83%"
"27.05.2021","49,40","49,54","49,85","48,93","5,82M","-0,28%"
"26.05.2021","49,54","49,99","50,08","49,42","951,49K","-0,44%"
"25.05.2021","49,76","49,39","49,96","49,21","1,64M","1,20%"
"24.05.2021","49,17","48,47","49,75","48,44","1,38M","2,29%"
"21.05.2021","48,07","47,97","48,52","47,58","1,31M","0,88%"
"20.05.2021","47,65","46,55","47,68","46,54","1,04M","2,69%"
"19.05.2021","46,40","45,80","46,40","45,58","2,46M","0,87%"
"18.05.2021","46,00","46,39","46,41","45,45","893,21K","0,09%"
"17.05.2021","45,96","45,57","46,09","45,30","637,92K","1,01%"
"14.05.2021","45,50","46,15","46,15","45,15","956,03K","-0,61%"
"13.05.2021","45,78","46,31","46,49","45,29","1,04M","-1,34%"
"12.05.2021","46,40","47,18","48,01","46,40","5,35M","0,87%"
"11.05.2021","46,00","46,85","46,95","45,56","1,29M","-2,17%"
"10.05.2021","47,02","47,69","47,69","46,67","4,23M","-1,36%"
"07.05.2021","47,67","47,07","48,00","46,75","1,42M","1,99%"
"06.05.2021","46,74","47,41","47,46","46,35","1,21M","-1,52%"
"05.05.2021","47,46","47,30","47,82","47,10","1,48M","0,68%"
"04.05.2021","47,14","47,41","47,71","47,07","737,00K","-0,21%"
"03.05.2021","47,24","47,25","47,48","47,02","512,77K","0,43%"
"30.04.2021","47,04","46,89","47,34","46,63","1,10M","0,68%"
"29.04.2021","46,72","47,18","47,81","46,72","1,17M","-0,91%"
"28.04.2021","47,15","47,29","47,38","46,77","905,90K","-0,15%"
"27.04.2021","47,22","46,65","47,38","46,00","898,47K","1,07%"
"26.04.2021","46,72","47,23","47,23","46,31","873,49K","-0,51%"
"23.04.2021","46,96","47,36","47,44","46,72","894,14K","-0,70%"
"22.04.2021","47,29","47,15","47,89","46,97","1,34M","0,23%"
"21.04.2021","47,18","45,90","47,42","45,84","1,38M","2,63%"
"20.04.2021","45,97","45,77","46,37","45,10","1,68M","0,33%"
"19.04.2021","45,82","45,55","46,04","45,26","961,22K","1,06%"
"16.04.2021","45,34","45,38","45,82","45,04","1,18M","0,20%"
"15.04.2021","45,25","43,08","45,25","42,85","2,53M","3,86%"
"14.04.2021","43,57","42,89","44,39","42,59","3,41M","1,14%"
"13.04.2021","43,08","41,60","43,68","41,20","4,01M","2,91%"
"12.04.2021","41,86","41,98","42,60","41,49","2,10M","-0,31%"
"09.04.2021","41,99","41,90","42,32","41,72","2,74M","-0,02%"
"08.04.2021","42,00","41,45","43,24","40,83","3,02M","-0,80%"
"07.04.2021","42,34","44,24","44,31","42,16","3,07M","-4,68%"
"06.04.2021","44,42","44,68","44,74","43,93","1,57M","0,52%"
"01.04.2021","44,19","45,48","45,48","44,13","1,90M","-2,83%"
"31.03.2021","45,48","44,00","46,11","43,82","4,13M","4,25%"
"30.03.2021","43,63","43,64","43,98","42,05","6,10M","0,90%"
"29.03.2021","43,24","42,26","43,51","42,12","1,74M","4,69%"
"26.03.2021","41,30","41,59","41,99","40,88","635,23K","-0,47%"
"25.03.2021","41,50","41,63","42,22","41,23","752,44K","-0,31%"
"24.03.2021","41,63","42,12","42,89","41,54","1,57M","-0,42%"
"23.03.2021","41,80","41,07","42,53","40,91","1,29M","2,22%"
"22.03.2021","40,89","41,18","41,38","40,63","1,94M","-0,85%"
"19.03.2021","41,25","41,87","42,28","40,91","2,63M","-1,59%"
"18.03.2021","41,91","42,77","42,77","41,90","3,72M","-1,63%"
"17.03.2021","42,61","42,89","42,92","41,82","1,17M","-0,45%"
"16.03.2021","42,80","41,68","43,18","41,28","1,94M","3,54%"
"15.03.2021","41,34","41,20","41,51","40,61","1,25M","2,86%"
"12.03.2021","40,19","41,00","41,14","39,93","1,57M","-1,90%"
"11.03.2021","40,97","39,40","40,97","39,25","1,56M","3,92%"
"10.03.2021","39,42","38,90","39,76","38,83","1,24M","1,92%"
"09.03.2021","38,68","37,26","39,30","36,99","1,70M","4,01%"
"08.03.2021","37,19","37,62","37,72","36,35","2,26M","-1,13%"
"05.03.2021","37,61","38,66","38,66","37,27","2,03M","-2,54%"
"04.03.2021","38,60","40,03","40,42","38,46","2,19M","-3,76%"
"03.03.2021","40,11","41,68","41,97","39,90","1,27M","-3,46%"
"02.03.2021","41,54","41,68","41,78","41,24","1,59M","-0,33%"
"01.03.2021","41,68","41,88","42,13","40,31","1,86M","-0,11%"
"26.02.2021","41,73","39,39","42,90","38,66","3,78M","5,65%"
"25.02.2021","39,50","38,78","39,66","38,42","1,62M","2,25%"
"24.02.2021","38,62","39,73","40,20","38,62","1,38M","-2,66%"
"23.02.2021","39,68","40,17","40,20","38,65","1,35M","-1,29%"
"22.02.2021","40,20","40,38","40,83","40,06","1,91M","-0,94%"
"19.02.2021","40,58","41,05","41,11","40,17","1,96M","-0,79%"
"18.02.2021","40,90","42,13","42,50","40,88","2,22M","-2,88%"
"17.02.2021","42,12","41,96","42,12","41,19","1,27M","-0,13%"
"16.02.2021","42,17","42,41","42,74","41,90","1,46M","-0,37%"
"15.02.2021","42,33","42,49","42,61","42,14","561,82K","-0,28%"
"12.02.2021","42,45","42,62","42,76","42,15","1,15M","-0,59%"
"11.02.2021","42,70","42,24","42,85","42,09","917,02K","1,05%"
"10.02.2021","42,26","43,26","43,26","41,65","3,15M","-2,23%"
"09.02.2021","43,22","43,75","43,89","43,22","1,13M","-1,08%"
"08.02.2021","43,69","44,46","45,15","43,63","1,09M","-2,54%"
"05.02.2021","44,83","44,55","44,86","44,17","1,10M","0,73%"
"04.02.2021","44,51","45,57","45,85","44,32","1,53M","-2,69%"
"03.02.2021","45,74","45,53","47,29","44,22","2,35M","0,43%"
"02.02.2021","45,54","46,17","46,26","45,34","842,33K","-0,79%"
"01.02.2021","45,90","44,95","46,11","44,92","929,70K","2,59%"
"29.01.2021","44,75","44,19","45,06","43,88","1,22M","0,23%"
"28.01.2021","44,65","44,48","45,31","44,06","1,01M","-0,52%"
"27.01.2021","44,88","45,52","45,70","43,85","1,41M","-1,26%"
"26.01.2021","45,45","46,22","46,91","45,22","1,05M","-1,84%"
"25.01.2021","46,30","46,92","46,92","45,70","1,63M","-0,66%"
"22.01.2021","46,61","44,93","46,61","44,90","1,75M","3,88%"
"21.01.2021","44,87","45,11","46,11","44,74","2,56M","1,70%"
"20.01.2021","44,12","43,59","44,33","43,59","2,10M","1,34%"
"19.01.2021","43,53","43,48","43,65","43,09","1,29M","0,30%"
"18.01.2021","43,40","43,18","44,33","43,18","1,06M","0,60%"
"15.01.2021","43,14","43,48","43,67","42,75","1,70M","-1,25%"
"14.01.2021","43,69","44,09","44,35","43,47","1,10M","-0,72%"
"13.01.2021","44,01","43,81","44,50","43,13","1,78M","-0,36%"
"12.01.2021","44,16","45,01","45,12","44,07","3,76M","-1,85%"
"11.01.2021","45,00","44,06","45,27","44,04","3,27M","2,40%"
"08.01.2021","43,94","43,62","44,13","43,21","1,51M","1,45%"
"07.01.2021","43,31","44,28","44,70","42,38","2,41M","-1,62%"
"06.01.2021","44,02","46,63","46,63","43,87","2,40M","-5,66%"
"05.01.2021","46,66","47,24","47,26","46,03","1,09M","-1,49%"
"04.01.2021","47,37","46,18","47,37","45,98","1,01M","4,11%"
"31.12.2020","45,50","46,30","46,37","45,50","361,80K","-1,66%"
"30.12.2020","46,27","46,89","46,98","46,27","331,44K","-1,21%"
"29.12.2020","46,83","46,07","47,02","45,98","540,83K","1,77%"
"28.12.2020","46,02","45,99","46,19","45,65","379,65K","0,67%"
"24.12.2020","45,71","45,54","46,00","45,49","155,54K","-0,42%"
"23.12.2020","45,90","46,07","46,26","45,35","1,80M","0,12%"
"22.12.2020","45,85","45,71","46,10","45,47","549,45K","0,00%"
"21.12.2020","45,85","46,22","46,40","45,34","2,25M","-1,20%"
"18.12.2020","46,40","46,07","46,72","46,05","3,66M","0,26%"
"17.12.2020","46,28","46,91","47,05","45,94","2,66M","-1,05%"
"16.12.2020","46,78","46,74","47,55","46,61","883,58K","0,32%"
"15.12.2020","46,63","47,66","47,66","46,53","825,04K","-1,83%"
"14.12.2020","47,50","48,22","48,35","47,35","1,31M","-0,23%"
"11.12.2020","47,61","47,57","48,09","46,87","855,48K","0,08%"
"10.12.2020","47,57","47,41","47,79","46,81","707,10K","0,35%"
"09.12.2020","47,41","47,85","48,07","47,20","954,42K","-0,58%"
"08.12.2020","47,68","47,07","47,68","46,94","783,16K","1,58%"
"07.12.2020","46,94","46,39","46,96","46,22","856,26K","1,28%"
"04.12.2020","46,35","46,83","46,83","45,65","1,83M","-0,83%"
"03.12.2020","46,74","47,74","47,91","46,50","1,52M","-2,36%"
"02.12.2020","47,87","48,09","48,85","47,79","3,36M","-0,27%"
"01.12.2020","48,00","49,00","49,02","47,63","1,35M","-2,00%"
"30.11.2020","48,98","47,78","49,02","47,39","3,92M","2,80%"
"27.11.2020","47,65","46,68","47,65","46,44","919,78K","1,98%"
"26.11.2020","46,72","46,94","47,18","46,53","1,59M","-0,04%"
"25.11.2020","46,74","45,72","46,96","44,92","2,59M","2,35%"
"24.11.2020","45,66","47,50","47,57","45,59","3,19M","-3,56%"
"23.11.2020","47,35","48,35","48,35","47,26","1,23M","-1,84%"
"20.11.2020","48,24","48,00","48,39","47,31","1,22M","0,50%"
"19.11.2020","48,00","46,68","48,29","46,57","1,32M","3,43%"
"18.11.2020","46,40","47,00","47,61","46,31","1,67M","-0,91%"
"17.11.2020","46,83","47,42","48,70","46,55","2,08M","-1,21%"
"16.11.2020","47,41","49,83","50,39","47,15","2,42M","-3,87%"
"13.11.2020","49,31","51,63","52,50","49,31","1,50M","-2,31%"
"12.11.2020","50,48","49,55","51,11","49,42","1,79M","1,11%"
"11.11.2020","49,92","47,05","50,20","46,72","4,68M","5,36%"
"10.11.2020","47,39","48,65","48,79","45,79","2,56M","-2,40%"
"09.11.2020","48,55","52,80","52,94","48,41","3,26M","-6,23%"
"06.11.2020","51,78","52,52","52,57","51,61","6,21M","-2,10%"
"05.11.2020","52,89","53,26","53,59","52,33","1,27M","0,00%"
"04.11.2020","52,89","51,02","53,17","49,89","2,60M","5,74%"
"03.11.2020","50,02","51,33","51,54","49,87","1,38M","-1,68%"
"02.11.2020","50,87","51,18","51,26","50,28","801,16K","-0,36%"
"30.10.2020","51,05","49,28","51,05","49,26","1,15M","3,03%"
"29.10.2020","49,55","50,20","50,30","49,24","802,61K","-0,78%"
"28.10.2020","49,94","49,31","50,50","49,28","992,49K","0,60%"
"27.10.2020","49,65","50,35","50,67","49,52","758,01K","-0,78%"
"26.10.2020","50,04","49,59","51,04","49,50","774,82K","1,81%"
"23.10.2020","49,15","48,72","49,46","48,35","705,40K","2,27%"
"22.10.2020","48,05","47,91","48,54","47,53","1,35M","-0,19%"
"21.10.2020","48,15","49,18","49,18","48,11","677,33K","-1,81%"
"20.10.2020","49,04","48,13","49,09","48,04","1,04M","2,00%"
"19.10.2020","48,07","48,54","48,78","48,07","859,02K","-0,31%"
"16.10.2020","48,22","48,63","48,85","48,22","727,94K","-0,50%"
"15.10.2020","48,46","48,91","49,07","48,22","646,22K","-1,51%"
"14.10.2020","49,20","49,72","49,83","49,20","1,32M","-0,82%"
"13.10.2020","49,61","48,98","49,83","48,70","700,77K","1,55%"
"12.10.2020","48,85","48,78","48,96","48,44","453,69K","0,04%"
"09.10.2020","48,83","49,15","49,37","48,37","685,46K","-0,60%"
"08.10.2020","49,13","48,81","49,22","48,33","603,09K","1,18%"
"07.10.2020","48,55","49,46","49,55","48,46","520,79K","-1,54%"
"06.10.2020","49,31","49,96","50,18","49,00","635,55K","-0,60%"
"05.10.2020","49,61","49,52","50,02","49,37","2,07M","0,71%"
"02.10.2020","49,26","48,94","49,44","48,65","887,81K","0,19%"
"01.10.2020","49,17","48,52","49,26","48,35","731,17K","2,08%"
"30.09.2020","48,16","49,39","49,74","48,16","4,10M","-2,77%"
"29.09.2020","49,54","49,42","50,04","49,28","708,72K","0,11%"
"28.09.2020","49,48","49,65","50,02","49,20","703,22K","0,41%"
"25.09.2020","49,28","48,91","49,41","48,57","1,15M","0,80%"
"24.09.2020","48,89","48,52","49,28","48,46","863,12K","-0,30%"
"23.09.2020","49,04","48,54","49,39","48,22","709,72K","2,20%"
"22.09.2020","47,98","48,22","48,54","47,66","522,11K","0,35%"
"21.09.2020","47,81","48,81","48,96","47,68","673,79K","-2,16%"
"18.09.2020","48,87","48,94","49,37","48,48","3,80M","-0,60%"
"17.09.2020","49,17","48,22","49,31","48,11","1,10M","0,87%"
"16.09.2020","48,74","49,13","49,54","48,52","1,42M","-0,53%"
"15.09.2020","49,00","47,92","49,09","47,59","747,85K","1,77%"
"14.09.2020","48,15","47,61","48,22","47,44","656,04K","1,33%"
"11.09.2020","47,52","48,04","48,31","47,52","539,18K","-1,38%"
"10.09.2020","48,18","47,87","48,55","47,68","1,16M","1,21%"
"09.09.2020","47,61","47,48","48,15","47,39","595,99K","-0,23%"
"08.09.2020","47,72","48,72","48,92","46,74","1,02M","-2,13%"
"07.09.2020","48,76","47,66","49,02","47,65","895,84K","2,73%"
"04.09.2020","47,46","49,00","49,31","47,33","3,28M","-3,21%"
"03.09.2020","49,04","50,94","51,13","49,00","631,68K","-2,90%"
"02.09.2020","50,50","50,11","50,96","49,81","784,75K","1,15%"
"01.09.2020","49,92","50,22","51,15","49,72","1,07M","0,41%"
"31.08.2020","49,72","50,57","50,83","49,59","882,21K","-1,18%"
"28.08.2020","50,31","50,02","50,74","49,72","790,53K","1,00%"
"27.08.2020","49,81","50,18","50,98","49,81","656,17K","-0,41%"
"26.08.2020","50,02","50,20","50,35","49,81","834,49K","-0,52%"
"25.08.2020","50,28","49,50","50,65","49,31","772,98K","2,03%"
"24.08.2020","49,28","50,15","50,94","49,28","728,60K","-0,93%"
"21.08.2020","49,74","50,07","50,07","49,13","711,51K","-0,26%"
"20.08.2020","49,87","49,46","50,05","49,33","531,32K","-0,07%"
"19.08.2020","49,91","49,92","50,48","49,70","896,55K","0,07%"
"18.08.2020","49,87","49,96","50,50","49,59","471,82K","0,41%"
"17.08.2020","49,67","49,50","50,09","49,20","819,28K","0,22%"
"14.08.2020","49,55","50,05","50,31","49,02","687,60K","-1,47%"
"13.08.2020","50,30","49,76","50,44","49,48","512,98K","0,93%"
"12.08.2020","49,83","47,85","49,83","47,79","729,79K","3,66%"
"11.08.2020","48,07","48,87","49,20","48,00","939,90K","-0,69%"
"10.08.2020","48,41","48,22","48,54","47,78","619,83K","0,42%"
"07.08.2020","48,20","47,52","48,54","47,00","1,16M","0,74%"
"06.08.2020","47,85","49,09","49,15","47,39","1,28M","-2,75%"
"05.08.2020","49,20","48,65","49,20","47,92","1,49M","1,96%"
"04.08.2020","48,26","48,79","49,20","47,87","1,37M","-1,74%"
"03.08.2020","49,11","49,22","49,35","48,68","1,87M","-0,38%"
"31.07.2020","49,29","50,24","50,74","48,89","1,57M","-1,99%"
"30.07.2020","50,30","50,89","50,91","49,79","1,90M","-0,91%"
"29.07.2020","50,76","50,02","50,93","49,87","1,15M","1,48%"
"28.07.2020","50,02","50,02","50,15","49,55","1,54M","0,90%"
"27.07.2020","49,57","50,94","51,04","49,18","1,54M","-1,74%"
"24.07.2020","50,45","51,38","51,38","49,41","5,06M","-3,88%"
"23.07.2020","52,49","50,17","52,49","49,19","8,71M","8,27%"
"22.07.2020","48,48","49,12","49,12","48,22","903,16K","-1,61%"
"21.07.2020","49,28","50,31","50,71","49,28","910,79K","-1,42%"
"20.07.2020","49,98","49,62","50,00","48,72","458,79K","1,69%"
"17.07.2020","49,16","49,71","50,04","49,16","887,21K","-0,77%"
"16.07.2020","49,54","48,14","49,81","47,74","1,36M","2,69%"
"15.07.2020","48,24","48,36","48,74","47,79","1,44M","1,09%"
"14.07.2020","47,72","48,79","48,95","47,62","934,03K","-3,46%"
"13.07.2020","49,43","49,40","49,60","48,57","801,01K","0,28%"
"10.07.2020","49,29","48,76","49,69","48,64","717,17K","0,74%"
"09.07.2020","48,93","49,22","49,83","48,62","1,55M","0,11%"
"08.07.2020","48,88","47,96","48,95","47,81","1,90M","1,36%"
"07.07.2020","48,22","47,50","48,69","47,38","1,73M","-0,11%"
"06.07.2020","48,27","48,36","48,43","47,62","1,80M","1,38%"
"03.07.2020","47,62","47,88","48,33","47,43","1,21M","-0,54%"
"02.07.2020","47,88","47,20","47,88","46,69","656,85K","1,72%"
"01.07.2020","47,07","46,98","47,43","46,27","3,81M","0,48%"
"30.06.2020","46,84","46,75","47,19","46,43","3,47M","-0,11%"
"29.06.2020","46,89","45,42","46,91","44,63","1,05M","2,88%"
"26.06.2020","45,58","46,44","46,53","45,58","1,99M","-1,53%"
"25.06.2020","46,29","45,67","46,56","45,27","1,04M","1,36%"
"24.06.2020","45,67","46,12","46,51","45,60","761,38K","-1,75%"
"23.06.2020","46,48","46,62","46,70","45,60","672,57K","0,49%"
"22.06.2020","46,25","45,77","46,81","45,29","1,64M","1,17%"
"19.06.2020","45,72","45,03","45,77","44,79","1,73M","1,65%"
"18.06.2020","44,98","44,66","44,99","44,25","1,19M","0,00%"
"17.06.2020","44,98","44,65","45,15","44,42","6,16M","0,66%"
"16.06.2020","44,68","43,73","44,85","43,18","4,23M","2,99%"
"15.06.2020","43,39","41,86","43,44","41,15","927,61K","3,06%"
"12.06.2020","42,10","42,25","42,66","41,31","1,64M","-0,69%"
"11.06.2020","42,39","42,96","43,32","41,81","4,98M","-1,60%"
"10.06.2020","43,08","41,62","43,21","41,39","1,62M","3,59%"
"09.06.2020","41,59","41,21","42,62","40,67","1,26M","0,58%"
"08.06.2020","41,35","41,75","41,90","41,04","1,79M","-1,38%"
"05.06.2020","41,93","42,95","43,12","41,37","1,71M","-2,39%"
"04.06.2020","42,95","42,64","43,52","42,25","1,50M","0,40%"
"03.06.2020","42,78","44,20","44,27","42,63","1,20M","-2,48%"
"02.06.2020","43,87","44,04","44,09","43,27","691,06K","0,40%"
"01.06.2020","43,70","44,91","45,03","43,40","1,14M","-0,63%"
"29.05.2020","43,97","42,75","44,89","42,66","2,12M","2,68%"
"28.05.2020","42,83","42,32","43,70","42,30","1,36M","1,58%"
"27.05.2020","42,16","41,97","42,48","41,29","1,44M","0,27%"
"26.05.2020","42,05","43,68","43,87","41,67","1,45M","-4,15%"
"25.05.2020","43,87","43,49","43,96","42,95","535,00K","-0,04%"
"22.05.2020","43,89","43,20","44,04","43,08","1,32M","0,12%"
"21.05.2020","43,84","43,23","44,49","42,70","484,86K","0,20%"
"20.05.2020","43,75","42,88","43,75","42,67","1,43M","2,12%"
"19.05.2020","42,84","44,16","44,16","42,60","1,26M","-2,69%"
"18.05.2020","44,03","44,23","44,60","43,47","1,29M","1,39%"
"15.05.2020","43,42","44,20","44,46","43,30","712,91K","-0,71%"
"14.05.2020","43,73","44,82","45,34","43,71","757,43K","-3,28%"
"13.05.2020","45,22","44,49","46,08","44,22","815,33K","0,54%"
"12.05.2020","44,98","43,20","45,08","43,01","749,96K","4,18%"
"11.05.2020","43,17","44,35","44,80","42,39","783,78K","-2,36%"
"08.05.2020","44,22","42,39","44,73","42,27","908,54K","4,53%"
"07.05.2020","42,30","41,97","42,49","41,25","377,77K","1,70%"
"06.05.2020","41,59","41,71","41,97","41,25","827,95K","-0,25%"
"05.05.2020","41,69","41,42","41,87","41,15","553,89K","1,26%"
"04.05.2020","41,18","40,65","42,06","40,42","895,09K","-0,25%"
"30.04.2020","41,28","41,11","41,79","40,36","958,58K","1,34%"
"29.04.2020","40,74","41,88","41,90","40,74","997,30K","-2,98%"
"28.04.2020","41,99","42,75","42,82","41,88","586,00K","-1,36%"
"27.04.2020","42,57","43,18","43,59","42,37","468,17K","-0,60%"
"24.04.2020","42,83","41,71","42,95","41,04","834,00K","1,56%"
"23.04.2020","42,17","43,52","43,61","41,53","1,20M","-2,42%"
"22.04.2020","43,21","41,62","43,87","41,62","791,89K","3,20%"
"21.04.2020","41,88","41,97","42,57","41,49","1,10M","-0,72%"
"20.04.2020","42,18","43,27","43,30","41,69","734,72K","-1,51%"
"17.04.2020","42,83","42,45","43,37","42,32","762,34K","2,61%"
"16.04.2020","41,74","40,92","42,25","40,16","1,44M","3,27%"
"15.04.2020","40,42","39,16","40,74","39,12","1,23M","2,01%"
"14.04.2020","39,62","39,81","40,74","39,47","1,38M","1,33%"
"09.04.2020","39,10","37,92","39,10","37,33","722,59K","4,57%"
"08.04.2020","37,39","37,57","37,99","37,09","1,07M","-0,14%"
"07.04.2020","37,45","39,85","40,07","37,06","1,39M","-3,69%"
"06.04.2020","38,88","39,38","41,44","38,16","676,88K","0,83%"
"03.04.2020","38,56","36,96","38,56","36,88","1,46M","4,57%"
"02.04.2020","36,88","35,23","36,94","34,28","1,38M","4,32%"
"01.04.2020","35,35","35,45","36,89","34,81","1,01M","-1,25%"
"31.03.2020","35,80","37,22","38,24","35,49","1,45M","-2,33%"
"30.03.2020","36,65","37,36","37,77","36,36","859,36K","-1,37%"
"27.03.2020","37,16","38,62","39,03","36,81","3,61M","-5,32%"
"26.03.2020","39,25","37,14","39,34","37,13","1,28M","2,50%"
"25.03.2020","38,29","37,91","38,71","35,84","1,68M","7,86%"
"24.03.2020","35,50","33,50","35,67","33,33","1,13M","10,75%"
"23.03.2020","32,06","31,61","32,87","31,25","1,19M","-1,09%"
"20.03.2020","32,41","35,28","35,28","32,09","2,77M","-1,29%"
"19.03.2020","32,83","34,60","34,86","31,42","1,69M","-3,06%"
"18.03.2020","33,87","34,83","36,12","32,88","1,63M","-1,53%"
"17.03.2020","34,40","32,12","35,32","29,50","1,35M","12,23%"
"16.03.2020","30,65","30,46","31,72","28,84","3,30M","-8,41%"
"13.03.2020","33,46","30,75","35,32","30,75","1,89M","8,97%"
"12.03.2020","30,71","32,38","33,25","30,23","3,75M","-10,27%"
"11.03.2020","34,22","35,86","36,31","33,84","2,22M","-4,09%"
"10.03.2020","35,68","37,59","38,42","35,41","2,72M","-4,68%"
"09.03.2020","37,44","37,32","38,64","36,57","1,88M","-5,82%"
"06.03.2020","39,75","40,95","41,24","39,40","1,28M","-4,36%"
"05.03.2020","41,56","41,43","41,88","40,81","1,30M","0,88%"
"04.03.2020","41,20","40,86","41,24","40,34","1,91M","0,99%"
"03.03.2020","40,80","39,94","41,35","39,85","4,53M","3,23%"
"02.03.2020","39,52","38,78","40,29","38,60","1,90M","4,31%"
"28.02.2020","37,89","38,74","38,76","37,68","2,45M","-3,88%"
"27.02.2020","39,41","39,98","40,39","39,36","1,49M","-1,93%"
"26.02.2020","40,19","41,23","41,43","38,45","2,08M","-2,04%"
"25.02.2020","41,03","40,73","41,78","40,54","2,12M","0,96%"
"24.02.2020","40,64","41,15","41,77","40,52","1,40M","-3,17%"
"21.02.2020","41,97","41,69","42,38","41,36","681,63K","0,50%"
"20.02.2020","41,76","42,35","42,41","41,74","736,49K","-1,08%"
"19.02.2020","42,22","41,45","42,47","41,27","701,04K","2,09%"
"18.02.2020","41,36","40,77","41,45","40,59","880,60K","1,01%"
"17.02.2020","40,94","40,99","41,07","40,29","429,07K","0,00%"
"14.02.2020","40,94","39,90","40,94","39,90","1,01M","2,77%"
"13.02.2020","39,84","39,83","40,15","39,64","800,01K","-0,11%"
"12.02.2020","39,88","39,81","40,06","38,54","1,64M","0,46%"
"11.02.2020","39,70","39,57","40,46","39,41","846,87K","0,88%"
"10.02.2020","39,35","39,22","39,35","38,93","509,83K","0,44%"
"07.02.2020","39,18","39,21","39,36","38,90","832,53K","0,29%"
"06.02.2020","39,07","39,43","39,43","38,14","1,06M","-0,79%"
"05.02.2020","39,38","39,31","39,72","39,01","781,04K","0,22%"
"04.02.2020","39,29","39,71","40,01","39,29","854,64K","-0,66%"
"03.02.2020","39,55","38,95","39,76","38,93","866,47K","1,96%"
"31.01.2020","38,79","38,07","39,07","38,07","1,32M","2,53%"
"30.01.2020","37,83","37,57","38,29","37,39","742,80K","0,02%"
"29.01.2020","37,83","37,83","38,36","37,64","394,97K","0,53%"
"28.01.2020","37,63","37,32","37,76","36,88","884,66K","1,04%"
"27.01.2020","37,24","37,57","37,57","37,16","618,87K","-1,66%"
"24.01.2020","37,87","37,37","38,11","37,31","1,84M","1,48%"
"23.01.2020","37,32","37,74","37,80","37,15","718,11K","-1,26%"
"22.01.2020","37,79","37,00","37,87","37,00","802,86K","2,15%"
"21.01.2020","37,00","36,86","37,07","36,35","821,19K","0,49%"
"20.01.2020","36,81","36,65","37,06","36,49","780,33K","0,76%"
"17.01.2020","36,54","36,40","36,55","35,95","1,02M","0,62%"
"16.01.2020","36,31","36,21","36,75","36,01","1,04M","0,31%"
"15.01.2020","36,20","36,18","36,32","35,79","856,69K","0,29%"
"14.01.2020","36,10","35,67","36,18","35,36","3,57M","1,73%"
"13.01.2020","35,48","35,93","35,93","35,48","1,04M","-1,06%"
"10.01.2020","35,86","35,15","35,96","35,02","724,82K","2,39%"
"09.01.2020","35,03","34,89","35,18","34,77","943,02K","0,92%"
"08.01.2020","34,71","34,58","34,98","33,95","1,09M","-0,05%"
"07.01.2020","34,72","35,29","35,53","34,70","954,22K","-1,47%"
"06.01.2020","35,24","34,79","35,24","34,66","900,73K","1,27%"
"03.01.2020","34,80","34,03","35,41","34,03","1,29M","2,28%"
"02.01.2020","34,03","33,49","34,11","33,24","926,33K","2,68%"
"31.12.2019","33,14","33,23","33,57","32,68","256,58K","0,84%"
"30.12.2019","32,86","33,81","33,81","32,86","723,40K","-2,74%"
"27.12.2019","33,78","33,34","33,78","32,93","1,62M","1,88%"
"24.12.2019","33,16","33,33","33,33","32,97","182,22K","-0,31%"
"23.12.2019","33,27","32,70","33,27","32,62","819,94K","1,77%"
"20.12.2019","32,69","32,13","32,69","31,99","1,77M","2,16%"
"19.12.2019","32,00","32,24","32,25","31,66","1,44M","-0,72%"
"18.12.2019","32,23","32,30","32,77","32,20","961,32K","-0,27%"
"17.12.2019","32,32","32,83","32,98","32,19","967,40K","-1,34%"
"16.12.2019","32,76","32,64","32,95","32,45","550,82K","0,74%"
"13.12.2019","32,51","33,27","33,33","32,13","2,30M","-1,47%"
"12.12.2019","33,00","33,75","34,01","33,00","2,14M","-1,82%"
"11.12.2019","33,61","33,37","33,71","33,20","522,46K","0,72%"
"10.12.2019","33,37","33,71","33,71","33,23","1,69M","-1,00%"
"09.12.2019","33,71","33,97","34,12","33,49","1,08M","-0,76%"
"06.12.2019","33,96","33,56","34,22","33,33","756,81K","1,47%"
"05.12.2019","33,47","33,55","33,96","33,14","2,66M","-0,39%"
"04.12.2019","33,60","33,51","33,84","33,30","2,16M","0,57%"
"03.12.2019","33,41","33,19","33,63","33,10","2,39M","1,18%"
"02.12.2019","33,02","33,74","33,84","32,89","2,26M","-1,95%"
"29.11.2019","33,68","33,66","33,76","33,31","1,10M","0,33%"
"28.11.2019","33,57","34,03","34,04","33,51","395,56K","-1,14%"
"27.11.2019","33,96","33,98","34,37","33,60","856,08K","0,15%"
"26.11.2019","33,90","32,47","33,97","32,47","3,01M","4,33%"
"25.11.2019","32,50","32,45","32,73","32,21","2,07M","0,61%"
"22.11.2019","32,30","32,82","32,82","32,30","583,57K","-1,32%"
"21.11.2019","32,73","32,63","33,15","32,57","884,82K","-0,13%"
"20.11.2019","32,77","31,98","32,93","31,86","962,33K","2,79%"
"19.11.2019","31,88","32,70","33,08","31,67","1,10M","-2,15%"
"18.11.2019","32,58","32,82","32,82","31,83","884,31K","-0,55%"
"15.11.2019","32,76","31,46","32,95","31,46","1,78M","4,35%"
"14.11.2019","31,40","31,81","32,13","31,35","854,24K","-1,28%"
"13.11.2019","31,81","32,10","32,16","31,47","1,33M","-0,46%"
"12.11.2019","31,95","32,19","32,31","31,86","697,01K","0,00%"
"11.11.2019","31,95","32,31","32,50","31,95","1,14M","-0,88%"
"08.11.2019","32,24","31,73","32,62","31,73","725,09K","0,54%"
"07.11.2019","32,06","32,57","32,66","31,84","1,03M","-1,51%"
"06.11.2019","32,56","32,71","32,87","32,32","717,10K","-0,68%"
"05.11.2019","32,78","32,67","32,84","32,31","798,70K","0,29%"
"04.11.2019","32,69","33,20","33,25","32,63","1,35M","-1,07%"
"01.11.2019","33,04","33,40","33,63","33,01","528,04K","-1,03%"
"31.10.2019","33,39","33,28","33,47","32,70","923,31K","0,57%"
"30.10.2019","33,20","32,63","33,20","32,57","770,71K","2,10%"
"29.10.2019","32,51","33,14","33,31","32,24","1,22M","-1,95%"
"28.10.2019","33,16","33,64","33,64","32,89","616,81K","-1,13%"
"25.10.2019","33,54","32,91","33,86","32,91","1,23M","1,52%"
"24.10.2019","33,04","33,16","33,16","32,24","1,82M","0,58%"
"23.10.2019","32,85","33,34","33,45","32,13","2,63M","-2,26%"
"22.10.2019","33,61","34,04","34,04","33,28","2,28M","-1,34%"
"21.10.2019","34,07","35,36","35,49","34,07","1,73M","-3,71%"
"18.10.2019","35,38","34,98","35,65","34,88","1,51M","0,02%"
"17.10.2019","35,37","35,79","36,31","35,09","2,04M","-0,90%"
"16.10.2019","35,69","34,87","35,69","34,79","2,47M","2,40%"
"15.10.2019","34,85","33,78","35,02","33,67","1,54M","3,20%"
"14.10.2019","33,77","32,64","33,95","32,64","1,01M","3,52%"
"11.10.2019","32,63","32,87","33,20","31,81","1,44M","0,07%"
"10.10.2019","32,60","32,65","32,69","31,38","1,59M","0,25%"
"09.10.2019","32,52","31,88","32,73","31,63","1,90M","3,42%"
"08.10.2019","31,45","30,55","32,06","30,33","5,78M","2,64%"
"07.10.2019","30,64","30,75","30,83","30,28","671,39K","-0,18%"
"04.10.2019","30,70","30,58","30,80","30,36","666,04K","0,72%"
"03.10.2019","30,48","30,39","31,04","30,26","697,35K","0,64%"
"02.10.2019","30,28","30,83","31,12","30,20","697,67K","-1,91%"
"01.10.2019","30,87","30,79","31,26","30,38","1,12M","0,79%"
"30.09.2019","30,63","30,87","30,87","29,90","871,95K","-1,35%"
"27.09.2019","31,05","31,29","31,52","31,00","619,67K","-0,60%"
"26.09.2019","31,24","30,77","31,24","30,45","849,68K","1,60%"
"25.09.2019","30,75","30,68","30,95","30,48","632,84K","0,53%"
"24.09.2019","30,58","30,03","30,83","29,96","840,81K","1,83%"
"23.09.2019","30,03","29,10","30,09","29,06","960,86K","2,79%"
"20.09.2019","29,22","29,20","29,24","28,82","1,56M","0,42%"
"19.09.2019","29,10","29,30","29,50","28,95","679,84K","-0,69%"
"18.09.2019","29,30","29,30","29,45","29,15","724,85K","-0,03%"
"17.09.2019","29,31","29,31","29,35","28,77","1,26M","-0,11%"
"16.09.2019","29,34","30,28","30,34","29,27","864,16K","-3,30%"
"13.09.2019","30,34","30,35","30,45","29,77","1,20M","0,21%"
"12.09.2019","30,28","29,75","30,97","29,50","1,33M","2,32%"
"11.09.2019","29,59","29,18","29,75","28,95","1,33M","1,95%"
"10.09.2019","29,02","29,43","29,50","28,34","1,60M","-1,56%"
"09.09.2019","29,48","30,78","30,83","29,44","720,00K","-3,72%"
"06.09.2019","30,62","30,12","30,71","30,10","845,51K","1,72%"
"05.09.2019","30,11","30,62","30,64","29,99","1,88M","-0,90%"
"04.09.2019","30,38","29,99","30,51","29,89","528,29K","1,93%"
"03.09.2019","29,81","29,83","29,83","29,44","564,99K","0,77%"
"02.09.2019","29,58","29,44","29,94","29,37","530,19K","0,55%"
"30.08.2019","29,42","29,60","29,81","29,36","1,24M","-0,46%"
"29.08.2019","29,56","29,76","30,48","29,51","802,86K","-0,71%"
"28.08.2019","29,77","29,72","29,86","29,39","410,94K","-0,24%"
"27.08.2019","29,84","29,64","29,84","29,29","873,52K","0,54%"
"26.08.2019","29,68","29,22","29,79","29,00","354,87K","0,69%"
"23.08.2019","29,48","29,00","29,50","28,94","700,93K","2,50%"
"22.08.2019","28,76","29,36","29,50","28,71","1,01M","-2,39%"
"21.08.2019","29,46","28,92","29,57","28,92","605,51K","2,19%"
"20.08.2019","28,83","28,95","29,26","28,72","491,50K","-0,89%"
"19.08.2019","29,09","28,77","29,31","28,60","675,44K","2,59%"
"16.08.2019","28,35","28,06","28,50","28,06","626,56K","1,45%"
"15.08.2019","27,95","28,13","28,18","27,61","672,24K","-0,03%"
"14.08.2019","27,96","28,18","28,59","27,78","646,19K","-0,77%"
"13.08.2019","28,18","28,75","28,95","28,14","950,02K","-2,49%"
"12.08.2019","28,89","29,20","29,42","28,83","429,68K","-0,80%"
"09.08.2019","29,13","28,59","29,15","28,44","754,53K","1,61%"
"08.08.2019","28,67","28,48","28,75","28,29","943,26K","1,46%"
"07.08.2019","28,26","28,18","28,65","28,01","889,06K","1,13%"
"06.08.2019","27,94","27,45","28,35","27,40","664,69K","1,62%"
"05.08.2019","27,50","27,37","27,88","27,25","783,25K","-0,35%"
"02.08.2019","27,59","28,01","28,42","27,54","675,14K","-2,23%"
"01.08.2019","28,22","27,39","28,22","27,33","820,40K","3,04%"
"31.07.2019","27,39","27,54","27,58","26,84","1,27M","-0,59%"
"30.07.2019","27,55","28,26","28,48","27,46","830,77K","-2,07%"
"29.07.2019","28,13","28,23","28,96","28,04","1,66M","-0,23%"
"26.07.2019","28,20","27,06","28,20","26,93","1,49M","3,29%"
"25.07.2019","27,30","26,95","27,46","26,83","872,29K","1,44%"
"24.07.2019","26,91","26,55","27,10","26,55","735,01K","1,37%"
"23.07.2019","26,55","26,53","26,74","26,34","670,57K","0,89%"
"22.07.2019","26,32","26,28","26,59","25,98","474,71K","0,09%"
"19.07.2019","26,29","26,55","26,71","26,20","595,87K","-0,21%"
"18.07.2019","26,35","26,29","26,66","26,25","633,29K","-0,43%"
"17.07.2019","26,46","26,52","26,76","26,30","611,15K","-0,46%"
"16.07.2019","26,58","26,80","26,80","26,36","1,19M","-0,57%"
"15.07.2019","26,74","26,67","26,87","26,44","2,19M","0,58%"
"12.07.2019","26,58","26,74","26,95","26,52","787,67K","-0,93%"
"11.07.2019","26,83","27,17","27,28","26,74","877,27K","-1,07%"
"10.07.2019","27,12","27,28","27,34","26,95","870,69K","-0,86%"
"09.07.2019","27,36","26,53","27,38","26,53","1,56M","2,58%"
"08.07.2019","26,67","26,68","26,74","26,57","518,89K","0,00%"
"05.07.2019","26,67","27,07","27,40","26,53","713,24K","-1,49%"
"04.07.2019","27,08","26,88","27,11","26,74","511,85K","1,03%"
"03.07.2019","26,80","26,38","26,89","26,36","1,15M","1,66%"
"02.07.2019","26,36","26,50","26,56","26,20","1,26M","-0,40%"
"01.07.2019","26,47","26,42","26,66","26,15","1,32M","0,65%"
"28.06.2019","26,30","26,20","26,65","26,14","1,66M","0,09%"
"27.06.2019","26,28","26,79","26,81","25,90","1,49M","-1,78%"
"26.06.2019","26,75","27,36","27,36","26,75","860,42K","-1,81%"
"25.06.2019","27,25","27,51","27,66","26,73","1,86M","-1,38%"
"24.06.2019","27,63","27,48","27,67","27,29","899,75K","0,74%"
"21.06.2019","27,42","26,91","27,50","26,90","1,59M","2,05%"
"20.06.2019","26,87","27,07","27,23","26,83","1,44M","-0,51%"
"19.06.2019","27,01","26,75","27,01","26,28","1,54M","1,27%"
"18.06.2019","26,67","26,18","26,81","25,95","1,03M","2,07%"
"17.06.2019","26,13","25,97","26,15","25,80","1,06M","0,81%"
"14.06.2019","25,92","26,01","26,16","25,86","748,16K","-0,47%"
"13.06.2019","26,04","26,28","26,52","25,92","1,19M","-0,46%"
"12.06.2019","26,16","25,49","26,35","25,49","976,75K","2,31%"
"11.06.2019","25,57","25,52","25,69","25,35","1,28M","0,38%"
"10.06.2019","25,48","25,78","25,78","25,31","581,62K","-0,41%"
"07.06.2019","25,58","25,35","25,74","25,18","913,30K","1,64%"
"06.06.2019","25,17","25,18","25,31","24,94","1,00M","0,06%"
"05.06.2019","25,15","24,49","25,15","24,49","1,54M","2,64%"
"04.06.2019","24,51","25,09","25,24","24,48","1,10M","-2,85%"
"03.06.2019","25,23","25,23","25,24","24,86","910,98K","-0,76%"
"31.05.2019","25,42","25,06","25,42","24,79","1,82M","1,35%"
"30.05.2019","25,08","24,48","25,08","24,37","1,98M","4,83%"
"29.05.2019","23,92","24,13","24,43","23,77","1,93M","-0,90%"
"28.05.2019","24,14","24,47","24,49","23,79","18,25M","-1,35%"
"27.05.2019","24,47","24,64","24,94","24,42","390,26K","0,36%"
"24.05.2019","24,38","24,49","24,81","24,38","1,06M","-0,23%"
"23.05.2019","24,44","24,29","24,76","24,26","1,24M","0,20%"
"22.05.2019","24,39","24,26","24,52","24,08","777,29K","0,94%"
"21.05.2019","24,17","24,28","24,63","24,15","794,24K","-0,47%"
"20.05.2019","24,28","24,03","24,66","24,03","1,24M","0,81%"
"17.05.2019","24,09","23,88","24,30","23,88","2,00M","0,57%"
"16.05.2019","23,95","23,41","23,97","23,32","1,08M","2,46%"
"15.05.2019","23,37","22,93","23,39","22,82","950,13K","1,90%"
"14.05.2019","22,94","23,16","23,50","22,92","2,14M","-1,11%"
"13.05.2019","23,20","23,37","23,44","22,95","1,33M","-0,76%"
"10.05.2019","23,37","23,27","23,98","23,27","1,18M","0,45%"
"09.05.2019","23,27","23,36","23,59","23,20","1,02M","-0,69%"
"08.05.2019","23,43","22,63","23,60","22,58","1,81M","4,32%"
"07.05.2019","22,46","21,82","22,91","21,78","3,31M","6,68%"
"06.05.2019","21,05","20,88","21,27","20,80","838,54K","-0,15%"
"03.05.2019","21,09","21,41","21,51","21,07","1,71M","-1,10%"
"02.05.2019","21,32","21,96","22,01","21,29","1,67M","-3,79%"
"30.04.2019","22,16","21,59","22,16","21,22","1,50M","3,55%"
"29.04.2019","21,40","21,56","21,56","21,19","601,68K","-0,94%"
"26.04.2019","21,60","21,13","21,67","20,96","1,07M","2,45%"
"25.04.2019","21,09","20,75","21,09","20,75","916,49K","0,77%"
"24.04.2019","20,93","21,13","21,18","20,82","781,77K","-1,07%"
"23.04.2019","21,15","21,01","21,22","20,97","1,88M","0,35%"
"18.04.2019","21,08","21,18","21,32","20,93","608,56K","-0,50%"
"17.04.2019","21,18","21,27","21,31","21,00","810,40K","-0,08%"
"16.04.2019","21,20","21,53","21,55","21,06","1,71M","-1,13%"
"15.04.2019","21,44","20,85","21,48","20,84","1,21M","2,83%"
"12.04.2019","20,85","21,04","21,09","20,80","945,33K","-0,77%"
"11.04.2019","21,01","21,24","21,24","20,90","1,28M","-0,88%"
"10.04.2019","21,20","21,18","21,34","21,07","1,09M","0,04%"
"09.04.2019","21,19","21,09","21,73","21,00","2,12M","2,86%"
"08.04.2019","20,60","21,35","21,35","20,29","1,95M","-3,96%"
"05.04.2019","21,45","21,74","21,77","20,76","3,28M","-1,23%"
"04.04.2019","21,72","21,98","22,12","21,72","1,43M","-1,18%"
"03.04.2019","21,98","22,03","22,15","21,74","1,99M","0,70%"
"02.04.2019","21,82","21,52","21,99","21,44","1,76M","1,89%"
"01.04.2019","21,42","21,28","21,68","21,21","2,41M","1,30%"
"29.03.2019","21,14","20,97","21,25","20,66","1,33M","1,40%"
"28.03.2019","20,85","20,33","20,86","20,29","1,38M","3,37%"
"27.03.2019","20,17","20,21","20,32","19,99","893,31K","-0,52%"
"26.03.2019","20,28","20,21","20,40","20,14","1,03M","0,28%"
"25.03.2019","20,22","19,55","20,32","19,49","1,73M","3,22%"
"22.03.2019","19,59","19,85","19,89","19,44","1,12M","-1,02%"
"21.03.2019","19,79","19,56","19,93","19,54","1,42M","1,53%"
"20.03.2019","19,49","19,51","19,62","19,28","974,11K","-0,04%"
"19.03.2019","19,50","18,93","19,70","18,92","1,10M","3,03%"
"18.03.2019","18,93","19,18","19,40","18,93","1,13M","-0,64%"
"15.03.2019","19,05","19,37","19,58","18,99","2,05M","-1,59%"
"14.03.2019","19,36","19,37","19,54","19,24","1,07M","-0,08%"
"13.03.2019","19,37","19,53","19,62","19,35","837,20K","-0,58%"
"12.03.2019","19,49","19,60","19,65","19,44","994,69K","-0,58%"
"11.03.2019","19,60","19,85","19,92","19,51","921,86K","-1,26%"
"08.03.2019","19,85","19,40","20,03","19,40","1,40M","1,78%"
"07.03.2019","19,50","19,72","19,76","19,39","1,06M","-0,17%"
"06.03.2019","19,54","19,54","20,13","19,48","1,82M","-7,41%"
"05.03.2019","21,10","20,81","21,47","20,68","1,18M","2,03%"
"04.03.2019","20,68","19,88","20,83","19,55","1,26M","4,16%"
"01.03.2019","19,85","18,92","20,08","18,77","1,36M","6,29%"
"28.02.2019","18,68","19,29","19,29","18,20","4,44M","-3,93%"
"27.02.2019","19,44","19,62","19,69","19,38","418,03K","-1,00%"
"26.02.2019","19,64","19,71","19,81","19,64","604,44K","-0,71%"
"25.02.2019","19,78","20,06","20,07","19,65","1,35M","-1,67%"
"22.02.2019","20,12","20,14","20,32","19,89","632,85K","-0,57%"
"21.02.2019","20,23","20,18","20,47","20,12","487,70K","0,04%"
"20.02.2019","20,22","20,33","20,48","20,08","576,73K","-0,36%"
"19.02.2019","20,30","20,34","20,50","20,17","519,47K","-1,12%"
"18.02.2019","20,53","20,54","20,84","20,51","466,64K","-0,08%"
"15.02.2019","20,54","20,54","20,75","20,41","568,89K","0,20%"
"14.02.2019","20,50","20,62","20,62","20,40","272,77K","-0,12%"
"13.02.2019","20,53","20,22","20,67","20,17","486,65K","1,67%"
"12.02.2019","20,19","20,53","20,54","20,06","579,02K","-1,09%"
"11.02.2019","20,41","20,46","20,59","20,38","496,94K","0,16%"
"08.02.2019","20,38","20,35","20,39","20,10","590,47K","0,00%"
"07.02.2019","20,38","20,26","20,40","20,22","623,93K","0,04%"
"06.02.2019","20,37","20,33","20,59","20,31","407,43K","0,24%"
"05.02.2019","20,32","20,24","20,40","20,17","423,20K","0,53%"
"04.02.2019","20,22","20,25","20,44","19,93","730,99K","-0,08%"
"01.02.2019","20,23","20,31","20,62","20,12","561,28K","0,12%"
"31.01.2019","20,21","19,87","20,74","19,85","1,13M","2,29%"
"30.01.2019","19,76","19,72","19,77","19,50","430,14K","-0,08%"
"29.01.2019","19,77","19,89","19,99","19,77","509,91K","-0,29%"
"28.01.2019","19,83","19,94","20,12","19,56","713,40K","-1,19%"
"25.01.2019","20,07","20,25","20,33","19,96","442,00K","-0,49%"
"24.01.2019","20,17","20,26","20,39","19,98","549,38K","-0,41%"
"23.01.2019","20,25","19,97","20,45","19,97","1,26M","0,90%"
"22.01.2019","20,07","19,92","20,12","19,78","600,20K","0,70%"
"21.01.2019","19,93","19,81","19,94","19,75","291,20K","0,25%"
"18.01.2019","19,88","19,48","19,89","19,35","869,39K","2,37%"
"17.01.2019","19,42","19,10","19,54","19,09","439,01K","1,50%"
"16.01.2019","19,13","19,39","19,39","19,06","742,09K","-0,64%"
"15.01.2019","19,25","19,74","19,74","18,79","756,99K","-1,55%"
"14.01.2019","19,56","19,50","19,69","19,45","538,66K","-0,75%"
"11.01.2019","19,71","19,56","19,82","19,53","370,14K","0,55%"
"10.01.2019","19,60","19,45","19,60","19,38","312,73K","0,59%"
"09.01.2019","19,48","19,56","19,64","19,30","497,47K","0,04%"
"08.01.2019","19,48","19,42","19,59","19,24","794,59K","-0,21%"
"07.01.2019","19,52","19,10","19,53","18,97","2,29M","2,86%"
"04.01.2019","18,97","18,83","19,05","18,79","614,08K","1,05%"
"03.01.2019","18,78","18,57","18,85","18,42","439,10K","1,11%"
"02.01.2019","18,57","18,22","18,64","18,02","562,15K","0,94%"
"31.12.2018","18,40","18,02","18,40","18,02","680,34K","2,10%"
"28.12.2018","18,02","17,98","18,18","17,82","315,08K","0,46%"
"27.12.2018","17,94","18,42","18,52","17,69","639,93K","-1,67%"
"24.12.2018","18,24","17,99","18,37","17,93","183,00K","-0,22%"
"21.12.2018","18,28","18,60","18,66","18,05","1,58M","-2,50%"
"20.12.2018","18,75","18,90","19,14","18,71","687,50K","-1,85%"
"19.12.2018","19,11","19,28","19,39","19,01","911,93K","-0,77%"
"18.12.2018","19,25","19,53","19,57","19,20","961,03K","-2,05%"
"17.12.2018","19,66","19,71","19,78","19,36","938,64K","-0,33%"
"14.12.2018","19,72","19,70","19,82","19,05","738,42K","-1,60%"
"13.12.2018","20,04","19,85","20,46","19,75","805,71K","1,33%"
"12.12.2018","19,78","19,50","19,94","19,50","665,37K","1,60%"
"11.12.2018","19,47","19,64","19,88","19,47","940,23K","-0,04%"
"10.12.2018","19,48","19,56","19,66","19,39","827,86K","-1,00%"
"07.12.2018","19,67","19,59","19,97","19,58","461,01K","0,97%"
"06.12.2018","19,48","19,56","19,86","19,34","762,32K","-1,54%"
"05.12.2018","19,79","19,75","19,91","19,54","581,17K","-0,66%"
"04.12.2018","19,92","19,92","20,03","19,77","452,28K","-0,12%"
"03.12.2018","19,94","20,53","20,53","19,94","1,32M","-0,86%"
"30.11.2018","20,12","20,17","20,35","20,06","795,32K","-0,16%"
"29.11.2018","20,15","20,09","20,38","20,01","680,38K","1,24%"
"28.11.2018","19,90","19,60","19,91","19,43","809,92K","2,02%"
"27.11.2018","19,51","19,06","19,64","19,06","1,74M","2,86%"
"26.11.2018","18,97","18,69","19,04","18,61","523,47K","2,17%"
"23.11.2018","18,56","18,23","18,65","18,13","690,39K","1,67%"
"22.11.2018","18,26","18,68","18,76","18,19","517,35K","-1,90%"
"21.11.2018","18,61","18,61","18,71","18,46","428,71K","0,13%"
"20.11.2018","18,59","18,88","18,92","18,48","711,52K","-2,12%"
"19.11.2018","18,99","19,16","19,28","18,88","606,60K","-0,39%"
"16.11.2018","19,06","18,89","19,46","18,89","896,48K","1,13%"
"15.11.2018","18,85","18,52","18,92","18,47","920,63K","1,96%"
"14.11.2018","18,49","18,45","18,50","18,17","516,41K","0,27%"
"13.11.2018","18,44","18,28","18,51","17,99","947,11K","1,54%"
"12.11.2018","18,16","18,16","18,23","17,80","992,10K","0,36%"
"09.11.2018","18,10","17,85","18,59","17,85","603,05K","1,43%"
"08.11.2018","17,84","18,32","18,48","17,74","1,19M","-2,60%"
"07.11.2018","18,32","17,81","18,39","17,81","1,56M","3,34%"
"06.11.2018","17,73","17,90","18,07","17,61","1,13M","-0,92%"
"05.11.2018","17,89","17,63","18,10","17,63","518,59K","1,26%"
"02.11.2018","17,67","17,92","17,92","17,55","882,62K","-0,42%"
"01.11.2018","17,74","18,06","18,14","17,61","612,46K","-1,91%"
"31.10.2018","18,09","17,89","18,11","17,82","1,17M","1,99%"
"30.10.2018","17,73","17,59","17,77","17,43","572,15K","1,51%"
"29.10.2018","17,47","17,31","17,59","17,31","353,77K","1,19%"
"26.10.2018","17,27","17,27","17,44","17,14","498,89K","-0,90%"
"25.10.2018","17,42","17,43","17,47","17,22","708,33K","-0,38%"
"24.10.2018","17,49","17,44","17,82","17,44","634,38K","0,95%"
"23.10.2018","17,32","17,67","17,68","17,31","673,21K","-2,63%"
"22.10.2018","17,79","18,06","18,06","17,73","335,45K","-0,41%"
"19.10.2018","17,87","17,87","18,00","17,73","450,08K","0,28%"
"18.10.2018","17,82","17,78","18,02","17,73","507,55K","-0,05%"
"17.10.2018","17,82","17,99","18,25","17,64","517,68K","-0,32%"
"16.10.2018","17,88","17,50","17,93","17,46","877,29K","2,74%"
"15.10.2018","17,40","17,26","17,45","17,23","589,07K","0,28%"
"12.10.2018","17,36","17,53","17,53","17,29","1,07M","0,00%"
"11.10.2018","17,36","17,07","17,56","16,91","961,77K","0,33%"
"10.10.2018","17,30","17,44","17,48","17,22","895,04K","-0,89%"
"09.10.2018","17,45","17,35","17,51","17,17","633,90K","0,52%"
"08.10.2018","17,36","17,63","17,68","17,06","1,01M","-1,49%"
"05.10.2018","17,63","17,98","17,98","17,45","1,08M","-2,01%"
"04.10.2018","17,99","18,25","18,27","17,90","696,00K","-1,62%"
"03.10.2018","18,28","18,41","18,46","18,05","779,96K","-0,58%"
"02.10.2018","18,39","18,76","18,76","18,31","847,64K","-2,27%"
"01.10.2018","18,82","18,65","18,84","18,55","630,56K","1,19%"
"28.09.2018","18,60","18,85","18,86","18,28","786,97K","-1,95%"
"27.09.2018","18,97","18,96","19,08","18,87","611,68K","0,00%"
"26.09.2018","18,97","18,79","18,98","18,65","578,16K","1,45%"
"25.09.2018","18,70","18,51","18,73","18,46","972,36K","0,89%"
"24.09.2018","18,53","18,83","18,85","18,46","456,74K","-1,53%"
"21.09.2018","18,82","18,47","18,90","18,47","1,49M","2,05%"
"20.09.2018","18,44","18,28","18,44","18,16","723,24K","0,94%"
"19.09.2018","18,27","18,68","18,70","18,21","570,43K","-2,07%"
"18.09.2018","18,65","18,16","18,68","18,03","746,01K","2,67%"
"17.09.2018","18,17","18,00","18,31","18,00","466,89K","1,28%"
"14.09.2018","17,94","17,79","18,00","17,79","535,64K","1,02%"
"13.09.2018","17,76","18,04","18,13","17,76","587,64K","-1,46%"
"12.09.2018","18,02","18,36","18,39","17,97","502,60K","-1,35%"
"11.09.2018","18,27","18,38","18,46","18,10","866,66K","-0,27%"
"10.09.2018","18,32","18,18","18,46","18,03","386,96K","1,04%"
"07.09.2018","18,13","18,02","18,48","17,93","593,03K","0,91%"
"06.09.2018","17,96","17,98","18,05","17,88","532,78K","-0,36%"
"05.09.2018","18,03","18,06","18,18","17,90","1,89M","-0,27%"
"04.09.2018","18,08","18,15","18,26","17,97","492,73K","-0,41%"
"03.09.2018","18,15","18,19","18,32","18,06","389,86K","-0,14%"
"31.08.2018","18,18","18,28","18,32","18,02","506,30K","-0,23%"
"30.08.2018","18,22","18,25","18,30","18,03","648,02K","-0,27%"
"29.08.2018","18,27","18,11","18,34","18,06","472,76K","1,05%"
"28.08.2018","18,08","18,23","18,23","18,00","561,80K","-1,03%"
"27.08.2018","18,27","18,37","18,38","18,15","314,15K","0,00%"
"24.08.2018","18,27","18,41","18,41","18,14","695,62K","-0,58%"
"23.08.2018","18,37","18,32","18,56","18,30","510,90K","0,49%"
"22.08.2018","18,28","18,42","18,48","18,21","752,48K","-0,76%"
"21.08.2018","18,42","18,13","18,61","18,12","467,94K","1,72%"
"20.08.2018","18,11","18,37","18,46","18,04","662,17K","-1,34%"
"17.08.2018","18,36","18,60","18,66","18,26","384,71K","-0,98%"
"16.08.2018","18,54","18,66","18,70","18,37","628,64K","-0,44%"
"15.08.2018","18,62","18,86","19,02","18,56","572,85K","-1,61%"
"14.08.2018","18,93","18,97","18,98","18,88","429,90K","0,00%"
"13.08.2018","18,93","18,71","19,02","18,71","351,51K","0,57%"
"10.08.2018","18,82","18,92","19,01","18,77","642,84K","-1,42%"
"09.08.2018","19,09","18,90","19,09","18,73","1,14M","1,00%"
"08.08.2018","18,90","18,92","18,94","18,79","409,15K","-0,13%"
"07.08.2018","18,93","18,88","19,06","18,79","432,11K","0,30%"
"06.08.2018","18,87","18,69","18,93","18,59","533,75K","1,23%"
"03.08.2018","18,64","18,49","18,65","18,30","655,96K","0,80%"
"02.08.2018","18,49","18,65","18,80","18,49","839,65K","-1,01%"
"01.08.2018","18,68","18,69","18,77","18,59","755,74K","0,09%"
"31.07.2018","18,66","19,05","19,05","18,57","784,17K","-2,03%"
"30.07.2018","19,05","19,40","19,66","19,00","805,12K","-1,74%"
"27.07.2018","19,39","18,79","19,43","18,79","887,58K","2,83%"
"26.07.2018","18,85","18,72","19,09","18,64","1,19M","0,66%"
"25.07.2018","18,73","18,46","18,83","18,42","1,01M","1,24%"
"24.07.2018","18,50","19,01","19,01","18,45","1,31M","-2,68%"
"23.07.2018","19,01","18,98","19,27","18,93","1,58M","-0,52%"
"20.07.2018","19,11","18,61","19,14","18,61","870,88K","2,47%"
"19.07.2018","18,65","18,82","18,84","18,51","623,93K","-1,13%"
"18.07.2018","18,86","18,90","19,02","18,76","662,74K","0,04%"
"17.07.2018","18,85","18,57","18,93","18,37","1,02M","1,50%"
"16.07.2018","18,57","18,41","18,75","18,29","1,18M","0,89%"
"13.07.2018","18,41","18,39","18,42","18,19","529,90K","0,18%"
"12.07.2018","18,37","18,28","18,42","18,20","829,03K","0,81%"
"11.07.2018","18,23","18,31","18,51","18,23","476,23K","-0,76%"
"10.07.2018","18,37","18,39","18,46","18,28","410,82K","-0,13%"
"09.07.2018","18,39","18,56","18,60","18,28","612,99K","-0,22%"
"06.07.2018","18,43","18,33","18,48","18,23","697,82K","1,13%"
"05.07.2018","18,23","18,26","18,37","18,14","469,64K","-0,22%"
"04.07.2018","18,27","18,00","18,37","17,94","677,93K","1,41%"
"03.07.2018","18,01","17,73","18,17","17,72","911,54K","1,76%"
"02.07.2018","17,70","17,56","17,85","17,43","588,10K","-0,28%"
"29.06.2018","17,75","17,88","18,04","17,64","776,51K","-6,74%"
"28.06.2018","19,03","19,47","19,58","18,96","574,30K","-2,65%"
"27.06.2018","19,55","19,37","19,70","19,30","611,96K","1,04%"
"26.06.2018","19,35","19,71","19,72","19,22","570,66K","-1,30%"
"25.06.2018","19,60","19,36","19,77","19,34","1,24M","0,68%"
"22.06.2018","19,47","19,02","19,48","19,02","521,93K","2,55%"
"21.06.2018","18,99","18,94","19,35","18,79","784,87K","0,38%"
"20.06.2018","18,92","18,94","19,13","18,91","551,86K","0,56%"
"19.06.2018","18,81","18,60","19,09","18,06","830,39K","-0,32%"
"18.06.2018","18,87","19,26","19,28","18,77","641,32K","-1,83%"
"15.06.2018","19,23","19,72","19,74","19,23","1,16M","-2,42%"
"14.06.2018","19,70","19,47","19,84","19,44","920,02K","1,31%"
"13.06.2018","19,45","19,62","19,67","19,29","1,47M","-0,63%"
"12.06.2018","19,57","19,42","19,67","19,31","652,03K","1,05%"
"11.06.2018","19,37","19,41","19,75","19,33","832,76K","0,46%"
"08.06.2018","19,28","19,63","19,63","19,24","721,07K","-2,37%"
"07.06.2018","19,75","19,98","20,06","19,65","439,69K","-0,93%"
"06.06.2018","19,93","19,80","20,01","19,65","567,34K","0,22%"
"05.06.2018","19,89","19,72","20,05","19,30","1,02M","-0,09%"
"04.06.2018","19,90","19,38","19,95","19,38","648,78K","3,05%"
"01.06.2018","19,31","19,12","19,60","19,12","966,62K","1,06%"
"31.05.2018","19,11","19,15","19,21","18,94","1,04M","0,33%"
"30.05.2018","19,05","18,98","19,32","18,86","772,71K","0,28%"
"29.05.2018","19,00","19,40","19,42","18,94","3,74M","-2,57%"
"28.05.2018","19,50","19,81","19,92","19,49","286,17K","-1,55%"
"25.05.2018","19,81","20,26","20,26","19,45","737,79K","-2,43%"
"24.05.2018","20,30","19,81","20,30","19,81","909,24K","2,44%"
"23.05.2018","19,82","19,76","19,82","19,64","2,73M","-0,53%"
"22.05.2018","19,92","19,62","19,93","19,50","677,12K","1,48%"
"21.05.2018","19,63","19,83","20,00","19,60","426,67K","-0,63%"
"18.05.2018","19,75","20,24","20,24","19,75","640,01K","-1,92%"
"17.05.2018","20,14","20,56","20,58","20,12","770,64K","-2,14%"
"16.05.2018","20,58","20,62","20,68","20,42","732,68K","-0,21%"
"15.05.2018","20,63","20,39","20,69","20,21","607,04K","0,64%"
"14.05.2018","20,49","20,42","20,49","20,31","366,35K","0,13%"
"11.05.2018","20,47","20,05","20,47","19,90","645,74K","2,20%"
"10.05.2018","20,03","20,18","20,24","19,96","725,62K","-1,22%"
"09.05.2018","20,27","20,24","20,27","20,00","989,28K","0,48%"
"08.05.2018","20,18","19,85","20,18","19,75","789,94K","1,15%"
"07.05.2018","19,95","19,94","20,04","19,90","748,74K","0,49%"
"04.05.2018","19,85","19,83","20,01","19,78","677,13K","0,18%"
"03.05.2018","19,82","19,62","19,82","19,53","551,93K","0,94%"
"02.05.2018","19,63","19,94","20,00","19,55","923,74K","0,27%"
"30.04.2018","19,58","19,80","19,89","19,50","1,29M","-1,12%"
"27.04.2018","19,80","20,50","20,55","19,60","1,43M","-3,72%"
"26.04.2018","20,56","20,48","20,67","20,36","922,13K","0,90%"
"25.04.2018","20,38","20,34","20,49","20,29","753,02K","-0,04%"
"24.04.2018","20,39","20,34","20,52","20,26","503,03K","0,22%"
"23.04.2018","20,34","20,51","20,56","20,30","486,61K","-0,65%"
"20.04.2018","20,48","20,70","20,75","20,42","727,38K","-0,60%"
"19.04.2018","20,60","20,55","20,70","20,47","1,11M","0,30%"
"18.04.2018","20,54","20,09","20,69","20,09","1,28M","2,46%"
"17.04.2018","20,05","20,49","20,50","19,48","2,09M","-2,11%"
"16.04.2018","20,48","20,77","20,86","20,26","1,39M","-1,23%"
"13.04.2018","20,73","20,71","20,84","20,65","2,15M","0,39%"
"12.04.2018","20,65","20,74","20,84","20,58","1,53M","-0,51%"
"11.04.2018","20,76","20,23","20,87","20,12","1,54M","2,88%"
"10.04.2018","20,18","19,72","20,20","19,67","963,05K","2,36%"
"09.04.2018","19,71","19,53","19,71","19,43","2,45M","1,59%"
"06.04.2018","19,40","19,41","19,57","19,32","690,42K","-0,68%"
"05.04.2018","19,53","19,16","19,60","19,08","855,76K","3,21%"
"04.04.2018","18,93","19,04","19,10","18,77","1,26M","-0,18%"
"03.04.2018","18,96","18,94","19,12","18,87","803,40K","-0,69%"
"29.03.2018","19,09","19,39","19,52","19,09","1,08M","-1,63%"
"28.03.2018","19,41","19,31","19,45","19,17","1,08M","-0,54%"
"27.03.2018","19,52","19,52","19,58","19,07","1,24M","2,40%"
"26.03.2018","19,06","19,64","19,64","18,96","1,40M","-2,65%"
"23.03.2018","19,58","19,12","19,60","19,09","1,63M","1,87%"
"22.03.2018","19,22","18,93","19,27","18,87","4,22M","1,02%"
"21.03.2018","19,02","18,95","19,08","18,89","1,49M","0,28%"
"20.03.2018","18,97","19,17","19,24","18,89","1,07M","-1,01%"
"19.03.2018","19,17","19,54","19,55","19,16","2,12M","-2,33%"
"16.03.2018","19,62","19,80","19,84","19,51","972,66K","-0,80%"
"15.03.2018","19,78","20,12","20,19","19,71","869,46K","-1,70%"
"14.03.2018","20,12","20,24","20,27","20,07","1,74M","-0,83%"
"13.03.2018","20,29","20,45","20,50","20,22","1,38M","-0,60%"
"12.03.2018","20,42","20,25","20,42","20,11","525,15K","1,31%"
"09.03.2018","20,15","19,91","20,24","19,87","612,80K","1,15%"
"08.03.2018","19,92","19,81","19,95","19,56","998,07K","0,62%"
"07.03.2018","19,80","19,28","19,80","19,23","1,55M","2,00%"
"06.03.2018","19,41","19,11","19,52","19,11","1,41M","2,32%"
"05.03.2018","18,97","18,09","18,98","18,05","923,62K","4,10%"
"02.03.2018","18,22","18,38","18,47","18,11","839,41K","-1,43%"
"01.03.2018","18,49","18,47","18,65","18,42","1,07M","-0,76%"
"28.02.2018","18,63","18,54","18,73","18,35","1,35M","-0,24%"
"27.02.2018","18,67","18,97","18,97","18,58","1,04M","-1,48%"
"26.02.2018","18,95","18,82","18,95","18,65","901,71K","1,36%"
"23.02.2018","18,70","17,99","18,74","17,98","1,69M","4,48%"
"22.02.2018","17,90","17,62","17,93","17,57","755,47K","1,35%"
"21.02.2018","17,66","17,71","17,77","17,55","861,72K","-0,55%"
"20.02.2018","17,76","17,89","18,04","17,60","1,10M","-0,35%"
"19.02.2018","17,82","18,28","18,28","17,74","1,12M","-1,65%"
"16.02.2018","18,12","17,47","18,40","17,43","1,34M","3,15%"
"15.02.2018","17,56","18,14","18,14","17,52","1,51M","-0,54%"
"14.02.2018","17,66","17,38","17,92","17,37","1,20M","1,82%"
"13.02.2018","17,34","17,39","17,56","17,30","701,72K","-0,25%"
"12.02.2018","17,39","17,58","17,78","17,36","1,29M","-0,17%"
"09.02.2018","17,42","17,40","17,77","17,20","1,33M","-0,50%"
"08.02.2018","17,50","18,00","18,00","17,43","1,63M","-3,00%"
"07.02.2018","18,05","18,05","18,22","17,88","1,06M","1,29%"
"06.02.2018","17,82","18,01","18,33","17,69","1,45M","-4,21%"
"05.02.2018","18,60","18,97","18,98","18,09","1,12M","-2,50%"
"02.02.2018","19,08","19,19","19,27","19,00","637,86K","-0,41%"
"01.02.2018","19,16","19,17","19,37","18,94","745,33K","0,05%"
"31.01.2018","19,15","18,97","19,15","18,97","756,86K","0,98%"
"30.01.2018","18,96","19,12","19,20","18,84","1,49M","-1,06%"
"29.01.2018","19,17","19,44","19,44","19,03","1,13M","-1,31%"
"26.01.2018","19,42","19,45","19,59","19,31","758,89K","0,09%"
"25.01.2018","19,40","19,89","20,17","19,34","1,36M","-2,35%"
"24.01.2018","19,87","20,18","20,26","19,85","1,79M","-1,10%"
"23.01.2018","20,09","19,91","20,25","19,91","708,79K","1,51%"
"22.01.2018","19,79","19,81","20,05","19,75","681,29K","0,09%"
"19.01.2018","19,77","19,29","20,09","19,29","1,54M","2,28%"
"18.01.2018","19,33","19,55","19,60","19,28","629,39K","-0,99%"
"17.01.2018","19,53","19,26","19,58","19,26","797,78K","1,65%"
"16.01.2018","19,21","18,97","19,28","18,97","888,06K","1,30%"
"15.01.2018","18,96","19,00","19,07","18,89","2,52M","0,18%"
"12.01.2018","18,93","19,18","19,21","18,93","579,47K","-0,74%"
"11.01.2018","19,07","19,15","19,23","18,91","873,51K","-0,18%"
"10.01.2018","19,10","19,72","19,75","19,09","1,15M","-3,52%"
"09.01.2018","19,80","19,74","19,95","19,70","743,37K","0,31%"
"08.01.2018","19,74","19,83","19,88","19,63","995,09K","-0,22%"
"05.01.2018","19,78","19,72","19,83","19,61","761,15K","0,27%"
"04.01.2018","19,73","19,09","19,75","19,09","778,39K","3,36%"
"03.01.2018","19,09","19,09","19,12","18,90","462,74K","0,21%"
"02.01.2018","19,05","18,83","19,05","18,73","577,42K","1,34%"
"29.12.2017","18,80","18,87","18,98","18,71","639,57K","-0,65%"
"28.12.2017","18,92","18,87","18,99","18,77","524,84K","-0,05%"
"27.12.2017","18,93","18,75","18,93","18,70","467,43K","0,72%"
"22.12.2017","18,79","18,70","18,95","18,65","513,22K","-0,83%"
"21.12.2017","18,95","18,93","19,05","18,68","1,07M","-0,30%"
"20.12.2017","19,01","19,15","19,24","19,01","2,49M","-0,80%"
"19.12.2017","19,16","19,15","19,31","19,13","2,86M","0,30%"
"18.12.2017","19,10","18,99","19,14","18,95","669,89K","0,76%"
"15.12.2017","18,96","18,94","19,09","18,85","1,11M","-0,30%"
"14.12.2017","19,01","18,80","19,06","18,80","1,02M","0,77%"
"13.12.2017","18,87","18,72","19,00","18,65","925,87K","0,45%"
"12.12.2017","18,79","18,90","18,90","18,68","783,83K","-0,58%"
"11.12.2017","18,90","18,50","18,92","18,50","745,85K","1,83%"
"08.12.2017","18,56","19,06","19,06","18,43","971,36K","-2,45%"
"07.12.2017","19,02","18,81","19,03","18,74","2,24M","1,46%"
"06.12.2017","18,75","18,54","18,83","18,50","5,94M","0,64%"
"05.12.2017","18,63","18,40","18,69","18,29","1,19M","1,58%"
"04.12.2017","18,34","18,06","18,48","18,06","808,54K","2,13%"
"01.12.2017","17,96","18,27","18,27","17,83","869,69K","-1,35%"
"30.11.2017","18,20","18,39","18,40","18,19","1,58M","-0,91%"
"29.11.2017","18,37","18,45","18,50","18,30","697,64K","0,11%"
"28.11.2017","18,35","18,35","18,40","18,16","3,56M","0,05%"
"27.11.2017","18,34","18,15","18,52","18,14","460,76K","0,60%"
"24.11.2017","18,23","18,40","18,43","18,23","425,58K","-0,79%"
"23.11.2017","18,38","18,04","18,39","18,04","406,27K","1,21%"
"22.11.2017","18,16","18,37","18,46","18,12","982,08K","-0,96%"
"21.11.2017","18,33","18,46","18,46","18,16","568,00K","-0,48%"
"20.11.2017","18,42","17,83","18,47","17,71","945,96K","3,00%"
"17.11.2017","17,88","17,88","18,01","17,86","723,24K","-0,27%"
"16.11.2017","17,93","17,99","18,22","17,88","1,11M","-0,34%"
"15.11.2017","17,99","18,12","18,17","17,89","1,78M","-0,63%"
"14.11.2017","18,11","18,12","18,32","17,47","1,35M","-0,63%"
"13.11.2017","18,22","18,35","18,42","18,15","594,01K","0,17%"
"10.11.2017","18,19","18,35","18,61","18,15","899,16K","-1,22%"
"09.11.2017","18,42","18,75","18,86","18,36","532,43K","-1,77%"
"08.11.2017","18,75","18,68","18,83","18,59","591,96K","0,21%"
"07.11.2017","18,71","18,86","18,94","18,66","518,02K","-0,54%"
"06.11.2017","18,81","18,66","18,82","18,54","417,47K","0,83%"
"03.11.2017","18,65","18,75","18,82","18,57","778,16K","-0,50%"
"02.11.2017","18,75","18,95","19,07","18,62","615,29K","-1,05%"
"01.11.2017","18,94","18,93","19,04","18,81","942,22K","0,96%"
"31.10.2017","18,76","18,75","18,91","18,67","840,75K","0,54%"
"30.10.2017","18,66","18,45","18,73","18,40","697,35K","1,75%"
"27.10.2017","18,34","18,45","18,50","18,21","493,64K","-0,09%"
"26.10.2017","18,36","18,17","18,53","18,14","959,28K","0,58%"
"25.10.2017","18,25","18,43","18,43","18,22","621,16K","-0,45%"
"24.10.2017","18,34","18,28","18,45","18,27","2,11M","0,24%"
"23.10.2017","18,29","18,27","18,43","18,24","732,85K","0,14%"
"20.10.2017","18,27","18,00","18,27","17,92","1,07M","0,97%"
"19.10.2017","18,09","17,84","18,13","17,70","854,26K","1,73%"
"18.10.2017","17,78","17,71","17,94","17,49","1,43M","0,80%"
"17.10.2017","17,64","17,64","17,70","17,47","846,98K","-0,15%"
"16.10.2017","17,67","17,89","17,92","17,59","920,58K","-1,33%"
"13.10.2017","17,91","17,82","18,10","17,82","783,82K","0,20%"
"12.10.2017","17,87","17,39","17,87","17,36","881,09K","2,48%"
"11.10.2017","17,44","17,16","17,56","17,16","1,01M","2,14%"
"10.10.2017","17,07","16,86","17,10","16,81","798,56K","1,28%"
"09.10.2017","16,86","16,75","16,89","16,70","797,43K","1,11%"
"06.10.2017","16,67","16,78","16,86","16,66","601,81K","-1,00%"
"05.10.2017","16,84","16,48","16,84","16,48","530,61K","1,57%"
"04.10.2017","16,58","16,69","16,77","16,46","2,60M","-0,87%"
"03.10.2017","16,73","16,95","17,03","16,68","802,38K","-1,46%"
"02.10.2017","16,97","17,01","17,12","16,92","847,04K","-0,41%"
"29.09.2017","17,04","17,05","17,17","16,88","1,04M","-0,05%"
"28.09.2017","17,05","17,10","17,17","17,03","643,33K","-0,39%"
"27.09.2017","17,12","17,03","17,14","16,96","788,18K","0,96%"
"26.09.2017","16,95","16,71","16,98","16,69","822,99K","1,47%"
"25.09.2017","16,71","16,67","16,76","16,60","463,15K","0,19%"
"22.09.2017","16,68","16,69","16,75","16,59","668,66K","-0,16%"
"21.09.2017","16,70","16,93","16,93","16,61","929,08K","-1,28%"
"20.09.2017","16,92","16,95","17,07","16,85","490,55K","-0,21%"
"19.09.2017","16,95","16,77","16,95","16,72","586,86K","1,31%"
"18.09.2017","16,74","16,85","16,91","16,72","781,24K","-0,16%"
"15.09.2017","16,76","16,95","17,53","16,76","3,07M","-1,52%"
"14.09.2017","17,02","17,24","17,24","17,02","712,96K","-7,15%"
"13.09.2017","18,33","18,14","18,39","18,14","1,07M","0,83%"
"12.09.2017","18,18","18,50","18,50","18,16","851,05K","-1,20%"
"11.09.2017","18,40","18,05","18,52","18,05","981,88K","2,29%"
"08.09.2017","17,99","17,90","18,00","17,82","1,03M","0,60%"
"07.09.2017","17,88","17,48","17,91","17,42","826,49K","3,02%"
"06.09.2017","17,36","17,46","17,53","17,32","427,59K","-0,96%"
"05.09.2017","17,52","17,36","17,53","17,36","493,47K","0,67%"
"04.09.2017","17,41","17,44","17,46","17,30","438,19K","-0,48%"
"01.09.2017","17,49","17,59","17,76","17,49","540,56K","-0,56%"
"31.08.2017","17,59","17,17","17,59","17,17","775,36K","2,54%"
"30.08.2017","17,16","17,13","17,28","17,08","495,14K","0,47%"
"29.08.2017","17,08","16,90","17,11","16,78","599,55K","0,39%"
"28.08.2017","17,01","16,96","17,13","16,84","333,58K","0,11%"
"25.08.2017","16,99","17,30","17,32","16,99","758,87K","-2,00%"
"24.08.2017","17,34","17,38","17,55","17,32","573,69K","0,18%"
"23.08.2017","17,31","17,00","17,36","16,93","782,56K","2,44%"
"22.08.2017","16,89","16,97","17,01","16,83","473,77K","-0,14%"
"21.08.2017","16,92","17,02","17,05","16,90","373,82K","-0,66%"
"18.08.2017","17,03","17,11","17,18","17,02","500,66K","-1,54%"
"17.08.2017","17,30","17,33","17,36","17,22","463,38K","0,05%"
"16.08.2017","17,29","17,48","17,48","17,28","707,95K","-0,78%"
"15.08.2017","17,42","17,48","17,50","17,38","472,89K","-0,05%"
"14.08.2017","17,43","17,40","17,53","17,38","658,67K","0,00%"
"11.08.2017","17,43","17,67","17,67","17,37","767,31K","-2,08%"
"10.08.2017","17,80","17,77","17,99","17,73","1,41M","-0,31%"
"09.08.2017","17,86","17,75","17,99","17,74","2,06M","0,06%"
"08.08.2017","17,85","17,68","17,87","17,61","722,07K","1,14%"
"07.08.2017","17,65","17,56","17,66","17,39","1,02M","0,86%"
"04.08.2017","17,50","17,44","17,58","17,38","610,53K","0,38%"
"03.08.2017","17,43","17,49","17,54","17,42","772,78K","-0,46%"
"02.08.2017","17,51","17,65","17,76","17,46","780,98K","-0,51%"
"01.08.2017","17,60","17,91","17,91","17,34","1,36M","-1,18%"
"31.07.2017","17,81","17,90","18,13","17,79","843,44K","-0,18%"
"28.07.2017","17,84","17,95","17,95","17,52","799,95K","-0,57%"
"27.07.2017","17,95","17,74","18,00","17,73","596,72K","1,46%"
"26.07.2017","17,69","17,44","17,74","17,42","703,08K","1,26%"
"25.07.2017","17,47","17,41","17,68","17,41","400,65K","0,06%"
"24.07.2017","17,46","17,35","17,49","17,29","698,75K","0,43%"
"21.07.2017","17,38","17,40","17,51","17,28","503,17K","-0,19%"
"20.07.2017","17,42","17,59","17,59","17,31","1,72M","-0,30%"
"19.07.2017","17,47","17,42","17,53","17,40","833,07K","0,32%"
"18.07.2017","17,41","17,30","17,68","17,30","700,24K","0,30%"
"17.07.2017","17,36","17,40","17,51","17,32","1,18M","-0,19%"
"14.07.2017","17,39","17,44","17,49","17,29","499,48K","-0,24%"
"13.07.2017","17,44","17,31","17,44","17,24","696,91K","1,09%"
"12.07.2017","17,25","16,87","17,30","16,87","662,93K","2,45%"
"11.07.2017","16,84","17,19","17,19","16,78","921,79K","-1,62%"
"10.07.2017","17,11","16,93","17,18","16,90","754,68K","1,22%"
"07.07.2017","16,91","16,79","16,91","16,63","881,14K","0,50%"
"06.07.2017","16,82","17,04","17,08","16,63","1,02M","-1,32%"
"05.07.2017","17,05","16,93","17,12","16,78","620,84K","0,89%"
"04.07.2017","16,90","16,92","17,00","16,84","1,65M","-0,69%"
"03.07.2017","17,01","16,97","17,13","16,94","722,22K","0,50%"
"30.06.2017","16,93","16,98","17,23","16,84","1,14M","-0,60%"
"29.06.2017","17,03","17,48","17,57","16,99","1,56M","-2,44%"
"28.06.2017","17,46","17,53","17,66","17,39","3,27M","-0,88%"
"27.06.2017","17,61","17,97","18,01","17,55","1,95M","-1,98%"
"26.06.2017","17,97","17,92","18,14","17,84","1,52M","0,50%"
"23.06.2017","17,88","18,02","18,05","17,79","1,06M","-1,01%"
"22.06.2017","18,06","18,18","18,20","18,01","656,52K","-0,87%"
"21.06.2017","18,22","18,18","18,27","17,96","929,79K","0,36%"
"20.06.2017","18,16","18,44","18,49","18,16","1,01M","-1,12%"
"19.06.2017","18,36","18,23","18,45","18,06","2,14M","1,11%"
"16.06.2017","18,16","17,98","18,16","17,98","1,30M","1,15%"
"15.06.2017","17,96","17,92","18,06","17,74","4,99M","0,23%"
"14.06.2017","17,91","17,81","18,24","17,80","1,14M","0,63%"
"13.06.2017","17,80","17,62","17,85","17,61","1,05M","0,96%"
"12.06.2017","17,63","17,87","17,91","17,57","1,09M","-0,82%"
"09.06.2017","17,78","17,42","17,78","17,41","884,68K","2,07%"
"08.06.2017","17,42","17,43","17,67","17,28","2,04M","-0,64%"
"07.06.2017","17,53","17,62","17,71","17,44","3,18M","-0,93%"
"06.06.2017","17,69","17,74","17,75","17,48","830,56K","-0,26%"
"05.06.2017","17,74","17,81","17,95","17,64","1,34M","-0,34%"
"02.06.2017","17,80","17,76","17,94","17,62","2,60M","0,61%"
"01.06.2017","17,69","17,59","17,70","17,42","1,74M","1,21%"
"31.05.2017","17,48","17,58","18,03","16,97","6,45M","4,02%"
"30.05.2017","16,81","16,76","16,88","16,66","3,97M","0,31%"
"29.05.2017","16,76","16,83","16,86","16,64","526,25K","-0,42%"
"26.05.2017","16,83","16,63","16,85","16,63","1,20M","1,33%"
"25.05.2017","16,61","16,62","16,71","16,48","978,07K","0,51%"
"24.05.2017","16,52","16,23","16,64","15,92","2,37M","1,94%"
"23.05.2017","16,21","16,33","16,41","16,14","1,20M","-1,40%"
"22.05.2017","16,44","16,30","16,56","16,17","904,54K","1,07%"
"19.05.2017","16,26","16,05","16,33","16,00","2,40M","1,37%"
"18.05.2017","16,04","15,91","16,15","15,76","2,05M","0,77%"
"17.05.2017","15,92","15,91","16,21","15,91","2,69M","-0,41%"
"16.05.2017","15,99","15,89","16,01","15,82","1,48M","0,92%"
"15.05.2017","15,84","15,80","15,89","15,59","1,02M","0,35%"
"12.05.2017","15,79","15,38","15,79","15,36","1,41M","2,77%"
"11.05.2017","15,36","15,56","15,57","15,29","942,27K","-0,76%"
"10.05.2017","15,48","15,74","15,78","15,39","946,64K","-1,70%"
"09.05.2017","15,74","15,75","15,80","15,60","642,14K","0,00%"
"08.05.2017","15,75","15,90","15,98","15,73","956,04K","-0,27%"
"05.05.2017","15,79","15,66","15,80","15,54","873,30K","0,48%"
"04.05.2017","15,72","15,53","15,72","15,37","872,99K","1,33%"
"03.05.2017","15,51","15,43","15,52","15,34","3,79M","0,43%"
"02.05.2017","15,44","15,26","15,51","15,19","1,48M","1,54%"
"28.04.2017","15,21","14,98","15,23","14,93","1,60M","1,69%"
"27.04.2017","14,96","15,05","15,12","14,94","736,31K","-0,47%"
"26.04.2017","15,03","14,98","15,04","14,91","1,18M","0,38%"
"25.04.2017","14,97","14,97","15,05","14,87","1,62M","0,34%"
"24.04.2017","14,92","14,97","14,98","14,73","1,07M","1,69%"
"21.04.2017","14,67","14,42","14,69","14,37","1,54M","1,36%"
"20.04.2017","14,47","14,33","14,58","14,28","1,99M","1,38%"
"19.04.2017","14,28","14,39","14,41","14,21","1,57M","-1,07%"
"18.04.2017","14,43","14,65","14,67","14,43","1,25M","-0,74%"
"13.04.2017","14,54","14,60","14,64","14,50","463,59K","-0,23%"
"12.04.2017","14,57","14,55","14,58","14,46","615,11K","0,16%"
"11.04.2017","14,55","14,45","14,60","14,45","632,70K","0,42%"
"10.04.2017","14,49","14,49","14,52","14,41","532,63K","0,36%"
"07.04.2017","14,44","14,45","14,50","14,37","905,78K","-0,49%"
"06.04.2017","14,51","14,30","14,52","14,23","1,07M","0,98%"
"05.04.2017","14,37","14,50","14,53","14,34","1,06M","-0,68%"
"04.04.2017","14,46","14,34","14,46","14,25","930,12K","0,45%"
"03.04.2017","14,40","14,66","14,71","14,39","1,01M","-0,74%"
"31.03.2017","14,51","14,21","14,51","14,06","1,18M","1,55%"
"30.03.2017","14,29","14,22","14,30","14,17","667,12K","0,46%"
"29.03.2017","14,22","14,32","14,33","14,19","580,66K","-0,65%"
"28.03.2017","14,31","14,34","14,34","14,21","1,15M","0,13%"
"27.03.2017","14,30","14,21","14,32","14,11","1,08M","0,33%"
"24.03.2017","14,25","14,39","14,42","14,23","962,94K","-0,88%"
"23.03.2017","14,38","14,25","14,42","14,12","1,19M","1,08%"
"22.03.2017","14,22","14,25","14,28","14,01","1,53M","-1,75%"
"21.03.2017","14,47","14,76","14,76","14,47","1,15M","-1,50%"
"20.03.2017","14,69","14,81","14,84","14,67","1,04M","-1,04%"
"17.03.2017","14,85","14,58","14,85","14,48","1,38M","1,48%"
"16.03.2017","14,63","14,30","14,66","14,25","1,81M","2,93%"
"15.03.2017","14,22","14,16","14,22","14,07","713,94K","0,57%"
"14.03.2017","14,14","14,17","14,20","14,06","693,32K","-0,30%"
"13.03.2017","14,18","14,31","14,43","14,14","814,99K","-0,83%"
"10.03.2017","14,30","14,28","14,31","14,12","1,16M","0,73%"
"09.03.2017","14,19","13,99","14,25","13,91","1,65M","1,55%"
"08.03.2017","13,98","13,82","14,04","13,72","1,15M","0,71%"
"07.03.2017","13,88","13,68","13,88","13,56","1,19M","2,18%"
"06.03.2017","13,58","13,50","13,58","13,39","968,11K","0,70%"
"03.03.2017","13,49","13,63","13,63","13,35","1,41M","-1,03%"
"02.03.2017","13,63","13,38","13,69","13,32","1,47M","2,07%"
"01.03.2017","13,35","13,40","13,41","13,25","1,03M","0,22%"
"28.02.2017","13,32","13,39","13,39","13,27","757,68K","0,11%"
"27.02.2017","13,31","13,45","13,48","13,22","1,16M","-0,70%"
"24.02.2017","13,40","13,40","13,45","13,21","1,06M","0,31%"
"23.02.2017","13,36","13,35","13,40","13,16","865,22K","0,60%"
"22.02.2017","13,28","13,55","13,55","13,16","1,44M","-0,46%"
"21.02.2017","13,34","13,45","13,45","13,19","1,07M","-0,80%"
"20.02.2017","13,45","13,56","13,60","13,39","1,15M","0,10%"
"17.02.2017","13,44","13,19","13,56","13,19","1,84M","2,14%"
"16.02.2017","13,16","13,22","13,22","13,08","1,13M","0,65%"
"15.02.2017","13,07","13,10","13,11","12,97","764,96K","0,43%"
"14.02.2017","13,02","13,17","13,20","12,95","714,55K","-1,10%"
"13.02.2017","13,16","13,05","13,16","12,97","790,67K","1,37%"
"10.02.2017","12,98","13,07","13,10","12,89","725,23K","-0,32%"
"09.02.2017","13,02","12,93","13,08","12,90","948,18K","0,69%"
"08.02.2017","12,94","12,73","12,95","12,63","951,07K","1,84%"
"07.02.2017","12,70","12,78","12,88","12,67","676,38K","-0,48%"
"06.02.2017","12,76","13,08","13,08","12,73","943,28K","-2,05%"
"03.02.2017","13,03","13,26","13,32","13,03","1,16M","-7,92%"
"02.02.2017","14,15","14,11","14,19","13,91","1,53M","1,14%"
"01.02.2017","13,99","13,51","14,09","13,50","2,28M","6,31%"
"31.01.2017","13,16","13,22","13,27","13,05","1,00M","-0,57%"
"30.01.2017","13,23","13,48","13,50","13,19","868,04K","-1,78%"
"27.01.2017","13,48","13,65","13,65","13,41","670,70K","-0,92%"
"26.01.2017","13,60","13,54","13,81","13,48","999,42K","0,93%"
"25.01.2017","13,48","13,51","13,52","13,35","847,74K","0,19%"
"24.01.2017","13,45","13,66","13,66","13,27","898,61K","-0,96%"
"23.01.2017","13,58","13,73","13,78","13,51","713,50K","-1,27%"
"20.01.2017","13,76","13,60","13,80","13,59","881,55K","1,40%"
"19.01.2017","13,56","13,80","13,80","13,37","958,01K","-1,35%"
"18.01.2017","13,75","13,98","13,99","13,73","887,26K","-1,26%"
"17.01.2017","13,93","13,80","13,97","13,77","875,73K","1,05%"
"16.01.2017","13,78","13,90","13,91","13,73","447,52K","-1,01%"
"13.01.2017","13,92","13,95","14,05","13,85","870,52K","0,11%"
"12.01.2017","13,90","13,84","13,92","13,70","922,41K","0,36%"
"11.01.2017","13,85","13,79","13,89","13,67","745,66K","0,69%"
"10.01.2017","13,76","13,91","13,93","13,68","762,39K","-1,04%"
"09.01.2017","13,90","13,90","13,94","13,73","708,42K","0,25%"
"06.01.2017","13,87","13,99","14,02","13,81","638,07K","-0,68%"
"05.01.2017","13,97","13,75","13,99","13,71","910,76K","1,67%"
"04.01.2017","13,73","13,77","13,84","13,62","809,83K","-0,11%"
"03.01.2017","13,75","13,84","13,85","13,61","825,05K","-0,11%"
"02.01.2017","13,77","13,69","13,81","13,69","315,97K","0,73%"
"30.12.2016","13,66","13,62","13,66","13,55","606,25K","0,29%"
"29.12.2016","13,63","13,60","13,70","13,55","502,18K","-0,33%"
"28.12.2016","13,67","13,85","13,85","13,62","736,83K","-1,19%"
"27.12.2016","13,84","13,77","13,88","13,72","317,89K","0,62%"
"23.12.2016","13,75","13,75","13,79","13,64","449,65K","0,33%"
"22.12.2016","13,70","13,86","13,87","13,70","593,64K","-1,40%"
"21.12.2016","13,90","13,81","13,94","13,76","1,04M","0,65%"
"20.12.2016","13,81","13,74","13,86","13,70","1,19M","0,99%"
"19.12.2016","13,68","13,37","13,78","13,31","1,53M","2,78%"
"16.12.2016","13,31","13,31","13,45","13,29","1,87M","-0,49%"
"15.12.2016","13,37","13,30","13,47","12,88","1,75M","-0,78%"
"14.12.2016","13,48","13,63","13,71","13,48","1,43M","-1,28%"
"13.12.2016","13,65","13,48","13,69","13,41","1,17M","0,74%"
"12.12.2016","13,55","13,40","13,64","13,36","805,32K","1,38%"
"09.12.2016","13,36","13,28","13,40","13,28","910,61K","0,53%"
"08.12.2016","13,30","13,33","13,51","13,25","886,16K","-0,08%"
"07.12.2016","13,31","13,43","13,47","13,25","800,81K","-0,75%"
"06.12.2016","13,40","13,15","13,41","13,10","760,90K","2,29%"
"05.12.2016","13,10","13,03","13,33","13,02","988,23K","0,19%"
"02.12.2016","13,08","13,00","13,17","12,92","803,35K","0,27%"
"01.12.2016","13,05","13,16","13,19","13,01","566,33K","-1,32%"
"30.11.2016","13,22","13,31","13,43","13,17","1,05M","-1,01%"
"29.11.2016","13,35","13,27","13,45","13,24","973,81K","0,60%"
"28.11.2016","13,27","13,48","13,48","13,20","774,88K","-0,93%"
"25.11.2016","13,40","13,29","13,44","13,19","692,54K","1,36%"
"24.11.2016","13,22","13,29","13,29","13,13","678,79K","0,15%"
"23.11.2016","13,20","13,26","13,29","13,15","1,06M","0,23%"
"22.11.2016","13,17","13,27","13,35","13,15","1,62M","-0,49%"
"21.11.2016","13,23","13,59","13,59","13,23","1,64M","-2,18%"
"18.11.2016","13,53","13,74","13,74","13,34","1,76M","-1,06%"
"17.11.2016","13,68","13,53","13,86","13,49","1,68M","1,64%"
"16.11.2016","13,45","13,27","13,45","13,16","1,84M","2,40%"
"15.11.2016","13,14","12,87","13,27","12,80","1,58M","4,20%"
"14.11.2016","12,61","12,93","12,95","12,55","2,21M","-1,25%"
"11.11.2016","12,77","13,10","13,15","12,71","1,91M","-2,00%"
"10.11.2016","13,03","14,01","14,01","12,94","2,44M","-6,23%"
"09.11.2016","13,90","13,79","14,08","13,69","2,06M","-1,10%"
"08.11.2016","14,05","14,25","14,26","14,05","572,24K","-1,09%"
"07.11.2016","14,20","14,33","14,35","14,13","504,43K","0,11%"
"04.11.2016","14,19","14,27","14,29","14,11","924,84K","-0,84%"
"03.11.2016","14,31","14,48","14,48","14,26","1,04M","-0,90%"
"02.11.2016","14,44","14,65","14,81","14,43","1,15M","-2,20%"
"01.11.2016","14,77","15,01","15,01","14,68","912,53K","-1,30%"
"31.10.2016","14,96","15,31","15,44","14,80","1,28M","-2,64%"
"28.10.2016","15,36","15,48","15,55","15,10","909,98K","-0,87%"
"27.10.2016","15,50","15,41","15,50","15,16","697,95K","0,81%"
"26.10.2016","15,38","15,47","15,52","15,24","998,31K","-0,55%"
"25.10.2016","15,46","15,42","15,59","15,39","864,51K","0,13%"
"24.10.2016","15,44","15,59","15,69","15,41","829,39K","-0,16%"
"21.10.2016","15,47","15,42","15,52","15,36","797,99K","-0,13%"
"20.10.2016","15,48","15,52","15,57","15,41","677,98K","0,10%"
"19.10.2016","15,47","15,57","15,65","15,45","680,73K","-0,90%"
"18.10.2016","15,61","15,66","15,73","15,57","711,75K","0,42%"
"17.10.2016","15,55","15,31","15,56","15,31","1,03M","1,07%"
"14.10.2016","15,38","15,33","15,45","15,26","554,30K","0,85%"
"13.10.2016","15,25","15,09","15,25","15,00","692,96K","0,89%"
"12.10.2016","15,11","15,40","15,40","15,08","555,69K","-1,85%"
"11.10.2016","15,40","15,39","15,55","15,35","985,91K","-0,32%"
"10.10.2016","15,45","15,56","15,57","15,32","1,28M","-0,39%"
"07.10.2016","15,51","15,76","15,80","15,51","806,96K","-1,84%"
"06.10.2016","15,80","16,17","16,17","15,67","985,61K","-1,59%"
"05.10.2016","16,06","16,07","16,19","15,94","912,67K","-0,71%"
"04.10.2016","16,17","16,13","16,20","16,06","801,48K","0,43%"
"03.10.2016","16,10","15,94","16,19","15,80","569,97K","0,00%"
"30.09.2016","16,10","15,80","16,26","15,68","1,34M","1,90%"
"29.09.2016","15,80","15,71","15,98","15,71","536,58K","0,35%"
"28.09.2016","15,74","16,03","16,10","15,69","698,66K","-1,16%"
"27.09.2016","15,93","15,92","15,95","15,75","687,76K","0,19%"
"26.09.2016","15,90","15,95","15,95","15,82","414,08K","-0,63%"
"23.09.2016","16,00","16,10","16,10","15,96","398,52K","-0,47%"
"22.09.2016","16,08","15,94","16,19","15,89","926,79K","1,45%"
"21.09.2016","15,85","16,00","16,02","15,81","542,18K","0,03%"
"20.09.2016","15,84","15,80","15,99","15,80","495,21K","-0,16%"
"19.09.2016","15,86","15,84","15,94","15,74","451,66K","1,34%"
"16.09.2016","15,65","15,74","15,81","15,61","716,76K","-0,29%"
"15.09.2016","15,70","15,73","15,76","15,63","397,64K","0,03%"
"14.09.2016","15,69","15,85","15,93","15,65","642,30K","-1,04%"
"13.09.2016","15,86","16,08","16,16","15,80","463,23K","-1,06%"
"12.09.2016","16,03","16,01","16,04","15,90","517,39K","-1,29%"
"09.09.2016","16,24","16,20","16,37","16,15","501,26K","-0,06%"
"08.09.2016","16,25","16,34","16,41","16,24","435,65K","-0,34%"
"07.09.2016","16,31","16,26","16,38","16,20","489,18K","0,03%"
"06.09.2016","16,30","16,36","16,40","16,20","427,17K","0,09%"
"05.09.2016","16,28","16,34","16,39","16,20","484,75K","0,37%"
"02.09.2016","16,23","15,91","16,25","15,87","1,22M","2,01%"
"01.09.2016","15,90","15,68","15,91","15,65","753,10K","1,63%"
"31.08.2016","15,65","15,40","15,80","15,40","798,06K","1,10%"
"30.08.2016","15,48","15,52","15,58","15,45","440,42K","-0,23%"
"29.08.2016","15,52","15,47","15,56","15,31","204,51K","0,26%"
"26.08.2016","15,48","15,30","15,53","15,26","569,93K","1,14%"
"25.08.2016","15,30","15,21","15,34","15,00","528,55K","-0,26%"
"24.08.2016","15,34","15,27","15,48","15,26","501,41K","-0,36%"
"23.08.2016","15,40","15,40","15,44","15,23","848,78K","0,20%"
"22.08.2016","15,36","15,38","15,60","15,31","447,25K","-0,36%"
"19.08.2016","15,42","15,63","15,69","15,40","467,07K","-1,09%"
"18.08.2016","15,59","15,63","15,63","15,45","376,02K","0,35%"
"17.08.2016","15,53","15,76","15,78","15,52","332,92K","-1,65%"
"16.08.2016","15,80","15,90","15,94","15,75","534,15K","-1,10%"
"15.08.2016","15,97","16,08","16,23","15,93","508,91K","-0,78%"
"12.08.2016","16,09","16,02","16,20","16,02","440,75K","0,12%"
"11.08.2016","16,08","15,93","16,11","15,82","660,70K","1,58%"
"10.08.2016","15,82","15,73","15,89","15,66","337,21K","-0,22%"
"09.08.2016","15,86","15,79","15,98","15,77","836,02K","0,22%"
"08.08.2016","15,82","16,00","16,06","15,81","433,24K","-1,00%"
"05.08.2016","15,98","15,88","15,99","15,81","516,05K","0,98%"
"04.08.2016","15,83","15,89","15,90","15,69","493,13K","0,25%"
"03.08.2016","15,79","15,76","15,88","15,70","467,75K","-0,16%"
"02.08.2016","15,81","15,80","15,90","15,55","992,90K","-0,28%"
"01.08.2016","15,86","16,05","16,10","15,73","646,08K","0,19%"
"29.07.2016","15,83","15,94","15,99","15,72","1,22M","-0,47%"
"28.07.2016","15,90","15,95","16,16","15,85","569,90K","-0,31%"
"27.07.2016","15,95","15,91","16,15","15,87","935,59K","0,76%"
"26.07.2016","15,84","15,88","15,98","15,81","485,63K","-0,53%"
"25.07.2016","15,92","15,89","16,02","15,83","530,45K","0,13%"
"22.07.2016","15,90","15,81","15,97","15,71","763,09K","0,63%"
"21.07.2016","15,80","15,91","15,94","15,60","587,40K","-0,28%"
"20.07.2016","15,85","15,77","15,90","15,65","701,28K","1,31%"
"19.07.2016","15,64","15,61","15,77","15,58","596,15K","-0,13%"
"18.07.2016","15,66","15,61","15,85","15,33","557,82K","0,16%"
"15.07.2016","15,64","15,50","15,69","15,45","754,54K","0,03%"
"14.07.2016","15,63","15,73","15,73","15,44","717,65K","0,71%"
"13.07.2016","15,52","15,56","15,65","15,37","730,20K","0,13%"
"12.07.2016","15,50","15,35","15,64","15,29","1,13M","0,94%"
"11.07.2016","15,35","14,87","15,39","14,82","1,27M","3,26%"
"08.07.2016","14,87","14,59","14,90","14,49","911,13K","2,13%"
"07.07.2016","14,56","14,48","14,65","14,47","1,19M","1,64%"
"06.07.2016","14,32","14,30","14,51","14,23","1,31M","-0,38%"
"05.07.2016","14,38","14,16","14,39","14,10","712,95K","0,70%"
"04.07.2016","14,28","14,35","14,38","14,16","496,78K","0,11%"
"01.07.2016","14,27","14,12","14,38","13,90","1,02M","1,67%"
"30.06.2016","14,03","13,91","14,19","13,77","1,24M","0,94%"
"29.06.2016","13,90","13,26","13,95","13,26","1,23M","6,03%"
"28.06.2016","13,11","13,09","13,24","13,05","1,42M","1,75%"
"27.06.2016","12,89","13,22","13,36","12,81","1,15M","-2,42%"
"24.06.2016","13,20","13,34","13,69","13,02","1,89M","-7,27%"
"23.06.2016","14,24","14,15","14,39","14,06","658,23K","1,28%"
"22.06.2016","14,06","14,07","14,19","13,94","1,28M","0,14%"
"21.06.2016","14,04","14,15","14,19","13,98","1,04M","-1,27%"
"20.06.2016","14,22","14,00","14,37","13,92","1,19M","3,64%"
"17.06.2016","13,72","13,98","14,08","13,70","4,76M","-1,54%"
"16.06.2016","13,94","13,77","14,02","13,72","873,14K","0,25%"
"15.06.2016","13,90","13,94","14,10","13,80","877,95K","0,36%"
"14.06.2016","13,85","13,85","13,91","13,64","641,65K","-1,07%"
"13.06.2016","14,00","13,91","14,02","13,80","506,67K","-0,21%"
"10.06.2016","14,03","13,99","14,13","13,93","916,12K","-0,50%"
"09.06.2016","14,10","14,13","14,22","13,91","658,30K","-0,35%"
"08.06.2016","14,15","14,36","14,39","14,11","533,54K","-1,94%"
"07.06.2016","14,43","14,48","14,57","14,34","819,76K","0,66%"
"06.06.2016","14,34","14,32","14,45","14,32","490,71K","0,49%"
"03.06.2016","14,27","14,36","14,46","14,13","606,74K","0,32%"
"02.06.2016","14,22","14,30","14,36","14,18","449,80K","-0,18%"
"01.06.2016","14,24","14,50","14,53","14,23","498,83K","-1,76%"
"31.05.2016","14,50","14,40","14,63","14,35","597,80K","0,97%"
"30.05.2016","14,36","14,36","14,48","14,24","110,40K","0,42%"
"27.05.2016","14,30","14,37","14,47","14,20","323,93K","-0,45%"
"26.05.2016","14,36","14,15","14,40","14,07","464,83K","1,23%"
"25.05.2016","14,19","14,16","14,45","14,15","530,90K","0,32%"
"24.05.2016","14,15","14,19","14,27","14,09","522,12K","-0,74%"
"23.05.2016","14,25","14,39","14,44","14,25","306,19K","-1,08%"
"20.05.2016","14,40","14,12","14,47","14,09","317,28K","2,24%"
"19.05.2016","14,09","14,28","14,29","14,03","327,58K","-2,02%"
"18.05.2016","14,38","14,16","14,45","14,15","832,67K","1,16%"
"17.05.2016","14,22","14,10","14,32","14,00","321,10K","0,64%"
"16.05.2016","14,13","14,10","14,19","13,88","236,28K","0,39%"
"13.05.2016","14,07","13,86","14,14","13,85","253,39K","0,97%"
"12.05.2016","13,94","14,02","14,13","13,88","651,00K","-1,14%"
"11.05.2016","14,10","14,14","14,19","14,00","311,35K","-0,56%"
"10.05.2016","14,18","14,10","14,27","14,08","303,69K","0,64%"
"09.05.2016","14,09","13,99","14,13","13,99","719,09K","0,93%"
"06.05.2016","13,95","14,10","14,14","13,88","650,23K","-0,75%"
"05.05.2016","14,06","14,14","14,23","14,03","288,09K","-0,50%"
"04.05.2016","14,13","14,37","14,40","14,07","456,51K","-2,15%"
"03.05.2016","14,44","14,52","14,56","14,38","328,48K","-0,55%"
"02.05.2016","14,52","14,57","14,60","14,37","108,83K","0,76%"
"29.04.2016","14,41","14,66","14,69","14,36","494,13K","-2,11%"
"28.04.2016","14,72","14,78","14,78","14,42","833,43K","-0,74%"
"27.04.2016","14,83","14,86","15,00","14,73","419,40K","0,20%"
"26.04.2016","14,80","14,85","14,88","14,60","722,82K","0,34%"
"25.04.2016","14,75","14,54","14,81","14,53","403,59K","2,08%"
"22.04.2016","14,45","14,28","14,55","14,23","480,32K","1,87%"
"21.04.2016","14,19","14,34","14,40","14,02","535,46K","-0,63%"
"20.04.2016","14,27","14,21","14,31","14,15","280,37K","0,32%"
"19.04.2016","14,23","14,08","14,27","13,97","363,29K","1,64%"
"18.04.2016","14,00","13,92","14,07","13,78","310,26K","0,00%"
"15.04.2016","14,00","14,16","14,16","13,98","965,42K","-1,06%"
"14.04.2016","14,15","14,34","14,39","14,13","643,01K","-0,91%"
"13.04.2016","14,28","14,36","14,60","14,23","1,10M","1,28%"
"12.04.2016","14,10","14,05","14,13","13,92","808,05K","0,36%"
"11.04.2016","14,05","13,89","14,20","13,79","904,89K","0,46%"
"08.04.2016","13,98","13,61","13,98","13,61","1,34M","2,45%"
"07.04.2016","13,65","13,94","13,97","13,53","1,18M","-1,30%"
"06.04.2016","13,83","13,67","13,89","13,56","395,81K","0,95%"
"05.04.2016","13,70","13,79","13,82","13,40","1,41M","-1,65%"
"04.04.2016","13,93","14,00","14,13","13,89","526,91K","-0,71%"
"01.04.2016","14,03","13,97","14,06","13,85","342,17K","-0,14%"
"31.03.2016","14,05","14,39","14,40","13,95","619,76K","-2,43%"
"30.03.2016","14,40","14,06","14,44","14,06","687,06K","3,30%"
"29.03.2016","13,94","13,89","14,02","13,69","417,10K","0,58%"
"24.03.2016","13,86","13,83","13,94","13,81","531,86K","-0,25%"
"23.03.2016","13,90","13,80","13,97","13,76","403,29K","0,87%"
"22.03.2016","13,77","14,10","14,10","13,74","1,04M","-2,30%"
"21.03.2016","14,10","14,31","14,31","14,05","447,30K","-1,43%"
"18.03.2016","14,31","14,30","14,60","14,16","607,25K","0,74%"
"17.03.2016","14,20","14,41","14,43","14,01","561,21K","-0,56%"
"16.03.2016","14,28","14,57","14,60","14,28","917,61K","-1,89%"
"15.03.2016","14,56","14,85","14,94","14,53","385,73K","-1,85%"
"14.03.2016","14,83","14,78","15,10","14,76","247,42K","1,30%"
"11.03.2016","14,64","14,81","14,99","14,64","1,42M","0,07%"
"10.03.2016","14,63","14,75","15,60","14,51","985,47K","-0,37%"
"09.03.2016","14,69","14,64","14,88","14,62","346,44K","0,20%"
"08.03.2016","14,65","14,57","14,89","14,57","391,79K","0,00%"
"07.03.2016","14,65","14,69","14,96","14,65","493,67K","-0,61%"
"04.03.2016","14,74","14,82","14,96","14,63","715,25K","-0,03%"
"03.03.2016","14,75","14,95","15,07","14,72","687,67K","-0,97%"
"02.03.2016","14,90","15,19","15,37","14,84","296,68K","-1,75%"
"01.03.2016","15,16","14,81","15,22","14,77","897,55K","2,64%"
"29.02.2016","14,77","14,98","15,08","14,72","447,67K","-2,19%"
"26.02.2016","15,10","15,10","15,40","15,02","421,84K","0,73%"
"25.02.2016","14,99","14,80","15,05","14,72","1,18M","2,29%"
"24.02.2016","14,65","14,93","14,93","14,56","418,57K","-1,78%"
"23.02.2016","14,92","14,96","15,10","14,73","304,00K","-0,33%"
"22.02.2016","14,97","14,62","15,19","14,61","608,92K","3,56%"
"19.02.2016","14,45","14,23","14,49","14,09","1,36M","2,30%"
"18.02.2016","14,13","13,86","14,20","13,64","534,34K","2,06%"
"17.02.2016","13,85","13,75","14,06","13,69","1,86M","1,02%"
"16.02.2016","13,70","13,85","13,97","13,60","498,30K","-0,62%"
"15.02.2016","13,79","13,77","13,89","13,57","576,10K","2,68%"
"12.02.2016","13,43","13,75","13,75","13,23","1,36M","-0,92%"
"11.02.2016","13,56","13,72","13,77","13,35","1,79M","-2,34%"
"10.02.2016","13,88","13,85","14,10","13,73","501,56K","0,40%"
"09.02.2016","13,82","14,34","14,35","13,59","1,32M","-3,66%"
"08.02.2016","14,35","15,30","15,35","14,35","745,61K","-6,39%"
"05.02.2016","15,33","15,84","15,90","15,31","313,93K","-2,51%"
"04.02.2016","15,73","15,90","15,93","15,67","253,90K","-0,16%"
"03.02.2016","15,75","16,01","16,03","15,68","494,37K","-1,38%"
"02.02.2016","15,97","16,08","16,30","15,85","535,82K","-0,68%"
"01.02.2016","16,08","15,90","16,32","15,90","640,29K","1,42%"
"29.01.2016","15,85","15,94","16,04","15,65","714,11K","1,28%"
"28.01.2016","15,65","15,74","15,99","15,56","362,25K","-1,14%"
"27.01.2016","15,84","15,81","15,89","15,69","325,47K","-0,06%"
"26.01.2016","15,85","15,69","15,90","15,52","898,64K","-0,75%"
"25.01.2016","15,97","16,00","16,24","15,82","323,10K","0,35%"
"22.01.2016","15,91","15,85","16,11","15,81","1,44M","2,05%"
"21.01.2016","15,59","15,52","15,66","15,34","864,12K","0,52%"
"20.01.2016","15,51","15,92","16,07","15,37","1,66M","-3,69%"
"19.01.2016","16,10","16,30","16,30","16,03","294,59K","0,66%"
"18.01.2016","16,00","15,95","16,22","15,94","918,93K","-0,62%"
"15.01.2016","16,10","16,17","16,42","15,94","617,39K","-0,25%"
"14.01.2016","16,14","16,42","16,42","16,08","1,50M","-1,94%"
"13.01.2016","16,46","16,50","16,66","16,33","472,84K","-0,06%"
"12.01.2016","16,47","16,42","16,51","16,33","1,05M","0,46%"
"11.01.2016","16,40","16,45","16,60","16,29","1,26M","-0,70%"
"08.01.2016","16,51","16,86","17,04","16,51","798,41K","-2,48%"
"07.01.2016","16,93","16,64","16,93","16,37","580,19K","0,18%"
"06.01.2016","16,90","16,98","17,15","16,83","1,45M","-1,17%"
"05.01.2016","17,10","17,20","17,21","16,97","698,00K","-0,18%"
"04.01.2016","17,13","17,16","17,16","16,94","1,63M","-0,64%"
"31.12.2015","17,24","17,09","17,50","16,88","148,25K","1,35%"
"30.12.2015","17,01","17,03","17,05","16,88","2,50M","0,06%"
"29.12.2015","17,00","16,85","17,02","16,77","2,36M","1,43%"
"28.12.2015","16,76","16,65","16,77","16,54","1,46M","1,15%"
"24.12.2015","16,57","16,70","16,80","16,50","105,48K","-1,54%"
"23.12.2015","16,83","16,42","16,86","16,42","1,38M","3,16%"
"22.12.2015","16,32","16,41","16,41","16,17","1,51M","0,00%"
"21.12.2015","16,32","16,63","16,66","16,28","707,68K","-2,86%"
"18.12.2015","16,80","16,57","16,80","16,26","2,68M","0,30%"
"17.12.2015","16,75","16,88","17,02","16,73","693,64K","0,48%"
"16.12.2015","16,67","16,81","16,81","16,48","478,39K","-0,12%"
"15.12.2015","16,69","16,36","16,84","16,24","629,40K","2,83%"
"14.12.2015","16,23","16,30","16,47","16,14","577,23K","0,19%"
"11.12.2015","16,20","16,61","16,72","16,15","2,61M","-4,76%"
"10.12.2015","17,01","17,05","17,10","16,80","670,52K","-0,70%"
"09.12.2015","17,13","17,00","17,22","16,91","1,34M","1,06%"
"08.12.2015","16,95","17,12","17,19","16,81","493,35K","-0,99%"
"07.12.2015","17,12","17,02","17,29","17,00","631,75K","0,88%"
"04.12.2015","16,97","16,79","17,00","16,72","757,55K","0,18%"
"03.12.2015","16,94","16,85","17,12","16,68","815,72K","0,62%"
"02.12.2015","16,83","17,25","17,35","16,80","787,82K","-1,98%"
"01.12.2015","17,17","17,17","17,20","16,88","629,12K","-0,12%"
"30.11.2015","17,19","16,74","17,23","16,70","3,88M","3,09%"
"27.11.2015","16,68","16,58","16,83","16,34","3,45M","0,42%"
"26.11.2015","16,61","16,10","16,61","16,10","706,95K","3,30%"
"25.11.2015","16,08","15,85","16,10","15,61","1,39M","1,77%"
"24.11.2015","15,80","15,88","15,95","15,73","633,27K","-0,85%"
"23.11.2015","15,94","15,88","15,99","15,80","562,37K","0,66%"
"20.11.2015","15,83","15,90","15,98","15,81","442,69K","-0,69%"
"19.11.2015","15,94","15,98","16,00","15,85","666,11K","0,00%"
"18.11.2015","15,94","15,78","16,00","15,78","622,57K","0,57%"
"17.11.2015","15,85","15,99","16,07","15,77","678,91K","-0,31%"
"16.11.2015","15,90","15,61","15,96","15,61","380,21K","0,89%"
"13.11.2015","15,76","15,62","15,85","15,56","931,35K","0,38%"
"12.11.2015","15,70","15,78","16,06","15,66","308,05K","-1,41%"
"11.11.2015","15,93","15,90","16,11","15,87","294,63K","0,00%"
"10.11.2015","15,93","15,73","16,03","15,59","438,66K","1,63%"
"09.11.2015","15,67","15,88","15,88","15,57","1,06M","-1,14%"
"06.11.2015","15,85","16,04","16,05","15,69","428,64K","-1,18%"
"05.11.2015","16,04","15,85","16,10","15,78","532,25K","1,52%"
"04.11.2015","15,80","15,82","15,90","15,60","490,08K","0,19%"
"03.11.2015","15,77","15,62","15,89","15,62","862,45K","0,29%"
"02.11.2015","15,73","15,72","15,78","15,55","567,01K","-0,35%"
"30.10.2015","15,78","15,87","15,87","15,62","1,40M","-0,32%"
"29.10.2015","15,83","15,65","15,88","15,62","447,77K","1,80%"
"28.10.2015","15,55","15,50","15,75","15,45","1,48M","0,32%"
"27.10.2015","15,50","15,47","15,51","15,27","394,62K","0,26%"
"26.10.2015","15,46","15,52","15,58","15,25","916,28K","-0,87%"
"23.10.2015","15,60","15,32","15,60","15,00","1,37M","2,60%"
"22.10.2015","15,20","15,00","15,31","14,95","908,82K","1,06%"
"21.10.2015","15,04","15,09","15,10","14,88","229,45K","-0,07%"
"20.10.2015","15,05","15,03","15,14","14,98","808,20K","0,33%"
"19.10.2015","15,00","14,96","15,11","14,96","786,04K","0,33%"
"16.10.2015","14,95","14,81","15,13","14,79","396,26K","2,12%"
"15.10.2015","14,64","14,95","14,95","14,44","1,02M","-0,78%"
"14.10.2015","14,76","15,06","15,21","14,53","1,02M","-2,28%"
"13.10.2015","15,10","15,18","15,31","15,08","324,14K","-0,49%"
"12.10.2015","15,18","15,35","15,55","15,18","1,10M","0,07%"
"09.10.2015","15,16","15,88","15,88","15,06","2,94M","-0,88%"
"08.10.2015","15,30","15,13","15,39","15,06","772,98K","1,32%"
"07.10.2015","15,10","15,35","15,46","15,05","1,06M","-1,40%"
"06.10.2015","15,31","15,44","15,56","15,22","421,38K","-1,07%"
"05.10.2015","15,48","15,30","15,57","15,23","343,13K","2,01%"
"02.10.2015","15,18","15,32","15,40","15,17","731,04K","-0,72%"
"01.10.2015","15,28","15,32","15,67","15,27","1,14M","0,56%"
"30.09.2015","15,20","15,20","15,27","15,15","450,53K","0,66%"
"29.09.2015","15,10","15,44","15,48","15,09","1,48M","-3,33%"
"28.09.2015","15,62","15,64","15,79","15,50","743,04K","-0,41%"
"25.09.2015","15,69","15,51","15,85","15,49","314,86K","1,82%"
"24.09.2015","15,40","15,73","15,87","15,17","265,21K","-2,78%"
"23.09.2015","15,85","15,51","15,86","15,39","614,33K","2,49%"
"22.09.2015","15,46","15,66","15,66","15,39","612,55K","-0,90%"
"21.09.2015","15,60","15,49","16,00","15,31","954,96K","0,84%"
"18.09.2015","15,47","15,48","15,62","15,23","935,89K","-0,35%"
"17.09.2015","15,52","15,31","15,66","15,29","376,50K","1,17%"
"16.09.2015","15,35","15,34","15,62","15,11","698,11K","0,39%"
"15.09.2015","15,28","15,40","15,77","15,02","1,35M","0,16%"
"14.09.2015","15,26","15,91","15,95","15,26","668,57K","-3,81%"
"11.09.2015","15,86","15,95","16,10","15,81","319,94K","-0,84%"
"10.09.2015","16,00","15,97","16,13","15,70","586,04K","-0,12%"
"09.09.2015","16,02","15,79","16,19","15,61","1,77M","1,65%"
"08.09.2015","15,76","15,52","15,85","15,41","368,06K","1,68%"
"07.09.2015","15,50","15,43","15,55","15,11","165,46K","0,45%"
"04.09.2015","15,43","15,35","15,49","15,24","206,46K","0,06%"
"03.09.2015","15,42","15,51","15,55","15,20","1,05M","0,13%"
"02.09.2015","15,40","15,45","15,48","15,23","542,66K","-1,00%"
"01.09.2015","15,56","15,62","15,62","15,23","632,33K","-1,80%"
"31.08.2015","15,84","15,46","15,87","15,33","375,53K","2,06%"
"28.08.2015","15,52","15,43","15,58","15,26","1,13M","1,17%"
"27.08.2015","15,34","15,20","15,39","15,02","2,16M","2,27%"
"26.08.2015","15,00","15,07","15,28","14,86","876,40K","-1,57%"
"25.08.2015","15,24","15,07","15,32","14,97","1,10M","2,08%"
"24.08.2015","14,93","15,11","15,24","14,85","320,89K","-3,30%"
"21.08.2015","15,44","15,68","15,85","15,44","365,92K","-2,74%"
"20.08.2015","15,88","16,02","16,13","15,62","686,49K","-1,34%"
"19.08.2015","16,09","16,00","16,19","15,89","276,06K","0,37%"
"18.08.2015","16,03","16,00","16,18","15,81","470,53K","0,19%"
"17.08.2015","16,00","16,17","16,22","15,90","543,17K","-0,74%"
"14.08.2015","16,12","16,03","16,29","15,90","794,84K","0,69%"
"13.08.2015","16,01","16,24","16,34","16,01","620,48K","-0,47%"
"12.08.2015","16,08","16,16","16,38","16,00","797,56K","-1,02%"
"11.08.2015","16,25","16,29","16,35","16,14","501,78K","-0,31%"
"10.08.2015","16,30","16,40","16,49","16,08","883,65K","-0,55%"
"07.08.2015","16,39","16,40","16,58","16,03","1,34M","0,83%"
"06.08.2015","16,25","16,27","16,40","16,07","1,45M","-0,52%"
"05.08.2015","16,34","15,83","16,47","15,60","889,10K","3,75%"
"04.08.2015","15,75","15,40","16,55","15,04","1,56M","4,30%"
"03.08.2015","15,10","15,11","15,14","14,95","907,78K","0,07%"
"31.07.2015","15,09","15,25","15,25","15,03","190,11K","-0,40%"
"30.07.2015","15,15","15,30","15,35","15,13","204,22K","0,00%"
"29.07.2015","15,15","15,14","15,30","15,03","235,96K","0,33%"
"28.07.2015","15,10","15,13","15,34","15,06","393,62K","0,13%"
"27.07.2015","15,08","15,05","15,30","15,01","350,58K","-0,13%"
"24.07.2015","15,10","15,19","15,23","14,95","222,32K","0,13%"
"23.07.2015","15,08","15,20","15,35","15,06","849,33K","-0,79%"
"22.07.2015","15,20","15,31","15,38","15,16","473,00K","-0,33%"
"21.07.2015","15,25","15,45","15,47","15,22","406,42K","-0,97%"
"20.07.2015","15,40","15,39","15,50","15,21","1,04M","0,00%"
"17.07.2015","15,40","15,45","15,53","15,17","692,04K","0,00%"
"16.07.2015","15,40","15,50","15,50","15,23","384,39K","0,72%"
"15.07.2015","15,29","15,30","15,47","15,10","1,11M","0,86%"
"14.07.2015","15,16","15,38","15,38","15,11","1,51M","-1,11%"
"13.07.2015","15,33","15,24","15,45","15,13","487,82K","1,25%"
"10.07.2015","15,14","15,14","15,29","15,05","1,95M","0,93%"
"09.07.2015","15,00","15,00","15,12","14,96","930,50K","-0,66%"
"08.07.2015","15,10","15,20","15,32","15,10","460,35K","0,00%"
"07.07.2015","15,10","15,05","15,45","15,05","438,81K","0,00%"
"06.07.2015","15,10","15,00","15,32","14,95","296,71K","-0,33%"
"03.07.2015","15,15","15,13","15,51","15,13","307,78K","0,33%"
"02.07.2015","15,10","15,80","15,80","15,10","2,78M","-3,51%"
"01.07.2015","15,65","15,31","15,80","15,20","323,86K","3,13%"
"30.06.2015","15,18","15,07","15,39","14,89","625,53K","0,83%"
"29.06.2015","15,05","14,75","15,17","14,53","818,24K","-2,46%"
"26.06.2015","15,43","15,18","15,43","15,10","1,17M","2,19%"
"25.06.2015","15,10","15,07","15,24","15,04","633,56K","0,00%"
"24.06.2015","15,10","15,32","15,35","15,10","914,96K","-1,37%"
"23.06.2015","15,31","15,39","15,50","15,25","283,88K","-0,46%"
"22.06.2015","15,38","15,68","15,85","15,38","412,02K","-0,77%"
"19.06.2015","15,50","15,44","15,72","15,24","158,45K","1,34%"
"18.06.2015","15,30","15,10","15,34","15,10","387,69K","1,29%"
"17.06.2015","15,10","15,39","15,39","15,10","559,13K","-0,98%"
"16.06.2015","15,25","15,60","15,60","15,21","481,00K","-1,71%"
"15.06.2015","15,52","15,35","15,99","15,28","354,82K","1,64%"
"12.06.2015","15,27","15,42","15,65","15,21","805,93K","-1,77%"
"11.06.2015","15,54","15,99","15,99","15,40","333,80K","-0,70%"
"10.06.2015","15,65","15,45","15,94","15,45","468,79K","0,87%"
"09.06.2015","15,52","16,00","16,00","15,47","494,30K","-2,18%"
"08.06.2015","15,86","16,18","16,18","15,40","746,42K","-0,88%"
"05.06.2015","16,00","16,31","16,48","15,76","531,93K","-3,21%"
"04.06.2015","16,53","16,58","16,68","16,37","572,89K","-0,30%"
"03.06.2015","16,58","16,19","16,60","16,19","1,40M","2,98%"
"02.06.2015","16,10","15,83","16,25","15,70","916,67K","1,90%"
"01.06.2015","15,80","15,50","15,85","15,27","422,03K","3,00%"
"29.05.2015","15,34","15,25","15,40","15,20","147,19K","0,59%"
"28.05.2015","15,25","15,25","15,37","15,13","526,25K","0,00%"
"27.05.2015","15,25","15,06","15,44","15,02","668,60K","1,67%"
"26.05.2015","15,00","15,30","15,30","15,00","1,13M","-1,32%"
"25.05.2015","15,20","15,30","15,31","15,05","272,56K","-0,52%"
"22.05.2015","15,28","15,85","15,86","15,28","606,00K","-2,49%"
"21.05.2015","15,67","15,87","15,93","15,60","663,86K","-0,51%"
"20.05.2015","15,75","15,70","15,80","15,52","504,81K","0,32%"
"19.05.2015","15,70","15,45","15,73","15,35","593,75K","2,75%"
"18.05.2015","15,28","15,55","15,60","15,20","743,08K","-0,78%"
"15.05.2015","15,40","15,95","15,99","15,23","441,37K","-2,53%"
"14.05.2015","15,80","15,60","15,95","15,41","1,50M","1,94%"
"13.05.2015","15,50","15,11","15,65","15,11","1,62M","2,65%"
"12.05.2015","15,10","15,03","15,12","15,00","1,89M","0,67%"
"11.05.2015","15,00","15,21","15,35","15,00","2,27M","-1,64%"
"08.05.2015","15,25","15,70","15,70","15,12","4,26M","-1,04%"