"Fecha","Último","Apertura","Máximo","Mínimo","Vol.","% var."
"31.12.2025","5,465","5,420","5,465","5,405","742,25K","0,74%"
"30.12.2025","5,425","5,410","5,435","5,380","949,63K","0,28%"
"29.12.2025","5,410","5,335","5,425","5,325","1,33M","1,69%"
"24.12.2025","5,320","5,320","5,340","5,305","432,31K","0,38%"
"23.12.2025","5,300","5,285","5,330","5,270","1,13M","0,57%"
"22.12.2025","5,270","5,220","5,270","5,185","1,22M","0,96%"
"19.12.2025","5,220","5,235","5,240","5,190","3,76M","-0,29%"
"18.12.2025","5,235","5,210","5,240","5,165","1,64M","0,87%"
"17.12.2025","5,190","5,220","5,255","5,160","1,42M","-0,67%"
"16.12.2025","5,225","5,230","5,265","5,210","2,00M","0,10%"
"15.12.2025","5,220","5,245","5,300","5,220","1,46M","0,19%"
"12.12.2025","5,210","5,185","5,250","5,170","1,37M","0,97%"
"11.12.2025","5,160","5,150","5,170","5,120","1,14M","0,49%"
"10.12.2025","5,135","5,120","5,135","5,095","1,11M","0,29%"
"09.12.2025","5,120","5,145","5,155","5,110","853,44K","-0,10%"
"08.12.2025","5,125","5,210","5,250","5,125","1,01M","-1,91%"
"05.12.2025","5,225","5,265","5,270","5,225","1,28M","-0,38%"
"04.12.2025","5,245","5,245","5,290","5,210","897,26K","0,38%"
"03.12.2025","5,225","5,260","5,285","5,225","986,46K","-0,57%"
"02.12.2025","5,255","5,300","5,315","5,255","889,36K","-0,28%"
"01.12.2025","5,270","5,260","5,290","5,230","1,67M","-0,09%"
"28.11.2025","5,275","5,230","5,290","5,220","1,34M","0,86%"
"27.11.2025","5,230","5,170","5,295","5,165","1,30M","1,06%"
"26.11.2025","5,175","5,140","5,195","5,105","1,01M","1,17%"
"25.11.2025","5,115","5,125","5,140","5,095","1,17M","0,29%"
"24.11.2025","5,100","5,115","5,130","5,075","1,26M","0,29%"
"21.11.2025","5,085","5,110","5,150","5,085","2,10M","-0,88%"
"20.11.2025","5,130","5,195","5,195","5,130","1,59M","-0,39%"
"19.11.2025","5,150","5,160","5,175","5,100","1,62M","-0,10%"
"18.11.2025","5,155","5,200","5,215","5,140","1,48M","-1,15%"
"17.11.2025","5,215","5,290","5,300","5,215","1,20M","-0,95%"
"14.11.2025","5,265","5,490","5,490","5,215","4,44M","-5,56%"
"13.11.2025","5,575","5,580","5,595","5,530","721,33K","0,63%"
"12.11.2025","5,540","5,510","5,570","5,455","1,29M","1,28%"
"11.11.2025","5,470","5,450","5,490","5,430","684,15K","0,83%"
"10.11.2025","5,425","5,465","5,465","5,420","851,48K","0,46%"
"07.11.2025","5,400","5,460","5,460","5,400","603,85K","-0,37%"
"06.11.2025","5,420","5,455","5,455","5,420","526,78K","-0,37%"
"05.11.2025","5,440","5,490","5,490","5,415","879,13K","-0,46%"
"04.11.2025","5,465","5,450","5,480","5,400","732,69K","0,18%"
"03.11.2025","5,455","5,480","5,495","5,445","636,58K","-0,55%"
"31.10.2025","5,485","5,530","5,535","5,470","776,34K","-0,45%"
"30.10.2025","5,510","5,510","5,535","5,470","1,10M","-0,36%"
"29.10.2025","5,530","5,560","5,595","5,510","1,35M","-0,45%"
"28.10.2025","5,555","5,600","5,625","5,555","442,80K","-0,98%"
"27.10.2025","5,610","5,600","5,610","5,540","846,81K","0,36%"
"24.10.2025","5,590","5,650","5,650","5,530","868,66K","-0,97%"
"23.10.2025","5,645","5,620","5,645","5,600","839,39K","0,44%"
"22.10.2025","5,620","5,590","5,635","5,585","963,57K","0,54%"
"21.10.2025","5,590","5,600","5,620","5,530","637,24K","0,18%"
"20.10.2025","5,580","5,595","5,605","5,540","517,69K","0,09%"
"17.10.2025","5,575","5,555","5,585","5,520","857,53K","-0,18%"
"16.10.2025","5,585","5,520","5,590","5,495","580,27K","1,45%"
"15.10.2025","5,505","5,585","5,585","5,480","990,67K","-1,08%"
"14.10.2025","5,565","5,490","5,570","5,485","885,95K","1,27%"
"13.10.2025","5,495","5,445","5,515","5,445","566,94K","1,01%"
"10.10.2025","5,440","5,425","5,495","5,425","689,46K","0,65%"
"09.10.2025","5,405","5,440","5,470","5,405","683,86K","-0,37%"
"08.10.2025","5,425","5,420","5,440","5,390","1,02M","0,46%"
"07.10.2025","5,400","5,405","5,455","5,395","886,72K","-0,18%"
"06.10.2025","5,410","5,500","5,500","5,375","977,53K","-1,64%"
"03.10.2025","5,500","5,540","5,570","5,445","910,36K","-0,45%"
"02.10.2025","5,525","5,570","5,590","5,505","994,83K","-0,54%"
"01.10.2025","5,555","5,550","5,555","5,470","999,36K","0,00%"
"30.09.2025","5,555","5,540","5,555","5,470","772,09K","0,82%"
"29.09.2025","5,510","5,510","5,520","5,425","733,69K","0,09%"
"26.09.2025","5,505","5,520","5,535","5,460","606,33K","1,01%"
"25.09.2025","5,450","5,500","5,550","5,450","1,07M","-1,00%"
"24.09.2025","5,505","5,530","5,530","5,505","547,05K","-0,09%"
"23.09.2025","5,510","5,530","5,565","5,510","491,87K","0,00%"
"22.09.2025","5,510","5,590","5,590","5,505","621,80K","-1,43%"
"19.09.2025","5,590","5,560","5,605","5,555","1,94M","0,27%"
"18.09.2025","5,575","5,590","5,605","5,535","535,01K","0,18%"
"17.09.2025","5,565","5,600","5,600","5,535","440,55K","0,09%"
"16.09.2025","5,560","5,665","5,665","5,550","626,75K","-1,59%"
"15.09.2025","5,650","5,650","5,695","5,620","407,84K","0,27%"
"12.09.2025","5,635","5,650","5,670","5,615","404,16K","-0,27%"
"11.09.2025","5,650","5,650","5,665","5,605","407,26K","0,27%"
"10.09.2025","5,635","5,630","5,680","5,605","1,02M","-0,09%"
"09.09.2025","5,640","5,685","5,705","5,625","424,96K","-0,79%"
"08.09.2025","5,685","5,675","5,735","5,645","778,17K","0,98%"
"05.09.2025","5,630","5,560","5,650","5,555","689,27K","1,08%"
"04.09.2025","5,570","5,560","5,625","5,560","578,08K","0,18%"
"03.09.2025","5,560","5,520","5,575","5,495","883,35K","1,00%"
"02.09.2025","5,505","5,630","5,645","5,490","1,29M","-2,48%"
"01.09.2025","5,645","5,660","5,675","5,635","591,00K","0,18%"
"29.08.2025","5,635","5,700","5,705","5,630","864,04K","-1,05%"
"28.08.2025","5,695","5,770","5,780","5,665","690,72K","-0,87%"
"27.08.2025","5,745","5,730","5,785","5,720","578,29K","-0,26%"
"26.08.2025","5,760","5,800","5,825","5,715","1,43M","-1,20%"
"25.08.2025","5,830","5,845","5,860","5,810","521,04K","-0,51%"
"22.08.2025","5,860","5,750","5,860","5,715","713,15K","1,74%"
"21.08.2025","5,760","5,785","5,790","5,720","571,72K","-0,60%"
"20.08.2025","5,795","5,760","5,795","5,760","470,15K","0,26%"
"19.08.2025","5,780","5,770","5,795","5,765","485,34K","0,00%"
"18.08.2025","5,780","5,780","5,805","5,750","767,14K","0,17%"
"15.08.2025","5,770","5,850","5,850","5,745","642,41K","-0,52%"
"14.08.2025","5,800","5,835","5,835","5,740","960,86K","0,00%"
"13.08.2025","5,800","5,785","5,815","5,780","602,20K","0,26%"
"12.08.2025","5,785","5,885","5,890","5,785","641,57K","-1,36%"
"11.08.2025","5,865","5,970","5,970","5,850","472,89K","-1,01%"
"08.08.2025","5,925","5,880","5,965","5,880","742,98K","1,02%"
"07.08.2025","5,865","5,920","5,940","5,850","993,36K","-0,85%"
"06.08.2025","5,915","5,845","5,915","5,845","902,32K","1,55%"
"05.08.2025","5,825","5,885","5,885","5,825","624,63K","-0,60%"
"04.08.2025","5,860","5,775","5,860","5,765","851,97K","1,91%"
"01.08.2025","5,750","5,790","5,795","5,710","1,12M","-1,29%"
"31.07.2025","5,825","5,870","5,930","5,825","1,31M","-0,68%"
"30.07.2025","5,865","5,800","5,905","5,795","1,22M","1,82%"
"29.07.2025","5,760","5,800","5,825","5,760","1,34M","-0,86%"
"28.07.2025","5,810","5,950","5,950","5,810","1,16M","-0,85%"
"25.07.2025","5,860","6,085","6,095","5,805","2,38M","-3,78%"
"24.07.2025","6,090","6,100","6,135","6,045","1,33M","0,50%"
"23.07.2025","6,060","6,130","6,145","6,045","900,25K","-0,41%"
"22.07.2025","6,085","6,030","6,085","6,020","936,71K","1,16%"
"21.07.2025","6,015","5,920","6,025","5,905","809,71K","2,38%"
"18.07.2025","5,875","5,900","5,920","5,855","874,78K","-0,17%"
"17.07.2025","5,885","5,855","5,910","5,835","718,77K","0,86%"
"16.07.2025","5,835","5,830","5,875","5,815","744,90K","-0,43%"
"15.07.2025","5,860","5,910","5,940","5,845","791,07K","-0,76%"
"14.07.2025","5,905","5,820","5,920","5,820","784,48K","0,77%"
"11.07.2025","5,860","5,910","5,910","5,860","687,44K","-0,76%"
"10.07.2025","5,905","6,025","6,030","5,905","911,47K","-1,91%"
"09.07.2025","6,020","5,890","6,060","5,890","1,20M","2,47%"
"08.07.2025","5,875","5,995","6,000","5,875","686,18K","-1,76%"
"07.07.2025","5,980","5,975","5,995","5,955","643,34K","0,25%"
"04.07.2025","5,965","6,000","6,000","5,930","565,00K","-0,58%"
"03.07.2025","6,000","6,015","6,070","5,985","888,25K","-0,25%"
"02.07.2025","6,015","6,060","6,060","5,955","852,47K","-0,66%"
"01.07.2025","6,055","6,050","6,070","5,985","565,54K","0,75%"
"30.06.2025","6,010","5,915","6,090","5,915","1,67M","1,78%"
"27.06.2025","5,905","5,965","5,965","5,885","737,74K","-0,67%"
"26.06.2025","5,945","5,865","5,965","5,860","620,36K","1,54%"
"25.06.2025","5,855","5,980","5,980","5,850","868,17K","-1,84%"
"24.06.2025","5,965","5,980","6,000","5,945","634,75K","0,59%"
"23.06.2025","5,930","5,840","5,940","5,820","1,01M","0,68%"
"20.06.2025","5,890","5,860","5,955","5,860","2,38M","0,34%"
"19.06.2025","5,870","5,900","5,925","5,860","367,38K","-0,93%"
"18.06.2025","5,925","5,870","5,945","5,855","602,32K","0,94%"
"17.06.2025","5,870","5,710","5,870","5,590","1,28M","-5,02%"
"16.06.2025","6,180","6,165","6,220","6,130","1,05M","0,82%"
"13.06.2025","6,130","6,160","6,200","6,130","1,07M","-1,29%"
"12.06.2025","6,210","6,275","6,275","6,195","694,85K","-0,88%"
"11.06.2025","6,265","6,295","6,340","6,255","1,25M","-0,32%"
"10.06.2025","6,285","6,195","6,300","6,150","1,11M","1,95%"
"09.06.2025","6,165","6,150","6,185","6,120","622,23K","0,90%"
"06.06.2025","6,110","6,120","6,150","6,095","700,84K","0,33%"
"05.06.2025","6,090","6,100","6,165","6,045","873,06K","0,41%"
"04.06.2025","6,065","6,115","6,130","6,060","742,60K","-0,66%"
"03.06.2025","6,105","6,145","6,195","6,105","885,33K","0,00%"
"02.06.2025","6,105","6,200","6,200","6,050","1,13M","-0,41%"
"30.05.2025","6,130","6,100","6,175","6,100","1,75M","0,91%"
"29.05.2025","6,075","6,025","6,085","5,990","587,36K","0,83%"
"28.05.2025","6,025","6,020","6,090","5,990","858,01K","0,92%"
"27.05.2025","5,970","5,975","5,985","5,895","680,76K","0,67%"
"26.05.2025","5,930","5,925","5,970","5,905","475,21K","1,11%"
"23.05.2025","5,865","5,875","5,895","5,735","1,23M","0,43%"
"22.05.2025","5,840","5,920","5,920","5,830","721,96K","-1,68%"
"21.05.2025","5,940","5,960","5,980","5,925","605,06K","-0,67%"
"20.05.2025","5,980","5,980","6,010","5,935","846,49K","0,84%"
"19.05.2025","5,930","5,980","5,990","5,895","1,25M","-0,67%"
"16.05.2025","5,970","5,905","5,970","5,885","1,07M","1,79%"
"15.05.2025","5,865","5,790","5,870","5,740","625,63K","1,56%"
"14.05.2025","5,775","5,770","5,850","5,745","664,29K","0,00%"
"13.05.2025","5,775","5,760","5,835","5,735","733,43K","0,17%"
"12.05.2025","5,765","5,815","5,840","5,665","1,02M","-1,11%"
"09.05.2025","5,830","5,780","5,855","5,765","621,85K","0,52%"
"08.05.2025","5,800","5,800","5,860","5,765","545,16K","-0,09%"
"07.05.2025","5,805","5,840","5,905","5,770","891,49K","-1,36%"
"06.05.2025","5,885","5,830","5,885","5,775","655,78K","1,12%"
"05.05.2025","5,820","5,760","5,825","5,755","581,14K","1,04%"
"02.05.2025","5,760","5,750","5,805","5,715","950,41K","0,96%"
"30.04.2025","5,705","5,690","5,705","5,605","945,18K","0,62%"
"29.04.2025","5,670","5,675","5,745","5,660","582,67K","-0,18%"
"28.04.2025","5,680","5,725","5,725","5,645","666,41K","-0,09%"
"25.04.2025","5,685","5,700","5,725","5,675","523,07K","0,26%"
"24.04.2025","5,670","5,690","5,745","5,670","635,09K","-0,09%"
"23.04.2025","5,675","5,745","5,750","5,660","891,93K","-0,35%"
"22.04.2025","5,695","5,630","5,725","5,615","811,48K","1,52%"
"17.04.2025","5,610","5,535","5,640","5,485","628,37K","1,36%"
"16.04.2025","5,535","5,520","5,570","5,480","843,87K","-0,45%"
"15.04.2025","5,560","5,400","5,560","5,390","756,31K","3,15%"
"14.04.2025","5,390","5,380","5,415","5,320","776,71K","2,08%"
"11.04.2025","5,280","5,210","5,315","5,135","717,38K","1,83%"
"10.04.2025","5,185","5,370","5,385","5,185","1,13M","2,98%"
"09.04.2025","5,035","5,145","5,155","4,984","1,48M","-4,10%"
"08.04.2025","5,250","5,245","5,280","5,095","1,12M","1,25%"
"07.04.2025","5,185","5,215","5,445","5,065","4,16K","-4,16%"
"04.04.2025","5,410","5,630","5,675","5,375","2,17M","-3,74%"
"03.04.2025","5,620","5,425","5,695","5,410","1,87M","3,12%"
"02.04.2025","5,450","5,475","5,520","5,440","1,70K","-0,55%"
"01.04.2025","5,480","5,470","5,560","5,450","863,36K","0,46%"
"31.03.2025","5,455","5,490","5,490","5,405","458,25K","-0,64%"
"28.03.2025","5,490","5,430","5,500","5,420","449,02K","1,67%"
"27.03.2025","5,400","5,410","5,465","5,400","788,80K","-0,74%"
"26.03.2025","5,440","5,395","5,450","5,375","532,94K","-0,37%"
"25.03.2025","5,460","5,470","5,520","5,430","704,55K","1,11%"
"24.03.2025","5,400","5,510","5,540","5,395","519,63K","-1,73%"
"21.03.2025","5,495","5,470","5,510","5,430","790,24K","0,73%"
"20.03.2025","5,455","5,470","5,495","5,435","530,49K","0,09%"
"19.03.2025","5,450","5,395","5,470","5,395","512,56K","0,46%"
"18.03.2025","5,425","5,450","5,455","5,400","497,57K","-0,18%"
"17.03.2025","5,435","5,375","5,435","5,345","1,09M","1,49%"
"14.03.2025","5,355","5,260","5,365","5,260","584,86K","1,81%"
"13.03.2025","5,260","5,270","5,295","5,235","768,16K","-0,28%"
"12.03.2025","5,275","5,300","5,370","5,270","780,70K","-0,38%"
"11.03.2025","5,295","5,345","5,450","5,285","1,29M","-0,84%"
"10.03.2025","5,340","5,390","5,395","5,335","1,01M","0,00%"
"07.03.2025","5,340","5,250","5,350","5,215","982,70K","2,10%"
"06.03.2025","5,230","5,350","5,385","5,155","2,54M","-1,97%"
"05.03.2025","5,335","5,560","5,575","5,335","2,13M","-3,79%"
"04.03.2025","5,545","5,630","5,670","5,515","1,19M","-1,60%"
"03.03.2025","5,635","5,715","5,750","5,635","1,45M","-1,57%"
"28.02.2025","5,725","5,805","5,950","5,620","2,65M","1,33%"
"27.02.2025","5,650","5,640","5,680","5,540","1,06M","0,09%"
"26.02.2025","5,645","5,530","5,645","5,525","1,48M","1,71%"
"25.02.2025","5,550","5,480","5,630","5,480","1,55M","1,09%"
"24.02.2025","5,490","5,560","5,580","5,485","1,72K","-0,90%"
"21.02.2025","5,540","5,465","5,540","5,445","1,04M","1,56%"
"20.02.2025","5,455","5,375","5,490","5,375","7,08K","1,49%"
"19.02.2025","5,375","5,475","5,520","5,365","1,12M","-2,09%"
"18.02.2025","5,490","5,550","5,600","5,490","1,04M","-1,08%"
"17.02.2025","5,550","5,560","5,605","5,530","1,09M","-0,27%"
"14.02.2025","5,565","5,620","5,625","5,565","979,74K","-0,71%"
"13.02.2025","5,605","5,550","5,615","5,500","1,03M","1,72%"
"12.02.2025","5,510","5,490","5,555","5,415","1,40M","1,01%"
"11.02.2025","5,455","5,500","5,500","5,435","509,11K","-0,37%"
"10.02.2025","5,475","5,440","5,500","5,430","626,38K","1,01%"
"07.02.2025","5,420","5,460","5,540","5,400","707,18K","-0,91%"
"06.02.2025","5,470","5,465","5,510","5,450","2,65K","0,09%"
"05.02.2025","5,465","5,415","5,475","5,390","817,78K","1,39%"
"04.02.2025","5,390","5,315","5,390","5,315","779,55K","0,09%"
"03.02.2025","5,385","5,400","5,400","5,295","1,41M","-1,64%"
"31.01.2025","5,475","5,470","5,500","5,410","944,97K","0,09%"
"30.01.2025","5,470","5,300","5,470","5,290","1,56M","3,40%"
"29.01.2025","5,290","5,390","5,390","5,285","737,77K","-1,40%"
"28.01.2025","5,365","5,255","5,390","5,220","1,49M","1,23%"
"27.01.2025","5,300","5,170","5,315","5,120","1,34M","1,63%"
"24.01.2025","5,215","5,255","5,280","5,180","551,25K","-0,38%"
"23.01.2025","5,235","5,235","5,260","5,195","740,85K","0,00%"
"22.01.2025","5,235","5,305","5,305","5,215","654,06K","-1,13%"
"21.01.2025","5,295","5,265","5,295","5,235","758,03K","0,86%"
"20.01.2025","5,250","5,300","5,310","5,245","825,97K","-1,13%"
"17.01.2025","5,310","5,265","5,315","5,260","919,12K","1,05%"
"16.01.2025","5,255","5,240","5,255","5,170","871,45K","0,38%"
"15.01.2025","5,235","5,120","5,290","5,120","1,36M","2,85%"
"14.01.2025","5,090","5,135","5,165","5,060","1,59M","1,88%"
"13.01.2025","4,996","5,090","5,090","4,980","1,33M","-0,38%"
"10.01.2025","5,015","5,155","5,190","5,005","1,69K","-2,62%"
"09.01.2025","5,150","5,140","5,180","5,115","866,20K","-0,29%"
"08.01.2025","5,165","5,175","5,220","5,090","1,29M","-0,19%"
"07.01.2025","5,175","5,175","5,250","5,170","1,01M","0,10%"
"06.01.2025","5,170","5,235","5,240","5,160","887,65K","-0,58%"
"03.01.2025","5,200","5,250","5,260","5,200","780,75K","-0,57%"
"02.01.2025","5,230","5,220","5,250","5,165","918,91K","1,06%"
"31.12.2024","5,175","5,160","5,200","5,155","521,70K","0,19%"
"30.12.2024","5,165","5,180","5,210","5,150","627,77K","-0,19%"
"27.12.2024","5,175","5,150","5,210","5,115","1,10M","0,19%"
"24.12.2024","5,165","5,140","5,165","5,130","265,25K","0,88%"
"23.12.2024","5,120","5,120","5,135","5,085","898,12K","-0,29%"
"20.12.2024","5,135","4,950","5,150","4,930","6,87M","2,91%"
"19.12.2024","4,990","5,080","5,090","4,950","1,84M","-2,92%"
"18.12.2024","5,140","5,115","5,160","5,115","1,02M","0,29%"
"17.12.2024","5,125","5,090","5,170","5,070","1,35M","0,10%"
"16.12.2024","5,120","5,180","5,180","5,095","1,04M","-1,35%"
"13.12.2024","5,190","5,220","5,240","5,170","971,03K","-0,67%"
"12.12.2024","5,225","5,200","5,240","5,170","1,42M","0,48%"
"11.12.2024","5,200","5,250","5,250","5,180","1,20M","-0,76%"
"10.12.2024","5,240","5,295","5,295","5,200","1,47M","-1,13%"
"09.12.2024","5,300","5,480","5,480","5,270","1,70M","-3,20%"
"06.12.2024","5,475","5,380","5,475","5,380","1,12M","1,86%"
"05.12.2024","5,375","5,355","5,445","5,320","865,29K","0,56%"
"04.12.2024","5,345","5,290","5,355","5,290","787,89K","1,14%"
"03.12.2024","5,285","5,280","5,310","5,225","1,11M","-0,47%"
"02.12.2024","5,310","5,425","5,450","5,305","1,32M","-2,75%"
"29.11.2024","5,460","5,470","5,550","5,430","1,19M","-0,64%"
"28.11.2024","5,495","5,485","5,500","5,470","1,06M","-0,09%"
"27.11.2024","5,500","5,455","5,500","5,450","1,62M","0,55%"
"26.11.2024","5,470","5,500","5,510","5,450","1,01M","-1,08%"
"25.11.2024","5,530","5,580","5,600","5,495","1,52M","-0,09%"
"22.11.2024","5,535","5,390","5,545","5,380","1,99M","0,45%"
"21.11.2024","5,510","5,620","5,620","5,495","815,05K","-1,96%"
"20.11.2024","5,620","5,570","5,625","5,520","1,58M","2,55%"
"19.11.2024","5,480","5,535","5,565","5,430","1,02M","0,18%"
"18.11.2024","5,470","5,545","5,580","5,455","1,05M","-0,91%"
"15.11.2024","5,520","5,550","5,590","5,475","1,96M","2,41%"
"14.11.2024","5,390","5,290","5,490","5,290","1,59M","2,28%"
"13.11.2024","5,270","5,280","5,305","5,185","1,70M","1,54%"
"12.11.2024","5,190","5,320","5,365","5,165","3,06M","-5,03%"
"11.11.2024","5,465","5,515","5,530","5,445","817,02K","-0,36%"
"08.11.2024","5,485","5,445","5,500","5,435","666,02K","1,11%"
"07.11.2024","5,425","5,400","5,440","5,370","798,39K","0,56%"
"06.11.2024","5,395","5,580","5,580","5,320","1,92M","-1,91%"
"05.11.2024","5,500","5,450","5,540","5,450","933,52K","0,00%"
"04.11.2024","5,500","5,565","5,605","5,500","916,25K","-1,35%"
"01.11.2024","5,575","5,560","5,625","5,555","985,28K","0,18%"
"31.10.2024","5,565","5,645","5,650","5,555","1,73M","-2,28%"
"30.10.2024","5,695","5,720","5,805","5,670","1,12M","-0,78%"
"29.10.2024","5,740","5,905","5,920","5,740","988,71K","-2,63%"
"28.10.2024","5,895","5,850","5,905","5,835","444,53K","0,77%"
"25.10.2024","5,850","5,850","5,875","5,795","1,07M","-0,34%"
"24.10.2024","5,870","5,865","5,900","5,825","666,51K","0,51%"
"23.10.2024","5,840","5,855","5,875","5,815","735,03K","0,17%"
"22.10.2024","5,830","5,815","5,895","5,760","1,05M","-1,02%"
"21.10.2024","5,890","6,065","6,085","5,875","1,18M","-2,56%"
"18.10.2024","6,045","6,060","6,105","6,030","830,07K","-0,25%"
"17.10.2024","6,060","6,110","6,140","6,050","867,03K","-1,30%"
"16.10.2024","6,140","6,060","6,145","6,050","871,44K","1,24%"
"15.10.2024","6,065","6,060","6,095","6,010","866,50K","0,66%"
"14.10.2024","6,025","6,025","6,055","5,980","867,33K","0,17%"
"11.10.2024","6,015","5,910","6,025","5,900","759,50K","1,95%"
"10.10.2024","5,900","5,955","5,960","5,840","1,06M","-1,09%"
"09.10.2024","5,965","5,955","6,010","5,950","554,76K","0,08%"
"08.10.2024","5,960","5,995","6,025","5,925","1,00M","-1,16%"
"07.10.2024","6,030","6,085","6,085","5,985","854,76K","-0,90%"
"04.10.2024","6,085","6,125","6,140","6,055","1,18M","-0,08%"
"03.10.2024","6,090","6,070","6,185","6,070","647,25K","-0,41%"
"02.10.2024","6,115","6,150","6,150","6,035","1,45M","-1,21%"
"01.10.2024","6,190","6,235","6,255","6,165","1,08M","-0,64%"
"30.09.2024","6,230","6,275","6,275","6,160","1,32M","-1,27%"
"27.09.2024","6,310","6,340","6,385","6,295","785,93K","-0,63%"
"26.09.2024","6,350","6,365","6,395","6,255","867,58K","2,25%"
"25.09.2024","6,210","6,260","6,275","6,185","511,35K","-0,56%"
"24.09.2024","6,245","6,255","6,275","6,135","871,16K","-0,08%"
"23.09.2024","6,250","6,380","6,385","6,205","901,30K","-1,50%"
"20.09.2024","6,345","6,460","6,540","6,345","7,28M","-1,86%"
"19.09.2024","6,465","6,440","6,480","6,410","904,46K","1,33%"
"18.09.2024","6,380","6,350","6,425","6,320","799,62K","0,24%"
"17.09.2024","6,365","6,450","6,470","6,355","947,20K","-1,01%"
"16.09.2024","6,430","6,400","6,465","6,380","1,74M","0,16%"
"13.09.2024","6,420","6,370","6,455","6,320","1,38M","3,22%"
"12.09.2024","6,220","6,200","6,255","6,180","777,62K","1,14%"
"11.09.2024","6,150","6,150","6,180","6,075","988,10K","0,08%"
"10.09.2024","6,145","6,045","6,160","6,035","932,30K","1,91%"
"09.09.2024","6,030","6,010","6,085","5,995","1,10M","0,67%"
"06.09.2024","5,990","6,050","6,115","5,970","1,57M","2,13%"
"05.09.2024","5,865","5,800","5,960","5,800","1,35M","0,43%"
"04.09.2024","5,840","5,780","5,850","5,705","939,66K","0,78%"
"03.09.2024","5,795","5,855","5,855","5,735","812,24K","-0,77%"
"02.09.2024","5,840","5,775","5,880","5,710","999,69K","2,91%"
"30.08.2024","5,675","5,520","5,715","5,520","1,15M","3,09%"
"29.08.2024","5,505","5,610","5,660","5,505","756,52K","-2,05%"
"28.08.2024","5,620","5,640","5,675","5,590","1,07M","0,00%"
"27.08.2024","5,620","5,665","5,695","5,590","806,47K","-1,14%"
"26.08.2024","5,685","5,620","5,700","5,600","555,07K","1,79%"
"23.08.2024","5,585","5,495","5,605","5,480","726,33K","1,09%"
"22.08.2024","5,525","5,500","5,570","5,490","534,43K","0,36%"
"21.08.2024","5,505","5,500","5,550","5,465","546,56K","0,09%"
"20.08.2024","5,500","5,480","5,535","5,450","720,48K","0,27%"
"19.08.2024","5,485","5,430","5,490","5,425","493,77K","1,29%"
"16.08.2024","5,415","5,500","5,500","5,405","638,85K","-1,10%"
"15.08.2024","5,475","5,500","5,500","5,435","435,64K","0,27%"
"14.08.2024","5,460","5,490","5,490","5,410","587,90K","0,65%"
"13.08.2024","5,425","5,370","5,440","5,370","574,17K","1,12%"
"12.08.2024","5,365","5,445","5,455","5,365","488,04K","-0,92%"
"09.08.2024","5,415","5,400","5,485","5,380","632,66K","1,03%"
"08.08.2024","5,360","5,320","5,360","5,245","1,09M","-0,92%"
"07.08.2024","5,410","5,300","5,410","5,295","822,02K","2,85%"
"06.08.2024","5,260","5,190","5,285","5,130","1,36M","1,35%"
"05.08.2024","5,190","5,190","5,260","5,075","1,60M","-3,71%"
"02.08.2024","5,390","5,310","5,425","5,285","1,32M","-0,09%"
"01.08.2024","5,395","5,330","5,460","5,310","1,29M","0,47%"
"31.07.2024","5,370","5,415","5,470","5,365","1,42M","1,90%"
"30.07.2024","5,270","5,200","5,290","5,200","684,22K","1,44%"
"29.07.2024","5,195","5,230","5,265","5,190","628,70K","0,00%"
"26.07.2024","5,195","5,135","5,220","5,130","1,70M","0,87%"
"25.07.2024","5,150","5,110","5,160","5,045","996,94K","0,10%"
"24.07.2024","5,145","5,155","5,175","5,135","948,07K","-0,87%"
"23.07.2024","5,190","5,235","5,265","5,145","1,45M","-1,33%"
"22.07.2024","5,260","5,345","5,355","5,250","952,86K","-0,19%"
"19.07.2024","5,270","5,310","5,340","5,255","1,03M","-1,22%"
"18.07.2024","5,335","5,425","5,425","5,335","634,85K","-0,93%"
"17.07.2024","5,385","5,455","5,455","5,365","842,20K","-0,83%"
"16.07.2024","5,430","5,450","5,495","5,395","606,76K","-1,45%"
"15.07.2024","5,510","5,580","5,580","5,465","538,94K","-1,34%"
"12.07.2024","5,585","5,610","5,620","5,535","728,86K","0,45%"
"11.07.2024","5,560","5,480","5,610","5,425","876,32K","2,11%"
"10.07.2024","5,445","5,435","5,480","5,410","555,85K","0,83%"
"09.07.2024","5,400","5,495","5,520","5,350","1,18M","-1,91%"
"08.07.2024","5,505","5,700","5,710","5,495","1,18M","-3,34%"
"05.07.2024","5,695","5,615","5,695","5,610","1,29M","1,88%"
"04.07.2024","5,590","5,545","5,615","5,530","531,10K","0,27%"
"03.07.2024","5,575","5,525","5,575","5,480","868,75K","1,73%"
"02.07.2024","5,480","5,430","5,505","5,430","742,37K","-0,27%"
"01.07.2024","5,495","5,650","5,670","5,495","967,12K","1,20%"
"28.06.2024","5,430","5,450","5,505","5,405","1,10M","-0,18%"
"27.06.2024","5,440","5,425","5,440","5,400","540,34K","0,55%"
"26.06.2024","5,410","5,490","5,535","5,390","696,50K","-1,10%"
"25.06.2024","5,470","5,560","5,565","5,460","436,30K","-1,53%"
"24.06.2024","5,555","5,560","5,600","5,490","1,78M","0,45%"
"21.06.2024","5,530","5,710","5,710","5,515","1,34M","-3,15%"
"20.06.2024","5,710","5,610","5,710","5,610","968,09K","2,06%"
"19.06.2024","5,595","5,775","5,815","5,565","876,43K","-7,52%"
"18.06.2024","6,050","6,000","6,090","5,960","2,73M","1,60%"
"17.06.2024","5,955","6,020","6,125","5,940","839,37K","-0,92%"
"14.06.2024","6,010","6,155","6,190","5,975","2,28M","-2,51%"
"13.06.2024","6,165","6,180","6,280","6,150","922,44K","-1,12%"
"12.06.2024","6,235","6,045","6,270","6,035","669,22K","3,23%"
"11.06.2024","6,040","6,145","6,155","6,040","1,48M","-2,19%"
"10.06.2024","6,175","6,250","6,255","6,170","927,77K","-1,44%"
"07.06.2024","6,265","6,420","6,425","6,230","1,07M","-2,26%"
"06.06.2024","6,410","6,405","6,440","6,355","1,26M","0,39%"
"05.06.2024","6,385","6,340","6,410","6,335","936,22K","0,87%"
"04.06.2024","6,330","6,270","6,330","6,230","732,61K","0,40%"
"03.06.2024","6,305","6,250","6,310","6,220","742,40K","1,37%"
"31.05.2024","6,220","6,210","6,250","6,170","1,69M","-0,24%"
"30.05.2024","6,235","6,010","6,250","6,010","902,69K","2,72%"
"29.05.2024","6,070","6,170","6,175","6,045","1,18M","-1,70%"
"28.05.2024","6,175","6,160","6,220","6,135","1,10M","0,73%"
"27.05.2024","6,130","6,100","6,155","6,075","445,63K","0,82%"
"24.05.2024","6,080","6,120","6,145","6,020","565,38K","-0,25%"
"23.05.2024","6,095","6,180","6,200","6,095","732,86K","-1,30%"
"22.05.2024","6,175","6,160","6,235","6,090","1,27M","0,24%"
"21.05.2024","6,160","6,200","6,210","6,140","796,70K","-0,48%"
"20.05.2024","6,190","6,215","6,250","6,160","583,23K","-0,16%"
"17.05.2024","6,200","6,430","6,440","6,150","1,57M","-3,13%"
"16.05.2024","6,400","6,190","6,445","6,095","2,38M","4,15%"
"15.05.2024","6,145","5,910","6,180","5,890","2,04M","4,15%"
"14.05.2024","5,900","5,900","6,020","5,880","1,25M","1,37%"
"13.05.2024","5,820","5,775","5,845","5,775","521,25K","0,43%"
"10.05.2024","5,795","5,795","5,875","5,790","649,27K","0,09%"
"09.05.2024","5,790","5,820","5,840","5,760","615,66K","-0,26%"
"08.05.2024","5,805","5,760","5,805","5,735","709,71K","0,69%"
"07.05.2024","5,765","5,700","5,785","5,700","726,81K","1,32%"
"06.05.2024","5,690","5,655","5,715","5,625","933,05K","0,71%"
"03.05.2024","5,650","5,625","5,830","5,605","1,17M","0,62%"
"02.05.2024","5,615","5,460","5,640","5,460","1,16M","2,18%"
"30.04.2024","5,495","5,565","5,580","5,490","1,06M","-1,61%"
"29.04.2024","5,585","5,585","5,600","5,540","642,19K","0,45%"
"26.04.2024","5,560","5,475","5,625","5,475","695,06K","1,92%"
"25.04.2024","5,455","5,480","5,550","5,425","1,00M","-0,64%"
"24.04.2024","5,490","5,535","5,540","5,475","670,90K","-0,81%"
"23.04.2024","5,535","5,525","5,545","5,490","1,02M","0,45%"
"22.04.2024","5,510","5,470","5,530","5,470","1,11M","1,57%"
"19.04.2024","5,425","5,380","5,440","5,310","997,93K","1,40%"
"18.04.2024","5,350","5,335","5,380","5,290","1,38M","0,85%"
"17.04.2024","5,305","5,225","5,365","5,220","818,47K","1,53%"
"16.04.2024","5,225","5,275","5,290","5,190","1,47M","-2,52%"
"15.04.2024","5,360","5,370","5,425","5,350","830,28K","-1,11%"
"12.04.2024","5,420","5,490","5,505","5,410","970,19K","-0,46%"
"11.04.2024","5,445","5,350","5,470","5,325","1,27M","1,59%"
"10.04.2024","5,360","5,455","5,605","5,335","1,81M","-1,92%"
"09.04.2024","5,465","5,380","5,500","5,345","1,51M","1,86%"
"08.04.2024","5,365","5,230","5,380","5,205","1,35M","3,07%"
"05.04.2024","5,205","5,255","5,265","5,180","1,18M","-1,89%"
"04.04.2024","5,305","5,310","5,350","5,280","1,81M","0,19%"
"03.04.2024","5,295","5,270","5,320","5,235","1,21M","0,28%"
"02.04.2024","5,280","5,510","5,510","5,245","1,87M","-3,83%"
"28.03.2024","5,490","5,410","5,510","5,395","1,22M","1,10%"
"27.03.2024","5,430","5,415","5,465","5,375","1,07M","0,28%"
"26.03.2024","5,415","5,380","5,435","5,355","937,14K","0,56%"
"25.03.2024","5,385","5,360","5,400","5,330","1,04M","0,65%"
"22.03.2024","5,350","5,295","5,400","5,290","1,78M","1,81%"
"21.03.2024","5,255","5,280","5,330","5,255","1,26M","0,96%"
"20.03.2024","5,205","5,175","5,230","5,140","1,18M","0,87%"
"19.03.2024","5,160","5,100","5,165","5,100","969,55K","0,78%"
"18.03.2024","5,120","5,100","5,145","5,080","1,35M","-0,10%"
"15.03.2024","5,125","5,095","5,165","5,080","5,32M","0,49%"
"14.03.2024","5,100","5,100","5,165","5,060","1,66M","0,39%"
"13.03.2024","5,080","5,050","5,125","5,050","1,36M","-0,39%"
"12.03.2024","5,100","5,180","5,230","5,100","1,08M","-2,11%"
"11.03.2024","5,210","5,170","5,255","5,160","1,75M","0,39%"
"08.03.2024","5,190","5,070","5,210","5,045","1,51M","2,77%"
"07.03.2024","5,050","5,015","5,125","4,994","2,22M","0,70%"
"06.03.2024","5,015","5,030","5,105","4,996","1,81M","1,07%"
"05.03.2024","4,962","4,946","4,970","4,914","1,55M","1,27%"
"04.03.2024","4,900","4,910","4,948","4,806","1,59M","-0,20%"
"01.03.2024","4,910","5,000","5,055","4,864","2,54M","-2,19%"
"29.02.2024","5,020","5,090","5,140","5,020","1,95M","-0,99%"
"28.02.2024","5,070","5,205","5,205","5,020","28,51M","-2,31%"
"27.02.2024","5,190","5,130","5,225","5,125","1,41M","1,37%"
"26.02.2024","5,120","5,115","5,155","5,080","1,35M","0,00%"
"23.02.2024","5,120","5,150","5,170","5,105","1,06M","-0,58%"
"22.02.2024","5,150","5,150","5,185","5,115","876,97K","0,59%"
"21.02.2024","5,120","5,160","5,205","5,120","1,12M","-0,19%"
"20.02.2024","5,130","5,155","5,170","5,105","836,48K","-0,29%"
"19.02.2024","5,145","5,175","5,235","5,140","794,70K","-0,58%"
"16.02.2024","5,175","5,175","5,220","5,110","1,30M","0,88%"
"15.02.2024","5,130","5,130","5,150","5,060","1,45M","1,28%"
"14.02.2024","5,065","5,100","5,140","5,060","1,09M","-0,30%"
"13.02.2024","5,080","5,210","5,240","5,055","1,08M","-2,59%"
"12.02.2024","5,215","5,220","5,250","5,175","1,06M","1,76%"
"09.02.2024","5,125","5,260","5,280","5,085","1,80M","-2,19%"
"08.02.2024","5,240","5,380","5,385","5,230","1,16M","-1,69%"
"07.02.2024","5,330","5,300","5,405","5,275","1,43M","0,09%"
"06.02.2024","5,325","5,370","5,395","5,295","911,61K","-0,93%"
"05.02.2024","5,375","5,405","5,455","5,360","986,82K","-0,74%"
"02.02.2024","5,415","5,380","5,565","5,365","1,54M","1,59%"
"01.02.2024","5,330","5,545","5,545","5,320","1,66M","-4,74%"
"31.01.2024","5,595","5,645","5,645","5,550","1,62M","-0,53%"
"30.01.2024","5,625","5,650","5,745","5,615","799,38K","-1,66%"
"29.01.2024","5,720","5,740","5,740","5,645","533,68K","-0,44%"
"26.01.2024","5,745","5,740","5,765","5,675","726,41K","0,17%"
"25.01.2024","5,735","5,795","5,800","5,695","876,46K","-1,63%"
"24.01.2024","5,830","5,740","5,870","5,725","1,59M","2,91%"
"23.01.2024","5,665","5,680","5,725","5,635","1,02M","-0,70%"
"22.01.2024","5,705","5,730","5,765","5,665","987,23K","1,06%"
"19.01.2024","5,645","5,675","5,715","5,600","858,14K","-0,27%"
"18.01.2024","5,660","5,670","5,705","5,615","1,16M","-0,53%"
"17.01.2024","5,690","5,755","5,795","5,625","1,62M","-3,31%"
"16.01.2024","5,885","5,880","5,945","5,860","825,81K","-1,26%"
"15.01.2024","5,960","6,000","6,090","5,945","686,69K","-0,67%"
"12.01.2024","6,000","6,065","6,165","5,955","1,28M","0,84%"
"11.01.2024","5,950","6,105","6,145","5,935","1,27M","-2,14%"
"10.01.2024","6,080","6,005","6,155","6,005","1,27M","1,16%"
"09.01.2024","6,010","6,200","6,205","5,985","1,47M","-2,67%"
"08.01.2024","6,175","6,215","6,245","6,090","1,18M","-2,53%"
"05.01.2024","6,335","6,360","6,420","6,285","778,59K","-1,71%"
"04.01.2024","6,445","6,450","6,480","6,405","697,98K","1,10%"
"03.01.2024","6,375","6,530","6,550","6,365","937,57K","-2,07%"
"02.01.2024","6,510","6,505","6,605","6,500","1,01M","-0,61%"
"29.12.2023","6,550","6,610","6,635","6,530","678,84K","-0,83%"
"28.12.2023","6,605","6,650","6,650","6,575","653,68K","0,00%"
"27.12.2023","6,605","6,560","6,625","6,555","602,75K","0,69%"
"22.12.2023","6,560","6,520","6,560","6,515","573,03K","0,38%"
"21.12.2023","6,535","6,510","6,575","6,510","553,14K","-1,06%"
"20.12.2023","6,605","6,480","6,630","6,430","803,55K","1,30%"
"19.12.2023","6,520","6,480","6,580","6,480","1,02M","0,38%"
"18.12.2023","6,495","6,540","6,555","6,460","992,82K","-0,84%"
"15.12.2023","6,550","6,655","6,705","6,550","3,78M","-1,58%"
"14.12.2023","6,655","6,470","6,700","6,470","1,48M","5,55%"
"13.12.2023","6,305","6,225","6,340","6,225","781,59K","1,20%"
"12.12.2023","6,230","6,350","6,380","6,210","1,24M","-2,04%"
"11.12.2023","6,360","6,310","6,385","6,310","735,73K","0,16%"
"08.12.2023","6,350","6,315","6,400","6,285","664,75K","0,47%"
"07.12.2023","6,320","6,290","6,350","6,245","1,15M","-1,25%"
"06.12.2023","6,400","6,315","6,415","6,285","762,37K","1,59%"
"05.12.2023","6,300","6,130","6,345","6,130","1,22M","1,94%"
"04.12.2023","6,180","6,150","6,205","6,125","979,41K","0,49%"
"01.12.2023","6,150","6,035","6,150","5,995","827,23K","1,82%"
"30.11.2023","6,040","6,075","6,105","6,015","2,57M","-0,08%"
"29.11.2023","6,045","5,940","6,085","5,940","919,83K","1,77%"
"28.11.2023","5,940","5,980","5,980","5,850","1,09M","-0,17%"
"27.11.2023","5,950","5,920","5,965","5,890","775,90K","0,85%"
"24.11.2023","5,900","5,880","5,920","5,845","497,24K","0,17%"
"23.11.2023","5,890","5,905","5,940","5,870","705,88K","0,34%"
"22.11.2023","5,870","5,755","5,900","5,750","712,47K","1,38%"
"21.11.2023","5,790","5,980","5,990","5,785","830,75K","-2,93%"
"20.11.2023","5,965","5,920","5,965","5,900","751,23K","0,93%"
"17.11.2023","5,910","5,800","5,950","5,800","1,49M","1,90%"
"16.11.2023","5,800","5,860","5,925","5,790","633,30K","-0,60%"
"15.11.2023","5,835","5,945","5,985","5,835","1,38M","-1,35%"
"14.11.2023","5,915","5,535","5,930","5,520","1,81M","7,55%"
"13.11.2023","5,500","5,480","5,560","5,460","934,81K","0,73%"
"10.11.2023","5,460","5,580","5,580","5,385","1,89M","-3,19%"
"09.11.2023","5,640","5,535","5,685","5,535","725,22K","0,98%"
"08.11.2023","5,585","5,565","5,670","5,550","946,67K","-1,15%"
"07.11.2023","5,650","5,590","5,665","5,585","799,02K","0,62%"
"06.11.2023","5,615","5,760","5,805","5,595","956,96K","-2,77%"
"03.11.2023","5,775","5,695","5,820","5,645","1,08M","2,03%"
"02.11.2023","5,660","5,355","5,690","5,345","1,33M","6,69%"
"01.11.2023","5,305","5,250","5,325","5,230","729,51K","0,28%"
"31.10.2023","5,290","5,135","5,320","5,135","930,45K","2,92%"
"30.10.2023","5,140","5,080","5,210","5,080","794,19K","1,18%"
"27.10.2023","5,080","5,015","5,170","5,015","1,11M","1,68%"
"26.10.2023","4,996","4,970","5,040","4,902","1,11M","-0,38%"
"25.10.2023","5,015","5,140","5,165","4,996","1,39M","-3,00%"
"24.10.2023","5,170","5,125","5,205","5,125","776,34K","0,88%"
"23.10.2023","5,125","5,180","5,210","5,055","1,03M","-1,35%"
"20.10.2023","5,195","5,140","5,240","5,120","1,10M","0,00%"
"19.10.2023","5,195","5,280","5,305","5,195","829,38K","-1,24%"
"18.10.2023","5,260","5,365","5,405","5,260","803,17K","-2,41%"
"17.10.2023","5,390","5,350","5,460","5,350","958,84K","0,09%"
"16.10.2023","5,385","5,275","5,385","5,275","682,49K","1,99%"
"13.10.2023","5,280","5,390","5,415","5,265","883,46K","-2,13%"
"12.10.2023","5,395","5,445","5,500","5,375","1,00M","-0,55%"
"11.10.2023","5,425","5,280","5,445","5,270","1,17M","-0,09%"
"10.10.2023","5,430","5,300","5,460","5,295","1,32M","3,92%"
"09.10.2023","5,225","5,170","5,230","5,150","684,81K","0,19%"
"06.10.2023","5,215","5,180","5,245","5,105","933,93K","1,07%"
"05.10.2023","5,160","5,230","5,230","5,115","933,73K","0,68%"
"04.10.2023","5,125","5,150","5,260","5,090","1,25M","-1,06%"
"03.10.2023","5,180","5,380","5,415","5,140","1,28M","-4,52%"
"02.10.2023","5,425","5,330","5,495","5,330","1,16M","0,84%"
"29.09.2023","5,380","5,280","5,470","5,280","1,12M","1,99%"
"28.09.2023","5,275","5,270","5,315","5,210","972,67K","0,57%"
"27.09.2023","5,245","5,380","5,395","5,235","877,52K","-2,33%"
"26.09.2023","5,370","5,370","5,405","5,320","1,07M","-0,65%"
"25.09.2023","5,405","5,450","5,455","5,350","624,36K","-1,19%"
"22.09.2023","5,470","5,465","5,515","5,415","826,82K","-0,55%"
"21.09.2023","5,500","5,530","5,570","5,465","962,27K","-2,22%"
"20.09.2023","5,625","5,500","5,700","5,500","791,23K","1,90%"
"19.09.2023","5,520","5,400","5,550","5,380","744,87K","1,75%"
"18.09.2023","5,425","5,515","5,560","5,420","899,22K","-2,43%"
"15.09.2023","5,560","5,750","5,755","5,545","7,49M","-2,88%"
"14.09.2023","5,725","5,530","5,725","5,470","1,12M","3,25%"
"13.09.2023","5,545","5,500","5,590","5,430","890,21K","0,82%"
"12.09.2023","5,500","5,660","5,665","5,475","682,09K","-2,91%"
"11.09.2023","5,665","5,565","5,670","5,560","923,02K","1,98%"
"08.09.2023","5,555","5,570","5,580","5,490","660,29K","0,82%"
"07.09.2023","5,510","5,440","5,530","5,430","726,43K","0,00%"
"06.09.2023","5,510","5,460","5,575","5,460","530,77K","0,36%"
"05.09.2023","5,490","5,460","5,545","5,420","1,18M","0,00%"
"04.09.2023","5,490","5,580","5,580","5,480","571,06K","-0,63%"
"01.09.2023","5,525","5,610","5,620","5,520","593,29K","-1,52%"
"31.08.2023","5,610","5,485","5,635","5,485","1,45M","1,17%"
"30.08.2023","5,545","5,570","5,635","5,540","700,63K","-0,18%"
"29.08.2023","5,555","5,520","5,585","5,475","1,01M","0,63%"
"28.08.2023","5,520","5,320","5,520","5,320","119,42K","4,05%"
"25.08.2023","5,305","5,330","5,360","5,295","579,93K","-1,03%"
"24.08.2023","5,360","5,405","5,495","5,350","932,10K","0,09%"
"23.08.2023","5,355","5,250","5,390","5,250","670,68K","1,42%"
"22.08.2023","5,280","5,180","5,290","5,165","945,20K","2,82%"
"21.08.2023","5,135","5,280","5,380","5,130","1,08M","-2,65%"
"18.08.2023","5,275","5,350","5,375","5,255","866,19K","-1,95%"
"17.08.2023","5,380","5,430","5,455","5,370","688,56K","-1,10%"
"16.08.2023","5,440","5,400","5,460","5,400","659,36K","0,00%"
"15.08.2023","5,440","5,500","5,510","5,390","709,80K","-1,54%"
"14.08.2023","5,525","5,565","5,565","5,495","520,06K","-0,72%"
"11.08.2023","5,565","5,715","5,715","5,565","524,69K","-1,68%"
"10.08.2023","5,660","5,600","5,760","5,600","1,22M","0,27%"
"09.08.2023","5,645","5,720","5,720","5,620","597,92K","0,09%"
"08.08.2023","5,640","5,560","5,710","5,560","714,45K","-0,70%"
"07.08.2023","5,680","5,660","5,690","5,640","586,34K","-0,09%"
"04.08.2023","5,685","5,635","5,690","5,560","681,98K","1,34%"
"03.08.2023","5,610","5,595","5,670","5,565","819,90K","-0,27%"
"02.08.2023","5,625","5,755","5,795","5,620","874,33K","-3,10%"
"01.08.2023","5,805","5,820","5,860","5,805","792,56K","-1,11%"
"31.07.2023","5,870","5,835","5,900","5,740","1,03M","0,17%"
"28.07.2023","5,860","5,850","5,880","5,710","1,26M","1,12%"
"27.07.2023","5,795","5,870","5,885","5,760","1,03M","-0,34%"
"26.07.2023","5,815","5,735","5,825","5,705","657,90K","0,95%"
"25.07.2023","5,760","5,730","5,770","5,705","672,38K","0,70%"
"24.07.2023","5,720","5,685","5,825","5,685","922,67K","-0,95%"
"21.07.2023","5,775","5,750","5,790","5,730","967,76K","0,17%"
"20.07.2023","5,765","5,740","5,865","5,740","1,13M","0,09%"
"19.07.2023","5,760","5,475","5,795","5,475","1,69M","5,40%"
"18.07.2023","5,465","5,455","5,490","5,365","703,67K","0,55%"
"17.07.2023","5,435","5,440","5,505","5,420","962,82K","-0,46%"
"14.07.2023","5,460","5,560","5,560","5,440","674,41K","-1,44%"
"13.07.2023","5,540","5,570","5,585","5,530","982,87K","-0,09%"
"12.07.2023","5,545","5,445","5,590","5,420","1,11M","2,12%"
"11.07.2023","5,430","5,390","5,430","5,325","1,31M","2,26%"
"10.07.2023","5,310","5,300","5,385","5,270","796,27K","-0,09%"
"07.07.2023","5,315","5,275","5,330","5,245","1,08M","0,95%"
"06.07.2023","5,265","5,435","5,450","5,255","1,14M","-4,10%"
"05.07.2023","5,490","5,535","5,540","5,445","999,23K","-1,61%"
"04.07.2023","5,580","5,465","5,610","5,435","987,86K","-0,39%"
"03.07.2023","5,602","5,468","5,602","5,468","914,66K","1,98%"
"30.06.2023","5,493","5,508","5,548","5,463","957,20K","0,54%"
"29.06.2023","5,463","5,543","5,552","5,448","832,56K","-1,69%"
"28.06.2023","5,557","5,369","5,557","5,349","1,04M","2,94%"
"27.06.2023","5,399","5,394","5,434","5,339","847,31K","0,74%"
"26.06.2023","5,359","5,379","5,379","5,310","760,80K","-0,37%"
"23.06.2023","5,379","5,434","5,473","5,379","1,08M","-2,34%"
"22.06.2023","5,508","5,453","5,533","5,439","1,27M","0,18%"
"21.06.2023","5,498","5,543","5,543","5,424","1,07M","-0,36%"
"20.06.2023","5,518","5,528","5,552","5,458","808,41K","-1,07%"
"19.06.2023","5,577","5,642","5,686","5,572","766,72K","-1,92%"
"16.06.2023","5,686","5,652","5,726","5,587","1,96M","1,50%"
"15.06.2023","5,602","5,617","5,652","5,557","1,07M","-1,55%"
"14.06.2023","5,690","5,700","5,780","5,665","957,70K","0,00%"
"13.06.2023","5,690","5,720","5,720","5,570","1,18M","-0,35%"
"12.06.2023","5,710","5,850","5,860","5,695","1,21M","-2,23%"
"09.06.2023","5,840","5,815","5,890","5,765","627,83K","0,34%"
"08.06.2023","5,820","5,810","5,890","5,805","996,51K","-0,09%"
"07.06.2023","5,825","5,755","5,825","5,720","1,01M","1,13%"
"06.06.2023","5,760","5,655","5,760","5,655","841,25K","1,32%"
"05.06.2023","5,685","5,725","5,810","5,670","949,22K","-0,09%"
"02.06.2023","5,690","5,530","5,690","5,505","1,18M","4,12%"
"01.06.2023","5,465","5,500","5,500","5,415","876,85K","-0,18%"
"31.05.2023","5,475","5,405","5,500","5,370","1,66M","-0,45%"
"30.05.2023","5,500","5,500","5,555","5,465","870,45K","0,64%"
"29.05.2023","5,465","5,500","5,520","5,450","534,59K","0,55%"
"26.05.2023","5,435","5,470","5,505","5,435","758,00K","-0,18%"
"25.05.2023","5,445","5,530","5,550","5,440","954,72K","-1,45%"
"24.05.2023","5,525","5,575","5,645","5,525","1,22M","-2,21%"
"23.05.2023","5,650","5,545","5,675","5,545","1,03M","2,36%"
"22.05.2023","5,520","5,500","5,540","5,475","663,70K","0,36%"
"19.05.2023","5,500","5,500","5,520","5,435","923,49K","1,10%"
"18.05.2023","5,440","5,480","5,570","5,415","770,97K","-1,18%"
"17.05.2023","5,505","5,590","5,590","5,435","1,14M","-0,81%"
"16.05.2023","5,550","5,430","5,580","5,430","1,08M","1,19%"
"15.05.2023","5,485","5,520","5,520","5,430","1,01M","0,92%"
"12.05.2023","5,435","5,560","5,575","5,435","825,97K","-3,12%"
"11.05.2023","5,610","5,555","5,635","5,550","958,96K","0,54%"
"10.05.2023","5,580","5,575","5,640","5,540","1,23M","-0,27%"
"09.05.2023","5,595","5,685","5,685","5,540","944,23K","-1,50%"
"08.05.2023","5,680","5,635","5,705","5,635","633,31K","-0,26%"
"05.05.2023","5,695","5,725","5,725","5,630","848,61K","1,42%"
"04.05.2023","5,615","5,715","5,715","5,505","867,76K","-0,27%"
"03.05.2023","5,630","5,640","5,655","5,580","1,05M","0,18%"
"02.05.2023","5,620","5,800","5,800","5,620","1,19M","-3,02%"
"28.04.2023","5,795","5,750","5,795","5,665","1,35M","1,31%"
"27.04.2023","5,720","5,615","5,735","5,615","778,47K","1,06%"
"26.04.2023","5,660","5,605","5,670","5,550","1,60M","1,71%"
"25.04.2023","5,565","5,600","5,610","5,515","954,65K","-1,24%"
"24.04.2023","5,635","5,675","5,710","5,630","1,33M","-1,40%"
"21.04.2023","5,715","5,700","5,730","5,655","1,19M","0,09%"
"20.04.2023","5,710","5,800","5,825","5,690","925,51K","-1,21%"
"19.04.2023","5,780","5,845","5,865","5,680","1,47M","-1,95%"
"18.04.2023","5,895","5,940","5,945","5,875","804,86K","-0,25%"
"17.04.2023","5,910","5,925","5,925","5,845","1,30M","-0,17%"
"14.04.2023","5,920","5,900","5,995","5,855","1,47M","1,46%"
"13.04.2023","5,835","5,885","5,915","5,765","1,31M","-0,26%"
"12.04.2023","5,850","5,780","5,910","5,780","1,32M","1,39%"
"11.04.2023","5,770","5,800","5,840","5,735","948,79K","0,09%"
"06.04.2023","5,765","5,675","5,765","5,625","850,43K","2,58%"
"05.04.2023","5,620","5,800","5,800","5,605","1,19M","-3,10%"
"04.04.2023","5,800","5,860","5,890","5,795","1,08M","-0,34%"
"03.04.2023","5,820","5,885","5,910","5,765","1,21M","-0,09%"
"31.03.2023","5,825","5,905","5,920","5,775","1,62M","-1,02%"
"30.03.2023","5,885","5,745","5,925","5,745","959,86K","3,43%"
"29.03.2023","5,690","5,550","5,725","5,535","1,12M","2,71%"
"28.03.2023","5,540","5,715","5,795","5,535","2,07M","-1,77%"
"27.03.2023","5,640","5,655","5,670","5,570","1,22M","0,98%"
"24.03.2023","5,585","5,665","5,730","5,475","1,84M","-2,10%"
"23.03.2023","5,705","5,750","5,795","5,655","1,12M","-0,61%"
"22.03.2023","5,740","5,945","5,945","5,740","1,11M","-3,53%"
"21.03.2023","5,950","6,000","6,010","5,940","988,06K","0,17%"
"20.03.2023","5,940","5,760","5,960","5,705","1,20M","2,24%"
"17.03.2023","5,810","5,890","5,945","5,735","2,59M","-0,77%"
"16.03.2023","5,855","6,040","6,040","5,730","1,97M","-1,51%"
"15.03.2023","5,945","6,125","6,125","5,885","1,58M","-3,02%"
"14.03.2023","6,130","6,040","6,255","6,030","1,31M","2,51%"
"13.03.2023","5,980","6,060","6,060","5,840","1,58M","-1,08%"
"10.03.2023","6,045","6,050","6,105","6,000","1,23M","-1,31%"
"09.03.2023","6,125","6,325","6,325","6,105","1,24M","-3,54%"
"08.03.2023","6,350","6,450","6,450","6,340","801,32K","-1,78%"
"07.03.2023","6,465","6,635","6,655","6,460","1,71M","-2,56%"
"06.03.2023","6,635","6,635","6,670","6,550","844,88K","0,76%"
"03.03.2023","6,585","6,555","6,615","6,530","815,05K","0,84%"
"02.03.2023","6,530","6,450","6,560","6,395","1,21M","1,24%"
"01.03.2023","6,450","6,780","6,780","6,340","2,34M","-5,01%"
"28.02.2023","6,790","6,750","6,815","6,715","956,48K","0,15%"
"27.02.2023","6,780","6,710","6,815","6,680","724,69K","2,11%"
"24.02.2023","6,640","6,715","6,780","6,640","810,37K","-1,48%"
"23.02.2023","6,740","6,645","6,740","6,555","869,13K","3,14%"
"22.02.2023","6,535","6,700","6,700","6,520","797,61K","-2,24%"
"21.02.2023","6,685","6,800","6,825","6,675","645,84K","-2,05%"
"20.02.2023","6,825","6,875","6,880","6,805","1,36M","-0,73%"
"17.02.2023","6,875","6,700","6,875","6,690","1,26M","1,63%"
"16.02.2023","6,765","6,755","6,820","6,665","893,89K","0,67%"
"15.02.2023","6,720","6,750","6,760","6,650","824,91K","-0,44%"
"14.02.2023","6,750","6,750","6,875","6,750","1,01M","-0,59%"
"13.02.2023","6,790","6,695","6,790","6,635","782,66K","1,80%"
"10.02.2023","6,670","6,875","6,875","6,670","1,07M","-2,77%"
"09.02.2023","6,860","6,900","6,975","6,830","846,88K","-0,80%"
"08.02.2023","6,915","6,835","7,010","6,830","910,70K","1,47%"
"07.02.2023","6,815","6,785","6,840","6,730","981,06K","0,07%"
"06.02.2023","6,810","6,900","6,900","6,680","1,33M","-1,66%"
"03.02.2023","6,925","6,895","6,955","6,840","1,50M","0,14%"
"02.02.2023","6,915","6,725","6,920","6,685","1,77M","3,75%"
"01.02.2023","6,665","6,720","6,790","6,640","899,07K","-0,22%"
"31.01.2023","6,680","6,645","6,730","6,575","1,08M","-0,82%"
"30.01.2023","6,735","6,775","6,775","6,670","648,94K","-0,07%"
"27.01.2023","6,740","6,685","6,770","6,685","840,40K","1,20%"
"26.01.2023","6,660","6,750","6,750","6,630","876,07K","-0,22%"
"25.01.2023","6,675","6,575","6,680","6,545","1,00M","0,75%"
"24.01.2023","6,625","6,680","6,680","6,510","852,14K","0,53%"
"23.01.2023","6,590","6,585","6,590","6,465","769,65K","2,25%"
"20.01.2023","6,445","6,485","6,515","6,420","953,61K","-0,62%"
"19.01.2023","6,485","6,635","6,645","6,455","1,16M","-2,55%"
"18.01.2023","6,655","6,830","6,830","6,655","1,24M","-2,13%"
"17.01.2023","6,800","6,785","6,830","6,685","1,34M","0,67%"
"16.01.2023","6,755","6,635","6,805","6,630","840,94K","2,50%"
"13.01.2023","6,590","6,585","6,665","6,560","865,65K","-0,53%"
"12.01.2023","6,625","6,510","6,655","6,510","1,42M","0,91%"
"11.01.2023","6,565","6,345","6,570","6,305","1,08M","4,70%"
"10.01.2023","6,270","6,320","6,400","6,270","881,67K","-2,03%"
"09.01.2023","6,400","6,300","6,425","6,255","932,29K","1,27%"
"06.01.2023","6,320","6,285","6,345","6,220","737,59K","0,32%"
"05.01.2023","6,300","6,310","6,460","6,265","1,15M","-1,56%"
"04.01.2023","6,400","6,365","6,430","6,285","799,37K","2,32%"
"03.01.2023","6,255","6,120","6,335","6,120","1,19M","1,54%"
"02.01.2023","6,160","6,100","6,215","6,075","531,54K","2,50%"
"30.12.2022","6,010","6,105","6,120","6,005","731,26K","-1,39%"
"29.12.2022","6,095","6,050","6,110","5,955","695,34K","1,33%"
"28.12.2022","6,015","6,080","6,080","5,930","978,49K","0,75%"
"27.12.2022","5,970","6,045","6,060","5,925","564,35K","-0,08%"
"23.12.2022","5,975","5,925","6,025","5,920","720,09K","0,59%"
"22.12.2022","5,940","5,940","5,995","5,890","962,19K","-0,34%"
"21.12.2022","5,960","5,870","5,980","5,825","1,73M","2,67%"
"20.12.2022","5,805","5,850","5,885","5,685","1,14M","-1,69%"
"19.12.2022","5,905","5,910","5,980","5,885","1,07M","-0,67%"
"16.12.2022","5,945","6,165","6,175","5,780","4,91M","-3,49%"
"15.12.2022","6,160","6,245","6,300","6,115","1,90M","-1,60%"
"14.12.2022","6,260","6,120","6,300","6,070","986,80K","2,45%"
"13.12.2022","6,110","5,985","6,215","5,925","1,65M","2,43%"
"12.12.2022","5,965","5,950","6,025","5,850","1,08M","-0,50%"
"09.12.2022","5,995","5,900","6,015","5,885","1,02M","1,01%"
"08.12.2022","5,935","6,005","6,055","5,880","1,32M","-0,84%"
"07.12.2022","5,985","5,995","6,025","5,935","1,18M","-1,24%"
"06.12.2022","6,060","6,110","6,170","6,035","861,40K","-1,14%"
"05.12.2022","6,130","6,025","6,225","6,025","1,10M","1,32%"
"02.12.2022","6,050","6,050","6,145","5,935","1,18M","1,09%"
"01.12.2022","5,985","5,960","6,075","5,955","1,53M","1,87%"
"30.11.2022","5,875","5,950","6,015","5,795","1,72M","-1,67%"
"29.11.2022","5,975","5,990","6,025","5,880","1,17M","0,00%"
"28.11.2022","5,975","6,005","6,025","5,890","1,20M","-0,75%"
"25.11.2022","6,020","6,080","6,090","5,920","1,36M","-0,33%"
"24.11.2022","6,040","5,850","6,090","5,850","1,16M","3,42%"
"23.11.2022","5,840","5,880","5,890","5,805","907,50K","-0,26%"
"22.11.2022","5,855","5,855","5,925","5,785","1,10M","-0,09%"
"21.11.2022","5,860","5,790","5,860","5,750","1,21M","1,03%"
"18.11.2022","5,800","5,820","5,835","5,710","1,29M","0,69%"
"17.11.2022","5,760","5,840","5,960","5,710","1,61M","1,05%"
"16.11.2022","5,700","5,885","5,890","5,685","1,44M","-3,14%"
"15.11.2022","5,885","5,900","5,930","5,780","1,37M","0,94%"
"14.11.2022","5,830","5,980","5,980","5,770","1,26M","-0,93%"
"11.11.2022","5,885","5,900","6,005","5,780","2,05M","0,94%"
"10.11.2022","5,830","5,550","5,875","5,400","1,73M","6,39%"
"09.11.2022","5,480","5,500","5,515","5,390","1,15M","-0,45%"
"08.11.2022","5,505","5,485","5,530","5,440","1,42M","0,27%"
"07.11.2022","5,490","5,335","5,530","5,330","1,33M","2,43%"
"04.11.2022","5,360","5,270","5,400","5,235","1,22M","2,58%"
"03.11.2022","5,225","5,295","5,300","5,130","1,44M","-2,43%"
"02.11.2022","5,355","5,400","5,410","5,280","2,04M","-0,28%"
"01.11.2022","5,370","5,390","5,490","5,365","1,04M","0,66%"
"31.10.2022","5,335","5,310","5,365","5,245","1,30M","0,66%"
"28.10.2022","5,300","5,360","5,360","5,240","1,25M","-1,03%"
"27.10.2022","5,355","5,095","5,425","5,080","1,45M","2,78%"
"26.10.2022","5,210","5,200","5,270","5,140","1,63M","0,10%"
"25.10.2022","5,205","4,960","5,205","4,960","1,58M","5,02%"
"24.10.2022","4,956","4,900","4,996","4,842","1,03M","2,10%"
"21.10.2022","4,854","4,970","4,994","4,792","1,28M","-1,70%"
"20.10.2022","4,938","4,754","4,988","4,728","959,15K","2,36%"
"19.10.2022","4,824","4,956","4,956","4,816","908,10K","-2,94%"
"18.10.2022","4,970","4,982","5,055","4,934","928,13K","-0,44%"
"17.10.2022","4,992","4,716","5,005","4,716","1,34M","3,48%"
"14.10.2022","4,824","4,846","4,896","4,704","1,75M","2,29%"
"13.10.2022","4,716","4,650","4,844","4,550","1,97M","1,11%"
"12.10.2022","4,664","4,806","4,806","4,644","1,32M","-2,35%"
"11.10.2022","4,776","4,780","4,808","4,722","1,49M","0,00%"
"10.10.2022","4,776","4,850","4,942","4,766","1,32M","-2,09%"
"07.10.2022","4,878","4,952","4,998","4,844","939,52K","-1,73%"
"06.10.2022","4,964","4,990","5,020","4,930","1,54M","1,85%"
"05.10.2022","4,874","5,050","5,160","4,860","1,31M","-5,18%"
"04.10.2022","5,140","5,135","5,185","5,050","1,77M","2,09%"
"03.10.2022","5,035","4,914","5,070","4,862","1,65M","2,01%"
"30.09.2022","4,936","4,786","4,972","4,734","1,99M","3,96%"
"29.09.2022","4,748","4,832","4,854","4,674","2,03M","-2,51%"
"28.09.2022","4,870","4,646","4,870","4,502","2,21M","3,71%"
"27.09.2022","4,696","4,900","4,906","4,696","2,06M","-2,85%"
"26.09.2022","4,834","4,910","5,020","4,788","1,72M","-3,71%"
"23.09.2022","5,020","5,150","5,155","4,952","2,08M","-2,33%"
"22.09.2022","5,140","5,380","5,395","5,125","1,63M","-6,20%"
"21.09.2022","5,480","5,400","5,520","5,390","1,25M","1,11%"
"20.09.2022","5,420","5,750","5,750","5,400","2,08M","-4,49%"
"19.09.2022","5,675","5,730","5,730","5,635","787,86K","-0,44%"
"16.09.2022","5,700","5,580","5,735","5,510","2,50M","1,60%"
"15.09.2022","5,610","5,580","5,625","5,530","952,29K","0,54%"
"14.09.2022","5,580","5,730","5,755","5,555","1,52M","-3,04%"
"13.09.2022","5,755","6,105","6,105","5,750","1,12M","-4,24%"
"12.09.2022","6,010","5,910","6,010","5,815","973,54K","3,26%"
"09.09.2022","5,820","5,680","5,875","5,680","1,16M","1,04%"
"08.09.2022","5,760","5,930","5,930","5,695","1,26M","-1,62%"
"07.09.2022","5,855","5,930","5,930","5,825","702,06K","-0,26%"
"06.09.2022","5,870","5,885","5,960","5,840","732,51K","-0,09%"
"05.09.2022","5,875","5,865","5,915","5,800","653,92K","-0,59%"
"02.09.2022","5,910","5,775","5,930","5,705","1,05M","3,05%"
"01.09.2022","5,735","5,890","5,890","5,730","935,01K","-2,63%"
"31.08.2022","5,890","5,900","5,975","5,880","936,47K","-0,76%"
"30.08.2022","5,935","5,960","6,035","5,915","1,08M","-0,50%"
"29.08.2022","5,965","5,920","6,035","5,920","813,60K","0,25%"
"26.08.2022","5,950","6,170","6,170","5,950","687,56K","-2,14%"
"25.08.2022","6,080","6,090","6,175","6,040","467,60K","-0,25%"
"24.08.2022","6,095","6,100","6,140","6,040","851,98K","-0,81%"
"23.08.2022","6,145","6,130","6,260","6,130","762,77K","-1,52%"
"22.08.2022","6,240","6,200","6,270","6,115","878,71K","-0,79%"
"19.08.2022","6,290","6,385","6,425","6,245","1,03M","-3,08%"
"18.08.2022","6,490","6,455","6,490","6,400","763,01K","1,17%"
"17.08.2022","6,415","6,525","6,610","6,400","888,37K","-3,32%"
"16.08.2022","6,635","6,665","6,685","6,605","579,96K","-0,38%"
"15.08.2022","6,660","6,630","6,680","6,615","557,93K","-0,37%"
"12.08.2022","6,685","6,695","6,700","6,610","469,02K","0,91%"
"11.08.2022","6,625","6,700","6,700","6,600","694,39K","-0,90%"
"10.08.2022","6,685","6,395","6,685","6,390","967,69K","3,64%"
"09.08.2022","6,450","6,575","6,585","6,425","711,76K","-0,77%"
"08.08.2022","6,500","6,400","6,525","6,375","613,16K","1,40%"
"05.08.2022","6,410","6,410","6,540","6,390","1,17M","-1,61%"
"04.08.2022","6,515","6,500","6,590","6,500","799,09K","-0,23%"
"03.08.2022","6,530","6,330","6,555","6,330","854,17K","1,79%"
"02.08.2022","6,415","6,420","6,425","6,295","849,60K","0,86%"
"01.08.2022","6,360","6,450","6,475","6,360","767,66K","-1,62%"
"29.07.2022","6,465","6,290","6,550","6,265","1,32M","3,69%"
"28.07.2022","6,235","6,250","6,285","6,160","985,53K","0,56%"
"27.07.2022","6,200","6,350","6,350","6,135","1,03M","-0,80%"
"26.07.2022","6,250","6,200","6,325","6,200","1,21M","-1,03%"
"25.07.2022","6,315","6,345","6,370","6,255","962,10K","-0,16%"
"22.07.2022","6,325","6,125","6,365","6,110","917,81K","3,43%"
"21.07.2022","6,115","6,100","6,225","6,065","846,58K","-1,29%"
"20.07.2022","6,195","6,215","6,265","6,140","850,87K","-0,08%"
"19.07.2022","6,200","6,100","6,220","6,060","2,33M","1,64%"
"18.07.2022","6,100","6,100","6,135","6,055","1,07M","0,16%"
"15.07.2022","6,090","5,985","6,115","5,935","1,45M","2,18%"
"14.07.2022","5,960","6,060","6,065","5,890","967,48K","-1,49%"
"13.07.2022","6,050","6,100","6,145","5,955","977,68K","0,41%"
"12.07.2022","6,025","6,005","6,060","5,855","2,43M","0,50%"
"11.07.2022","5,995","6,000","6,090","5,935","838,59K","-1,48%"
"08.07.2022","6,085","5,995","6,105","5,975","813,20K","0,75%"
"07.07.2022","6,040","5,920","6,060","5,900","881,86K","2,20%"
"06.07.2022","5,910","5,885","5,970","5,805","1,19M","1,62%"
"05.07.2022","5,816","5,840","5,927","5,762","1,09M","0,08%"
"04.07.2022","5,811","5,976","5,981","5,762","1,29M","-1,72%"
"01.07.2022","5,913","5,932","6,024","5,850","1,10M","-0,25%"
"30.06.2022","5,927","6,044","6,049","5,879","1,63M","-1,69%"
"29.06.2022","6,029","6,214","6,306","6,000","1,70M","-7,24%"
"28.06.2022","6,500","6,408","6,524","6,408","1,07M","1,67%"
"27.06.2022","6,393","6,461","6,461","6,345","925,02K","0,00%"
"24.06.2022","6,393","6,359","6,418","6,233","789,31K","3,21%"
"23.06.2022","6,194","6,340","6,354","6,194","1,50M","-1,85%"
"22.06.2022","6,311","6,199","6,340","6,073","1,01M","1,17%"
"21.06.2022","6,238","6,364","6,408","6,204","1,13M","-1,46%"
"20.06.2022","6,330","6,282","6,418","6,252","900,55K","-0,15%"
"17.06.2022","6,340","6,306","6,476","6,248","2,24M","0,31%"
"16.06.2022","6,320","6,403","6,432","6,214","802,18K","-1,74%"
"15.06.2022","6,432","6,481","6,524","6,364","1,35M","2,08%"
"14.06.2022","6,301","6,476","6,476","6,252","1,01M","-1,29%"
"13.06.2022","6,384","6,714","6,714","6,374","1,01M","-5,94%"
"10.06.2022","6,786","6,918","6,918","6,670","878,20K","-2,71%"
"09.06.2022","6,976","7,165","7,214","6,976","752,25K","-3,56%"
"08.06.2022","7,233","7,437","7,437","7,219","486,25K","-1,91%"
"07.06.2022","7,374","7,282","7,413","7,219","704,16K","1,61%"
"06.06.2022","7,257","7,253","7,301","7,189","585,23K","0,81%"
"03.06.2022","7,199","7,141","7,204","7,121","573,50K","1,23%"
"02.06.2022","7,112","7,306","7,306","7,053","1,07M","-2,33%"
"01.06.2022","7,282","7,490","7,505","7,282","630,52K","-1,90%"
"31.05.2022","7,422","7,471","7,481","7,379","921,16K","-1,80%"
"30.05.2022","7,558","7,699","7,699","7,500","684,49K","-0,57%"
"27.05.2022","7,602","7,573","7,602","7,471","863,16K","0,90%"
"26.05.2022","7,534","7,587","7,587","7,476","522,58K","0,78%"
"25.05.2022","7,476","7,476","7,558","7,413","609,28K","-0,52%"
"24.05.2022","7,515","7,549","7,587","7,490","483,12K","-0,90%"
"23.05.2022","7,583","7,539","7,583","7,427","554,06K","1,69%"
"20.05.2022","7,456","7,442","7,490","7,379","571,71K","0,92%"
"19.05.2022","7,388","7,621","7,621","7,379","745,56K","-2,00%"
"18.05.2022","7,539","7,505","7,680","7,486","772,44K","0,58%"
"17.05.2022","7,495","7,524","7,592","7,447","1,02M","0,26%"
"16.05.2022","7,476","7,539","7,539","7,393","945,96K","0,20%"
"13.05.2022","7,461","7,282","7,461","7,257","1,02M","2,40%"
"12.05.2022","7,286","7,233","7,325","7,165","1,45M","-1,05%"
"11.05.2022","7,364","7,233","7,364","7,233","652,14K","1,34%"
"10.05.2022","7,267","7,398","7,418","7,243","528,16K","-0,40%"
"09.05.2022","7,296","7,345","7,456","7,272","655,68K","-2,02%"
"06.05.2022","7,447","7,534","7,573","7,354","994,28K","-2,23%"
"05.05.2022","7,617","7,689","7,762","7,602","883,41K","0,45%"
"04.05.2022","7,583","7,719","7,719","7,549","674,90K","-1,33%"
"03.05.2022","7,685","7,689","7,762","7,651","909,45K","0,76%"
"02.05.2022","7,626","7,685","7,811","7,587","989,87K","-1,44%"
"29.04.2022","7,738","7,864","7,884","7,694","909,32K","-1,79%"
"28.04.2022","7,879","7,786","7,986","7,786","1,02M","-0,79%"
"27.04.2022","7,942","7,952","8,039","7,903","1,01M","-0,18%"
"26.04.2022","7,956","7,859","8,068","7,850","839,72K","1,05%"
"25.04.2022","7,874","7,840","7,947","7,782","611,27K","-0,25%"
"22.04.2022","7,893","7,966","8,005","7,888","711,36K","-1,93%"
"21.04.2022","8,049","7,942","8,117","7,942","569,59K","0,91%"
"20.04.2022","7,976","7,952","7,995","7,913","1,08M","0,31%"
"19.04.2022","7,952","8,053","8,121","7,913","800,37K","-1,68%"
"14.04.2022","8,087","8,107","8,141","8,039","632,20K","0,30%"
"13.04.2022","8,063","7,864","8,063","7,864","590,35K","1,40%"
"12.04.2022","7,952","8,005","8,063","7,932","814,71K","-1,21%"
"11.04.2022","8,049","7,893","8,102","7,884","669,49K","0,48%"
"08.04.2022","8,010","8,087","8,238","7,986","848,96K","0,24%"
"07.04.2022","7,990","8,005","8,078","7,762","1,03M","1,86%"
"06.04.2022","7,845","8,058","8,107","7,796","1,06M","-3,35%"
"05.04.2022","8,117","8,034","8,131","8,000","951,48K","0,91%"
"04.04.2022","8,044","8,044","8,092","7,956","1,26M","0,30%"
"01.04.2022","8,020","7,956","8,117","7,952","1,33M","0,24%"
"31.03.2022","8,000","8,097","8,146","7,961","808,26K","-1,02%"
"30.03.2022","8,083","8,020","8,141","7,990","1,15M","0,18%"
"29.03.2022","8,068","8,068","8,087","7,888","1,17M","0,12%"
"28.03.2022","8,058","8,058","8,063","7,990","661,61K","0,61%"
"25.03.2022","8,010","7,835","8,039","7,835","931,36K","2,23%"
"24.03.2022","7,835","7,782","7,835","7,680","612,78K","1,25%"
"23.03.2022","7,738","8,044","8,083","7,685","1,78M","-3,51%"
"22.03.2022","8,020","7,845","8,034","7,835","574,48K","2,10%"
"21.03.2022","7,854","7,961","7,961","7,835","596,74K","-0,92%"
"18.03.2022","7,927","8,058","8,058","7,777","1,39M","0,06%"
"17.03.2022","7,922","7,767","7,971","7,767","816,36K","0,18%"
"16.03.2022","7,908","7,913","8,044","7,820","1,25M","1,43%"
"15.03.2022","7,796","7,709","7,854","7,699","1,11M","0,44%"
"14.03.2022","7,762","7,748","7,879","7,631","740,26K","1,14%"
"11.03.2022","7,675","7,476","7,733","7,476","919,87K","2,66%"
"10.03.2022","7,476","7,442","7,583","7,301","1,08M","0,65%"
"09.03.2022","7,427","7,160","7,437","7,136","1,61M","4,44%"
"08.03.2022","7,112","6,971","7,364","6,971","1,21M","1,17%"
"07.03.2022","7,029","7,010","7,083","6,728","1,26M","-0,48%"
"04.03.2022","7,063","7,311","7,384","7,063","1,02M","-3,64%"
"03.03.2022","7,330","7,573","7,665","7,320","901,83K","-3,64%"
"02.03.2022","7,607","7,456","7,670","7,277","1,02M","3,91%"
"01.03.2022","7,320","7,330","7,573","7,291","1,01M","-0,13%"
"28.02.2022","7,330","7,286","7,447","7,233","882,72K","-1,88%"
"25.02.2022","7,471","7,359","7,471","7,219","688,86K","4,34%"
"24.02.2022","7,160","7,136","7,296","6,986","887,03K","-2,19%"
"23.02.2022","7,320","7,325","7,442","7,282","584,96K","0,07%"
"22.02.2022","7,316","7,272","7,403","7,146","638,43K","-0,13%"
"21.02.2022","7,325","7,447","7,476","7,282","457,58K","-1,18%"
"18.02.2022","7,413","7,573","7,587","7,413","625,59K","-1,23%"
"17.02.2022","7,505","7,587","7,587","7,471","585,64K","-0,32%"
"16.02.2022","7,529","7,427","7,573","7,398","465,45K","2,11%"
"15.02.2022","7,374","7,563","7,563","7,223","588,97K","1,47%"
"14.02.2022","7,267","7,476","7,476","7,228","701,08K","-1,96%"
"11.02.2022","7,413","7,534","7,534","7,335","561,81K","-0,72%"
"10.02.2022","7,466","7,354","7,476","7,345","570,98K","2,60%"
"09.02.2022","7,277","7,185","7,291","7,131","681,95K","2,67%"
"08.02.2022","7,087","7,053","7,141","7,010","475,82K","0,41%"
"07.02.2022","7,058","7,282","7,282","7,058","765,30K","-1,76%"
"04.02.2022","7,185","7,452","7,466","7,185","601,12K","-3,71%"
"03.02.2022","7,461","7,500","7,597","7,461","473,39K","-1,47%"
"02.02.2022","7,573","7,558","7,641","7,544","1,04M","-0,06%"
"01.02.2022","7,578","7,660","7,670","7,549","446,96K","-0,45%"
"31.01.2022","7,612","7,714","7,714","7,529","725,26K","0,26%"
"28.01.2022","7,592","7,631","7,631","7,505","496,15K","-0,32%"
"27.01.2022","7,617","7,553","7,680","7,515","523,74K","0,32%"
"26.01.2022","7,592","7,437","7,670","7,437","486,69K","1,56%"
"25.01.2022","7,476","7,505","7,544","7,364","4,24M","-0,06%"
"24.01.2022","7,481","7,864","7,864","7,437","848,25K","-3,93%"
"21.01.2022","7,786","7,854","7,874","7,777","607,00K","-1,53%"
"20.01.2022","7,908","7,884","7,942","7,854","559,63K","-0,49%"
"19.01.2022","7,947","7,796","7,981","7,796","683,66K","0,12%"
"18.01.2022","7,937","7,961","8,010","7,879","658,15K","-1,03%"
"17.01.2022","8,020","8,117","8,121","7,986","644,09K","-0,60%"
"14.01.2022","8,068","7,961","8,131","7,961","499,91K","-0,36%"
"13.01.2022","8,097","8,058","8,160","8,049","343,60K","-0,06%"
"12.01.2022","8,102","8,155","8,209","8,058","469,47K","-0,48%"
"11.01.2022","8,141","8,126","8,155","8,058","594,42K","0,84%"
"10.01.2022","8,073","7,976","8,078","7,922","834,18K","0,60%"
"07.01.2022","8,024","8,223","8,223","7,947","511,69K","-1,67%"
"06.01.2022","8,160","8,097","8,199","8,020","586,52K","-0,06%"
"05.01.2022","8,165","8,165","8,219","8,102","623,77K","-0,24%"
"04.01.2022","8,185","8,141","8,185","8,058","605,03K","1,26%"
"03.01.2022","8,083","8,015","8,087","7,981","622,04K","0,91%"
"30.12.2021","8,010","7,898","8,010","7,898","379,84K","0,73%"
"29.12.2021","7,952","8,000","8,000","7,903","228,64K","-0,12%"
"28.12.2021","7,961","7,942","7,961","7,874","242,66K","0,61%"
"27.12.2021","7,913","7,942","7,971","7,845","301,55K","0,31%"
"23.12.2021","7,888","7,816","7,932","7,816","234,61K","0,43%"
"22.12.2021","7,854","7,859","7,884","7,801","251,34K","0,56%"
"21.12.2021","7,811","7,704","7,845","7,699","330,50K","2,09%"
"20.12.2021","7,651","7,602","7,685","7,573","944,68K","-1,87%"
"17.12.2021","7,796","7,689","7,835","7,675","2,20M","0,75%"
"16.12.2021","7,738","7,762","7,796","7,704","540,37K","0,57%"
"15.12.2021","7,694","7,830","7,830","7,685","422,36K","0,19%"
"14.12.2021","7,680","7,597","7,772","7,597","743,42K","0,57%"
"13.12.2021","7,636","7,971","7,971","7,583","540,91K","-2,30%"
"10.12.2021","7,816","7,655","7,830","7,655","688,62K","1,07%"
"09.12.2021","7,733","7,665","7,845","7,665","744,66K","0,06%"
"08.12.2021","7,728","7,670","7,850","7,636","972,93K","0,44%"
"07.12.2021","7,694","7,806","7,859","7,680","526,66K","0,51%"
"06.12.2021","7,655","7,592","7,689","7,558","407,64K","1,41%"
"03.12.2021","7,549","7,631","7,714","7,544","993,39K","-0,96%"
"02.12.2021","7,621","7,563","7,675","7,558","797,41K","-0,51%"
"01.12.2021","7,660","7,665","7,777","7,524","1,12M","-1,37%"
"30.11.2021","7,767","7,913","7,976","7,767","1,18M","-2,74%"
"29.11.2021","7,986","8,005","8,097","7,947","627,24K","0,73%"
"26.11.2021","7,927","7,961","8,092","7,893","1,01M","-4,00%"
"25.11.2021","8,257","8,117","8,272","8,068","458,06K","1,61%"
"24.11.2021","8,126","7,942","8,151","7,937","570,89K","2,32%"
"23.11.2021","7,942","8,024","8,058","7,937","878,76K","1,05%"
"22.11.2021","7,859","7,796","7,932","7,796","645,89K","0,31%"
"19.11.2021","7,835","7,869","8,010","7,791","911,65K","-1,94%"
"18.11.2021","7,990","8,301","8,301","7,757","1,11M","-1,38%"
"17.11.2021","8,102","8,461","8,461","8,097","530,72K","-2,68%"
"16.11.2021","8,325","8,350","8,437","8,311","504,84K","-0,06%"
"15.11.2021","8,330","8,214","8,403","8,170","558,42K","1,24%"
"12.11.2021","8,228","8,136","8,248","8,117","556,39K","0,71%"
"11.11.2021","8,170","8,155","8,248","8,102","553,04K","-1,00%"
"10.11.2021","8,253","8,311","8,403","8,228","389,33K","-0,82%"
"09.11.2021","8,320","8,316","8,369","8,277","460,16K","-0,06%"
"08.11.2021","8,325","8,427","8,486","8,296","663,01K","-1,15%"
"05.11.2021","8,422","8,253","8,447","8,102","646,75K","2,18%"
"04.11.2021","8,243","8,058","8,272","8,058","609,23K","2,85%"
"03.11.2021","8,015","8,020","8,034","7,893","572,66K","0,06%"
"02.11.2021","8,010","8,228","8,228","8,010","565,11K","-0,72%"
"01.11.2021","8,068","8,097","8,180","7,990","502,46K","-1,19%"
"29.10.2021","8,165","8,253","8,316","8,151","800,96K","-1,98%"
"28.10.2021","8,330","8,185","8,364","8,185","914,72K","1,18%"
"27.10.2021","8,233","8,097","8,291","8,097","501,13K","1,19%"
"26.10.2021","8,136","7,966","8,238","7,937","427,27K","1,58%"
"25.10.2021","8,010","8,223","8,223","8,010","470,59K","-0,78%"
"22.10.2021","8,073","8,180","8,180","8,073","329,22K","-0,18%"
"21.10.2021","8,087","8,097","8,209","8,044","667,13K","0,12%"
"20.10.2021","8,078","8,131","8,204","8,078","875,10K","-1,42%"
"19.10.2021","8,194","8,204","8,219","8,131","585,57K","0,24%"
"18.10.2021","8,175","8,243","8,243","8,097","524,33K","-0,82%"
"15.10.2021","8,243","8,155","8,262","8,126","749,54K","0,47%"
"14.10.2021","8,204","8,121","8,238","8,097","482,86K","1,26%"
"13.10.2021","8,102","8,165","8,170","8,058","654,48K","-0,48%"
"12.10.2021","8,141","7,995","8,189","7,995","679,42K","0,42%"
"11.10.2021","8,107","8,049","8,112","7,990","1,14M","0,30%"
"08.10.2021","8,083","8,097","8,170","8,083","939,66K","-0,89%"
"07.10.2021","8,155","8,209","8,209","8,078","837,73K","0,60%"
"06.10.2021","8,107","8,083","8,131","7,971","759,55K","-0,48%"
"05.10.2021","8,146","8,141","8,189","8,107","587,15K","0,18%"
"04.10.2021","8,131","8,209","8,301","8,131","689,09K","-1,06%"
"01.10.2021","8,219","8,068","8,325","7,699","7,98M","1,01%"
"30.09.2021","8,136","8,277","8,340","8,136","1,09M","-0,59%"
"29.09.2021","8,185","8,267","8,325","8,185","650,76K","-0,35%"
"28.09.2021","8,214","8,587","8,631","8,209","638,41K","-4,19%"
"27.09.2021","8,573","8,539","8,651","8,500","520,74K","1,38%"
"24.09.2021","8,456","8,563","8,607","8,447","325,56K","-1,47%"
"23.09.2021","8,583","8,655","8,670","8,549","571,86K","0,97%"
"22.09.2021","8,500","8,675","8,694","8,500","540,81K","-1,19%"
"21.09.2021","8,602","8,553","8,612","8,345","445,05K","1,61%"
"20.09.2021","8,466","8,447","8,500","8,296","499,67K","-0,23%"
"17.09.2021","8,486","8,495","8,743","8,486","3,10M","0,00%"
"16.09.2021","8,486","8,413","8,641","8,413","865,53K","0,69%"
"15.09.2021","8,427","8,646","8,646","8,427","652,40K","-1,75%"
"14.09.2021","8,578","8,432","8,704","8,432","680,38K","1,14%"
"13.09.2021","8,481","8,194","8,646","8,180","1,02M","3,93%"
"10.09.2021","8,160","8,267","8,287","8,146","1,10M","-1,29%"
"09.09.2021","8,267","8,155","8,330","8,155","989,42K","0,95%"
"08.09.2021","8,189","8,388","8,388","8,189","1,37M","-2,71%"
"07.09.2021","8,418","8,490","8,520","8,296","809,37K","-0,74%"
"06.09.2021","8,481","8,568","8,592","8,466","361,66K","-0,51%"
"03.09.2021","8,524","8,767","8,825","8,524","884,11K","-2,93%"
"02.09.2021","8,782","9,097","9,097","8,782","553,54K","-2,11%"
"01.09.2021","8,971","9,005","9,058","8,956","451,14K","0,82%"
"31.08.2021","8,898","8,990","9,000","8,850","616,24K","-0,33%"
"30.08.2021","8,927","8,966","8,966","8,859","231,45K","0,16%"
"27.08.2021","8,913","8,670","8,956","8,655","392,72K","3,26%"
"26.08.2021","8,631","8,816","8,816","8,597","558,83K","-1,17%"
"25.08.2021","8,733","8,966","8,981","8,733","558,04K","-1,64%"
"24.08.2021","8,879","8,903","8,981","8,845","345,17K","-0,11%"
"23.08.2021","8,888","9,005","9,044","8,888","489,59K","-0,70%"
"20.08.2021","8,952","9,058","9,097","8,908","452,96K","-0,86%"
"19.08.2021","9,029","9,126","9,126","9,010","597,82K","-1,06%"
"18.08.2021","9,126","8,961","9,165","8,893","250,97K","0,75%"
"17.08.2021","9,058","9,073","9,194","9,039","326,49K","-1,94%"
"16.08.2021","9,238","9,121","9,262","9,121","442,04K","0,63%"
"13.08.2021","9,180","9,078","9,257","9,058","443,78K","1,12%"
"12.08.2021","9,078","9,112","9,146","9,054","298,98K","0,32%"
"11.08.2021","9,049","8,835","9,073","8,835","453,49K","1,08%"
"10.08.2021","8,952","9,005","9,087","8,888","458,40K","-0,70%"
"09.08.2021","9,015","9,078","9,170","8,981","383,15K","-1,28%"
"06.08.2021","9,131","8,990","9,170","8,937","577,90K","1,13%"
"05.08.2021","9,029","8,874","9,049","8,787","456,29K","2,71%"
"04.08.2021","8,791","8,927","8,927","8,675","439,38K","1,06%"
"03.08.2021","8,699","8,893","8,995","8,685","545,80K","-2,40%"
"02.08.2021","8,913","8,777","8,986","8,777","763,24K","2,11%"
"30.07.2021","8,728","8,651","8,825","8,636","838,81K","0,56%"
"29.07.2021","8,680","8,738","8,787","8,680","701,93K","-0,67%"
"28.07.2021","8,738","8,738","8,898","8,709","828,42K","-0,28%"
"27.07.2021","8,762","8,670","8,777","8,670","606,96K","0,67%"
"26.07.2021","8,704","8,646","8,762","8,612","718,45K","-0,17%"
"23.07.2021","8,719","8,568","8,772","8,568","625,02K","1,53%"
"22.07.2021","8,587","8,539","8,767","8,539","542,88K","-1,17%"
"21.07.2021","8,689","8,301","8,714","8,301","708,85K","2,58%"
"20.07.2021","8,471","8,253","8,520","8,155","744,75K","2,65%"
"19.07.2021","8,253","8,320","8,393","8,117","700,33K","-1,85%"
"16.07.2021","8,408","8,340","8,476","8,272","639,79K","1,17%"
"15.07.2021","8,311","8,388","8,393","8,287","423,60K","-1,21%"
"14.07.2021","8,413","8,534","8,549","8,379","516,29K","-1,65%"
"13.07.2021","8,553","8,791","8,791","8,529","471,15K","-2,81%"
"12.07.2021","8,801","8,612","8,825","8,563","589,08K","0,28%"
"09.07.2021","8,777","8,568","8,816","8,558","577,63K","2,79%"
"08.07.2021","8,539","8,665","8,689","8,524","457,51K","-1,62%"
"07.07.2021","8,680","8,636","8,767","8,612","602,04K","0,62%"
"06.07.2021","8,626","8,597","8,680","8,573","623,95K","0,23%"
"05.07.2021","8,607","8,534","8,612","8,495","311,98K","1,14%"
"02.07.2021","8,510","8,466","8,529","8,422","374,95K","1,21%"
"01.07.2021","8,408","8,296","8,427","8,296","488,36K","1,70%"
"30.06.2021","8,267","8,325","8,345","8,214","576,91K","-0,64%"
"29.06.2021","8,320","8,301","8,442","8,282","332,27K","-0,35%"
"28.06.2021","8,350","8,558","8,568","8,350","584,55K","-2,44%"
"25.06.2021","8,558","8,631","8,631","8,558","442,45K","-0,56%"
"24.06.2021","8,607","8,641","8,660","8,563","399,32K","0,06%"
"23.06.2021","8,602","8,704","8,723","8,602","513,66K","-1,34%"
"22.06.2021","8,719","8,660","8,782","8,626","496,22K","0,84%"
"21.06.2021","8,646","8,544","8,709","8,471","833,96K","0,39%"
"18.06.2021","8,612","8,879","8,898","8,583","2,16M","-3,11%"
"17.06.2021","8,888","8,850","8,976","8,782","1,57M","-0,70%"
"16.06.2021","8,952","9,073","9,117","8,952","1,07M","-1,65%"
"15.06.2021","9,102","9,194","9,194","9,063","572,84K","-1,37%"
"14.06.2021","9,228","9,151","9,228","9,131","586,13K","0,53%"
"11.06.2021","9,180","9,272","9,272","9,126","663,80K","-1,25%"
"10.06.2021","9,296","9,238","9,296","9,165","584,31K","0,58%"
"09.06.2021","9,243","9,058","9,257","9,005","607,32K","1,28%"
"08.06.2021","9,126","8,971","9,136","8,884","848,22K","1,73%"
"07.06.2021","8,971","8,816","8,971","8,796","806,68K","0,33%"
"04.06.2021","8,942","9,107","9,320","8,806","1,40M","-0,91%"
"03.06.2021","9,024","8,952","9,044","8,748","809,19K","0,92%"
"02.06.2021","8,942","8,913","8,986","8,874","469,16K","0,60%"
"01.06.2021","8,888","8,981","8,981","8,796","345,18K","0,38%"
"31.05.2021","8,854","8,893","8,908","8,816","257,48K","0,05%"
"28.05.2021","8,850","8,845","8,952","8,787","549,30K","1,22%"
"27.05.2021","8,743","8,592","8,845","8,592","1,25M","2,10%"
"26.05.2021","8,563","8,597","8,607","8,427","468,87K","0,17%"
"25.05.2021","8,549","8,486","8,660","8,437","351,48K","-0,40%"
"24.05.2021","8,583","8,442","8,583","8,325","212,61K","2,14%"
"21.05.2021","8,403","8,369","8,471","8,253","588,10K","0,41%"
"20.05.2021","8,369","8,553","8,553","8,272","379,35K","-0,63%"
"19.05.2021","8,422","8,398","8,558","8,374","454,42K","-0,40%"
"18.05.2021","8,456","8,379","8,515","8,219","961,84K","-1,58%"
"17.05.2021","8,592","8,709","8,816","8,553","340,87K","-1,06%"
"14.05.2021","8,685","8,583","8,709","8,563","237,01K","1,71%"
"13.05.2021","8,539","8,621","8,626","8,384","224,25K","-1,18%"
"12.05.2021","8,641","8,811","8,879","8,631","395,34K","-1,66%"
"11.05.2021","8,787","8,830","8,854","8,719","670,03K","-0,82%"
"10.05.2021","8,859","8,651","8,898","8,602","640,25K","3,34%"
"07.05.2021","8,573","8,510","8,573","8,418","529,68K","0,80%"
"06.05.2021","8,505","8,311","8,505","8,282","601,68K","2,10%"
"05.05.2021","8,330","8,471","8,539","8,262","608,63K","-1,61%"
"04.05.2021","8,466","8,267","8,583","8,223","758,90K","3,01%"
"03.05.2021","8,219","8,219","8,267","8,160","468,68K","0,36%"
"30.04.2021","8,189","8,204","8,262","8,155","494,25K","-0,76%"
"29.04.2021","8,253","8,199","8,267","8,155","471,58K","0,95%"
"28.04.2021","8,175","8,267","8,335","8,175","430,91K","-0,71%"
"27.04.2021","8,233","8,223","8,267","8,136","264,87K","0,18%"
"26.04.2021","8,219","8,024","8,243","8,024","325,64K","2,17%"
"23.04.2021","8,044","8,175","8,175","8,024","337,52K","-1,07%"
"22.04.2021","8,131","8,102","8,155","8,049","478,13K","0,90%"
"21.04.2021","8,058","8,160","8,194","8,034","306,15K","-1,07%"
"20.04.2021","8,146","8,073","8,146","8,010","511,11K","1,02%"
"19.04.2021","8,063","7,859","8,063","7,859","509,51K","1,71%"
"16.04.2021","7,927","7,981","8,029","7,874","406,58K","0,00%"
"15.04.2021","7,927","8,053","8,063","7,908","1,07M","-1,27%"
"14.04.2021","8,029","7,995","8,097","7,961","1,54M","0,67%"
"13.04.2021","7,976","7,903","7,981","7,869","1,02M","0,80%"
"12.04.2021","7,913","7,918","8,000","7,840","2,10M","-0,79%"
"09.04.2021","7,976","7,995","8,024","7,893","369,52K","-0,48%"
"08.04.2021","8,015","8,058","8,058","7,922","529,95K","-0,54%"
"07.04.2021","8,058","8,073","8,185","8,020","402,63K","-0,06%"
"06.04.2021","8,063","7,956","8,131","7,956","322,60K","0,36%"
"01.04.2021","8,034","7,986","8,136","7,947","411,61K","0,24%"
"31.03.2021","8,015","8,063","8,277","8,015","549,94K","-1,84%"
"30.03.2021","8,165","8,049","8,194","8,049","580,88K","1,75%"
"29.03.2021","8,024","7,942","8,058","7,927","635,37K","0,61%"
"26.03.2021","7,976","7,927","8,005","7,888","379,74K","0,43%"
"25.03.2021","7,942","7,961","7,961","7,685","492,38K","-0,24%"
"24.03.2021","7,961","7,733","7,961","7,699","630,65K","2,24%"
"23.03.2021","7,786","7,641","7,786","7,578","563,53K","1,52%"
"22.03.2021","7,670","7,942","7,942","7,636","670,77K","-3,48%"
"19.03.2021","7,947","7,956","8,049","7,830","1,28M","-0,06%"
"18.03.2021","7,952","8,053","8,053","7,932","460,45K","-1,09%"
"17.03.2021","8,039","8,107","8,107","7,966","517,28K","-0,78%"
"16.03.2021","8,102","8,049","8,209","8,015","641,27K","1,15%"
"15.03.2021","8,010","8,010","8,102","7,971","519,42K","0,30%"
"12.03.2021","7,986","7,947","8,010","7,806","1,17M","0,30%"
"11.03.2021","7,961","8,204","8,257","7,893","1,08M","-2,79%"
"10.03.2021","8,189","8,160","8,364","8,126","623,36K","0,36%"
"09.03.2021","8,160","8,141","8,296","8,136","643,00K","0,06%"
"08.03.2021","8,155","8,073","8,223","8,029","472,10K","1,02%"
"05.03.2021","8,073","8,020","8,097","7,956","514,39K","0,18%"
"04.03.2021","8,058","8,053","8,146","8,010","740,02K","-0,24%"
"03.03.2021","8,078","8,078","8,199","8,015","597,62K","0,73%"
"02.03.2021","8,020","8,107","8,296","8,000","847,67K","-0,30%"
"01.03.2021","8,044","7,825","8,087","7,825","536,96K","2,54%"
"26.02.2021","7,845","7,888","7,903","7,728","657,82K","-1,64%"
"25.02.2021","7,976","7,981","8,092","7,932","341,50K","0,00%"
"24.02.2021","7,976","8,010","8,087","7,850","517,88K","-0,48%"
"23.02.2021","8,015","7,602","8,015","7,602","643,33K","4,49%"
"22.02.2021","7,670","7,476","7,714","7,388","416,45K","2,20%"
"19.02.2021","7,505","7,529","7,592","7,437","501,17K","-0,77%"
"18.02.2021","7,563","7,583","7,646","7,500","394,80K","-0,26%"
"17.02.2021","7,583","7,660","7,660","7,558","428,63K","0,19%"
"16.02.2021","7,568","7,719","7,723","7,544","313,37K","-1,08%"
"15.02.2021","7,651","7,607","7,665","7,534","389,62K","1,29%"
"12.02.2021","7,553","7,534","7,626","7,486","320,37K","-0,38%"
"11.02.2021","7,583","7,655","7,655","7,505","346,73K","-0,70%"
"10.02.2021","7,636","7,719","7,719","7,544","304,86K","-0,76%"
"09.02.2021","7,694","7,767","7,777","7,631","474,14K","-1,25%"
"08.02.2021","7,791","7,796","7,884","7,728","418,53K","-0,25%"
"05.02.2021","7,811","7,864","7,908","7,786","378,69K","0,00%"
"04.02.2021","7,811","7,816","7,874","7,704","403,46K","0,12%"
"03.02.2021","7,801","7,845","7,913","7,762","462,36K","0,25%"
"02.02.2021","7,782","7,816","7,879","7,709","887,07K","0,00%"
"01.02.2021","7,782","7,728","7,850","7,699","1,04M","0,82%"
"29.01.2021","7,719","7,786","7,884","7,675","793,60K","-2,21%"
"28.01.2021","7,893","7,777","7,913","7,578","527,88K","0,37%"
"27.01.2021","7,864","7,767","7,981","7,714","635,19K","1,31%"
"26.01.2021","7,762","7,670","7,898","7,636","564,18K","1,91%"
"25.01.2021","7,617","7,689","7,694","7,505","525,88K","-0,25%"
"22.01.2021","7,636","7,621","7,680","7,534","483,11K","0,00%"
"21.01.2021","7,636","8,053","8,107","7,617","755,75K","-5,13%"
"20.01.2021","8,049","7,884","8,049","7,884","537,81K","1,72%"
"19.01.2021","7,913","7,864","8,107","7,816","710,44K","0,80%"
"18.01.2021","7,850","7,796","7,874","7,714","290,92K","0,06%"
"15.01.2021","7,845","7,884","7,966","7,757","632,94K","-0,80%"
"14.01.2021","7,908","7,816","7,908","7,767","498,93K","2,20%"
"13.01.2021","7,738","7,544","7,777","7,544","535,15K","1,66%"
"12.01.2021","7,612","7,626","7,685","7,544","368,87K","0,32%"
"11.01.2021","7,587","7,646","7,762","7,573","475,62K","-1,57%"
"08.01.2021","7,709","7,651","7,743","7,592","333,88K","0,00%"
"07.01.2021","7,709","7,864","7,864","7,631","610,16K","-1,12%"
"06.01.2021","7,796","7,704","7,864","7,646","407,94K","0,50%"
"05.01.2021","7,757","7,743","7,772","7,607","362,52K","0,31%"
"04.01.2021","7,733","7,825","7,888","7,641","743,87K","-0,75%"
"31.12.2020","7,791","7,767","7,791","7,665","155,22K","-0,12%"
"30.12.2020","7,801","7,932","7,932","7,757","356,96K","-1,11%"
"29.12.2020","7,888","7,864","8,058","7,830","455,30K","1,56%"
"28.12.2020","7,767","7,884","7,927","7,714","250,87K","-0,99%"
"24.12.2020","7,845","7,961","7,961","7,772","103,15K","-0,43%"
"23.12.2020","7,879","7,786","7,918","7,772","510,59K","2,01%"
"22.12.2020","7,723","7,675","7,791","7,558","323,05K","1,53%"
"21.12.2020","7,607","7,621","7,665","7,286","800,34K","-1,57%"
"18.12.2020","7,728","8,020","8,020","7,714","1,20M","-3,98%"
"17.12.2020","8,049","8,010","8,097","7,976","453,18K","-0,36%"
"16.12.2020","8,078","7,971","8,233","7,922","611,79K","2,02%"
"15.12.2020","7,918","7,961","7,961","7,811","466,91K","0,00%"
"14.12.2020","7,918","7,874","8,015","7,874","385,92K","-0,43%"
"11.12.2020","7,952","7,864","8,058","7,646","604,99K","1,61%"
"10.12.2020","7,825","8,131","8,131","7,772","601,81K","-3,42%"
"09.12.2020","8,102","8,107","8,199","8,024","483,52K","1,03%"
"08.12.2020","8,020","8,141","8,214","7,981","319,98K","-1,61%"
"07.12.2020","8,151","8,107","8,243","7,976","377,25K","-0,47%"
"04.12.2020","8,189","8,097","8,233","8,049","430,69K","1,14%"
"03.12.2020","8,097","7,859","8,121","7,835","506,31K","2,27%"
"02.12.2020","7,918","7,767","7,952","7,767","606,20K","0,99%"
"01.12.2020","7,840","7,816","7,937","7,733","519,62K","0,94%"
"30.11.2020","7,767","7,850","7,922","7,748","803,98K","-1,42%"
"27.11.2020","7,879","8,034","8,034","7,850","471,03K","-1,34%"
"26.11.2020","7,986","8,087","8,126","7,956","346,28K","-0,24%"
"25.11.2020","8,005","8,121","8,228","7,976","388,15K","-1,49%"
"24.11.2020","8,126","8,053","8,214","8,020","684,02K","1,45%"
"23.11.2020","8,010","8,083","8,151","7,995","512,97K","0,55%"
"20.11.2020","7,966","8,024","8,112","7,903","741,54K","-0,42%"
"19.11.2020","8,000","8,073","8,073","7,922","1,14M","-2,08%"
"18.11.2020","8,170","8,073","8,223","7,966","627,75K","1,20%"
"17.11.2020","8,073","8,301","8,335","7,888","673,90K","-2,75%"
"16.11.2020","8,301","7,898","8,466","7,893","1,34M","5,43%"
"13.11.2020","7,874","7,913","7,927","7,762","702,98K","-0,18%"
"12.11.2020","7,888","7,976","8,020","7,743","997,79K","-1,10%"
"11.11.2020","7,976","7,743","8,000","7,631","1,39M","2,18%"
"10.11.2020","7,806","7,330","7,806","7,194","2,22M","2,55%"
"09.11.2020","7,612","6,505","7,612","6,418","3,11M","19,60%"
"06.11.2020","6,364","6,325","6,452","6,301","728,63K","0,92%"
"05.11.2020","6,306","6,364","6,442","6,272","879,49K","-0,31%"
"04.11.2020","6,325","6,219","6,359","6,121","730,93K","0,62%"
"03.11.2020","6,286","6,053","6,286","6,024","1,05M","4,18%"
"02.11.2020","6,034","5,908","6,049","5,816","850,48K","1,80%"
"30.10.2020","5,927","5,728","5,927","5,709","883,48K","2,09%"
"29.10.2020","5,806","5,879","5,956","5,621","1,02M","-0,66%"
"28.10.2020","5,845","5,922","5,922","5,719","1,26M","-2,43%"
"27.10.2020","5,990","6,325","6,325","5,981","1,03M","-4,93%"
"26.10.2020","6,301","6,311","6,359","6,252","803,83K","-2,04%"
"23.10.2020","6,432","6,369","6,476","6,364","504,95K","0,00%"
"22.10.2020","6,432","6,286","6,505","6,238","1,00M","2,08%"
"21.10.2020","6,301","6,505","6,505","6,238","754,42K","-2,63%"
"20.10.2020","6,471","6,384","6,539","6,311","1,08M","1,83%"
"19.10.2020","6,354","6,311","6,495","6,311","885,03K","-0,08%"
"16.10.2020","6,359","6,655","6,685","6,359","1,23M","-4,24%"
"15.10.2020","6,641","6,549","6,685","6,490","924,36K","-1,84%"
"14.10.2020","6,765","6,950","6,950","6,760","623,32K","-2,59%"
"13.10.2020","6,945","7,000","7,275","6,885","683,32K","-2,46%"
"12.10.2020","7,120","7,245","7,310","7,085","1,11M","-1,39%"
"09.10.2020","7,220","7,295","7,360","7,200","381,56K","-1,03%"
"08.10.2020","7,295","7,330","7,425","7,280","377,01K","0,69%"
"07.10.2020","7,245","7,395","7,455","7,210","1,17M","-2,62%"
"06.10.2020","7,440","7,300","7,490","7,275","517,55K","1,92%"
"05.10.2020","7,300","7,305","7,320","7,230","842,90K","0,55%"
"02.10.2020","7,260","7,170","7,260","7,105","1,35M","0,83%"
"01.10.2020","7,200","7,120","7,215","7,055","1,22M","2,06%"
"30.09.2020","7,055","6,850","7,125","6,780","1,23M","2,32%"
"29.09.2020","6,895","7,030","7,030","6,860","402,21K","-2,13%"
"28.09.2020","7,045","6,800","7,050","6,800","726,31K","4,76%"
"25.09.2020","6,725","6,775","6,830","6,660","785,94K","-1,10%"
"24.09.2020","6,800","6,700","6,970","6,700","962,71K","0,74%"
"23.09.2020","6,750","7,000","7,005","6,750","1,28M","-2,95%"
"22.09.2020","6,955","7,020","7,035","6,920","731,77K","-0,07%"
"21.09.2020","6,960","7,175","7,195","6,900","1,45M","-3,73%"
"18.09.2020","7,230","7,400","7,400","7,180","2,14M","-1,43%"
"17.09.2020","7,335","7,120","7,395","7,065","716,34K","1,73%"
"16.09.2020","7,210","6,985","7,275","6,950","1,06M","4,34%"
"15.09.2020","6,910","6,785","6,910","6,785","488,78K","0,88%"
"14.09.2020","6,850","6,830","6,890","6,750","454,90K","0,07%"
"11.09.2020","6,845","6,865","6,950","6,830","466,95K","-0,73%"
"10.09.2020","6,895","6,915","6,975","6,860","350,43K","-0,51%"
"09.09.2020","6,930","6,850","6,950","6,760","1,14M","0,58%"
"08.09.2020","6,890","7,080","7,130","6,840","578,99K","-2,68%"
"07.09.2020","7,080","6,980","7,145","6,980","764,89K","1,72%"
"04.09.2020","6,960","7,450","7,450","6,925","1,12M","-6,01%"
"03.09.2020","7,405","7,500","7,665","7,355","691,48K","-0,40%"
"02.09.2020","7,435","7,450","7,575","7,350","778,84K","0,41%"
"01.09.2020","7,405","7,485","7,485","7,300","718,59K","0,41%"
"31.08.2020","7,375","7,500","7,530","7,315","570,24K","-1,47%"
"28.08.2020","7,485","7,505","7,585","7,455","369,85K","0,13%"
"27.08.2020","7,475","7,450","7,555","7,365","565,64K","0,13%"
"26.08.2020","7,465","7,290","7,495","7,250","1,10M","2,47%"
"25.08.2020","7,285","7,500","7,545","7,255","577,85K","-2,61%"
"24.08.2020","7,480","7,450","7,500","7,355","415,55K","1,08%"
"21.08.2020","7,400","7,460","7,545","7,355","404,00K","-0,74%"
"20.08.2020","7,455","7,050","7,485","7,045","723,36K","5,07%"
"19.08.2020","7,095","7,145","7,190","7,060","412,95K","-0,49%"
"18.08.2020","7,130","7,150","7,270","7,105","367,22K","-0,97%"
"17.08.2020","7,200","7,270","7,365","7,150","470,34K","-0,96%"
"14.08.2020","7,270","7,440","7,440","7,140","417,13K","-0,55%"
"13.08.2020","7,310","7,240","7,435","7,235","362,77K","-0,81%"
"12.08.2020","7,370","7,420","7,440","7,295","522,44K","-0,61%"
"11.08.2020","7,415","7,365","7,570","7,365","566,97K","0,54%"
"10.08.2020","7,375","7,240","7,375","7,180","887,05K","1,86%"
"07.08.2020","7,240","7,225","7,340","7,155","479,04K","-0,14%"
"06.08.2020","7,250","7,335","7,375","7,190","652,48K","-2,68%"
"05.08.2020","7,450","7,470","7,545","7,375","818,33K","0,47%"
"04.08.2020","7,415","7,280","7,455","7,270","1,16M","2,63%"
"03.08.2020","7,225","7,225","7,325","7,010","810,96K","0,00%"
"31.07.2020","7,225","7,200","7,430","7,115","872,23K","0,98%"
"30.07.2020","7,155","7,200","7,210","7,010","730,17K","-0,62%"
"29.07.2020","7,200","7,100","7,245","7,000","635,15K","1,27%"
"28.07.2020","7,110","6,900","7,110","6,870","595,93K","3,95%"
"27.07.2020","6,840","7,050","7,050","6,825","1,08M","-3,59%"
"24.07.2020","7,095","7,100","7,150","6,965","765,90K","-0,77%"
"23.07.2020","7,150","7,410","7,410","7,135","610,41K","-3,05%"
"22.07.2020","7,375","7,330","7,395","7,215","805,58K","1,03%"
"21.07.2020","7,300","7,395","7,535","7,300","1,33M","-0,41%"
"20.07.2020","7,330","7,325","7,435","7,260","509,29K","0,62%"
"17.07.2020","7,285","7,400","7,450","7,175","1,29M","-1,29%"
"16.07.2020","7,380","7,460","7,680","7,370","1,07M","-1,60%"
"15.07.2020","7,500","7,715","7,740","7,455","1,05M","-1,83%"
"14.07.2020","7,640","7,930","7,930","7,635","807,43K","-3,29%"
"13.07.2020","7,900","7,980","8,030","7,855","488,65K","0,06%"
"10.07.2020","7,895","7,710","7,960","7,705","454,16K","1,94%"
"09.07.2020","7,745","7,920","7,920","7,720","696,93K","-0,83%"
"08.07.2020","7,810","7,960","7,960","7,775","663,20K","-3,70%"
"07.07.2020","8,110","8,390","8,425","8,040","614,18K","-3,51%"
"06.07.2020","8,405","8,365","8,465","8,325","430,42K","2,13%"
"03.07.2020","8,230","8,250","8,250","8,090","371,29K","0,00%"
"02.07.2020","8,230","8,080","8,345","8,080","587,07K","2,24%"
"01.07.2020","8,050","7,945","8,115","7,800","585,98K","2,68%"
"30.06.2020","7,840","7,950","8,120","7,745","933,97K","-1,20%"
"29.06.2020","7,935","7,795","7,975","7,795","938,12K","0,44%"
"26.06.2020","7,900","7,940","8,015","7,805","626,82K","-0,38%"
"25.06.2020","7,930","8,005","8,005","7,750","632,25K","0,32%"
"24.06.2020","7,905","8,140","8,140","7,870","706,01K","-2,29%"
"23.06.2020","8,090","8,150","8,205","8,005","480,74K","0,43%"
"22.06.2020","8,055","8,050","8,165","7,910","818,54K","-0,19%"
"19.06.2020","8,070","8,280","8,280","7,985","1,87M","-1,71%"
"18.06.2020","8,210","8,430","8,555","8,135","1,25M","-3,01%"
"17.06.2020","8,465","8,365","8,775","8,355","959,80K","1,20%"
"16.06.2020","8,365","8,320","8,510","8,195","868,00K","1,21%"
"15.06.2020","8,265","7,980","8,325","7,865","","1,10%"
"12.06.2020","8,175","8,000","8,375","7,850","1,01M","1,81%"
"11.06.2020","8,030","8,250","8,250","7,880","1,02M","-4,52%"
"10.06.2020","8,410","8,415","8,555","8,305","1,19M","0,30%"
"09.06.2020","8,385","8,545","8,600","8,070","","-1,06%"
"08.06.2020","8,475","8,805","8,925","8,435","1,22M","-4,29%"
"05.06.2020","8,855","8,630","9,100","8,630","2,07M","2,67%"
"04.06.2020","8,625","8,710","8,870","8,500","1,13M","-3,52%"
"03.06.2020","8,940","8,755","8,945","8,450","675,77K","4,14%"
"02.06.2020","8,585","8,280","8,920","8,280","1,21M","2,32%"
"01.06.2020","8,390","8,285","8,390","8,165","538,82K","3,20%"
"29.05.2020","8,130","8,350","8,395","8,080","1,27M","-3,67%"
"28.05.2020","8,440","8,315","8,560","8,135","1,27M","4,52%"
"27.05.2020","8,075","8,005","8,370","7,905","1,24M","1,19%"
"26.05.2020","7,980","7,800","8,115","7,790","922,24K","3,57%"
"25.05.2020","7,705","7,550","7,770","7,535","441,07K","1,65%"
"22.05.2020","7,580","7,500","7,620","7,240","873,61K","2,71%"
"21.05.2020","7,380","7,350","7,585","7,140","1,04M","0,20%"
"20.05.2020","7,365","7,800","7,800","7,100","1,59M","-4,97%"
"19.05.2020","7,750","7,440","7,910","7,400","1,61M","3,82%"
"18.05.2020","7,465","7,595","7,620","7,210","729,51K","1,50%"
"15.05.2020","7,355","7,795","7,795","7,355","814,84K","-4,11%"
"14.05.2020","7,670","7,760","7,895","7,270","712,97K","-1,03%"
"13.05.2020","7,750","7,650","7,855","7,395","632,40K","1,31%"
"12.05.2020","7,650","7,765","7,810","7,610","545,48K","-2,80%"
"11.05.2020","7,870","7,970","8,140","7,830","481,43K","-2,18%"
"08.05.2020","8,045","8,045","8,100","7,985","286,04K","0,56%"
"07.05.2020","8,000","8,100","8,160","8,000","620,82K","-2,44%"
"06.05.2020","8,200","8,365","8,410","8,170","483,70K","-2,61%"
"05.05.2020","8,420","8,450","8,605","8,345","383,26K","1,38%"
"04.05.2020","8,305","8,655","8,655","8,200","564,04K","-5,62%"
"30.04.2020","8,800","8,810","8,945","8,535","606,30K","-0,90%"
"29.04.2020","8,880","8,005","8,880","7,975","656,53K","11,00%"
"28.04.2020","8,000","8,550","8,550","7,990","446,22K","0,00%"
"27.04.2020","8,000","7,815","8,115","7,815","545,55K","3,09%"
"24.04.2020","7,760","7,550","7,865","7,550","436,08K","-0,19%"
"23.04.2020","7,775","7,835","8,040","7,750","372,19K","-0,89%"
"22.04.2020","7,845","7,870","7,900","7,690","471,35K","3,09%"
"21.04.2020","7,610","7,700","7,870","7,565","518,42K","-3,91%"
"20.04.2020","7,920","8,350","8,350","7,805","499,70K","-3,36%"
"17.04.2020","8,195","8,400","8,640","8,160","922,28K","0,49%"
"16.04.2020","8,155","8,070","8,290","7,935","683,15K","1,43%"
"15.04.2020","8,040","8,200","8,200","7,810","1,72M","-4,17%"
"14.04.2020","8,390","9,075","9,105","8,170","1,41M","-5,09%"
"09.04.2020","8,840","8,855","9,090","8,710","607,51K","1,38%"
"08.04.2020","8,720","8,720","8,930","8,550","679,13K","0,98%"
"07.04.2020","8,635","9,000","9,850","8,525","1,21M","-2,76%"
"06.04.2020","8,880","8,480","8,880","8,280","628,66K","10,79%"
"03.04.2020","8,015","8,100","8,100","7,805","621,68K","-1,66%"
"02.04.2020","8,150","8,295","8,335","8,060","814,68K","-2,28%"
"01.04.2020","8,340","8,500","8,505","8,135","925,85K","-3,42%"
"31.03.2020","8,635","8,220","8,635","8,115","1,49M","7,00%"
"30.03.2020","8,070","8,500","8,500","7,940","1,15M","-3,76%"
"27.03.2020","8,385","7,855","8,390","7,640","971,27K","4,94%"
"26.03.2020","7,990","7,400","8,500","7,210","1,11M","8,34%"
"25.03.2020","7,375","7,375","8,365","7,105","1,32M","6,34%"
"24.03.2020","6,935","6,990","7,235","6,800","1,01M","3,58%"
"23.03.2020","6,695","6,745","7,210","6,550","809,90K","-7,21%"
"20.03.2020","7,215","6,590","7,980","6,100","2,44M","13,62%"
"19.03.2020","6,350","6,875","6,950","6,155","1,32M","-6,89%"
"18.03.2020","6,820","7,155","7,385","6,690","1,26M","-7,40%"
"17.03.2020","7,365","7,720","8,100","7,100","1,59M","-4,04%"
"16.03.2020","7,675","8,425","8,705","7,400","1,67M","-12,34%"
"13.03.2020","8,755","10,520","11,240","8,715","1,41M","-2,94%"
"12.03.2020","9,020","10,290","10,440","8,945","1,68M","-15,62%"
"11.03.2020","10,690","10,680","11,120","10,680","1,29M","0,47%"
"10.03.2020","10,640","11,350","11,600","10,550","1,67M","-5,34%"
"09.03.2020","11,240","11,100","11,530","10,580","1,03M","-6,18%"
"06.03.2020","11,980","12,210","12,220","11,840","1,05M","-3,00%"
"05.03.2020","12,350","12,340","12,430","12,170","1,02M","0,32%"
"04.03.2020","12,310","11,990","12,310","11,890","1,10M","3,10%"
"03.03.2020","11,940","11,650","12,060","11,640","1,56M","3,65%"
"02.03.2020","11,520","11,630","11,760","11,400","948,04K","0,00%"
"28.02.2020","11,520","11,500","11,800","10,940","1,55M","-2,29%"
"27.02.2020","11,790","12,110","12,220","11,740","873,42K","-3,36%"
"26.02.2020","12,200","12,160","12,280","11,970","1,03M","-0,16%"
"25.02.2020","12,220","12,540","12,690","12,220","737,03K","-2,16%"
"24.02.2020","12,490","12,590","12,800","12,490","846,69K","-2,80%"
"21.02.2020","12,850","12,790","12,880","12,760","542,70K","0,47%"
"20.02.2020","12,790","12,980","13,000","12,790","523,43K","-1,62%"
"19.02.2020","13,000","13,060","13,130","12,930","560,03K","-0,08%"
"18.02.2020","13,010","12,990","13,230","12,960","474,88K","0,08%"
"17.02.2020","13,000","13,200","13,230","12,990","417,20K","-1,29%"
"14.02.2020","13,170","13,110","13,180","12,970","451,66K","0,69%"
"13.02.2020","13,080","13,040","13,080","12,900","538,38K","-0,15%"
"12.02.2020","13,100","13,090","13,110","12,980","509,99K","0,54%"
"11.02.2020","13,030","12,900","13,060","12,780","582,55K","1,80%"
"10.02.2020","12,800","12,730","12,820","12,570","309,09K","0,55%"
"07.02.2020","12,730","12,370","12,730","12,350","814,00K","2,66%"
"06.02.2020","12,400","12,280","12,410","12,160","351,30K","1,22%"
"05.02.2020","12,250","12,230","12,280","12,090","294,62K","0,08%"
"04.02.2020","12,240","12,120","12,270","12,090","464,51K","1,32%"
"03.02.2020","12,080","12,140","12,180","12,040","446,78K","-0,08%"
"31.01.2020","12,090","12,090","12,140","11,930","541,91K","0,17%"
"30.01.2020","12,070","12,070","12,130","12,020","361,00K","-0,58%"
"29.01.2020","12,140","12,140","12,260","12,020","433,15K","0,91%"
"28.01.2020","12,030","11,910","12,040","11,910","373,52K","1,35%"
"27.01.2020","11,870","11,940","11,970","11,860","253,12K","-1,33%"
"24.01.2020","12,030","11,900","12,060","11,900","393,40K","1,09%"
"23.01.2020","11,900","11,730","11,990","11,700","559,11K","1,10%"
"22.01.2020","11,770","11,740","11,820","11,680","278,12K","0,17%"
"21.01.2020","11,750","11,750","11,750","11,630","474,80K","-0,17%"
"20.01.2020","11,770","11,820","11,870","11,720","289,96K","-0,51%"
"17.01.2020","11,830","11,660","11,830","11,650","611,38K","1,72%"
"16.01.2020","11,630","11,740","11,780","11,550","603,40K","-0,51%"
"15.01.2020","11,690","11,540","11,710","11,520","789,42K","1,12%"
"14.01.2020","11,560","11,290","11,600","11,290","475,24K","2,21%"
"13.01.2020","11,310","11,340","11,380","11,260","335,10K","-0,18%"
"10.01.2020","11,330","11,270","11,390","11,270","334,21K","0,27%"
"09.01.2020","11,300","11,270","11,310","11,190","605,44K","0,62%"
"08.01.2020","11,230","11,380","11,380","11,130","682,64K","-1,75%"
"07.01.2020","11,430","11,540","11,590","11,390","432,90K","-0,87%"
"06.01.2020","11,530","11,520","11,570","11,410","306,71K","-0,26%"
"03.01.2020","11,560","11,340","11,590","11,340","539,27K","1,49%"
"02.01.2020","11,390","11,500","11,500","11,360","284,26K","0,26%"
"31.12.2019","11,360","11,200","11,450","11,190","198,96K","-0,09%"
"30.12.2019","11,370","11,540","11,540","11,350","331,63K","-1,39%"
"27.12.2019","11,530","11,410","11,530","11,380","423,10K","1,77%"
"24.12.2019","11,330","11,360","11,380","11,270","184,25K","0,00%"
"23.12.2019","11,330","11,260","11,330","11,180","635,85K","1,43%"
"20.12.2019","11,170","11,360","11,430","11,170","2,54M","-1,50%"
"19.12.2019","11,340","11,230","11,410","11,160","688,70K","1,25%"
"18.12.2019","11,200","11,150","11,200","11,120","686,36K","0,54%"
"17.12.2019","11,140","11,270","11,320","11,130","748,57K","-1,15%"
"16.12.2019","11,270","11,280","11,320","11,200","488,60K","0,45%"
"13.12.2019","11,220","11,190","11,270","11,160","566,23K","0,81%"
"12.12.2019","11,130","11,490","11,490","11,130","580,04K","-2,71%"
"11.12.2019","11,440","11,600","11,600","11,380","427,32K","-1,04%"
"10.12.2019","11,560","11,560","11,640","11,460","424,39K","0,43%"
"09.12.2019","11,510","11,580","11,590","11,490","315,00K","-0,86%"
"06.12.2019","11,610","11,330","11,640","11,330","621,33K","2,47%"
"05.12.2019","11,330","11,320","11,450","11,320","308,23K","-0,09%"
"04.12.2019","11,340","11,330","11,380","11,280","456,43K","0,62%"
"03.12.2019","11,270","11,240","11,400","11,240","720,56K","0,09%"
"02.12.2019","11,260","11,420","11,530","11,260","540,16K","-1,66%"
"29.11.2019","11,450","11,500","11,570","11,430","443,94K","-0,35%"
"28.11.2019","11,490","11,500","11,590","11,430","370,46K","-0,26%"
"27.11.2019","11,520","11,600","11,610","11,480","379,94K","0,09%"
"26.11.2019","11,510","11,410","11,590","11,360","648,92K","0,79%"
"25.11.2019","11,420","11,430","11,540","11,370","459,64K","0,09%"
"22.11.2019","11,410","11,500","11,590","11,410","592,72K","-0,87%"
"21.11.2019","11,510","11,630","11,680","11,470","535,85K","-1,29%"
"20.11.2019","11,660","11,900","11,950","11,620","512,25K","-2,02%"
"19.11.2019","11,900","11,860","11,940","11,810","376,40K","0,08%"
"18.11.2019","11,890","11,740","11,900","11,700","1,36M","1,45%"
"15.11.2019","11,720","11,600","11,830","11,570","505,29K","1,12%"
"14.11.2019","11,590","11,720","11,770","11,520","564,78K","-0,43%"
"13.11.2019","11,640","11,630","11,700","11,550","809,59K","-0,17%"
"12.11.2019","11,660","11,700","11,800","11,650","1,52M","0,00%"
"11.11.2019","11,660","11,570","11,700","11,560","446,46K","0,43%"
"08.11.2019","11,610","11,550","11,640","11,550","720,28K","0,43%"
"07.11.2019","11,560","11,450","11,590","11,360","812,47K","0,78%"
"06.11.2019","11,470","11,370","11,500","11,240","1,80M","0,97%"
"05.11.2019","11,360","11,490","11,490","11,300","526,05K","-1,05%"
"04.11.2019","11,480","11,360","11,560","11,360","666,91K","0,44%"
"01.11.2019","11,430","11,630","11,690","11,430","336,75K","-1,30%"
"31.10.2019","11,580","11,600","11,630","11,520","547,36K","0,17%"
"30.10.2019","11,560","11,510","11,560","11,460","619,05K","0,52%"
"29.10.2019","11,500","11,460","11,520","11,440","608,61K","0,00%"
"28.10.2019","11,500","11,430","11,550","11,380","392,89K","0,70%"
"25.10.2019","11,420","11,430","11,460","11,370","460,63K","0,09%"
"24.10.2019","11,410","11,490","11,510","11,380","619,09K","-0,52%"
"23.10.2019","11,470","11,400","11,470","11,290","780,82K","0,44%"
"22.10.2019","11,420","11,400","11,520","11,340","740,41K","-0,09%"
"21.10.2019","11,430","11,550","11,550","11,370","1,50M","-1,04%"
"18.10.2019","11,550","11,520","11,610","11,480","1,91M","0,43%"
"17.10.2019","11,500","11,370","11,590","11,350","1,18M","1,14%"
"16.10.2019","11,370","11,450","11,490","11,210","1,06M","-1,13%"
"15.10.2019","11,500","11,430","11,540","11,430","607,50K","0,09%"
"14.10.2019","11,490","11,340","11,490","11,300","680,89K","1,23%"
"11.10.2019","11,350","11,450","11,470","11,290","2,00M","-0,53%"
"10.10.2019","11,410","11,360","11,420","11,260","458,47K","-0,09%"
"09.10.2019","11,420","11,330","11,460","11,330","878,96K","1,06%"
"08.10.2019","11,300","11,360","11,440","11,290","1,17M","-0,53%"
"07.10.2019","11,360","11,330","11,360","11,250","620,40K","0,71%"
"04.10.2019","11,280","11,340","11,340","11,190","783,69K","0,36%"
"03.10.2019","11,240","11,120","11,400","11,120","879,67K","1,08%"
"02.10.2019","11,120","11,170","11,210","11,060","1,08M","-0,63%"
"01.10.2019","11,190","11,060","11,190","11,060","1,26M","1,08%"
"30.09.2019","11,070","11,040","11,160","10,990","1,04M","0,27%"
"27.09.2019","11,040","11,100","11,100","11,000","1,52M","-0,09%"
"26.09.2019","11,050","10,880","11,070","10,870","1,09M","1,75%"
"25.09.2019","10,860","10,700","10,890","10,700","553,79K","1,40%"
"24.09.2019","10,710","10,800","10,800","10,700","500,28K","-0,19%"
"23.09.2019","10,730","10,740","10,860","10,660","718,84K","-0,92%"
"20.09.2019","10,830","10,600","10,920","10,600","1,96M","1,69%"
"19.09.2019","10,650","10,500","10,720","10,490","613,58K","1,43%"
"18.09.2019","10,500","10,370","10,540","10,370","960,06K","1,25%"
"17.09.2019","10,370","10,330","10,410","10,270","1,01M","0,78%"
"16.09.2019","10,290","10,360","10,410","10,270","1,26M","-0,96%"
"13.09.2019","10,390","10,380","10,420","10,270","627,50K","-0,10%"
"12.09.2019","10,400","10,510","10,530","10,300","820,34K","-0,19%"
"11.09.2019","10,420","10,590","10,590","10,360","1,17M","-1,33%"
"10.09.2019","10,560","10,660","10,670","10,450","525,07K","-1,03%"
"09.09.2019","10,670","10,570","10,720","10,560","465,33K","0,66%"
"06.09.2019","10,600","10,590","10,650","10,530","9,82M","-0,09%"
"05.09.2019","10,610","10,750","10,760","10,550","570,47K","-0,84%"
"04.09.2019","10,700","10,650","10,760","10,610","523,12K","1,61%"
"03.09.2019","10,530","10,600","10,600","10,460","637,53K","0,48%"
"02.09.2019","10,480","10,600","10,600","10,440","413,86K","-0,19%"
"30.08.2019","10,500","10,400","10,550","10,400","556,77K","0,67%"
"29.08.2019","10,430","10,560","10,600","10,420","428,87K","-0,67%"
"28.08.2019","10,500","10,400","10,550","10,400","395,25K","-0,28%"
"27.08.2019","10,530","10,480","10,560","10,410","679,32K","0,57%"
"26.08.2019","10,470","10,300","10,520","10,300","226,33K","0,38%"
"23.08.2019","10,430","10,460","10,500","10,380","440,52K","-0,38%"
"22.08.2019","10,470","10,340","10,500","10,340","780,39K","0,77%"
"21.08.2019","10,390","10,250","10,390","10,200","369,15K","1,37%"
"20.08.2019","10,250","10,250","10,320","10,200","458,69K","-0,10%"
"19.08.2019","10,260","10,200","10,300","10,200","605,81K","0,59%"
"16.08.2019","10,200","10,210","10,230","10,160","680,62K","-0,20%"
"15.08.2019","10,220","10,200","10,240","10,130","588,41K","0,39%"
"14.08.2019","10,180","10,150","10,230","10,100","401,06K","-0,20%"
"13.08.2019","10,200","10,150","10,300","10,150","610,67K","-0,29%"
"12.08.2019","10,230","10,250","10,350","10,190","524,13K","0,20%"
"09.08.2019","10,210","10,200","10,210","10,130","306,84K","0,29%"
"08.08.2019","10,180","10,130","10,230","10,090","353,04K","0,69%"
"07.08.2019","10,110","10,000","10,130","9,995","532,21K","0,90%"
"06.08.2019","10,020","10,180","10,280","10,020","695,74K","-1,76%"
"05.08.2019","10,200","10,200","10,310","10,110","704,93K","-1,07%"
"02.08.2019","10,310","10,150","10,450","10,140","797,24K","0,19%"
"01.08.2019","10,290","10,080","10,320","10,080","679,76K","1,88%"
"31.07.2019","10,100","10,110","10,190","10,000","735,71K","0,50%"
"30.07.2019","10,050","10,250","10,290","9,975","870,11K","-1,47%"
"29.07.2019","10,200","10,090","10,240","10,090","478,03K","0,39%"
"26.07.2019","10,160","10,100","10,190","10,100","553,35K","0,30%"
"25.07.2019","10,130","10,080","10,270","10,010","974,33K","0,70%"
"24.07.2019","10,060","9,875","10,090","9,875","594,65K","1,62%"
"23.07.2019","9,900","9,900","9,950","9,820","793,24K","0,35%"
"22.07.2019","9,865","9,850","9,865","9,690","1,10M","0,10%"
"19.07.2019","9,855","9,865","9,940","9,815","451,21K","0,36%"
"18.07.2019","9,820","9,750","9,870","9,750","371,55K","-0,30%"
"17.07.2019","9,850","9,845","9,905","9,810","499,88K","0,56%"
"16.07.2019","9,795","9,905","9,970","9,790","726,44K","-1,95%"
"15.07.2019","9,990","9,990","10,060","9,910","302,52K","0,50%"
"12.07.2019","9,940","9,865","10,000","9,865","433,53K","-0,30%"
"11.07.2019","9,970","10,010","10,060","9,935","460,59K","-0,05%"
"10.07.2019","9,975","10,020","10,070","9,965","421,87K","-1,24%"
"09.07.2019","10,100","9,995","10,100","9,995","889,10K","0,80%"
"08.07.2019","10,020","9,950","10,060","9,950","540,67K","0,10%"
"05.07.2019","10,010","10,130","10,160","9,955","582,34K","-0,99%"
"04.07.2019","10,110","10,130","10,200","10,100","815,28K","-0,30%"
"03.07.2019","10,140","9,960","10,160","9,960","508,33K","2,01%"
"02.07.2019","9,940","9,885","9,945","9,810","641,89K","0,66%"
"01.07.2019","9,875","9,850","9,915","9,800","651,46K","0,82%"
"28.06.2019","9,795","9,460","9,795","9,460","1,10M","3,05%"
"27.06.2019","9,505","9,800","9,800","9,495","895,11K","-4,18%"
"26.06.2019","9,920","10,200","10,200","9,900","867,12K","-2,94%"
"25.06.2019","10,220","10,050","10,240","10,020","540,33K","0,20%"
"24.06.2019","10,200","10,230","10,300","10,190","660,11K","-0,20%"
"21.06.2019","10,220","10,200","10,290","10,140","1,48M","-0,20%"
"20.06.2019","10,240","10,250","10,320","10,200","914,06K","0,20%"
"19.06.2019","10,220","10,210","10,250","10,140","958,82K","0,49%"
"18.06.2019","10,170","10,120","10,290","10,050","864,51K","0,49%"
"17.06.2019","10,120","10,200","10,230","10,100","669,40K","-0,49%"
"14.06.2019","10,170","10,140","10,190","10,120","536,85K","0,20%"
"13.06.2019","10,150","10,060","10,220","10,040","1,74M","0,89%"
"12.06.2019","10,060","9,990","10,160","9,970","1,15M","0,30%"
"11.06.2019","10,030","10,100","10,110","10,020","708,88K","-0,40%"
"10.06.2019","10,070","10,000","10,130","10,000","353,68K","0,70%"
"07.06.2019","10,000","9,895","10,050","9,880","885,26K","1,01%"
"06.06.2019","9,900","9,865","9,960","9,850","607,19K","0,00%"
"05.06.2019","9,900","9,765","9,900","9,680","667,10K","1,28%"
"04.06.2019","9,775","9,880","9,905","9,740","974,15K","-1,26%"
"03.06.2019","9,900","9,875","9,920","9,775","460,24K","-0,10%"
"31.05.2019","9,910","9,835","9,945","9,800","1,12M","0,20%"
"30.05.2019","9,890","9,930","9,945","9,840","410,67K","-0,30%"
"29.05.2019","9,920","9,900","9,945","9,795","698,16K","0,81%"
"28.05.2019","9,840","9,780","9,870","9,745","1,94M","0,20%"
"27.05.2019","9,820","9,920","9,980","9,785","320,31K","-0,96%"
"24.05.2019","9,915","9,795","9,915","9,745","671,75K","1,64%"
"23.05.2019","9,755","9,820","9,870","9,705","498,01K","-1,17%"
"22.05.2019","9,870","9,960","9,960","9,845","382,97K","-0,65%"
"21.05.2019","9,935","9,900","9,935","9,850","723,48K","0,61%"
"20.05.2019","9,875","9,900","9,960","9,850","396,19K","-0,25%"
"17.05.2019","9,900","9,950","9,970","9,860","591,60K","-0,40%"
"16.05.2019","9,940","9,815","9,940","9,750","2,06M","1,43%"
"15.05.2019","9,800","9,665","9,830","9,665","562,23K","1,03%"
"14.05.2019","9,700","9,550","9,745","9,550","517,68K","0,00%"
"13.05.2019","9,700","9,580","9,715","9,580","623,14K","0,00%"
"10.05.2019","9,700","9,450","9,720","9,450","1,12M","0,57%"
"09.05.2019","9,645","9,470","9,665","9,455","601,49K","-0,05%"
"08.05.2019","9,650","9,560","9,665","9,530","623,34K","-0,72%"
"07.05.2019","9,720","9,690","9,750","9,645","1,39M","0,67%"
"06.05.2019","9,655","9,445","9,670","9,300","584,01K","0,05%"
"03.05.2019","9,650","9,675","9,675","9,600","565,20K","-0,10%"
"02.05.2019","9,660","9,625","9,670","9,600","869,53K","0,68%"
"30.04.2019","9,595","9,545","9,635","9,530","681,65K","0,26%"
"29.04.2019","9,570","9,430","9,630","9,400","427,22K","0,21%"
"26.04.2019","9,550","9,580","9,580","9,465","630,66K","0,21%"
"25.04.2019","9,530","9,440","9,565","9,440","1,74M","0,05%"
"24.04.2019","9,525","9,350","9,525","9,350","621,61K","1,44%"
"23.04.2019","9,390","9,430","9,430","9,245","648,71K","-0,05%"
"18.04.2019","9,395","9,300","9,405","9,270","418,15K","0,64%"
"17.04.2019","9,335","9,390","9,390","9,255","383,59K","-0,59%"
"16.04.2019","9,390","9,340","9,415","9,285","979,43K","0,81%"
"15.04.2019","9,315","9,280","9,345","9,235","621,74K","0,32%"
"12.04.2019","9,285","9,380","9,380","9,210","491,95K","-0,64%"
"11.04.2019","9,345","9,260","9,375","9,245","455,11K","0,65%"
"10.04.2019","9,285","9,185","9,355","9,145","980,96K","1,42%"
"09.04.2019","9,155","9,205","9,285","9,155","422,38K","-0,49%"
"08.04.2019","9,200","9,335","9,345","9,200","709,47K","-1,18%"
"05.04.2019","9,310","9,345","9,360","9,270","733,50K","-0,11%"
"04.04.2019","9,320","9,280","9,375","9,255","625,12K","0,43%"
"03.04.2019","9,280","9,190","9,325","9,145","624,93K","1,03%"
"02.04.2019","9,185","9,170","9,250","9,145","1,15M","0,27%"
"01.04.2019","9,160","9,165","9,200","9,110","744,39K","-0,05%"
"29.03.2019","9,165","9,190","9,240","9,155","783,80K","-0,27%"
"28.03.2019","9,190","9,155","9,200","9,110","466,50K","0,22%"
"27.03.2019","9,170","9,140","9,185","9,010","770,35K","0,33%"
"26.03.2019","9,140","9,075","9,160","9,020","665,21K","0,72%"
"25.03.2019","9,075","8,980","9,095","8,975","823,59K","0,39%"
"22.03.2019","9,040","9,210","9,215","9,010","643,43K","-1,74%"
"21.03.2019","9,200","9,215","9,220","9,155","1,19M","0,11%"
"20.03.2019","9,190","9,220","9,320","9,190","1,05M","-0,54%"
"19.03.2019","9,240","9,195","9,305","9,165","869,42K","0,76%"
"18.03.2019","9,170","9,255","9,280","9,145","705,46K","-0,33%"
"15.03.2019","9,200","9,280","9,325","9,200","1,97M","-0,81%"
"14.03.2019","9,275","9,190","9,345","9,180","896,16K","1,03%"
"13.03.2019","9,180","9,010","9,180","9,010","784,00K","2,00%"
"12.03.2019","9,000","9,040","9,110","9,000","790,09K","0,00%"
"11.03.2019","9,000","9,110","9,110","8,980","730,68K","-1,21%"
"08.03.2019","9,110","8,980","9,175","8,980","581,60K","0,55%"
"07.03.2019","9,060","9,030","9,085","8,985","851,03K","0,22%"
"06.03.2019","9,040","9,080","9,115","9,000","675,41K","-0,33%"
"05.03.2019","9,070","9,080","9,120","8,995","621,31K","0,11%"
"04.03.2019","9,060","9,140","9,140","9,010","779,52K","-0,22%"
"01.03.2019","9,080","9,120","9,190","9,000","713,45K","0,17%"
"28.02.2019","9,065","8,800","9,130","8,795","1,15M","2,72%"
"27.02.2019","8,825","8,850","8,950","8,805","794,69K","0,23%"
"26.02.2019","8,805","8,830","8,860","8,770","391,03K","-0,34%"
"25.02.2019","8,835","8,880","8,955","8,805","592,83K","-0,11%"
"22.02.2019","8,845","8,760","8,845","8,700","644,58K","0,86%"
"21.02.2019","8,770","8,735","8,800","8,705","722,63K","0,57%"
"20.02.2019","8,720","8,800","8,810","8,695","817,03K","-0,68%"
"19.02.2019","8,780","8,800","8,850","8,745","369,94K","0,17%"
"18.02.2019","8,765","8,750","8,815","8,690","1,05M","0,29%"
"15.02.2019","8,740","8,655","8,770","8,645","741,66K","0,75%"
"14.02.2019","8,675","8,660","8,710","8,595","527,48K","0,87%"
"13.02.2019","8,600","8,660","8,705","8,550","1,62M","-0,92%"
"12.02.2019","8,680","8,770","8,770","8,665","856,99K","-0,69%"
"11.02.2019","8,740","8,795","8,820","8,705","605,14K","-0,11%"
"08.02.2019","8,750","8,850","8,885","8,730","1,06M","-1,30%"
"07.02.2019","8,865","8,850","8,935","8,725","718,95K","-0,23%"
"06.02.2019","8,885","8,860","8,945","8,835","618,40K","0,28%"
"05.02.2019","8,860","8,850","8,895","8,705","917,76K","-1,06%"
"04.02.2019","8,955","8,870","8,955","8,830","422,17K","0,96%"
"01.02.2019","8,870","8,980","8,980","8,850","570,42K","-0,67%"
"31.01.2019","8,930","8,975","9,035","8,840","969,73K","-0,89%"
"30.01.2019","9,010","8,945","9,010","8,915","555,40K","0,39%"
"29.01.2019","8,975","8,830","8,980","8,830","906,75K","0,79%"
"28.01.2019","8,905","8,800","8,925","8,800","1,72M","0,45%"
"25.01.2019","8,865","8,865","8,935","8,615","981,45K","-0,95%"
"24.01.2019","8,950","9,030","9,030","8,880","818,43K","-0,67%"
"23.01.2019","9,010","8,845","9,025","8,840","1,01M","1,29%"
"22.01.2019","8,895","8,850","8,990","8,840","1,29M","0,45%"
"21.01.2019","8,855","8,940","8,960","8,805","509,14K","-0,73%"
"18.01.2019","8,920","8,880","8,965","8,855","736,97K","0,73%"
"17.01.2019","8,855","8,710","8,870","8,650","966,95K","1,72%"
"16.01.2019","8,705","8,625","8,740","8,545","767,54K","1,10%"
"15.01.2019","8,610","8,630","8,700","8,550","829,40K","0,17%"
"14.01.2019","8,595","8,515","8,635","8,515","1,61M","0,00%"
"11.01.2019","8,595","8,510","8,600","8,475","1,77M","1,48%"
"10.01.2019","8,470","8,410","8,615","8,410","1,03M","0,59%"
"09.01.2019","8,420","8,535","8,540","8,335","756,32K","-0,53%"
"08.01.2019","8,465","8,320","8,540","8,255","850,11K","2,05%"
"07.01.2019","8,295","8,200","8,305","8,140","690,55K","1,47%"
"04.01.2019","8,175","8,100","8,185","8,040","636,90K","1,68%"
"03.01.2019","8,040","8,020","8,085","7,990","704,53K","0,25%"
"02.01.2019","8,020","7,950","8,065","7,885","717,69K","-1,41%"
"31.12.2018","8,135","8,060","8,165","7,965","577,14K","1,56%"
"28.12.2018","8,010","8,065","8,070","7,910","866,01K","-0,37%"
"27.12.2018","8,040","8,200","8,200","8,000","1,09M","-0,25%"
"24.12.2018","8,060","8,190","8,350","8,060","319,62K","-2,60%"
"21.12.2018","8,275","8,295","8,330","8,195","2,76M","-0,48%"
"20.12.2018","8,315","8,440","8,480","8,235","1,13M","-2,35%"
"19.12.2018","8,515","8,595","8,615","8,465","1,34M","0,00%"
"18.12.2018","8,515","8,670","8,690","8,480","1,44M","-2,41%"
"17.12.2018","8,725","8,800","8,890","8,725","754,56K","-0,51%"
"14.12.2018","8,770","8,750","8,825","8,655","809,68K","-0,74%"
"13.12.2018","8,835","8,815","8,865","8,730","619,41K","0,06%"
"12.12.2018","8,830","8,700","8,925","8,700","709,66K","2,26%"
"11.12.2018","8,635","8,535","8,670","8,415","614,58K","1,41%"
"10.12.2018","8,515","8,600","8,730","8,510","614,49K","-1,39%"
"07.12.2018","8,635","8,570","8,740","8,555","633,63K","1,11%"
"06.12.2018","8,540","8,460","8,555","8,450","1,37M","-0,06%"
"05.12.2018","8,545","8,515","8,640","8,490","456,89K","-0,18%"
"04.12.2018","8,560","8,740","8,765","8,520","917,60K","-1,78%"
"03.12.2018","8,715","8,990","9,050","8,715","727,08K","-1,80%"
"30.11.2018","8,875","8,895","8,915","8,755","1,34M","0,06%"
"29.11.2018","8,870","8,815","8,940","8,730","1,16M","0,97%"
"28.11.2018","8,785","8,900","8,925","8,635","1,00M","-1,35%"
"27.11.2018","8,905","8,775","8,945","8,775","944,28K","1,37%"
"26.11.2018","8,785","8,800","8,915","8,680","548,75K","0,06%"
"23.11.2018","8,780","8,695","8,795","8,675","1,23M","0,98%"
"22.11.2018","8,695","8,660","8,785","8,630","660,27K","-0,51%"
"21.11.2018","8,740","8,515","8,740","8,485","1,44M","3,01%"
"20.11.2018","8,485","8,505","8,540","8,445","620,30K","-0,88%"
"19.11.2018","8,560","8,600","8,680","8,530","838,91K","-0,41%"
"16.11.2018","8,595","8,630","8,770","8,435","1,27M","-2,33%"
"15.11.2018","8,800","8,860","8,970","8,690","747,24K","-0,90%"
"14.11.2018","8,880","8,875","8,965","8,825","1,58M","0,00%"
"13.11.2018","8,880","8,905","8,975","8,815","278,88K","-0,45%"
"12.11.2018","8,920","8,920","8,930","8,770","421,06K","0,11%"
"09.11.2018","8,910","8,935","8,985","8,870","463,33K","0,06%"
"08.11.2018","8,905","8,900","9,000","8,850","691,94K","0,23%"
"07.11.2018","8,885","8,805","8,955","8,805","604,02K","0,79%"
"06.11.2018","8,815","8,810","8,840","8,750","587,36K","0,06%"
"05.11.2018","8,810","8,780","8,925","8,770","827,84K","-0,11%"
"02.11.2018","8,820","8,950","8,950","8,810","1,11M","-0,34%"
"01.11.2018","8,850","8,880","8,940","8,825","677,59K","-0,28%"
"31.10.2018","8,875","8,880","8,935","8,815","1,19M","0,23%"
"30.10.2018","8,855","8,870","8,910","8,720","801,55K","0,45%"
"29.10.2018","8,815","8,870","8,950","8,815","570,71K","-1,12%"
"26.10.2018","8,915","8,900","8,935","8,800","744,51K","-0,61%"
"25.10.2018","8,970","8,845","8,970","8,790","885,08K","1,07%"
"24.10.2018","8,875","8,715","9,000","8,715","894,61K","1,84%"
"23.10.2018","8,715","8,845","8,870","8,635","856,10K","-1,80%"
"22.10.2018","8,875","9,010","9,060","8,810","697,64K","-0,45%"
"19.10.2018","8,915","8,900","8,945","8,830","930,17K","0,62%"
"18.10.2018","8,860","8,605","8,980","8,605","1,07M","2,37%"
"17.10.2018","8,655","8,750","8,770","8,630","1,23M","-0,75%"
"16.10.2018","8,720","8,320","8,745","8,315","1,12M","5,31%"
"15.10.2018","8,280","8,365","8,380","8,190","760,24K","-1,37%"
"12.10.2018","8,395","8,570","8,570","8,310","1,32M","-1,29%"
"11.10.2018","8,505","8,600","8,670","8,480","903,63K","-2,24%"
"10.10.2018","8,700","8,855","8,860","8,700","1,84M","-1,97%"
"09.10.2018","8,875","8,750","8,920","8,685","1,52M","2,01%"
"08.10.2018","8,700","8,620","8,755","8,610","900,96K","0,46%"
"05.10.2018","8,660","8,640","8,720","8,550","1,58M","0,00%"
"04.10.2018","8,660","8,940","8,940","8,660","807,64K","-3,35%"
"03.10.2018","8,960","8,955","8,990","8,815","397,00K","0,11%"
"02.10.2018","8,950","9,070","9,070","8,905","712,94K","-0,89%"
"01.10.2018","9,030","8,950","9,040","8,930","571,21K","0,89%"
"28.09.2018","8,950","8,965","9,055","8,900","883,97K","-0,67%"
"27.09.2018","9,010","9,045","9,065","8,960","632,52K","-0,50%"
"26.09.2018","9,055","9,055","9,110","9,005","559,09K","0,33%"
"25.09.2018","9,025","9,110","9,135","9,000","477,94K","-0,72%"
"24.09.2018","9,090","9,115","9,235","9,090","711,99K","0,00%"
"21.09.2018","9,090","9,200","9,300","9,090","4,24M","-1,09%"
"20.09.2018","9,190","9,240","9,320","9,190","698,69K","-0,92%"
"19.09.2018","9,275","9,290","9,310","9,190","1,17M","-0,38%"
"18.09.2018","9,310","9,300","9,365","9,245","501,86K","0,54%"
"17.09.2018","9,260","9,155","9,300","9,150","602,75K","1,09%"
"14.09.2018","9,160","9,205","9,255","9,065","898,27K","-0,43%"
"13.09.2018","9,200","9,430","9,485","9,160","842,35K","-2,44%"
"12.09.2018","9,430","9,510","9,550","9,385","1,09M","-0,74%"
"11.09.2018","9,500","9,600","9,665","9,470","1,20M","0,32%"
"10.09.2018","9,470","9,490","9,510","9,370","493,69K","-0,21%"
"07.09.2018","9,490","9,500","9,500","9,420","567,14K","0,37%"
"06.09.2018","9,455","9,415","9,520","9,375","598,97K","0,37%"
"05.09.2018","9,420","9,370","9,420","9,315","1,08M","0,64%"
"04.09.2018","9,360","9,275","9,405","9,250","811,21K","0,32%"
"03.09.2018","9,330","9,315","9,485","9,310","838,82K","0,05%"
"31.08.2018","9,325","9,350","9,375","9,250","592,48K","-0,16%"
"30.08.2018","9,340","9,375","9,375","9,260","673,53K","-0,53%"
"29.08.2018","9,390","9,325","9,440","9,270","840,68K","1,46%"
"28.08.2018","9,255","9,300","9,335","9,190","792,10K","-0,48%"
"27.08.2018","9,300","9,195","9,300","9,175","457,27K","1,69%"
"24.08.2018","9,145","9,285","9,295","9,100","733,67K","-1,30%"
"23.08.2018","9,265","9,250","9,305","9,220","470,76K","0,38%"
"22.08.2018","9,230","9,125","9,245","9,125","364,07K","1,21%"
"21.08.2018","9,120","9,165","9,235","9,120","409,93K","-0,38%"
"20.08.2018","9,155","9,170","9,225","9,145","415,31K","0,22%"
"17.08.2018","9,135","9,165","9,200","9,100","411,99K","-0,49%"
"16.08.2018","9,180","9,140","9,205","9,095","508,42K","0,66%"
"15.08.2018","9,120","9,260","9,260","9,110","587,80K","-0,87%"
"14.08.2018","9,200","9,250","9,265","9,090","693,85K","-0,54%"
"13.08.2018","9,250","9,240","9,265","9,160","695,90K","-0,11%"
"10.08.2018","9,260","9,195","9,320","9,165","999,69K","0,43%"
"09.08.2018","9,220","9,105","9,255","9,105","474,43K","1,04%"
"08.08.2018","9,125","9,240","9,255","9,095","572,20K","-1,19%"
"07.08.2018","9,235","9,250","9,280","9,180","472,10K","0,05%"
"06.08.2018","9,230","9,235","9,315","9,150","933,12K","0,38%"
"03.08.2018","9,195","9,150","9,230","9,110","630,82K","0,55%"
"02.08.2018","9,145","9,020","9,150","8,955","1,87M","1,33%"
"01.08.2018","9,025","9,200","9,220","9,010","1,16M","-2,06%"
"31.07.2018","9,215","9,275","9,315","9,125","1,52M","-0,59%"
"30.07.2018","9,270","9,580","9,635","9,120","2,06M","-3,64%"
"27.07.2018","9,620","9,620","9,705","9,600","594,36K","-0,88%"
"26.07.2018","9,705","9,685","9,705","9,610","517,77K","0,47%"
"25.07.2018","9,660","9,675","9,720","9,650","481,54K","0,10%"
"24.07.2018","9,650","9,610","9,700","9,575","499,47K","0,68%"
"23.07.2018","9,585","9,650","9,675","9,560","449,03K","-0,31%"
"20.07.2018","9,615","9,570","9,650","9,520","596,50K","0,21%"
"19.07.2018","9,595","9,655","9,735","9,555","525,92K","-1,44%"
"18.07.2018","9,735","9,635","9,770","9,625","710,47K","1,20%"
"17.07.2018","9,620","9,665","9,720","9,485","787,06K","-0,47%"
"16.07.2018","9,665","9,610","9,745","9,610","565,27K","0,57%"
"13.07.2018","9,610","9,650","9,660","9,560","841,37K","-0,16%"
"12.07.2018","9,625","9,665","9,665","9,570","527,86K","-0,57%"
"11.07.2018","9,680","9,665","9,800","9,630","1,40M","-0,05%"
"10.07.2018","9,685","9,650","9,705","9,625","832,43K","0,62%"
"09.07.2018","9,625","9,730","9,775","9,625","728,21K","-0,57%"
"06.07.2018","9,680","9,610","9,770","9,580","1,02M","0,94%"
"05.07.2018","9,590","9,620","9,700","9,565","721,22K","-0,05%"
"04.07.2018","9,595","9,555","9,615","9,510","864,90K","0,47%"
"03.07.2018","9,550","9,445","9,645","9,445","750,09K","1,43%"
"02.07.2018","9,415","9,395","9,440","9,340","1,40M","-0,53%"
"29.06.2018","9,465","9,475","9,500","9,420","1,08M","0,48%"
"28.06.2018","9,420","9,410","9,470","9,365","638,84K","-0,26%"
"27.06.2018","9,445","9,410","9,495","9,300","924,39K","-0,16%"
"26.06.2018","9,460","9,450","9,460","9,395","1,29M","0,11%"
"25.06.2018","9,450","9,450","9,455","9,355","945,64K","-0,37%"
"22.06.2018","9,485","9,475","9,520","9,385","734,04K","0,53%"
"21.06.2018","9,435","9,500","9,500","9,390","781,62K","-0,68%"
"20.06.2018","9,500","9,425","9,520","9,425","1,84M","1,60%"
"19.06.2018","9,350","9,370","9,445","9,310","843,65K","-1,06%"
"18.06.2018","9,450","9,490","9,530","9,375","1,51M","-0,42%"
"15.06.2018","9,490","9,370","9,500","9,310","2,06M","1,50%"
"14.06.2018","9,350","9,235","9,385","9,180","962,53K","-0,53%"
"13.06.2018","9,400","9,400","9,420","9,330","825,82K","-0,05%"
"12.06.2018","9,405","9,450","9,465","9,400","1,17M","-0,05%"
"11.06.2018","9,410","9,295","9,435","9,295","804,58K","1,40%"
"08.06.2018","9,280","9,370","9,465","9,270","690,41K","-1,28%"
"07.06.2018","9,400","9,520","9,565","9,380","784,39K","-1,31%"
"06.06.2018","9,525","9,480","9,560","9,410","740,52K","0,53%"
"05.06.2018","9,475","9,420","9,535","9,410","877,04K","0,26%"
"04.06.2018","9,450","9,270","9,450","9,265","1,62M","2,27%"
"01.06.2018","9,240","9,000","9,265","9,000","1,82M","1,65%"
"31.05.2018","9,090","9,065","9,090","8,925","2,08M","0,66%"
"30.05.2018","9,030","9,065","9,150","8,990","1,11M","-0,39%"
"29.05.2018","9,065","9,120","9,155","8,930","1,75M","-1,57%"
"28.05.2018","9,210","9,300","9,410","9,160","726,40K","-0,97%"
"25.05.2018","9,300","9,435","9,550","9,240","1,92M","-1,22%"
"24.05.2018","9,415","9,540","9,580","9,410","1,46M","-1,47%"
"23.05.2018","9,555","9,700","9,705","9,540","663,30K","-1,29%"
"22.05.2018","9,680","9,680","9,725","9,650","1,84M","0,16%"
"21.05.2018","9,665","9,700","9,730","9,640","443,57K","0,00%"
"18.05.2018","9,665","9,655","9,685","9,625","1,45M","0,36%"
"17.05.2018","9,630","9,550","9,655","9,535","2,31M","0,84%"
"16.05.2018","9,550","9,620","9,640","9,410","1,28M","-0,62%"
"15.05.2018","9,610","9,935","9,945","9,550","1,36M","-3,42%"
"14.05.2018","9,950","10,040","10,070","9,820","809,08K","-0,70%"
"11.05.2018","10,020","10,100","10,210","9,900","1,71M","-0,99%"
"10.05.2018","10,120","10,140","10,270","10,090","722,63K","-0,10%"
"09.05.2018","10,130","10,100","10,150","10,080","1,27M","0,10%"
"08.05.2018","10,120","10,160","10,160","10,040","1,62M","-0,20%"
"07.05.2018","10,140","10,010","10,230","10,010","704,69K","1,86%"
"04.05.2018","9,955","9,900","10,040","9,875","1,25M","0,81%"
"03.05.2018","9,875","9,800","9,875","9,755","680,20K","0,71%"
"02.05.2018","9,805","9,620","9,805","9,620","982,78K","1,71%"
"30.04.2018","9,640","9,510","9,640","9,510","707,97K","1,05%"
"27.04.2018","9,540","9,550","9,605","9,500","659,59K","0,32%"
"26.04.2018","9,510","9,380","9,510","9,340","458,54K","1,49%"
"25.04.2018","9,370","9,460","9,465","9,340","537,23K","-1,11%"
"24.04.2018","9,475","9,465","9,500","9,440","1,04M","0,58%"
"23.04.2018","9,420","9,440","9,450","9,360","564,94K","0,11%"
"20.04.2018","9,410","9,425","9,435","9,335","754,57K","0,11%"
"19.04.2018","9,400","9,385","9,460","9,340","512,43K","0,43%"
"18.04.2018","9,360","9,400","9,420","9,350","551,91K","0,05%"
"17.04.2018","9,355","9,260","9,390","9,235","896,09K","1,41%"
"16.04.2018","9,225","9,250","9,285","9,170","735,76K","-0,27%"
"13.04.2018","9,250","9,250","9,330","9,225","896,54K","0,54%"
"12.04.2018","9,200","9,185","9,220","9,080","963,30K","0,22%"
"11.04.2018","9,180","9,400","9,400","9,080","1,87M","-2,65%"
"10.04.2018","9,430","9,500","9,500","9,380","728,35K","-0,21%"
"09.04.2018","9,450","9,480","9,575","9,425","600,88K","0,32%"
"06.04.2018","9,420","9,550","9,600","9,420","1,03M","-2,18%"
"05.04.2018","9,630","9,720","9,800","9,560","1,66M","-0,47%"
"04.04.2018","9,675","9,660","9,680","9,515","928,31K","0,42%"
"03.04.2018","9,635","9,415","9,635","9,350","1,62M","2,50%"
"29.03.2018","9,400","9,165","9,400","9,165","1,10M","2,96%"
"28.03.2018","9,130","9,030","9,155","9,015","685,61K","0,72%"
"27.03.2018","9,065","9,010","9,065","8,965","626,19K","1,57%"
"26.03.2018","8,925","8,950","8,970","8,830","683,29K","-0,45%"
"23.03.2018","8,965","9,100","9,120","8,875","972,32K","-2,13%"
"22.03.2018","9,160","9,160","9,460","9,110","3,67M","-0,16%"
"21.03.2018","9,175","9,035","9,230","9,035","961,57K","1,49%"
"20.03.2018","9,040","8,990","9,070","8,915","521,15K","0,67%"
"19.03.2018","8,980","8,980","9,010","8,915","401,66K","0,06%"
"16.03.2018","8,975","9,025","9,105","8,955","2,14M","-1,05%"
"15.03.2018","9,070","9,070","9,095","8,965","1,00M","0,22%"
"14.03.2018","9,050","8,930","9,080","8,920","1,02M","1,12%"
"13.03.2018","8,950","8,900","9,080","8,870","905,59K","0,67%"
"12.03.2018","8,890","8,930","9,010","8,850","633,74K","-0,11%"
"09.03.2018","8,900","9,030","9,035","8,865","486,96K","-1,33%"
"08.03.2018","9,020","8,995","9,070","8,935","1,16M","0,50%"
"07.03.2018","8,975","8,815","9,000","8,800","562,06K","1,58%"
"06.03.2018","8,835","8,800","8,835","8,720","715,46K","1,32%"
"05.03.2018","8,720","8,645","8,750","8,615","853,85K","0,11%"
"02.03.2018","8,710","8,780","8,890","8,665","912,19K","-0,91%"
"01.03.2018","8,790","8,685","8,830","8,675","1,08M","1,09%"
"28.02.2018","8,695","8,790","8,795","8,685","991,60K","-1,36%"
"27.02.2018","8,815","9,030","9,030","8,790","946,09K","-2,49%"
"26.02.2018","9,040","9,045","9,090","8,935","1,18M","0,61%"
"23.02.2018","8,985","8,860","9,045","8,840","997,98K","2,10%"
"22.02.2018","8,800","8,710","8,825","8,645","637,69K","0,51%"
"21.02.2018","8,755","8,645","8,760","8,635","660,30K","0,69%"
"20.02.2018","8,695","8,720","8,790","8,645","807,70K","-0,17%"
"19.02.2018","8,710","8,790","8,845","8,695","671,84K","-0,51%"
"16.02.2018","8,755","8,675","8,775","8,650","1,31M","0,98%"
"15.02.2018","8,670","8,750","8,775","8,610","674,98K","0,12%"
"14.02.2018","8,660","8,770","8,820","8,660","1,29M","-0,57%"
"13.02.2018","8,710","8,655","8,735","8,650","1,12M","0,81%"
"12.02.2018","8,640","8,560","8,650","8,530","1,01M","1,89%"
"09.02.2018","8,480","8,510","8,510","8,310","1,45M","-0,82%"
"08.02.2018","8,550","8,735","8,760","8,520","1,45M","-2,12%"
"07.02.2018","8,735","8,650","8,750","8,525","1,25M","1,93%"
"06.02.2018","8,570","8,650","8,720","8,430","1,71M","-3,27%"
"05.02.2018","8,860","8,890","8,960","8,805","1,91M","-1,01%"
"02.02.2018","8,950","9,000","9,000","8,905","1,35M","-0,67%"
"01.02.2018","9,010","9,000","9,110","8,925","1,44M","0,17%"
"31.01.2018","8,995","8,810","8,995","8,805","1,48M","2,04%"
"30.01.2018","8,815","8,810","8,840","8,775","869,03K","-0,23%"
"29.01.2018","8,835","8,835","8,890","8,820","826,18K","-0,06%"
"26.01.2018","8,840","8,755","8,870","8,720","618,52K","1,38%"
"25.01.2018","8,720","8,675","8,770","8,650","912,31K","0,40%"
"24.01.2018","8,685","8,680","8,760","8,660","706,84K","0,17%"
"23.01.2018","8,670","8,550","8,670","8,520","1,25M","2,12%"
"22.01.2018","8,490","8,490","8,555","8,460","643,41K","0,00%"
"19.01.2018","8,490","8,515","8,565","8,485","432,39K","-0,70%"
"18.01.2018","8,550","8,540","8,595","8,525","988,88K","-0,18%"
"17.01.2018","8,565","8,510","8,570","8,500","515,37K","0,41%"
"16.01.2018","8,530","8,455","8,545","8,415","1,39M","1,37%"
"15.01.2018","8,415","8,455","8,500","8,410","811,14K","-0,47%"
"12.01.2018","8,455","8,445","8,535","8,360","895,66K","0,42%"
"11.01.2018","8,420","8,465","8,480","8,395","650,44K","0,12%"
"10.01.2018","8,410","8,620","8,640","8,400","948,85K","-2,72%"
"09.01.2018","8,645","8,620","8,650","8,525","799,18K","0,52%"
"08.01.2018","8,600","8,510","8,650","8,450","738,80K","1,12%"
"05.01.2018","8,505","8,485","8,505","8,420","1,26M","0,29%"
"04.01.2018","8,480","8,380","8,500","8,335","1,05M","1,13%"
"03.01.2018","8,385","8,235","8,450","8,230","596,31K","1,99%"
"02.01.2018","8,221","8,232","8,255","8,131","354,29K","-0,75%"
"29.12.2017","8,283","8,224","8,291","8,161","455,27K","1,00%"
"28.12.2017","8,201","8,239","8,290","8,184","382,65K","-0,71%"
"27.12.2017","8,260","8,114","8,275","8,102","468,78K","1,95%"
"22.12.2017","8,102","8,084","8,215","8,000","752,39K","-1,91%"
"21.12.2017","8,260","8,207","8,267","8,129","921,63K","0,54%"
"20.12.2017","8,216","8,300","8,300","8,145","832,82K","-1,01%"
"19.12.2017","8,300","8,400","8,400","8,275","1,37M","-1,19%"
"18.12.2017","8,400","8,282","8,425","8,267","1,05M","2,02%"
"15.12.2017","8,234","8,164","8,235","8,086","2,56M","0,92%"
"14.12.2017","8,159","8,143","8,159","8,030","2,26M","0,48%"
"13.12.2017","8,120","8,154","8,221","8,107","610,95K","-1,06%"
"12.12.2017","8,207","8,270","8,301","8,160","622,31K","-0,33%"
"11.12.2017","8,234","8,339","8,339","8,203","745,26K","-0,84%"
"08.12.2017","8,304","8,410","8,440","8,285","850,60K","-1,04%"
"07.12.2017","8,391","8,336","8,449","8,311","1,05M","1,04%"
"06.12.2017","8,305","8,322","8,448","8,280","1,75M","0,06%"
"05.12.2017","8,300","8,150","8,388","8,100","2,19M","2,63%"
"04.12.2017","8,087","8,050","8,142","8,003","947,31K","1,09%"
"01.12.2017","8,000","7,947","8,030","7,869","54,22M","0,79%"
"30.11.2017","7,937","7,754","7,956","7,730","1,19M","2,47%"
"29.11.2017","7,746","7,780","7,880","7,710","1,49M","0,26%"
"28.11.2017","7,726","7,734","7,762","7,705","1,25M","-0,31%"
"27.11.2017","7,750","7,835","7,869","7,736","1,04M","-1,46%"
"24.11.2017","7,865","7,890","7,947","7,859","396,52K","-0,14%"
"23.11.2017","7,876","7,794","7,876","7,708","688,89K","0,74%"
"22.11.2017","7,818","7,842","7,859","7,772","616,74K","-0,15%"
"21.11.2017","7,830","7,854","7,916","7,818","927,42K","-0,31%"
"20.11.2017","7,854","7,846","7,949","7,790","700,35K","0,19%"
"17.11.2017","7,839","7,872","7,872","7,722","1,12M","-0,15%"
"16.11.2017","7,851","7,614","7,885","7,614","1,36M","3,55%"
"15.11.2017","7,582","7,620","7,620","7,515","887,68K","-0,55%"
"14.11.2017","7,624","7,548","7,634","7,505","966,79K","1,38%"
"13.11.2017","7,520","7,850","7,869","7,500","1,95M","-2,36%"
"10.11.2017","7,702","7,703","7,757","7,700","447,06K","-0,36%"
"09.11.2017","7,730","7,884","7,884","7,705","968,97K","-1,53%"
"08.11.2017","7,850","7,927","7,972","7,838","1,09M","-0,93%"
"07.11.2017","7,924","8,000","8,023","7,919","984,62K","-0,60%"
"06.11.2017","7,972","8,013","8,050","7,966","811,87K","-0,30%"
"03.11.2017","7,996","7,957","8,099","7,957","1,07M","0,52%"
"02.11.2017","7,955","8,100","8,150","7,949","1,28M","-2,06%"
"01.11.2017","8,122","8,210","8,243","8,100","1,10M","-0,58%"
"31.10.2017","8,169","8,024","8,199","7,971","1,58M","2,20%"
"30.10.2017","7,993","7,835","7,999","7,734","2,27M","4,48%"
"27.10.2017","7,650","7,858","7,881","7,610","1,75M","-2,36%"
"26.10.2017","7,835","7,500","7,965","7,491","3,78M","4,45%"
"25.10.2017","7,501","7,590","7,605","7,492","693,74K","-1,15%"
"24.10.2017","7,588","7,601","7,698","7,562","978,39K","-0,78%"
"23.10.2017","7,648","7,679","7,714","7,601","1,26M","-0,80%"
"20.10.2017","7,710","7,850","7,850","7,692","1,10M","-1,53%"
"19.10.2017","7,830","7,981","7,981","7,781","1,60M","-2,36%"
"18.10.2017","8,019","8,046","8,092","7,980","1,50M","0,04%"
"17.10.2017","8,016","8,002","8,070","7,939","1,68M","0,02%"
"16.10.2017","8,014","7,957","8,017","7,890","838,86K","0,45%"
"13.10.2017","7,978","8,024","8,065","7,973","1,48M","-0,77%"
"12.10.2017","8,040","7,980","8,102","7,971","1,67M","0,84%"
"11.10.2017","7,973","7,971","8,059","7,869","4,05M","2,44%"
"10.10.2017","7,783","7,900","7,914","7,650","2,14M","-2,13%"
"09.10.2017","7,952","7,800","7,965","7,772","2,21M","2,61%"
"06.10.2017","7,750","7,832","7,872","7,728","2,02M","-1,40%"
"05.10.2017","7,860","7,819","7,888","7,705","3,84M","0,26%"
"04.10.2017","7,840","8,261","8,294","7,710","3,27M","-5,51%"
"03.10.2017","8,297","8,262","8,347","8,193","1,50M","-0,04%"
"02.10.2017","8,300","8,350","8,380","8,250","1,14M","-1,12%"
"29.09.2017","8,394","8,332","8,394","8,262","1,40M","0,73%"
"28.09.2017","8,333","8,454","8,500","8,327","1,19M","-1,64%"
"27.09.2017","8,472","8,360","8,497","8,360","437,94K","0,94%"
"26.09.2017","8,393","8,375","8,446","8,364","690,20K","-0,31%"
"25.09.2017","8,419","8,362","8,449","8,336","831,05K","0,02%"
"22.09.2017","8,417","8,499","8,499","8,417","546,56K","-0,93%"
"21.09.2017","8,496","8,420","8,519","8,370","780,36K","0,62%"
"20.09.2017","8,444","8,449","8,501","8,420","605,75K","-0,18%"
"19.09.2017","8,459","8,499","8,540","8,435","1,25M","-0,76%"
"18.09.2017","8,524","8,606","8,710","8,510","974,38K","-0,93%"
"15.09.2017","8,604","8,525","8,698","8,523","2,38M","0,70%"
"14.09.2017","8,544","8,509","8,544","8,381","829,29K","0,60%"
"13.09.2017","8,493","8,489","8,510","8,415","1,43M","0,20%"
"12.09.2017","8,476","8,438","8,485","8,407","1,28M","0,58%"
"11.09.2017","8,427","8,300","8,450","8,291","600,83K","1,80%"
"08.09.2017","8,278","8,286","8,298","8,226","698,55K","0,33%"
"07.09.2017","8,251","8,275","8,301","8,215","779,65K","0,34%"
"06.09.2017","8,223","8,100","8,223","8,100","446,27K","1,21%"
"05.09.2017","8,125","8,146","8,235","8,103","566,30K","-0,78%"
"04.09.2017","8,189","8,200","8,200","8,151","538,96K","-0,68%"
"01.09.2017","8,245","8,205","8,248","8,188","522,26K","0,49%"
"31.08.2017","8,205","8,193","8,226","8,152","675,56K","0,65%"
"30.08.2017","8,152","8,135","8,206","8,120","621,98K","0,42%"
"29.08.2017","8,118","8,010","8,119","7,956","832,53K","0,92%"
"28.08.2017","8,044","8,025","8,060","8,010","331,12K","0,36%"
"25.08.2017","8,015","8,130","8,130","8,015","803,02K","-1,44%"
"24.08.2017","8,132","8,119","8,177","8,103","527,70K","0,02%"
"23.08.2017","8,130","8,212","8,212","8,122","524,26K","-0,77%"
"22.08.2017","8,193","8,167","8,203","8,102","379,73K","0,63%"
"21.08.2017","8,142","8,082","8,165","8,059","368,30K","0,59%"
"18.08.2017","8,094","8,011","8,126","8,010","465,78K","-0,22%"
"17.08.2017","8,112","8,194","8,194","8,111","625,84K","-0,92%"
"16.08.2017","8,187","8,141","8,202","8,140","576,86K","1,21%"
"15.08.2017","8,089","8,132","8,168","8,066","534,81K","-0,63%"
"14.08.2017","8,140","8,042","8,153","8,024","792,99K","1,51%"
"11.08.2017","8,019","8,097","8,100","7,986","1,06M","-1,55%"
"10.08.2017","8,145","8,176","8,200","8,111","913,61K","-0,82%"
"09.08.2017","8,212","8,171","8,216","8,159","1,43M","0,16%"
"08.08.2017","8,199","8,262","8,270","8,164","962,53K","-0,95%"
"07.08.2017","8,278","8,249","8,278","8,188","1,16M","0,84%"
"04.08.2017","8,209","8,154","8,253","8,142","1,63M","0,75%"
"03.08.2017","8,148","8,160","8,160","8,075","1,15M","-0,11%"
"02.08.2017","8,157","8,053","8,253","8,039","2,28M","1,72%"
"01.08.2017","8,019","7,972","8,048","7,924","1,46M","1,52%"
"31.07.2017","7,899","7,850","7,950","7,827","1,30M","1,14%"
"28.07.2017","7,810","7,777","7,849","7,752","1,24M","0,22%"
"27.07.2017","7,793","7,810","7,810","7,763","1,49M","0,04%"
"26.07.2017","7,790","7,805","7,830","7,757","691,43K","-0,08%"
"25.07.2017","7,796","7,767","7,845","7,745","676,33K","0,96%"
"24.07.2017","7,722","7,720","7,759","7,678","720,49K","-0,08%"
"21.07.2017","7,728","7,720","7,783","7,692","692,47K","-0,36%"
"20.07.2017","7,756","7,745","7,801","7,722","1,49M","0,48%"
"19.07.2017","7,719","7,705","7,719","7,570","885,68K","0,47%"
"18.07.2017","7,683","7,660","7,741","7,646","1,06M","0,33%"
"17.07.2017","7,658","7,636","7,720","7,636","930,85K","0,13%"
"14.07.2017","7,648","7,610","7,650","7,504","1,29M","0,74%"
"13.07.2017","7,592","7,548","7,604","7,513","973,39K","0,82%"
"12.07.2017","7,530","7,430","7,585","7,430","1,23M","1,03%"
"11.07.2017","7,453","7,467","7,527","7,448","976,56K","-0,32%"
"10.07.2017","7,477","7,413","7,490","7,392","765,06K","1,19%"
"07.07.2017","7,389","7,380","7,392","7,319","635,39K","-0,01%"
"06.07.2017","7,390","7,477","7,499","7,357","1,59M","-1,15%"
"05.07.2017","7,476","7,500","7,510","7,410","905,15K","-1,83%"
"04.07.2017","7,615","7,615","7,666","7,560","959,54K","-0,17%"
"03.07.2017","7,628","7,669","7,699","7,620","1,25M","0,00%"
"30.06.2017","7,628","7,566","7,686","7,562","1,78M","0,50%"
"29.06.2017","7,590","7,675","7,679","7,562","1,66M","-0,63%"
"28.06.2017","7,638","7,620","7,684","7,586","1,91M","-0,16%"
"27.06.2017","7,650","7,640","7,677","7,629","1,50M","0,00%"
"26.06.2017","7,650","7,650","7,688","7,626","1,02M","0,53%"
"23.06.2017","7,610","7,551","7,613","7,530","6,69M","0,50%"
"22.06.2017","7,572","7,554","7,573","7,451","1,19M","0,68%"
"21.06.2017","7,521","7,563","7,563","7,451","1,33M","-0,57%"
"20.06.2017","7,564","7,688","7,688","7,564","1,41M","-0,99%"
"19.06.2017","7,640","7,710","7,745","7,640","2,29M","0,00%"
"16.06.2017","7,640","7,546","7,792","7,507","12,46M","1,42%"
"15.06.2017","7,533","7,619","7,657","7,533","1,82M","-0,93%"
"14.06.2017","7,604","7,598","7,669","7,586","1,85M","0,65%"
"13.06.2017","7,555","7,520","7,678","7,512","1,84M","0,64%"
"12.06.2017","7,507","7,533","7,588","7,481","1,88M","0,09%"
"09.06.2017","7,500","7,530","7,560","7,481","2,15M","-0,27%"
"08.06.2017","7,520","7,607","7,710","7,520","3,64M","0,25%"
"07.06.2017","7,501","7,285","7,523","7,266","2,19M","2,96%"
"06.06.2017","7,285","7,250","7,296","7,218","776,58K","0,00%"
"05.06.2017","7,285","7,386","7,386","7,275","1,09M","-1,14%"
"02.06.2017","7,369","7,270","7,393","7,260","2,67M","1,64%"
"01.06.2017","7,250","7,200","7,268","7,200","1,95M","0,17%"
"31.05.2017","7,238","7,236","7,260","7,206","853,08K","-0,10%"
"30.05.2017","7,245","7,220","7,250","7,183","1,01M","0,03%"
"29.05.2017","7,243","7,240","7,280","7,210","440,53K","-0,03%"
"26.05.2017","7,245","7,250","7,276","7,221","1,47M","-0,07%"
"25.05.2017","7,250","7,284","7,284","7,203","948,63K","0,00%"
"24.05.2017","7,250","7,260","7,327","7,234","2,67M","0,42%"
"23.05.2017","7,220","7,213","7,280","7,191","1,72M","-0,12%"
"22.05.2017","7,229","7,110","7,254","7,110","1,05M","1,62%"
"19.05.2017","7,114","7,058","7,164","7,047","1,32M","0,64%"
"18.05.2017","7,069","7,170","7,170","7,002","2,09M","-1,96%"
"17.05.2017","7,210","7,203","7,288","7,172","1,03M","-0,55%"
"16.05.2017","7,250","7,327","7,330","7,235","1,05M","-0,96%"
"15.05.2017","7,320","7,328","7,333","7,281","717,31K","0,41%"
"12.05.2017","7,290","7,346","7,346","7,265","1,33M","-0,55%"
"11.05.2017","7,330","7,250","7,330","7,210","1,75M","1,10%"
"10.05.2017","7,250","7,220","7,254","7,172","6,61M","0,00%"
"09.05.2017","7,250","7,250","7,280","7,218","1,62M","0,00%"
"08.05.2017","7,250","7,250","7,250","7,185","2,36M","0,82%"
"05.05.2017","7,191","7,250","7,250","7,111","3,58M","-1,68%"
"04.05.2017","7,314","7,282","7,331","7,231","1,04M","0,54%"
"03.05.2017","7,275","7,250","7,286","7,225","990,62K","0,69%"
"02.05.2017","7,225","7,150","7,230","7,137","934,86K","1,49%"
"28.04.2017","7,119","7,124","7,148","7,093","1,04M","-0,11%"
"27.04.2017","7,127","7,120","7,172","7,092","679,52K","-0,31%"
"26.04.2017","7,149","7,146","7,170","7,098","1,10M","0,29%"
"25.04.2017","7,128","6,979","7,295","6,960","982,61K","1,83%"
"24.04.2017","7,000","6,950","7,000","6,910","1,77M","3,40%"
"21.04.2017","6,770","6,900","6,900","6,700","1,28M","-1,74%"
"20.04.2017","6,890","7,065","7,071","6,855","827,35K","-2,31%"
"19.04.2017","7,053","7,050","7,076","7,011","602,30K","-0,24%"
"18.04.2017","7,070","7,147","7,147","6,995","1,14M","-0,98%"
"13.04.2017","7,140","7,104","7,140","7,065","590,51K","0,56%"
"12.04.2017","7,100","7,067","7,139","7,062","573,86K","0,51%"
"11.04.2017","7,064","7,070","7,100","7,051","683,88K","-0,31%"
"10.04.2017","7,086","7,100","7,145","7,081","864,11K","-0,01%"
"07.04.2017","7,087","6,940","7,100","6,940","1,83M","1,80%"
"06.04.2017","6,962","6,950","6,990","6,941","803,18K","-0,06%"
"05.04.2017","6,966","6,930","6,975","6,930","768,45K","0,50%"
"04.04.2017","6,931","6,964","6,996","6,930","757,07K","-0,45%"
"03.04.2017","6,962","7,011","7,020","6,940","772,26K","-0,59%"
"31.03.2017","7,003","6,920","7,003","6,883","838,34K","0,97%"
"30.03.2017","6,936","7,018","7,019","6,895","1,12M","-1,14%"
"29.03.2017","7,016","6,980","7,113","6,875","1,92M","2,13%"
"28.03.2017","6,870","6,987","6,987","6,870","718,94K","-0,67%"
"27.03.2017","6,916","6,895","6,934","6,849","769,04K","0,30%"
"24.03.2017","6,895","6,900","6,952","6,890","671,88K","0,00%"
"23.03.2017","6,895","6,880","6,932","6,820","828,21K","1,08%"
"22.03.2017","6,821","6,876","6,880","6,819","722,48K","-1,26%"
"21.03.2017","6,908","7,000","7,040","6,891","1,04M","-1,17%"
"20.03.2017","6,990","6,997","7,026","6,968","690,62K","0,06%"
"17.03.2017","6,986","6,899","7,014","6,890","1,12M","1,26%"
"16.03.2017","6,899","6,750","6,910","6,734","1,31M","2,34%"
"15.03.2017","6,741","6,800","6,800","6,727","973,13K","-0,63%"
"14.03.2017","6,784","6,769","6,799","6,711","1,27M","0,46%"
"13.03.2017","6,753","6,790","6,793","6,715","635,78K","-0,52%"
"10.03.2017","6,788","6,777","6,810","6,700","1,07M","0,16%"
"09.03.2017","6,777","6,825","6,844","6,777","762,79K","-0,95%"
"08.03.2017","6,842","6,830","6,863","6,811","775,42K","0,09%"
"07.03.2017","6,836","6,897","6,897","6,813","1,00M","-0,70%"
"06.03.2017","6,884","6,890","6,890","6,807","807,16K","0,57%"
"03.03.2017","6,845","6,810","6,858","6,760","793,31K","-0,12%"
"02.03.2017","6,853","6,980","6,980","6,812","986,45K","-1,34%"
"01.03.2017","6,946","6,924","6,950","6,800","1,43M","0,68%"
"28.02.2017","6,899","6,943","6,943","6,857","1,05M","-0,06%"
"27.02.2017","6,903","6,996","6,996","6,890","1,15M","-0,80%"
"24.02.2017","6,959","7,065","7,080","6,953","718,64K","-1,37%"
"23.02.2017","7,056","7,065","7,099","7,032","541,37K","-0,11%"
"22.02.2017","7,064","7,097","7,139","7,021","565,00K","-0,72%"
"21.02.2017","7,115","7,140","7,150","7,051","548,59K","-0,53%"
"20.02.2017","7,153","7,100","7,180","7,100","713,56K","0,99%"
"17.02.2017","7,083","7,140","7,181","7,070","1,08M","-0,65%"
"16.02.2017","7,129","7,108","7,132","7,072","998,04K","0,59%"
"15.02.2017","7,087","6,958","7,165","6,942","1,82M","2,31%"
"14.02.2017","6,927","6,936","6,950","6,867","654,37K","0,49%"
"13.02.2017","6,893","6,870","6,940","6,870","576,02K","-0,39%"
"10.02.2017","6,920","6,890","6,932","6,844","576,24K","0,87%"
"09.02.2017","6,860","6,900","6,940","6,850","827,23K","-0,07%"
"08.02.2017","6,865","6,930","6,930","6,834","525,20K","-0,03%"
"07.02.2017","6,867","6,848","6,900","6,779","748,92K","0,96%"
"06.02.2017","6,802","6,810","6,837","6,772","613,65K","0,01%"
"03.02.2017","6,801","6,779","6,828","6,755","580,37K","0,95%"
"02.02.2017","6,737","6,755","6,775","6,700","1,06M","-0,52%"
"01.02.2017","6,772","6,831","6,848","6,743","728,10K","-0,35%"
"31.01.2017","6,796","6,667","6,825","6,619","1,03M","1,84%"
"30.01.2017","6,673","6,717","6,749","6,634","648,05K","-0,52%"
"27.01.2017","6,708","6,718","6,718","6,651","503,53K","0,39%"
"26.01.2017","6,682","6,655","6,749","6,621","979,75K","0,57%"
"25.01.2017","6,644","6,530","6,644","6,482","1,26M","2,91%"
"24.01.2017","6,456","6,494","6,510","6,456","633,84K","-0,46%"
"23.01.2017","6,486","6,480","6,550","6,480","1,24M","-0,60%"
"20.01.2017","6,525","6,555","6,580","6,486","1,01M","-0,24%"
"19.01.2017","6,541","6,584","6,584","6,515","791,86K","-0,09%"
"18.01.2017","6,547","6,600","6,630","6,540","435,10K","-0,80%"
"17.01.2017","6,600","6,609","6,620","6,550","531,00K","-0,20%"
"16.01.2017","6,613","6,600","6,620","6,571","271,57K","-0,11%"
"13.01.2017","6,620","6,590","6,639","6,566","1,27M","1,27%"
"12.01.2017","6,537","6,570","6,595","6,537","477,43K","-0,68%"
"11.01.2017","6,582","6,550","6,620","6,536","299,42K","0,34%"
"10.01.2017","6,560","6,585","6,585","6,530","605,96K","-0,46%"
"09.01.2017","6,590","6,650","6,666","6,567","345,70K","-1,02%"
"06.01.2017","6,658","6,637","6,700","6,637","602,62K","0,08%"
"05.01.2017","6,653","6,613","6,677","6,605","706,85K","-0,11%"
"04.01.2017","6,660","6,624","6,660","6,549","509,99K","1,22%"
"03.01.2017","6,580","6,711","6,712","6,567","653,26K","-1,79%"
"02.01.2017","6,700","6,612","6,725","6,612","201,33K","1,78%"
"30.12.2016","6,583","6,550","6,611","6,535","530,45K","0,20%"
"29.12.2016","6,570","6,527","6,594","6,527","687,50K","0,26%"
"28.12.2016","6,553","6,555","6,606","6,543","768,27K","-0,11%"
"27.12.2016","6,560","6,560","6,604","6,540","442,03K","-0,61%"
"23.12.2016","6,600","6,620","6,670","6,600","303,71K","-0,45%"
"22.12.2016","6,630","6,565","6,630","6,517","841,25K","0,82%"
"21.12.2016","6,576","6,725","6,725","6,562","849,75K","-1,89%"
"20.12.2016","6,703","6,647","6,732","6,627","974,69K","0,40%"
"19.12.2016","6,676","6,540","6,721","6,521","1,26M","2,46%"
"16.12.2016","6,516","6,338","6,516","6,338","1,20M","2,29%"
"15.12.2016","6,370","6,359","6,377","6,250","567,45K","0,47%"
"14.12.2016","6,340","6,424","6,432","6,340","438,52K","-1,31%"
"13.12.2016","6,424","6,331","6,428","6,331","466,59K","1,10%"
"12.12.2016","6,354","6,360","6,368","6,295","459,71K","0,22%"
"09.12.2016","6,340","6,250","6,398","6,250","747,85K","1,77%"
"08.12.2016","6,230","6,250","6,320","6,225","679,70K","0,32%"
"07.12.2016","6,210","6,144","6,210","6,136","644,63K","1,14%"
"06.12.2016","6,140","6,125","6,175","6,117","503,01K","0,49%"
"05.12.2016","6,110","6,112","6,184","6,110","401,17K","-0,55%"
"02.12.2016","6,144","6,196","6,242","6,144","648,83K","-1,29%"
"01.12.2016","6,224","6,302","6,320","6,198","575,26K","-1,61%"
"30.11.2016","6,326","6,341","6,360","6,267","1,02M","-0,66%"
"29.11.2016","6,368","6,350","6,410","6,340","758,72K","-0,13%"
"28.11.2016","6,376","6,429","6,434","6,348","441,37K","-0,25%"
"25.11.2016","6,392","6,385","6,438","6,379","642,09K","0,41%"
"24.11.2016","6,366","6,373","6,385","6,313","436,93K","0,41%"
"23.11.2016","6,340","6,256","6,389","6,251","446,65K","0,99%"
"22.11.2016","6,278","6,272","6,339","6,202","1,40M","0,64%"
"21.11.2016","6,238","6,320","6,320","6,220","1,40M","-0,83%"
"18.11.2016","6,290","6,168","6,320","6,120","1,25M","2,23%"
"17.11.2016","6,153","6,067","6,178","6,045","828,38K","1,97%"
"16.11.2016","6,034","6,220","6,229","6,034","712,86K","-3,16%"
"15.11.2016","6,231","6,168","6,366","6,120","744,89K","1,86%"
"14.11.2016","6,117","6,150","6,191","6,064","622,34K","-0,21%"
"11.11.2016","6,130","6,150","6,203","6,080","674,40K","-0,24%"
"10.11.2016","6,145","6,270","6,343","6,100","1,49M","-1,60%"
"09.11.2016","6,245","6,100","6,245","6,089","735,49K","-0,08%"
"08.11.2016","6,250","6,183","6,252","6,183","601,72K","0,21%"
"07.11.2016","6,237","6,284","6,284","6,199","487,96K","1,09%"
"04.11.2016","6,170","6,249","6,252","6,151","712,80K","-1,69%"
"03.11.2016","6,276","6,210","6,285","6,203","664,99K","0,90%"
"02.11.2016","6,220","6,234","6,299","6,215","532,75K","-0,88%"
"01.11.2016","6,275","6,450","6,462","6,243","619,26K","-2,46%"
"31.10.2016","6,433","6,439","6,445","6,376","588,26K","-0,05%"
"28.10.2016","6,436","6,401","6,464","6,319","647,87K","0,37%"
"27.10.2016","6,412","6,533","6,560","6,412","993,29K","-2,24%"
"26.10.2016","6,559","6,710","6,710","6,533","547,37K","-2,10%"
"25.10.2016","6,700","6,731","6,749","6,650","666,08K","-0,49%"
"24.10.2016","6,733","6,650","6,741","6,589","852,70K","1,71%"
"21.10.2016","6,620","6,600","6,640","6,522","599,73K","0,67%"
"20.10.2016","6,576","6,520","6,585","6,495","523,89K","1,48%"
"19.10.2016","6,480","6,538","6,551","6,430","616,02K","-0,61%"
"18.10.2016","6,520","6,395","6,532","6,378","796,90K","2,90%"
"17.10.2016","6,336","6,465","6,465","6,290","537,29K","-1,97%"
"14.10.2016","6,463","6,415","6,487","6,382","636,43K","0,59%"
"13.10.2016","6,425","6,210","6,425","6,171","1,23M","3,51%"
"12.10.2016","6,207","6,150","6,211","6,144","424,31K","0,76%"
"11.10.2016","6,160","6,165","6,199","6,120","528,61K","0,21%"
"10.10.2016","6,147","6,150","6,195","6,111","806,86K","0,11%"
"07.10.2016","6,140","6,170","6,200","6,116","1,07M","-0,49%"
"06.10.2016","6,170","6,300","6,323","6,151","808,66K","-1,59%"
"05.10.2016","6,270","6,355","6,362","6,270","514,84K","-1,60%"
"04.10.2016","6,372","6,451","6,451","6,350","400,05K","-0,14%"
"03.10.2016","6,381","6,435","6,477","6,380","291,90K","-1,44%"
"30.09.2016","6,474","6,400","6,482","6,360","580,17K","0,56%"
"29.09.2016","6,438","6,399","6,470","6,364","517,56K","1,00%"
"28.09.2016","6,374","6,443","6,471","6,360","860,00K","-1,18%"
"27.09.2016","6,450","6,524","6,524","6,413","278,31K","-0,23%"
"26.09.2016","6,465","6,500","6,500","6,422","267,27K","-0,84%"
"23.09.2016","6,520","6,590","6,603","6,473","310,37K","-1,57%"
"22.09.2016","6,624","6,568","6,643","6,566","470,84K","1,81%"
"21.09.2016","6,506","6,566","6,620","6,502","301,87K","-0,67%"
"20.09.2016","6,550","6,600","6,633","6,535","329,70K","-0,73%"
"19.09.2016","6,598","6,510","6,600","6,510","470,45K","1,35%"
"16.09.2016","6,510","6,458","6,510","6,351","3,75M","0,60%"
"15.09.2016","6,471","6,523","6,526","6,416","503,83K","-1,13%"
"14.09.2016","6,545","6,494","6,545","6,440","1,18M","1,00%"
"13.09.2016","6,480","6,556","6,556","6,470","637,62K","-0,40%"
"12.09.2016","6,506","6,559","6,559","6,405","505,09K","-1,24%"
"09.09.2016","6,588","6,727","6,727","6,588","650,61K","-2,40%"
"08.09.2016","6,750","6,706","6,762","6,682","525,98K","0,87%"
"07.09.2016","6,692","6,760","6,762","6,665","531,89K","-0,71%"
"06.09.2016","6,740","6,700","6,775","6,681","731,39K","0,75%"
"05.09.2016","6,690","6,650","6,700","6,590","435,76K","0,94%"
"02.09.2016","6,628","6,650","6,666","6,572","759,62K","0,12%"
"01.09.2016","6,620","6,630","6,642","6,575","509,59K","-0,48%"
"31.08.2016","6,652","6,630","6,652","6,579","724,47K","0,71%"
"30.08.2016","6,605","6,600","6,675","6,565","365,87K","-0,97%"
"29.08.2016","6,670","6,641","6,689","6,577","167,59K","0,89%"
"26.08.2016","6,611","6,715","6,756","6,611","353,07K","-1,91%"
"25.08.2016","6,740","6,725","6,776","6,688","381,45K","0,15%"
"24.08.2016","6,730","6,718","6,764","6,670","437,65K","0,37%"
"23.08.2016","6,705","6,624","6,741","6,624","556,94K","1,07%"
"22.08.2016","6,634","6,610","6,693","6,562","450,11K","-0,48%"
"19.08.2016","6,666","6,566","6,667","6,547","679,06K","1,02%"
"18.08.2016","6,599","6,523","6,614","6,500","482,32K","1,20%"
"17.08.2016","6,521","6,650","6,650","6,508","411,97K","-1,75%"
"16.08.2016","6,637","6,669","6,758","6,624","502,11K","-0,63%"
"15.08.2016","6,679","6,714","6,740","6,669","261,93K","-0,46%"
"12.08.2016","6,710","6,675","6,721","6,615","545,60K","0,27%"
"11.08.2016","6,692","6,753","6,753","6,660","506,06K","-1,15%"
"10.08.2016","6,770","6,748","6,784","6,733","245,58K","-0,19%"
"09.08.2016","6,783","6,715","6,795","6,690","413,04K","0,94%"
"08.08.2016","6,720","6,751","6,765","6,673","534,96K","-0,44%"
"05.08.2016","6,750","6,744","6,770","6,693","864,82K","0,09%"
"04.08.2016","6,744","6,800","6,800","6,650","951,11K","-0,16%"
"03.08.2016","6,755","6,871","6,872","6,731","338,29K","-2,30%"
"02.08.2016","6,914","6,970","6,970","6,851","439,91K","-0,69%"
"01.08.2016","6,962","7,060","7,060","6,871","554,99K","-1,58%"
"29.07.2016","7,074","6,997","7,074","6,829","1,07M","1,06%"
"28.07.2016","7,000","6,889","7,000","6,770","472,99K","3,24%"
"27.07.2016","6,780","6,680","6,880","6,680","856,64K","1,39%"
"26.07.2016","6,687","6,703","6,800","6,532","700,13K","-0,19%"
"25.07.2016","6,700","6,650","6,700","6,620","598,49K","0,75%"
"22.07.2016","6,650","6,570","6,670","6,530","658,98K","0,00%"
"21.07.2016","6,650","6,670","6,700","6,600","589,85K","-1,04%"
"20.07.2016","6,720","6,700","6,780","6,620","403,52K","-0,59%"
"19.07.2016","6,760","6,630","6,760","6,620","593,68K","1,35%"
"18.07.2016","6,670","6,650","6,680","6,500","632,96K","0,91%"
"15.07.2016","6,610","6,580","6,640","6,500","665,33K","0,15%"
"14.07.2016","6,600","6,550","6,650","6,510","549,05K","0,46%"
"13.07.2016","6,570","6,360","6,590","6,340","617,41K","2,66%"
"12.07.2016","6,400","6,470","6,610","6,360","595,84K","-0,31%"
"11.07.2016","6,420","6,440","6,460","6,380","509,41K","1,10%"
"08.07.2016","6,350","6,220","6,380","6,120","551,73K","1,11%"
"07.07.2016","6,280","6,150","6,310","6,150","688,54K","2,11%"
"06.07.2016","6,150","6,170","6,190","6,050","1,00M","-1,44%"
"05.07.2016","6,240","6,410","6,430","6,220","904,50K","-3,55%"
"04.07.2016","6,470","6,570","6,630","6,440","370,33K","-2,56%"
"01.07.2016","6,640","6,550","6,700","6,540","750,17K","2,00%"
"30.06.2016","6,510","6,550","6,590","6,410","914,35K","-1,96%"
"29.06.2016","6,640","6,410","6,640","6,390","1,10M","4,08%"
"28.06.2016","6,380","6,310","6,420","6,220","1,03M","4,08%"
"27.06.2016","6,130","6,160","6,370","6,040","1,95M","0,16%"
"24.06.2016","6,120","6,400","6,560","6,120","1,91M","-11,05%"
"23.06.2016","6,880","6,860","7,000","6,810","664,69K","0,00%"
"22.06.2016","6,880","6,850","6,930","6,830","455,38K","0,88%"
"21.06.2016","6,820","6,820","6,820","6,760","304,59K","0,29%"
"20.06.2016","6,800","6,760","6,810","6,700","736,64K","2,56%"
"17.06.2016","6,630","6,500","6,680","6,500","1,19M","1,53%"
"16.06.2016","6,530","6,690","6,690","6,480","874,93K","-3,69%"
"15.06.2016","6,780","6,600","6,800","6,580","786,52K","3,51%"
"14.06.2016","6,550","6,620","6,690","6,550","856,24K","-1,36%"
"13.06.2016","6,640","6,700","6,790","6,640","1,68M","-2,35%"
"10.06.2016","6,800","6,910","7,090","6,700","2,90M","-4,09%"
"09.06.2016","7,090","7,040","7,110","6,930","592,29K","1,14%"
"08.06.2016","7,010","7,060","7,060","6,910","561,81K","-0,99%"
"07.06.2016","7,080","7,200","7,250","7,030","624,92K","-1,53%"
"06.06.2016","7,190","7,100","7,200","7,090","612,11K","0,98%"
"03.06.2016","7,120","7,240","7,250","7,090","746,35K","-1,11%"
"02.06.2016","7,200","7,150","7,200","7,110","658,63K","1,12%"
"01.06.2016","7,120","7,150","7,150","6,980","581,06K","0,42%"
"31.05.2016","7,090","7,160","7,220","7,090","1,09M","0,14%"
"30.05.2016","7,080","7,090","7,240","6,960","888,66K","0,57%"
"27.05.2016","7,040","6,830","7,090","6,750","997,07K","3,23%"
"26.05.2016","6,820","6,840","6,870","6,670","552,01K","0,74%"
"25.05.2016","6,770","6,710","6,860","6,670","568,84K","1,50%"
"24.05.2016","6,670","6,510","6,700","6,510","458,17K","1,68%"
"23.05.2016","6,560","6,570","6,570","6,520","329,88K","0,31%"
"20.05.2016","6,540","6,520","6,600","6,460","457,10K","0,62%"
"19.05.2016","6,500","6,500","6,530","6,370","456,47K","0,00%"
"18.05.2016","6,500","6,520","6,570","6,460","464,07K","-1,07%"
"17.05.2016","6,570","6,550","6,680","6,480","429,06K","0,46%"
"16.05.2016","6,540","6,530","6,580","6,270","303,05K","-0,30%"
"13.05.2016","6,560","6,500","6,650","6,400","821,72K","3,63%"
"12.05.2016","6,330","6,350","6,450","6,280","560,39K","0,32%"
"11.05.2016","6,310","6,400","6,410","6,290","383,40K","-1,56%"
"10.05.2016","6,410","6,550","6,560","6,380","414,97K","-1,38%"
"09.05.2016","6,500","6,510","6,570","6,450","519,57K","0,00%"
"06.05.2016","6,500","6,590","6,590","6,390","421,80K","-0,31%"
"05.05.2016","6,520","6,710","6,720","6,490","286,58K","-1,51%"
"04.05.2016","6,620","6,630","6,710","6,480","439,48K","-0,90%"
"03.05.2016","6,680","6,870","6,870","6,630","378,96K","-1,76%"
"02.05.2016","6,800","6,690","6,870","6,640","352,33K","1,49%"
"29.04.2016","6,700","6,770","6,800","6,670","356,25K","-1,18%"
"28.04.2016","6,780","6,790","6,800","6,670","357,84K","-0,29%"
"27.04.2016","6,800","6,790","6,890","6,770","481,66K","0,59%"
"26.04.2016","6,760","6,690","6,780","6,600","911,34K","1,50%"
"25.04.2016","6,660","6,620","6,690","6,570","464,34K","1,52%"
"22.04.2016","6,560","6,610","6,630","6,530","638,64K","-0,46%"
"21.04.2016","6,590","6,650","6,680","6,570","552,04K","-0,30%"
"20.04.2016","6,610","6,510","6,630","6,510","832,69K","0,76%"
"19.04.2016","6,560","6,500","6,630","6,500","443,47K","1,55%"
"18.04.2016","6,460","6,330","6,490","6,330","613,37K","0,62%"
"15.04.2016","6,420","6,300","6,460","6,280","420,29K","1,42%"
"14.04.2016","6,330","6,380","6,490","6,320","682,22K","-1,56%"
"13.04.2016","6,430","6,590","6,590","6,390","1,00M","-0,92%"
"12.04.2016","6,490","6,370","6,580","6,370","559,29K","1,72%"
"11.04.2016","6,380","6,370","6,450","6,310","354,42K","-0,16%"
"08.04.2016","6,390","6,400","6,460","6,360","545,05K","0,63%"
"07.04.2016","6,350","6,350","6,400","6,320","802,77K","-0,16%"
"06.04.2016","6,360","6,360","6,400","6,320","515,44K","-0,47%"
"05.04.2016","6,390","6,310","6,450","6,290","964,12K","0,31%"
"04.04.2016","6,370","6,230","6,410","6,230","658,62K","1,11%"
"01.04.2016","6,300","6,410","6,460","6,270","620,69K","-3,23%"
"31.03.2016","6,510","6,750","6,770","6,450","626,87K","-3,56%"
"30.03.2016","6,750","6,790","6,820","6,730","574,34K","0,15%"
"29.03.2016","6,740","6,670","6,750","6,580","571,88K","1,35%"
"24.03.2016","6,650","6,650","6,730","6,640","449,03K","0,00%"
"23.03.2016","6,650","6,540","6,690","6,470","636,36K","2,31%"
"22.03.2016","6,500","6,620","6,650","6,460","465,72K","-1,81%"
"21.03.2016","6,620","6,610","6,730","6,600","416,53K","0,30%"
"18.03.2016","6,600","6,600","6,790","6,560","1,60M","0,30%"
"17.03.2016","6,580","6,540","6,600","6,450","684,45K","1,39%"
"16.03.2016","6,490","6,370","6,530","6,350","376,77K","1,88%"
"15.03.2016","6,370","6,340","6,400","6,240","533,83K","1,11%"
"14.03.2016","6,300","6,310","6,390","6,300","345,36K","0,16%"
"11.03.2016","6,290","6,300","6,390","6,260","354,37K","1,29%"
"10.03.2016","6,210","6,160","6,390","6,150","447,24K","0,65%"
"09.03.2016","6,170","6,250","6,280","6,170","354,51K","-0,64%"
"08.03.2016","6,210","6,330","6,350","6,210","608,23K","-2,82%"
"07.03.2016","6,390","6,500","6,500","6,340","631,53K","-0,93%"
"04.03.2016","6,450","6,520","6,550","6,400","697,93K","-1,23%"
"03.03.2016","6,530","6,470","6,550","6,470","754,08K","0,46%"
"02.03.2016","6,500","6,370","6,510","6,360","928,69K","4,00%"
"01.03.2016","6,250","6,040","6,380","6,040","911,78K","4,17%"
"29.02.2016","6,000","5,960","6,080","5,880","728,00K","-0,17%"
"26.02.2016","6,010","6,010","6,140","5,990","790,64K","0,67%"
"25.02.2016","5,970","6,000","6,070","5,950","370,42K","-0,67%"
"24.02.2016","6,010","6,020","6,090","5,990","852,93K","-0,99%"
"23.02.2016","6,070","6,050","6,200","5,930","903,90K","3,23%"
"22.02.2016","5,880","5,800","5,930","5,790","518,48K","1,91%"
"19.02.2016","5,770","5,700","5,830","5,700","526,54K","0,35%"
"18.02.2016","5,750","5,700","5,840","5,670","585,44K","1,59%"
"17.02.2016","5,660","5,530","5,800","5,530","479,23K","1,25%"
"16.02.2016","5,590","5,480","5,640","5,380","643,73K","4,10%"
"15.02.2016","5,370","5,450","5,610","5,370","780,99K","0,00%"
"12.02.2016","5,370","5,370","5,430","5,260","794,03K","1,32%"
"11.02.2016","5,300","5,400","5,400","5,260","1,16M","-2,39%"
"10.02.2016","5,430","5,450","5,530","5,360","713,22K","0,37%"
"09.02.2016","5,410","5,620","5,640","5,370","618,72K","-3,22%"
"08.02.2016","5,590","5,930","5,940","5,590","594,52K","-4,77%"
"05.02.2016","5,870","5,980","6,050","5,870","438,45K","-1,18%"
"04.02.2016","5,940","6,050","6,100","5,940","382,43K","-0,17%"
"03.02.2016","5,950","6,060","6,060","5,900","581,91K","-2,14%"
"02.02.2016","6,080","6,110","6,170","6,020","547,26K","-0,16%"
"01.02.2016","6,090","6,170","6,220","6,050","467,70K","-1,14%"
"29.01.2016","6,160","5,910","6,220","5,900","946,43K","4,41%"
"28.01.2016","5,900","5,830","5,970","5,830","469,83K","1,55%"
"27.01.2016","5,810","5,970","5,980","5,750","601,77K","-1,53%"
"26.01.2016","5,900","5,690","5,960","5,690","478,79K","1,37%"
"25.01.2016","5,820","5,770","5,870","5,640","592,52K","1,39%"
"22.01.2016","5,740","5,600","5,840","5,590","600,23K","3,80%"
"21.01.2016","5,530","5,560","5,660","5,530","845,18K","-0,72%"
"20.01.2016","5,570","5,710","5,710","5,560","609,07K","-2,62%"
"19.01.2016","5,720","5,810","5,860","5,710","1,13M","0,00%"
"18.01.2016","5,720","5,740","5,900","5,680","1,02M","-1,38%"
"15.01.2016","5,800","6,010","6,040","5,770","970,50K","-3,65%"
"14.01.2016","6,020","6,020","6,090","5,990","829,55K","-1,47%"
"13.01.2016","6,110","6,140","6,200","6,080","345,29K","-0,33%"
"12.01.2016","6,130","6,050","6,200","6,050","669,46K","1,32%"
"11.01.2016","6,050","6,040","6,170","6,010","496,64K","-0,66%"
"08.01.2016","6,090","6,130","6,230","6,090","537,60K","-0,16%"
"07.01.2016","6,100","6,210","6,260","6,040","722,77K","-3,17%"
"06.01.2016","6,300","6,480","6,500","6,260","365,62K","-3,23%"
"05.01.2016","6,510","6,460","6,530","6,420","290,34K","0,77%"
"04.01.2016","6,460","6,380","6,470","6,310","309,24K","0,62%"
"31.12.2015","6,420","6,400","6,570","6,400","123,64K","-2,13%"
"30.12.2015","6,560","6,550","6,630","6,490","307,23K","-0,30%"
"29.12.2015","6,580","6,550","6,600","6,490","289,52K","1,86%"
"28.12.2015","6,460","6,410","6,510","6,400","236,16K","0,62%"
"24.12.2015","6,420","6,390","6,460","6,390","51,64K","-0,31%"
"23.12.2015","6,440","6,330","6,440","6,320","346,60K","2,22%"
"22.12.2015","6,300","6,280","6,330","6,200","291,33K","1,61%"
"21.12.2015","6,200","6,450","6,460","6,200","952,95K","-5,05%"
"18.12.2015","6,530","6,500","6,670","6,460","857,01K","0,15%"
"17.12.2015","6,520","6,700","6,730","6,520","567,79K","-1,36%"
"16.12.2015","6,610","6,590","6,640","6,490","320,79K","1,07%"
"15.12.2015","6,540","6,500","6,580","6,470","403,35K","1,24%"
"14.12.2015","6,460","6,500","6,570","6,400","293,20K","-0,31%"
"11.12.2015","6,480","6,560","6,580","6,470","390,53K","-1,67%"
"10.12.2015","6,590","6,620","6,660","6,570","496,81K","-0,90%"
"09.12.2015","6,650","6,690","6,780","6,550","553,46K","-1,77%"
"08.12.2015","6,770","6,820","6,840","6,640","635,80K","-1,17%"
"07.12.2015","6,850","6,880","6,910","6,800","868,98K","-0,15%"
"04.12.2015","6,860","6,710","6,880","6,650","428,47K","1,63%"
"03.12.2015","6,750","6,790","6,980","6,650","1,34M","0,75%"
"02.12.2015","6,700","6,700","6,760","6,630","635,65K","0,00%"
"01.12.2015","6,700","6,620","6,720","6,610","702,92K","1,21%"
"30.11.2015","6,620","6,490","6,630","6,490","470,61K","1,38%"
"27.11.2015","6,530","6,460","6,530","6,420","319,84K","0,62%"
"26.11.2015","6,490","6,410","6,520","6,410","513,11K","0,62%"
"25.11.2015","6,450","6,410","6,450","6,310","742,06K","-0,15%"
"24.11.2015","6,460","6,330","6,490","6,280","1,19M","0,62%"
"23.11.2015","6,420","6,520","6,560","6,360","471,11K","-1,23%"
"20.11.2015","6,500","6,520","6,560","6,440","503,52K","-0,46%"
"19.11.2015","6,530","6,640","6,690","6,450","491,19K","-2,25%"
"18.11.2015","6,680","6,520","6,730","6,510","348,29K","1,83%"
"17.11.2015","6,560","6,470","6,590","6,450","887,16K","1,86%"
"16.11.2015","6,440","6,500","6,550","6,420","753,97K","-2,28%"
"13.11.2015","6,590","6,530","6,640","6,420","616,14K","0,15%"
"12.11.2015","6,580","6,660","6,780","6,420","533,92K","-1,79%"
"11.11.2015","6,700","6,750","6,800","6,670","411,93K","-0,89%"
"10.11.2015","6,760","6,710","6,800","6,670","611,27K","0,90%"
"09.11.2015","6,700","6,800","6,800","6,650","452,86K","-1,03%"
"06.11.2015","6,770","6,750","6,820","6,720","258,09K","0,00%"
"05.11.2015","6,770","6,770","6,800","6,740","328,21K","-0,15%"
"04.11.2015","6,780","6,880","6,900","6,750","303,40K","-0,44%"
"03.11.2015","6,810","6,820","6,930","6,780","920,36K","-0,44%"
"02.11.2015","6,840","6,710","6,840","6,710","862,70K","1,48%"
"30.10.2015","6,740","6,800","6,820","6,620","932,52K","-0,88%"
"29.10.2015","6,800","6,880","6,880","6,770","409,39K","-1,02%"
"28.10.2015","6,870","6,730","6,880","6,690","448,29K","1,63%"
"27.10.2015","6,760","6,700","6,780","6,630","676,53K","0,90%"
"26.10.2015","6,700","6,650","6,700","6,610","498,49K","0,75%"
"23.10.2015","6,650","6,670","6,690","6,540","530,65K","0,30%"
"22.10.2015","6,630","6,660","6,750","6,590","876,87K","-0,75%"
"21.10.2015","6,680","6,690","6,750","6,580","869,44K","0,30%"
"20.10.2015","6,660","6,570","6,660","6,520","1,05M","1,37%"
"19.10.2015","6,570","6,400","6,650","6,400","962,55K","2,34%"
"16.10.2015","6,420","6,410","6,460","6,390","610,09K","1,26%"
"15.10.2015","6,340","6,460","6,470","6,260","740,58K","-1,71%"
"14.10.2015","6,450","6,340","6,460","6,340","581,37K","0,78%"
"13.10.2015","6,400","6,400","6,460","6,370","623,23K","0,16%"
"12.10.2015","6,390","6,350","6,450","6,340","929,94K","0,31%"
"09.10.2015","6,370","6,350","6,410","6,320","1,88M","-0,31%"
"08.10.2015","6,390","6,370","6,450","6,330","1,00M","0,47%"
"07.10.2015","6,360","6,420","6,480","6,360","1,07M","-0,78%"
"06.10.2015","6,410","6,330","6,440","6,290","2,15M","1,91%"
"05.10.2015","6,290","6,320","6,380","6,210","1,44M","0,48%"
"02.10.2015","6,260","6,290","6,320","6,210","1,18M","-0,16%"
"01.10.2015","6,270","6,210","6,290","6,170","1,12M","0,80%"
"30.09.2015","6,220","6,180","6,220","6,090","1,01M","1,30%"
"29.09.2015","6,140","5,970","6,140","5,910","822,74K","1,66%"
"28.09.2015","6,040","6,050","6,130","6,000","849,25K","-0,17%"
"25.09.2015","6,050","5,970","6,140","5,950","797,74K","2,54%"
"24.09.2015","5,900","5,890","5,980","5,870","1,67M","1,90%"
"23.09.2015","5,790","5,780","5,870","5,720","696,14K","1,05%"
"22.09.2015","5,730","5,860","5,860","5,650","922,25K","-2,05%"
"21.09.2015","5,850","5,800","5,890","5,780","868,62K","0,52%"
"18.09.2015","5,820","5,780","5,920","5,730","2,37M","1,04%"
"17.09.2015","5,760","5,710","5,810","5,670","1,35M","1,05%"
"16.09.2015","5,700","5,700","5,750","5,660","838,23K","1,06%"
"15.09.2015","5,640","5,680","5,680","5,560","879,52K","0,18%"
"14.09.2015","5,630","5,700","5,810","5,630","767,58K","-1,75%"
"11.09.2015","5,730","5,750","5,760","5,620","2,00M","0,88%"
"10.09.2015","5,680","5,810","5,810","5,650","4,84M","-5,33%"
"09.09.2015","6,000","6,030","6,070","5,990","204,48K","0,67%"
"08.09.2015","5,960","6,000","6,050","5,960","213,58K","-0,50%"
"07.09.2015","5,990","6,020","6,080","5,930","192,58K","-0,17%"
"04.09.2015","6,000","6,090","6,130","5,960","194,31K","-1,96%"
"03.09.2015","6,120","6,160","6,190","6,060","485,92K","0,99%"
"02.09.2015","6,060","6,120","6,150","6,060","384,03K","0,00%"
"01.09.2015","6,060","6,220","6,240","6,020","350,98K","-3,35%"
"31.08.2015","6,270","6,350","6,350","6,220","232,18K","-1,26%"
"28.08.2015","6,350","6,320","6,390","6,310","356,32K","0,16%"
"27.08.2015","6,340","6,260","6,370","6,260","374,21K","2,09%"
"26.08.2015","6,210","6,300","6,340","6,200","651,76K","-2,20%"
"25.08.2015","6,350","6,100","6,370","6,070","731,34K","4,44%"
"24.08.2015","6,080","6,280","6,300","5,930","1,02M","-6,03%"
"21.08.2015","6,470","6,500","6,590","6,450","519,99K","-1,52%"
"20.08.2015","6,570","6,700","6,700","6,510","350,92K","-2,52%"
"19.08.2015","6,740","6,630","6,790","6,620","676,91K","1,66%"
"18.08.2015","6,630","6,600","6,670","6,560","657,51K","0,15%"
"17.08.2015","6,620","6,700","6,730","6,560","221,40K","-0,45%"
"14.08.2015","6,650","6,610","6,700","6,580","325,73K","0,76%"
"13.08.2015","6,600","6,570","6,690","6,500","488,32K","1,23%"
"12.08.2015","6,520","6,590","6,630","6,470","422,93K","-1,81%"
"11.08.2015","6,640","6,770","6,770","6,620","485,33K","-2,06%"
"10.08.2015","6,780","6,810","6,860","6,760","412,18K","-0,73%"
"07.08.2015","6,830","6,880","6,900","6,780","399,36K","-0,73%"
"06.08.2015","6,880","6,880","6,920","6,870","501,56K","-0,15%"
"05.08.2015","6,890","6,950","6,970","6,870","657,32K","0,00%"
"04.08.2015","6,890","6,810","6,990","6,790","769,53K","0,88%"
"03.08.2015","6,830","6,800","6,830","6,750","733,28K","0,89%"
"31.07.2015","6,770","6,730","6,780","6,680","378,23K","0,30%"
"30.07.2015","6,750","6,780","6,880","6,670","1,82M","0,45%"
"29.07.2015","6,720","6,650","6,730","6,620","394,73K","1,05%"
"28.07.2015","6,650","6,600","6,690","6,590","370,59K","0,61%"
"27.07.2015","6,610","6,630","6,650","6,550","1,78M","-0,75%"
"24.07.2015","6,660","6,650","6,700","6,590","530,25K","0,45%"
"23.07.2015","6,630","6,710","6,770","6,550","500,09K","-1,19%"
"22.07.2015","6,710","6,810","6,900","6,710","1,29M","-1,47%"
"21.07.2015","6,810","6,730","6,840","6,730","868,54K","1,64%"
"20.07.2015","6,700","6,520","6,800","6,520","1,04M","2,76%"
"17.07.2015","6,520","6,520","6,550","6,500","467,76K","0,00%"
"16.07.2015","6,520","6,450","6,550","6,340","642,36K","1,24%"
"15.07.2015","6,440","6,290","6,440","6,190","371,13K","2,22%"
"14.07.2015","6,300","6,410","6,410","6,280","336,61K","-1,41%"
"13.07.2015","6,390","6,280","6,390","6,250","421,67K","2,40%"
"10.07.2015","6,240","6,240","6,280","6,190","362,13K","1,46%"
"09.07.2015","6,150","6,060","6,150","6,060","357,30K","1,15%"
"08.07.2015","6,080","6,120","6,140","6,040","371,82K","0,16%"
"07.07.2015","6,070","6,100","6,130","6,040","320,54K","-0,65%"
"06.07.2015","6,110","6,140","6,200","6,080","542,12K","-2,24%"
"03.07.2015","6,250","6,300","6,310","6,210","340,41K","-0,95%"
"02.07.2015","6,310","6,400","6,410","6,290","366,75K","-0,94%"
"01.07.2015","6,370","6,330","6,390","6,230","828,08K","0,95%"
"30.06.2015","6,310","6,160","6,350","6,150","622,24K","1,94%"
"29.06.2015","6,190","6,130","6,360","6,100","902,29K","-4,92%"
"26.06.2015","6,510","6,370","6,590","6,340","799,56K","1,72%"
"25.06.2015","6,400","6,250","6,400","6,250","654,72K","1,75%"
"24.06.2015","6,290","6,230","6,340","6,180","791,32K","1,13%"
"23.06.2015","6,220","6,300","6,340","6,160","476,96K","-1,58%"
"22.06.2015","6,320","6,200","6,330","6,150","565,53K","3,27%"
"19.06.2015","6,120","6,070","6,160","6,070","365,36K","0,16%"
"18.06.2015","6,110","6,000","6,140","5,960","476,90K","1,33%"
"17.06.2015","6,030","6,110","6,160","6,000","591,46K","-1,63%"
"16.06.2015","6,130","6,120","6,190","6,000","568,09K","0,00%"
"15.06.2015","6,130","6,160","6,270","6,050","430,84K","-1,92%"
"12.06.2015","6,250","6,280","6,380","6,210","273,89K","-1,57%"
"11.06.2015","6,350","6,220","6,380","6,180","400,24K","2,25%"
"10.06.2015","6,210","6,170","6,220","6,130","384,17K","0,81%"
"09.06.2015","6,160","6,100","6,180","6,040","366,79K","0,16%"
"08.06.2015","6,150","6,280","6,300","6,130","728,62K","-1,60%"
"05.06.2015","6,250","6,230","6,300","6,220","335,78K","-0,32%"
"04.06.2015","6,270","6,300","6,350","6,250","218,51K","-1,42%"
"03.06.2015","6,360","6,350","6,490","6,280","1,10M","2,58%"
"02.06.2015","6,200","6,270","6,290","6,120","533,94K","-0,80%"
"01.06.2015","6,250","6,200","6,280","6,180","421,57K","0,00%"
"29.05.2015","6,250","6,310","6,350","6,210","753,86K","-1,26%"
"28.05.2015","6,330","6,260","6,330","6,220","668,54K","1,93%"
"27.05.2015","6,210","6,190","6,260","6,080","858,19K","0,16%"
"26.05.2015","6,200","6,240","6,260","6,170","838,44K","-1,12%"
"25.05.2015","6,270","6,280","6,280","6,170","375,56K","-0,79%"
"22.05.2015","6,320","6,510","6,520","6,310","639,71K","-2,77%"
"21.05.2015","6,500","6,390","6,500","6,380","1,51M","1,72%"
"20.05.2015","6,390","6,340","6,430","6,300","552,70K","0,63%"
"19.05.2015","6,350","6,320","6,370","6,320","419,36K","0,32%"
"18.05.2015","6,330","6,380","6,380","6,280","203,87K","-0,31%"
"15.05.2015","6,350","6,330","6,390","6,300","648,92K","0,63%"
"14.05.2015","6,310","6,340","6,360","6,260","1,04M","-0,47%"
"13.05.2015","6,340","6,300","6,370","6,300","706,92K","0,96%"
"12.05.2015","6,280","6,250","6,310","6,190","618,62K","-0,16%"
"11.05.2015","6,290","6,350","6,360","6,250","567,86K","-0,63%"
"08.05.2015","6,330","6,300","6,350","6,240","745,48K","2,10%"
"07.05.2015","6,200","6,280","6,280","6,120","1,27M","-1,43%"
"06.05.2015","6,290","6,270","6,320","6,170","717,40K","0,64%"
"05.05.2015","6,250","6,240","6,370","6,080","1,82M","0,64%"
"04.05.2015","6,210","6,100","6,220","6,020","601,18K","1,47%"
"30.04.2015","6,120","5,990","6,160","5,920","1,04M","1,83%"
"29.04.2015","6,010","6,010","6,060","5,920","925,60K","0,00%"
"28.04.2015","6,010","6,060","6,090","6,000","632,16K","-1,15%"
"27.04.2015","6,080","6,030","6,120","5,980","453,65K","1,00%"
"24.04.2015","6,020","5,890","6,030","5,870","1,09M","2,03%"
"23.04.2015","5,900","6,050","6,060","5,840","1,23M","-2,32%"
"22.04.2015","6,040","6,030","6,080","5,870","1,28M","0,00%"
"21.04.2015","6,040","6,100","6,120","5,950","841,37K","-0,49%"
"20.04.2015","6,070","6,080","6,150","6,050","483,19K","-0,16%"
"17.04.2015","6,080","6,090","6,140","6,020","1,88M","-0,33%"
"16.04.2015","6,100","6,210","6,210","6,050","944,18K","-1,61%"
"15.04.2015","6,200","6,220","6,270","6,200","1,50M","-0,16%"
"14.04.2015","6,210","6,250","6,300","6,190","500,96K","-0,80%"
"13.04.2015","6,260","6,280","6,310","6,210","668,38K","-0,48%"
"10.04.2015","6,290","6,300","6,340","6,220","717,58K","-0,79%"
"09.04.2015","6,340","6,290","6,360","6,240","1,05M","0,96%"
"08.04.2015","6,280","6,250","6,280","6,210","587,17K","0,16%"
"07.04.2015","6,270","6,280","6,340","6,220","484,85K","-0,16%"
"02.04.2015","6,280","6,210","6,280","6,210","581,12K","0,64%"
"01.04.2015","6,240","6,270","6,270","6,130","714,18K","-0,64%"
"31.03.2015","6,280","6,270","6,280","6,200","728,67K","0,16%"
"30.03.2015","6,270","6,330","6,350","6,180","854,25K","-0,79%"
"27.03.2015","6,320","6,370","6,390","6,260","494,45K","-0,32%"
"26.03.2015","6,340","6,250","6,340","6,180","689,92K","1,12%"
"25.03.2015","6,270","6,370","6,450","6,240","2,35M","-1,57%"
"24.03.2015","6,370","6,300","6,380","6,260","751,56K","1,11%"
"23.03.2015","6,300","6,320","6,360","6,280","824,00K","0,00%"
"20.03.2015","6,300","6,260","6,300","6,210","1,30M","0,80%"
"19.03.2015","6,250","6,080","6,270","6,080","1,21M","3,31%"
"18.03.2015","6,050","6,050","6,070","5,970","633,42K","0,50%"
"17.03.2015","6,020","6,050","6,120","5,970","807,57K","-0,82%"
"16.03.2015","6,070","6,070","6,150","6,060","471,63K","0,50%"
"13.03.2015","6,040","6,100","6,170","6,030","1,32M","-0,33%"
"12.03.2015","6,060","6,200","6,200","6,050","1,32M","-1,30%"
"11.03.2015","6,140","6,200","6,280","6,120","1,26M","0,33%"
"10.03.2015","6,120","6,280","6,300","6,120","1,32M","-2,08%"
"09.03.2015","6,250","6,490","6,490","6,230","3,13M","-3,85%"
"06.03.2015","6,500","6,390","6,540","6,360","1,36M","2,20%"
"05.03.2015","6,360","6,350","6,440","6,310","979,52K","0,95%"
"04.03.2015","6,300","6,340","6,420","6,210","1,28M","-0,79%"
"03.03.2015","6,350","6,550","6,570","6,330","911,93K","-2,61%"
"02.03.2015","6,520","6,600","6,720","6,430","2,58M","-0,46%"
"27.02.2015","6,550","6,770","6,780","6,500","1,53M","-2,53%"
"26.02.2015","6,720","6,400","6,850","6,380","3,14M","5,33%"
"25.02.2015","6,380","6,410","6,420","6,350","1,05M","-0,47%"
"24.02.2015","6,410","6,320","6,450","6,280","2,44M","1,58%"
"23.02.2015","6,310","6,350","6,380","6,230","1,07M","0,16%"
"20.02.2015","6,300","6,300","6,330","6,210","945,80K","0,00%"
"19.02.2015","6,300","6,100","6,340","6,050","2,70M","3,96%"
"18.02.2015","6,060","6,010","6,090","5,960","1,06M","1,17%"
"17.02.2015","5,990","5,990","6,050","5,920","710,33K","-0,50%"
"16.02.2015","6,020","6,080","6,140","6,010","681,59K","-1,15%"
"13.02.2015","6,090","6,070","6,140","6,010","914,16K","1,16%"
"12.02.2015","6,020","5,940","6,060","5,810","1,19M","2,38%"
"11.02.2015","5,880","6,070","6,070","5,870","1,04M","-2,49%"
"10.02.2015","6,030","6,040","6,130","6,020","1,32M","0,33%"
"09.02.2015","6,010","6,120","6,180","6,010","2,77M","-2,12%"
"06.02.2015","6,140","6,230","6,240","6,120","1,27M","-0,81%"
"05.02.2015","6,190","6,170","6,280","6,130","1,73M","-1,75%"
"04.02.2015","6,300","6,370","6,380","6,250","1,06M","-0,79%"
"03.02.2015","6,350","6,200","6,350","6,200","1,53M","1,93%"
"02.02.2015","6,230","6,040","6,240","5,950","1,13M","3,83%"
"30.01.2015","6,000","6,280","6,370","6,000","4,21M","-4,00%"
"29.01.2015","6,250","6,020","6,270","6,010","1,30M","3,99%"
"28.01.2015","6,010","6,180","6,270","5,980","1,40M","-0,66%"
"27.01.2015","6,050","6,220","6,300","6,020","1,36M","-2,58%"
"26.01.2015","6,210","5,920","6,240","5,830","3,06M","4,02%"
"23.01.2015","5,970","5,800","5,970","5,800","1,75M","2,93%"
"22.01.2015","5,800","5,850","5,920","5,800","2,60M","-0,68%"
"21.01.2015","5,840","5,790","5,850","5,770","664,68K","0,17%"
"20.01.2015","5,830","5,820","5,860","5,750","928,20K","0,34%"
"19.01.2015","5,810","5,690","5,810","5,650","903,46K","2,11%"
"16.01.2015","5,690","5,500","5,690","5,500","712,98K","3,08%"
"15.01.2015","5,520","5,620","5,640","5,450","830,10K","-0,72%"
"14.01.2015","5,560","5,680","5,720","5,520","467,16K","-3,30%"
"13.01.2015","5,750","5,580","5,770","5,540","503,24K","2,31%"
"12.01.2015","5,620","5,670","5,750","5,520","402,40K","-0,53%"
"09.01.2015","5,650","5,630","5,760","5,570","377,23K","-1,57%"
"08.01.2015","5,740","5,700","5,770","5,660","503,90K","1,06%"
"07.01.2015","5,680","5,530","5,680","5,440","535,04K","1,97%"
"06.01.2015","5,570","5,630","5,700","5,530","316,48K","-1,59%"
"05.01.2015","5,660","5,630","5,760","5,600","434,41K","-0,88%"
"02.01.2015","5,710","5,500","5,730","5,440","479,06K","4,39%"