"Fecha","Último","Apertura","Máximo","Mínimo","Vol.","% var."
"31.12.2025","13,150","13,250","13,280","13,150","675,72K","-0,72%"
"30.12.2025","13,245","13,130","13,275","13,110","1,28M","0,72%"
"29.12.2025","13,150","13,065","13,195","13,055","1,75M","0,04%"
"24.12.2025","13,145","13,130","13,185","13,130","361,94K","-0,34%"
"23.12.2025","13,190","13,135","13,200","13,065","844,97K","0,34%"
"22.12.2025","13,145","13,100","13,145","13,020","952,59K","-0,49%"
"19.12.2025","13,210","13,100","13,230","13,050","1,96M","-2,26%"
"18.12.2025","13,515","13,550","13,655","13,490","1,69M","0,30%"
"17.12.2025","13,475","13,430","13,520","13,405","1,07M","0,26%"
"16.12.2025","13,440","13,560","13,560","13,415","927,28K","-0,30%"
"15.12.2025","13,480","13,580","13,580","13,465","1,09M","0,19%"
"12.12.2025","13,455","13,410","13,515","13,370","880,93K","0,22%"
"11.12.2025","13,425","13,630","13,630","13,405","1,63M","-1,68%"
"10.12.2025","13,655","13,820","13,850","13,655","941,76K","-1,23%"
"09.12.2025","13,825","14,000","14,000","13,825","912,34K","-1,07%"
"08.12.2025","13,975","13,935","14,145","13,925","848,30K","0,54%"
"05.12.2025","13,900","13,940","13,960","13,865","850,70K","-0,64%"
"04.12.2025","13,990","13,950","14,035","13,810","988,14K","-0,07%"
"03.12.2025","14,000","14,135","14,135","13,930","2,16M","-2,41%"
"02.12.2025","14,345","14,300","14,400","14,245","662,17K","0,60%"
"01.12.2025","14,260","14,250","14,305","14,195","601,85K","0,11%"
"28.11.2025","14,245","14,250","14,275","14,100","460,09K","0,32%"
"27.11.2025","14,200","14,225","14,260","14,160","370,60K","0,04%"
"26.11.2025","14,195","14,030","14,195","14,010","475,10K","1,36%"
"25.11.2025","14,005","14,130","14,135","13,970","415,71K","-0,60%"
"24.11.2025","14,090","14,075","14,180","14,015","714,19K","0,21%"
"21.11.2025","14,060","14,105","14,145","13,990","698,07K","-0,07%"
"20.11.2025","14,070","13,950","14,120","13,900","703,30K","1,01%"
"19.11.2025","13,930","13,960","14,040","13,910","820,66K","-0,75%"
"18.11.2025","14,035","14,100","14,130","13,980","878,95K","-1,06%"
"17.11.2025","14,185","14,100","14,240","14,085","550,34K","0,67%"
"14.11.2025","14,090","14,220","14,265","14,055","780,03K","-0,74%"
"13.11.2025","14,195","14,165","14,245","14,120","558,72K","0,60%"
"12.11.2025","14,110","14,230","14,250","14,065","606,22K","-0,35%"
"11.11.2025","14,160","14,290","14,290","14,100","871,22K","-0,11%"
"10.11.2025","14,175","14,300","14,305","14,140","767,89K","-1,19%"
"07.11.2025","14,345","14,255","14,355","14,220","1,44M","0,70%"
"06.11.2025","14,245","14,150","14,270","14,020","1,15M","1,28%"
"05.11.2025","14,065","13,900","14,065","13,880","864,95K","1,22%"
"04.11.2025","13,895","13,715","13,895","13,620","739,23K","1,31%"
"03.11.2025","13,715","13,800","13,895","13,610","808,92K","-0,36%"
"31.10.2025","13,765","13,950","14,005","13,765","1,40M","-2,34%"
"30.10.2025","14,095","14,000","14,095","13,940","589,04K","0,82%"
"29.10.2025","13,980","14,280","14,305","13,975","999,38K","-2,14%"
"28.10.2025","14,285","14,290","14,360","14,210","771,89K","-0,03%"
"27.10.2025","14,290","14,160","14,295","14,130","803,42K","0,85%"
"24.10.2025","14,170","14,160","14,210","14,030","627,14K","-0,11%"
"23.10.2025","14,185","14,200","14,280","14,135","655,29K","-0,11%"
"22.10.2025","14,200","14,100","14,235","14,085","1,16M","1,00%"
"21.10.2025","14,060","13,970","14,220","13,815","933,91K","0,21%"
"20.10.2025","14,030","13,935","14,040","13,850","927,18K","1,12%"
"17.10.2025","13,875","13,760","13,925","13,625","693,73K","1,09%"
"16.10.2025","13,725","13,890","13,940","13,685","727,13K","-0,69%"
"15.10.2025","13,820","13,675","13,845","13,675","795,63K","0,66%"
"14.10.2025","13,730","13,615","13,780","13,595","1,19M","1,22%"
"13.10.2025","13,565","13,670","13,690","13,535","684,72K","-0,26%"
"10.10.2025","13,600","13,450","13,640","13,450","730,03K","1,12%"
"09.10.2025","13,450","13,425","13,485","13,395","540,30K","0,52%"
"08.10.2025","13,380","13,350","13,475","13,350","617,04K","0,15%"
"07.10.2025","13,360","13,405","13,425","13,335","628,80K","-0,26%"
"06.10.2025","13,395","13,520","13,520","13,340","610,21K","-0,52%"
"03.10.2025","13,465","13,310","13,465","13,280","929,16K","1,16%"
"02.10.2025","13,310","13,285","13,320","13,195","874,80K","-0,04%"
"01.10.2025","13,315","13,330","13,420","13,235","686,64K","0,04%"
"30.09.2025","13,310","13,190","13,315","13,125","704,99K","0,83%"
"29.09.2025","13,200","13,220","13,265","13,145","595,94K","-0,15%"
"26.09.2025","13,220","13,155","13,265","13,150","658,24K","0,49%"
"25.09.2025","13,155","13,030","13,260","13,000","918,31K","1,04%"
"24.09.2025","13,020","13,055","13,155","13,020","1,61M","0,00%"
"23.09.2025","13,020","13,120","13,150","13,020","1,26M","-0,46%"
"22.09.2025","13,080","13,140","13,175","13,040","1,01M","-0,46%"
"19.09.2025","13,140","13,085","13,175","13,060","1,74M","0,31%"
"18.09.2025","13,100","13,105","13,185","13,045","588,24K","-0,04%"
"17.09.2025","13,105","13,165","13,180","13,075","605,43K","-0,53%"
"16.09.2025","13,175","13,395","13,395","13,160","782,33K","-1,20%"
"15.09.2025","13,335","13,350","13,425","13,305","665,78K","0,15%"
"12.09.2025","13,315","13,190","13,360","13,180","633,20K","1,02%"
"11.09.2025","13,180","13,220","13,260","13,150","568,21K","-0,19%"
"10.09.2025","13,205","13,170","13,245","13,125","439,66K","0,04%"
"09.09.2025","13,200","13,215","13,240","13,140","507,62K","0,00%"
"08.09.2025","13,200","13,200","13,235","13,145","425,79K","0,04%"
"05.09.2025","13,195","13,170","13,195","13,100","528,57K","0,30%"
"04.09.2025","13,155","13,040","13,240","13,040","562,19K","0,27%"
"03.09.2025","13,120","13,120","13,145","13,000","863,27K","0,08%"
"02.09.2025","13,110","13,200","13,235","13,100","799,51K","-0,98%"
"01.09.2025","13,240","13,345","13,345","13,230","455,43K","-0,56%"
"29.08.2025","13,315","13,400","13,420","13,295","468,52K","-0,60%"
"28.08.2025","13,395","13,475","13,480","13,315","368,32K","-0,74%"
"27.08.2025","13,495","13,305","13,495","13,300","419,55K","1,47%"
"26.08.2025","13,300","13,395","13,425","13,300","367,61K","-0,89%"
"25.08.2025","13,420","13,500","13,505","13,375","449,44K","-0,70%"
"22.08.2025","13,515","13,450","13,610","13,450","555,31K","0,19%"
"21.08.2025","13,490","13,430","13,490","13,350","819,76K","0,90%"
"20.08.2025","13,370","13,255","13,440","13,245","775,89K","1,25%"
"19.08.2025","13,205","13,185","13,275","13,150","554,91K","-0,11%"
"18.08.2025","13,220","13,260","13,350","13,215","554,14K","-0,26%"
"15.08.2025","13,255","13,250","13,295","13,200","530,83K","0,08%"
"14.08.2025","13,245","13,180","13,245","13,135","701,06K","0,95%"
"13.08.2025","13,120","13,100","13,225","13,100","583,98K","0,46%"
"12.08.2025","13,060","13,200","13,235","13,060","528,56K","-0,91%"
"11.08.2025","13,180","13,165","13,185","13,055","610,96K","0,38%"
"08.08.2025","13,130","13,225","13,295","13,120","580,04K","-0,45%"
"07.08.2025","13,190","13,265","13,270","13,115","610,46K","-0,64%"
"06.08.2025","13,275","13,270","13,290","13,170","566,08K","0,30%"
"05.08.2025","13,235","13,290","13,330","13,160","643,65K","-0,38%"
"04.08.2025","13,285","13,205","13,290","13,165","602,44K","0,64%"
"01.08.2025","13,200","13,080","13,245","13,080","664,79K","0,65%"
"31.07.2025","13,115","13,215","13,260","13,085","842,19K","-0,87%"
"30.07.2025","13,230","13,145","13,265","13,100","747,10K","0,88%"
"29.07.2025","13,115","13,145","13,185","13,025","891,01K","-0,34%"
"28.07.2025","13,160","13,315","13,335","13,130","706,82K","-0,57%"
"25.07.2025","13,235","13,365","13,370","13,180","753,38K","-0,79%"
"24.07.2025","13,340","13,285","13,470","13,280","794,14K","0,53%"
"23.07.2025","13,270","13,600","13,600","13,255","1,33M","-2,14%"
"22.07.2025","13,560","13,470","13,715","13,220","1,05M","0,63%"
"21.07.2025","13,475","13,470","13,500","13,400","469,90K","0,63%"
"18.07.2025","13,390","13,315","13,455","13,295","636,52K","0,68%"
"17.07.2025","13,300","13,360","13,390","13,300","551,50K","-0,45%"
"16.07.2025","13,360","13,360","13,400","13,305","435,26K","0,19%"
"15.07.2025","13,335","13,435","13,475","13,285","762,02K","-0,78%"
"14.07.2025","13,440","13,365","13,440","13,265","459,53K","0,90%"
"11.07.2025","13,320","13,235","13,320","13,220","481,44K","0,72%"
"10.07.2025","13,225","13,400","13,435","13,220","793,96K","-1,31%"
"09.07.2025","13,400","13,435","13,480","13,355","761,02K","-0,26%"
"08.07.2025","13,435","13,405","13,460","13,370","596,24K","-0,07%"
"07.07.2025","13,445","13,650","13,650","13,285","1,08M","-1,57%"
"04.07.2025","13,660","13,650","13,685","13,550","599,17K","0,07%"
"03.07.2025","13,650","13,515","13,650","13,510","922,67K","0,74%"
"02.07.2025","13,550","13,680","13,725","13,510","871,04K","-0,66%"
"01.07.2025","13,640","13,770","13,905","13,590","1,64M","-4,55%"
"30.06.2025","14,290","14,400","14,400","14,275","1,53M","0,32%"
"27.06.2025","14,245","14,320","14,440","14,200","1,10M","-0,31%"
"26.06.2025","14,290","14,270","14,310","14,180","752,42K","0,74%"
"25.06.2025","14,185","14,295","14,330","14,145","772,27K","-0,77%"
"24.06.2025","14,295","14,495","14,495","14,180","1,05M","-1,41%"
"23.06.2025","14,500","14,290","14,500","14,265","833,99K","1,08%"
"20.06.2025","14,345","14,310","14,375","14,165","2,56M","0,42%"
"19.06.2025","14,285","14,340","14,385","14,235","428,01K","-0,63%"
"18.06.2025","14,375","14,290","14,375","14,185","936,59K","0,77%"
"17.06.2025","14,265","14,180","14,275","14,110","877,32K","0,49%"
"16.06.2025","14,195","14,225","14,345","14,160","577,18K","-0,42%"
"13.06.2025","14,255","14,255","14,280","14,130","529,32K","-0,28%"
"12.06.2025","14,295","14,200","14,295","14,135","586,39K","1,06%"
"11.06.2025","14,145","14,115","14,170","14,040","597,22K","-0,11%"
"10.06.2025","14,160","14,095","14,245","14,095","617,73K","0,57%"
"09.06.2025","14,080","14,145","14,170","14,020","481,88K","0,39%"
"06.06.2025","14,025","14,070","14,080","13,965","406,19K","-0,04%"
"05.06.2025","14,030","14,030","14,085","13,945","524,32K","-0,46%"
"04.06.2025","14,095","14,200","14,200","14,030","659,24K","-0,49%"
"03.06.2025","14,165","14,280","14,300","14,115","703,57K","-0,18%"
"02.06.2025","14,190","14,200","14,255","14,085","429,70K","0,18%"
"30.05.2025","14,165","14,210","14,330","14,165","1,03M","0,11%"
"29.05.2025","14,150","14,160","14,210","14,010","495,35K","-0,32%"
"28.05.2025","14,195","14,350","14,365","14,145","744,16K","-0,77%"
"27.05.2025","14,305","14,385","14,395","14,260","1,00M","-0,31%"
"26.05.2025","14,350","14,200","14,370","14,120","1,16M","2,14%"
"23.05.2025","14,050","13,900","14,075","13,850","1,33M","1,55%"
"22.05.2025","13,835","13,810","13,870","13,705","581,67K","0,18%"
"21.05.2025","13,810","13,650","13,850","13,650","895,88K","1,10%"
"20.05.2025","13,660","13,475","13,660","13,475","945,16K","1,26%"
"19.05.2025","13,490","13,500","13,525","13,365","605,75K","0,33%"
"16.05.2025","13,445","13,345","13,470","13,300","599,32K","1,28%"
"15.05.2025","13,275","13,140","13,295","13,060","696,55K","1,53%"
"14.05.2025","13,075","13,010","13,170","13,000","683,55K","0,23%"
"13.05.2025","13,045","13,130","13,190","13,035","856,53K","-0,50%"
"12.05.2025","13,110","13,360","13,405","13,000","1,18M","-1,58%"
"09.05.2025","13,320","13,370","13,495","13,320","1,59K","-0,37%"
"08.05.2025","13,370","13,615","13,635","13,355","1,07M","-2,41%"
"07.05.2025","13,700","13,730","13,785","13,685","605,50K","0,04%"
"06.05.2025","13,695","13,665","13,810","13,665","748,10K","0,77%"
"05.05.2025","13,590","13,600","13,650","13,540","532,28K","0,00%"
"02.05.2025","13,590","13,800","13,830","13,410","1,20M","-1,31%"
"30.04.2025","13,770","13,640","13,770","13,470","1,34M","1,70%"
"29.04.2025","13,540","13,410","13,690","13,345","21,55K","0,97%"
"28.04.2025","13,410","13,400","13,460","13,345","1,58K","0,56%"
"25.04.2025","13,335","13,360","13,405","13,285","1,52K","0,19%"
"24.04.2025","13,310","13,245","13,400","13,245","717,53K","0,60%"
"23.04.2025","13,230","13,450","13,455","13,115","0,56K","-1,19%"
"22.04.2025","13,390","13,395","13,485","13,295","773,46K","-0,26%"
"17.04.2025","13,425","13,300","13,425","13,195","651,89K","0,90%"
"16.04.2025","13,305","13,210","13,315","13,120","1,03M","1,49%"
"15.04.2025","13,110","12,990","13,110","12,870","934,33K","1,63%"
"14.04.2025","12,900","12,950","12,965","12,790","656,75K","0,86%"
"11.04.2025","12,790","12,760","12,860","12,640","1,18M","0,27%"
"10.04.2025","12,755","13,200","13,200","12,530","1,11M","2,41%"
"09.04.2025","12,455","12,500","12,575","12,355","1,14M","-2,24%"
"08.04.2025","12,740","12,570","12,785","12,400","1,18M","1,51%"
"07.04.2025","12,550","12,850","13,010","12,300","1,73K","-5,71%"
"04.04.2025","13,310","13,730","13,880","13,270","2,25M","-2,56%"
"03.04.2025","13,660","13,260","13,660","13,240","1,36M","3,02%"
"02.04.2025","13,260","13,290","13,310","13,230","533,58K","-0,38%"
"01.04.2025","13,310","13,270","13,330","13,150","692,70K","-0,08%"
"31.03.2025","13,320","13,340","13,400","13,210","825,04K","0,23%"
"28.03.2025","13,290","13,150","13,350","13,100","1,24M","1,22%"
"27.03.2025","13,130","13,020","13,150","12,950","889,79K","0,84%"
"26.03.2025","13,020","12,990","13,190","12,960","1,21M","0,62%"
"25.03.2025","12,940","12,930","13,040","12,910","580,95K","0,31%"
"24.03.2025","12,900","12,960","13,120","12,850","773,97K","-0,46%"
"21.03.2025","12,960","13,000","13,040","12,890","3,15K","-0,31%"
"20.03.2025","13,000","12,880","13,050","12,870","1,81K","1,40%"
"19.03.2025","12,820","12,900","12,920","12,780","1,71K","-0,16%"
"18.03.2025","12,840","12,870","12,900","12,760","947,14K","0,00%"
"17.03.2025","12,840","12,860","12,980","12,820","613,29K","0,63%"
"14.03.2025","12,760","12,930","12,970","12,730","763,05K","-1,31%"
"13.03.2025","12,930","12,810","12,980","12,760","819,03K","1,41%"
"12.03.2025","12,750","13,090","13,160","12,650","1,45M","-2,60%"
"11.03.2025","13,090","13,190","13,380","13,050","1,50M","-0,76%"
"10.03.2025","13,190","12,700","13,270","12,700","2,11M","3,78%"
"07.03.2025","12,710","12,400","12,750","12,380","1,31M","2,75%"
"06.03.2025","12,370","12,200","12,390","12,100","1,23M","1,06%"
"05.03.2025","12,240","12,400","12,410","12,200","1,18M","-1,45%"
"04.03.2025","12,420","12,310","12,510","12,300","927,81K","0,57%"
"03.03.2025","12,350","12,500","12,510","12,120","1,60M","-1,52%"
"28.02.2025","12,540","12,790","12,810","12,500","1,37M","-1,57%"
"27.02.2025","12,740","12,630","12,740","12,480","1,32M","0,79%"
"26.02.2025","12,640","12,600","12,640","12,540","1,18M","0,08%"
"25.02.2025","12,630","12,310","12,630","12,270","1,84K","2,93%"
"24.02.2025","12,270","12,200","12,330","12,170","1,09M","1,07%"
"21.02.2025","12,140","12,080","12,170","12,050","931,50K","0,91%"
"20.02.2025","12,030","11,960","12,130","11,960","1,76M","0,92%"
"19.02.2025","11,920","12,170","12,190","11,890","0,34K","-1,89%"
"18.02.2025","12,150","12,250","12,330","11,830","3,60K","-0,74%"
"17.02.2025","12,240","12,110","12,280","12,090","1,01M","0,66%"
"14.02.2025","12,160","12,270","12,310","12,110","842,82K","-1,14%"
"13.02.2025","12,300","12,110","12,320","12,110","949,29K","1,82%"
"12.02.2025","12,080","12,090","12,190","12,060","851,27K","0,25%"
"11.02.2025","12,050","12,130","12,180","12,050","660,88K","-0,50%"
"10.02.2025","12,110","12,100","12,170","12,050","806,89K","-0,08%"
"07.02.2025","12,120","12,050","12,240","12,040","732,36K","0,08%"
"06.02.2025","12,110","12,240","12,340","12,110","806,29K","-1,06%"
"05.02.2025","12,240","12,300","12,360","12,080","943,11K","-0,49%"
"04.02.2025","12,300","12,230","12,350","12,190","641,11K","0,49%"
"03.02.2025","12,240","12,170","12,390","12,140","1,05M","0,16%"
"31.01.2025","12,220","12,140","12,300","12,140","1,02M","0,58%"
"30.01.2025","12,150","12,050","12,180","11,990","707,67K","0,91%"
"29.01.2025","12,040","11,990","12,060","11,860","0,70K","0,50%"
"28.01.2025","11,980","11,910","12,080","11,880","759,89K","0,42%"
"27.01.2025","11,930","11,820","12,020","11,820","820,55K","0,93%"
"24.01.2025","11,820","12,020","12,120","11,780","906,27K","-1,58%"
"23.01.2025","12,010","11,830","12,040","11,810","1,44M","1,87%"
"22.01.2025","11,790","11,920","11,940","11,710","1,08M","-1,17%"
"21.01.2025","11,930","11,900","11,940","11,840","507,03K","-0,08%"
"20.01.2025","11,940","12,030","12,070","11,920","638,02K","-1,08%"
"17.01.2025","12,070","11,870","12,160","11,870","1,39M","2,03%"
"16.01.2025","11,830","11,790","11,830","11,690","967,47K","0,51%"
"15.01.2025","11,770","11,830","11,830","11,690","874,29K","0,26%"
"14.01.2025","11,740","11,820","11,850","11,730","897,34K","0,00%"
"13.01.2025","11,740","11,630","11,830","11,610","1,18M","0,77%"
"10.01.2025","11,650","11,770","11,840","11,630","1,73M","-2,35%"
"09.01.2025","11,930","11,960","12,060","11,920","755,96K","-0,50%"
"08.01.2025","11,990","11,900","12,020","11,750","4,94K","0,67%"
"07.01.2025","11,910","11,810","11,980","11,770","912,77K","0,59%"
"06.01.2025","11,840","11,860","11,900","11,740","1,06M","-0,17%"
"03.01.2025","11,860","11,980","12,000","11,820","919,77K","-0,84%"
"02.01.2025","11,960","11,900","11,970","11,810","972,68K","1,53%"
"31.12.2024","11,780","11,640","11,820","11,640","1,18M","0,94%"
"30.12.2024","11,670","11,710","11,770","11,610","1,56M","-0,68%"
"27.12.2024","11,750","11,710","11,790","11,650","2,28M","-0,25%"
"24.12.2024","11,780","11,680","11,840","11,680","669,24K","0,68%"
"23.12.2024","11,700","12,110","12,140","11,580","2,33M","-3,15%"
"20.12.2024","12,080","11,850","12,080","11,820","3,26M","1,43%"
"19.12.2024","11,910","12,000","12,040","11,830","1,33M","-1,57%"
"18.12.2024","12,100","12,180","12,210","12,060","781,69K","-1,06%"
"17.12.2024","12,230","12,220","12,270","12,060","895,36K","-0,33%"
"16.12.2024","12,270","12,140","12,300","12,090","1,27M","0,82%"
"13.12.2024","12,170","12,180","12,250","12,080","0,20K","-0,57%"
"12.12.2024","12,240","12,320","12,360","12,190","1,34M","-1,21%"
"11.12.2024","12,390","12,550","12,560","12,380","845,07K","-1,59%"
"10.12.2024","12,590","12,580","12,590","12,410","0,02K","-3,00%"
"09.12.2024","12,980","13,070","13,120","12,960","1,58M","-0,15%"
"06.12.2024","13,000","13,120","13,120","13,000","890,95K","-0,76%"
"05.12.2024","13,100","12,970","13,150","12,950","1,07M","1,31%"
"04.12.2024","12,930","12,820","13,060","12,800","976,94K","0,86%"
"03.12.2024","12,820","12,850","12,880","12,780","737,20K","-0,23%"
"02.12.2024","12,850","13,030","13,060","12,790","780,23K","-1,00%"
"29.11.2024","12,980","13,010","13,030","12,900","531,57K","0,08%"
"28.11.2024","12,970","12,910","13,040","12,890","428,52K","0,00%"
"27.11.2024","12,970","12,900","12,970","12,820","529,51K","0,70%"
"26.11.2024","12,880","12,890","12,920","12,820","689,34K","0,00%"
"25.11.2024","12,880","12,900","12,930","12,840","1,00M","0,00%"
"22.11.2024","12,880","12,720","12,890","12,690","652,50K","1,50%"
"21.11.2024","12,690","12,740","12,790","12,670","535,51K","-0,39%"
"20.11.2024","12,740","12,760","12,830","12,700","530,45K","0,00%"
"19.11.2024","12,740","12,800","12,840","12,700","641,48K","0,08%"
"18.11.2024","12,730","12,810","12,820","12,720","573,22K","0,16%"
"15.11.2024","12,710","12,630","12,800","12,630","690,90K","0,39%"
"14.11.2024","12,660","12,560","12,670","12,470","544,16K","1,36%"
"13.11.2024","12,490","12,450","12,550","12,440","607,89K","0,00%"
"12.11.2024","12,490","12,550","12,550","12,440","1,09M","-0,87%"
"11.11.2024","12,600","12,730","12,730","12,580","795,49K","-0,40%"
"08.11.2024","12,650","12,600","12,700","12,590","1,08M","0,40%"
"07.11.2024","12,600","12,660","12,750","12,580","852,90K","-0,40%"
"06.11.2024","12,650","12,830","12,870","12,590","1,27M","-1,63%"
"05.11.2024","12,860","12,930","12,950","12,810","1,09M","-0,69%"
"04.11.2024","12,950","12,930","13,010","12,900","923,24K","0,15%"
"01.11.2024","12,930","13,030","13,080","12,880","1,16M","-0,69%"
"31.10.2024","13,020","13,250","13,280","12,970","2,09M","-1,81%"
"30.10.2024","13,260","13,330","13,400","13,180","840,69K","-0,53%"
"29.10.2024","13,330","13,520","13,550","13,290","697,76K","-1,41%"
"28.10.2024","13,520","13,620","13,660","13,500","613,00K","-0,52%"
"25.10.2024","13,590","13,620","13,670","13,550","481,97K","-0,59%"
"24.10.2024","13,670","13,660","13,740","13,580","766,29K","0,29%"
"23.10.2024","13,630","13,360","13,690","13,360","1,30M","2,40%"
"22.10.2024","13,310","13,300","13,400","13,110","1,50M","-0,60%"
"21.10.2024","13,390","13,510","13,570","13,390","980,76K","-1,18%"
"18.10.2024","13,550","13,460","13,560","13,450","761,25K","0,59%"
"17.10.2024","13,470","13,560","13,700","13,450","939,14K","-0,37%"
"16.10.2024","13,520","13,430","13,530","13,420","729,69K","0,67%"
"15.10.2024","13,430","13,380","13,590","13,360","871,99K","0,52%"
"14.10.2024","13,360","13,420","13,420","13,240","489,14K","0,30%"
"11.10.2024","13,320","13,330","13,480","13,310","552,14K","0,15%"
"10.10.2024","13,300","13,550","13,570","13,220","1,40M","-2,35%"
"09.10.2024","13,620","13,510","13,680","13,490","370,27K","0,59%"
"08.10.2024","13,540","13,510","13,570","13,480","524,84K","0,15%"
"07.10.2024","13,520","13,550","13,590","13,490","512,84K","-0,37%"
"04.10.2024","13,570","13,550","13,650","13,430","825,52K","0,37%"
"03.10.2024","13,520","13,590","13,680","13,510","785,59K","-0,73%"
"02.10.2024","13,620","13,840","14,030","13,580","1,07M","-1,52%"
"01.10.2024","13,830","13,800","13,920","13,720","678,59K","0,36%"
"30.09.2024","13,780","13,850","13,890","13,710","610,84K","-0,65%"
"27.09.2024","13,870","13,770","13,890","13,770","532,03K","0,58%"
"26.09.2024","13,790","13,790","13,840","13,730","590,07K","0,07%"
"25.09.2024","13,780","13,760","13,780","13,690","439,62K","0,07%"
"24.09.2024","13,770","13,760","13,830","13,690","376,96K","0,07%"
"23.09.2024","13,760","13,540","13,780","13,540","520,68K","1,70%"
"20.09.2024","13,530","13,730","13,760","13,530","3,36M","-1,24%"
"19.09.2024","13,700","13,840","13,860","13,620","992,05K","-0,51%"
"18.09.2024","13,770","14,070","14,070","13,760","1,01M","-2,20%"
"17.09.2024","14,080","14,080","14,140","14,000","1,27M","0,00%"
"16.09.2024","14,080","13,810","14,100","13,740","962,18K","2,18%"
"13.09.2024","13,780","13,840","13,930","13,750","567,52K","0,07%"
"12.09.2024","13,770","14,060","14,090","13,770","718,24K","-1,43%"
"11.09.2024","13,970","14,030","14,100","13,970","573,42K","-0,36%"
"10.09.2024","14,020","14,150","14,240","14,020","538,54K","-0,78%"
"09.09.2024","14,130","14,040","14,140","14,030","553,47K","0,21%"
"06.09.2024","14,100","14,260","14,270","14,020","673,20K","-1,26%"
"05.09.2024","14,280","14,000","14,340","13,960","1,18M","1,78%"
"04.09.2024","14,030","13,900","14,040","13,780","825,53K","0,50%"
"03.09.2024","13,960","13,970","14,040","13,900","620,95K","-0,07%"
"02.09.2024","13,970","13,890","13,970","13,850","315,76K","0,07%"
"30.08.2024","13,960","13,840","13,970","13,840","781,90K","1,16%"
"29.08.2024","13,800","13,850","13,910","13,760","427,81K","-0,50%"
"28.08.2024","13,870","13,660","13,890","13,640","684,19K","1,09%"
"27.08.2024","13,720","13,710","13,770","13,660","589,09K","0,00%"
"26.08.2024","13,720","13,640","13,740","13,640","385,59K","0,37%"
"23.08.2024","13,670","13,590","13,680","13,560","440,42K","0,96%"
"22.08.2024","13,540","13,480","13,620","13,480","420,36K","0,45%"
"21.08.2024","13,480","13,590","13,600","13,460","437,46K","-0,59%"
"20.08.2024","13,560","13,610","13,700","13,510","345,99K","-0,73%"
"19.08.2024","13,660","13,650","13,720","13,620","315,64K","0,29%"
"16.08.2024","13,620","13,580","13,660","13,540","470,80K","0,37%"
"15.08.2024","13,570","13,730","13,780","13,550","496,83K","-1,02%"
"14.08.2024","13,710","13,730","13,740","13,660","335,44K","0,15%"
"13.08.2024","13,690","13,550","13,690","13,550","460,24K","1,11%"
"12.08.2024","13,540","13,610","13,650","13,510","535,46K","0,00%"
"09.08.2024","13,540","13,630","13,690","13,510","316,31K","-0,37%"
"08.08.2024","13,590","13,580","13,660","13,480","573,45K","-0,15%"
"07.08.2024","13,610","13,460","13,630","13,390","650,26K","1,49%"
"06.08.2024","13,410","13,300","13,510","13,210","1,20M","0,83%"
"05.08.2024","13,300","13,810","13,940","13,300","1,40M","-5,14%"
"02.08.2024","14,020","13,800","14,130","13,800","1,41M","1,30%"
"01.08.2024","13,840","13,750","13,900","13,630","1,17M","0,00%"
"31.07.2024","13,840","13,750","13,920","13,740","1,69M","0,95%"
"30.07.2024","13,710","13,600","13,720","13,580","963,66K","0,44%"
"29.07.2024","13,650","13,580","13,720","13,560","631,22K","0,22%"
"26.07.2024","13,620","13,610","13,640","13,530","779,92K","-0,37%"
"25.07.2024","13,670","13,580","13,740","13,570","959,30K","0,44%"
"24.07.2024","13,610","13,550","13,710","13,500","1,21M","-0,58%"
"23.07.2024","13,690","13,850","13,850","13,410","1,45M","-0,87%"
"22.07.2024","13,810","13,800","13,880","13,710","936,47K","0,95%"
"19.07.2024","13,680","13,750","13,770","13,560","1,21M","-1,01%"
"18.07.2024","13,820","13,540","13,920","13,540","1,67M","2,83%"
"17.07.2024","13,440","13,230","13,500","13,210","726,80K","0,98%"
"16.07.2024","13,310","13,380","13,420","13,280","730,58K","-0,52%"
"15.07.2024","13,380","13,620","13,630","13,340","852,48K","-1,47%"
"12.07.2024","13,580","13,600","13,630","13,530","867,84K","0,15%"
"11.07.2024","13,560","13,610","13,750","13,520","1,60M","0,07%"
"10.07.2024","13,550","13,350","13,560","13,180","3,24M","6,27%"
"09.07.2024","12,750","12,820","12,860","12,720","1,16M","-0,86%"
"08.07.2024","12,860","12,970","12,990","12,810","1,17M","-0,77%"
"05.07.2024","12,960","13,140","13,160","12,870","1,30M","-1,44%"
"04.07.2024","13,150","12,910","13,150","12,910","829,14K","1,94%"
"03.07.2024","12,900","12,860","12,940","12,790","1,39M","0,86%"
"02.07.2024","12,790","13,060","13,100","12,770","2,74M","-9,29%"
"01.07.2024","14,100","14,170","14,260","14,040","1,81M","1,51%"
"28.06.2024","13,890","14,060","14,120","13,890","1,94M","-0,93%"
"27.06.2024","14,020","14,240","14,250","13,980","1,30M","-1,06%"
"26.06.2024","14,170","14,420","14,490","14,160","1,86M","-1,67%"
"25.06.2024","14,410","14,550","14,580","14,380","907,85K","-0,35%"
"24.06.2024","14,460","14,550","14,560","14,380","3,15M","-0,62%"
"21.06.2024","14,550","14,640","14,640","14,460","3,63M","0,14%"
"20.06.2024","14,530","14,360","14,560","14,290","1,63M","1,32%"
"19.06.2024","14,340","14,440","14,480","14,280","785,21K","-0,49%"
"18.06.2024","14,410","14,080","14,410","14,080","1,39M","2,71%"
"17.06.2024","14,030","14,270","14,310","13,960","2,65M","-1,47%"
"14.06.2024","14,240","14,100","14,300","14,020","1,04M","1,14%"
"13.06.2024","14,080","14,210","14,230","14,010","1,21M","-1,05%"
"12.06.2024","14,230","14,360","14,450","14,230","1,14M","-0,49%"
"11.06.2024","14,300","14,620","14,650","14,150","1,93M","-2,39%"
"10.06.2024","14,650","14,710","14,800","14,580","1,18M","-0,14%"
"07.06.2024","14,670","14,800","14,950","14,620","1,36M","-0,88%"
"06.06.2024","14,800","14,700","14,820","14,670","1,08M","0,75%"
"05.06.2024","14,690","14,580","14,750","14,560","1,59M","1,03%"
"04.06.2024","14,540","14,370","14,570","14,320","2,56M","1,18%"
"03.06.2024","14,370","14,190","14,400","14,150","1,12M","1,70%"
"31.05.2024","14,130","14,030","14,130","13,930","21,28M","0,71%"
"30.05.2024","14,030","13,770","14,030","13,770","1,26M","1,67%"
"29.05.2024","13,800","13,920","13,990","13,780","1,15M","-1,15%"
"28.05.2024","13,960","14,170","14,220","13,950","1,33M","-1,27%"
"27.05.2024","14,140","13,960","14,140","13,930","744,23K","1,36%"
"24.05.2024","13,950","13,770","13,950","13,630","1,33M","0,94%"
"23.05.2024","13,820","13,850","13,910","13,780","1,38M","-0,43%"
"22.05.2024","13,880","14,060","14,060","13,830","2,00M","-1,49%"
"21.05.2024","14,090","14,240","14,250","14,070","1,01M","-1,12%"
"20.05.2024","14,250","14,110","14,410","14,110","1,06M","1,14%"
"17.05.2024","14,090","14,130","14,170","14,060","812,46K","-0,28%"
"16.05.2024","14,130","14,250","14,270","14,120","959,25K","-0,77%"
"15.05.2024","14,240","14,330","14,460","14,230","1,17M","-0,70%"
"14.05.2024","14,340","14,390","14,470","14,220","935,79K","-0,28%"
"13.05.2024","14,380","14,500","14,520","14,350","1,04M","-0,76%"
"10.05.2024","14,490","14,300","14,520","14,300","1,04M","1,33%"
"09.05.2024","14,300","14,140","14,340","14,070","684,48K","1,20%"
"08.05.2024","14,130","14,120","14,170","14,030","686,27K","0,28%"
"07.05.2024","14,090","14,100","14,160","14,010","828,87K","0,28%"
"06.05.2024","14,050","14,150","14,150","14,000","650,93K","0,00%"
"03.05.2024","14,050","13,770","14,150","13,750","947,71K","2,33%"
"02.05.2024","13,730","13,800","13,910","13,730","865,44K","-0,22%"
"30.04.2024","13,760","13,900","13,930","13,760","838,15K","-1,01%"
"29.04.2024","13,900","13,800","13,940","13,720","788,69K","0,87%"
"26.04.2024","13,780","13,720","13,860","13,720","861,27K","0,44%"
"25.04.2024","13,720","13,860","13,860","13,660","888,07K","-0,65%"
"24.04.2024","13,810","13,810","13,850","13,700","989,59K","-0,50%"
"23.04.2024","13,880","13,830","13,960","13,720","985,86K","0,07%"
"22.04.2024","13,870","13,720","13,870","13,690","1,07M","1,39%"
"19.04.2024","13,680","13,550","13,690","13,430","888,24K","1,41%"
"18.04.2024","13,490","13,560","13,650","13,450","1,10M","-0,07%"
"17.04.2024","13,500","13,460","13,520","13,330","1,00M","0,52%"
"16.04.2024","13,430","13,530","13,620","13,430","1,21M","-0,96%"
"15.04.2024","13,560","13,700","13,750","13,560","847,88K","-1,38%"
"12.04.2024","13,750","13,670","13,810","13,600","1,12M","1,10%"
"11.04.2024","13,600","13,510","13,770","13,510","2,17M","0,74%"
"10.04.2024","13,500","13,660","13,820","13,420","1,16M","-0,52%"
"09.04.2024","13,570","13,450","13,660","13,350","1,07M","1,42%"
"08.04.2024","13,380","13,360","13,490","13,330","915,87K","0,15%"
"05.04.2024","13,360","13,750","13,790","13,360","1,54M","-3,12%"
"04.04.2024","13,790","13,760","13,850","13,710","661,46K","0,36%"
"03.04.2024","13,740","13,700","13,780","13,600","678,37K","0,22%"
"02.04.2024","13,710","13,700","13,870","13,690","1,19M","-0,40%"
"28.03.2024","13,765","13,800","13,860","13,665","1,06M","0,51%"
"27.03.2024","13,695","13,500","13,700","13,475","1,02M","1,41%"
"26.03.2024","13,505","13,560","13,580","13,400","999,39K","-0,55%"
"25.03.2024","13,580","13,420","13,590","13,410","1,09M","1,19%"
"22.03.2024","13,420","13,290","13,605","13,260","1,55M","1,82%"
"21.03.2024","13,180","13,440","13,440","13,180","1,40M","-1,53%"
"20.03.2024","13,385","13,365","13,440","13,310","860,29K","-0,15%"
"19.03.2024","13,405","13,225","13,420","13,205","1,04M","1,71%"
"18.03.2024","13,180","13,230","13,285","13,095","1,13M","-0,60%"
"15.03.2024","13,260","13,300","13,380","13,225","5,01M","-0,04%"
"14.03.2024","13,265","13,275","13,425","13,230","1,28M","0,11%"
"13.03.2024","13,250","13,320","13,420","13,245","958,38K","-0,41%"
"12.03.2024","13,305","13,515","13,555","13,280","853,62K","-1,48%"
"11.03.2024","13,505","13,400","13,665","13,390","769,89K","0,86%"
"08.03.2024","13,390","13,450","13,475","13,295","924,95K","-0,48%"
"07.03.2024","13,455","13,155","13,500","13,155","1,32M","2,01%"
"06.03.2024","13,190","13,200","13,350","13,165","1,00M","-0,38%"
"05.03.2024","13,240","13,035","13,245","12,920","1,02M","1,85%"
"04.03.2024","13,000","13,240","13,295","12,915","1,48M","-1,55%"
"01.03.2024","13,205","13,350","13,385","13,085","1,31M","-1,05%"
"29.02.2024","13,345","13,150","13,520","13,150","5,00M","1,33%"
"28.02.2024","13,170","13,425","13,465","13,130","1,87M","-1,42%"
"27.02.2024","13,360","13,600","13,650","13,280","1,67M","-1,91%"
"26.02.2024","13,620","14,310","14,345","13,610","2,61M","-5,19%"
"23.02.2024","14,365","14,600","14,645","14,280","1,56M","-2,15%"
"22.02.2024","14,680","15,030","15,055","14,630","2,44M","-2,33%"
"21.02.2024","15,030","15,300","15,305","14,815","1,74M","0,70%"
"20.02.2024","14,925","14,500","15,100","14,500","2,04M","2,58%"
"19.02.2024","14,550","14,475","14,585","14,470","497,00K","0,52%"
"16.02.2024","14,475","14,500","14,585","14,360","698,32K","0,10%"
"15.02.2024","14,460","14,350","14,480","14,315","626,49K","0,87%"
"14.02.2024","14,335","14,450","14,520","14,335","626,85K","-0,80%"
"13.02.2024","14,450","14,600","14,625","14,450","911,52K","-0,89%"
"12.02.2024","14,580","14,445","14,625","14,415","671,84K","1,21%"
"09.02.2024","14,405","14,500","14,590","14,395","1,25M","-0,79%"
"08.02.2024","14,520","14,460","14,635","14,380","750,35K","0,38%"
"07.02.2024","14,465","14,675","14,720","14,465","1,12M","-1,60%"
"06.02.2024","14,700","14,710","14,740","14,580","892,65K","-0,27%"
"05.02.2024","14,740","14,900","15,000","14,710","892,71K","-1,01%"
"02.02.2024","14,890","15,010","15,075","14,880","624,07K","-0,30%"
"01.02.2024","14,935","15,050","15,100","14,910","745,55K","-1,03%"
"31.01.2024","15,090","15,055","15,160","15,040","816,78K","0,57%"
"30.01.2024","15,005","15,090","15,090","14,850","1,12M","-0,40%"
"29.01.2024","15,065","15,025","15,140","14,995","722,76K","0,67%"
"26.01.2024","14,965","15,195","15,195","14,960","1,24M","-0,96%"
"25.01.2024","15,110","15,295","15,295","15,110","942,05K","-1,08%"
"24.01.2024","15,275","15,360","15,390","15,200","962,16K","-0,07%"
"23.01.2024","15,285","15,470","15,580","15,285","645,15K","-0,91%"
"22.01.2024","15,425","15,210","15,550","15,210","725,09K","1,55%"
"19.01.2024","15,190","15,560","15,585","15,185","1,54M","-2,03%"
"18.01.2024","15,505","15,520","15,565","15,385","582,81K","-0,77%"
"17.01.2024","15,625","15,735","15,735","15,480","977,45K","-1,23%"
"16.01.2024","15,820","15,775","15,940","15,735","654,24K","-0,22%"
"15.01.2024","15,855","15,900","15,965","15,790","406,72K","-0,19%"
"12.01.2024","15,885","15,600","15,885","15,595","637,09K","1,92%"
"11.01.2024","15,585","15,645","15,755","15,585","1,21M","-0,29%"
"10.01.2024","15,630","15,690","15,710","15,545","509,44K","-0,67%"
"09.01.2024","15,735","15,615","15,795","15,585","614,53K","0,70%"
"08.01.2024","15,625","15,700","15,715","15,490","609,57K","-0,67%"
"05.01.2024","15,730","15,740","15,830","15,585","608,17K","-0,41%"
"04.01.2024","15,795","15,640","15,830","15,640","772,26K","1,41%"
"03.01.2024","15,575","15,430","15,635","15,420","912,04K","1,01%"
"02.01.2024","15,420","15,370","15,540","15,255","1,41M","1,02%"
"29.12.2023","15,265","15,310","15,365","15,235","954,10K","-0,23%"
"28.12.2023","15,300","15,445","15,510","15,300","1,61M","-0,84%"
"27.12.2023","15,430","15,510","15,570","15,410","1,05M","-0,93%"
"22.12.2023","15,575","15,500","15,590","15,450","859,68K","0,48%"
"21.12.2023","15,500","15,620","15,665","15,475","1,06M","-1,08%"
"20.12.2023","15,670","16,060","16,060","15,645","1,53M","-6,00%"
"19.12.2023","16,670","16,755","16,805","16,635","1,27M","-0,48%"
"18.12.2023","16,750","16,730","16,875","16,615","1,70M","0,12%"
"15.12.2023","16,730","16,920","16,935","16,680","2,73M","-1,12%"
"14.12.2023","16,920","17,000","17,025","16,780","2,01M","0,42%"
"13.12.2023","16,850","16,800","16,935","16,725","1,83M","0,57%"
"12.12.2023","16,755","16,775","16,940","16,755","950,82K","-0,06%"
"11.12.2023","16,765","16,890","16,895","16,675","738,57K","-0,56%"
"08.12.2023","16,860","16,905","16,905","16,745","718,51K","-0,12%"
"07.12.2023","16,880","17,020","17,065","16,860","811,34K","-0,65%"
"06.12.2023","16,990","17,225","17,240","16,925","1,07M","-1,11%"
"05.12.2023","17,180","17,100","17,225","17,075","835,71K","0,50%"
"04.12.2023","17,095","16,965","17,095","16,940","687,76K","0,59%"
"01.12.2023","16,995","16,840","16,995","16,715","939,67K","1,16%"
"30.11.2023","16,800","16,770","16,940","16,725","2,03M","0,33%"
"29.11.2023","16,745","16,770","16,875","16,705","499,42K","-0,18%"
"28.11.2023","16,775","16,735","16,795","16,600","692,16K","0,27%"
"27.11.2023","16,730","16,775","16,835","16,720","699,56K","-0,15%"
"24.11.2023","16,755","16,580","16,810","16,575","998,99K","1,06%"
"23.11.2023","16,580","16,390","16,595","16,365","531,55K","1,25%"
"22.11.2023","16,375","16,365","16,530","16,335","578,86K","0,43%"
"21.11.2023","16,305","16,365","16,475","16,265","517,79K","-0,37%"
"20.11.2023","16,365","16,160","16,400","16,155","665,82K","1,21%"
"17.11.2023","16,170","16,085","16,210","16,075","854,15K","0,81%"
"16.11.2023","16,040","15,970","16,130","15,970","409,69K","0,63%"
"15.11.2023","15,940","16,000","16,095","15,860","492,17K","-0,25%"
"14.11.2023","15,980","15,880","16,025","15,820","567,46K","0,92%"
"13.11.2023","15,835","15,825","15,875","15,740","778,63K","0,00%"
"10.11.2023","15,835","15,850","15,920","15,750","521,67K","-0,22%"
"09.11.2023","15,870","15,810","15,970","15,810","552,47K","0,41%"
"08.11.2023","15,805","15,980","15,985","15,790","620,83K","-1,06%"
"07.11.2023","15,975","16,070","16,140","15,960","469,82K","-0,84%"
"06.11.2023","16,110","16,105","16,150","16,010","452,71K","0,06%"
"03.11.2023","16,100","16,105","16,240","16,045","514,54K","0,06%"
"02.11.2023","16,090","15,945","16,105","15,845","671,17K","1,67%"
"01.11.2023","15,825","15,800","15,890","15,635","465,25K","0,19%"
"31.10.2023","15,795","15,985","16,095","15,740","626,26K","-0,57%"
"30.10.2023","15,885","15,825","16,005","15,825","429,02K","0,76%"
"27.10.2023","15,765","15,945","16,020","15,765","792,56K","-0,88%"
"26.10.2023","15,905","16,100","16,165","15,900","456,44K","-1,33%"
"25.10.2023","16,120","15,835","16,130","15,815","569,02K","1,45%"
"24.10.2023","15,890","15,650","16,320","15,620","1,29M","1,70%"
"23.10.2023","15,625","15,760","15,810","15,480","854,97K","-0,98%"
"20.10.2023","15,780","15,850","15,970","15,660","1,30M","-1,25%"
"19.10.2023","15,980","15,900","16,000","15,780","559,46K","0,28%"
"18.10.2023","15,935","16,000","16,065","15,905","928,11K","-0,69%"
"17.10.2023","16,045","16,140","16,210","16,025","585,09K","-0,56%"
"16.10.2023","16,135","16,105","16,210","16,030","590,36K","0,09%"
"13.10.2023","16,120","16,120","16,210","16,060","469,09K","0,06%"
"12.10.2023","16,110","16,210","16,270","16,070","456,87K","-0,62%"
"11.10.2023","16,210","16,145","16,370","16,135","937,26K","0,37%"
"10.10.2023","16,150","16,000","16,175","15,950","1,02M","1,32%"
"09.10.2023","15,940","15,795","15,950","15,795","637,48K","1,21%"
"06.10.2023","15,750","15,800","15,800","15,545","628,30K","-0,03%"
"05.10.2023","15,755","15,570","15,820","15,525","913,88K","1,91%"
"04.10.2023","15,460","15,335","15,570","15,280","1,17M","0,98%"
"03.10.2023","15,310","15,325","15,585","15,255","1,06M","-0,16%"
"02.10.2023","15,335","15,740","15,800","15,320","1,34M","-2,20%"
"29.09.2023","15,680","15,650","15,820","15,600","967,67K","0,64%"
"28.09.2023","15,580","15,685","15,825","15,580","568,40K","-0,45%"
"27.09.2023","15,650","15,800","15,855","15,650","818,40K","-1,45%"
"26.09.2023","15,880","15,765","15,970","15,690","616,40K","0,09%"
"25.09.2023","15,865","16,070","16,090","15,775","642,54K","-1,12%"
"22.09.2023","16,045","16,135","16,285","15,985","761,93K","-1,05%"
"21.09.2023","16,215","16,540","16,560","16,175","768,56K","-2,14%"
"20.09.2023","16,570","16,465","16,635","16,410","648,67K","0,64%"
"19.09.2023","16,465","16,330","16,580","16,330","598,29K","0,67%"
"18.09.2023","16,355","16,400","16,490","16,265","442,66K","-0,46%"
"15.09.2023","16,430","16,420","16,495","16,330","1,92M","0,49%"
"14.09.2023","16,350","16,160","16,390","16,105","909,95K","1,24%"
"13.09.2023","16,150","16,105","16,205","16,010","669,03K","-0,03%"
"12.09.2023","16,155","16,000","16,215","16,000","712,38K","0,97%"
"11.09.2023","16,000","15,900","16,025","15,900","759,05K","0,50%"
"08.09.2023","15,920","15,790","15,935","15,760","595,62K","1,21%"
"07.09.2023","15,730","15,550","15,785","15,490","708,43K","0,96%"
"06.09.2023","15,580","15,625","15,665","15,520","546,82K","-0,32%"
"05.09.2023","15,630","15,515","15,700","15,515","478,98K","0,58%"
"04.09.2023","15,540","15,735","15,770","15,540","417,46K","-0,92%"
"01.09.2023","15,685","15,745","15,850","15,655","549,82K","-0,38%"
"31.08.2023","15,745","15,725","15,870","15,725","1,25M","0,29%"
"30.08.2023","15,700","15,725","15,800","15,650","437,41K","-0,03%"
"29.08.2023","15,705","15,605","15,760","15,605","1,15M","0,71%"
"28.08.2023","15,595","15,595","15,600","15,525","","0,39%"
"25.08.2023","15,535","15,430","15,585","15,385","464,71K","0,58%"
"24.08.2023","15,445","15,470","15,530","15,405","456,25K","0,16%"
"23.08.2023","15,420","15,370","15,585","15,350","522,97K","0,78%"
"22.08.2023","15,300","15,340","15,400","15,290","420,45K","0,13%"
"21.08.2023","15,280","15,350","15,500","15,280","612,99K","-0,36%"
"18.08.2023","15,335","15,315","15,410","15,255","484,15K","0,26%"
"17.08.2023","15,295","15,410","15,535","15,280","743,04K","-1,00%"
"16.08.2023","15,450","15,400","15,655","15,350","628,14K","0,00%"
"15.08.2023","15,450","15,735","15,755","15,430","922,17K","-1,72%"
"14.08.2023","15,720","15,880","15,895","15,720","606,15K","-1,04%"
"11.08.2023","15,885","15,970","16,045","15,860","298,27K","-0,75%"
"10.08.2023","16,005","15,960","16,015","15,910","332,98K","0,88%"
"09.08.2023","15,865","15,970","15,985","15,805","457,44K","-0,28%"
"08.08.2023","15,910","15,885","16,025","15,850","532,74K","0,06%"
"07.08.2023","15,900","15,900","15,930","15,690","588,15K","0,03%"
"04.08.2023","15,895","15,750","15,935","15,710","531,92K","0,70%"
"03.08.2023","15,785","15,890","15,920","15,735","723,93K","-0,66%"
"02.08.2023","15,890","16,000","16,050","15,890","988,01K","-0,84%"
"01.08.2023","16,025","16,145","16,200","16,025","938,67K","-0,68%"
"31.07.2023","16,135","16,300","16,350","16,090","1,10M","-0,98%"
"28.07.2023","16,295","16,370","16,505","16,290","738,88K","-1,03%"
"27.07.2023","16,465","16,240","16,620","16,240","1,02M","1,29%"
"26.07.2023","16,255","16,100","16,295","16,045","693,00K","0,87%"
"25.07.2023","16,115","16,225","16,225","16,050","458,91K","-1,01%"
"24.07.2023","16,280","16,180","16,310","16,120","647,12K","-0,43%"
"21.07.2023","16,350","16,305","16,350","16,230","643,16K","0,55%"
"20.07.2023","16,260","16,215","16,290","16,205","576,26K","0,56%"
"19.07.2023","16,170","15,960","16,195","15,960","583,78K","1,25%"
"18.07.2023","15,970","15,950","16,025","15,900","510,88K","0,09%"
"17.07.2023","15,955","15,975","16,085","15,945","446,85K","-0,13%"
"14.07.2023","15,975","16,035","16,080","15,950","440,59K","-0,22%"
"13.07.2023","16,010","15,985","16,070","15,965","679,32K","0,72%"
"12.07.2023","15,895","15,855","15,935","15,790","818,62K","0,38%"
"11.07.2023","15,835","15,800","15,920","15,780","786,48K","0,67%"
"10.07.2023","15,730","16,000","16,025","15,690","1,05M","-1,66%"
"07.07.2023","15,995","16,140","16,170","15,935","981,59K","-0,96%"
"06.07.2023","16,150","16,250","16,425","16,150","1,00M","-0,68%"
"05.07.2023","16,260","16,560","16,675","16,230","1,33M","-1,84%"
"04.07.2023","16,565","16,715","16,720","16,500","1,61M","-6,28%"
"03.07.2023","17,675","18,100","18,100","17,600","2,35M","-1,81%"
"30.06.2023","18,000","17,930","18,175","17,930","1,34M","0,42%"
"29.06.2023","17,925","18,070","18,115","17,925","560,69K","-0,50%"
"28.06.2023","18,015","17,920","18,105","17,900","613,59K","0,84%"
"27.06.2023","17,865","17,815","17,915","17,750","425,95K","0,73%"
"26.06.2023","17,735","17,750","17,835","17,655","739,21K","0,11%"
"23.06.2023","17,715","17,820","17,965","17,715","811,05K","-0,64%"
"22.06.2023","17,830","17,930","17,940","17,740","683,16K","-0,94%"
"21.06.2023","18,000","18,000","18,065","17,890","811,55K","-0,14%"
"20.06.2023","18,025","18,150","18,210","18,000","2,43M","-0,69%"
"19.06.2023","18,150","18,380","18,415","18,120","649,53K","-1,25%"
"16.06.2023","18,380","18,225","18,535","18,225","2,30M","1,27%"
"15.06.2023","18,150","18,180","18,275","18,125","1,45M","-0,17%"
"14.06.2023","18,180","18,200","18,365","18,150","996,47K","-0,25%"
"13.06.2023","18,225","18,310","18,335","18,155","567,57K","-0,16%"
"12.06.2023","18,255","18,260","18,345","18,220","624,33K","0,08%"
"09.06.2023","18,240","18,315","18,410","18,230","432,44K","-0,03%"
"08.06.2023","18,245","18,360","18,415","18,235","555,97K","-0,52%"
"07.06.2023","18,340","18,470","18,540","18,340","976,90K","-0,95%"
"06.06.2023","18,515","18,290","18,550","18,250","781,90K","1,26%"
"05.06.2023","18,285","18,260","18,440","18,245","483,15K","0,49%"
"02.06.2023","18,195","17,955","18,235","17,920","654,10K","1,59%"
"01.06.2023","17,910","17,950","18,055","17,815","517,13K","0,31%"
"31.05.2023","17,855","17,980","18,165","17,855","1,48M","-1,14%"
"30.05.2023","18,060","17,735","18,130","17,715","858,79K","1,92%"
"29.05.2023","17,720","17,690","17,750","17,600","260,85K","0,85%"
"26.05.2023","17,570","17,500","17,635","17,345","687,80K","0,80%"
"25.05.2023","17,430","17,715","17,785","17,430","936,92K","-1,61%"
"24.05.2023","17,715","17,880","17,900","17,660","629,93K","-1,31%"
"23.05.2023","17,950","18,005","18,010","17,855","497,78K","-0,11%"
"22.05.2023","17,970","17,825","18,090","17,825","816,10K","0,73%"
"19.05.2023","17,840","17,940","17,945","17,645","681,83K","-0,11%"
"18.05.2023","17,860","18,145","18,250","17,805","593,54K","-1,54%"
"17.05.2023","18,140","18,255","18,255","18,095","314,94K","-0,77%"
"16.05.2023","18,280","18,265","18,415","18,265","359,64K","-0,27%"
"15.05.2023","18,330","18,370","18,430","18,250","465,05K","0,05%"
"12.05.2023","18,320","18,240","18,370","18,205","691,82K","0,60%"
"11.05.2023","18,210","18,185","18,235","18,075","349,42K","-0,11%"
"10.05.2023","18,230","18,250","18,280","18,150","496,66K","0,05%"
"09.05.2023","18,220","18,150","18,235","17,975","647,65K","0,33%"
"08.05.2023","18,160","18,200","18,280","18,070","354,51K","-0,66%"
"05.05.2023","18,280","18,215","18,345","18,125","382,46K","0,72%"
"04.05.2023","18,150","18,125","18,170","17,935","457,48K","0,11%"
"03.05.2023","18,130","17,800","18,145","17,800","1,23M","1,45%"
"02.05.2023","17,870","18,200","18,330","17,795","1,01M","-1,57%"
"28.04.2023","18,155","17,795","18,175","17,670","1,63M","2,22%"
"27.04.2023","17,760","17,635","17,760","17,525","452,21K","0,59%"
"26.04.2023","17,655","17,620","17,710","17,540","542,81K","0,57%"
"25.04.2023","17,555","17,780","17,790","17,420","1,16M","-1,98%"
"24.04.2023","17,910","17,950","18,135","17,840","701,29K","-1,10%"
"21.04.2023","18,110","18,285","18,425","18,040","872,73K","-0,96%"
"20.04.2023","18,285","18,165","18,295","18,095","762,59K","0,49%"
"19.04.2023","18,195","18,000","18,195","17,940","677,36K","1,45%"
"18.04.2023","17,935","18,015","18,055","17,815","495,14K","-0,33%"
"17.04.2023","17,995","17,975","18,060","17,880","1,27M","0,17%"
"14.04.2023","17,965","18,335","18,370","17,940","751,15K","-1,72%"
"13.04.2023","18,280","18,355","18,400","18,180","1,42M","-0,49%"
"12.04.2023","18,370","18,255","18,490","18,230","784,71K","0,80%"
"11.04.2023","18,225","18,270","18,340","18,105","871,11K","-0,14%"
"06.04.2023","18,250","18,140","18,325","18,035","632,45K","0,77%"
"05.04.2023","18,110","17,800","18,140","17,795","963,47K","1,46%"
"04.04.2023","17,850","17,735","17,855","17,700","968,00K","0,65%"
"03.04.2023","17,735","17,745","17,860","17,570","599,80K","0,20%"
"31.03.2023","17,700","17,500","17,775","17,470","970,17K","1,11%"
"30.03.2023","17,505","17,500","17,590","17,430","1,03M","0,14%"
"29.03.2023","17,480","17,395","17,520","17,270","676,39K","0,84%"
"28.03.2023","17,335","17,330","17,380","17,200","586,17K","0,46%"
"27.03.2023","17,255","17,270","17,325","17,200","726,56K","0,67%"
"24.03.2023","17,140","17,285","17,285","17,060","616,37K","-1,04%"
"23.03.2023","17,320","17,180","17,345","17,165","477,79K","0,84%"
"22.03.2023","17,175","17,270","17,295","17,125","593,70K","-0,67%"
"21.03.2023","17,290","17,365","17,480","17,275","720,17K","-0,72%"
"20.03.2023","17,415","17,070","17,595","17,070","884,34K","1,99%"
"17.03.2023","17,075","17,340","17,565","17,020","2,41M","-1,10%"
"16.03.2023","17,265","17,105","17,330","16,975","945,20K","1,62%"
"15.03.2023","16,990","17,275","17,315","16,860","1,14M","-1,54%"
"14.03.2023","17,255","17,300","17,510","17,255","1,05M","-0,06%"
"13.03.2023","17,265","16,970","17,410","16,710","1,57M","1,62%"
"10.03.2023","16,990","17,030","17,230","16,960","922,70K","-0,70%"
"09.03.2023","17,110","16,965","17,135","16,875","806,45K","0,88%"
"08.03.2023","16,960","16,785","16,960","16,670","708,27K","0,80%"
"07.03.2023","16,825","16,800","17,025","16,775","771,69K","0,30%"
"06.03.2023","16,775","16,705","16,870","16,640","597,45K","0,48%"
"03.03.2023","16,695","16,800","16,835","16,580","898,97K","0,15%"
"02.03.2023","16,670","16,570","16,855","16,545","1,58M","0,57%"
"01.03.2023","16,575","16,900","16,900","16,440","1,36M","-2,27%"
"28.02.2023","16,960","17,185","17,185","16,855","2,41M","-1,57%"
"27.02.2023","17,230","17,000","17,230","16,960","1,30M","1,59%"
"24.02.2023","16,960","16,915","17,000","16,845","831,90K","0,41%"
"23.02.2023","16,890","16,795","16,990","16,785","966,46K","0,87%"
"22.02.2023","16,745","16,935","17,045","16,725","1,21M","-1,41%"
"21.02.2023","16,985","16,800","17,100","16,750","1,06M","0,92%"
"20.02.2023","16,830","16,925","16,940","16,830","598,92K","-0,15%"
"17.02.2023","16,855","16,800","16,920","16,735","786,24K","0,30%"
"16.02.2023","16,805","16,865","16,950","16,755","785,00K","0,30%"
"15.02.2023","16,755","16,905","16,965","16,710","825,56K","-0,65%"
"14.02.2023","16,865","16,955","17,025","16,815","729,56K","-0,18%"
"13.02.2023","16,895","16,920","16,965","16,800","619,48K","0,00%"
"10.02.2023","16,895","16,910","16,970","16,725","831,54K","-0,41%"
"09.02.2023","16,965","17,025","17,125","16,905","574,44K","-0,06%"
"08.02.2023","16,975","16,925","17,075","16,820","938,84K","0,50%"
"07.02.2023","16,890","16,745","16,895","16,700","719,72K","1,08%"
"06.02.2023","16,710","16,685","16,760","16,590","1,21M","0,06%"
"03.02.2023","16,700","16,875","16,925","16,685","986,74K","-1,45%"
"02.02.2023","16,945","16,640","16,965","16,640","942,34K","1,92%"
"01.02.2023","16,625","16,520","16,685","16,475","852,36K","0,97%"
"31.01.2023","16,465","16,560","16,605","16,335","1,85M","-0,60%"
"30.01.2023","16,565","16,550","16,745","16,520","1,11M","0,18%"
"27.01.2023","16,535","16,620","16,720","16,505","1,06M","-0,48%"
"26.01.2023","16,615","16,830","16,830","16,520","871,49K","-0,78%"
"25.01.2023","16,745","16,860","16,900","16,670","908,29K","-0,77%"
"24.01.2023","16,875","17,060","17,080","16,810","1,02M","-0,56%"
"23.01.2023","16,970","16,840","17,035","16,700","1,04M","1,68%"
"20.01.2023","16,690","16,715","16,915","16,670","1,19M","0,12%"
"19.01.2023","16,670","16,605","16,720","16,395","1,27M","0,42%"
"18.01.2023","16,600","16,410","16,655","16,335","1,16M","1,47%"
"17.01.2023","16,360","16,565","16,615","16,255","1,25M","-1,24%"
"16.01.2023","16,565","16,470","16,655","16,365","778,32K","0,91%"
"13.01.2023","16,415","16,395","16,465","16,320","681,56K","-0,15%"
"12.01.2023","16,440","16,295","16,560","16,215","1,02M","1,26%"
"11.01.2023","16,235","16,060","16,430","16,045","1,09M","1,22%"
"10.01.2023","16,040","16,140","16,185","15,990","1,22M","-0,68%"
"09.01.2023","16,150","16,155","16,225","15,970","1,08M","-0,55%"
"06.01.2023","16,240","16,050","16,240","15,940","772,70K","1,40%"
"05.01.2023","16,015","16,390","16,440","15,925","1,39M","-2,76%"
"04.01.2023","16,470","16,090","16,485","16,045","1,33M","2,78%"
"03.01.2023","16,025","15,990","16,035","15,785","1,78M","0,44%"
"02.01.2023","15,955","15,605","15,995","15,575","783,27K","2,77%"
"30.12.2022","15,525","15,790","15,850","15,525","1,00M","-1,99%"
"29.12.2022","15,840","15,665","15,880","15,585","1,88M","0,83%"
"28.12.2022","15,710","15,800","15,865","15,685","1,02M","-0,57%"
"27.12.2022","15,800","16,000","16,055","15,795","1,03M","-1,13%"
"23.12.2022","15,980","16,100","16,100","15,875","669,83K","-0,31%"
"22.12.2022","16,030","16,125","16,215","15,960","810,98K","-0,59%"
"21.12.2022","16,125","15,920","16,195","15,825","991,86K","1,54%"
"20.12.2022","15,880","15,905","15,980","15,745","798,32K","-0,56%"
"19.12.2022","15,970","15,950","16,105","15,865","1,18M","-3,65%"
"16.12.2022","16,575","16,825","16,965","16,420","3,51M","-2,64%"
"15.12.2022","17,025","17,300","17,570","17,025","1,45M","-1,87%"
"14.12.2022","17,350","17,250","17,420","17,185","1,46M","0,61%"
"13.12.2022","17,245","17,120","17,400","16,970","1,28M","0,73%"
"12.12.2022","17,120","17,015","17,165","16,925","694,77K","0,44%"
"09.12.2022","17,045","16,850","17,045","16,840","2,30M","1,46%"
"08.12.2022","16,800","17,160","17,170","16,740","1,14M","-2,07%"
"07.12.2022","17,155","17,130","17,255","16,990","1,09M","0,18%"
"06.12.2022","17,125","17,350","17,385","17,095","928,84K","-1,13%"
"05.12.2022","17,320","17,220","17,425","17,155","711,35K","0,20%"
"02.12.2022","17,285","17,480","17,540","17,285","821,77K","-1,31%"
"01.12.2022","17,515","17,350","17,710","17,335","985,33K","1,65%"
"30.11.2022","17,230","17,360","17,360","17,155","2,84M","-0,40%"
"29.11.2022","17,300","17,525","17,545","17,175","949,94K","-1,11%"
"28.11.2022","17,495","17,705","17,725","17,450","895,07K","-1,41%"
"25.11.2022","17,745","17,880","17,890","17,645","901,43K","-0,70%"
"24.11.2022","17,870","17,540","17,870","17,405","944,37K","1,25%"
"23.11.2022","17,650","17,750","17,815","17,560","825,99K","-0,54%"
"22.11.2022","17,745","17,495","17,800","17,495","774,84K","1,60%"
"21.11.2022","17,465","17,320","17,670","17,320","782,03K","0,92%"
"18.11.2022","17,305","17,250","17,340","17,170","593,74K","0,99%"
"17.11.2022","17,135","17,360","17,455","16,990","719,93K","-1,27%"
"16.11.2022","17,355","17,380","17,435","17,285","801,39K","-0,12%"
"15.11.2022","17,375","17,200","17,505","17,160","978,91K","0,99%"
"14.11.2022","17,205","17,020","17,415","16,910","992,65K","2,14%"
"11.11.2022","16,845","17,115","17,125","16,670","1,09M","-1,35%"
"10.11.2022","17,075","16,825","17,115","16,605","935,22K","1,46%"
"09.11.2022","16,830","16,540","16,830","16,490","1,24M","1,66%"
"08.11.2022","16,555","16,300","16,555","16,175","545,40K","1,81%"
"07.11.2022","16,260","16,375","16,430","16,065","923,90K","-0,70%"
"04.11.2022","16,375","16,185","16,435","16,050","827,48K","1,52%"
"03.11.2022","16,130","16,335","16,385","16,080","872,64K","-1,92%"
"02.11.2022","16,445","16,340","16,485","16,225","716,93K","0,46%"
"01.11.2022","16,370","16,500","16,665","16,265","827,48K","-0,33%"
"31.10.2022","16,425","16,280","16,430","16,185","960,83K","0,67%"
"28.10.2022","16,315","16,300","16,465","16,285","801,15K","-0,49%"
"27.10.2022","16,395","15,800","16,430","15,750","1,50M","3,93%"
"26.10.2022","15,775","15,650","15,790","15,345","973,09K","1,71%"
"25.10.2022","15,510","15,300","15,540","15,070","1,06M","2,14%"
"24.10.2022","15,185","15,250","15,370","15,075","982,94K","-0,16%"
"21.10.2022","15,210","15,400","15,455","15,115","941,14K","-1,49%"
"20.10.2022","15,440","15,205","15,500","15,185","645,85K","1,58%"
"19.10.2022","15,200","15,335","15,400","15,040","679,83K","-0,62%"
"18.10.2022","15,295","15,220","15,385","15,150","903,63K","0,76%"
"17.10.2022","15,180","14,935","15,250","14,880","961,31K","2,08%"
"14.10.2022","14,870","14,785","15,035","14,660","1,33M","2,87%"
"13.10.2022","14,455","14,410","14,630","14,250","1,41M","-0,14%"
"12.10.2022","14,475","14,795","14,820","14,475","1,08M","-2,33%"
"11.10.2022","14,820","15,005","15,025","14,725","953,98K","-1,36%"
"10.10.2022","15,025","15,150","15,160","14,875","1,06M","-0,92%"
"07.10.2022","15,165","15,210","15,455","15,100","1,07M","-0,66%"
"06.10.2022","15,265","15,715","15,880","15,190","1,68M","-3,32%"
"05.10.2022","15,790","16,165","16,165","15,625","1,08M","-2,38%"
"04.10.2022","16,175","16,075","16,310","16,005","1,38M","-0,68%"
"03.10.2022","16,285","15,890","16,325","15,825","1,01M","2,81%"
"30.09.2022","15,840","16,075","16,200","15,755","1,32M","-1,15%"
"29.09.2022","16,025","16,350","16,350","15,965","1,11M","-1,90%"
"28.09.2022","16,335","16,275","16,495","16,110","1,02M","-0,06%"
"27.09.2022","16,345","16,725","16,840","16,345","974,54K","-2,33%"
"26.09.2022","16,735","16,800","16,905","16,580","1,01M","-0,95%"
"23.09.2022","16,895","17,180","17,195","16,820","1,00M","-1,77%"
"22.09.2022","17,200","17,165","17,295","17,080","859,54K","0,38%"
"21.09.2022","17,135","17,070","17,315","16,980","639,84K","0,97%"
"20.09.2022","16,970","17,290","17,420","16,970","922,62K","-1,45%"
"19.09.2022","17,220","17,250","17,320","17,170","527,14K","-0,29%"
"16.09.2022","17,270","17,000","17,450","17,000","1,74M","-1,26%"
"15.09.2022","17,490","17,460","17,595","17,280","925,52K","0,06%"
"14.09.2022","17,480","17,790","17,800","17,480","1,32M","-0,40%"
"13.09.2022","17,550","17,750","17,835","17,520","979,54K","-0,68%"
"12.09.2022","17,670","17,680","17,780","17,425","1,11M","-0,56%"
"09.09.2022","17,770","17,620","17,940","17,610","722,57K","0,94%"
"08.09.2022","17,605","17,975","17,985","17,305","1,27M","-1,98%"
"07.09.2022","17,960","17,980","18,230","17,665","1,04M","-0,08%"
"06.09.2022","17,975","18,240","18,320","17,970","599,48K","-1,59%"
"05.09.2022","18,265","18,340","18,460","18,165","449,83K","-1,00%"
"02.09.2022","18,450","18,200","18,450","18,040","541,87K","1,79%"
"01.09.2022","18,125","18,120","18,255","18,020","663,65K","-0,36%"
"31.08.2022","18,190","18,640","18,680","18,090","1,57M","-2,62%"
"30.08.2022","18,680","19,280","19,390","18,680","776,98K","-2,89%"
"29.08.2022","19,235","19,170","19,370","19,105","511,97K","-0,36%"
"26.08.2022","19,305","19,355","19,440","19,200","637,27K","0,10%"
"25.08.2022","19,285","19,305","19,445","19,205","385,94K","-0,05%"
"24.08.2022","19,295","19,470","19,490","19,295","454,66K","-0,95%"
"23.08.2022","19,480","19,620","19,640","19,355","574,56K","-1,04%"
"22.08.2022","19,685","19,340","19,685","19,330","514,37K","1,42%"
"19.08.2022","19,410","19,415","19,570","19,365","488,80K","-0,18%"
"18.08.2022","19,445","19,495","19,575","19,360","432,17K","0,08%"
"17.08.2022","19,430","19,525","19,590","19,315","523,86K","-1,04%"
"16.08.2022","19,635","19,420","19,685","19,420","513,60K","0,74%"
"15.08.2022","19,490","19,500","19,565","19,375","345,93K","0,21%"
"12.08.2022","19,450","19,590","19,590","19,355","503,90K","-0,51%"
"11.08.2022","19,550","19,495","19,650","19,340","800,45K","0,70%"
"10.08.2022","19,415","19,500","19,580","19,320","744,72K","-0,41%"
"09.08.2022","19,495","19,035","19,610","18,915","1,25M","2,55%"
"08.08.2022","19,010","18,910","19,045","18,805","583,36K","0,85%"
"05.08.2022","18,850","18,520","18,850","18,390","941,25K","1,73%"
"04.08.2022","18,530","18,600","18,670","18,460","729,52K","-0,19%"
"03.08.2022","18,565","18,830","18,980","18,565","957,83K","-1,93%"
"02.08.2022","18,930","18,740","19,060","18,630","783,56K","0,96%"
"01.08.2022","18,750","19,195","19,280","18,720","771,46K","-2,75%"
"29.07.2022","19,280","19,150","19,415","19,065","1,20M","1,26%"
"28.07.2022","19,040","19,220","19,265","18,670","624,34K","0,11%"
"27.07.2022","19,020","19,175","19,175","18,790","849,48K","0,03%"
"26.07.2022","19,015","18,980","19,120","18,860","780,52K","0,40%"
"25.07.2022","18,940","18,775","18,950","18,720","708,75K","1,07%"
"22.07.2022","18,740","18,435","18,750","18,360","651,43K","1,71%"
"21.07.2022","18,425","18,595","18,595","18,200","962,21K","-0,59%"
"20.07.2022","18,535","19,010","19,015","18,520","779,34K","-2,16%"
"19.07.2022","18,945","18,810","19,150","18,750","719,92K","0,56%"
"18.07.2022","18,840","18,750","18,965","18,675","710,85K","0,78%"
"15.07.2022","18,695","18,500","18,810","18,425","1,02M","1,03%"
"14.07.2022","18,505","19,120","19,150","18,220","1,50M","-3,57%"
"13.07.2022","19,190","18,830","19,255","18,660","1,16M","-0,05%"
"12.07.2022","19,200","19,340","19,765","19,080","1,01M","-0,72%"
"11.07.2022","19,340","19,610","19,825","19,125","2,73M","-1,60%"
"08.07.2022","19,655","19,685","19,930","19,540","1,02M","0,28%"
"07.07.2022","19,600","19,900","19,995","19,570","1,77M","-0,99%"
"06.07.2022","19,795","20,290","20,320","19,715","1,06M","-2,05%"
"05.07.2022","20,210","20,620","20,650","20,050","1,17M","-5,96%"
"04.07.2022","21,490","21,480","21,730","21,360","1,10M","1,03%"
"01.07.2022","21,270","21,020","21,530","20,960","1,50M","0,95%"
"30.06.2022","21,070","21,210","21,610","21,000","1,32M","-1,03%"
"29.06.2022","21,290","21,550","21,710","21,220","780,32K","-1,30%"
"28.06.2022","21,570","21,110","21,570","21,020","1,40M","2,52%"
"27.06.2022","21,040","20,740","21,050","20,610","1,15M","1,59%"
"24.06.2022","20,710","20,430","20,840","20,300","2,53M","1,87%"
"23.06.2022","20,330","20,250","20,600","20,080","3,01M","-0,20%"
"22.06.2022","20,370","20,800","20,860","20,210","1,36M","-2,44%"
"21.06.2022","20,880","21,420","21,440","20,780","1,34M","-2,34%"
"20.06.2022","21,380","21,210","21,570","21,020","687,36K","1,23%"
"17.06.2022","21,120","21,780","21,800","21,090","2,32M","-2,94%"
"16.06.2022","21,760","21,200","22,140","21,200","1,60M","2,06%"
"15.06.2022","21,320","20,980","21,500","20,980","1,07M","1,91%"
"14.06.2022","20,920","21,640","21,900","20,920","1,06M","-3,33%"
"13.06.2022","21,640","21,620","21,750","21,420","955,36K","-0,32%"
"10.06.2022","21,710","21,900","21,980","21,240","1,13M","-1,32%"
"09.06.2022","22,000","21,770","22,160","21,770","924,27K","1,06%"
"08.06.2022","21,770","22,070","22,180","21,670","853,06K","-1,40%"
"07.06.2022","22,080","21,670","22,170","21,640","883,73K","1,75%"
"06.06.2022","21,700","21,700","22,000","21,560","637,13K","0,56%"
"03.06.2022","21,580","21,560","21,640","21,450","351,53K","0,75%"
"02.06.2022","21,420","21,490","21,590","21,260","557,58K","-0,14%"
"01.06.2022","21,450","21,420","21,720","21,370","579,99K","0,66%"
"31.05.2022","21,310","21,460","21,670","21,310","2,98M","-0,79%"
"30.05.2022","21,480","21,790","21,890","21,390","692,31K","-1,10%"
"27.05.2022","21,720","22,090","22,180","21,570","945,65K","-1,63%"
"26.05.2022","22,080","22,170","22,300","22,040","990,08K","-0,14%"
"25.05.2022","22,110","22,010","22,290","22,000","644,29K","0,59%"
"24.05.2022","21,980","21,700","21,980","21,560","842,12K","0,73%"
"23.05.2022","21,820","21,660","21,930","21,600","868,04K","1,63%"
"20.05.2022","21,470","21,500","21,630","21,290","808,09K","0,28%"
"19.05.2022","21,410","21,220","21,610","21,220","826,25K","0,33%"
"18.05.2022","21,340","21,130","21,470","21,120","996,81K","1,04%"
"17.05.2022","21,120","21,250","21,320","21,030","732,02K","-0,19%"
"16.05.2022","21,160","20,840","21,230","20,610","755,18K","1,93%"
"13.05.2022","20,760","20,690","20,830","20,520","759,90K","0,97%"
"12.05.2022","20,560","20,800","20,810","20,510","703,85K","-0,77%"
"11.05.2022","20,720","20,630","20,720","20,210","820,18K","0,29%"
"10.05.2022","20,660","20,500","20,840","20,460","1,16M","0,88%"
"09.05.2022","20,480","20,750","20,920","20,470","601,59K","-1,21%"
"06.05.2022","20,730","20,980","21,120","20,730","854,35K","-1,33%"
"05.05.2022","21,010","21,000","21,200","20,930","716,13K","0,43%"
"04.05.2022","20,920","20,800","20,950","20,740","536,90K","0,67%"
"03.05.2022","20,780","20,340","20,810","20,340","646,98K","2,31%"
"02.05.2022","20,310","20,570","20,870","19,960","804,87K","-1,26%"
"29.04.2022","20,570","21,050","21,050","20,250","1,36M","-2,09%"
"28.04.2022","21,010","20,850","21,010","20,670","952,34K","1,25%"
"27.04.2022","20,750","20,340","20,780","20,110","1,00M","1,92%"
"26.04.2022","20,360","20,600","20,900","20,180","1,71M","-0,78%"
"25.04.2022","20,520","20,330","20,630","20,300","857,13K","0,20%"
"22.04.2022","20,480","20,430","20,590","20,220","857,64K","-0,15%"
"21.04.2022","20,510","21,080","21,080","20,420","1,54M","-2,57%"
"20.04.2022","21,050","21,050","21,200","20,840","774,93K","0,48%"
"19.04.2022","20,950","21,160","21,180","20,880","1,02M","-0,99%"
"14.04.2022","21,160","20,800","21,330","20,720","1,22M","1,73%"
"13.04.2022","20,800","20,630","20,980","20,570","838,15K","0,68%"
"12.04.2022","20,660","20,580","20,730","20,300","943,31K","-0,15%"
"11.04.2022","20,690","21,010","21,090","20,650","882,23K","-2,08%"
"08.04.2022","21,130","20,840","21,150","20,780","1,02M","1,64%"
"07.04.2022","20,790","20,600","20,850","20,590","1,09M","1,02%"
"06.04.2022","20,580","20,400","20,700","20,360","1,18M","0,68%"
"05.04.2022","20,440","19,870","20,440","19,850","933,57K","1,14%"
"04.04.2022","20,210","20,260","20,330","20,120","519,99K","0,00%"
"01.04.2022","20,210","20,200","20,230","19,925","964,43K","0,30%"
"31.03.2022","20,150","19,950","20,190","19,805","946,72K","1,05%"
"30.03.2022","19,940","19,730","19,940","19,605","907,93K","0,86%"
"29.03.2022","19,770","20,330","20,400","19,655","1,21M","-2,51%"
"28.03.2022","20,280","20,440","20,580","20,150","1,34M","-0,15%"
"25.03.2022","20,310","20,050","20,310","19,995","948,49K","1,40%"
"24.03.2022","20,030","19,600","20,080","19,590","717,76K","1,55%"
"23.03.2022","19,725","20,030","20,040","19,700","1,14M","-1,33%"
"22.03.2022","19,990","20,290","20,310","19,705","1,10M","-1,33%"
"21.03.2022","20,260","20,100","20,360","20,010","897,45K","0,90%"
"18.03.2022","20,080","19,935","20,080","19,675","2,72M","0,40%"
"17.03.2022","20,000","19,670","20,060","19,530","1,05M","2,17%"
"16.03.2022","19,575","19,990","19,990","19,540","997,17K","-1,24%"
"15.03.2022","19,820","19,610","19,885","19,610","852,91K","0,63%"
"14.03.2022","19,695","20,080","20,180","19,630","937,03K","-1,53%"
"11.03.2022","20,000","20,210","20,490","19,950","1,51M","-0,15%"
"10.03.2022","20,030","20,130","20,430","19,780","2,33M","-0,45%"
"09.03.2022","20,120","19,900","20,460","19,770","2,57M","1,44%"
"08.03.2022","19,835","19,105","19,900","19,100","2,20M","3,15%"
"07.03.2022","19,230","18,500","19,365","18,305","2,47M","2,89%"
"04.03.2022","18,690","18,690","18,840","18,610","1,22M","0,00%"
"03.03.2022","18,690","18,800","19,070","18,665","1,03M","-1,03%"
"02.03.2022","18,885","18,985","19,110","18,550","1,26M","-0,66%"
"01.03.2022","19,010","18,895","19,360","18,885","1,58M","0,45%"
"28.02.2022","18,925","18,720","18,975","18,550","3,01M","0,77%"
"25.02.2022","18,780","18,280","18,810","18,220","1,53M","3,30%"
"24.02.2022","18,180","17,880","18,345","17,700","1,91M","-0,11%"
"23.02.2022","18,200","18,330","18,545","18,180","925,24K","-0,41%"
"22.02.2022","18,275","18,090","18,405","17,885","1,74M","-0,68%"
"21.02.2022","18,400","18,275","18,410","18,155","1,00M","0,49%"
"18.02.2022","18,310","18,450","18,580","18,260","1,16M","-0,70%"
"17.02.2022","18,440","18,600","18,600","18,400","799,85K","-0,70%"
"16.02.2022","18,570","18,500","18,750","18,485","1,00M","0,13%"
"15.02.2022","18,545","18,580","18,725","18,520","985,30K","-0,30%"
"14.02.2022","18,600","18,710","18,895","18,580","851,47K","-1,59%"
"11.02.2022","18,900","18,825","18,950","18,575","971,52K","-0,13%"
"10.02.2022","18,925","19,060","19,090","18,920","522,05K","-0,47%"
"09.02.2022","19,015","19,105","19,110","18,880","664,60K","1,14%"
"08.02.2022","18,800","18,860","19,090","18,755","584,79K","-0,50%"
"07.02.2022","18,895","19,065","19,155","18,810","819,42K","-0,37%"
"04.02.2022","18,965","19,495","19,510","18,920","993,08K","-2,17%"
"03.02.2022","19,385","19,520","19,610","19,270","947,06K","-0,62%"
"02.02.2022","19,505","19,470","19,560","19,305","585,48K","0,77%"
"01.02.2022","19,355","19,345","19,550","19,280","847,84K","0,81%"
"31.01.2022","19,200","19,690","19,750","19,075","1,53M","-2,17%"
"28.01.2022","19,625","19,655","19,725","19,505","928,40K","-0,25%"
"27.01.2022","19,675","19,695","19,710","19,200","1,21M","-0,43%"
"26.01.2022","19,760","19,835","19,965","19,650","632,24K","-0,15%"
"25.01.2022","19,790","19,640","19,890","19,475","637,10K","1,00%"
"24.01.2022","19,595","19,870","19,960","19,375","912,85K","-1,06%"
"21.01.2022","19,805","19,965","20,120","19,795","799,10K","-1,27%"
"20.01.2022","20,060","19,920","20,130","19,900","614,28K","0,85%"
"19.01.2022","19,890","20,120","20,200","19,865","1,09M","-1,58%"
"18.01.2022","20,210","19,880","20,210","19,840","749,13K","0,65%"
"17.01.2022","20,080","20,150","20,200","20,010","558,52K","-0,35%"
"14.01.2022","20,150","19,780","20,150","19,760","859,44K","1,87%"
"13.01.2022","19,780","19,810","19,970","19,720","690,65K","-0,48%"
"12.01.2022","19,875","19,900","19,905","19,715","574,47K","0,10%"
"11.01.2022","19,855","19,860","19,975","19,825","651,09K","-0,08%"
"10.01.2022","19,870","20,010","20,040","19,780","675,51K","-0,65%"
"07.01.2022","20,000","19,965","20,120","19,925","504,49K","0,28%"
"06.01.2022","19,945","20,000","20,000","19,805","1,19M","-0,77%"
"05.01.2022","20,100","20,190","20,220","20,050","647,38K","-0,30%"
"04.01.2022","20,160","20,420","20,490","20,010","613,32K","-0,69%"
"03.01.2022","20,300","20,460","20,490","20,190","560,87K","-0,49%"
"30.12.2021","20,400","20,510","20,640","20,390","788,77K","-0,63%"
"29.12.2021","20,530","20,680","20,730","20,420","861,67K","-0,63%"
"28.12.2021","20,660","20,480","20,690","20,470","816,44K","1,03%"
"27.12.2021","20,450","20,280","20,450","20,270","603,01K","0,44%"
"23.12.2021","20,360","20,090","20,360","20,090","1,12M","0,74%"
"22.12.2021","20,210","20,070","20,210","19,950","1,36M","0,60%"
"21.12.2021","20,090","20,010","20,090","19,845","4,54M","1,16%"
"20.12.2021","19,860","19,600","19,930","19,435","1,39M","-0,10%"
"17.12.2021","19,880","20,260","20,340","19,480","3,20M","-5,11%"
"16.12.2021","20,950","20,800","21,020","20,760","1,41M","0,72%"
"15.12.2021","20,800","20,650","20,800","20,560","1,07M","0,92%"
"14.12.2021","20,610","20,720","20,720","20,500","1,05M","-0,48%"
"13.12.2021","20,710","20,610","20,750","20,520","909,98K","0,53%"
"10.12.2021","20,600","20,500","20,620","20,460","676,83K","0,15%"
"09.12.2021","20,570","20,530","20,630","20,420","2,63M","0,19%"
"08.12.2021","20,530","20,480","20,710","20,440","1,72M","0,10%"
"07.12.2021","20,510","20,620","20,660","20,430","3,51M","-0,29%"
"06.12.2021","20,570","20,180","20,630","20,140","1,71M","2,29%"
"03.12.2021","20,110","19,940","20,170","19,925","818,14K","1,39%"
"02.12.2021","19,835","20,190","20,190","19,805","1,88M","-1,81%"
"01.12.2021","20,200","20,230","20,270","20,070","760,34K","0,55%"
"30.11.2021","20,090","20,050","20,270","19,860","1,87M","-0,15%"
"29.11.2021","20,120","19,955","20,240","19,765","883,25K","1,26%"
"26.11.2021","19,870","19,900","20,080","19,775","1,13M","-1,39%"
"25.11.2021","20,150","20,200","20,250","20,150","1,23M","-0,15%"
"24.11.2021","20,180","20,200","20,340","20,110","604,65K","-0,10%"
"23.11.2021","20,200","19,975","20,200","19,925","698,79K","1,15%"
"22.11.2021","19,970","19,760","20,040","19,760","987,69K","1,27%"
"19.11.2021","19,720","19,885","19,970","19,720","669,14K","-0,38%"
"18.11.2021","19,795","20,180","20,190","19,680","897,83K","-1,71%"
"17.11.2021","20,140","20,010","20,230","19,975","976,10K","0,73%"
"16.11.2021","19,995","20,120","20,220","19,955","567,32K","-0,42%"
"15.11.2021","20,080","19,910","20,120","19,840","516,05K","0,75%"
"12.11.2021","19,930","20,080","20,250","19,845","618,77K","-0,25%"
"11.11.2021","19,980","20,100","20,140","19,960","819,72K","-0,84%"
"10.11.2021","20,150","19,830","20,170","19,825","1,19M","1,77%"
"09.11.2021","19,800","19,825","19,915","19,565","964,16K","-0,10%"
"08.11.2021","19,820","20,110","20,220","19,780","1,67M","-1,34%"
"05.11.2021","20,090","19,920","20,180","19,900","880,14K","0,85%"
"04.11.2021","19,920","19,870","20,060","19,795","907,17K","0,50%"
"03.11.2021","19,820","19,680","19,820","19,470","1,03M","0,69%"
"02.11.2021","19,685","19,650","19,860","19,515","1,11M","0,46%"
"01.11.2021","19,595","19,325","19,680","19,270","662,52K","0,98%"
"29.10.2021","19,405","19,690","19,690","19,390","734,84K","-0,97%"
"28.10.2021","19,595","19,805","19,810","19,510","930,32K","-0,96%"
"27.10.2021","19,785","19,390","19,800","19,340","931,71K","1,77%"
"26.10.2021","19,440","19,420","19,440","18,910","1,39M","-0,08%"
"25.10.2021","19,455","19,515","19,625","19,355","1,79M","-0,15%"
"22.10.2021","19,485","19,255","19,495","19,150","2,05M","0,93%"
"21.10.2021","19,305","19,515","19,535","19,260","924,30K","-1,03%"
"20.10.2021","19,505","19,360","19,535","19,320","1,04M","0,39%"
"19.10.2021","19,430","19,425","19,535","19,220","799,30K","0,05%"
"18.10.2021","19,420","19,600","19,600","19,385","559,02K","-1,04%"
"15.10.2021","19,625","19,800","19,800","19,510","609,49K","-0,66%"
"14.10.2021","19,755","19,690","19,860","19,590","650,49K","0,61%"
"13.10.2021","19,635","19,605","19,640","19,305","539,71K","0,51%"
"12.10.2021","19,535","19,295","19,545","19,165","682,84K","0,93%"
"11.10.2021","19,355","19,550","19,600","19,345","593,65K","-0,74%"
"08.10.2021","19,500","19,305","19,540","19,265","639,13K","0,70%"
"07.10.2021","19,365","19,510","19,690","19,305","781,10K","-0,46%"
"06.10.2021","19,455","19,475","19,520","19,340","659,66K","-0,21%"
"05.10.2021","19,495","19,420","19,495","19,350","748,60K","0,46%"
"04.10.2021","19,405","19,270","19,465","19,185","653,77K","0,78%"
"01.10.2021","19,255","19,155","19,300","19,000","1,02M","0,26%"
"30.09.2021","19,205","19,235","19,350","19,150","1,27M","0,18%"
"29.09.2021","19,170","19,110","19,280","18,995","721,53K","0,60%"
"28.09.2021","19,055","19,255","19,285","19,055","904,49K","-0,81%"
"27.09.2021","19,210","19,095","19,245","19,000","697,15K","0,84%"
"24.09.2021","19,050","19,330","19,375","19,015","687,76K","-1,55%"
"23.09.2021","19,350","19,275","19,380","19,145","622,03K","0,81%"
"22.09.2021","19,195","19,230","19,325","19,075","765,06K","0,44%"
"21.09.2021","19,110","18,920","19,175","18,855","887,70K","1,38%"
"20.09.2021","18,850","18,505","18,995","18,405","937,44K","1,37%"
"17.09.2021","18,595","18,915","19,090","18,595","2,10M","-1,48%"
"16.09.2021","18,875","18,940","18,965","18,705","859,03K","-0,32%"
"15.09.2021","18,935","18,750","19,005","18,715","800,09K","0,61%"
"14.09.2021","18,820","18,780","18,935","18,750","520,99K","-0,37%"
"13.09.2021","18,890","18,650","18,935","18,645","406,29K","1,42%"
"10.09.2021","18,625","18,980","18,980","18,625","945,49K","-1,56%"
"09.09.2021","18,920","18,965","18,980","18,810","494,01K","-0,53%"
"08.09.2021","19,020","18,905","19,040","18,650","652,64K","0,26%"
"07.09.2021","18,970","19,040","19,085","18,800","775,07K","-0,55%"
"06.09.2021","19,075","19,230","19,245","19,075","443,40K","-0,78%"
"03.09.2021","19,225","19,385","19,485","19,160","489,44K","-0,80%"
"02.09.2021","19,380","19,480","19,600","19,375","516,58K","-0,54%"
"01.09.2021","19,485","19,295","19,590","19,295","550,42K","1,14%"
"31.08.2021","19,265","19,320","19,325","19,065","1,27M","-0,28%"
"30.08.2021","19,320","19,265","19,330","19,130","458,67K","0,31%"
"27.08.2021","19,260","19,280","19,370","19,150","450,97K","-0,05%"
"26.08.2021","19,270","19,350","19,420","19,265","438,31K","-0,67%"
"25.08.2021","19,400","19,810","19,840","19,360","966,08K","-1,85%"
"24.08.2021","19,765","20,050","20,050","19,675","390,90K","-1,08%"
"23.08.2021","19,980","19,900","20,030","19,565","579,55K","0,88%"
"20.08.2021","19,805","20,050","20,060","19,710","705,53K","-1,27%"
"19.08.2021","20,060","19,890","20,060","19,760","887,10K","0,50%"
"18.08.2021","19,960","19,900","20,080","19,875","568,38K","0,30%"
"17.08.2021","19,900","19,790","19,900","19,660","490,39K","0,28%"
"16.08.2021","19,845","19,790","19,915","19,775","403,74K","0,13%"
"13.08.2021","19,820","19,750","19,830","19,615","403,85K","0,58%"
"12.08.2021","19,705","19,715","19,810","19,690","651,60K","-0,10%"
"11.08.2021","19,725","19,745","19,750","19,645","699,58K","0,25%"
"10.08.2021","19,675","19,695","19,735","19,650","343,61K","-0,05%"
"09.08.2021","19,685","19,705","19,785","19,655","305,95K","-0,03%"
"06.08.2021","19,690","19,775","19,790","19,410","664,46K","-0,51%"
"05.08.2021","19,790","19,745","19,860","19,685","449,69K","0,41%"
"04.08.2021","19,710","19,750","19,800","19,485","594,55K","0,05%"
"03.08.2021","19,700","19,530","19,700","19,425","729,68K","0,87%"
"02.08.2021","19,530","19,430","19,530","19,300","1,11M","0,88%"
"30.07.2021","19,360","19,250","19,360","19,200","1,36M","0,41%"
"29.07.2021","19,280","18,680","19,445","18,680","1,58M","0,73%"
"28.07.2021","19,140","18,955","19,165","18,775","597,22K","-0,03%"
"27.07.2021","19,145","18,680","19,180","18,655","1,14M","1,70%"
"26.07.2021","18,825","18,840","18,865","18,685","488,18K","-0,37%"
"23.07.2021","18,895","18,785","18,910","18,690","524,66K","1,02%"
"22.07.2021","18,705","18,700","18,845","18,570","442,37K","0,29%"
"21.07.2021","18,650","18,305","18,700","18,305","1,16M","2,05%"
"20.07.2021","18,275","18,200","18,395","18,195","636,40K","0,61%"
"19.07.2021","18,165","18,295","18,425","18,080","1,66M","-0,76%"
"16.07.2021","18,305","18,290","18,450","18,230","710,01K","0,05%"
"15.07.2021","18,295","18,305","18,420","18,190","4,10M","-0,44%"
"14.07.2021","18,375","18,325","18,420","18,315","605,33K","-0,11%"
"13.07.2021","18,395","18,525","18,555","18,265","850,95K","-0,65%"
"12.07.2021","18,515","18,410","18,585","18,360","1,56M","1,01%"
"09.07.2021","18,330","18,280","18,450","18,265","799,97K","0,63%"
"08.07.2021","18,215","18,610","18,780","18,215","1,07M","-2,41%"
"07.07.2021","18,665","18,700","18,730","18,520","2,65M","0,19%"
"06.07.2021","18,630","19,260","19,260","18,265","1,99M","-7,64%"
"05.07.2021","20,170","19,950","20,170","19,885","2,19M","1,74%"
"02.07.2021","19,825","19,715","19,910","19,715","892,51K","0,81%"
"01.07.2021","19,665","19,525","19,665","19,425","4,14M","0,92%"
"30.06.2021","19,485","19,610","19,660","19,350","857,38K","-0,66%"
"29.06.2021","19,615","19,740","19,805","19,610","591,88K","-0,43%"
"28.06.2021","19,700","19,835","19,835","19,630","1,30M","-0,10%"
"25.06.2021","19,720","19,790","19,805","19,620","509,02K","0,05%"
"24.06.2021","19,710","19,635","19,740","19,565","1,56M","0,90%"
"23.06.2021","19,535","19,735","19,790","19,535","1,69M","-0,91%"
"22.06.2021","19,715","19,865","19,865","19,705","1,66M","-0,48%"
"21.06.2021","19,810","19,805","19,855","19,680","638,83K","0,00%"
"18.06.2021","19,810","19,800","19,955","19,670","2,75M","0,03%"
"17.06.2021","19,805","19,910","19,930","19,630","744,56K","-0,95%"
"16.06.2021","19,995","20,040","20,120","19,970","909,86K","-0,07%"
"15.06.2021","20,010","19,835","20,010","19,765","1,07M","1,32%"
"14.06.2021","19,750","19,575","19,920","19,565","1,22M","1,31%"
"11.06.2021","19,495","19,525","19,640","19,220","1,00M","-1,42%"
"10.06.2021","19,775","19,575","19,775","19,540","980,72K","1,20%"
"09.06.2021","19,540","19,580","19,650","19,515","783,10K","-0,03%"
"08.06.2021","19,545","19,620","19,660","19,490","667,84K","-0,03%"
"07.06.2021","19,550","19,495","19,665","19,435","509,76K","0,36%"
"04.06.2021","19,480","19,380","19,670","19,370","2,84M","0,83%"
"03.06.2021","19,320","19,340","19,420","19,250","655,68K","0,18%"
"02.06.2021","19,285","19,350","19,445","19,260","606,52K","0,00%"
"01.06.2021","19,285","19,285","19,475","19,235","676,16K","0,31%"
"31.05.2021","19,225","19,300","19,385","19,225","480,98K","-0,23%"
"28.05.2021","19,270","19,300","19,445","19,215","665,37K","0,34%"
"27.05.2021","19,205","19,330","19,415","19,190","1,27M","-0,49%"
"26.05.2021","19,300","19,190","19,375","19,165","702,64K","0,84%"
"25.05.2021","19,140","19,090","19,160","18,930","886,61K","0,29%"
"24.05.2021","19,085","19,180","19,235","19,085","396,42K","-0,08%"
"21.05.2021","19,100","19,130","19,160","19,030","543,13K","0,05%"
"20.05.2021","19,090","19,145","19,160","19,015","439,93K","0,00%"
"19.05.2021","19,090","19,065","19,150","18,950","638,07K","-0,13%"
"18.05.2021","19,115","19,045","19,185","19,035","570,46K","0,42%"
"17.05.2021","19,035","18,920","19,140","18,855","757,18K","0,37%"
"14.05.2021","18,965","18,825","19,025","18,800","577,69K","1,09%"
"13.05.2021","18,760","19,000","19,005","18,620","986,09K","-1,37%"
"12.05.2021","19,020","18,845","19,335","18,840","973,89K","0,82%"
"11.05.2021","18,865","18,850","18,960","18,790","776,09K","-0,45%"
"10.05.2021","18,950","18,850","18,975","18,680","1,00M","0,85%"
"07.05.2021","18,790","18,935","18,975","18,765","890,99K","0,03%"
"06.05.2021","18,785","18,495","18,960","18,460","1,07M","1,82%"
"05.05.2021","18,450","18,415","18,540","18,310","615,84K","0,76%"
"04.05.2021","18,310","18,250","18,495","18,235","548,59K","0,47%"
"03.05.2021","18,225","18,205","18,300","18,115","410,59K","0,58%"
"30.04.2021","18,120","18,125","18,215","18,055","878,10K","0,03%"
"29.04.2021","18,115","18,130","18,305","18,100","1,44M","-0,30%"
"28.04.2021","18,170","18,180","18,210","18,075","691,43K","0,53%"
"27.04.2021","18,075","18,120","18,200","18,065","678,61K","-0,25%"
"26.04.2021","18,120","18,150","18,160","18,010","1,59M","0,36%"
"23.04.2021","18,055","18,355","18,355","18,055","854,55K","-1,47%"
"22.04.2021","18,325","18,275","18,465","18,150","908,82K","1,05%"
"21.04.2021","18,135","18,100","18,250","18,020","909,07K","0,72%"
"20.04.2021","18,005","18,710","18,710","18,005","2,08M","-3,77%"
"19.04.2021","18,710","18,410","18,790","18,400","1,15M","1,96%"
"16.04.2021","18,350","18,500","18,555","18,345","1,26M","-0,81%"
"15.04.2021","18,500","18,500","18,545","18,360","654,37K","0,27%"
"14.04.2021","18,450","18,400","18,480","18,280","595,29K","0,30%"
"13.04.2021","18,395","18,475","18,545","18,230","940,09K","-0,57%"
"12.04.2021","18,500","18,700","18,775","18,485","832,00K","-0,72%"
"09.04.2021","18,635","18,655","18,770","18,490","657,16K","-0,11%"
"08.04.2021","18,655","18,790","18,945","18,565","885,72K","-0,67%"
"07.04.2021","18,780","18,490","18,780","18,485","1,10M","1,87%"
"06.04.2021","18,435","18,625","18,645","18,290","1,18M","0,05%"
"01.04.2021","18,425","18,575","18,575","18,365","590,98K","-0,51%"
"31.03.2021","18,520","18,495","18,640","18,410","1,12M","0,22%"
"30.03.2021","18,480","18,715","18,740","18,420","688,47K","-0,75%"
"29.03.2021","18,620","18,420","18,660","18,380","1,02M","1,25%"
"26.03.2021","18,390","18,425","18,480","18,335","739,08K","0,14%"
"25.03.2021","18,365","18,400","18,540","18,295","628,92K","-0,19%"
"24.03.2021","18,400","18,390","18,400","18,130","710,83K","0,05%"
"23.03.2021","18,390","18,050","18,390","17,950","1,16M","2,08%"
"22.03.2021","18,015","18,020","18,075","17,770","886,89K","0,17%"
"19.03.2021","17,985","17,850","18,060","17,765","1,96M","0,98%"
"18.03.2021","17,810","18,000","18,000","17,640","880,40K","0,11%"
"17.03.2021","17,790","18,000","18,010","17,780","842,10K","-1,03%"
"16.03.2021","17,975","18,025","18,070","17,860","819,49K","0,33%"
"15.03.2021","17,915","17,910","18,120","17,850","843,02K","0,70%"
"12.03.2021","17,790","17,840","17,930","17,725","647,24K","0,03%"
"11.03.2021","17,785","17,920","17,975","17,730","879,09K","-0,70%"
"10.03.2021","17,910","17,740","17,935","17,620","965,72K","0,84%"
"09.03.2021","17,760","17,700","18,085","17,630","1,46M","0,94%"
"08.03.2021","17,595","17,520","17,655","17,375","1,05M","1,00%"
"05.03.2021","17,420","17,500","17,505","17,280","972,17K","-0,57%"
"04.03.2021","17,520","17,280","17,610","17,245","993,34K","1,74%"
"03.03.2021","17,220","17,460","17,585","17,130","946,24K","-0,98%"
"02.03.2021","17,390","17,600","17,695","17,365","834,61K","-1,17%"
"01.03.2021","17,595","17,490","17,675","17,400","703,63K","1,32%"
"26.02.2021","17,365","17,395","17,515","17,235","1,22M","-0,49%"
"25.02.2021","17,450","17,500","17,555","17,335","1,03M","0,11%"
"24.02.2021","17,430","17,650","17,655","17,305","1,32M","-1,05%"
"23.02.2021","17,615","17,570","17,775","17,140","1,74M","1,97%"
"22.02.2021","17,275","17,150","17,400","17,030","1,17M","0,96%"
"19.02.2021","17,110","17,150","17,300","17,010","1,25M","0,12%"
"18.02.2021","17,090","17,380","17,425","17,090","2,01M","-1,41%"
"17.02.2021","17,335","17,600","17,620","17,215","1,46M","-1,56%"
"16.02.2021","17,610","17,940","18,050","17,610","887,10K","-1,70%"
"15.02.2021","17,915","17,760","17,915","17,455","1,01M","0,87%"
"12.02.2021","17,760","17,360","17,805","17,340","729,30K","2,30%"
"11.02.2021","17,360","17,580","17,640","17,300","1,09M","-1,89%"
"10.02.2021","17,695","17,600","17,895","17,420","1,28M","0,80%"
"09.02.2021","17,555","17,900","17,910","17,500","1,56M","-1,85%"
"08.02.2021","17,885","17,940","18,070","17,855","1,12M","-0,25%"
"05.02.2021","17,930","18,230","18,265","17,920","1,07M","-1,16%"
"04.02.2021","18,140","18,405","18,465","18,060","1,02M","-1,49%"
"03.02.2021","18,415","18,275","18,585","18,055","1,18M","1,01%"
"02.02.2021","18,230","18,395","18,430","18,150","1,58M","-0,71%"
"01.02.2021","18,360","18,360","18,475","18,225","805,12K","1,02%"
"29.01.2021","18,175","18,450","18,560","18,175","1,54M","-1,89%"
"28.01.2021","18,525","18,885","18,990","18,525","1,20M","-3,01%"
"27.01.2021","19,100","18,430","19,630","18,385","2,84M","3,69%"
"26.01.2021","18,420","18,390","18,570","18,300","1,19M","0,41%"
"25.01.2021","18,345","18,000","18,345","17,950","1,18M","2,49%"
"22.01.2021","17,900","18,020","18,030","17,745","967,46K","-0,67%"
"21.01.2021","18,020","18,210","18,345","18,015","873,14K","-0,96%"
"20.01.2021","18,195","18,485","18,570","18,025","880,75K","-1,44%"
"19.01.2021","18,460","18,310","18,550","18,210","867,95K","1,10%"
"18.01.2021","18,260","18,065","18,260","17,940","829,45K","1,22%"
"15.01.2021","18,040","18,240","18,370","17,910","1,25M","-1,93%"
"14.01.2021","18,395","18,445","18,465","18,205","1,16M","-0,19%"
"13.01.2021","18,430","18,010","18,430","18,010","1,17M","1,68%"
"12.01.2021","18,125","18,195","18,200","17,955","1,39M","-0,14%"
"11.01.2021","18,150","18,125","18,235","18,010","1,54M","-0,38%"
"08.01.2021","18,220","18,190","18,255","18,005","2,14M","0,52%"
"07.01.2021","18,125","18,190","18,190","17,830","1,82M","0,61%"
"06.01.2021","18,015","17,750","18,275","17,740","1,90M","2,07%"
"05.01.2021","17,650","17,805","17,935","17,595","2,18M","-1,37%"
"04.01.2021","17,895","18,100","18,320","17,895","1,42M","-0,39%"
"31.12.2020","17,965","18,250","18,270","17,840","664,94K","-1,75%"
"30.12.2020","18,285","18,415","18,510","18,280","605,29K","-0,54%"
"29.12.2020","18,385","18,500","18,580","18,300","2,71M","-0,43%"
"28.12.2020","18,465","18,325","18,500","18,280","675,55K","1,32%"
"24.12.2020","18,225","18,300","18,385","18,225","2,66M","-0,22%"
"23.12.2020","18,265","17,970","18,300","17,950","2,05M","1,90%"
"22.12.2020","17,925","18,090","18,155","17,840","8,14M","-0,11%"
"21.12.2020","17,945","18,395","18,405","17,750","4,78M","-5,90%"
"18.12.2020","19,070","19,175","19,390","18,770","3,40M","-2,10%"
"17.12.2020","19,480","20,120","20,140","19,300","2,75M","-3,08%"
"16.12.2020","20,100","20,320","20,460","20,030","1,09M","-0,74%"
"15.12.2020","20,250","20,480","20,480","20,160","2,85M","-0,64%"
"14.12.2020","20,380","20,280","20,470","20,170","897,67K","1,34%"
"11.12.2020","20,110","20,410","20,410","19,965","975,88K","-1,08%"
"10.12.2020","20,330","20,300","20,560","20,270","3,59M","0,49%"
"09.12.2020","20,230","20,120","20,230","20,060","1,09M","0,50%"
"08.12.2020","20,130","20,140","20,190","20,000","7,41M","0,15%"
"07.12.2020","20,100","19,800","20,110","19,720","3,35M","1,52%"
"04.12.2020","19,800","19,800","19,950","19,770","854,77K","0,00%"
"03.12.2020","19,800","19,950","19,990","19,640","1,60M","-0,88%"
"02.12.2020","19,975","19,900","20,050","19,580","1,46M","0,38%"
"01.12.2020","19,900","20,440","20,440","19,865","1,58M","-2,55%"
"30.11.2020","20,420","20,720","20,720","20,410","2,09M","-1,73%"
"27.11.2020","20,780","20,420","20,820","20,400","811,29K","1,76%"
"26.11.2020","20,420","20,760","20,760","20,400","684,02K","-0,87%"
"25.11.2020","20,600","20,530","20,680","20,470","719,82K","0,49%"
"24.11.2020","20,500","20,300","20,500","20,240","899,53K","1,43%"
"23.11.2020","20,210","20,390","20,450","20,180","622,05K","0,05%"
"20.11.2020","20,200","20,030","20,310","19,930","626,87K","0,95%"
"19.11.2020","20,010","19,750","20,200","19,720","927,80K","0,88%"
"18.11.2020","19,835","19,765","19,975","19,725","660,77K","-0,10%"
"17.11.2020","19,855","20,010","20,080","19,760","703,83K","-0,73%"
"16.11.2020","20,000","19,795","20,160","19,650","1,50M","2,20%"
"13.11.2020","19,570","19,385","19,740","19,220","743,75K","0,69%"
"12.11.2020","19,435","19,770","19,820","19,405","820,20K","-1,72%"
"11.11.2020","19,775","19,900","19,980","19,695","886,18K","-0,35%"
"10.11.2020","19,845","19,520","19,845","19,295","1,27M","2,06%"
"09.11.2020","19,445","18,960","19,665","18,785","1,27M","3,57%"
"06.11.2020","18,775","18,720","18,935","18,710","565,05K","-0,05%"
"05.11.2020","18,785","18,975","19,150","18,785","877,72K","-0,92%"
"04.11.2020","18,960","18,520","18,960","18,225","811,90K","0,93%"
"03.11.2020","18,785","18,880","18,965","18,675","1,70M","0,35%"
"02.11.2020","18,720","18,495","18,820","18,315","588,81K","1,03%"
"30.10.2020","18,530","18,400","18,620","18,315","994,20K","0,32%"
"29.10.2020","18,470","18,900","19,190","18,470","1,24M","-2,28%"
"28.10.2020","18,900","19,105","19,210","18,750","1,26M","-1,89%"
"27.10.2020","19,265","19,810","19,810","19,215","700,24K","-2,21%"
"26.10.2020","19,700","19,540","19,915","19,435","1,37M","-0,05%"
"23.10.2020","19,710","19,330","19,790","19,295","715,68K","1,99%"
"22.10.2020","19,325","19,135","19,485","18,930","1,26M","0,60%"
"21.10.2020","19,210","19,720","19,975","19,165","1,09M","-1,64%"
"20.10.2020","19,530","19,300","19,860","18,735","1,40M","0,64%"
"19.10.2020","19,405","19,245","19,645","19,245","1,16M","1,46%"
"16.10.2020","19,125","19,325","19,370","19,060","925,78K","-0,31%"
"15.10.2020","19,185","19,615","19,675","19,185","1,51M","-2,86%"
"14.10.2020","19,750","19,630","19,835","19,485","679,55K","0,87%"
"13.10.2020","19,580","19,470","19,680","19,390","788,41K","0,26%"
"12.10.2020","19,530","19,440","19,575","19,370","548,71K","0,44%"
"09.10.2020","19,445","19,500","19,600","19,315","493,42K","-0,13%"
"08.10.2020","19,470","19,295","19,555","19,200","1,76M","0,88%"
"07.10.2020","19,300","19,485","19,660","19,195","1,24M","-0,67%"
"06.10.2020","19,430","19,780","19,880","19,330","1,15M","-1,62%"
"05.10.2020","19,750","19,725","19,815","19,575","701,83K","0,53%"
"02.10.2020","19,645","19,685","19,795","19,590","948,25K","-1,26%"
"01.10.2020","19,895","19,875","20,000","19,775","713,53K","1,02%"
"30.09.2020","19,695","20,000","20,170","19,695","852,23K","-1,72%"
"29.09.2020","20,040","20,210","20,450","20,040","603,78K","-0,94%"
"28.09.2020","20,230","19,850","20,250","19,705","590,57K","3,03%"
"25.09.2020","19,635","19,615","19,905","19,435","788,61K","-0,10%"
"24.09.2020","19,655","19,640","19,820","19,540","604,88K","-0,10%"
"23.09.2020","19,675","19,575","19,880","19,545","872,69K","1,84%"
"22.09.2020","19,320","19,600","19,780","19,320","732,65K","-1,18%"
"21.09.2020","19,550","20,000","20,070","19,500","726,69K","-2,01%"
"18.09.2020","19,950","20,220","20,350","19,915","1,79M","-2,06%"
"17.09.2020","20,370","20,150","20,400","20,110","386,61K","0,49%"
"16.09.2020","20,270","20,350","20,420","20,050","594,08K","-0,78%"
"15.09.2020","20,430","20,180","20,530","20,180","720,97K","0,64%"
"14.09.2020","20,300","20,390","20,520","20,220","485,00K","-0,49%"
"11.09.2020","20,400","20,330","20,520","20,240","369,61K","0,15%"
"10.09.2020","20,370","20,370","20,570","20,300","453,73K","-0,34%"
"09.09.2020","20,440","20,040","20,580","20,020","599,69K","2,15%"
"08.09.2020","20,010","20,450","20,490","19,835","720,23K","-1,82%"
"07.09.2020","20,380","20,040","20,570","20,000","574,85K","1,85%"
"04.09.2020","20,010","20,160","20,300","19,880","767,06K","-1,14%"
"03.09.2020","20,240","20,700","20,850","20,120","723,53K","-2,17%"
"02.09.2020","20,690","20,380","20,690","20,370","556,36K","1,57%"
"01.09.2020","20,370","20,620","20,820","20,370","428,49K","-0,59%"
"31.08.2020","20,490","20,640","20,800","20,470","559,29K","-0,29%"
"28.08.2020","20,550","20,790","20,820","20,510","533,34K","-0,72%"
"27.08.2020","20,700","20,830","20,950","20,660","613,46K","-0,53%"
"26.08.2020","20,810","21,100","21,140","20,810","777,12K","-1,65%"
"25.08.2020","21,160","21,690","21,750","21,160","476,66K","-2,31%"
"24.08.2020","21,660","21,170","21,660","21,170","522,81K","3,19%"
"21.08.2020","20,990","21,270","21,360","20,920","815,82K","-0,90%"
"20.08.2020","21,180","21,470","21,470","21,110","839,44K","-1,85%"
"19.08.2020","21,580","21,430","21,580","21,320","426,71K","0,84%"
"18.08.2020","21,400","21,490","21,700","21,370","515,56K","-0,60%"
"17.08.2020","21,530","21,560","21,650","21,400","435,87K","-0,37%"
"14.08.2020","21,610","21,800","21,800","21,390","449,34K","-1,14%"
"13.08.2020","21,860","21,870","21,980","21,780","491,57K","-0,82%"
"12.08.2020","22,040","21,630","22,040","21,530","639,87K","1,80%"
"11.08.2020","21,650","21,660","21,890","21,560","722,20K","0,51%"
"10.08.2020","21,540","21,280","21,540","21,200","1,03M","1,32%"
"07.08.2020","21,260","21,230","21,290","21,100","515,90K","0,14%"
"06.08.2020","21,230","21,250","21,390","21,090","827,57K","-0,23%"
"05.08.2020","21,280","21,050","21,550","21,050","714,84K","0,52%"
"04.08.2020","21,170","21,630","21,700","21,060","518,08K","-1,99%"
"03.08.2020","21,600","21,370","21,600","21,020","1,78M","1,08%"
"31.07.2020","21,370","21,540","21,860","21,370","1,05M","-0,23%"
"30.07.2020","21,420","21,890","21,920","21,240","1,10M","-2,64%"
"29.07.2020","22,000","22,000","22,070","21,640","668,80K","0,14%"
"28.07.2020","21,970","21,780","22,050","21,360","913,74K","2,38%"
"27.07.2020","21,460","21,850","21,980","21,380","638,10K","-2,45%"
"24.07.2020","22,000","22,110","22,230","21,890","1,13M","-0,90%"
"23.07.2020","22,200","22,190","22,290","22,010","489,61K","0,45%"
"22.07.2020","22,100","22,050","22,120","21,950","479,97K","-0,18%"
"21.07.2020","22,140","22,200","22,310","22,020","787,09K","-0,32%"
"20.07.2020","22,210","22,060","22,290","21,970","816,20K","0,77%"
"17.07.2020","22,040","21,800","22,110","21,620","845,87K","1,05%"
"16.07.2020","21,810","21,380","21,810","21,360","1,95M","1,11%"
"15.07.2020","21,570","21,800","21,800","21,350","3,93M","-0,51%"
"14.07.2020","21,680","21,260","21,680","21,230","2,56M","1,26%"
"13.07.2020","21,410","21,460","21,500","21,100","941,55K","0,52%"
"10.07.2020","21,300","20,800","21,330","20,710","2,93M","2,16%"
"09.07.2020","20,850","21,140","21,140","20,750","6,45M","-1,28%"
"08.07.2020","21,120","21,000","21,130","20,810","1,40M","0,19%"
"07.07.2020","21,080","21,810","21,880","21,060","3,54M","-7,91%"
"06.07.2020","22,890","22,840","23,040","22,690","1,52M","1,91%"
"03.07.2020","22,460","22,500","22,760","22,370","715,20K","-0,04%"
"02.07.2020","22,470","22,100","22,540","22,010","3,14M","2,14%"
"01.07.2020","22,000","21,820","22,020","21,620","2,52M","1,15%"
"30.06.2020","21,750","21,850","22,080","21,610","1,28M","-0,18%"
"29.06.2020","21,790","21,800","21,870","21,450","926,41K","-0,05%"
"26.06.2020","21,800","22,000","22,180","21,800","3,43M","-0,46%"
"25.06.2020","21,900","21,550","21,930","21,300","6,96M","2,15%"
"24.06.2020","21,440","21,950","21,990","21,440","2,63M","-2,32%"
"23.06.2020","21,950","21,890","22,170","21,750","2,14M","0,64%"
"22.06.2020","21,810","21,930","21,960","21,640","2,85M","-0,55%"
"19.06.2020","21,930","21,870","22,140","21,830","2,19M","0,27%"
"18.06.2020","21,870","21,420","21,890","21,400","1,15M","1,77%"
"17.06.2020","21,490","21,530","21,860","21,480","1,06M","-0,46%"
"16.06.2020","21,590","21,530","21,760","21,070","1,14M","1,74%"
"15.06.2020","21,220","20,510","21,360","20,280","1,02M","2,41%"
"12.06.2020","20,720","20,780","21,040","20,530","975,95K","-0,29%"
"11.06.2020","20,780","21,100","21,290","20,780","1,23M","-2,40%"
"10.06.2020","21,290","22,000","22,090","21,260","1,33M","-2,74%"
"09.06.2020","21,890","22,100","22,280","21,750","1,25M","-0,91%"
"08.06.2020","22,090","21,890","22,230","21,770","1,84M","0,14%"
"05.06.2020","22,060","22,260","22,560","21,880","2,61M","-0,50%"
"04.06.2020","22,170","22,160","22,340","21,930","1,39M","-0,54%"
"03.06.2020","22,290","21,500","22,290","21,420","1,29M","3,67%"
"02.06.2020","21,500","21,050","21,500","20,970","1,40M","2,77%"
"01.06.2020","20,920","20,700","20,990","20,520","918,07K","3,51%"
"29.05.2020","20,210","20,820","20,830","20,210","3,25M","-3,35%"
"28.05.2020","20,910","21,100","21,200","20,690","2,24M","-0,38%"
"27.05.2020","20,990","21,110","21,180","20,750","1,87M","-0,66%"
"26.05.2020","21,130","20,950","21,130","20,680","1,47M","1,34%"
"25.05.2020","20,850","20,680","20,850","20,510","358,79K","1,81%"
"22.05.2020","20,480","20,490","20,610","20,300","892,02K","-1,25%"
"21.05.2020","20,740","20,630","20,930","20,490","825,21K","0,24%"
"20.05.2020","20,690","20,350","20,810","20,170","1,07M","1,77%"
"19.05.2020","20,330","21,430","21,440","20,330","1,93M","-4,42%"
"18.05.2020","21,270","21,400","21,550","20,820","837,66K","-0,33%"
"15.05.2020","21,340","21,670","21,880","21,340","863,62K","-0,09%"
"14.05.2020","21,360","21,500","21,630","20,950","719,33K","-1,66%"
"13.05.2020","21,720","20,920","22,020","20,850","1,13M","3,04%"
"12.05.2020","21,080","20,560","21,110","20,560","960,92K","1,88%"
"11.05.2020","20,690","20,800","20,830","20,480","573,33K","0,49%"
"08.05.2020","20,590","20,600","20,650","20,500","313,66K","0,73%"
"07.05.2020","20,440","20,390","20,690","20,250","521,54K","0,29%"
"06.05.2020","20,380","20,500","20,660","20,310","920,31K","-2,02%"
"05.05.2020","20,800","20,490","20,810","20,100","622,57K","3,95%"
"04.05.2020","20,010","20,750","20,750","20,010","913,43K","-6,01%"
"30.04.2020","21,290","20,800","21,520","20,620","1,28M","2,70%"
"29.04.2020","20,730","20,190","20,950","20,080","589,69K","2,62%"
"28.04.2020","20,200","20,320","20,320","19,965","1,30M","-0,15%"
"27.04.2020","20,230","20,800","20,800","20,000","793,11K","-0,78%"
"24.04.2020","20,390","20,840","21,060","20,230","615,74K","-3,00%"
"23.04.2020","21,020","21,000","21,280","20,700","868,18K","0,19%"
"22.04.2020","20,980","20,250","21,060","20,200","1,19M","4,43%"
"21.04.2020","20,090","20,150","20,150","19,575","1,03M","3,58%"
"20.04.2020","19,395","19,790","19,820","19,150","671,49K","-0,82%"
"17.04.2020","19,555","19,955","20,220","19,300","813,39K","-1,34%"
"16.04.2020","19,820","19,590","20,100","19,390","976,10K","2,19%"
"15.04.2020","19,395","19,850","19,900","19,260","919,87K","-2,42%"
"14.04.2020","19,875","20,380","20,470","19,300","1,50M","-1,07%"
"09.04.2020","20,090","19,000","20,140","18,920","1,14M","5,51%"
"08.04.2020","19,040","18,900","19,180","18,510","523,17K","-0,37%"
"07.04.2020","19,110","18,800","19,305","18,575","880,47K","3,63%"
"06.04.2020","18,440","19,135","19,135","18,375","635,99K","-0,11%"
"03.04.2020","18,460","18,520","18,745","18,085","1,24M","-0,27%"
"02.04.2020","18,510","18,100","18,510","17,780","851,65K","2,83%"
"01.04.2020","18,000","17,815","18,425","17,810","1,09M","-0,53%"
"31.03.2020","18,095","18,105","18,350","17,720","1,75M","1,15%"
"30.03.2020","17,890","17,920","18,285","17,685","1,15M","-0,36%"
"27.03.2020","17,955","18,720","19,020","17,860","963,24K","-4,24%"
"26.03.2020","18,750","18,020","18,750","18,020","816,65K","2,77%"
"25.03.2020","18,245","18,760","18,890","18,025","1,18M","1,14%"
"24.03.2020","18,040","18,365","18,765","17,490","1,66M","1,04%"
"23.03.2020","17,855","17,900","18,920","17,000","1,17M","-2,91%"
"20.03.2020","18,390","18,700","19,610","18,100","2,95M","-1,68%"
"19.03.2020","18,705","18,550","19,540","18,000","2,11M","2,44%"
"18.03.2020","18,260","17,245","18,550","16,870","1,68M","5,37%"
"17.03.2020","17,330","16,940","17,560","16,380","1,85M","5,03%"
"16.03.2020","16,500","16,655","16,910","15,455","3,81M","-5,04%"
"13.03.2020","17,375","16,775","18,470","16,615","2,45M","8,59%"
"12.03.2020","16,000","17,910","18,200","16,000","4,12M","-14,80%"
"11.03.2020","18,780","19,410","19,825","18,705","3,71M","-2,52%"
"10.03.2020","19,265","20,640","20,750","19,265","1,87M","-5,15%"
"09.03.2020","20,310","21,050","21,660","20,280","3,01M","-8,72%"
"06.03.2020","22,250","23,100","23,180","22,130","1,55M","-5,04%"
"05.03.2020","23,430","24,160","24,160","23,300","1,15M","-2,46%"
"04.03.2020","24,020","23,780","24,020","23,520","1,18M","1,56%"
"03.03.2020","23,650","23,780","24,020","23,550","3,02M","0,94%"
"02.03.2020","23,430","23,610","23,950","23,030","1,55M","0,13%"
"28.02.2020","23,400","23,000","23,400","22,640","3,53M","-0,26%"
"27.02.2020","23,460","24,010","24,130","23,360","2,11M","-2,98%"
"26.02.2020","24,180","24,100","24,420","23,820","2,24M","-0,49%"
"25.02.2020","24,300","25,090","25,250","24,250","2,03M","-2,99%"
"24.02.2020","25,050","25,550","25,660","25,020","1,46M","-3,80%"
"21.02.2020","26,040","25,660","26,260","25,550","1,42M","1,68%"
"20.02.2020","25,610","25,620","25,780","25,290","1,04M","-0,04%"
"19.02.2020","25,620","25,230","26,060","24,850","1,92M","1,30%"
"18.02.2020","25,290","25,300","25,480","25,100","1,64M","-0,86%"
"17.02.2020","25,510","25,540","25,610","25,370","1,41M","-0,47%"
"14.02.2020","25,630","25,260","25,630","25,260","1,33M","1,79%"
"13.02.2020","25,180","25,180","25,380","25,110","995,90K","-0,16%"
"12.02.2020","25,220","25,130","25,630","25,040","1,75M","0,72%"
"11.02.2020","25,040","24,900","25,150","24,750","836,76K","0,97%"
"10.02.2020","24,800","24,780","24,940","24,710","908,58K","-0,20%"
"07.02.2020","24,850","24,590","24,890","24,480","1,10M","0,40%"
"06.02.2020","24,750","24,610","24,750","24,500","901,80K","0,86%"
"05.02.2020","24,540","24,390","24,660","24,030","1,19M","0,66%"
"04.02.2020","24,380","24,430","24,500","24,170","587,63K","0,54%"
"03.02.2020","24,250","24,350","24,450","24,170","746,98K","-0,29%"
"31.01.2020","24,320","24,400","24,570","24,220","1,02M","-0,25%"
"30.01.2020","24,380","24,320","24,740","24,300","789,72K","-0,20%"
"29.01.2020","24,430","24,420","24,500","24,260","717,08K","0,16%"
"28.01.2020","24,390","24,110","24,480","24,110","678,24K","1,20%"
"27.01.2020","24,100","23,960","24,180","23,840","778,12K","-0,12%"
"24.01.2020","24,130","24,260","24,400","24,130","911,69K","-0,08%"
"23.01.2020","24,150","23,970","24,360","23,940","869,15K","0,46%"
"22.01.2020","24,040","24,100","24,200","23,890","1,43M","0,00%"
"21.01.2020","24,040","23,890","24,120","23,770","951,38K","0,17%"
"20.01.2020","24,000","23,690","24,150","23,620","809,20K","1,31%"
"17.01.2020","23,690","23,400","23,790","23,320","1,46M","1,59%"
"16.01.2020","23,320","22,740","23,390","22,740","1,21M","2,46%"
"15.01.2020","22,760","22,750","22,810","22,420","1,28M","0,04%"
"14.01.2020","22,750","22,870","23,010","22,700","1,77M","-0,52%"
"13.01.2020","22,870","23,000","23,030","22,760","627,79K","-0,39%"
"10.01.2020","22,960","23,100","23,110","22,870","1,41M","-0,17%"
"09.01.2020","23,000","22,800","23,050","22,650","1,04M","1,23%"
"08.01.2020","22,720","22,420","22,730","22,370","870,39K","0,93%"
"07.01.2020","22,510","22,900","23,010","22,430","941,72K","-1,53%"
"06.01.2020","22,860","22,850","23,080","22,750","892,32K","-0,17%"
"03.01.2020","22,900","22,800","23,000","22,660","636,55K","0,31%"
"02.01.2020","22,830","23,000","23,000","22,790","2,35M","0,40%"
"31.12.2019","22,740","23,040","23,110","22,690","504,11K","-1,98%"
"30.12.2019","23,200","23,280","23,350","23,010","599,74K","-0,77%"
"27.12.2019","23,380","23,400","23,430","23,270","870,16K","-0,09%"
"24.12.2019","23,400","23,250","23,410","23,020","418,63K","0,69%"
"23.12.2019","23,240","23,110","23,380","22,900","3,19M","0,74%"
"20.12.2019","23,070","22,500","23,280","22,440","26,61M","2,67%"
"19.12.2019","22,470","21,930","22,500","21,800","2,96M","0,04%"
"18.12.2019","22,460","22,650","22,900","22,460","3,79M","-0,62%"
"17.12.2019","22,600","22,500","22,740","22,240","1,18M","-0,04%"
"16.12.2019","22,610","22,400","22,620","22,330","954,83K","1,57%"
"13.12.2019","22,260","22,600","22,750","22,230","1,37M","-0,49%"
"12.12.2019","22,370","22,680","22,690","22,220","1,13M","-1,41%"
"11.12.2019","22,690","22,500","22,790","22,410","759,84K","0,62%"
"10.12.2019","22,550","22,500","22,620","22,400","569,65K","0,22%"
"09.12.2019","22,500","22,710","22,770","22,380","777,32K","-1,14%"
"06.12.2019","22,760","22,540","22,890","22,490","1,61M","1,11%"
"05.12.2019","22,510","22,360","22,560","22,350","1,93M","0,76%"
"04.12.2019","22,340","22,330","22,370","22,170","4,07M","0,40%"
"03.12.2019","22,250","22,060","22,400","22,060","934,70K","0,86%"
"02.12.2019","22,060","22,610","22,610","22,060","1,26M","-2,43%"
"29.11.2019","22,610","22,500","22,840","22,400","1,05M","0,40%"
"28.11.2019","22,520","22,550","22,670","22,450","1,02M","0,18%"
"27.11.2019","22,480","22,870","22,870","22,470","1,20M","-0,57%"
"26.11.2019","22,610","22,790","22,950","22,610","1,96M","-1,22%"
"25.11.2019","22,890","22,960","23,130","22,790","770,04K","0,70%"
"22.11.2019","22,730","22,760","22,940","22,630","895,87K","-0,04%"
"21.11.2019","22,740","22,710","23,040","22,560","771,19K","-0,13%"
"20.11.2019","22,770","22,920","22,960","22,580","838,53K","-0,57%"
"19.11.2019","22,900","23,000","23,250","22,900","807,71K","-0,78%"
"18.11.2019","23,080","22,650","23,130","22,650","928,81K","1,50%"
"15.11.2019","22,740","22,650","22,750","22,450","890,33K","0,49%"
"14.11.2019","22,630","22,720","22,780","22,560","494,33K","-0,04%"
"13.11.2019","22,640","22,350","22,780","22,300","1,24M","0,18%"
"12.11.2019","22,600","22,950","23,120","22,410","1,34M","-1,61%"
"11.11.2019","22,970","23,080","23,160","22,720","2,28M","-0,30%"
"08.11.2019","23,040","23,100","23,240","22,950","1,09M","0,04%"
"07.11.2019","23,030","22,880","23,180","22,700","1,69M","2,36%"
"06.11.2019","22,500","22,120","22,670","21,970","958,37K","1,58%"
"05.11.2019","22,150","21,950","22,180","21,780","1,18M","0,77%"
"04.11.2019","21,980","22,020","22,450","21,770","1,34M","0,23%"
"01.11.2019","21,930","22,270","22,320","21,840","870,23K","-1,17%"
"31.10.2019","22,190","21,750","23,060","21,750","3,41M","5,52%"
"30.10.2019","21,030","20,950","21,030","20,750","890,66K","0,19%"
"29.10.2019","20,990","20,970","20,990","20,620","1,98M","0,00%"
"28.10.2019","20,990","20,930","21,050","20,800","764,34K","0,57%"
"25.10.2019","20,870","21,050","21,210","20,830","1,07M","-0,86%"
"24.10.2019","21,050","20,960","21,130","20,870","672,88K","0,91%"
"23.10.2019","20,860","20,720","20,960","20,720","1,18M","0,77%"
"22.10.2019","20,700","20,640","20,750","20,360","810,70K","1,17%"
"21.10.2019","20,460","20,400","20,610","20,290","1,05M","0,54%"
"18.10.2019","20,350","20,270","20,450","20,210","1,87M","0,25%"
"17.10.2019","20,300","20,770","20,890","20,300","1,63M","-1,93%"
"16.10.2019","20,700","20,800","20,890","20,590","1,21M","0,15%"
"15.10.2019","20,670","20,850","20,850","20,410","1,05M","-0,19%"
"14.10.2019","20,710","20,670","20,890","20,540","757,41K","0,73%"
"11.10.2019","20,560","20,520","20,730","20,400","1,15M","0,34%"
"10.10.2019","20,490","20,620","20,710","20,360","889,90K","-0,44%"
"09.10.2019","20,580","20,700","20,750","20,460","1,17M","-0,19%"
"08.10.2019","20,620","21,220","21,220","20,580","1,12M","-2,14%"
"07.10.2019","21,070","20,990","21,220","20,960","883,73K","0,67%"
"04.10.2019","20,930","20,900","20,940","20,740","760,36K","0,43%"
"03.10.2019","20,840","21,070","21,370","20,840","720,05K","-1,28%"
"02.10.2019","21,110","21,630","21,630","21,050","1,60M","-1,86%"
"01.10.2019","21,510","21,300","21,640","21,300","1,47M","1,18%"
"30.09.2019","21,260","21,330","21,580","21,190","1,81M","0,71%"
"27.09.2019","21,110","21,100","21,200","20,980","606,06K","-0,09%"
"26.09.2019","21,130","20,770","21,130","20,730","768,28K","2,13%"
"25.09.2019","20,690","20,800","21,210","20,590","1,41M","-1,10%"
"24.09.2019","20,920","20,650","20,940","20,560","2,21M","1,41%"
"23.09.2019","20,630","20,950","20,970","20,440","900,30K","-0,86%"
"20.09.2019","20,810","21,120","21,260","20,810","2,75M","-1,05%"
"19.09.2019","21,030","21,090","21,370","20,780","1,99M","-0,28%"
"18.09.2019","21,090","20,240","21,230","20,050","2,05M","3,74%"
"17.09.2019","20,330","20,420","20,460","20,260","1,46M","0,10%"
"16.09.2019","20,310","20,180","20,700","20,130","1,41M","0,30%"
"13.09.2019","20,250","20,110","20,350","20,020","1,09M","0,25%"
"12.09.2019","20,200","20,090","20,300","19,850","1,17M","-0,15%"
"11.09.2019","20,230","19,880","20,260","19,740","1,62M","2,56%"
"10.09.2019","19,725","19,445","19,890","19,155","1,20M","1,41%"
"09.09.2019","19,450","19,600","19,740","19,400","889,78K","-0,49%"
"06.09.2019","19,545","20,150","20,150","19,450","1,95M","-3,72%"
"05.09.2019","20,300","20,100","20,300","20,020","757,40K","1,10%"
"04.09.2019","20,080","19,930","20,080","19,740","831,83K","1,31%"
"03.09.2019","19,820","19,895","19,960","19,685","720,29K","0,08%"
"02.09.2019","19,805","19,830","20,210","19,805","566,82K","-0,25%"
"30.08.2019","19,855","19,520","19,960","19,520","1,47M","1,95%"
"29.08.2019","19,475","19,890","20,040","19,350","1,12M","-2,09%"
"28.08.2019","19,890","20,020","20,130","19,820","752,34K","-1,19%"
"27.08.2019","20,130","19,825","20,220","19,785","1,01M","1,87%"
"26.08.2019","19,760","19,780","19,895","19,670","404,02K","-0,53%"
"23.08.2019","19,865","20,020","20,180","19,845","624,05K","-0,25%"
"22.08.2019","19,915","19,940","20,310","19,915","673,55K","-0,03%"
"21.08.2019","19,920","19,980","20,140","19,860","923,44K","-0,45%"
"20.08.2019","20,010","20,220","20,450","19,920","826,18K","-1,96%"
"19.08.2019","20,410","20,330","20,410","20,070","699,46K","0,59%"
"16.08.2019","20,290","19,850","20,350","19,840","1,36M","2,68%"
"15.08.2019","19,760","20,130","20,180","19,620","1,21M","-2,08%"
"14.08.2019","20,180","20,180","20,340","20,010","980,74K","0,15%"
"13.08.2019","20,150","19,900","20,490","19,900","1,27M","0,65%"
"12.08.2019","20,020","20,000","20,110","19,815","772,47K","0,38%"
"09.08.2019","19,945","20,270","20,420","19,945","1,94M","-2,04%"
"08.08.2019","20,360","20,090","20,380","20,060","1,47M","1,80%"
"07.08.2019","20,000","19,920","20,180","19,835","1,51M","0,48%"
"06.08.2019","19,905","19,850","20,300","19,520","1,57M","0,35%"
"05.08.2019","19,835","19,825","20,320","19,745","1,32M","-0,63%"
"02.08.2019","19,960","19,470","20,050","19,460","1,33M","1,50%"
"01.08.2019","19,665","19,640","19,755","19,480","1,44M","-0,05%"
"31.07.2019","19,675","19,160","19,690","18,860","2,44M","2,77%"
"30.07.2019","19,145","19,770","19,835","19,145","1,08M","-2,89%"
"29.07.2019","19,715","19,500","19,865","19,500","955,31K","1,28%"
"26.07.2019","19,465","19,560","19,640","19,435","926,61K","-0,59%"
"25.07.2019","19,580","19,530","20,010","19,390","1,20M","0,59%"
"24.07.2019","19,465","19,300","19,585","19,165","953,00K","0,59%"
"23.07.2019","19,350","19,280","19,385","19,065","1,31M","0,44%"
"22.07.2019","19,265","19,600","19,600","19,195","929,68K","-1,00%"
"19.07.2019","19,460","19,495","19,670","19,360","1,34M","-0,84%"
"18.07.2019","19,625","19,350","19,725","19,110","2,66M","-0,38%"
"17.07.2019","19,700","19,200","19,850","19,020","2,10M","3,03%"
"16.07.2019","19,120","19,655","19,655","19,010","1,84M","-2,89%"
"15.07.2019","19,690","19,160","20,140","18,800","3,06M","2,77%"
"12.07.2019","19,160","19,220","19,355","19,040","2,24M","-0,60%"
"11.07.2019","19,275","19,280","19,580","19,180","1,53M","-0,05%"
"10.07.2019","19,285","19,350","19,465","19,100","2,11M","-1,31%"
"09.07.2019","19,540","19,260","19,865","19,130","2,11M","-1,69%"
"08.07.2019","19,875","20,000","20,130","19,230","9,34M","-4,81%"
"05.07.2019","20,880","22,480","22,650","20,350","4,14M","-7,20%"
"04.07.2019","22,500","23,050","23,110","22,370","2,10M","-4,30%"
"03.07.2019","23,510","23,300","23,650","23,230","1,27M","0,73%"
"02.07.2019","23,340","22,800","23,340","22,640","1,35M","2,59%"
"01.07.2019","22,750","22,990","22,990","22,470","1,47M","-3,07%"
"28.06.2019","23,470","24,200","24,200","23,470","2,66M","-2,37%"
"27.06.2019","24,040","24,730","24,730","24,040","1,06M","-1,56%"
"26.06.2019","24,420","24,790","24,820","24,360","1,12M","-1,17%"
"25.06.2019","24,710","24,960","24,990","24,630","1,36M","-0,80%"
"24.06.2019","24,910","25,290","25,440","24,750","6,66M","-1,50%"
"21.06.2019","25,290","24,500","25,290","24,500","1,91M","3,06%"
"20.06.2019","24,540","24,750","24,810","24,380","1,64M","-0,37%"
"19.06.2019","24,630","25,100","25,110","24,580","974,58K","-1,99%"
"18.06.2019","25,130","24,480","25,180","24,390","1,62M","3,20%"
"17.06.2019","24,350","25,090","25,120","24,350","1,41M","-2,64%"
"14.06.2019","25,010","25,180","25,250","24,960","678,10K","-0,20%"
"13.06.2019","25,060","25,130","25,390","25,060","855,09K","0,04%"
"12.06.2019","25,050","24,870","25,290","24,870","1,07M","0,44%"
"11.06.2019","24,940","25,150","25,150","24,870","937,55K","-0,24%"
"10.06.2019","25,000","25,440","25,470","25,000","485,57K","-1,69%"
"07.06.2019","25,430","25,000","25,450","24,900","1,08M","1,80%"
"06.06.2019","24,980","24,630","24,990","24,630","790,32K","1,30%"
"05.06.2019","24,660","24,180","24,660","24,180","1,40M","1,90%"
"04.06.2019","24,200","24,360","24,600","24,150","1,48M","-1,35%"
"03.06.2019","24,530","24,410","24,530","24,150","739,43K","0,12%"
"31.05.2019","24,500","24,550","24,600","24,110","1,44M","-0,20%"
"30.05.2019","24,550","24,700","24,820","24,550","661,64K","0,16%"
"29.05.2019","24,510","25,320","25,330","24,510","1,81M","-3,84%"
"28.05.2019","25,490","25,810","25,820","25,420","685,26K","-0,93%"
"27.05.2019","25,730","25,660","25,910","25,620","298,63K","0,51%"
"24.05.2019","25,600","25,120","25,660","25,070","842,54K","2,32%"
"23.05.2019","25,020","25,350","25,400","25,020","973,59K","-2,00%"
"22.05.2019","25,530","25,350","25,530","25,130","873,97K","0,31%"
"21.05.2019","25,450","25,500","25,720","25,240","832,84K","0,20%"
"20.05.2019","25,400","25,700","25,840","25,330","1,02M","-0,90%"
"17.05.2019","25,630","25,600","25,700","25,350","1,29M","0,31%"
"16.05.2019","25,550","25,120","25,630","25,060","1,05M","1,71%"
"15.05.2019","25,120","24,850","25,140","24,740","920,01K","1,05%"
"14.05.2019","24,860","25,260","25,260","24,740","1,60M","-1,89%"
"13.05.2019","25,340","25,260","25,470","25,030","1,22M","0,00%"
"10.05.2019","25,340","24,830","25,350","24,750","833,38K","2,05%"
"09.05.2019","24,830","24,600","24,950","24,530","833,20K","0,85%"
"08.05.2019","24,620","24,860","25,050","24,620","778,31K","-1,20%"
"07.05.2019","24,920","24,960","25,230","24,810","831,11K","-0,12%"
"06.05.2019","24,950","24,880","25,090","24,810","381,37K","-0,48%"
"03.05.2019","25,070","24,960","25,120","24,760","672,85K","1,09%"
"02.05.2019","24,800","25,300","25,360","24,800","1,01M","-2,36%"
"30.04.2019","25,400","24,910","25,520","24,910","1,20M","1,44%"
"29.04.2019","25,040","24,970","25,080","24,810","725,28K","-0,04%"
"26.04.2019","25,050","25,350","25,390","24,870","656,10K","-1,11%"
"25.04.2019","25,330","24,860","25,370","24,860","1,05M","1,52%"
"24.04.2019","24,950","24,900","25,010","24,600","923,22K","0,52%"
"23.04.2019","24,820","25,110","25,180","24,750","749,20K","-0,52%"
"18.04.2019","24,950","24,980","25,190","24,870","547,89K","-0,12%"
"17.04.2019","24,980","24,940","25,010","24,670","1,14M","0,16%"
"16.04.2019","24,940","25,340","25,430","24,940","731,59K","-1,62%"
"15.04.2019","25,350","25,280","25,450","25,250","657,84K","0,28%"
"12.04.2019","25,280","25,500","25,720","25,100","896,90K","-0,86%"
"11.04.2019","25,500","25,870","25,870","25,500","780,26K","-1,32%"
"10.04.2019","25,840","25,840","26,080","25,770","879,60K","0,04%"
"09.04.2019","25,830","25,810","25,930","25,660","958,74K","0,08%"
"08.04.2019","25,810","25,750","25,970","25,690","707,09K","0,19%"
"05.04.2019","25,760","25,960","26,000","25,390","1,40M","-0,62%"
"04.04.2019","25,920","25,890","26,050","25,830","824,29K","0,00%"
"03.04.2019","25,920","25,800","25,920","25,600","931,64K","0,39%"
"02.04.2019","25,820","25,660","25,840","25,570","1,01M","0,86%"
"01.04.2019","25,600","25,940","26,040","25,600","971,29K","-1,31%"
"29.03.2019","25,940","26,080","26,250","25,920","789,90K","-0,19%"
"28.03.2019","25,990","26,080","26,260","25,890","1,15M","-0,42%"
"27.03.2019","26,100","26,050","26,130","25,810","1,07M","-0,80%"
"26.03.2019","26,310","26,600","26,650","26,180","790,37K","-0,87%"
"25.03.2019","26,540","26,720","27,000","26,350","1,19M","-1,34%"
"22.03.2019","26,900","27,080","27,150","26,790","1,27M","-0,66%"
"21.03.2019","27,080","26,870","27,220","26,790","1,11M","1,08%"
"20.03.2019","26,790","26,470","26,870","26,390","2,76M","1,06%"
"19.03.2019","26,510","26,180","26,570","26,180","782,26K","1,26%"
"18.03.2019","26,180","25,980","26,250","25,850","900,36K","0,61%"
"15.03.2019","26,020","25,740","26,030","25,600","2,07M","1,05%"
"14.03.2019","25,750","25,650","25,930","25,640","1,05M","0,59%"
"13.03.2019","25,600","25,400","25,720","25,400","854,74K","0,55%"
"12.03.2019","25,460","25,520","25,630","25,280","683,30K","-0,47%"
"11.03.2019","25,580","25,750","25,770","25,370","955,71K","-0,66%"
"08.03.2019","25,750","25,330","25,890","25,310","1,16M","0,82%"
"07.03.2019","25,540","24,930","25,660","24,930","1,43M","2,78%"
"06.03.2019","24,850","24,640","24,920","24,470","972,75K","0,85%"
"05.03.2019","24,640","24,890","24,920","24,610","811,85K","-1,00%"
"04.03.2019","24,890","25,050","25,050","24,680","778,97K","-0,20%"
"01.03.2019","24,940","25,190","25,240","24,940","1,08M","-0,44%"
"28.02.2019","25,050","24,800","25,210","24,800","1,25M","1,05%"
"27.02.2019","24,790","25,000","25,170","24,620","1,05M","-1,47%"
"26.02.2019","25,160","25,160","25,330","25,090","785,60K","-0,16%"
"25.02.2019","25,200","25,270","25,350","25,020","855,11K","-0,28%"
"22.02.2019","25,270","25,080","25,270","24,830","881,08K","0,80%"
"21.02.2019","25,070","24,670","25,070","24,660","1,02M","1,91%"
"20.02.2019","24,600","24,810","24,960","24,540","1,27M","-0,24%"
"19.02.2019","24,660","24,870","24,980","24,640","1,01M","-0,72%"
"18.02.2019","24,840","24,730","24,930","24,680","835,93K","0,40%"
"15.02.2019","24,740","24,960","24,970","24,550","1,28M","-0,96%"
"14.02.2019","24,980","25,330","25,400","24,870","997,68K","-0,83%"
"13.02.2019","25,190","25,490","25,580","25,190","1,26M","-1,18%"
"12.02.2019","25,490","25,250","25,490","25,220","779,32K","1,31%"
"11.02.2019","25,160","25,250","25,310","24,920","937,24K","0,08%"
"08.02.2019","25,140","25,270","25,320","25,140","929,33K","-0,83%"
"07.02.2019","25,350","25,330","25,450","25,160","670,87K","0,00%"
"06.02.2019","25,350","25,500","25,570","25,230","710,71K","-0,90%"
"05.02.2019","25,580","25,430","25,580","25,210","922,70K","0,75%"
"04.02.2019","25,390","25,400","25,480","25,070","822,12K","-0,04%"
"01.02.2019","25,400","25,430","25,450","25,190","736,70K","-0,12%"
"31.01.2019","25,430","25,400","25,480","25,210","1,24M","0,20%"
"30.01.2019","25,380","25,300","25,380","25,200","562,54K","0,51%"
"29.01.2019","25,250","24,940","25,330","24,870","1,04M","1,41%"
"28.01.2019","24,900","24,900","25,020","24,770","558,51K","-0,56%"
"25.01.2019","25,040","25,120","25,330","24,900","801,58K","-0,44%"
"24.01.2019","25,150","24,920","25,150","24,850","832,63K","0,56%"
"23.01.2019","25,010","24,740","25,080","24,670","650,99K","1,05%"
"22.01.2019","24,750","24,860","25,100","24,750","859,18K","-0,48%"
"21.01.2019","24,870","25,010","25,100","24,720","503,18K","-0,60%"
"18.01.2019","25,020","24,980","25,120","24,890","753,99K","0,85%"
"17.01.2019","24,810","24,700","24,950","24,600","808,91K","0,24%"
"16.01.2019","24,750","24,940","25,040","24,550","1,04M","-1,71%"
"15.01.2019","25,180","25,180","25,230","24,920","720,43K","0,96%"
"14.01.2019","24,940","24,750","25,120","24,720","660,93K","-0,04%"
"11.01.2019","24,950","24,940","25,280","24,770","940,41K","-0,16%"
"10.01.2019","24,990","24,540","24,990","24,540","1,07M","1,63%"
"09.01.2019","24,590","24,750","24,830","24,440","754,24K","-0,45%"
"08.01.2019","24,700","24,350","24,710","24,350","1,55M","1,40%"
"07.01.2019","24,360","24,360","24,500","24,160","651,68K","-0,08%"
"04.01.2019","24,380","24,460","24,530","24,280","722,96K","0,21%"
"03.01.2019","24,330","23,960","24,470","23,900","960,21K","1,25%"
"02.01.2019","24,030","23,440","24,100","23,240","638,81K","1,78%"
"31.12.2018","23,610","23,290","23,830","23,290","468,57K","0,98%"
"28.12.2018","23,380","23,350","23,520","23,240","851,39K","0,65%"
"27.12.2018","23,230","24,120","24,190","23,180","1,38M","-3,45%"
"24.12.2018","24,060","23,860","24,220","23,860","301,38K","0,46%"
"21.12.2018","23,950","24,300","24,410","23,900","1,80M","-1,88%"
"20.12.2018","24,410","24,420","24,690","24,260","911,86K","-0,97%"
"19.12.2018","24,650","24,410","24,670","24,350","1,04M","1,02%"
"18.12.2018","24,400","24,950","24,980","24,400","1,76M","-2,48%"
"17.12.2018","25,020","25,190","25,590","24,990","1,30M","-2,68%"
"14.12.2018","25,710","25,440","25,770","25,440","995,35K","0,74%"
"13.12.2018","25,520","25,350","25,650","25,150","1,47M","0,95%"
"12.12.2018","25,280","24,900","25,510","24,900","1,65M","1,40%"
"11.12.2018","24,930","24,380","24,930","24,200","1,57M","3,06%"
"10.12.2018","24,190","24,600","24,660","24,190","939,07K","-1,75%"
"07.12.2018","24,620","24,240","24,680","24,240","840,79K","1,90%"
"06.12.2018","24,160","24,570","24,610","24,120","1,10M","-1,87%"
"05.12.2018","24,620","24,430","24,640","24,320","663,94K","0,33%"
"04.12.2018","24,540","24,170","24,540","24,170","1,01M","1,74%"
"03.12.2018","24,120","24,550","24,650","24,120","1,10M","-0,62%"
"30.11.2018","24,270","24,100","24,310","24,000","1,21M","0,83%"
"29.11.2018","24,070","24,200","24,250","23,770","876,98K","-0,21%"
"28.11.2018","24,120","24,200","24,490","23,810","1,47M","-1,47%"
"27.11.2018","24,480","24,300","24,550","24,270","865,29K","-0,29%"
"26.11.2018","24,550","24,340","24,700","24,280","553,92K","1,15%"
"23.11.2018","24,270","24,300","24,440","24,180","385,99K","-0,16%"
"22.11.2018","24,310","24,630","24,640","24,270","462,69K","-1,10%"
"21.11.2018","24,580","24,430","24,800","24,400","801,93K","0,74%"
"20.11.2018","24,400","24,360","24,560","24,280","1,22M","0,33%"
"19.11.2018","24,320","24,270","24,330","24,040","632,11K","0,45%"
"16.11.2018","24,210","24,390","24,470","24,060","1,15M","-0,53%"
"15.11.2018","24,340","24,600","24,780","24,330","836,59K","-1,06%"
"14.11.2018","24,600","24,430","24,720","24,310","1,14M","0,70%"
"13.11.2018","24,430","24,420","24,520","24,250","702,10K","0,25%"
"12.11.2018","24,370","24,480","24,660","24,230","807,54K","-0,93%"
"09.11.2018","24,600","24,080","24,620","24,030","884,77K","1,74%"
"08.11.2018","24,180","23,980","24,180","23,950","896,42K","0,92%"
"07.11.2018","23,960","23,800","24,100","23,780","1,08M","0,93%"
"06.11.2018","23,740","23,270","23,750","23,260","859,48K","2,02%"
"05.11.2018","23,270","23,060","23,420","23,060","736,12K","1,31%"
"02.11.2018","22,970","23,340","23,430","22,940","863,58K","-0,73%"
"01.11.2018","23,140","23,320","23,650","23,140","1,12M","-1,28%"
"31.10.2018","23,440","23,400","23,640","23,100","1,50M","0,73%"
"30.10.2018","23,270","23,300","23,600","23,140","699,41K","-0,26%"
"29.10.2018","23,330","23,330","23,510","23,160","711,18K","0,39%"
"26.10.2018","23,240","23,210","23,270","23,000","819,00K","0,13%"
"25.10.2018","23,210","23,250","23,470","23,180","775,49K","-0,26%"
"24.10.2018","23,270","23,350","23,790","23,210","794,48K","0,00%"
"23.10.2018","23,270","23,090","23,540","22,990","1,06M","0,47%"
"22.10.2018","23,160","23,390","23,470","23,140","520,89K","-0,04%"
"19.10.2018","23,170","23,140","23,270","22,990","813,11K","0,43%"
"18.10.2018","23,070","22,700","23,140","22,700","923,38K","1,27%"
"17.10.2018","22,780","23,080","23,100","22,630","796,55K","-0,74%"
"16.10.2018","22,950","22,700","23,000","22,100","1,06M","3,10%"
"15.10.2018","22,260","22,100","22,470","22,050","1,03M","0,32%"
"12.10.2018","22,190","23,080","23,090","22,190","1,28M","-2,93%"
"11.10.2018","22,860","23,300","23,510","22,860","1,41M","-2,68%"
"10.10.2018","23,490","23,520","23,770","23,400","1,19M","-1,84%"
"09.10.2018","23,930","23,850","24,030","23,720","694,09K","0,38%"
"08.10.2018","23,840","23,610","23,900","23,550","722,98K","0,93%"
"05.10.2018","23,620","23,490","23,710","23,430","497,49K","0,51%"
"04.10.2018","23,500","23,830","23,930","23,340","1,00M","-1,47%"
"03.10.2018","23,850","23,500","23,920","23,470","605,26K","1,49%"
"02.10.2018","23,500","23,380","23,620","23,270","778,16K","0,26%"
"01.10.2018","23,440","23,300","23,620","23,230","966,79K","0,82%"
"28.09.2018","23,250","23,400","23,410","22,920","1,37M","-0,85%"
"27.09.2018","23,450","23,660","23,660","23,250","924,01K","-1,10%"
"26.09.2018","23,710","23,460","23,710","23,280","1,08M","1,37%"
"25.09.2018","23,390","23,740","23,740","23,340","794,30K","-1,31%"
"24.09.2018","23,700","23,990","24,160","23,700","554,76K","-1,13%"
"21.09.2018","23,970","23,820","24,100","23,730","1,22M","0,59%"
"20.09.2018","23,830","23,530","23,850","23,520","675,27K","0,93%"
"19.09.2018","23,610","23,690","23,730","23,510","706,10K","-0,34%"
"18.09.2018","23,690","23,850","23,900","23,530","679,19K","-0,80%"
"17.09.2018","23,880","23,940","24,090","23,800","486,95K","-0,29%"
"14.09.2018","23,950","24,060","24,120","23,860","469,04K","-0,37%"
"13.09.2018","24,040","24,030","24,130","23,930","576,73K","0,00%"
"12.09.2018","24,040","24,130","24,160","23,940","631,88K","-0,33%"
"11.09.2018","24,120","24,290","24,350","23,930","815,30K","-0,17%"
"10.09.2018","24,160","24,000","24,320","23,980","636,41K","0,92%"
"07.09.2018","23,940","24,010","24,140","23,570","976,49K","-0,25%"
"06.09.2018","24,000","24,260","24,380","23,980","914,53K","-1,28%"
"05.09.2018","24,310","24,230","24,430","24,130","777,59K","0,37%"
"04.09.2018","24,220","24,080","24,290","24,060","685,65K","0,62%"
"03.09.2018","24,070","23,850","24,150","23,790","416,37K","0,50%"
"31.08.2018","23,950","23,910","24,070","23,770","970,90K","0,17%"
"30.08.2018","23,910","23,960","24,100","23,890","484,75K","-0,58%"
"29.08.2018","24,050","24,060","24,110","23,900","334,50K","0,29%"
"28.08.2018","23,980","23,890","24,170","23,850","390,22K","0,08%"
"27.08.2018","23,960","23,940","24,030","23,800","410,02K","0,17%"
"24.08.2018","23,920","24,070","24,150","23,920","325,12K","-0,37%"
"23.08.2018","24,010","24,160","24,260","24,000","354,31K","-0,74%"
"22.08.2018","24,190","24,220","24,320","23,970","509,14K","-0,17%"
"21.08.2018","24,230","23,970","24,400","23,970","578,63K","1,21%"
"20.08.2018","23,940","23,890","24,020","23,760","437,83K","0,50%"
"17.08.2018","23,820","23,870","23,940","23,600","363,87K","0,08%"
"16.08.2018","23,800","23,680","23,880","23,550","692,43K","0,76%"
"15.08.2018","23,620","23,820","23,850","23,560","546,61K","-0,84%"
"14.08.2018","23,820","23,900","23,980","23,760","579,40K","-0,13%"
"13.08.2018","23,850","23,950","24,000","23,750","577,16K","-0,33%"
"10.08.2018","23,930","23,970","24,270","23,910","445,86K","-0,91%"
"09.08.2018","24,150","24,160","24,210","24,010","467,44K","-0,37%"
"08.08.2018","24,240","24,200","24,310","23,960","479,87K","0,08%"
"07.08.2018","24,220","23,940","24,340","23,920","677,13K","1,17%"
"06.08.2018","23,940","24,000","24,050","23,900","530,29K","-0,04%"
"03.08.2018","23,950","23,680","23,980","23,640","622,79K","1,44%"
"02.08.2018","23,610","23,570","23,780","23,520","907,86K","-0,30%"
"01.08.2018","23,680","23,790","23,930","23,450","772,27K","-1,00%"
"31.07.2018","23,920","23,700","23,920","23,690","1,94M","0,89%"
"30.07.2018","23,710","23,790","23,990","23,560","645,31K","-0,79%"
"27.07.2018","23,900","23,610","23,900","23,590","546,68K","1,19%"
"26.07.2018","23,620","23,580","23,650","23,450","596,34K","0,51%"
"25.07.2018","23,500","23,500","23,580","23,360","730,92K","0,04%"
"24.07.2018","23,490","23,750","23,820","23,440","698,52K","-0,97%"
"23.07.2018","23,720","23,990","24,040","23,670","612,45K","-1,04%"
"20.07.2018","23,970","23,500","23,970","23,500","926,49K","1,87%"
"19.07.2018","23,530","24,000","24,010","23,500","1,26M","-1,55%"
"18.07.2018","23,900","24,440","24,440","23,700","1,17M","-1,93%"
"17.07.2018","24,370","24,500","24,520","24,210","825,86K","0,25%"
"16.07.2018","24,310","24,290","24,560","24,170","560,04K","0,00%"
"13.07.2018","24,310","24,680","24,690","24,300","739,73K","-1,26%"
"12.07.2018","24,620","24,450","24,620","24,350","603,66K","0,82%"
"11.07.2018","24,420","24,490","24,800","24,420","886,18K","-0,69%"
"10.07.2018","24,590","24,670","24,770","24,580","772,52K","-0,53%"
"09.07.2018","24,720","24,810","24,990","24,630","787,38K","-0,64%"
"06.07.2018","24,880","24,320","24,880","24,270","1,54M","2,30%"
"05.07.2018","24,320","24,100","24,380","24,000","1,12M","0,58%"
"04.07.2018","24,180","24,120","24,330","24,100","735,74K","0,37%"
"03.07.2018","24,090","24,080","24,230","23,960","1,19M","-3,37%"
"02.07.2018","24,930","24,970","25,000","24,750","1,24M","-0,44%"
"29.06.2018","25,040","25,130","25,160","24,890","1,08M","-0,24%"
"28.06.2018","25,100","25,020","25,190","24,940","739,60K","-0,20%"
"27.06.2018","25,150","25,000","25,210","24,820","859,83K","0,76%"
"26.06.2018","24,960","24,830","25,100","24,730","1,06M","1,13%"
"25.06.2018","24,680","24,770","24,970","24,680","866,69K","-0,40%"
"22.06.2018","24,780","24,550","24,780","24,360","849,87K","1,56%"
"21.06.2018","24,400","24,780","24,880","24,400","985,56K","-1,29%"
"20.06.2018","24,720","24,640","24,930","24,630","809,52K","0,45%"
"19.06.2018","24,610","24,300","24,610","24,200","942,86K","0,70%"
"18.06.2018","24,440","24,580","24,600","24,330","680,66K","-0,49%"
"15.06.2018","24,560","24,570","24,690","24,350","2,16M","0,16%"
"14.06.2018","24,520","24,040","24,560","23,990","961,38K","1,87%"
"13.06.2018","24,070","24,200","24,470","24,030","998,91K","-0,66%"
"12.06.2018","24,230","24,260","24,290","24,060","913,41K","0,12%"
"11.06.2018","24,200","23,960","24,200","23,950","710,62K","1,47%"
"08.06.2018","23,850","24,010","24,040","23,770","647,51K","-0,62%"
"07.06.2018","24,000","24,060","24,070","23,680","981,55K","-0,17%"
"06.06.2018","24,040","23,920","24,130","23,750","1,13M","0,92%"
"05.06.2018","23,820","23,390","23,820","23,370","1,17M","1,66%"
"04.06.2018","23,430","23,000","23,700","23,000","1,08M","1,83%"
"01.06.2018","23,010","22,880","23,130","22,860","1,13M","0,88%"
"31.05.2018","22,810","23,160","23,170","22,630","1,53M","-1,21%"
"30.05.2018","23,090","22,830","23,210","22,780","1,12M","1,09%"
"29.05.2018","22,840","23,100","23,140","22,680","1,38M","-2,39%"
"28.05.2018","23,400","23,250","23,590","23,250","602,80K","0,60%"
"25.05.2018","23,260","23,960","24,050","23,120","1,56M","-3,08%"
"24.05.2018","24,000","24,050","24,150","23,940","1,13M","0,13%"
"23.05.2018","23,970","24,160","24,160","23,900","1,03M","-0,54%"
"22.05.2018","24,100","24,180","24,240","24,030","679,00K","-0,25%"
"21.05.2018","24,160","24,290","24,290","24,070","588,32K","-0,17%"
"18.05.2018","24,200","24,130","24,320","24,090","929,43K","0,41%"
"17.05.2018","24,100","24,000","24,280","24,000","966,25K","0,63%"
"16.05.2018","23,950","24,400","24,470","23,920","1,09M","-1,72%"
"15.05.2018","24,370","24,630","24,690","24,340","830,92K","-1,14%"
"14.05.2018","24,650","24,600","24,700","24,520","774,12K","0,16%"
"11.05.2018","24,610","24,380","24,670","24,360","809,02K","0,82%"
"10.05.2018","24,410","24,400","24,500","24,300","706,46K","0,08%"
"09.05.2018","24,390","24,230","24,390","24,010","840,02K","0,83%"
"08.05.2018","24,190","24,320","24,390","23,970","1,03M","-0,66%"
"07.05.2018","24,350","24,310","24,350","24,140","666,65K","0,16%"
"04.05.2018","24,310","24,340","24,370","24,200","793,68K","-0,12%"
"03.05.2018","24,340","24,220","24,500","24,150","994,60K","0,83%"
"02.05.2018","24,140","24,060","24,270","24,030","1,06M","0,00%"
"30.04.2018","24,140","23,850","24,200","23,820","1,03M","0,71%"
"27.04.2018","23,970","23,840","24,090","23,770","1,01M","0,50%"
"26.04.2018","23,850","23,480","23,890","23,370","1,13M","1,45%"
"25.04.2018","23,510","23,030","23,510","22,930","1,33M","1,42%"
"24.04.2018","23,180","23,300","23,300","22,840","1,34M","-0,26%"
"23.04.2018","23,240","23,060","23,300","22,870","794,00K","0,96%"
"20.04.2018","23,020","23,000","23,270","22,860","545,19K","-0,22%"
"19.04.2018","23,070","23,300","23,330","23,000","733,31K","-0,77%"
"18.04.2018","23,250","23,000","23,250","22,930","1,09M","1,13%"
"17.04.2018","22,990","22,800","22,990","22,660","826,49K","1,28%"
"16.04.2018","22,700","22,810","22,830","22,590","620,25K","-0,31%"
"13.04.2018","22,770","22,860","22,890","22,630","586,44K","-0,57%"
"12.04.2018","22,900","22,940","22,950","22,760","829,99K","-0,13%"
"11.04.2018","22,930","22,710","22,980","22,700","738,88K","1,01%"
"10.04.2018","22,700","22,870","22,920","22,590","684,32K","-0,18%"
"09.04.2018","22,740","22,500","22,800","22,380","765,86K","1,43%"
"06.04.2018","22,420","22,230","22,540","22,180","1,15M","0,72%"
"05.04.2018","22,260","22,440","22,440","22,130","909,05K","0,18%"
"04.04.2018","22,220","22,130","22,320","21,970","1,12M","0,82%"
"03.04.2018","22,040","22,040","22,250","22,000","750,15K","-0,85%"
"29.03.2018","22,230","22,330","22,350","22,120","838,78K","0,05%"
"28.03.2018","22,220","21,410","22,280","21,400","1,28M","2,73%"
"27.03.2018","21,630","21,420","21,700","21,280","1,01M","2,03%"
"26.03.2018","21,200","21,340","21,360","21,100","726,09K","-0,56%"
"23.03.2018","21,320","21,100","21,410","20,910","775,85K","0,57%"
"22.03.2018","21,200","21,290","21,470","21,140","1,10M","-0,47%"
"21.03.2018","21,300","21,210","21,420","21,170","845,33K","0,71%"
"20.03.2018","21,150","21,350","21,510","21,150","626,40K","-0,84%"
"19.03.2018","21,330","21,250","21,580","21,160","959,66K","0,14%"
"16.03.2018","21,300","21,480","21,520","21,300","2,03M","-0,70%"
"15.03.2018","21,450","21,670","21,690","21,430","689,52K","-0,69%"
"14.03.2018","21,600","21,730","21,820","21,590","999,19K","-0,28%"
"13.03.2018","21,660","21,660","21,840","21,610","802,50K","0,19%"
"12.03.2018","21,620","21,750","21,940","21,580","799,99K","0,23%"
"09.03.2018","21,570","21,630","21,770","21,410","748,20K","-0,14%"
"08.03.2018","21,600","21,230","21,600","21,180","1,03M","1,50%"
"07.03.2018","21,280","21,160","21,330","21,140","709,63K","0,52%"
"06.03.2018","21,170","21,230","21,400","21,070","941,65K","0,14%"
"05.03.2018","21,140","20,970","21,180","20,900","1,28M","0,86%"
"02.03.2018","20,960","21,200","21,390","20,930","1,25M","-1,55%"
"01.03.2018","21,290","21,320","21,440","21,260","1,36M","-0,61%"
"28.02.2018","21,420","21,480","21,550","21,280","1,04M","-0,83%"
"27.02.2018","21,600","21,650","21,820","21,380","861,48K","-0,23%"
"26.02.2018","21,650","21,690","21,710","21,480","840,81K","0,74%"
"23.02.2018","21,490","21,180","21,490","20,950","995,68K","1,94%"
"22.02.2018","21,080","20,550","21,220","20,480","1,15M","1,93%"
"21.02.2018","20,680","20,560","20,820","20,560","977,71K","0,83%"
"20.02.2018","20,510","20,850","21,080","20,350","1,76M","-0,73%"
"19.02.2018","20,660","20,750","20,800","20,640","667,12K","0,15%"
"16.02.2018","20,630","20,620","20,740","20,510","973,99K","0,63%"
"15.02.2018","20,500","20,810","20,810","20,260","1,62M","-0,77%"
"14.02.2018","20,660","20,600","20,810","20,510","1,19M","0,63%"
"13.02.2018","20,530","20,740","20,740","20,380","1,04M","-0,53%"
"12.02.2018","20,640","20,470","20,730","20,430","1,09M","1,78%"
"09.02.2018","20,280","20,450","20,590","20,250","1,19M","-1,07%"
"08.02.2018","20,500","21,000","21,010","20,460","1,75M","-2,10%"
"07.02.2018","20,940","20,950","21,150","20,770","1,37M","0,77%"
"06.02.2018","20,780","20,900","21,270","20,690","2,17M","-3,12%"
"05.02.2018","21,450","21,710","21,860","21,450","1,32M","-1,38%"
"02.02.2018","21,750","22,190","22,190","21,740","1,04M","-1,81%"
"01.02.2018","22,150","22,300","22,740","22,100","2,50M","0,91%"
"31.01.2018","21,950","21,500","22,110","21,500","2,78M","1,86%"
"30.01.2018","21,550","22,250","22,300","21,460","3,14M","-3,75%"
"29.01.2018","22,390","22,460","22,670","21,950","2,30M","-3,07%"
"26.01.2018","23,100","23,260","23,380","23,100","647,70K","-0,35%"
"25.01.2018","23,180","23,320","23,390","23,160","876,15K","-0,52%"
"24.01.2018","23,300","23,600","23,660","23,300","1,01M","-1,10%"
"23.01.2018","23,560","23,550","23,620","23,420","1,02M","0,30%"
"22.01.2018","23,490","23,590","23,750","23,430","893,63K","-0,13%"
"19.01.2018","23,520","23,670","23,860","23,460","1,26M","-0,76%"
"18.01.2018","23,700","24,150","24,180","23,500","1,55M","-2,23%"
"17.01.2018","24,240","24,050","24,400","24,020","1,01M","0,66%"
"16.01.2018","24,080","23,910","24,180","23,830","678,03K","0,92%"
"15.01.2018","23,860","23,770","23,920","23,680","488,99K","0,76%"
"12.01.2018","23,680","23,740","23,750","23,590","750,18K","0,13%"
"11.01.2018","23,650","23,760","23,870","23,610","737,33K","-0,21%"
"10.01.2018","23,700","24,130","24,220","23,700","846,57K","-1,78%"
"09.01.2018","24,130","24,170","24,250","24,030","712,13K","-0,04%"
"08.01.2018","24,140","24,470","24,480","24,140","639,53K","-0,82%"
"05.01.2018","24,340","24,180","24,370","24,170","638,65K","0,70%"
"04.01.2018","24,170","23,880","24,180","23,790","800,19K","1,94%"
"03.01.2018","23,710","23,790","23,890","23,690","749,29K","-0,08%"
"02.01.2018","23,730","23,875","24,040","23,665","670,44K","-0,59%"
"29.12.2017","23,870","23,920","24,025","23,850","524,94K","-0,40%"
"28.12.2017","23,965","24,085","24,190","23,930","520,24K","-0,62%"
"27.12.2017","24,115","24,050","24,240","24,040","632,83K","-0,06%"
"22.12.2017","24,130","23,850","24,200","23,800","461,34K","0,33%"
"21.12.2017","24,050","23,945","24,105","23,910","859,49K","-0,06%"
"20.12.2017","24,065","24,285","24,285","24,030","688,78K","-0,60%"
"19.12.2017","24,210","24,550","24,620","24,190","1,04M","-3,45%"
"18.12.2017","25,075","25,165","25,190","24,970","1,07M","0,28%"
"15.12.2017","25,005","25,000","25,170","24,820","1,80M","-0,02%"
"14.12.2017","25,010","24,965","25,095","24,925","1,20M","0,24%"
"13.12.2017","24,950","25,075","25,135","24,950","797,45K","-0,40%"
"12.12.2017","25,050","25,100","25,185","24,995","908,71K","0,16%"
"11.12.2017","25,010","25,165","25,250","24,905","815,06K","-0,30%"
"08.12.2017","25,085","25,160","25,165","24,990","715,95K","-0,26%"
"07.12.2017","25,150","24,885","25,150","24,740","954,61K","1,13%"
"06.12.2017","24,870","24,700","24,890","24,560","893,47K","0,42%"
"05.12.2017","24,765","24,710","24,950","24,700","1,02M","0,00%"
"04.12.2017","24,765","24,720","24,765","24,525","930,85K","0,86%"
"01.12.2017","24,555","24,595","24,730","24,445","948,80K","-0,41%"
"30.11.2017","24,655","24,450","24,665","24,350","2,06M","0,86%"
"29.11.2017","24,445","24,300","24,445","24,155","1,03M","0,91%"
"28.11.2017","24,225","23,960","24,245","23,865","850,99K","1,30%"
"27.11.2017","23,915","23,675","23,990","23,615","897,21K","1,14%"
"24.11.2017","23,645","23,875","23,875","23,585","679,10K","-0,88%"
"23.11.2017","23,855","23,720","23,905","23,625","381,25K","0,40%"
"22.11.2017","23,760","23,705","23,910","23,645","930,83K","0,51%"
"21.11.2017","23,640","23,585","23,775","23,425","760,04K","0,25%"
"20.11.2017","23,580","23,670","23,730","23,480","612,84K","-0,19%"
"17.11.2017","23,625","23,950","23,950","23,625","932,44K","-1,30%"
"16.11.2017","23,935","23,965","24,065","23,750","948,02K","0,42%"
"15.11.2017","23,835","24,145","24,145","23,795","900,37K","-1,55%"
"14.11.2017","24,210","24,225","24,425","24,125","1,13M","-0,16%"
"13.11.2017","24,250","24,255","24,400","24,190","1,16M","0,29%"
"10.11.2017","24,180","24,300","24,300","24,060","805,96K","0,19%"
"09.11.2017","24,135","24,385","24,385","24,005","765,01K","-0,90%"
"08.11.2017","24,355","24,225","24,450","24,225","796,25K","0,66%"
"07.11.2017","24,195","24,250","24,355","24,055","977,92K","0,12%"
"06.11.2017","24,165","24,250","24,270","24,015","512,21K","-0,29%"
"03.11.2017","24,235","24,485","24,485","24,150","624,44K","-0,84%"
"02.11.2017","24,440","24,410","24,500","24,225","794,10K","0,35%"
"01.11.2017","24,355","24,800","24,800","24,275","1,21M","-1,52%"
"31.10.2017","24,730","24,680","24,820","24,470","1,28M","1,10%"
"30.10.2017","24,460","24,405","24,670","24,195","1,34M","1,14%"
"27.10.2017","24,185","24,150","24,430","23,895","872,47K","0,46%"
"26.10.2017","24,075","23,650","24,120","23,515","1,56M","1,58%"
"25.10.2017","23,700","24,060","24,060","23,655","845,44K","-1,29%"
"24.10.2017","24,010","23,905","24,140","23,870","769,52K","-0,02%"
"23.10.2017","24,015","24,080","24,225","23,970","607,55K","-0,39%"
"20.10.2017","24,110","24,180","24,320","24,050","688,09K","-0,08%"
"19.10.2017","24,130","24,140","24,250","24,000","845,41K","0,29%"
"18.10.2017","24,060","24,090","24,170","23,920","893,52K","0,52%"
"17.10.2017","23,935","23,950","24,075","23,800","1,07M","-0,02%"
"16.10.2017","23,940","24,230","24,230","23,940","845,84K","-1,68%"
"13.10.2017","24,350","24,280","24,355","24,140","873,62K","0,27%"
"12.10.2017","24,285","24,225","24,305","24,160","814,89K","0,06%"
"11.10.2017","24,270","23,930","24,355","23,930","1,17M","1,95%"
"10.10.2017","23,805","23,760","23,900","23,645","865,83K","-0,31%"
"09.10.2017","23,880","23,420","23,880","23,350","1,24M","2,31%"
"06.10.2017","23,340","23,605","23,675","23,305","1,08M","-0,89%"
"05.10.2017","23,550","22,905","23,645","22,885","1,73M","2,41%"
"04.10.2017","22,995","23,425","23,425","22,955","1,50M","-1,94%"
"03.10.2017","23,450","23,805","23,810","23,380","716,33K","-1,16%"
"02.10.2017","23,725","23,600","23,730","23,515","1,23M","-0,42%"
"29.09.2017","23,825","23,745","23,905","23,640","1,00M","0,68%"
"28.09.2017","23,665","23,820","23,830","23,565","709,68K","-0,63%"
"27.09.2017","23,815","23,715","23,815","23,570","863,49K","0,53%"
"26.09.2017","23,690","23,690","23,785","23,645","635,21K","0,00%"
"25.09.2017","23,690","23,815","23,850","23,560","698,71K","-0,29%"
"22.09.2017","23,760","23,735","23,865","23,645","622,23K","-0,34%"
"21.09.2017","23,840","24,145","24,145","23,515","962,91K","-1,06%"
"20.09.2017","24,095","24,250","24,265","24,015","592,93K","-0,64%"
"19.09.2017","24,250","23,995","24,255","23,915","825,64K","0,96%"
"18.09.2017","24,020","24,240","24,260","24,020","565,68K","-0,62%"
"15.09.2017","24,170","24,035","24,170","23,950","1,28M","0,56%"
"14.09.2017","24,035","24,130","24,135","23,810","797,02K","-0,29%"
"13.09.2017","24,105","23,985","24,185","23,955","851,30K","0,15%"
"12.09.2017","24,070","24,035","24,335","24,015","859,97K","-0,82%"
"11.09.2017","24,270","24,165","24,410","24,115","861,14K","0,91%"
"08.09.2017","24,050","24,525","24,525","23,985","861,91K","-1,68%"
"07.09.2017","24,460","24,600","24,680","24,460","714,79K","-0,16%"
"06.09.2017","24,500","24,440","24,665","24,320","743,25K","0,02%"
"05.09.2017","24,495","24,490","24,710","24,455","557,69K","0,12%"
"04.09.2017","24,465","24,600","24,710","24,455","389,08K","-0,89%"
"01.09.2017","24,685","24,755","24,870","24,630","548,05K","-0,28%"
"31.08.2017","24,755","24,700","24,780","24,600","942,81K","0,43%"
"30.08.2017","24,650","24,675","24,690","24,430","698,50K","0,39%"
"29.08.2017","24,555","24,410","24,680","24,300","923,45K","0,33%"
"28.08.2017","24,475","24,500","24,680","24,475","338,12K","-0,41%"
"25.08.2017","24,575","24,545","24,650","24,405","459,90K","-0,06%"
"24.08.2017","24,590","24,520","24,590","24,395","466,32K","0,84%"
"23.08.2017","24,385","24,690","24,745","24,385","385,24K","-1,01%"
"22.08.2017","24,635","24,745","24,800","24,510","617,26K","0,04%"
"21.08.2017","24,625","24,500","24,695","24,465","395,09K","0,39%"
"18.08.2017","24,530","24,680","24,760","24,510","715,19K","-1,13%"
"17.08.2017","24,810","24,795","24,985","24,665","660,52K","0,10%"
"16.08.2017","24,785","24,855","24,885","24,710","620,21K","-0,20%"
"15.08.2017","24,835","24,925","24,940","24,720","768,43K","-0,32%"
"14.08.2017","24,915","24,310","24,920","24,230","1,10M","2,91%"
"11.08.2017","24,210","24,395","24,445","24,175","623,35K","-0,94%"
"10.08.2017","24,440","24,515","24,695","24,380","637,54K","-0,18%"
"09.08.2017","24,485","24,465","24,635","24,335","855,82K","-0,51%"
"08.08.2017","24,610","24,300","24,610","24,275","863,21K","1,72%"
"07.08.2017","24,195","24,365","24,430","24,175","778,46K","-0,41%"
"04.08.2017","24,295","24,140","24,380","24,065","735,68K","0,62%"
"03.08.2017","24,145","23,900","24,180","23,880","752,37K","0,81%"
"02.08.2017","23,950","24,200","24,250","23,950","831,09K","-0,93%"
"01.08.2017","24,175","23,935","24,225","23,900","808,14K","1,21%"
"31.07.2017","23,885","24,045","24,205","23,885","803,17K","-0,46%"
"28.07.2017","23,995","24,360","24,365","23,905","970,04K","-1,52%"
"27.07.2017","24,365","24,120","24,415","24,075","1,28M","1,08%"
"26.07.2017","24,105","23,800","24,210","23,730","992,36K","1,52%"
"25.07.2017","23,745","23,585","23,990","23,580","1,03M","0,79%"
"24.07.2017","23,560","23,550","23,750","23,415","1,44M","0,08%"
"21.07.2017","23,540","23,730","23,835","23,510","1,33M","-0,76%"
"20.07.2017","23,720","23,955","24,020","23,625","1,71M","-0,61%"
"19.07.2017","23,865","23,755","23,910","23,630","989,77K","1,34%"
"18.07.2017","23,550","23,900","24,040","23,550","1,63M","-1,71%"
"17.07.2017","23,960","23,990","24,190","23,960","977,49K","0,10%"
"14.07.2017","23,935","23,980","24,055","23,885","914,06K","0,13%"
"13.07.2017","23,905","24,035","24,105","23,850","1,52M","-0,15%"
"12.07.2017","23,940","23,710","24,070","23,590","1,56M","1,63%"
"11.07.2017","23,555","23,715","23,760","23,520","1,34M","-0,44%"
"10.07.2017","23,660","23,420","23,790","23,310","1,20M","0,92%"
"07.07.2017","23,445","23,400","23,485","23,280","1,14M","0,47%"
"06.07.2017","23,335","23,665","23,665","23,215","1,38M","-1,12%"
"05.07.2017","23,600","23,735","23,775","23,410","1,18M","-0,84%"
"04.07.2017","23,800","23,905","23,945","23,730","1,07M","-0,50%"
"03.07.2017","23,920","24,000","24,000","23,780","1,59M","-2,57%"
"30.06.2017","24,550","24,925","25,035","24,550","2,09M","-1,72%"
"29.06.2017","24,980","25,660","25,735","24,980","1,93M","-2,36%"
"28.06.2017","25,585","25,845","25,960","25,410","1,62M","-0,95%"
"27.06.2017","25,830","26,455","26,495","25,830","1,44M","-2,51%"
"26.06.2017","26,495","26,250","26,510","26,220","734,69K","1,03%"
"23.06.2017","26,225","26,365","26,370","26,000","725,77K","-0,55%"
"22.06.2017","26,370","26,485","26,485","26,175","703,20K","-0,58%"
"21.06.2017","26,525","26,565","26,605","26,285","952,55K","0,17%"
"20.06.2017","26,480","26,645","26,655","26,475","947,62K","-0,26%"
"19.06.2017","26,550","26,500","26,550","26,175","1,21M","0,85%"
"16.06.2017","26,325","26,015","26,325","26,015","1,32M","1,19%"
"15.06.2017","26,015","26,120","26,130","25,800","1,04M","-0,50%"
"14.06.2017","26,145","26,245","26,405","26,145","1,13M","-0,36%"
"13.06.2017","26,240","26,330","26,405","26,145","744,98K","-0,25%"
"12.06.2017","26,305","26,645","26,645","26,285","898,82K","-0,68%"
"09.06.2017","26,485","26,550","26,660","26,360","730,71K","0,02%"
"08.06.2017","26,480","26,750","26,750","26,450","963,76K","-0,88%"
"07.06.2017","26,715","26,605","26,810","26,350","1,40M","0,62%"
"06.06.2017","26,550","26,435","26,630","26,260","826,64K","0,64%"
"05.06.2017","26,380","26,660","26,660","26,380","466,76K","-0,62%"
"02.06.2017","26,545","26,600","26,655","26,380","838,24K","0,08%"
"01.06.2017","26,525","26,540","26,660","26,440","1,12M","0,23%"
"31.05.2017","26,465","26,275","26,525","26,170","1,66M","0,82%"
"30.05.2017","26,250","26,060","26,290","25,995","1,14M","0,71%"
"29.05.2017","26,065","25,970","26,080","25,815","486,24K","0,64%"
"26.05.2017","25,900","26,000","26,005","25,810","800,53K","-0,54%"
"25.05.2017","26,040","25,900","26,040","25,875","1,15M","0,74%"
"24.05.2017","25,850","25,770","25,850","25,570","1,04M","0,70%"
"23.05.2017","25,670","25,370","25,675","25,350","1,06M","0,51%"
"22.05.2017","25,540","25,650","25,655","25,460","787,22K","-0,62%"
"19.05.2017","25,700","25,115","25,700","25,105","1,34M","2,09%"
"18.05.2017","25,175","25,120","25,300","25,050","999,78K","-0,34%"
"17.05.2017","25,260","25,355","25,380","25,160","982,85K","-0,55%"
"16.05.2017","25,400","25,195","25,400","25,010","1,24M","0,10%"
"15.05.2017","25,375","25,365","25,545","25,330","863,52K","0,36%"
"12.05.2017","25,285","25,140","25,290","24,960","783,07K","0,92%"
"11.05.2017","25,055","25,300","25,340","24,960","1,25M","-1,18%"
"10.05.2017","25,355","25,420","25,440","25,150","1,24M","0,04%"
"09.05.2017","25,345","25,495","25,495","25,210","893,83K","-0,28%"
"08.05.2017","25,415","25,470","25,680","25,340","1,07M","0,41%"
"05.05.2017","25,310","25,105","25,385","24,960","1,85M","0,88%"
"04.05.2017","25,090","24,740","25,110","24,660","1,59M","1,99%"
"03.05.2017","24,600","24,470","24,600","24,410","1,01M","0,53%"
"02.05.2017","24,470","24,310","24,490","24,190","1,02M","1,33%"
"28.04.2017","24,150","24,300","24,300","23,970","1,20M","-0,51%"
"27.04.2017","24,275","24,085","24,345","23,915","1,11M","1,15%"
"26.04.2017","24,000","24,340","24,345","23,915","1,40M","-0,99%"
"25.04.2017","24,240","24,505","24,600","24,220","1,35M","-0,62%"
"24.04.2017","24,390","24,300","24,390","24,115","1,23M","2,22%"
"21.04.2017","23,860","24,150","24,155","23,840","1,27M","-1,20%"
"20.04.2017","24,150","24,495","24,535","24,150","1,52M","-1,43%"
"19.04.2017","24,500","24,510","24,675","24,320","1,16M","-0,18%"
"18.04.2017","24,545","24,910","24,910","24,505","1,09M","-0,99%"
"13.04.2017","24,790","24,925","24,925","24,700","547,80K","-0,44%"
"12.04.2017","24,900","24,485","24,910","24,165","1,11M","1,59%"
"11.04.2017","24,510","24,505","24,590","24,420","1,04M","0,02%"
"10.04.2017","24,505","24,570","24,685","24,455","778,53K","0,06%"
"07.04.2017","24,490","24,450","24,540","24,365","954,43K","-0,02%"
"06.04.2017","24,495","24,200","24,620","24,150","1,39M","1,20%"
"05.04.2017","24,205","24,285","24,395","24,195","1,17M","0,27%"
"04.04.2017","24,140","24,250","24,375","24,120","1,05M","-0,39%"
"03.04.2017","24,235","24,385","24,400","24,105","1,31M","-0,47%"
"31.03.2017","24,350","24,020","24,350","23,995","1,41M","1,48%"
"30.03.2017","23,995","24,020","24,065","23,870","607,69K","0,02%"
"29.03.2017","23,990","24,120","24,175","23,835","834,86K","-0,29%"
"28.03.2017","24,060","24,210","24,235","23,955","871,67K","-0,29%"
"27.03.2017","24,130","23,950","24,130","23,850","923,81K","0,71%"
"24.03.2017","23,960","23,930","23,990","23,740","779,27K","0,25%"
"23.03.2017","23,900","23,800","23,965","23,750","1,06M","0,50%"
"22.03.2017","23,780","23,500","23,780","23,410","1,11M","0,96%"
"21.03.2017","23,555","23,370","23,770","23,300","1,55M","1,18%"
"20.03.2017","23,280","23,100","23,320","23,100","1,14M","1,66%"
"17.03.2017","22,900","23,300","23,360","22,900","4,09M","-1,82%"
"16.03.2017","23,325","23,300","23,400","23,255","1,28M","0,65%"
"15.03.2017","23,175","23,215","23,325","23,090","881,49K","0,09%"
"14.03.2017","23,155","23,320","23,400","23,130","996,66K","-1,19%"
"13.03.2017","23,435","23,380","23,460","23,255","748,59K","0,64%"
"10.03.2017","23,285","23,600","23,710","23,280","1,07M","-1,02%"
"09.03.2017","23,525","23,305","23,550","23,150","922,93K","0,97%"
"08.03.2017","23,300","23,410","23,410","23,105","957,98K","-0,28%"
"07.03.2017","23,365","23,470","23,470","23,210","1,01M","-0,45%"
"06.03.2017","23,470","23,590","23,590","23,405","585,26K","-0,25%"
"03.03.2017","23,530","23,360","23,590","23,325","1,05M","0,73%"
"02.03.2017","23,360","23,190","23,360","23,100","854,80K","0,73%"
"01.03.2017","23,190","23,310","23,340","23,115","1,07M","-0,02%"
"28.02.2017","23,195","23,220","23,350","23,050","1,28M","0,22%"
"27.02.2017","23,145","23,245","23,300","22,940","1,15M","-0,34%"
"24.02.2017","23,225","23,225","23,315","23,040","936,81K","0,04%"
"23.02.2017","23,215","23,040","23,240","22,920","894,17K","1,04%"
"22.02.2017","22,975","22,990","23,140","22,855","1,08M","0,17%"
"21.02.2017","22,935","23,200","23,215","22,910","1,37M","-1,59%"
"20.02.2017","23,305","23,445","23,470","23,285","682,25K","-0,38%"
"17.02.2017","23,395","23,440","23,470","23,135","1,00M","-0,13%"
"16.02.2017","23,425","23,150","23,425","23,070","981,59K","1,34%"
"15.02.2017","23,115","23,165","23,325","23,020","941,47K","0,28%"
"14.02.2017","23,050","23,500","23,650","23,020","1,20M","-1,18%"
"13.02.2017","23,325","23,275","23,420","23,105","953,52K","0,47%"
"10.02.2017","23,215","23,100","23,240","23,000","1,38M","0,50%"
"09.02.2017","23,100","23,200","23,250","23,040","1,36M","-0,22%"
"08.02.2017","23,150","22,940","23,150","22,750","1,37M","1,20%"
"07.02.2017","22,875","22,700","23,055","22,640","897,33K","1,04%"
"06.02.2017","22,640","22,690","22,905","22,610","1,19M","-0,35%"
"03.02.2017","22,720","22,800","22,895","22,575","1,01M","-0,31%"
"02.02.2017","22,790","22,455","22,860","22,390","1,32M","1,72%"
"01.02.2017","22,405","22,700","22,855","22,380","1,14M","-1,30%"
"31.01.2017","22,700","22,595","22,735","22,520","1,55M","0,09%"
"30.01.2017","22,680","22,800","22,855","22,650","821,02K","-0,37%"
"27.01.2017","22,765","22,875","22,890","22,680","1,04M","0,07%"
"26.01.2017","22,750","23,065","23,090","22,750","1,29M","-0,07%"
"25.01.2017","22,765","23,030","23,055","22,740","1,60M","-0,85%"
"24.01.2017","22,960","23,095","23,140","22,850","1,09M","-0,88%"
"23.01.2017","23,165","23,215","23,340","22,965","1,18M","-0,66%"
"20.01.2017","23,320","23,500","23,645","23,220","1,10M","-1,14%"
"19.01.2017","23,590","23,990","23,990","23,480","1,36M","-1,75%"
"18.01.2017","24,010","24,315","24,430","23,990","947,73K","-1,01%"
"17.01.2017","24,255","24,230","24,430","24,080","482,54K","-0,19%"
"16.01.2017","24,300","24,280","24,475","24,135","542,75K","0,06%"
"13.01.2017","24,285","24,200","24,460","24,045","758,42K","0,70%"
"12.01.2017","24,115","23,875","24,120","23,785","812,74K","1,24%"
"11.01.2017","23,820","23,950","24,020","23,730","1,09M","-0,98%"
"10.01.2017","24,055","24,230","24,240","23,860","1,70M","0,17%"
"09.01.2017","24,015","24,015","24,150","23,815","1,24M","0,38%"
"06.01.2017","23,925","23,995","24,025","23,780","807,64K","-0,17%"
"05.01.2017","23,965","23,950","24,200","23,780","955,66K","0,52%"
"04.01.2017","23,840","23,995","24,045","23,115","1,57M","-0,96%"
"03.01.2017","24,070","24,470","24,535","24,040","1,24M","-1,61%"
"02.01.2017","24,465","24,125","24,465","24,125","516,40K","1,41%"
"30.12.2016","24,125","24,250","24,335","24,125","916,75K","-0,90%"
"29.12.2016","24,345","24,090","24,365","23,970","629,64K","0,35%"
"28.12.2016","24,260","24,305","24,380","24,120","719,85K","-0,31%"
"27.12.2016","24,335","24,135","24,355","24,100","684,72K","0,10%"
"23.12.2016","24,310","24,110","24,325","23,830","942,50K","0,56%"
"22.12.2016","24,175","24,290","24,290","24,080","758,54K","-0,62%"
"21.12.2016","24,325","24,405","24,445","24,215","648,63K","-0,33%"
"20.12.2016","24,405","24,290","24,450","24,260","923,31K","-1,67%"
"19.12.2016","24,820","24,670","24,890","24,580","884,20K","0,89%"
"16.12.2016","24,600","24,235","24,735","24,130","1,86M","1,51%"
"15.12.2016","24,235","24,210","24,235","23,625","1,90M","-0,29%"
"14.12.2016","24,305","24,500","24,510","24,200","827,40K","-0,80%"
"13.12.2016","24,500","24,050","24,500","24,025","1,32M","1,53%"
"12.12.2016","24,130","23,900","24,130","23,705","1,39M","1,07%"
"09.12.2016","23,875","23,300","23,875","23,180","1,56M","2,47%"
"08.12.2016","23,300","23,760","23,760","23,170","1,37M","-1,15%"
"07.12.2016","23,570","23,660","23,750","23,260","977,50K","-0,40%"
"06.12.2016","23,665","23,150","23,665","23,025","905,17K","3,27%"
"05.12.2016","22,915","23,055","23,450","22,905","1,05M","-0,74%"
"02.12.2016","23,085","22,860","23,185","22,800","638,83K","0,61%"
"01.12.2016","22,945","23,215","23,235","22,870","1,25M","-1,31%"
"30.11.2016","23,250","23,460","23,655","23,250","1,38M","-0,96%"
"29.11.2016","23,475","23,495","23,650","23,225","943,69K","-0,74%"
"28.11.2016","23,650","23,595","23,880","23,550","741,56K","0,42%"
"25.11.2016","23,550","23,255","23,570","23,180","716,31K","1,84%"
"24.11.2016","23,125","23,290","23,405","23,110","683,70K","-0,34%"
"23.11.2016","23,205","23,460","23,620","23,180","851,93K","-0,79%"
"22.11.2016","23,390","23,370","23,475","23,235","1,08M","0,65%"
"21.11.2016","23,240","23,230","23,260","22,955","600,82K","0,56%"
"18.11.2016","23,110","23,285","23,320","22,865","779,59K","-0,52%"
"17.11.2016","23,230","22,900","23,350","22,900","904,12K","1,71%"
"16.11.2016","22,840","22,975","23,005","22,580","1,26M","-0,22%"
"15.11.2016","22,890","23,000","23,250","22,620","1,39M","0,18%"
"14.11.2016","22,850","23,785","23,805","22,850","1,85M","-3,48%"
"11.11.2016","23,675","23,750","24,095","23,525","1,61M","-0,06%"
"10.11.2016","23,690","25,130","25,145","23,450","2,24M","-5,33%"
"09.11.2016","25,025","25,000","25,375","24,840","866,94K","-1,52%"
"08.11.2016","25,410","25,310","25,540","25,200","745,10K","0,75%"
"07.11.2016","25,220","25,430","25,430","25,120","776,85K","0,40%"
"04.11.2016","25,120","25,070","25,440","24,970","964,84K","0,14%"
"03.11.2016","25,085","25,370","25,400","25,065","671,05K","-1,05%"
"02.11.2016","25,350","25,890","25,935","25,350","608,37K","-2,14%"
"01.11.2016","25,905","26,175","26,275","25,830","625,20K","-0,94%"
"31.10.2016","26,150","26,215","26,280","26,035","757,34K","-0,27%"
"28.10.2016","26,220","26,005","26,305","25,900","803,47K","0,40%"
"27.10.2016","26,115","26,045","26,305","25,950","892,55K","0,44%"
"26.10.2016","26,000","25,925","26,000","25,720","630,42K","0,62%"
"25.10.2016","25,840","25,870","25,945","25,750","570,68K","-0,21%"
"24.10.2016","25,895","26,125","26,270","25,895","553,44K","-0,54%"
"21.10.2016","26,035","26,275","26,285","25,925","654,42K","-0,71%"
"20.10.2016","26,220","26,080","26,360","25,805","720,83K","0,67%"
"19.10.2016","26,045","26,030","26,050","25,810","689,20K","0,60%"
"18.10.2016","25,890","25,630","25,975","25,325","1,36M","0,98%"
"17.10.2016","25,640","26,030","26,090","25,640","823,01K","-1,72%"
"14.10.2016","26,090","25,685","26,105","25,685","594,31K","1,66%"
"13.10.2016","25,665","25,410","25,710","25,360","886,39K","0,57%"
"12.10.2016","25,520","25,560","25,665","25,445","712,98K","0,02%"
"11.10.2016","25,515","25,400","25,695","25,360","565,24K","0,31%"
"10.10.2016","25,435","25,500","25,660","25,265","1,13M","-0,04%"
"07.10.2016","25,445","26,025","26,040","25,415","864,83K","-1,96%"
"06.10.2016","25,955","26,490","26,500","25,950","894,87K","-1,54%"
"05.10.2016","26,360","26,380","26,445","26,215","779,14K","-0,62%"
"04.10.2016","26,525","26,530","26,595","26,365","746,43K","0,06%"
"03.10.2016","26,510","26,615","26,740","26,460","426,25K","-0,99%"
"30.09.2016","26,775","26,410","26,915","26,185","1,02M","0,66%"
"29.09.2016","26,600","26,610","26,925","26,550","677,43K","0,51%"
"28.09.2016","26,465","26,380","26,515","26,320","478,81K","0,32%"
"27.09.2016","26,380","26,255","26,490","26,200","576,76K","0,76%"
"26.09.2016","26,180","26,050","26,300","25,895","622,54K","0,21%"
"23.09.2016","26,125","26,230","26,230","25,935","378,88K","-0,80%"
"22.09.2016","26,335","25,880","26,375","25,880","661,07K","2,13%"
"21.09.2016","25,785","26,350","26,350","25,785","582,33K","-1,62%"
"20.09.2016","26,210","26,325","26,390","26,190","811,11K","-0,06%"
"19.09.2016","26,225","26,105","26,260","25,975","495,44K","1,41%"
"16.09.2016","25,860","26,100","26,165","25,815","907,53K","-0,92%"
"15.09.2016","26,100","26,295","26,345","26,100","539,02K","-0,36%"
"14.09.2016","26,195","26,520","26,580","26,195","542,12K","-0,68%"
"13.09.2016","26,375","26,655","26,680","26,375","440,13K","-0,51%"
"12.09.2016","26,510","26,565","26,645","26,380","635,05K","-1,06%"
"09.09.2016","26,795","27,095","27,330","26,795","661,34K","-0,67%"
"08.09.2016","26,975","27,175","27,335","26,905","602,26K","-0,48%"
"07.09.2016","27,105","27,025","27,325","27,025","600,47K","-0,20%"
"06.09.2016","27,160","27,220","27,360","27,135","554,33K","-0,20%"
"05.09.2016","27,215","27,100","27,280","27,070","405,96K","0,55%"
"02.09.2016","27,065","26,400","27,065","26,380","674,98K","2,91%"
"01.09.2016","26,300","26,355","26,510","26,300","723,76K","-0,09%"
"31.08.2016","26,325","26,400","26,600","26,300","752,62K","-0,38%"
"30.08.2016","26,425","26,510","26,625","26,425","361,36K","-0,30%"
"29.08.2016","26,505","26,620","26,695","26,385","286,38K","-0,95%"
"26.08.2016","26,760","26,425","26,760","26,410","436,11K","1,44%"
"25.08.2016","26,380","26,290","26,465","26,125","450,44K","0,23%"
"24.08.2016","26,320","26,215","26,520","26,210","401,75K","-0,36%"
"23.08.2016","26,415","26,540","26,625","26,330","545,50K","0,04%"
"22.08.2016","26,405","26,390","26,500","26,250","409,01K","0,13%"
"19.08.2016","26,370","26,655","26,730","26,370","425,82K","-0,90%"
"18.08.2016","26,610","27,000","27,000","26,610","630,11K","-0,71%"
"17.08.2016","26,800","27,180","27,180","26,765","615,05K","-1,11%"
"16.08.2016","27,100","27,205","27,210","27,065","519,78K","-0,79%"
"15.08.2016","27,315","27,335","27,430","27,265","278,21K","-0,07%"
"12.08.2016","27,335","27,210","27,375","27,170","418,02K","0,13%"
"11.08.2016","27,300","27,115","27,300","27,070","362,66K","0,94%"
"10.08.2016","27,045","26,965","27,135","26,890","734,00K","-0,13%"
"09.08.2016","27,080","26,885","27,125","26,870","575,63K","0,73%"
"08.08.2016","26,885","27,005","27,085","26,840","407,42K","-0,81%"
"05.08.2016","27,105","27,145","27,350","27,070","499,09K","-0,07%"
"04.08.2016","27,125","26,990","27,235","26,680","716,54K","0,91%"
"03.08.2016","26,880","27,235","27,245","26,880","651,23K","-0,63%"
"02.08.2016","27,050","27,220","27,260","26,975","771,93K","-0,62%"
"01.08.2016","27,220","27,335","27,575","27,220","494,08K","-0,18%"
"29.07.2016","27,270","27,130","27,280","27,035","1,07M","0,65%"
"28.07.2016","27,095","27,100","27,235","27,000","983,08K","-0,81%"
"27.07.2016","27,315","27,390","27,450","27,215","672,20K","-0,04%"
"26.07.2016","27,325","27,300","27,365","27,165","719,96K","0,31%"
"25.07.2016","27,240","27,355","27,380","27,125","545,44K","-0,18%"
"22.07.2016","27,290","27,300","27,460","27,135","675,54K","0,63%"
"21.07.2016","27,120","27,220","27,240","26,985","891,08K","0,04%"
"20.07.2016","27,110","27,105","27,215","26,960","686,76K","0,63%"
"19.07.2016","26,940","27,010","27,090","26,540","800,79K","-0,20%"
"18.07.2016","26,995","27,100","27,100","26,835","524,52K","-0,15%"
"15.07.2016","27,035","27,015","27,120","26,870","672,42K","-0,02%"
"14.07.2016","27,040","27,230","27,340","26,895","835,44K","-0,22%"
"13.07.2016","27,100","26,970","27,130","26,895","881,91K","0,31%"
"12.07.2016","27,015","27,145","27,250","26,900","1,02M","-0,24%"
"11.07.2016","27,080","27,185","27,250","26,955","839,66K","0,24%"
"08.07.2016","27,015","26,945","27,080","26,705","871,67K","0,11%"
"07.07.2016","26,985","27,230","27,345","26,970","950,00K","-0,06%"
"06.07.2016","27,000","27,290","27,560","26,900","1,02M","-1,57%"
"05.07.2016","27,430","27,400","27,645","27,155","1,11M","-0,99%"
"04.07.2016","27,705","27,520","27,795","27,450","788,43K","0,65%"
"01.07.2016","27,525","27,430","27,605","27,025","1,20M","0,81%"
"30.06.2016","27,305","27,335","27,380","26,340","2,18M","-1,59%"
"29.06.2016","27,745","26,990","27,745","26,900","1,40M","4,05%"
"28.06.2016","26,665","26,285","27,050","26,230","1,19M","3,15%"
"27.06.2016","25,850","26,440","26,440","25,720","2,36M","2,95%"
"24.06.2016","25,110","24,030","26,700","23,010","2,33M","-6,13%"
"23.06.2016","26,750","26,825","27,075","26,500","863,38K","-0,35%"
"22.06.2016","26,845","26,895","26,955","26,620","732,27K","-0,09%"
"21.06.2016","26,870","26,745","26,935","26,580","774,63K","0,47%"
"20.06.2016","26,745","26,600","26,820","26,310","1,06M","2,90%"
"17.06.2016","25,990","26,000","26,285","25,930","1,70M","0,19%"
"16.06.2016","25,940","25,790","26,120","25,600","1,12M","-0,23%"
"15.06.2016","26,000","26,100","26,475","25,920","1,28M","-0,57%"
"14.06.2016","26,150","26,415","26,505","26,150","1,04M","-1,32%"
"13.06.2016","26,500","26,750","26,910","26,500","755,03K","-1,67%"
"10.06.2016","26,950","27,425","27,485","26,845","1,19M","-2,16%"
"09.06.2016","27,545","27,610","27,735","27,485","993,40K","-0,56%"
"08.06.2016","27,700","27,305","27,700","27,250","921,93K","1,39%"
"07.06.2016","27,320","26,780","27,320","26,720","999,21K","2,53%"
"06.06.2016","26,645","26,630","26,915","26,490","609,21K","0,30%"
"03.06.2016","26,565","26,550","26,810","26,460","707,27K","0,25%"
"02.06.2016","26,500","26,610","26,700","26,500","616,91K","-0,24%"
"01.06.2016","26,565","26,995","27,130","26,560","871,79K","-1,39%"
"31.05.2016","26,940","27,260","27,330","26,940","1,37M","-1,32%"
"30.05.2016","27,300","27,270","27,340","27,150","277,31K","0,33%"
"27.05.2016","27,210","27,050","27,210","26,945","648,98K","0,78%"
"26.05.2016","27,000","27,020","27,205","26,910","648,57K","0,02%"
"25.05.2016","26,995","27,230","27,245","26,815","881,24K","-0,48%"
"24.05.2016","27,125","26,785","27,125","26,665","857,12K","1,16%"
"23.05.2016","26,815","26,750","26,890","26,600","559,90K","0,02%"
"20.05.2016","26,810","26,450","26,890","26,395","800,83K","2,08%"
"19.05.2016","26,265","26,400","26,400","26,025","893,08K","-0,92%"
"18.05.2016","26,510","26,465","26,535","26,320","575,04K","-0,24%"
"17.05.2016","26,575","26,700","26,845","26,490","516,90K","-0,17%"
"16.05.2016","26,620","26,815","26,815","26,520","315,60K","-1,00%"
"13.05.2016","26,890","26,575","26,895","26,470","599,80K","1,15%"
"12.05.2016","26,585","26,325","26,720","26,260","699,71K","1,03%"
"11.05.2016","26,315","26,750","26,785","26,270","565,57K","-1,94%"
"10.05.2016","26,835","26,930","27,095","26,735","682,72K","0,64%"
"09.05.2016","26,665","26,715","26,860","26,600","506,20K","0,23%"
"06.05.2016","26,605","26,520","26,770","26,475","463,12K","-0,04%"
"05.05.2016","26,615","26,465","26,810","26,465","582,55K","0,57%"
"04.05.2016","26,465","26,620","26,745","26,330","843,36K","-0,36%"
"03.05.2016","26,560","26,640","26,730","26,300","880,77K","-0,17%"
"02.05.2016","26,605","26,540","26,735","26,405","447,53K","0,00%"
"29.04.2016","26,605","26,420","26,625","26,305","1,03M","0,13%"
"28.04.2016","26,570","26,420","26,570","26,085","792,05K","0,42%"
"27.04.2016","26,460","26,370","26,675","26,325","1,02M","0,30%"
"26.04.2016","26,380","26,585","26,780","26,330","1,19M","-0,15%"
"25.04.2016","26,420","26,385","26,515","26,380","905,72K","-0,08%"
"22.04.2016","26,440","26,600","26,675","26,380","1,12M","-0,56%"
"21.04.2016","26,590","27,400","27,400","26,370","1,38M","-2,78%"
"20.04.2016","27,350","27,165","27,480","27,020","1,22M","0,24%"
"19.04.2016","27,285","27,030","27,440","26,930","1,27M","0,94%"
"18.04.2016","27,030","26,750","27,095","26,635","905,94K","0,26%"
"15.04.2016","26,960","27,165","27,280","26,925","643,29K","-0,66%"
"14.04.2016","27,140","27,050","27,295","27,020","687,57K","0,15%"
"13.04.2016","27,100","27,300","27,430","26,945","1,27M","-0,20%"
"12.04.2016","27,155","26,920","27,205","26,670","1,18M","0,84%"
"11.04.2016","26,930","26,910","26,980","26,535","1,02M","0,24%"
"08.04.2016","26,865","26,540","26,970","26,375","624,73K","1,22%"
"07.04.2016","26,540","26,630","26,800","26,410","976,03K","0,06%"
"06.04.2016","26,525","26,210","26,525","26,130","646,86K","1,22%"
"05.04.2016","26,205","26,125","26,330","25,960","702,13K","-0,17%"
"04.04.2016","26,250","26,220","26,485","26,035","637,49K","0,17%"
"01.04.2016","26,205","26,095","26,265","25,630","818,21K","-0,80%"
"31.03.2016","26,415","26,765","26,765","26,320","771,30K","-1,60%"
"30.03.2016","26,845","26,905","27,205","26,740","934,34K","-0,04%"
"29.03.2016","26,855","26,730","26,910","26,505","728,79K","1,21%"
"24.03.2016","26,535","26,505","26,695","26,430","483,92K","-0,43%"
"23.03.2016","26,650","26,630","26,800","26,375","573,98K","0,32%"
"22.03.2016","26,565","26,665","26,665","26,310","931,45K","-0,30%"
"21.03.2016","26,645","26,335","26,700","26,240","812,67K","1,06%"
"18.03.2016","26,365","26,125","26,365","25,945","1,16M","1,27%"
"17.03.2016","26,035","26,230","26,335","25,805","1,18M","-0,27%"
"16.03.2016","26,105","26,340","26,480","26,000","614,67K","-0,31%"
"15.03.2016","26,185","26,360","26,420","26,175","1,57M","-0,91%"
"14.03.2016","26,425","26,215","26,475","26,065","810,19K","1,01%"
"11.03.2016","26,160","26,080","26,160","25,825","750,42K","1,85%"
"10.03.2016","25,685","25,595","26,160","25,535","1,15M","0,73%"
"09.03.2016","25,500","25,250","25,575","25,240","893,33K","1,01%"
"08.03.2016","25,245","25,330","25,445","25,100","758,30K","-0,86%"
"07.03.2016","25,465","25,460","25,720","25,405","421,90K","-0,14%"
"04.03.2016","25,500","25,775","25,900","25,420","1,01M","-0,58%"
"03.03.2016","25,650","25,800","25,855","25,560","717,03K","-0,45%"
"02.03.2016","25,765","26,255","26,260","25,595","733,11K","-1,51%"
"01.03.2016","26,160","25,850","26,175","25,810","985,93K","0,75%"
"29.02.2016","25,965","25,670","25,965","25,390","892,43K","0,85%"
"26.02.2016","25,745","25,675","26,020","25,610","1,19M","1,10%"
"25.02.2016","25,465","25,150","25,500","25,110","987,59K","2,43%"
"24.02.2016","24,860","25,220","25,220","24,670","873,69K","-1,45%"
"23.02.2016","25,225","25,635","25,810","25,175","973,88K","-1,77%"
"22.02.2016","25,680","25,550","25,870","25,550","1,85M","1,08%"
"19.02.2016","25,405","25,440","25,460","25,135","943,10K","0,00%"
"18.02.2016","25,405","25,155","25,590","25,000","1,30M","1,56%"
"17.02.2016","25,015","24,920","25,135","24,800","1,99M","-1,50%"
"16.02.2016","25,395","25,990","25,990","25,090","1,13M","-0,37%"
"15.02.2016","25,490","25,240","25,500","25,130","1,14M","2,97%"
"12.02.2016","24,755","25,185","25,250","24,520","1,85M","-1,04%"
"11.02.2016","25,015","25,500","25,500","25,015","1,16M","-2,36%"
"10.02.2016","25,620","25,970","25,970","25,430","1,51M","-0,12%"
"09.02.2016","25,650","25,830","25,955","25,110","1,85M","-0,23%"
"08.02.2016","25,710","26,250","26,330","25,600","1,54M","-1,81%"
"05.02.2016","26,185","26,635","26,695","26,120","820,11K","-1,39%"
"04.02.2016","26,555","27,030","27,040","26,450","890,11K","-0,56%"
"03.02.2016","26,705","26,925","27,005","26,455","1,49M","-0,91%"
"02.02.2016","26,950","27,035","27,125","26,760","1,11M","0,00%"
"01.02.2016","26,950","26,860","27,150","26,730","1,11M","0,94%"
"29.01.2016","26,700","26,515","26,870","26,330","1,46M","1,10%"
"28.01.2016","26,410","26,310","26,735","26,125","1,18M","0,38%"
"27.01.2016","26,310","26,100","26,310","25,925","1,05M","1,41%"
"26.01.2016","25,945","25,470","26,090","25,445","779,74K","0,56%"
"25.01.2016","25,800","25,840","25,980","25,660","922,35K","0,21%"
"22.01.2016","25,745","25,475","25,800","25,320","1,13M","2,43%"
"21.01.2016","25,135","25,285","25,470","24,580","1,24M","-0,51%"
"20.01.2016","25,265","25,485","25,650","25,125","1,36M","-2,30%"
"19.01.2016","25,860","25,500","25,875","25,280","1,18M","2,74%"
"18.01.2016","25,170","25,175","25,430","25,075","979,41K","-0,02%"
"15.01.2016","25,175","25,550","25,670","25,065","1,22M","-1,72%"
"14.01.2016","25,615","25,850","25,850","25,355","1,09M","-1,56%"
"13.01.2016","26,020","26,240","26,250","25,900","887,34K","-0,31%"
"12.01.2016","26,100","25,900","26,150","25,740","1,22M","0,89%"
"11.01.2016","25,870","25,645","26,120","25,505","923,97K","0,51%"
"08.01.2016","25,740","25,640","26,180","25,625","1,01M","0,57%"
"07.01.2016","25,595","25,325","25,700","25,035","1,64M","-0,85%"
"06.01.2016","25,815","26,065","26,065","25,690","723,60K","-0,52%"
"05.01.2016","25,950","25,980","26,155","25,715","835,92K","0,80%"
"04.01.2016","25,745","25,780","25,810","25,360","1,06M","-0,98%"
"31.12.2015","26,000","26,180","26,180","25,520","543,67K","-1,20%"
"30.12.2015","26,315","26,510","26,510","26,240","1,43M","-0,59%"
"29.12.2015","26,470","25,935","26,470","25,915","1,34M","2,44%"
"28.12.2015","25,840","25,870","25,935","25,590","814,01K","-0,12%"
"24.12.2015","25,870","25,815","25,990","25,500","182,36K","0,17%"
"23.12.2015","25,825","25,450","25,940","25,435","977,75K","2,08%"
"22.12.2015","25,300","25,650","25,680","25,200","3,92M","-1,06%"
"21.12.2015","25,570","26,145","26,325","25,420","1,53M","-4,00%"
"18.12.2015","26,635","27,205","27,295","26,560","2,92M","-2,31%"
"17.12.2015","27,265","27,810","27,880","26,870","2,31M","-2,29%"
"16.12.2015","27,905","27,680","27,910","27,465","1,79M","0,78%"
"15.12.2015","27,690","27,405","27,860","27,335","1,02M","1,69%"
"14.12.2015","27,230","27,490","27,520","27,225","1,19M","-0,42%"
"11.12.2015","27,345","27,285","27,570","27,150","2,84M","0,33%"
"10.12.2015","27,255","27,335","27,560","27,135","2,07M","-0,69%"
"09.12.2015","27,445","27,505","27,580","27,220","1,70M","0,26%"
"08.12.2015","27,375","27,825","27,845","27,300","630,16K","-1,63%"
"07.12.2015","27,830","27,770","27,925","27,650","653,82K","0,31%"
"04.12.2015","27,745","27,535","27,760","27,165","801,78K","0,09%"
"03.12.2015","27,720","28,210","28,460","27,625","963,86K","-1,63%"
"02.12.2015","28,180","28,350","28,430","28,020","502,65K","-0,07%"
"01.12.2015","28,200","28,160","28,480","28,140","690,99K","-0,04%"
"30.11.2015","28,210","28,435","28,490","28,165","1,02M","-0,77%"
"27.11.2015","28,430","28,210","28,490","28,110","799,57K","0,55%"
"26.11.2015","28,275","28,190","28,340","28,075","587,87K","0,28%"
"25.11.2015","28,195","27,600","28,240","27,545","913,75K","2,49%"
"24.11.2015","27,510","27,770","27,775","27,255","827,85K","-1,19%"
"23.11.2015","27,840","27,935","28,015","27,760","674,31K","-0,34%"
"20.11.2015","27,935","27,930","27,980","27,815","1,02M","0,36%"
"19.11.2015","27,835","27,815","27,950","27,740","851,08K","0,51%"
"18.11.2015","27,695","27,645","27,770","27,390","1,16M","-0,25%"
"17.11.2015","27,765","27,490","27,780","27,440","742,43K","1,83%"
"16.11.2015","27,265","26,900","27,360","26,735","620,11K","0,65%"
"13.11.2015","27,090","26,865","27,245","26,790","1,10M","0,63%"
"12.11.2015","26,920","27,055","27,240","26,905","553,72K","-0,46%"
"11.11.2015","27,045","27,100","27,525","26,970","811,91K","-0,37%"
"10.11.2015","27,145","26,950","27,230","26,860","1,28M","0,85%"
"09.11.2015","26,915","27,335","27,420","26,870","838,66K","-1,66%"
"06.11.2015","27,370","27,795","27,890","27,350","856,53K","-1,58%"
"05.11.2015","27,810","27,585","27,960","27,500","1,30M","1,46%"
"04.11.2015","27,410","27,575","27,780","27,385","923,38K","-0,44%"
"03.11.2015","27,530","27,630","27,740","27,425","747,70K","-0,29%"
"02.11.2015","27,610","27,430","27,745","27,330","933,98K","0,20%"
"30.10.2015","27,555","27,500","27,570","27,320","1,72M","0,49%"
"29.10.2015","27,420","27,580","27,610","27,330","625,26K","-0,38%"
"28.10.2015","27,525","27,495","27,620","27,420","712,85K","0,31%"
"27.10.2015","27,440","27,620","27,660","27,340","751,03K","-0,60%"
"26.10.2015","27,605","27,515","27,645","27,295","536,17K","0,40%"
"23.10.2015","27,495","27,650","27,775","27,430","1,18M","-0,24%"
"22.10.2015","27,560","27,080","27,615","26,945","1,05M","1,68%"
"21.10.2015","27,105","26,855","27,175","26,765","719,08K","1,21%"
"20.10.2015","26,780","26,720","26,925","26,625","650,07K","0,07%"
"19.10.2015","26,760","26,770","26,970","26,630","540,60K","-0,02%"
"16.10.2015","26,765","26,750","26,940","26,635","684,49K","0,24%"
"15.10.2015","26,700","26,665","26,740","26,435","747,00K","0,74%"
"14.10.2015","26,505","26,285","26,690","26,170","799,00K","0,70%"
"13.10.2015","26,320","26,325","26,545","26,120","679,31K","-0,19%"
"12.10.2015","26,370","26,575","26,650","26,160","697,76K","-0,13%"
"09.10.2015","26,405","26,600","26,710","26,375","666,88K","-0,17%"
"08.10.2015","26,450","26,305","26,515","26,070","1,15M","0,59%"
"07.10.2015","26,295","26,440","26,580","26,225","997,72K","0,10%"
"06.10.2015","26,270","26,280","26,370","26,055","726,63K","0,40%"
"05.10.2015","26,165","26,170","26,300","25,950","1,09M","1,30%"
"02.10.2015","25,830","25,935","26,060","25,520","958,64K","0,82%"
"01.10.2015","25,620","25,710","26,030","25,600","959,19K","0,00%"
"30.09.2015","25,620","25,420","25,810","25,355","1,38M","2,30%"
"29.09.2015","25,045","24,985","25,245","24,780","976,50K","-1,13%"
"28.09.2015","25,330","25,450","25,740","25,160","699,07K","-0,78%"
"25.09.2015","25,530","24,960","25,620","24,900","1,35M","3,40%"
"24.09.2015","24,690","24,600","24,930","24,455","1,10M","0,22%"
"23.09.2015","24,635","24,750","24,950","24,605","1,17M","-0,52%"
"22.09.2015","24,765","25,395","25,410","24,725","882,38K","-2,65%"
"21.09.2015","25,440","25,640","25,905","25,395","758,99K","-0,74%"
"18.09.2015","25,630","25,635","25,800","25,280","1,81M","-0,12%"
"17.09.2015","25,660","25,750","26,090","25,610","1,15M","0,16%"
"16.09.2015","25,620","25,400","25,810","25,395","1,20M","2,01%"
"15.09.2015","25,115","25,015","25,285","24,775","681,09K","0,30%"
"14.09.2015","25,040","25,200","25,425","24,920","835,33K","-0,30%"
"11.09.2015","25,115","25,250","25,335","25,010","694,47K","-0,53%"
"10.09.2015","25,250","25,190","25,480","25,050","1,17M","-0,75%"
"09.09.2015","25,440","25,390","25,635","25,135","914,47K","2,33%"
"08.09.2015","24,860","24,500","25,225","24,500","1,29M","2,47%"
"07.09.2015","24,260","24,405","24,645","24,170","641,27K","0,73%"
"04.09.2015","24,085","24,225","24,395","24,050","1,16M","-1,41%"
"03.09.2015","24,430","24,430","24,550","24,195","881,04K","0,51%"
"02.09.2015","24,305","24,150","24,550","24,035","760,25K","0,68%"
"01.09.2015","24,140","24,215","24,275","24,010","658,09K","-1,15%"
"31.08.2015","24,420","24,640","24,680","24,350","444,13K","-0,93%"
"28.08.2015","24,650","24,540","24,695","24,320","569,87K","0,37%"
"27.08.2015","24,560","24,455","24,625","24,110","1,06M","2,35%"
"26.08.2015","23,995","24,040","24,390","23,750","916,53K","-1,48%"
"25.08.2015","24,355","23,690","24,445","23,460","1,23M","3,84%"
"24.08.2015","23,455","24,035","24,200","22,910","2,15M","-5,04%"
"21.08.2015","24,700","25,205","25,420","24,700","1,07M","-3,10%"
"20.08.2015","25,490","25,755","25,835","25,490","706,24K","-1,51%"
"19.08.2015","25,880","25,890","26,025","25,805","1,21M","-0,37%"
"18.08.2015","25,975","25,920","26,065","25,880","459,54K","-0,02%"
"17.08.2015","25,980","26,110","26,200","25,725","334,60K","0,37%"
"14.08.2015","25,885","26,120","26,240","25,840","390,53K","-0,92%"
"13.08.2015","26,125","26,055","26,235","25,965","746,72K","1,26%"
"12.08.2015","25,800","25,750","25,845","25,435","842,64K","-0,54%"
"11.08.2015","25,940","26,170","26,250","25,820","645,87K","-0,90%"
"10.08.2015","26,175","26,350","26,420","25,965","777,39K","-0,13%"
"07.08.2015","26,210","25,860","26,350","25,755","1,15M","1,33%"
"06.08.2015","25,865","25,850","26,000","25,730","620,36K","-0,06%"
"05.08.2015","25,880","25,820","25,880","25,770","748,83K","0,31%"
"04.08.2015","25,800","25,715","25,830","25,585","814,09K","0,12%"
"03.08.2015","25,770","25,580","25,870","25,480","806,92K","0,74%"
"31.07.2015","25,580","25,550","25,595","25,250","750,70K","0,29%"
"30.07.2015","25,505","25,820","25,970","25,400","789,72K","-0,49%"
"29.07.2015","25,630","25,460","25,690","25,425","794,78K","0,75%"
"28.07.2015","25,440","25,540","25,720","25,405","933,02K","-0,33%"
"27.07.2015","25,525","25,665","25,800","25,450","972,82K","-0,91%"
"24.07.2015","25,760","25,885","26,050","25,760","830,65K","-0,60%"
"23.07.2015","25,915","26,280","26,290","25,825","1,16M","-0,97%"
"22.07.2015","26,170","25,980","26,330","25,880","1,70M","0,54%"
"21.07.2015","26,030","25,720","26,070","25,630","1,37M","0,60%"
"20.07.2015","25,875","25,835","25,990","25,780","1,34M","0,31%"
"17.07.2015","25,795","25,820","26,045","25,750","1,33M","-0,54%"
"16.07.2015","25,935","25,600","25,935","25,435","1,75M","2,07%"
"15.07.2015","25,410","25,150","25,635","25,080","1,44M","1,21%"
"14.07.2015","25,105","25,030","25,105","24,905","1,29M","0,22%"
"13.07.2015","25,050","24,900","25,070","24,780","1,01M","1,38%"
"10.07.2015","24,710","24,605","24,805","24,360","1,18M","2,36%"
"09.07.2015","24,140","23,760","24,215","23,640","1,23M","2,12%"
"08.07.2015","23,640","23,510","23,775","23,500","1,11M","0,47%"
"07.07.2015","23,530","23,875","24,115","23,510","1,70M","-1,40%"
"06.07.2015","23,865","23,910","24,370","23,825","1,38M","-2,07%"
"03.07.2015","24,370","24,400","24,460","24,115","1,69M","0,04%"
"02.07.2015","24,360","23,895","24,360","23,755","2,25M","-0,39%"
"01.07.2015","24,455","24,620","24,765","24,265","1,91M","0,25%"
"30.06.2015","24,395","24,720","24,850","24,395","1,94M","-1,49%"
"29.06.2015","24,765","24,610","25,200","24,450","1,89M","-3,32%"
"26.06.2015","25,615","25,440","25,660","25,350","701,98K","0,43%"
"25.06.2015","25,505","25,525","25,855","25,405","770,62K","-0,37%"
"24.06.2015","25,600","25,965","25,965","25,455","1,39M","-1,12%"
"23.06.2015","25,890","26,305","26,305","25,865","1,21M","-0,42%"
"22.06.2015","26,000","25,700","26,060","25,660","1,07M","3,03%"
"19.06.2015","25,235","25,270","25,600","25,180","1,98M","-0,24%"
"18.06.2015","25,295","24,960","25,295","24,700","1,09M","1,28%"
"17.06.2015","24,975","24,950","25,125","24,880","1,04M","0,20%"
"16.06.2015","24,925","24,835","25,050","24,545","2,09M","-0,02%"
"15.06.2015","24,930","24,950","25,115","24,680","1,37M","-1,03%"
"12.06.2015","25,190","25,280","25,405","24,975","919,55K","-0,42%"
"11.06.2015","25,295","25,210","25,520","25,105","1,36M","0,16%"
"10.06.2015","25,255","25,050","25,290","25,020","1,59M","0,52%"
"09.06.2015","25,125","25,290","25,320","25,065","1,02M","-0,59%"
"08.06.2015","25,275","25,400","25,530","25,160","1,04M","-0,82%"
"05.06.2015","25,485","25,600","25,720","25,430","1,27M","-0,72%"
"04.06.2015","25,670","26,165","26,180","25,620","1,54M","-2,21%"
"03.06.2015","26,250","26,390","26,580","26,160","1,05M","-0,04%"
"02.06.2015","26,260","26,450","26,490","26,125","1,85M","-0,13%"
"01.06.2015","26,295","26,290","26,480","26,185","850,65K","0,42%"
"29.05.2015","26,185","26,355","26,410","26,185","2,09M","-0,66%"
"28.05.2015","26,360","26,300","26,540","26,235","2,17M","-0,11%"
"27.05.2015","26,390","26,110","26,460","26,095","1,97M","0,92%"
"26.05.2015","26,150","26,250","26,370","25,975","2,38M","-0,57%"
"25.05.2015","26,300","27,045","27,250","26,120","1,65M","-3,84%"
"22.05.2015","27,350","27,305","27,520","27,215","852,91K","0,31%"
"21.05.2015","27,265","26,800","27,275","26,800","1,25M","1,45%"
"20.05.2015","26,875","26,650","26,935","26,560","2,45M","-0,52%"
"19.05.2015","27,015","27,175","27,285","26,985","1,85M","-0,42%"
"18.05.2015","27,130","27,180","27,200","26,850","777,37K","0,22%"
"15.05.2015","27,070","27,070","27,190","26,920","800,47K","0,61%"
"14.05.2015","26,905","26,910","26,985","26,705","825,97K","0,02%"
"13.05.2015","26,900","26,970","27,130","26,820","1,05M","0,20%"
"12.05.2015","26,845","27,135","27,135","26,630","1,19M","-1,59%"
"11.05.2015","27,280","27,110","27,315","26,855","894,76K","0,87%"
"08.05.2015","27,045","26,730","27,045","26,515","1,28M","2,50%"
"07.05.2015","26,385","26,520","26,540","25,950","1,96M","-0,57%"
"06.05.2015","26,535","26,800","26,865","26,265","2,27M","-0,99%"
"05.05.2015","26,800","27,780","28,095","26,800","1,69M","-3,32%"
"04.05.2015","27,720","27,710","27,950","27,505","489,08K","0,75%"
"30.04.2015","27,515","27,535","27,915","27,470","1,33M","-0,15%"
"29.04.2015","27,555","28,220","28,450","27,555","1,95M","-2,13%"
"28.04.2015","28,155","28,385","28,650","28,035","1,29M","-1,12%"
"27.04.2015","28,475","28,200","28,675","27,820","2,06M","1,39%"
"24.04.2015","28,085","27,810","28,125","27,675","1,13M","1,55%"
"23.04.2015","27,655","27,720","27,950","27,540","630,51K","-0,09%"
"22.04.2015","27,680","27,955","27,955","27,300","888,23K","-0,61%"
"21.04.2015","27,850","28,230","28,540","27,800","1,15M","-0,57%"
"20.04.2015","28,010","27,990","28,130","27,715","945,10K","0,18%"
"17.04.2015","27,960","28,355","28,500","27,845","1,36M","-1,60%"
"16.04.2015","28,415","28,400","28,585","28,075","919,09K","-0,04%"
"15.04.2015","28,425","28,420","28,600","28,350","839,67K","-0,12%"
"14.04.2015","28,460","28,270","28,550","28,200","1,54M","0,51%"
"13.04.2015","28,315","28,000","28,440","27,980","842,42K","1,25%"
"10.04.2015","27,965","27,900","27,980","27,785","958,46K","0,45%"
"09.04.2015","27,840","27,685","27,840","27,570","1,19M","1,44%"
"08.04.2015","27,445","27,710","27,850","27,435","1,14M","-0,71%"
"07.04.2015","27,640","27,845","27,940","27,320","1,35M","2,09%"
"02.04.2015","27,075","27,035","27,105","26,770","623,97K","0,78%"
"01.04.2015","26,865","26,550","26,980","26,410","859,08K","0,88%"
"31.03.2015","26,630","26,945","27,230","26,505","1,65M","-1,46%"
"30.03.2015","27,025","27,105","27,105","26,880","730,51K","0,24%"
"27.03.2015","26,960","27,030","27,185","26,830","878,77K","0,02%"
"26.03.2015","26,955","26,990","27,035","26,520","1,27M","-0,46%"
"25.03.2015","27,080","27,050","27,240","26,980","917,58K","0,18%"
"24.03.2015","27,030","27,235","27,310","27,005","1,43M","-0,68%"
"23.03.2015","27,215","27,130","27,215","26,910","1,39M","0,37%"
"20.03.2015","27,115","26,760","27,200","26,695","1,91M","1,42%"
"19.03.2015","26,735","26,910","26,990","26,665","1,41M","-0,26%"
"18.03.2015","26,805","26,485","26,805","26,325","1,29M","1,04%"
"17.03.2015","26,530","26,390","26,730","26,350","1,20M","0,34%"
"16.03.2015","26,440","26,230","26,515","26,150","1,60M","1,23%"
"13.03.2015","26,120","26,265","26,465","26,005","1,60M","-0,21%"
"12.03.2015","26,175","26,365","26,650","26,140","1,33M","-0,72%"
"11.03.2015","26,365","26,230","26,460","26,105","1,10M","1,07%"
"10.03.2015","26,085","26,360","26,515","26,050","2,36M","-0,53%"
"09.03.2015","26,225","26,105","26,460","25,725","1,94M","-0,06%"
"06.03.2015","26,240","26,780","26,810","26,240","1,80M","-1,94%"
"05.03.2015","26,760","26,390","26,860","26,380","1,43M","1,36%"
"04.03.2015","26,400","26,570","26,635","26,050","1,99M","-0,49%"
"03.03.2015","26,530","27,085","27,250","26,500","1,43M","-1,85%"
"02.03.2015","27,030","27,445","27,490","27,010","1,23M","-1,42%"
"27.02.2015","27,420","27,295","27,565","27,295","1,37M","0,26%"
"26.02.2015","27,350","27,345","27,365","27,080","1,57M","-0,13%"
"25.02.2015","27,385","27,450","27,835","27,050","1,75M","-1,21%"
"24.02.2015","27,720","27,480","27,840","26,820","2,66M","1,15%"
"23.02.2015","27,405","27,200","27,405","27,115","1,14M","1,50%"
"20.02.2015","27,000","26,935","27,065","26,865","1,07M","0,20%"
"19.02.2015","26,945","26,810","27,045","26,735","835,59K","0,17%"
"18.02.2015","26,900","27,045","27,250","26,840","1,02M","0,00%"
"17.02.2015","26,900","26,650","26,985","26,650","796,47K","0,56%"
"16.02.2015","26,750","26,860","26,930","26,650","936,64K","-0,48%"
"13.02.2015","26,880","26,935","27,000","26,765","834,66K","0,04%"
"12.02.2015","26,870","26,530","26,995","26,525","1,03M","0,67%"
"11.02.2015","26,690","26,590","26,860","26,530","1,12M","-1,29%"
"10.02.2015","27,040","26,570","27,400","26,355","1,49M","1,65%"
"09.02.2015","26,600","27,000","27,015","26,375","1,16M","-2,24%"
"06.02.2015","27,210","27,300","27,600","27,135","787,50K","-0,11%"
"05.02.2015","27,240","27,135","27,270","27,000","925,55K","-0,53%"
"04.02.2015","27,385","27,700","27,860","27,265","1,10M","-1,01%"
"03.02.2015","27,665","27,585","27,990","27,430","1,04M","0,53%"
"02.02.2015","27,520","28,115","28,130","26,965","1,64M","-2,06%"
"30.01.2015","28,100","28,465","28,550","27,920","1,39M","-1,23%"
"29.01.2015","28,450","28,265","28,500","28,130","897,17K","0,09%"
"28.01.2015","28,425","28,520","28,550","28,050","879,15K","-0,02%"
"27.01.2015","28,430","28,285","28,540","28,230","986,51K","0,64%"
"26.01.2015","28,250","27,785","28,355","27,575","908,66K","0,71%"
"23.01.2015","28,050","27,650","28,120","27,600","1,61M","1,80%"
"22.01.2015","27,555","27,000","27,650","26,855","2,10M","2,26%"
"21.01.2015","26,945","27,000","27,035","26,810","1,58M","0,39%"
"20.01.2015","26,840","26,585","26,840","26,560","947,92K","1,02%"
"19.01.2015","26,570","26,265","26,615","26,225","618,31K","1,03%"
"16.01.2015","26,300","25,905","26,435","25,905","1,04M","0,90%"
"15.01.2015","26,065","26,085","26,180","25,570","1,15M","0,64%"
"14.01.2015","25,900","25,415","26,080","25,415","1,43M","0,68%"
"13.01.2015","25,725","24,975","25,870","24,970","1,12M","2,90%"
"12.01.2015","25,000","25,315","25,470","24,880","896,92K","-0,87%"
"09.01.2015","25,220","25,140","25,720","25,000","1,34M","0,06%"
"08.01.2015","25,205","25,305","25,555","25,135","1,68M","0,46%"
"07.01.2015","25,090","24,940","25,235","24,810","1,41M","0,84%"
"06.01.2015","24,880","25,260","25,285","24,760","1,07M","-1,05%"
"05.01.2015","25,145","25,665","26,065","25,090","1,27M","-2,99%"
"02.01.2015","25,920","26,320","26,365","25,840","771,79K","-1,01%"