"Fecha","Último","Apertura","Máximo","Mínimo","Vol.","% var."
"31.12.2025","23,160","23,400","23,400","23,080","111,70K","-0,86%"
"30.12.2025","23,360","23,340","23,380","23,200","124,10K","-0,09%"
"29.12.2025","23,380","23,360","23,520","23,220","143,25K","0,86%"
"24.12.2025","23,180","23,080","23,220","23,040","55,02K","0,09%"
"23.12.2025","23,160","23,280","23,280","23,020","222,74K","-0,52%"
"22.12.2025","23,280","23,340","23,340","23,100","142,40K","-0,26%"
"19.12.2025","23,340","23,040","23,740","23,040","220,10K","0,26%"
"18.12.2025","23,280","23,000","23,400","23,000","175,09K","1,13%"
"17.12.2025","23,020","23,320","23,340","22,900","160,05K","-0,60%"
"16.12.2025","23,160","23,600","23,600","23,140","245,49K","-1,11%"
"15.12.2025","23,420","23,560","23,600","23,260","231,27K","-0,34%"
"12.12.2025","23,500","23,560","23,740","23,460","201,62K","-0,17%"
"11.12.2025","23,540","23,340","23,540","23,040","199,02K","1,73%"
"10.12.2025","23,140","23,400","23,480","23,040","256,81K","-1,36%"
"09.12.2025","23,460","23,900","24,180","23,460","186,02K","-2,33%"
"08.12.2025","24,020","23,980","24,060","23,820","131,27K","0,25%"
"05.12.2025","23,960","23,720","24,180","23,560","198,00K","1,27%"
"04.12.2025","23,660","23,500","23,880","23,480","297,90K","1,20%"
"03.12.2025","23,380","23,560","23,660","23,120","322,56K","-1,02%"
"02.12.2025","23,620","23,460","23,760","23,420","225,80K","0,51%"
"01.12.2025","23,500","23,400","23,600","23,260","202,71K","-1,67%"
"28.11.2025","23,900","24,220","24,400","23,900","315,41K","-1,57%"
"27.11.2025","24,280","24,260","24,400","24,080","140,84K","0,58%"
"26.11.2025","24,140","24,060","24,300","23,900","210,63K","0,92%"
"25.11.2025","23,920","23,540","24,000","23,360","235,15K","1,44%"
"24.11.2025","23,580","23,120","23,580","23,100","525,35K","2,17%"
"21.11.2025","23,080","22,860","23,080","22,600","372,42K","0,52%"
"20.11.2025","22,960","22,800","23,060","22,720","336,19K","1,50%"
"19.11.2025","22,620","22,200","22,720","22,200","328,67K","1,53%"
"18.11.2025","22,280","22,260","22,420","22,100","285,13K","-1,85%"
"17.11.2025","22,700","22,720","23,040","22,440","222,64K","-0,79%"
"14.11.2025","22,880","22,820","22,880","22,480","255,05K","-0,52%"
"13.11.2025","23,000","23,560","23,560","22,980","314,64K","-2,21%"
"12.11.2025","23,520","23,840","23,940","23,480","184,35K","-0,93%"
"11.11.2025","23,740","23,500","23,780","23,340","162,78K","1,11%"
"10.11.2025","23,480","23,360","23,620","23,340","175,08K","1,73%"
"07.11.2025","23,080","23,240","23,320","22,880","208,14K","-0,17%"
"06.11.2025","23,120","23,440","23,540","23,120","179,42K","-1,87%"
"05.11.2025","23,560","24,000","24,180","23,560","196,38K","-2,56%"
"04.11.2025","24,180","24,320","24,320","23,960","240,73K","-1,87%"
"03.11.2025","24,640","25,000","25,240","24,520","208,29K","-1,91%"
"31.10.2025","25,120","25,580","25,860","25,080","840,55K","-0,63%"
"30.10.2025","25,280","22,980","25,280","22,620","710,55K","9,44%"
"29.10.2025","23,100","23,340","23,340","22,860","334,34K","0,00%"
"28.10.2025","23,100","23,600","23,600","23,100","150,64K","-1,95%"
"27.10.2025","23,560","23,920","24,040","23,560","168,62K","-0,93%"
"24.10.2025","23,780","23,560","24,020","23,440","695,48K","1,45%"
"23.10.2025","23,440","23,540","23,660","23,360","441,12K","-0,17%"
"22.10.2025","23,480","23,360","23,480","22,980","595,70K","0,34%"
"21.10.2025","23,400","23,500","23,520","23,260","341,32K","-0,76%"
"20.10.2025","23,580","23,540","23,580","23,320","128,81K","1,11%"
"17.10.2025","23,320","23,460","23,460","23,080","142,66K","-1,27%"
"16.10.2025","23,620","23,640","23,740","23,400","129,99K","0,17%"
"15.10.2025","23,580","23,840","23,920","23,420","118,02K","-0,34%"
"14.10.2025","23,660","23,120","23,660","23,080","147,61K","1,37%"
"13.10.2025","23,340","23,180","23,500","23,100","136,19K","1,04%"
"10.10.2025","23,100","23,480","23,700","23,060","188,83K","-1,95%"
"09.10.2025","23,560","23,980","23,980","23,480","93,73K","-0,93%"
"08.10.2025","23,780","23,720","24,060","23,640","175,02K","0,34%"
"07.10.2025","23,700","23,500","23,800","23,380","170,02K","1,20%"
"06.10.2025","23,420","23,600","23,740","23,340","121,96K","-0,51%"
"03.10.2025","23,540","23,500","23,620","23,400","122,17K","0,77%"
"02.10.2025","23,360","23,080","23,500","23,040","185,84K","1,92%"
"01.10.2025","22,920","23,000","23,020","22,740","134,53K","-0,61%"
"30.09.2025","23,060","22,900","23,060","22,500","208,34K","1,41%"
"29.09.2025","22,740","22,580","22,920","22,580","163,15K","1,16%"
"26.09.2025","22,480","22,520","22,620","22,240","181,38K","0,00%"
"25.09.2025","22,480","22,960","22,980","22,440","160,78K","-2,01%"
"24.09.2025","22,940","23,260","23,400","22,880","246,33K","-1,71%"
"23.09.2025","23,340","23,480","23,620","23,340","117,18K","0,00%"
"22.09.2025","23,340","23,680","23,820","23,220","145,66K","-1,52%"
"19.09.2025","23,700","24,060","24,240","23,460","392,99K","-1,99%"
"18.09.2025","24,180","24,440","24,600","23,940","137,88K","-0,82%"
"17.09.2025","24,380","24,600","24,680","24,320","178,88K","-1,14%"
"16.09.2025","24,660","25,040","25,040","24,660","170,28K","-1,12%"
"15.09.2025","24,940","25,000","25,260","24,940","97,26K","-0,24%"
"12.09.2025","25,000","25,000","25,260","24,800","180,84K","0,24%"
"11.09.2025","24,940","24,840","24,980","24,580","148,11K","0,89%"
"10.09.2025","24,720","24,480","24,800","24,480","163,32K","0,98%"
"09.09.2025","24,480","24,840","24,900","24,460","172,27K","-1,92%"
"08.09.2025","24,960","24,580","24,960","24,580","196,77K","1,46%"
"05.09.2025","24,600","24,400","24,620","23,980","313,96K","1,07%"
"04.09.2025","24,340","24,040","24,400","24,040","178,56K","1,00%"
"03.09.2025","24,100","24,160","24,360","24,080","182,17K","0,42%"
"02.09.2025","24,000","24,300","24,420","23,860","210,61K","-1,56%"
"01.09.2025","24,380","24,340","24,520","24,300","111,09K","0,16%"
"29.08.2025","24,340","24,600","24,620","24,340","192,94K","-1,14%"
"28.08.2025","24,620","24,560","24,840","24,540","219,93K","0,82%"
"27.08.2025","24,420","24,660","24,700","24,400","136,38K","-0,49%"
"26.08.2025","24,540","24,500","24,780","24,360","254,24K","-0,32%"
"25.08.2025","24,620","24,640","25,000","24,380","278,21K","-0,81%"
"22.08.2025","24,820","23,980","24,820","23,920","253,04K","2,99%"
"21.08.2025","24,100","24,320","24,460","24,060","281,42K","-1,39%"
"20.08.2025","24,440","24,720","24,860","24,400","226,66K","-1,61%"
"19.08.2025","24,840","24,480","24,940","24,480","267,07K","1,31%"
"18.08.2025","24,520","24,460","24,580","24,340","140,14K","0,25%"
"15.08.2025","24,460","24,440","24,700","24,340","176,17K","0,41%"
"14.08.2025","24,360","24,320","24,500","24,160","256,17K","0,33%"
"13.08.2025","24,280","23,740","24,280","23,720","465,42K","2,79%"
"12.08.2025","23,620","23,240","23,640","23,240","220,26K","1,72%"
"11.08.2025","23,220","23,500","23,580","23,140","236,66K","-0,77%"
"08.08.2025","23,400","23,000","23,440","22,900","290,28K","2,18%"
"07.08.2025","22,900","22,600","22,960","22,560","279,49K","1,78%"
"06.08.2025","22,500","22,300","22,600","22,240","268,32K","1,35%"
"05.08.2025","22,200","21,960","22,360","21,780","272,41K","2,40%"
"04.08.2025","21,680","21,920","22,060","21,620","232,95K","-1,28%"
"01.08.2025","21,960","22,120","22,340","21,840","373,36K","0,00%"
"31.07.2025","21,960","23,360","23,460","21,820","1,09M","-6,47%"
"30.07.2025","23,480","23,220","23,520","23,120","238,50K","1,03%"
"29.07.2025","23,240","22,980","23,360","22,940","239,02K","1,13%"
"28.07.2025","22,980","23,400","23,400","22,940","343,21K","-0,35%"
"25.07.2025","23,060","23,020","23,120","22,860","139,03K","-0,52%"
"24.07.2025","23,180","23,300","23,400","23,080","267,49K","0,52%"
"23.07.2025","23,060","22,600","23,360","22,600","350,29K","2,40%"
"22.07.2025","22,520","22,220","22,520","21,900","252,06K","1,26%"
"21.07.2025","22,240","22,220","22,520","22,200","125,11K","-0,09%"
"18.07.2025","22,260","22,420","22,540","22,240","203,30K","-0,09%"
"17.07.2025","22,280","22,280","22,560","22,160","182,71K","1,27%"
"16.07.2025","22,000","22,360","22,460","22,000","315,11K","-2,22%"
"15.07.2025","22,500","22,100","22,900","22,100","349,73K","2,09%"
"14.07.2025","22,040","22,300","22,300","21,900","196,52K","-1,61%"
"11.07.2025","22,400","22,840","22,840","22,300","240,10K","-2,18%"
"10.07.2025","22,900","22,280","22,900","22,180","280,29K","2,69%"
"09.07.2025","22,300","22,100","22,300","21,800","174,34K","1,73%"
"08.07.2025","21,920","22,100","22,100","21,740","211,78K","-0,09%"
"07.07.2025","21,940","21,900","22,100","21,840","187,16K","-0,45%"
"04.07.2025","22,040","22,080","22,140","21,820","169,31K","-0,54%"
"03.07.2025","22,160","22,120","22,480","22,040","306,49K","0,73%"
"02.07.2025","22,000","21,360","22,100","21,340","256,55K","3,38%"
"01.07.2025","21,280","21,200","21,300","20,960","255,55K","0,38%"
"30.06.2025","21,200","21,280","21,400","21,160","321,34K","-1,67%"
"27.06.2025","21,560","21,340","21,560","21,300","224,06K","1,89%"
"26.06.2025","21,160","21,040","21,260","20,920","218,82K","0,76%"
"25.06.2025","21,000","21,260","21,260","20,780","240,79K","0,19%"
"24.06.2025","20,960","21,340","21,480","20,920","331,46K","0,96%"
"23.06.2025","20,760","20,700","20,940","20,640","239,26K","-0,57%"
"20.06.2025","20,880","20,840","21,040","20,680","1,18M","1,06%"
"19.06.2025","20,660","21,060","21,180","20,640","236,89K","-2,82%"
"18.06.2025","21,260","21,440","21,600","21,200","248,80K","-1,30%"
"17.06.2025","21,540","21,600","21,680","21,460","196,43K","-0,83%"
"16.06.2025","21,720","21,560","21,900","21,540","163,05K","0,56%"
"13.06.2025","21,600","21,540","21,740","21,340","253,35K","-1,55%"
"12.06.2025","21,940","22,020","22,040","21,740","222,04K","-0,90%"
"11.06.2025","22,140","22,360","22,420","22,020","208,49K","-1,16%"
"10.06.2025","22,400","22,200","22,460","22,120","226,51K","0,90%"
"09.06.2025","22,200","21,720","22,300","21,720","199,34K","2,21%"
"06.06.2025","21,720","21,520","21,900","21,520","166,14K","-0,37%"
"05.06.2025","21,800","22,000","22,040","21,600","207,00K","-0,55%"
"04.06.2025","21,920","21,620","21,920","21,620","220,68K","1,11%"
"03.06.2025","21,680","21,700","21,840","21,320","283,53K","0,65%"
"02.06.2025","21,540","21,500","21,700","21,380","291,13K","-0,28%"
"30.05.2025","21,600","21,960","21,980","21,560","710,85K","-2,09%"
"29.05.2025","22,060","21,980","22,460","21,900","526,05K","1,47%"
"28.05.2025","21,740","21,740","21,980","21,660","490,89K","0,09%"
"27.05.2025","21,720","21,200","21,720","21,200","401,07K","1,88%"
"26.05.2025","21,320","21,240","21,400","21,140","282,94K","1,23%"
"23.05.2025","21,060","21,280","21,580","20,620","304,85K","-0,85%"
"22.05.2025","21,240","21,640","21,700","21,220","417,76K","-2,30%"
"21.05.2025","21,740","22,160","22,220","21,720","299,74K","-0,55%"
"20.05.2025","21,860","21,800","22,040","21,700","249,90K","0,55%"
"19.05.2025","21,740","21,680","21,780","21,480","171,62K","0,28%"
"16.05.2025","21,680","21,740","21,740","21,420","358,82K","-0,09%"
"15.05.2025","21,700","21,400","21,940","21,280","204,88K","0,46%"
"14.05.2025","21,600","21,860","21,900","21,380","369,73K","-1,10%"
"13.05.2025","21,840","21,240","21,980","21,180","382,75K","3,80%"
"12.05.2025","21,040","20,480","21,500","20,480","473,83K","3,34%"
"09.05.2025","20,360","20,200","20,540","19,720","321,45K","1,19%"
"08.05.2025","20,120","20,100","20,500","19,540","584,92K","0,20%"
"07.05.2025","20,080","20,580","20,600","19,800","672,80K","-3,09%"
"06.05.2025","20,720","20,940","20,940","20,620","260,01K","-1,24%"
"05.05.2025","20,980","20,900","20,980","20,740","170,19K","0,10%"
"02.05.2025","20,960","20,540","21,060","20,500","1,56K","3,15%"
"30.04.2025","20,320","20,380","20,580","20,060","8,91K","0,59%"
"29.04.2025","20,200","20,380","20,480","20,120","2,50K","-0,20%"
"28.04.2025","20,240","20,280","20,400","20,200","3,21K","0,20%"
"25.04.2025","20,200","20,500","20,580","20,080","543,65K","-0,10%"
"24.04.2025","20,220","20,120","20,300","19,910","218,69K","-0,39%"
"23.04.2025","20,300","20,240","20,720","20,040","373,92K","1,96%"
"22.04.2025","19,910","19,620","19,930","19,240","0,33K","1,27%"
"17.04.2025","19,660","19,950","19,980","19,570","294,86K","-0,66%"
"16.04.2025","19,790","19,570","19,840","19,380","275,44K","-0,05%"
"15.04.2025","19,800","19,360","19,830","19,360","172,08K","2,59%"
"14.04.2025","19,300","19,620","19,700","19,300","275,04K","1,85%"
"11.04.2025","18,950","20,120","20,120","18,840","338,72K","-4,82%"
"10.04.2025","19,910","21,000","21,000","19,600","643,85K","7,68%"
"09.04.2025","18,490","19,240","19,360","18,190","618,24K","-5,66%"
"08.04.2025","19,600","19,360","19,780","18,630","0,07K","5,15%"
"07.04.2025","18,640","18,250","19,700","17,740","546,23K","-3,87%"
"04.04.2025","19,390","20,000","20,180","18,810","489,60K","-5,60%"
"03.04.2025","20,540","21,100","21,300","20,420","339,25K","-4,47%"
"02.04.2025","21,500","21,660","21,760","21,180","306,63K","-0,46%"
"01.04.2025","21,600","21,880","21,900","21,360","352,24K","-0,28%"
"31.03.2025","21,660","22,500","22,500","21,660","317,20K","-4,33%"
"28.03.2025","22,640","23,060","23,120","22,500","211,57K","-1,57%"
"27.03.2025","23,000","23,000","23,100","22,720","234,13K","-0,43%"
"26.03.2025","23,100","23,160","23,280","22,980","0,96K","0,09%"
"25.03.2025","23,080","22,600","23,140","22,500","229,14K","2,30%"
"24.03.2025","22,560","22,320","22,760","22,300","285,24K","1,71%"
"21.03.2025","22,180","22,120","22,200","21,860","220,18K","-0,63%"
"20.03.2025","22,320","22,320","22,560","21,880","216,42K","-0,36%"
"19.03.2025","22,400","21,960","22,480","21,920","222,55K","0,99%"
"18.03.2025","22,180","21,620","22,220","21,520","315,13K","2,69%"
"17.03.2025","21,600","21,920","22,100","21,480","213,12K","-1,37%"
"14.03.2025","21,900","22,000","22,160","21,900","226,60K","-0,73%"
"13.03.2025","22,060","22,140","22,280","21,940","271,82K","-1,16%"
"12.03.2025","22,320","22,000","22,380","21,940","359,29K","1,92%"
"11.03.2025","21,900","22,320","22,460","21,720","0,70K","-0,73%"
"10.03.2025","22,060","22,700","22,700","21,980","223,86K","-2,39%"
"07.03.2025","22,600","22,000","22,600","21,980","359,00K","2,08%"
"06.03.2025","22,140","22,020","22,160","21,880","349,42K","0,91%"
"05.03.2025","21,940","21,720","22,400","21,700","290,11K","2,24%"
"04.03.2025","21,460","22,120","22,140","21,360","361,91K","-3,94%"
"03.03.2025","22,340","22,140","22,540","21,980","298,22K","0,72%"
"28.02.2025","22,180","22,200","22,220","21,220","550,93K","-0,45%"
"27.02.2025","22,280","23,620","24,280","22,240","718,30K","-2,54%"
"26.02.2025","22,860","22,420","22,860","22,420","409,03K","1,51%"
"25.02.2025","22,520","22,440","22,560","22,360","312,92K","-0,09%"
"24.02.2025","22,540","22,600","22,640","22,320","1,02K","-0,09%"
"21.02.2025","22,560","22,780","22,860","22,480","351,92K","-0,44%"
"20.02.2025","22,660","22,780","23,000","22,600","1,01K","-0,53%"
"19.02.2025","22,780","23,180","23,180","22,640","2,02K","-1,39%"
"18.02.2025","23,100","23,100","23,240","22,960","0,99K","0,43%"
"17.02.2025","23,000","23,080","23,120","22,880","1,04K","-0,09%"
"14.02.2025","23,020","23,400","23,440","23,000","333,50K","-0,95%"
"13.02.2025","23,240","23,160","23,440","23,080","591,40K","0,52%"
"12.02.2025","23,120","23,100","23,260","22,900","220,34K","0,26%"
"11.02.2025","23,060","23,080","23,340","22,980","217,46K","-0,77%"
"10.02.2025","23,240","23,200","23,360","23,100","400,60K","0,17%"
"07.02.2025","23,200","23,920","24,060","23,160","187,67K","-2,36%"
"06.02.2025","23,760","23,380","23,780","23,220","183,27K","2,06%"
"05.02.2025","23,280","23,700","23,720","23,160","308,06K","-1,52%"
"04.02.2025","23,640","23,800","23,920","23,460","329,97K","-0,92%"
"03.02.2025","23,860","23,900","24,300","23,680","548,83K","-4,10%"
"31.01.2025","24,880","25,680","25,680","24,860","0,04K","-2,96%"
"30.01.2025","25,640","25,680","25,900","25,560","170,54K","0,71%"
"29.01.2025","25,460","25,840","25,880","25,460","127,92K","-0,55%"
"28.01.2025","25,600","25,000","25,800","24,600","244,40K","0,95%"
"27.01.2025","25,360","25,060","25,460","24,840","209,66K","-0,24%"
"24.01.2025","25,420","25,600","25,720","25,340","150,92K","0,55%"
"23.01.2025","25,280","25,300","25,580","25,080","340,18K","-0,39%"
"22.01.2025","25,380","25,000","25,580","25,000","262,66K","0,95%"
"21.01.2025","25,140","24,900","25,200","24,760","214,32K","0,40%"
"20.01.2025","25,040","24,640","25,080","24,580","332,52K","1,54%"
"17.01.2025","24,660","24,000","24,660","24,000","232,12K","2,41%"
"16.01.2025","24,080","24,100","24,200","23,860","204,22K","0,42%"
"15.01.2025","23,980","23,240","24,020","23,240","141,60K","2,65%"
"14.01.2025","23,360","23,420","23,440","23,120","206,22K","1,21%"
"13.01.2025","23,080","23,460","23,460","22,920","435,02K","-2,29%"
"10.01.2025","23,620","24,240","24,540","23,580","376,39K","-2,64%"
"09.01.2025","24,260","23,480","24,340","23,400","213,79K","3,06%"
"08.01.2025","23,540","23,620","23,900","23,420","201,66K","-0,84%"
"07.01.2025","23,740","24,120","24,220","23,720","243,99K","-0,67%"
"06.01.2025","23,900","23,760","24,020","23,740","215,91K","0,93%"
"03.01.2025","23,680","23,900","23,900","23,560","173,48K","-0,75%"
"02.01.2025","23,860","23,740","23,860","23,580","245,99K","1,45%"
"31.12.2024","23,520","23,440","23,640","23,440","101,92K","0,00%"
"30.12.2024","23,520","23,800","23,800","23,320","172,28K","-1,34%"
"27.12.2024","23,840","23,840","24,000","23,720","106,79K","0,51%"
"24.12.2024","23,720","23,920","23,960","23,660","85,68K","-0,92%"
"23.12.2024","23,940","23,840","23,980","23,620","113,82K","-0,25%"
"20.12.2024","24,000","23,700","24,000","23,440","210,22K","1,18%"
"19.12.2024","23,720","24,100","24,180","23,640","270,80K","-2,95%"
"18.12.2024","24,440","24,460","24,640","24,280","439,79K","-0,24%"
"17.12.2024","24,500","25,080","25,080","24,460","333,31K","-2,39%"
"16.12.2024","25,100","25,200","25,240","24,980","153,63K","-0,63%"
"13.12.2024","25,260","25,500","25,640","25,240","106,19K","-0,63%"
"12.12.2024","25,420","25,800","25,860","25,400","133,55K","-1,47%"
"11.12.2024","25,800","25,440","25,900","25,280","164,32K","1,26%"
"10.12.2024","25,480","25,600","25,960","25,480","181,80K","-0,16%"
"09.12.2024","25,520","25,520","25,760","25,480","285,78K","-0,62%"
"06.12.2024","25,680","25,100","25,780","25,080","162,94K","2,23%"
"05.12.2024","25,120","25,080","25,420","25,080","239,39K","-0,32%"
"04.12.2024","25,200","25,300","25,460","25,100","187,71K","-0,32%"
"03.12.2024","25,280","25,120","25,400","25,080","217,97K","0,24%"
"02.12.2024","25,220","24,840","25,280","24,700","172,43K","2,02%"
"29.11.2024","24,720","24,520","24,820","24,520","195,04K","-0,96%"
"28.11.2024","24,960","25,020","25,040","24,820","139,82K","0,48%"
"27.11.2024","24,840","24,720","24,960","24,680","178,08K","0,73%"
"26.11.2024","24,660","24,640","24,820","24,200","188,26K","-1,60%"
"25.11.2024","25,060","24,460","25,220","24,420","376,24K","3,90%"
"22.11.2024","24,120","23,840","24,240","23,800","193,54K","1,77%"
"21.11.2024","23,700","23,720","24,040","23,660","202,50K","-0,08%"
"20.11.2024","23,720","24,240","24,340","23,680","173,05K","-1,00%"
"19.11.2024","23,960","24,440","24,440","23,740","166,55K","-0,58%"
"18.11.2024","24,100","24,100","24,240","23,840","147,87K","-0,33%"
"15.11.2024","24,180","24,200","24,260","23,960","170,30K","0,33%"
"14.11.2024","24,100","24,320","24,520","24,080","174,85K","-1,07%"
"13.11.2024","24,360","24,000","24,380","24,000","170,23K","1,25%"
"12.11.2024","24,060","24,000","24,340","23,920","246,87K","-1,23%"
"11.11.2024","24,360","24,660","24,660","24,300","133,69K","-0,08%"
"08.11.2024","24,380","24,580","24,780","24,360","194,49K","-1,46%"
"07.11.2024","24,740","24,220","24,900","24,220","212,14K","2,66%"
"06.11.2024","24,100","25,100","25,140","24,100","395,25K","-5,49%"
"05.11.2024","25,500","25,780","25,800","25,440","278,96K","-0,62%"
"04.11.2024","25,660","25,660","26,380","25,400","387,74K","0,23%"
"01.11.2024","25,600","24,740","25,600","24,740","361,01K","3,56%"
"31.10.2024","24,720","23,900","25,200","23,720","643,22K","7,11%"
"30.10.2024","23,080","23,120","23,340","23,040","311,97K","-0,60%"
"29.10.2024","23,220","23,560","23,580","23,160","197,48K","-1,28%"
"28.10.2024","23,520","23,120","23,680","23,120","230,04K","1,91%"
"25.10.2024","23,080","23,060","23,560","23,020","275,36K","0,17%"
"24.10.2024","23,040","22,820","23,120","22,780","184,11K","1,05%"
"23.10.2024","22,800","22,780","23,100","22,720","476,00K","-0,18%"
"22.10.2024","22,840","22,280","22,840","22,040","455,59K","2,51%"
"21.10.2024","22,280","22,680","22,820","22,240","165,39K","-1,94%"
"18.10.2024","22,720","22,800","22,960","22,500","362,84K","0,71%"
"17.10.2024","22,560","22,620","22,980","22,440","354,38K","-2,08%"
"16.10.2024","23,040","22,780","23,080","22,680","280,93K","-0,60%"
"15.10.2024","23,180","23,400","23,520","22,960","157,78K","-0,43%"
"14.10.2024","23,280","23,020","23,280","22,920","118,96K","1,04%"
"11.10.2024","23,040","23,300","23,400","22,960","161,03K","-1,12%"
"10.10.2024","23,300","23,300","23,360","22,960","146,12K","-0,26%"
"09.10.2024","23,360","22,920","23,360","22,920","185,78K","0,95%"
"08.10.2024","23,140","23,000","23,200","22,600","166,85K","0,00%"
"07.10.2024","23,140","23,420","23,580","23,040","173,73K","-1,03%"
"04.10.2024","23,380","22,980","23,440","22,880","274,99K","2,36%"
"03.10.2024","22,840","22,960","23,160","22,800","142,54K","-0,87%"
"02.10.2024","23,040","23,040","23,120","22,940","184,58K","-0,26%"
"01.10.2024","23,100","23,460","23,700","22,860","229,81K","-1,70%"
"30.09.2024","23,500","23,120","23,720","23,100","314,16K","-0,42%"
"27.09.2024","23,600","23,320","23,640","23,300","303,08K","1,99%"
"26.09.2024","23,140","22,680","23,500","22,680","275,76K","3,03%"
"25.09.2024","22,460","21,920","22,720","21,880","190,47K","2,37%"
"24.09.2024","21,940","22,120","22,120","21,860","136,47K","0,73%"
"23.09.2024","21,780","22,260","22,260","21,720","165,56K","-1,71%"
"20.09.2024","22,160","22,660","22,780","22,060","2,15M","-2,21%"
"19.09.2024","22,660","21,980","22,780","21,960","379,73K","4,81%"
"18.09.2024","21,620","21,620","21,720","21,300","243,44K","-0,37%"
"17.09.2024","21,700","21,340","21,800","21,220","177,40K","2,17%"
"16.09.2024","21,240","21,280","21,300","21,080","87,47K","-0,28%"
"13.09.2024","21,300","21,080","21,340","21,080","120,96K","1,04%"
"12.09.2024","21,080","21,640","21,740","20,860","182,09K","-1,31%"
"11.09.2024","21,360","21,720","22,040","21,240","375,01K","-2,20%"
"10.09.2024","21,840","21,560","22,040","21,540","277,00K","1,49%"
"09.09.2024","21,520","21,200","21,520","21,200","154,00K","1,89%"
"06.09.2024","21,120","21,700","21,700","21,080","224,17K","-1,03%"
"05.09.2024","21,340","21,180","21,560","21,160","192,00K","0,28%"
"04.09.2024","21,280","21,720","21,720","21,040","275,83K","-2,92%"
"03.09.2024","21,920","22,060","22,140","21,840","230,08K","-0,27%"
"02.09.2024","21,980","22,380","22,380","21,880","144,72K","-1,79%"
"30.08.2024","22,380","22,300","22,520","22,140","191,74K","0,54%"
"29.08.2024","22,260","22,460","22,460","22,180","1,23M","0,09%"
"28.08.2024","22,240","22,200","22,360","22,000","215,63K","1,18%"
"27.08.2024","21,980","22,240","22,360","21,860","145,46K","-1,08%"
"26.08.2024","22,220","22,260","22,380","22,120","110,95K","-0,09%"
"23.08.2024","22,240","21,700","22,300","21,620","159,13K","1,92%"
"22.08.2024","21,820","21,680","22,020","21,680","151,64K","0,18%"
"21.08.2024","21,780","21,860","21,860","21,620","195,25K","-0,27%"
"20.08.2024","21,840","21,940","22,220","21,720","137,16K","-0,27%"
"19.08.2024","21,900","21,800","21,900","21,760","140,09K","0,55%"
"16.08.2024","21,780","21,980","21,980","21,660","146,52K","0,18%"
"15.08.2024","21,740","21,400","21,740","21,400","91,41K","1,59%"
"14.08.2024","21,400","21,520","21,580","21,200","178,34K","0,38%"
"13.08.2024","21,320","21,120","21,500","21,120","186,36K","0,19%"
"12.08.2024","21,280","21,560","21,560","21,280","129,97K","-0,28%"
"09.08.2024","21,340","21,660","21,660","21,300","153,32K","-0,19%"
"08.08.2024","21,380","21,340","21,500","21,160","146,40K","-0,83%"
"07.08.2024","21,560","21,600","21,680","21,320","160,45K","1,32%"
"06.08.2024","21,280","21,300","21,620","21,100","277,89K","0,38%"
"05.08.2024","21,200","22,060","22,260","20,880","564,86K","-6,36%"
"02.08.2024","22,640","22,300","22,980","22,240","638,11K","1,34%"
"01.08.2024","22,340","21,500","22,600","21,200","812,20K","8,55%"
"31.07.2024","20,580","21,000","21,260","20,340","610,84K","1,58%"
"30.07.2024","20,260","20,100","20,480","20,100","220,53K","0,20%"
"29.07.2024","20,220","20,480","20,500","20,060","242,71K","-0,59%"
"26.07.2024","20,340","19,740","20,360","19,740","602,23K","2,83%"
"25.07.2024","19,780","19,460","19,830","19,150","304,18K","-0,65%"
"24.07.2024","19,910","19,600","20,020","19,600","280,74K","0,86%"
"23.07.2024","19,740","19,560","19,840","19,490","343,42K","0,77%"
"22.07.2024","19,590","19,250","19,790","19,250","400,75K","2,35%"
"19.07.2024","19,140","19,580","19,580","19,060","408,54K","-2,60%"
"18.07.2024","19,650","20,700","20,700","19,650","603,88K","-5,62%"
"17.07.2024","20,820","20,840","21,000","20,620","485,13K","0,39%"
"16.07.2024","20,740","20,000","20,740","20,000","281,60K","2,57%"
"15.07.2024","20,220","20,220","20,280","20,020","733,70K","-0,98%"
"12.07.2024","20,420","20,200","20,420","19,970","369,53K","2,15%"
"11.07.2024","19,990","19,730","20,040","19,450","1,16M","2,94%"
"10.07.2024","19,420","19,250","19,670","19,250","206,14K","0,10%"
"09.07.2024","19,400","19,790","19,790","19,270","181,99K","-1,77%"
"08.07.2024","19,750","19,400","19,930","19,320","304,85K","1,59%"
"05.07.2024","19,440","19,570","19,740","19,430","227,13K","-0,77%"
"04.07.2024","19,590","19,410","19,640","19,410","201,18K","0,98%"
"03.07.2024","19,400","19,410","19,550","19,290","159,46K","1,20%"
"02.07.2024","19,170","19,300","19,300","19,010","264,14K","-0,93%"
"01.07.2024","19,350","19,600","19,660","19,290","280,77K","-0,72%"
"28.06.2024","19,490","19,630","19,750","19,370","859,44K","0,26%"
"27.06.2024","19,440","19,640","19,780","19,360","312,52K","-1,02%"
"26.06.2024","19,640","20,000","20,060","19,620","301,20K","-1,50%"
"25.06.2024","19,940","20,720","20,720","19,710","1,14M","-7,94%"
"24.06.2024","21,660","21,400","21,680","21,280","970,31K","1,21%"
"21.06.2024","21,400","21,980","21,980","21,400","258,59K","-2,73%"
"20.06.2024","22,000","21,760","22,060","21,680","186,82K","1,66%"
"19.06.2024","21,640","21,880","21,880","21,620","189,56K","-0,09%"
"18.06.2024","21,660","21,920","21,960","21,660","240,56K","0,00%"
"17.06.2024","21,660","21,660","21,940","21,500","216,73K","0,74%"
"14.06.2024","21,500","21,820","21,860","21,200","314,85K","-1,01%"
"13.06.2024","21,720","22,520","22,520","21,700","240,72K","-3,72%"
"12.06.2024","22,560","22,200","22,640","22,100","259,90K","1,71%"
"11.06.2024","22,180","22,320","22,500","21,920","229,34K","-0,54%"
"10.06.2024","22,300","22,240","22,300","21,800","240,32K","0,00%"
"07.06.2024","22,300","22,280","22,460","22,200","212,80K","0,00%"
"06.06.2024","22,300","22,580","22,720","22,300","184,84K","-0,45%"
"05.06.2024","22,400","22,400","22,540","22,260","700,47K","-0,09%"
"04.06.2024","22,420","22,320","22,620","22,300","199,94K","0,09%"
"03.06.2024","22,400","22,760","22,860","22,300","210,70K","0,27%"
"31.05.2024","22,340","22,320","22,580","22,220","494,47K","-2,70%"
"30.05.2024","22,960","22,700","23,040","22,680","348,66K","-0,69%"
"29.05.2024","23,120","23,320","23,340","22,980","401,28K","-1,11%"
"28.05.2024","23,380","23,780","23,800","23,380","200,18K","-1,10%"
"27.05.2024","23,640","23,620","23,800","23,580","109,81K","0,42%"
"24.05.2024","23,540","23,460","23,680","23,300","265,04K","-1,18%"
"23.05.2024","23,820","24,120","24,200","23,820","191,99K","-1,00%"
"22.05.2024","24,060","24,340","24,340","23,880","233,67K","-1,15%"
"21.05.2024","24,340","24,000","24,420","24,000","291,31K","0,75%"
"20.05.2024","24,160","23,980","24,160","23,840","198,30K","1,26%"
"17.05.2024","23,860","23,880","23,940","23,540","231,54K","0,08%"
"16.05.2024","23,840","23,900","24,160","23,760","262,52K","-0,08%"
"15.05.2024","23,860","23,420","23,860","22,980","326,79K","1,53%"
"14.05.2024","23,500","22,820","23,520","22,820","343,35K","3,71%"
"13.05.2024","22,660","23,200","23,260","22,560","432,82K","-2,75%"
"10.05.2024","23,300","22,560","23,640","22,560","946,03K","7,27%"
"09.05.2024","21,720","20,880","21,720","20,860","408,34K","4,02%"
"08.05.2024","20,880","21,780","21,820","20,400","730,44K","-3,69%"
"07.05.2024","21,680","20,820","21,840","20,780","514,86K","4,84%"
"06.05.2024","20,680","20,500","20,760","20,400","246,15K","1,47%"
"03.05.2024","20,380","20,080","20,620","19,980","","1,95%"
"02.05.2024","19,990","19,790","20,080","19,700","245,86K","0,45%"
"30.04.2024","19,900","20,100","20,100","19,850","199,11K","-1,29%"
"29.04.2024","20,160","19,890","20,180","19,890","261,17K","1,15%"
"26.04.2024","19,930","19,760","20,140","19,760","304,43K","1,37%"
"25.04.2024","19,660","20,320","20,340","19,520","231,05K","-3,72%"
"24.04.2024","20,420","20,120","20,700","20,060","903,75K","2,36%"
"23.04.2024","19,950","19,300","20,080","19,300","413,54K","3,10%"
"22.04.2024","19,350","19,070","19,530","19,070","318,45K","1,90%"
"19.04.2024","18,990","19,110","19,110","18,840","261,44K","-1,09%"
"18.04.2024","19,200","19,350","19,440","18,850","263,49K","0,00%"
"17.04.2024","19,200","19,230","19,400","19,110","184,18K","-0,10%"
"16.04.2024","19,220","19,420","19,420","19,090","223,37K","-2,09%"
"15.04.2024","19,630","19,590","19,810","19,550","154,15K","-0,25%"
"12.04.2024","19,680","19,970","20,100","19,610","224,69K","-1,20%"
"11.04.2024","19,920","20,000","20,060","19,770","301,17K","-0,40%"
"10.04.2024","20,000","20,500","20,540","19,920","271,98K","-2,06%"
"09.04.2024","20,420","20,820","20,820","20,380","178,20K","-1,83%"
"08.04.2024","20,800","20,740","20,940","20,700","250,28K","0,19%"
"05.04.2024","20,760","20,840","20,980","20,760","192,61K","-1,89%"
"04.04.2024","21,160","21,240","21,240","21,080","195,98K","-0,09%"
"03.04.2024","21,180","21,160","21,200","20,860","273,95K","-0,28%"
"02.04.2024","21,240","22,040","22,040","21,200","281,62K","-3,10%"
"28.03.2024","21,920","21,840","22,020","21,840","214,21K","0,09%"
"27.03.2024","21,900","21,880","21,900","21,640","241,38K","0,09%"
"26.03.2024","21,880","21,620","21,960","21,620","134,48K","0,18%"
"25.03.2024","21,840","21,760","21,840","21,620","166,42K","0,00%"
"22.03.2024","21,840","22,000","22,180","21,740","346,13K","-1,44%"
"21.03.2024","22,160","21,840","22,300","21,840","348,96K","1,56%"
"20.03.2024","21,820","21,860","21,940","21,740","199,64K","0,28%"
"19.03.2024","21,760","21,500","21,800","21,420","216,95K","0,83%"
"18.03.2024","21,580","22,020","22,200","21,520","288,44K","-2,09%"
"15.03.2024","22,040","22,120","22,320","22,020","308,99K","-0,63%"
"14.03.2024","22,180","22,460","22,460","22,000","269,35K","-0,81%"
"13.03.2024","22,360","22,440","22,660","22,240","253,57K","-0,62%"
"12.03.2024","22,500","22,160","22,540","22,080","263,50K","1,53%"
"11.03.2024","22,160","22,280","22,540","21,980","280,24K","-1,34%"
"08.03.2024","22,460","22,380","22,560","22,200","296,24K","0,54%"
"07.03.2024","22,340","22,000","22,340","21,840","498,53K","1,18%"
"06.03.2024","22,080","21,520","22,180","21,340","319,89K","2,60%"
"05.03.2024","21,520","20,940","21,560","20,560","475,01K","0,37%"
"04.03.2024","21,440","21,600","21,640","21,060","290,35K","-0,83%"
"01.03.2024","21,620","21,540","21,780","21,200","818,16K","0,28%"
"29.02.2024","21,560","20,940","21,720","20,700","1,08M","8,61%"
"28.02.2024","19,850","19,690","19,850","19,300","495,63K","0,66%"
"27.02.2024","19,720","19,740","19,910","19,350","536,45K","-0,45%"
"26.02.2024","19,810","20,060","20,080","19,750","337,51K","-0,80%"
"23.02.2024","19,970","20,880","20,920","19,840","562,16K","-4,54%"
"22.02.2024","20,920","21,300","21,420","20,820","728,39K","-1,04%"
"21.02.2024","21,140","21,160","21,380","21,040","167,20K","0,09%"
"20.02.2024","21,120","21,260","21,360","21,020","188,29K","-0,28%"
"19.02.2024","21,180","21,200","21,260","20,880","191,89K","-0,66%"
"16.02.2024","21,320","21,000","21,460","20,980","327,64K","2,60%"
"15.02.2024","20,780","21,200","21,220","20,720","204,34K","-1,33%"
"14.02.2024","21,060","20,700","21,100","20,700","201,02K","1,45%"
"13.02.2024","20,760","21,000","21,160","20,540","241,75K","-1,42%"
"12.02.2024","21,060","21,140","21,260","20,940","232,71K","0,57%"
"09.02.2024","20,940","20,640","21,120","20,640","280,82K","1,55%"
"08.02.2024","20,620","20,680","20,800","20,420","203,88K","0,19%"
"07.02.2024","20,580","20,780","21,040","20,540","319,44K","-1,81%"
"06.02.2024","20,960","20,380","20,960","20,360","615,45K","2,95%"
"05.02.2024","20,360","20,140","20,460","20,020","485,81K","0,79%"
"02.02.2024","20,200","20,200","20,480","20,100","320,59K","1,00%"
"01.02.2024","20,000","19,880","20,200","19,770","279,57K","-0,60%"
"31.01.2024","20,120","19,900","20,200","19,820","380,63K","1,31%"
"30.01.2024","19,860","19,260","20,120","19,260","363,58K","2,11%"
"29.01.2024","19,450","19,400","19,510","19,110","333,84K","-0,05%"
"26.01.2024","19,460","19,550","19,550","19,240","207,86K","-0,21%"
"25.01.2024","19,500","19,500","19,570","19,360","217,46K","-0,15%"
"24.01.2024","19,530","19,290","19,570","19,270","232,47K","1,98%"
"23.01.2024","19,150","19,240","19,260","18,800","262,12K","0,63%"
"22.01.2024","19,030","18,730","19,200","18,730","173,93K","1,76%"
"19.01.2024","18,700","18,920","19,010","18,670","252,06K","-0,74%"
"18.01.2024","18,840","18,500","18,870","18,490","206,73K","0,91%"
"17.01.2024","18,670","18,540","18,760","18,440","297,69K","-1,11%"
"16.01.2024","18,880","18,720","18,910","18,580","355,26K","-0,42%"
"15.01.2024","18,960","19,200","19,300","18,910","100,48K","-0,99%"
"12.01.2024","19,150","18,980","19,380","18,920","227,50K","1,86%"
"11.01.2024","18,800","18,530","19,550","18,530","645,25K","2,68%"
"10.01.2024","18,310","18,310","18,350","18,100","317,37K","-0,27%"
"09.01.2024","18,360","18,430","18,440","18,120","228,74K","-1,08%"
"08.01.2024","18,560","18,580","18,670","18,170","212,25K","-0,59%"
"05.01.2024","18,670","18,740","18,830","18,380","208,58K","-1,63%"
"04.01.2024","18,980","18,960","19,290","18,950","211,30K","1,39%"
"03.01.2024","18,720","19,080","19,310","18,660","241,78K","-3,01%"
"02.01.2024","19,300","18,970","19,540","18,970","292,45K","2,39%"
"29.12.2023","18,850","18,950","19,080","18,800","182,23K","-0,74%"
"28.12.2023","18,990","19,600","19,650","18,940","231,97K","-2,91%"
"27.12.2023","19,560","19,500","19,650","19,430","212,84K","0,77%"
"22.12.2023","19,410","19,000","19,430","18,980","252,93K","2,16%"
"21.12.2023","19,000","18,840","19,090","18,800","275,54K","0,05%"
"20.12.2023","18,990","19,070","19,230","18,920","291,94K","-0,68%"
"19.12.2023","19,120","18,820","19,150","18,810","270,04K","1,43%"
"18.12.2023","18,850","19,010","19,270","18,830","325,60K","-1,21%"
"15.12.2023","19,080","19,300","19,570","19,080","1,31M","-0,63%"
"14.12.2023","19,200","18,400","19,280","18,400","1,12M","7,80%"
"13.12.2023","17,810","17,930","18,130","17,810","492,17K","-0,39%"
"12.12.2023","17,880","17,790","18,400","17,600","373,24K","-2,56%"
"11.12.2023","18,350","18,430","18,500","18,350","167,78K","-0,43%"
"08.12.2023","18,430","18,400","18,590","18,310","168,68K","0,55%"
"07.12.2023","18,330","18,220","18,360","18,010","253,43K","-0,16%"
"06.12.2023","18,360","18,150","18,560","18,090","334,51K","0,93%"
"05.12.2023","18,190","18,350","18,360","18,140","326,50K","-0,60%"
"04.12.2023","18,300","18,620","18,790","18,200","292,19K","-2,56%"
"01.12.2023","18,780","18,600","18,830","18,340","240,17K","-0,90%"
"30.11.2023","18,950","19,170","19,180","18,790","918,48K","-0,58%"
"29.11.2023","19,060","19,190","19,480","19,060","428,63K","-0,47%"
"28.11.2023","19,150","19,140","19,160","18,910","205,94K","-0,16%"
"27.11.2023","19,180","19,010","19,290","19,010","451,34K","0,52%"
"24.11.2023","19,080","18,860","19,150","18,860","156,54K","0,32%"
"23.11.2023","19,020","19,150","19,150","18,890","153,99K","-0,52%"
"22.11.2023","19,120","18,940","19,130","18,910","194,18K","1,76%"
"21.11.2023","18,790","19,020","19,130","18,770","241,51K","-0,84%"
"20.11.2023","18,950","18,980","19,020","18,800","317,59K","0,11%"
"17.11.2023","18,930","18,910","19,130","18,900","569,39K","0,75%"
"16.11.2023","18,790","18,900","19,070","18,760","429,18K","-0,32%"
"15.11.2023","18,850","18,400","18,960","18,390","465,71K","3,01%"
"14.11.2023","18,300","17,540","18,340","17,380","341,46K","5,05%"
"13.11.2023","17,420","17,560","17,620","17,300","218,46K","-0,17%"
"10.11.2023","17,450","17,760","17,780","17,410","204,51K","-2,08%"
"09.11.2023","17,820","17,330","17,900","17,330","350,02K","1,71%"
"08.11.2023","17,520","17,500","17,680","17,380","289,83K","-0,11%"
"07.11.2023","17,540","17,340","17,620","17,340","211,65K","0,34%"
"06.11.2023","17,480","17,760","17,860","17,480","335,74K","-0,96%"
"03.11.2023","17,650","17,260","17,720","17,210","294,10K","3,16%"
"02.11.2023","17,110","16,940","17,210","16,880","422,31K","2,39%"
"01.11.2023","16,710","16,700","16,760","16,590","187,86K","0,54%"
"31.10.2023","16,620","16,620","16,970","16,370","329,29K","0,42%"
"30.10.2023","16,550","16,450","16,790","16,450","407,30K","0,73%"
"27.10.2023","16,430","16,800","16,910","16,110","530,80K","-2,38%"
"26.10.2023","16,830","15,900","17,400","15,320","869,31K","4,40%"
"25.10.2023","16,120","16,420","16,420","16,020","515,72K","-1,77%"
"24.10.2023","16,410","16,460","16,540","16,220","343,42K","-0,30%"
"23.10.2023","16,460","16,590","16,640","16,330","449,66K","-0,54%"
"20.10.2023","16,550","16,770","16,820","16,470","397,56K","-1,84%"
"19.10.2023","16,860","16,800","17,120","16,550","416,54K","-0,30%"
"18.10.2023","16,910","17,300","17,360","16,910","341,94K","-2,59%"
"17.10.2023","17,360","17,430","17,530","17,130","279,80K","-0,46%"
"16.10.2023","17,440","17,430","17,490","17,200","218,83K","0,06%"
"13.10.2023","17,430","18,000","18,010","17,430","359,26K","-3,11%"
"12.10.2023","17,990","18,100","18,120","17,810","260,04K","1,30%"
"11.10.2023","17,760","17,530","17,840","17,480","255,63K","0,51%"
"10.10.2023","17,670","17,200","17,770","17,130","523,67K","-0,34%"
"09.10.2023","17,730","17,660","17,780","17,580","229,98K","0,51%"
"06.10.2023","17,640","17,670","17,750","17,440","409,28K","-1,78%"
"05.10.2023","17,960","18,010","18,110","17,910","275,09K","0,34%"
"04.10.2023","17,900","18,180","18,190","17,770","493,43K","-2,45%"
"03.10.2023","18,350","18,690","18,780","18,330","340,11K","-1,92%"
"02.10.2023","18,710","19,390","19,440","18,690","309,15K","-3,41%"
"29.09.2023","19,370","18,990","19,590","18,960","434,89K","2,49%"
"28.09.2023","18,900","18,860","18,950","18,610","216,19K","0,69%"
"27.09.2023","18,770","18,740","18,800","18,560","244,70K","0,59%"
"26.09.2023","18,660","18,710","18,930","18,620","287,94K","-1,84%"
"25.09.2023","19,010","19,120","19,280","18,870","232,86K","0,16%"
"22.09.2023","18,980","18,750","18,990","18,660","1,01M","1,50%"
"21.09.2023","18,700","18,800","18,800","18,420","494,17K","-0,95%"
"20.09.2023","18,880","18,670","18,970","18,640","315,64K","1,18%"
"19.09.2023","18,660","18,700","18,900","18,470","456,05K","-3,06%"
"18.09.2023","19,250","19,500","19,620","19,150","261,05K","-1,79%"
"15.09.2023","19,600","20,040","20,040","19,550","1,20M","-0,76%"
"14.09.2023","19,750","19,900","20,000","19,570","340,08K","-0,85%"
"13.09.2023","19,920","20,120","20,220","19,820","266,96K","-1,48%"
"12.09.2023","20,220","20,040","20,320","20,040","179,86K","0,90%"
"11.09.2023","20,040","19,800","20,100","19,690","233,91K","1,98%"
"08.09.2023","19,650","20,100","20,120","19,530","393,77K","-1,95%"
"07.09.2023","20,040","20,220","20,480","19,960","275,58K","-1,28%"
"06.09.2023","20,300","20,240","20,420","19,960","256,86K","0,10%"
"05.09.2023","20,280","20,560","20,640","20,280","219,17K","-1,27%"
"04.09.2023","20,540","20,720","21,000","20,460","232,50K","-0,87%"
"01.09.2023","20,720","20,680","20,840","20,540","192,33K","-0,19%"
"31.08.2023","20,760","20,480","20,820","20,480","246,06K","0,78%"
"30.08.2023","20,600","20,640","20,720","20,500","288,37K","-0,19%"
"29.08.2023","20,640","20,380","20,680","20,020","392,49K","1,88%"
"28.08.2023","20,260","20,260","20,500","20,240","","0,40%"
"25.08.2023","20,180","20,060","20,400","20,040","322,66K","0,40%"
"24.08.2023","20,100","20,440","20,580","20,080","1,17M","-1,08%"
"23.08.2023","20,320","20,380","20,500","20,240","264,82K","-0,29%"
"22.08.2023","20,380","20,500","20,660","20,300","455,23K","0,79%"
"21.08.2023","20,220","21,060","21,080","19,990","493,05K","-3,44%"
"18.08.2023","20,940","20,900","21,140","20,540","490,91K","-1,32%"
"17.08.2023","21,220","21,240","21,460","21,140","296,48K","-0,84%"
"16.08.2023","21,400","21,260","21,540","21,200","211,10K","0,75%"
"15.08.2023","21,240","21,260","21,360","21,080","194,04K","0,47%"
"14.08.2023","21,140","21,400","21,400","20,900","292,57K","-0,94%"
"11.08.2023","21,340","21,580","21,600","21,300","310,57K","-2,11%"
"10.08.2023","21,800","21,500","21,820","21,180","608,77K","2,64%"
"09.08.2023","21,240","20,980","21,300","20,960","446,97K","1,72%"
"08.08.2023","20,880","20,780","21,080","20,620","499,85K","-0,48%"
"07.08.2023","20,980","20,320","20,980","20,260","580,49K","2,34%"
"04.08.2023","20,500","19,990","20,600","19,950","526,12K","2,91%"
"03.08.2023","19,920","19,760","19,950","19,640","390,06K","0,30%"
"02.08.2023","19,860","19,520","19,940","19,520","316,90K","0,30%"
"01.08.2023","19,800","20,000","20,280","19,490","367,83K","-1,59%"
"31.07.2023","20,120","20,020","20,260","19,620","515,51K","-0,49%"
"28.07.2023","20,220","17,850","20,360","17,730","1,49M","10,07%"
"27.07.2023","18,370","18,310","18,490","18,210","543,95K","0,99%"
"26.07.2023","18,190","17,800","18,190","17,800","331,32K","1,68%"
"25.07.2023","17,890","17,700","17,900","17,610","260,19K","0,62%"
"24.07.2023","17,780","17,040","17,790","17,040","433,13K","2,30%"
"21.07.2023","17,380","17,180","17,380","17,090","301,42K","1,11%"
"20.07.2023","17,190","17,740","18,030","16,910","1,07M","-3,70%"
"19.07.2023","17,850","17,430","17,890","17,350","452,44K","3,48%"
"18.07.2023","17,250","17,510","17,690","17,160","390,89K","-1,77%"
"17.07.2023","17,560","17,070","17,560","17,030","394,58K","2,69%"
"14.07.2023","17,100","18,700","18,710","17,070","1,50M","-8,80%"
"13.07.2023","18,750","18,700","18,920","18,500","387,99K","1,30%"
"12.07.2023","18,510","17,870","18,570","17,790","435,68K","3,35%"
"11.07.2023","17,910","17,950","18,170","17,840","309,27K","0,73%"
"10.07.2023","17,780","17,580","17,830","17,570","330,48K","0,57%"
"07.07.2023","17,680","17,140","17,730","17,100","383,11K","3,57%"
"06.07.2023","17,070","17,260","17,480","16,910","460,11K","-2,51%"
"05.07.2023","17,510","17,830","17,900","17,450","350,76K","-2,67%"
"04.07.2023","17,990","17,890","17,990","17,600","272,92K","1,58%"
"03.07.2023","17,710","17,530","17,750","17,390","272,42K","-0,67%"
"30.06.2023","17,830","17,700","17,940","17,570","407,45K","1,54%"
"29.06.2023","17,560","17,640","17,710","17,420","339,23K","-0,45%"
"28.06.2023","17,640","17,170","17,660","17,140","393,48K","3,34%"
"27.06.2023","17,070","16,760","17,140","16,560","536,83K","2,77%"
"26.06.2023","16,610","16,520","16,840","16,520","676,15K","1,34%"
"23.06.2023","16,390","16,310","16,460","16,180","303,10K","-0,36%"
"22.06.2023","16,450","16,400","16,540","16,150","354,63K","-0,66%"
"21.06.2023","16,560","16,800","16,870","16,550","339,52K","-1,25%"
"20.06.2023","16,770","17,470","17,500","16,580","697,90K","-4,44%"
"19.06.2023","17,550","17,720","17,780","17,430","279,04K","-1,18%"
"16.06.2023","17,760","18,000","18,000","17,560","693,77K","-1,17%"
"15.06.2023","17,970","17,830","17,990","17,790","284,97K","0,00%"
"14.06.2023","17,970","18,100","18,140","17,750","614,76K","-0,44%"
"13.06.2023","18,050","18,000","18,110","17,820","853,20K","0,84%"
"12.06.2023","17,900","17,570","17,950","17,560","813,84K","2,29%"
"09.06.2023","17,500","17,440","17,550","17,340","661,85K","0,29%"
"08.06.2023","17,450","17,210","17,530","17,210","1,07M","0,93%"
"07.06.2023","17,290","16,950","17,340","16,950","859,57K","1,17%"
"06.06.2023","17,090","16,910","17,280","16,910","666,86K","-0,06%"
"05.06.2023","17,100","17,150","17,160","16,950","579,61K","0,29%"
"02.06.2023","17,050","16,730","17,170","16,730","886,79K","1,97%"
"01.06.2023","16,720","16,660","16,930","16,530","826,10K","1,15%"
"31.05.2023","16,530","16,600","16,720","16,410","703,03K","-1,61%"
"30.05.2023","16,800","16,540","16,950","16,430","1,47M","2,00%"
"29.05.2023","16,470","16,520","16,600","16,370","221,63K","0,24%"
"26.05.2023","16,430","16,120","16,470","15,980","249,07K","2,11%"
"25.05.2023","16,090","16,130","16,260","15,960","286,86K","-0,62%"
"24.05.2023","16,190","16,220","16,370","16,100","301,42K","-1,40%"
"23.05.2023","16,420","16,730","16,730","16,420","230,00K","-1,68%"
"22.05.2023","16,700","16,570","16,710","16,280","490,24K","0,54%"
"19.05.2023","16,610","16,700","16,960","16,580","752,31K","0,42%"
"18.05.2023","16,540","16,470","16,650","16,390","346,72K","-0,12%"
"17.05.2023","16,560","16,540","16,740","16,530","316,55K","-0,36%"
"16.05.2023","16,620","16,660","16,790","16,500","383,06K","-0,36%"
"15.05.2023","16,680","16,960","16,990","16,570","449,75K","-0,95%"
"12.05.2023","16,840","17,050","17,210","16,750","499,12K","-1,17%"
"11.05.2023","17,040","16,500","17,130","16,500","1,52M","1,73%"
"10.05.2023","16,750","16,250","17,220","16,250","1,64M","4,04%"
"09.05.2023","16,100","15,980","16,110","15,720","660,60K","0,56%"
"08.05.2023","16,010","15,700","16,180","15,620","889,85K","2,10%"
"05.05.2023","15,680","15,220","15,680","15,170","359,48K","3,43%"
"04.05.2023","15,160","15,180","15,230","14,980","428,05K","-0,07%"
"03.05.2023","15,170","15,160","15,350","15,090","420,49K","-0,33%"
"02.05.2023","15,220","15,610","15,660","15,120","1,03M","-2,00%"
"28.04.2023","15,530","15,140","15,600","15,100","838,69K","2,37%"
"27.04.2023","15,170","14,630","15,170","14,530","652,97K","2,85%"
"26.04.2023","14,750","14,700","14,830","14,520","347,20K","-0,27%"
"25.04.2023","14,790","14,820","14,860","14,570","314,13K","-1,00%"
"24.04.2023","14,940","15,150","15,150","14,900","310,12K","-0,47%"
"21.04.2023","15,010","14,920","15,020","14,630","568,61K","0,67%"
"20.04.2023","14,910","15,360","15,810","14,840","995,42K","-1,84%"
"19.04.2023","15,190","15,180","15,250","14,900","518,48K","-0,59%"
"18.04.2023","15,280","15,100","15,330","15,060","531,34K","0,86%"
"17.04.2023","15,150","15,090","15,340","14,910","652,39K","1,61%"
"14.04.2023","14,910","15,070","15,210","14,890","507,76K","-1,26%"
"13.04.2023","15,100","15,200","15,300","14,970","502,90K","0,27%"
"12.04.2023","15,060","15,030","15,200","14,880","547,47K","0,40%"
"11.04.2023","15,000","15,000","15,190","14,800","681,48K","0,00%"
"06.04.2023","15,000","15,100","15,280","14,950","469,86K","-0,86%"
"05.04.2023","15,130","15,520","15,710","15,010","523,93K","-2,64%"
"04.04.2023","15,540","15,300","15,990","15,300","659,77K","1,70%"
"03.04.2023","15,280","16,290","16,290","15,160","759,87K","-5,62%"
"31.03.2023","16,190","16,190","16,440","16,100","1,06M","0,75%"
"30.03.2023","16,070","15,820","16,110","15,750","585,29K","3,68%"
"29.03.2023","15,500","15,350","15,630","15,200","711,29K","1,04%"
"28.03.2023","15,340","15,230","15,550","15,190","431,53K","0,00%"
"27.03.2023","15,340","15,460","15,500","15,280","912,23K","1,12%"
"24.03.2023","15,170","15,600","15,640","15,130","563,73K","-3,01%"
"23.03.2023","15,640","15,610","15,770","15,440","413,58K","-0,06%"
"22.03.2023","15,650","15,760","15,760","15,380","462,79K","-0,89%"
"21.03.2023","15,790","16,100","16,140","15,670","607,96K","-0,69%"
"20.03.2023","15,900","15,790","16,090","15,740","538,73K","-1,06%"
"17.03.2023","16,070","16,390","16,640","15,850","2,17M","-1,47%"
"16.03.2023","16,310","16,060","16,370","15,860","705,97K","3,29%"
"15.03.2023","15,790","16,550","16,570","15,750","875,46K","-5,22%"
"14.03.2023","16,660","16,070","16,860","16,070","1,50M","3,03%"
"13.03.2023","16,170","16,160","16,290","15,580","723,03K","0,12%"
"10.03.2023","16,150","16,030","16,330","15,910","385,32K","-1,10%"
"09.03.2023","16,330","16,050","16,460","16,040","371,11K","1,24%"
"08.03.2023","16,130","16,150","16,150","15,900","587,30K","-0,55%"
"07.03.2023","16,220","16,490","16,530","16,220","449,85K","-1,88%"
"06.03.2023","16,530","16,670","16,700","16,480","651,66K","-0,78%"
"03.03.2023","16,660","16,510","16,760","16,500","859,49K","2,33%"
"02.03.2023","16,280","16,280","16,530","16,200","455,95K","-1,51%"
"01.03.2023","16,530","16,490","16,790","16,400","941,18K","0,61%"
"28.02.2023","16,430","17,000","17,080","16,270","1,06M","-4,37%"
"27.02.2023","17,180","15,720","17,470","15,220","2,41M","6,91%"
"24.02.2023","16,070","16,430","16,430","15,990","691,37K","-1,77%"
"23.02.2023","16,360","16,300","16,560","16,300","413,63K","0,18%"
"22.02.2023","16,330","16,100","16,370","15,970","520,25K","0,62%"
"21.02.2023","16,230","16,580","16,650","16,200","483,20K","-2,41%"
"20.02.2023","16,630","16,510","16,700","16,440","322,39K","0,91%"
"17.02.2023","16,480","16,150","16,610","16,110","374,15K","0,92%"
"16.02.2023","16,330","16,480","16,590","16,070","435,02K","0,06%"
"15.02.2023","16,320","16,270","16,340","16,110","427,43K","0,74%"
"14.02.2023","16,200","16,420","16,420","16,130","476,49K","-0,67%"
"13.02.2023","16,310","16,260","16,380","16,170","372,76K","0,68%"
"10.02.2023","16,200","16,500","16,500","16,080","728,58K","-2,47%"
"09.02.2023","16,610","17,100","17,110","16,610","693,89K","-2,29%"
"08.02.2023","17,000","17,380","17,550","17,000","726,25K","-0,93%"
"07.02.2023","17,160","17,200","17,270","16,930","456,33K","0,00%"
"06.02.2023","17,160","17,810","17,810","17,160","855,00K","-4,40%"
"03.02.2023","17,950","17,830","18,050","17,660","1,30M","-0,22%"
"02.02.2023","17,990","16,760","17,990","16,760","2,63M","8,18%"
"01.02.2023","16,630","16,130","16,760","16,130","1,13M","2,91%"
"31.01.2023","16,160","16,250","16,250","15,760","1,08M","-0,92%"
"30.01.2023","16,310","16,790","16,790","16,110","579,36K","-2,68%"
"27.01.2023","16,760","16,790","16,820","16,620","634,08K","0,30%"
"26.01.2023","16,710","16,470","16,870","16,470","646,74K","1,58%"
"25.01.2023","16,450","16,500","16,680","16,340","559,16K","-0,48%"
"24.01.2023","16,530","16,570","16,630","16,330","697,24K","0,24%"
"23.01.2023","16,490","16,280","16,530","16,150","365,79K","2,30%"
"20.01.2023","16,120","16,330","16,350","16,040","572,87K","-1,16%"
"19.01.2023","16,310","16,840","16,910","16,220","657,67K","-3,89%"
"18.01.2023","16,970","17,010","17,140","16,880","684,36K","0,71%"
"17.01.2023","16,850","17,040","17,050","16,820","566,79K","-1,00%"
"16.01.2023","17,020","16,900","17,040","16,670","669,95K","1,73%"
"13.01.2023","16,730","16,580","16,950","16,580","1,18M","1,03%"
"12.01.2023","16,560","16,280","16,850","16,130","1,33M","1,72%"
"11.01.2023","16,280","16,040","16,300","15,900","646,42K","1,69%"
"10.01.2023","16,010","15,990","16,060","15,850","667,13K","-0,06%"
"09.01.2023","16,020","15,860","16,050","15,750","888,25K","1,97%"
"06.01.2023","15,710","15,410","15,760","15,330","499,85K","2,35%"
"05.01.2023","15,350","15,410","15,520","15,150","532,63K","-0,78%"
"04.01.2023","15,470","14,800","15,490","14,690","1,21M","4,74%"
"03.01.2023","14,770","14,450","14,800","14,280","762,59K","2,78%"
"02.01.2023","14,370","14,680","14,830","14,340","440,17K","-1,03%"
"30.12.2022","14,520","14,370","14,590","14,290","911,85K","0,28%"
"29.12.2022","14,480","14,230","14,480","13,910","563,51K","1,40%"
"28.12.2022","14,280","14,190","14,500","14,190","515,65K","0,28%"
"27.12.2022","14,240","14,460","14,490","14,130","378,26K","-0,49%"
"23.12.2022","14,310","14,130","14,440","14,100","578,24K","1,78%"
"22.12.2022","14,060","13,980","14,150","13,920","379,34K","0,50%"
"21.12.2022","13,990","13,890","14,010","13,780","494,27K","1,16%"
"20.12.2022","13,830","13,910","13,960","13,630","611,05K","-1,85%"
"19.12.2022","14,090","14,170","14,270","13,940","483,30K","0,00%"
"16.12.2022","14,090","14,440","14,510","13,830","1,05M","-2,83%"
"15.12.2022","14,500","14,560","14,630","14,270","1,03M","-0,34%"
"14.12.2022","14,550","14,480","14,560","14,360","643,29K","0,21%"
"13.12.2022","14,520","13,950","14,750","13,790","807,94K","4,09%"
"12.12.2022","13,950","13,840","13,950","13,710","799,06K","-0,36%"
"09.12.2022","14,000","13,950","14,190","13,750","633,88K","1,30%"
"08.12.2022","13,820","13,780","13,930","13,600","601,91K","0,80%"
"07.12.2022","13,710","13,690","13,830","13,570","533,81K","0,44%"
"06.12.2022","13,650","13,910","13,980","13,550","742,39K","-2,99%"
"05.12.2022","14,070","14,200","14,270","13,980","566,90K","-0,50%"
"02.12.2022","14,140","13,720","14,170","13,690","573,41K","2,39%"
"01.12.2022","13,810","14,590","14,800","13,690","1,10M","-3,43%"
"30.11.2022","14,300","14,050","14,440","13,960","718,51K","1,78%"
"29.11.2022","14,050","14,130","14,140","13,890","556,67K","-0,78%"
"28.11.2022","14,160","14,540","14,540","14,130","723,99K","-3,48%"
"25.11.2022","14,670","14,570","14,670","14,230","587,00K","0,96%"
"24.11.2022","14,530","14,050","14,710","13,910","669,84K","3,86%"
"23.11.2022","13,990","14,130","14,130","13,730","601,99K","-0,50%"
"22.11.2022","14,060","14,000","14,080","13,780","659,30K","-0,14%"
"21.11.2022","14,080","13,870","14,120","13,660","584,14K","0,64%"
"18.11.2022","13,990","14,090","14,090","13,650","509,77K","1,38%"
"17.11.2022","13,800","14,110","14,160","13,770","677,66K","-1,85%"
"16.11.2022","14,060","14,850","14,850","14,020","716,94K","-4,94%"
"15.11.2022","14,790","15,000","15,020","14,420","769,88K","-0,67%"
"14.11.2022","14,890","15,060","15,120","14,720","891,41K","0,34%"
"11.11.2022","14,840","14,760","15,000","14,560","937,70K","2,13%"
"10.11.2022","14,530","13,460","14,560","13,410","1,31M","6,29%"
"09.11.2022","13,670","13,800","13,810","13,550","846,23K","-0,73%"
"08.11.2022","13,770","13,520","13,790","13,350","720,85K","1,40%"
"07.11.2022","13,580","13,580","13,850","13,430","850,07K","-0,73%"
"04.11.2022","13,680","13,240","13,840","13,210","983,09K","4,11%"
"03.11.2022","13,140","13,120","13,320","12,970","808,96K","-1,87%"
"02.11.2022","13,390","13,490","13,550","13,260","791,92K","-0,45%"
"01.11.2022","13,450","13,700","13,950","13,350","941,91K","-2,04%"
"31.10.2022","13,730","13,490","13,730","13,270","961,89K","3,94%"
"28.10.2022","13,210","13,300","13,310","12,870","828,44K","-1,42%"
"27.10.2022","13,400","13,580","13,580","13,170","741,02K","-1,18%"
"26.10.2022","13,560","13,290","13,560","13,090","1,48M","1,95%"
"25.10.2022","13,300","12,690","13,300","12,600","1,13M","5,06%"
"24.10.2022","12,660","12,490","12,790","12,360","1,11M","2,93%"
"21.10.2022","12,300","12,600","12,630","11,930","1,60M","-3,30%"
"20.10.2022","12,720","12,490","12,910","12,130","2,49M","0,71%"
"19.10.2022","12,630","13,950","14,170","12,500","4,65M","-14,83%"
"18.10.2022","14,830","14,750","15,190","14,740","819,00K","2,13%"
"17.10.2022","14,520","14,090","14,640","13,830","894,86K","3,57%"
"14.10.2022","14,020","14,860","14,920","14,020","1,00M","-4,10%"
"13.10.2022","14,620","14,040","14,630","13,850","1,18M","3,18%"
"12.10.2022","14,170","14,460","14,460","13,960","599,60K","-1,05%"
"11.10.2022","14,320","14,300","14,700","13,950","739,91K","-2,12%"
"10.10.2022","14,630","14,270","14,820","14,070","619,76K","2,45%"
"07.10.2022","14,280","15,080","15,130","14,280","780,45K","-6,24%"
"06.10.2022","15,230","15,610","15,610","15,100","599,47K","0,20%"
"05.10.2022","15,200","15,970","15,980","15,040","590,79K","-4,70%"
"04.10.2022","15,950","15,650","15,960","15,530","755,41K","3,71%"
"03.10.2022","15,380","15,400","15,470","14,550","1,26M","-0,90%"
"30.09.2022","15,520","15,060","15,560","14,910","879,70K","4,30%"
"29.09.2022","14,880","15,220","15,240","14,320","1,60M","-3,31%"
"28.09.2022","15,390","15,400","15,540","14,880","1,20M","-0,45%"
"27.09.2022","15,460","15,400","15,610","15,220","1,10M","1,58%"
"26.09.2022","15,220","14,510","15,450","14,450","1,25M","3,12%"
"23.09.2022","14,760","14,540","14,890","14,170","1,41M","2,64%"
"22.09.2022","14,380","15,010","15,100","14,340","1,92M","-5,70%"
"21.09.2022","15,250","14,900","15,270","14,900","992,33K","1,19%"
"20.09.2022","15,070","15,520","15,520","14,930","1,82M","-2,02%"
"19.09.2022","15,380","14,960","15,540","14,960","660,26K","1,52%"
"16.09.2022","15,150","14,840","15,290","14,690","1,87M","1,34%"
"15.09.2022","14,950","14,900","15,230","14,840","733,73K","0,20%"
"14.09.2022","14,920","15,300","15,560","14,690","1,15M","-3,80%"
"13.09.2022","15,510","16,300","16,390","15,510","800,70K","-4,20%"
"12.09.2022","16,190","16,060","16,310","15,790","541,61K","2,73%"
"09.09.2022","15,760","15,330","15,850","15,330","406,68K","2,80%"
"08.09.2022","15,330","15,540","15,750","14,930","413,37K","-0,13%"
"07.09.2022","15,350","15,100","15,390","14,940","641,08K","-0,39%"
"06.09.2022","15,410","15,230","15,800","15,190","460,79K","0,65%"
"05.09.2022","15,310","15,230","15,440","15,060","552,71K","-2,48%"
"02.09.2022","15,700","15,300","15,760","15,170","1,01M","3,90%"
"01.09.2022","15,110","15,510","15,580","15,020","965,14K","-5,27%"
"31.08.2022","15,950","16,030","16,320","15,940","794,52K","-0,31%"
"30.08.2022","16,000","16,000","16,270","15,790","494,74K","1,91%"
"29.08.2022","15,700","15,640","16,050","15,500","772,93K","-1,69%"
"26.08.2022","15,970","16,650","16,790","15,970","664,20K","-3,15%"
"25.08.2022","16,490","16,740","16,990","16,450","592,30K","-0,96%"
"24.08.2022","16,650","16,810","16,900","16,480","729,52K","-1,19%"
"23.08.2022","16,850","17,150","17,550","16,800","619,85K","-2,77%"
"22.08.2022","17,330","17,500","17,560","17,020","511,15K","-1,37%"
"19.08.2022","17,570","18,020","18,140","17,570","481,95K","-3,51%"
"18.08.2022","18,210","18,060","18,400","18,030","483,23K","0,83%"
"17.08.2022","18,060","18,720","18,720","18,000","535,96K","-2,59%"
"16.08.2022","18,540","18,880","18,880","18,390","546,47K","-1,49%"
"15.08.2022","18,820","18,800","18,840","18,590","248,72K","1,29%"
"12.08.2022","18,580","18,830","18,980","18,520","421,20K","-1,17%"
"11.08.2022","18,800","19,100","19,320","18,660","380,37K","-0,42%"
"10.08.2022","18,880","18,590","19,040","18,210","568,69K","2,16%"
"09.08.2022","18,480","18,900","19,020","18,480","430,21K","-2,22%"
"08.08.2022","18,900","18,630","19,070","18,420","386,05K","1,45%"
"05.08.2022","18,630","18,750","18,980","18,210","522,44K","-0,32%"
"04.08.2022","18,690","18,200","18,890","18,180","450,04K","2,69%"
"03.08.2022","18,200","16,800","18,340","16,800","773,55K","6,56%"
"02.08.2022","17,080","17,740","17,800","16,860","938,46K","-4,79%"
"01.08.2022","17,940","18,160","18,600","17,570","637,94K","-1,27%"
"29.07.2022","18,170","18,000","19,270","17,510","1,31M","5,33%"
"28.07.2022","17,250","19,430","19,430","17,220","996,80K","-9,11%"
"27.07.2022","18,980","18,490","19,210","18,480","487,70K","3,32%"
"26.07.2022","18,370","18,820","18,840","18,340","434,35K","-2,49%"
"25.07.2022","18,840","19,010","19,360","18,800","483,99K","-2,13%"
"22.07.2022","19,250","19,690","19,710","18,930","661,23K","-2,78%"
"21.07.2022","19,800","19,620","20,480","19,620","514,69K","0,10%"
"20.07.2022","19,780","19,970","19,970","19,500","288,74K","-0,15%"
"19.07.2022","19,810","18,830","19,900","18,560","556,82K","3,83%"
"18.07.2022","19,080","19,550","19,580","19,010","505,58K","-1,40%"
"15.07.2022","19,350","18,950","19,420","18,880","526,68K","2,87%"
"14.07.2022","18,810","19,050","19,510","18,790","427,44K","-2,64%"
"13.07.2022","19,320","19,810","20,080","19,060","402,67K","-2,03%"
"12.07.2022","19,720","19,220","19,870","19,000","389,40K","0,56%"
"11.07.2022","19,610","19,050","19,760","18,910","503,80K","-0,46%"
"08.07.2022","19,700","19,140","19,720","19,140","334,32K","1,91%"
"07.07.2022","19,330","18,710","19,430","18,620","439,50K","4,49%"
"06.07.2022","18,500","18,650","18,650","18,060","616,63K","0,87%"
"05.07.2022","18,340","18,400","18,980","17,740","715,14K","-0,16%"
"04.07.2022","18,370","19,480","19,510","18,290","1,03M","-4,92%"
"01.07.2022","19,320","18,680","19,460","18,570","521,74K","-0,10%"
"30.06.2022","19,340","19,880","19,880","18,560","845,02K","-2,81%"
"29.06.2022","19,900","21,120","21,260","19,870","969,10K","-9,38%"
"28.06.2022","21,960","22,200","22,860","21,920","460,23K","-3,77%"
"27.06.2022","22,820","22,580","23,060","22,460","387,66K","1,69%"
"24.06.2022","22,440","21,540","22,580","21,280","419,05K","6,25%"
"23.06.2022","21,120","21,100","21,280","20,580","542,28K","-0,56%"
"22.06.2022","21,240","21,140","21,360","20,580","440,47K","-1,48%"
"21.06.2022","21,560","21,000","21,620","21,000","477,05K","2,76%"
"20.06.2022","20,980","21,440","21,460","20,980","533,45K","-0,66%"
"17.06.2022","21,120","20,800","21,480","20,720","698,23K","1,25%"
"16.06.2022","20,860","21,940","22,080","20,760","591,64K","-3,87%"
"15.06.2022","21,700","21,480","21,780","20,900","587,84K","3,73%"
"14.06.2022","20,920","21,140","21,380","20,520","522,93K","0,38%"
"13.06.2022","20,840","22,000","22,000","20,800","512,27K","-5,87%"
"10.06.2022","22,140","23,220","23,240","21,920","404,47K","-4,65%"
"09.06.2022","23,220","24,180","24,180","23,140","367,55K","-4,13%"
"08.06.2022","24,220","24,820","24,820","24,160","298,02K","-1,54%"
"07.06.2022","24,600","25,220","25,220","24,260","375,16K","-1,99%"
"06.06.2022","25,100","25,000","25,320","24,820","225,54K","1,54%"
"03.06.2022","24,720","25,100","25,160","24,600","186,46K","-0,48%"
"02.06.2022","24,840","24,580","24,860","24,360","312,24K","1,47%"
"01.06.2022","24,480","24,680","24,860","24,340","452,37K","-0,65%"
"31.05.2022","24,640","25,100","25,120","24,640","565,43K","-2,07%"
"30.05.2022","25,160","24,880","25,320","24,820","1,39M","2,53%"
"27.05.2022","24,540","24,080","25,080","24,020","472,58K","2,51%"
"26.05.2022","23,940","23,240","23,940","23,120","285,16K","3,01%"
"25.05.2022","23,240","22,940","23,260","22,460","356,83K","1,93%"
"24.05.2022","22,800","22,800","23,260","22,720","267,73K","-0,96%"
"23.05.2022","23,020","22,960","23,260","22,760","246,14K","1,05%"
"20.05.2022","22,780","22,600","23,240","22,540","310,48K","1,24%"
"19.05.2022","22,500","21,860","22,520","21,580","430,27K","1,26%"
"18.05.2022","22,220","22,820","23,280","21,960","568,08K","-2,88%"
"17.05.2022","22,880","22,840","23,480","22,640","280,98K","0,18%"
"16.05.2022","22,840","22,980","23,120","22,420","369,62K","0,18%"
"13.05.2022","22,800","22,280","22,980","22,060","470,38K","4,78%"
"12.05.2022","21,760","21,600","21,900","21,020","713,52K","-0,64%"
"11.05.2022","21,900","21,840","22,100","21,300","1,22M","0,18%"
"10.05.2022","21,860","22,460","22,760","21,860","481,95K","-1,09%"
"09.05.2022","22,100","23,500","23,700","22,100","478,96K","-6,51%"
"06.05.2022","23,640","24,240","24,260","23,300","559,58K","-2,56%"
"05.05.2022","24,260","24,900","25,720","24,120","562,49K","0,33%"
"04.05.2022","24,180","25,020","25,400","24,180","563,69K","-3,05%"
"03.05.2022","24,940","24,920","25,240","24,520","339,67K","1,05%"
"02.05.2022","24,680","26,060","26,060","24,540","525,12K","-5,51%"
"29.04.2022","26,120","25,260","26,140","25,260","993,59K","4,06%"
"28.04.2022","25,100","24,900","25,640","24,800","313,10K","-0,16%"
"27.04.2022","25,140","25,000","25,300","24,800","269,35K","0,48%"
"26.04.2022","25,020","25,500","25,980","24,940","382,93K","-0,71%"
"25.04.2022","25,200","25,260","25,920","24,960","338,02K","-3,23%"
"22.04.2022","26,040","26,300","26,400","25,920","301,34K","-2,25%"
"21.04.2022","26,640","25,760","26,900","25,600","332,61K","4,39%"
"20.04.2022","25,520","25,020","25,640","24,840","597,77K","2,08%"
"19.04.2022","25,000","25,020","25,140","24,460","339,48K","-0,95%"
"14.04.2022","25,240","25,180","25,540","25,120","240,00K","0,48%"
"13.04.2022","25,120","25,040","25,220","24,580","519,25K","-0,32%"
"12.04.2022","25,200","25,020","25,400","24,900","370,00K","-1,02%"
"11.04.2022","25,460","25,960","26,200","25,320","438,64K","-2,00%"
"08.04.2022","25,980","25,700","26,060","25,600","983,97K","3,01%"
"07.04.2022","25,220","25,220","25,400","24,500","394,12K","-1,10%"
"06.04.2022","25,500","26,400","26,520","25,320","351,47K","-3,04%"
"05.04.2022","26,300","25,500","26,340","25,480","290,17K","2,18%"
"04.04.2022","25,740","25,440","25,780","24,880","278,19K","2,14%"
"01.04.2022","25,200","26,120","26,160","25,100","536,82K","-4,18%"
"31.03.2022","26,300","26,750","27,050","26,300","422,20K","-2,23%"
"30.03.2022","26,900","27,500","27,600","26,650","391,90K","-3,24%"
"29.03.2022","27,800","26,750","28,000","26,750","302,75K","4,91%"
"28.03.2022","26,500","26,700","27,050","26,500","260,96K","0,00%"
"25.03.2022","26,500","27,400","27,400","26,400","445,00K","-1,30%"
"24.03.2022","26,850","27,500","27,500","26,550","337,39K","-2,01%"
"23.03.2022","27,400","27,600","28,250","27,350","945,42K","-1,08%"
"22.03.2022","27,700","27,700","27,800","27,450","362,09K","-0,18%"
"21.03.2022","27,750","28,400","28,600","27,550","367,11K","-2,12%"
"18.03.2022","28,350","27,950","28,350","27,300","656,22K","3,09%"
"17.03.2022","27,500","27,500","27,850","27,000","608,97K","0,00%"
"16.03.2022","27,500","26,400","27,700","25,850","642,13K","8,06%"
"15.03.2022","25,450","26,200","26,200","25,000","358,94K","-1,17%"
"14.03.2022","25,750","25,600","26,150","25,400","591,30K","2,39%"
"11.03.2022","25,150","25,050","25,700","24,550","405,67K","0,80%"
"10.03.2022","24,950","25,350","25,700","24,800","857,74K","0,60%"
"09.03.2022","24,800","23,800","24,900","23,300","606,57K","7,36%"
"08.03.2022","23,100","23,350","24,750","23,100","626,46K","-4,35%"
"07.03.2022","24,150","23,350","24,500","23,300","708,05K","-0,21%"
"04.03.2022","24,200","25,000","25,400","24,200","577,30K","-4,91%"
"03.03.2022","25,450","27,000","27,300","25,450","669,33K","-6,43%"
"02.03.2022","27,200","26,450","27,500","26,150","1,05M","2,84%"
"01.03.2022","26,450","27,100","27,200","26,050","824,75K","-2,76%"
"28.02.2022","27,200","24,250","27,550","24,250","1,02M","9,24%"
"25.02.2022","24,900","24,900","25,000","24,000","479,47K","2,89%"
"24.02.2022","24,200","22,500","24,550","22,450","804,39K","-0,62%"
"23.02.2022","24,350","24,800","25,200","24,350","453,74K","-1,81%"
"22.02.2022","24,800","24,700","25,150","24,550","445,67K","-1,98%"
"21.02.2022","25,300","25,500","25,600","24,950","335,08K","0,20%"
"18.02.2022","25,250","25,500","25,850","25,150","610,62K","-1,37%"
"17.02.2022","25,600","26,100","26,600","25,600","373,62K","-2,48%"
"16.02.2022","26,250","26,250","26,600","26,050","626,69K","-0,38%"
"15.02.2022","26,350","25,550","26,400","25,550","595,20K","2,93%"
"14.02.2022","25,600","26,100","26,450","25,600","692,02K","-4,30%"
"11.02.2022","26,750","27,000","27,400","26,650","402,05K","-0,93%"
"10.02.2022","27,000","27,550","27,800","26,550","1,40M","0,00%"
"09.02.2022","27,000","26,750","27,450","26,750","1,20M","2,47%"
"08.02.2022","26,350","26,450","26,950","26,100","678,11K","-0,57%"
"07.02.2022","26,500","27,200","27,400","26,500","601,53K","-2,75%"
"04.02.2022","27,250","28,050","28,200","27,100","479,18K","-2,33%"
"03.02.2022","27,900","28,600","28,600","27,450","2,35M","-2,62%"
"02.02.2022","28,650","28,450","29,300","28,300","374,90K","0,70%"
"01.02.2022","28,450","28,050","28,450","27,850","434,85K","1,25%"
"31.01.2022","28,100","28,150","28,550","28,050","401,81K","1,08%"
"28.01.2022","27,800","28,350","28,550","27,700","771,30K","-3,47%"
"27.01.2022","28,800","28,200","29,150","27,850","487,37K","-0,17%"
"26.01.2022","28,850","28,950","29,150","28,400","710,81K","-0,17%"
"25.01.2022","28,900","28,600","29,100","28,250","585,02K","1,76%"
"24.01.2022","28,400","29,550","29,650","28,100","907,50K","-5,02%"
"21.01.2022","29,900","30,250","30,250","29,400","491,52K","-2,45%"
"20.01.2022","30,650","30,300","30,950","29,750","377,76K","1,32%"
"19.01.2022","30,250","29,400","30,550","29,250","1,50M","2,02%"
"18.01.2022","29,650","30,250","30,300","29,400","888,33K","-2,95%"
"17.01.2022","30,550","30,450","31,000","30,100","387,85K","0,83%"
"14.01.2022","30,300","31,500","31,550","30,050","1,50M","-3,81%"
"13.01.2022","31,500","32,000","32,300","31,400","444,79K","-3,37%"
"12.01.2022","32,600","32,750","32,850","31,950","856,36K","1,56%"
"11.01.2022","32,100","31,800","32,700","31,550","374,81K","2,07%"
"10.01.2022","31,450","33,450","33,450","31,450","532,35K","-5,56%"
"07.01.2022","33,300","34,300","34,300","33,050","550,78K","-2,35%"
"06.01.2022","34,100","33,900","34,550","33,450","275,72K","-1,45%"
"05.01.2022","34,600","34,350","34,900","34,150","259,91K","-0,29%"
"04.01.2022","34,700","34,950","35,250","34,500","291,20K","0,14%"
"03.01.2022","34,650","35,200","35,200","34,600","187,12K","-1,56%"
"30.12.2021","35,200","35,100","35,300","34,900","249,88K","0,57%"
"29.12.2021","35,000","35,250","35,400","34,500","165,24K","-0,14%"
"28.12.2021","35,050","34,250","35,250","33,900","175,07K","1,74%"
"27.12.2021","34,450","33,850","34,500","33,750","155,03K","0,88%"
"23.12.2021","34,150","33,700","34,200","33,300","902,32K","1,64%"
"22.12.2021","33,600","32,400","33,650","32,400","243,33K","2,91%"
"21.12.2021","32,650","32,900","33,100","32,150","1,06M","0,77%"
"20.12.2021","32,400","31,300","32,450","30,850","406,56K","-0,31%"
"17.12.2021","32,500","32,600","32,750","32,100","612,46K","-1,22%"
"16.12.2021","32,900","32,900","33,450","32,700","448,24K","1,70%"
"15.12.2021","32,350","31,650","32,400","31,250","440,71K","2,05%"
"14.12.2021","31,700","32,400","32,600","31,650","1,40M","-2,46%"
"13.12.2021","32,500","33,350","33,400","32,300","327,86K","-0,76%"
"10.12.2021","32,750","33,600","33,600","32,600","329,80K","-2,82%"
"09.12.2021","33,700","34,250","34,400","33,550","310,51K","-1,03%"
"08.12.2021","34,050","34,450","34,900","33,750","794,31K","-1,45%"
"07.12.2021","34,550","33,200","34,600","33,050","449,39K","6,14%"
"06.12.2021","32,550","32,800","32,800","32,150","310,01K","1,24%"
"03.12.2021","32,150","34,200","34,250","31,950","596,90K","-5,44%"
"02.12.2021","34,000","33,800","34,300","33,650","329,82K","-0,87%"
"01.12.2021","34,300","33,200","34,400","33,200","417,16K","1,63%"
"30.11.2021","33,750","33,350","34,800","33,200","692,09K","0,00%"
"29.11.2021","33,750","33,500","34,400","33,300","385,76K","2,43%"
"26.11.2021","32,950","32,500","33,400","32,000","519,25K","-1,35%"
"25.11.2021","33,400","33,950","34,450","33,350","2,16M","-1,62%"
"24.11.2021","33,950","33,950","34,400","33,400","320,28K","-0,15%"
"23.11.2021","34,000","35,500","35,650","34,000","317,63K","-4,90%"
"22.11.2021","35,750","35,550","36,350","35,450","287,66K","0,70%"
"19.11.2021","35,500","35,000","35,950","34,550","331,56K","0,28%"
"18.11.2021","35,400","35,300","35,750","34,950","347,88K","-0,14%"
"17.11.2021","35,450","34,600","35,950","34,350","465,44K","2,90%"
"16.11.2021","34,450","33,650","34,450","33,650","442,01K","2,53%"
"15.11.2021","33,600","34,000","34,000","33,500","1,27M","-0,15%"
"12.11.2021","33,650","33,450","33,750","33,300","302,89K","0,45%"
"11.11.2021","33,500","33,300","33,900","33,050","1,18M","0,75%"
"10.11.2021","33,250","33,550","33,600","32,850","304,03K","-1,19%"
"09.11.2021","33,650","33,600","34,400","33,550","372,72K","-0,59%"
"08.11.2021","33,850","33,150","34,100","33,000","407,21K","2,27%"
"05.11.2021","33,100","33,450","33,550","32,900","657,55K","-0,60%"
"04.11.2021","33,300","32,000","33,300","32,000","749,14K","5,38%"
"03.11.2021","31,600","31,750","32,150","31,200","1,54M","-1,25%"
"02.11.2021","32,000","32,750","32,750","31,600","472,84K","-3,03%"
"01.11.2021","33,000","33,150","33,900","32,350","505,69K","-0,15%"
"29.10.2021","33,050","34,400","34,600","32,300","808,28K","-4,20%"
"28.10.2021","34,500","36,250","36,250","34,150","568,88K","-5,87%"
"27.10.2021","36,650","37,000","37,500","36,400","354,49K","-0,27%"
"26.10.2021","36,750","37,400","37,400","36,550","602,94K","-0,68%"
"25.10.2021","37,000","37,100","37,150","36,750","339,49K","0,27%"
"22.10.2021","36,900","36,600","37,450","36,400","300,24K","1,10%"
"21.10.2021","36,500","35,550","36,550","35,400","3,05M","2,24%"
"20.10.2021","35,700","34,950","36,100","34,750","1,51M","2,29%"
"19.10.2021","34,900","35,100","35,250","34,700","947,82K","-0,29%"
"18.10.2021","35,000","35,000","35,250","34,650","429,20K","-0,28%"
"15.10.2021","35,100","34,800","35,350","34,800","395,84K","2,18%"
"14.10.2021","34,350","33,850","34,400","33,850","266,98K","1,78%"
"13.10.2021","33,750","33,600","34,000","33,200","326,01K","0,75%"
"12.10.2021","33,500","32,900","34,050","32,500","424,04K","0,15%"
"11.10.2021","33,450","33,100","33,500","32,700","419,99K","0,75%"
"08.10.2021","33,200","33,600","33,900","33,200","875,89K","-2,35%"
"07.10.2021","34,000","33,300","34,050","33,100","408,11K","2,26%"
"06.10.2021","33,250","33,650","33,650","32,750","342,97K","-1,48%"
"05.10.2021","33,750","32,850","33,800","32,550","480,56K","1,81%"
"04.10.2021","33,150","33,900","34,000","32,750","810,05K","-2,07%"
"01.10.2021","33,850","33,900","34,100","33,450","406,57K","-1,74%"
"30.09.2021","34,450","34,350","34,600","34,100","515,70K","1,32%"
"29.09.2021","34,000","33,650","34,350","33,450","1,05M","1,34%"
"28.09.2021","33,550","36,950","36,950","33,250","1,54M","-8,58%"
"27.09.2021","36,700","38,000","38,000","36,550","1,56M","-2,78%"
"24.09.2021","37,750","38,050","38,050","37,500","327,17K","-0,66%"
"23.09.2021","38,000","37,550","38,250","37,450","374,97K","2,15%"
"22.09.2021","37,200","36,300","37,200","36,150","372,00K","3,48%"
"21.09.2021","35,950","35,100","36,800","35,100","2,02M","0,56%"
"20.09.2021","35,750","35,300","35,900","34,800","624,65K","0,70%"
"17.09.2021","35,500","35,900","36,300","35,400","1,87M","-0,28%"
"16.09.2021","35,600","35,100","35,750","35,050","442,86K","1,42%"
"15.09.2021","35,100","35,950","36,000","34,850","10,82M","-5,14%"
"14.09.2021","37,000","37,100","37,400","36,850","267,46K","-1,46%"
"13.09.2021","37,550","37,300","38,100","37,100","291,73K","0,54%"
"10.09.2021","37,350","37,200","37,550","36,900","260,28K","0,40%"
"09.09.2021","37,200","37,550","37,550","36,550","386,83K","-0,40%"
"08.09.2021","37,350","37,400","37,650","37,000","353,49K","-0,40%"
"07.09.2021","37,500","37,450","37,650","37,100","298,27K","0,40%"
"06.09.2021","37,350","36,650","37,550","36,500","194,94K","2,61%"
"03.09.2021","36,400","36,800","37,500","36,200","486,60K","-1,09%"
"02.09.2021","36,800","35,650","37,000","35,500","2,38M","3,23%"
"01.09.2021","35,650","35,100","36,000","34,950","410,82K","3,03%"
"31.08.2021","34,600","35,650","35,950","34,300","462,13K","-3,22%"
"30.08.2021","35,750","35,700","35,950","35,600","131,44K","-0,14%"
"27.08.2021","35,800","35,700","36,050","35,500","206,31K","0,70%"
"26.08.2021","35,550","35,800","35,800","35,000","215,55K","-0,14%"
"25.08.2021","35,600","35,450","35,750","35,350","211,96K","0,99%"
"24.08.2021","35,250","35,650","35,900","35,250","217,52K","-1,26%"
"23.08.2021","35,700","36,200","36,300","35,600","214,09K","-0,83%"
"20.08.2021","36,000","36,150","36,150","35,650","203,65K","-0,83%"
"19.08.2021","36,300","35,900","36,500","35,650","241,73K","-0,41%"
"18.08.2021","36,450","36,450","37,050","36,350","173,94K","-0,14%"
"17.08.2021","36,500","36,750","37,100","36,150","218,57K","-1,35%"
"16.08.2021","37,000","36,100","37,150","36,000","259,22K","2,07%"
"13.08.2021","36,250","35,350","36,500","34,900","376,51K","4,02%"
"12.08.2021","34,850","35,100","35,400","34,500","243,48K","-0,71%"
"11.08.2021","35,100","34,600","35,200","34,600","219,70K","1,45%"
"10.08.2021","34,600","35,200","35,500","34,400","441,17K","-2,81%"
"09.08.2021","35,600","35,800","35,800","34,700","233,27K","-0,56%"
"06.08.2021","35,800","36,150","37,300","35,750","255,50K","-0,97%"
"05.08.2021","36,150","35,900","36,150","35,550","232,14K","0,70%"
"04.08.2021","35,900","35,900","36,050","35,300","240,13K","1,27%"
"03.08.2021","35,450","36,350","36,650","35,250","297,07K","-2,34%"
"02.08.2021","36,300","34,450","36,500","34,250","474,17K","6,30%"
"30.07.2021","34,150","35,800","35,850","32,550","684,98K","-4,87%"
"29.07.2021","35,900","35,900","36,000","35,300","300,55K","0,56%"
"28.07.2021","35,700","35,100","35,850","34,850","270,50K","2,44%"
"27.07.2021","34,850","35,400","35,700","34,850","340,42K","-2,11%"
"26.07.2021","35,600","35,750","35,950","35,450","331,13K","-1,39%"
"23.07.2021","36,100","36,050","36,400","35,800","265,81K","0,28%"
"22.07.2021","36,000","34,850","36,050","34,850","243,56K","3,30%"
"21.07.2021","34,850","34,950","35,550","34,650","317,97K","-0,43%"
"20.07.2021","35,000","34,250","35,250","34,000","249,17K","2,79%"
"19.07.2021","34,050","33,950","34,300","33,400","700,95K","-1,30%"
"16.07.2021","34,500","35,500","35,500","33,750","550,71K","-2,68%"
"15.07.2021","35,450","35,850","35,950","35,300","233,07K","-0,42%"
"14.07.2021","35,600","35,700","35,950","35,250","169,89K","-0,14%"
"13.07.2021","35,650","35,750","36,000","35,350","229,85K","-0,14%"
"12.07.2021","35,700","35,250","35,700","35,000","1,19M","1,56%"
"09.07.2021","35,150","34,600","35,150","34,100","319,15K","1,88%"
"08.07.2021","34,500","35,400","35,400","33,950","485,54K","-2,54%"
"07.07.2021","35,400","35,050","35,400","34,400","275,96K","1,58%"
"06.07.2021","34,850","34,900","35,450","34,750","242,56K","-0,43%"
"05.07.2021","35,000","34,700","35,300","34,350","226,46K","0,29%"
"02.07.2021","34,900","34,450","35,100","34,450","264,14K","1,16%"
"01.07.2021","34,500","33,500","34,700","33,500","307,57K","3,14%"
"30.06.2021","33,450","33,700","34,100","33,250","264,35K","-0,59%"
"29.06.2021","33,650","33,500","33,800","33,000","371,41K","0,45%"
"28.06.2021","33,500","35,100","35,200","33,400","2,87M","-4,01%"
"25.06.2021","34,900","34,000","35,050","33,750","706,27K","1,31%"
"24.06.2021","34,450","34,450","34,550","34,050","749,89K","0,73%"
"23.06.2021","34,200","34,200","34,400","33,800","266,58K","0,15%"
"22.06.2021","34,150","33,950","34,150","33,400","249,87K","0,29%"
"21.06.2021","34,050","33,450","34,050","33,200","325,01K","0,89%"
"18.06.2021","33,750","33,950","34,050","33,400","1,54M","-0,44%"
"17.06.2021","33,900","33,300","34,250","33,300","361,18K","0,89%"
"16.06.2021","33,600","34,000","34,000","33,450","176,42K","-0,74%"
"15.06.2021","33,850","34,250","34,500","33,800","197,83K","-0,88%"
"14.06.2021","34,150","33,700","34,550","33,700","339,56K","1,64%"
"11.06.2021","33,600","33,050","34,200","33,050","286,40K","1,36%"
"10.06.2021","33,150","33,450","33,800","33,150","284,92K","-1,34%"
"09.06.2021","33,600","33,400","33,850","33,200","438,11K","1,05%"
"08.06.2021","33,250","32,900","33,350","32,900","209,90K","0,61%"
"07.06.2021","33,050","33,300","33,500","33,000","213,99K","0,00%"
"04.06.2021","33,050","32,100","33,100","32,100","288,07K","2,32%"
"03.06.2021","32,300","32,500","32,650","31,800","284,23K","-2,12%"
"02.06.2021","33,000","33,100","33,250","32,700","250,02K","-0,30%"
"01.06.2021","33,100","33,400","33,600","32,800","269,84K","0,15%"
"31.05.2021","33,050","33,100","33,500","32,700","232,03K","1,38%"
"28.05.2021","32,600","33,450","33,600","32,450","239,60K","-2,54%"
"27.05.2021","33,450","32,700","33,450","32,700","349,72K","1,67%"
"26.05.2021","32,900","33,000","33,150","32,350","311,68K","0,30%"
"25.05.2021","32,800","32,600","33,550","32,450","397,77K","1,39%"
"24.05.2021","32,350","31,450","32,450","31,450","262,32K","2,21%"
"21.05.2021","31,650","32,250","32,450","31,550","379,10K","-2,01%"
"20.05.2021","32,300","32,000","32,600","31,550","386,01K","1,10%"
"19.05.2021","31,950","31,950","32,150","31,350","317,47K","-0,62%"
"18.05.2021","32,150","32,900","32,900","31,850","461,59K","-1,53%"
"17.05.2021","32,650","31,850","33,000","31,600","473,77K","2,67%"
"14.05.2021","31,800","31,600","32,200","31,450","949,57K","0,63%"
"13.05.2021","31,600","31,650","32,350","31,400","751,83K","-0,94%"
"12.05.2021","31,900","31,000","32,000","30,850","701,22K","4,93%"
"11.05.2021","30,400","31,500","32,800","29,450","13,00M","-7,74%"
"10.05.2021","32,950","32,500","33,000","31,900","745,64K","2,01%"
"07.05.2021","32,300","31,850","32,400","31,350","372,34K","4,19%"
"06.05.2021","31,000","29,500","31,500","29,500","1,04M","5,08%"
"05.05.2021","29,500","29,150","29,600","28,950","496,40K","1,72%"
"04.05.2021","29,000","29,650","29,650","28,900","344,17K","-1,86%"
"03.05.2021","29,550","29,250","29,650","28,950","374,74K","2,25%"
"30.04.2021","28,900","28,600","29,250","28,600","368,23K","0,87%"
"29.04.2021","28,650","29,100","29,550","28,400","364,47K","-1,21%"
"28.04.2021","29,000","28,500","29,150","28,400","326,63K","1,93%"
"27.04.2021","28,450","28,650","28,700","28,250","399,30K","-0,70%"
"26.04.2021","28,650","27,900","28,650","27,400","687,86K","3,62%"
"23.04.2021","27,650","26,850","27,650","26,800","327,64K","2,98%"
"22.04.2021","26,850","26,350","26,850","26,250","410,97K","2,09%"
"21.04.2021","26,300","25,650","26,300","25,600","349,55K","3,34%"
"20.04.2021","25,450","26,050","26,150","25,150","2,39M","-1,93%"
"19.04.2021","25,950","26,800","26,800","25,600","1,81M","-3,53%"
"16.04.2021","26,900","26,550","27,000","26,400","339,43K","1,32%"
"15.04.2021","26,550","26,300","26,750","26,050","311,07K","1,53%"
"14.04.2021","26,150","25,950","26,400","25,700","237,48K","0,77%"
"13.04.2021","25,950","25,300","26,000","25,300","294,10K","2,77%"
"12.04.2021","25,250","25,450","25,550","25,100","163,76K","0,00%"
"09.04.2021","25,250","25,450","25,850","25,100","332,88K","0,60%"
"08.04.2021","25,100","25,350","25,750","25,000","222,56K","-0,79%"
"07.04.2021","25,300","24,950","25,300","24,900","311,71K","1,00%"
"06.04.2021","25,050","25,100","25,100","24,650","246,78K","1,01%"
"01.04.2021","24,800","24,350","24,900","24,350","237,39K","1,85%"
"31.03.2021","24,350","24,700","25,150","24,350","393,70K","-1,22%"
"30.03.2021","24,650","23,900","24,650","23,800","641,26K","4,45%"
"29.03.2021","23,600","23,100","23,900","22,850","356,27K","0,43%"
"26.03.2021","23,500","24,600","24,600","23,500","1,89M","-2,69%"
"25.03.2021","24,150","25,000","25,050","23,850","263,68K","-2,03%"
"24.03.2021","24,650","25,350","25,550","24,300","339,27K","3,79%"
"23.03.2021","23,750","23,900","24,250","23,450","140,19K","-0,42%"
"22.03.2021","23,850","23,300","24,200","23,300","106,14K","2,14%"
"19.03.2021","23,350","23,200","23,800","23,200","512,36K","-0,21%"
"18.03.2021","23,400","23,600","23,900","23,200","280,21K","-2,30%"
"17.03.2021","23,950","24,250","24,250","23,700","176,01K","-0,83%"
"16.03.2021","24,150","23,750","24,250","23,750","168,06K","1,90%"
"15.03.2021","23,700","24,100","24,250","23,700","138,88K","-0,42%"
"12.03.2021","23,800","24,150","24,250","23,700","151,95K","-0,83%"
"11.03.2021","24,000","23,650","24,800","23,650","296,59K","2,56%"
"10.03.2021","23,400","23,600","23,800","23,300","107,16K","-1,06%"
"09.03.2021","23,650","23,350","23,750","23,000","187,18K","1,50%"
"08.03.2021","23,300","23,300","23,350","22,850","377,40K","0,87%"
"05.03.2021","23,100","22,600","23,150","22,400","250,51K","1,54%"
"04.03.2021","22,750","22,750","22,900","22,600","156,58K","0,44%"
"03.03.2021","22,650","23,200","23,400","22,600","242,71K","-1,95%"
"02.03.2021","23,100","22,950","23,150","22,250","436,86K","1,99%"
"01.03.2021","22,650","22,500","23,050","22,200","177,86K","1,57%"
"26.02.2021","22,300","21,150","22,450","20,850","359,21K","1,36%"
"25.02.2021","22,000","20,900","22,000","20,800","195,18K","5,26%"
"24.02.2021","20,900","20,850","21,150","20,500","282,21K","0,48%"
"23.02.2021","20,800","21,600","21,600","20,500","216,40K","-3,48%"
"22.02.2021","21,550","21,850","21,850","21,400","175,07K","-1,15%"
"19.02.2021","21,800","21,650","22,000","21,150","146,73K","2,11%"
"18.02.2021","21,350","21,650","21,950","21,200","231,22K","1,67%"
"17.02.2021","21,000","21,600","21,750","21,000","177,16K","-2,33%"
"16.02.2021","21,500","21,300","21,700","21,250","97,86K","0,47%"
"15.02.2021","21,400","21,300","21,600","21,150","132,36K","1,90%"
"12.02.2021","21,000","20,700","21,250","20,400","240,12K","0,48%"
"11.02.2021","20,900","20,800","21,100","20,500","265,71K","-0,71%"
"10.02.2021","21,050","21,550","21,600","21,050","200,11K","-2,32%"
"09.02.2021","21,550","21,800","22,300","21,450","432,43K","-2,05%"
"08.02.2021","22,000","21,650","22,100","21,350","197,49K","1,15%"
"05.02.2021","21,750","20,750","21,850","20,750","254,57K","5,58%"
"04.02.2021","20,600","20,500","20,750","20,250","208,05K","0,49%"
"03.02.2021","20,500","20,500","20,850","20,200","179,33K","0,49%"
"02.02.2021","20,400","20,300","20,650","20,100","196,85K","0,74%"
"01.02.2021","20,250","19,960","20,250","19,800","198,67K","2,27%"
"29.01.2021","19,800","20,050","20,050","19,520","324,97K","-1,00%"
"28.01.2021","20,000","19,400","20,000","18,760","304,77K","3,63%"
"27.01.2021","19,300","20,200","20,200","19,000","425,62K","-3,02%"
"26.01.2021","19,900","19,960","20,300","19,700","202,53K","-0,75%"
"25.01.2021","20,050","20,150","20,500","19,860","1,88M","2,30%"
"22.01.2021","19,600","19,680","20,000","19,340","393,40K","0,51%"
"21.01.2021","19,500","19,800","20,400","19,340","633,37K","-2,40%"
"20.01.2021","19,980","20,150","20,350","18,760","37,13M","-5,31%"
"19.01.2021","21,100","21,750","21,750","20,900","94,43K","-1,86%"
"18.01.2021","21,500","20,800","21,500","20,700","74,27K","3,86%"
"15.01.2021","20,700","21,400","21,400","20,550","105,01K","-3,50%"
"14.01.2021","21,450","20,850","21,450","20,600","149,76K","3,62%"
"13.01.2021","20,700","20,200","20,750","20,150","74,00K","1,72%"
"12.01.2021","20,350","21,000","21,000","20,350","74,90K","-1,69%"
"11.01.2021","20,700","20,350","21,000","20,250","189,94K","2,22%"
"08.01.2021","20,250","20,050","20,650","20,050","96,49K","1,66%"
"07.01.2021","19,920","20,500","20,750","19,880","127,10K","-2,35%"
"06.01.2021","20,400","20,150","20,500","19,940","180,31K","1,49%"
"05.01.2021","20,100","20,200","20,250","19,840","105,17K","-0,50%"
"04.01.2021","20,200","21,000","21,000","19,820","163,52K","-3,58%"
"31.12.2020","20,950","20,300","20,950","20,250","167,83K","2,70%"
"30.12.2020","20,400","20,100","20,600","20,100","159,38K","0,49%"
"29.12.2020","20,300","20,350","20,450","20,000","90,41K","1,00%"
"28.12.2020","20,100","19,860","20,200","19,620","92,84K","2,34%"
"24.12.2020","19,640","20,150","20,200","19,540","50,50K","-0,30%"
"23.12.2020","19,700","19,840","20,150","19,400","121,74K","0,41%"
"22.12.2020","19,620","19,260","19,620","19,220","107,50K","1,87%"
"21.12.2020","19,260","19,220","19,260","18,700","247,58K","0,21%"
"18.12.2020","19,220","19,020","19,460","18,920","900,43K","2,23%"
"17.12.2020","18,800","18,740","19,100","18,580","205,79K","0,64%"
"16.12.2020","18,680","18,940","19,000","18,240","154,67K","-0,43%"
"15.12.2020","18,760","18,900","18,900","18,380","116,40K","0,43%"
"14.12.2020","18,680","18,400","18,740","18,240","128,91K","2,86%"
"11.12.2020","18,160","18,420","18,420","18,020","131,20K","-0,66%"
"10.12.2020","18,280","18,200","18,400","17,940","123,01K","1,44%"
"09.12.2020","18,020","18,260","18,280","17,920","629,84K","-1,31%"
"08.12.2020","18,260","18,060","18,260","18,040","91,28K","0,44%"
"07.12.2020","18,180","18,300","18,600","17,920","129,55K","-1,09%"
"04.12.2020","18,380","18,000","18,420","18,000","240,63K","1,10%"
"03.12.2020","18,180","18,220","18,440","17,840","174,50K","-2,26%"
"02.12.2020","18,600","18,600","18,880","18,500","156,34K","-0,53%"
"01.12.2020","18,700","18,300","18,780","18,300","148,42K","1,08%"
"30.11.2020","18,500","18,220","18,660","17,860","207,50K","3,47%"
"27.11.2020","17,880","17,800","18,260","17,780","180,34K","0,79%"
"26.11.2020","17,740","17,660","17,980","17,520","205,75K","0,23%"
"25.11.2020","17,700","18,480","18,480","17,500","321,08K","-2,64%"
"24.11.2020","18,180","18,460","18,480","17,960","247,38K","-2,78%"
"23.11.2020","18,700","18,500","19,280","18,500","281,16K","0,65%"
"20.11.2020","18,580","17,600","18,880","17,520","663,69K","5,21%"
"19.11.2020","17,660","16,700","18,100","16,700","19,42M","2,56%"
"18.11.2020","17,220","17,600","17,600","17,020","150,41K","-2,16%"
"17.11.2020","17,600","17,400","17,900","17,300","246,78K","1,97%"
"16.11.2020","17,260","17,160","17,280","16,620","265,19K","1,53%"
"13.11.2020","17,000","16,200","17,300","16,060","511,68K","5,85%"
"12.11.2020","16,060","16,100","16,200","15,700","494,59K","2,16%"
"11.11.2020","15,720","16,040","16,260","15,720","195,22K","-1,50%"
"10.11.2020","15,960","16,800","17,080","15,720","322,80K","-5,67%"
"09.11.2020","16,920","17,300","17,520","16,700","249,49K","-0,47%"
"06.11.2020","17,000","16,580","17,000","16,420","232,30K","2,53%"
"05.11.2020","16,580","16,200","16,600","16,200","114,62K","1,84%"
"04.11.2020","16,280","16,100","16,600","15,960","213,09K","0,87%"
"03.11.2020","16,140","15,560","16,300","15,560","204,61K","2,02%"
"02.11.2020","15,820","15,820","15,840","15,360","145,37K","1,93%"
"30.10.2020","15,520","14,560","15,840","14,560","264,33K","4,58%"
"29.10.2020","14,840","15,500","15,660","14,740","266,87K","-1,72%"
"28.10.2020","15,100","15,460","15,460","14,500","279,65K","1,62%"
"27.10.2020","14,860","15,400","15,580","14,860","164,91K","-2,24%"
"26.10.2020","15,200","15,340","15,680","15,160","90,34K","-1,55%"
"23.10.2020","15,440","15,660","15,740","15,260","87,16K","-2,65%"
"22.10.2020","15,860","15,740","15,980","15,540","129,65K","0,63%"
"21.10.2020","15,760","15,660","15,860","15,440","136,57K","2,20%"
"20.10.2020","15,420","15,440","15,800","14,960","471,46K","-2,41%"
"19.10.2020","15,800","16,100","16,100","15,440","94,88K","-0,63%"
"16.10.2020","15,900","16,140","16,140","15,820","117,66K","0,00%"
"15.10.2020","15,900","15,880","16,060","15,740","135,85K","0,00%"
"14.10.2020","15,900","16,200","16,400","15,740","201,47K","-0,25%"
"13.10.2020","15,940","14,960","16,780","14,840","366,53K","6,27%"
"12.10.2020","15,000","14,840","15,140","14,500","136,53K","2,46%"
"09.10.2020","14,640","14,500","14,640","14,360","100,29K","1,95%"
"08.10.2020","14,360","14,360","14,440","14,340","46,57K","0,00%"
"07.10.2020","14,360","14,380","14,460","14,140","98,92K","1,56%"
"06.10.2020","14,140","14,440","14,440","14,060","45,83K","-1,39%"
"05.10.2020","14,340","14,440","14,440","14,120","58,11K","2,43%"
"02.10.2020","14,000","14,400","14,400","13,900","61,11K","-0,71%"
"01.10.2020","14,100","14,560","14,620","14,100","31,84K","-2,62%"
"30.09.2020","14,480","14,560","14,560","14,120","75,40K","2,70%"
"29.09.2020","14,100","14,780","14,780","14,060","37,52K","-2,22%"
"28.09.2020","14,420","14,660","14,820","14,300","73,28K","0,00%"
"25.09.2020","14,420","14,400","14,460","14,020","69,01K","1,69%"
"24.09.2020","14,180","13,900","14,200","13,900","64,58K","0,57%"
"23.09.2020","14,100","13,980","14,280","13,720","64,23K","1,88%"
"22.09.2020","13,840","13,700","14,100","13,620","80,02K","0,29%"
"21.09.2020","13,800","14,980","14,980","13,720","82,97K","-7,13%"
"18.09.2020","14,860","15,000","15,140","14,860","143,40K","-0,80%"
"17.09.2020","14,980","14,840","15,000","14,700","57,35K","1,49%"
"16.09.2020","14,760","14,200","15,080","14,180","153,89K","5,88%"
"15.09.2020","13,940","13,580","14,080","13,580","64,59K","0,72%"
"14.09.2020","13,840","14,120","14,400","13,640","97,88K","-1,98%"
"11.09.2020","14,120","14,140","14,380","13,940","40,80K","-1,26%"
"10.09.2020","14,300","14,220","14,300","13,940","39,33K","0,99%"
"09.09.2020","14,160","14,000","14,260","13,720","87,40K","2,46%"
"08.09.2020","13,820","13,700","13,860","13,620","48,34K","0,58%"
"07.09.2020","13,740","14,140","14,140","13,700","44,79K","-1,01%"
"04.09.2020","13,880","13,500","13,980","13,500","96,83K","2,36%"
"03.09.2020","13,560","14,160","14,160","13,420","67,15K","-2,31%"
"02.09.2020","13,880","14,200","14,200","13,840","91,19K","-0,14%"
"01.09.2020","13,900","13,900","14,200","13,680","43,74K","-1,42%"
"31.08.2020","14,100","14,100","14,340","14,000","48,26K","-0,56%"
"28.08.2020","14,180","13,960","14,200","13,840","61,54K","2,31%"
"27.08.2020","13,860","14,100","14,100","13,840","43,52K","-1,70%"
"26.08.2020","14,100","13,800","14,100","13,800","46,05K","0,14%"
"25.08.2020","14,080","14,360","14,440","14,020","57,14K","-0,28%"
"24.08.2020","14,120","13,780","14,300","13,780","49,12K","1,44%"
"21.08.2020","13,920","14,080","14,140","13,460","128,11K","-2,11%"
"20.08.2020","14,220","14,400","14,460","14,060","70,04K","-1,66%"
"19.08.2020","14,460","14,700","14,820","14,460","48,85K","-1,36%"
"18.08.2020","14,660","14,520","14,660","14,400","73,02K","0,69%"
"17.08.2020","14,560","14,760","14,760","14,520","238,16K","0,00%"
"14.08.2020","14,560","14,400","14,760","14,340","69,68K","0,00%"
"13.08.2020","14,560","14,660","14,660","14,400","66,59K","0,28%"
"12.08.2020","14,520","14,260","14,780","14,200","126,62K","3,13%"
"11.08.2020","14,080","14,040","14,260","13,960","71,74K","0,57%"
"10.08.2020","14,000","14,040","14,040","13,720","50,06K","0,72%"
"07.08.2020","13,900","13,640","14,020","13,600","61,15K","-0,86%"
"06.08.2020","14,020","14,080","14,080","13,840","71,07K","0,14%"
"05.08.2020","14,000","14,020","14,200","13,740","83,12K","0,00%"
"04.08.2020","14,000","14,260","14,600","13,880","91,75K","-2,10%"
"03.08.2020","14,300","14,100","14,760","14,060","213,58K","1,85%"
"31.07.2020","14,040","13,600","14,380","13,600","515,61K","6,85%"
"30.07.2020","13,140","13,400","13,400","13,140","68,71K","-0,45%"
"29.07.2020","13,200","13,400","13,400","13,120","52,94K","0,00%"
"28.07.2020","13,200","12,980","13,340","12,980","75,35K","-0,45%"
"27.07.2020","13,260","12,820","13,480","12,820","100,15K","2,63%"
"24.07.2020","12,920","12,480","13,040","12,420","186,93K","4,70%"
"23.07.2020","12,340","12,440","12,800","12,280","66,76K","-2,53%"
"22.07.2020","12,660","12,460","12,780","12,460","27,61K","-1,25%"
"21.07.2020","12,820","12,600","12,940","12,600","66,81K","0,31%"
"20.07.2020","12,780","12,800","12,920","12,460","37,59K","0,00%"
"17.07.2020","12,780","12,800","12,800","12,360","59,58K","1,75%"
"16.07.2020","12,560","12,480","12,620","12,300","41,29K","2,45%"
"15.07.2020","12,260","12,380","12,560","11,900","71,93K","1,49%"
"14.07.2020","12,080","12,000","12,180","12,000","79,23K","-0,82%"
"13.07.2020","12,180","12,140","12,300","12,000","43,68K","0,66%"
"10.07.2020","12,100","12,100","12,280","12,000","54,45K","-0,98%"
"09.07.2020","12,220","12,860","12,860","12,100","56,52K","-2,24%"
"08.07.2020","12,500","12,480","13,040","12,480","62,55K","-0,79%"
"07.07.2020","12,600","12,880","12,880","12,480","58,21K","-2,17%"
"06.07.2020","12,880","13,200","13,400","12,800","111,76K","0,62%"
"03.07.2020","12,800","12,400","12,980","12,400","102,53K","4,07%"
"02.07.2020","12,300","12,000","12,400","12,000","69,72K","0,99%"
"01.07.2020","12,180","11,720","12,220","11,720","62,40K","3,57%"
"30.06.2020","11,760","11,720","11,760","11,300","62,03K","0,34%"
"29.06.2020","11,720","11,180","11,720","11,180","33,78K","2,45%"
"26.06.2020","11,440","11,220","11,540","11,220","45,90K","-0,35%"
"25.06.2020","11,480","11,900","11,900","11,420","72,38K","-1,20%"
"24.06.2020","11,620","11,900","12,200","11,520","19,77K","-1,69%"
"23.06.2020","11,820","11,600","12,060","11,280","28,28K","-0,67%"
"22.06.2020","11,900","12,000","12,400","11,820","79,67K","-1,65%"
"19.06.2020","12,100","12,260","12,260","12,020","61,78K","-0,66%"
"18.06.2020","12,180","11,640","12,180","11,640","35,66K","1,50%"
"17.06.2020","12,000","11,520","12,140","11,520","51,88K","1,35%"
"16.06.2020","11,840","11,300","12,000","11,300","56,63K","3,86%"
"15.06.2020","11,400","11,540","11,540","11,080","44,05K","1,42%"
"12.06.2020","11,240","11,000","11,500","10,960","46,63K","2,18%"
"11.06.2020","11,000","11,620","11,700","10,940","42,57K","-6,30%"
"10.06.2020","11,740","11,800","11,860","11,640","32,41K","-0,51%"
"09.06.2020","11,800","11,700","12,140","11,700","45,08K","-1,67%"
"08.06.2020","12,000","12,360","12,400","11,960","37,40K","-3,23%"
"05.06.2020","12,400","11,780","12,400","11,740","99,74K","5,26%"
"04.06.2020","11,780","11,840","11,840","11,520","31,53K","1,73%"
"03.06.2020","11,580","11,640","11,720","11,280","35,44K","0,70%"
"02.06.2020","11,500","11,100","11,560","11,020","76,25K","3,60%"
"01.06.2020","11,100","11,080","11,440","11,080","26,24K","0,00%"
"29.05.2020","11,100","11,000","11,100","10,520","140,45K","1,83%"
"28.05.2020","10,900","10,580","11,040","10,540","85,14K","7,50%"
"27.05.2020","10,140","10,680","10,680","10,140","145,90K","-2,50%"
"26.05.2020","10,400","10,640","10,640","10,360","61,24K","-1,89%"
"25.05.2020","10,600","10,580","10,640","10,520","71,69K","0,19%"
"22.05.2020","10,580","10,060","10,680","10,060","32,74K","3,73%"
"21.05.2020","10,200","10,100","10,460","10,000","88,76K","0,00%"
"20.05.2020","10,200","10,140","10,240","9,940","27,00K","0,00%"
"19.05.2020","10,200","10,300","10,320","9,990","51,57K","0,00%"
"18.05.2020","10,200","9,860","10,540","9,800","42,17K","4,08%"
"15.05.2020","9,800","10,300","10,300","9,800","29,03K","-1,61%"
"14.05.2020","9,960","10,700","10,700","9,960","58,51K","-6,92%"
"13.05.2020","10,700","10,460","10,700","10,260","25,60K","2,88%"
"12.05.2020","10,400","10,500","10,540","10,400","25,23K","-0,95%"
"11.05.2020","10,500","10,420","10,640","10,420","32,20K","0,19%"
"08.05.2020","10,480","10,380","10,820","10,360","26,52K","0,58%"
"07.05.2020","10,420","10,500","10,500","10,220","41,80K","0,77%"
"06.05.2020","10,340","10,240","10,420","10,240","22,42K","0,78%"
"05.05.2020","10,260","10,120","10,260","10,000","30,48K","3,12%"
"04.05.2020","9,950","9,520","10,100","9,490","53,04K","-2,45%"
"30.04.2020","10,200","10,140","10,500","10,060","49,88K","1,59%"
"29.04.2020","10,040","10,140","10,140","9,940","16,49K","-0,59%"
"28.04.2020","10,100","9,920","10,100","9,870","37,92K","1,61%"
"27.04.2020","9,940","10,180","10,200","9,800","265,77K","0,20%"
"24.04.2020","9,920","9,690","9,990","9,530","113,73K","-2,36%"
"23.04.2020","10,160","9,500","10,160","9,180","287,84K","10,80%"
"22.04.2020","9,170","9,000","9,170","8,800","40,76K","3,15%"
"21.04.2020","8,890","9,170","9,170","8,860","27,14K","-0,89%"
"20.04.2020","8,970","9,500","9,500","8,970","57,16K","-2,61%"
"17.04.2020","9,210","8,400","9,400","8,400","169,40K","5,38%"
"16.04.2020","8,740","8,450","8,740","8,400","51,17K","4,05%"
"15.04.2020","8,400","8,640","8,670","8,400","83,95K","-2,33%"
"14.04.2020","8,600","8,500","8,680","8,500","196,07K","1,18%"
"09.04.2020","8,500","8,450","8,580","8,400","64,97K","0,24%"
"08.04.2020","8,480","8,280","8,700","8,200","78,50K","1,56%"
"07.04.2020","8,350","8,320","8,410","8,250","46,62K","0,60%"
"06.04.2020","8,300","8,390","8,550","8,250","50,45K","-1,07%"
"03.04.2020","8,390","8,150","8,390","8,140","18,30K","-0,24%"
"02.04.2020","8,410","8,000","8,560","8,000","88,03K","3,57%"
"01.04.2020","8,120","8,720","8,720","8,120","205,42K","-4,69%"
"31.03.2020","8,520","9,000","9,000","8,520","72,22K","-1,84%"
"30.03.2020","8,680","8,660","8,860","8,660","11,98K","-3,56%"
"27.03.2020","9,000","9,000","9,250","8,830","30,03K","0,00%"
"26.03.2020","9,000","8,700","9,020","8,500","46,29K","5,63%"
"25.03.2020","8,520","8,930","9,250","8,520","109,85K","-4,48%"
"24.03.2020","8,920","9,500","9,530","8,760","153,38K","-4,90%"
"23.03.2020","9,380","9,050","9,430","9,050","58,56K","-0,53%"
"20.03.2020","9,430","9,900","9,900","9,220","59,30K","1,40%"
"19.03.2020","9,300","9,400","9,680","9,000","71,79K","0,76%"
"18.03.2020","9,230","8,910","9,660","8,500","113,56K","-1,81%"
"17.03.2020","9,400","8,900","9,500","8,900","117,51K","4,79%"
"16.03.2020","8,970","8,700","8,970","8,110","98,75K","-0,55%"
"13.03.2020","9,020","8,290","9,300","8,200","214,59K","12,75%"
"12.03.2020","8,000","9,990","9,990","7,720","315,80K","-19,76%"
"11.03.2020","9,970","10,060","10,060","9,690","141,02K","0,81%"
"10.03.2020","9,890","9,720","10,400","9,590","173,30K","-1,00%"
"09.03.2020","9,990","10,640","10,960","9,940","140,30K","-10,00%"
"06.03.2020","11,100","11,260","11,280","10,940","115,50K","-2,46%"
"05.03.2020","11,380","11,860","11,900","11,300","51,03K","-2,74%"
"04.03.2020","11,700","12,500","12,500","11,700","99,38K","-4,57%"
"03.03.2020","12,260","12,360","12,520","12,120","80,30K","1,16%"
"02.03.2020","12,120","12,480","12,760","12,060","119,37K","-2,88%"
"28.02.2020","12,480","12,200","12,540","11,900","91,30K","0,97%"
"27.02.2020","12,360","12,720","12,760","12,200","98,87K","-3,29%"
"26.02.2020","12,780","12,800","13,020","12,620","86,21K","-1,84%"
"25.02.2020","13,020","13,020","13,160","12,700","153,43K","-1,51%"
"24.02.2020","13,220","13,280","13,280","12,960","227,15K","-0,60%"
"21.02.2020","13,300","13,360","13,360","13,120","135,48K","-0,45%"
"20.02.2020","13,360","13,020","13,400","13,000","109,35K","0,30%"
"19.02.2020","13,320","13,300","13,500","13,160","71,36K","1,68%"
"18.02.2020","13,100","13,140","13,220","12,820","127,54K","-2,96%"
"17.02.2020","13,500","12,740","13,700","12,580","228,84K","6,13%"
"14.02.2020","12,720","12,360","12,740","12,280","417,78K","3,41%"
"13.02.2020","12,300","12,380","12,400","12,200","63,40K","-0,32%"
"12.02.2020","12,340","12,100","12,480","11,720","91,77K","2,49%"
"11.02.2020","12,040","11,600","12,040","11,280","139,59K","5,24%"
"10.02.2020","11,440","11,300","11,500","11,300","12,56K","-0,17%"
"07.02.2020","11,460","11,000","11,460","10,980","62,08K","3,43%"
"06.02.2020","11,080","11,040","11,300","10,980","127,23K","-0,72%"
"05.02.2020","11,160","10,940","11,160","10,900","32,58K","1,27%"
"04.02.2020","11,020","11,160","11,200","10,920","77,09K","-0,18%"
"03.02.2020","11,040","10,920","11,180","10,900","15,51K","-0,54%"
"31.01.2020","11,100","11,200","11,220","10,800","25,62K","-1,07%"
"30.01.2020","11,220","11,600","11,600","11,220","15,05K","-2,43%"
"29.01.2020","11,500","11,320","11,500","11,320","16,16K","0,70%"
"28.01.2020","11,420","11,400","11,500","11,360","10,53K","-0,70%"
"27.01.2020","11,500","11,680","11,680","11,400","17,18K","-2,38%"
"24.01.2020","11,780","11,840","11,840","11,600","21,89K","1,55%"
"23.01.2020","11,600","11,900","11,900","11,600","21,34K","-2,85%"
"22.01.2020","11,940","11,860","12,160","11,860","20,90K","-1,97%"
"21.01.2020","12,180","12,000","12,180","11,720","51,52K","1,16%"
"20.01.2020","12,040","12,180","12,180","12,000","13,20K","-1,15%"
"17.01.2020","12,180","12,100","12,180","11,980","27,56K","1,00%"
"16.01.2020","12,060","11,900","12,100","11,900","27,79K","-0,99%"
"15.01.2020","12,180","12,000","12,180","11,840","11,64K","1,67%"
"14.01.2020","11,980","12,100","12,100","11,800","41,48K","-0,83%"
"13.01.2020","12,080","11,960","12,080","11,900","23,16K","0,00%"
"10.01.2020","12,080","12,200","12,200","11,700","18,99K","0,83%"
"09.01.2020","11,980","12,300","12,360","11,880","48,14K","-2,60%"
"08.01.2020","12,300","12,200","12,440","12,200","23,03K","0,33%"
"07.01.2020","12,260","12,240","12,260","12,180","20,33K","0,49%"
"06.01.2020","12,200","12,500","12,500","12,200","10,09K","-2,09%"
"03.01.2020","12,460","12,360","12,460","12,300","40,96K","0,48%"
"02.01.2020","12,400","12,260","12,460","12,240","26,66K","1,64%"
"31.12.2019","12,200","12,200","12,200","12,060","25,40K","0,83%"
"30.12.2019","12,100","11,940","12,120","11,740","90,51K","1,34%"
"27.12.2019","11,940","11,660","11,940","11,660","43,56K","-0,33%"
"24.12.2019","11,980","11,640","11,980","11,640","9,50K","1,01%"
"23.12.2019","11,860","11,880","11,980","11,620","613,44K","0,51%"
"20.12.2019","11,800","11,760","11,800","11,600","29,24K","1,03%"
"19.12.2019","11,680","11,780","11,780","11,600","19,11K","-0,17%"
"18.12.2019","11,700","11,780","11,780","11,460","43,12K","-0,68%"
"17.12.2019","11,780","11,700","11,820","11,620","162,30K","-0,34%"
"16.12.2019","11,820","11,800","11,940","11,600","108,74K","0,85%"
"13.12.2019","11,720","11,500","11,720","11,440","109,25K","1,56%"
"12.12.2019","11,540","11,100","11,540","11,100","42,26K","2,30%"
"11.12.2019","11,280","11,060","11,340","11,060","39,96K","0,36%"
"10.12.2019","11,240","11,200","11,300","11,020","47,65K","0,18%"
"09.12.2019","11,220","10,980","11,320","10,980","19,08K","2,00%"
"06.12.2019","11,000","11,000","11,020","10,720","302,19K","0,00%"
"05.12.2019","11,000","11,100","11,100","10,900","11,92K","-0,72%"
"04.12.2019","11,080","11,160","11,160","10,840","75,29K","-0,36%"
"03.12.2019","11,120","11,120","11,220","10,780","75,34K","-1,42%"
"02.12.2019","11,280","11,120","11,300","11,120","8,50K","0,18%"
"29.11.2019","11,260","11,140","11,300","11,060","44,91K","0,18%"
"28.11.2019","11,240","11,280","11,280","11,100","7,71K","-0,18%"
"27.11.2019","11,260","11,300","11,300","11,100","29,27K","0,00%"
"26.11.2019","11,260","11,100","11,260","11,040","27,88K","-0,18%"
"25.11.2019","11,280","11,100","11,340","11,040","30,47K","0,18%"
"22.11.2019","11,260","11,180","11,260","11,020","30,40K","1,44%"
"21.11.2019","11,100","11,300","11,300","11,060","319,72K","-1,60%"
"20.11.2019","11,280","11,060","11,340","11,060","22,53K","0,36%"
"19.11.2019","11,240","11,280","11,280","11,060","16,47K","-0,18%"
"18.11.2019","11,260","11,540","11,540","11,120","692,37K","-2,26%"
"15.11.2019","11,520","11,300","11,540","11,300","142,94K","0,52%"
"14.11.2019","11,460","11,300","11,520","11,300","34,74K","0,70%"
"13.11.2019","11,380","11,300","11,500","11,300","256,67K","-0,70%"
"12.11.2019","11,460","11,320","11,500","11,200","41,47K","-1,04%"
"11.11.2019","11,580","11,300","11,700","11,300","35,25K","-0,86%"
"08.11.2019","11,680","11,480","11,700","11,320","78,62K","3,36%"
"07.11.2019","11,300","11,060","11,380","11,060","21,59K","1,99%"
"06.11.2019","11,080","11,100","11,220","11,080","30,63K","-1,25%"
"05.11.2019","11,220","11,400","11,400","11,020","15,39K","0,18%"
"04.11.2019","11,200","11,400","11,400","11,100","13,11K","-1,75%"
"01.11.2019","11,400","11,100","11,480","11,100","36,02K","1,79%"
"31.10.2019","11,200","10,800","11,200","10,740","85,31K","3,70%"
"30.10.2019","10,800","10,900","10,900","10,500","139,79K","-0,92%"
"29.10.2019","10,900","10,760","10,980","10,500","35,39K","-0,73%"
"28.10.2019","10,980","10,600","10,980","10,600","24,85K","1,86%"
"25.10.2019","10,780","10,780","10,820","10,700","15,46K","0,56%"
"24.10.2019","10,720","10,700","10,980","10,640","77,84K","0,19%"
"23.10.2019","10,700","10,880","10,880","10,620","33,60K","0,19%"
"22.10.2019","10,680","10,900","10,900","10,600","20,36K","-0,93%"
"21.10.2019","10,780","10,800","10,900","10,640","50,48K","-1,10%"
"18.10.2019","10,900","10,440","10,900","10,440","79,44K","4,21%"
"17.10.2019","10,460","10,220","10,500","10,220","59,64K","0,77%"
"16.10.2019","10,380","10,000","10,580","9,920","389,00K","4,43%"
"15.10.2019","9,940","10,100","10,100","9,880","69,47K","-0,60%"
"14.10.2019","10,000","10,300","10,480","9,900","72,93K","-2,91%"
"11.10.2019","10,300","10,300","10,420","10,260","67,32K","-1,72%"
"10.10.2019","10,480","10,580","10,660","10,360","70,11K","-0,76%"
"09.10.2019","10,560","10,400","10,780","10,400","37,86K","0,00%"
"08.10.2019","10,560","10,520","10,640","10,480","47,44K","-0,38%"
"07.10.2019","10,600","10,320","10,760","10,280","53,00K","0,95%"
"04.10.2019","10,500","10,100","10,500","10,100","94,57K","3,14%"
"03.10.2019","10,180","10,500","10,720","10,040","63,60K","-3,05%"
"02.10.2019","10,500","10,920","10,920","10,500","29,12K","-1,87%"
"01.10.2019","10,700","10,920","10,920","10,560","22,48K","-1,65%"
"30.09.2019","10,880","10,720","11,080","10,720","61,25K","-0,18%"
"27.09.2019","10,900","11,040","11,140","10,760","42,36K","-0,91%"
"26.09.2019","11,000","11,380","11,380","10,700","59,45K","-1,26%"
"25.09.2019","11,140","11,400","11,460","11,080","718,32K","-3,80%"
"24.09.2019","11,580","11,520","11,580","11,340","15,93K","1,76%"
"23.09.2019","11,380","11,480","11,580","11,300","42,11K","-2,40%"
"20.09.2019","11,660","11,540","11,660","11,520","42,78K","1,39%"
"19.09.2019","11,500","11,580","11,660","11,500","27,98K","-0,35%"
"18.09.2019","11,540","11,340","11,560","11,320","78,57K","2,12%"
"17.09.2019","11,300","11,420","11,600","11,280","43,06K","-3,09%"
"16.09.2019","11,660","11,380","11,700","11,380","14,50K","0,00%"
"13.09.2019","11,660","11,500","11,660","11,400","38,49K","1,57%"
"12.09.2019","11,480","11,440","11,480","11,320","39,30K","-0,35%"
"11.09.2019","11,520","11,780","11,780","11,460","51,27K","-1,87%"
"10.09.2019","11,740","11,500","11,740","11,340","77,00K","2,62%"
"09.09.2019","11,440","11,400","11,440","11,160","13,81K","2,51%"
"06.09.2019","11,160","11,140","11,460","11,140","19,91K","-0,71%"
"05.09.2019","11,240","11,380","11,500","11,160","89,67K","-2,26%"
"04.09.2019","11,500","11,420","11,660","11,360","57,48K","0,88%"
"03.09.2019","11,400","11,400","11,580","11,200","58,57K","-0,35%"
"02.09.2019","11,440","11,200","11,540","10,980","132,22K","3,44%"
"30.08.2019","11,060","11,000","11,280","11,000","27,79K","0,91%"
"29.08.2019","10,960","10,740","10,980","10,740","21,14K","1,67%"
"28.08.2019","10,780","10,840","10,900","10,620","34,41K","0,19%"
"27.08.2019","10,760","10,520","10,820","10,520","37,86K","0,37%"
"26.08.2019","10,720","10,600","10,800","10,400","16,50K","-0,92%"
"23.08.2019","10,820","10,740","10,900","10,640","85,18K","1,50%"
"22.08.2019","10,660","10,620","10,680","10,460","29,28K","0,38%"
"21.08.2019","10,620","10,400","10,620","10,300","72,55K","2,12%"
"20.08.2019","10,400","10,460","10,520","10,360","24,29K","-1,33%"
"19.08.2019","10,540","10,600","10,600","10,360","74,35K","0,19%"
"16.08.2019","10,520","9,950","10,520","9,950","39,05K","4,57%"
"15.08.2019","10,060","10,000","10,180","9,980","101,22K","-0,79%"
"14.08.2019","10,140","9,850","10,200","9,840","28,81K","0,40%"
"13.08.2019","10,100","10,020","10,160","9,900","111,78K","0,00%"
"12.08.2019","10,100","10,100","10,380","10,100","30,84K","-1,75%"
"09.08.2019","10,280","10,540","10,540","10,160","47,01K","-2,47%"
"08.08.2019","10,540","10,280","10,540","10,280","65,63K","2,93%"
"07.08.2019","10,240","10,460","10,460","10,140","68,28K","-0,97%"
"06.08.2019","10,340","10,940","10,940","10,320","64,21K","-3,72%"
"05.08.2019","10,740","11,180","11,180","10,740","59,49K","-4,11%"
"02.08.2019","11,200","10,980","11,440","10,980","115,82K","-0,53%"
"01.08.2019","11,260","10,940","11,460","10,940","83,61K","0,00%"
"31.07.2019","11,260","11,260","11,500","10,920","122,55K","-1,75%"
"30.07.2019","11,460","11,660","11,720","11,260","95,96K","-2,55%"
"29.07.2019","11,760","12,000","12,000","11,760","41,68K","-1,67%"
"26.07.2019","11,960","12,020","12,060","11,760","76,09K","-0,99%"
"25.07.2019","12,080","11,900","12,160","11,900","178,42K","0,67%"
"24.07.2019","12,000","11,660","12,060","11,600","121,82K","1,18%"
"23.07.2019","11,860","11,980","11,980","11,660","57,45K","-0,84%"
"22.07.2019","11,960","12,100","12,180","11,960","159,41K","-0,33%"
"19.07.2019","12,000","11,780","12,040","11,780","87,89K","0,50%"
"18.07.2019","11,940","11,660","12,020","11,500","148,64K","2,23%"
"17.07.2019","11,680","11,660","11,840","11,600","62,61K","-1,18%"
"16.07.2019","11,820","11,620","11,900","11,620","56,00K","1,03%"
"15.07.2019","11,700","12,040","12,120","11,640","94,86K","-2,50%"
"12.07.2019","12,000","11,520","12,040","11,520","103,33K","2,21%"
"11.07.2019","11,740","11,860","11,880","11,560","156,74K","-0,51%"
"10.07.2019","11,800","11,800","11,840","11,780","511,31K","-0,51%"
"09.07.2019","11,860","11,800","11,920","11,780","197,21K","0,17%"
"08.07.2019","11,840","11,580","11,980","11,580","158,24K","1,89%"
"05.07.2019","11,620","11,060","11,700","11,060","234,42K","4,87%"
"04.07.2019","11,080","11,500","11,680","11,080","157,57K","-4,65%"
"03.07.2019","11,620","11,440","11,760","11,440","285,56K","0,87%"
"02.07.2019","11,520","11,640","11,640","11,440","238,29K","-0,52%"
"01.07.2019","11,580","11,660","11,700","11,400","640,15K","-0,34%"
"28.06.2019","11,620","11,300","11,620","11,260","243,67K","2,65%"
"27.06.2019","11,320","11,400","11,460","11,240","167,87K","-0,18%"
"26.06.2019","11,340","11,820","11,860","11,100","12,14M","-10,57%"
"25.06.2019","12,680","12,420","12,740","12,420","127,04K","1,28%"
"24.06.2019","12,520","12,420","12,600","12,420","89,63K","0,32%"
"21.06.2019","12,480","12,360","12,680","12,260","257,45K","2,46%"
"20.06.2019","12,180","11,820","12,220","11,660","80,28K","3,22%"
"19.06.2019","11,800","11,420","11,820","11,420","48,04K","1,72%"
"18.06.2019","11,600","11,420","11,660","11,180","46,91K","2,29%"
"17.06.2019","11,340","11,440","11,440","11,200","21,14K","0,18%"
"14.06.2019","11,320","11,260","11,420","11,080","91,99K","1,98%"
"13.06.2019","11,100","11,420","11,620","11,060","41,81K","-4,31%"
"12.06.2019","11,600","11,500","11,760","11,320","61,01K","0,00%"
"11.06.2019","11,600","11,620","11,800","11,560","47,98K","-1,69%"
"10.06.2019","11,800","11,880","12,040","11,680","28,67K","0,51%"
"07.06.2019","11,740","11,700","11,880","11,660","259,68K","-0,17%"
"06.06.2019","11,760","11,640","11,920","11,480","108,18K","2,62%"
"05.06.2019","11,460","11,200","11,460","11,140","54,70K","0,88%"
"04.06.2019","11,360","11,260","11,460","11,060","63,56K","2,16%"
"03.06.2019","11,120","10,900","11,280","10,900","50,16K","0,54%"
"31.05.2019","11,060","11,480","11,480","10,920","53,65K","-2,64%"
"30.05.2019","11,360","11,400","11,460","11,300","71,57K","0,71%"
"29.05.2019","11,280","11,160","11,480","10,900","372,20K","0,89%"
"28.05.2019","11,180","10,600","11,320","10,500","733,29K","6,07%"
"27.05.2019","10,540","10,360","10,600","10,300","93,55K","3,13%"
"24.05.2019","10,220","10,200","10,360","10,120","58,20K","-1,16%"
"23.05.2019","10,340","10,340","10,400","10,220","40,26K","-0,58%"
"22.05.2019","10,400","10,480","10,500","10,240","29,81K","0,39%"
"21.05.2019","10,360","10,300","10,360","10,140","35,47K","2,37%"
"20.05.2019","10,120","10,220","10,260","10,060","38,87K","-0,98%"
"17.05.2019","10,220","10,260","10,260","10,000","64,36K","2,82%"
"16.05.2019","9,940","9,930","10,040","9,900","35,36K","-0,30%"
"15.05.2019","9,970","10,300","10,300","9,900","52,52K","-2,06%"
"14.05.2019","10,180","10,220","10,360","10,080","49,28K","0,59%"
"13.05.2019","10,120","10,580","10,580","10,040","53,25K","-1,17%"
"10.05.2019","10,240","10,160","10,460","10,140","100,52K","-2,85%"
"09.05.2019","10,540","10,600","10,600","10,300","54,09K","-0,57%"
"08.05.2019","10,600","10,020","10,600","10,020","162,26K","6,00%"
"07.05.2019","10,000","9,890","10,100","9,800","63,12K","1,11%"
"06.05.2019","9,890","10,120","10,120","9,760","397,34K","0,10%"
"03.05.2019","9,880","9,720","10,120","9,720","40,70K","1,44%"
"02.05.2019","9,740","9,970","9,970","9,700","83,71K","-0,10%"
"30.04.2019","9,750","9,640","9,820","9,590","196,75K","0,62%"
"29.04.2019","9,690","9,630","9,850","9,630","62,40K","-0,21%"
"26.04.2019","9,710","9,710","9,860","9,620","41,71K","-0,51%"
"25.04.2019","9,760","9,850","10,000","9,750","94,05K","-0,91%"
"24.04.2019","9,850","10,000","10,080","9,770","69,43K","-0,61%"
"23.04.2019","9,910","10,000","10,200","9,900","433,55K","-1,69%"
"18.04.2019","10,080","10,060","10,140","10,000","27,96K","0,60%"
"17.04.2019","10,020","10,000","10,200","10,000","145,77K","-1,38%"
"16.04.2019","10,160","9,960","10,260","9,960","71,64K","0,99%"
"15.04.2019","10,060","9,900","10,140","9,840","16,96K","0,40%"
"12.04.2019","10,020","10,040","10,260","10,020","57,53K","-1,18%"
"11.04.2019","10,140","10,040","10,180","9,950","158,38K","1,00%"
"10.04.2019","10,040","10,260","10,280","10,040","55,59K","-3,28%"
"09.04.2019","10,380","10,360","10,520","10,260","297,38K","-0,38%"
"08.04.2019","10,420","10,600","10,600","10,320","15,20K","0,00%"
"05.04.2019","10,420","10,400","10,520","10,300","27,95K","1,96%"
"04.04.2019","10,220","10,300","10,360","10,200","61,74K","-1,35%"
"03.04.2019","10,360","10,500","10,600","10,340","94,46K","-1,15%"
"02.04.2019","10,480","10,120","10,500","10,120","75,35K","1,55%"
"01.04.2019","10,320","10,300","10,500","10,160","254,86K","0,78%"
"29.03.2019","10,240","9,950","10,320","9,950","25,41K","1,79%"
"28.03.2019","10,060","10,060","10,140","9,920","58,14K","-0,98%"
"27.03.2019","10,160","10,200","10,320","9,930","89,62K","1,40%"
"26.03.2019","10,020","9,970","10,040","9,810","22,80K","1,01%"
"25.03.2019","9,920","10,100","10,120","9,720","63,29K","-0,10%"
"22.03.2019","9,930","9,960","10,340","9,920","63,50K","-2,46%"
"21.03.2019","10,180","10,100","10,400","10,100","63,05K","-0,97%"
"20.03.2019","10,280","10,300","10,360","10,060","104,49K","0,00%"
"19.03.2019","10,280","9,940","10,500","9,890","197,33K","4,37%"
"18.03.2019","9,850","9,780","9,940","9,710","36,57K","0,92%"
"15.03.2019","9,760","9,320","9,890","9,320","72,85K","2,85%"
"14.03.2019","9,490","9,510","9,510","9,300","17,56K","-0,11%"
"13.03.2019","9,500","9,210","9,500","9,210","38,68K","1,93%"
"12.03.2019","9,320","9,250","9,420","9,250","324,95K","-0,85%"
"11.03.2019","9,400","9,750","9,750","9,380","32,36K","-1,78%"
"08.03.2019","9,570","9,810","9,850","9,550","38,10K","-3,53%"
"07.03.2019","9,920","9,900","9,930","9,620","60,02K","-0,30%"
"06.03.2019","9,950","10,000","10,080","9,870","83,04K","-0,50%"
"05.03.2019","10,000","10,160","10,160","9,850","37,80K","0,00%"
"04.03.2019","10,000","10,100","10,100","9,950","28,10K","0,00%"
"01.03.2019","10,000","9,900","10,160","9,740","92,88K","1,52%"
"28.02.2019","9,850","9,710","9,900","9,650","84,63K","1,23%"
"27.02.2019","9,730","9,650","9,750","9,650","22,98K","-0,10%"
"26.02.2019","9,740","9,800","9,800","9,620","140,39K","0,21%"
"25.02.2019","9,720","9,750","9,790","9,660","45,37K","-1,22%"
"22.02.2019","9,840","9,700","9,920","9,660","43,43K","0,61%"
"21.02.2019","9,780","9,980","9,980","9,700","15,45K","-0,20%"
"20.02.2019","9,800","9,650","10,100","9,650","68,87K","0,31%"
"19.02.2019","9,770","9,640","9,850","9,600","48,05K","0,31%"
"18.02.2019","9,740","9,990","9,990","9,610","13,23K","-0,61%"
"15.02.2019","9,800","10,000","10,000","9,720","36,21K","0,00%"
"14.02.2019","9,800","9,630","10,100","9,470","49,50K","2,30%"
"13.02.2019","9,580","9,800","9,880","9,560","36,72K","-3,23%"
"12.02.2019","9,900","9,850","10,060","9,710","49,20K","0,92%"
"11.02.2019","9,810","9,640","9,840","9,640","34,57K","1,55%"
"08.02.2019","9,660","9,870","9,870","9,640","26,18K","-2,23%"
"07.02.2019","9,880","10,100","10,100","9,800","48,40K","-1,79%"
"06.02.2019","10,060","9,940","10,140","9,940","46,56K","-0,98%"
"05.02.2019","10,160","9,800","10,160","9,800","38,26K","2,42%"
"04.02.2019","9,920","10,000","10,160","9,780","45,88K","-2,36%"
"01.02.2019","10,160","9,970","10,160","9,940","47,65K","2,63%"
"31.01.2019","9,900","9,790","10,040","9,750","152,07K","0,30%"
"30.01.2019","9,870","9,850","9,940","9,730","62,88K","0,71%"
"29.01.2019","9,800","9,730","9,820","9,660","48,28K","0,72%"
"28.01.2019","9,730","9,790","9,790","9,610","49,94K","0,21%"
"25.01.2019","9,710","9,630","9,810","9,630","72,25K","0,10%"
"24.01.2019","9,700","9,800","9,860","9,660","56,63K","-0,82%"
"23.01.2019","9,780","9,820","9,830","9,600","63,54K","0,41%"
"22.01.2019","9,740","9,850","9,930","9,590","58,02K","0,00%"
"21.01.2019","9,740","9,430","9,780","9,430","41,05K","3,18%"
"18.01.2019","9,440","9,150","9,450","9,150","51,55K","2,61%"
"17.01.2019","9,200","9,360","9,410","9,200","56,84K","-2,13%"
"16.01.2019","9,400","9,200","9,500","9,080","141,42K","3,07%"
"15.01.2019","9,120","8,950","9,220","8,950","48,73K","1,33%"
"14.01.2019","9,000","9,390","9,390","8,900","71,44K","-2,49%"
"11.01.2019","9,230","9,340","9,450","9,200","46,77K","-1,60%"
"10.01.2019","9,380","9,480","9,500","9,350","57,93K","-0,53%"
"09.01.2019","9,430","9,330","9,530","9,330","141,25K","-0,21%"
"08.01.2019","9,450","9,490","9,500","9,380","152,15K","-0,21%"
"07.01.2019","9,470","9,470","9,470","9,410","59,01K","0,74%"
"04.01.2019","9,400","9,350","9,620","9,350","60,40K","-0,63%"
"03.01.2019","9,460","9,690","9,690","9,350","58,38K","-1,46%"
"02.01.2019","9,600","9,470","9,740","9,470","111,13K","-1,94%"
"31.12.2018","9,790","9,580","9,790","9,460","114,49K","3,05%"
"28.12.2018","9,500","9,380","9,560","9,380","231,22K","1,60%"
"27.12.2018","9,350","9,510","9,650","9,350","142,83K","-1,68%"
"24.12.2018","9,510","9,640","9,640","9,500","42,37K","-0,73%"
"21.12.2018","9,580","9,550","9,740","9,380","55,00K","0,31%"
"20.12.2018","9,550","10,100","10,100","9,550","76,44K","-5,45%"
"19.12.2018","10,100","10,260","10,400","10,100","114,85K","-1,94%"
"18.12.2018","10,300","10,160","10,480","10,000","137,57K","1,38%"
"17.12.2018","10,160","10,480","10,480","10,120","52,14K","-1,17%"
"14.12.2018","10,280","10,700","10,740","10,120","92,36K","-4,64%"
"13.12.2018","10,780","10,680","10,780","10,640","130,36K","0,94%"
"12.12.2018","10,680","10,600","11,320","10,600","77,88K","0,56%"
"11.12.2018","10,620","10,620","10,980","10,400","57,71K","2,12%"
"10.12.2018","10,400","11,200","11,380","10,360","74,14K","-8,29%"
"07.12.2018","11,340","10,900","11,420","10,900","46,96K","2,90%"
"06.12.2018","11,020","11,120","11,160","10,700","54,89K","-2,99%"
"05.12.2018","11,360","11,200","11,360","11,200","24,76K","-1,05%"
"04.12.2018","11,480","11,200","11,480","11,100","24,56K","3,05%"
"03.12.2018","11,140","10,820","11,380","10,820","101,47K","1,46%"
"30.11.2018","10,980","11,500","11,620","10,800","175,75K","-5,67%"
"29.11.2018","11,640","11,540","11,900","11,540","76,86K","0,34%"
"28.11.2018","11,600","11,360","11,700","11,340","25,24K","1,75%"
"27.11.2018","11,400","11,400","11,460","11,340","35,49K","0,00%"
"26.11.2018","11,400","11,140","11,540","11,140","34,25K","2,33%"
"23.11.2018","11,140","10,920","11,220","10,920","27,97K","0,36%"
"22.11.2018","11,100","11,100","11,200","11,000","53,62K","0,00%"
"21.11.2018","11,100","11,240","11,500","10,980","52,50K","-1,25%"
"20.11.2018","11,240","11,640","11,740","11,200","286,65K","-5,70%"
"19.11.2018","11,920","11,600","11,920","11,500","93,74K","2,76%"
"16.11.2018","11,600","11,980","11,980","11,400","98,75K","-2,36%"
"15.11.2018","11,880","11,560","11,880","11,560","25,25K","3,12%"
"14.11.2018","11,520","11,880","11,880","11,360","38,41K","0,00%"
"13.11.2018","11,520","11,140","11,680","11,140","37,27K","1,05%"
"12.11.2018","11,400","11,360","11,520","11,300","79,73K","3,26%"
"09.11.2018","11,040","10,640","11,240","10,320","97,17K","3,56%"
"08.11.2018","10,660","10,440","10,680","10,440","57,00K","1,52%"
"07.11.2018","10,500","10,800","10,800","10,100","101,13K","-1,50%"
"06.11.2018","10,660","10,540","10,660","10,520","22,11K","1,14%"
"05.11.2018","10,540","10,380","10,540","10,280","19,83K","1,74%"
"02.11.2018","10,360","10,820","10,820","10,200","61,71K","-3,90%"
"01.11.2018","10,780","10,600","10,820","10,600","43,48K","0,94%"
"31.10.2018","10,680","10,500","10,820","10,480","53,65K","4,30%"
"30.10.2018","10,240","10,200","10,380","10,180","43,36K","1,99%"
"29.10.2018","10,040","10,140","10,320","10,000","90,50K","-0,99%"
"26.10.2018","10,140","10,500","10,580","10,120","87,35K","-3,24%"
"25.10.2018","10,480","10,340","10,640","10,340","57,82K","1,16%"
"24.10.2018","10,360","10,480","10,740","10,300","51,46K","-1,52%"
"23.10.2018","10,520","10,920","11,020","10,480","69,28K","-3,84%"
"22.10.2018","10,940","11,060","11,280","10,920","46,89K","-1,62%"
"19.10.2018","11,120","11,540","11,540","11,040","11,58K","-1,59%"
"18.10.2018","11,300","11,400","11,520","11,300","27,58K","-2,08%"
"17.10.2018","11,540","11,500","11,960","11,420","45,80K","-0,86%"
"16.10.2018","11,640","11,440","11,760","11,320","46,70K","1,75%"
"15.10.2018","11,440","11,800","11,840","11,400","49,79K","-2,22%"
"12.10.2018","11,700","11,500","11,800","11,500","88,63K","1,21%"
"11.10.2018","11,560","11,300","11,760","11,020","114,28K","1,23%"
"10.10.2018","11,420","12,220","12,220","11,340","68,84K","-5,31%"
"09.10.2018","12,060","12,500","12,760","11,940","69,21K","-4,29%"
"08.10.2018","12,600","13,180","13,180","12,600","55,50K","-3,23%"
"05.10.2018","13,020","13,020","13,160","12,980","31,92K","-1,06%"
"04.10.2018","13,160","13,000","13,220","13,000","28,96K","0,61%"
"03.10.2018","13,080","12,920","13,160","12,920","45,95K","-0,15%"
"02.10.2018","13,100","13,180","13,200","12,960","24,93K","0,00%"
"01.10.2018","13,100","13,000","13,200","12,880","19,50K","1,71%"
"28.09.2018","12,880","13,100","13,220","12,820","61,66K","-1,98%"
"27.09.2018","13,140","13,060","13,240","13,020","13,02K","0,00%"
"26.09.2018","13,140","13,100","13,200","13,000","32,83K","-0,15%"
"25.09.2018","13,160","13,100","13,300","13,100","31,46K","-0,60%"
"24.09.2018","13,240","13,200","13,260","13,100","17,99K","0,76%"
"21.09.2018","13,140","13,060","13,140","13,020","410,10K","0,46%"
"20.09.2018","13,080","13,020","13,180","13,020","34,71K","-0,30%"
"19.09.2018","13,120","13,020","13,200","13,020","27,99K","0,31%"
"18.09.2018","13,080","12,780","13,140","12,780","37,85K","0,00%"
"17.09.2018","13,080","12,700","13,080","12,700","18,55K","1,87%"
"14.09.2018","12,840","12,720","13,000","12,720","62,12K","-0,47%"
"13.09.2018","12,900","13,000","13,100","12,740","55,59K","-1,68%"
"12.09.2018","13,120","13,020","13,140","13,000","31,21K","0,00%"
"11.09.2018","13,120","13,260","13,260","13,000","34,64K","0,15%"
"10.09.2018","13,100","12,860","13,100","12,820","42,12K","2,34%"
"07.09.2018","12,800","12,720","12,860","12,560","24,24K","-0,16%"
"06.09.2018","12,820","12,800","12,960","12,640","32,62K","-0,31%"
"05.09.2018","12,860","12,900","12,960","12,700","32,92K","0,78%"
"04.09.2018","12,760","12,660","12,840","12,580","31,40K","0,95%"
"03.09.2018","12,640","13,140","13,140","12,640","39,99K","-3,81%"
"31.08.2018","13,140","13,100","13,360","13,040","73,73K","-1,35%"
"30.08.2018","13,320","13,160","13,380","13,000","42,34K","0,91%"
"29.08.2018","13,200","13,180","13,200","12,880","44,71K","0,76%"
"28.08.2018","13,100","12,580","13,100","12,580","65,68K","2,99%"
"27.08.2018","12,720","12,240","12,720","12,240","37,05K","4,43%"
"24.08.2018","12,180","12,300","12,460","12,040","60,24K","-2,56%"
"23.08.2018","12,500","12,440","12,500","12,280","25,47K","0,64%"
"22.08.2018","12,420","12,620","12,700","12,340","39,27K","-1,43%"
"21.08.2018","12,600","12,200","12,680","12,180","36,58K","3,62%"
"20.08.2018","12,160","12,040","12,180","11,920","22,13K","1,33%"
"17.08.2018","12,000","12,000","12,000","11,800","33,32K","0,50%"
"16.08.2018","11,940","12,080","12,080","11,840","42,01K","-0,50%"
"15.08.2018","12,000","12,020","12,040","11,740","36,86K","0,50%"
"14.08.2018","11,940","11,900","12,000","11,860","36,68K","-0,67%"
"13.08.2018","12,020","11,980","12,080","11,880","36,39K","-1,15%"
"10.08.2018","12,160","12,040","12,160","11,880","44,00K","0,83%"
"09.08.2018","12,060","12,120","12,120","11,920","46,07K","-0,33%"
"08.08.2018","12,100","12,160","12,160","11,940","53,35K","0,00%"
"07.08.2018","12,100","12,140","12,200","11,960","77,34K","0,00%"
"06.08.2018","12,100","12,160","12,180","11,960","83,28K","-0,33%"
"03.08.2018","12,140","12,200","12,400","12,020","129,94K","-0,33%"
"02.08.2018","12,180","12,160","12,240","11,980","96,76K","0,50%"
"01.08.2018","12,120","12,040","12,120","11,920","85,86K","0,66%"
"31.07.2018","12,040","12,000","12,120","11,740","172,31K","0,17%"
"30.07.2018","12,020","11,400","12,140","11,380","137,15K","4,52%"
"27.07.2018","11,500","11,520","11,640","11,380","209,00K","-0,69%"
"26.07.2018","11,580","11,780","11,780","11,500","150,54K","-0,17%"
"25.07.2018","11,600","11,580","11,800","11,420","295,24K","0,52%"
"24.07.2018","11,540","11,400","11,540","11,180","94,19K","2,49%"
"23.07.2018","11,260","11,000","11,260","11,000","144,43K","2,18%"
"20.07.2018","11,020","11,040","11,200","10,640","367,77K","-3,67%"
"19.07.2018","11,440","12,320","12,360","11,380","251,79K","-7,29%"
"18.07.2018","12,340","12,800","13,040","12,340","231,24K","-3,89%"
"17.07.2018","12,840","13,000","13,000","12,780","57,82K","-1,38%"
"16.07.2018","13,020","12,880","13,060","12,700","28,72K","1,56%"
"13.07.2018","12,820","12,960","13,180","12,660","55,47K","-1,38%"
"12.07.2018","13,000","12,880","13,100","12,880","29,18K","1,56%"
"11.07.2018","12,800","12,900","12,960","12,720","70,73K","-1,54%"
"10.07.2018","13,000","13,000","13,000","12,660","90,86K","0,78%"
"09.07.2018","12,900","12,800","12,980","12,780","48,90K","2,06%"
"06.07.2018","12,640","12,640","12,660","12,560","58,04K","0,00%"
"05.07.2018","12,640","13,000","13,000","12,480","150,39K","-2,32%"
"04.07.2018","12,940","13,240","13,340","12,900","79,57K","-3,43%"
"03.07.2018","13,400","13,700","13,960","13,280","178,28K","-2,05%"
"02.07.2018","13,680","13,660","13,880","13,500","45,32K","-0,29%"
"29.06.2018","13,720","13,300","13,720","13,300","68,50K","3,47%"
"28.06.2018","13,260","13,400","13,400","13,100","81,84K","1,07%"
"27.06.2018","13,120","13,240","13,300","12,940","48,82K","0,92%"
"26.06.2018","13,000","13,100","13,120","12,760","125,33K","-0,46%"
"25.06.2018","13,060","13,720","13,740","13,040","109,25K","-5,50%"
"22.06.2018","13,820","13,940","14,200","13,620","206,91K","0,14%"
"21.06.2018","13,800","13,720","14,400","13,580","241,66K","1,02%"
"20.06.2018","13,660","13,360","13,660","13,120","117,99K","2,71%"
"19.06.2018","13,300","13,300","13,380","13,100","74,30K","-0,45%"
"18.06.2018","13,360","13,440","13,440","12,940","115,14K","-0,60%"
"15.06.2018","13,440","13,600","13,720","13,440","111,16K","-1,90%"
"14.06.2018","13,700","13,500","13,760","13,360","284,14K","1,03%"
"13.06.2018","13,560","13,360","13,560","13,240","99,61K","1,35%"
"12.06.2018","13,380","12,860","13,460","12,860","148,88K","3,56%"
"11.06.2018","12,920","12,480","12,940","12,480","94,53K","3,53%"
"08.06.2018","12,480","12,400","12,640","12,200","118,45K","0,65%"
"07.06.2018","12,400","12,600","12,600","12,220","82,42K","-1,27%"
"06.06.2018","12,560","12,180","12,580","12,140","109,62K","3,12%"
"05.06.2018","12,180","12,480","12,560","12,180","134,76K","-2,25%"
"04.06.2018","12,460","12,400","12,520","12,320","92,13K","2,13%"
"01.06.2018","12,200","12,300","12,940","12,080","215,21K","-2,71%"
"31.05.2018","12,540","12,220","13,040","12,140","832,32K","1,79%"
"30.05.2018","12,320","12,320","12,440","12,100","136,96K","-1,12%"
"29.05.2018","12,460","12,380","12,500","11,860","238,92K","0,32%"
"28.05.2018","12,420","12,680","12,820","12,300","106,28K","-2,66%"
"25.05.2018","12,760","13,120","13,240","12,700","111,52K","-3,19%"
"24.05.2018","13,180","13,360","13,380","13,000","86,97K","-0,45%"
"23.05.2018","13,240","13,380","13,380","12,900","97,98K","-1,19%"
"22.05.2018","13,400","13,500","13,600","13,400","76,85K","-1,33%"
"21.05.2018","13,580","13,700","13,700","13,360","100,13K","-0,15%"
"18.05.2018","13,600","13,300","13,660","13,300","110,69K","1,04%"
"17.05.2018","13,460","13,280","13,460","13,160","75,49K","1,20%"
"16.05.2018","13,300","13,300","13,400","13,120","150,83K","0,15%"
"15.05.2018","13,280","13,080","13,600","13,040","217,89K","2,63%"
"14.05.2018","12,940","12,880","13,000","12,880","79,23K","0,62%"
"11.05.2018","12,860","12,860","12,940","12,800","197,63K","-0,16%"
"10.05.2018","12,880","12,740","12,900","12,620","117,28K","1,90%"
"09.05.2018","12,640","12,560","12,720","12,520","92,26K","1,44%"
"08.05.2018","12,460","12,320","12,460","12,300","120,36K","0,97%"
"07.05.2018","12,340","12,320","12,420","12,260","125,37K","0,33%"
"04.05.2018","12,300","12,180","12,400","12,180","76,29K","0,16%"
"03.05.2018","12,280","12,400","12,420","12,060","123,89K","-0,65%"
"02.05.2018","12,360","11,900","12,400","11,860","164,57K","3,00%"
"30.04.2018","12,000","12,320","12,460","11,980","102,86K","-3,23%"
"27.04.2018","12,400","12,540","12,640","12,300","83,42K","-0,96%"
"26.04.2018","12,520","12,400","12,520","12,300","93,20K","1,79%"
"25.04.2018","12,300","12,600","12,600","12,100","217,46K","-2,38%"
"24.04.2018","12,600","12,700","12,820","12,460","109,93K","-1,56%"
"23.04.2018","12,800","12,860","13,060","12,700","207,26K","0,95%"
"20.04.2018","12,680","13,360","13,400","12,500","268,70K","-5,65%"
"19.04.2018","13,440","13,860","13,860","13,340","103,71K","-2,33%"
"18.04.2018","13,760","13,840","13,880","13,700","109,36K","-0,43%"
"17.04.2018","13,820","13,620","13,840","13,620","66,10K","0,58%"
"16.04.2018","13,740","13,760","13,760","13,660","73,66K","0,59%"
"13.04.2018","13,660","13,720","13,780","13,540","75,32K","0,44%"
"12.04.2018","13,600","13,780","14,020","13,600","102,19K","-2,16%"
"11.04.2018","13,900","13,600","14,000","13,580","124,30K","0,58%"
"10.04.2018","13,820","13,700","13,900","13,680","106,39K","0,44%"
"09.04.2018","13,760","13,720","13,820","13,540","105,96K","0,15%"
"06.04.2018","13,740","13,660","13,760","13,620","86,34K","0,00%"
"05.04.2018","13,740","13,680","13,820","13,680","112,59K","1,03%"
"04.04.2018","13,600","13,680","13,700","13,440","86,20K","-0,73%"
"03.04.2018","13,700","13,560","13,840","13,560","105,63K","-0,87%"
"29.03.2018","13,820","13,940","13,980","13,720","74,82K","-0,29%"
"28.03.2018","13,860","13,980","13,980","13,680","91,21K","-0,72%"
"27.03.2018","13,960","13,940","13,960","13,700","142,34K","1,90%"
"26.03.2018","13,700","13,460","13,840","13,400","206,44K","2,24%"
"23.03.2018","13,400","13,340","13,460","13,160","120,13K","0,15%"
"22.03.2018","13,380","13,500","13,520","13,380","205,66K","-0,45%"
"21.03.2018","13,440","13,320","13,500","13,300","160,09K","0,90%"
"20.03.2018","13,320","13,140","13,440","13,120","137,08K","1,52%"
"19.03.2018","13,120","13,320","13,320","12,800","218,25K","-0,91%"
"16.03.2018","13,240","12,960","13,240","12,900","1,06M","2,32%"
"15.03.2018","12,940","12,920","13,000","12,700","220,90K","0,78%"
"14.03.2018","12,840","13,000","13,000","12,760","173,01K","-1,38%"
"13.03.2018","13,020","12,820","13,100","12,740","173,73K","2,20%"
"12.03.2018","12,740","12,260","12,800","12,240","187,32K","4,26%"
"09.03.2018","12,220","12,100","12,460","12,100","121,01K","1,16%"
"08.03.2018","12,080","12,140","12,180","12,000","104,38K","0,00%"
"07.03.2018","12,080","11,760","12,240","11,760","94,37K","1,85%"
"06.03.2018","11,860","11,700","11,940","11,680","107,84K","1,37%"
"05.03.2018","11,700","11,820","11,900","11,520","86,17K","-1,35%"
"02.03.2018","11,860","11,900","11,960","11,600","143,43K","-1,17%"
"01.03.2018","12,000","11,860","12,100","11,800","134,37K","0,84%"
"28.02.2018","11,900","11,820","11,900","11,680","32,69K","1,36%"
"27.02.2018","11,740","11,780","11,960","11,660","137,90K","-0,84%"
"26.02.2018","11,840","11,860","11,860","11,680","85,21K","1,02%"
"23.02.2018","11,720","11,840","11,840","11,660","49,17K","-0,85%"
"22.02.2018","11,820","11,640","11,880","11,640","80,25K","0,51%"
"21.02.2018","11,760","11,900","11,900","11,600","83,71K","-1,01%"
"20.02.2018","11,880","11,500","11,900","11,460","71,28K","3,12%"
"19.02.2018","11,520","11,640","11,640","11,460","41,87K","-0,17%"
"16.02.2018","11,540","11,340","11,680","11,240","96,82K","1,94%"
"15.02.2018","11,320","11,280","11,400","11,120","91,97K","1,98%"
"14.02.2018","11,100","11,200","11,240","11,000","89,88K","0,00%"
"13.02.2018","11,100","11,100","11,340","11,020","78,86K","1,28%"
"12.02.2018","10,960","10,740","11,040","10,740","44,22K","2,62%"
"09.02.2018","10,680","11,100","11,100","10,600","233,91K","-1,11%"
"08.02.2018","10,800","11,020","11,020","10,560","90,93K","-0,92%"
"07.02.2018","10,900","10,860","10,980","10,680","91,06K","2,44%"
"06.02.2018","10,640","10,140","10,860","10,140","123,26K","0,19%"
"05.02.2018","10,620","10,540","10,700","10,040","119,68K","-0,38%"
"02.02.2018","10,660","10,880","10,920","10,540","129,56K","-2,02%"
"01.02.2018","10,880","10,840","11,020","10,840","73,30K","0,37%"
"31.01.2018","10,840","10,860","10,920","10,800","31,98K","-0,18%"
"30.01.2018","10,860","10,740","10,940","10,720","123,93K","0,56%"
"29.01.2018","10,800","11,160","11,160","10,780","93,40K","-3,57%"
"26.01.2018","11,200","10,760","11,200","10,760","102,73K","4,09%"
"25.01.2018","10,760","10,900","10,900","10,700","57,07K","-1,47%"
"24.01.2018","10,920","11,020","11,100","10,800","116,83K","-1,44%"
"23.01.2018","11,080","10,820","11,160","10,800","143,23K","2,21%"
"22.01.2018","10,840","11,000","11,100","10,840","71,11K","-0,55%"
"19.01.2018","10,900","10,700","11,060","10,700","118,53K","0,37%"
"18.01.2018","10,860","11,100","11,100","10,500","441,79K","-1,81%"
"17.01.2018","11,060","11,420","11,480","11,020","220,59K","-2,98%"
"16.01.2018","11,400","11,440","11,560","11,240","134,07K","-0,35%"
"15.01.2018","11,440","11,300","11,660","11,280","95,46K","-0,17%"
"12.01.2018","11,460","11,900","11,900","11,340","136,33K","-2,88%"
"11.01.2018","11,800","12,140","12,140","11,680","133,51K","-2,64%"
"10.01.2018","12,120","12,100","12,220","12,000","78,49K","0,17%"
"09.01.2018","12,100","12,260","12,260","12,000","132,12K","-0,66%"
"08.01.2018","12,180","12,260","12,380","12,100","99,97K","0,66%"
"05.01.2018","12,100","11,980","12,280","11,900","131,71K","1,68%"
"04.01.2018","11,900","11,820","12,180","11,820","100,01K","0,68%"
"03.01.2018","11,820","11,600","11,940","11,100","83,28K","0,98%"
"02.01.2018","11,705","12,000","12,230","11,610","102,74K","-0,89%"
"29.12.2017","11,810","11,610","11,810","11,375","116,83K","1,68%"
"28.12.2017","11,615","11,485","11,665","11,370","81,29K","0,87%"
"27.12.2017","11,515","11,265","11,540","11,265","59,97K","-0,17%"
"22.12.2017","11,535","11,150","11,660","11,100","80,91K","1,18%"
"21.12.2017","11,400","11,450","11,670","11,355","53,67K","-0,65%"
"20.12.2017","11,475","11,695","11,780","11,350","128,80K","-0,48%"
"19.12.2017","11,530","11,500","11,870","11,445","95,31K","0,26%"
"18.12.2017","11,500","11,455","11,520","11,265","95,91K","-0,04%"
"15.12.2017","11,505","11,260","11,530","11,060","207,38K","1,54%"
"14.12.2017","11,330","11,320","11,385","11,050","146,07K","0,58%"
"13.12.2017","11,265","11,470","11,495","11,200","79,78K","-1,96%"
"12.12.2017","11,490","11,500","11,520","11,360","102,43K","-0,09%"
"11.12.2017","11,500","11,520","11,600","11,400","82,98K","-0,17%"
"08.12.2017","11,520","11,510","11,550","11,450","74,21K","0,13%"
"07.12.2017","11,505","11,475","11,550","11,350","52,71K","0,00%"
"06.12.2017","11,505","11,520","11,530","11,430","78,16K","-0,65%"
"05.12.2017","11,580","11,515","11,590","11,395","81,53K","1,14%"
"04.12.2017","11,450","11,210","11,500","11,210","65,58K","2,23%"
"01.12.2017","11,200","11,470","11,470","11,015","212,30K","-2,35%"
"30.11.2017","11,470","11,490","11,535","11,390","76,07K","0,17%"
"29.11.2017","11,450","11,500","11,555","11,330","105,28K","-0,48%"
"28.11.2017","11,505","11,535","11,585","11,350","163,71K","0,48%"
"27.11.2017","11,450","11,460","11,580","11,360","65,41K","0,00%"
"24.11.2017","11,450","11,560","11,570","11,390","144,46K","-0,56%"
"23.11.2017","11,515","11,415","11,695","11,415","93,85K","0,09%"
"22.11.2017","11,505","11,395","11,640","11,235","183,45K","1,81%"
"21.11.2017","11,300","11,020","11,470","10,995","121,71K","2,54%"
"20.11.2017","11,020","11,030","11,150","11,000","95,62K","-0,72%"
"17.11.2017","11,100","11,345","11,395","11,025","70,44K","-0,94%"
"16.11.2017","11,205","11,000","11,300","11,000","82,25K","1,86%"
"15.11.2017","11,000","10,860","11,060","10,800","145,71K","0,92%"
"14.11.2017","10,900","10,990","11,090","10,845","97,91K","-0,46%"
"13.11.2017","10,950","11,010","11,060","10,900","166,58K","-0,45%"
"10.11.2017","11,000","10,810","11,050","10,750","100,97K","0,92%"
"09.11.2017","10,900","11,215","11,215","10,800","307,54K","-2,42%"
"08.11.2017","11,170","11,030","11,250","11,010","332,10K","2,20%"
"07.11.2017","10,930","10,200","11,075","10,045","751,96K","3,80%"
"06.11.2017","10,530","9,400","10,600","9,260","1,16M","18,71%"
"03.11.2017","8,870","8,630","8,890","8,605","231,52K","1,95%"
"02.11.2017","8,700","8,690","8,765","8,605","97,51K","0,29%"
"01.11.2017","8,675","8,750","8,795","8,600","100,32K","-0,29%"
"31.10.2017","8,700","8,530","8,800","8,530","139,20K","2,35%"
"30.10.2017","8,500","8,315","8,535","8,240","219,37K","3,34%"
"27.10.2017","8,225","8,230","8,365","7,700","224,37K","-0,30%"
"26.10.2017","8,250","8,400","8,410","8,205","218,82K","-1,90%"
"25.10.2017","8,410","8,500","8,600","8,400","121,27K","-1,64%"
"24.10.2017","8,550","8,530","8,690","8,500","94,19K","-1,04%"
"23.10.2017","8,640","8,660","8,700","8,455","148,02K","-0,12%"
"20.10.2017","8,650","8,880","8,890","8,625","71,65K","-2,59%"
"19.10.2017","8,880","8,860","8,880","8,700","152,75K","0,34%"
"18.10.2017","8,850","8,710","8,850","8,620","118,30K","1,14%"
"17.10.2017","8,750","8,560","8,770","8,530","149,74K","1,69%"
"16.10.2017","8,605","8,630","8,800","8,605","82,33K","-2,22%"
"13.10.2017","8,800","8,850","8,850","8,690","46,47K","-0,62%"
"12.10.2017","8,855","8,775","8,900","8,605","116,07K","1,20%"
"11.10.2017","8,750","8,665","8,760","8,505","162,94K","3,43%"
"10.10.2017","8,460","8,685","8,685","8,250","209,17K","-1,17%"
"09.10.2017","8,560","8,200","8,560","8,200","151,84K","4,14%"
"06.10.2017","8,220","8,360","8,540","8,205","105,32K","-3,29%"
"05.10.2017","8,500","8,320","8,700","8,320","159,04K","-0,29%"
"04.10.2017","8,525","8,860","8,945","8,160","235,09K","-4,75%"
"03.10.2017","8,950","8,800","9,100","8,790","187,36K","0,79%"
"02.10.2017","8,880","8,700","8,890","8,550","178,53K","-0,39%"
"29.09.2017","8,915","9,000","9,010","8,730","98,74K","-0,89%"
"28.09.2017","8,995","9,000","9,095","8,945","136,31K","0,33%"
"27.09.2017","8,965","8,490","8,965","8,490","136,18K","3,40%"
"26.09.2017","8,670","8,855","8,900","8,670","108,23K","-2,80%"
"25.09.2017","8,920","8,715","9,070","8,715","251,14K","0,90%"
"22.09.2017","8,840","8,935","8,950","8,760","76,93K","-0,45%"
"21.09.2017","8,880","8,755","8,945","8,670","98,80K","1,25%"
"20.09.2017","8,770","8,780","8,800","8,650","117,51K","-0,11%"
"19.09.2017","8,780","8,670","8,880","8,670","91,79K","0,00%"
"18.09.2017","8,780","8,715","8,900","8,670","208,96K","0,98%"
"15.09.2017","8,695","8,440","8,765","8,440","200,89K","1,58%"
"14.09.2017","8,560","8,560","8,560","8,365","174,03K","0,00%"
"13.09.2017","8,560","8,295","8,600","8,220","224,83K","4,39%"
"12.09.2017","8,200","8,430","8,430","8,155","129,87K","-2,67%"
"11.09.2017","8,425","8,000","8,445","7,960","214,10K","6,31%"
"08.09.2017","7,925","7,710","7,950","7,655","124,03K","2,39%"
"07.09.2017","7,740","7,805","7,875","7,560","96,35K","-1,84%"
"06.09.2017","7,885","7,955","7,995","7,800","65,68K","-1,44%"
"05.09.2017","8,000","8,040","8,050","7,945","55,76K","-0,31%"
"04.09.2017","8,025","8,000","8,075","7,880","40,98K","-1,17%"
"01.09.2017","8,120","8,120","8,120","8,055","28,10K","0,31%"
"31.08.2017","8,095","8,095","8,110","8,025","51,58K","0,87%"
"30.08.2017","8,025","8,060","8,120","7,980","68,81K","-0,43%"
"29.08.2017","8,060","8,005","8,060","7,970","138,03K","-0,25%"
"28.08.2017","8,080","8,050","8,130","8,050","38,13K","-0,25%"
"25.08.2017","8,100","8,165","8,210","8,050","69,13K","-0,61%"
"24.08.2017","8,150","8,300","8,300","8,100","107,52K","-0,85%"
"23.08.2017","8,220","8,200","8,280","8,175","95,48K","0,37%"
"22.08.2017","8,190","8,150","8,200","8,100","96,71K","0,61%"
"21.08.2017","8,140","8,095","8,140","8,065","115,61K","0,62%"
"18.08.2017","8,090","7,800","8,090","7,720","154,84K","3,25%"
"17.08.2017","7,835","8,030","8,045","7,835","42,04K","-1,94%"
"16.08.2017","7,990","8,050","8,050","7,940","71,07K","-0,75%"
"15.08.2017","8,050","7,970","8,150","7,970","78,49K","1,58%"
"14.08.2017","7,925","7,715","7,985","7,715","77,19K","2,92%"
"11.08.2017","7,700","7,750","7,835","7,550","127,59K","-2,16%"
"10.08.2017","7,870","8,065","8,065","7,765","157,67K","-2,11%"
"09.08.2017","8,040","8,000","8,100","7,990","82,49K","0,37%"
"08.08.2017","8,010","8,000","8,035","7,910","170,75K","1,39%"
"07.08.2017","7,900","7,875","7,925","7,810","95,33K","0,51%"
"04.08.2017","7,860","7,720","7,905","7,400","103,65K","2,61%"
"03.08.2017","7,660","7,925","7,925","7,635","147,79K","-1,48%"
"02.08.2017","7,775","7,800","7,945","7,655","120,33K","-0,32%"
"01.08.2017","7,800","7,460","7,880","7,405","334,88K","5,12%"
"31.07.2017","7,420","7,125","7,440","7,095","204,05K","4,36%"
"28.07.2017","7,110","7,220","7,220","7,000","67,30K","-1,25%"
"27.07.2017","7,200","7,200","7,200","7,105","138,82K","0,42%"
"26.07.2017","7,170","7,065","7,175","7,015","118,95K","2,21%"
"25.07.2017","7,015","7,000","7,070","7,000","52,85K","-0,07%"
"24.07.2017","7,020","7,000","7,025","6,975","43,85K","0,29%"
"21.07.2017","7,000","7,000","7,070","6,965","59,09K","-0,71%"
"20.07.2017","7,050","7,110","7,150","7,030","51,80K","-0,91%"
"19.07.2017","7,115","6,830","7,150","6,765","203,01K","4,17%"
"18.07.2017","6,830","6,990","6,990","6,765","161,03K","-0,36%"
"17.07.2017","6,855","6,870","6,990","6,850","45,54K","-0,87%"
"14.07.2017","6,915","6,980","7,000","6,895","70,60K","-0,79%"
"13.07.2017","6,970","6,880","6,970","6,720","282,75K","1,09%"
"12.07.2017","6,895","6,845","6,900","6,800","93,17K","0,73%"
"11.07.2017","6,845","6,750","6,900","6,730","257,68K","1,86%"
"10.07.2017","6,720","6,650","6,745","6,550","135,80K","1,59%"
"07.07.2017","6,615","6,560","6,660","6,475","159,33K","0,99%"
"06.07.2017","6,550","6,495","6,550","6,455","485,84K","0,77%"
"05.07.2017","6,500","6,470","6,500","6,420","361,86K","0,46%"
"04.07.2017","6,470","6,550","6,550","6,455","95,85K","-0,61%"
"03.07.2017","6,510","6,350","6,540","6,260","99,31K","1,72%"
"30.06.2017","6,400","6,440","6,550","6,385","180,10K","-2,59%"
"29.06.2017","6,570","6,470","6,570","6,350","126,56K","1,39%"
"28.06.2017","6,480","6,200","6,500","6,145","425,26K","5,02%"
"27.06.2017","6,170","6,120","6,170","6,105","31,49K","0,73%"
"26.06.2017","6,125","6,170","6,170","6,125","56,41K","-0,57%"
"23.06.2017","6,160","6,120","6,180","6,100","43,86K","0,16%"
"22.06.2017","6,150","6,120","6,170","6,100","24,20K","0,00%"
"21.06.2017","6,150","6,190","6,190","6,120","36,68K","-0,65%"
"20.06.2017","6,190","6,180","6,200","6,135","53,46K","0,49%"
"19.06.2017","6,160","6,180","6,180","6,145","97,26K","0,98%"
"16.06.2017","6,100","6,085","6,170","6,075","187,60K","0,16%"
"15.06.2017","6,090","6,065","6,150","6,065","88,40K","0,00%"
"14.06.2017","6,090","6,170","6,170","6,070","57,47K","-0,98%"
"13.06.2017","6,150","6,150","6,150","6,065","31,31K","0,00%"
"12.06.2017","6,150","6,100","6,150","6,100","37,53K","0,41%"
"09.06.2017","6,125","6,105","6,150","6,075","66,80K","-0,08%"
"08.06.2017","6,130","6,065","6,150","6,065","49,50K","-0,81%"
"07.06.2017","6,180","6,180","6,180","6,050","67,92K","0,00%"
"06.06.2017","6,180","6,200","6,200","6,155","25,25K","-0,64%"
"05.06.2017","6,220","6,195","6,250","6,115","46,34K","0,32%"
"02.06.2017","6,200","6,200","6,250","6,130","106,01K","0,00%"
"01.06.2017","6,200","6,180","6,200","6,130","134,65K","1,06%"
"31.05.2017","6,135","6,110","6,190","6,110","140,91K","1,57%"
"30.05.2017","6,040","5,980","6,050","5,950","91,57K","1,60%"
"29.05.2017","5,945","5,930","5,990","5,865","54,13K","0,76%"
"26.05.2017","5,900","5,890","5,940","5,875","43,22K","0,00%"
"25.05.2017","5,900","5,735","5,900","5,735","25,78K","1,72%"
"24.05.2017","5,800","5,715","5,855","5,715","85,47K","0,00%"
"23.05.2017","5,800","5,655","5,855","5,655","39,29K","1,75%"
"22.05.2017","5,700","5,820","5,820","5,700","69,32K","-1,38%"
"19.05.2017","5,780","5,640","5,940","5,510","49,44K","2,94%"
"18.05.2017","5,615","5,560","5,620","5,400","46,56K","0,54%"
"17.05.2017","5,585","5,720","5,765","5,585","43,68K","-2,87%"
"16.05.2017","5,750","5,730","5,755","5,670","27,89K","0,70%"
"15.05.2017","5,710","5,840","5,865","5,710","22,33K","-1,30%"
"12.05.2017","5,785","5,870","5,870","5,705","37,51K","-0,60%"
"11.05.2017","5,820","5,815","5,850","5,755","22,27K","-0,34%"
"10.05.2017","5,840","5,900","5,900","5,720","37,04K","-0,34%"
"09.05.2017","5,860","5,850","5,970","5,845","48,92K","0,17%"
"08.05.2017","5,850","5,755","5,855","5,625","104,76K","0,17%"
"05.05.2017","5,840","5,815","5,840","5,695","154,09K","2,28%"
"04.05.2017","5,710","5,700","5,810","5,650","142,32K","-0,44%"
"03.05.2017","5,735","5,700","5,790","5,650","106,29K","0,53%"
"02.05.2017","5,705","5,950","5,970","5,705","122,20K","-1,64%"
"28.04.2017","5,800","5,590","5,880","5,570","264,20K","5,45%"
"27.04.2017","5,500","5,500","5,525","5,460","53,70K","-0,90%"
"26.04.2017","5,550","5,350","5,600","5,315","151,14K","4,72%"
"25.04.2017","5,300","5,215","5,300","5,215","53,44K","0,09%"
"24.04.2017","5,295","5,300","5,310","5,260","66,46K","1,05%"
"21.04.2017","5,240","5,200","5,285","5,185","82,40K","1,55%"
"20.04.2017","5,160","5,090","5,170","5,020","42,69K","1,78%"
"19.04.2017","5,070","4,970","5,070","4,970","32,03K","0,80%"
"18.04.2017","5,030","5,020","5,080","5,020","29,33K","0,20%"
"13.04.2017","5,020","5,020","5,095","5,020","8,78K","0,00%"
"12.04.2017","5,020","5,050","5,085","5,020","17,07K","-0,20%"
"11.04.2017","5,030","4,990","5,070","4,990","25,24K","0,50%"
"10.04.2017","5,005","4,950","5,010","4,950","12,53K","0,00%"
"07.04.2017","5,005","4,940","5,005","4,940","69,84K","0,30%"
"06.04.2017","4,990","4,960","5,000","4,935","68,33K","-0,10%"
"05.04.2017","4,995","5,010","5,010","4,955","22,26K","0,71%"
"04.04.2017","4,960","4,965","5,020","4,950","66,68K","-0,10%"
"03.04.2017","4,965","4,990","5,030","4,935","45,80K","-0,30%"
"31.03.2017","4,980","4,960","5,070","4,900","54,96K","0,40%"
"30.03.2017","4,960","5,040","5,085","4,960","40,88K","-1,78%"
"29.03.2017","5,050","5,080","5,085","5,020","25,28K","-0,69%"
"28.03.2017","5,085","4,985","5,100","4,980","71,31K","1,70%"
"27.03.2017","5,000","5,020","5,025","4,975","36,80K","0,00%"
"24.03.2017","5,000","4,980","5,000","4,950","147,84K","1,01%"
"23.03.2017","4,950","4,920","4,970","4,910","39,84K","0,61%"
"22.03.2017","4,920","5,020","5,020","4,920","179,81K","-0,61%"
"21.03.2017","4,950","4,980","5,000","4,930","57,60K","-0,60%"
"20.03.2017","4,980","5,015","5,020","4,930","43,87K","0,20%"
"17.03.2017","4,970","4,920","5,000","4,920","119,51K","0,51%"
"16.03.2017","4,945","4,875","5,000","4,865","87,85K","1,85%"
"15.03.2017","4,855","4,870","4,930","4,855","74,24K","-0,51%"
"14.03.2017","4,880","4,900","4,950","4,860","44,53K","-1,01%"
"13.03.2017","4,930","4,905","4,990","4,870","53,81K","-0,40%"
"10.03.2017","4,950","4,940","4,975","4,905","80,22K","0,00%"
"09.03.2017","4,950","5,040","5,040","4,940","68,66K","-0,60%"
"08.03.2017","4,980","5,000","5,050","4,955","107,09K","0,00%"
"07.03.2017","4,980","4,950","5,000","4,930","95,66K","0,00%"
"06.03.2017","4,980","4,985","5,030","4,860","80,35K","0,00%"
"03.03.2017","4,980","5,000","5,070","4,820","370,30K","-3,39%"
"02.03.2017","5,155","5,170","5,220","5,125","154,52K","-1,90%"
"01.03.2017","5,255","5,300","5,300","5,205","79,84K","-0,47%"
"28.02.2017","5,280","5,020","5,320","5,010","171,30K","4,76%"
"27.02.2017","5,040","5,050","5,100","4,970","173,54K","1,82%"
"24.02.2017","4,950","4,710","4,950","4,700","130,58K","4,54%"
"23.02.2017","4,735","4,850","4,850","4,700","50,33K","-0,11%"
"22.02.2017","4,740","4,885","4,990","4,700","168,26K","-1,25%"
"21.02.2017","4,800","4,500","4,865","4,490","576,76K","7,26%"
"20.02.2017","4,475","4,475","4,550","4,460","125,56K","1,02%"
"17.02.2017","4,430","4,410","4,475","4,410","21,50K","-0,89%"
"16.02.2017","4,470","4,480","4,490","4,400","26,31K","-0,22%"
"15.02.2017","4,480","4,400","4,480","4,400","35,58K","1,82%"
"14.02.2017","4,400","4,450","4,640","4,400","156,73K","-0,68%"
"13.02.2017","4,430","4,385","4,460","4,315","37,54K","1,03%"
"10.02.2017","4,385","4,355","4,400","4,275","154,88K","-0,23%"
"09.02.2017","4,395","4,375","4,395","4,300","87,84K","1,27%"
"08.02.2017","4,340","4,340","4,340","4,300","18,89K","0,12%"
"07.02.2017","4,335","4,300","4,340","4,220","18,03K","0,81%"
"06.02.2017","4,300","4,380","4,380","4,270","24,69K","-1,71%"
"03.02.2017","4,375","4,360","4,385","4,330","9,25K","-0,46%"
"02.02.2017","4,395","4,350","4,400","4,350","12,86K","-0,11%"
"01.02.2017","4,400","4,420","4,420","4,350","10,73K","0,92%"
"31.01.2017","4,360","4,440","4,440","4,330","48,38K","-1,58%"
"30.01.2017","4,430","4,360","4,480","4,330","26,77K","1,84%"
"27.01.2017","4,350","4,360","4,360","4,310","8,05K","0,12%"
"26.01.2017","4,345","4,350","4,360","4,290","31,08K","0,58%"
"25.01.2017","4,320","4,300","4,350","4,270","35,96K","0,35%"
"24.01.2017","4,305","4,330","4,330","4,265","42,17K","-1,03%"
"23.01.2017","4,350","4,340","4,350","4,300","9,48K","0,69%"
"20.01.2017","4,320","4,305","4,355","4,300","5,29K","-0,23%"
"19.01.2017","4,330","4,390","4,420","4,295","158,94K","-1,37%"
"18.01.2017","4,390","4,415","4,440","4,370","7,13K","-0,34%"
"17.01.2017","4,405","4,375","4,440","4,360","10,57K","0,23%"
"16.01.2017","4,395","4,380","4,460","4,375","22,47K","0,23%"
"13.01.2017","4,385","4,385","4,480","4,385","10,21K","-1,02%"
"12.01.2017","4,430","4,490","4,490","4,310","23,81K","0,11%"
"11.01.2017","4,425","4,485","4,485","4,415","5,87K","0,57%"
"10.01.2017","4,400","4,405","4,425","4,400","15,93K","-0,11%"
"09.01.2017","4,405","4,400","4,480","4,400","28,79K","-0,34%"
"06.01.2017","4,420","4,440","4,465","4,420","27,61K","1,14%"
"05.01.2017","4,370","4,340","4,440","4,340","25,82K","0,23%"
"04.01.2017","4,360","4,350","4,400","4,275","17,71K","1,16%"
"03.01.2017","4,310","4,310","4,340","4,275","10,42K","0,00%"
"02.01.2017","4,310","4,400","4,400","4,250","7,95K","-0,23%"
"30.12.2016","4,320","4,310","4,320","4,220","27,58K","-0,12%"
"29.12.2016","4,325","4,330","4,460","4,300","21,57K","-1,37%"
"28.12.2016","4,385","4,420","4,440","4,270","24,31K","-1,24%"
"27.12.2016","4,440","4,480","4,480","4,400","9,21K","-0,78%"
"23.12.2016","4,475","4,490","4,490","4,370","15,81K","-0,33%"
"22.12.2016","4,490","4,430","4,500","4,350","59,40K","1,47%"
"21.12.2016","4,425","4,250","4,430","4,220","47,57K","5,36%"
"20.12.2016","4,200","4,200","4,230","4,180","18,18K","1,08%"
"19.12.2016","4,155","4,060","4,200","4,060","34,56K","2,21%"
"16.12.2016","4,065","4,060","4,120","4,000","16,32K","-0,85%"
"15.12.2016","4,100","3,990","4,100","3,990","7,27K","2,50%"
"14.12.2016","4,000","4,025","4,050","3,925","168,51K","-0,74%"
"13.12.2016","4,030","4,100","4,110","4,020","41,26K","-1,71%"
"12.12.2016","4,100","4,100","4,100","4,050","82,04K","1,11%"
"09.12.2016","4,055","4,170","4,170","4,050","57,13K","-1,82%"
"08.12.2016","4,130","4,100","4,130","4,100","18,54K","0,98%"
"07.12.2016","4,090","4,025","4,095","4,010","41,91K","0,62%"
"06.12.2016","4,065","4,020","4,070","4,010","97,65K","0,37%"
"05.12.2016","4,050","4,050","4,050","4,040","43,86K","-0,37%"
"02.12.2016","4,065","4,090","4,090","3,980","37,77K","0,99%"
"01.12.2016","4,025","4,000","4,065","3,980","41,52K","0,75%"
"30.11.2016","3,995","4,010","4,070","3,910","151,04K","-0,99%"
"29.11.2016","4,035","4,080","4,120","4,000","106,45K","-2,42%"
"28.11.2016","4,135","4,070","4,145","4,070","35,95K","2,10%"
"25.11.2016","4,050","4,185","4,185","4,050","107,32K","-2,64%"
"24.11.2016","4,160","4,100","4,250","4,100","83,46K","2,21%"
"23.11.2016","4,070","4,205","4,230","4,055","128,56K","-3,21%"
"22.11.2016","4,205","4,200","4,240","4,200","9,93K","0,12%"
"21.11.2016","4,200","4,230","4,230","4,200","57,21K","0,00%"
"18.11.2016","4,200","4,205","4,230","4,200","6,17K","-0,83%"
"17.11.2016","4,235","4,205","4,240","4,200","58,09K","-0,12%"
"16.11.2016","4,240","4,220","4,245","4,200","15,60K","-0,12%"
"15.11.2016","4,245","4,225","4,250","4,205","4,36K","1,07%"
"14.11.2016","4,200","4,220","4,220","4,150","9,26K","-1,64%"
"11.11.2016","4,270","4,210","4,280","4,210","16,82K","-1,95%"
"10.11.2016","4,355","4,450","4,450","4,250","11,95K","-0,11%"
"09.11.2016","4,360","4,250","4,365","4,200","22,52K","-1,36%"
"08.11.2016","4,420","4,350","4,420","4,350","6,65K","0,68%"
"07.11.2016","4,390","4,315","4,400","4,315","19,35K","-0,57%"
"04.11.2016","4,415","4,370","4,415","4,310","21,35K","1,49%"
"03.11.2016","4,350","4,340","4,380","4,275","16,38K","0,00%"
"02.11.2016","4,350","4,450","4,450","4,320","7,64K","-1,14%"
"01.11.2016","4,400","4,365","4,415","4,365","5,38K","1,15%"
"31.10.2016","4,350","4,470","4,470","4,250","76,53K","-2,25%"
"28.10.2016","4,450","4,440","4,450","4,400","20,67K","-0,45%"
"27.10.2016","4,470","4,440","4,470","4,410","20,28K","-0,45%"
"26.10.2016","4,490","4,500","4,500","4,400","20,35K","0,90%"
"25.10.2016","4,450","4,495","4,500","4,390","31,00K","-0,78%"
"24.10.2016","4,485","4,400","4,485","4,365","13,11K","0,90%"
"21.10.2016","4,445","4,355","4,445","4,355","24,28K","2,07%"
"20.10.2016","4,355","4,230","4,360","4,225","55,69K","3,08%"
"19.10.2016","4,225","4,345","4,345","4,150","74,18K","-2,99%"
"18.10.2016","4,355","4,290","4,355","4,200","24,41K","1,28%"
"17.10.2016","4,300","4,300","4,345","4,270","15,05K","-1,49%"
"14.10.2016","4,365","4,360","4,400","4,300","6,01K","-0,57%"
"13.10.2016","4,390","4,370","4,390","4,260","38,10K","0,23%"
"12.10.2016","4,380","4,430","4,450","4,380","4,06K","-0,90%"
"11.10.2016","4,420","4,420","4,480","4,400","20,58K","-0,67%"
"10.10.2016","4,450","4,400","4,455","4,400","10,70K","-0,34%"
"07.10.2016","4,465","4,450","4,500","4,370","25,21K","-0,78%"
"06.10.2016","4,500","4,430","4,500","4,420","17,21K","1,35%"
"05.10.2016","4,440","4,510","4,510","4,370","21,26K","-1,33%"
"04.10.2016","4,500","4,500","4,540","4,455","22,25K","0,11%"
"03.10.2016","4,495","4,350","4,545","4,350","20,38K","1,24%"
"30.09.2016","4,440","4,420","4,450","4,350","14,29K","0,11%"
"29.09.2016","4,435","4,500","4,550","4,355","42,74K","-2,10%"
"28.09.2016","4,530","4,530","4,550","4,480","12,45K","0,67%"
"27.09.2016","4,500","4,455","4,600","4,455","70,10K","-1,75%"
"26.09.2016","4,580","4,450","4,590","4,450","17,82K","2,12%"
"23.09.2016","4,485","4,550","4,570","4,445","31,76K","-1,32%"
"22.09.2016","4,545","4,600","4,600","4,520","36,84K","-0,87%"
"21.09.2016","4,585","4,500","4,595","4,450","40,31K","2,12%"
"20.09.2016","4,490","4,580","4,580","4,420","50,69K","-1,54%"
"19.09.2016","4,560","4,570","4,600","4,315","112,72K","3,40%"
"16.09.2016","4,410","4,270","4,500","4,270","402,92K","3,28%"
"15.09.2016","4,270","4,290","4,300","4,200","60,34K","2,89%"
"14.09.2016","4,150","4,170","4,200","4,070","62,52K","0,00%"
"13.09.2016","4,150","4,100","4,220","4,080","45,48K","0,36%"
"12.09.2016","4,135","3,910","4,170","3,910","40,68K","3,38%"
"09.09.2016","4,000","3,930","4,000","3,930","21,95K","1,01%"
"08.09.2016","3,960","3,970","4,020","3,925","24,96K","-0,88%"
"07.09.2016","3,995","4,100","4,100","3,915","23,51K","-0,99%"
"06.09.2016","4,035","4,030","4,100","4,030","27,95K","-1,59%"
"05.09.2016","4,100","4,100","4,100","4,030","6,56K","0,74%"
"02.09.2016","4,070","4,050","4,080","4,015","12,98K","0,49%"
"01.09.2016","4,050","3,915","4,050","3,915","37,72K","1,25%"
"31.08.2016","4,000","3,925","4,000","3,910","27,66K","1,91%"
"30.08.2016","3,925","3,940","3,990","3,900","7,27K","-2,12%"
"29.08.2016","4,010","4,000","4,010","3,975","5,20K","0,50%"
"26.08.2016","3,990","4,050","4,100","3,940","47,37K","-0,25%"
"25.08.2016","4,000","3,950","4,035","3,950","9,29K","0,00%"
"24.08.2016","4,000","4,020","4,020","3,960","8,78K","-0,74%"
"23.08.2016","4,030","3,950","4,030","3,950","6,55K","1,26%"
"22.08.2016","3,980","4,010","4,030","3,900","13,36K","-1,24%"
"19.08.2016","4,030","4,100","4,100","4,010","6,17K","-0,62%"
"18.08.2016","4,055","4,030","4,090","3,985","17,06K","0,75%"
"17.08.2016","4,025","4,025","4,050","4,000","6,44K","-1,59%"
"16.08.2016","4,090","3,940","4,090","3,940","26,41K","3,54%"
"15.08.2016","3,950","3,850","3,950","3,850","13,27K","2,86%"
"12.08.2016","3,840","3,900","3,940","3,830","19,79K","-0,39%"
"11.08.2016","3,855","3,850","3,900","3,850","16,03K","-1,15%"
"10.08.2016","3,900","3,885","3,900","3,865","10,71K","0,91%"
"09.08.2016","3,865","3,930","3,945","3,860","12,75K","-0,13%"
"08.08.2016","3,870","3,850","3,900","3,850","5,73K","-0,77%"
"05.08.2016","3,900","3,900","3,900","3,870","15,17K","0,00%"
"04.08.2016","3,900","3,890","3,900","3,850","10,79K","0,13%"
"03.08.2016","3,895","3,900","3,900","3,750","20,32K","-0,13%"
"02.08.2016","3,900","3,900","3,900","3,875","19,45K","0,00%"
"01.08.2016","3,900","4,020","4,020","3,880","82,77K","0,52%"
"29.07.2016","3,880","4,000","4,015","3,855","82,06K","2,11%"
"28.07.2016","3,800","3,905","3,935","3,760","23,97K","-2,06%"
"27.07.2016","3,880","3,955","3,990","3,820","37,08K","0,00%"
"26.07.2016","3,880","3,830","4,080","3,800","23,27K","-0,13%"
"25.07.2016","3,885","3,740","3,885","3,705","15,84K","4,86%"
"22.07.2016","3,705","3,795","3,840","3,700","15,12K","-2,37%"
"21.07.2016","3,795","3,735","3,795","3,620","30,41K","4,26%"
"20.07.2016","3,640","3,700","3,700","3,640","25,36K","-1,09%"
"19.07.2016","3,680","3,730","3,780","3,650","100,23K","-1,87%"
"18.07.2016","3,750","3,680","3,755","3,680","3,59K","0,27%"
"15.07.2016","3,740","3,700","3,745","3,665","38,14K","1,22%"
"14.07.2016","3,695","3,650","3,695","3,650","7,50K","1,23%"
"13.07.2016","3,650","3,670","3,695","3,650","5,05K","0,14%"
"12.07.2016","3,645","3,665","3,700","3,635","36,92K","-0,27%"
"11.07.2016","3,655","3,565","3,700","3,565","21,84K","-1,22%"
"08.07.2016","3,700","3,655","3,700","3,620","31,16K","0,41%"
"07.07.2016","3,685","3,595","3,685","3,595","28,01K","2,36%"
"06.07.2016","3,600","3,640","3,660","3,590","30,13K","-2,70%"
"05.07.2016","3,700","3,570","3,700","3,570","25,80K","2,78%"
"04.07.2016","3,600","3,560","3,640","3,430","28,33K","1,84%"
"01.07.2016","3,535","3,590","3,595","3,450","22,57K","3,97%"
"30.06.2016","3,400","3,570","3,570","3,350","60,59K","-1,59%"
"29.06.2016","3,455","3,565","3,600","3,450","41,54K","-0,58%"
"28.06.2016","3,475","3,665","3,665","3,470","39,88K","1,02%"
"27.06.2016","3,440","3,515","3,520","3,385","70,31K","-0,72%"
"24.06.2016","3,465","3,450","3,560","3,250","54,06K","-2,94%"
"23.06.2016","3,570","3,670","3,700","3,570","58,56K","-2,86%"
"22.06.2016","3,675","3,670","3,720","3,670","29,42K","0,55%"
"21.06.2016","3,655","3,550","3,665","3,450","125,62K","2,67%"
"20.06.2016","3,560","3,550","3,655","3,525","58,50K","1,86%"
"17.06.2016","3,495","3,665","3,760","3,495","98,64K","-5,54%"
"16.06.2016","3,700","3,820","3,875","3,650","51,21K","-3,39%"
"15.06.2016","3,830","3,990","3,990","3,825","61,27K","-3,77%"
"14.06.2016","3,980","3,960","3,995","3,960","19,41K","0,51%"
"13.06.2016","3,960","3,920","4,045","3,920","31,10K","-0,50%"
"10.06.2016","3,980","3,945","4,045","3,945","37,76K","-0,50%"
"09.06.2016","4,000","4,050","4,050","3,950","9,20K","1,65%"
"08.06.2016","3,935","4,015","4,020","3,905","24,99K","-1,50%"
"07.06.2016","3,995","4,110","4,125","3,995","14,52K","-1,11%"
"06.06.2016","4,040","4,140","4,145","4,040","19,04K","0,25%"
"03.06.2016","4,030","4,120","4,145","4,010","27,25K","-2,18%"
"02.06.2016","4,120","3,905","4,120","3,825","38,31K","2,49%"
"01.06.2016","4,020","4,020","4,020","3,950","19,23K","-0,99%"
"31.05.2016","4,060","3,800","4,060","3,800","85,19K","6,42%"
"30.05.2016","3,815","3,740","3,815","3,740","2,83K","0,13%"
"27.05.2016","3,810","3,780","3,810","3,740","19,55K","1,33%"
"26.05.2016","3,760","3,810","3,810","3,705","14,38K","1,35%"
"25.05.2016","3,710","3,810","3,810","3,685","9,66K","0,68%"
"24.05.2016","3,685","3,690","3,710","3,650","34,87K","0,14%"
"23.05.2016","3,680","3,715","3,740","3,675","23,15K","-1,74%"
"20.05.2016","3,745","3,770","3,820","3,740","29,25K","-2,09%"
"19.05.2016","3,825","3,765","3,825","3,765","8,05K","0,92%"
"18.05.2016","3,790","3,775","3,800","3,730","12,65K","-0,26%"
"17.05.2016","3,800","3,760","3,800","3,740","10,11K","0,80%"
"16.05.2016","3,770","3,735","3,785","3,725","18,73K","0,94%"
"13.05.2016","3,735","3,830","3,830","3,735","13,23K","-1,71%"
"12.05.2016","3,800","3,795","3,825","3,740","9,60K","1,33%"
"11.05.2016","3,750","3,760","3,795","3,740","20,96K","-1,19%"
"10.05.2016","3,795","3,845","3,845","3,755","40,19K","-0,13%"
"09.05.2016","3,800","3,710","3,840","3,710","13,97K","0,80%"
"06.05.2016","3,770","3,790","3,850","3,760","20,81K","-1,44%"
"05.05.2016","3,825","3,750","3,845","3,705","40,44K","2,00%"
"04.05.2016","3,750","3,750","3,855","3,740","25,11K","-0,27%"
"03.05.2016","3,760","3,790","3,845","3,735","24,37K","-1,05%"
"02.05.2016","3,800","3,720","3,845","3,720","5,17K","-1,04%"
"29.04.2016","3,840","3,690","3,845","3,680","51,33K","3,64%"
"28.04.2016","3,705","3,550","3,760","3,550","68,28K","-0,54%"
"27.04.2016","3,725","3,760","3,800","3,655","35,93K","-0,93%"
"26.04.2016","3,760","3,720","3,800","3,720","31,27K","-0,53%"
"25.04.2016","3,780","3,850","3,850","3,720","16,59K","-0,53%"
"22.04.2016","3,800","3,710","3,800","3,710","37,79K","1,33%"
"21.04.2016","3,750","3,790","3,820","3,700","37,51K","-1,06%"
"20.04.2016","3,790","3,700","3,790","3,690","55,81K","1,74%"
"19.04.2016","3,725","3,670","3,765","3,670","27,80K","-0,53%"
"18.04.2016","3,745","3,750","3,775","3,650","19,78K","0,27%"
"15.04.2016","3,735","3,790","3,790","3,650","13,91K","1,49%"
"14.04.2016","3,680","3,770","3,790","3,660","119,97K","-1,60%"
"13.04.2016","3,740","3,600","3,760","3,600","26,95K","2,05%"
"12.04.2016","3,665","3,760","3,760","3,580","12,12K","3,39%"
"11.04.2016","3,545","3,620","3,780","3,545","71,75K","-2,61%"
"08.04.2016","3,640","3,570","3,675","3,570","10,51K","-1,09%"
"07.04.2016","3,680","3,630","3,680","3,620","19,07K","1,66%"
"06.04.2016","3,620","3,700","3,700","3,620","11,06K","-2,16%"
"05.04.2016","3,700","3,650","3,700","3,570","22,54K","1,37%"
"04.04.2016","3,650","3,790","3,790","3,650","64,59K","-3,18%"
"01.04.2016","3,770","3,690","3,770","3,650","94,05K","2,45%"
"31.03.2016","3,680","3,730","3,765","3,680","28,78K","-2,39%"
"30.03.2016","3,770","3,730","3,785","3,730","26,00K","0,94%"
"29.03.2016","3,735","3,730","3,780","3,670","20,33K","0,54%"
"24.03.2016","3,715","3,680","3,740","3,640","17,58K","0,27%"
"23.03.2016","3,705","3,750","3,785","3,700","34,32K","-1,20%"
"22.03.2016","3,750","3,640","3,750","3,640","37,64K","1,63%"
"21.03.2016","3,690","3,680","3,690","3,600","32,93K","0,82%"
"18.03.2016","3,660","3,605","3,680","3,570","55,72K","2,23%"
"17.03.2016","3,580","3,600","3,630","3,540","33,63K","1,70%"
"16.03.2016","3,520","3,550","3,595","3,520","30,02K","-0,56%"
"15.03.2016","3,540","3,540","3,625","3,470","101,82K","-0,42%"
"14.03.2016","3,555","3,520","3,660","3,520","69,11K","0,42%"
"11.03.2016","3,540","3,530","3,625","3,450","56,61K","0,28%"
"10.03.2016","3,530","3,310","3,530","3,310","52,41K","3,07%"
"09.03.2016","3,425","3,530","3,530","3,350","62,97K","-1,72%"
"08.03.2016","3,485","3,410","3,540","3,350","50,10K","1,31%"
"07.03.2016","3,440","3,300","3,450","3,300","20,57K","1,47%"
"04.03.2016","3,390","3,415","3,415","3,340","28,01K","2,26%"
"03.03.2016","3,315","3,330","3,400","3,300","26,79K","-0,45%"
"02.03.2016","3,330","3,140","3,350","3,130","72,77K","7,07%"
"01.03.2016","3,110","3,100","3,140","3,060","75,28K","0,97%"
"29.02.2016","3,080","3,110","3,110","3,075","26,33K","-0,65%"
"26.02.2016","3,100","3,100","3,100","3,050","85,95K","0,00%"
"25.02.2016","3,100","3,100","3,100","3,050","21,48K","0,00%"
"24.02.2016","3,100","3,100","3,100","3,050","26,91K","0,00%"
"23.02.2016","3,100","3,100","3,100","3,070","29,00K","0,00%"
"22.02.2016","3,100","3,115","3,115","3,070","39,36K","0,65%"
"19.02.2016","3,080","3,075","3,090","3,040","48,35K","2,67%"
"18.02.2016","3,000","3,075","3,080","3,000","9,63M","-1,80%"
"17.02.2016","3,055","3,075","3,080","3,050","28,43K","-0,81%"
"16.02.2016","3,080","3,010","3,080","3,010","18,83K","0,00%"
"15.02.2016","3,080","3,080","3,090","3,035","48,67K","0,65%"
"12.02.2016","3,060","3,080","3,080","3,030","29,95K","-0,65%"
"11.02.2016","3,080","3,080","3,080","3,000","24,55K","0,00%"
"10.02.2016","3,080","3,075","3,080","3,040","38,54K","0,00%"
"09.02.2016","3,080","3,050","3,080","3,000","17,95K","0,16%"
"08.02.2016","3,075","3,100","3,100","3,055","30,37K","-0,81%"
"05.02.2016","3,100","3,050","3,140","3,010","223,88K","-0,16%"
"04.02.2016","3,105","3,100","3,125","3,060","118,56K","0,16%"
"03.02.2016","3,100","3,080","3,100","3,040","55,65K","0,81%"
"02.02.2016","3,075","3,030","3,110","2,970","67,96K","0,49%"
"01.02.2016","3,060","2,960","3,090","2,960","36,79K","-0,49%"
"29.01.2016","3,075","3,075","3,080","3,030","38,02K","0,65%"
"28.01.2016","3,055","3,030","3,080","3,020","9,77K","0,83%"
"27.01.2016","3,030","3,080","3,080","3,030","70,58K","-1,78%"
"26.01.2016","3,085","3,040","3,100","3,040","20,97K","1,82%"
"25.01.2016","3,030","3,145","3,165","3,030","77,41K","-3,50%"
"22.01.2016","3,140","3,140","3,140","3,100","15,92K","0,64%"
"21.01.2016","3,120","3,130","3,130","3,080","23,44K","-0,32%"
"20.01.2016","3,130","3,050","3,130","3,050","16,36K","-0,32%"
"19.01.2016","3,140","3,075","3,160","3,075","14,35K","0,96%"
"18.01.2016","3,110","3,160","3,175","3,075","19,85K","0,16%"
"15.01.2016","3,105","3,200","3,200","3,105","39,75K","-1,43%"
"14.01.2016","3,150","3,245","3,245","3,100","41,39K","-2,93%"
"13.01.2016","3,245","3,100","3,330","3,100","512,81K","6,39%"
"12.01.2016","3,050","3,020","3,100","3,020","64,21K","-0,65%"
"11.01.2016","3,070","3,050","3,070","3,030","40,06K","1,49%"
"08.01.2016","3,025","2,950","3,180","2,950","182,57K","-2,10%"
"07.01.2016","3,090","3,090","3,090","3,085","21,39K","0,00%"
"06.01.2016","3,090","3,080","3,090","3,000","4,99K","0,00%"
"05.01.2016","3,090","3,040","3,090","3,040","5,85K","0,65%"
"04.01.2016","3,070","3,005","3,090","2,955","27,64K","-1,92%"
"31.12.2015","3,130","3,070","3,140","3,050","27,27K","0,81%"
"30.12.2015","3,105","3,005","3,125","3,005","25,64K","-0,16%"
"29.12.2015","3,110","3,100","3,130","3,050","66,65K","0,32%"
"28.12.2015","3,100","3,070","3,100","3,070","93,40K","0,00%"
"24.12.2015","3,100","3,010","3,100","3,010","32,35K","0,00%"
"23.12.2015","3,100","3,005","3,100","3,005","45,57K","0,65%"
"22.12.2015","3,080","3,100","3,100","3,055","39,50K","-0,65%"
"21.12.2015","3,100","3,000","3,100","3,000","104,39K","0,00%"
"18.12.2015","3,100","3,100","3,140","3,005","193,70K","0,65%"
"17.12.2015","3,080","2,965","3,100","2,965","28,80K","0,49%"
"16.12.2015","3,065","3,025","3,090","2,950","181,10K","1,32%"
"15.12.2015","3,025","3,100","3,105","3,025","70,82K","-2,42%"
"14.12.2015","3,100","3,050","3,160","3,050","18,84K","1,64%"
"11.12.2015","3,050","3,000","3,100","3,000","25,91K","-0,97%"
"10.12.2015","3,080","3,070","3,100","3,030","55,80K","0,65%"
"09.12.2015","3,060","3,105","3,105","3,020","131,35K","-1,61%"
"08.12.2015","3,110","3,110","3,110","3,110","0,61K","-2,05%"
"07.12.2015","3,175","3,120","3,190","3,070","3,58K","-0,16%"
"04.12.2015","3,180","3,105","3,185","3,105","1,05K","1,27%"
"03.12.2015","3,140","3,190","3,190","3,110","37,40K","0,32%"
"02.12.2015","3,130","3,110","3,190","3,110","43,03K","-0,16%"
"01.12.2015","3,135","3,110","3,220","3,110","1,23M","-2,03%"
"30.11.2015","3,200","3,125","3,200","3,100","8,98K","0,00%"
"27.11.2015","3,200","3,120","3,200","3,120","59,27K","0,79%"
"26.11.2015","3,175","3,220","3,220","3,085","13,99K","-1,09%"
"25.11.2015","3,210","3,085","3,230","3,085","11,28K","3,22%"
"24.11.2015","3,110","3,160","3,230","3,070","7,34K","-1,58%"
"23.11.2015","3,160","3,275","3,275","3,150","14,24K","-2,17%"
"20.11.2015","3,230","3,100","3,230","3,100","5,93K","0,94%"
"19.11.2015","3,200","3,120","3,200","3,100","35,53K","3,23%"
"18.11.2015","3,100","3,080","3,120","3,075","8,06K","-0,64%"
"17.11.2015","3,120","3,090","3,145","3,080","29,05K","0,97%"
"16.11.2015","3,090","3,090","3,090","3,070","1,27K","0,65%"
"13.11.2015","3,070","3,100","3,105","3,050","21,10K","-1,13%"
"12.11.2015","3,105","3,110","3,150","3,100","5,31K","-1,43%"
"11.11.2015","3,150","3,110","3,185","3,110","9,42K","1,45%"
"10.11.2015","3,105","3,100","3,150","3,100","1,20K","-0,80%"
"09.11.2015","3,130","3,140","3,200","3,120","7,15K","-1,57%"
"06.11.2015","3,180","3,170","3,190","3,170","4,68K","-0,62%"
"05.11.2015","3,200","3,155","3,200","3,150","2,34K","0,95%"
"04.11.2015","3,170","3,200","3,200","3,150","7,14K","0,00%"
"03.11.2015","3,170","3,175","3,285","3,170","10,05K","-0,94%"
"02.11.2015","3,200","3,200","3,200","3,170","25,18K","0,00%"
"30.10.2015","3,200","3,060","3,205","3,060","136,39K","4,92%"
"29.10.2015","3,050","2,980","3,070","2,980","57,35K","4,10%"
"28.10.2015","2,930","2,970","2,970","2,925","2,91K","-1,01%"
"27.10.2015","2,960","2,900","3,000","2,900","26,11K","0,00%"
"26.10.2015","2,960","3,070","3,070","2,950","67,59K","-3,90%"
"23.10.2015","3,080","3,010","3,110","3,010","5,70K","-0,48%"
"22.10.2015","3,095","3,070","3,115","2,985","8,29K","0,81%"
"21.10.2015","3,070","3,040","3,100","3,040","8,75K","-0,49%"
"20.10.2015","3,085","3,045","3,090","3,040","7,77K","1,31%"
"19.10.2015","3,045","3,040","3,100","3,040","11,01K","0,00%"
"16.10.2015","3,045","3,050","3,055","3,040","8,90K","0,00%"
"15.10.2015","3,045","3,040","3,080","3,040","7,29K","-0,16%"
"14.10.2015","3,050","3,040","3,070","3,040","3,63K","0,33%"
"13.10.2015","3,040","3,040","3,060","3,040","3,19K","0,00%"
"12.10.2015","3,040","3,100","3,100","3,020","16,25K","-1,78%"
"09.10.2015","3,095","3,060","3,100","3,050","12,55K","0,49%"
"08.10.2015","3,080","3,050","3,095","3,050","4,73K","0,33%"
"07.10.2015","3,070","3,000","3,095","2,950","45,21K","1,82%"
"06.10.2015","3,015","3,020","3,020","3,000","3,13K","0,17%"
"05.10.2015","3,010","2,970","3,010","2,970","8,40K","2,73%"
"02.10.2015","2,930","3,010","3,010","2,920","8,28K","-1,35%"
"01.10.2015","2,970","2,950","3,050","2,880","24,34K","1,37%"
"30.09.2015","2,930","2,910","2,940","2,870","2,61K","0,69%"
"29.09.2015","2,910","2,950","2,950","2,890","3,66K","-3,00%"
"28.09.2015","3,000","3,000","3,000","2,905","26,14K","0,84%"
"25.09.2015","2,975","2,900","3,000","2,900","17,38K","2,06%"
"24.09.2015","2,915","3,000","3,040","2,915","10,26K","-3,48%"
"23.09.2015","3,020","3,010","3,030","2,905","44,35K","-0,66%"
"22.09.2015","3,040","3,050","3,140","3,010","9,10K","0,33%"
"21.09.2015","3,030","2,980","3,150","2,980","10,33K","-0,66%"
"18.09.2015","3,050","3,000","3,050","3,000","12,51K","0,00%"
"17.09.2015","3,050","3,065","3,065","2,980","5,63K","-0,49%"
"16.09.2015","3,065","3,030","3,065","3,030","4,30K","0,33%"
"15.09.2015","3,055","3,040","3,060","2,985","16,16K","1,16%"
"14.09.2015","3,020","3,025","3,030","3,010","3,60K","-0,17%"
"11.09.2015","3,025","3,035","3,035","3,025","2,85K","-0,33%"
"10.09.2015","3,035","3,020","3,035","3,000","6,44K","0,17%"
"09.09.2015","3,030","3,020","3,050","3,020","4,24K","-0,66%"
"08.09.2015","3,050","3,020","3,060","3,020","9,31K","1,67%"
"07.09.2015","3,000","3,000","3,005","2,975","3,90K","0,00%"
"04.09.2015","3,000","3,000","3,020","2,950","9,10K","-0,66%"
"03.09.2015","3,020","3,035","3,035","3,020","7,05K","-0,49%"
"02.09.2015","3,035","3,040","3,040","3,025","2,76K","0,50%"
"01.09.2015","3,020","3,075","3,080","3,020","3,28K","-0,98%"
"31.08.2015","3,050","3,030","3,060","3,030","1,94K","0,00%"
"28.08.2015","3,050","3,050","3,055","3,040","16,67K","-0,97%"
"27.08.2015","3,080","3,150","3,195","3,080","28,14K","0,98%"
"26.08.2015","3,050","3,200","3,200","3,000","12,54K","0,66%"
"25.08.2015","3,030","3,020","3,150","3,000","35,59K","0,00%"
"24.08.2015","3,030","3,220","3,220","3,025","19,98K","-7,48%"
"21.08.2015","3,275","3,220","3,300","3,220","25,86K","1,55%"
"20.08.2015","3,225","3,335","3,335","3,220","8,02K","-3,30%"
"19.08.2015","3,335","3,300","3,335","3,300","2,56K","0,00%"
"18.08.2015","3,335","3,295","3,345","3,290","18,77K","0,30%"
"17.08.2015","3,325","3,310","3,335","3,300","13,59K","1,06%"
"14.08.2015","3,290","3,345","3,345","3,290","2,49K","-1,50%"
"13.08.2015","3,340","3,350","3,350","3,305","7,05K","-0,30%"
"12.08.2015","3,350","3,350","3,360","3,310","24,58K","-2,05%"
"11.08.2015","3,420","3,335","3,445","3,325","15,18K","2,70%"
"10.08.2015","3,330","3,395","3,395","3,305","5,99K","1,22%"
"07.08.2015","3,290","3,300","3,420","3,290","60,18K","-3,24%"
"06.08.2015","3,400","3,380","3,415","3,350","8,37K","0,59%"
"05.08.2015","3,380","3,365","3,400","3,350","8,08K","-1,74%"
"04.08.2015","3,440","3,335","3,445","3,335","9,13K","1,47%"
"03.08.2015","3,390","3,405","3,450","3,320","9,79K","-0,44%"
"31.07.2015","3,405","3,470","3,470","3,320","45,84K","-1,45%"
"30.07.2015","3,455","3,460","3,570","3,275","46,67K","-0,14%"
"29.07.2015","3,460","3,675","3,675","3,460","62,05K","-3,76%"
"28.07.2015","3,595","3,580","3,645","3,460","67,29K","2,57%"
"27.07.2015","3,505","3,595","3,595","3,490","85,84K","2,94%"
"24.07.2015","3,405","3,355","3,540","3,300","132,49K","2,56%"
"23.07.2015","3,320","3,250","3,340","3,250","95,92K","2,47%"
"22.07.2015","3,240","3,200","3,240","3,200","13,66K","0,00%"
"21.07.2015","3,240","3,200","3,240","3,195","217,38K","1,57%"
"20.07.2015","3,190","3,100","3,200","3,100","17,89K","1,27%"
"17.07.2015","3,150","3,230","3,230","3,125","15,45K","-2,48%"
"16.07.2015","3,230","3,200","3,240","3,115","21,09K","0,94%"
"15.07.2015","3,200","3,085","3,200","3,080","54,25K","0,31%"
"14.07.2015","3,190","3,140","3,195","3,140","62,40K","-0,16%"
"13.07.2015","3,195","3,160","3,195","3,140","50,03K","0,16%"
"10.07.2015","3,190","3,005","3,195","3,005","102,56K","3,57%"
"09.07.2015","3,080","3,000","3,090","3,000","8,93K","2,67%"
"08.07.2015","3,000","3,005","3,005","3,000","9,92K","-0,17%"
"07.07.2015","3,005","3,000","3,005","3,000","6,18K","0,00%"
"06.07.2015","3,005","3,000","3,030","3,000","9,15K","0,17%"
"03.07.2015","3,000","3,025","3,025","3,000","25,58K","-1,80%"
"02.07.2015","3,055","3,005","3,060","3,005","10,99K","1,16%"
"01.07.2015","3,020","3,000","3,090","2,940","43,09K","2,20%"
"30.06.2015","2,955","2,940","2,960","2,930","13,05K","0,85%"
"29.06.2015","2,930","2,905","3,095","2,905","97,67K","-6,69%"
"26.06.2015","3,140","3,145","3,145","3,110","108,42K","-1,72%"
"25.06.2015","3,195","3,080","3,200","3,080","28,26K","0,16%"
"24.06.2015","3,190","3,100","3,190","3,050","4,99K","2,08%"
"23.06.2015","3,125","3,080","3,150","3,055","15,32K","0,81%"
"22.06.2015","3,100","3,010","3,100","3,010","7,93K","1,64%"
"19.06.2015","3,050","3,015","3,105","3,010","79,22K","1,16%"
"18.06.2015","3,015","3,090","3,090","3,010","6,31K","-1,79%"
"17.06.2015","3,070","3,025","3,090","3,010","6,03K","1,49%"
"16.06.2015","3,025","3,025","3,070","3,025","52,95K","0,00%"
"15.06.2015","3,025","3,010","3,070","3,010","13,72K","-0,49%"
"12.06.2015","3,040","3,130","3,130","3,030","25,18K","-2,88%"
"11.06.2015","3,130","3,050","3,160","3,040","19,99K","1,29%"
"10.06.2015","3,090","3,040","3,090","3,020","15,07K","1,64%"
"09.06.2015","3,040","3,020","3,090","3,010","29,99K","0,00%"
"08.06.2015","3,040","3,035","3,050","3,035","12,94K","-2,25%"
"05.06.2015","3,110","3,110","3,110","3,055","75,93K","-0,64%"
"04.06.2015","3,130","3,160","3,160","3,130","86,44K","-0,79%"
"03.06.2015","3,155","3,130","3,240","3,125","12,59K","-0,16%"
"02.06.2015","3,160","3,200","3,240","3,080","114,93K","-1,86%"
"01.06.2015","3,220","3,280","3,280","3,150","69,09K","-0,62%"
"29.05.2015","3,240","3,115","3,255","3,115","27,90K","4,18%"
"28.05.2015","3,110","3,040","3,200","3,040","70,37K","0,00%"
"27.05.2015","3,110","2,915","3,110","2,915","20,61K","7,06%"
"26.05.2015","2,905","2,950","2,985","2,900","1,93K","-2,68%"
"25.05.2015","2,985","2,950","2,985","2,910","7,27K","-0,17%"
"22.05.2015","2,990","3,005","3,005","2,980","3,28K","-0,66%"
"21.05.2015","3,010","3,000","3,050","3,000","8,88K","0,50%"
"20.05.2015","2,995","3,040","3,050","2,950","12,58K","0,50%"
"19.05.2015","2,980","3,005","3,030","2,975","34,41K","-1,49%"
"18.05.2015","3,025","3,000","3,025","2,985","5,55K","-0,17%"
"15.05.2015","3,030","3,000","3,030","2,980","3,35K","0,00%"
"14.05.2015","3,030","3,040","3,040","3,000","4,01K","0,33%"
"13.05.2015","3,020","3,000","3,040","3,000","2,45K","-0,66%"
"12.05.2015","3,040","3,010","3,040","3,010","11,93K","0,83%"
"11.05.2015","3,015","3,000","3,035","2,980","6,42K","0,50%"
"08.05.2015","3,000","3,000","3,000","3,000","24,68K","0,00%"
"07.05.2015","3,000","2,965","3,010","2,965","13,35K","0,00%"
"06.05.2015","3,000","3,000","3,015","2,960","8,91K","0,00%"
"05.05.2015","3,000","2,965","3,030","2,910","81,83K","1,69%"
"04.05.2015","2,950","2,920","2,950","2,920","8,61K","1,72%"
"30.04.2015","2,900","2,985","2,985","2,875","61,96K","-1,02%"
"29.04.2015","2,930","2,985","2,990","2,900","46,97K","-1,84%"
"28.04.2015","2,985","3,075","3,075","2,950","15,73K","-0,50%"
"27.04.2015","3,000","3,000","3,005","3,000","13,39K","-1,64%"
"24.04.2015","3,050","3,070","3,070","2,985","12,24K","2,69%"
"23.04.2015","2,970","3,030","3,030","2,950","32,19K","-1,82%"
"22.04.2015","3,025","3,055","3,055","3,010","10,36K","-1,31%"
"21.04.2015","3,065","3,140","3,200","3,010","57,06K","0,16%"
"20.04.2015","3,060","3,170","3,170","2,920","126,30K","-3,32%"
"17.04.2015","3,165","3,205","3,260","3,140","26,68K","-1,25%"
"16.04.2015","3,205","3,205","3,280","3,140","8,57K","0,16%"
"15.04.2015","3,200","3,215","3,215","3,170","11,64K","-0,62%"
"14.04.2015","3,220","3,230","3,290","3,200","7,82K","-0,31%"
"13.04.2015","3,230","3,230","3,240","3,170","13,45K","0,47%"
"10.04.2015","3,215","3,245","3,295","3,200","54,33K","0,47%"
"09.04.2015","3,200","3,200","3,250","3,200","19,85K","-1,23%"
"08.04.2015","3,240","3,170","3,250","3,130","22,19K","2,21%"
"07.04.2015","3,170","3,200","3,250","3,155","7,80K","-0,94%"
"02.04.2015","3,200","3,200","3,250","3,200","2,48K","-0,93%"
"01.04.2015","3,230","3,195","3,245","3,195","15,52K","0,94%"
"31.03.2015","3,200","3,190","3,225","3,165","8,28K","0,16%"
"30.03.2015","3,195","3,130","3,195","3,110","19,54K","0,31%"
"27.03.2015","3,185","3,085","3,230","3,085","8,25K","1,27%"
"26.03.2015","3,145","3,170","3,215","3,100","31,35K","-0,79%"
"25.03.2015","3,170","3,200","3,245","3,165","12,74K","-1,25%"
"24.03.2015","3,210","3,195","3,245","3,155","8,70K","-0,62%"
"23.03.2015","3,230","3,160","3,250","3,160","14,26K","0,62%"
"20.03.2015","3,210","3,190","3,225","3,125","37,52K","0,16%"
"19.03.2015","3,205","3,150","3,205","3,150","18,06K","1,75%"
"18.03.2015","3,150","3,195","3,195","3,150","35,64K","-0,63%"
"17.03.2015","3,170","3,170","3,200","3,120","14,39K","-1,25%"
"16.03.2015","3,210","3,190","3,210","3,165","17,31K","0,31%"
"13.03.2015","3,200","3,200","3,255","3,155","19,61K","0,00%"
"12.03.2015","3,200","3,340","3,340","3,200","47,07K","-2,14%"
"11.03.2015","3,270","3,270","3,350","3,255","21,46K","-0,30%"
"10.03.2015","3,280","3,305","3,370","3,260","9,56K","-0,61%"
"09.03.2015","3,300","3,240","3,390","3,240","38,38K","-0,75%"
"06.03.2015","3,325","3,300","3,380","3,180","54,90K","1,84%"
"05.03.2015","3,265","3,195","3,400","3,155","32,55K","2,35%"
"04.03.2015","3,190","3,140","3,280","3,140","28,45K","-0,16%"
"03.03.2015","3,195","3,260","3,290","3,100","37,94K","-0,16%"
"02.03.2015","3,200","3,220","3,290","3,200","10,91K","-1,08%"
"27.02.2015","3,235","3,250","3,275","3,200","16,60K","-1,37%"
"26.02.2015","3,280","3,230","3,385","3,210","46,66K","1,55%"
"25.02.2015","3,230","3,230","3,300","3,175","11,50K","-0,15%"
"24.02.2015","3,235","3,225","3,275","3,220","25,98K","-1,07%"
"23.02.2015","3,270","3,195","3,400","3,195","25,35K","-0,61%"
"20.02.2015","3,290","3,185","3,300","3,185","28,56K","1,54%"
"19.02.2015","3,240","3,250","3,300","3,165","45,73K","-0,31%"
"18.02.2015","3,250","3,020","3,300","3,020","247,22K","5,01%"
"17.02.2015","3,095","3,030","3,100","3,030","5,80K","-0,16%"
"16.02.2015","3,100","3,000","3,100","3,000","31,48K","0,98%"
"13.02.2015","3,070","3,030","3,110","3,030","25,42K","-0,97%"
"12.02.2015","3,100","3,080","3,100","3,080","15,58K","0,32%"
"11.02.2015","3,090","3,000","3,090","3,000","13,76K","1,81%"
"10.02.2015","3,035","3,050","3,085","3,000","6,79K","-2,10%"
"09.02.2015","3,100","3,040","3,100","3,040","33,62K","1,97%"
"06.02.2015","3,040","3,025","3,100","3,000","122,27K","0,66%"
"05.02.2015","3,020","2,960","3,020","2,960","11,88K","0,67%"
"04.02.2015","3,000","3,000","3,030","3,000","29,16K","0,33%"
"03.02.2015","2,990","2,900","2,995","2,900","18,32K","1,53%"
"02.02.2015","2,945","2,910","2,980","2,890","15,82K","-1,17%"
"30.01.2015","2,980","2,890","2,990","2,890","22,25K","0,85%"
"29.01.2015","2,955","2,945","2,970","2,900","35,95K","0,85%"
"28.01.2015","2,930","2,850","2,930","2,850","74,84K","1,03%"
"27.01.2015","2,900","2,900","2,910","2,850","12,62K","-0,51%"
"26.01.2015","2,915","2,925","2,950","2,880","22,01K","-0,34%"
"23.01.2015","2,925","2,880","2,990","2,880","19,55K","0,86%"
"22.01.2015","2,900","2,950","2,980","2,860","39,10K","-2,36%"
"21.01.2015","2,970","2,900","2,985","2,900","52,51K","0,17%"
"20.01.2015","2,965","2,920","2,985","2,920","15,80K","0,85%"
"19.01.2015","2,940","2,920","2,940","2,900","11,46K","1,20%"
"16.01.2015","2,905","2,900","2,950","2,900","9,53K","0,17%"
"15.01.2015","2,900","2,905","2,945","2,900","20,82K","-0,68%"
"14.01.2015","2,920","2,900","2,935","2,900","50,34K","0,69%"
"13.01.2015","2,900","2,900","2,915","2,900","11,47K","-1,36%"
"12.01.2015","2,940","2,900","2,950","2,870","108,54K","1,38%"
"09.01.2015","2,900","2,890","2,930","2,850","71,87K","0,17%"
"08.01.2015","2,895","2,995","2,995","2,890","2,21K","-1,19%"
"07.01.2015","2,930","2,950","3,050","2,820","32,37K","2,45%"
"06.01.2015","2,860","2,950","3,035","2,860","9,28K","-3,05%"
"05.01.2015","2,950","3,010","3,025","2,950","7,08K","-1,99%"
"02.01.2015","3,010","3,000","3,010","2,975","14,23K","-1,95%"