"Fecha","Último","Apertura","Máximo","Mínimo","Vol.","% var."
"31.12.2025","10,700","10,800","10,810","10,685","1,63M","-1,11%"
"30.12.2025","10,820","10,900","10,960","10,805","1,36M","-1,19%"
"29.12.2025","10,950","10,925","11,035","10,925","1,20M","-0,36%"
"24.12.2025","10,990","10,940","11,020","10,850","516,96K","0,73%"
"23.12.2025","10,910","11,015","11,135","10,910","918,86K","-1,27%"
"22.12.2025","11,050","11,000","11,070","10,820","1,23M","0,82%"
"19.12.2025","10,960","10,790","11,035","10,570","2,99M","1,53%"
"18.12.2025","10,795","10,610","10,830","10,535","1,28M","1,12%"
"17.12.2025","10,675","10,760","10,925","10,665","1,09M","-1,20%"
"16.12.2025","10,805","10,865","10,870","10,520","1,97M","-0,55%"
"15.12.2025","10,865","10,795","10,910","10,690","996,28K","0,70%"
"12.12.2025","10,790","10,720","10,895","10,645","935,82K","0,84%"
"11.12.2025","10,700","10,660","10,740","10,555","962,93K","-0,05%"
"10.12.2025","10,705","10,700","10,745","10,640","628,00K","-0,19%"
"09.12.2025","10,725","10,895","10,925","10,725","977,25K","-0,88%"
"08.12.2025","10,820","10,795","10,935","10,765","1,05M","0,65%"
"05.12.2025","10,750","10,780","10,980","10,740","1,30M","0,19%"
"04.12.2025","10,730","10,460","10,730","10,380","1,28M","3,57%"
"03.12.2025","10,360","10,400","10,550","10,355","1,18M","-0,67%"
"02.12.2025","10,430","10,480","10,575","10,430","586,55K","-0,71%"
"01.12.2025","10,505","10,500","10,505","10,405","809,82K","-0,24%"
"28.11.2025","10,530","10,620","10,620","10,455","662,74K","-0,57%"
"27.11.2025","10,590","10,505","10,625","10,475","507,96K","1,05%"
"26.11.2025","10,480","10,470","10,520","10,335","649,53K","1,45%"
"25.11.2025","10,330","10,270","10,350","10,070","1,07M","0,29%"
"24.11.2025","10,300","10,260","10,320","10,140","2,19M","1,53%"
"21.11.2025","10,145","10,000","10,220","9,910","1,57M","0,00%"
"20.11.2025","10,145","10,310","10,350","10,145","1,22M","-0,88%"
"19.11.2025","10,235","10,335","10,375","10,235","1,02M","-0,78%"
"18.11.2025","10,315","10,455","10,455","10,240","1,46M","-2,55%"
"17.11.2025","10,585","10,700","10,770","10,585","877,39K","-0,70%"
"14.11.2025","10,660","10,890","10,890","10,540","1,34M","-2,47%"
"13.11.2025","10,930","10,970","10,980","10,810","1,15M","0,88%"
"12.11.2025","10,835","10,620","10,845","10,615","1,13M","3,09%"
"11.11.2025","10,510","10,750","10,755","10,510","1,36M","-2,00%"
"10.11.2025","10,725","10,460","10,765","10,460","1,43M","3,42%"
"07.11.2025","10,370","10,370","10,510","10,225","1,62M","-0,48%"
"06.11.2025","10,420","10,745","10,795","10,365","1,99M","-3,02%"
"05.11.2025","10,745","10,880","10,925","10,500","4,04M","-3,24%"
"04.11.2025","11,105","11,200","11,370","11,070","1,74M","-1,11%"
"03.11.2025","11,230","11,350","11,490","11,230","2,14M","-0,04%"
"31.10.2025","11,235","11,380","11,480","11,155","1,34M","-1,06%"
"30.10.2025","11,355","11,395","11,480","11,345","742,80K","-0,61%"
"29.10.2025","11,425","11,415","11,520","11,370","678,27K","0,09%"
"28.10.2025","11,415","11,575","11,585","11,380","1,25M","-1,13%"
"27.10.2025","11,545","11,410","11,545","11,240","1,55M","2,08%"
"24.10.2025","11,310","11,440","11,470","11,215","1,04M","-0,66%"
"23.10.2025","11,385","11,385","11,470","11,255","1,14M","0,13%"
"22.10.2025","11,370","11,210","11,425","10,890","3,81M","-0,52%"
"21.10.2025","11,430","11,790","11,790","11,360","2,08M","-2,56%"
"20.10.2025","11,730","11,930","11,930","11,655","1,00M","-0,72%"
"17.10.2025","11,815","11,880","11,990","11,815","1,79M","-2,36%"
"16.10.2025","12,100","12,000","12,150","11,940","1,05M","0,83%"
"15.10.2025","12,000","12,150","12,205","11,975","939,96K","-0,46%"
"14.10.2025","12,055","11,995","12,095","11,940","819,70K","-0,82%"
"13.10.2025","12,155","11,840","12,155","11,840","1,23M","2,88%"
"10.10.2025","11,815","12,150","12,170","11,815","1,92M","-2,32%"
"09.10.2025","12,095","12,250","12,325","12,065","1,05M","-1,87%"
"08.10.2025","12,325","12,170","12,365","12,140","801,85K","1,02%"
"07.10.2025","12,200","12,105","12,390","12,080","931,47K","0,78%"
"06.10.2025","12,105","12,500","12,510","12,105","1,64M","-3,35%"
"03.10.2025","12,525","12,730","12,835","12,525","921,84K","-0,67%"
"02.10.2025","12,610","12,470","12,870","12,425","1,92M","1,45%"
"01.10.2025","12,430","12,380","12,450","12,265","1,08M","0,85%"
"30.09.2025","12,325","12,285","12,475","12,220","1,10M","0,20%"
"29.09.2025","12,300","12,105","12,475","12,095","1,21M","2,16%"
"26.09.2025","12,040","11,985","12,070","11,915","857,69K","0,46%"
"25.09.2025","11,985","12,220","12,255","11,965","846,58K","-2,12%"
"24.09.2025","12,245","12,250","12,280","12,100","834,39K","0,00%"
"23.09.2025","12,245","11,955","12,255","11,915","1,18M","2,81%"
"22.09.2025","11,910","12,040","12,045","11,860","834,28K","-1,08%"
"19.09.2025","12,040","11,860","12,145","11,860","1,49M","1,13%"
"18.09.2025","11,905","12,065","12,115","11,895","808,12K","-1,20%"
"17.09.2025","12,050","12,135","12,135","11,875","1,15M","-0,66%"
"16.09.2025","12,130","11,950","12,185","11,925","1,33M","1,00%"
"15.09.2025","12,010","12,010","12,170","11,980","751,21K","-0,33%"
"12.09.2025","12,050","12,225","12,230","12,050","560,94K","-1,43%"
"11.09.2025","12,225","12,160","12,265","11,920","1,20M","0,53%"
"10.09.2025","12,160","12,245","12,325","12,140","699,93K","-0,65%"
"09.09.2025","12,240","12,385","12,425","12,100","874,02K","-1,37%"
"08.09.2025","12,410","12,400","12,500","12,330","910,44K","0,89%"
"05.09.2025","12,300","12,380","12,380","12,225","939,56K","0,16%"
"04.09.2025","12,280","11,820","12,280","11,800","1,30M","3,02%"
"03.09.2025","11,920","11,860","12,020","11,840","1,10M","0,72%"
"02.09.2025","11,835","12,160","12,175","11,790","1,59M","-2,67%"
"01.09.2025","12,160","12,155","12,205","12,080","814,98K","0,75%"
"29.08.2025","12,070","12,185","12,275","12,065","755,14K","-0,86%"
"28.08.2025","12,175","12,145","12,235","12,075","822,53K","0,16%"
"27.08.2025","12,155","12,100","12,275","12,035","930,97K","0,50%"
"26.08.2025","12,095","12,160","12,205","12,045","1,87M","-1,18%"
"25.08.2025","12,240","12,400","12,415","12,240","638,42K","-1,25%"
"22.08.2025","12,395","12,380","12,445","12,310","749,07K","0,12%"
"21.08.2025","12,380","12,290","12,380","12,210","956,96K","0,73%"
"20.08.2025","12,290","12,365","12,400","12,185","1,40M","-0,61%"
"19.08.2025","12,365","12,555","12,560","12,230","1,98M","-1,67%"
"18.08.2025","12,575","12,500","12,575","12,395","754,55K","0,64%"
"15.08.2025","12,495","12,665","12,695","12,430","914,54K","-0,48%"
"14.08.2025","12,555","12,695","12,860","12,540","1,07M","-0,87%"
"13.08.2025","12,665","12,520","12,875","12,480","1,43M","2,18%"
"12.08.2025","12,395","12,685","12,690","12,395","1,83M","-1,70%"
"11.08.2025","12,610","12,830","12,850","12,605","1,00M","-2,66%"
"08.08.2025","12,955","12,820","13,000","12,790","1,07M","0,86%"
"07.08.2025","12,845","12,760","12,870","12,660","961,43K","0,27%"
"06.08.2025","12,810","12,930","12,950","12,765","1,18M","-1,31%"
"05.08.2025","12,980","13,130","13,150","12,945","1,08M","0,39%"
"04.08.2025","12,930","13,070","13,275","12,850","1,51M","0,04%"
"01.08.2025","12,925","13,000","13,060","12,765","2,23M","-1,49%"
"31.07.2025","13,120","13,460","13,700","13,075","2,80M","-2,92%"
"30.07.2025","13,515","12,910","13,645","12,835","7,97M","8,99%"
"29.07.2025","12,400","12,465","12,555","12,280","1,80M","-0,32%"
"28.07.2025","12,440","12,490","12,525","12,335","1,48M","1,06%"
"25.07.2025","12,310","12,105","12,315","12,085","965,90K","0,90%"
"24.07.2025","12,200","11,995","12,205","11,995","1,43M","2,61%"
"23.07.2025","11,890","11,880","11,950","11,790","1,02M","1,11%"
"22.07.2025","11,760","11,895","11,940","11,745","1,20M","-0,68%"
"21.07.2025","11,840","11,990","12,000","11,660","2,17M","-1,46%"
"18.07.2025","12,015","12,260","12,360","11,960","2,87M","-1,76%"
"17.07.2025","12,230","12,250","12,570","12,170","2,60M","0,74%"
"16.07.2025","12,140","11,605","12,245","11,605","3,90M","4,34%"
"15.07.2025","11,635","11,750","11,795","11,615","1,46M","-0,13%"
"14.07.2025","11,650","11,525","11,675","11,525","1,05M","0,26%"
"11.07.2025","11,620","11,570","11,775","11,525","2,03M","0,35%"
"10.07.2025","11,580","11,330","11,780","11,325","2,65M","1,94%"
"09.07.2025","11,360","10,660","11,460","10,595","5,69M","5,19%"
"08.07.2025","10,800","10,450","10,800","10,450","1,66M","2,96%"
"07.07.2025","10,490","10,550","10,560","10,415","777,39K","-0,62%"
"04.07.2025","10,555","10,585","10,585","10,430","792,82K","-0,38%"
"03.07.2025","10,595","10,650","10,770","10,540","1,22M","-0,05%"
"02.07.2025","10,600","10,490","10,675","10,380","2,12M","1,78%"
"01.07.2025","10,415","10,350","10,480","10,285","1,32M","0,63%"
"30.06.2025","10,350","10,400","10,485","10,350","1,11M","0,19%"
"27.06.2025","10,330","10,300","10,430","10,235","1,09M","0,78%"
"26.06.2025","10,250","9,972","10,275","9,972","1,62M","3,10%"
"25.06.2025","9,942","9,970","10,100","9,866","1,17M","0,00%"
"24.06.2025","9,942","10,300","10,310","9,906","2,53M","-1,86%"
"23.06.2025","10,130","10,190","10,285","10,065","1,40M","-1,94%"
"20.06.2025","10,330","10,120","10,330","10,120","3,46M","2,33%"
"19.06.2025","10,095","10,285","10,305","10,060","1,77M","-2,70%"
"18.06.2025","10,375","10,480","10,550","10,250","2,17M","-1,24%"
"17.06.2025","10,505","10,575","10,735","10,430","1,67M","-1,18%"
"16.06.2025","10,630","10,200","10,655","10,195","2,63M","4,27%"
"13.06.2025","10,195","10,205","10,350","10,080","2,72M","-3,23%"
"12.06.2025","10,535","10,465","10,600","10,435","1,71M","0,67%"
"11.06.2025","10,465","10,520","10,520","10,280","1,82M","-0,48%"
"10.06.2025","10,515","10,400","10,545","10,370","1,75M","1,40%"
"09.06.2025","10,370","10,350","10,530","10,350","1,88M","0,68%"
"06.06.2025","10,300","10,325","10,350","10,175","1,53M","0,10%"
"05.06.2025","10,290","10,170","10,310","10,045","3,36M","2,08%"
"04.06.2025","10,080","9,710","10,150","9,694","3,16M","4,35%"
"03.06.2025","9,660","9,660","9,696","9,460","1,51M","0,37%"
"02.06.2025","9,624","9,450","9,720","9,390","1,99M","1,63%"
"30.05.2025","9,470","9,530","9,546","9,418","2,22M","-0,25%"
"29.05.2025","9,494","9,550","9,660","9,450","1,49M","0,47%"
"28.05.2025","9,450","9,500","9,552","9,418","1,09M","-0,25%"
"27.05.2025","9,474","9,524","9,544","9,426","959,04K","0,00%"
"26.05.2025","9,474","9,486","9,574","9,356","1,30M","1,81%"
"23.05.2025","9,306","9,450","9,560","9,060","3,30M","-0,39%"
"22.05.2025","9,342","9,498","9,590","9,214","2,29M","-1,93%"
"21.05.2025","9,526","9,372","9,558","9,368","2,37M","1,66%"
"20.05.2025","9,370","9,262","9,370","9,176","2,29M","2,29%"
"19.05.2025","9,160","9,050","9,164","8,950","2,87M","1,78%"
"16.05.2025","9,000","8,716","9,066","8,614","2,52M","4,60%"
"15.05.2025","8,604","8,600","8,756","8,440","2,47M","-0,19%"
"14.05.2025","8,620","8,940","9,094","8,602","3,42M","-3,51%"
"13.05.2025","8,934","8,640","9,092","8,570","6,23M","6,46%"
"12.05.2025","8,392","8,136","8,410","8,010","2,29M","3,22%"
"09.05.2025","8,130","8,160","8,194","8,080","4,52K","-0,34%"
"08.05.2025","8,158","8,220","8,254","8,066","1,56M","-0,15%"
"07.05.2025","8,170","8,304","8,310","8,160","2,71K","-2,16%"
"06.05.2025","8,350","8,560","8,568","8,320","5,02K","-2,29%"
"05.05.2025","8,546","8,586","8,620","8,506","7,76K","0,21%"
"02.05.2025","8,528","8,520","8,580","8,364","1,41M","2,82%"
"30.04.2025","8,294","8,390","8,542","8,208","1,88M","-0,79%"
"29.04.2025","8,360","8,494","8,508","8,270","5,06K","-1,46%"
"28.04.2025","8,484","8,590","8,626","8,446","4,01K","-0,35%"
"25.04.2025","8,514","8,490","8,566","8,454","969,46K","0,78%"
"24.04.2025","8,448","8,380","8,484","8,318","1,14M","0,64%"
"23.04.2025","8,394","8,520","8,544","8,382","9,57K","0,50%"
"22.04.2025","8,352","8,096","8,352","8,020","1,26M","3,52%"
"17.04.2025","8,068","8,150","8,242","8,016","0,10K","-1,78%"
"16.04.2025","8,214","8,200","8,214","7,978","0,61K","-1,23%"
"15.04.2025","8,316","8,170","8,316","8,130","1,80M","1,79%"
"14.04.2025","8,170","8,090","8,170","8,000","1,79M","4,34%"
"11.04.2025","7,830","8,004","8,006","7,660","2,70M","-0,63%"
"10.04.2025","7,880","8,866","8,880","7,848","0,60K","6,63%"
"09.04.2025","7,390","7,832","7,832","7,350","0,55K","-7,88%"
"08.04.2025","8,022","8,228","8,232","7,850","4,00K","2,64%"
"07.04.2025","7,816","7,706","8,286","7,324","5,46M","-3,70%"
"04.04.2025","8,116","8,352","8,388","7,944","2,95K","-3,01%"
"03.04.2025","8,368","8,550","8,712","8,362","4,36M","-0,17%"
"02.04.2025","8,382","8,622","9,368","8,330","0,22K","3,02%"
"01.04.2025","8,136","8,274","8,398","8,066","3,12M","-0,76%"
"31.03.2025","8,198","8,550","8,554","8,152","2,39K","-4,43%"
"28.03.2025","8,578","8,744","8,790","8,574","1,75M","-0,83%"
"27.03.2025","8,650","8,940","8,940","8,640","2,95M","-3,07%"
"26.03.2025","8,924","9,100","9,100","8,854","7,07K","-2,15%"
"25.03.2025","9,120","9,280","9,280","9,102","1,20M","-0,72%"
"24.03.2025","9,186","9,276","9,292","9,136","1,34M","-0,15%"
"21.03.2025","9,200","9,348","9,370","9,176","2,82M","-2,13%"
"20.03.2025","9,400","9,648","9,756","9,374","1,64M","-2,12%"
"19.03.2025","9,604","9,600","9,688","9,540","2,30K","-0,25%"
"18.03.2025","9,628","9,596","9,780","9,574","1,19M","1,28%"
"17.03.2025","9,506","9,506","9,600","9,442","965,72K","1,24%"
"14.03.2025","9,390","9,314","9,524","9,246","1,20M","1,62%"
"13.03.2025","9,240","9,306","9,436","9,212","1,38M","-1,49%"
"12.03.2025","9,380","9,502","9,630","9,164","2,75M","-0,55%"
"11.03.2025","9,432","10,000","10,045","9,224","36,00K","-6,29%"
"10.03.2025","10,065","10,340","10,390","9,846","4,29M","-3,41%"
"07.03.2025","10,420","10,560","10,630","10,375","2,14M","-2,25%"
"06.03.2025","10,660","11,000","11,075","10,565","0,13K","-2,51%"
"05.03.2025","10,935","10,935","11,270","10,905","3,54M","1,82%"
"04.03.2025","10,740","11,000","11,080","10,650","18,34K","-2,36%"
"03.03.2025","11,000","10,810","11,000","10,725","4,04M","3,58%"
"28.02.2025","10,620","10,810","10,810","10,200","1,12K","-3,41%"
"27.02.2025","10,995","9,980","10,995","9,900","11,45M","14,32%"
"26.02.2025","9,618","9,650","9,820","9,574","2,45K","-0,12%"
"25.02.2025","9,630","9,580","9,738","9,530","0,65K","0,90%"
"24.02.2025","9,544","9,304","9,574","9,282","1,73M","2,56%"
"21.02.2025","9,306","9,446","9,446","9,204","1,66M","-1,81%"
"20.02.2025","9,478","9,484","9,526","9,394","5,05K","0,08%"
"19.02.2025","9,470","9,410","9,570","9,382","4,24K","-0,04%"
"18.02.2025","9,474","9,500","9,560","9,410","1,85M","0,21%"
"17.02.2025","9,454","9,168","9,454","9,168","2,23M","3,19%"
"14.02.2025","9,162","9,100","9,258","9,062","0,38K","1,26%"
"13.02.2025","9,048","8,856","9,068","8,830","2,37M","3,05%"
"12.02.2025","8,780","8,680","8,930","8,674","0,50K","2,69%"
"11.02.2025","8,550","8,486","8,550","8,438","1,24M","1,11%"
"10.02.2025","8,456","8,372","8,534","8,372","0,17K","1,37%"
"07.02.2025","8,342","8,456","8,466","8,314","1,31M","-1,35%"
"06.02.2025","8,456","8,374","8,472","8,302","1,58M","2,15%"
"05.02.2025","8,278","8,150","8,296","8,080","0,72K","1,95%"
"04.02.2025","8,120","8,174","8,258","8,060","1,12K","-0,34%"
"03.02.2025","8,148","8,200","8,282","8,032","0,39K","-1,78%"
"31.01.2025","8,296","8,480","8,584","8,296","0,98K","-1,24%"
"30.01.2025","8,400","8,560","8,608","8,382","2,26M","-1,55%"
"29.01.2025","8,532","8,570","8,744","8,512","1,50M","-0,21%"
"28.01.2025","8,550","8,692","8,736","8,550","1,46M","-1,16%"
"27.01.2025","8,650","8,598","8,792","8,562","1,34M","0,39%"
"24.01.2025","8,616","8,672","8,790","8,560","1,89M","1,20%"
"23.01.2025","8,514","8,900","8,920","8,442","3,32M","-4,14%"
"22.01.2025","8,882","8,862","9,192","8,850","1,80M","0,38%"
"21.01.2025","8,848","8,840","8,866","8,788","811,81K","-0,02%"
"20.01.2025","8,850","8,878","8,934","8,830","1,08M","-0,45%"
"17.01.2025","8,890","8,840","9,014","8,796","1,61M","0,05%"
"16.01.2025","8,886","9,100","9,116","8,832","6,80K","-1,13%"
"15.01.2025","8,988","9,010","9,106","8,860","1,90M","-0,27%"
"14.01.2025","9,012","8,856","9,040","8,804","1,54M","2,64%"
"13.01.2025","8,780","9,054","9,054","8,742","2,06M","-3,07%"
"10.01.2025","9,058","9,190","9,212","9,038","1,86M","-0,57%"
"09.01.2025","9,110","9,318","9,468","9,110","1,54M","-3,29%"
"08.01.2025","9,420","9,592","9,594","9,308","1,23M","-1,98%"
"07.01.2025","9,610","9,600","9,628","9,416","1,35M","0,54%"
"06.01.2025","9,558","9,430","9,588","9,404","1,04M","1,70%"
"03.01.2025","9,398","9,500","9,590","9,324","927,20K","-0,61%"
"02.01.2025","9,456","9,200","9,456","9,168","1,17M","3,37%"
"31.12.2024","9,148","9,050","9,248","9,050","788,12K","-0,39%"
"30.12.2024","9,184","9,122","9,186","9,040","1,21M","0,04%"
"27.12.2024","9,180","9,242","9,392","9,124","1,16M","-0,65%"
"24.12.2024","9,240","9,200","9,304","9,154","293,55K","0,41%"
"23.12.2024","9,202","9,226","9,260","9,094","1,23M","-0,71%"
"20.12.2024","9,268","9,510","9,510","9,232","2,22M","-2,44%"
"19.12.2024","9,500","9,520","9,528","9,318","1,60M","-1,60%"
"18.12.2024","9,654","9,950","9,950","9,498","1,33K","-1,19%"
"17.12.2024","9,770","9,778","9,900","9,686","3,77K","0,60%"
"16.12.2024","9,712","9,442","9,896","9,404","2,28M","3,83%"
"13.12.2024","9,354","9,492","9,678","9,352","1,64M","-2,36%"
"12.12.2024","9,580","9,166","9,926","9,166","4,90M","8,44%"
"11.12.2024","8,834","8,940","8,940","8,746","1,03M","-0,67%"
"10.12.2024","8,894","8,860","8,954","8,812","1,60M","1,02%"
"09.12.2024","8,804","8,722","8,834","8,652","1,50M","2,02%"
"06.12.2024","8,630","8,700","8,762","8,600","1,23M","-1,21%"
"05.12.2024","8,736","8,630","8,870","8,620","1,72M","1,23%"
"04.12.2024","8,630","8,548","8,744","8,286","2,33M","0,96%"
"03.12.2024","8,548","8,428","8,620","8,426","2,19M","2,13%"
"02.12.2024","8,370","8,550","8,604","8,280","3,21M","-2,86%"
"29.11.2024","8,616","8,568","8,892","8,450","3,75M","0,42%"
"28.11.2024","8,580","9,644","9,644","8,330","7,56M","-11,44%"
"27.11.2024","9,688","10,660","10,670","9,180","8,31M","-9,08%"
"26.11.2024","10,655","10,585","10,745","10,460","759,38K","-0,28%"
"25.11.2024","10,685","10,680","10,755","10,575","1,94M","0,80%"
"22.11.2024","10,600","10,435","10,680","10,410","1,25M","1,92%"
"21.11.2024","10,400","10,455","10,465","10,285","1,27M","-0,62%"
"20.11.2024","10,465","10,400","10,495","10,315","1,40M","1,21%"
"19.11.2024","10,340","10,850","10,880","10,080","4,40M","-5,09%"
"18.11.2024","10,895","10,970","11,040","10,490","3,16M","-2,07%"
"15.11.2024","11,125","11,220","11,290","10,950","1,71M","-1,51%"
"14.11.2024","11,295","11,070","11,300","10,950","2,02M","4,05%"
"13.11.2024","10,855","10,550","10,920","10,500","1,29M","2,21%"
"12.11.2024","10,620","10,910","10,940","10,620","1,40M","-2,66%"
"11.11.2024","10,910","11,150","11,210","10,910","1,47M","-1,98%"
"08.11.2024","11,130","10,800","11,350","10,720","5,08M","4,36%"
"07.11.2024","10,665","10,450","10,720","10,435","1,81M","2,11%"
"06.11.2024","10,445","10,495","10,700","10,300","2,36M","1,11%"
"05.11.2024","10,330","10,500","10,605","10,260","1,53M","-0,67%"
"04.11.2024","10,400","10,440","10,685","10,390","1,50M","-0,34%"
"01.11.2024","10,435","10,310","10,435","10,200","1,60M","1,85%"
"31.10.2024","10,245","10,320","10,320","10,110","1,77M","-0,73%"
"30.10.2024","10,320","9,980","10,330","9,980","1,81M","3,51%"
"29.10.2024","9,970","10,035","10,465","9,922","3,12M","-0,30%"
"28.10.2024","10,000","10,050","10,110","9,694","1,82M","-2,39%"
"25.10.2024","10,245","10,110","10,260","10,065","821,81K","1,29%"
"24.10.2024","10,115","10,115","10,285","10,050","1,10M","0,30%"
"23.10.2024","10,085","10,230","10,230","10,030","991,93K","-0,84%"
"22.10.2024","10,170","9,892","10,195","9,854","1,23M","1,70%"
"21.10.2024","10,000","10,040","10,230","9,966","1,12M","0,08%"
"18.10.2024","9,992","9,870","9,992","9,766","1,53M","1,48%"
"17.10.2024","9,846","9,728","9,990","9,728","977,79K","0,61%"
"16.10.2024","9,786","9,690","9,786","9,610","789,10K","0,49%"
"15.10.2024","9,738","9,744","9,814","9,672","828,40K","1,02%"
"14.10.2024","9,640","9,746","9,808","9,618","850,80K","-0,58%"
"11.10.2024","9,696","9,930","10,000","9,664","1,05M","-2,40%"
"10.10.2024","9,934","10,175","10,230","9,812","1,42M","-1,64%"
"09.10.2024","10,100","10,075","10,165","10,070","423,04K","0,20%"
"08.10.2024","10,080","10,080","10,260","10,025","834,89K","-0,98%"
"07.10.2024","10,180","10,295","10,310","10,115","989,08K","-0,44%"
"04.10.2024","10,225","10,185","10,225","10,120","1,26M","0,94%"
"03.10.2024","10,130","10,075","10,215","10,075","974,32K","0,80%"
"02.10.2024","10,050","9,908","10,070","9,850","959,89K","1,17%"
"01.10.2024","9,934","10,250","10,270","9,838","1,20M","-2,85%"
"30.09.2024","10,225","10,060","10,255","9,680","1,59M","0,74%"
"27.09.2024","10,150","9,872","10,230","9,828","2,28M","3,09%"
"26.09.2024","9,846","9,320","10,025","9,300","2,17M","4,72%"
"25.09.2024","9,402","9,434","9,506","9,376","890,07K","-0,82%"
"24.09.2024","9,480","9,650","9,680","9,402","1,17M","-0,63%"
"23.09.2024","9,540","9,800","9,800","9,540","1,56M","-2,99%"
"20.09.2024","9,834","10,100","10,240","9,834","2,05M","-2,39%"
"19.09.2024","10,075","10,160","10,245","10,010","1,15M","0,15%"
"18.09.2024","10,060","10,225","10,235","10,005","1,08M","-2,00%"
"17.09.2024","10,265","10,120","10,345","10,100","1,27M","1,63%"
"16.09.2024","10,100","10,240","10,300","10,040","859,96K","-1,37%"
"13.09.2024","10,240","10,055","10,245","10,005","1,68M","2,20%"
"12.09.2024","10,020","9,904","10,020","9,730","2,36M","2,16%"
"11.09.2024","9,808","9,288","9,834","9,250","1,66M","6,29%"
"10.09.2024","9,228","9,306","9,414","9,154","828,99K","-0,75%"
"09.09.2024","9,298","9,336","9,384","9,264","920,81K","-0,09%"
"06.09.2024","9,306","9,520","9,582","9,270","1,21M","-2,21%"
"05.09.2024","9,516","9,688","9,792","9,358","2,07M","-2,52%"
"04.09.2024","9,762","9,702","9,872","9,520","1,39M","-0,99%"
"03.09.2024","9,860","10,045","10,110","9,718","1,22M","-1,84%"
"02.09.2024","10,045","10,000","10,100","9,872","953,83K","0,25%"
"30.08.2024","10,020","9,970","10,195","9,968","3,32M","1,44%"
"29.08.2024","9,878","9,850","9,962","9,826","1,62M","0,30%"
"28.08.2024","9,848","9,776","9,900","9,756","1,15M","0,76%"
"27.08.2024","9,774","9,660","9,810","9,658","1,32M","2,05%"
"26.08.2024","9,578","9,700","9,864","9,530","1,63M","-2,05%"
"23.08.2024","9,778","9,474","9,810","9,380","2,77M","3,62%"
"22.08.2024","9,436","9,220","9,650","9,062","2,80M","2,34%"
"21.08.2024","9,220","8,886","9,462","8,692","5,26M","3,88%"
"20.08.2024","8,876","8,788","8,950","8,690","1,43M","2,05%"
"19.08.2024","8,698","8,480","8,712","8,476","1,05M","2,57%"
"16.08.2024","8,480","8,286","8,506","8,220","1,38M","3,24%"
"15.08.2024","8,214","8,364","8,410","8,178","1,13M","-1,08%"
"14.08.2024","8,304","8,282","8,430","8,264","1,13M","0,56%"
"13.08.2024","8,258","8,700","8,712","8,110","3,73M","-5,38%"
"12.08.2024","8,728","8,800","8,928","8,688","784,58K","-0,48%"
"09.08.2024","8,770","8,900","8,924","8,730","678,01K","-0,57%"
"08.08.2024","8,820","8,900","8,964","8,802","919,55K","-1,41%"
"07.08.2024","8,946","8,880","9,002","8,772","1,47M","2,87%"
"06.08.2024","8,696","8,700","8,868","8,626","1,84M","2,57%"
"05.08.2024","8,478","8,700","8,750","8,330","2,30M","-4,35%"
"02.08.2024","8,864","8,950","9,116","8,858","1,21M","-1,86%"
"01.08.2024","9,032","9,196","9,244","8,998","1,36M","-2,86%"
"31.07.2024","9,298","9,344","9,466","9,128","2,97M","2,51%"
"30.07.2024","9,070","9,184","9,288","8,580","2,47M","-0,26%"
"29.07.2024","9,094","9,208","9,392","9,066","1,10M","-1,30%"
"26.07.2024","9,214","9,080","9,264","9,020","877,32K","1,48%"
"25.07.2024","9,080","9,146","9,146","8,950","1,13M","-1,05%"
"24.07.2024","9,176","8,978","9,258","8,862","1,49M","1,80%"
"23.07.2024","9,014","9,190","9,200","8,962","1,69M","-1,40%"
"22.07.2024","9,142","9,368","9,450","9,112","1,71M","-0,93%"
"19.07.2024","9,228","9,226","9,414","9,074","1,72M","-0,19%"
"18.07.2024","9,246","9,202","9,382","9,158","1,76M","0,50%"
"17.07.2024","9,200","9,102","9,282","9,028","1,36M","0,61%"
"16.07.2024","9,144","9,162","9,386","8,952","2,34M","-0,72%"
"15.07.2024","9,210","9,650","9,718","9,210","3,32M","-6,35%"
"12.07.2024","9,834","10,035","10,100","9,826","2,25M","-1,91%"
"11.07.2024","10,025","10,125","10,130","9,904","3,08M","-0,94%"
"10.07.2024","10,120","9,550","10,190","9,520","5,04M","4,76%"
"09.07.2024","9,660","9,962","10,430","9,636","6,78M","-2,05%"
"08.07.2024","9,862","9,500","10,805","9,500","13,55M","9,70%"
"05.07.2024","8,990","8,630","8,998","8,630","2,33M","4,17%"
"04.07.2024","8,630","8,350","8,678","8,250","1,89M","2,49%"
"03.07.2024","8,420","8,100","8,500","7,990","2,98M","5,81%"
"02.07.2024","7,958","8,080","8,152","7,950","2,56M","-2,07%"
"01.07.2024","8,126","8,000","8,192","7,902","2,56M","3,38%"
"28.06.2024","7,860","8,250","8,250","7,858","3,10M","-1,38%"
"27.06.2024","7,970","8,780","8,780","7,770","10,44M","-12,22%"
"26.06.2024","9,080","9,144","9,356","9,070","1,65M","-0,29%"
"25.06.2024","9,106","9,356","9,452","9,056","1,28M","-2,51%"
"24.06.2024","9,340","9,134","9,366","9,084","1,56M","2,41%"
"21.06.2024","9,120","8,990","9,218","8,912","4,28M","0,82%"
"20.06.2024","9,046","8,840","9,046","8,582","2,33M","4,12%"
"19.06.2024","8,688","9,250","9,278","8,480","5,23M","-5,54%"
"18.06.2024","9,198","9,172","9,334","8,834","2,96M","0,57%"
"17.06.2024","9,146","9,310","9,458","9,060","1,49M","-0,46%"
"14.06.2024","9,188","9,222","9,320","9,064","1,83M","-0,65%"
"13.06.2024","9,248","9,262","9,400","9,170","1,16M","-1,11%"
"12.06.2024","9,352","9,020","9,436","8,970","1,83M","3,70%"
"11.06.2024","9,018","9,170","9,194","9,016","1,36M","-1,10%"
"10.06.2024","9,118","9,350","9,380","9,050","1,90M","-2,46%"
"07.06.2024","9,348","9,358","9,458","9,252","1,33M","-0,09%"
"06.06.2024","9,356","9,586","9,710","9,304","1,58M","-1,70%"
"05.06.2024","9,518","9,424","9,560","9,380","1,03M","1,41%"
"04.06.2024","9,386","9,614","9,666","9,370","1,36M","-2,35%"
"03.06.2024","9,612","9,420","9,656","9,356","2,15M","3,04%"
"31.05.2024","9,328","9,232","9,352","9,104","2,09M","1,46%"
"30.05.2024","9,194","8,950","9,210","8,908","1,39M","2,09%"
"29.05.2024","9,006","9,158","9,290","8,980","2,26M","-3,62%"
"28.05.2024","9,344","9,430","9,652","9,344","1,90M","-0,60%"
"27.05.2024","9,400","9,200","9,400","9,170","1,18M","2,58%"
"24.05.2024","9,164","9,058","9,248","8,950","1,62M","0,15%"
"23.05.2024","9,150","9,340","9,392","9,144","2,25M","-1,27%"
"22.05.2024","9,268","9,850","9,876","9,258","4,32M","-6,27%"
"21.05.2024","9,888","9,866","9,994","9,850","1,26M","-0,36%"
"20.05.2024","9,924","9,932","10,045","9,812","1,34M","0,38%"
"17.05.2024","9,886","9,920","10,140","9,882","1,90M","-0,64%"
"16.05.2024","9,950","10,200","10,290","9,910","3,39M","-2,26%"
"15.05.2024","10,180","9,800","10,435","9,722","7,30M","3,37%"
"14.05.2024","9,848","9,780","9,880","9,258","4,95M","0,49%"
"13.05.2024","9,800","9,470","9,800","9,450","3,25M","4,08%"
"10.05.2024","9,416","9,276","9,460","9,260","1,74M","0,58%"
"09.05.2024","9,362","9,320","9,410","9,100","1,97M","0,39%"
"08.05.2024","9,326","9,280","9,786","9,270","3,73M","0,43%"
"07.05.2024","9,286","9,530","9,530","9,250","2,64M","-2,46%"
"06.05.2024","9,520","8,998","9,646","8,950","5,49M","7,09%"
"03.05.2024","8,890","8,800","9,020","8,718","2,85M","1,69%"
"02.05.2024","8,742","8,840","9,140","8,670","3,54M","1,11%"
"30.04.2024","8,646","8,470","8,712","8,384","2,54M","2,32%"
"29.04.2024","8,450","8,498","8,570","8,406","1,40M","0,76%"
"26.04.2024","8,386","8,238","8,418","8,192","1,74M","3,71%"
"25.04.2024","8,086","8,352","8,556","8,006","3,15M","-3,46%"
"24.04.2024","8,376","8,754","8,756","8,330","2,34M","-3,26%"
"23.04.2024","8,658","8,350","8,794","8,248","3,25M","5,25%"
"22.04.2024","8,226","8,430","8,488","8,206","2,74M","-1,44%"
"19.04.2024","8,346","8,450","8,482","8,220","3,29M","-3,16%"
"18.04.2024","8,618","8,850","8,870","8,564","1,91M","-2,45%"
"17.04.2024","8,834","8,670","8,940","8,632","2,49M","1,59%"
"16.04.2024","8,696","8,480","8,696","8,316","2,10M","1,38%"
"15.04.2024","8,578","8,534","8,706","8,470","1,48M","0,05%"
"12.04.2024","8,574","8,860","8,900","8,484","3,19M","-1,58%"
"11.04.2024","8,712","9,102","9,260","8,418","4,57M","-4,28%"
"10.04.2024","9,102","9,502","9,670","9,020","7,27M","-3,58%"
"09.04.2024","9,440","9,608","9,660","9,376","3,43M","0,21%"
"08.04.2024","9,420","9,102","9,510","9,030","3,62M","4,32%"
"05.04.2024","9,030","8,824","9,280","8,738","6,15M","-0,27%"
"04.04.2024","9,054","8,786","9,080","8,730","4,19M","3,78%"
"03.04.2024","8,724","8,400","8,766","8,342","3,86M","3,93%"
"02.04.2024","8,394","8,324","8,490","8,252","2,61M","0,67%"
"28.03.2024","8,338","8,280","8,432","8,270","1,84M","0,51%"
"27.03.2024","8,296","8,330","8,418","8,208","1,85M","-0,10%"
"26.03.2024","8,304","8,154","8,316","8,120","2,13M","1,76%"
"25.03.2024","8,160","7,888","8,160","7,710","2,95M","3,11%"
"22.03.2024","7,914","8,740","9,162","7,650","11,86M","-6,03%"
"21.03.2024","8,422","8,196","8,502","8,152","4,03M","4,49%"
"20.03.2024","8,060","7,780","8,232","7,530","4,29M","4,08%"
"19.03.2024","7,744","7,508","7,798","7,500","2,86M","3,42%"
"18.03.2024","7,488","7,532","7,876","7,350","3,16M","-0,56%"
"15.03.2024","7,530","7,178","7,580","7,070","6,40M","4,53%"
"14.03.2024","7,204","7,900","7,900","7,030","8,87M","-9,34%"
"13.03.2024","7,946","7,986","8,252","7,800","4,00M","-2,48%"
"12.03.2024","8,148","8,666","8,700","8,000","5,74M","-3,96%"
"11.03.2024","8,484","8,634","9,256","7,730","9,53M","2,22%"
"08.03.2024","8,300","7,316","8,718","7,160","13,39M","19,70%"
"07.03.2024","6,934","6,800","7,140","6,632","8,37M","0,52%"
"06.03.2024","6,898","7,574","7,584","6,362","12,62M","-11,27%"
"05.03.2024","7,774","8,014","8,124","7,604","4,79M","-3,81%"
"04.03.2024","8,082","9,080","9,098","7,914","9,04M","-9,96%"
"01.03.2024","8,976","8,038","9,250","7,794","12,59M","18,35%"
"29.02.2024","7,584","11,550","11,600","7,522","17,63M","-34,93%"
"28.02.2024","11,655","11,705","12,035","11,455","2,52M","-1,15%"
"27.02.2024","11,790","11,835","11,910","11,625","2,11M","0,17%"
"26.02.2024","11,770","11,600","11,915","11,585","2,82M","2,39%"
"23.02.2024","11,495","11,120","11,495","11,070","2,15M","4,31%"
"22.02.2024","11,020","10,890","11,300","10,875","2,20M","2,04%"
"21.02.2024","10,800","10,900","11,045","10,765","1,39M","-1,19%"
"20.02.2024","10,930","10,905","11,365","10,175","4,47M","-0,36%"
"19.02.2024","10,970","10,600","10,990","10,600","1,13M","3,44%"
"16.02.2024","10,605","10,595","10,745","10,535","1,16M","0,81%"
"15.02.2024","10,520","10,690","10,725","10,520","1,16M","-0,89%"
"14.02.2024","10,615","10,400","10,690","10,400","1,51M","1,87%"
"13.02.2024","10,420","10,735","10,840","10,335","1,72M","-2,53%"
"12.02.2024","10,690","10,280","10,705","10,255","1,43M","4,45%"
"09.02.2024","10,235","10,100","10,325","10,010","1,10M","1,19%"
"08.02.2024","10,115","10,250","10,290","10,105","4,05M","-1,41%"
"07.02.2024","10,260","10,485","10,705","10,185","2,53M","-2,75%"
"06.02.2024","10,550","10,610","10,860","10,430","2,38M","1,64%"
"05.02.2024","10,380","10,255","10,510","10,215","1,67M","1,22%"
"02.02.2024","10,255","10,100","10,520","10,100","2,39M","1,89%"
"01.02.2024","10,065","10,045","10,185","9,700","2,42M","-0,79%"
"31.01.2024","10,145","10,475","10,480","10,065","3,03M","-2,92%"
"30.01.2024","10,450","10,030","10,530","10,030","4,23M","4,84%"
"29.01.2024","9,968","9,610","10,005","9,580","3,35M","4,27%"
"26.01.2024","9,560","9,400","9,606","9,300","1,77M","1,70%"
"25.01.2024","9,400","9,510","9,538","9,234","2,36M","-1,01%"
"24.01.2024","9,496","9,210","9,614","9,100","4,29M","5,63%"
"23.01.2024","8,990","8,920","9,356","8,756","4,40M","1,97%"
"22.01.2024","8,816","8,414","8,880","8,414","2,86M","5,35%"
"19.01.2024","8,368","8,416","8,500","8,136","4,16M","-0,52%"
"18.01.2024","8,412","8,550","8,568","8,282","3,46M","-2,41%"
"17.01.2024","8,620","8,900","9,050","8,370","5,05M","-4,05%"
"16.01.2024","8,984","9,000","9,280","8,830","5,09M","0,99%"
"15.01.2024","8,896","9,172","9,630","8,682","6,82M","0,25%"
"12.01.2024","8,874","9,700","9,700","8,140","14,40M","-10,40%"
"11.01.2024","9,904","11,795","11,860","9,712","12,01M","-16,17%"
"10.01.2024","11,815","10,760","11,960","9,920","13,45M","11,99%"
"09.01.2024","10,550","8,100","11,550","8,100","26,94M","-25,91%"
"08.01.2024","14,240","14,555","14,590","14,055","1,94M","-2,26%"
"05.01.2024","14,570","14,820","14,820","14,510","1,56M","-2,48%"
"04.01.2024","14,940","14,520","15,045","14,520","1,80M","3,32%"
"03.01.2024","14,460","14,820","14,925","14,415","1,64M","-2,69%"
"02.01.2024","14,860","15,380","15,630","14,765","3,47M","-3,85%"
"29.12.2023","15,455","14,220","15,920","14,220","4,30M","8,61%"
"28.12.2023","14,230","14,195","14,245","14,100","665,81K","0,35%"
"27.12.2023","14,180","14,300","14,465","14,090","877,08K","-0,70%"
"22.12.2023","14,280","14,230","14,360","14,085","614,76K","-0,45%"
"21.12.2023","14,345","14,290","14,420","14,230","648,59K","-1,17%"
"20.12.2023","14,515","14,460","14,675","14,390","1,16M","0,87%"
"19.12.2023","14,390","13,920","14,395","13,870","2,45M","3,97%"
"18.12.2023","13,840","13,850","14,040","13,680","1,36M","-0,97%"
"15.12.2023","13,975","14,250","14,345","13,915","1,93M","-1,76%"
"14.12.2023","14,225","14,350","14,535","13,990","2,26M","2,89%"
"13.12.2023","13,825","14,010","14,120","13,755","788,54K","-0,68%"
"12.12.2023","13,920","14,055","14,175","13,830","912,20K","-1,03%"
"11.12.2023","14,065","14,175","14,245","14,050","981,92K","-0,85%"
"08.12.2023","14,185","13,795","14,225","13,700","1,30M","3,20%"
"07.12.2023","13,745","13,820","14,105","13,520","1,74M","-1,40%"
"06.12.2023","13,940","13,395","13,940","13,350","2,35M","4,81%"
"05.12.2023","13,300","13,210","13,300","13,080","901,61K","0,68%"
"04.12.2023","13,210","13,000","13,230","12,925","999,87K","1,93%"
"01.12.2023","12,960","13,000","13,055","12,750","910,06K","-0,04%"
"30.11.2023","12,965","12,760","13,050","12,675","1,84M","2,41%"
"29.11.2023","12,660","12,885","12,980","12,630","1,62M","-1,75%"
"28.11.2023","12,885","13,220","13,730","12,780","2,38M","-1,75%"
"27.11.2023","13,115","13,030","13,385","13,030","844,55K","0,19%"
"24.11.2023","13,090","12,870","13,150","12,795","927,90K","1,75%"
"23.11.2023","12,865","12,770","12,890","12,630","696,77K","1,22%"
"22.11.2023","12,710","12,730","12,850","12,675","574,57K","-0,24%"
"21.11.2023","12,740","12,730","12,895","12,675","627,90K","0,20%"
"20.11.2023","12,715","12,710","12,775","12,600","903,26K","0,43%"
"17.11.2023","12,660","12,730","12,910","12,640","1,78M","-0,39%"
"16.11.2023","12,710","12,700","12,855","12,620","984,82K","-0,12%"
"15.11.2023","12,725","12,350","12,820","12,300","2,35M","3,75%"
"14.11.2023","12,265","11,775","12,365","11,705","1,58M","5,32%"
"13.11.2023","11,645","11,690","11,745","11,465","1,29M","0,95%"
"10.11.2023","11,535","11,990","12,095","11,520","1,53M","-4,83%"
"09.11.2023","12,120","12,130","12,190","11,930","684,40K","0,54%"
"08.11.2023","12,055","11,840","12,385","11,840","1,41M","2,07%"
"07.11.2023","11,810","11,695","11,865","11,585","730,17K","0,30%"
"06.11.2023","11,775","11,760","11,970","11,565","1,47M","1,16%"
"03.11.2023","11,640","11,840","12,230","11,590","1,90M","-1,94%"
"02.11.2023","11,870","10,715","12,030","10,715","3,45M","12,83%"
"01.11.2023","10,520","10,655","10,655","10,450","974,22K","-0,61%"
"31.10.2023","10,585","10,345","10,690","10,310","1,46M","3,07%"
"30.10.2023","10,270","10,200","10,360","10,160","998,05K","1,28%"
"27.10.2023","10,140","10,125","10,365","10,090","890,01K","1,10%"
"26.10.2023","10,030","9,962","10,235","9,848","1,23M","-0,25%"
"25.10.2023","10,055","10,420","10,460","9,840","1,60M","-3,36%"
"24.10.2023","10,405","10,300","10,520","10,260","908,76K","1,22%"
"23.10.2023","10,280","10,455","10,460","10,050","1,14M","-1,49%"
"20.10.2023","10,435","10,585","10,595","10,190","2,62M","-2,61%"
"19.10.2023","10,715","11,215","11,235","10,690","1,85M","-5,18%"
"18.10.2023","11,300","11,560","11,560","11,290","960,47K","-2,63%"
"17.10.2023","11,605","11,750","11,905","11,475","544,03K","-1,07%"
"16.10.2023","11,730","11,690","11,750","11,535","470,69K","0,09%"
"13.10.2023","11,720","11,900","11,965","11,700","608,55K","-1,88%"
"12.10.2023","11,945","12,195","12,210","11,905","532,91K","-0,79%"
"11.10.2023","12,040","12,130","12,260","12,035","825,61K","-0,82%"
"10.10.2023","12,140","11,760","12,145","11,760","1,70M","4,39%"
"09.10.2023","11,630","11,730","11,990","11,610","818,84K","-2,19%"
"06.10.2023","11,890","11,835","11,950","11,635","947,47K","0,85%"
"05.10.2023","11,790","11,600","11,850","11,495","1,58M","2,97%"
"04.10.2023","11,450","11,500","11,810","11,255","1,90M","-1,29%"
"03.10.2023","11,600","12,050","12,205","11,600","1,45M","-4,33%"
"02.10.2023","12,125","12,310","12,410","12,095","1,46M","-1,38%"
"29.09.2023","12,295","12,270","12,540","12,270","887,38K","1,07%"
"28.09.2023","12,165","12,150","12,260","12,070","840,40K","0,25%"
"27.09.2023","12,135","12,300","12,460","12,070","978,05K","-0,98%"
"26.09.2023","12,255","12,215","12,300","11,985","1,06M","0,25%"
"25.09.2023","12,225","12,345","12,460","12,095","852,04K","-0,97%"
"22.09.2023","12,345","12,495","12,560","12,320","1,42M","-1,36%"
"21.09.2023","12,515","12,950","12,965","12,515","1,18M","-3,95%"
"20.09.2023","13,030","13,100","13,250","13,030","552,10K","-0,38%"
"19.09.2023","13,080","13,045","13,250","13,025","389,31K","0,31%"
"18.09.2023","13,040","13,205","13,340","12,975","628,91K","-1,36%"
"15.09.2023","13,220","13,395","13,425","13,120","1,28M","-0,64%"
"14.09.2023","13,305","12,940","13,305","12,925","1,04M","2,82%"
"13.09.2023","12,940","13,015","13,015","12,685","916,50K","-1,52%"
"12.09.2023","13,140","12,730","13,230","12,730","1,65M","4,49%"
"11.09.2023","12,575","12,225","12,575","12,225","691,72K","3,58%"
"08.09.2023","12,140","12,270","12,345","11,850","1,38M","-0,90%"
"07.09.2023","12,250","12,520","12,590","12,210","965,22K","-2,82%"
"06.09.2023","12,605","12,530","12,705","12,510","622,91K","0,08%"
"05.09.2023","12,595","12,760","12,940","12,595","860,99K","-0,79%"
"04.09.2023","12,695","12,745","12,885","12,695","400,94K","0,12%"
"01.09.2023","12,680","12,625","12,885","12,620","656,74K","0,28%"
"31.08.2023","12,645","12,450","12,820","12,390","1,33M","1,24%"
"30.08.2023","12,490","12,800","12,830","12,455","1,21M","-2,04%"
"29.08.2023","12,750","12,740","12,855","12,610","1,45M","-1,58%"
"28.08.2023","12,955","12,955","13,030","12,865","","1,05%"
"25.08.2023","12,820","12,940","12,985","12,670","973,30K","-1,61%"
"24.08.2023","13,030","13,325","13,395","13,010","728,47K","-1,29%"
"23.08.2023","13,200","13,305","13,380","13,080","780,38K","-1,09%"
"22.08.2023","13,345","13,525","13,560","13,295","675,65K","-0,41%"
"21.08.2023","13,400","13,280","13,575","13,280","650,79K","1,13%"
"18.08.2023","13,250","13,530","13,575","13,180","995,87K","-2,07%"
"17.08.2023","13,530","13,380","13,770","13,380","1,02M","0,30%"
"16.08.2023","13,490","13,440","13,630","13,360","967,18K","0,00%"
"15.08.2023","13,490","13,300","13,490","13,220","669,85K","1,50%"
"14.08.2023","13,290","13,055","13,330","13,055","431,15K","1,53%"
"11.08.2023","13,090","13,155","13,275","13,050","507,07K","-1,24%"
"10.08.2023","13,255","12,990","13,330","12,990","953,09K","2,04%"
"09.08.2023","12,990","13,100","13,140","12,955","599,43K","0,27%"
"08.08.2023","12,955","12,720","13,005","12,655","989,79K","0,74%"
"07.08.2023","12,860","12,925","13,130","12,730","833,98K","-1,23%"
"04.08.2023","13,020","12,950","13,020","12,805","636,89K","1,64%"
"03.08.2023","12,810","12,790","12,965","12,735","630,00K","0,12%"
"02.08.2023","12,795","13,015","13,020","12,710","1,49M","-2,77%"
"01.08.2023","13,160","13,420","13,580","13,160","1,20M","-1,42%"
"31.07.2023","13,350","13,160","13,410","13,105","1,16M","1,60%"
"28.07.2023","13,140","13,200","13,275","13,020","1,39M","-0,45%"
"27.07.2023","13,200","13,580","13,640","13,155","2,10M","-2,76%"
"26.07.2023","13,575","13,110","13,585","13,100","1,46M","2,96%"
"25.07.2023","13,185","13,245","13,275","13,025","1,12M","-0,75%"
"24.07.2023","13,285","13,135","13,430","13,045","768,00K","-0,56%"
"21.07.2023","13,360","13,700","13,720","13,170","1,29M","-2,48%"
"20.07.2023","13,700","13,400","13,725","13,310","1,28M","1,11%"
"19.07.2023","13,550","13,170","13,675","13,150","1,72M","4,15%"
"18.07.2023","13,010","12,865","13,080","12,820","1,12M","1,25%"
"17.07.2023","12,850","12,160","12,860","11,885","2,43M","3,30%"
"14.07.2023","12,440","12,380","12,605","12,215","865,41K","-0,60%"
"13.07.2023","12,515","12,530","12,750","12,495","1,25M","0,12%"
"12.07.2023","12,500","12,410","12,670","12,210","1,31M","0,97%"
"11.07.2023","12,380","12,330","12,445","12,240","1,01M","0,90%"
"10.07.2023","12,270","12,150","12,270","12,110","1,11M","0,12%"
"07.07.2023","12,255","11,970","12,255","11,925","1,27M","2,30%"
"06.07.2023","11,980","11,900","12,260","11,710","1,78M","-0,91%"
"05.07.2023","12,090","11,975","12,090","11,910","937,01K","0,12%"
"04.07.2023","12,075","11,945","12,100","11,895","943,71K","1,90%"
"03.07.2023","11,850","11,800","12,000","11,700","937,48K","0,94%"
"30.06.2023","11,740","11,550","11,825","11,550","1,76M","1,87%"
"29.06.2023","11,525","11,660","11,880","11,525","1,01M","-1,16%"
"28.06.2023","11,660","11,350","11,670","11,270","899,19K","3,23%"
"27.06.2023","11,295","11,435","11,605","11,140","1,05M","-1,57%"
"26.06.2023","11,475","11,570","11,570","11,335","694,80K","0,09%"
"23.06.2023","11,465","11,595","11,630","11,320","1,03M","-2,13%"
"22.06.2023","11,715","11,500","11,715","11,350","685,74K","0,73%"
"21.06.2023","11,630","11,700","11,745","11,560","675,39K","-0,17%"
"20.06.2023","11,650","11,625","11,960","11,545","1,21M","-0,43%"
"19.06.2023","11,700","11,330","11,700","11,330","2,29M","3,63%"
"16.06.2023","11,290","11,390","11,460","11,170","2,37M","0,09%"
"15.06.2023","11,280","11,680","11,735","11,210","2,53M","-4,53%"
"14.06.2023","11,815","10,945","12,420","10,720","5,00M","6,78%"
"13.06.2023","11,065","11,405","11,410","10,900","1,54M","-2,04%"
"12.06.2023","11,295","11,400","11,470","11,245","1,03M","-0,83%"
"09.06.2023","11,390","11,440","11,505","11,270","874,07K","0,31%"
"08.06.2023","11,355","11,700","11,745","11,320","1,23M","-3,28%"
"07.06.2023","11,740","11,855","11,950","11,680","1,32M","-0,68%"
"06.06.2023","11,820","11,580","11,820","11,530","1,58M","1,59%"
"05.06.2023","11,635","11,600","11,770","11,555","1,22M","0,74%"
"02.06.2023","11,550","10,990","11,620","10,965","1,51M","6,50%"
"01.06.2023","10,845","10,965","11,080","10,705","1,04M","0,00%"
"31.05.2023","10,845","11,180","11,295","10,795","2,69M","-3,73%"
"30.05.2023","11,265","11,490","11,520","11,265","1,39M","-2,09%"
"29.05.2023","11,505","11,440","11,715","11,440","729,60K","1,41%"
"26.05.2023","11,345","11,295","11,455","11,160","758,32K","1,48%"
"25.05.2023","11,180","11,200","11,430","11,180","708,98K","0,04%"
"24.05.2023","11,175","11,500","11,500","11,100","1,25M","-3,37%"
"23.05.2023","11,565","11,725","11,770","11,560","1,31M","-1,24%"
"22.05.2023","11,710","11,500","11,730","11,380","1,63M","1,69%"
"19.05.2023","11,515","11,285","11,595","11,255","1,76M","2,77%"
"18.05.2023","11,205","11,145","11,265","11,060","869,28K","1,82%"
"17.05.2023","11,005","11,195","11,265","10,850","1,44M","-1,70%"
"16.05.2023","11,195","11,345","11,720","11,105","2,14M","-1,28%"
"15.05.2023","11,340","11,120","11,410","11,110","1,63M","2,07%"
"12.05.2023","11,110","11,010","11,180","10,855","1,28M","0,82%"
"11.05.2023","11,020","10,710","11,090","10,680","2,71M","3,18%"
"10.05.2023","10,680","10,435","10,845","10,160","3,24M","2,50%"
"09.05.2023","10,420","9,552","10,480","9,552","5,33M","9,36%"
"08.05.2023","9,528","9,590","9,688","9,336","2,23M","0,29%"
"05.05.2023","9,500","9,070","9,566","9,056","2,44M","5,98%"
"04.05.2023","8,964","8,934","8,990","8,762","1,73M","0,00%"
"03.05.2023","8,964","9,050","9,090","8,806","1,90M","-1,75%"
"02.05.2023","9,124","9,378","9,378","9,088","864,89K","-2,10%"
"28.04.2023","9,320","9,100","9,380","9,062","1,28M","2,89%"
"27.04.2023","9,058","9,010","9,106","8,930","822,59K","0,53%"
"26.04.2023","9,010","9,128","9,244","8,980","1,53M","-1,29%"
"25.04.2023","9,128","9,300","9,306","9,032","1,10M","-2,48%"
"24.04.2023","9,360","9,444","9,544","9,350","624,15K","-0,89%"
"21.04.2023","9,444","9,310","9,482","9,218","1,33M","1,20%"
"20.04.2023","9,332","9,590","9,622","9,326","1,87M","-0,96%"
"19.04.2023","9,422","9,336","9,500","9,142","1,93M","0,77%"
"18.04.2023","9,350","9,530","9,600","9,300","1,05M","-1,85%"
"17.04.2023","9,526","9,476","9,642","9,450","1,12M","1,45%"
"14.04.2023","9,390","9,584","9,600","9,372","1,20M","-1,84%"
"13.04.2023","9,566","9,512","9,572","9,232","1,76M","1,10%"
"12.04.2023","9,462","9,650","9,980","9,400","3,44M","1,31%"
"11.04.2023","9,340","9,470","9,600","9,280","1,83M","1,08%"
"06.04.2023","9,240","9,046","9,284","9,038","997,42K","2,26%"
"05.04.2023","9,036","8,966","9,066","8,876","1,15M","1,32%"
"04.04.2023","8,918","9,108","9,142","8,870","1,49M","-1,78%"
"03.04.2023","9,080","9,250","9,250","9,020","1,16M","-0,31%"
"31.03.2023","9,108","9,160","9,224","9,006","1,42M","-0,46%"
"30.03.2023","9,150","8,996","9,210","8,970","1,57M","2,88%"
"29.03.2023","8,894","9,024","9,032","8,750","1,47M","-0,45%"
"28.03.2023","8,934","9,138","9,180","8,892","1,11M","-1,19%"
"27.03.2023","9,042","8,866","9,124","8,760","1,32M","3,91%"
"24.03.2023","8,702","8,998","9,000","8,620","2,51M","-3,50%"
"23.03.2023","9,018","8,600","9,100","8,468","2,28M","4,28%"
"22.03.2023","8,648","8,840","8,948","8,648","1,31M","-2,63%"
"21.03.2023","8,882","8,550","8,982","8,450","1,99M","5,59%"
"20.03.2023","8,412","8,700","8,700","8,366","3,58M","-4,41%"
"17.03.2023","8,800","9,032","9,342","8,800","3,67M","-1,74%"
"16.03.2023","8,956","9,612","9,716","8,904","3,22M","-5,47%"
"15.03.2023","9,474","10,145","10,145","9,282","3,39M","-5,83%"
"14.03.2023","10,060","10,000","10,190","9,892","1,43M","0,55%"
"13.03.2023","10,005","10,265","10,305","9,854","2,62M","-2,53%"
"10.03.2023","10,265","10,150","10,465","10,090","1,90M","-0,48%"
"09.03.2023","10,315","10,605","10,605","10,295","2,38M","-2,92%"
"08.03.2023","10,625","10,805","10,890","10,605","2,35M","-2,66%"
"07.03.2023","10,915","10,965","11,060","10,840","1,74M","-0,32%"
"06.03.2023","10,950","11,160","11,175","10,825","3,48M","-3,61%"
"03.03.2023","11,360","11,630","11,700","11,355","1,87M","-1,30%"
"02.03.2023","11,510","11,560","11,760","11,330","1,73M","-1,07%"
"01.03.2023","11,635","11,550","11,860","11,305","2,65M","0,87%"
"28.02.2023","11,535","12,900","12,920","11,330","7,21M","-9,07%"
"27.02.2023","12,685","12,630","12,775","12,420","1,00M","0,63%"
"24.02.2023","12,605","13,000","13,000","12,545","1,32M","-2,29%"
"23.02.2023","12,900","12,860","13,110","12,860","1,94M","0,47%"
"22.02.2023","12,840","13,890","13,890","12,840","4,89M","-10,55%"
"21.02.2023","14,355","14,185","14,525","14,185","994,02K","1,09%"
"20.02.2023","14,200","14,210","14,360","14,140","919,71K","-0,56%"
"17.02.2023","14,280","13,715","14,315","13,405","3,63M","2,59%"
"16.02.2023","13,920","14,940","14,990","13,860","4,35M","2,47%"
"15.02.2023","13,585","13,570","13,645","13,400","866,73K","0,26%"
"14.02.2023","13,550","13,460","13,840","13,175","1,67M","1,46%"
"13.02.2023","13,355","13,545","13,555","13,240","1,20M","-1,87%"
"10.02.2023","13,610","13,800","13,800","13,300","1,94M","-2,26%"
"09.02.2023","13,925","14,275","14,385","13,730","1,94M","-2,42%"
"08.02.2023","14,270","13,980","14,440","13,920","1,75M","2,85%"
"07.02.2023","13,875","13,500","13,875","13,435","1,16M","2,55%"
"06.02.2023","13,530","13,455","13,700","13,345","1,05M","-0,84%"
"03.02.2023","13,645","13,135","13,800","13,030","2,29M","2,86%"
"02.02.2023","13,265","12,315","13,270","12,275","2,99M","9,27%"
"01.02.2023","12,140","12,100","12,360","12,050","1,21M","0,12%"
"31.01.2023","12,125","12,155","12,155","11,860","1,86M","-0,57%"
"30.01.2023","12,195","12,465","12,500","12,140","1,30M","-2,63%"
"27.01.2023","12,525","12,525","12,700","12,485","1,09M","-0,28%"
"26.01.2023","12,560","12,395","12,760","12,395","1,45M","1,58%"
"25.01.2023","12,365","12,280","12,365","12,110","1,14M","1,27%"
"24.01.2023","12,210","12,265","12,415","12,190","958,47K","-0,12%"
"23.01.2023","12,225","12,200","12,370","12,170","837,53K","0,70%"
"20.01.2023","12,140","12,065","12,155","11,935","1,45M","0,66%"
"19.01.2023","12,060","12,300","12,400","11,915","1,79M","-2,43%"
"18.01.2023","12,360","12,450","12,700","12,230","2,27M","1,19%"
"17.01.2023","12,215","12,500","12,500","12,190","1,57M","-2,59%"
"16.01.2023","12,540","12,500","12,630","12,375","1,01M","0,56%"
"13.01.2023","12,470","12,200","12,470","12,190","2,04M","2,68%"
"12.01.2023","12,145","12,210","12,325","11,855","2,48M","-0,04%"
"11.01.2023","12,150","11,840","12,290","11,825","2,32M","4,07%"
"10.01.2023","11,675","11,910","11,915","11,670","1,10M","-1,89%"
"09.01.2023","11,900","11,800","12,035","11,750","1,49M","1,02%"
"06.01.2023","11,780","11,710","11,840","11,545","1,11M","1,77%"
"05.01.2023","11,575","11,780","11,830","11,420","1,73M","-1,91%"
"04.01.2023","11,800","11,565","11,820","11,550","1,31M","2,61%"
"03.01.2023","11,500","11,195","11,660","11,080","1,77M","2,45%"
"02.01.2023","11,225","10,910","11,345","10,855","1,20M","4,22%"
"30.12.2022","10,770","10,930","10,975","10,740","2,15M","-1,46%"
"29.12.2022","10,930","10,600","10,930","10,490","995,69K","2,77%"
"28.12.2022","10,635","10,640","10,760","10,590","602,12K","-0,14%"
"27.12.2022","10,650","10,910","10,940","10,550","978,04K","-2,34%"
"23.12.2022","10,905","10,785","11,160","10,770","1,39M","1,21%"
"22.12.2022","10,775","10,625","10,820","10,615","1,00M","1,03%"
"21.12.2022","10,665","10,190","10,665","10,190","2,19M","5,07%"
"20.12.2022","10,150","10,100","10,260","9,934","1,34M","-0,20%"
"19.12.2022","10,170","10,425","10,430","10,145","1,01M","-2,16%"
"16.12.2022","10,395","10,620","10,770","10,230","2,53M","-3,12%"
"15.12.2022","10,730","10,790","10,955","10,620","1,73M","-0,88%"
"14.12.2022","10,825","10,740","10,910","10,590","1,99M","2,66%"
"13.12.2022","10,545","10,050","10,855","9,962","2,40M","5,13%"
"12.12.2022","10,030","10,190","10,270","10,005","1,08M","-1,57%"
"09.12.2022","10,190","10,035","10,340","10,015","1,40M","2,12%"
"08.12.2022","9,978","10,320","10,320","9,978","1,84M","-3,03%"
"07.12.2022","10,290","10,430","10,600","10,265","1,62M","-1,44%"
"06.12.2022","10,440","10,915","10,985","10,380","2,12M","-5,09%"
"05.12.2022","11,000","10,835","11,480","10,835","2,99M","3,63%"
"02.12.2022","10,615","10,525","10,800","10,430","1,52M","0,62%"
"01.12.2022","10,550","10,350","10,690","10,350","2,06M","3,89%"
"30.11.2022","10,155","9,968","10,160","9,926","2,85M","2,12%"
"29.11.2022","9,944","10,230","10,245","9,920","1,28M","-2,32%"
"28.11.2022","10,180","10,330","10,540","10,180","1,80M","-1,50%"
"25.11.2022","10,335","10,345","10,370","10,170","874,73K","-0,67%"
"24.11.2022","10,405","10,320","10,600","10,220","1,06M","0,53%"
"23.11.2022","10,350","10,190","10,445","10,035","1,44M","2,07%"
"22.11.2022","10,140","10,010","10,175","9,910","1,34M","1,40%"
"21.11.2022","10,000","9,704","10,080","9,570","1,60M","2,77%"
"18.11.2022","9,730","9,762","9,822","9,604","1,10M","-0,08%"
"17.11.2022","9,738","9,866","10,075","9,636","1,53M","-1,80%"
"16.11.2022","9,916","10,260","10,260","9,834","2,40M","-3,59%"
"15.11.2022","10,285","10,710","10,730","10,250","2,67M","-3,74%"
"14.11.2022","10,685","10,460","10,900","10,320","2,75M","4,40%"
"11.11.2022","10,235","9,870","10,365","9,812","3,35M","4,31%"
"10.11.2022","9,812","9,562","9,886","9,246","2,80M","2,34%"
"09.11.2022","9,588","9,620","9,880","9,478","2,38M","-1,44%"
"08.11.2022","9,728","9,164","9,800","8,676","4,27M","5,90%"
"07.11.2022","9,186","8,852","9,194","8,758","1,81M","3,77%"
"04.11.2022","8,852","8,740","8,952","8,640","1,04M","2,17%"
"03.11.2022","8,664","8,696","8,768","8,606","922,81K","-1,16%"
"02.11.2022","8,766","8,930","8,940","8,730","1,28M","-1,59%"
"01.11.2022","8,908","8,688","9,086","8,610","1,60M","3,51%"
"31.10.2022","8,606","8,498","8,654","8,444","1,03M","2,33%"
"28.10.2022","8,410","8,314","8,430","8,170","888,31K","0,12%"
"27.10.2022","8,400","8,688","8,764","8,378","1,38M","-3,40%"
"26.10.2022","8,696","8,400","8,708","8,334","1,22M","3,85%"
"25.10.2022","8,374","8,146","8,388","8,108","1,12M","3,18%"
"24.10.2022","8,116","8,162","8,166","7,882","2,06M","-0,20%"
"21.10.2022","8,132","8,412","8,442","7,820","3,29M","-5,16%"
"20.10.2022","8,574","8,300","8,642","8,192","1,95M","2,32%"
"19.10.2022","8,380","8,620","8,620","8,380","1,00M","-3,03%"
"18.10.2022","8,642","8,638","8,792","8,550","1,43M","0,72%"
"17.10.2022","8,580","8,414","8,610","8,320","1,22M","3,17%"
"14.10.2022","8,316","8,410","8,456","8,246","1,22M","0,82%"
"13.10.2022","8,248","8,232","8,530","8,122","1,54M","-0,43%"
"12.10.2022","8,284","8,594","8,594","8,220","1,37M","-3,47%"
"11.10.2022","8,582","8,430","8,632","8,280","1,42M","0,73%"
"10.10.2022","8,520","8,406","8,574","8,280","1,10M","0,02%"
"07.10.2022","8,518","8,600","8,754","8,420","1,30M","-2,23%"
"06.10.2022","8,712","8,570","8,842","8,568","1,20M","1,68%"
"05.10.2022","8,568","9,064","9,064","8,536","1,67M","-4,80%"
"04.10.2022","9,000","9,300","9,410","8,630","3,65M","0,25%"
"03.10.2022","8,978","8,834","9,000","8,500","2,09M","1,08%"
"30.09.2022","8,882","8,870","9,134","8,700","2,70M","0,54%"
"29.09.2022","8,834","9,054","9,060","8,614","3,14M","-2,73%"
"28.09.2022","9,082","9,480","9,622","9,044","2,50M","-5,28%"
"27.09.2022","9,588","10,105","10,115","9,580","1,62M","-4,98%"
"26.09.2022","10,090","9,980","10,370","9,892","2,32M","0,65%"
"23.09.2022","10,025","10,940","10,940","9,450","2,77M","-7,86%"
"22.09.2022","10,880","11,365","11,365","10,855","1,27M","-5,56%"
"21.09.2022","11,520","11,700","11,750","11,210","956,75K","-2,29%"
"20.09.2022","11,790","11,760","12,110","11,655","983,82K","0,90%"
"19.09.2022","11,685","11,700","11,870","11,470","788,51K","-0,60%"
"16.09.2022","11,755","12,060","12,085","11,685","1,67M","-2,45%"
"15.09.2022","12,050","12,200","12,255","11,915","939,18K","-1,11%"
"14.09.2022","12,185","12,490","12,490","11,975","1,08M","-2,64%"
"13.09.2022","12,515","12,505","12,740","12,475","1,25M","0,36%"
"12.09.2022","12,470","12,580","12,580","12,235","1,04M","0,00%"
"09.09.2022","12,470","11,940","12,655","11,920","1,68M","5,05%"
"08.09.2022","11,870","11,700","11,945","11,325","1,45M","3,94%"
"07.09.2022","11,420","11,320","11,455","11,260","716,98K","-0,26%"
"06.09.2022","11,450","11,425","11,530","11,330","736,76K","-0,48%"
"05.09.2022","11,505","11,635","11,695","11,365","777,55K","-2,66%"
"02.09.2022","11,820","11,630","11,835","11,615","877,44K","1,68%"
"01.09.2022","11,625","11,935","11,935","11,600","1,20M","-3,49%"
"31.08.2022","12,045","12,100","12,225","11,805","1,50M","-0,29%"
"30.08.2022","12,080","12,085","12,205","11,940","914,25K","-0,21%"
"29.08.2022","12,105","12,210","12,320","12,040","740,79K","-2,54%"
"26.08.2022","12,420","12,870","12,950","12,350","1,24M","-2,74%"
"25.08.2022","12,770","12,775","13,000","12,615","524,39K","0,27%"
"24.08.2022","12,735","12,750","12,785","12,430","1,32M","-0,12%"
"23.08.2022","12,750","13,070","13,080","12,630","1,43M","-3,15%"
"22.08.2022","13,165","13,220","13,280","12,985","681,83K","-0,42%"
"19.08.2022","13,220","13,240","13,320","13,160","767,68K","-0,71%"
"18.08.2022","13,315","13,600","13,670","13,150","900,62K","-1,77%"
"17.08.2022","13,555","13,795","13,815","13,420","787,14K","-1,74%"
"16.08.2022","13,795","13,835","13,970","13,735","780,55K","0,11%"
"15.08.2022","13,780","13,825","13,880","13,670","453,53K","0,18%"
"12.08.2022","13,755","13,880","14,020","13,700","1,04M","-0,61%"
"11.08.2022","13,840","13,835","13,995","13,750","869,09K","0,87%"
"10.08.2022","13,720","14,000","14,020","13,640","687,24K","-2,00%"
"09.08.2022","14,000","13,975","14,140","13,840","531,20K","0,36%"
"08.08.2022","13,950","14,250","14,300","13,930","869,06K","-0,89%"
"05.08.2022","14,075","14,000","14,230","13,725","1,28M","-0,07%"
"04.08.2022","14,085","13,415","14,085","13,185","1,58M","5,27%"
"03.08.2022","13,380","13,095","13,670","13,050","1,09M","2,18%"
"02.08.2022","13,095","13,515","13,570","13,025","1,49M","-2,71%"
"01.08.2022","13,460","14,200","14,290","13,390","1,93M","-5,34%"
"29.07.2022","14,220","14,695","14,890","14,070","1,82M","-2,40%"
"28.07.2022","14,570","16,505","16,625","14,270","2,45M","-10,70%"
"27.07.2022","16,315","16,435","16,590","16,290","372,62K","-0,67%"
"26.07.2022","16,425","16,135","16,470","16,080","365,76K","2,05%"
"25.07.2022","16,095","16,345","16,350","16,040","399,11K","-2,07%"
"22.07.2022","16,435","16,315","16,720","16,205","561,87K","0,95%"
"21.07.2022","16,280","16,160","16,335","16,020","429,74K","0,56%"
"20.07.2022","16,190","16,335","16,485","16,125","502,49K","-0,64%"
"19.07.2022","16,295","16,120","16,405","16,025","402,89K","0,62%"
"18.07.2022","16,195","16,180","16,610","16,025","628,63K","1,35%"
"15.07.2022","15,980","15,550","16,020","15,490","864,20K","3,50%"
"14.07.2022","15,440","16,155","16,210","15,370","952,43K","-5,13%"
"13.07.2022","16,275","16,740","16,740","15,745","908,66K","-2,72%"
"12.07.2022","16,730","16,950","17,255","16,480","578,74K","-1,99%"
"11.07.2022","17,070","16,650","17,500","16,615","624,15K","1,01%"
"08.07.2022","16,900","16,965","17,170","16,630","471,36K","-0,38%"
"07.07.2022","16,965","16,885","17,435","16,850","729,53K","0,12%"
"06.07.2022","16,945","17,880","17,880","16,700","1,44M","-3,50%"
"05.07.2022","17,560","17,995","18,040","17,330","1,12M","-1,54%"
"04.07.2022","17,835","18,600","18,635","17,770","696,55K","-4,29%"
"01.07.2022","18,635","17,850","18,635","17,285","1,09M","3,33%"
"30.06.2022","18,035","16,915","18,810","16,900","2,04M","6,15%"
"29.06.2022","16,990","17,655","18,370","16,775","3,42M","-12,33%"
"28.06.2022","19,380","19,195","19,580","18,860","847,72K","1,17%"
"27.06.2022","19,155","18,635","19,225","18,605","734,93K","3,37%"
"24.06.2022","18,530","18,800","19,040","18,450","530,83K","-0,46%"
"23.06.2022","18,615","17,995","18,735","17,845","781,28K","3,02%"
"22.06.2022","18,070","18,400","18,415","17,890","807,24K","-1,93%"
"21.06.2022","18,425","18,510","18,670","18,135","651,67K","-0,41%"
"20.06.2022","18,500","18,040","18,600","17,940","830,78K","3,35%"
"17.06.2022","17,900","17,605","18,125","17,520","2,10M","1,79%"
"16.06.2022","17,585","17,710","17,815","17,550","617,60K","-1,26%"
"15.06.2022","17,810","17,750","18,010","17,645","791,26K","1,11%"
"14.06.2022","17,615","17,780","18,060","17,465","645,13K","-1,04%"
"13.06.2022","17,800","18,070","18,490","17,665","775,78K","-2,44%"
"10.06.2022","18,245","18,500","18,600","18,005","771,89K","-2,07%"
"09.06.2022","18,630","19,140","19,170","18,575","603,64K","-2,26%"
"08.06.2022","19,060","19,350","19,450","19,000","617,17K","-0,52%"
"07.06.2022","19,160","19,020","19,225","18,835","645,44K","0,26%"
"06.06.2022","19,110","18,740","19,175","18,630","668,80K","2,33%"
"03.06.2022","18,675","18,900","19,090","18,545","498,48K","-0,90%"
"02.06.2022","18,845","19,280","19,445","18,770","618,18K","-2,41%"
"01.06.2022","19,310","19,750","19,750","19,245","995,25K","-1,43%"
"31.05.2022","19,590","19,585","19,920","19,430","1,41M","-0,05%"
"30.05.2022","19,600","20,060","20,280","19,410","721,10K","-1,26%"
"27.05.2022","19,850","19,925","20,140","19,605","825,86K","-0,23%"
"26.05.2022","19,895","19,930","20,140","19,715","767,96K","0,63%"
"25.05.2022","19,770","19,880","19,970","19,515","589,68K","-0,90%"
"24.05.2022","19,950","19,655","19,950","19,570","924,90K","0,76%"
"23.05.2022","19,800","20,100","20,100","19,430","932,14K","-0,40%"
"20.05.2022","19,880","20,000","20,180","19,680","770,21K","-0,15%"
"19.05.2022","19,910","19,665","19,965","19,270","1,01M","0,43%"
"18.05.2022","19,825","19,620","20,050","19,565","1,04M","0,99%"
"17.05.2022","19,630","19,700","19,740","19,050","1,04M","0,00%"
"16.05.2022","19,630","19,675","19,700","19,280","883,65K","-0,38%"
"13.05.2022","19,705","19,280","19,705","19,085","1,03M","3,30%"
"12.05.2022","19,075","18,850","19,350","18,755","1,98M","-1,04%"
"11.05.2022","19,275","18,360","19,370","18,320","2,13M","4,50%"
"10.05.2022","18,445","17,565","18,745","17,520","1,93M","6,31%"
"09.05.2022","17,350","18,345","18,580","16,955","2,11M","-6,85%"
"06.05.2022","18,625","16,765","18,950","16,610","3,23M","9,43%"
"05.05.2022","17,020","16,845","17,090","16,670","1,19M","2,47%"
"04.05.2022","16,610","16,890","17,035","16,480","894,62K","-1,66%"
"03.05.2022","16,890","16,390","16,900","16,270","761,90K","3,62%"
"02.05.2022","16,300","15,800","16,605","14,860","1,73M","1,87%"
"29.04.2022","16,000","16,500","16,530","15,875","","-3,35%"
"28.04.2022","16,555","16,170","16,650","16,115","1,14M","2,79%"
"27.04.2022","16,105","16,500","16,510","15,990","908,52K","-3,19%"
"26.04.2022","16,635","16,995","17,265","16,600","","-2,15%"
"25.04.2022","17,000","16,070","17,000","15,990","1,53M","4,74%"
"22.04.2022","16,230","16,510","16,930","16,170","1,05M","-2,58%"
"21.04.2022","16,660","16,380","16,905","16,120","1,58M","1,96%"
"20.04.2022","16,340","16,045","16,350","16,015","1,40M","1,87%"
"19.04.2022","16,040","15,670","16,040","15,390","1,40M","2,99%"
"14.04.2022","15,575","15,225","15,770","15,165","1,07M","2,98%"
"13.04.2022","15,125","15,400","15,470","15,075","1,08M","-1,79%"
"12.04.2022","15,400","15,840","15,890","15,155","1,39M","-3,66%"
"11.04.2022","15,985","16,155","16,280","15,860","942,79K","-1,78%"
"08.04.2022","16,275","16,530","16,620","16,115","1,02M","-1,21%"
"07.04.2022","16,475","16,875","17,015","16,425","1,04M","-2,20%"
"06.04.2022","16,845","17,395","17,430","16,845","1,15M","-3,77%"
"05.04.2022","17,505","17,365","17,640","17,260","1,06M","0,81%"
"04.04.2022","17,365","16,700","17,420","16,640","1,47M","5,47%"
"01.04.2022","16,465","16,610","16,895","16,435","1,20M","-0,09%"
"31.03.2022","16,480","16,500","16,790","16,210","2,02M","-0,15%"
"30.03.2022","16,505","15,720","16,950","15,500","2,75M","5,63%"
"29.03.2022","15,625","15,500","15,675","15,395","847,63K","1,99%"
"28.03.2022","15,320","15,590","15,730","15,265","702,83K","-1,07%"
"25.03.2022","15,485","15,450","15,960","15,350","1,16M","0,42%"
"24.03.2022","15,420","15,730","15,780","15,400","1,17M","-2,56%"
"23.03.2022","15,825","16,450","16,810","15,710","1,25M","-3,45%"
"22.03.2022","16,390","15,765","16,390","15,460","1,29M","3,96%"
"21.03.2022","15,765","16,100","16,150","15,700","923,39K","-1,87%"
"18.03.2022","16,065","15,720","16,100","15,550","2,19M","3,44%"
"17.03.2022","15,530","15,605","15,745","15,465","909,33K","0,42%"
"16.03.2022","15,465","15,445","15,650","15,075","1,31M","2,01%"
"15.03.2022","15,160","16,060","16,165","15,110","1,48M","-6,45%"
"14.03.2022","16,205","16,220","16,320","16,015","1,03M","-0,34%"
"11.03.2022","16,260","16,250","16,465","16,075","796,25K","0,46%"
"10.03.2022","16,185","16,590","16,680","15,980","666,72K","-2,23%"
"09.03.2022","16,555","16,200","16,555","15,905","1,18M","4,78%"
"08.03.2022","15,800","16,760","16,950","15,585","2,11M","-6,20%"
"07.03.2022","16,845","15,500","17,010","15,435","1,96M","5,84%"
"04.03.2022","15,915","15,920","16,125","15,480","1,35M","-0,25%"
"03.03.2022","15,955","17,185","17,275","15,910","1,88M","-7,53%"
"02.03.2022","17,255","17,010","17,620","16,945","1,73M","1,38%"
"01.03.2022","17,020","17,000","17,430","16,830","2,31M","0,03%"
"28.02.2022","17,015","15,220","17,100","15,220","3,21M","7,69%"
"25.02.2022","15,800","15,355","15,885","15,200","2,01M","4,36%"
"24.02.2022","15,140","14,800","15,300","14,740","1,81M","-0,85%"
"23.02.2022","15,270","14,805","15,335","14,770","1,68M","3,39%"
"22.02.2022","14,770","14,295","14,875","14,100","985,43K","2,29%"
"21.02.2022","14,440","14,720","14,975","14,440","1,00M","-1,10%"
"18.02.2022","14,600","14,500","14,820","14,470","950,16K","0,86%"
"17.02.2022","14,475","14,880","14,900","14,365","875,17K","-2,82%"
"16.02.2022","14,895","14,500","15,045","14,360","4,32M","2,72%"
"15.02.2022","14,500","14,350","14,565","14,320","973,62K","0,42%"
"14.02.2022","14,440","14,505","14,645","14,345","1,11M","-2,47%"
"11.02.2022","14,805","15,000","15,015","14,680","1,05M","-2,24%"
"10.02.2022","15,145","15,255","15,425","15,010","862,49K","-0,56%"
"09.02.2022","15,230","15,185","15,230","15,025","708,26K","0,76%"
"08.02.2022","15,115","14,790","15,115","14,675","1,95M","2,51%"
"07.02.2022","14,745","15,190","15,190","14,285","2,40M","-2,67%"
"04.02.2022","15,150","15,410","15,530","15,050","1,02M","-1,21%"
"03.02.2022","15,335","15,645","15,815","15,335","843,46K","-2,32%"
"02.02.2022","15,700","15,805","16,055","15,665","1,84M","0,03%"
"01.02.2022","15,695","15,800","15,870","15,330","1,27M","0,54%"
"31.01.2022","15,610","15,550","15,625","15,055","1,91M","1,50%"
"28.01.2022","15,380","15,720","15,820","15,215","1,49M","-2,16%"
"27.01.2022","15,720","15,650","15,795","15,425","1,50M","-1,78%"
"26.01.2022","16,005","15,710","16,350","15,710","1,39M","2,07%"
"25.01.2022","15,680","15,530","15,935","15,330","1,50M","2,05%"
"24.01.2022","15,365","16,570","16,715","15,365","1,81M","-7,52%"
"21.01.2022","16,615","16,915","17,090","16,560","1,20M","-3,01%"
"20.01.2022","17,130","16,880","17,130","16,820","758,94K","1,87%"
"19.01.2022","16,815","16,870","17,195","16,735","1,17M","-0,59%"
"18.01.2022","16,915","16,615","16,970","16,550","1,06M","1,74%"
"17.01.2022","16,625","17,200","17,275","16,600","769,75K","-2,61%"
"14.01.2022","17,070","16,515","17,100","16,430","1,11M","3,02%"
"13.01.2022","16,570","16,770","16,775","16,455","828,78K","-1,31%"
"12.01.2022","16,790","17,030","17,155","16,645","1,29M","-1,06%"
"11.01.2022","16,970","16,610","17,115","16,570","1,40M","2,54%"
"10.01.2022","16,550","16,340","16,570","16,155","947,07K","2,07%"
"07.01.2022","16,215","16,490","16,495","16,155","769,71K","-1,70%"
"06.01.2022","16,495","16,010","16,545","15,820","1,21M","2,20%"
"05.01.2022","16,140","16,405","16,615","16,140","1,11M","-1,62%"
"04.01.2022","16,405","16,860","16,885","16,130","1,53M","-2,00%"
"03.01.2022","16,740","17,000","17,005","16,590","951,14K","-0,80%"
"30.12.2021","16,875","16,770","16,880","16,495","818,88K","0,63%"
"29.12.2021","16,770","17,155","17,205","16,770","969,26K","-2,47%"
"28.12.2021","17,195","16,875","17,300","16,840","1,25M","2,32%"
"27.12.2021","16,805","16,210","16,990","16,150","1,29M","3,70%"
"23.12.2021","16,205","16,300","16,395","16,175","561,98K","-0,58%"
"22.12.2021","16,300","16,270","16,470","16,135","748,89K","0,09%"
"21.12.2021","16,285","15,815","16,425","15,570","1,26M","3,46%"
"20.12.2021","15,740","16,300","16,320","15,660","1,57M","-4,61%"
"17.12.2021","16,500","16,125","16,575","16,030","2,36M","2,33%"
"16.12.2021","16,125","16,040","16,270","15,890","1,19M","1,35%"
"15.12.2021","15,910","16,050","16,060","15,740","1,43M","-0,75%"
"14.12.2021","16,030","15,805","16,150","15,805","1,51M","2,30%"
"13.12.2021","15,670","15,510","15,785","15,300","1,48M","1,69%"
"10.12.2021","15,410","15,400","15,630","15,285","1,25M","0,10%"
"09.12.2021","15,395","15,400","15,535","15,265","922,49K","0,26%"
"08.12.2021","15,355","15,230","15,525","15,210","1,21M","0,36%"
"07.12.2021","15,300","15,400","15,500","15,135","1,45M","0,00%"
"06.12.2021","15,300","15,460","15,470","15,080","1,18M","-0,42%"
"03.12.2021","15,365","15,670","15,720","15,330","1,39M","-1,51%"
"02.12.2021","15,600","15,845","15,875","15,520","1,56M","-1,64%"
"01.12.2021","15,860","16,220","16,480","15,730","1,40M","0,19%"
"30.11.2021","15,830","16,700","16,700","15,830","4,12M","-5,38%"
"29.11.2021","16,730","17,230","17,230","16,685","1,40M","-2,53%"
"26.11.2021","17,165","17,370","17,640","17,080","792,05K","-2,75%"
"25.11.2021","17,650","17,700","17,725","17,540","433,41K","-0,65%"
"24.11.2021","17,765","17,535","17,865","17,480","870,01K","1,40%"
"23.11.2021","17,520","17,550","17,670","17,345","907,52K","-0,20%"
"22.11.2021","17,555","17,665","17,910","17,350","879,02K","-0,37%"
"19.11.2021","17,620","17,865","17,905","17,620","1,12M","-1,18%"
"18.11.2021","17,830","18,510","18,700","17,785","927,04K","-3,12%"
"17.11.2021","18,405","18,280","18,560","18,185","701,15K","0,66%"
"16.11.2021","18,285","18,500","18,575","18,270","512,28K","-0,62%"
"15.11.2021","18,400","18,225","18,525","18,200","629,12K","0,77%"
"12.11.2021","18,260","18,200","18,285","18,015","676,70K","0,25%"
"11.11.2021","18,215","18,485","18,510","18,025","1,09M","-1,67%"
"10.11.2021","18,525","18,435","18,610","18,350","1,44M","0,49%"
"09.11.2021","18,435","18,445","18,730","18,350","764,19K","0,35%"
"08.11.2021","18,370","18,525","18,730","18,335","1,05M","-0,70%"
"05.11.2021","18,500","18,700","18,850","18,160","1,85M","-1,86%"
"04.11.2021","18,850","19,310","19,375","18,800","1,37M","-2,33%"
"03.11.2021","19,300","19,860","19,860","19,300","970,64K","-2,57%"
"02.11.2021","19,810","19,800","19,845","19,595","771,35K","0,18%"
"01.11.2021","19,775","19,880","20,000","19,675","567,49K","-0,10%"
"29.10.2021","19,795","19,840","19,985","19,650","957,89K","-0,23%"
"28.10.2021","19,840","19,880","19,990","19,740","607,18K","-0,05%"
"27.10.2021","19,850","20,220","20,390","19,850","651,62K","-2,36%"
"26.10.2021","20,330","20,340","20,600","20,220","498,54K","-0,54%"
"25.10.2021","20,440","20,280","20,440","20,040","908,96K","1,19%"
"22.10.2021","20,200","20,460","20,540","20,150","717,57K","-0,93%"
"21.10.2021","20,390","19,930","20,400","19,850","617,41K","1,85%"
"20.10.2021","20,020","19,950","20,090","19,770","670,23K","0,63%"
"19.10.2021","19,895","20,050","20,250","19,725","1,09M","-2,00%"
"18.10.2021","20,300","20,530","20,650","20,170","806,73K","-0,98%"
"15.10.2021","20,500","20,640","20,810","20,380","745,29K","-0,63%"
"14.10.2021","20,630","20,340","20,670","20,190","1,04M","2,38%"
"13.10.2021","20,150","19,800","20,200","19,620","1,33M","2,34%"
"12.10.2021","19,690","19,725","20,300","19,595","1,26M","-0,56%"
"11.10.2021","19,800","20,400","20,400","19,705","1,15M","-2,46%"
"08.10.2021","20,300","20,900","21,050","20,300","1,41M","-4,06%"
"07.10.2021","21,160","21,220","21,300","20,810","923,92K","-0,47%"
"06.10.2021","21,260","22,000","22,100","21,240","861,59K","-0,89%"
"05.10.2021","21,450","21,730","21,780","21,360","608,07K","-1,29%"
"04.10.2021","21,730","21,120","21,970","21,070","1,71M","2,55%"
"01.10.2021","21,190","20,950","21,190","20,790","986,92K","0,52%"
"30.09.2021","21,080","21,740","21,810","20,670","1,39M","-2,95%"
"29.09.2021","21,720","22,000","22,020","21,480","609,79K","-1,41%"
"28.09.2021","22,030","22,400","22,640","22,020","1,18M","-1,39%"
"27.09.2021","22,340","21,950","22,480","21,900","681,29K","1,68%"
"24.09.2021","21,970","22,190","22,350","21,840","568,11K","-1,17%"
"23.09.2021","22,230","22,250","22,470","22,090","942,97K","0,86%"
"22.09.2021","22,040","22,480","22,480","21,760","792,80K","-1,12%"
"21.09.2021","22,290","22,250","22,470","22,010","993,93K","0,41%"
"20.09.2021","22,200","21,860","22,200","21,550","1,52M","1,74%"
"17.09.2021","21,820","20,500","22,070","19,540","3,02M","5,77%"
"16.09.2021","20,630","21,000","21,080","20,630","1,12M","-1,62%"
"15.09.2021","20,970","21,200","21,470","20,920","847,61K","-0,94%"
"14.09.2021","21,170","20,840","21,360","20,780","1,20M","1,34%"
"13.09.2021","20,890","20,620","21,030","20,530","650,36K","2,00%"
"10.09.2021","20,480","20,600","20,770","20,410","651,95K","-0,34%"
"09.09.2021","20,550","20,890","20,990","20,550","676,77K","-1,49%"
"08.09.2021","20,860","20,700","20,940","20,510","802,77K","0,05%"
"07.09.2021","20,850","21,100","21,100","20,720","750,99K","-1,04%"
"06.09.2021","21,070","21,010","21,070","20,890","271,51K","0,72%"
"03.09.2021","20,920","21,110","21,150","20,810","612,73K","-0,52%"
"02.09.2021","21,030","20,980","21,320","20,890","981,00K","0,62%"
"01.09.2021","20,900","20,870","21,160","20,770","590,32K","1,01%"
"31.08.2021","20,690","20,630","20,870","20,480","794,32K","0,10%"
"30.08.2021","20,670","20,570","20,770","20,400","403,77K","0,58%"
"27.08.2021","20,550","20,300","20,550","20,260","522,59K","1,13%"
"26.08.2021","20,320","20,680","20,730","20,280","442,77K","-1,65%"
"25.08.2021","20,660","20,800","21,040","20,610","1,00M","-0,91%"
"24.08.2021","20,850","21,070","21,140","20,850","341,04K","-0,52%"
"23.08.2021","20,960","21,450","21,460","20,880","347,66K","-1,83%"
"20.08.2021","21,350","21,340","21,490","21,110","681,12K","-0,14%"
"19.08.2021","21,380","20,440","21,480","20,380","912,55K","4,24%"
"18.08.2021","20,510","20,360","20,620","20,310","529,47K","0,74%"
"17.08.2021","20,360","20,420","20,450","20,070","682,81K","-0,10%"
"16.08.2021","20,380","20,630","20,660","20,270","620,47K","-1,02%"
"13.08.2021","20,590","20,800","20,800","20,500","423,05K","-0,91%"
"12.08.2021","20,780","20,670","20,840","20,570","547,90K","1,02%"
"11.08.2021","20,570","20,920","20,980","20,570","733,83K","-1,44%"
"10.08.2021","20,870","21,030","21,140","20,840","372,17K","-0,57%"
"09.08.2021","20,990","20,850","21,040","20,740","524,41K","1,25%"
"06.08.2021","20,730","21,040","21,110","20,730","580,04K","-1,47%"
"05.08.2021","21,040","21,240","21,300","20,920","566,57K","-0,66%"
"04.08.2021","21,180","21,180","21,450","21,010","690,05K","0,28%"
"03.08.2021","21,120","21,470","21,560","21,010","582,62K","-1,49%"
"02.08.2021","21,440","21,510","21,680","21,160","686,36K","0,00%"
"30.07.2021","21,440","21,450","21,720","21,190","768,12K","0,00%"
"29.07.2021","21,440","21,040","21,680","21,040","1,09M","2,83%"
"28.07.2021","20,850","20,600","20,970","20,550","723,57K","1,36%"
"27.07.2021","20,570","20,660","20,710","20,390","748,25K","-0,72%"
"26.07.2021","20,720","20,700","20,890","20,610","427,79K","-0,38%"
"23.07.2021","20,800","21,000","21,110","20,770","572,08K","-0,38%"
"22.07.2021","20,880","20,580","20,950","20,440","584,64K","0,97%"
"21.07.2021","20,680","20,670","20,810","20,470","578,72K","0,53%"
"20.07.2021","20,570","20,700","20,720","20,380","1,09M","-0,48%"
"19.07.2021","20,670","20,600","20,810","20,410","560,12K","-0,14%"
"16.07.2021","20,700","20,560","20,790","20,510","528,54K","0,44%"
"15.07.2021","20,610","20,630","20,960","20,490","442,66K","-0,48%"
"14.07.2021","20,710","20,940","21,050","20,560","698,41K","-1,10%"
"13.07.2021","20,940","21,530","21,530","20,750","1,01M","-2,65%"
"12.07.2021","21,510","21,750","21,800","21,510","886,16K","-0,78%"
"09.07.2021","21,680","21,890","22,030","21,530","441,88K","-0,69%"
"08.07.2021","21,830","22,060","22,190","21,760","868,98K","-1,67%"
"07.07.2021","22,200","22,400","22,400","22,070","532,49K","-0,89%"
"06.07.2021","22,400","22,080","22,470","22,010","575,18K","1,17%"
"05.07.2021","22,140","22,450","22,450","22,030","379,61K","-0,90%"
"02.07.2021","22,340","22,470","22,630","22,250","813,66K","-0,62%"
"01.07.2021","22,480","22,800","22,960","22,370","646,53K","-1,58%"
"30.06.2021","22,840","23,130","23,420","22,530","1,00M","0,66%"
"29.06.2021","22,690","22,800","22,870","22,650","693,36K","-0,66%"
"28.06.2021","22,840","22,720","22,980","22,660","498,51K","0,79%"
"25.06.2021","22,660","22,420","22,780","22,310","461,16K","1,30%"
"24.06.2021","22,370","22,430","22,600","22,120","663,82K","0,49%"
"23.06.2021","22,260","22,680","22,720","22,250","870,49K","-1,81%"
"22.06.2021","22,670","23,200","23,230","22,580","693,11K","-1,90%"
"21.06.2021","23,110","23,650","23,750","22,950","775,59K","-3,06%"
"18.06.2021","23,840","23,880","23,880","23,590","1,38M","-0,17%"
"17.06.2021","23,880","23,420","23,920","23,340","674,98K","1,36%"
"16.06.2021","23,560","23,420","23,640","23,250","647,84K","0,73%"
"15.06.2021","23,390","23,680","23,690","23,310","700,87K","-0,64%"
"14.06.2021","23,540","24,450","24,590","23,540","1,28M","-3,05%"
"11.06.2021","24,280","24,200","25,940","24,000","2,93M","8,54%"
"10.06.2021","22,370","22,280","22,440","22,080","892,55K","1,22%"
"09.06.2021","22,100","21,930","22,240","21,870","1,10M","1,42%"
"08.06.2021","21,790","21,810","22,330","21,790","1,06M","0,41%"
"07.06.2021","21,700","21,760","21,860","21,610","1,07M","-0,55%"
"04.06.2021","21,820","21,750","21,870","21,400","738,08K","0,37%"
"03.06.2021","21,740","22,020","22,150","21,680","846,49K","-2,38%"
"02.06.2021","22,270","22,660","22,760","22,260","679,70K","-1,72%"
"01.06.2021","22,660","22,920","23,030","22,660","564,83K","-0,74%"
"31.05.2021","22,830","22,910","23,080","22,830","364,69K","-0,09%"
"28.05.2021","22,850","22,950","23,110","22,700","855,33K","-0,44%"
"27.05.2021","22,950","23,370","23,540","22,920","964,01K","-1,76%"
"26.05.2021","23,360","23,470","23,710","23,300","473,11K","-0,38%"
"25.05.2021","23,450","23,250","23,490","23,170","451,94K","0,77%"
"24.05.2021","23,270","23,320","23,490","23,210","379,52K","-0,13%"
"21.05.2021","23,300","23,470","23,550","23,160","708,24K","-0,34%"
"20.05.2021","23,380","23,360","23,440","23,110","1,10M","-0,04%"
"19.05.2021","23,390","23,500","23,680","23,260","454,04K","-0,64%"
"18.05.2021","23,540","24,100","24,140","23,340","760,98K","-1,92%"
"17.05.2021","24,000","23,790","24,000","23,590","747,25K","1,14%"
"14.05.2021","23,730","23,400","23,730","23,380","617,89K","1,76%"
"13.05.2021","23,320","23,400","23,560","23,070","765,53K","-1,02%"
"12.05.2021","23,560","23,810","23,820","23,410","2,16M","-1,05%"
"11.05.2021","23,810","23,460","23,820","23,280","887,04K","1,15%"
"10.05.2021","23,540","23,360","23,540","23,220","601,66K","0,94%"
"07.05.2021","23,320","23,310","23,420","22,940","785,64K","0,00%"
"06.05.2021","23,320","23,230","23,420","22,950","999,81K","0,09%"
"05.05.2021","23,300","22,580","23,390","22,450","2,49M","3,79%"
"04.05.2021","22,450","22,820","23,220","22,420","1,06M","-0,44%"
"03.05.2021","22,550","22,510","22,740","22,230","808,68K","0,00%"
"30.04.2021","22,550","22,700","22,940","22,540","1,11M","-0,35%"
"29.04.2021","22,630","23,050","23,170","22,620","1,50M","-1,27%"
"28.04.2021","22,920","23,010","23,220","22,820","746,31K","-0,65%"
"27.04.2021","23,070","23,290","23,440","23,070","479,92K","-0,47%"
"26.04.2021","23,180","23,250","23,360","22,880","857,57K","-0,39%"
"23.04.2021","23,270","23,590","23,750","23,220","546,61K","-1,61%"
"22.04.2021","23,650","23,220","23,650","23,060","773,61K","1,68%"
"21.04.2021","23,260","22,980","23,260","22,930","593,79K","1,39%"
"20.04.2021","22,940","23,170","23,170","22,630","752,81K","-1,04%"
"19.04.2021","23,180","22,950","23,340","22,920","727,24K","1,27%"
"16.04.2021","22,890","23,550","23,610","22,830","1,14M","-2,51%"
"15.04.2021","23,480","23,410","23,690","23,300","562,84K","0,69%"
"14.04.2021","23,320","23,570","23,650","23,270","591,23K","-0,93%"
"13.04.2021","23,540","23,280","23,730","23,020","766,25K","1,07%"
"12.04.2021","23,290","23,440","23,510","23,170","692,90K","-0,64%"
"09.04.2021","23,440","23,460","23,610","23,170","976,28K","0,21%"
"08.04.2021","23,390","22,550","23,700","22,540","1,83M","4,51%"
"07.04.2021","22,380","22,390","22,590","22,220","830,58K","0,54%"
"06.04.2021","22,260","22,240","22,540","21,500","1,09M","-1,50%"
"01.04.2021","22,600","22,480","22,950","22,440","848,36K","1,21%"
"31.03.2021","22,330","22,450","22,690","22,240","980,56K","-0,62%"
"30.03.2021","22,470","23,000","23,000","22,420","878,38K","-1,75%"
"29.03.2021","22,870","22,870","23,140","22,670","973,73K","0,09%"
"26.03.2021","22,850","22,660","23,150","22,500","1,19M","1,20%"
"25.03.2021","22,580","22,170","22,660","22,030","944,47K","1,57%"
"24.03.2021","22,230","22,270","22,450","22,020","953,86K","-0,09%"
"23.03.2021","22,250","22,000","22,400","21,700","1,06M","2,53%"
"22.03.2021","21,700","21,940","21,980","21,550","907,84K","-1,00%"
"19.03.2021","21,920","21,530","21,920","21,260","1,25M","1,11%"
"18.03.2021","21,680","21,990","21,990","21,490","1,31M","-0,46%"
"17.03.2021","21,780","21,640","21,780","21,350","1,07M","0,93%"
"16.03.2021","21,580","21,190","21,720","20,990","1,58M","2,66%"
"15.03.2021","21,020","20,830","21,240","20,500","1,57M","2,59%"
"12.03.2021","20,490","21,170","21,300","20,480","2,18M","0,34%"
"11.03.2021","20,420","19,590","20,610","19,400","2,05M","5,89%"
"10.03.2021","19,285","19,680","19,680","19,190","2,24M","-2,03%"
"09.03.2021","19,685","19,260","20,200","19,180","2,27M","1,39%"
"08.03.2021","19,415","19,995","20,050","19,360","2,18M","-2,54%"
"05.03.2021","19,920","20,540","20,650","19,875","1,40M","-3,35%"
"04.03.2021","20,610","20,900","20,900","20,440","1,54M","-1,34%"
"03.03.2021","20,890","21,570","21,590","20,700","1,25M","-2,43%"
"02.03.2021","21,410","21,500","21,780","21,350","996,41K","-0,09%"
"01.03.2021","21,430","20,920","21,620","20,800","1,32M","2,93%"
"26.02.2021","20,820","21,500","21,700","20,270","2,77M","-5,02%"
"25.02.2021","21,920","21,430","22,210","21,420","1,54M","2,00%"
"24.02.2021","21,490","21,680","21,830","21,310","829,45K","-0,69%"
"23.02.2021","21,640","21,720","21,880","21,410","990,66K","-0,37%"
"22.02.2021","21,720","22,050","22,160","21,720","765,59K","-1,36%"
"19.02.2021","22,020","22,160","22,310","21,910","877,95K","-1,08%"
"18.02.2021","22,260","22,620","22,740","21,940","918,95K","-1,72%"
"17.02.2021","22,650","22,750","22,830","22,580","594,90K","-0,44%"
"16.02.2021","22,750","22,780","23,020","22,640","521,46K","0,18%"
"15.02.2021","22,710","22,830","22,860","22,600","595,08K","-0,13%"
"12.02.2021","22,740","22,790","23,010","22,550","634,88K","0,09%"
"11.02.2021","22,720","23,050","23,250","22,580","994,87K","-1,39%"
"10.02.2021","23,040","23,410","23,430","23,010","837,66K","-1,33%"
"09.02.2021","23,350","23,410","23,590","23,200","611,55K","0,17%"
"08.02.2021","23,310","23,670","23,840","23,200","720,27K","-1,31%"
"05.02.2021","23,620","23,700","23,960","23,610","617,53K","-0,13%"
"04.02.2021","23,650","23,450","23,760","23,420","925,99K","0,98%"
"03.02.2021","23,420","23,630","23,810","23,420","1,06M","-0,59%"
"02.02.2021","23,560","23,740","23,990","23,510","1,20M","-0,38%"
"01.02.2021","23,650","24,320","24,360","23,650","1,09M","-2,67%"
"29.01.2021","24,300","24,520","24,570","24,180","733,26K","-2,17%"
"28.01.2021","24,840","25,130","25,190","24,570","981,94K","-1,74%"
"27.01.2021","25,280","24,460","26,070","24,310","1,32M","3,23%"
"26.01.2021","24,490","24,480","24,710","24,310","481,34K","-0,53%"
"25.01.2021","24,620","24,780","24,820","24,450","442,53K","0,08%"
"22.01.2021","24,600","25,480","25,480","24,530","750,99K","-3,61%"
"21.01.2021","25,520","25,400","25,800","25,350","849,01K","0,59%"
"20.01.2021","25,370","25,530","25,750","25,150","879,70K","-0,63%"
"19.01.2021","25,530","25,180","25,940","25,010","1,83M","3,70%"
"18.01.2021","24,620","24,130","24,830","24,050","1,44M","2,03%"
"15.01.2021","24,130","23,920","24,170","23,890","1,51M","0,00%"
"14.01.2021","24,130","24,200","24,200","23,820","552,21K","-0,12%"
"13.01.2021","24,160","24,020","24,160","23,760","772,73K","0,96%"
"12.01.2021","23,930","23,730","24,170","23,640","760,83K","1,27%"
"11.01.2021","23,630","23,830","23,940","23,610","754,56K","-0,80%"
"08.01.2021","23,820","23,830","24,090","23,540","648,88K","-0,04%"
"07.01.2021","23,830","24,130","24,210","23,790","819,81K","-0,46%"
"06.01.2021","23,940","24,080","24,190","23,740","879,16K","-0,58%"
"05.01.2021","24,080","23,980","24,150","23,640","539,33K","-0,04%"
"04.01.2021","24,090","24,170","24,250","23,880","664,05K","0,88%"
"31.12.2020","23,880","24,020","24,100","23,850","253,53K","-0,54%"
"30.12.2020","24,010","24,080","24,240","23,910","326,22K","-0,04%"
"29.12.2020","24,020","24,000","24,160","23,860","395,25K","0,21%"
"28.12.2020","23,970","23,660","24,120","23,650","423,43K","0,50%"
"24.12.2020","23,850","23,900","23,960","23,710","165,22K","-0,50%"
"23.12.2020","23,970","24,280","24,280","23,790","1,16M","-1,07%"
"22.12.2020","24,230","24,320","24,380","24,090","476,93K","0,21%"
"21.12.2020","24,180","24,850","24,880","24,120","953,25K","-2,89%"
"18.12.2020","24,900","24,800","25,080","24,790","1,19M","0,40%"
"17.12.2020","24,800","24,670","24,870","24,440","963,29K","0,77%"
"16.12.2020","24,610","24,220","24,610","24,150","726,95K","1,61%"
"15.12.2020","24,220","24,640","24,640","24,220","981,42K","-1,86%"
"14.12.2020","24,680","24,370","24,770","24,080","778,86K","2,36%"
"11.12.2020","24,110","24,400","24,410","23,860","657,44K","-1,23%"
"10.12.2020","24,410","24,000","24,470","23,800","1,19M","2,01%"
"09.12.2020","23,930","23,310","23,930","23,230","1,15M","3,19%"
"08.12.2020","23,190","23,230","23,360","22,910","933,19K","-0,17%"
"07.12.2020","23,230","23,710","23,800","23,230","1,04M","-1,82%"
"04.12.2020","23,660","23,910","24,010","23,660","1,72M","-0,84%"
"03.12.2020","23,860","23,850","24,020","23,740","1,02M","-0,04%"
"02.12.2020","23,870","24,190","24,280","23,790","930,14K","-1,28%"
"01.12.2020","24,180","24,100","24,430","24,040","720,21K","1,81%"
"30.11.2020","23,750","24,490","24,550","23,750","2,33M","-2,78%"
"27.11.2020","24,430","24,300","24,630","24,240","939,00K","0,78%"
"26.11.2020","24,240","23,980","24,340","23,900","598,56K","1,76%"
"25.11.2020","23,820","24,000","24,230","23,820","1,82M","-1,37%"
"24.11.2020","24,150","24,720","24,770","24,050","1,10M","-1,59%"
"23.11.2020","24,540","25,240","25,250","24,540","1,10M","-2,58%"
"20.11.2020","25,190","25,200","25,300","24,920","1,33M","-0,04%"
"19.11.2020","25,200","25,050","25,220","24,740","1,08M","-0,08%"
"18.11.2020","25,220","25,130","25,550","25,120","813,72K","-0,16%"
"17.11.2020","25,260","25,900","26,180","25,100","1,15M","-2,85%"
"16.11.2020","26,000","26,700","26,740","25,970","1,03M","-1,33%"
"13.11.2020","26,350","26,400","26,620","26,220","1,06M","0,08%"
"12.11.2020","26,330","26,010","26,600","25,950","959,64K","1,15%"
"11.11.2020","26,030","26,230","26,420","25,810","1,08M","-0,57%"
"10.11.2020","26,180","26,210","26,310","25,370","1,25M","-0,46%"
"09.11.2020","26,300","25,990","26,660","25,570","1,66M","3,22%"
"06.11.2020","25,480","24,840","25,640","24,810","558,17K","1,59%"
"05.11.2020","25,080","25,210","25,640","24,440","1,15M","2,16%"
"04.11.2020","24,550","24,000","24,710","23,940","1,96M","2,25%"
"03.11.2020","24,010","23,760","24,020","23,610","578,35K","1,52%"
"02.11.2020","23,650","23,400","23,870","23,320","570,02K","1,98%"
"30.10.2020","23,190","23,120","23,330","22,960","884,77K","-0,64%"
"29.10.2020","23,340","23,820","23,890","22,970","962,66K","-1,89%"
"28.10.2020","23,790","24,200","24,270","23,560","1,14M","-2,66%"
"27.10.2020","24,440","24,950","25,070","24,170","850,56K","-2,55%"
"26.10.2020","25,080","24,760","25,350","24,670","706,88K","-0,04%"
"23.10.2020","25,090","24,800","25,280","24,760","746,53K","1,13%"
"22.10.2020","24,810","26,400","26,400","24,810","1,26M","-6,55%"
"21.10.2020","26,550","26,740","26,740","26,330","1,90M","-1,01%"
"20.10.2020","26,820","26,710","26,940","26,520","852,97K","0,41%"
"19.10.2020","26,710","26,760","26,940","26,610","3,22M","-0,15%"
"16.10.2020","26,750","27,110","27,200","26,470","1,43M","-2,12%"
"15.10.2020","27,330","26,250","27,720","26,020","2,00M","8,37%"
"14.10.2020","25,220","25,410","25,610","25,170","533,61K","-0,63%"
"13.10.2020","25,380","25,650","25,650","25,270","487,80K","-0,94%"
"12.10.2020","25,620","25,540","25,770","25,300","838,59K","0,79%"
"09.10.2020","25,420","25,040","25,550","24,870","1,15M","1,15%"
"08.10.2020","25,130","25,080","25,320","24,940","667,51K","0,48%"
"07.10.2020","25,010","25,320","25,600","24,950","1,18M","-1,11%"
"06.10.2020","25,290","25,150","25,370","24,930","944,72K","1,36%"
"05.10.2020","24,950","25,320","25,320","24,800","934,13K","-0,28%"
"02.10.2020","25,020","24,280","25,170","24,080","1,11M","2,54%"
"01.10.2020","24,400","24,990","25,330","24,400","1,38M","-0,77%"
"30.09.2020","24,590","24,260","24,830","23,980","1,02M","0,70%"
"29.09.2020","24,420","24,380","24,590","24,300","638,80K","-0,20%"
"28.09.2020","24,470","24,510","24,670","24,070","681,62K","0,74%"
"25.09.2020","24,290","24,050","24,290","23,650","2,11M","0,50%"
"24.09.2020","24,170","23,540","24,170","23,490","955,75K","1,55%"
"23.09.2020","23,800","23,530","23,960","23,380","908,23K","2,15%"
"22.09.2020","23,300","23,980","24,060","23,160","817,70K","-2,35%"
"21.09.2020","23,860","24,110","24,130","23,610","678,75K","-1,40%"
"18.09.2020","24,200","24,030","24,500","23,880","1,49M","0,41%"
"17.09.2020","24,100","24,150","24,380","23,820","972,75K","-0,82%"
"16.09.2020","24,300","24,380","24,610","24,090","1,17M","-0,57%"
"15.09.2020","24,440","23,710","24,730","23,630","1,63M","3,91%"
"14.09.2020","23,520","23,430","23,620","23,040","1,04M","1,38%"
"11.09.2020","23,200","22,820","23,700","22,800","1,18M","1,05%"
"10.09.2020","22,960","23,300","23,300","22,670","968,93K","-1,46%"
"09.09.2020","23,300","22,890","23,900","22,830","1,72M","2,06%"
"08.09.2020","22,830","22,630","22,830","22,180","1,55M","1,47%"
"07.09.2020","22,500","21,830","22,540","21,760","1,43M","3,78%"
"04.09.2020","21,680","22,050","22,220","21,410","1,31M","-1,81%"
"03.09.2020","22,080","22,450","22,670","22,040","950,38K","-1,25%"
"02.09.2020","22,360","22,000","22,370","21,820","1,28M","1,59%"
"01.09.2020","22,010","22,880","22,890","22,010","996,83K","-3,08%"
"31.08.2020","22,710","22,620","23,130","22,530","893,23K","1,02%"
"28.08.2020","22,480","22,910","22,920","22,400","1,02M","-2,22%"
"27.08.2020","22,990","23,220","23,220","22,800","987,46K","-1,12%"
"26.08.2020","23,250","23,160","23,370","23,030","774,37K","0,35%"
"25.08.2020","23,170","23,500","23,880","23,170","990,02K","-2,11%"
"24.08.2020","23,670","24,210","24,250","23,650","1,17M","1,63%"
"21.08.2020","23,290","23,710","23,750","23,170","733,87K","-1,23%"
"20.08.2020","23,580","23,600","24,010","23,160","807,82K","-0,51%"
"19.08.2020","23,700","24,350","24,480","23,700","918,40K","-2,55%"
"18.08.2020","24,320","24,750","24,810","24,170","703,52K","-1,62%"
"17.08.2020","24,720","24,500","24,850","24,400","524,78K","0,90%"
"14.08.2020","24,500","25,050","25,080","24,420","436,95K","-2,31%"
"13.08.2020","25,080","24,880","25,270","24,850","607,07K","0,40%"
"12.08.2020","24,980","24,780","24,980","24,650","643,21K","0,73%"
"11.08.2020","24,800","24,280","24,940","24,130","2,00M","2,35%"
"10.08.2020","24,230","24,760","24,790","24,080","733,90K","-1,94%"
"07.08.2020","24,710","24,280","24,710","24,170","721,77K","1,65%"
"06.08.2020","24,310","24,370","24,710","24,310","775,18K","-0,41%"
"05.08.2020","24,410","24,980","25,100","24,280","769,21K","-2,16%"
"04.08.2020","24,950","24,950","25,140","24,580","726,56K","0,12%"
"03.08.2020","24,920","24,850","24,990","24,570","1,81M","0,89%"
"31.07.2020","24,700","24,730","25,430","24,630","1,16M","0,41%"
"30.07.2020","24,600","26,000","26,060","24,530","1,41M","-4,32%"
"29.07.2020","25,710","25,820","26,000","25,510","946,80K","-0,19%"
"28.07.2020","25,760","25,160","26,060","24,960","1,20M","2,43%"
"27.07.2020","25,150","25,260","25,300","24,720","805,53K","0,24%"
"24.07.2020","25,090","26,150","26,220","24,500","1,57M","-5,03%"
"23.07.2020","26,420","26,810","26,860","26,420","672,48K","-0,64%"
"22.07.2020","26,590","27,070","27,120","26,590","763,40K","-1,88%"
"21.07.2020","27,100","27,890","27,990","27,060","889,63K","-2,59%"
"20.07.2020","27,820","27,000","27,920","26,980","729,10K","3,23%"
"17.07.2020","26,950","27,060","27,280","26,900","749,94K","-0,19%"
"16.07.2020","27,000","27,000","27,490","26,730","979,09K","-0,77%"
"15.07.2020","27,210","26,880","27,540","26,650","1,13M","2,29%"
"14.07.2020","26,600","26,450","26,620","26,060","812,85K","-0,23%"
"13.07.2020","26,660","26,300","26,660","26,060","1,54M","1,76%"
"10.07.2020","26,200","26,390","26,620","26,130","772,58K","-1,02%"
"09.07.2020","26,470","26,720","26,730","26,220","522,17K","-0,04%"
"08.07.2020","26,480","26,700","27,150","26,460","887,94K","-1,63%"
"07.07.2020","26,920","27,090","27,350","26,510","1,08M","-1,57%"
"06.07.2020","27,350","26,830","27,350","26,740","3,02M","1,90%"
"03.07.2020","26,840","27,600","27,690","26,740","604,74K","-2,54%"
"02.07.2020","27,540","27,220","27,640","27,000","727,96K","1,96%"
"01.07.2020","27,010","27,000","27,360","26,840","896,55K","-0,07%"
"30.06.2020","27,030","27,640","27,700","27,030","763,49K","-2,07%"
"29.06.2020","27,600","27,420","27,690","27,240","753,12K","0,11%"
"26.06.2020","27,570","27,940","28,350","27,470","1,68M","-1,43%"
"25.06.2020","27,970","27,600","28,190","27,280","1,03M","1,27%"
"24.06.2020","27,620","28,600","28,670","27,540","849,31K","-3,43%"
"23.06.2020","28,600","28,500","28,650","27,980","935,82K","1,24%"
"22.06.2020","28,250","28,100","28,840","28,050","3,96M","0,75%"
"19.06.2020","28,040","28,180","28,340","27,960","1,39M","-0,50%"
"18.06.2020","28,180","28,070","28,560","27,860","1,28M","0,36%"
"17.06.2020","28,080","28,120","28,190","27,480","2,51M","-0,07%"
"16.06.2020","28,100","27,500","28,100","27,280","1,30M","2,29%"
"15.06.2020","27,470","27,600","27,920","26,850","1,69M","-1,61%"
"12.06.2020","27,920","28,340","28,490","27,620","1,37M","-1,34%"
"11.06.2020","28,300","27,940","28,600","27,590","1,67M","0,25%"
"10.06.2020","28,230","28,080","28,390","27,760","1,30M","0,79%"
"09.06.2020","28,010","27,180","28,460","26,800","2,28M","2,86%"
"08.06.2020","27,230","27,710","27,730","26,900","3,10M","-1,55%"
"05.06.2020","27,660","27,300","27,710","26,470","2,15M","1,80%"
"04.06.2020","27,170","27,400","27,640","26,930","2,39M","-1,16%"
"03.06.2020","27,490","28,590","28,590","27,410","2,38M","-3,00%"
"02.06.2020","28,340","28,890","28,900","27,710","1,45M","-1,22%"
"01.06.2020","28,690","28,450","29,100","28,060","992,23K","2,03%"
"29.05.2020","28,120","27,580","28,420","27,330","2,78M","2,52%"
"28.05.2020","27,430","28,090","28,330","26,400","2,98M","-2,04%"
"27.05.2020","28,000","29,800","29,910","28,000","2,06M","-6,39%"
"26.05.2020","29,910","30,050","30,070","29,540","1,02M","0,00%"
"25.05.2020","29,910","29,970","30,190","29,680","343,85K","0,37%"
"22.05.2020","29,800","29,770","30,120","29,590","699,16K","-1,00%"
"21.05.2020","30,100","29,270","30,380","29,140","623,98K","2,03%"
"20.05.2020","29,500","28,950","29,640","28,750","846,98K","2,29%"
"19.05.2020","28,840","30,090","30,200","28,840","1,03M","-3,64%"
"18.05.2020","29,930","29,540","29,950","29,080","2,38M","3,14%"
"15.05.2020","29,020","29,550","29,550","28,600","1,80M","-1,29%"
"14.05.2020","29,400","29,270","30,080","29,170","578,67K","-0,34%"
"13.05.2020","29,500","29,740","30,090","29,210","571,62K","-0,81%"
"12.05.2020","29,740","29,290","30,060","29,200","963,51K","1,16%"
"11.05.2020","29,400","29,320","29,600","29,100","479,37K","0,62%"
"08.05.2020","29,220","29,540","29,630","29,080","328,54K","0,41%"
"07.05.2020","29,100","29,590","29,860","29,050","736,35K","-2,35%"
"06.05.2020","29,800","30,200","30,440","29,600","637,83K","-0,53%"
"05.05.2020","29,960","30,410","30,450","29,800","818,85K","-0,56%"
"04.05.2020","30,130","30,650","30,700","27,850","1,49M","-2,99%"
"30.04.2020","31,060","31,750","31,840","30,870","1,03M","-1,40%"
"29.04.2020","31,500","31,940","31,980","31,500","515,56K","-1,38%"
"28.04.2020","31,940","32,800","32,800","31,510","667,24K","-1,54%"
"27.04.2020","32,440","32,150","32,560","31,920","370,67K","2,66%"
"24.04.2020","31,600","31,970","32,400","31,370","2,02M","-2,62%"
"23.04.2020","32,450","32,500","32,790","31,310","572,38K","1,15%"
"22.04.2020","32,080","33,500","33,890","31,400","1,18M","-3,05%"
"21.04.2020","33,090","31,230","33,460","30,520","1,34M","6,06%"
"20.04.2020","31,200","30,500","31,220","30,070","824,66K","3,04%"
"17.04.2020","30,280","30,500","30,570","30,030","741,31K","0,93%"
"16.04.2020","30,000","30,580","30,580","30,000","530,27K","-0,23%"
"15.04.2020","30,070","30,110","30,800","29,790","1,18M","-1,09%"
"14.04.2020","30,400","30,000","30,530","30,000","1,04M","2,43%"
"09.04.2020","29,680","29,850","30,080","29,130","533,23K","0,64%"
"08.04.2020","29,490","29,840","30,000","29,120","1,06M","-1,31%"
"07.04.2020","29,880","30,930","30,950","29,550","1,41M","-2,51%"
"06.04.2020","30,650","31,000","31,150","30,090","1,36M","1,56%"
"03.04.2020","30,180","30,850","31,260","29,820","1,21M","-2,17%"
"02.04.2020","30,850","30,790","31,240","29,850","1,10M","0,19%"
"01.04.2020","30,790","30,180","31,830","30,060","1,03M","-0,68%"
"31.03.2020","31,000","31,390","31,390","30,030","1,20M","-0,10%"
"30.03.2020","31,030","30,830","31,230","29,850","1,30M","2,92%"
"27.03.2020","30,150","29,500","30,400","28,820","1,20M","2,20%"
"26.03.2020","29,500","28,500","29,780","28,000","1,44M","6,08%"
"25.03.2020","27,810","30,500","30,510","26,600","1,43M","-5,73%"
"24.03.2020","29,500","29,900","30,650","28,500","1,05M","2,79%"
"23.03.2020","28,700","27,090","29,880","25,920","746,26K","0,10%"
"20.03.2020","28,670","31,330","31,500","27,600","1,57M","-4,85%"
"19.03.2020","30,130","32,050","32,990","28,020","1,73M","3,04%"
"18.03.2020","29,240","26,680","29,270","26,350","1,66M","7,70%"
"17.03.2020","27,150","25,450","27,900","25,050","1,45M","10,41%"
"16.03.2020","24,590","25,000","25,430","23,610","2,87M","-5,46%"
"13.03.2020","26,010","24,770","28,440","24,760","2,36M","4,79%"
"12.03.2020","24,820","26,060","26,590","24,570","1,88M","-9,32%"
"11.03.2020","27,370","28,120","28,410","27,050","1,54M","-1,69%"
"10.03.2020","27,840","28,770","29,280","27,750","1,48M","-1,87%"
"09.03.2020","28,370","27,740","28,820","27,090","1,66M","-1,83%"
"06.03.2020","28,900","29,330","30,000","28,400","1,16M","-2,96%"
"05.03.2020","29,780","31,090","31,130","29,480","1,11M","-3,31%"
"04.03.2020","30,800","30,030","30,830","29,860","956,15K","1,62%"
"03.03.2020","30,310","31,000","31,490","30,120","1,39M","-0,13%"
"02.03.2020","30,350","29,920","30,380","29,330","1,69M","4,66%"
"28.02.2020","29,000","30,370","30,370","28,760","2,25M","-6,69%"
"27.02.2020","31,080","31,820","31,870","30,330","1,81M","-4,60%"
"26.02.2020","32,580","32,290","32,730","31,330","797,11K","0,31%"
"25.02.2020","32,480","32,990","33,080","32,480","1,11M","-1,22%"
"24.02.2020","32,880","33,500","33,640","32,880","2,31M","-3,83%"
"21.02.2020","34,190","34,040","34,310","33,710","526,48K","0,83%"
"20.02.2020","33,910","34,100","34,310","33,860","541,87K","-0,47%"
"19.02.2020","34,070","33,700","34,240","33,530","529,55K","1,76%"
"18.02.2020","33,480","32,960","33,480","32,880","371,44K","1,09%"
"17.02.2020","33,120","33,190","33,260","32,910","326,00K","0,33%"
"14.02.2020","33,010","32,990","33,180","32,790","449,74K","0,09%"
"13.02.2020","32,980","32,430","33,020","32,370","2,24M","1,48%"
"12.02.2020","32,500","32,640","32,640","32,240","931,02K","-0,28%"
"11.02.2020","32,590","32,200","32,610","32,100","697,12K","1,81%"
"10.02.2020","32,010","31,790","32,080","31,460","898,22K","0,82%"
"07.02.2020","31,750","31,710","31,860","31,540","544,14K","0,41%"
"06.02.2020","31,620","31,720","31,730","31,410","720,07K","0,38%"
"05.02.2020","31,500","31,070","31,770","30,970","623,64K","1,71%"
"04.02.2020","30,970","30,810","31,350","30,800","761,04K","1,41%"
"03.02.2020","30,540","30,420","30,740","30,380","853,92K","0,79%"
"31.01.2020","30,300","30,200","30,830","30,180","888,31K","0,23%"
"30.01.2020","30,230","30,260","30,490","30,130","907,07K","-1,11%"
"29.01.2020","30,570","30,710","30,830","30,290","1,12M","-1,07%"
"28.01.2020","30,900","31,060","31,260","30,710","499,00K","-0,32%"
"27.01.2020","31,000","30,690","31,110","30,580","744,96K","-0,51%"
"24.01.2020","31,160","31,060","31,480","31,050","1,99M","0,52%"
"23.01.2020","31,000","31,500","31,530","30,940","652,44K","-1,84%"
"22.01.2020","31,580","31,600","31,880","31,500","1,38M","0,16%"
"21.01.2020","31,530","31,620","31,730","31,510","560,77K","-1,19%"
"20.01.2020","31,910","31,900","32,020","31,670","558,06K","0,35%"
"17.01.2020","31,800","31,920","32,180","31,780","978,69K","-0,28%"
"16.01.2020","31,890","32,590","32,660","31,450","868,28K","-2,18%"
"15.01.2020","32,600","32,550","32,980","32,370","859,03K","0,40%"
"14.01.2020","32,470","32,670","32,700","32,120","2,74M","-0,52%"
"13.01.2020","32,640","32,950","33,100","32,530","454,52K","-0,55%"
"10.01.2020","32,820","33,060","33,110","32,610","591,39K","-0,39%"
"09.01.2020","32,950","32,600","32,970","32,470","947,92K","1,17%"
"08.01.2020","32,570","32,540","32,730","32,380","609,01K","-0,09%"
"07.01.2020","32,600","31,810","32,670","31,810","2,09M","2,74%"
"06.01.2020","31,730","31,560","31,890","31,450","386,91K","-0,03%"
"03.01.2020","31,740","31,430","31,760","31,430","641,13K","0,09%"
"02.01.2020","31,710","31,690","31,840","31,530","392,67K","0,89%"
"31.12.2019","31,430","31,600","31,640","31,290","198,48K","-0,85%"
"30.12.2019","31,700","32,130","32,130","31,670","308,78K","-1,18%"
"27.12.2019","32,080","32,310","32,310","31,740","267,56K","0,31%"
"24.12.2019","31,980","32,000","32,050","31,790","99,30K","0,03%"
"23.12.2019","31,970","31,640","32,000","31,510","862,52K","1,14%"
"20.12.2019","31,610","31,460","31,710","31,340","814,05K","0,60%"
"19.12.2019","31,420","31,300","31,420","31,130","612,15K","0,48%"
"18.12.2019","31,270","31,490","31,620","31,170","555,58K","-0,64%"
"17.12.2019","31,470","31,550","31,650","31,320","738,55K","0,00%"
"16.12.2019","31,470","31,440","31,540","31,300","1,54M","0,74%"
"13.12.2019","31,240","31,220","31,460","30,840","562,68K","0,55%"
"12.12.2019","31,070","31,110","31,250","30,930","1,30M","0,29%"
"11.12.2019","30,980","31,130","31,180","30,950","1,11M","-0,77%"
"10.12.2019","31,220","31,250","31,250","30,620","1,36M","0,10%"
"09.12.2019","31,190","31,100","31,590","30,800","934,68K","1,83%"
"06.12.2019","30,630","30,180","30,760","30,090","519,56K","1,52%"
"05.12.2019","30,170","30,720","30,760","30,080","2,14M","-1,50%"
"04.12.2019","30,630","30,500","30,830","30,350","588,71K","0,26%"
"03.12.2019","30,550","30,400","30,830","30,360","544,00K","0,46%"
"02.12.2019","30,410","31,020","31,110","30,340","601,91K","-1,93%"
"29.11.2019","31,010","31,010","31,170","30,910","544,43K","-0,74%"
"28.11.2019","31,240","30,900","31,240","30,820","411,72K","1,00%"
"27.11.2019","30,930","31,100","31,100","30,800","554,49K","-0,16%"
"26.11.2019","30,980","30,800","30,980","30,520","1,46M","0,81%"
"25.11.2019","30,730","30,210","30,750","30,020","2,54M","2,43%"
"22.11.2019","30,000","29,930","30,100","29,670","1,72M","0,67%"
"21.11.2019","29,800","29,650","29,830","29,100","2,37M","0,51%"
"20.11.2019","29,650","29,770","29,960","29,650","742,63K","-0,20%"
"19.11.2019","29,710","29,680","29,860","29,480","454,44K","0,47%"
"18.11.2019","29,570","29,370","29,780","29,340","2,15M","1,02%"
"15.11.2019","29,270","29,420","29,550","29,110","755,59K","-0,51%"
"14.11.2019","29,420","29,620","29,750","29,350","723,68K","0,07%"
"13.11.2019","29,400","28,700","29,550","28,670","849,77K","2,26%"
"12.11.2019","28,750","28,940","28,940","28,580","1,47M","-0,03%"
"11.11.2019","28,760","28,550","29,140","28,550","378,66K","0,03%"
"08.11.2019","28,750","28,660","28,750","28,210","527,66K","0,38%"
"07.11.2019","28,640","29,000","29,260","28,540","675,87K","-1,58%"
"06.11.2019","29,100","28,600","29,100","28,480","556,66K","1,39%"
"05.11.2019","28,700","29,350","29,380","28,620","724,24K","-2,71%"
"04.11.2019","29,500","29,410","29,510","29,090","631,85K","0,34%"
"01.11.2019","29,400","28,920","29,400","28,890","567,26K","1,80%"
"31.10.2019","28,880","28,840","29,020","28,670","702,68K","0,17%"
"30.10.2019","28,830","28,620","28,860","28,280","891,24K","0,70%"
"29.10.2019","28,630","29,000","29,990","28,470","4,60M","1,38%"
"28.10.2019","28,240","28,280","28,350","27,920","740,20K","1,58%"
"25.10.2019","27,800","28,110","28,110","27,730","405,18K","-0,64%"
"24.10.2019","27,980","27,460","28,080","27,260","775,39K","2,60%"
"23.10.2019","27,270","27,190","27,470","27,040","790,69K","0,37%"
"22.10.2019","27,170","27,000","27,200","26,900","591,48K","0,52%"
"21.10.2019","27,030","27,280","27,310","26,730","632,90K","-0,92%"
"18.10.2019","27,280","27,410","27,490","27,080","510,75K","-0,18%"
"17.10.2019","27,330","26,860","27,620","26,860","854,60K","1,26%"
"16.10.2019","26,990","27,000","27,270","26,960","1,16M","-0,15%"
"15.10.2019","27,030","27,250","27,350","26,990","856,05K","-0,81%"
"14.10.2019","27,250","27,000","27,300","27,000","536,77K","0,52%"
"11.10.2019","27,110","27,010","27,110","26,850","594,13K","0,41%"
"10.10.2019","27,000","27,450","27,500","26,980","638,62K","-1,39%"
"09.10.2019","27,380","27,080","27,520","27,080","798,85K","1,33%"
"08.10.2019","27,020","27,100","27,330","26,970","736,71K","-0,04%"
"07.10.2019","27,030","26,740","27,060","26,650","926,89K","1,43%"
"04.10.2019","26,650","26,690","26,870","26,500","1,04M","0,41%"
"03.10.2019","26,540","26,700","26,830","26,380","861,57K","0,15%"
"02.10.2019","26,500","26,500","26,650","26,260","1,18M","-0,56%"
"01.10.2019","26,650","27,140","27,270","26,570","1,13M","-1,44%"
"30.09.2019","27,040","26,990","27,220","26,800","476,17K","0,00%"
"27.09.2019","27,040","27,030","27,110","26,800","511,39K","0,30%"
"26.09.2019","26,960","26,830","27,010","26,790","334,80K","0,04%"
"25.09.2019","26,950","27,360","27,400","26,870","439,13K","-1,61%"
"24.09.2019","27,390","26,950","27,570","26,950","2,47M","1,07%"
"23.09.2019","27,100","26,560","27,190","26,560","1,27M","2,34%"
"20.09.2019","26,480","26,800","27,200","26,480","2,63M","-2,18%"
"19.09.2019","27,070","27,350","27,490","26,920","1,02M","-1,17%"
"18.09.2019","27,390","26,830","27,610","26,830","731,71K","1,56%"
"17.09.2019","26,970","26,850","26,970","26,600","1,02M","0,97%"
"16.09.2019","26,710","27,000","27,170","26,710","600,71K","-1,44%"
"13.09.2019","27,100","27,510","27,710","27,020","721,31K","-1,81%"
"12.09.2019","27,600","27,870","28,230","27,440","530,53K","-0,43%"
"11.09.2019","27,720","27,580","28,000","27,400","1,12M","1,32%"
"10.09.2019","27,360","27,110","27,380","26,320","1,02M","-0,15%"
"09.09.2019","27,400","28,020","28,110","27,230","620,81K","-2,18%"
"06.09.2019","28,010","28,100","28,470","27,960","977,08K","-0,32%"
"05.09.2019","28,100","28,660","28,660","28,080","1,05M","-1,30%"
"04.09.2019","28,470","28,840","28,970","28,380","594,60K","-0,56%"
"03.09.2019","28,630","28,600","28,840","28,490","1,07M","-0,56%"
"02.09.2019","28,790","28,810","29,050","28,760","408,90K","-0,03%"
"30.08.2019","28,800","28,820","28,950","28,600","520,88K","-0,35%"
"29.08.2019","28,900","28,720","28,940","28,710","505,00K","0,66%"
"28.08.2019","28,710","28,660","28,840","28,450","822,22K","-0,45%"
"27.08.2019","28,840","28,550","28,920","28,290","986,65K","1,02%"
"26.08.2019","28,550","28,540","28,590","28,150","414,64K","-1,01%"
"23.08.2019","28,840","28,730","28,960","28,670","649,61K","0,70%"
"22.08.2019","28,640","29,110","29,180","28,640","443,29K","-1,58%"
"21.08.2019","29,100","28,860","29,110","28,740","568,00K","0,66%"
"20.08.2019","28,910","28,890","29,340","28,790","795,21K","-0,10%"
"19.08.2019","28,940","28,890","29,050","28,750","448,94K","0,77%"
"16.08.2019","28,720","28,640","28,780","28,430","417,89K","0,70%"
"15.08.2019","28,520","28,610","28,760","27,980","510,90K","-0,21%"
"14.08.2019","28,580","28,520","29,080","28,460","1,37M","0,42%"
"13.08.2019","28,460","28,410","28,630","28,220","781,13K","-0,66%"
"12.08.2019","28,650","28,740","29,140","28,490","616,07K","0,53%"
"09.08.2019","28,500","29,120","29,220","28,410","855,35K","-2,23%"
"08.08.2019","29,150","28,670","29,160","28,670","806,22K","2,64%"
"07.08.2019","28,400","28,040","28,700","28,010","881,43K","1,39%"
"06.08.2019","28,010","28,250","28,510","28,010","623,40K","-0,74%"
"05.08.2019","28,220","28,400","28,600","28,050","794,49K","-2,42%"
"02.08.2019","28,920","29,290","29,520","28,840","774,55K","-2,23%"
"01.08.2019","29,580","29,330","29,640","29,050","1,25M","0,96%"
"31.07.2019","29,300","29,200","29,620","28,650","1,50M","0,21%"
"30.07.2019","29,240","29,400","29,400","28,490","1,09M","-0,48%"
"29.07.2019","29,380","29,020","29,550","29,020","579,88K","0,58%"
"26.07.2019","29,210","28,950","29,380","28,930","569,47K","0,38%"
"25.07.2019","29,100","29,350","29,550","29,000","761,39K","-0,68%"
"24.07.2019","29,300","29,270","29,470","29,130","652,19K","0,69%"
"23.07.2019","29,100","29,050","29,400","28,880","819,51K","-0,24%"
"22.07.2019","29,170","28,580","29,170","28,280","710,78K","2,06%"
"19.07.2019","28,580","29,190","29,250","28,490","1,03M","-1,28%"
"18.07.2019","28,950","28,470","29,160","28,460","804,44K","1,19%"
"17.07.2019","28,610","28,490","28,610","28,230","960,09K","0,49%"
"16.07.2019","28,470","27,900","28,560","27,830","1,67M","2,52%"
"15.07.2019","27,770","27,540","27,890","27,420","728,73K","1,09%"
"12.07.2019","27,470","27,370","27,540","27,150","1,31M","-0,33%"
"11.07.2019","27,560","27,690","27,780","27,330","886,71K","-0,72%"
"10.07.2019","27,760","27,600","27,910","27,590","899,77K","-0,75%"
"09.07.2019","27,970","27,630","27,970","27,610","762,53K","0,21%"
"08.07.2019","27,910","27,650","27,910","27,520","2,28M","0,29%"
"05.07.2019","27,830","27,020","27,870","26,970","1,42M","2,69%"
"04.07.2019","27,100","26,770","27,110","26,450","940,55K","1,31%"
"03.07.2019","26,750","26,490","26,830","26,350","844,22K","1,75%"
"02.07.2019","26,290","26,380","26,560","26,120","1,15M","0,50%"
"01.07.2019","26,160","26,260","26,500","25,920","2,55M","0,62%"
"28.06.2019","26,000","25,100","26,000","25,100","964,97K","3,13%"
"27.06.2019","25,210","24,800","25,340","24,800","820,19K","3,62%"
"26.06.2019","24,330","24,750","24,880","24,330","618,12K","-2,29%"
"25.06.2019","24,900","24,640","24,900","24,520","709,39K","0,48%"
"24.06.2019","24,780","24,860","24,990","24,680","541,38K","0,28%"
"21.06.2019","24,710","24,730","24,850","24,590","907,31K","-0,36%"
"20.06.2019","24,800","24,840","25,060","24,790","778,40K","0,12%"
"19.06.2019","24,770","24,720","24,860","24,520","403,81K","-0,32%"
"18.06.2019","24,850","24,140","24,910","24,140","557,90K","2,26%"
"17.06.2019","24,300","24,220","24,360","24,040","438,22K","0,37%"
"14.06.2019","24,210","24,090","24,310","24,090","463,17K","0,00%"
"13.06.2019","24,210","24,360","24,450","24,150","663,92K","-0,57%"
"12.06.2019","24,350","24,280","24,540","24,280","547,72K","-0,61%"
"11.06.2019","24,500","24,000","24,740","24,000","1,11M","2,55%"
"10.06.2019","23,890","24,200","24,330","23,860","647,64K","-1,53%"
"07.06.2019","24,260","23,800","24,430","23,690","1,32M","1,04%"
"06.06.2019","24,010","23,040","24,050","22,970","1,23M","5,08%"
"05.06.2019","22,850","22,900","23,120","22,730","744,28K","0,00%"
"04.06.2019","22,850","23,190","23,190","22,850","982,09K","-2,43%"
"03.06.2019","23,420","23,120","23,420","22,990","795,06K","1,91%"
"31.05.2019","22,980","23,060","23,260","22,750","820,64K","-1,25%"
"30.05.2019","23,270","23,000","23,300","23,000","269,57K","0,95%"
"29.05.2019","23,050","23,490","23,490","23,040","566,23K","-2,29%"
"28.05.2019","23,590","23,520","23,630","23,320","806,68K","0,08%"
"27.05.2019","23,570","23,500","23,770","23,480","185,38K","1,16%"
"24.05.2019","23,300","23,480","23,600","23,270","719,50K","-0,13%"
"23.05.2019","23,330","23,590","23,620","23,330","433,49K","-1,48%"
"22.05.2019","23,680","23,780","23,860","23,510","575,48K","0,04%"
"21.05.2019","23,670","23,580","24,080","23,540","893,09K","0,21%"
"20.05.2019","23,620","23,940","24,060","23,510","855,93K","-1,99%"
"17.05.2019","24,100","23,860","24,100","23,590","2,70M","1,30%"
"16.05.2019","23,790","23,300","23,880","23,160","796,55K","2,02%"
"15.05.2019","23,320","23,090","23,320","22,780","1,40M","1,75%"
"14.05.2019","22,920","22,600","23,210","22,600","721,39K","-0,22%"
"13.05.2019","22,970","23,060","23,110","22,600","1,08M","-0,35%"
"10.05.2019","23,050","23,560","23,660","22,950","724,42K","-1,79%"
"09.05.2019","23,470","24,360","24,360","23,290","763,81K","-3,69%"
"08.05.2019","24,370","24,860","24,860","24,230","617,46K","-1,34%"
"07.05.2019","24,700","24,330","25,070","24,190","2,32M","1,40%"
"06.05.2019","24,360","24,230","24,380","23,920","244,10K","-0,73%"
"03.05.2019","24,540","24,340","24,760","24,230","616,42K","1,28%"
"02.05.2019","24,230","24,670","24,800","24,100","631,47K","-2,06%"
"30.04.2019","24,740","25,000","25,000","24,550","532,22K","-0,84%"
"29.04.2019","24,950","24,610","24,960","24,130","592,00K","1,80%"
"26.04.2019","24,510","24,500","24,760","24,390","478,65K","0,41%"
"25.04.2019","24,410","24,070","24,420","24,070","562,57K","1,50%"
"24.04.2019","24,050","24,200","24,350","23,750","837,60K","-0,37%"
"23.04.2019","24,140","23,960","24,140","23,800","693,27K","0,42%"
"18.04.2019","24,040","24,110","24,260","23,900","584,13K","-0,33%"
"17.04.2019","24,120","24,530","24,540","24,110","615,38K","-2,11%"
"16.04.2019","24,640","24,700","24,830","24,580","447,29K","-0,44%"
"15.04.2019","24,750","24,730","24,860","24,520","980,31K","-0,36%"
"12.04.2019","24,840","24,910","24,910","24,670","592,56K","-0,48%"
"11.04.2019","24,960","24,960","25,060","24,790","853,64K","-0,20%"
"10.04.2019","25,010","25,040","25,120","24,860","468,03K","-0,44%"
"09.04.2019","25,120","24,850","25,210","24,850","860,43K","0,84%"
"08.04.2019","24,910","25,290","25,290","24,690","634,76K","-1,31%"
"05.04.2019","25,240","24,920","25,550","24,920","1,24M","0,84%"
"04.04.2019","25,030","25,160","25,210","24,920","784,76K","-0,67%"
"03.04.2019","25,200","25,720","25,720","25,170","719,98K","-1,33%"
"02.04.2019","25,540","25,270","25,690","25,270","1,10M","1,71%"
"01.04.2019","25,110","25,100","25,540","25,100","902,65K","0,60%"
"29.03.2019","24,960","24,220","25,400","24,220","1,55M","3,27%"
"28.03.2019","24,170","23,880","24,290","23,850","550,00K","1,05%"
"27.03.2019","23,920","24,070","24,290","23,810","610,48K","-0,42%"
"26.03.2019","24,020","23,450","24,020","23,310","620,83K","2,39%"
"25.03.2019","23,460","23,190","23,570","23,080","809,16K","-0,09%"
"22.03.2019","23,480","23,750","23,840","23,410","1,32M","-0,72%"
"21.03.2019","23,650","23,940","23,940","23,540","571,86K","-1,21%"
"20.03.2019","23,940","23,990","24,120","23,850","971,85K","-0,25%"
"19.03.2019","24,000","24,050","24,210","24,000","390,65K","-0,08%"
"18.03.2019","24,020","24,060","24,080","23,940","408,15K","0,04%"
"15.03.2019","24,010","23,850","24,100","23,800","943,29K","0,80%"
"14.03.2019","23,820","23,730","24,000","23,700","653,10K","0,93%"
"13.03.2019","23,600","23,830","23,890","23,580","1,20M","-0,42%"
"12.03.2019","23,700","23,740","24,080","23,670","1,02M","0,30%"
"11.03.2019","23,630","24,080","24,140","23,630","731,84K","-1,54%"
"08.03.2019","24,000","24,200","24,350","23,900","611,58K","-0,99%"
"07.03.2019","24,240","23,860","24,290","23,580","946,08K","2,24%"
"06.03.2019","23,710","24,110","24,310","23,620","540,21K","-2,11%"
"05.03.2019","24,220","24,150","24,280","23,950","500,91K","0,12%"
"04.03.2019","24,190","23,620","24,480","23,620","824,35K","2,28%"
"01.03.2019","23,650","23,190","23,740","22,900","806,94K","3,46%"
"28.02.2019","22,860","22,880","23,100","21,750","1,50M","-1,38%"
"27.02.2019","23,180","23,700","23,700","23,080","438,25K","-2,19%"
"26.02.2019","23,700","23,120","23,700","23,040","654,90K","2,82%"
"25.02.2019","23,050","23,370","23,380","23,050","887,11K","-0,82%"
"22.02.2019","23,240","23,520","23,680","23,240","473,03K","-1,19%"
"21.02.2019","23,520","23,800","23,820","23,400","499,42K","-1,30%"
"20.02.2019","23,830","23,820","24,090","23,820","417,11K","0,00%"
"19.02.2019","23,830","23,950","24,000","23,710","803,78K","-0,25%"
"18.02.2019","23,890","23,880","24,140","23,810","531,33K","0,38%"
"15.02.2019","23,800","23,200","23,810","23,140","459,14K","2,32%"
"14.02.2019","23,260","23,330","23,450","23,110","895,12K","0,78%"
"13.02.2019","23,080","22,800","23,370","22,800","623,43K","1,45%"
"12.02.2019","22,750","22,900","23,100","22,730","987,87K","-0,18%"
"11.02.2019","22,790","22,580","22,870","22,440","515,02K","1,29%"
"08.02.2019","22,500","23,000","23,100","21,830","1,58M","-2,93%"
"07.02.2019","23,180","23,320","23,610","23,180","757,73K","-0,73%"
"06.02.2019","23,350","23,670","23,750","23,350","449,23K","-1,23%"
"05.02.2019","23,640","23,220","23,730","23,120","756,04K","2,07%"
"04.02.2019","23,160","23,030","23,160","22,860","968,98K","0,74%"
"01.02.2019","22,990","22,910","23,090","22,800","1,02M","1,05%"
"31.01.2019","22,750","23,050","23,270","22,660","1,19M","-1,13%"
"30.01.2019","23,010","23,080","23,280","22,900","555,43K","-0,78%"
"29.01.2019","23,190","23,270","23,470","22,890","642,20K","-0,30%"
"28.01.2019","23,260","23,750","23,790","23,120","821,69K","-2,23%"
"25.01.2019","23,790","24,340","24,400","23,790","1,57M","-2,14%"
"24.01.2019","24,310","24,280","24,720","24,200","823,83K","0,25%"
"23.01.2019","24,250","24,220","24,670","24,150","651,02K","-0,04%"
"22.01.2019","24,260","24,460","24,580","24,070","2,04M","-0,78%"
"21.01.2019","24,450","24,520","24,720","24,420","1,41M","0,04%"
"18.01.2019","24,440","24,550","24,690","24,310","729,66K","0,21%"
"17.01.2019","24,390","24,010","24,490","24,000","487,46K","0,79%"
"16.01.2019","24,200","23,860","24,240","23,810","538,88K","1,17%"
"15.01.2019","23,920","23,860","24,040","23,590","2,09M","0,55%"
"14.01.2019","23,790","24,320","24,320","23,530","624,21K","-2,42%"
"11.01.2019","24,380","24,140","24,600","24,020","951,16K","1,29%"
"10.01.2019","24,070","24,050","24,180","23,800","2,02M","-0,66%"
"09.01.2019","24,230","24,160","24,360","24,050","850,29K","1,38%"
"08.01.2019","23,900","23,590","24,160","23,590","755,01K","1,49%"
"07.01.2019","23,550","23,590","23,670","23,310","387,96K","-0,08%"
"04.01.2019","23,570","23,090","23,860","22,810","853,83K","3,33%"
"03.01.2019","22,810","22,720","22,930","22,500","3,95M","0,35%"
"02.01.2019","22,730","22,560","22,730","22,180","488,98K","-0,74%"
"31.12.2018","22,900","22,890","23,050","22,690","207,33K","0,57%"
"28.12.2018","22,770","22,560","22,940","22,520","363,27K","1,38%"
"27.12.2018","22,460","22,900","22,900","22,200","637,34K","-0,53%"
"24.12.2018","22,580","22,420","22,750","22,390","194,46K","-0,18%"
"21.12.2018","22,620","22,410","22,700","22,230","1,31M","0,58%"
"20.12.2018","22,490","22,770","22,930","22,490","553,50K","-2,30%"
"19.12.2018","23,020","23,150","23,340","22,790","1,51M","-0,35%"
"18.12.2018","23,100","23,330","23,490","23,080","792,86K","-1,62%"
"17.12.2018","23,480","23,910","23,910","23,270","557,58K","-1,68%"
"14.12.2018","23,880","23,840","23,990","23,570","396,69K","-0,42%"
"13.12.2018","23,980","24,280","24,370","23,860","654,20K","-0,75%"
"12.12.2018","24,160","24,090","24,360","24,000","623,61K","0,75%"
"11.12.2018","23,980","23,880","24,060","23,560","635,05K","1,70%"
"10.12.2018","23,580","24,270","24,330","23,580","992,52K","-3,36%"
"07.12.2018","24,400","24,340","24,680","24,330","548,78K","0,70%"
"06.12.2018","24,230","24,540","24,830","24,160","672,07K","-2,65%"
"05.12.2018","24,890","24,580","25,040","24,430","397,04K","-0,04%"
"04.12.2018","24,900","25,340","25,340","24,840","2,30M","-1,66%"
"03.12.2018","25,320","25,300","25,390","24,950","577,86K","2,26%"
"30.11.2018","24,760","26,170","26,200","24,730","1,22M","-5,50%"
"29.11.2018","26,200","26,130","26,310","26,000","612,07K","1,00%"
"28.11.2018","25,940","25,620","26,000","25,550","490,31K","1,93%"
"27.11.2018","25,450","25,640","25,780","25,140","518,92K","-0,78%"
"26.11.2018","25,650","25,850","26,110","25,590","2,36M","-0,66%"
"23.11.2018","25,820","25,600","25,820","25,380","470,26K","0,74%"
"22.11.2018","25,630","25,740","26,160","25,560","777,37K","0,31%"
"21.11.2018","25,550","25,440","25,730","25,440","620,59K","0,16%"
"20.11.2018","25,510","25,890","25,990","25,350","915,93K","-2,22%"
"19.11.2018","26,090","26,140","26,280","25,920","1,60M","0,35%"
"16.11.2018","26,000","25,880","26,010","25,710","597,88K","0,39%"
"15.11.2018","25,900","26,080","26,360","25,780","578,55K","-0,80%"
"14.11.2018","26,110","25,940","26,320","25,870","631,43K","-0,34%"
"13.11.2018","26,200","26,010","26,310","25,940","1,19M","0,73%"
"12.11.2018","26,010","26,020","26,340","25,870","1,20M","-0,34%"
"09.11.2018","26,100","25,930","26,210","25,730","696,91K","0,54%"
"08.11.2018","25,960","25,710","26,080","25,650","673,86K","1,41%"
"07.11.2018","25,600","25,240","25,630","25,240","769,45K","1,19%"
"06.11.2018","25,300","25,630","25,680","25,180","625,62K","-1,48%"
"05.11.2018","25,680","25,720","25,920","25,480","696,36K","-0,16%"
"02.11.2018","25,720","25,820","26,070","25,460","1,35M","1,06%"
"01.11.2018","25,450","25,050","25,510","25,050","547,80K","1,03%"
"31.10.2018","25,190","25,570","25,800","25,120","1,05M","-0,90%"
"30.10.2018","25,420","25,540","25,570","24,820","1,13M","-0,08%"
"29.10.2018","25,440","27,000","27,080","24,920","2,77M","8,81%"
"26.10.2018","23,380","22,140","23,410","22,040","1,37M","4,80%"
"25.10.2018","22,310","22,230","22,540","21,830","1,24M","-0,89%"
"24.10.2018","22,510","23,000","23,190","22,500","742,54K","-1,57%"
"23.10.2018","22,870","22,960","23,020","22,670","569,21K","-1,08%"
"22.10.2018","23,120","23,180","23,380","22,990","491,59K","-0,22%"
"19.10.2018","23,170","23,200","23,420","22,970","746,77K","-0,47%"
"18.10.2018","23,280","22,790","23,710","22,790","1,14M","2,28%"
"17.10.2018","22,760","22,660","23,040","22,510","2,52M","0,66%"
"16.10.2018","22,610","22,170","22,610","22,040","1,28M","2,12%"
"15.10.2018","22,140","22,090","22,270","21,960","949,03K","-0,72%"
"12.10.2018","22,300","22,200","22,460","22,000","947,58K","1,36%"
"11.10.2018","22,000","21,800","22,570","21,650","2,72M","0,64%"
"10.10.2018","21,860","22,750","22,750","21,570","1,33M","-3,91%"
"09.10.2018","22,750","23,000","23,030","22,190","1,38M","-0,83%"
"08.10.2018","22,940","23,920","23,920","22,940","821,11K","-4,22%"
"05.10.2018","23,950","23,960","24,010","23,680","721,18K","0,29%"
"04.10.2018","23,880","23,500","23,960","23,360","1,39M","3,42%"
"03.10.2018","23,090","23,830","23,850","22,370","2,36M","-5,37%"
"02.10.2018","24,400","24,510","24,600","24,180","542,68K","-1,29%"
"01.10.2018","24,720","24,250","24,730","24,140","720,13K","1,90%"
"28.09.2018","24,260","23,940","24,370","23,940","747,11K","0,92%"
"27.09.2018","24,040","24,030","24,110","23,470","716,23K","-0,08%"
"26.09.2018","24,060","24,180","24,180","23,920","1,09M","0,29%"
"25.09.2018","23,990","23,860","24,100","23,850","459,90K","0,42%"
"24.09.2018","23,890","24,300","24,390","23,870","565,27K","-2,09%"
"21.09.2018","24,400","24,900","24,930","24,400","964,80K","-1,01%"
"20.09.2018","24,650","24,550","24,830","24,530","744,28K","0,28%"
"19.09.2018","24,580","24,350","24,740","24,320","1,46M","0,94%"
"18.09.2018","24,350","23,690","24,360","23,650","804,19K","2,83%"
"17.09.2018","23,680","24,110","24,140","23,560","776,09K","-1,74%"
"14.09.2018","24,100","24,050","24,140","23,810","598,86K","0,33%"
"13.09.2018","24,020","24,570","24,630","23,960","573,23K","-2,24%"
"12.09.2018","24,570","24,810","24,830","24,430","462,94K","-0,36%"
"11.09.2018","24,660","24,440","24,660","24,260","584,68K","0,86%"
"10.09.2018","24,450","24,300","24,680","24,120","632,80K","0,41%"
"07.09.2018","24,350","24,250","24,400","24,110","546,37K","0,16%"
"06.09.2018","24,310","24,350","24,480","24,140","592,66K","-0,94%"
"05.09.2018","24,540","25,170","25,200","24,490","933,25K","-2,89%"
"04.09.2018","25,270","25,390","25,500","25,010","363,13K","-0,43%"
"03.09.2018","25,380","25,250","25,480","25,240","255,67K","0,20%"
"31.08.2018","25,330","25,920","25,920","25,290","767,51K","-2,20%"
"30.08.2018","25,900","26,020","26,120","25,820","912,40K","-0,19%"
"29.08.2018","25,950","25,800","26,060","25,710","630,64K","0,97%"
"28.08.2018","25,700","25,530","25,760","25,450","501,67K","0,55%"
"27.08.2018","25,560","25,310","25,670","25,310","307,25K","0,99%"
"24.08.2018","25,310","25,050","25,330","25,030","542,27K","0,64%"
"23.08.2018","25,150","25,210","25,470","25,100","529,91K","0,00%"
"22.08.2018","25,150","24,620","25,220","24,550","392,80K","1,70%"
"21.08.2018","24,730","24,760","25,040","24,730","340,34K","-0,08%"
"20.08.2018","24,750","24,550","24,840","24,480","508,10K","0,81%"
"17.08.2018","24,550","24,180","24,560","24,180","711,29K","1,99%"
"16.08.2018","24,070","24,060","24,230","23,910","787,87K","0,33%"
"15.08.2018","23,990","24,760","24,790","23,910","433,15K","-2,56%"
"14.08.2018","24,620","24,700","24,850","24,620","699,30K","-0,28%"
"13.08.2018","24,690","24,960","25,060","24,580","452,33K","-1,24%"
"10.08.2018","25,000","25,050","25,190","24,980","573,36K","-0,56%"
"09.08.2018","25,140","25,360","25,370","25,030","528,08K","-0,87%"
"08.08.2018","25,360","25,520","25,580","25,220","594,33K","-0,67%"
"07.08.2018","25,530","25,450","25,650","25,420","1,29M","0,31%"
"06.08.2018","25,450","25,450","25,740","25,350","747,48K","-0,20%"
"03.08.2018","25,500","25,330","25,550","25,190","768,04K","1,03%"
"02.08.2018","25,240","24,950","25,320","24,940","4,44M","0,64%"
"01.08.2018","25,080","24,780","25,190","24,750","1,04M","0,93%"
"31.07.2018","24,850","25,680","25,680","24,790","1,29M","-3,42%"
"30.07.2018","25,730","25,830","25,880","25,420","952,94K","-0,39%"
"27.07.2018","25,830","25,750","26,030","24,980","1,08M","1,45%"
"26.07.2018","25,460","25,250","25,460","25,070","1,09M","1,47%"
"25.07.2018","25,090","25,120","25,210","25,030","1,14M","-0,12%"
"24.07.2018","25,120","24,910","25,170","24,860","633,53K","0,76%"
"23.07.2018","24,930","24,930","24,990","24,640","571,23K","0,16%"
"20.07.2018","24,890","25,000","25,120","24,810","1,07M","-0,60%"
"19.07.2018","25,040","25,340","25,340","24,880","1,43M","-1,49%"
"18.07.2018","25,420","25,800","25,860","25,260","855,28K","-0,97%"
"17.07.2018","25,670","25,510","25,670","25,290","1,01M","0,27%"
"16.07.2018","25,600","25,620","25,840","25,500","457,68K","0,08%"
"13.07.2018","25,580","25,660","25,810","25,460","465,86K","-0,47%"
"12.07.2018","25,700","25,470","25,850","25,470","975,35K","1,18%"
"11.07.2018","25,400","25,280","25,670","25,180","980,53K","-0,16%"
"10.07.2018","25,440","25,500","25,810","25,220","943,92K","-0,04%"
"09.07.2018","25,450","26,070","26,170","25,450","1,12M","-2,23%"
"06.07.2018","26,030","25,980","26,090","25,780","2,26M","0,89%"
"05.07.2018","25,800","26,070","26,300","25,800","876,05K","-1,15%"
"04.07.2018","26,100","25,940","26,190","25,890","2,24M","0,19%"
"03.07.2018","26,050","25,990","26,500","25,930","1,00M","1,24%"
"02.07.2018","25,730","25,560","26,000","25,470","682,22K","-0,19%"
"29.06.2018","25,780","25,970","26,260","25,780","1,23M","0,16%"
"28.06.2018","25,740","26,050","26,110","25,530","750,36K","-1,34%"
"27.06.2018","26,090","26,100","26,300","25,500","2,41M","-0,34%"
"26.06.2018","26,180","26,680","26,900","26,180","1,45M","-1,80%"
"25.06.2018","26,660","26,730","27,040","26,600","641,80K","-0,74%"
"22.06.2018","26,860","26,870","26,880","26,580","469,27K","0,52%"
"21.06.2018","26,720","27,000","27,120","26,630","617,18K","-0,45%"
"20.06.2018","26,840","26,650","27,110","26,590","1,15M","1,28%"
"19.06.2018","26,500","26,470","26,650","26,140","1,82M","-0,90%"
"18.06.2018","26,740","27,000","27,040","26,620","1,21M","-1,15%"
"15.06.2018","27,050","27,650","27,680","27,050","2,42M","-2,03%"
"14.06.2018","27,610","27,480","27,630","26,810","1,41M","-1,60%"
"13.06.2018","28,060","27,780","28,070","27,700","763,39K","1,15%"
"12.06.2018","27,740","27,570","28,020","27,530","1,04M","1,09%"
"11.06.2018","27,440","27,080","27,500","27,030","1,37M","1,97%"
"08.06.2018","26,910","26,040","26,970","25,930","1,38M","3,78%"
"07.06.2018","25,930","25,790","26,130","25,790","4,67M","0,43%"
"06.06.2018","25,820","25,830","26,060","25,620","1,16M","-0,23%"
"05.06.2018","25,880","25,830","26,190","25,830","1,69M","-0,08%"
"04.06.2018","25,900","25,810","26,020","25,700","593,24K","1,29%"
"01.06.2018","25,570","25,230","25,930","25,230","715,04K","1,47%"
"31.05.2018","25,200","25,500","25,640","25,150","1,20M","-1,02%"
"30.05.2018","25,460","24,570","25,460","24,530","905,16K","3,33%"
"29.05.2018","24,640","24,810","24,840","24,370","463,75K","-1,52%"
"28.05.2018","25,020","24,950","25,140","24,920","228,87K","0,64%"
"25.05.2018","24,860","25,140","25,220","24,380","1,02M","-0,96%"
"24.05.2018","25,100","25,350","25,860","25,070","607,33K","-1,38%"
"23.05.2018","25,450","25,130","25,450","24,790","711,66K","0,91%"
"22.05.2018","25,220","25,150","25,290","24,950","336,53K","0,20%"
"21.05.2018","25,170","25,240","25,380","25,170","364,98K","0,00%"
"18.05.2018","25,170","25,260","25,410","25,120","663,48K","0,08%"
"17.05.2018","25,150","25,250","25,340","25,020","752,47K","0,00%"
"16.05.2018","25,150","25,310","25,350","25,150","745,60K","-0,20%"
"15.05.2018","25,200","25,300","25,340","25,070","606,12K","-0,55%"
"14.05.2018","25,340","25,220","25,450","25,120","627,91K","1,16%"
"11.05.2018","25,050","24,720","25,180","24,710","618,70K","0,60%"
"10.05.2018","24,900","24,850","25,040","24,840","346,92K","0,40%"
"09.05.2018","24,800","24,990","24,990","24,630","708,43K","-0,76%"
"08.05.2018","24,990","24,210","24,990","24,170","1,10M","2,97%"
"07.05.2018","24,270","24,200","24,390","24,070","347,66K","0,50%"
"04.05.2018","24,150","24,000","24,170","23,910","880,05K","0,04%"
"03.05.2018","24,140","23,650","24,290","23,100","746,42K","2,46%"
"02.05.2018","23,560","23,320","23,770","23,320","682,60K","0,90%"
"30.04.2018","23,350","23,430","23,650","23,350","656,78K","-0,68%"
"27.04.2018","23,510","23,070","23,740","23,070","607,69K","2,31%"
"26.04.2018","22,980","22,720","23,150","22,720","712,88K","1,01%"
"25.04.2018","22,750","22,890","23,050","22,730","481,53K","-1,00%"
"24.04.2018","22,980","23,330","23,510","22,840","520,53K","-1,54%"
"23.04.2018","23,340","23,610","23,610","23,170","363,28K","-0,30%"
"20.04.2018","23,410","23,380","23,580","23,290","641,53K","0,13%"
"19.04.2018","23,380","23,190","23,450","23,120","645,99K","1,21%"
"18.04.2018","23,100","23,540","23,600","23,100","644,20K","-1,66%"
"17.04.2018","23,490","23,250","23,700","23,040","573,06K","1,60%"
"16.04.2018","23,120","23,180","23,330","23,000","336,26K","-0,56%"
"13.04.2018","23,250","23,210","23,550","23,120","408,68K","0,26%"
"12.04.2018","23,190","22,990","23,270","22,920","345,25K","0,91%"
"11.04.2018","22,980","23,030","23,440","22,910","474,24K","-0,61%"
"10.04.2018","23,120","23,160","23,200","22,980","491,07K","0,83%"
"09.04.2018","22,930","22,860","23,080","22,800","485,60K","0,70%"
"06.04.2018","22,770","22,750","22,910","22,630","433,88K","-0,44%"
"05.04.2018","22,870","22,400","22,870","22,400","828,41K","3,62%"
"04.04.2018","22,070","22,300","22,470","22,040","891,71K","-0,63%"
"03.04.2018","22,210","22,730","22,840","22,200","554,32K","-3,48%"
"29.03.2018","23,010","22,970","23,040","22,840","648,68K","1,19%"
"28.03.2018","22,740","22,000","22,740","21,830","798,18K","2,43%"
"27.03.2018","22,200","22,150","22,290","21,950","374,39K","2,02%"
"26.03.2018","21,760","21,980","22,190","21,730","667,86K","-1,00%"
"23.03.2018","21,980","22,010","22,280","21,860","654,23K","-1,92%"
"22.03.2018","22,410","22,290","22,580","22,240","590,42K","-0,13%"
"21.03.2018","22,440","22,450","22,960","22,230","877,72K","0,76%"
"20.03.2018","22,270","22,460","22,610","22,230","570,78K","-0,80%"
"19.03.2018","22,450","23,220","23,300","22,450","753,71K","-3,81%"
"16.03.2018","23,340","23,370","23,750","23,270","1,12M","0,04%"
"15.03.2018","23,330","22,980","23,400","22,860","781,78K","2,01%"
"14.03.2018","22,870","23,540","23,540","22,830","763,08K","-1,93%"
"13.03.2018","23,320","23,880","23,880","23,270","634,30K","-1,52%"
"12.03.2018","23,680","23,750","23,830","23,560","318,27K","0,34%"
"09.03.2018","23,600","23,310","23,660","23,170","602,81K","1,72%"
"08.03.2018","23,200","23,010","23,220","22,760","793,91K","0,87%"
"07.03.2018","23,000","22,270","23,000","22,210","876,85K","3,28%"
"06.03.2018","22,270","22,500","22,700","22,270","1,38M","0,36%"
"05.03.2018","22,190","21,590","22,370","21,500","1,65M","1,74%"
"02.03.2018","21,810","22,050","22,300","21,750","726,52K","-1,98%"
"01.03.2018","22,250","22,570","22,580","21,740","1,17M","-1,46%"
"28.02.2018","22,580","23,260","23,500","22,120","2,15M","-4,93%"
"27.02.2018","23,750","24,130","24,130","23,750","519,58K","-1,53%"
"26.02.2018","24,120","23,670","24,130","23,620","500,11K","2,42%"
"23.02.2018","23,550","23,450","23,550","23,110","326,85K","0,47%"
"22.02.2018","23,440","23,360","23,520","23,280","414,09K","-0,30%"
"21.02.2018","23,510","23,760","23,770","23,250","563,05K","-1,51%"
"20.02.2018","23,870","23,600","23,950","23,550","629,57K","1,36%"
"19.02.2018","23,550","23,590","23,840","23,450","393,54K","-0,21%"
"16.02.2018","23,600","23,400","23,630","23,380","755,12K","1,07%"
"15.02.2018","23,350","23,510","23,560","23,220","647,86K","0,04%"
"14.02.2018","23,340","23,200","23,480","22,890","721,35K","1,04%"
"13.02.2018","23,100","23,550","23,670","23,040","557,21K","-1,87%"
"12.02.2018","23,540","23,320","23,750","23,310","561,38K","1,68%"
"09.02.2018","23,150","23,200","23,470","23,020","754,86K","-0,73%"
"08.02.2018","23,320","24,050","24,100","23,280","751,09K","-3,91%"
"07.02.2018","24,270","24,000","24,320","23,560","927,22K","2,62%"
"06.02.2018","23,650","23,460","24,000","22,940","726,50K","-2,19%"
"05.02.2018","24,180","24,660","24,660","24,180","594,59K","-2,81%"
"02.02.2018","24,880","25,450","25,450","24,880","461,37K","-2,24%"
"01.02.2018","25,450","25,910","26,020","25,260","555,50K","-1,78%"
"31.01.2018","25,910","25,860","25,970","25,690","634,66K","0,00%"
"30.01.2018","25,910","26,080","26,230","25,850","571,12K","-1,63%"
"29.01.2018","26,340","26,010","26,360","25,920","375,14K","0,96%"
"26.01.2018","26,090","26,120","26,360","26,060","473,75K","-0,23%"
"25.01.2018","26,150","26,450","26,600","26,050","446,22K","-1,13%"
"24.01.2018","26,450","26,490","26,650","26,320","395,74K","-0,56%"
"23.01.2018","26,600","26,420","26,670","26,300","444,83K","1,53%"
"22.01.2018","26,200","26,300","26,510","26,200","543,49K","-0,23%"
"19.01.2018","26,260","25,620","26,280","25,620","483,64K","2,10%"
"18.01.2018","25,720","26,170","26,310","25,590","495,99K","-1,34%"
"17.01.2018","26,070","26,190","26,380","25,990","401,01K","-0,99%"
"16.01.2018","26,330","25,910","26,410","25,820","502,07K","0,57%"
"15.01.2018","26,180","26,450","26,520","25,930","538,95K","-1,10%"
"12.01.2018","26,470","26,520","26,550","26,370","492,62K","-0,11%"
"11.01.2018","26,500","26,650","26,650","26,300","506,50K","-0,19%"
"10.01.2018","26,550","26,500","26,610","26,380","502,29K","0,00%"
"09.01.2018","26,550","26,210","26,730","26,150","568,70K","1,30%"
"08.01.2018","26,210","26,260","26,300","26,120","739,64K","0,27%"
"05.01.2018","26,140","25,650","26,140","25,650","575,98K","2,15%"
"04.01.2018","25,590","24,970","25,650","24,970","749,79K","2,32%"
"03.01.2018","25,010","24,830","25,140","24,760","412,90K","1,42%"
"02.01.2018","24,660","24,420","24,685","24,295","514,67K","0,96%"
"29.12.2017","24,425","24,510","24,680","24,425","413,28K","-0,91%"
"28.12.2017","24,650","24,785","24,805","24,640","355,74K","-0,60%"
"27.12.2017","24,800","24,810","24,940","24,685","265,51K","0,04%"
"22.12.2017","24,790","24,230","24,855","24,205","356,15K","0,55%"
"21.12.2017","24,655","24,325","24,730","24,240","395,63K","0,94%"
"20.12.2017","24,425","24,595","24,630","24,285","456,38K","-0,41%"
"19.12.2017","24,525","24,670","24,730","24,475","356,12K","-0,87%"
"18.12.2017","24,740","24,345","24,830","24,345","723,19K","2,17%"
"15.12.2017","24,215","24,225","24,350","24,055","1,00M","-0,43%"
"14.12.2017","24,320","24,820","24,840","24,320","589,93K","-1,76%"
"13.12.2017","24,755","24,680","25,000","24,625","581,71K","0,10%"
"12.12.2017","24,730","24,500","24,745","24,340","638,22K","1,23%"
"11.12.2017","24,430","24,125","24,455","24,065","1,58M","1,45%"
"08.12.2017","24,080","24,825","24,865","24,065","568,08K","-2,55%"
"07.12.2017","24,710","24,435","24,710","24,220","488,95K","1,00%"
"06.12.2017","24,465","24,160","24,495","23,870","527,89K","0,27%"
"05.12.2017","24,400","24,175","24,475","24,155","657,34K","0,29%"
"04.12.2017","24,330","24,030","24,655","24,005","522,70K","2,12%"
"01.12.2017","23,825","24,600","24,600","23,825","854,24K","-2,79%"
"30.11.2017","24,510","24,515","24,610","24,365","718,55K","-0,18%"
"29.11.2017","24,555","24,785","24,930","24,540","637,02K","-0,06%"
"28.11.2017","24,570","24,530","24,785","24,475","668,84K","0,31%"
"27.11.2017","24,495","24,650","24,850","24,495","415,64K","-0,91%"
"24.11.2017","24,720","25,025","25,095","24,720","322,61K","-1,14%"
"23.11.2017","25,005","25,125","25,335","25,000","266,68K","-0,48%"
"22.11.2017","25,125","25,190","25,510","25,125","414,59K","-0,50%"
"21.11.2017","25,250","25,325","25,515","25,205","543,65K","-0,59%"
"20.11.2017","25,400","25,075","25,485","24,955","502,90K","0,83%"
"17.11.2017","25,190","25,220","25,480","25,095","1,06M","-0,32%"
"16.11.2017","25,270","25,120","25,625","25,055","646,80K","1,08%"
"15.11.2017","25,000","25,260","25,315","24,890","416,53K","-1,73%"
"14.11.2017","25,440","25,385","25,645","25,330","493,74K","0,61%"
"13.11.2017","25,285","25,305","25,460","25,045","398,34K","0,26%"
"10.11.2017","25,220","25,590","25,840","25,220","514,08K","-1,85%"
"09.11.2017","25,695","25,965","26,195","25,490","632,93K","-0,87%"
"08.11.2017","25,920","26,185","26,270","25,830","659,77K","-0,82%"
"07.11.2017","26,135","26,420","26,520","26,060","661,51K","-1,00%"
"06.11.2017","26,400","26,725","27,075","26,320","606,62K","-1,22%"
"03.11.2017","26,725","25,930","26,785","25,720","766,68K","3,57%"
"02.11.2017","25,805","26,500","26,610","25,290","1,25M","-4,23%"
"01.11.2017","26,945","27,000","27,730","26,750","1,04M","0,26%"
"31.10.2017","26,875","26,215","26,900","25,970","1,04M","4,07%"
"30.10.2017","25,825","25,025","25,950","24,755","683,56K","3,84%"
"27.10.2017","24,870","24,710","25,025","24,660","608,18K","0,73%"
"26.10.2017","24,690","24,140","24,710","23,825","875,55K","1,96%"
"25.10.2017","24,215","24,235","24,525","24,115","463,58K","-0,45%"
"24.10.2017","24,325","24,160","24,565","24,120","433,06K","0,66%"
"23.10.2017","24,165","24,285","24,345","24,070","349,05K","-0,62%"
"20.10.2017","24,315","24,390","24,390","24,080","555,62K","0,12%"
"19.10.2017","24,285","24,465","24,510","24,075","423,24K","-1,14%"
"18.10.2017","24,565","24,495","24,665","24,345","435,41K","0,57%"
"17.10.2017","24,425","24,155","24,565","24,050","604,31K","0,76%"
"16.10.2017","24,240","24,085","24,340","24,050","351,03K","0,46%"
"13.10.2017","24,130","24,415","24,430","24,050","350,43K","-0,49%"
"12.10.2017","24,250","24,175","24,455","24,155","396,21K","0,12%"
"11.10.2017","24,220","24,090","24,525","24,050","594,21K","1,13%"
"10.10.2017","23,950","24,075","24,245","23,705","621,76K","-1,03%"
"09.10.2017","24,200","24,300","24,710","24,200","484,22K","-0,96%"
"06.10.2017","24,435","24,320","24,755","24,240","600,89K","0,70%"
"05.10.2017","24,265","23,740","24,365","23,730","678,47K","2,30%"
"04.10.2017","23,720","24,510","24,610","23,720","1,27M","-3,48%"
"03.10.2017","24,575","24,600","24,675","24,370","672,63K","-0,24%"
"02.10.2017","24,635","24,315","24,735","24,235","769,01K","-0,06%"
"29.09.2017","24,650","24,600","24,765","24,430","804,45K","0,26%"
"28.09.2017","24,585","24,360","24,625","24,225","534,29K","1,32%"
"27.09.2017","24,265","23,880","24,350","23,865","511,12K","1,51%"
"26.09.2017","23,905","23,875","23,945","23,695","445,91K","0,17%"
"25.09.2017","23,865","23,570","23,865","23,570","527,63K","1,34%"
"22.09.2017","23,550","23,540","23,720","23,405","337,69K","0,15%"
"21.09.2017","23,515","23,550","23,610","23,315","369,11K","0,43%"
"20.09.2017","23,415","23,710","23,755","23,345","518,28K","-1,49%"
"19.09.2017","23,770","23,730","23,820","23,615","531,36K","0,08%"
"18.09.2017","23,750","23,730","23,935","23,500","693,71K","-0,13%"
"15.09.2017","23,780","24,105","24,300","23,415","1,68M","-3,35%"
"14.09.2017","24,605","24,690","24,820","24,525","404,10K","-0,34%"
"13.09.2017","24,690","24,435","24,700","24,255","812,99K","1,06%"
"12.09.2017","24,430","24,865","24,930","24,430","294,18K","-1,33%"
"11.09.2017","24,760","24,495","24,810","24,445","300,72K","1,31%"
"08.09.2017","24,440","24,455","24,455","24,210","347,46K","-0,04%"
"07.09.2017","24,450","24,255","24,535","24,185","384,67K","1,45%"
"06.09.2017","24,100","24,205","24,360","24,080","341,28K","-0,80%"
"05.09.2017","24,295","24,055","24,390","23,990","523,96K","0,91%"
"04.09.2017","24,075","24,200","24,250","24,000","357,99K","-0,64%"
"01.09.2017","24,230","23,870","24,400","23,845","726,23K","2,02%"
"31.08.2017","23,750","23,420","23,835","23,355","709,71K","2,41%"
"30.08.2017","23,190","23,130","23,315","23,115","281,64K","0,54%"
"29.08.2017","23,065","23,070","23,220","22,850","547,46K","-0,67%"
"28.08.2017","23,220","23,595","23,595","23,215","236,21K","-1,57%"
"25.08.2017","23,590","23,600","23,825","23,560","322,64K","0,34%"
"24.08.2017","23,510","23,620","23,750","23,440","446,29K","-0,30%"
"23.08.2017","23,580","23,465","23,625","23,420","397,15K","0,17%"
"22.08.2017","23,540","23,545","23,600","23,300","424,91K","0,47%"
"21.08.2017","23,430","23,190","23,770","23,165","379,70K","0,62%"
"18.08.2017","23,285","23,705","23,805","23,245","441,95K","-2,53%"
"17.08.2017","23,890","23,885","24,225","23,790","504,65K","-0,27%"
"16.08.2017","23,955","23,825","24,065","23,825","319,11K","0,57%"
"15.08.2017","23,820","23,770","24,270","23,720","281,26K","0,78%"
"14.08.2017","23,635","23,310","23,715","23,310","258,52K","1,52%"
"11.08.2017","23,280","23,280","23,425","23,125","285,63K","-0,72%"
"10.08.2017","23,450","23,695","23,975","23,420","463,23K","-1,20%"
"09.08.2017","23,735","23,890","23,935","23,650","415,44K","-1,27%"
"08.08.2017","24,040","24,060","24,175","23,980","579,00K","0,38%"
"07.08.2017","23,950","23,915","24,070","23,780","424,19K","0,44%"
"04.08.2017","23,845","23,580","23,925","23,460","427,06K","1,17%"
"03.08.2017","23,570","23,240","23,740","23,130","690,91K","1,25%"
"02.08.2017","23,280","23,490","23,725","23,275","631,37K","-0,70%"
"01.08.2017","23,445","23,770","23,795","23,445","747,70K","-1,30%"
"31.07.2017","23,755","23,420","24,010","23,370","1,00M","2,04%"
"28.07.2017","23,280","23,560","23,800","23,000","1,02M","1,31%"
"27.07.2017","22,980","22,950","23,095","22,800","466,11K","0,57%"
"26.07.2017","22,850","22,830","23,085","22,730","691,43K","0,40%"
"25.07.2017","22,760","23,035","23,340","22,760","874,61K","-1,45%"
"24.07.2017","23,095","23,500","23,565","23,095","605,26K","-1,85%"
"21.07.2017","23,530","23,695","23,800","23,425","375,16K","-0,95%"
"20.07.2017","23,755","23,900","24,050","23,680","522,14K","-0,57%"
"19.07.2017","23,890","23,600","23,890","23,460","682,46K","1,51%"
"18.07.2017","23,535","24,325","24,340","23,485","576,28K","-3,01%"
"17.07.2017","24,265","24,220","24,445","24,120","439,65K","0,50%"
"14.07.2017","24,145","23,870","24,250","23,775","452,67K","1,26%"
"13.07.2017","23,845","24,145","24,190","23,835","396,62K","-1,20%"
"12.07.2017","24,135","23,950","24,230","23,820","565,31K","1,24%"
"11.07.2017","23,840","24,315","24,365","23,770","610,08K","-1,89%"
"10.07.2017","24,300","24,465","24,465","24,120","513,11K","0,52%"
"07.07.2017","24,175","24,290","24,395","24,085","496,49K","-0,19%"
"06.07.2017","24,220","24,500","24,530","24,135","984,47K","-0,57%"
"05.07.2017","24,360","24,005","24,450","23,795","641,05K","0,97%"
"04.07.2017","24,125","24,110","24,305","23,875","427,43K","-0,60%"
"03.07.2017","24,270","24,440","24,530","24,150","607,27K","-0,47%"
"30.06.2017","24,385","24,560","24,980","24,350","1,04M","-0,93%"
"29.06.2017","24,615","25,455","25,515","24,495","607,28K","-2,69%"
"28.06.2017","25,295","25,500","25,620","25,165","685,13K","-1,31%"
"27.06.2017","25,630","25,980","26,030","25,570","576,12K","-1,69%"
"26.06.2017","26,070","26,285","26,480","26,025","512,32K","-0,67%"
"23.06.2017","26,245","26,750","26,970","26,245","429,51K","-2,07%"
"22.06.2017","26,800","26,315","26,820","26,225","505,26K","2,06%"
"21.06.2017","26,260","26,140","26,395","25,920","573,87K","0,38%"
"20.06.2017","26,160","26,250","26,335","26,135","480,54K","0,00%"
"19.06.2017","26,160","25,960","26,250","25,805","533,05K","1,43%"
"16.06.2017","25,790","25,745","25,990","25,565","1,18M","0,94%"
"15.06.2017","25,550","25,355","25,600","25,175","758,42K","0,69%"
"14.06.2017","25,375","25,155","25,500","25,155","769,48K","0,83%"
"13.06.2017","25,165","25,010","25,240","24,840","728,55K","1,13%"
"12.06.2017","24,885","25,005","25,005","24,680","814,35K","-0,48%"
"09.06.2017","25,005","24,670","25,130","24,660","812,67K","1,32%"
"08.06.2017","24,680","24,635","24,920","24,635","640,26K","0,12%"
"07.06.2017","24,650","24,800","24,960","24,585","693,10K","-1,20%"
"06.06.2017","24,950","25,130","25,130","24,920","713,46K","-1,09%"
"05.06.2017","25,225","25,460","25,500","25,180","358,71K","-0,57%"
"02.06.2017","25,370","25,015","25,425","25,000","697,22K","1,68%"
"01.06.2017","24,950","25,095","25,140","24,890","538,31K","-0,95%"
"31.05.2017","25,190","24,685","25,190","24,640","937,51K","1,65%"
"30.05.2017","24,780","24,560","24,780","24,490","581,23K","0,34%"
"29.05.2017","24,695","24,915","24,970","24,570","599,91K","-0,76%"
"26.05.2017","24,885","24,980","24,995","24,760","441,45K","-0,32%"
"25.05.2017","24,965","25,035","25,150","24,850","475,88K","0,06%"
"24.05.2017","24,950","24,985","24,990","24,790","669,86K","0,18%"
"23.05.2017","24,905","25,025","25,150","24,905","688,41K","-0,78%"
"22.05.2017","25,100","25,155","25,245","24,940","585,87K","-0,61%"
"19.05.2017","25,255","25,085","25,260","24,920","532,45K","1,16%"
"18.05.2017","24,965","24,715","25,140","23,525","1,02M","0,79%"
"17.05.2017","24,770","25,210","25,290","24,770","730,09K","-2,46%"
"16.05.2017","25,395","25,480","25,480","25,250","706,92K","-0,33%"
"15.05.2017","25,480","25,465","25,580","25,240","670,30K","-0,16%"
"12.05.2017","25,520","25,350","25,520","25,180","940,31K","1,35%"
"11.05.2017","25,180","25,305","25,400","25,095","1,05M","-0,14%"
"10.05.2017","25,215","25,215","25,330","25,130","695,80K","-0,36%"
"09.05.2017","25,305","25,350","25,355","25,105","832,27K","0,18%"
"08.05.2017","25,260","25,270","25,270","25,050","1,01M","0,24%"
"05.05.2017","25,200","25,150","25,300","25,040","734,60K","-0,59%"
"04.05.2017","25,350","25,130","25,425","25,000","947,96K","1,62%"
"03.05.2017","24,945","25,000","25,320","24,530","1,13M","-1,07%"
"02.05.2017","25,215","24,800","25,355","24,655","976,41K","2,27%"
"28.04.2017","24,655","24,705","24,810","24,530","739,17K","-0,22%"
"27.04.2017","24,710","24,700","24,800","24,615","629,43K","0,04%"
"26.04.2017","24,700","24,450","24,755","24,450","918,17K","1,17%"
"25.04.2017","24,415","24,275","24,600","24,220","708,11K","1,22%"
"24.04.2017","24,120","23,985","24,120","23,705","706,84K","2,20%"
"21.04.2017","23,600","23,240","23,725","23,175","976,62K","1,37%"
"20.04.2017","23,280","23,200","23,660","23,150","1,35M","0,56%"
"19.04.2017","23,150","23,165","23,395","22,975","984,20K","-0,54%"
"18.04.2017","23,275","23,800","23,815","23,150","929,73K","-1,79%"
"13.04.2017","23,700","23,390","23,700","23,325","610,04K","1,30%"
"12.04.2017","23,395","23,115","23,400","23,010","580,44K","1,47%"
"11.04.2017","23,055","23,255","23,270","23,045","530,54K","-0,63%"
"10.04.2017","23,200","23,060","23,410","23,060","658,37K","0,54%"
"07.04.2017","23,075","22,990","23,190","22,610","773,74K","-0,94%"
"06.04.2017","23,295","23,225","23,395","23,010","647,53K","0,43%"
"05.04.2017","23,195","23,345","23,395","23,030","742,72K","-0,83%"
"04.04.2017","23,390","23,020","23,430","23,015","768,60K","1,23%"
"03.04.2017","23,105","23,060","23,525","23,050","1,00M","0,50%"
"31.03.2017","22,990","23,090","23,175","22,795","961,87K","-0,41%"
"30.03.2017","23,085","22,810","23,405","22,710","1,11M","2,08%"
"29.03.2017","22,615","22,560","22,695","22,415","760,53K","0,22%"
"28.03.2017","22,565","22,520","22,750","22,505","940,44K","0,65%"
"27.03.2017","22,420","21,925","22,420","21,925","928,98K","1,22%"
"24.03.2017","22,150","21,700","22,180","21,695","1,18M","2,31%"
"23.03.2017","21,650","21,615","21,665","21,470","637,22K","0,39%"
"22.03.2017","21,565","21,000","21,595","20,915","1,05M","2,67%"
"21.03.2017","21,005","21,570","21,600","20,995","1,08M","-2,71%"
"20.03.2017","21,590","21,635","21,780","21,560","651,76K","-0,42%"
"17.03.2017","21,680","20,895","21,680","20,870","1,61M","3,09%"
"16.03.2017","21,030","21,055","21,185","20,940","722,79K","0,55%"
"15.03.2017","20,915","20,830","20,960","20,735","674,77K","0,72%"
"14.03.2017","20,765","20,945","21,050","20,750","532,30K","-1,12%"
"13.03.2017","21,000","20,950","21,100","20,870","478,93K","0,45%"
"10.03.2017","20,905","20,935","21,025","20,870","473,32K","-0,07%"
"09.03.2017","20,920","20,750","21,070","20,625","615,07K","0,17%"
"08.03.2017","20,885","20,775","20,975","20,715","703,23K","0,29%"
"07.03.2017","20,825","21,160","21,230","20,815","651,84K","-1,58%"
"06.03.2017","21,160","21,170","21,175","21,030","468,19K","-0,02%"
"03.03.2017","21,165","21,225","21,280","21,075","705,63K","-0,54%"
"02.03.2017","21,280","21,060","21,365","20,920","912,99K","1,21%"
"01.03.2017","21,025","20,835","21,120","20,775","807,53K","1,84%"
"28.02.2017","20,645","20,950","21,020","20,190","1,54M","-0,70%"
"27.02.2017","20,790","20,820","20,995","20,615","599,07K","-0,14%"
"24.02.2017","20,820","20,930","20,990","20,675","528,15K","-0,64%"
"23.02.2017","20,955","21,075","21,210","20,955","509,92K","-0,50%"
"22.02.2017","21,060","21,160","21,190","20,990","715,01K","-0,31%"
"21.02.2017","21,125","20,895","21,235","20,830","849,56K","0,76%"
"20.02.2017","20,965","21,105","21,195","20,925","431,27K","-0,69%"
"17.02.2017","21,110","21,000","21,180","20,990","806,40K","0,91%"
"16.02.2017","20,920","20,895","21,035","20,850","940,34K","0,26%"
"15.02.2017","20,865","21,185","21,185","20,840","727,88K","-0,64%"
"14.02.2017","21,000","20,880","21,125","20,740","586,87K","0,57%"
"13.02.2017","20,880","20,950","21,000","20,730","457,08K","-0,10%"
"10.02.2017","20,900","20,800","20,905","20,615","569,74K","0,75%"
"09.02.2017","20,745","20,485","20,745","20,405","953,59K","1,82%"
"08.02.2017","20,375","20,610","20,735","20,310","915,79K","-0,85%"
"07.02.2017","20,550","20,370","20,690","20,370","1,10M","1,13%"
"06.02.2017","20,320","20,230","20,445","20,165","1,12M","0,67%"
"03.02.2017","20,185","20,070","20,230","20,025","682,30K","0,92%"
"02.02.2017","20,000","19,710","20,060","19,630","736,61K","0,63%"
"01.02.2017","19,875","19,940","20,145","19,745","669,46K","0,28%"
"31.01.2017","19,820","19,755","19,905","19,665","1,05M","0,05%"
"30.01.2017","19,810","19,925","20,095","19,780","737,39K","-0,75%"
"27.01.2017","19,960","19,950","20,215","19,725","1,09M","0,40%"
"26.01.2017","19,880","19,600","19,930","19,585","1,40M","1,58%"
"25.01.2017","19,570","19,420","19,580","19,315","853,32K","1,58%"
"24.01.2017","19,265","19,280","19,340","19,200","569,31K","-0,18%"
"23.01.2017","19,300","19,315","19,480","19,110","889,52K","-0,59%"
"20.01.2017","19,415","19,740","19,740","19,415","1,09M","-1,94%"
"19.01.2017","19,800","19,215","19,865","19,215","1,51M","3,83%"
"18.01.2017","19,070","19,280","19,375","19,050","592,00K","-0,57%"
"17.01.2017","19,180","19,150","19,270","19,030","599,59K","-0,16%"
"16.01.2017","19,210","19,500","19,585","19,180","569,79K","-1,89%"
"13.01.2017","19,580","19,280","19,600","19,280","800,81K","2,01%"
"12.01.2017","19,195","19,200","19,285","18,920","829,30K","-1,21%"
"11.01.2017","19,430","19,405","19,635","19,135","918,28K","0,41%"
"10.01.2017","19,350","19,500","19,570","19,240","864,05K","-0,67%"
"09.01.2017","19,480","19,630","19,720","19,285","571,79K","-0,43%"
"06.01.2017","19,565","19,600","19,700","19,520","378,02K","-0,18%"
"05.01.2017","19,600","19,555","19,770","19,455","649,13K","0,00%"
"04.01.2017","19,600","19,300","19,730","19,300","1,21M","2,94%"
"03.01.2017","19,040","19,080","19,270","18,980","632,87K","-0,03%"
"02.01.2017","19,045","18,895","19,120","18,750","269,43K","0,87%"
"30.12.2016","18,880","18,800","18,925","18,740","376,73K","0,21%"
"29.12.2016","18,840","18,700","18,895","18,680","382,56K","0,19%"
"28.12.2016","18,805","18,850","18,910","18,745","516,67K","-0,37%"
"27.12.2016","18,875","18,750","19,070","18,750","429,53K","1,04%"
"23.12.2016","18,680","18,435","18,720","18,350","468,12K","1,33%"
"22.12.2016","18,435","18,490","18,510","18,205","587,41K","-0,14%"
"21.12.2016","18,460","18,405","18,560","18,360","691,42K","0,05%"
"20.12.2016","18,450","18,500","18,650","18,335","1,09M","0,00%"
"19.12.2016","18,450","18,150","18,490","18,040","1,94M","1,51%"
"16.12.2016","18,175","18,285","18,380","17,935","2,07M","-0,52%"
"15.12.2016","18,270","17,400","18,480","17,380","2,39M","6,72%"
"14.12.2016","17,120","17,085","17,210","16,930","792,19K","-0,38%"
"13.12.2016","17,185","17,110","17,215","16,900","1,71M","-1,04%"
"12.12.2016","17,365","17,690","17,700","17,220","907,46K","-1,25%"
"09.12.2016","17,585","16,735","17,670","16,735","1,20M","4,92%"
"08.12.2016","16,760","16,730","16,865","16,480","1,13M","0,03%"
"07.12.2016","16,755","17,150","17,180","16,700","1,26M","-2,30%"
"06.12.2016","17,150","16,970","17,230","16,865","809,31K","0,79%"
"05.12.2016","17,015","17,500","17,675","16,965","1,79M","-3,98%"
"02.12.2016","17,720","18,015","18,030","17,705","876,22K","-2,10%"
"01.12.2016","18,100","18,500","18,500","18,060","726,35K","-2,16%"
"30.11.2016","18,500","18,375","18,565","18,375","1,12M","0,27%"
"29.11.2016","18,450","18,500","18,600","18,375","725,14K","-0,27%"
"28.11.2016","18,500","18,385","18,585","18,290","730,76K","0,63%"
"25.11.2016","18,385","18,270","18,435","18,230","601,87K","1,27%"
"24.11.2016","18,155","18,010","18,215","17,920","498,53K","0,95%"
"23.11.2016","17,985","17,970","18,095","17,765","684,95K","0,19%"
"22.11.2016","17,950","18,385","18,435","17,950","773,00K","-2,07%"
"21.11.2016","18,330","18,490","18,545","18,225","442,53K","-0,73%"
"18.11.2016","18,465","18,515","18,655","18,425","600,20K","-0,27%"
"17.11.2016","18,515","18,350","18,540","18,260","485,13K","0,65%"
"16.11.2016","18,395","18,420","18,500","18,265","914,61K","-0,19%"
"15.11.2016","18,430","18,540","18,705","18,315","671,75K","-0,19%"
"14.11.2016","18,465","18,630","18,770","18,465","945,31K","-0,08%"
"11.11.2016","18,480","18,585","18,620","18,265","751,74K","-0,03%"
"10.11.2016","18,485","18,790","18,790","18,225","1,86M","-0,64%"
"09.11.2016","18,605","17,555","18,650","17,500","2,31M","3,94%"
"08.11.2016","17,900","17,860","18,150","17,550","1,26M","0,82%"
"07.11.2016","17,755","17,650","17,820","17,535","778,52K","1,81%"
"04.11.2016","17,440","17,600","17,600","17,340","1,11M","-1,22%"
"03.11.2016","17,655","17,760","17,870","17,655","844,90K","-0,68%"
"02.11.2016","17,775","17,800","17,970","17,515","741,77K","-0,36%"
"01.11.2016","17,840","18,000","18,020","17,685","849,05K","-0,94%"
"31.10.2016","18,010","18,120","18,120","17,915","815,88K","-0,50%"
"28.10.2016","18,100","18,000","18,245","18,000","676,39K","-0,22%"
"27.10.2016","18,140","18,075","18,295","18,050","869,84K","-0,33%"
"26.10.2016","18,200","18,300","18,415","18,140","779,39K","-0,79%"
"25.10.2016","18,345","18,620","18,730","18,280","906,71K","-1,87%"
"24.10.2016","18,695","18,900","18,975","18,655","589,32K","-0,58%"
"21.10.2016","18,805","18,970","19,000","18,795","600,41K","-0,56%"
"20.10.2016","18,910","18,840","18,950","18,700","552,23K","0,61%"
"19.10.2016","18,795","18,970","18,975","18,710","775,81K","-0,63%"
"18.10.2016","18,915","18,755","18,915","18,705","495,44K","0,93%"
"17.10.2016","18,740","18,685","18,790","18,670","606,03K","-0,50%"
"14.10.2016","18,835","18,645","18,835","18,555","587,20K","1,13%"
"13.10.2016","18,625","18,685","18,685","18,500","669,69K","-0,83%"
"12.10.2016","18,780","19,075","19,100","18,750","772,77K","-1,68%"
"11.10.2016","19,100","19,315","19,325","19,100","432,53K","-1,04%"
"10.10.2016","19,300","18,985","19,315","18,910","367,03K","1,58%"
"07.10.2016","19,000","19,150","19,160","18,950","483,15K","-0,68%"
"06.10.2016","19,130","19,060","19,200","18,920","519,36K","0,68%"
"05.10.2016","19,000","18,950","19,100","18,880","577,38K","-0,60%"
"04.10.2016","19,115","18,965","19,155","18,930","739,95K","0,79%"
"03.10.2016","18,965","19,190","19,225","18,940","793,25K","-1,12%"
"30.09.2016","19,180","19,040","19,300","18,880","795,39K","-0,13%"
"29.09.2016","19,205","19,405","19,520","19,175","506,37K","-0,44%"
"28.09.2016","19,290","19,275","19,480","19,275","383,67K","0,00%"
"27.09.2016","19,290","19,290","19,345","19,150","468,46K","0,39%"
"26.09.2016","19,215","19,330","19,400","19,165","515,50K","-1,21%"
"23.09.2016","19,450","19,530","19,530","19,405","376,12K","-0,33%"
"22.09.2016","19,515","19,300","19,590","19,235","517,40K","1,35%"
"21.09.2016","19,255","19,650","19,650","19,250","604,47K","-1,26%"
"20.09.2016","19,500","19,380","19,590","19,360","451,16K","0,72%"
"19.09.2016","19,360","19,195","19,385","19,195","437,19K","1,18%"
"16.09.2016","19,135","19,045","19,230","19,005","720,11K","0,42%"
"15.09.2016","19,055","19,000","19,095","18,885","544,35K","0,40%"
"14.09.2016","18,980","18,850","19,025","18,840","605,49K","0,32%"
"13.09.2016","18,920","18,970","19,125","18,885","624,05K","0,03%"
"12.09.2016","18,915","19,000","19,000","18,620","935,06K","-1,43%"
"09.09.2016","19,190","19,420","19,450","19,190","710,53K","-1,59%"
"08.09.2016","19,500","19,390","19,630","19,335","862,85K","0,36%"
"07.09.2016","19,430","19,385","19,515","19,280","565,74K","0,52%"
"06.09.2016","19,330","19,345","19,375","19,240","493,19K","0,36%"
"05.09.2016","19,260","19,400","19,500","19,165","447,07K","-0,67%"
"02.09.2016","19,390","18,750","19,390","18,750","656,92K","3,50%"
"01.09.2016","18,735","19,060","19,170","18,735","782,41K","-1,34%"
"31.08.2016","18,990","19,140","19,185","18,920","957,85K","-0,86%"
"30.08.2016","19,155","19,080","19,210","19,065","523,67K","0,39%"
"29.08.2016","19,080","19,090","19,115","18,995","347,30K","-0,08%"
"26.08.2016","19,095","19,135","19,140","18,930","529,59K","-0,24%"
"25.08.2016","19,140","19,330","19,410","19,020","525,72K","-1,59%"
"24.08.2016","19,450","19,250","19,500","19,250","289,89K","0,03%"
"23.08.2016","19,445","19,545","19,650","19,395","582,49K","-0,28%"
"22.08.2016","19,500","19,235","19,505","19,095","491,37K","0,85%"
"19.08.2016","19,335","19,320","19,335","19,050","426,32K","0,31%"
"18.08.2016","19,275","19,295","19,315","19,135","539,69K","0,13%"
"17.08.2016","19,250","19,515","19,555","19,130","678,96K","-1,18%"
"16.08.2016","19,480","19,780","19,780","19,480","462,35K","-1,64%"
"15.08.2016","19,805","19,700","19,900","19,585","451,40K","0,84%"
"12.08.2016","19,640","19,650","19,685","19,565","585,22K","-0,05%"
"11.08.2016","19,650","19,590","19,705","19,425","441,10K","0,85%"
"10.08.2016","19,485","19,500","19,675","19,405","777,77K","-0,56%"
"09.08.2016","19,595","19,370","19,620","19,265","761,18K","1,19%"
"08.08.2016","19,365","19,425","19,460","19,240","650,17K","-0,28%"
"05.08.2016","19,420","19,310","19,540","19,270","788,66K","0,65%"
"04.08.2016","19,295","19,160","19,435","19,040","940,48K","0,68%"
"03.08.2016","19,165","19,520","19,525","19,055","926,58K","-1,24%"
"02.08.2016","19,405","19,655","19,725","19,340","1,02M","-1,22%"
"01.08.2016","19,645","19,730","19,880","19,510","636,06K","0,18%"
"29.07.2016","19,610","19,585","19,610","19,135","1,56M","0,56%"
"28.07.2016","19,500","20,555","20,560","19,340","1,74M","-5,13%"
"27.07.2016","20,555","20,600","20,700","20,525","888,21K","-0,15%"
"26.07.2016","20,585","20,510","20,620","20,395","645,02K","0,37%"
"25.07.2016","20,510","20,200","20,640","20,195","919,73K","1,26%"
"22.07.2016","20,255","19,935","20,255","19,865","799,32K","1,12%"
"21.07.2016","20,030","20,030","20,155","19,910","674,01K","0,07%"
"20.07.2016","20,015","20,075","20,195","19,965","1,10M","-0,10%"
"19.07.2016","20,035","19,930","20,160","19,895","698,27K","0,28%"
"18.07.2016","19,980","19,750","20,015","19,740","652,15K","1,16%"
"15.07.2016","19,750","19,800","19,830","19,650","823,15K","-0,40%"
"14.07.2016","19,830","20,145","20,170","19,775","585,99K","-0,85%"
"13.07.2016","20,000","19,990","20,100","19,800","1,05M","-0,32%"
"12.07.2016","20,065","20,405","20,460","20,065","903,24K","-1,79%"
"11.07.2016","20,430","20,320","20,485","20,190","474,15K","1,39%"
"08.07.2016","20,150","20,040","20,200","19,910","476,59K","0,25%"
"07.07.2016","20,100","19,840","20,185","19,835","618,67K","1,80%"
"06.07.2016","19,745","19,925","19,945","19,555","683,67K","-1,25%"
"05.07.2016","19,995","20,020","20,040","19,825","908,62K","-0,72%"
"04.07.2016","20,140","20,195","20,395","20,110","519,70K","-0,57%"
"01.07.2016","20,255","20,375","20,460","20,175","891,04K","-0,02%"
"30.06.2016","20,260","19,660","20,280","19,540","1,39M","2,97%"
"29.06.2016","19,675","19,100","19,700","19,045","963,96K","3,83%"
"28.06.2016","18,950","18,960","19,075","18,795","1,47M","1,74%"
"27.06.2016","18,625","18,970","19,155","18,510","1,12M","-1,25%"
"24.06.2016","18,860","18,055","19,045","17,915","1,64M","-3,78%"
"23.06.2016","19,600","19,445","19,725","19,305","824,97K","1,19%"
"22.06.2016","19,370","19,165","19,510","18,945","926,85K","1,55%"
"21.06.2016","19,075","18,855","19,115","18,855","653,51K","0,82%"
"20.06.2016","18,920","18,995","19,150","18,780","799,31K","1,56%"
"17.06.2016","18,630","18,675","18,925","18,520","1,16M","0,22%"
"16.06.2016","18,590","18,770","18,990","18,535","1,02M","-2,44%"
"15.06.2016","19,055","19,015","19,190","18,865","1,09M","0,90%"
"14.06.2016","18,885","19,265","19,270","18,885","1,04M","-2,83%"
"13.06.2016","19,435","19,500","19,580","19,285","947,62K","-1,47%"
"10.06.2016","19,725","19,980","20,000","19,660","1,08M","-1,79%"
"09.06.2016","20,085","20,235","20,235","20,020","842,93K","-1,08%"
"08.06.2016","20,305","20,190","20,305","20,055","669,32K","0,32%"
"07.06.2016","20,240","20,160","20,300","20,125","981,67K","0,45%"
"06.06.2016","20,150","20,055","20,170","19,955","628,49K","0,50%"
"03.06.2016","20,050","20,190","20,260","19,915","1,26M","-0,84%"
"02.06.2016","20,220","20,250","20,300","19,925","1,11M","-0,81%"
"01.06.2016","20,385","20,395","20,490","20,150","769,94K","0,10%"
"31.05.2016","20,365","20,065","20,370","20,025","1,54M","1,34%"
"30.05.2016","20,095","20,150","20,190","19,840","431,95K","-0,07%"
"27.05.2016","20,110","19,810","20,155","19,780","905,83K","1,51%"
"26.05.2016","19,810","19,695","19,885","19,600","1,00M","0,66%"
"25.05.2016","19,680","19,300","19,690","19,265","849,94K","2,50%"
"24.05.2016","19,200","18,960","19,285","18,890","755,07K","1,29%"
"23.05.2016","18,955","19,050","19,105","18,800","969,45K","1,72%"
"20.05.2016","18,635","18,240","18,640","18,240","806,84K","2,70%"
"19.05.2016","18,145","18,280","18,335","18,040","737,40K","-0,74%"
"18.05.2016","18,280","17,990","18,340","17,990","729,02K","1,44%"
"17.05.2016","18,020","18,325","18,480","17,980","1,09M","-1,12%"
"16.05.2016","18,225","18,040","18,275","18,025","434,52K","0,28%"
"13.05.2016","18,175","18,130","18,210","17,905","613,10K","0,08%"
"12.05.2016","18,160","18,385","18,500","18,140","721,99K","-1,30%"
"11.05.2016","18,400","18,560","18,565","18,340","513,91K","-0,94%"
"10.05.2016","18,575","18,615","18,865","18,515","967,25K","0,51%"
"09.05.2016","18,480","18,270","18,570","18,140","934,12K","1,43%"
"06.05.2016","18,220","18,405","18,540","18,130","965,40K","-0,95%"
"05.05.2016","18,395","18,480","18,590","18,245","1,03M","-1,02%"
"04.05.2016","18,585","19,045","19,045","18,575","1,03M","-2,06%"
"03.05.2016","18,975","19,100","19,120","18,785","695,69K","-0,58%"
"02.05.2016","19,085","19,015","19,220","19,010","639,60K","0,47%"
"29.04.2016","18,995","19,315","19,320","18,995","1,09M","-2,21%"
"28.04.2016","19,425","19,560","19,560","19,050","1,13M","-1,17%"
"27.04.2016","19,655","19,585","19,795","19,430","831,06K","0,56%"
"26.04.2016","19,545","19,855","19,985","19,545","876,89K","-1,29%"
"25.04.2016","19,800","19,850","19,940","19,760","980,21K","-0,25%"
"22.04.2016","19,850","19,875","19,980","19,725","1,31M","0,28%"
"21.04.2016","19,795","19,615","19,880","19,495","986,58K","0,99%"
"20.04.2016","19,600","19,575","19,635","19,415","902,98K","0,13%"
"19.04.2016","19,575","19,655","19,780","19,575","1,18M","0,03%"
"18.04.2016","19,570","19,155","19,645","19,055","1,04M","1,40%"
"15.04.2016","19,300","19,415","19,510","19,190","1,41M","-0,85%"
"14.04.2016","19,465","19,415","19,560","19,360","1,34M","0,91%"
"13.04.2016","19,290","19,715","19,735","19,290","1,63M","-1,15%"
"12.04.2016","19,515","20,045","20,050","19,355","1,53M","-2,72%"
"11.04.2016","20,060","20,065","20,265","19,910","751,51K","-0,30%"
"08.04.2016","20,120","20,120","20,390","19,990","1,11M","-0,25%"
"07.04.2016","20,170","20,150","20,435","20,085","1,06M","0,47%"
"06.04.2016","20,075","19,930","20,180","19,720","950,21K","1,13%"
"05.04.2016","19,850","19,730","19,945","19,670","1,90M","-0,63%"
"04.04.2016","19,975","19,640","20,135","19,630","717,93K","2,02%"
"01.04.2016","19,580","19,460","19,585","19,160","1,24M","0,05%"
"31.03.2016","19,570","19,710","19,715","19,500","1,07M","-0,99%"
"30.03.2016","19,765","19,590","19,820","19,580","886,06K","1,15%"
"29.03.2016","19,540","19,450","19,695","19,325","809,50K","0,33%"
"24.03.2016","19,475","19,650","19,695","19,425","673,12K","-1,14%"
"23.03.2016","19,700","19,640","19,890","19,590","785,59K","0,87%"
"22.03.2016","19,530","19,200","19,530","19,045","2,26M","1,19%"
"21.03.2016","19,300","19,045","19,370","19,020","932,18K","1,26%"
"18.03.2016","19,060","19,080","19,130","18,870","1,49M","-0,21%"
"17.03.2016","19,100","19,480","19,560","19,070","689,83K","-1,60%"
"16.03.2016","19,410","19,465","19,475","19,180","785,72K","0,03%"
"15.03.2016","19,405","19,800","19,835","19,370","1,04M","-2,46%"
"14.03.2016","19,895","19,915","20,000","19,810","631,03K","0,71%"
"11.03.2016","19,755","19,975","20,050","19,635","664,44K","-0,05%"
"10.03.2016","19,765","20,120","20,465","19,765","1,15M","-1,54%"
"09.03.2016","20,075","20,345","20,350","19,930","1,11M","-1,57%"
"08.03.2016","20,395","20,365","20,600","20,160","1,26M","-0,12%"
"07.03.2016","20,420","20,210","20,420","20,130","777,73K","0,99%"
"04.03.2016","20,220","20,035","20,420","19,945","1,29M","1,02%"
"03.03.2016","20,015","20,150","20,150","19,885","1,05M","-0,69%"
"02.03.2016","20,155","20,190","20,280","19,980","1,25M","-0,02%"
"01.03.2016","20,160","20,115","20,235","19,900","1,19M","-0,20%"
"29.02.2016","20,200","19,465","20,360","19,425","1,31M","1,99%"
"26.02.2016","19,805","19,570","19,890","19,440","1,26M","2,01%"
"25.02.2016","19,415","19,215","19,505","19,180","907,52K","1,92%"
"24.02.2016","19,050","19,440","19,440","18,820","820,91K","-1,50%"
"23.02.2016","19,340","19,300","19,550","19,270","837,43K","-0,67%"
"22.02.2016","19,470","19,335","19,530","19,200","666,57K","1,80%"
"19.02.2016","19,125","19,205","19,335","18,930","953,29K","-0,91%"
"18.02.2016","19,300","19,275","19,440","19,070","810,96K","0,81%"
"17.02.2016","19,145","18,660","19,145","18,630","937,80K","2,90%"
"16.02.2016","18,605","18,935","18,955","18,550","963,14K","-0,85%"
"15.02.2016","18,765","18,375","18,765","18,255","1,29M","4,25%"
"12.02.2016","18,000","18,055","18,140","17,850","1,07M","-0,17%"
"11.02.2016","18,030","18,415","18,415","17,870","1,20M","-2,75%"
"10.02.2016","18,540","18,360","18,660","18,180","1,66M","1,51%"
"09.02.2016","18,265","18,520","18,600","18,005","1,94M","-0,60%"
"08.02.2016","18,375","19,090","19,165","18,305","1,68M","-3,11%"
"05.02.2016","18,965","19,100","19,280","18,870","1,56M","-1,04%"
"04.02.2016","19,165","18,985","19,235","18,730","1,58M","2,02%"
"03.02.2016","18,785","18,870","18,985","18,570","1,29M","-1,11%"
"02.02.2016","18,995","19,250","19,330","18,890","1,49M","-1,58%"
"01.02.2016","19,300","19,270","19,445","19,140","1,33M","0,76%"
"29.01.2016","19,155","19,125","19,200","18,910","2,12M","2,74%"
"28.01.2016","18,645","19,060","19,245","18,325","1,42M","-3,07%"
"27.01.2016","19,235","19,115","19,375","19,020","1,11M","0,18%"
"26.01.2016","19,200","19,195","19,430","19,145","1,16M","-1,69%"
"25.01.2016","19,530","19,600","19,620","19,410","1,13M","0,75%"
"22.01.2016","19,385","19,430","19,505","19,240","1,53M","1,49%"
"21.01.2016","19,100","19,145","19,410","18,960","972,37K","0,45%"
"20.01.2016","19,015","18,990","19,185","18,850","1,41M","-1,71%"
"19.01.2016","19,345","19,210","19,430","19,080","1,09M","2,27%"
"18.01.2016","18,915","19,055","19,275","18,830","1,28M","-1,07%"
"15.01.2016","19,120","19,640","19,800","18,955","1,16M","-2,82%"
"14.01.2016","19,675","19,750","19,845","19,315","1,34M","-1,40%"
"13.01.2016","19,955","20,070","20,190","19,640","1,16M","0,08%"
"12.01.2016","19,940","19,815","20,140","19,480","1,24M","0,23%"
"11.01.2016","19,895","20,155","20,345","19,895","1,03M","-2,00%"
"08.01.2016","20,300","20,500","20,580","20,300","921,41K","-0,88%"
"07.01.2016","20,480","20,140","20,590","20,000","1,52M","-0,29%"
"06.01.2016","20,540","20,820","20,895","20,420","1,30M","-1,42%"
"05.01.2016","20,835","20,755","20,940","20,510","1,53M","1,63%"
"04.01.2016","20,500","20,985","21,100","20,365","1,18M","-3,82%"
"31.12.2015","21,315","21,448","21,520","21,242","240,21K","-0,44%"
"30.12.2015","21,410","21,560","21,625","21,375","1,53M","-0,69%"
"29.12.2015","21,558","21,350","21,600","21,348","417,09K","1,43%"
"28.12.2015","21,255","21,250","21,375","21,078","522,30K","0,09%"
"24.12.2015","21,235","21,105","21,488","21,105","227,99K","0,62%"
"23.12.2015","21,105","20,935","21,155","20,795","778,62K","2,08%"
"22.12.2015","20,675","20,725","20,902","20,578","751,40K","0,30%"
"21.12.2015","20,613","20,775","20,973","20,605","742,51K","-1,75%"
"18.12.2015","20,980","21,110","21,192","20,760","1,82M","-0,99%"
"17.12.2015","21,190","21,275","21,483","21,133","1,33M","1,39%"
"16.12.2015","20,900","20,887","21,415","20,835","1,80M","0,11%"
"15.12.2015","20,878","20,605","21,032","20,558","1,03M","1,84%"
"14.12.2015","20,500","20,758","21,000","20,495","1,01M","-1,18%"
"11.12.2015","20,745","20,880","21,130","20,745","1,28M","-1,03%"
"10.12.2015","20,960","21,050","21,075","20,573","1,28M","-1,86%"
"09.12.2015","21,358","21,642","21,835","21,358","1,04M","-1,80%"
"08.12.2015","21,750","22,102","22,240","21,602","859,93K","-1,43%"
"07.12.2015","22,065","22,090","22,450","22,043","747,83K","0,24%"
"04.12.2015","22,012","21,995","22,113","21,700","1,43M","-0,62%"
"03.12.2015","22,150","22,668","23,000","22,117","1,38M","-2,59%"
"02.12.2015","22,738","22,410","22,988","22,402","1,41M","1,34%"
"01.12.2015","22,438","22,625","22,750","22,238","1,09M","-0,10%"
"30.11.2015","22,460","22,415","22,645","22,348","1,37M","0,27%"
"27.11.2015","22,400","22,227","22,625","22,200","863,99K","0,29%"
"26.11.2015","22,335","22,070","22,385","22,005","817,37K","1,31%"
"25.11.2015","22,047","21,655","22,200","21,605","1,01M","1,81%"
"24.11.2015","21,655","21,650","21,727","21,345","1,18M","-0,57%"
"23.11.2015","21,780","21,343","21,837","21,337","1,23M","2,12%"
"20.11.2015","21,328","21,640","21,695","21,160","1,92M","-2,22%"
"19.11.2015","21,812","22,025","22,270","21,788","1,09M","-0,45%"
"18.11.2015","21,910","22,145","22,225","21,867","1,30M","-1,28%"
"17.11.2015","22,195","21,848","22,215","21,848","1,32M","2,32%"
"16.11.2015","21,692","21,750","21,890","21,608","864,43K","-1,33%"
"13.11.2015","21,985","21,570","22,030","21,510","988,46K","1,29%"
"12.11.2015","21,705","22,005","22,005","21,567","945,23K","-1,68%"
"11.11.2015","22,075","21,850","22,250","21,850","1,20M","1,08%"
"10.11.2015","21,840","21,867","21,915","21,550","897,78K","0,40%"
"09.11.2015","21,753","21,965","22,170","21,753","1,13M","-1,12%"
"06.11.2015","22,000","21,735","22,163","21,645","1,23M","0,92%"
"05.11.2015","21,800","21,545","22,080","21,543","1,41M","1,50%"
"04.11.2015","21,477","21,483","22,080","21,450","1,71M","0,85%"
"03.11.2015","21,297","21,250","21,462","21,172","1,56M","0,34%"
"02.11.2015","21,225","20,945","21,250","20,808","1,36M","0,64%"
"30.10.2015","21,090","21,150","21,195","20,790","1,24M","0,02%"
"29.10.2015","21,085","21,070","21,250","20,962","1,41M","0,14%"
"28.10.2015","21,055","20,925","21,102","20,810","1,11M","0,89%"
"27.10.2015","20,870","20,907","20,950","20,593","1,33M","-0,45%"
"26.10.2015","20,965","20,680","21,030","20,600","1,13M","1,38%"
"23.10.2015","20,680","20,500","20,692","20,310","1,84M","1,34%"
"22.10.2015","20,407","20,000","20,465","19,915","1,35M","2,61%"
"21.10.2015","19,887","19,825","19,962","19,620","1,02M","0,36%"
"20.10.2015","19,815","19,997","20,070","19,637","854,41K","-1,06%"
"19.10.2015","20,027","19,905","20,058","19,760","668,98K","0,72%"
"16.10.2015","19,883","19,742","20,027","19,710","1,10M","1,58%"
"15.10.2015","19,573","18,950","19,590","18,780","1,40M","3,70%"
"14.10.2015","18,875","18,977","18,977","18,690","1,20M","-0,92%"
"13.10.2015","19,050","18,997","19,080","18,785","1,37M","0,08%"
"12.10.2015","19,035","18,767","19,200","18,767","1,08M","1,09%"
"09.10.2015","18,830","18,895","18,933","18,663","862,75K","0,63%"
"08.10.2015","18,712","18,898","19,172","18,648","1,14M","-0,76%"
"07.10.2015","18,855","19,270","19,290","18,688","1,12M","-1,65%"
"06.10.2015","19,172","19,165","19,305","19,008","802,38K","0,30%"
"05.10.2015","19,115","18,945","19,200","18,870","757,53K","2,56%"
"02.10.2015","18,637","18,718","18,740","18,225","805,58K","0,65%"
"01.10.2015","18,517","18,668","18,898","18,473","1,30M","0,37%"
"30.09.2015","18,448","18,492","18,675","18,188","1,19M","1,18%"
"29.09.2015","18,233","18,250","18,400","17,985","1,07M","-1,04%"
"28.09.2015","18,425","18,780","18,800","18,365","1,04M","-2,38%"
"25.09.2015","18,875","18,872","19,050","18,817","811,91K","1,69%"
"24.09.2015","18,562","18,835","19,015","18,448","1,04M","-1,79%"
"23.09.2015","18,900","19,115","19,240","18,750","1,53M","-1,26%"
"22.09.2015","19,142","19,900","19,938","19,090","2,03M","-4,65%"
"21.09.2015","20,075","19,900","20,163","19,788","1,40M","0,77%"
"18.09.2015","19,922","19,650","19,922","19,473","2,34M","1,05%"
"17.09.2015","19,715","19,492","19,805","19,445","1,09M","1,30%"
"16.09.2015","19,462","19,175","19,585","19,170","1,63M","2,08%"
"15.09.2015","19,065","18,828","19,108","18,720","1,35M","1,27%"
"14.09.2015","18,825","18,900","19,148","18,793","896,95K","-0,13%"
"11.09.2015","18,850","19,050","19,055","18,758","1,27M","-1,20%"
"10.09.2015","19,078","18,710","19,135","18,688","1,25M","1,08%"
"09.09.2015","18,875","19,030","19,157","18,815","831,26K","0,94%"
"08.09.2015","18,700","18,610","18,975","18,610","736,08K","0,82%"
"07.09.2015","18,547","18,705","18,725","18,477","1,44M","0,12%"
"04.09.2015","18,525","18,520","18,633","18,302","1,21M","-0,68%"
"03.09.2015","18,652","18,168","18,835","18,150","1,43M","3,29%"
"02.09.2015","18,058","18,172","18,505","17,925","960,20K","0,02%"
"01.09.2015","18,055","18,038","18,120","17,805","983,94K","-1,21%"
"31.08.2015","18,277","18,360","18,525","18,207","941,73K","-0,89%"
"28.08.2015","18,442","18,468","18,530","18,188","913,17K","0,23%"
"27.08.2015","18,400","18,367","18,677","18,310","1,47M","2,76%"
"26.08.2015","17,905","17,983","18,262","17,797","1,69M","-1,47%"
"25.08.2015","18,172","18,008","18,295","17,750","1,98M","1,73%"
"24.08.2015","17,863","17,742","18,080","17,000","1,80M","-2,93%"
"21.08.2015","18,402","18,907","19,050","18,402","1,11M","-4,26%"
"20.08.2015","19,220","19,685","19,797","19,170","809,39K","-2,86%"
"19.08.2015","19,785","20,125","20,185","19,775","654,56K","-2,17%"
"18.08.2015","20,223","19,750","20,343","19,750","1,18M","2,73%"
"17.08.2015","19,685","19,902","19,990","19,420","909,91K","-0,45%"
"14.08.2015","19,773","19,898","20,067","19,773","890,27K","-0,50%"
"13.08.2015","19,872","19,942","20,052","19,858","890,37K","0,58%"
"12.08.2015","19,758","19,990","20,027","19,595","1,49M","-1,86%"
"11.08.2015","20,133","20,337","20,523","20,122","791,82K","-1,79%"
"10.08.2015","20,500","20,402","20,750","20,315","1,14M","1,00%"
"07.08.2015","20,297","20,460","20,668","20,210","1,50M","-1,13%"
"06.08.2015","20,530","20,635","20,695","20,442","1,15M","-0,58%"
"05.08.2015","20,650","20,510","20,677","20,450","1,67M","1,23%"
"04.08.2015","20,400","20,275","20,435","20,128","1,17M","0,52%"
"03.08.2015","20,295","20,152","20,450","20,047","876,68K","1,00%"
"31.07.2015","20,095","20,192","20,440","19,883","1,11M","-0,26%"
"30.07.2015","20,148","19,625","20,383","19,480","2,25M","4,76%"
"29.07.2015","19,233","19,387","19,485","19,210","1,09M","-0,04%"
"28.07.2015","19,240","19,198","19,420","19,095","1,15M","0,76%"
"27.07.2015","19,095","19,250","19,250","18,940","1,35M","-1,33%"
"24.07.2015","19,352","19,372","19,598","19,337","893,38K","-0,04%"
"23.07.2015","19,360","19,698","19,715","19,317","1,41M","-0,97%"
"22.07.2015","19,550","19,483","19,650","19,273","3,96M","0,22%"
"21.07.2015","19,508","19,950","20,035","19,438","2,10M","-1,92%"
"20.07.2015","19,890","19,800","20,483","19,765","2,20M","0,65%"
"17.07.2015","19,762","19,695","19,800","19,527","1,38M","0,09%"
"16.07.2015","19,745","19,468","19,840","19,400","1,36M","2,00%"
"15.07.2015","19,358","19,273","19,455","19,105","957,07K","0,61%"
"14.07.2015","19,240","18,942","19,300","18,890","1,78M","2,17%"
"13.07.2015","18,832","18,578","18,850","18,570","1,19M","2,46%"
"10.07.2015","18,380","18,615","18,620","18,297","1,35M","0,08%"
"09.07.2015","18,365","18,185","18,448","18,122","1,15M","1,94%"
"08.07.2015","18,015","18,087","18,157","17,883","899,87K","0,04%"
"07.07.2015","18,008","18,102","18,242","17,960","1,18M","-0,24%"
"06.07.2015","18,052","17,795","18,225","17,712","764,82K","-0,45%"
"03.07.2015","18,133","18,430","18,433","18,113","598,54K","-1,58%"
"02.07.2015","18,425","18,465","18,705","18,355","852,05K","-0,38%"
"01.07.2015","18,495","18,150","18,690","18,062","1,05M","2,38%"
"30.06.2015","18,065","17,915","18,293","17,773","1,31M","0,43%"
"29.06.2015","17,988","17,400","18,225","17,400","1,44M","-2,82%"
"26.06.2015","18,510","18,375","18,625","18,265","820,21K","0,38%"
"25.06.2015","18,440","18,300","18,625","18,258","837,67K","0,01%"
"24.06.2015","18,438","18,780","18,780","18,325","1,05M","-1,60%"
"23.06.2015","18,738","18,675","18,865","18,633","788,35K","1,01%"
"22.06.2015","18,550","18,500","18,675","18,422","1,12M","2,01%"
"19.06.2015","18,185","17,973","18,308","17,850","3,85M","1,89%"
"18.06.2015","17,848","17,922","17,925","17,578","1,57M","-0,28%"
"17.06.2015","17,898","18,253","18,265","17,625","1,50M","-1,98%"
"16.06.2015","18,260","17,680","18,328","17,525","1,83M","2,62%"
"15.06.2015","17,793","17,760","17,962","17,685","1,66M","-0,83%"
"12.06.2015","17,942","18,305","18,332","17,852","1,32M","-2,44%"
"11.06.2015","18,390","18,207","18,530","18,140","1,35M","1,37%"
"10.06.2015","18,142","17,543","18,215","17,453","1,38M","3,00%"
"09.06.2015","17,613","17,328","17,630","17,150","2,23M","1,47%"
"08.06.2015","17,358","17,652","17,720","17,358","1,49M","-2,76%"
"05.06.2015","17,850","17,655","17,898","17,400","1,20M","0,42%"
"04.06.2015","17,775","18,000","18,168","17,672","1,38M","-1,82%"
"03.06.2015","18,105","18,108","18,288","17,955","1,09M","0,50%"
"02.06.2015","18,015","18,285","18,320","17,960","997,22K","-0,63%"
"01.06.2015","18,130","18,335","18,385","18,038","1,41M","-0,14%"
"29.05.2015","18,155","18,578","18,598","18,130","1,54M","-2,28%"
"28.05.2015","18,578","18,372","18,675","18,372","1,34M","0,90%"
"27.05.2015","18,413","18,242","18,475","18,242","2,01M","0,99%"
"26.05.2015","18,233","18,305","18,483","18,102","1,07M","-0,88%"
"25.05.2015","18,395","18,660","18,660","18,010","576,73K","-1,94%"
"22.05.2015","18,758","18,820","18,872","18,677","693,94K","-0,60%"
"21.05.2015","18,872","18,600","18,887","18,573","922,49K","1,01%"
"20.05.2015","18,683","18,725","18,790","18,462","1,22M","-0,08%"
"19.05.2015","18,698","18,525","19,015","18,450","1,83M","1,45%"
"18.05.2015","18,430","18,277","18,435","18,113","819,50K","1,32%"
"15.05.2015","18,190","18,300","18,345","18,142","1,28M","0,17%"
"14.05.2015","18,160","18,133","18,297","17,975","1,38M","-0,13%"
"13.05.2015","18,183","18,188","18,550","18,025","2,14M","0,15%"
"12.05.2015","18,155","18,050","18,250","17,665","2,09M","0,34%"
"11.05.2015","18,093","18,142","18,250","18,080","1,90M","0,04%"
"08.05.2015","18,085","17,997","18,133","17,625","2,86M","1,17%"
"07.05.2015","17,875","18,250","18,348","17,805","3,04M","-3,36%"
"06.05.2015","18,497","18,500","18,718","18,350","1,59M","0,05%"
"05.05.2015","18,488","19,005","19,137","18,488","1,48M","-3,04%"
"04.05.2015","19,067","19,030","19,177","18,927","905,89K","0,23%"
"30.04.2015","19,023","19,032","19,183","18,793","1,17M","-0,40%"
"29.04.2015","19,100","19,550","19,580","18,970","1,78M","-1,85%"
"28.04.2015","19,460","20,095","20,150","19,387","2,09M","-3,84%"
"27.04.2015","20,238","20,255","20,492","19,843","1,19M","0,11%"
"24.04.2015","20,215","20,227","20,383","20,115","696,61K","0,60%"
"23.04.2015","20,095","20,348","20,400","20,008","733,33K","-1,34%"
"22.04.2015","20,367","20,500","20,575","20,177","834,84K","-0,10%"
"21.04.2015","20,387","20,137","20,520","20,120","759,22K","1,48%"
"20.04.2015","20,090","20,288","20,450","19,855","930,22K","-0,62%"
"17.04.2015","20,215","20,843","21,010","20,163","1,27M","-3,31%"
"16.04.2015","20,907","21,005","21,045","20,630","832,53K","-0,24%"
"15.04.2015","20,957","21,000","21,450","20,925","1,30M","-0,02%"
"14.04.2015","20,962","20,788","21,025","20,680","1,73M","0,43%"
"13.04.2015","20,872","20,985","21,045","20,872","865,33K","-0,54%"
"10.04.2015","20,985","20,832","21,040","20,750","1,45M","1,43%"
"09.04.2015","20,690","20,400","20,817","20,398","1,25M","2,23%"
"08.04.2015","20,238","20,260","20,392","20,188","1,08M","-0,03%"
"07.04.2015","20,245","20,290","20,415","20,172","1,18M","0,10%"
"02.04.2015","20,225","20,335","20,335","20,025","790,12K","0,31%"
"01.04.2015","20,163","19,990","20,440","19,820","1,58M","0,87%"
"31.03.2015","19,990","20,050","20,293","19,797","1,13M","-0,15%"
"30.03.2015","20,020","19,795","20,045","19,788","870,88K","1,67%"
"27.03.2015","19,692","19,727","19,843","19,558","1,11M","0,34%"
"26.03.2015","19,625","19,852","19,852","19,325","1,84M","-1,75%"
"25.03.2015","19,975","20,308","20,325","19,860","1,71M","-2,04%"
"24.03.2015","20,390","20,212","20,600","20,125","1,47M","0,49%"
"23.03.2015","20,290","20,035","20,290","19,790","2,02M","0,77%"
"20.03.2015","20,135","19,975","20,675","19,945","2,25M","1,37%"
"19.03.2015","19,863","19,690","19,900","19,578","1,38M","0,87%"
"18.03.2015","19,692","19,750","19,835","19,605","930,49K","-0,09%"
"17.03.2015","19,710","19,852","19,955","19,450","1,02M","-0,40%"
"16.03.2015","19,790","19,425","19,858","19,375","1,15M","1,89%"
"13.03.2015","19,422","18,797","19,540","18,750","2,07M","3,73%"
"12.03.2015","18,723","18,500","18,750","18,465","1,64M","1,30%"
"11.03.2015","18,483","18,480","18,700","18,400","1,04M","0,44%"
"10.03.2015","18,402","18,512","18,540","18,130","1,08M","-0,26%"
"09.03.2015","18,450","18,350","18,688","18,275","1,37M","0,38%"
"06.03.2015","18,380","18,365","18,595","18,280","1,13M","0,25%"
"05.03.2015","18,335","17,933","18,500","17,892","1,65M","2,50%"
"04.03.2015","17,887","17,600","17,887","17,560","1,27M","1,67%"
"03.03.2015","17,593","17,977","18,250","17,560","1,35M","-1,72%"
"02.03.2015","17,900","18,102","18,183","17,710","1,65M","-1,26%"
"27.02.2015","18,128","18,332","18,660","18,000","1,90M","-1,26%"
"26.02.2015","18,360","18,000","19,225","17,250","2,51M","-0,38%"
"25.02.2015","18,430","18,270","18,430","18,005","1,25M","1,33%"
"24.02.2015","18,188","18,402","18,480","18,130","1,38M","-1,15%"
"23.02.2015","18,400","18,253","18,435","18,010","922,27K","1,61%"
"20.02.2015","18,108","18,343","18,350","17,940","900,20K","-1,17%"
"19.02.2015","18,323","18,295","18,363","18,023","1,22M","0,43%"
"18.02.2015","18,245","17,988","18,300","17,933","1,29M","1,74%"
"17.02.2015","17,933","17,890","17,975","17,600","763,98K","0,45%"
"16.02.2015","17,852","17,812","17,887","17,750","860,16K","0,31%"
"13.02.2015","17,797","17,552","17,915","17,500","1,56M","1,87%"
"12.02.2015","17,470","17,680","17,995","17,183","2,34M","-0,74%"
"11.02.2015","17,600","17,942","17,942","16,900","3,94M","-2,56%"
"10.02.2015","18,062","18,078","18,165","17,890","1,16M","0,46%"
"09.02.2015","17,980","18,212","18,293","17,875","697,01K","-1,48%"
"06.02.2015","18,250","18,225","18,285","18,005","1,05M","0,00%"
"05.02.2015","18,250","18,253","18,415","18,082","788,84K","-0,40%"
"04.02.2015","18,323","18,440","18,532","18,253","1,16M","0,02%"
"03.02.2015","18,320","18,535","18,650","18,320","1,10M","-0,97%"
"02.02.2015","18,500","18,675","18,723","18,253","955,63K","-0,67%"
"30.01.2015","18,625","18,740","18,900","18,550","1,68M","0,03%"
"29.01.2015","18,620","18,802","18,895","18,455","1,59M","-0,98%"
"28.01.2015","18,805","18,505","18,848","18,277","2,23M","3,04%"
"27.01.2015","18,250","18,387","18,703","18,155","1,59M","-0,35%"
"26.01.2015","18,315","17,773","18,420","17,710","1,83M","2,86%"
"23.01.2015","17,805","17,625","17,997","17,550","2,23M","1,61%"
"22.01.2015","17,523","17,663","17,762","17,335","1,79M","-0,84%"
"21.01.2015","17,672","17,663","17,840","17,422","1,78M","0,44%"
"20.01.2015","17,595","17,488","17,645","17,245","1,68M","1,03%"
"19.01.2015","17,415","16,650","17,465","16,605","1,36M","4,92%"
"16.01.2015","16,598","16,420","16,615","16,065","1,33M","0,00%"
"15.01.2015","16,598","16,460","16,637","15,905","1,48M","1,63%"
"14.01.2015","16,332","16,160","16,477","16,075","1,20M","0,00%"
"13.01.2015","16,332","16,062","16,500","16,020","1,25M","1,03%"
"12.01.2015","16,165","16,160","16,320","16,122","1,42M","0,39%"
"09.01.2015","16,102","16,203","16,323","15,955","2,83M","-0,85%"
"08.01.2015","16,240","16,238","16,323","16,128","1,27M","1,30%"
"07.01.2015","16,032","16,125","16,170","15,857","991,96K","0,07%"
"06.01.2015","16,020","16,468","16,495","15,945","1,26M","-2,36%"
"05.01.2015","16,407","16,488","16,648","16,310","1,23M","-1,90%"
"02.01.2015","16,725","16,808","16,922","16,575","651,55K","1,00%"