"Date","Price","Open","High","Low","Vol.","Change %"
"12/31/2025","18.465","18.490","18.570","18.465","4.05M","0.05%"
"12/30/2025","18.455","18.305","18.485","18.305","3.94M","0.68%"
"12/29/2025","18.330","18.240","18.370","18.185","6.26M","0.22%"
"12/24/2025","18.290","18.200","18.335","18.200","1.55M","0.33%"
"12/23/2025","18.230","18.075","18.280","18.040","5.01M","0.86%"
"12/22/2025","18.075","18.045","18.125","17.940","6.10M","-0.74%"
"12/19/2025","18.210","18.035","18.240","17.860","13.66M","1.48%"
"12/18/2025","17.945","18.055","18.110","17.925","7.64M","0.00%"
"12/17/2025","17.945","18.030","18.075","17.865","8.26M","-0.17%"
"12/16/2025","17.975","18.110","18.175","17.955","8.07M","-0.75%"
"12/15/2025","18.110","17.990","18.180","17.900","5.31M","1.29%"
"12/12/2025","17.880","17.730","17.910","17.710","4.71M","0.96%"
"12/11/2025","17.710","17.680","17.805","17.540","5.74M","-0.59%"
"12/10/2025","17.815","17.870","17.915","17.775","3.77M","-0.31%"
"12/09/2025","17.870","18.005","18.065","17.850","5.48M","-0.45%"
"12/08/2025","17.950","17.930","18.030","17.910","4.01M","-0.11%"
"12/05/2025","17.970","17.905","18.025","17.870","4.23M","0.25%"
"12/04/2025","17.925","18.010","18.040","17.890","5.77M","-0.47%"
"12/03/2025","18.010","18.040","18.180","18.005","7.62M","-0.44%"
"12/02/2025","18.090","18.040","18.240","18.005","7.23M","0.81%"
"12/01/2025","17.945","18.080","18.225","17.945","7.80M","-1.32%"
"11/28/2025","18.185","18.250","18.250","18.090","5.35M","-0.16%"
"11/27/2025","18.215","18.265","18.280","18.125","2.61M","-0.30%"
"11/26/2025","18.270","17.975","18.270","17.960","5.14M","1.30%"
"11/25/2025","18.035","18.010","18.070","17.940","4.60M","0.19%"
"11/24/2025","18.000","17.960","18.085","17.895","12.86M","0.36%"
"11/21/2025","17.935","18.070","18.135","17.935","6.92M","-0.53%"
"11/20/2025","18.030","17.870","18.125","17.860","6.13M","0.73%"
"11/19/2025","17.900","17.950","18.020","17.840","7.32M","-0.53%"
"11/18/2025","17.995","18.050","18.095","17.960","5.67M","-0.83%"
"11/17/2025","18.145","18.000","18.150","17.965","5.31M","0.61%"
"11/14/2025","18.035","17.900","18.035","17.855","5.10M","0.33%"
"11/13/2025","17.975","17.940","18.005","17.805","6.15M","0.45%"
"11/12/2025","17.895","17.825","18.000","17.815","6.55M","0.96%"
"11/11/2025","17.725","17.695","17.770","17.510","5.33M","0.57%"
"11/10/2025","17.625","17.660","17.695","17.525","6.19M","-0.09%"
"11/07/2025","17.640","17.800","17.830","17.555","5.76M","-0.73%"
"11/06/2025","17.770","17.930","17.930","17.625","7.32M","-0.06%"
"11/05/2025","17.780","17.850","17.850","17.645","5.28M","-0.08%"
"11/04/2025","17.795","17.485","17.830","17.390","6.66M","1.48%"
"11/03/2025","17.535","17.540","17.565","17.420","3.85M","-0.17%"
"10/31/2025","17.565","17.565","17.700","17.510","6.17M","0.03%"
"10/30/2025","17.560","17.590","17.675","17.450","4.73M","-0.40%"
"10/29/2025","17.630","17.700","17.705","17.490","5.82M","-0.40%"
"10/28/2025","17.700","17.500","17.700","17.305","8.59M","3.42%"
"10/27/2025","17.115","17.120","17.180","16.980","6.53M","-0.09%"
"10/24/2025","17.130","17.020","17.165","16.975","4.50M","0.53%"
"10/23/2025","17.040","16.855","17.080","16.855","4.67M","0.65%"
"10/22/2025","16.930","17.090","17.215","16.885","5.41M","-0.76%"
"10/21/2025","17.060","17.080","17.225","17.055","3.59M","-0.06%"
"10/20/2025","17.070","16.950","17.190","16.905","6.06M","0.71%"
"10/17/2025","16.950","16.825","16.950","16.660","9.91M","0.83%"
"10/16/2025","16.810","16.830","16.835","16.620","5.01M","0.33%"
"10/15/2025","16.755","16.740","16.850","16.650","5.67M","0.03%"
"10/14/2025","16.750","16.630","16.780","16.590","6.32M","1.21%"
"10/13/2025","16.550","16.655","16.670","16.550","5.20M","-0.42%"
"10/10/2025","16.620","16.545","16.665","16.540","5.77M","0.73%"
"10/09/2025","16.500","16.410","16.525","16.370","4.75M","0.49%"
"10/08/2025","16.420","16.400","16.510","16.350","6.45M","0.46%"
"10/07/2025","16.345","16.300","16.380","16.185","8.60M","0.71%"
"10/06/2025","16.230","16.170","16.245","16.110","4.33M","0.28%"
"10/03/2025","16.185","16.175","16.240","16.090","4.73M","0.53%"
"10/02/2025","16.100","16.110","16.120","15.995","5.99M","-0.46%"
"10/01/2025","16.175","16.135","16.270","15.980","8.09M","0.43%"
"09/30/2025","16.105","16.005","16.150","15.885","9.77M","0.44%"
"09/29/2025","16.035","16.035","16.085","15.910","5.13M","0.44%"
"09/26/2025","15.965","15.855","16.050","15.780","6.36M","1.14%"
"09/25/2025","15.785","15.620","15.875","15.535","6.48M","0.89%"
"09/24/2025","15.645","15.800","15.845","15.540","9.07M","0.00%"
"09/23/2025","15.645","15.665","15.750","15.600","5.91M","0.38%"
"09/22/2025","15.585","15.540","15.590","15.495","6.40M","-0.10%"
"09/19/2025","15.600","15.515","15.615","15.460","25.94M","0.91%"
"09/18/2025","15.460","15.540","15.570","15.330","8.24M","-0.58%"
"09/17/2025","15.550","15.590","15.700","15.540","8.14M","-0.61%"
"09/16/2025","15.645","15.850","15.850","15.585","10.38M","-1.17%"
"09/15/2025","15.830","15.770","15.830","15.670","6.57M","0.86%"
"09/12/2025","15.695","15.700","15.725","15.525","6.57M","0.13%"
"09/11/2025","15.675","15.815","15.815","15.595","7.03M","-0.35%"
"09/10/2025","15.730","15.750","15.775","15.570","6.26M","0.29%"
"09/09/2025","15.685","15.665","15.740","15.630","5.21M","0.00%"
"09/08/2025","15.685","15.730","15.780","15.660","5.00M","-0.22%"
"09/05/2025","15.720","15.745","15.755","15.635","7.17M","-0.10%"
"09/04/2025","15.735","15.735","15.780","15.590","5.60M","-0.41%"
"09/03/2025","15.800","15.740","15.800","15.545","6.68M","-0.06%"
"09/02/2025","15.810","15.870","15.935","15.735","4.15M","-0.69%"
"09/01/2025","15.920","16.080","16.085","15.885","3.67M","-0.96%"
"08/29/2025","16.075","16.105","16.150","16.005","5.09M","-0.68%"
"08/28/2025","16.185","16.235","16.235","16.030","3.91M","-0.15%"
"08/27/2025","16.210","16.215","16.305","16.155","4.08M","0.19%"
"08/26/2025","16.180","16.360","16.420","16.150","14.65M","-1.16%"
"08/25/2025","16.370","16.480","16.525","16.250","4.39M","-1.47%"
"08/22/2025","16.615","16.535","16.785","16.535","4.28M","0.00%"
"08/21/2025","16.615","16.670","16.675","16.535","5.94M","0.21%"
"08/20/2025","16.580","16.400","16.635","16.395","5.22M","1.28%"
"08/19/2025","16.370","16.215","16.420","16.205","6.77M","1.05%"
"08/18/2025","16.200","16.365","16.410","16.165","4.86M","-0.58%"
"08/15/2025","16.295","16.250","16.330","16.175","5.37M","0.43%"
"08/14/2025","16.225","15.960","16.225","15.950","5.66M","2.14%"
"08/13/2025","15.885","15.630","15.905","15.630","5.35M","1.70%"
"08/12/2025","15.620","15.680","15.775","15.620","5.74M","-0.03%"
"08/11/2025","15.625","15.600","15.625","15.450","3.86M","0.55%"
"08/08/2025","15.540","15.640","15.705","15.540","4.83M","-0.38%"
"08/07/2025","15.600","15.550","15.650","15.440","6.73M","0.32%"
"08/06/2025","15.550","15.475","15.605","15.425","4.89M","0.45%"
"08/05/2025","15.480","15.500","15.530","15.400","5.49M","-0.13%"
"08/04/2025","15.500","15.235","15.500","15.235","6.19M","1.54%"
"08/01/2025","15.265","15.330","15.360","15.205","9.33M","-0.59%"
"07/31/2025","15.355","15.400","15.455","15.280","10.13M","-0.16%"
"07/30/2025","15.380","15.300","15.400","15.205","8.18M","0.75%"
"07/29/2025","15.265","15.150","15.270","15.095","8.20M","0.49%"
"07/28/2025","15.190","15.430","15.430","15.190","42.86M","-1.01%"
"07/25/2025","15.345","15.330","15.395","15.205","7.94M","0.62%"
"07/24/2025","15.250","15.280","15.395","15.195","10.82M","0.66%"
"07/23/2025","15.150","15.450","15.450","15.150","27.35M","-4.69%"
"07/22/2025","15.895","15.715","15.895","15.715","5.14M","0.89%"
"07/21/2025","15.755","15.645","15.760","15.565","5.51M","1.09%"
"07/18/2025","15.585","15.630","15.715","15.525","6.92M","-0.03%"
"07/17/2025","15.590","15.535","15.630","15.520","5.42M","-0.06%"
"07/16/2025","15.600","15.560","15.635","15.495","6.39M","0.32%"
"07/15/2025","15.550","15.700","15.715","15.510","4.96M","-1.02%"
"07/14/2025","15.710","15.600","15.710","15.520","5.11M","0.87%"
"07/11/2025","15.575","15.525","15.595","15.445","6.84M","0.00%"
"07/10/2025","15.575","15.655","15.710","15.470","8.83M","-0.51%"
"07/09/2025","15.655","15.620","15.710","15.600","5.80M","0.16%"
"07/08/2025","15.630","15.740","15.765","15.550","7.16M","-0.64%"
"07/07/2025","15.730","15.880","15.900","15.665","6.96M","-1.07%"
"07/04/2025","15.900","15.970","16.000","15.805","7.74M","-0.20%"
"07/03/2025","15.932","15.863","15.951","15.810","7.44M","0.31%"
"07/02/2025","15.883","15.975","16.039","15.863","9.17M","-0.58%"
"07/01/2025","15.975","16.005","16.122","15.912","5.77M","0.58%"
"06/30/2025","15.883","16.019","16.058","15.849","7.01M","-0.21%"
"06/27/2025","15.917","16.005","16.112","15.917","8.57M","-2.89%"
"06/26/2025","16.390","16.425","16.505","16.385","6.33M","0.28%"
"06/25/2025","16.345","16.655","16.680","16.335","7.38M","-2.16%"
"06/24/2025","16.705","16.680","16.785","16.525","8.06M","0.36%"
"06/23/2025","16.645","16.415","16.670","16.375","5.05M","1.25%"
"06/20/2025","16.440","16.200","16.440","16.180","25.38M","1.26%"
"06/19/2025","16.235","16.220","16.280","16.165","3.75M","0.25%"
"06/18/2025","16.195","16.355","16.380","16.195","7.47M","-0.31%"
"06/17/2025","16.245","16.115","16.315","16.075","8.44M","0.09%"
"06/16/2025","16.230","16.185","16.335","16.100","8.49M","0.15%"
"06/13/2025","16.205","16.295","16.325","16.145","7.65M","-0.46%"
"06/12/2025","16.280","16.200","16.310","16.160","4.68M","0.80%"
"06/11/2025","16.150","16.090","16.180","15.980","5.90M","0.00%"
"06/10/2025","16.150","16.060","16.215","16.030","6.98M","0.94%"
"06/09/2025","16.000","16.000","16.075","15.895","3.90M","-0.06%"
"06/06/2025","16.010","16.030","16.055","15.905","2.94M","0.25%"
"06/05/2025","15.970","15.880","16.070","15.770","4.58M","0.28%"
"06/04/2025","15.925","15.995","15.995","15.855","4.94M","0.03%"
"06/03/2025","15.920","16.180","16.185","15.855","7.40M","-1.00%"
"06/02/2025","16.080","16.120","16.210","16.020","4.93M","0.00%"
"05/30/2025","16.080","16.080","16.130","15.985","20.26M","0.66%"
"05/29/2025","15.975","15.940","16.055","15.775","3.54M","-0.34%"
"05/28/2025","16.030","16.155","16.220","15.945","7.51M","-0.96%"
"05/27/2025","16.185","16.265","16.285","16.120","6.43M","-0.34%"
"05/26/2025","16.240","16.155","16.255","16.125","4.54M","0.15%"
"05/23/2025","16.215","16.220","16.355","16.035","7.75M","0.28%"
"05/22/2025","16.170","16.000","16.205","15.985","6.06M","0.09%"
"05/21/2025","16.155","16.120","16.200","16.040","5.12M","0.03%"
"05/20/2025","16.150","15.900","16.170","15.865","6.55M","2.09%"
"05/19/2025","15.820","15.800","15.830","15.605","4.59M","0.32%"
"05/16/2025","15.770","15.720","15.790","15.655","7.76M","1.32%"
"05/15/2025","15.565","15.350","15.595","15.230","5.57M","2.10%"
"05/14/2025","15.245","15.135","15.310","15.075","6.17M","0.33%"
"05/13/2025","15.195","15.230","15.395","15.120","6.72M","-0.13%"
"05/12/2025","15.215","15.575","15.600","15.030","7.49M","-1.78%"
"05/09/2025","15.490","15.535","15.605","15.460","1.37K","0.00%"
"05/08/2025","15.490","15.950","15.950","15.475","6.14K","-3.25%"
"05/07/2025","16.010","15.965","16.055","15.930","1.52K","0.25%"
"05/06/2025","15.970","15.960","16.015","15.895","6.60M","0.22%"
"05/05/2025","15.935","15.820","15.955","15.775","1.32K","0.92%"
"05/02/2025","15.790","15.790","15.880","15.565","2.61K","-0.66%"
"04/30/2025","15.895","15.650","15.895","15.500","42.68K","0.92%"
"04/29/2025","15.750","15.650","15.755","15.520","16.61K","0.99%"
"04/28/2025","15.595","15.495","15.595","15.380","9.39K","0.91%"
"04/25/2025","15.455","15.415","15.500","15.305","16.24K","0.78%"
"04/24/2025","15.335","15.360","15.470","15.190","10.34M","-0.16%"
"04/23/2025","15.360","15.695","15.745","15.075","13.76K","-1.76%"
"04/22/2025","15.635","15.400","15.705","15.365","1.86K","1.10%"
"04/17/2025","15.465","15.290","15.520","15.210","2.04K","0.62%"
"04/16/2025","15.370","15.340","15.395","15.230","7.85M","1.22%"
"04/15/2025","15.185","15.025","15.205","14.970","3.83K","1.23%"
"04/14/2025","15.000","14.855","15.000","14.685","9.98M","1.97%"
"04/11/2025","14.710","14.655","14.890","14.610","4.97K","1.38%"
"04/10/2025","14.510","14.250","14.710","14.210","6.91K","2.73%"
"04/09/2025","14.125","14.205","14.275","14.050","1.27K","-2.11%"
"04/08/2025","14.430","14.325","14.525","14.135","25.87K","0.63%"
"04/07/2025","14.340","14.790","14.820","14.045","15.63K","-5.16%"
"04/04/2025","15.120","15.815","15.950","15.025","92.06K","-3.57%"
"04/03/2025","15.680","15.265","15.755","15.255","36.74K","3.19%"
"04/02/2025","15.195","15.055","15.245","15.045","1.24K","0.63%"
"04/01/2025","15.100","14.950","15.105","14.915","6.33M","1.07%"
"03/31/2025","14.940","15.040","15.200","14.890","12.91M","-0.53%"
"03/28/2025","15.020","14.785","15.020","14.775","7.98K","2.04%"
"03/27/2025","14.720","14.540","14.785","14.530","13.64K","1.73%"
"03/26/2025","14.470","14.450","14.570","14.405","0.30K","0.35%"
"03/25/2025","14.420","14.255","14.485","14.255","7.73M","1.26%"
"03/24/2025","14.240","14.400","14.500","14.205","1.59K","-1.21%"
"03/21/2025","14.415","14.200","14.450","14.180","0.34K","1.91%"
"03/20/2025","14.145","14.120","14.180","14.005","9.80K","0.43%"
"03/19/2025","14.085","14.055","14.115","14.035","7.51M","0.39%"
"03/18/2025","14.030","14.025","14.090","13.930","8.28M","-0.36%"
"03/17/2025","14.080","13.930","14.115","13.910","7.55M","1.08%"
"03/14/2025","13.930","13.850","14.000","13.815","6.67M","0.18%"
"03/13/2025","13.905","13.740","13.925","13.715","5.51M","1.05%"
"03/12/2025","13.760","13.840","13.915","13.685","6.99M","-0.11%"
"03/11/2025","13.775","13.820","13.960","13.720","9.59M","0.22%"
"03/10/2025","13.745","13.520","13.835","13.520","8.90M","1.18%"
"03/07/2025","13.585","13.460","13.605","13.380","0.04K","1.53%"
"03/06/2025","13.380","13.370","13.395","13.210","11.78M","-0.67%"
"03/05/2025","13.470","13.615","13.640","13.410","11.10M","-1.89%"
"03/04/2025","13.730","13.740","13.905","13.665","5.76K","-0.36%"
"03/03/2025","13.780","13.950","13.960","13.635","29.93K","-1.22%"
"02/28/2025","13.950","13.770","13.960","13.770","34.49M","1.09%"
"02/27/2025","13.800","13.830","13.930","13.750","7.25M","-1.18%"
"02/26/2025","13.965","13.840","14.000","13.800","7.14M","0.61%"
"02/25/2025","13.880","13.775","13.910","13.745","8.20M","0.87%"
"02/24/2025","13.760","13.550","13.770","13.510","7.05M","2.19%"
"02/21/2025","13.465","13.380","13.465","13.310","9.42M","0.22%"
"02/20/2025","13.435","13.465","13.485","13.360","4.59M","0.07%"
"02/19/2025","13.425","13.345","13.490","13.340","6.06M","0.52%"
"02/18/2025","13.355","13.350","13.390","13.310","9.50M","-0.07%"
"02/17/2025","13.365","13.360","13.400","13.305","5.72K","-0.26%"
"02/14/2025","13.400","13.350","13.460","13.340","0.65K","-0.33%"
"02/13/2025","13.445","13.300","13.455","13.240","7.70K","0.94%"
"02/12/2025","13.320","13.400","13.505","13.245","7.50M","-0.15%"
"02/11/2025","13.340","13.590","13.590","13.320","8.63M","-1.69%"
"02/10/2025","13.570","13.515","13.615","13.475","14.10K","0.48%"
"02/07/2025","13.505","13.590","13.610","13.415","6.37M","-0.66%"
"02/06/2025","13.595","13.810","13.880","13.575","7.14M","-1.31%"
"02/05/2025","13.775","13.680","13.795","13.645","5.18M","0.62%"
"02/04/2025","13.690","13.505","13.730","13.470","5.63M","0.88%"
"02/03/2025","13.570","13.560","13.700","13.500","5.76M","-0.51%"
"01/31/2025","13.640","13.720","13.740","13.575","6.69M","-0.15%"
"01/30/2025","13.660","13.580","13.725","13.560","1.77K","0.89%"
"01/29/2025","13.540","13.540","13.585","13.435","4.37M","0.04%"
"01/28/2025","13.535","13.365","13.615","13.315","6.77M","1.27%"
"01/27/2025","13.365","13.165","13.495","13.165","8.79M","1.60%"
"01/24/2025","13.155","13.230","13.235","13.005","7.41M","-0.30%"
"01/23/2025","13.195","13.195","13.255","13.125","5.92M","0.00%"
"01/22/2025","13.195","13.305","13.305","13.140","8.72M","-1.01%"
"01/21/2025","13.330","13.180","13.355","13.085","0.64K","0.72%"
"01/20/2025","13.235","13.300","13.300","13.185","4.63M","-0.49%"
"01/17/2025","13.300","13.355","13.395","13.270","10.28K","0.23%"
"01/16/2025","13.270","13.235","13.270","13.125","7.66M","0.04%"
"01/15/2025","13.265","13.150","13.280","13.080","7.73M","1.07%"
"01/14/2025","13.125","13.145","13.160","13.070","6.89M","-0.08%"
"01/13/2025","13.135","13.060","13.175","13.010","7.18M","-0.34%"
"01/10/2025","13.180","13.485","13.515","13.155","141.14K","-2.42%"
"01/09/2025","13.507","13.502","13.586","13.458","6.39M","0.40%"
"01/08/2025","13.453","13.428","13.483","13.281","7.34M","-0.18%"
"01/07/2025","13.478","13.571","13.635","13.463","6.45M","-0.69%"
"01/06/2025","13.571","13.468","13.571","13.374","10.61M","0.40%"
"01/03/2025","13.517","13.350","13.542","13.350","6.60M","-0.46%"
"01/02/2025","13.580","13.335","13.595","13.330","5.35M","2.11%"
"12/31/2024","13.300","13.250","13.355","13.215","2.86M","0.64%"
"12/30/2024","13.215","13.180","13.300","13.145","0.72K","0.38%"
"12/27/2024","13.165","13.080","13.165","13.010","4.77M","0.19%"
"12/24/2024","13.140","13.080","13.140","13.075","1.57M","0.46%"
"12/23/2024","13.080","13.030","13.130","13.005","4.87M","0.23%"
"12/20/2024","13.050","12.940","13.075","12.860","17.99M","0.54%"
"12/19/2024","12.980","13.000","13.070","12.700","9.89M","-1.41%"
"12/18/2024","13.165","13.220","13.280","13.135","7.05M","-0.27%"
"12/17/2024","13.200","13.165","13.230","13.090","13.55M","0.11%"
"12/16/2024","13.185","13.110","13.220","13.110","6.12M","0.34%"
"12/13/2024","13.140","13.180","13.235","13.130","6.41M","-0.45%"
"12/12/2024","13.200","13.160","13.225","13.145","8.60M","-0.04%"
"12/11/2024","13.205","13.255","13.305","13.175","7.02M","-0.45%"
"12/10/2024","13.265","13.270","13.345","13.220","7.03M","-0.08%"
"12/09/2024","13.275","13.445","13.450","13.255","7.02M","-1.26%"
"12/06/2024","13.445","13.490","13.560","13.425","4.11M","-0.48%"
"12/05/2024","13.510","13.435","13.550","13.430","4.58M","0.75%"
"12/04/2024","13.410","13.500","13.550","13.410","6.02M","-0.89%"
"12/03/2024","13.530","13.480","13.615","13.480","9.38M","0.15%"
"12/02/2024","13.510","13.365","13.605","13.350","4.48M","0.15%"
"11/29/2024","13.490","13.405","13.515","13.370","6.61M","0.07%"
"11/28/2024","13.480","13.465","13.510","13.370","4.43M","0.04%"
"11/27/2024","13.475","13.375","13.475","13.285","7.07M","0.75%"
"11/26/2024","13.375","13.385","13.540","13.335","9.70M","-0.19%"
"11/25/2024","13.400","13.630","13.660","13.400","35.71M","-1.36%"
"11/22/2024","13.585","13.375","13.595","13.355","9.33M","1.95%"
"11/21/2024","13.325","13.380","13.440","13.295","7.24M","-0.19%"
"11/20/2024","13.350","13.450","13.500","13.300","5.66M","-0.37%"
"11/19/2024","13.400","13.350","13.440","13.265","6.44M","0.53%"
"11/18/2024","13.330","13.410","13.445","13.230","5.95M","-0.45%"
"11/15/2024","13.390","13.345","13.485","13.305","6.53M","0.15%"
"11/14/2024","13.370","13.265","13.370","13.150","8.12M","1.25%"
"11/13/2024","13.205","13.120","13.260","13.120","7.44M","0.15%"
"11/12/2024","13.185","13.230","13.310","13.180","7.42M","-1.35%"
"11/11/2024","13.365","13.350","13.415","13.275","6.59M","1.17%"
"11/08/2024","13.210","13.125","13.285","13.125","6.57M","0.76%"
"11/07/2024","13.110","13.160","13.215","13.100","11.93M","-0.42%"
"11/06/2024","13.165","13.425","13.630","13.090","14.84M","-4.22%"
"11/05/2024","13.745","13.715","13.830","13.715","5.44M","0.18%"
"11/04/2024","13.720","13.750","13.870","13.720","7.19M","-0.76%"
"11/01/2024","13.825","13.630","13.850","13.630","6.14M","1.32%"
"10/31/2024","13.645","13.695","13.820","13.610","12.34M","-0.84%"
"10/30/2024","13.760","13.870","13.910","13.755","6.67M","-1.08%"
"10/29/2024","13.910","14.135","14.160","13.910","5.25M","-1.14%"
"10/28/2024","14.070","14.015","14.100","13.965","4.96M","0.86%"
"10/25/2024","13.950","13.955","14.025","13.880","6.82M","-0.53%"
"10/24/2024","14.025","14.030","14.170","13.990","5.12M","-0.11%"
"10/23/2024","14.040","14.000","14.145","13.930","7.35M","1.48%"
"10/22/2024","13.835","13.960","13.980","13.635","8.76M","-1.53%"
"10/21/2024","14.050","13.950","14.050","13.855","5.49M","0.43%"
"10/18/2024","13.990","13.955","13.990","13.860","13.20M","-0.57%"
"10/17/2024","14.070","14.200","14.260","14.070","5.39M","-0.74%"
"10/16/2024","14.175","14.140","14.235","13.990","6.57M","0.75%"
"10/15/2024","14.070","13.890","14.195","13.885","9.78M","1.70%"
"10/14/2024","13.835","13.660","13.845","13.640","4.94M","1.58%"
"10/11/2024","13.620","13.530","13.650","13.515","3.68M","0.67%"
"10/10/2024","13.530","13.725","13.780","13.495","7.35M","-1.74%"
"10/09/2024","13.770","13.735","13.795","13.680","3.80M","0.36%"
"10/08/2024","13.720","13.500","13.720","13.480","8.12M","1.59%"
"10/07/2024","13.505","13.565","13.625","13.505","9.18M","-0.48%"
"10/04/2024","13.570","13.650","13.725","13.345","10.80M","-0.88%"
"10/03/2024","13.690","13.650","13.790","13.630","7.24M","0.37%"
"10/02/2024","13.640","13.905","13.915","13.610","8.11M","-1.94%"
"10/01/2024","13.910","13.870","13.950","13.820","7.42M","0.14%"
"09/30/2024","13.890","13.715","13.920","13.715","12.86M","1.28%"
"09/27/2024","13.715","13.620","13.820","13.615","9.14M","0.37%"
"09/26/2024","13.665","13.750","13.790","13.610","8.37M","0.22%"
"09/25/2024","13.635","13.500","13.645","13.495","5.64M","-0.22%"
"09/24/2024","13.665","13.730","13.735","13.480","6.12M","-0.55%"
"09/23/2024","13.740","13.560","13.760","13.555","6.09M","1.33%"
"09/20/2024","13.560","13.330","13.625","13.330","22.01M","1.31%"
"09/19/2024","13.385","13.625","13.690","13.340","11.75M","-1.33%"
"09/18/2024","13.565","13.725","13.755","13.480","15.64M","-1.09%"
"09/17/2024","13.715","13.635","13.795","13.595","9.01M","1.44%"
"09/16/2024","13.520","13.440","13.550","13.420","5.12M","0.86%"
"09/13/2024","13.405","13.445","13.460","13.350","10.50M","0.90%"
"09/12/2024","13.285","13.410","13.435","13.260","8.85M","-0.56%"
"09/11/2024","13.360","13.350","13.405","13.270","5.70M","0.15%"
"09/10/2024","13.340","13.320","13.465","13.310","8.13M","0.08%"
"09/09/2024","13.330","13.150","13.385","13.115","7.93M","1.33%"
"09/06/2024","13.155","13.110","13.240","13.070","7.89M","0.08%"
"09/05/2024","13.145","12.990","13.190","12.965","21.48M","1.47%"
"09/04/2024","12.955","12.860","13.015","12.845","9.44M","0.54%"
"09/03/2024","12.885","12.885","12.915","12.835","5.54M","0.08%"
"09/02/2024","12.875","12.780","12.875","12.770","3.77M","0.43%"
"08/30/2024","12.820","12.770","12.885","12.755","27.11M","0.63%"
"08/29/2024","12.740","12.770","12.825","12.715","6.27M","-0.23%"
"08/28/2024","12.770","12.650","12.785","12.650","6.04M","0.63%"
"08/27/2024","12.690","12.735","12.785","12.625","8.45M","-0.24%"
"08/26/2024","12.720","12.665","12.740","12.650","4.71M","0.28%"
"08/23/2024","12.685","12.630","12.730","12.595","5.61M","0.67%"
"08/22/2024","12.600","12.555","12.660","12.545","5.08M","0.48%"
"08/21/2024","12.540","12.510","12.625","12.480","5.06M","0.12%"
"08/20/2024","12.525","12.545","12.570","12.435","6.62M","-0.20%"
"08/19/2024","12.550","12.405","12.565","12.390","12.43M","1.62%"
"08/16/2024","12.350","12.310","12.370","12.270","5.31M","0.45%"
"08/15/2024","12.295","12.370","12.375","12.245","11.93M","-0.04%"
"08/14/2024","12.300","12.280","12.315","12.195","5.13M","0.24%"
"08/13/2024","12.270","12.145","12.270","12.125","8.10M","1.36%"
"08/12/2024","12.105","12.085","12.130","12.030","6.08M","0.25%"
"08/09/2024","12.075","12.030","12.095","11.980","4.66M","0.12%"
"08/08/2024","12.060","12.110","12.145","12.015","8.80M","-0.54%"
"08/07/2024","12.125","11.980","12.130","11.900","20.50M","1.46%"
"08/06/2024","11.950","11.850","11.975","11.710","12.64M","0.04%"
"08/05/2024","11.945","12.300","12.405","11.945","17.29M","-3.28%"
"08/02/2024","12.350","12.130","12.490","12.120","16.11M","1.60%"
"08/01/2024","12.155","12.165","12.245","12.070","8.86M","-0.21%"
"07/31/2024","12.180","12.245","12.265","12.135","12.78M","0.04%"
"07/30/2024","12.175","12.215","12.240","12.065","6.51M","-0.12%"
"07/29/2024","12.190","12.250","12.335","12.155","6.05M","-0.16%"
"07/26/2024","12.210","12.120","12.220","12.025","5.94M","0.54%"
"07/25/2024","12.145","12.000","12.170","11.970","11.16M","1.46%"
"07/24/2024","11.970","11.845","11.970","11.780","8.58M","1.53%"
"07/23/2024","11.790","11.700","11.810","11.640","5.19M","0.73%"
"07/22/2024","11.705","11.850","11.910","11.705","10.46M","-0.38%"
"07/19/2024","11.750","11.820","11.855","11.730","33.80M","-0.93%"
"07/18/2024","11.860","11.900","11.960","11.850","6.82M","0.08%"
"07/17/2024","11.850","11.725","11.875","11.705","13.44M","0.68%"
"07/16/2024","11.770","11.790","11.860","11.700","7.54M","-0.51%"
"07/15/2024","11.830","12.035","12.035","11.825","10.00M","-1.83%"
"07/12/2024","12.050","12.020","12.065","11.960","8.73M","0.29%"
"07/11/2024","12.015","11.845","12.065","11.785","17.69M","1.61%"
"07/10/2024","11.825","11.730","11.825","11.700","9.60M","0.72%"
"07/09/2024","11.740","11.805","11.865","11.710","10.65M","-0.84%"
"07/08/2024","11.840","11.845","11.870","11.750","12.77M","-0.29%"
"07/05/2024","11.875","11.850","11.915","11.775","10.38M","0.34%"
"07/04/2024","11.835","11.950","12.005","11.785","10.48M","-1.70%"
"07/03/2024","12.040","12.011","12.099","11.977","11.16M","0.78%"
"07/02/2024","11.947","12.021","12.055","11.937","7.45M","-1.10%"
"07/01/2024","12.079","11.962","12.173","11.962","11.46M","1.69%"
"06/28/2024","11.878","11.878","11.991","11.834","12.43M","-0.29%"
"06/27/2024","11.913","12.075","12.114","11.878","12.85M","-1.18%"
"06/26/2024","12.055","12.241","12.280","11.977","18.41M","-1.24%"
"06/25/2024","12.207","12.109","12.266","12.089","19.06M","1.06%"
"06/24/2024","12.079","11.952","12.084","11.918","16.03M","2.09%"
"06/21/2024","11.832","11.847","11.900","11.783","19.89M","0.21%"
"06/20/2024","11.808","11.657","11.842","11.633","12.19M","1.38%"
"06/19/2024","11.647","11.740","11.779","11.623","12.28M","-0.79%"
"06/18/2024","11.740","11.613","11.788","11.604","10.76M","1.05%"
"06/17/2024","11.618","11.832","11.851","11.565","10.03M","-4.18%"
"06/14/2024","12.125","12.240","12.255","12.020","10.86M","-0.53%"
"06/13/2024","12.190","12.165","12.245","12.075","9.98M","-0.08%"
"06/12/2024","12.200","12.150","12.295","12.085","7.15M","1.04%"
"06/11/2024","12.075","12.195","12.275","11.965","16.89M","-0.74%"
"06/10/2024","12.165","12.120","12.175","12.045","7.42M","-0.08%"
"06/07/2024","12.175","12.300","12.355","12.110","13.62M","-1.26%"
"06/06/2024","12.330","12.400","12.435","12.260","8.20M","-0.48%"
"06/05/2024","12.390","12.345","12.445","12.330","8.09M","0.65%"
"06/04/2024","12.310","12.205","12.435","12.180","13.94M","0.49%"
"06/03/2024","12.250","12.250","12.260","12.105","7.68M","1.24%"
"05/31/2024","12.100","12.050","12.100","11.915","51.40M","0.17%"
"05/30/2024","12.080","11.905","12.090","11.905","8.05M","1.30%"
"05/29/2024","11.925","12.055","12.110","11.915","10.07M","-1.85%"
"05/28/2024","12.150","12.225","12.240","12.110","6.90M","-0.41%"
"05/27/2024","12.200","12.005","12.200","11.980","4.43M","1.50%"
"05/24/2024","12.020","12.000","12.050","11.925","6.78M","-0.78%"
"05/23/2024","12.115","12.240","12.255","12.045","10.99M","-1.34%"
"05/22/2024","12.280","12.240","12.300","12.195","5.23M","-0.24%"
"05/21/2024","12.310","12.280","12.330","12.195","5.79M","0.20%"
"05/20/2024","12.285","12.300","12.370","12.275","4.77M","-0.24%"
"05/17/2024","12.315","12.335","12.350","12.215","8.37M","-0.36%"
"05/16/2024","12.360","12.345","12.430","12.300","8.38M","0.04%"
"05/15/2024","12.355","12.195","12.410","12.165","14.88M","1.31%"
"05/14/2024","12.195","12.195","12.225","12.070","10.92M","0.33%"
"05/13/2024","12.155","12.185","12.220","12.070","9.39M","-0.45%"
"05/10/2024","12.210","11.995","12.240","11.985","12.51M","1.75%"
"05/09/2024","12.000","11.950","12.010","11.860","6.35M","0.25%"
"05/08/2024","11.970","11.900","12.000","11.845","8.63M","0.63%"
"05/07/2024","11.895","11.720","11.895","11.660","10.16M","2.10%"
"05/06/2024","11.650","11.610","11.705","11.580","5.46M","0.65%"
"05/03/2024","11.575","11.620","11.695","11.505","22.25M","0.00%"
"05/02/2024","11.575","11.500","11.670","11.500","9.46M","0.56%"
"04/30/2024","11.510","11.680","11.700","11.445","25.48M","-1.24%"
"04/29/2024","11.655","11.640","11.740","11.640","7.52M","0.39%"
"04/26/2024","11.610","11.520","11.660","11.515","6.73M","1.31%"
"04/25/2024","11.460","11.580","11.585","11.320","13.02M","-0.61%"
"04/24/2024","11.530","11.650","11.660","11.400","14.84M","-0.09%"
"04/23/2024","11.540","11.420","11.570","11.420","7.64M","0.79%"
"04/22/2024","11.450","11.460","11.480","11.290","7.77M","0.97%"
"04/19/2024","11.340","11.330","11.415","11.230","44.97M","0.40%"
"04/18/2024","11.295","11.325","11.430","11.295","11.63M","0.76%"
"04/17/2024","11.210","11.160","11.350","11.125","19.75M","0.72%"
"04/16/2024","11.130","11.200","11.345","11.105","9.83M","-1.15%"
"04/15/2024","11.260","11.285","11.350","11.220","8.59M","0.09%"
"04/12/2024","11.250","11.205","11.335","11.170","9.38M","1.12%"
"04/11/2024","11.125","11.010","11.230","10.990","9.49M","1.04%"
"04/10/2024","11.010","11.215","11.260","10.885","9.61M","-1.03%"
"04/09/2024","11.125","11.155","11.220","11.070","7.66M","-0.54%"
"04/08/2024","11.185","11.235","11.280","11.160","5.55M","-0.58%"
"04/05/2024","11.250","11.360","11.440","11.225","10.55M","-1.57%"
"04/04/2024","11.430","11.430","11.505","11.410","14.33M","0.18%"
"04/03/2024","11.410","11.425","11.460","11.335","7.12M","-0.22%"
"04/02/2024","11.435","11.435","11.525","11.375","10.15M","-0.52%"
"03/28/2024","11.495","11.630","11.635","11.465","15.83M","-0.99%"
"03/27/2024","11.610","11.460","11.635","11.375","11.59M","1.53%"
"03/26/2024","11.435","11.375","11.470","11.330","18.42M","0.48%"
"03/25/2024","11.380","11.295","11.410","11.255","8.30M","0.80%"
"03/22/2024","11.290","11.180","11.320","11.135","8.28M","1.48%"
"03/21/2024","11.125","11.085","11.315","11.055","13.98M","0.45%"
"03/20/2024","11.075","10.985","11.115","10.980","7.88M","0.73%"
"03/19/2024","10.995","10.955","11.005","10.890","7.06M","0.09%"
"03/18/2024","10.985","10.960","11.055","10.920","8.04M","0.05%"
"03/15/2024","10.980","10.880","11.055","10.875","30.51M","1.39%"
"03/14/2024","10.830","10.955","11.040","10.765","9.20M","-1.19%"
"03/13/2024","10.960","10.940","11.065","10.925","33.35M","0.97%"
"03/12/2024","10.855","11.070","11.100","10.855","16.00M","-1.72%"
"03/11/2024","11.045","11.005","11.105","10.955","6.81M","0.55%"
"03/08/2024","10.985","10.995","11.095","10.965","7.51M","-1.04%"
"03/07/2024","11.100","10.800","11.155","10.800","14.30M","2.64%"
"03/06/2024","10.815","10.730","10.955","10.730","11.59M","0.56%"
"03/05/2024","10.755","10.600","10.755","10.510","11.91M","1.65%"
"03/04/2024","10.580","10.585","10.625","10.470","5.51M","0.71%"
"03/01/2024","10.505","10.595","10.690","10.455","7.43M","-1.08%"
"02/29/2024","10.620","10.495","10.675","10.485","21.95M","1.34%"
"02/28/2024","10.480","10.540","10.565","10.425","7.78M","-0.52%"
"02/27/2024","10.535","10.500","10.570","10.415","7.40M","0.19%"
"02/26/2024","10.515","10.620","10.635","10.495","5.58M","-1.08%"
"02/23/2024","10.630","10.700","10.735","10.570","9.96M","-1.12%"
"02/22/2024","10.750","10.935","11.010","10.680","24.33M","-1.69%"
"02/21/2024","10.935","10.900","10.980","10.855","7.40M","0.32%"
"02/20/2024","10.900","10.790","10.935","10.755","11.36M","0.97%"
"02/19/2024","10.795","10.800","10.875","10.700","4.92M","0.19%"
"02/16/2024","10.775","10.910","10.910","10.705","9.08M","-0.74%"
"02/15/2024","10.855","10.780","10.895","10.775","9.47M","0.65%"
"02/14/2024","10.785","10.755","10.850","10.720","5.78M","0.19%"
"02/13/2024","10.765","10.810","10.925","10.740","7.52M","-0.19%"
"02/12/2024","10.785","10.695","10.810","10.695","6.42M","0.89%"
"02/09/2024","10.690","10.645","10.715","10.580","13.41M","0.66%"
"02/08/2024","10.620","10.620","10.710","10.580","13.56M","-0.47%"
"02/07/2024","10.670","10.825","10.865","10.610","14.92M","-1.20%"
"02/06/2024","10.800","10.970","11.000","10.715","17.93M","-1.95%"
"02/05/2024","11.015","11.015","11.290","10.990","10.33M","-0.32%"
"02/02/2024","11.050","11.200","11.220","11.035","7.95M","-0.67%"
"02/01/2024","11.125","11.085","11.210","11.040","9.37M","-0.45%"
"01/31/2024","11.175","11.090","11.220","11.050","12.53M","0.72%"
"01/30/2024","11.095","11.015","11.135","10.965","7.86M","0.68%"
"01/29/2024","11.020","10.990","11.030","10.905","18.07M","0.46%"
"01/26/2024","10.970","11.095","11.185","10.925","10.69M","-0.90%"
"01/25/2024","11.070","11.160","11.160","11.005","7.32M","-0.49%"
"01/24/2024","11.125","11.055","11.170","11.050","8.55M","0.68%"
"01/23/2024","11.050","11.215","11.245","11.050","17.09M","-1.87%"
"01/22/2024","11.260","11.235","11.290","11.170","5.96M","0.36%"
"01/19/2024","11.220","11.230","11.270","11.155","9.59M","-0.40%"
"01/18/2024","11.265","11.395","11.410","11.250","10.77M","-1.62%"
"01/17/2024","11.450","11.500","11.500","11.395","11.83M","-0.87%"
"01/16/2024","11.550","11.630","11.640","11.550","8.64M","-0.99%"
"01/15/2024","11.665","11.665","11.710","11.560","17.19M","-0.09%"
"01/12/2024","11.675","11.575","11.685","11.575","7.79M","1.35%"
"01/11/2024","11.520","11.650","11.715","11.510","9.00M","-0.73%"
"01/10/2024","11.605","11.650","11.655","11.585","9.07M","-0.30%"
"01/09/2024","11.640","11.740","11.775","11.590","10.50M","-1.29%"
"01/08/2024","11.792","11.787","11.870","11.757","10.19M","-0.33%"
"01/05/2024","11.831","11.747","11.861","11.684","10.35M","0.04%"
"01/04/2024","11.826","11.684","11.846","11.684","17.76M","1.65%"
"01/03/2024","11.634","11.723","11.777","11.625","10.35M","-0.34%"
"01/02/2024","11.674","11.797","11.865","11.610","12.39M","0.04%"
"12/29/2023","11.669","11.664","11.718","11.654","7.72M","0.38%"
"12/28/2023","11.625","11.669","11.708","11.620","7.30M","-0.08%"
"12/27/2023","11.634","11.585","11.669","11.585","7.04M","-1.90%"
"12/22/2023","11.860","11.795","11.910","11.780","5.97M","0.64%"
"12/21/2023","11.785","11.730","11.795","11.700","5.55M","0.21%"
"12/20/2023","11.760","11.820","11.865","11.735","10.60M","-0.55%"
"12/19/2023","11.825","11.730","11.890","11.720","12.21M","1.11%"
"12/18/2023","11.695","11.750","11.825","11.695","11.95M","-0.55%"
"12/15/2023","11.760","11.800","11.850","11.695","21.35M","-0.55%"
"12/14/2023","11.825","11.900","12.015","11.810","10.64M","0.64%"
"12/13/2023","11.750","11.740","11.785","11.690","27.32M","0.47%"
"12/12/2023","11.695","11.730","11.785","11.685","9.84M","-0.47%"
"12/11/2023","11.750","11.790","11.815","11.730","9.29M","-0.38%"
"12/08/2023","11.795","11.725","11.820","11.725","9.38M","0.47%"
"12/07/2023","11.740","11.730","11.770","11.675","10.30M","0.69%"
"12/06/2023","11.660","11.655","11.720","11.530","8.18M","0.73%"
"12/05/2023","11.575","11.535","11.645","11.500","12.97M","0.52%"
"12/04/2023","11.515","11.400","11.545","11.395","6.94M","0.79%"
"12/01/2023","11.425","11.360","11.435","11.345","5.46M","0.71%"
"11/30/2023","11.345","11.270","11.380","11.240","29.31M","0.35%"
"11/29/2023","11.305","11.335","11.440","11.305","7.78M","0.22%"
"11/28/2023","11.280","11.255","11.340","11.225","10.99M","0.18%"
"11/27/2023","11.260","11.200","11.305","11.170","9.12M","0.63%"
"11/24/2023","11.190","11.120","11.255","11.100","6.45M","0.54%"
"11/23/2023","11.130","11.120","11.150","11.080","4.48M","0.32%"
"11/22/2023","11.095","11.080","11.135","11.035","9.34M","0.50%"
"11/21/2023","11.040","11.125","11.180","10.970","9.56M","-0.76%"
"11/20/2023","11.125","11.005","11.165","10.970","5.89M","0.50%"
"11/17/2023","11.070","11.015","11.115","10.990","22.00M","0.59%"
"11/16/2023","11.005","10.810","11.045","10.795","8.49M","2.13%"
"11/15/2023","10.775","10.890","10.935","10.750","6.85M","-1.01%"
"11/14/2023","10.885","10.750","10.920","10.675","8.88M","1.63%"
"11/13/2023","10.710","10.625","10.740","10.595","5.60M","0.56%"
"11/10/2023","10.650","10.600","10.670","10.555","5.87M","0.00%"
"11/09/2023","10.650","10.540","10.665","10.525","6.56M","1.77%"
"11/08/2023","10.465","10.405","10.480","10.315","7.60M","0.00%"
"11/07/2023","10.465","10.510","10.570","10.425","5.47M","-0.99%"
"11/06/2023","10.570","10.655","10.700","10.505","5.71M","-1.03%"
"11/03/2023","10.680","10.755","10.815","10.620","8.91M","-0.65%"
"11/02/2023","10.750","10.605","10.840","10.600","11.05M","2.04%"
"11/01/2023","10.535","10.450","10.550","10.390","10.37M","0.33%"
"10/31/2023","10.500","10.460","10.570","10.390","20.12M","0.91%"
"10/30/2023","10.405","10.500","10.525","10.375","6.84M","0.34%"
"10/27/2023","10.370","10.570","10.600","10.370","6.15M","-1.47%"
"10/26/2023","10.525","10.550","10.760","10.390","10.97M","-0.05%"
"10/25/2023","10.530","10.420","10.555","10.305","8.26M","1.15%"
"10/24/2023","10.410","10.300","10.425","10.295","7.87M","1.12%"
"10/23/2023","10.295","10.340","10.385","10.150","6.44M","-0.72%"
"10/20/2023","10.370","10.300","10.425","10.265","45.93M","-0.38%"
"10/19/2023","10.410","10.315","10.425","10.250","7.05M","0.29%"
"10/18/2023","10.380","10.405","10.440","10.340","8.85M","-0.91%"
"10/17/2023","10.475","10.500","10.555","10.365","5.73M","-0.38%"
"10/16/2023","10.515","10.410","10.525","10.320","9.81M","-0.43%"
"10/13/2023","10.560","10.500","10.650","10.445","7.49M","-0.19%"
"10/12/2023","10.580","10.710","10.775","10.555","6.45M","-0.52%"
"10/11/2023","10.635","10.485","10.670","10.470","9.33M","1.24%"
"10/10/2023","10.505","10.300","10.555","10.295","11.48M","2.59%"
"10/09/2023","10.240","10.170","10.285","10.140","7.51M","0.99%"
"10/06/2023","10.140","10.150","10.160","9.894","9.38M","0.05%"
"10/05/2023","10.135","10.065","10.185","10.045","7.48M","1.20%"
"10/04/2023","10.015","9.974","10.210","9.912","11.89M","1.24%"
"10/03/2023","9.892","10.245","10.255","9.882","14.70M","-3.63%"
"10/02/2023","10.265","10.635","10.685","10.255","11.82M","-3.11%"
"09/29/2023","10.595","10.625","10.735","10.575","19.51M","0.24%"
"09/28/2023","10.570","10.655","10.730","10.535","9.33M","-0.56%"
"09/27/2023","10.630","10.785","10.805","10.615","26.41M","-1.71%"
"09/26/2023","10.815","10.700","10.900","10.660","8.08M","0.42%"
"09/25/2023","10.770","10.935","10.945","10.705","5.55M","-1.73%"
"09/22/2023","10.960","10.940","11.090","10.870","18.76M","-0.45%"
"09/21/2023","11.010","11.160","11.205","10.955","7.51M","-2.22%"
"09/20/2023","11.260","11.165","11.290","11.145","7.32M","1.12%"
"09/19/2023","11.135","11.040","11.175","11.040","5.08M","0.72%"
"09/18/2023","11.055","11.025","11.100","10.955","6.81M","-0.27%"
"09/15/2023","11.085","11.065","11.120","10.975","26.77M","0.73%"
"09/14/2023","11.005","10.810","11.040","10.795","8.05M","2.04%"
"09/13/2023","10.785","10.765","10.805","10.635","7.95M","-0.19%"
"09/12/2023","10.805","10.850","10.885","10.745","12.92M","-0.09%"
"09/11/2023","10.815","10.960","11.000","10.780","5.77M","-0.87%"
"09/08/2023","10.910","10.920","10.960","10.725","5.71M","0.46%"
"09/07/2023","10.860","10.695","10.890","10.630","7.55M","1.59%"
"09/06/2023","10.690","10.635","10.715","10.560","5.71M","0.47%"
"09/05/2023","10.640","10.700","10.820","10.635","6.59M","-0.88%"
"09/04/2023","10.735","10.880","10.910","10.710","3.93M","-0.97%"
"09/01/2023","10.840","10.925","11.005","10.795","6.15M","-1.09%"
"08/31/2023","10.960","10.985","11.110","10.960","32.49M","-0.23%"
"08/30/2023","10.985","11.180","11.215","10.930","10.04M","-2.31%"
"08/29/2023","11.245","11.090","11.245","11.060","25.55M","2.23%"
"08/28/2023","11.000","11.000","11.040","10.980","","0.32%"
"08/25/2023","10.965","10.810","11.015","10.810","5.45M","1.01%"
"08/24/2023","10.855","10.920","10.980","10.855","9.16M","0.05%"
"08/23/2023","10.850","10.725","10.970","10.710","7.06M","1.59%"
"08/22/2023","10.680","10.645","10.740","10.630","4.23M","0.75%"
"08/21/2023","10.600","10.605","10.745","10.520","6.80M","-0.24%"
"08/18/2023","10.625","10.615","10.700","10.540","7.29M","0.57%"
"08/17/2023","10.565","10.670","10.715","10.560","8.81M","-1.35%"
"08/16/2023","10.710","10.620","10.795","10.605","4.92M","0.61%"
"08/15/2023","10.645","10.850","10.860","10.620","6.00M","-2.16%"
"08/14/2023","10.880","10.920","10.930","10.845","4.30M","-0.50%"
"08/11/2023","10.935","10.925","11.020","10.900","5.66M","-0.09%"
"08/10/2023","10.945","10.855","10.975","10.835","10.11M","1.34%"
"08/09/2023","10.800","10.885","10.950","10.765","5.81M","-0.32%"
"08/08/2023","10.835","10.750","10.885","10.710","9.01M","0.65%"
"08/07/2023","10.765","10.775","10.780","10.615","5.70M","-0.23%"
"08/04/2023","10.790","10.760","10.810","10.615","8.45M","0.37%"
"08/03/2023","10.750","10.875","10.910","10.715","12.91M","-1.51%"
"08/02/2023","10.915","11.110","11.125","10.915","13.63M","-2.24%"
"08/01/2023","11.165","11.405","11.410","11.145","8.87M","-1.67%"
"07/31/2023","11.355","11.460","11.490","11.355","11.62M","-0.74%"
"07/28/2023","11.440","11.390","11.575","11.380","9.31M","-0.65%"
"07/27/2023","11.515","11.515","11.555","11.365","8.57M","0.74%"
"07/26/2023","11.430","11.425","11.480","11.335","7.54M","0.09%"
"07/25/2023","11.420","11.465","11.480","11.360","10.59M","-0.44%"
"07/24/2023","11.470","11.345","11.515","11.320","11.38M","-0.48%"
"07/21/2023","11.525","11.385","11.535","11.385","8.80M","1.45%"
"07/20/2023","11.360","11.210","11.370","11.195","7.24M","1.70%"
"07/19/2023","11.170","11.210","11.285","11.160","6.10M","-0.09%"
"07/18/2023","11.180","11.205","11.250","11.150","6.10M","-0.36%"
"07/17/2023","11.220","11.310","11.335","11.210","7.36M","-0.84%"
"07/14/2023","11.315","11.320","11.380","11.290","9.58M","-0.31%"
"07/13/2023","11.350","11.300","11.395","11.270","15.11M","0.93%"
"07/12/2023","11.245","11.170","11.295","11.125","31.57M","1.03%"
"07/11/2023","11.130","11.190","11.240","11.080","10.65M","0.00%"
"07/10/2023","11.130","11.110","11.180","11.055","16.52M","-0.49%"
"07/07/2023","11.185","11.310","11.355","11.160","13.26M","-1.69%"
"07/06/2023","11.377","11.407","11.582","11.324","17.56M","-1.23%"
"07/05/2023","11.519","11.845","11.859","11.485","15.12M","-2.75%"
"07/04/2023","11.845","11.830","11.923","11.782","6.49M","0.16%"
"07/03/2023","11.825","11.665","11.850","11.645","33.01M","1.63%"
"06/30/2023","11.636","11.587","11.747","11.538","23.35M","0.80%"
"06/29/2023","11.543","11.601","11.616","11.524","8.28M","-0.13%"
"06/28/2023","11.558","11.524","11.606","11.489","8.22M","0.68%"
"06/27/2023","11.480","11.363","11.509","11.343","7.14M","1.11%"
"06/26/2023","11.353","11.402","11.460","11.319","7.57M","-0.13%"
"06/23/2023","11.368","11.421","11.533","11.363","7.08M","-0.68%"
"06/22/2023","11.446","11.519","11.524","11.377","6.70M","-0.59%"
"06/21/2023","11.514","11.558","11.611","11.475","7.04M","-1.00%"
"06/20/2023","11.631","11.373","11.679","11.373","9.69M","2.05%"
"06/19/2023","11.397","11.499","11.528","11.358","6.55M","-0.97%"
"06/16/2023","11.509","11.304","11.645","11.295","28.14M","1.98%"
"06/15/2023","11.285","11.246","11.329","11.163","11.91M","-2.46%"
"06/14/2023","11.570","11.475","11.635","11.460","9.73M","0.87%"
"06/13/2023","11.470","11.550","11.555","11.395","7.19M","-0.65%"
"06/12/2023","11.545","11.530","11.595","11.505","17.93M","0.43%"
"06/09/2023","11.495","11.465","11.540","11.445","8.65M","0.44%"
"06/08/2023","11.445","11.550","11.600","11.445","8.03M","-0.74%"
"06/07/2023","11.530","11.640","11.700","11.510","5.87M","-1.33%"
"06/06/2023","11.685","11.570","11.685","11.570","5.39M","0.99%"
"06/05/2023","11.570","11.595","11.640","11.550","14.76M","-0.09%"
"06/02/2023","11.580","11.500","11.590","11.395","7.42M","0.61%"
"06/01/2023","11.510","11.450","11.535","11.415","4.86M","0.96%"
"05/31/2023","11.400","11.440","11.590","11.375","39.49M","-0.83%"
"05/30/2023","11.495","11.470","11.575","11.460","7.02M","0.31%"
"05/29/2023","11.460","11.580","11.610","11.440","4.36M","-0.26%"
"05/26/2023","11.490","11.370","11.535","11.290","8.14M","0.92%"
"05/25/2023","11.385","11.585","11.615","11.365","10.69M","-1.85%"
"05/24/2023","11.600","11.565","11.615","11.500","11.24M","-0.39%"
"05/23/2023","11.645","11.615","11.725","11.550","5.01M","0.22%"
"05/22/2023","11.620","11.615","11.700","11.605","5.62M","-0.09%"
"05/19/2023","11.630","11.530","11.660","11.500","10.02M","1.09%"
"05/18/2023","11.505","11.660","11.705","11.490","10.33M","-1.33%"
"05/17/2023","11.660","11.800","11.800","11.650","9.59M","-1.56%"
"05/16/2023","11.845","11.880","11.950","11.805","8.48M","0.04%"
"05/15/2023","11.840","11.920","11.920","11.795","7.97M","-0.21%"
"05/12/2023","11.865","11.825","11.925","11.815","10.67M","0.81%"
"05/11/2023","11.770","11.800","11.825","11.665","12.89M","-0.04%"
"05/10/2023","11.775","11.810","11.830","11.725","4.70M","-0.13%"
"05/09/2023","11.790","11.750","11.790","11.675","9.05M","-0.08%"
"05/08/2023","11.800","11.765","11.820","11.745","4.46M","0.00%"
"05/05/2023","11.800","11.895","11.910","11.735","7.84M","-0.38%"
"05/04/2023","11.845","11.675","11.855","11.615","8.57M","0.98%"
"05/03/2023","11.730","11.800","11.830","11.690","10.31M","-0.21%"
"05/02/2023","11.755","11.830","11.835","11.690","11.06M","-0.21%"
"04/28/2023","11.780","11.870","11.910","11.685","36.48M","-0.42%"
"04/27/2023","11.830","11.835","11.920","11.820","8.98M","-0.08%"
"04/26/2023","11.840","11.940","11.960","11.825","11.04M","0.08%"
"04/25/2023","11.830","11.835","11.875","11.780","9.39M","0.08%"
"04/24/2023","11.820","11.680","11.875","11.545","8.85M","-0.13%"
"04/21/2023","11.835","11.820","11.960","11.770","39.28M","0.08%"
"04/20/2023","11.825","11.670","11.845","11.640","7.45M","1.07%"
"04/19/2023","11.700","11.525","11.710","11.500","19.43M","1.56%"
"04/18/2023","11.520","11.500","11.550","11.415","33.22M","0.13%"
"04/17/2023","11.505","11.420","11.605","11.370","11.39M","0.35%"
"04/14/2023","11.465","11.695","11.730","11.405","11.68M","-1.71%"
"04/13/2023","11.665","11.770","11.775","11.605","10.76M","-0.85%"
"04/12/2023","11.765","11.690","11.810","11.690","13.99M","0.68%"
"04/11/2023","11.685","11.785","11.820","11.580","11.28M","-0.64%"
"04/06/2023","11.760","11.725","11.845","11.680","8.07M","0.47%"
"04/05/2023","11.705","11.490","11.705","11.455","13.12M","2.45%"
"04/04/2023","11.425","11.370","11.455","11.340","9.96M","0.57%"
"04/03/2023","11.360","11.450","11.485","11.180","11.51M","-1.09%"
"03/31/2023","11.485","11.400","11.530","11.375","14.09M","0.70%"
"03/30/2023","11.405","11.360","11.460","11.300","9.00M","0.75%"
"03/29/2023","11.320","11.280","11.325","11.230","8.82M","0.62%"
"03/28/2023","11.250","11.215","11.285","11.165","43.30M","0.58%"
"03/27/2023","11.185","11.115","11.210","11.100","16.77M","1.04%"
"03/24/2023","11.070","11.085","11.085","10.960","12.98M","-0.18%"
"03/23/2023","11.090","11.130","11.135","10.985","6.76M","0.32%"
"03/22/2023","11.055","11.090","11.115","11.010","13.30M","-0.50%"
"03/21/2023","11.110","11.085","11.170","11.075","12.92M","0.41%"
"03/20/2023","11.065","10.925","11.125","10.900","10.70M","1.33%"
"03/17/2023","10.920","11.075","11.120","10.840","30.65M","-1.18%"
"03/16/2023","11.050","10.880","11.080","10.800","15.59M","1.61%"
"03/15/2023","10.875","10.890","11.030","10.840","20.39M","0.14%"
"03/14/2023","10.860","10.700","10.890","10.680","14.28M","1.69%"
"03/13/2023","10.680","10.715","10.805","10.515","13.00M","-0.28%"
"03/10/2023","10.710","10.700","10.770","10.655","11.31M","0.05%"
"03/09/2023","10.705","10.705","10.730","10.615","7.32M","-0.05%"
"03/08/2023","10.710","10.640","10.710","10.610","8.45M","0.47%"
"03/07/2023","10.660","10.685","10.800","10.655","18.33M","-0.09%"
"03/06/2023","10.670","10.770","10.790","10.620","10.13M","-0.37%"
"03/03/2023","10.710","10.715","10.770","10.675","13.59M","0.37%"
"03/02/2023","10.670","10.595","10.730","10.530","10.03M","0.57%"
"03/01/2023","10.610","10.795","10.795","10.605","18.39M","-2.35%"
"02/28/2023","10.865","10.870","10.905","10.780","15.66M","-0.41%"
"02/27/2023","10.910","10.945","10.980","10.910","8.28M","0.18%"
"02/24/2023","10.890","10.860","10.955","10.860","15.43M","-0.14%"
"02/23/2023","10.905","10.905","10.980","10.880","8.36M","-0.50%"
"02/22/2023","10.960","11.040","11.040","10.845","7.65M","0.00%"
"02/21/2023","10.960","10.895","11.040","10.885","7.06M","0.46%"
"02/20/2023","10.910","10.930","11.000","10.870","7.45M","0.09%"
"02/17/2023","10.900","10.785","10.925","10.745","10.53M","0.65%"
"02/16/2023","10.830","10.900","10.930","10.720","7.31M","-0.32%"
"02/15/2023","10.865","10.800","10.905","10.800","9.83M","1.07%"
"02/14/2023","10.750","10.730","10.815","10.710","17.99M","0.47%"
"02/13/2023","10.700","10.630","10.730","10.630","5.49M","0.80%"
"02/10/2023","10.615","10.600","10.650","10.525","8.64M","-0.33%"
"02/09/2023","10.650","10.700","10.755","10.605","6.98M","0.00%"
"02/08/2023","10.650","10.710","10.755","10.640","9.90M","-0.23%"
"02/07/2023","10.675","10.680","10.780","10.660","8.78M","-0.14%"
"02/06/2023","10.690","10.705","10.735","10.625","8.16M","-0.42%"
"02/03/2023","10.735","10.710","10.740","10.655","9.80M","-0.05%"
"02/02/2023","10.740","10.770","10.785","10.650","8.89M","-0.09%"
"02/01/2023","10.750","10.735","10.790","10.720","9.51M","0.05%"
"01/31/2023","10.745","10.805","10.820","10.705","13.96M","-0.37%"
"01/30/2023","10.785","10.820","10.820","10.725","6.98M","-0.14%"
"01/27/2023","10.800","10.885","10.890","10.760","34.93M","-0.37%"
"01/26/2023","10.840","10.905","10.910","10.800","6.24M","-0.28%"
"01/25/2023","10.870","10.895","10.895","10.780","5.41M","0.23%"
"01/24/2023","10.845","10.815","10.870","10.770","5.07M","0.28%"
"01/23/2023","10.815","10.835","10.890","10.760","8.79M","0.09%"
"01/20/2023","10.805","10.760","10.890","10.760","22.33M","0.00%"
"01/19/2023","10.805","10.790","10.830","10.745","9.56M","0.05%"
"01/18/2023","10.800","10.905","10.935","10.780","11.71M","-0.92%"
"01/17/2023","10.900","10.880","10.920","10.790","8.34M","0.00%"
"01/16/2023","10.900","10.920","10.950","10.840","5.59M","0.00%"
"01/13/2023","10.900","10.930","10.960","10.870","8.20M","-0.64%"
"01/12/2023","10.970","10.900","10.995","10.850","11.76M","0.69%"
"01/11/2023","10.895","10.770","10.985","10.740","16.67M","0.93%"
"01/10/2023","10.795","10.845","10.905","10.775","11.97M","-0.42%"
"01/09/2023","10.840","10.880","10.890","10.755","30.19M","-0.60%"
"01/06/2023","10.905","10.900","10.925","10.755","11.53M","0.29%"
"01/05/2023","10.874","10.898","10.962","10.859","13.89M","-0.50%"
"01/04/2023","10.928","10.854","11.007","10.854","13.17M","1.23%"
"01/03/2023","10.795","10.815","10.913","10.731","39.42M","-0.32%"
"01/02/2023","10.830","10.805","10.874","10.761","6.25M","0.73%"
"12/30/2022","10.751","10.820","10.834","10.751","11.67M","-0.77%"
"12/29/2022","10.834","10.780","10.884","10.716","8.92M","0.82%"
"12/28/2022","10.746","10.761","10.854","10.731","7.94M","-1.41%"
"12/27/2022","10.900","10.955","10.995","10.900","7.93M","0.18%"
"12/23/2022","10.880","10.960","10.960","10.815","5.95M","-0.46%"
"12/22/2022","10.930","10.960","10.985","10.885","35.29M","0.00%"
"12/21/2022","10.930","10.865","10.995","10.845","11.23M","1.11%"
"12/20/2022","10.810","10.720","10.910","10.655","54.42M","0.28%"
"12/19/2022","10.780","10.710","10.865","10.710","12.66M","0.61%"
"12/16/2022","10.715","10.865","10.930","10.655","29.63M","-1.70%"
"12/15/2022","10.900","11.040","11.080","10.890","18.31M","-1.40%"
"12/14/2022","11.055","10.985","11.075","10.940","14.98M","0.55%"
"12/13/2022","10.995","10.985","11.155","10.840","23.55M","0.00%"
"12/12/2022","10.995","10.980","11.040","10.950","9.59M","0.00%"
"12/09/2022","10.995","10.955","11.035","10.915","8.45M","0.78%"
"12/08/2022","10.910","10.965","10.965","10.820","7.59M","-0.09%"
"12/07/2022","10.920","10.880","10.975","10.860","8.60M","0.14%"
"12/06/2022","10.905","10.885","10.990","10.860","7.92M","0.09%"
"12/05/2022","10.895","10.810","10.920","10.795","5.84M","0.41%"
"12/02/2022","10.850","10.950","10.950","10.775","9.48M","-0.60%"
"12/01/2022","10.915","10.800","10.985","10.800","10.78M","1.25%"
"11/30/2022","10.780","10.725","10.780","10.645","24.54M","1.17%"
"11/29/2022","10.655","10.780","10.780","10.540","22.62M","-0.93%"
"11/28/2022","10.755","10.820","10.875","10.715","8.80M","-0.60%"
"11/25/2022","10.820","10.790","10.860","10.750","9.27M","0.28%"
"11/24/2022","10.790","10.810","10.860","10.765","10.13M","0.28%"
"11/23/2022","10.760","10.765","10.820","10.635","7.15M","-0.05%"
"11/22/2022","10.765","10.650","10.845","10.650","8.58M","1.27%"
"11/21/2022","10.630","10.575","10.725","10.575","5.51M","0.38%"
"11/18/2022","10.590","10.600","10.625","10.510","13.70M","0.95%"
"11/17/2022","10.490","10.460","10.520","10.365","10.80M","0.05%"
"11/16/2022","10.485","10.385","10.520","10.335","8.74M","0.10%"
"11/15/2022","10.475","10.540","10.590","10.455","7.36M","-0.19%"
"11/14/2022","10.495","10.385","10.580","10.340","7.89M","1.40%"
"11/11/2022","10.350","10.565","10.590","10.270","13.29M","-1.57%"
"11/10/2022","10.515","10.265","10.650","10.235","13.69M","2.44%"
"11/09/2022","10.265","10.100","10.345","10.045","11.21M","2.09%"
"11/08/2022","10.055","9.952","10.115","9.912","13.16M","0.55%"
"11/07/2022","10.000","9.968","10.090","9.932","10.15M","-0.05%"
"11/04/2022","10.005","10.100","10.135","9.880","17.65M","-1.19%"
"11/03/2022","10.125","10.140","10.150","9.990","11.39M","-1.03%"
"11/02/2022","10.230","10.245","10.250","10.110","12.33M","-0.39%"
"11/01/2022","10.270","10.300","10.405","10.235","7.40M","-0.05%"
"10/31/2022","10.275","10.235","10.280","10.130","11.50M","0.34%"
"10/28/2022","10.240","10.120","10.270","10.050","10.81M","0.54%"
"10/27/2022","10.185","10.090","10.260","9.924","11.86M","0.49%"
"10/26/2022","10.135","9.950","10.135","9.870","17.41M","2.77%"
"10/25/2022","9.862","9.734","9.930","9.698","21.99M","1.86%"
"10/24/2022","9.682","9.620","9.790","9.564","11.49M","1.62%"
"10/21/2022","9.528","9.520","9.560","9.384","78.73M","-0.19%"
"10/20/2022","9.546","9.600","9.650","9.460","10.82M","-0.08%"
"10/19/2022","9.554","9.678","9.692","9.464","9.38M","-0.85%"
"10/18/2022","9.636","9.620","9.832","9.620","11.29M","-0.27%"
"10/17/2022","9.662","9.508","9.722","9.508","16.25M","3.07%"
"10/14/2022","9.374","9.392","9.534","9.306","14.57M","1.65%"
"10/13/2022","9.222","9.168","9.320","9.090","13.43M","0.15%"
"10/12/2022","9.208","9.314","9.358","9.202","11.43M","-1.50%"
"10/11/2022","9.348","9.426","9.472","9.284","8.87M","-1.39%"
"10/10/2022","9.480","9.500","9.528","9.386","7.67M","-0.92%"
"10/07/2022","9.568","9.602","9.718","9.546","7.25M","-1.18%"
"10/06/2022","9.682","9.750","9.860","9.594","9.60M","-1.04%"
"10/05/2022","9.784","9.816","9.866","9.682","5.77M","-0.79%"
"10/04/2022","9.862","9.802","9.942","9.750","9.12M","1.46%"
"10/03/2022","9.720","9.588","9.810","9.528","7.58M","1.44%"
"09/30/2022","9.582","9.616","9.708","9.510","14.26M","-0.46%"
"09/29/2022","9.626","9.710","9.754","9.534","10.69M","-1.84%"
"09/28/2022","9.806","9.694","9.874","9.594","13.37M","0.18%"
"09/27/2022","9.788","10.020","10.040","9.766","12.01M","-2.12%"
"09/26/2022","10.000","10.100","10.195","9.924","9.72M","-1.86%"
"09/23/2022","10.190","10.380","10.385","10.065","11.12M","-1.64%"
"09/22/2022","10.360","10.410","10.470","10.310","8.59M","-1.33%"
"09/21/2022","10.500","10.340","10.515","10.270","8.95M","1.30%"
"09/20/2022","10.365","10.600","10.705","10.360","15.11M","-1.43%"
"09/19/2022","10.515","10.490","10.610","10.420","7.25M","-0.47%"
"09/16/2022","10.565","10.385","10.610","10.385","25.43M","0.38%"
"09/15/2022","10.525","10.465","10.620","10.400","15.75M","-0.80%"
"09/14/2022","10.610","10.760","10.785","10.600","15.23M","-1.90%"
"09/13/2022","10.815","10.900","10.985","10.760","9.52M","0.05%"
"09/12/2022","10.810","10.725","10.810","10.685","9.39M","0.93%"
"09/09/2022","10.710","10.685","10.805","10.665","9.14M","-0.42%"
"09/08/2022","10.755","10.755","10.815","10.595","7.93M","0.61%"
"09/07/2022","10.690","10.435","10.910","10.405","12.59M","2.10%"
"09/06/2022","10.470","10.630","10.690","10.440","9.04M","-1.32%"
"09/05/2022","10.610","10.420","10.640","10.360","5.86M","0.47%"
"09/02/2022","10.560","10.480","10.590","10.380","7.33M","0.52%"
"09/01/2022","10.505","10.355","10.590","10.315","10.17M","1.16%"
"08/31/2022","10.385","10.660","10.670","10.350","18.09M","-2.44%"
"08/30/2022","10.645","10.765","10.850","10.645","8.50M","-1.21%"
"08/29/2022","10.775","10.770","10.845","10.670","11.09M","-1.37%"
"08/26/2022","10.925","11.055","11.150","10.865","9.48M","-0.73%"
"08/25/2022","11.005","10.925","11.085","10.920","8.48M","0.82%"
"08/24/2022","10.915","10.880","11.010","10.860","9.70M","0.46%"
"08/23/2022","10.865","10.945","10.980","10.835","6.57M","-1.05%"
"08/22/2022","10.980","10.910","10.985","10.865","6.71M","0.37%"
"08/19/2022","10.940","10.865","10.970","10.865","9.64M","0.27%"
"08/18/2022","10.910","11.050","11.065","10.815","10.72M","-0.37%"
"08/17/2022","10.950","10.920","10.995","10.920","6.52M","0.05%"
"08/16/2022","10.945","10.880","11.015","10.870","9.16M","0.92%"
"08/15/2022","10.845","10.765","10.875","10.765","4.97M","1.02%"
"08/12/2022","10.735","10.740","10.880","10.700","7.17M","-0.19%"
"08/11/2022","10.755","10.760","10.860","10.705","11.16M","0.23%"
"08/10/2022","10.730","10.760","10.870","10.700","10.16M","-0.05%"
"08/09/2022","10.735","10.630","10.790","10.600","13.44M","0.99%"
"08/08/2022","10.630","10.535","10.655","10.510","8.13M","1.43%"
"08/05/2022","10.480","10.460","10.535","10.385","7.95M","-0.10%"
"08/04/2022","10.490","10.385","10.575","10.380","12.32M","0.82%"
"08/03/2022","10.405","10.450","10.565","10.405","8.75M","-0.43%"
"08/02/2022","10.450","10.365","10.480","10.325","9.34M","0.29%"
"08/01/2022","10.420","10.430","10.545","10.375","6.19M","-0.10%"
"07/29/2022","10.430","10.350","10.545","10.345","13.23M","0.82%"
"07/28/2022","10.345","10.325","10.445","10.035","13.39M","0.83%"
"07/27/2022","10.260","10.210","10.335","10.055","14.33M","1.84%"
"07/26/2022","10.075","9.964","10.085","9.940","7.42M","0.97%"
"07/25/2022","9.978","9.970","10.095","9.884","5.49M","-0.14%"
"07/22/2022","9.992","9.778","10.010","9.768","9.35M","2.00%"
"07/21/2022","9.796","9.734","9.880","9.680","8.08M","0.18%"
"07/20/2022","9.778","9.828","9.850","9.730","8.80M","-0.63%"
"07/19/2022","9.840","9.728","9.896","9.670","6.97M","0.53%"
"07/18/2022","9.788","9.808","9.936","9.728","9.43M","-0.20%"
"07/15/2022","9.808","9.752","9.846","9.688","10.78M","0.95%"
"07/14/2022","9.716","9.866","9.880","9.602","9.24M","-1.76%"
"07/13/2022","9.890","9.990","10.040","9.802","29.08M","-2.32%"
"07/12/2022","10.125","10.185","10.230","10.070","13.30M","-0.25%"
"07/11/2022","10.150","9.900","10.170","9.872","21.48M","2.40%"
"07/08/2022","9.912","10.100","10.105","9.908","10.19M","-1.52%"
"07/07/2022","10.065","10.002","10.104","9.944","12.12M","0.78%"
"07/06/2022","9.988","9.939","10.075","9.846","11.34M","1.38%"
"07/05/2022","9.851","10.031","10.075","9.827","8.74M","-1.41%"
"07/04/2022","9.992","10.099","10.158","9.992","5.76M","-0.68%"
"07/01/2022","10.061","9.625","10.061","9.603","10.46M","4.49%"
"06/30/2022","9.629","9.652","9.730","9.531","15.03M","-1.78%"
"06/29/2022","9.803","9.822","9.944","9.739","9.85M","-0.98%"
"06/28/2022","9.900","9.710","9.905","9.656","9.01M","2.55%"
"06/27/2022","9.654","9.793","9.808","9.486","8.85M","-1.32%"
"06/24/2022","9.783","9.667","9.905","9.630","35.51M","2.41%"
"06/23/2022","9.553","9.117","9.601","9.053","14.38M","3.83%"
"06/22/2022","9.200","9.395","9.397","9.171","12.76M","-2.90%"
"06/21/2022","9.475","9.730","9.769","9.397","12.43M","-2.72%"
"06/20/2022","9.739","9.662","9.778","9.568","6.07M","1.52%"
"06/17/2022","9.594","9.640","9.754","9.508","32.67M","-0.18%"
"06/16/2022","9.611","9.716","9.759","9.523","11.11M","-1.06%"
"06/15/2022","9.714","9.749","9.827","9.599","13.33M","1.13%"
"06/14/2022","9.605","9.822","9.905","9.601","10.60M","-2.26%"
"06/13/2022","9.827","9.924","9.978","9.754","12.56M","-2.04%"
"06/10/2022","10.031","10.197","10.245","9.949","36.24M","-2.64%"
"06/09/2022","10.304","10.401","10.464","10.216","10.45M","-1.40%"
"06/08/2022","10.450","10.532","10.596","10.372","9.79M","-0.88%"
"06/07/2022","10.542","10.552","10.664","10.523","39.19M","-0.60%"
"06/06/2022","10.605","10.601","10.674","10.469","23.86M","0.83%"
"06/03/2022","10.518","10.596","10.635","10.401","6.48M","0.19%"
"06/02/2022","10.498","10.518","10.586","10.406","7.41M","-0.51%"
"06/01/2022","10.552","10.732","10.815","10.542","35.29M","-1.72%"
"05/31/2022","10.737","10.795","10.829","10.654","19.54M","-0.68%"
"05/30/2022","10.810","11.014","11.024","10.751","11.18M","-1.72%"
"05/27/2022","10.999","11.009","11.043","10.849","11.93M","0.18%"
"05/26/2022","10.980","11.116","11.175","10.980","11.97M","-1.14%"
"05/25/2022","11.106","11.092","11.131","10.834","30.37M","2.56%"
"05/24/2022","10.829","10.683","10.829","10.576","10.41M","-0.13%"
"05/23/2022","10.844","10.839","10.863","10.698","7.18M","0.41%"
"05/20/2022","10.800","10.571","10.878","10.566","16.69M","3.11%"
"05/19/2022","10.474","10.547","10.605","10.425","12.22M","-1.10%"
"05/18/2022","10.591","10.566","10.678","10.455","7.60M","0.88%"
"05/17/2022","10.498","10.518","10.605","10.450","5.39M","0.05%"
"05/16/2022","10.494","10.314","10.571","10.265","7.02M","0.98%"
"05/13/2022","10.391","10.406","10.455","10.255","9.50M","0.47%"
"05/12/2022","10.343","10.469","10.581","10.309","11.28M","-2.25%"
"05/11/2022","10.581","10.348","10.610","10.197","13.36M","3.03%"
"05/10/2022","10.270","10.362","10.367","10.231","8.13M","-0.52%"
"05/09/2022","10.323","10.396","10.532","10.304","23.10M","-0.52%"
"05/06/2022","10.377","10.445","10.523","10.352","13.11M","-1.39%"
"05/05/2022","10.523","10.781","10.858","10.498","11.66M","-1.73%"
"05/04/2022","10.708","10.727","10.819","10.654","7.28M","-0.27%"
"05/03/2022","10.737","10.630","10.737","10.566","11.10M","1.05%"
"05/02/2022","10.625","10.688","10.781","10.581","11.69M","-0.82%"
"04/29/2022","10.712","10.742","10.805","10.678","11.61M","-0.77%"
"04/28/2022","10.795","10.566","10.795","10.508","21.85M","3.16%"
"04/27/2022","10.464","10.163","10.503","10.095","20.70M","1.99%"
"04/26/2022","10.260","10.406","10.469","10.211","20.29M","-0.38%"
"04/25/2022","10.299","10.061","10.367","10.061","12.33M","1.44%"
"04/22/2022","10.153","10.109","10.309","10.095","51.69M","-0.81%"
"04/21/2022","10.236","10.338","10.445","10.168","16.15M","-0.94%"
"04/20/2022","10.333","10.187","10.396","10.129","10.32M","1.48%"
"04/19/2022","10.182","10.138","10.221","10.056","10.04M","-0.38%"
"04/14/2022","10.221","10.070","10.284","10.012","11.19M","1.11%"
"04/13/2022","10.109","10.041","10.206","10.041","11.91M","-0.86%"
"04/12/2022","10.197","10.119","10.260","10.002","19.60M","-0.85%"
"04/11/2022","10.284","10.362","10.425","10.226","11.69M","-2.27%"
"04/08/2022","10.523","10.304","10.532","10.284","12.79M","3.05%"
"04/07/2022","10.211","10.430","10.557","10.202","18.08M","-2.33%"
"04/06/2022","10.455","10.168","10.455","10.148","18.63M","2.48%"
"04/05/2022","10.202","9.730","10.206","9.697","21.09M","4.54%"
"04/04/2022","9.759","9.701","9.759","9.588","7.76M","1.17%"
"04/01/2022","9.646","9.685","9.720","9.576","16.50M","-0.06%"
"03/31/2022","9.652","9.681","9.774","9.611","10.67M","-0.18%"
"03/30/2022","9.669","9.636","9.714","9.553","8.71M","-0.44%"
"03/29/2022","9.712","9.555","9.769","9.498","24.32M","2.36%"
"03/28/2022","9.488","9.300","9.543","9.300","12.86M","2.27%"
"03/25/2022","9.278","9.269","9.370","9.224","6.74M","-0.08%"
"03/24/2022","9.286","9.278","9.368","9.181","22.82M","0.63%"
"03/23/2022","9.228","9.541","9.568","9.228","19.81M","-3.44%"
"03/22/2022","9.557","9.508","9.558","9.313","10.20M","0.68%"
"03/21/2022","9.492","9.486","9.574","9.424","21.10M","0.06%"
"03/18/2022","9.486","9.498","9.611","9.397","18.72M","-0.57%"
"03/17/2022","9.541","9.459","9.549","9.309","12.99M","0.33%"
"03/16/2022","9.510","9.691","9.744","9.426","20.30M","-0.77%"
"03/15/2022","9.584","9.533","9.660","9.391","24.08M","-0.10%"
"03/14/2022","9.594","9.662","9.783","9.555","13.06M","0.37%"
"03/11/2022","9.558","9.479","9.749","9.395","15.96M","1.59%"
"03/10/2022","9.409","9.467","9.551","9.183","24.80M","-1.33%"
"03/09/2022","9.535","9.527","9.535","9.226","22.16M","3.81%"
"03/08/2022","9.185","8.916","9.481","8.883","29.09M","2.72%"
"03/07/2022","8.942","8.543","9.016","8.243","24.01M","2.57%"
"03/04/2022","8.718","8.823","9.018","8.677","18.29M","-1.17%"
"03/03/2022","8.821","9.237","9.294","8.766","19.09M","-5.33%"
"03/02/2022","9.317","9.265","9.479","9.113","33.33M","0.25%"
"03/01/2022","9.294","9.885","9.983","9.294","24.83M","-6.17%"
"02/28/2022","9.905","9.535","9.963","9.531","33.57M","2.58%"
"02/25/2022","9.656","9.251","9.706","9.162","22.13M","5.22%"
"02/24/2022","9.177","8.745","9.224","8.689","34.73M","0.94%"
"02/23/2022","9.091","8.990","9.276","8.990","18.88M","1.30%"
"02/22/2022","8.975","8.757","9.021","8.718","13.27M","1.14%"
"02/21/2022","8.874","9.103","9.111","8.821","6.88M","-1.83%"
"02/18/2022","9.039","9.171","9.195","8.967","10.61M","-1.25%"
"02/17/2022","9.154","9.148","9.249","9.125","31.22M","-0.06%"
"02/16/2022","9.160","9.097","9.177","9.037","19.40M","0.13%"
"02/15/2022","9.148","8.860","9.148","8.844","10.76M","2.82%"
"02/14/2022","8.897","9.049","9.088","8.864","10.96M","-3.18%"
"02/11/2022","9.189","9.195","9.253","9.123","8.77M","-1.13%"
"02/10/2022","9.294","9.315","9.370","9.216","10.23M","-0.06%"
"02/09/2022","9.300","9.212","9.335","9.210","8.34M","1.75%"
"02/08/2022","9.140","9.245","9.368","9.107","17.07M","-1.09%"
"02/07/2022","9.241","9.486","9.506","9.220","19.84M","-2.08%"
"02/04/2022","9.438","9.644","9.704","9.346","13.54M","-2.04%"
"02/03/2022","9.634","9.861","9.939","9.603","19.81M","-2.40%"
"02/02/2022","9.871","10.026","10.026","9.822","8.62M","-0.64%"
"02/01/2022","9.934","9.944","10.056","9.915","9.45M","0.49%"
"01/31/2022","9.885","9.890","9.973","9.793","11.64M","0.40%"
"01/28/2022","9.846","9.881","9.910","9.744","11.42M","-0.74%"
"01/27/2022","9.919","9.623","9.934","9.584","20.06M","1.95%"
"01/26/2022","9.730","9.681","9.822","9.677","9.27M","0.91%"
"01/25/2022","9.642","9.895","9.895","9.629","10.81M","-0.60%"
"01/24/2022","9.701","9.822","9.900","9.652","16.51M","-1.72%"
"01/21/2022","9.871","9.837","9.949","9.793","44.36M","-0.73%"
"01/20/2022","9.944","9.759","9.983","9.749","12.03M","2.24%"
"01/19/2022","9.726","9.625","9.730","9.599","9.85M","0.40%"
"01/18/2022","9.687","9.735","9.749","9.652","8.84M","-0.89%"
"01/17/2022","9.774","9.735","9.812","9.662","6.41M","1.14%"
"01/14/2022","9.664","9.681","9.695","9.522","12.34M","-0.78%"
"01/13/2022","9.739","9.701","9.876","9.685","10.76M","0.20%"
"01/12/2022","9.720","9.778","9.783","9.679","17.22M","-0.35%"
"01/11/2022","9.754","9.720","9.788","9.697","14.49M","0.05%"
"01/10/2022","9.749","9.871","9.871","9.629","11.02M","-1.19%"
"01/07/2022","9.867","9.824","9.925","9.747","11.92M","0.05%"
"01/06/2022","9.862","9.838","9.886","9.795","12.46M","-0.63%"
"01/05/2022","9.925","9.987","10.011","9.901","12.91M","-0.67%"
"01/04/2022","9.992","10.103","10.122","9.939","10.26M","-0.57%"
"01/03/2022","10.050","9.987","10.108","9.987","8.61M","0.34%"
"12/30/2021","10.016","9.920","10.069","9.901","9.61M","1.22%"
"12/29/2021","9.896","9.939","9.939","9.838","5.63M","-0.05%"
"12/28/2021","9.901","9.660","9.930","9.622","7.51M","2.59%"
"12/27/2021","9.651","9.679","9.771","9.627","5.05M","-0.50%"
"12/23/2021","9.699","9.562","9.703","9.541","6.88M","1.37%"
"12/22/2021","9.568","9.531","9.568","9.445","5.59M","0.44%"
"12/21/2021","9.525","9.422","9.560","9.356","26.55M","1.66%"
"12/20/2021","9.370","9.210","9.393","9.135","36.04M","-0.10%"
"12/17/2021","9.379","9.541","9.572","9.296","24.58M","-1.32%"
"12/16/2021","9.504","9.495","9.589","9.439","10.84M","0.98%"
"12/15/2021","9.412","9.372","9.456","9.366","7.11M","0.33%"
"12/14/2021","9.381","9.497","9.508","9.381","10.66M","-0.55%"
"12/13/2021","9.433","9.335","9.449","9.314","23.45M","0.68%"
"12/10/2021","9.370","9.435","9.499","9.337","9.00M","-1.30%"
"12/09/2021","9.493","9.651","9.655","9.470","9.75M","-1.44%"
"12/08/2021","9.631","9.670","9.737","9.602","10.58M","-0.50%"
"12/07/2021","9.679","9.595","9.703","9.574","10.03M","0.98%"
"12/06/2021","9.585","9.391","9.585","9.358","11.50M","2.76%"
"12/03/2021","9.327","9.339","9.398","9.254","29.46M","0.66%"
"12/02/2021","9.266","9.487","9.545","9.266","20.34M","-4.27%"
"12/01/2021","9.679","9.522","9.699","9.497","13.37M","1.58%"
"11/30/2021","9.529","9.524","9.660","9.322","58.55M","-0.12%"
"11/29/2021","9.541","9.566","9.684","9.524","10.41M","-0.30%"
"11/26/2021","9.570","9.606","9.795","9.533","19.93M","-3.11%"
"11/25/2021","9.877","9.703","9.906","9.703","11.55M","1.78%"
"11/24/2021","9.703","9.670","9.800","9.646","10.42M","0.45%"
"11/23/2021","9.660","9.601","9.675","9.491","22.17M","0.15%"
"11/22/2021","9.646","9.651","9.723","9.531","9.55M","-0.64%"
"11/19/2021","9.708","9.814","9.814","9.651","15.46M","-0.69%"
"11/18/2021","9.776","9.814","9.824","9.703","8.49M","-0.34%"
"11/17/2021","9.809","9.829","9.833","9.752","6.56M","0.05%"
"11/16/2021","9.805","9.766","9.838","9.742","6.58M","-0.05%"
"11/15/2021","9.809","9.675","9.814","9.610","7.44M","1.24%"
"11/12/2021","9.689","9.646","9.718","9.622","7.02M","-0.54%"
"11/11/2021","9.742","9.766","9.809","9.699","17.05M","-0.34%"
"11/10/2021","9.776","9.670","9.809","9.651","6.55M","0.59%"
"11/09/2021","9.718","9.718","9.756","9.631","9.52M","-0.35%"
"11/08/2021","9.752","9.901","9.944","9.732","8.41M","-1.36%"
"11/05/2021","9.886","9.814","9.939","9.780","10.63M","0.69%"
"11/04/2021","9.819","9.689","9.838","9.616","10.08M","0.64%"
"11/03/2021","9.756","9.906","9.915","9.713","14.12M","-1.51%"
"11/02/2021","9.906","9.915","9.944","9.853","18.84M","0.00%"
"11/01/2021","9.906","9.780","9.934","9.780","14.40M","0.78%"
"10/29/2021","9.829","9.853","9.862","9.761","16.19M","-0.34%"
"10/28/2021","9.862","9.713","9.891","9.606","27.99M","1.99%"
"10/27/2021","9.670","9.525","9.713","9.502","15.34M","1.66%"
"10/26/2021","9.512","9.316","9.552","9.314","14.92M","2.45%"
"10/25/2021","9.285","9.373","9.402","9.258","8.09M","-0.68%"
"10/22/2021","9.348","9.318","9.449","9.291","13.79M","-0.37%"
"10/21/2021","9.383","9.372","9.464","9.362","16.48M","-0.83%"
"10/20/2021","9.462","9.183","9.493","9.183","19.07M","1.95%"
"10/19/2021","9.281","9.141","9.329","9.119","11.81M","2.68%"
"10/18/2021","9.039","9.085","9.144","8.940","8.07M","-0.57%"
"10/15/2021","9.091","9.256","9.289","9.048","20.37M","-1.50%"
"10/14/2021","9.229","9.156","9.402","9.089","19.97M","1.16%"
"10/13/2021","9.123","8.966","9.171","8.867","17.05M","1.30%"
"10/12/2021","9.006","8.856","9.021","8.804","10.88M","0.91%"
"10/11/2021","8.925","9.108","9.123","8.890","10.12M","-1.70%"
"10/08/2021","9.079","9.287","9.287","8.927","21.04M","0.23%"
"10/07/2021","9.058","8.948","9.093","8.810","27.32M","7.00%"
"10/06/2021","8.465","8.463","8.519","8.317","12.37M","0.11%"
"10/05/2021","8.456","8.355","8.479","8.286","12.85M","1.74%"
"10/04/2021","8.311","8.419","8.467","8.307","11.93M","-1.03%"
"10/01/2021","8.398","8.300","8.454","8.261","12.10M","0.51%"
"09/30/2021","8.355","8.642","8.656","8.355","15.69M","-2.80%"
"09/29/2021","8.596","8.665","8.740","8.558","15.67M","-0.51%"
"09/28/2021","8.640","8.852","8.864","8.640","15.47M","-2.35%"
"09/27/2021","8.848","8.919","8.921","8.835","9.04M","-0.24%"
"09/24/2021","8.869","8.917","8.946","8.823","9.38M","-0.88%"
"09/23/2021","8.948","8.973","9.062","8.942","10.51M","0.50%"
"09/22/2021","8.904","8.915","9.052","8.892","15.46M","-0.86%"
"09/21/2021","8.981","8.991","9.100","8.948","15.08M","0.78%"
"09/20/2021","8.912","8.929","8.981","8.794","22.60M","-0.98%"
"09/17/2021","9.000","9.073","9.173","9.000","28.06M","-0.17%"
"09/16/2021","9.016","9.141","9.148","8.825","29.73M","-1.33%"
"09/15/2021","9.137","9.631","9.665","9.127","26.92M","-5.79%"
"09/14/2021","9.699","9.699","9.805","9.660","18.78M","-1.71%"
"09/13/2021","9.867","9.728","9.896","9.713","9.81M","1.84%"
"09/10/2021","9.689","9.886","9.896","9.651","15.06M","-2.00%"
"09/09/2021","9.886","9.872","9.925","9.814","10.92M","-0.72%"
"09/08/2021","9.958","9.930","9.983","9.766","12.94M","-0.29%"
"09/07/2021","9.987","10.007","10.007","9.896","11.07M","-0.34%"
"09/06/2021","10.021","10.103","10.136","10.011","6.54M","-1.33%"
"09/03/2021","10.156","10.209","10.266","10.064","11.15M","-0.66%"
"09/02/2021","10.223","10.151","10.262","10.151","8.60M","0.38%"
"09/01/2021","10.185","10.117","10.290","10.117","8.93M","0.86%"
"08/31/2021","10.098","10.035","10.204","10.026","12.29M","0.43%"
"08/30/2021","10.055","10.050","10.074","10.007","5.46M","0.00%"
"08/27/2021","10.055","10.059","10.093","10.011","5.98M","-0.24%"
"08/26/2021","10.079","10.103","10.127","10.011","11.46M","-0.52%"
"08/25/2021","10.132","10.170","10.218","10.112","8.89M","-0.47%"
"08/24/2021","10.180","10.218","10.257","10.074","9.16M","-0.84%"
"08/23/2021","10.266","10.406","10.459","10.213","8.64M","-0.84%"
"08/20/2021","10.353","10.305","10.420","10.257","15.25M","0.99%"
"08/19/2021","10.252","9.968","10.310","9.963","14.04M","1.96%"
"08/18/2021","10.055","9.881","10.084","9.872","12.24M","1.75%"
"08/17/2021","9.881","9.814","9.901","9.761","6.64M","0.59%"
"08/16/2021","9.824","9.708","9.833","9.694","5.84M","0.59%"
"08/13/2021","9.766","9.732","9.766","9.679","12.55M","0.15%"
"08/12/2021","9.752","9.795","9.843","9.737","5.70M","-0.64%"
"08/11/2021","9.814","9.790","9.824","9.761","6.33M","0.39%"
"08/10/2021","9.776","9.800","9.843","9.761","5.52M","-0.20%"
"08/09/2021","9.795","9.761","9.838","9.756","4.41M","0.15%"
"08/06/2021","9.780","9.814","9.814","9.761","5.40M","-0.15%"
"08/05/2021","9.795","9.872","9.930","9.752","6.23M","-0.49%"
"08/04/2021","9.843","9.901","9.910","9.795","9.45M","-0.39%"
"08/03/2021","9.881","9.785","9.906","9.780","8.83M","0.98%"
"08/02/2021","9.785","9.790","9.838","9.737","4.91M","0.10%"
"07/30/2021","9.776","9.862","9.920","9.776","12.94M","-1.79%"
"07/29/2021","9.954","9.925","10.002","9.901","8.23M","0.44%"
"07/28/2021","9.910","9.881","9.939","9.819","5.52M","0.64%"
"07/27/2021","9.848","9.910","9.997","9.780","8.04M","-1.16%"
"07/26/2021","9.963","9.978","10.007","9.915","6.84M","-0.67%"
"07/23/2021","10.031","9.997","10.103","9.886","8.54M","0.58%"
"07/22/2021","9.973","9.877","9.978","9.833","7.71M","1.52%"
"07/21/2021","9.824","9.723","9.872","9.718","16.55M","0.69%"
"07/20/2021","9.756","9.752","9.886","9.728","9.06M","0.10%"
"07/19/2021","9.747","9.867","9.891","9.713","12.24M","-1.60%"
"07/16/2021","9.906","9.886","9.949","9.824","9.94M","0.64%"
"07/15/2021","9.843","9.862","9.987","9.824","7.79M","-0.68%"
"07/14/2021","9.910","9.920","9.930","9.838","12.45M","-0.87%"
"07/13/2021","9.997","10.011","10.031","9.930","11.66M","-0.24%"
"07/12/2021","10.021","9.891","10.074","9.891","11.88M","1.31%"
"07/09/2021","9.891","9.814","9.910","9.790","12.56M","0.69%"
"07/08/2021","9.824","9.968","10.021","9.785","16.95M","-2.47%"
"07/07/2021","10.072","9.978","10.134","9.926","11.72M","1.04%"
"07/06/2021","9.969","9.785","10.025","9.775","9.52M","1.34%"
"07/05/2021","9.837","9.893","9.917","9.808","6.91M","-0.43%"
"07/02/2021","9.879","9.790","9.903","9.757","10.09M","1.11%"
"07/01/2021","9.771","9.728","9.856","9.709","11.11M","0.78%"
"06/30/2021","9.695","9.818","9.827","9.648","19.56M","-1.67%"
"06/29/2021","9.860","9.738","9.884","9.733","11.75M","1.06%"
"06/28/2021","9.757","9.629","9.775","9.629","8.74M","-0.10%"
"06/25/2021","9.766","9.870","9.879","9.615","17.09M","-1.10%"
"06/24/2021","9.874","9.884","9.950","9.818","19.13M","0.43%"
"06/23/2021","9.832","10.171","10.200","9.832","11.96M","-3.56%"
"06/22/2021","10.195","10.167","10.237","10.110","8.02M","-0.32%"
"06/21/2021","10.228","10.068","10.247","10.035","7.81M","1.07%"
"06/18/2021","10.120","10.190","10.266","10.030","27.39M","-0.83%"
"06/17/2021","10.204","10.223","10.252","10.058","15.19M","-1.19%"
"06/16/2021","10.327","10.214","10.398","10.214","13.74M","1.15%"
"06/15/2021","10.209","10.247","10.256","10.148","5.23M","0.05%"
"06/14/2021","10.204","10.110","10.233","10.105","17.64M","1.17%"
"06/11/2021","10.087","9.988","10.105","9.973","8.50M","1.47%"
"06/10/2021","9.940","10.115","10.148","9.926","19.32M","-1.17%"
"06/09/2021","10.058","10.077","10.153","10.039","11.98M","-0.28%"
"06/08/2021","10.087","10.058","10.138","10.054","8.46M","0.52%"
"06/07/2021","10.035","9.997","10.063","9.983","22.76M","0.28%"
"06/04/2021","10.006","10.063","10.124","9.978","11.28M","-0.56%"
"06/03/2021","10.063","10.167","10.181","10.044","11.52M","-0.97%"
"06/02/2021","10.162","10.247","10.261","10.096","12.34M","-1.33%"
"06/01/2021","10.299","10.370","10.445","10.256","11.34M","-0.68%"
"05/31/2021","10.370","10.553","10.577","10.370","18.25M","-2.74%"
"05/28/2021","10.662","10.662","10.718","10.610","7.21M","0.09%"
"05/27/2021","10.652","10.751","10.751","10.638","42.35M","-1.01%"
"05/26/2021","10.761","10.860","10.884","10.723","5.46M","-0.65%"
"05/25/2021","10.832","10.799","10.865","10.775","19.76M","0.17%"
"05/24/2021","10.813","10.874","10.898","10.775","16.93M","-0.74%"
"05/21/2021","10.893","10.822","10.912","10.808","10.93M","0.70%"
"05/20/2021","10.818","10.638","10.818","10.605","9.31M","1.77%"
"05/19/2021","10.629","10.648","10.723","10.553","8.67M","-0.35%"
"05/18/2021","10.667","10.718","10.780","10.615","8.53M","-0.09%"
"05/17/2021","10.676","10.652","10.785","10.549","8.90M","0.31%"
"05/14/2021","10.643","10.610","10.685","10.563","9.01M","0.98%"
"05/13/2021","10.539","10.454","10.582","10.271","8.37M","0.36%"
"05/12/2021","10.502","10.478","10.638","10.469","14.68M","-0.49%"
"05/11/2021","10.553","10.751","10.818","10.478","14.86M","-2.44%"
"05/10/2021","10.818","10.865","10.902","10.780","6.19M","-0.43%"
"05/07/2021","10.865","10.751","10.907","10.690","7.56M","1.59%"
"05/06/2021","10.695","10.808","10.841","10.643","11.71M","-0.22%"
"05/05/2021","10.718","10.544","10.723","10.544","10.26M","1.65%"
"05/04/2021","10.544","10.756","10.775","10.544","11.97M","-1.84%"
"05/03/2021","10.742","10.610","10.756","10.601","4.22M","1.38%"
"04/30/2021","10.596","10.714","10.747","10.596","15.55M","-1.10%"
"04/29/2021","10.714","10.728","10.803","10.681","6.37M","-0.04%"
"04/28/2021","10.718","10.808","10.827","10.676","17.11M","-0.83%"
"04/27/2021","10.808","10.921","10.931","10.780","12.27M","-0.87%"
"04/26/2021","10.902","10.992","11.025","10.884","6.40M","-1.15%"
"04/23/2021","11.030","10.945","11.072","10.940","8.36M","0.21%"
"04/22/2021","11.006","10.846","11.049","10.827","16.54M","2.10%"
"04/21/2021","10.780","10.799","10.888","10.704","7.51M","0.04%"
"04/20/2021","10.775","10.940","10.968","10.742","11.65M","-1.55%"
"04/19/2021","10.945","10.898","10.987","10.898","10.14M","0.17%"
"04/16/2021","10.926","10.855","11.016","10.761","36.94M","0.56%"
"04/15/2021","10.865","10.780","10.879","10.723","14.66M","1.14%"
"04/14/2021","10.742","10.818","10.818","10.685","9.28M","-0.52%"
"04/13/2021","10.799","10.803","10.860","10.657","11.88M","0.17%"
"04/12/2021","10.780","10.818","10.898","10.761","9.89M","-0.70%"
"04/09/2021","10.855","10.921","10.931","10.813","11.04M","-0.22%"
"04/08/2021","10.879","10.634","10.879","10.596","14.17M","2.58%"
"04/07/2021","10.605","10.704","10.704","10.586","10.05M","-0.44%"
"04/06/2021","10.652","10.601","10.685","10.530","21.17M","2.36%"
"04/01/2021","10.407","10.374","10.407","10.252","11.91M","0.46%"
"03/31/2021","10.360","10.285","10.365","10.252","22.97M","0.83%"
"03/30/2021","10.275","10.365","10.384","10.214","8.18M","-1.27%"
"03/29/2021","10.407","10.374","10.426","10.304","10.38M","0.55%"
"03/26/2021","10.351","10.355","10.388","10.247","10.16M","-0.05%"
"03/25/2021","10.355","10.313","10.403","10.280","7.43M","0.50%"
"03/24/2021","10.304","10.346","10.355","10.181","10.43M","-0.59%"
"03/23/2021","10.365","10.148","10.436","10.124","16.07M","1.85%"
"03/22/2021","10.176","10.214","10.223","10.105","8.71M","-0.96%"
"03/19/2021","10.275","10.148","10.275","10.110","31.70M","2.11%"
"03/18/2021","10.063","10.044","10.162","9.973","17.37M","-0.09%"
"03/17/2021","10.072","10.289","10.318","10.072","9.71M","-2.06%"
"03/16/2021","10.285","10.186","10.285","10.120","9.60M","1.35%"
"03/15/2021","10.148","10.181","10.209","10.063","22.75M","0.09%"
"03/12/2021","10.138","10.223","10.233","10.101","7.65M","-1.15%"
"03/11/2021","10.256","10.138","10.275","10.110","14.35M","1.40%"
"03/10/2021","10.115","10.096","10.129","9.983","13.86M","0.23%"
"03/09/2021","10.091","9.856","10.162","9.818","20.17M","2.88%"
"03/08/2021","9.808","9.591","9.827","9.483","13.30M","2.11%"
"03/05/2021","9.606","9.676","9.705","9.554","12.74M","-1.16%"
"03/04/2021","9.719","9.474","9.799","9.459","14.94M","2.95%"
"03/03/2021","9.441","9.804","9.808","9.441","20.94M","-3.42%"
"03/02/2021","9.775","9.813","9.922","9.771","14.80M","-0.38%"
"03/01/2021","9.813","9.898","9.973","9.705","13.51M","-0.19%"
"02/26/2021","9.832","9.733","9.936","9.620","22.23M","1.31%"
"02/25/2021","9.705","9.846","9.851","9.582","26.20M","-1.01%"
"02/24/2021","9.804","9.676","9.912","9.648","14.47M","1.37%"
"02/23/2021","9.672","9.714","9.714","9.507","12.50M","-0.34%"
"02/22/2021","9.705","9.903","9.903","9.681","14.28M","-2.09%"
"02/19/2021","9.912","9.955","10.021","9.846","14.23M","-0.71%"
"02/18/2021","9.983","10.096","10.138","9.983","13.31M","-1.07%"
"02/17/2021","10.091","9.978","10.101","9.907","12.01M","0.99%"
"02/16/2021","9.992","10.153","10.204","9.992","9.90M","-1.49%"
"02/15/2021","10.143","10.200","10.233","10.101","10.04M","-0.46%"
"02/12/2021","10.190","10.171","10.242","10.101","7.83M","0.28%"
"02/11/2021","10.162","10.237","10.304","10.124","7.14M","0.00%"
"02/10/2021","10.162","10.318","10.379","10.120","13.49M","-0.97%"
"02/09/2021","10.261","10.412","10.436","10.190","18.56M","-1.54%"
"02/08/2021","10.421","10.549","10.657","10.421","10.35M","-1.78%"
"02/05/2021","10.610","10.667","10.714","10.544","9.67M","-0.53%"
"02/04/2021","10.667","10.676","10.718","10.601","7.28M","-0.57%"
"02/03/2021","10.728","10.643","10.841","10.643","10.67M","0.98%"
"02/02/2021","10.624","10.652","10.728","10.582","13.83M","-0.09%"
"02/01/2021","10.634","10.473","10.671","10.473","7.94M","0.80%"
"01/29/2021","10.549","10.648","10.728","10.549","17.02M","-2.10%"
"01/28/2021","10.775","10.638","10.818","10.478","15.92M","0.57%"
"01/27/2021","10.714","10.950","10.950","10.610","18.84M","-2.20%"
"01/26/2021","10.954","11.006","11.100","10.888","10.31M","-0.60%"
"01/25/2021","11.020","11.034","11.053","10.813","10.73M","0.21%"
"01/22/2021","10.997","11.006","11.049","10.926","11.13M","-0.34%"
"01/21/2021","11.034","11.129","11.195","11.034","11.28M","-0.26%"
"01/20/2021","11.063","11.143","11.162","10.987","23.73M","-0.76%"
"01/19/2021","11.148","11.242","11.265","11.129","9.92M","-0.59%"
"01/18/2021","11.214","11.195","11.237","11.133","7.90M","-0.21%"
"01/15/2021","11.237","11.270","11.332","11.223","20.13M","-0.75%"
"01/14/2021","11.322","11.426","11.426","11.261","12.36M","-0.87%"
"01/13/2021","11.421","11.265","11.497","11.209","13.29M","0.96%"
"01/12/2021","11.313","11.544","11.567","11.313","15.60M","-2.31%"
"01/11/2021","11.580","11.529","11.603","11.412","11.08M","-0.76%"
"01/08/2021","11.669","11.519","11.729","11.482","12.10M","1.79%"
"01/07/2021","11.463","11.496","11.575","11.403","19.23M","0.45%"
"01/06/2021","11.412","11.048","11.417","10.987","17.29M","4.35%"
"01/05/2021","10.936","11.057","11.113","10.917","22.08M","-1.55%"
"01/04/2021","11.109","11.011","11.146","11.001","14.37M","1.75%"
"12/31/2020","10.917","10.917","10.978","10.917","3.97M","-0.34%"
"12/30/2020","10.955","10.992","11.001","10.931","9.13M","0.00%"
"12/29/2020","10.955","10.917","11.039","10.917","8.67M","0.47%"
"12/28/2020","10.903","10.731","10.908","10.726","58.94M","1.87%"
"12/24/2020","10.703","10.717","10.717","10.665","1.34M","-0.04%"
"12/23/2020","10.707","10.572","10.731","10.572","10.37M","1.37%"
"12/22/2020","10.563","10.483","10.605","10.474","17.68M","0.76%"
"12/21/2020","10.483","10.553","10.586","10.409","31.68M","-1.53%"
"12/18/2020","10.647","10.619","10.721","10.605","30.80M","0.13%"
"12/17/2020","10.633","10.497","10.670","10.479","14.14M","1.20%"
"12/16/2020","10.507","10.511","10.591","10.418","10.86M","0.40%"
"12/15/2020","10.465","10.516","10.530","10.446","28.59M","-0.62%"
"12/14/2020","10.530","10.507","10.605","10.483","15.30M","0.31%"
"12/11/2020","10.497","10.507","10.563","10.390","9.78M","-0.44%"
"12/10/2020","10.544","10.525","10.614","10.493","8.06M","0.53%"
"12/09/2020","10.488","10.493","10.521","10.427","11.24M","0.09%"
"12/08/2020","10.479","10.479","10.493","10.404","8.03M","0.18%"
"12/07/2020","10.460","10.371","10.497","10.269","11.98M","0.09%"
"12/04/2020","10.451","10.493","10.558","10.409","18.97M","-0.53%"
"12/03/2020","10.507","10.572","10.637","10.479","10.84M","-0.35%"
"12/02/2020","10.544","10.488","10.619","10.465","14.10M","-0.22%"
"12/01/2020","10.567","10.675","10.679","10.539","19.00M","-1.05%"
"11/30/2020","10.679","10.623","10.763","10.581","27.30M","-0.22%"
"11/27/2020","10.703","10.544","10.731","10.530","14.03M","1.55%"
"11/26/2020","10.539","10.609","10.614","10.530","9.36M","-0.04%"
"11/25/2020","10.544","10.525","10.581","10.455","12.64M","0.22%"
"11/24/2020","10.521","10.619","10.661","10.441","12.82M","-0.53%"
"11/23/2020","10.577","10.675","10.684","10.577","11.26M","-0.96%"
"11/20/2020","10.679","10.609","10.726","10.544","14.17M","0.75%"
"11/19/2020","10.600","10.530","10.684","10.488","18.43M","0.26%"
"11/18/2020","10.572","10.516","10.595","10.493","19.37M","0.18%"
"11/17/2020","10.553","10.586","10.670","10.469","10.79M","-0.35%"
"11/16/2020","10.591","10.731","10.735","10.553","11.81M","-0.57%"
"11/13/2020","10.651","10.675","10.754","10.637","12.13M","-0.26%"
"11/12/2020","10.679","10.600","10.791","10.595","17.25M","0.79%"
"11/11/2020","10.595","10.339","10.623","10.339","16.77M","2.67%"
"11/10/2020","10.320","10.288","10.423","10.124","21.86M","-0.05%"
"11/09/2020","10.325","10.357","10.628","10.204","28.70M","0.77%"
"11/06/2020","10.246","10.246","10.297","10.115","11.09M","-0.18%"
"11/05/2020","10.264","10.050","10.302","10.026","16.73M","3.00%"
"11/04/2020","9.966","9.718","9.989","9.606","16.89M","0.80%"
"11/03/2020","9.886","9.770","9.919","9.658","12.05M","2.17%"
"11/02/2020","9.676","9.480","9.751","9.429","9.77M","2.42%"
"10/30/2020","9.448","9.424","9.592","9.401","17.86M","-0.93%"
"10/29/2020","9.536","9.606","9.700","9.452","19.14M","-1.11%"
"10/28/2020","9.644","9.802","9.844","9.555","29.21M","-2.50%"
"10/27/2020","9.891","9.975","9.980","9.830","11.58M","-0.75%"
"10/26/2020","9.966","9.952","10.050","9.938","9.20M","-0.23%"
"10/23/2020","9.989","9.980","10.050","9.947","16.02M","-0.28%"
"10/22/2020","10.017","10.068","10.082","9.942","17.72M","-0.42%"
"10/21/2020","10.059","10.176","10.250","9.989","12.85M","-1.69%"
"10/20/2020","10.232","10.218","10.302","10.199","15.52M","0.18%"
"10/19/2020","10.213","10.325","10.371","10.162","8.45M","-1.04%"
"10/16/2020","10.320","10.302","10.371","10.264","11.54M","0.41%"
"10/15/2020","10.278","10.455","10.474","10.264","15.88M","-2.26%"
"10/14/2020","10.516","10.432","10.558","10.376","7.39M","1.12%"
"10/13/2020","10.399","10.367","10.507","10.357","11.30M","0.68%"
"10/12/2020","10.329","10.138","10.367","10.101","11.27M","2.50%"
"10/09/2020","10.078","10.120","10.148","9.989","6.18M","-0.28%"
"10/08/2020","10.106","10.143","10.199","10.087","7.53M","0.00%"
"10/07/2020","10.106","9.980","10.138","9.966","11.15M","1.55%"
"10/06/2020","9.952","10.008","10.059","9.900","10.30M","-0.33%"
"10/05/2020","9.984","10.031","10.078","9.914","6.59M","-0.14%"
"10/02/2020","9.998","9.914","9.998","9.886","11.40M","0.19%"
"10/01/2020","9.980","9.910","10.003","9.830","9.87M","1.76%"
"09/30/2020","9.807","9.798","9.956","9.784","12.33M","-0.19%"
"09/29/2020","9.826","9.779","9.947","9.760","8.54M","0.48%"
"09/28/2020","9.779","9.746","9.840","9.723","10.60M","0.91%"
"09/25/2020","9.690","9.611","9.695","9.522","10.44M","0.34%"
"09/24/2020","9.658","9.564","9.728","9.560","8.28M","0.19%"
"09/23/2020","9.639","9.723","9.742","9.634","8.59M","0.10%"
"09/22/2020","9.630","9.756","9.788","9.611","10.91M","-0.86%"
"09/21/2020","9.714","9.751","9.793","9.620","18.61M","-0.38%"
"09/18/2020","9.751","9.826","9.849","9.751","46.32M","-0.85%"
"09/17/2020","9.835","9.826","9.882","9.779","9.78M","-0.85%"
"09/16/2020","9.919","9.919","9.966","9.840","12.96M","-0.42%"
"09/15/2020","9.961","9.854","10.017","9.840","14.38M","1.18%"
"09/14/2020","9.844","9.956","9.970","9.830","6.53M","-0.47%"
"09/11/2020","9.891","9.938","9.989","9.830","6.79M","-0.09%"
"09/10/2020","9.900","9.914","9.984","9.807","8.23M","-0.14%"
"09/09/2020","9.914","9.807","9.966","9.807","8.00M","1.29%"
"09/08/2020","9.788","9.952","9.980","9.700","13.57M","-1.69%"
"09/07/2020","9.956","9.779","9.989","9.751","11.70M","1.96%"
"09/04/2020","9.765","9.905","9.989","9.728","17.92M","-2.06%"
"09/03/2020","9.970","10.059","10.166","9.900","11.33M","-0.14%"
"09/02/2020","9.984","9.868","10.031","9.844","12.52M","1.42%"
"09/01/2020","9.844","9.942","9.989","9.821","11.20M","0.00%"
"08/31/2020","9.844","10.022","10.096","9.816","14.74M","-1.40%"
"08/28/2020","9.984","10.059","10.087","9.947","6.57M","-0.56%"
"08/27/2020","10.040","10.110","10.152","10.012","11.10M","-0.60%"
"08/26/2020","10.101","10.157","10.162","10.073","6.00M","-0.64%"
"08/25/2020","10.166","10.222","10.274","10.115","7.74M","-0.18%"
"08/24/2020","10.185","10.166","10.260","10.138","7.57M","0.92%"
"08/21/2020","10.092","10.059","10.152","9.994","8.29M","0.19%"
"08/20/2020","10.073","10.008","10.087","9.989","8.24M","-0.28%"
"08/19/2020","10.101","10.078","10.120","9.975","5.85M","0.19%"
"08/18/2020","10.082","10.166","10.423","10.054","10.07M","-1.10%"
"08/17/2020","10.194","10.218","10.246","10.129","7.57M","-0.41%"
"08/14/2020","10.236","10.227","10.292","10.171","6.54M","-0.90%"
"08/13/2020","10.329","10.357","10.381","10.241","7.76M","-0.58%"
"08/12/2020","10.390","10.222","10.413","10.157","11.97M","1.55%"
"08/11/2020","10.232","10.180","10.311","10.152","16.65M","0.60%"
"08/10/2020","10.171","10.171","10.218","10.106","5.80M","0.28%"
"08/07/2020","10.143","10.087","10.166","10.036","5.62M","0.18%"
"08/06/2020","10.124","10.138","10.190","10.050","7.73M","-0.14%"
"08/05/2020","10.138","10.315","10.376","10.138","9.85M","-1.23%"
"08/04/2020","10.264","10.371","10.399","10.199","8.89M","-0.81%"
"08/03/2020","10.348","10.143","10.404","10.134","12.76M","1.56%"
"07/31/2020","10.190","10.241","10.357","10.180","14.80M","-0.05%"
"07/30/2020","10.194","10.320","10.362","10.087","20.27M","-1.53%"
"07/29/2020","10.353","10.357","10.395","10.302","10.89M","0.27%"
"07/28/2020","10.325","10.260","10.348","10.185","10.77M","0.59%"
"07/27/2020","10.264","10.264","10.371","10.166","12.19M","-0.41%"
"07/24/2020","10.306","10.176","10.348","10.078","13.32M","-0.36%"
"07/23/2020","10.343","10.357","10.437","10.260","16.58M","-0.23%"
"07/22/2020","10.367","10.413","10.493","10.320","10.97M","-1.42%"
"07/21/2020","10.516","10.553","10.745","10.507","14.88M","0.27%"
"07/20/2020","10.488","10.353","10.497","10.320","16.13M","1.40%"
"07/17/2020","10.343","10.311","10.404","10.292","12.28M","0.41%"
"07/16/2020","10.302","10.124","10.311","10.082","21.60M","0.36%"
"07/15/2020","10.264","10.124","10.264","10.026","16.40M","1.66%"
"07/14/2020","10.096","9.924","10.096","9.891","19.37M","0.19%"
"07/13/2020","10.078","10.064","10.115","9.970","9.39M","0.65%"
"07/10/2020","10.012","9.858","10.026","9.849","9.29M","1.23%"
"07/09/2020","9.891","9.980","10.040","9.854","20.83M","-1.12%"
"07/08/2020","10.003","9.863","10.054","9.812","13.05M","1.19%"
"07/07/2020","9.886","9.863","9.949","9.822","14.30M","0.14%"
"07/06/2020","9.872","9.931","9.986","9.808","9.72M","0.84%"
"07/03/2020","9.790","9.813","9.844","9.762","8.97M","0.09%"
"07/02/2020","9.781","9.493","9.794","9.493","14.88M","3.47%"
"07/01/2020","9.452","9.438","9.575","9.365","15.94M","0.39%"
"06/30/2020","9.416","9.324","9.539","9.306","28.93M","1.38%"
"06/29/2020","9.288","9.165","9.329","9.151","12.56M","1.39%"
"06/26/2020","9.160","9.242","9.334","9.137","16.36M","-0.69%"
"06/25/2020","9.224","9.124","9.293","9.036","14.12M","1.12%"
"06/24/2020","9.122","9.338","9.352","9.122","9.25M","-2.79%"
"06/23/2020","9.384","9.297","9.411","9.256","14.80M","1.53%"
"06/22/2020","9.242","9.206","9.247","9.128","11.63M","-0.59%"
"06/19/2020","9.297","9.137","9.347","9.107","66.03M","2.29%"
"06/18/2020","9.089","9.137","9.201","9.001","27.49M","-0.53%"
"06/17/2020","9.137","9.089","9.265","9.074","33.87M","0.05%"
"06/16/2020","9.133","8.994","9.206","8.907","35.84M","3.07%"
"06/15/2020","8.861","8.668","8.950","8.578","14.24M","-0.39%"
"06/12/2020","8.896","8.841","9.020","8.772","35.51M","0.70%"
"06/11/2020","8.834","9.042","9.120","8.832","32.49M","-6.27%"
"06/10/2020","9.425","9.660","9.693","9.425","10.77M","-1.62%"
"06/09/2020","9.580","9.499","9.617","9.410","19.21M","0.20%"
"06/08/2020","9.561","9.344","9.589","9.321","17.82M","1.00%"
"06/05/2020","9.466","9.443","9.566","9.372","18.85M","0.72%"
"06/04/2020","9.398","9.462","9.566","9.381","23.03M","-1.55%"
"06/03/2020","9.547","9.415","9.570","9.285","18.02M","1.84%"
"06/02/2020","9.374","9.217","9.374","9.147","17.81M","2.39%"
"06/01/2020","9.155","9.202","9.240","9.079","12.83M","0.12%"
"05/29/2020","9.144","9.072","9.291","9.040","76.09M","0.73%"
"05/28/2020","9.078","9.051","9.117","8.968","18.46M","0.15%"
"05/27/2020","9.064","8.700","9.064","8.689","27.37M","3.80%"
"05/26/2020","8.732","8.777","8.791","8.657","14.50M","1.18%"
"05/25/2020","8.630","8.560","8.642","8.470","7.61M","1.17%"
"05/22/2020","8.530","8.324","8.558","8.281","14.17M","1.07%"
"05/21/2020","8.440","8.417","8.498","8.381","7.82M","-0.40%"
"05/20/2020","8.474","8.400","8.575","8.372","18.51M","0.76%"
"05/19/2020","8.409","8.547","8.562","8.323","20.99M","-0.60%"
"05/18/2020","8.460","8.126","8.479","8.070","19.99M","5.43%"
"05/15/2020","8.024","8.070","8.153","8.019","15.53M","-0.51%"
"05/14/2020","8.066","8.117","8.222","7.930","17.11M","-1.70%"
"05/13/2020","8.205","8.117","8.270","8.117","13.70M","-0.59%"
"05/12/2020","8.255","8.188","8.319","8.162","15.67M","1.13%"
"05/11/2020","8.162","8.319","8.356","8.141","13.08M","-1.73%"
"05/08/2020","8.306","8.356","8.404","8.279","19.62M","-0.43%"
"05/07/2020","8.341","8.458","8.460","8.317","14.76M","-0.63%"
"05/06/2020","8.394","8.385","8.526","8.360","29.73M","-0.78%"
"05/05/2020","8.460","8.466","8.521","8.317","32.94M","0.20%"
"05/04/2020","8.443","8.400","8.617","8.377","19.10M","-2.12%"
"04/30/2020","8.626","8.847","8.870","8.575","16.99M","-2.23%"
"04/29/2020","8.823","8.409","8.868","8.406","17.58M","3.00%"
"04/28/2020","8.566","8.379","8.566","8.343","9.78M","1.89%"
"04/27/2020","8.407","8.390","8.409","8.279","7.96M","2.09%"
"04/24/2020","8.236","8.211","8.355","8.170","11.88M","-1.40%"
"04/23/2020","8.353","8.449","8.560","8.353","10.45M","-1.60%"
"04/22/2020","8.489","8.334","8.489","8.298","11.37M","2.86%"
"04/21/2020","8.253","8.400","8.479","8.253","11.45M","-2.69%"
"04/20/2020","8.481","8.494","8.519","8.339","8.91M","0.02%"
"04/17/2020","8.479","8.438","8.626","8.409","13.95M","1.03%"
"04/16/2020","8.392","8.524","8.562","8.373","9.40M","-0.09%"
"04/15/2020","8.400","8.504","8.592","8.317","29.19M","-2.03%"
"04/14/2020","8.574","8.702","8.702","8.457","18.01M","-0.26%"
"04/09/2020","8.596","8.426","8.643","8.287","11.85M","2.08%"
"04/08/2020","8.421","8.443","8.492","8.287","18.91M","-1.37%"
"04/07/2020","8.538","8.634","8.702","8.460","18.00M","-0.44%"
"04/06/2020","8.575","8.672","8.715","8.509","11.82M","0.40%"
"04/03/2020","8.541","8.389","8.549","8.298","42.18M","2.98%"
"04/02/2020","8.294","8.275","8.368","7.958","18.70M","0.21%"
"04/01/2020","8.277","8.262","8.411","8.200","23.38M","-2.38%"
"03/31/2020","8.479","8.287","8.479","8.175","20.55M","3.15%"
"03/30/2020","8.221","8.307","8.379","8.022","19.48M","-1.31%"
"03/27/2020","8.330","8.372","8.504","8.211","23.88M","-3.07%"
"03/26/2020","8.594","8.400","8.594","8.258","16.81M","-0.22%"
"03/25/2020","8.613","8.608","8.683","7.941","26.98M","3.61%"
"03/24/2020","8.313","7.886","8.381","7.875","31.01M","4.96%"
"03/23/2020","7.920","7.960","8.272","7.786","28.41M","-3.98%"
"03/20/2020","8.249","8.694","8.966","8.249","47.87M","-2.13%"
"03/19/2020","8.428","8.281","8.507","8.049","26.69M","2.48%"
"03/18/2020","8.224","8.383","8.475","7.981","35.94M","-3.84%"
"03/17/2020","8.553","8.105","8.683","8.041","38.50M","10.08%"
"03/16/2020","7.769","7.679","7.909","7.324","54.70M","-3.83%"
"03/13/2020","8.079","7.817","8.751","7.764","45.38M","5.00%"
"03/12/2020","7.694","8.502","8.647","7.558","69.12M","-14.06%"
"03/11/2020","8.953","9.198","9.244","8.793","52.89M","1.61%"
"03/10/2020","8.811","9.400","9.575","8.811","43.07M","-5.62%"
"03/09/2020","9.336","9.334","9.811","9.215","43.71M","-6.64%"
"03/06/2020","10.000","10.288","10.316","9.882","31.26M","-4.20%"
"03/05/2020","10.439","10.571","10.623","10.311","29.59M","-1.21%"
"03/04/2020","10.566","10.184","10.571","10.113","26.53M","3.61%"
"03/03/2020","10.198","10.179","10.377","10.137","32.56M","0.75%"
"03/02/2020","10.122","9.919","10.127","9.669","31.31M","3.92%"
"02/28/2020","9.740","9.806","9.915","9.570","49.91M","-4.18%"
"02/27/2020","10.165","10.448","10.651","10.127","40.00M","-3.88%"
"02/26/2020","10.575","10.061","10.585","9.957","31.01M","5.11%"
"02/25/2020","10.061","10.259","10.401","10.061","24.96M","-2.47%"
"02/24/2020","10.316","10.321","10.514","10.269","20.46M","-2.24%"
"02/21/2020","10.552","10.372","10.604","10.363","15.25M","1.31%"
"02/20/2020","10.415","10.566","10.660","10.415","18.56M","-1.65%"
"02/19/2020","10.590","10.448","10.708","10.405","20.99M","0.94%"
"02/18/2020","10.490","10.368","10.514","10.349","13.57M","0.50%"
"02/17/2020","10.439","10.250","10.443","10.221","10.60M","1.89%"
"02/14/2020","10.245","9.976","10.254","9.967","17.68M","2.50%"
"02/13/2020","9.995","9.844","10.000","9.783","66.22M","1.53%"
"02/12/2020","9.844","9.948","10.019","9.834","12.41M","-0.71%"
"02/11/2020","9.915","9.811","9.919","9.759","20.02M","1.20%"
"02/10/2020","9.797","9.683","9.797","9.646","13.19M","1.02%"
"02/07/2020","9.698","9.745","9.910","9.698","48.81M","-1.01%"
"02/06/2020","9.797","9.627","9.797","9.589","17.28M","1.76%"
"02/05/2020","9.627","9.391","9.632","9.344","38.80M","2.55%"
"02/04/2020","9.387","9.359","9.406","9.334","11.24M","0.44%"
"02/03/2020","9.346","9.342","9.402","9.312","13.07M","0.32%"
"01/31/2020","9.315","9.353","9.389","9.246","13.27M","-0.30%"
"01/30/2020","9.344","9.276","9.448","9.272","20.75M","0.30%"
"01/29/2020","9.315","9.304","9.342","9.259","13.60M","0.22%"
"01/28/2020","9.295","9.287","9.330","9.242","12.23M","0.45%"
"01/27/2020","9.253","9.249","9.372","9.244","16.64M","-0.83%"
"01/24/2020","9.330","9.147","9.340","9.147","17.94M","2.25%"
"01/23/2020","9.125","8.915","9.142","8.910","21.28M","2.24%"
"01/22/2020","8.925","8.887","8.945","8.870","18.15M","0.32%"
"01/21/2020","8.896","8.857","8.900","8.834","42.23M","-0.25%"
"01/20/2020","8.919","8.853","8.919","8.851","13.32M","0.49%"
"01/17/2020","8.876","8.796","8.893","8.791","23.83M","0.99%"
"01/16/2020","8.789","8.708","8.830","8.685","15.18M","1.11%"
"01/15/2020","8.692","8.507","8.702","8.485","24.32M","1.97%"
"01/14/2020","8.524","8.504","8.524","8.440","18.73M","0.36%"
"01/13/2020","8.494","8.477","8.534","8.424","13.63M","0.18%"
"01/10/2020","8.479","8.411","8.526","8.353","21.03M","1.74%"
"01/09/2020","8.334","8.373","8.402","8.317","14.23M","-0.30%"
"01/08/2020","8.359","8.322","8.381","8.286","15.14M","0.34%"
"01/07/2020","8.331","8.482","8.487","8.331","25.36M","-1.95%"
"01/06/2020","8.497","8.489","8.530","8.445","9.49M","-0.50%"
"01/03/2020","8.539","8.513","8.554","8.482","13.62M","-0.46%"
"01/02/2020","8.579","8.567","8.618","8.545","11.39M","0.44%"
"12/31/2019","8.541","8.575","8.606","8.536","7.23M","-1.12%"
"12/30/2019","8.638","8.653","8.688","8.636","11.88M","-0.41%"
"12/27/2019","8.673","8.653","8.696","8.606","10.98M","0.82%"
"12/24/2019","8.603","8.579","8.638","8.567","2.48M","-0.37%"
"12/23/2019","8.634","8.605","8.634","8.579","11.79M","0.13%"
"12/20/2019","8.623","8.525","8.623","8.485","26.94M","1.62%"
"12/19/2019","8.485","8.530","8.567","8.452","25.58M","-0.48%"
"12/18/2019","8.526","8.526","8.592","8.510","24.49M","0.07%"
"12/17/2019","8.521","8.458","8.545","8.443","18.08M","0.86%"
"12/16/2019","8.448","8.411","8.467","8.396","15.91M","0.91%"
"12/13/2019","8.372","8.305","8.385","8.238","16.44M","0.99%"
"12/12/2019","8.290","8.327","8.337","8.268","15.55M","-0.42%"
"12/11/2019","8.325","8.201","8.327","8.182","25.75M","1.77%"
"12/10/2019","8.180","8.188","8.208","8.106","16.47M","-0.02%"
"12/09/2019","8.182","8.158","8.204","8.137","13.79M","0.25%"
"12/06/2019","8.162","8.095","8.204","8.054","10.54M","1.25%"
"12/05/2019","8.061","8.071","8.162","8.061","13.00M","-0.09%"
"12/04/2019","8.069","8.026","8.102","7.985","10.52M","0.84%"
"12/03/2019","8.002","8.030","8.080","7.970","32.51M","0.07%"
"12/02/2019","7.996","8.298","8.301","7.979","26.72M","-3.74%"
"11/29/2019","8.307","8.286","8.333","8.285","10.12M","0.13%"
"11/28/2019","8.296","8.299","8.346","8.273","4.98M","-0.13%"
"11/27/2019","8.307","8.283","8.353","8.275","15.06M","0.36%"
"11/26/2019","8.277","8.260","8.279","8.197","33.81M","-0.02%"
"11/25/2019","8.279","8.249","8.324","8.238","12.43M","0.27%"
"11/22/2019","8.257","8.257","8.288","8.227","12.58M","0.07%"
"11/21/2019","8.251","8.258","8.309","8.219","13.42M","-0.34%"
"11/20/2019","8.279","8.275","8.337","8.253","13.01M","-0.18%"
"11/19/2019","8.294","8.322","8.355","8.279","10.85M","-0.18%"
"11/18/2019","8.309","8.191","8.309","8.173","11.01M","1.25%"
"11/15/2019","8.206","8.216","8.242","8.190","28.75M","0.20%"
"11/14/2019","8.190","8.223","8.316","8.190","23.96M","-0.38%"
"11/13/2019","8.221","8.232","8.244","8.156","18.14M","-0.36%"
"11/12/2019","8.251","8.286","8.307","8.247","17.46M","-0.34%"
"11/11/2019","8.279","8.327","8.357","8.271","21.55M","-0.78%"
"11/08/2019","8.344","8.242","8.365","8.234","15.16M","1.04%"
"11/07/2019","8.258","8.411","8.418","8.253","21.71M","-1.90%"
"11/06/2019","8.418","8.411","8.418","8.331","16.20M","0.09%"
"11/05/2019","8.411","8.485","8.487","8.398","21.98M","-1.05%"
"11/04/2019","8.500","8.541","8.541","8.474","13.50M","-0.44%"
"11/01/2019","8.538","8.616","8.616","8.502","10.46M","-0.35%"
"10/31/2019","8.567","8.517","8.614","8.517","19.18M","0.88%"
"10/30/2019","8.493","8.556","8.556","8.448","24.10M","-0.24%"
"10/29/2019","8.513","8.554","8.577","8.441","22.91M","-0.35%"
"10/28/2019","8.543","8.558","8.564","8.489","10.29M","-0.37%"
"10/25/2019","8.575","8.584","8.603","8.532","9.62M","0.13%"
"10/24/2019","8.564","8.526","8.605","8.508","19.98M","0.79%"
"10/23/2019","8.497","8.448","8.519","8.432","13.23M","0.29%"
"10/22/2019","8.472","8.409","8.485","8.400","11.82M","0.51%"
"10/21/2019","8.430","8.493","8.513","8.402","19.36M","-0.68%"
"10/18/2019","8.487","8.415","8.498","8.415","24.88M","0.31%"
"10/17/2019","8.461","8.513","8.580","8.439","17.13M","-0.72%"
"10/16/2019","8.523","8.513","8.523","8.392","30.25M","0.04%"
"10/15/2019","8.519","8.584","8.619","8.517","19.02M","-1.06%"
"10/14/2019","8.610","8.560","8.653","8.536","21.54M","0.43%"
"10/11/2019","8.573","8.642","8.642","8.526","18.89M","-0.90%"
"10/10/2019","8.651","8.696","8.699","8.605","12.45M","-0.58%"
"10/09/2019","8.701","8.699","8.770","8.662","9.90M","0.21%"
"10/08/2019","8.683","8.768","8.806","8.683","14.62M","-0.98%"
"10/07/2019","8.768","8.694","8.791","8.694","11.95M","0.38%"
"10/04/2019","8.735","8.659","8.766","8.625","12.99M","0.95%"
"10/03/2019","8.653","8.647","8.722","8.623","10.08M","-0.11%"
"10/02/2019","8.662","8.789","8.791","8.655","14.83M","-1.17%"
"10/01/2019","8.765","8.869","8.912","8.729","11.09M","-1.22%"
"09/30/2019","8.873","8.770","8.876","8.744","13.51M","1.25%"
"09/27/2019","8.763","8.830","8.858","8.739","10.60M","-0.65%"
"09/26/2019","8.820","8.722","8.826","8.711","12.08M","0.98%"
"09/25/2019","8.735","8.772","8.787","8.701","19.68M","-0.51%"
"09/24/2019","8.779","8.701","8.779","8.664","14.50M","0.92%"
"09/23/2019","8.699","8.699","8.740","8.636","14.96M","0.84%"
"09/20/2019","8.627","8.709","8.789","8.627","61.83M","-0.64%"
"09/19/2019","8.683","8.685","8.703","8.627","10.24M","0.13%"
"09/18/2019","8.672","8.647","8.694","8.580","17.27M","0.54%"
"09/17/2019","8.625","8.538","8.649","8.523","24.38M","1.25%"
"09/16/2019","8.519","8.560","8.651","8.519","20.64M","-0.59%"
"09/13/2019","8.569","8.660","8.664","8.565","14.63M","-1.05%"
"09/12/2019","8.660","8.590","8.787","8.541","21.55M","1.24%"
"09/11/2019","8.554","8.590","8.610","8.430","22.80M","-0.02%"
"09/10/2019","8.556","8.552","8.573","8.445","23.75M","-0.37%"
"09/09/2019","8.588","8.735","8.759","8.534","18.60M","-2.10%"
"09/06/2019","8.772","8.761","8.791","8.675","16.24M","-0.11%"
"09/05/2019","8.781","8.848","8.860","8.744","12.80M","-0.63%"
"09/04/2019","8.837","8.886","8.906","8.785","14.36M","-0.29%"
"09/03/2019","8.863","8.759","8.863","8.759","12.43M","0.89%"
"09/02/2019","8.785","8.699","8.807","8.690","8.06M","0.96%"
"08/30/2019","8.701","8.731","8.781","8.701","11.36M","-0.04%"
"08/29/2019","8.705","8.646","8.752","8.644","10.00M","0.43%"
"08/28/2019","8.668","8.642","8.679","8.606","17.78M","0.13%"
"08/27/2019","8.657","8.610","8.659","8.579","17.01M","0.45%"
"08/26/2019","8.618","8.567","8.651","8.543","6.08M","0.02%"
"08/23/2019","8.616","8.690","8.696","8.599","16.69M","-0.58%"
"08/22/2019","8.666","8.688","8.750","8.631","10.71M","-0.26%"
"08/21/2019","8.688","8.653","8.707","8.646","15.04M","0.56%"
"08/20/2019","8.640","8.625","8.694","8.623","14.41M","-0.13%"
"08/19/2019","8.651","8.653","8.712","8.606","11.82M","0.56%"
"08/16/2019","8.603","8.487","8.668","8.487","21.22M","1.27%"
"08/15/2019","8.495","8.327","8.495","8.318","20.52M","2.29%"
"08/14/2019","8.305","8.309","8.363","8.238","23.62M","-0.07%"
"08/13/2019","8.311","8.251","8.389","8.247","14.69M","0.43%"
"08/12/2019","8.275","8.229","8.292","8.191","8.83M","0.86%"
"08/09/2019","8.204","8.154","8.229","8.126","22.12M","0.16%"
"08/08/2019","8.191","8.234","8.260","8.151","12.06M","0.18%"
"08/07/2019","8.177","8.123","8.232","8.117","18.29M","1.01%"
"08/06/2019","8.095","8.041","8.145","8.024","15.18M","0.67%"
"08/05/2019","8.041","8.067","8.132","8.028","13.60M","-0.21%"
"08/02/2019","8.057","7.970","8.119","7.953","19.30M","0.49%"
"08/01/2019","8.018","7.929","8.041","7.920","10.05M","0.56%"
"07/31/2019","7.974","7.927","7.979","7.830","19.46M","0.59%"
"07/30/2019","7.927","8.050","8.056","7.905","14.88M","-1.37%"
"07/29/2019","8.037","7.972","8.056","7.972","9.20M","0.54%"
"07/26/2019","7.994","8.059","8.074","7.985","9.25M","-0.56%"
"07/25/2019","8.039","8.039","8.137","7.972","13.61M","0.00%"
"07/24/2019","8.039","8.048","8.076","7.989","14.85M","0.89%"
"07/23/2019","7.968","7.942","7.990","7.886","9.93M","0.56%"
"07/22/2019","7.923","7.918","7.951","7.873","14.70M","0.05%"
"07/19/2019","7.920","8.043","8.067","7.920","12.81M","-1.18%"
"07/18/2019","8.015","7.944","8.052","7.940","16.29M","0.47%"
"07/17/2019","7.977","7.970","8.013","7.950","12.35M","0.09%"
"07/16/2019","7.970","7.970","7.998","7.937","16.28M","0.02%"
"07/15/2019","7.968","7.974","8.039","7.948","13.48M","0.16%"
"07/12/2019","7.955","8.002","8.004","7.916","12.03M","-0.49%"
"07/11/2019","7.994","7.974","8.033","7.957","26.98M","-0.26%"
"07/10/2019","8.015","7.964","8.024","7.912","17.20M","0.23%"
"07/09/2019","7.996","7.972","8.043","7.955","25.15M","0.02%"
"07/08/2019","7.994","7.974","8.018","7.920","17.87M","-0.44%"
"07/05/2019","8.030","8.104","8.154","7.968","20.30M","-1.17%"
"07/04/2019","8.124","8.231","8.232","8.076","16.32M","-1.10%"
"07/03/2019","8.215","8.164","8.261","8.142","18.10M","1.31%"
"07/02/2019","8.109","8.009","8.147","7.992","20.14M","1.67%"
"07/01/2019","7.976","8.063","8.063","7.883","17.95M","-0.30%"
"06/28/2019","8.000","7.990","8.007","7.927","23.89M","-0.11%"
"06/27/2019","8.009","8.045","8.045","7.978","16.90M","-0.50%"
"06/26/2019","8.049","8.104","8.107","8.043","19.49M","-0.74%"
"06/25/2019","8.109","8.115","8.158","8.105","51.06M","-0.65%"
"06/24/2019","8.162","8.184","8.189","8.095","17.27M","-0.07%"
"06/21/2019","8.168","8.149","8.213","8.127","42.54M","0.52%"
"06/20/2019","8.126","8.213","8.239","8.102","23.65M","-0.07%"
"06/19/2019","8.131","8.259","8.259","8.115","27.91M","-1.74%"
"06/18/2019","8.275","8.133","8.328","8.104","18.92M","1.89%"
"06/17/2019","8.122","8.153","8.177","8.091","17.36M","-0.65%"
"06/14/2019","8.175","8.158","8.175","8.131","14.59M","0.65%"
"06/13/2019","8.122","8.122","8.166","8.091","19.79M","0.11%"
"06/12/2019","8.113","8.001","8.113","8.001","18.83M","-1.42%"
"06/11/2019","8.230","8.248","8.265","8.198","14.84M","-0.23%"
"06/10/2019","8.248","8.295","8.304","8.218","9.70M","-0.59%"
"06/07/2019","8.297","8.175","8.332","8.173","16.34M","1.05%"
"06/06/2019","8.211","8.054","8.211","8.050","20.65M","2.02%"
"06/05/2019","8.048","7.947","8.052","7.906","55.55M","1.75%"
"06/04/2019","7.910","7.857","7.968","7.842","16.02M","0.36%"
"06/03/2019","7.882","7.747","7.882","7.728","24.35M","1.35%"
"05/31/2019","7.777","7.848","7.889","7.751","25.43M","-1.24%"
"05/30/2019","7.874","7.850","7.947","7.839","10.35M","-0.26%"
"05/29/2019","7.895","7.878","7.902","7.831","14.09M","-0.42%"
"05/28/2019","7.928","7.969","8.001","7.911","43.49M","-0.24%"
"05/27/2019","7.947","7.915","8.007","7.897","9.91M","0.54%"
"05/24/2019","7.904","7.747","7.904","7.728","15.45M","2.25%"
"05/23/2019","7.730","7.721","7.784","7.700","23.27M","-0.43%"
"05/22/2019","7.764","7.646","7.771","7.607","10.20M","1.72%"
"05/21/2019","7.633","7.629","7.665","7.569","15.05M","-0.17%"
"05/20/2019","7.646","7.668","7.698","7.599","18.97M","-0.07%"
"05/17/2019","7.651","7.670","7.696","7.625","14.41M","-0.41%"
"05/16/2019","7.683","7.633","7.689","7.599","14.64M","0.27%"
"05/15/2019","7.663","7.575","7.663","7.539","15.58M","0.96%"
"05/14/2019","7.590","7.577","7.590","7.502","11.68M","0.64%"
"05/13/2019","7.541","7.502","7.554","7.459","13.99M","0.88%"
"05/10/2019","7.476","7.390","7.502","7.376","14.10M","1.42%"
"05/09/2019","7.371","7.380","7.438","7.367","12.94M","-0.43%"
"05/08/2019","7.403","7.491","7.515","7.382","13.32M","-1.35%"
"05/07/2019","7.504","7.489","7.627","7.459","14.51M","0.20%"
"05/06/2019","7.489","7.348","7.491","7.343","9.12M","0.38%"
"05/03/2019","7.461","7.414","7.489","7.408","8.66M","0.38%"
"05/02/2019","7.433","7.550","7.550","7.433","18.61M","-1.88%"
"04/30/2019","7.575","7.448","7.575","7.401","15.87M","2.07%"
"04/29/2019","7.421","7.468","7.483","7.384","11.37M","-1.37%"
"04/26/2019","7.524","7.623","7.666","7.476","23.35M","-1.28%"
"04/25/2019","7.622","7.390","7.627","7.390","20.02M","4.30%"
"04/24/2019","7.307","7.303","7.311","7.255","17.05M","-0.33%"
"04/23/2019","7.332","7.277","7.332","7.262","15.30M","0.77%"
"04/18/2019","7.275","7.260","7.292","7.199","22.86M","0.21%"
"04/17/2019","7.260","7.208","7.264","7.113","13.45M","0.57%"
"04/16/2019","7.219","7.275","7.305","7.219","12.63M","-0.92%"
"04/15/2019","7.287","7.274","7.303","7.242","11.70M","0.46%"
"04/12/2019","7.253","7.324","7.375","7.253","15.65M","-1.20%"
"04/11/2019","7.341","7.418","7.423","7.330","28.42M","-1.26%"
"04/10/2019","7.434","7.408","7.466","7.401","12.71M","0.43%"
"04/09/2019","7.403","7.388","7.453","7.382","11.76M","0.13%"
"04/08/2019","7.393","7.431","7.457","7.393","13.88M","-0.48%"
"04/05/2019","7.429","7.455","7.457","7.393","16.56M","-0.23%"
"04/04/2019","7.446","7.395","7.479","7.395","18.01M","0.63%"
"04/03/2019","7.399","7.343","7.399","7.266","15.07M","1.44%"
"04/02/2019","7.294","7.277","7.333","7.266","20.55M","0.36%"
"04/01/2019","7.268","7.343","7.361","7.255","25.86M","-0.72%"
"03/29/2019","7.320","7.360","7.375","7.300","16.44M","-0.36%"
"03/28/2019","7.347","7.361","7.401","7.347","15.65M","-0.38%"
"03/27/2019","7.375","7.274","7.375","7.199","17.81M","1.52%"
"03/26/2019","7.264","7.268","7.296","7.244","36.20M","-0.05%"
"03/25/2019","7.268","7.212","7.270","7.208","16.78M","0.54%"
"03/22/2019","7.229","7.303","7.311","7.210","21.26M","-0.67%"
"03/21/2019","7.277","7.277","7.328","7.232","13.80M","0.15%"
"03/20/2019","7.266","7.217","7.275","7.217","17.66M","0.41%"
"03/19/2019","7.236","7.223","7.283","7.216","9.40M","0.18%"
"03/18/2019","7.223","7.202","7.223","7.158","13.49M","0.65%"
"03/15/2019","7.176","7.128","7.240","7.115","49.79M","1.00%"
"03/14/2019","7.105","7.109","7.135","7.077","47.31M","0.11%"
"03/13/2019","7.098","7.150","7.191","7.096","14.42M","-0.60%"
"03/12/2019","7.141","7.103","7.173","7.066","19.88M","0.61%"
"03/11/2019","7.098","7.088","7.103","7.047","26.80M","0.53%"
"03/08/2019","7.060","7.083","7.180","7.060","17.87M","-1.15%"
"03/07/2019","7.143","6.905","7.152","6.905","27.12M","3.52%"
"03/06/2019","6.899","6.886","6.913","6.847","15.55M","0.35%"
"03/05/2019","6.875","6.826","6.896","6.819","11.00M","0.52%"
"03/04/2019","6.840","6.847","6.858","6.808","9.28M","0.27%"
"03/01/2019","6.821","6.884","6.901","6.806","18.24M","-0.82%"
"02/28/2019","6.877","6.868","6.883","6.828","17.99M","0.14%"
"02/27/2019","6.868","6.888","6.920","6.860","17.00M","0.11%"
"02/26/2019","6.860","6.871","6.879","6.802","17.88M","-0.03%"
"02/25/2019","6.862","6.939","6.954","6.847","16.84M","-1.11%"
"02/22/2019","6.939","6.922","6.954","6.888","12.98M","0.24%"
"02/21/2019","6.922","6.866","6.946","6.849","16.56M","1.07%"
"02/20/2019","6.849","6.828","6.959","6.795","16.36M","1.30%"
"02/19/2019","6.761","6.798","6.817","6.746","10.68M","-0.19%"
"02/18/2019","6.774","6.791","6.810","6.770","7.53M","-0.11%"
"02/15/2019","6.782","6.746","6.802","6.709","16.10M","0.92%"
"02/14/2019","6.720","6.782","6.817","6.705","26.89M","-0.64%"
"02/13/2019","6.763","6.797","6.797","6.735","13.55M","-0.47%"
"02/12/2019","6.795","6.780","6.853","6.776","11.84M","0.39%"
"02/11/2019","6.768","6.740","6.806","6.735","13.30M","0.75%"
"02/08/2019","6.718","6.759","6.776","6.703","11.19M","-0.80%"
"02/07/2019","6.772","6.772","6.800","6.748","10.96M","-0.06%"
"02/06/2019","6.776","6.755","6.800","6.737","10.02M","0.14%"
"02/05/2019","6.767","6.707","6.767","6.673","21.69M","0.58%"
"02/04/2019","6.727","6.699","6.727","6.660","9.62M","0.39%"
"02/01/2019","6.701","6.765","6.774","6.641","15.61M","-0.50%"
"01/31/2019","6.735","6.669","6.735","6.654","18.81M","1.29%"
"01/30/2019","6.649","6.662","6.684","6.617","16.81M","-0.45%"
"01/29/2019","6.679","6.613","6.703","6.613","13.38M","1.02%"
"01/28/2019","6.611","6.587","6.634","6.565","10.75M","-0.06%"
"01/25/2019","6.615","6.688","6.729","6.615","18.79M","-0.59%"
"01/24/2019","6.654","6.613","6.654","6.578","22.75M","0.62%"
"01/23/2019","6.613","6.576","6.636","6.559","14.07M","0.31%"
"01/22/2019","6.593","6.525","6.593","6.523","19.45M","0.54%"
"01/21/2019","6.557","6.585","6.598","6.527","17.50M","-0.76%"
"01/18/2019","6.608","6.520","6.619","6.514","46.60M","1.64%"
"01/17/2019","6.501","6.454","6.516","6.445","15.09M","0.46%"
"01/16/2019","6.471","6.477","6.497","6.441","19.96M","-0.09%"
"01/15/2019","6.477","6.456","6.503","6.419","33.83M","0.67%"
"01/14/2019","6.434","6.415","6.482","6.391","24.12M","-0.46%"
"01/11/2019","6.464","6.450","6.486","6.402","19.97M","0.12%"
"01/10/2019","6.456","6.426","6.456","6.417","18.03M","0.55%"
"01/09/2019","6.420","6.501","6.516","6.411","20.80M","-1.33%"
"01/08/2019","6.507","6.509","6.562","6.494","17.38M","-0.37%"
"01/07/2019","6.531","6.511","6.536","6.472","15.40M","1.12%"
"01/04/2019","6.459","6.435","6.519","6.424","16.58M","0.74%"
"01/03/2019","6.411","6.374","6.464","6.351","26.76M","0.17%"
"01/02/2019","6.400","6.354","6.431","6.277","19.16M","-0.28%"
"12/31/2018","6.418","6.351","6.431","6.338","6.09M","1.50%"
"12/28/2018","6.323","6.279","6.351","6.245","11.20M","1.35%"
"12/27/2018","6.239","6.424","6.475","6.177","85.25M","-3.07%"
"12/24/2018","6.437","6.394","6.480","6.362","5.12M","0.40%"
"12/21/2018","6.411","6.426","6.451","6.349","36.61M","-0.20%"
"12/20/2018","6.424","6.396","6.510","6.362","48.06M","-0.40%"
"12/19/2018","6.449","6.376","6.521","6.373","19.23M","1.21%"
"12/18/2018","6.373","6.513","6.530","6.363","27.51M","-1.83%"
"12/17/2018","6.491","6.402","6.559","6.402","24.02M","-0.45%"
"12/14/2018","6.521","6.467","6.529","6.452","16.87M","0.31%"
"12/13/2018","6.501","6.399","6.536","6.399","28.04M","2.37%"
"12/12/2018","6.350","6.232","6.373","6.232","20.73M","2.15%"
"12/11/2018","6.217","6.113","6.254","6.081","20.35M","2.07%"
"12/10/2018","6.091","6.096","6.150","6.065","13.60M","-0.45%"
"12/07/2018","6.119","6.078","6.159","6.076","32.97M","0.98%"
"12/06/2018","6.059","6.115","6.152","6.046","16.85M","-1.69%"
"12/05/2018","6.163","6.130","6.169","6.113","9.22M","0.15%"
"12/04/2018","6.154","6.154","6.182","6.104","13.70M","0.24%"
"12/03/2018","6.139","6.211","6.217","6.131","13.18M","0.42%"
"11/30/2018","6.113","6.081","6.152","6.061","26.20M","-0.18%"
"11/29/2018","6.124","6.243","6.260","6.102","19.92M","-1.40%"
"11/28/2018","6.211","6.304","6.310","6.211","16.21M","-1.09%"
"11/27/2018","6.280","6.261","6.308","6.232","14.30M","0.98%"
"11/26/2018","6.219","6.172","6.239","6.172","15.27M","1.27%"
"11/23/2018","6.141","6.104","6.143","6.104","8.87M","0.46%"
"11/22/2018","6.113","6.117","6.169","6.078","17.86M","-0.45%"
"11/21/2018","6.141","6.172","6.213","6.096","15.76M","-0.15%"
"11/20/2018","6.150","6.196","6.243","6.107","12.91M","-0.99%"
"11/19/2018","6.211","6.215","6.267","6.185","8.44M","0.18%"
"11/16/2018","6.200","6.241","6.280","6.163","21.32M","-0.45%"
"11/15/2018","6.228","6.241","6.289","6.185","17.23M","0.21%"
"11/14/2018","6.215","6.126","6.260","6.111","18.79M","1.36%"
"11/13/2018","6.131","6.098","6.148","6.089","10.91M","0.52%"
"11/12/2018","6.100","6.104","6.117","6.063","9.76M","0.09%"
"11/09/2018","6.094","6.035","6.113","6.024","12.72M","0.71%"
"11/08/2018","6.052","6.011","6.076","5.996","11.37M","0.80%"
"11/07/2018","6.003","5.955","6.037","5.953","15.45M","1.54%"
"11/06/2018","5.913","5.862","5.937","5.812","13.83M","0.70%"
"11/05/2018","5.872","5.837","5.887","5.833","16.68M","0.60%"
"11/02/2018","5.837","5.896","5.896","5.816","18.18M","-0.41%"
"11/01/2018","5.861","5.801","5.885","5.781","11.21M","0.99%"
"10/31/2018","5.803","5.879","5.909","5.770","17.66M","-0.86%"
"10/30/2018","5.853","5.846","5.901","5.825","9.40M","0.13%"
"10/29/2018","5.846","5.848","5.887","5.825","18.27M","-0.03%"
"10/26/2018","5.848","5.872","5.901","5.779","33.64M","-0.97%"
"10/25/2018","5.905","5.848","5.926","5.805","20.20M","0.79%"
"10/24/2018","5.859","5.926","5.953","5.850","19.01M","0.22%"
"10/23/2018","5.846","5.759","5.900","5.744","19.64M","0.80%"
"10/22/2018","5.799","5.872","5.887","5.781","11.93M","-0.41%"
"10/19/2018","5.824","5.733","5.837","5.718","26.26M","1.65%"
"10/18/2018","5.729","5.731","5.798","5.709","13.96M","0.00%"
"10/17/2018","5.729","5.773","5.786","5.694","10.16M","-0.55%"
"10/16/2018","5.760","5.658","5.792","5.658","16.93M","2.64%"
"10/15/2018","5.612","5.566","5.614","5.508","12.93M","0.83%"
"10/12/2018","5.566","5.799","5.799","5.562","30.01M","-3.44%"
"10/11/2018","5.764","5.848","5.896","5.764","33.97M","-2.30%"
"10/10/2018","5.900","5.933","5.944","5.866","20.00M","-0.38%"
"10/09/2018","5.922","5.911","5.937","5.848","12.49M","0.22%"
"10/08/2018","5.909","5.870","5.933","5.866","11.29M","0.35%"
"10/05/2018","5.888","5.890","5.900","5.859","8.55M","-0.31%"
"10/04/2018","5.907","5.931","5.937","5.879","9.37M","-0.87%"
"10/03/2018","5.959","5.911","6.007","5.905","9.94M","0.72%"
"10/02/2018","5.916","5.877","5.926","5.844","18.48M","0.31%"
"10/01/2018","5.898","5.898","5.944","5.879","15.09M","0.32%"
"09/28/2018","5.879","5.914","5.931","5.850","16.71M","-1.28%"
"09/27/2018","5.955","5.905","5.987","5.870","10.13M","0.31%"
"09/26/2018","5.937","5.868","5.937","5.857","18.45M","1.33%"
"09/25/2018","5.859","5.907","5.922","5.851","21.02M","-0.88%"
"09/24/2018","5.911","6.005","6.020","5.890","14.79M","-1.64%"
"09/21/2018","6.009","5.983","6.041","5.972","45.16M","0.68%"
"09/20/2018","5.968","5.890","5.979","5.872","17.07M","1.26%"
"09/19/2018","5.894","5.890","5.903","5.844","19.91M","-0.16%"
"09/18/2018","5.903","5.898","5.933","5.859","13.45M","0.60%"
"09/17/2018","5.868","5.783","5.892","5.783","11.78M","1.22%"
"09/14/2018","5.798","5.796","5.831","5.777","12.11M","0.06%"
"09/13/2018","5.794","5.809","5.853","5.786","10.95M","-0.26%"
"09/12/2018","5.809","5.850","5.850","5.773","19.29M","-0.95%"
"09/11/2018","5.864","5.844","5.864","5.785","10.68M","0.22%"
"09/10/2018","5.851","5.844","5.881","5.760","14.69M","0.90%"
"09/07/2018","5.799","5.835","5.872","5.757","26.63M","-0.76%"
"09/06/2018","5.844","5.866","5.868","5.816","17.96M","-0.66%"
"09/05/2018","5.883","5.922","5.933","5.872","15.15M","-0.84%"
"09/04/2018","5.933","5.978","5.978","5.898","27.85M","-0.12%"
"09/03/2018","5.940","5.935","5.972","5.918","7.09M","-0.28%"
"08/31/2018","5.957","5.992","5.994","5.939","25.63M","-0.83%"
"08/30/2018","6.007","6.026","6.050","5.983","10.90M","-0.52%"
"08/29/2018","6.039","6.029","6.055","6.007","8.08M","0.40%"
"08/28/2018","6.015","6.029","6.048","5.990","13.52M","-0.18%"
"08/27/2018","6.026","6.061","6.061","6.005","6.08M","-0.03%"
"08/24/2018","6.028","5.992","6.041","5.983","10.05M","0.49%"
"08/23/2018","5.998","6.016","6.041","5.990","10.86M","-0.34%"
"08/22/2018","6.018","6.026","6.041","5.959","22.44M","-0.18%"
"08/21/2018","6.029","6.020","6.065","6.013","9.92M","0.06%"
"08/20/2018","6.026","6.042","6.054","6.005","7.55M","-0.06%"
"08/17/2018","6.029","6.046","6.067","6.002","14.44M","0.00%"
"08/16/2018","6.029","6.024","6.046","5.989","14.22M","0.34%"
"08/15/2018","6.009","6.081","6.081","5.974","27.37M","-0.95%"
"08/14/2018","6.067","6.065","6.104","6.055","13.48M","0.43%"
"08/13/2018","6.041","6.029","6.065","6.000","21.35M","-0.15%"
"08/10/2018","6.050","6.033","6.070","6.024","19.52M","-0.43%"
"08/09/2018","6.076","6.113","6.113","6.057","8.44M","-0.33%"
"08/08/2018","6.096","6.085","6.120","6.041","14.09M","0.18%"
"08/07/2018","6.085","6.081","6.115","6.081","7.35M","0.12%"
"08/06/2018","6.078","6.100","6.122","6.059","12.25M","-0.21%"
"08/03/2018","6.091","6.100","6.106","6.061","14.50M","0.06%"
"08/02/2018","6.087","6.093","6.133","6.067","25.64M","-0.33%"
"08/01/2018","6.107","6.159","6.187","6.061","15.68M","-0.99%"
"07/31/2018","6.169","6.141","6.200","6.122","15.26M","0.48%"
"07/30/2018","6.139","6.148","6.200","6.109","8.05M","-0.24%"
"07/27/2018","6.154","6.094","6.172","6.094","14.25M","0.73%"
"07/26/2018","6.109","6.081","6.109","6.050","17.86M","0.55%"
"07/25/2018","6.076","6.122","6.141","6.009","32.78M","-1.36%"
"07/24/2018","6.159","6.217","6.217","6.128","37.52M","-0.95%"
"07/23/2018","6.219","6.196","6.241","6.180","18.76M","0.15%"
"07/20/2018","6.209","6.198","6.258","6.161","29.28M","0.30%"
"07/19/2018","6.191","6.235","6.235","6.169","15.97M","-0.51%"
"07/18/2018","6.222","6.193","6.232","6.152","12.70M","0.48%"
"07/17/2018","6.193","6.174","6.200","6.113","43.41M","0.18%"
"07/16/2018","6.182","6.180","6.217","6.144","24.42M","-0.24%"
"07/13/2018","6.196","6.258","6.271","6.165","18.38M","-0.12%"
"07/12/2018","6.204","6.213","6.213","6.172","13.36M","0.30%"
"07/11/2018","6.185","6.200","6.278","6.172","24.47M","-0.77%"
"07/10/2018","6.234","6.234","6.265","6.191","16.46M","-0.36%"
"07/09/2018","6.256","6.298","6.298","6.226","16.71M","-0.74%"
"07/06/2018","6.303","6.293","6.326","6.243","18.32M","0.43%"
"07/05/2018","6.275","6.225","6.312","6.198","24.17M","0.87%"
"07/04/2018","6.221","6.102","6.223","6.093","18.78M","1.72%"
"07/03/2018","6.116","6.008","6.134","5.989","19.50M","2.08%"
"07/02/2018","5.991","5.937","6.013","5.881","39.22M","-0.03%"
"06/29/2018","5.993","6.073","6.078","5.993","24.30M","-0.48%"
"06/28/2018","6.022","6.029","6.062","5.966","27.59M","-0.75%"
"06/27/2018","6.067","5.933","6.085","5.890","23.06M","2.38%"
"06/26/2018","5.926","5.883","5.988","5.870","27.11M","1.39%"
"06/25/2018","5.845","5.863","5.904","5.836","11.80M","-1.01%"
"06/22/2018","5.904","5.868","5.912","5.825","20.41M","1.43%"
"06/21/2018","5.821","5.984","5.986","5.821","28.68M","-2.28%"
"06/20/2018","5.957","5.977","6.027","5.921","18.30M","0.27%"
"06/19/2018","5.941","5.885","5.950","5.830","20.61M","-0.03%"
"06/18/2018","5.942","6.062","6.064","5.923","18.86M","-2.15%"
"06/15/2018","6.073","6.031","6.100","5.982","68.25M","0.78%"
"06/14/2018","6.026","5.854","6.026","5.843","34.33M","2.40%"
"06/13/2018","5.885","5.885","5.923","5.854","24.91M","-0.37%"
"06/12/2018","5.906","5.901","5.939","5.863","11.55M","-2.91%"
"06/11/2018","6.083","6.000","6.088","5.995","15.02M","2.37%"
"06/08/2018","5.942","5.978","5.986","5.931","16.04M","-0.92%"
"06/07/2018","5.997","5.969","6.023","5.963","13.12M","0.79%"
"06/06/2018","5.950","5.918","5.974","5.901","37.49M","0.54%"
"06/05/2018","5.918","5.937","5.991","5.918","19.08M","-0.40%"
"06/04/2018","5.942","5.881","5.982","5.838","19.99M","2.98%"
"06/01/2018","5.770","5.712","5.795","5.697","21.27M","1.60%"
"05/31/2018","5.679","5.797","5.798","5.662","40.52M","-1.65%"
"05/30/2018","5.774","5.750","5.804","5.707","35.50M","0.23%"
"05/29/2018","5.761","5.798","5.810","5.683","26.41M","-1.44%"
"05/28/2018","5.845","5.928","5.987","5.834","11.19M","-0.86%"
"05/25/2018","5.896","6.072","6.111","5.808","30.86M","-2.35%"
"05/24/2018","6.038","6.057","6.117","6.038","18.22M","-0.46%"
"05/23/2018","6.066","6.081","6.083","6.017","18.14M","-0.98%"
"05/22/2018","6.126","6.131","6.144","6.101","12.82M","0.18%"
"05/21/2018","6.115","6.173","6.178","6.103","16.45M","-0.99%"
"05/18/2018","6.176","6.146","6.180","6.122","26.79M","0.60%"
"05/17/2018","6.139","6.090","6.146","6.079","12.68M","0.85%"
"05/16/2018","6.087","6.126","6.141","6.047","15.87M","-0.70%"
"05/15/2018","6.130","6.101","6.137","6.075","11.75M","0.41%"
"05/14/2018","6.105","6.107","6.137","6.079","12.64M","0.25%"
"05/11/2018","6.090","6.088","6.126","6.062","10.99M","-0.10%"
"05/10/2018","6.096","6.126","6.133","6.072","16.39M","-0.31%"
"05/09/2018","6.115","6.096","6.126","6.042","14.00M","-0.18%"
"05/08/2018","6.126","6.156","6.171","6.105","14.58M","-0.29%"
"05/07/2018","6.144","6.160","6.167","6.126","11.29M","0.00%"
"05/04/2018","6.144","6.118","6.144","6.081","11.07M","0.82%"
"05/03/2018","6.094","6.098","6.143","6.077","19.49M","-0.15%"
"05/02/2018","6.103","5.991","6.105","5.986","17.88M","1.72%"
"04/30/2018","6.000","5.961","6.047","5.952","19.14M","0.72%"
"04/27/2018","5.957","5.952","5.991","5.933","22.46M","0.30%"
"04/26/2018","5.939","5.928","5.972","5.911","21.29M","0.58%"
"04/25/2018","5.905","5.907","5.944","5.868","24.74M","0.22%"
"04/24/2018","5.892","5.836","5.942","5.827","11.88M","0.55%"
"04/23/2018","5.860","5.877","5.886","5.821","18.37M","-0.17%"
"04/20/2018","5.870","5.864","5.888","5.819","17.99M","0.39%"
"04/19/2018","5.847","5.892","5.914","5.825","16.55M","-0.73%"
"04/18/2018","5.890","5.864","5.905","5.840","19.79M","0.48%"
"04/17/2018","5.862","5.817","5.883","5.800","22.47M","0.84%"
"04/16/2018","5.813","5.838","5.838","5.787","34.85M","-0.62%"
"04/13/2018","5.849","5.769","5.862","5.746","20.53M","1.63%"
"04/12/2018","5.755","5.750","5.785","5.720","11.01M","0.31%"
"04/11/2018","5.737","5.643","5.761","5.643","34.62M","1.76%"
"04/10/2018","5.638","5.675","5.677","5.589","13.47M","-0.19%"
"04/09/2018","5.649","5.649","5.694","5.632","14.66M","0.50%"
"04/06/2018","5.621","5.593","5.649","5.580","9.74M","0.50%"
"04/05/2018","5.593","5.611","5.611","5.568","17.71M","0.85%"
"04/04/2018","5.546","5.591","5.604","5.525","16.94M","-0.43%"
"04/03/2018","5.570","5.555","5.611","5.537","10.37M","-0.27%"
"03/29/2018","5.585","5.684","5.684","5.585","20.92M","-1.20%"
"03/28/2018","5.653","5.424","5.653","5.402","19.94M","3.69%"
"03/27/2018","5.452","5.464","5.471","5.396","31.63M","1.00%"
"03/26/2018","5.398","5.413","5.447","5.376","14.93M","0.13%"
"03/23/2018","5.391","5.378","5.419","5.342","23.54M","-0.52%"
"03/22/2018","5.419","5.481","5.553","5.389","27.18M","-1.79%"
"03/21/2018","5.518","5.538","5.572","5.479","18.69M","-0.34%"
"03/20/2018","5.537","5.555","5.583","5.525","20.47M","-0.52%"
"03/19/2018","5.566","5.611","5.615","5.557","20.26M","-0.80%"
"03/16/2018","5.611","5.626","5.647","5.611","39.01M","-0.60%"
"03/15/2018","5.645","5.621","5.666","5.596","20.34M","0.53%"
"03/14/2018","5.615","5.634","5.658","5.589","18.58M","-0.18%"
"03/13/2018","5.625","5.666","5.701","5.615","22.34M","-0.72%"
"03/12/2018","5.666","5.720","5.761","5.658","19.52M","0.11%"
"03/09/2018","5.660","5.669","5.718","5.604","15.15M","-0.19%"
"03/08/2018","5.671","5.621","5.690","5.572","16.15M","1.27%"
"03/07/2018","5.600","5.574","5.630","5.548","18.88M","-0.11%"
"03/06/2018","5.606","5.703","5.705","5.570","24.05M","-0.83%"
"03/05/2018","5.653","5.518","5.668","5.510","13.86M","1.97%"
"03/02/2018","5.544","5.625","5.654","5.537","20.09M","-2.12%"
"03/01/2018","5.664","5.660","5.735","5.632","21.11M","-0.33%"
"02/28/2018","5.683","5.726","5.769","5.683","21.53M","-1.49%"
"02/27/2018","5.769","5.761","5.798","5.733","15.59M","-0.02%"
"02/26/2018","5.770","5.742","5.778","5.699","18.94M","1.07%"
"02/23/2018","5.709","5.576","5.711","5.544","23.44M","1.76%"
"02/22/2018","5.610","5.518","5.623","5.499","24.04M","1.70%"
"02/21/2018","5.516","5.726","5.746","5.492","43.69M","-4.10%"
"02/20/2018","5.752","5.690","5.767","5.690","16.50M","0.72%"
"02/19/2018","5.711","5.740","5.759","5.686","11.43M","-0.26%"
"02/16/2018","5.726","5.686","5.744","5.677","34.53M","1.27%"
"02/15/2018","5.654","5.679","5.690","5.576","15.23M","0.12%"
"02/14/2018","5.647","5.641","5.696","5.595","20.34M","0.73%"
"02/13/2018","5.606","5.699","5.705","5.606","15.54M","-1.51%"
"02/12/2018","5.692","5.630","5.701","5.606","21.12M","1.81%"
"02/09/2018","5.591","5.654","5.694","5.568","30.25M","-1.84%"
"02/08/2018","5.696","5.740","5.769","5.683","43.66M","-1.74%"
"02/07/2018","5.797","5.746","5.797","5.692","24.89M","2.31%"
"02/06/2018","5.666","5.701","5.847","5.602","31.21M","-3.95%"
"02/05/2018","5.899","5.952","6.051","5.899","23.14M","-1.47%"
"02/02/2018","5.987","6.073","6.073","5.971","16.09M","-1.61%"
"02/01/2018","6.085","6.148","6.236","6.068","17.24M","-0.78%"
"01/31/2018","6.133","6.126","6.146","6.094","15.41M","0.11%"
"01/30/2018","6.126","6.158","6.184","6.098","13.96M","-1.02%"
"01/29/2018","6.189","6.236","6.236","6.161","13.51M","-1.09%"
"01/26/2018","6.257","6.332","6.333","6.257","11.78M","-0.49%"
"01/25/2018","6.288","6.332","6.356","6.249","18.08M","-0.46%"
"01/24/2018","6.317","6.261","6.326","6.261","17.06M","0.33%"
"01/23/2018","6.296","6.285","6.328","6.255","23.16M","0.72%"
"01/22/2018","6.251","6.259","6.281","6.234","16.97M","0.10%"
"01/19/2018","6.245","6.206","6.277","6.167","45.78M","0.42%"
"01/18/2018","6.219","6.290","6.290","6.180","24.41M","-0.85%"
"01/17/2018","6.272","6.261","6.281","6.216","24.33M","0.10%"
"01/16/2018","6.266","6.173","6.313","6.163","26.60M","2.04%"
"01/15/2018","6.141","6.117","6.169","6.111","14.92M","0.56%"
"01/12/2018","6.107","6.066","6.122","6.064","15.51M","0.78%"
"01/11/2018","6.060","6.040","6.085","6.004","24.26M","1.10%"
"01/10/2018","5.994","6.042","6.064","5.972","18.02M","-1.09%"
"01/09/2018","6.060","6.139","6.156","6.038","14.34M","-1.14%"
"01/08/2018","6.130","6.194","6.213","6.130","12.80M","-0.86%"
"01/05/2018","6.183","6.121","6.194","6.075","20.36M","1.13%"
"01/04/2018","6.114","5.912","6.114","5.908","59.18M","3.42%"
"01/03/2018","5.912","5.888","5.912","5.868","44.33M","0.61%"
"01/02/2018","5.876","5.966","5.973","5.876","22.27M","-0.88%"
"12/29/2017","5.928","5.934","5.963","5.924","17.81M","0.07%"
"12/28/2017","5.924","5.977","5.982","5.924","8.21M","-0.87%"
"12/27/2017","5.976","5.965","6.021","5.940","15.01M","-0.08%"
"12/22/2017","5.981","5.965","6.037","5.951","22.23M","-1.01%"
"12/21/2017","6.042","6.047","6.052","5.962","32.49M","0.07%"
"12/20/2017","6.038","6.013","6.051","5.933","21.56M","0.73%"
"12/19/2017","5.994","6.112","6.119","5.992","11.82M","-1.66%"
"12/18/2017","6.095","6.071","6.126","6.055","29.87M","0.93%"
"12/15/2017","6.039","5.992","6.089","5.976","33.66M","0.97%"
"12/14/2017","5.981","6.075","6.113","5.981","21.42M","-1.66%"
"12/13/2017","6.082","6.128","6.174","6.076","20.79M","-1.38%"
"12/12/2017","6.167","6.190","6.192","6.123","20.83M","0.10%"
"12/11/2017","6.161","6.170","6.173","6.105","8.07M","-0.05%"
"12/08/2017","6.164","6.197","6.208","6.142","9.98M","-0.47%"
"12/07/2017","6.193","6.155","6.193","6.121","29.60M","0.57%"
"12/06/2017","6.158","6.061","6.172","6.040","14.70M","1.12%"
"12/05/2017","6.090","6.075","6.120","6.064","11.93M","0.13%"
"12/04/2017","6.082","6.053","6.091","5.994","12.29M","0.78%"
"12/01/2017","6.035","6.125","6.155","6.030","13.07M","-1.44%"
"11/30/2017","6.123","6.145","6.181","6.092","56.23M","-0.03%"
"11/29/2017","6.125","6.079","6.160","6.069","28.25M","1.22%"
"11/28/2017","6.051","6.012","6.077","5.986","10.55M","0.83%"
"11/27/2017","6.001","5.893","6.027","5.891","24.19M","1.68%"
"11/24/2017","5.902","5.945","5.973","5.899","8.96M","-0.71%"
"11/23/2017","5.944","5.900","5.981","5.900","13.78M","0.27%"
"11/22/2017","5.928","5.928","5.997","5.906","18.85M","0.19%"
"11/21/2017","5.917","5.906","5.981","5.899","13.78M","-0.19%"
"11/20/2017","5.928","5.957","5.980","5.919","40.14M","-0.15%"
"11/17/2017","5.937","6.011","6.040","5.926","18.82M","-1.13%"
"11/16/2017","6.005","6.041","6.121","5.999","15.54M","0.10%"
"11/15/2017","5.999","5.919","6.028","5.913","26.27M","0.64%"
"11/14/2017","5.961","6.003","6.047","5.961","18.60M","-0.98%"
"11/13/2017","6.020","6.065","6.083","5.954","20.08M","-0.55%"
"11/10/2017","6.053","6.102","6.112","6.031","16.76M","-1.03%"
"11/09/2017","6.116","6.198","6.210","6.091","15.64M","-1.21%"
"11/08/2017","6.191","6.220","6.238","6.114","21.86M","-0.27%"
"11/07/2017","6.208","6.304","6.311","6.159","20.33M","-1.66%"
"11/06/2017","6.313","6.287","6.332","6.242","26.64M","0.30%"
"11/03/2017","6.294","6.328","6.332","6.225","12.44M","-0.54%"
"11/02/2017","6.328","6.351","6.370","6.319","12.32M","-0.27%"
"11/01/2017","6.345","6.406","6.409","6.327","14.48M","-0.35%"
"10/31/2017","6.367","6.332","6.389","6.281","36.01M","1.16%"
"10/30/2017","6.294","6.164","6.331","6.159","22.46M","2.68%"
"10/27/2017","6.130","6.179","6.276","6.110","21.20M","-0.87%"
"10/26/2017","6.184","6.054","6.185","5.986","23.69M","2.43%"
"10/25/2017","6.037","6.114","6.128","6.025","16.01M","-2.01%"
"10/24/2017","6.161","6.181","6.217","6.142","26.16M","-0.53%"
"10/23/2017","6.194","6.121","6.208","6.118","11.36M","0.73%"
"10/20/2017","6.149","6.138","6.170","6.114","13.56M","0.24%"
"10/19/2017","6.134","6.131","6.158","6.078","14.15M","0.28%"
"10/18/2017","6.117","6.158","6.172","6.110","13.36M","-0.52%"
"10/17/2017","6.149","6.118","6.206","6.099","11.59M","0.31%"
"10/16/2017","6.130","6.198","6.210","6.118","13.71M","-1.37%"
"10/13/2017","6.215","6.231","6.239","6.179","14.38M","0.18%"
"10/12/2017","6.204","6.190","6.212","6.177","16.21M","0.32%"
"10/11/2017","6.184","6.124","6.207","6.106","22.02M","2.20%"
"10/10/2017","6.051","6.049","6.075","6.012","13.32M","0.02%"
"10/09/2017","6.050","5.926","6.057","5.926","23.02M","2.06%"
"10/06/2017","5.928","5.909","5.949","5.861","19.45M","0.19%"
"10/05/2017","5.917","5.766","5.964","5.755","29.91M","3.12%"
"10/04/2017","5.738","5.893","5.910","5.738","36.24M","-3.37%"
"10/03/2017","5.938","5.956","5.973","5.870","18.18M","-1.30%"
"10/02/2017","6.016","5.956","6.019","5.940","33.31M","-0.25%"
"09/29/2017","6.031","5.965","6.031","5.936","29.39M","0.95%"
"09/28/2017","5.974","6.045","6.067","5.968","18.23M","-1.37%"
"09/27/2017","6.057","6.073","6.093","6.054","20.80M","-0.49%"
"09/26/2017","6.087","6.082","6.107","6.069","10.84M","-0.25%"
"09/25/2017","6.102","6.059","6.102","6.023","10.98M","0.33%"
"09/22/2017","6.082","6.092","6.125","6.074","12.07M","-0.67%"
"09/21/2017","6.123","6.151","6.151","6.086","10.27M","-0.60%"
"09/20/2017","6.160","6.176","6.222","6.149","14.15M","-0.55%"
"09/19/2017","6.194","6.140","6.207","6.121","16.58M","0.29%"
"09/18/2017","6.176","6.204","6.238","6.156","13.63M","-0.27%"
"09/15/2017","6.193","6.169","6.237","6.144","53.97M","-0.02%"
"09/14/2017","6.194","6.273","6.279","6.144","17.77M","-1.74%"
"09/13/2017","6.304","6.329","6.329","6.271","23.80M","-0.24%"
"09/12/2017","6.319","6.385","6.409","6.307","12.79M","-0.63%"
"09/11/2017","6.359","6.350","6.401","6.343","14.71M","0.57%"
"09/08/2017","6.323","6.318","6.348","6.254","10.20M","-0.28%"
"09/07/2017","6.341","6.313","6.374","6.309","14.28M","0.87%"
"09/06/2017","6.286","6.253","6.311","6.221","13.18M","-0.17%"
"09/05/2017","6.297","6.262","6.315","6.213","9.71M","0.41%"
"09/04/2017","6.271","6.278","6.312","6.252","9.65M","-0.52%"
"09/01/2017","6.304","6.318","6.346","6.302","10.20M","0.13%"
"08/31/2017","6.296","6.284","6.316","6.277","40.68M","0.18%"
"08/30/2017","6.285","6.332","6.332","6.264","8.05M","-0.30%"
"08/29/2017","6.304","6.289","6.328","6.245","9.26M","-0.58%"
"08/28/2017","6.341","6.333","6.381","6.326","5.05M","-0.44%"
"08/25/2017","6.369","6.387","6.387","6.324","6.73M","0.20%"
"08/24/2017","6.356","6.389","6.400","6.348","11.52M","-0.22%"
"08/23/2017","6.370","6.400","6.417","6.331","14.53M","-0.56%"
"08/22/2017","6.406","6.419","6.424","6.372","6.81M","0.20%"
"08/21/2017","6.393","6.415","6.419","6.362","11.75M","-0.62%"
"08/18/2017","6.433","6.378","6.433","6.372","14.03M","-0.06%"
"08/17/2017","6.437","6.398","6.443","6.375","15.93M","0.64%"
"08/16/2017","6.396","6.369","6.396","6.358","11.75M","0.68%"
"08/15/2017","6.353","6.329","6.373","6.318","8.60M","0.83%"
"08/14/2017","6.301","6.154","6.307","6.151","26.24M","2.42%"
"08/11/2017","6.152","6.172","6.215","6.125","13.41M","-0.77%"
"08/10/2017","6.200","6.261","6.286","6.179","12.46M","-1.29%"
"08/09/2017","6.281","6.308","6.313","6.227","21.35M","-0.66%"
"08/08/2017","6.323","6.300","6.348","6.291","9.27M","0.68%"
"08/07/2017","6.280","6.299","6.308","6.251","5.46M","-0.08%"
"08/04/2017","6.285","6.203","6.338","6.194","14.40M","1.03%"
"08/03/2017","6.221","6.183","6.244","6.164","8.21M","0.27%"
"08/02/2017","6.204","6.212","6.258","6.176","22.93M","0.05%"
"08/01/2017","6.201","6.194","6.230","6.124","12.55M","1.41%"
"07/31/2017","6.115","6.092","6.176","6.082","22.52M","0.18%"
"07/28/2017","6.104","6.132","6.149","6.071","20.39M","-1.01%"
"07/27/2017","6.166","6.126","6.204","6.125","13.71M","0.33%"
"07/26/2017","6.146","6.152","6.212","6.139","26.95M","0.13%"
"07/25/2017","6.138","6.177","6.252","6.138","23.41M","-0.24%"
"07/24/2017","6.153","6.214","6.226","6.096","25.29M","-1.01%"
"07/21/2017","6.216","6.249","6.317","6.189","24.00M","-1.46%"
"07/20/2017","6.308","6.424","6.438","6.286","39.27M","-2.11%"
"07/19/2017","6.444","6.384","6.451","6.374","27.80M","1.69%"
"07/18/2017","6.337","6.356","6.424","6.337","28.44M","-0.06%"
"07/17/2017","6.341","6.324","6.343","6.304","22.01M","0.28%"
"07/14/2017","6.323","6.294","6.341","6.290","14.13M","0.14%"
"07/13/2017","6.314","6.327","6.327","6.277","39.91M","0.08%"
"07/12/2017","6.309","6.162","6.318","6.142","25.72M","2.92%"
"07/11/2017","6.130","6.188","6.204","6.122","42.57M","-0.65%"
"07/10/2017","6.170","6.146","6.202","6.127","17.29M","0.73%"
"07/07/2017","6.125","6.106","6.139","6.091","18.31M","-0.10%"
"07/06/2017","6.131","6.183","6.191","6.091","26.85M","-0.95%"
"07/05/2017","6.190","6.197","6.221","6.176","22.81M","-0.45%"
"07/04/2017","6.218","6.222","6.226","6.179","12.25M","-0.22%"
"07/03/2017","6.232","6.250","6.274","6.202","18.47M","0.03%"
"06/30/2017","6.230","6.244","6.324","6.206","23.71M","-0.40%"
"06/29/2017","6.255","6.342","6.350","6.228","36.17M","-1.12%"
"06/28/2017","6.326","6.290","6.384","6.222","43.44M","0.17%"
"06/27/2017","6.315","6.443","6.463","6.315","74.38M","-2.47%"
"06/26/2017","6.475","6.359","6.475","6.335","94.83M","1.92%"
"06/23/2017","6.353","6.378","6.401","6.312","21.88M","-0.83%"
"06/22/2017","6.406","6.453","6.456","6.379","19.51M","-0.99%"
"06/21/2017","6.470","6.413","6.504","6.366","24.06M","0.54%"
"06/20/2017","6.435","6.443","6.480","6.435","25.68M","-0.11%"
"06/19/2017","6.442","6.501","6.510","6.441","35.64M","-0.15%"
"06/16/2017","6.452","6.374","6.452","6.360","63.52M","1.77%"
"06/15/2017","6.340","6.333","6.350","6.257","24.96M","-0.20%"
"06/14/2017","6.353","6.330","6.394","6.330","21.34M","0.57%"
"06/13/2017","6.317","6.421","6.421","6.317","30.72M","0.19%"
"06/12/2017","6.305","6.401","6.407","6.290","21.12M","-1.87%"
"06/09/2017","6.425","6.470","6.501","6.390","17.94M","-0.51%"
"06/08/2017","6.458","6.508","6.532","6.381","14.81M","-2.05%"
"06/07/2017","6.593","6.623","6.690","6.567","15.76M","-0.80%"
"06/06/2017","6.646","6.579","6.668","6.544","16.15M","0.80%"
"06/05/2017","6.593","6.524","6.631","6.524","9.43M","0.63%"
"06/02/2017","6.552","6.545","6.569","6.516","10.81M","0.55%"
"06/01/2017","6.516","6.533","6.567","6.490","13.02M","0.14%"
"05/31/2017","6.507","6.467","6.565","6.453","42.13M","0.70%"
"05/30/2017","6.462","6.394","6.465","6.388","9.38M","0.34%"
"05/29/2017","6.440","6.417","6.468","6.416","5.47M","0.26%"
"05/26/2017","6.423","6.441","6.471","6.391","8.31M","-0.80%"
"05/25/2017","6.475","6.412","6.478","6.401","9.44M","1.55%"
"05/24/2017","6.376","6.454","6.465","6.376","11.17M","-1.25%"
"05/23/2017","6.457","6.355","6.457","6.355","12.98M","1.21%"
"05/22/2017","6.380","6.361","6.380","6.315","12.60M","0.35%"
"05/19/2017","6.358","6.247","6.380","6.235","17.35M","1.76%"
"05/18/2017","6.248","6.234","6.279","6.206","14.08M","-0.02%"
"05/17/2017","6.249","6.267","6.308","6.234","13.28M","-0.76%"
"05/16/2017","6.297","6.208","6.298","6.196","15.37M","1.61%"
"05/15/2017","6.197","6.202","6.232","6.168","8.27M","0.00%"
"05/12/2017","6.197","6.142","6.197","6.133","9.43M","0.90%"
"05/11/2017","6.142","6.260","6.260","6.111","24.23M","-1.79%"
"05/10/2017","6.254","6.275","6.289","6.212","16.18M","-0.27%"
"05/09/2017","6.271","6.292","6.317","6.256","15.51M","-0.29%"
"05/08/2017","6.289","6.332","6.342","6.283","11.34M","-0.52%"
"05/05/2017","6.322","6.234","6.322","6.206","16.84M","0.77%"
"05/04/2017","6.274","6.158","6.274","6.142","13.67M","1.77%"
"05/03/2017","6.165","6.102","6.167","6.083","10.61M","0.69%"
"05/02/2017","6.123","6.079","6.128","6.026","16.31M","1.17%"
"04/28/2017","6.052","6.015","6.084","5.977","17.70M","0.05%"
"04/27/2017","6.049","5.959","6.072","5.956","17.33M","1.20%"
"04/26/2017","5.977","6.051","6.066","5.973","20.63M","-1.24%"
"04/25/2017","6.052","6.176","6.176","6.052","17.09M","-1.74%"
"04/24/2017","6.159","6.137","6.159","6.062","25.53M","3.17%"
"04/21/2017","5.970","5.961","5.984","5.887","25.27M","0.83%"
"04/20/2017","5.921","6.015","6.067","5.921","22.26M","-1.68%"
"04/19/2017","6.022","6.090","6.101","6.022","16.54M","-1.26%"
"04/18/2017","6.099","6.139","6.158","6.083","14.25M","-0.52%"
"04/13/2017","6.131","6.169","6.170","6.109","9.68M","-0.49%"
"04/12/2017","6.161","6.160","6.187","6.118","13.04M","0.13%"
"04/11/2017","6.153","6.129","6.171","6.124","12.30M","-0.34%"
"04/10/2017","6.174","6.206","6.215","6.140","7.83M","-0.50%"
"04/07/2017","6.205","6.170","6.205","6.157","8.58M","0.06%"
"04/06/2017","6.201","6.107","6.205","6.098","12.78M","1.22%"
"04/05/2017","6.126","6.088","6.135","6.077","13.65M","0.33%"
"04/04/2017","6.106","6.106","6.128","6.053","14.63M","0.26%"
"04/03/2017","6.090","6.160","6.161","6.090","15.47M","-0.93%"
"03/31/2017","6.147","6.056","6.148","6.046","21.99M","1.10%"
"03/30/2017","6.080","6.069","6.080","6.031","10.73M","0.31%"
"03/29/2017","6.061","6.051","6.069","6.004","11.17M","0.35%"
"03/28/2017","6.040","6.041","6.051","5.967","11.20M","0.25%"
"03/27/2017","6.025","5.924","6.025","5.913","9.96M","1.35%"
"03/24/2017","5.945","5.968","5.973","5.926","12.91M","-0.23%"
"03/23/2017","5.959","5.968","5.973","5.913","13.31M","-0.20%"
"03/22/2017","5.971","5.899","5.990","5.896","19.40M","1.07%"
"03/21/2017","5.908","5.905","5.923","5.869","21.04M","0.54%"
"03/20/2017","5.876","5.882","5.900","5.855","14.15M","-0.56%"
"03/17/2017","5.909","5.839","5.909","5.792","38.06M","1.36%"
"03/16/2017","5.830","5.798","5.841","5.776","24.48M","1.27%"
"03/15/2017","5.757","5.777","5.787","5.731","12.69M","-0.19%"
"03/14/2017","5.768","5.797","5.800","5.742","16.34M","-0.14%"
"03/13/2017","5.776","5.795","5.810","5.753","11.10M","0.00%"
"03/10/2017","5.776","5.886","5.898","5.771","19.19M","-1.87%"
"03/09/2017","5.886","5.830","5.907","5.804","18.66M","0.48%"
"03/08/2017","5.858","5.883","5.912","5.830","24.19M","-0.29%"
"03/07/2017","5.875","5.842","5.877","5.822","20.65M","0.50%"
"03/06/2017","5.846","5.804","5.861","5.789","18.12M","0.62%"
"03/03/2017","5.810","5.766","5.821","5.757","16.05M","0.66%"
"03/02/2017","5.772","5.753","5.791","5.731","14.13M","0.14%"
"03/01/2017","5.764","5.766","5.797","5.742","17.57M","0.21%"
"02/28/2017","5.752","5.749","5.761","5.715","14.72M","0.07%"
"02/27/2017","5.748","5.767","5.769","5.695","11.33M","-0.16%"
"02/24/2017","5.757","5.694","5.768","5.691","23.43M","0.72%"
"02/23/2017","5.716","5.592","5.716","5.572","26.52M","2.49%"
"02/22/2017","5.577","5.570","5.643","5.548","30.15M","-0.41%"
"02/21/2017","5.600","5.583","5.611","5.556","14.40M","0.30%"
"02/20/2017","5.583","5.552","5.591","5.521","16.29M","1.10%"
"02/17/2017","5.522","5.570","5.570","5.501","11.25M","-0.61%"
"02/16/2017","5.556","5.550","5.568","5.512","11.46M","0.27%"
"02/15/2017","5.541","5.518","5.583","5.506","10.39M","0.54%"
"02/14/2017","5.511","5.592","5.599","5.507","11.49M","-1.04%"
"02/13/2017","5.569","5.518","5.575","5.496","12.60M","1.31%"
"02/10/2017","5.497","5.545","5.565","5.468","9.39M","-0.87%"
"02/09/2017","5.545","5.511","5.569","5.505","14.53M","0.74%"
"02/08/2017","5.504","5.413","5.504","5.388","19.62M","1.89%"
"02/07/2017","5.402","5.326","5.424","5.311","11.65M","1.05%"
"02/06/2017","5.346","5.409","5.412","5.331","13.70M","-0.43%"
"02/03/2017","5.369","5.377","5.388","5.341","12.85M","0.21%"
"02/02/2017","5.358","5.284","5.389","5.280","14.81M","0.98%"
"02/01/2017","5.306","5.389","5.410","5.302","19.12M","-0.79%"
"01/31/2017","5.348","5.322","5.374","5.301","16.60M","0.56%"
"01/30/2017","5.318","5.363","5.384","5.316","12.27M","-1.34%"
"01/27/2017","5.390","5.440","5.446","5.376","9.65M","-0.54%"
"01/26/2017","5.419","5.464","5.471","5.412","13.05M","-0.48%"
"01/25/2017","5.445","5.475","5.484","5.441","16.10M","-0.02%"
"01/24/2017","5.446","5.446","5.481","5.424","9.99M","0.07%"
"01/23/2017","5.442","5.482","5.506","5.442","10.87M","-1.18%"
"01/20/2017","5.507","5.467","5.537","5.460","23.32M","1.01%"
"01/19/2017","5.452","5.470","5.486","5.434","13.73M","-0.78%"
"01/18/2017","5.495","5.535","5.568","5.488","15.60M","-0.60%"
"01/17/2017","5.528","5.520","5.534","5.501","11.55M","0.00%"
"01/16/2017","5.528","5.540","5.563","5.521","10.06M","-0.61%"
"01/13/2017","5.562","5.566","5.571","5.523","17.14M","0.14%"
"01/12/2017","5.554","5.492","5.560","5.489","20.29M","1.11%"
"01/11/2017","5.493","5.455","5.501","5.441","16.44M","0.40%"
"01/10/2017","5.471","5.532","5.545","5.468","15.74M","-0.98%"
"01/09/2017","5.525","5.519","5.542","5.490","10.93M","0.40%"
"01/06/2017","5.503","5.510","5.526","5.475","10.64M","-0.27%"
"01/05/2017","5.518","5.511","5.530","5.469","16.91M","-0.58%"
"01/04/2017","5.550","5.614","5.620","5.525","18.00M","-0.82%"
"01/03/2017","5.596","5.652","5.666","5.577","15.83M","-0.71%"
"01/02/2017","5.636","5.598","5.648","5.598","8.00M","0.14%"
"12/30/2016","5.628","5.596","5.628","5.584","14.34M","0.32%"
"12/29/2016","5.610","5.569","5.610","5.555","11.88M","0.41%"
"12/28/2016","5.587","5.568","5.587","5.545","11.90M","0.09%"
"12/27/2016","5.582","5.516","5.584","5.516","9.96M","0.72%"
"12/23/2016","5.542","5.497","5.543","5.492","10.17M","0.47%"
"12/22/2016","5.516","5.483","5.516","5.462","13.24M","0.31%"
"12/21/2016","5.499","5.480","5.499","5.452","12.05M","0.11%"
"12/20/2016","5.493","5.444","5.507","5.442","17.45M","0.86%"
"12/19/2016","5.446","5.404","5.451","5.390","16.03M","0.52%"
"12/16/2016","5.418","5.345","5.453","5.345","55.69M","-0.07%"
"12/15/2016","5.422","5.307","5.436","5.266","30.56M","1.12%"
"12/14/2016","5.362","5.389","5.404","5.338","20.25M","-0.80%"
"12/13/2016","5.405","5.293","5.413","5.293","29.89M","-2.82%"
"12/12/2016","5.562","5.502","5.562","5.477","15.18M","1.15%"
"12/09/2016","5.499","5.420","5.504","5.385","17.95M","1.38%"
"12/08/2016","5.424","5.434","5.453","5.368","21.93M","0.31%"
"12/07/2016","5.407","5.474","5.483","5.348","22.37M","-0.79%"
"12/06/2016","5.450","5.292","5.475","5.282","23.93M","3.47%"
"12/05/2016","5.267","5.247","5.331","5.229","13.74M","-0.32%"
"12/02/2016","5.284","5.243","5.306","5.215","15.96M","0.00%"
"12/01/2016","5.284","5.339","5.339","5.255","19.36M","-1.42%"
"11/30/2016","5.360","5.409","5.448","5.360","24.01M","-0.91%"
"11/29/2016","5.409","5.397","5.417","5.342","12.97M","0.22%"
"11/28/2016","5.397","5.376","5.455","5.361","14.83M","0.06%"
"11/25/2016","5.394","5.305","5.394","5.291","15.07M","2.10%"
"11/24/2016","5.283","5.298","5.309","5.278","6.41M","0.06%"
"11/23/2016","5.280","5.314","5.361","5.268","14.73M","-0.64%"
"11/22/2016","5.314","5.357","5.389","5.308","12.01M","0.00%"
"11/21/2016","5.314","5.332","5.337","5.292","11.33M","-0.09%"
"11/18/2016","5.319","5.399","5.399","5.272","21.49M","-1.23%"
"11/17/2016","5.385","5.282","5.385","5.282","19.39M","2.16%"
"11/16/2016","5.271","5.346","5.387","5.248","24.40M","-1.20%"
"11/15/2016","5.335","5.345","5.413","5.309","19.36M","0.26%"
"11/14/2016","5.321","5.427","5.435","5.311","20.98M","-1.35%"
"11/11/2016","5.394","5.465","5.516","5.394","25.77M","-0.74%"
"11/10/2016","5.434","5.616","5.623","5.367","43.12M","-2.76%"
"11/09/2016","5.588","5.569","5.606","5.517","37.07M","-2.05%"
"11/08/2016","5.705","5.728","5.746","5.687","11.93M","-0.28%"
"11/07/2016","5.721","5.757","5.771","5.698","13.87M","0.69%"
"11/04/2016","5.682","5.690","5.706","5.665","13.01M","-0.58%"
"11/03/2016","5.715","5.733","5.747","5.693","15.67M","-0.73%"
"11/02/2016","5.757","5.776","5.794","5.734","17.49M","-1.17%"
"11/01/2016","5.825","5.905","5.905","5.803","14.82M","-0.60%"
"10/31/2016","5.860","5.854","5.882","5.835","12.50M","-0.27%"
"10/28/2016","5.876","5.831","5.907","5.818","15.17M","0.26%"
"10/27/2016","5.861","5.896","5.918","5.834","25.04M","-0.27%"
"10/26/2016","5.877","5.821","5.895","5.804","23.14M","0.82%"
"10/25/2016","5.829","5.852","5.885","5.797","17.08M","-0.12%"
"10/24/2016","5.836","5.852","5.889","5.831","17.32M","-0.03%"
"10/21/2016","5.838","5.804","5.838","5.771","14.19M","0.62%"
"10/20/2016","5.802","5.776","5.832","5.752","12.62M","0.61%"
"10/19/2016","5.767","5.755","5.775","5.717","11.13M","0.42%"
"10/18/2016","5.743","5.700","5.763","5.692","17.42M","1.45%"
"10/17/2016","5.661","5.625","5.667","5.617","13.79M","-0.04%"
"10/14/2016","5.663","5.584","5.677","5.572","17.95M","2.05%"
"10/13/2016","5.549","5.512","5.553","5.485","12.23M","0.49%"
"10/12/2016","5.522","5.537","5.567","5.517","12.36M","-0.34%"
"10/11/2016","5.541","5.580","5.611","5.537","15.97M","-0.72%"
"10/10/2016","5.581","5.532","5.593","5.495","14.79M","1.05%"
"10/07/2016","5.523","5.602","5.602","5.521","26.66M","-1.11%"
"10/06/2016","5.585","5.648","5.648","5.575","12.29M","-0.66%"
"10/05/2016","5.622","5.616","5.641","5.603","21.00M","-0.90%"
"10/04/2016","5.673","5.683","5.711","5.646","13.27M","-0.42%"
"10/03/2016","5.697","5.673","5.744","5.670","9.63M","-0.26%"
"09/30/2016","5.712","5.672","5.740","5.623","17.83M","-0.23%"
"09/29/2016","5.725","5.738","5.779","5.721","16.64M","0.69%"
"09/28/2016","5.686","5.672","5.695","5.650","16.02M","1.19%"
"09/27/2016","5.619","5.657","5.663","5.589","10.20M","-0.27%"
"09/26/2016","5.634","5.619","5.642","5.587","11.29M","-0.34%"
"09/23/2016","5.653","5.692","5.696","5.601","12.90M","-0.86%"
"09/22/2016","5.702","5.621","5.730","5.606","18.15M","1.88%"
"09/21/2016","5.597","5.682","5.686","5.591","10.93M","-0.48%"
"09/20/2016","5.624","5.643","5.664","5.623","10.32M","-0.58%"
"09/19/2016","5.657","5.647","5.666","5.615","13.12M","1.09%"
"09/16/2016","5.596","5.540","5.616","5.530","31.10M","0.74%"
"09/15/2016","5.555","5.567","5.594","5.539","13.54M","-0.48%"
"09/14/2016","5.582","5.603","5.619","5.559","13.24M","0.16%"
"09/13/2016","5.573","5.621","5.637","5.573","12.42M","-0.54%"
"09/12/2016","5.603","5.608","5.631","5.578","15.77M","-1.75%"
"09/09/2016","5.703","5.738","5.746","5.665","15.52M","-0.61%"
"09/08/2016","5.738","5.769","5.795","5.693","16.37M","-0.54%"
"09/07/2016","5.769","5.762","5.825","5.750","23.06M","1.48%"
"09/06/2016","5.685","5.720","5.721","5.678","9.08M","-0.44%"
"09/05/2016","5.710","5.689","5.723","5.675","8.01M","0.55%"
"09/02/2016","5.679","5.587","5.680","5.587","15.57M","1.83%"
"09/01/2016","5.577","5.586","5.630","5.555","12.13M","0.14%"
"08/31/2016","5.569","5.554","5.584","5.543","22.21M","0.18%"
"08/30/2016","5.559","5.564","5.584","5.552","11.75M","0.14%"
"08/29/2016","5.551","5.535","5.558","5.509","8.25M","-0.22%"
"08/26/2016","5.563","5.553","5.591","5.535","8.54M","0.27%"
"08/25/2016","5.548","5.549","5.567","5.535","7.76M","-0.25%"
"08/24/2016","5.562","5.533","5.590","5.522","8.29M","-0.32%"
"08/23/2016","5.580","5.572","5.621","5.558","9.01M","0.59%"
"08/22/2016","5.547","5.529","5.567","5.502","7.90M","0.33%"
"08/19/2016","5.529","5.587","5.611","5.518","11.25M","-1.07%"
"08/18/2016","5.589","5.599","5.611","5.565","8.28M","0.36%"
"08/17/2016","5.569","5.649","5.655","5.559","11.33M","-1.12%"
"08/16/2016","5.632","5.720","5.720","5.632","11.77M","-1.80%"
"08/15/2016","5.735","5.743","5.774","5.730","4.46M","-0.23%"
"08/12/2016","5.748","5.724","5.749","5.714","6.03M","0.16%"
"08/11/2016","5.739","5.694","5.739","5.673","7.96M","1.20%"
"08/10/2016","5.671","5.663","5.698","5.653","10.84M","-0.33%"
"08/09/2016","5.690","5.661","5.700","5.650","13.00M","0.07%"
"08/08/2016","5.686","5.691","5.715","5.676","10.03M","-0.02%"
"08/05/2016","5.687","5.671","5.717","5.657","8.04M","0.46%"
"08/04/2016","5.661","5.658","5.675","5.625","8.95M","0.66%"
"08/03/2016","5.624","5.695","5.695","5.624","11.02M","-0.69%"
"08/02/2016","5.663","5.752","5.759","5.656","14.60M","-1.53%"
"08/01/2016","5.751","5.823","5.842","5.751","8.63M","-0.84%"
"07/29/2016","5.800","5.799","5.809","5.757","13.05M","0.78%"
"07/28/2016","5.755","5.814","5.825","5.755","11.67M","-0.96%"
"07/27/2016","5.811","5.844","5.864","5.811","11.42M","-0.29%"
"07/26/2016","5.828","5.823","5.851","5.787","13.74M","0.00%"
"07/25/2016","5.828","5.822","5.875","5.799","15.29M","0.74%"
"07/22/2016","5.785","5.759","5.817","5.749","12.38M","-0.09%"
"07/21/2016","5.790","5.810","5.823","5.753","15.23M","0.00%"
"07/20/2016","5.790","5.710","5.813","5.666","26.28M","2.48%"
"07/19/2016","5.650","5.651","5.679","5.614","15.20M","-0.39%"
"07/18/2016","5.672","5.651","5.691","5.631","15.84M","0.73%"
"07/15/2016","5.631","5.620","5.657","5.563","17.64M","0.30%"
"07/14/2016","5.614","5.653","5.667","5.589","16.81M","0.18%"
"07/13/2016","5.604","5.527","5.630","5.510","17.05M","1.50%"
"07/12/2016","5.521","5.527","5.564","5.469","22.32M","-0.38%"
"07/11/2016","5.542","5.569","5.587","5.516","20.59M","0.24%"
"07/08/2016","5.529","5.449","5.565","5.440","22.02M","1.36%"
"07/07/2016","5.455","5.430","5.476","5.408","24.45M","1.39%"
"07/06/2016","5.380","5.382","5.417","5.347","26.90M","-0.48%"
"07/05/2016","5.406","5.561","5.591","5.389","40.48M","-4.42%"
"07/04/2016","5.656","5.651","5.669","5.599","12.53M","0.82%"
"07/01/2016","5.610","5.647","5.675","5.575","19.48M","-0.44%"
"06/30/2016","5.635","5.503","5.635","5.472","29.55M","2.47%"
"06/29/2016","5.499","5.353","5.499","5.353","24.24M","3.99%"
"06/28/2016","5.288","5.226","5.352","5.184","27.29M","3.12%"
"06/27/2016","5.128","5.017","5.241","4.989","42.01M","2.81%"
"06/24/2016","4.988","4.451","5.165","4.443","70.64M","-10.19%"
"06/23/2016","5.554","5.592","5.630","5.502","16.70M","0.25%"
"06/22/2016","5.540","5.557","5.591","5.512","15.99M","0.20%"
"06/21/2016","5.529","5.582","5.591","5.529","21.03M","-0.72%"
"06/20/2016","5.569","5.490","5.571","5.479","19.85M","3.55%"
"06/17/2016","5.378","5.336","5.429","5.325","40.54M","1.72%"
"06/16/2016","5.287","5.230","5.317","5.212","18.97M","-0.11%"
"06/15/2016","5.293","5.260","5.361","5.244","19.45M","0.88%"
"06/14/2016","5.247","5.335","5.341","5.247","24.14M","-2.49%"
"06/13/2016","5.381","5.424","5.446","5.371","15.79M","-1.72%"
"06/10/2016","5.475","5.609","5.634","5.475","21.80M","-2.68%"
"06/09/2016","5.626","5.583","5.647","5.577","14.72M","0.41%"
"06/08/2016","5.603","5.549","5.616","5.540","12.58M","0.47%"
"06/07/2016","5.577","5.568","5.588","5.550","14.12M","0.81%"
"06/06/2016","5.532","5.531","5.577","5.523","9.24M","-0.11%"
"06/03/2016","5.538","5.591","5.626","5.534","11.48M","-0.57%"
"06/02/2016","5.570","5.554","5.597","5.534","15.73M","0.27%"
"06/01/2016","5.555","5.613","5.642","5.555","16.07M","-1.56%"
"05/31/2016","5.643","5.707","5.725","5.643","20.41M","-1.21%"
"05/30/2016","5.712","5.706","5.719","5.677","5.87M","-0.05%"
"05/27/2016","5.715","5.713","5.739","5.693","12.33M","0.30%"
"05/26/2016","5.698","5.683","5.722","5.651","12.16M","-0.02%"
"05/25/2016","5.699","5.679","5.732","5.664","14.83M","0.92%"
"05/24/2016","5.647","5.529","5.662","5.508","11.88M","1.75%"
"05/23/2016","5.550","5.623","5.623","5.544","12.46M","-1.33%"
"05/20/2016","5.625","5.609","5.647","5.590","10.92M","0.82%"
"05/19/2016","5.579","5.601","5.602","5.555","12.38M","-0.80%"
"05/18/2016","5.624","5.576","5.625","5.540","10.88M","0.45%"
"05/17/2016","5.599","5.688","5.700","5.578","10.27M","-1.04%"
"05/16/2016","5.658","5.632","5.658","5.591","4.73M","-0.25%"
"05/13/2016","5.672","5.598","5.672","5.580","10.04M","0.91%"
"05/12/2016","5.621","5.591","5.669","5.577","10.48M","0.55%"
"05/11/2016","5.590","5.691","5.705","5.586","12.04M","-2.08%"
"05/10/2016","5.709","5.707","5.739","5.666","12.88M","1.13%"
"05/09/2016","5.645","5.657","5.702","5.621","10.56M","0.04%"
"05/06/2016","5.643","5.633","5.671","5.575","13.44M","0.09%"
"05/05/2016","5.638","5.619","5.700","5.617","9.69M","0.45%"
"05/04/2016","5.613","5.699","5.720","5.603","14.11M","-1.16%"
"05/03/2016","5.679","5.774","5.788","5.679","15.75M","-1.98%"
"05/02/2016","5.794","5.784","5.803","5.742","7.75M","0.89%"
"04/29/2016","5.743","5.756","5.775","5.719","18.59M","-1.17%"
"04/28/2016","5.811","5.758","5.819","5.696","18.55M","1.06%"
"04/27/2016","5.750","5.684","5.765","5.648","21.16M","0.67%"
"04/26/2016","5.712","5.690","5.729","5.674","13.25M","1.15%"
"04/25/2016","5.647","5.652","5.697","5.645","13.93M","-0.49%"
"04/22/2016","5.675","5.606","5.675","5.602","11.97M","1.07%"
"04/21/2016","5.615","5.684","5.697","5.564","14.04M","-0.69%"
"04/20/2016","5.654","5.508","5.657","5.507","34.38M","1.84%"
"04/19/2016","5.552","5.516","5.566","5.494","17.33M","0.47%"
"04/18/2016","5.526","5.448","5.526","5.415","10.63M","0.35%"
"04/15/2016","5.507","5.486","5.519","5.479","12.10M","0.36%"
"04/14/2016","5.487","5.493","5.503","5.436","21.56M","0.05%"
"04/13/2016","5.484","5.477","5.491","5.417","21.48M","0.94%"
"04/12/2016","5.433","5.421","5.433","5.356","15.23M","0.43%"
"04/11/2016","5.410","5.364","5.433","5.315","20.29M","0.63%"
"04/08/2016","5.376","5.334","5.389","5.314","44.85M","0.98%"
"04/07/2016","5.324","5.353","5.368","5.308","20.35M","-0.47%"
"04/06/2016","5.349","5.336","5.384","5.304","12.49M","0.24%"
"04/05/2016","5.336","5.340","5.364","5.316","18.06M","-1.26%"
"04/04/2016","5.404","5.388","5.465","5.369","13.07M","0.26%"
"04/01/2016","5.390","5.367","5.390","5.295","22.09M","-0.66%"
"03/31/2016","5.426","5.498","5.498","5.419","20.92M","-1.51%"
"03/30/2016","5.509","5.554","5.572","5.475","25.94M","-0.72%"
"03/29/2016","5.549","5.527","5.574","5.500","52.25M","0.67%"
"03/24/2016","5.512","5.526","5.565","5.511","12.56M","-0.52%"
"03/23/2016","5.541","5.534","5.578","5.511","16.16M","0.09%"
"03/22/2016","5.536","5.560","5.585","5.513","14.86M","-0.93%"
"03/21/2016","5.588","5.571","5.619","5.551","11.70M","-0.14%"
"03/18/2016","5.596","5.619","5.623","5.562","32.16M","0.04%"
"03/17/2016","5.594","5.615","5.656","5.524","19.76M","0.21%"
"03/16/2016","5.582","5.675","5.688","5.539","17.25M","-1.19%"
"03/15/2016","5.649","5.620","5.667","5.602","19.19M","0.25%"
"03/14/2016","5.635","5.666","5.690","5.613","18.34M","-0.42%"
"03/11/2016","5.659","5.643","5.685","5.619","15.65M","1.63%"
"03/10/2016","5.568","5.529","5.701","5.507","28.24M","1.11%"
"03/09/2016","5.507","5.401","5.529","5.398","21.03M","2.21%"
"03/08/2016","5.388","5.378","5.444","5.347","19.72M","0.30%"
"03/07/2016","5.372","5.397","5.426","5.364","12.47M","-1.27%"
"03/04/2016","5.441","5.474","5.502","5.416","16.01M","-0.38%"
"03/03/2016","5.462","5.501","5.517","5.442","12.35M","-0.40%"
"03/02/2016","5.484","5.540","5.551","5.458","16.40M","-0.85%"
"03/01/2016","5.531","5.526","5.562","5.500","11.91M","0.18%"
"02/29/2016","5.521","5.457","5.541","5.426","24.88M","0.62%"
"02/26/2016","5.487","5.541","5.593","5.487","16.73M","-0.05%"
"02/25/2016","5.490","5.462","5.522","5.454","15.42M","1.05%"
"02/24/2016","5.433","5.484","5.515","5.397","19.02M","-1.54%"
"02/23/2016","5.518","5.590","5.603","5.512","15.30M","-1.50%"
"02/22/2016","5.602","5.624","5.652","5.602","12.01M","0.66%"
"02/19/2016","5.565","5.593","5.608","5.529","18.32M","-0.55%"
"02/18/2016","5.596","5.561","5.656","5.545","19.57M","1.03%"
"02/17/2016","5.539","5.544","5.582","5.506","18.60M","0.22%"
"02/16/2016","5.527","5.638","5.647","5.510","15.33M","-0.95%"
"02/15/2016","5.580","5.504","5.614","5.471","19.06M","2.57%"
"02/12/2016","5.440","5.518","5.531","5.412","28.19M","-0.82%"
"02/11/2016","5.485","5.554","5.554","5.468","26.96M","-2.38%"
"02/10/2016","5.619","5.651","5.726","5.610","17.87M","-0.18%"
"02/09/2016","5.629","5.696","5.746","5.571","25.73M","-1.02%"
"02/08/2016","5.687","5.794","5.808","5.664","22.12M","-1.57%"
"02/05/2016","5.778","5.836","5.864","5.760","18.44M","-1.18%"
"02/04/2016","5.847","5.948","5.952","5.818","18.79M","-0.73%"
"02/03/2016","5.890","5.948","5.963","5.835","21.38M","-1.07%"
"02/02/2016","5.954","6.037","6.050","5.925","16.79M","-1.34%"
"02/01/2016","6.035","6.002","6.035","5.942","24.06M","1.11%"
"01/29/2016","5.969","6.073","6.107","5.950","36.03M","-0.03%"
"01/28/2016","5.971","6.017","6.057","5.919","19.49M","-0.70%"
"01/27/2016","6.013","5.897","6.013","5.876","18.07M","2.18%"
"01/26/2016","5.885","5.763","5.897","5.755","19.61M","0.70%"
"01/25/2016","5.844","5.857","5.878","5.815","19.89M","0.17%"
"01/22/2016","5.834","5.761","5.868","5.730","27.72M","2.49%"
"01/21/2016","5.692","5.691","5.763","5.621","29.79M","-0.28%"
"01/20/2016","5.708","5.699","5.749","5.657","28.63M","-1.26%"
"01/19/2016","5.781","5.748","5.798","5.703","24.49M","1.89%"
"01/18/2016","5.674","5.684","5.720","5.640","22.18M","-0.44%"
"01/15/2016","5.699","5.752","5.781","5.655","45.96M","-1.35%"
"01/14/2016","5.777","5.786","5.811","5.724","28.52M","-0.84%"
"01/13/2016","5.826","5.820","5.862","5.811","19.00M","0.64%"
"01/12/2016","5.789","5.838","5.839","5.760","25.92M","-1.61%"
"01/11/2016","5.884","5.869","5.955","5.823","32.48M","-0.12%"
"01/08/2016","5.891","5.938","5.968","5.875","16.71M","-0.49%"
"01/07/2016","5.920","5.787","5.941","5.762","32.51M","-0.08%"
"01/06/2016","5.925","5.957","5.957","5.869","15.46M","-0.49%"
"01/05/2016","5.954","5.914","5.968","5.867","16.10M","1.24%"
"01/04/2016","5.881","5.937","5.958","5.844","24.57M","-2.08%"
"12/31/2015","6.006","6.046","6.046","5.974","5.78M","-0.50%"
"12/30/2015","6.036","6.041","6.071","6.005","8.11M","-0.08%"
"12/29/2015","6.041","5.946","6.049","5.946","9.67M","1.87%"
"12/28/2015","5.930","5.968","5.997","5.891","9.73M","-0.49%"
"12/24/2015","5.959","5.941","6.015","5.941","4.10M","0.39%"
"12/23/2015","5.936","5.865","5.953","5.859","25.40M","2.13%"
"12/22/2015","5.812","5.831","5.831","5.736","20.89M","0.21%"
"12/21/2015","5.800","5.814","5.859","5.704","23.95M","-2.32%"
"12/18/2015","5.938","5.979","6.049","5.924","42.72M","-1.57%"
"12/17/2015","6.033","6.034","6.084","6.005","26.55M","-0.30%"
"12/16/2015","6.051","6.099","6.162","6.044","32.60M","-0.98%"
"12/15/2015","6.111","6.059","6.133","6.018","15.28M","1.53%"
"12/14/2015","6.019","6.121","6.161","6.014","15.22M","-1.07%"
"12/11/2015","6.084","6.170","6.175","6.043","19.10M","-1.35%"
"12/10/2015","6.167","6.138","6.187","6.122","18.59M","0.06%"
"12/09/2015","6.163","6.125","6.224","6.075","18.40M","0.67%"
"12/08/2015","6.122","6.192","6.201","6.099","10.91M","-1.11%"
"12/07/2015","6.191","6.201","6.268","6.170","19.99M","0.16%"
"12/04/2015","6.181","6.109","6.210","6.063","24.91M","1.44%"
"12/03/2015","6.093","6.203","6.282","6.062","22.72M","-1.65%"
"12/02/2015","6.195","6.219","6.244","6.185","11.60M","0.08%"
"12/01/2015","6.190","6.211","6.249","6.160","10.80M","-0.37%"
"11/30/2015","6.213","6.240","6.274","6.192","19.74M","-0.51%"
"11/27/2015","6.245","6.185","6.255","6.153","13.91M","0.73%"
"11/26/2015","6.200","6.137","6.206","6.125","12.12M","0.91%"
"11/25/2015","6.144","6.091","6.175","6.068","14.35M","1.20%"
"11/24/2015","6.071","6.084","6.084","5.946","21.23M","-0.77%"
"11/23/2015","6.118","6.127","6.138","6.086","10.63M","-0.34%"
"11/20/2015","6.139","6.155","6.163","6.078","14.92M","0.10%"
"11/19/2015","6.133","6.137","6.165","6.113","17.25M","0.64%"
"11/18/2015","6.094","6.119","6.128","6.056","20.71M","-0.73%"
"11/17/2015","6.139","6.077","6.149","6.061","16.55M","1.62%"
"11/16/2015","6.041","5.945","6.048","5.938","11.45M","0.95%"
"11/13/2015","5.984","6.020","6.050","5.918","19.56M","-0.88%"
"11/12/2015","6.037","6.048","6.070","6.018","22.12M","-0.23%"
"11/11/2015","6.051","6.093","6.118","6.037","14.43M","-0.51%"
"11/10/2015","6.082","6.073","6.104","6.045","21.62M","0.65%"
"11/09/2015","6.043","6.069","6.098","6.017","13.30M","-0.54%"
"11/06/2015","6.076","6.100","6.157","6.060","20.65M","-0.52%"
"11/05/2015","6.108","6.089","6.153","6.038","18.52M","-0.16%"
"11/04/2015","6.118","6.116","6.161","6.112","18.90M","0.23%"
"11/03/2015","6.104","6.099","6.117","6.082","18.14M","-0.02%"
"11/02/2015","6.105","6.052","6.135","6.026","19.46M","0.30%"
"10/30/2015","6.087","6.080","6.087","6.032","18.69M","0.41%"
"10/29/2015","6.062","6.071","6.074","6.016","16.35M","0.18%"
"10/28/2015","6.051","6.024","6.066","6.015","15.28M","0.57%"
"10/27/2015","6.017","6.043","6.062","6.004","13.42M","-0.48%"
"10/26/2015","6.046","6.061","6.061","6.000","10.20M","-0.33%"
"10/23/2015","6.066","6.043","6.104","6.013","19.39M","1.34%"
"10/22/2015","5.986","5.901","6.043","5.876","21.72M","1.03%"
"10/21/2015","5.925","5.893","5.946","5.830","14.21M","0.87%"
"10/20/2015","5.874","5.847","5.889","5.814","10.90M","0.56%"
"10/19/2015","5.841","5.842","5.884","5.812","8.03M","-0.03%"
"10/16/2015","5.843","5.831","5.855","5.787","15.16M","0.81%"
"10/15/2015","5.796","5.812","5.827","5.746","12.93M","0.54%"
"10/14/2015","5.765","5.751","5.814","5.722","11.94M","0.03%"
"10/13/2015","5.763","5.790","5.790","5.703","14.20M","-0.36%"
"10/12/2015","5.784","5.802","5.820","5.748","9.37M","-0.10%"
"10/09/2015","5.790","5.809","5.841","5.776","10.78M","0.23%"
"10/08/2015","5.777","5.739","5.791","5.676","13.23M","0.56%"
"10/07/2015","5.745","5.798","5.816","5.730","14.31M","-0.19%"
"10/06/2015","5.756","5.715","5.784","5.677","13.33M","0.98%"
"10/05/2015","5.700","5.710","5.739","5.667","15.79M","1.46%"
"10/02/2015","5.618","5.612","5.647","5.526","16.62M","1.12%"
"10/01/2015","5.556","5.615","5.648","5.536","21.54M","-0.29%"
"09/30/2015","5.572","5.597","5.613","5.557","22.53M","1.42%"
"09/29/2015","5.494","5.489","5.610","5.487","19.44M","-1.03%"
"09/28/2015","5.551","5.537","5.614","5.507","18.01M","-0.07%"
"09/25/2015","5.555","5.468","5.588","5.457","27.76M","2.51%"
"09/24/2015","5.419","5.468","5.480","5.370","25.84M","-0.57%"
"09/23/2015","5.450","5.428","5.513","5.413","19.92M","0.00%"
"09/22/2015","5.450","5.544","5.544","5.417","23.09M","-1.75%"
"09/21/2015","5.547","5.546","5.629","5.528","13.46M","0.02%"
"09/18/2015","5.546","5.612","5.675","5.504","36.87M","-1.42%"
"09/17/2015","5.626","5.621","5.673","5.571","18.94M","0.50%"
"09/16/2015","5.598","5.528","5.619","5.519","21.83M","1.73%"
"09/15/2015","5.503","5.454","5.537","5.408","27.69M","1.44%"
"09/14/2015","5.425","5.434","5.478","5.410","14.28M","-0.02%"
"09/11/2015","5.426","5.496","5.506","5.401","17.26M","-1.09%"
"09/10/2015","5.486","5.520","5.562","5.476","18.27M","-1.58%"
"09/09/2015","5.574","5.603","5.665","5.561","16.51M","1.57%"
"09/08/2015","5.488","5.498","5.555","5.480","15.62M","0.22%"
"09/07/2015","5.476","5.507","5.545","5.468","11.16M","-0.56%"
"09/04/2015","5.507","5.532","5.556","5.449","18.52M","-1.41%"
"09/03/2015","5.586","5.588","5.633","5.542","18.81M","0.45%"
"09/02/2015","5.561","5.560","5.601","5.505","13.74M","0.07%"
"09/01/2015","5.557","5.606","5.613","5.512","19.75M","-2.04%"
"08/31/2015","5.673","5.664","5.677","5.606","15.52M","-0.11%"
"08/28/2015","5.679","5.630","5.679","5.597","13.79M","1.01%"
"08/27/2015","5.622","5.625","5.673","5.607","26.86M","1.39%"
"08/26/2015","5.545","5.496","5.612","5.456","21.24M","-0.82%"
"08/25/2015","5.591","5.473","5.617","5.436","37.52M","2.89%"
"08/24/2015","5.434","5.542","5.615","5.301","57.98M","-4.83%"
"08/21/2015","5.710","5.809","5.864","5.697","31.87M","-2.84%"
"08/20/2015","5.877","5.882","5.919","5.864","23.19M","-0.42%"
"08/19/2015","5.902","5.887","5.944","5.870","13.88M","-0.49%"
"08/18/2015","5.931","5.904","5.945","5.884","9.91M","0.25%"
"08/17/2015","5.916","5.952","5.972","5.858","13.06M","0.12%"
"08/14/2015","5.909","5.924","5.966","5.896","10.80M","-0.32%"
"08/13/2015","5.928","5.976","5.987","5.918","11.43M","0.51%"
"08/12/2015","5.898","5.937","5.940","5.842","19.75M","-1.27%"
"08/11/2015","5.974","6.024","6.038","5.961","11.77M","-1.19%"
"08/10/2015","6.046","6.023","6.062","5.970","9.49M","0.97%"
"08/07/2015","5.988","6.033","6.034","5.974","12.89M","-0.91%"
"08/06/2015","6.043","6.052","6.082","6.037","9.15M","-0.23%"
"08/05/2015","6.057","6.031","6.064","6.016","12.41M","0.66%"
"08/04/2015","6.017","6.037","6.051","5.983","18.04M","-0.68%"
"08/03/2015","6.058","6.020","6.071","6.003","12.24M","0.65%"
"07/31/2015","6.019","6.015","6.031","5.939","13.63M","0.23%"
"07/30/2015","6.005","6.043","6.052","5.954","13.62M","0.10%"
"07/29/2015","5.999","5.994","6.012","5.933","15.31M","0.47%"
"07/28/2015","5.971","5.955","6.001","5.950","14.84M","0.44%"
"07/27/2015","5.945","5.960","5.979","5.927","17.59M","-0.68%"
"07/24/2015","5.986","6.021","6.066","5.980","12.77M","-0.52%"
"07/23/2015","6.017","6.065","6.071","5.983","13.69M","-0.38%"
"07/22/2015","6.040","5.996","6.051","5.950","18.55M","0.58%"
"07/21/2015","6.005","6.051","6.077","5.998","14.18M","-0.76%"
"07/20/2015","6.051","6.043","6.084","6.031","11.82M","0.85%"
"07/17/2015","6.000","6.041","6.048","5.999","17.04M","-0.07%"
"07/16/2015","6.004","5.976","6.026","5.959","25.72M","1.26%"
"07/15/2015","5.929","5.850","5.956","5.843","22.53M","1.72%"
"07/14/2015","5.829","5.800","5.829","5.762","55.50M","0.31%"
"07/13/2015","5.811","5.827","5.827","5.793","56.04M","0.10%"
"07/10/2015","5.805","5.762","5.820","5.734","46.14M","2.60%"
"07/09/2015","5.658","5.520","5.699","5.513","27.98M","2.65%"
"07/08/2015","5.512","5.434","5.534","5.434","24.01M","1.30%"
"07/07/2015","5.441","5.495","5.541","5.434","24.71M","-1.16%"
"07/06/2015","5.505","5.509","5.601","5.477","26.68M","-2.06%"
"07/03/2015","5.621","5.685","5.706","5.589","22.21M","-1.07%"
"07/02/2015","5.682","5.643","5.719","5.630","22.46M","0.98%"
"07/01/2015","5.627","5.619","5.707","5.572","24.04M","0.95%"
"06/30/2015","5.574","5.595","5.682","5.559","28.92M","-1.05%"
"06/29/2015","5.633","5.583","5.716","5.536","37.31M","-3.87%"
"06/26/2015","5.860","5.787","5.876","5.775","19.88M","0.24%"
"06/25/2015","5.846","5.815","5.920","5.797","63.36M","0.00%"
"06/24/2015","5.846","5.867","5.870","5.778","42.10M","0.17%"
"06/23/2015","5.836","5.904","5.916","5.832","19.19M","-0.49%"
"06/22/2015","5.865","5.746","5.889","5.717","31.48M","4.98%"
"06/19/2015","5.587","5.561","5.665","5.554","34.17M","0.13%"
"06/18/2015","5.580","5.550","5.589","5.475","22.61M","0.50%"
"06/17/2015","5.552","5.589","5.604","5.522","14.02M","-0.31%"
"06/16/2015","5.569","5.508","5.582","5.462","17.62M","0.38%"
"06/15/2015","5.548","5.597","5.617","5.517","19.42M","-1.98%"
"06/12/2015","5.660","5.676","5.711","5.590","15.86M","-0.56%"
"06/11/2015","5.692","5.661","5.751","5.634","20.53M","0.49%"
"06/10/2015","5.664","5.557","5.675","5.535","21.26M","1.41%"
"06/09/2015","5.585","5.598","5.611","5.529","16.96M","-1.91%"
"06/08/2015","5.694","5.698","5.714","5.663","21.61M","-0.44%"
"06/05/2015","5.719","5.730","5.764","5.705","17.44M","-0.88%"
"06/04/2015","5.770","5.825","5.825","5.741","27.11M","-1.55%"
"06/03/2015","5.861","5.868","5.915","5.817","12.45M","0.07%"
"06/02/2015","5.857","5.930","5.936","5.818","21.64M","-0.61%"
"06/01/2015","5.893","5.927","5.952","5.882","10.99M","0.00%"
"05/29/2015","5.893","5.937","5.963","5.876","36.18M","-0.79%"
"05/28/2015","5.940","5.891","5.942","5.876","17.16M","0.46%"
"05/27/2015","5.913","5.839","5.939","5.832","19.16M","1.81%"
"05/26/2015","5.808","5.806","5.874","5.769","37.97M","-0.55%"
"05/25/2015","5.840","5.937","5.943","5.747","13.60M","-2.65%"
"05/22/2015","5.999","6.028","6.042","5.978","14.97M","-0.48%"
"05/21/2015","6.028","5.996","6.045","5.994","17.75M","0.02%"
"05/20/2015","6.027","5.924","6.037","5.924","21.43M","1.72%"
"05/19/2015","5.925","5.847","5.925","5.833","26.00M","1.87%"
"05/18/2015","5.816","5.795","5.816","5.743","17.94M","0.29%"
"05/15/2015","5.799","5.801","5.837","5.761","25.06M","0.16%"
"05/14/2015","5.790","5.733","5.798","5.704","14.72M","0.43%"
"05/13/2015","5.765","5.728","5.800","5.703","31.53M","0.86%"
"05/12/2015","5.716","5.689","5.723","5.625","27.19M","-0.12%"
"05/11/2015","5.723","5.702","5.735","5.671","14.41M","0.44%"
"05/08/2015","5.698","5.595","5.702","5.581","29.73M","3.36%"
"05/07/2015","5.513","5.465","5.529","5.393","27.85M","0.84%"
"05/06/2015","5.467","5.461","5.528","5.400","23.96M","-0.24%"
"05/05/2015","5.480","5.622","5.679","5.470","21.83M","-2.49%"
"05/04/2015","5.620","5.628","5.668","5.573","23.33M","0.46%"
"04/30/2015","5.594","5.644","5.675","5.572","41.21M","-1.22%"
"04/29/2015","5.663","5.756","5.833","5.663","28.96M","-1.07%"
"04/28/2015","5.724","5.734","5.773","5.693","24.51M","-0.28%"
"04/27/2015","5.740","5.706","5.775","5.655","34.21M","0.56%"
"04/24/2015","5.708","5.641","5.722","5.615","24.44M","1.42%"
"04/23/2015","5.628","5.605","5.647","5.580","19.14M","0.09%"
"04/22/2015","5.623","5.643","5.661","5.576","24.52M","-0.37%"
"04/21/2015","5.644","5.662","5.684","5.609","16.58M","0.39%"
"04/20/2015","5.622","5.621","5.649","5.571","14.04M","0.09%"
"04/17/2015","5.617","5.661","5.695","5.572","30.05M","-1.49%"
"04/16/2015","5.702","5.775","5.775","5.689","25.52M","-1.23%"
"04/15/2015","5.773","5.745","5.793","5.734","18.30M","0.33%"
"04/14/2015","5.754","5.789","5.810","5.723","23.17M","-0.69%"
"04/13/2015","5.794","5.750","5.817","5.750","16.73M","0.82%"
"04/10/2015","5.747","5.730","5.763","5.713","33.74M","0.47%"
"04/09/2015","5.720","5.708","5.730","5.672","18.25M","0.81%"
"04/08/2015","5.674","5.737","5.761","5.656","21.91M","-1.10%"
"04/07/2015","5.737","5.684","5.765","5.679","40.10M","1.76%"
"04/02/2015","5.638","5.669","5.669","5.617","39.14M","-0.16%"
"04/01/2015","5.647","5.597","5.699","5.585","21.80M","0.53%"
"03/31/2015","5.617","5.615","5.647","5.602","45.58M","-0.12%"
"03/30/2015","5.624","5.662","5.683","5.621","31.82M","-0.42%"
"03/27/2015","5.648","5.665","5.689","5.627","21.26M","-0.12%"
"03/26/2015","5.655","5.671","5.681","5.602","29.51M","-0.95%"
"03/25/2015","5.709","5.751","5.755","5.698","19.20M","-1.06%"
"03/24/2015","5.770","5.747","5.809","5.720","19.80M","0.30%"
"03/23/2015","5.753","5.793","5.819","5.734","19.26M","-0.91%"
"03/20/2015","5.806","5.657","5.864","5.637","68.52M","3.13%"
"03/19/2015","5.630","5.650","5.681","5.614","18.26M","-0.07%"
"03/18/2015","5.634","5.549","5.641","5.549","29.22M","1.37%"
"03/17/2015","5.558","5.577","5.579","5.513","23.50M","-0.52%"
"03/16/2015","5.587","5.580","5.613","5.559","46.26M","0.49%"
"03/13/2015","5.560","5.587","5.602","5.549","21.52M","-0.07%"
"03/12/2015","5.564","5.595","5.610","5.564","62.12M","-0.70%"
"03/11/2015","5.603","5.554","5.627","5.546","21.98M","1.47%"
"03/10/2015","5.522","5.557","5.568","5.513","15.28M","-0.50%"
"03/09/2015","5.550","5.513","5.552","5.475","11.98M","-0.11%"
"03/06/2015","5.556","5.637","5.643","5.545","20.10M","-1.66%"
"03/05/2015","5.650","5.624","5.664","5.605","12.94M","0.44%"
"03/04/2015","5.625","5.617","5.625","5.555","18.65M","0.82%"
"03/03/2015","5.579","5.671","5.686","5.570","18.99M","-1.69%"
"03/02/2015","5.675","5.701","5.753","5.662","16.77M","-0.72%"
"02/27/2015","5.716","5.737","5.747","5.672","27.83M","-0.03%"
"02/26/2015","5.718","5.667","5.731","5.648","21.13M","1.02%"
"02/25/2015","5.660","5.721","5.753","5.653","22.13M","-0.86%"
"02/24/2015","5.709","5.606","5.731","5.596","31.40M","2.39%"
"02/23/2015","5.576","5.591","5.602","5.543","14.99M","0.89%"
"02/20/2015","5.527","5.558","5.575","5.476","26.06M","-0.41%"
"02/19/2015","5.550","5.433","5.564","5.421","42.62M","2.30%"
"02/18/2015","5.425","5.484","5.517","5.410","23.05M","-0.31%"
"02/17/2015","5.442","5.381","5.458","5.322","19.42M","0.74%"
"02/16/2015","5.402","5.475","5.478","5.382","17.39M","-1.26%"
"02/13/2015","5.471","5.485","5.515","5.470","17.51M","0.22%"
"02/12/2015","5.459","5.389","5.511","5.376","24.47M","0.96%"
"02/11/2015","5.407","5.533","5.552","5.397","25.87M","-2.17%"
"02/10/2015","5.527","5.505","5.554","5.451","21.26M","0.78%"
"02/09/2015","5.484","5.542","5.555","5.444","25.27M","-2.18%"
"02/06/2015","5.606","5.635","5.643","5.587","16.48M","-0.34%"
"02/05/2015","5.625","5.631","5.665","5.585","24.06M","-1.30%"
"02/04/2015","5.699","5.723","5.758","5.672","26.18M","-0.58%"
"02/03/2015","5.732","5.722","5.771","5.686","22.91M","1.00%"
"02/02/2015","5.675","5.734","5.738","5.595","27.58M","-1.05%"
"01/30/2015","5.735","5.812","5.840","5.698","34.56M","-0.88%"
"01/29/2015","5.786","5.714","5.795","5.698","19.82M","0.73%"
"01/28/2015","5.744","5.784","5.784","5.672","17.52M","0.07%"
"01/27/2015","5.740","5.752","5.780","5.710","28.01M","0.05%"
"01/26/2015","5.737","5.636","5.756","5.623","19.61M","0.49%"
"01/23/2015","5.709","5.615","5.730","5.597","38.65M","2.35%"
"01/22/2015","5.578","5.455","5.583","5.446","47.02M","3.30%"
"01/21/2015","5.400","5.375","5.428","5.330","27.12M","1.16%"
"01/20/2015","5.338","5.307","5.362","5.295","23.05M","0.58%"
"01/19/2015","5.307","5.263","5.317","5.247","19.74M","1.39%"
"01/16/2015","5.234","5.147","5.251","5.147","29.63M","1.22%"
"01/15/2015","5.171","5.156","5.192","5.007","28.09M","0.82%"
"01/14/2015","5.129","5.119","5.222","5.095","34.54M","-1.10%"
"01/13/2015","5.186","5.142","5.215","5.142","20.26M","0.58%"
"01/12/2015","5.156","5.190","5.223","5.121","28.87M","0.00%"
"01/09/2015","5.156","5.176","5.247","5.093","36.45M","-1.17%"
"01/08/2015","5.217","5.185","5.229","5.127","26.47M","1.97%"
"01/07/2015","5.116","5.141","5.157","5.082","18.54M","-0.12%"
"01/06/2015","5.122","5.181","5.187","5.101","32.29M","-0.41%"
"01/05/2015","5.143","5.193","5.258","5.130","35.31M","-1.79%"
"01/02/2015","5.237","5.286","5.316","5.182","13.01M","-0.02%"