"Fecha","Último","Apertura","Máximo","Mínimo","Vol.","% var."
"31.12.2025","48,540","48,700","48,700","48,140","322,14K","-0,16%"
"30.12.2025","48,620","46,800","48,660","46,800","451,22K","2,62%"
"29.12.2025","47,380","47,200","47,440","46,580","543,16K","-0,25%"
"24.12.2025","47,500","48,060","48,160","47,440","249,09K","-1,04%"
"23.12.2025","48,000","48,360","48,800","47,980","420,31K","-0,46%"
"22.12.2025","48,220","48,420","48,420","47,400","550,32K","-0,29%"
"19.12.2025","48,360","47,860","48,700","47,620","747,64K","1,21%"
"18.12.2025","47,780","45,620","47,940","45,460","728,71K","4,41%"
"17.12.2025","45,760","46,140","46,740","45,700","786,71K","-1,08%"
"16.12.2025","46,260","48,040","48,200","46,060","1,24M","-5,40%"
"15.12.2025","48,900","48,420","48,960","48,100","507,77K","0,66%"
"12.12.2025","48,580","49,760","49,840","48,360","587,24K","-1,62%"
"11.12.2025","49,380","49,480","50,100","48,500","697,27K","-0,08%"
"10.12.2025","49,420","48,600","49,420","47,680","759,71K","-0,36%"
"09.12.2025","49,600","48,860","50,050","48,740","797,52K","1,93%"
"08.12.2025","48,660","47,620","49,020","47,620","675,63K","2,79%"
"05.12.2025","47,340","47,400","48,800","47,140","874,40K","0,25%"
"04.12.2025","47,220","47,200","47,220","46,240","479,19K","0,04%"
"03.12.2025","47,200","46,580","47,520","45,900","817,44K","3,65%"
"02.12.2025","45,540","44,900","46,140","44,900","565,84K","1,97%"
"01.12.2025","44,660","46,420","46,420","43,160","891,33K","-2,91%"
"28.11.2025","46,000","47,000","47,100","45,260","599,74K","-1,50%"
"27.11.2025","46,700","46,200","47,000","45,740","655,97K","1,97%"
"26.11.2025","45,800","44,900","45,820","44,600","724,09K","3,43%"
"25.11.2025","44,280","45,340","45,580","43,700","660,99K","-0,45%"
"24.11.2025","44,480","45,000","45,100","42,800","1,51M","-1,29%"
"21.11.2025","45,060","46,420","46,700","44,400","1,29M","-4,82%"
"20.11.2025","47,340","47,980","48,800","47,340","823,11K","-0,34%"
"19.11.2025","47,500","49,520","49,540","47,220","883,41K","-3,38%"
"18.11.2025","49,160","48,960","49,840","47,880","679,94K","-1,88%"
"17.11.2025","50,100","50,200","50,550","49,600","598,26K","-0,79%"
"14.11.2025","50,500","50,000","50,500","48,500","728,25K","0,90%"
"13.11.2025","50,050","48,340","50,650","48,060","886,34K","4,31%"
"12.11.2025","47,980","48,500","48,500","47,620","587,27K","-0,58%"
"11.11.2025","48,260","48,960","49,480","47,720","633,79K","-0,98%"
"10.11.2025","48,740","49,600","49,820","48,740","492,35K","0,12%"
"07.11.2025","48,680","48,300","49,180","47,480","597,35K","1,37%"
"06.11.2025","48,020","49,520","49,860","47,940","766,04K","-2,91%"
"05.11.2025","49,460","50,700","51,050","49,260","773,92K","-2,83%"
"04.11.2025","50,900","50,500","51,250","49,640","931,94K","0,69%"
"03.11.2025","50,550","48,500","50,850","48,120","1,05M","5,40%"
"31.10.2025","47,960","49,240","49,520","46,940","1,38M","-2,52%"
"30.10.2025","49,200","49,120","50,450","47,160","1,48M","-1,52%"
"29.10.2025","49,960","49,260","50,650","49,220","1,10M","1,50%"
"28.10.2025","49,220","49,460","51,000","47,960","2,45M","-0,49%"
"27.10.2025","49,460","46,380","49,580","46,200","1,61M","7,52%"
"24.10.2025","46,000","44,980","46,380","44,720","800,21K","3,00%"
"23.10.2025","44,660","44,100","45,140","44,100","796,97K","1,50%"
"22.10.2025","44,000","43,400","44,480","43,400","1,37M","1,71%"
"21.10.2025","43,260","42,400","43,360","42,080","808,69K","2,22%"
"20.10.2025","42,320","42,260","42,680","41,800","665,46K","2,62%"
"17.10.2025","41,240","43,000","43,000","41,220","1,34M","-4,71%"
"16.10.2025","43,280","42,140","44,200","42,120","1,29M","2,56%"
"15.10.2025","42,200","41,000","43,600","40,640","1,47M","4,15%"
"14.10.2025","40,520","40,100","40,520","39,180","668,14K","0,15%"
"13.10.2025","40,460","40,260","40,880","40,000","585,71K","1,00%"
"10.10.2025","40,060","41,060","41,340","39,800","881,78K","-2,29%"
"09.10.2025","41,000","40,760","41,220","40,420","702,20K","0,64%"
"08.10.2025","40,740","39,860","40,800","39,860","870,04K","2,31%"
"07.10.2025","39,820","38,600","39,820","38,400","756,49K","2,58%"
"06.10.2025","38,820","39,580","39,820","38,800","530,07K","-1,27%"
"03.10.2025","39,320","39,340","39,860","39,180","664,94K","-0,46%"
"02.10.2025","39,500","37,800","39,500","37,780","906,46K","4,55%"
"01.10.2025","37,780","38,000","38,100","36,920","833,16K","-0,84%"
"30.09.2025","38,100","39,220","39,320","37,920","857,27K","-2,66%"
"29.09.2025","39,140","39,600","39,600","38,160","775,32K","0,26%"
"26.09.2025","39,040","39,600","39,600","38,820","545,09K","-0,05%"
"25.09.2025","39,060","39,400","39,800","37,500","942,35K","-1,41%"
"24.09.2025","39,620","38,340","39,780","38,220","1,24M","4,65%"
"23.09.2025","37,860","38,000","38,160","36,900","807,91K","-0,11%"
"22.09.2025","37,900","36,500","38,320","36,400","1,30M","3,95%"
"19.09.2025","36,460","34,680","36,460","34,480","1,38M","5,19%"
"18.09.2025","34,660","34,860","34,960","34,320","596,64K","0,81%"
"17.09.2025","34,380","34,800","35,040","34,280","549,23K","0,00%"
"16.09.2025","34,380","34,480","34,680","33,560","842,46K","0,29%"
"15.09.2025","34,280","34,000","34,720","33,980","709,12K","0,88%"
"12.09.2025","33,980","33,180","33,980","33,080","673,26K","3,03%"
"11.09.2025","32,980","32,600","33,080","32,380","552,24K","0,61%"
"10.09.2025","32,780","33,240","33,340","32,620","521,86K","-0,49%"
"09.09.2025","32,940","33,500","33,500","32,640","670,36K","-1,67%"
"08.09.2025","33,500","33,160","33,560","32,980","633,58K","1,89%"
"05.09.2025","32,880","33,800","34,100","32,680","905,22K","-2,32%"
"04.09.2025","33,660","33,280","34,060","33,160","491,40K","1,20%"
"03.09.2025","33,260","33,540","33,580","32,940","561,90K","-1,13%"
"02.09.2025","33,640","34,320","34,320","32,900","684,65K","-1,75%"
"01.09.2025","34,240","34,940","34,960","34,060","517,12K","-0,70%"
"29.08.2025","34,480","34,400","34,940","34,220","617,79K","0,12%"
"28.08.2025","34,440","34,300","34,440","33,520","662,01K","0,94%"
"27.08.2025","34,120","34,200","34,260","33,720","359,58K","0,29%"
"26.08.2025","34,020","33,800","34,200","33,580","442,03K","0,06%"
"25.08.2025","34,000","33,900","34,260","33,760","387,98K","0,41%"
"22.08.2025","33,860","33,460","33,860","33,460","446,05K","0,89%"
"21.08.2025","33,560","33,360","33,640","33,160","518,06K","1,08%"
"20.08.2025","33,200","33,000","33,320","32,720","1,05M","-0,42%"
"19.08.2025","33,340","34,920","34,920","33,340","905,30K","-4,31%"
"18.08.2025","34,840","34,320","34,840","34,300","597,32K","1,87%"
"15.08.2025","34,200","34,700","34,760","33,740","699,82K","-1,67%"
"14.08.2025","34,780","34,600","35,000","34,380","641,23K","0,64%"
"13.08.2025","34,560","34,920","35,580","34,540","624,98K","-0,63%"
"12.08.2025","34,780","34,640","34,940","34,320","563,20K","0,17%"
"11.08.2025","34,720","34,520","34,720","33,800","886,52K","0,29%"
"08.08.2025","34,620","35,100","35,540","34,480","794,61K","-2,20%"
"07.08.2025","35,400","36,900","36,940","35,140","812,51K","-3,23%"
"06.08.2025","36,580","36,500","36,620","36,060","596,58K","0,11%"
"05.08.2025","36,540","36,560","36,980","36,540","534,52K","0,94%"
"04.08.2025","36,200","36,020","36,360","35,780","571,94K","1,06%"
"01.08.2025","35,820","36,200","36,240","35,180","626,07K","-1,43%"
"31.07.2025","36,340","36,900","37,160","36,240","645,83K","-0,44%"
"30.07.2025","36,500","36,180","36,740","35,720","697,83K","0,94%"
"29.07.2025","36,160","35,920","36,760","35,800","774,06K","0,33%"
"28.07.2025","36,040","36,940","37,000","35,700","1,00M","-2,49%"
"25.07.2025","36,960","37,960","38,000","36,840","892,83K","-2,58%"
"24.07.2025","37,940","38,620","39,100","37,320","1,96M","1,77%"
"23.07.2025","37,280","38,600","38,680","37,060","895,70K","-2,92%"
"22.07.2025","38,400","39,080","39,160","38,100","835,84K","-1,79%"
"21.07.2025","39,100","38,980","39,160","38,320","710,74K","0,67%"
"18.07.2025","38,840","38,740","39,000","38,380","629,63K","0,62%"
"17.07.2025","38,600","38,100","38,600","37,960","496,48K","1,79%"
"16.07.2025","37,920","38,860","38,860","37,820","610,32K","-0,52%"
"15.07.2025","38,120","38,760","39,440","38,100","869,89K","-1,95%"
"14.07.2025","38,880","38,140","38,880","37,640","724,05K","2,05%"
"11.07.2025","38,100","37,060","38,380","36,540","773,84K","0,74%"
"10.07.2025","37,820","39,320","39,320","37,720","1,31M","-3,81%"
"09.07.2025","39,320","38,020","39,320","37,980","1,55M","5,42%"
"08.07.2025","37,300","37,160","38,300","37,040","1,10M","0,65%"
"07.07.2025","37,060","37,000","37,100","36,500","988,52K","0,60%"
"04.07.2025","36,840","36,540","36,840","36,340","782,76K","0,82%"
"03.07.2025","36,540","36,140","36,560","35,300","838,40K","1,90%"
"02.07.2025","35,860","35,940","36,200","35,300","790,17K","-0,39%"
"01.07.2025","36,000","37,000","37,000","35,820","1,12M","-2,33%"
"30.06.2025","36,860","35,760","36,860","35,360","1,29M","5,07%"
"27.06.2025","35,080","35,060","35,780","34,460","1,49M","4,84%"
"26.06.2025","33,460","32,500","33,780","32,460","980,48K","2,26%"
"25.06.2025","32,720","33,420","33,560","32,340","1,16M","-0,97%"
"24.06.2025","33,040","33,460","33,740","32,600","1,04M","-0,42%"
"23.06.2025","33,180","33,500","34,000","32,600","1,45M","-2,93%"
"20.06.2025","34,180","34,280","34,960","34,180","3,04M","0,23%"
"19.06.2025","34,100","36,200","36,360","33,360","1,76M","-6,06%"
"18.06.2025","36,300","36,020","36,800","35,900","676,71K","1,57%"
"17.06.2025","35,740","35,880","36,020","35,320","770,51K","-0,39%"
"16.06.2025","35,880","36,460","36,740","35,760","588,85K","-1,16%"
"13.06.2025","36,300","35,460","36,300","35,340","671,43K","1,68%"
"12.06.2025","35,700","35,220","36,040","34,980","715,18K","1,42%"
"11.06.2025","35,200","34,300","35,200","34,280","730,64K","2,62%"
"10.06.2025","34,300","35,300","35,560","34,300","1,23M","-2,61%"
"09.06.2025","35,220","35,480","35,540","34,380","921,95K","0,51%"
"06.06.2025","35,040","36,200","36,580","34,800","1,17M","-3,42%"
"05.06.2025","36,280","34,860","36,280","34,860","1,21M","4,37%"
"04.06.2025","34,760","36,220","36,880","34,240","2,50M","-4,03%"
"03.06.2025","36,220","37,800","37,840","36,220","1,25M","-3,00%"
"02.06.2025","37,340","36,360","37,640","36,340","1,06M","3,04%"
"30.05.2025","36,240","35,720","36,480","35,600","1,02M","1,12%"
"29.05.2025","35,840","36,500","36,500","35,200","804,67K","-0,67%"
"28.05.2025","36,080","36,160","36,520","35,800","779,81K","-0,44%"
"27.05.2025","36,240","35,900","36,420","35,060","1,22M","1,57%"
"26.05.2025","35,680","35,000","35,780","34,920","918,24K","2,88%"
"23.05.2025","34,680","33,700","34,880","33,120","1,53M","3,40%"
"22.05.2025","33,540","33,200","33,680","33,020","822,14K","-0,36%"
"21.05.2025","33,660","33,180","33,900","33,120","927,86K","1,14%"
"20.05.2025","33,280","32,300","33,720","32,100","1,81M","4,72%"
"19.05.2025","31,780","31,340","32,040","31,240","877,22K","1,86%"
"16.05.2025","31,200","31,200","31,400","30,820","927,66K","1,04%"
"15.05.2025","30,880","29,600","31,080","29,520","1,22M","4,54%"
"14.05.2025","29,540","29,440","29,860","29,120","798,26K","-0,20%"
"13.05.2025","29,600","29,780","29,880","29,200","788,47K","-0,13%"
"12.05.2025","29,640","30,260","30,440","28,680","1,32M","-1,72%"
"09.05.2025","30,160","30,300","30,560","30,060","749,75K","0,27%"
"08.05.2025","30,080","30,000","30,280","29,440","1,04M","0,74%"
"07.05.2025","29,860","29,420","29,920","28,760","1,08M","1,91%"
"06.05.2025","29,300","29,220","29,400","28,040","1,85M","-1,08%"
"05.05.2025","29,620","29,320","29,760","29,240","980,89K","1,23%"
"02.05.2025","29,260","28,220","29,260","28,100","1,20M","4,43%"
"30.04.2025","28,020","27,600","28,200","27,500","5,05K","2,79%"
"29.04.2025","27,260","27,340","27,700","27,220","530,39K","0,96%"
"28.04.2025","27,000","27,040","27,300","26,820","707,58K","0,22%"
"25.04.2025","26,940","27,260","27,500","26,320","3,02K","-2,32%"
"24.04.2025","27,580","27,520","27,680","27,200","492,81K","0,29%"
"23.04.2025","27,500","28,040","28,140","26,980","1,03M","-0,58%"
"22.04.2025","27,660","27,240","27,940","27,140","614,70K","0,44%"
"17.04.2025","27,540","27,900","27,920","27,260","694,56K","-1,71%"
"16.04.2025","28,020","27,720","28,160","27,580","773,82K","0,65%"
"15.04.2025","27,840","27,860","28,100","27,620","805,20K","1,53%"
"14.04.2025","27,420","27,000","27,600","26,620","926,42K","4,02%"
"11.04.2025","26,360","26,320","26,860","25,860","809,27K","0,38%"
"10.04.2025","26,260","29,380","29,400","26,160","1,94M","3,88%"
"09.04.2025","25,280","25,000","25,820","24,760","1,90M","-3,07%"
"08.04.2025","26,080","25,000","26,620","24,880","1,86M","5,84%"
"07.04.2025","24,640","23,400","26,400","20,820","3,54M","-7,02%"
"04.04.2025","26,500","28,400","28,940","24,940","0,53K","-6,36%"
"03.04.2025","28,300","26,900","28,420","26,660","1,22M","4,43%"
"02.04.2025","27,100","27,340","27,660","26,920","684,98K","-1,09%"
"01.04.2025","27,400","26,840","27,400","26,500","961,04K","2,54%"
"31.03.2025","26,720","26,320","27,300","26,080","935,88K","0,45%"
"28.03.2025","26,600","26,800","26,920","26,380","739,16K","-0,97%"
"27.03.2025","26,860","27,260","27,460","26,800","643,58K","-1,97%"
"26.03.2025","27,400","27,400","27,640","27,280","891,39K","0,59%"
"25.03.2025","27,240","26,580","27,540","26,520","1,41M","2,10%"
"24.03.2025","26,680","26,920","26,920","26,380","620,21K","1,37%"
"21.03.2025","26,320","26,600","26,640","25,880","1,68M","-1,42%"
"20.03.2025","26,700","27,160","27,280","26,000","0,41K","-1,11%"
"19.03.2025","27,000","26,900","27,660","26,620","1,88M","0,75%"
"18.03.2025","26,800","26,140","26,880","26,060","1,29M","3,63%"
"17.03.2025","25,860","26,200","26,500","25,860","1,40M","-0,08%"
"14.03.2025","25,880","24,920","26,140","24,560","2,09M","3,52%"
"13.03.2025","25,000","25,260","26,100","25,000","1,50M","-0,71%"
"12.03.2025","25,180","25,200","25,620","24,220","1,49M","0,08%"
"11.03.2025","25,160","25,100","25,280","24,680","1,07M","0,88%"
"10.03.2025","24,940","25,400","26,040","24,940","2,15M","0,00%"
"07.03.2025","24,940","26,780","26,880","24,500","2,60M","-3,93%"
"06.03.2025","25,960","25,580","26,060","25,320","2,18M","3,84%"
"05.03.2025","25,000","24,500","25,180","24,380","1,88M","5,49%"
"04.03.2025","23,700","23,300","24,120","23,200","2,59M","2,86%"
"03.03.2025","23,040","22,100","23,540","21,780","2,56M","9,92%"
"28.02.2025","20,960","20,740","21,040","20,460","0,18K","0,77%"
"27.02.2025","20,800","19,520","21,020","19,470","3,37M","10,58%"
"26.02.2025","18,810","19,290","19,340","18,530","1,13M","-2,08%"
"25.02.2025","19,210","18,920","19,220","18,810","0,12K","1,53%"
"24.02.2025","18,920","19,040","19,140","18,810","903,33K","0,11%"
"21.02.2025","18,900","18,850","18,930","18,700","886,44K","0,80%"
"20.02.2025","18,750","18,610","18,760","18,440","972,06K","1,13%"
"19.02.2025","18,540","18,330","18,900","18,220","1,58M","1,76%"
"18.02.2025","18,220","17,990","18,350","17,680","1,43M","3,11%"
"17.02.2025","17,670","16,930","17,820","16,930","1,57M","4,62%"
"14.02.2025","16,890","16,850","16,960","16,700","583,16K","0,60%"
"13.02.2025","16,790","16,650","16,870","16,560","779,54K","1,39%"
"12.02.2025","16,560","16,700","16,780","16,540","492,35K","-0,36%"
"11.02.2025","16,620","16,470","16,730","16,240","773,67K","1,09%"
"10.02.2025","16,440","16,170","16,550","16,120","919,23K","2,11%"
"07.02.2025","16,100","16,510","16,600","16,100","1,18M","-2,60%"
"06.02.2025","16,530","16,640","16,680","16,410","910,47K","-0,42%"
"05.02.2025","16,600","16,870","16,960","16,470","1,42M","-1,48%"
"04.02.2025","16,850","17,810","17,830","16,850","1,42M","-5,34%"
"03.02.2025","17,800","18,440","18,450","17,570","1,70M","-4,04%"
"31.01.2025","18,550","18,480","18,620","18,390","319,55K","0,71%"
"30.01.2025","18,420","18,480","18,580","18,420","368,53K","-0,32%"
"29.01.2025","18,480","18,540","18,550","18,380","504,36K","0,87%"
"28.01.2025","18,320","18,390","18,540","18,250","442,30K","-0,33%"
"27.01.2025","18,380","18,020","18,490","17,710","601,48K","0,93%"
"24.01.2025","18,210","18,980","18,980","18,190","971,83K","-3,75%"
"23.01.2025","18,920","19,030","19,060","18,810","452,88K","-0,21%"
"22.01.2025","18,960","18,770","19,150","18,680","660,27K","1,61%"
"21.01.2025","18,660","18,640","18,680","18,480","433,68K","0,38%"
"20.01.2025","18,590","18,220","18,780","18,170","863,22K","2,93%"
"17.01.2025","18,060","17,890","18,110","17,890","402,48K","0,95%"
"16.01.2025","17,890","17,850","17,950","17,780","312,33K","0,62%"
"15.01.2025","17,780","17,760","17,890","17,590","386,36K","0,00%"
"14.01.2025","17,780","17,830","18,040","17,670","440,12K","-0,11%"
"13.01.2025","17,800","17,930","17,960","17,320","467,33K","-1,06%"
"10.01.2025","17,990","18,090","18,200","17,900","367,46K","-0,44%"
"09.01.2025","18,070","17,960","18,080","17,770","456,99K","0,78%"
"08.01.2025","17,930","17,850","18,070","17,760","468,73K","0,56%"
"07.01.2025","17,830","17,670","17,870","17,550","470,24K","1,54%"
"06.01.2025","17,560","17,690","17,730","17,490","409,37K","-0,34%"
"03.01.2025","17,620","17,290","17,840","17,260","449,02K","2,44%"
"02.01.2025","17,200","17,090","17,480","17,050","381,23K","0,70%"
"31.12.2024","17,080","17,010","17,090","16,980","122,83K","0,71%"
"30.12.2024","16,960","16,880","17,090","16,780","362,28K","0,53%"
"27.12.2024","16,870","16,700","17,080","16,670","306,25K","1,44%"
"24.12.2024","16,630","16,600","16,660","16,540","124,20K","0,36%"
"23.12.2024","16,570","16,400","16,570","16,310","247,14K","1,16%"
"20.12.2024","16,380","16,420","16,450","16,110","1,70M","-0,49%"
"19.12.2024","16,460","16,370","16,520","16,240","484,80K","-1,02%"
"18.12.2024","16,630","16,610","16,710","16,360","343,77K","0,12%"
"17.12.2024","16,610","17,070","17,070","16,430","696,89K","-2,98%"
"16.12.2024","17,120","17,200","17,230","17,000","305,72K","-0,58%"
"13.12.2024","17,220","17,080","17,320","17,080","360,08K","0,70%"
"12.12.2024","17,100","17,350","17,450","17,100","251,34K","-1,10%"
"11.12.2024","17,290","17,050","17,300","16,860","272,26K","1,23%"
"10.12.2024","17,080","17,130","17,300","17,080","261,80K","-0,70%"
"09.12.2024","17,200","17,310","17,340","17,030","337,55K","-0,06%"
"06.12.2024","17,210","17,210","17,290","17,120","460,96K","0,12%"
"05.12.2024","17,190","16,990","17,220","16,930","377,79K","0,82%"
"04.12.2024","17,050","16,900","17,110","16,860","552,98K","1,61%"
"03.12.2024","16,780","16,710","16,970","16,710","387,60K","0,90%"
"02.12.2024","16,630","16,670","16,790","16,550","478,22K","-0,18%"
"29.11.2024","16,660","16,500","16,680","16,480","272,02K","0,85%"
"28.11.2024","16,520","16,590","16,600","16,440","262,51K","0,12%"
"27.11.2024","16,500","16,450","16,630","16,440","318,41K","-0,30%"
"26.11.2024","16,550","16,500","16,630","16,440","246,75K","-0,12%"
"25.11.2024","16,570","16,660","16,690","16,510","363,47K","0,30%"
"22.11.2024","16,520","16,440","16,730","16,440","418,78K","0,24%"
"21.11.2024","16,480","16,480","16,620","16,330","270,98K","-0,06%"
"20.11.2024","16,490","16,580","16,720","16,420","312,30K","-0,06%"
"19.11.2024","16,500","16,440","16,570","16,250","441,32K","0,36%"
"18.11.2024","16,440","16,420","16,630","16,400","295,04K","-0,24%"
"15.11.2024","16,480","16,350","16,570","16,210","268,07K","0,49%"
"14.11.2024","16,400","16,300","16,450","16,140","337,02K","0,37%"
"13.11.2024","16,340","16,390","16,500","16,170","343,52K","-0,67%"
"12.11.2024","16,450","16,500","16,630","16,180","547,33K","-1,14%"
"11.11.2024","16,640","16,630","16,740","16,460","312,93K","0,67%"
"08.11.2024","16,530","16,530","16,650","16,400","391,55K","0,61%"
"07.11.2024","16,430","16,260","16,550","16,240","409,34K","1,86%"
"06.11.2024","16,130","16,100","16,490","16,050","376,05K","0,00%"
"05.11.2024","16,130","16,190","16,330","16,080","319,66K","-0,37%"
"04.11.2024","16,190","16,600","16,610","16,170","418,35K","-1,70%"
"01.11.2024","16,470","16,110","16,470","16,090","341,31K","1,67%"
"31.10.2024","16,200","16,600","16,620","16,070","590,05K","-2,70%"
"30.10.2024","16,650","17,100","17,320","16,430","831,50K","-0,60%"
"29.10.2024","16,750","16,840","16,950","16,720","378,11K","-0,24%"
"28.10.2024","16,790","16,880","16,910","16,730","253,53K","0,60%"
"25.10.2024","16,690","16,900","16,960","16,660","359,93K","-1,82%"
"24.10.2024","17,000","17,130","17,130","16,960","229,08K","0,18%"
"23.10.2024","16,970","17,100","17,260","16,970","338,02K","-1,34%"
"22.10.2024","17,200","16,560","17,230","16,560","477,91K","3,74%"
"21.10.2024","16,580","16,870","16,910","16,570","365,05K","-1,89%"
"18.10.2024","16,900","16,700","16,960","16,580","610,44K","0,90%"
"17.10.2024","16,750","17,030","17,130","16,720","380,75K","-1,99%"
"16.10.2024","17,090","17,030","17,140","16,970","359,31K","-0,29%"
"15.10.2024","17,140","17,260","17,360","17,120","343,30K","-0,29%"
"14.10.2024","17,190","17,020","17,210","16,990","295,57K","0,76%"
"11.10.2024","17,060","17,000","17,070","16,810","336,24K","0,35%"
"10.10.2024","17,000","17,260","17,260","16,800","534,23K","-1,51%"
"09.10.2024","17,260","17,030","17,350","17,030","333,89K","1,41%"
"08.10.2024","17,020","16,960","17,040","16,780","263,68K","-0,23%"
"07.10.2024","17,060","17,240","17,360","17,000","391,29K","-0,70%"
"04.10.2024","17,180","16,710","17,250","16,710","435,18K","2,38%"
"03.10.2024","16,780","17,000","17,150","16,720","494,38K","-2,16%"
"02.10.2024","17,150","16,690","17,360","16,650","849,23K","4,07%"
"01.10.2024","16,480","16,510","16,640","16,380","376,67K","-0,06%"
"30.09.2024","16,490","16,750","16,750","16,370","444,64K","-1,85%"
"27.09.2024","16,800","16,780","16,870","16,690","300,68K","0,72%"
"26.09.2024","16,680","16,540","16,900","16,540","655,24K","1,40%"
"25.09.2024","16,450","16,590","16,680","16,410","345,63K","-0,90%"
"24.09.2024","16,600","16,550","16,730","16,520","315,44K","0,85%"
"23.09.2024","16,460","16,390","16,480","16,300","310,81K","0,37%"
"20.09.2024","16,400","16,700","16,740","16,340","539,00K","-1,80%"
"19.09.2024","16,700","16,660","16,930","16,570","567,93K","2,96%"
"18.09.2024","16,220","16,460","16,460","16,220","692,37K","-1,88%"
"17.09.2024","16,530","16,650","16,840","16,530","475,30K","-0,36%"
"16.09.2024","16,590","16,780","16,780","16,440","300,03K","-1,43%"
"13.09.2024","16,830","16,730","16,860","16,730","234,63K","0,72%"
"12.09.2024","16,710","16,740","16,880","16,650","447,75K","1,27%"
"11.09.2024","16,500","16,630","16,760","16,380","339,39K","-1,02%"
"10.09.2024","16,670","16,600","16,740","16,530","333,83K","0,54%"
"09.09.2024","16,580","16,350","16,580","16,290","343,04K","1,41%"
"06.09.2024","16,350","16,500","16,620","16,250","374,85K","-1,03%"
"05.09.2024","16,520","16,530","16,790","16,520","353,84K","-0,06%"
"04.09.2024","16,530","16,450","16,530","16,200","377,15K","-0,54%"
"03.09.2024","16,620","17,070","17,070","16,580","398,18K","-2,24%"
"02.09.2024","17,000","16,960","17,030","16,790","327,37K","0,47%"
"30.08.2024","16,920","16,980","17,170","16,920","716,83K","-0,12%"
"29.08.2024","16,940","16,800","16,980","16,760","1,47M","1,13%"
"28.08.2024","16,750","16,760","16,850","16,590","396,11K","0,48%"
"27.08.2024","16,670","16,800","16,840","16,620","347,00K","-0,83%"
"26.08.2024","16,810","16,780","16,850","16,620","374,61K","0,60%"
"23.08.2024","16,710","16,710","16,790","16,580","320,53K","0,00%"
"22.08.2024","16,710","16,630","16,900","16,620","394,39K","0,66%"
"21.08.2024","16,600","16,450","16,660","16,430","491,99K","1,10%"
"20.08.2024","16,420","16,530","16,630","16,320","392,73K","-0,24%"
"19.08.2024","16,460","16,530","16,530","16,330","559,61K","-0,36%"
"16.08.2024","16,520","16,590","16,590","16,370","495,73K","-0,06%"
"15.08.2024","16,530","16,540","16,590","16,330","438,14K","-0,12%"
"14.08.2024","16,550","16,550","16,760","16,520","725,66K","0,61%"
"13.08.2024","16,450","16,670","16,680","16,440","751,71K","-0,96%"
"12.08.2024","16,610","16,790","16,810","16,610","354,29K","-0,60%"
"09.08.2024","16,710","16,730","16,830","16,560","333,23K","0,06%"
"08.08.2024","16,700","16,960","16,960","16,600","366,32K","-2,05%"
"07.08.2024","17,050","17,130","17,140","16,850","329,65K","0,47%"
"06.08.2024","16,970","17,010","17,250","16,780","461,14K","0,12%"
"05.08.2024","16,950","17,290","17,290","16,810","827,69K","-3,91%"
"02.08.2024","17,640","18,000","18,000","17,450","826,75K","-3,08%"
"01.08.2024","18,200","18,500","18,500","18,080","423,10K","-1,83%"
"31.07.2024","18,540","19,000","19,000","18,460","649,26K","-1,49%"
"30.07.2024","18,820","19,300","19,500","18,370","662,96K","-1,98%"
"29.07.2024","19,200","19,300","19,430","19,170","307,74K","0,00%"
"26.07.2024","19,200","19,120","19,320","19,010","281,37K","-0,16%"
"25.07.2024","19,230","19,300","19,300","18,970","326,91K","-0,77%"
"24.07.2024","19,380","19,630","19,890","19,290","397,40K","-2,17%"
"23.07.2024","19,810","20,060","20,060","19,730","571,64K","-0,75%"
"22.07.2024","19,960","19,620","20,020","19,430","372,32K","2,10%"
"19.07.2024","19,550","19,700","19,840","19,470","429,29K","-0,91%"
"18.07.2024","19,730","19,530","20,000","19,450","513,10K","0,92%"
"17.07.2024","19,550","19,510","19,580","19,180","433,41K","0,41%"
"16.07.2024","19,470","19,000","19,470","18,890","1,38M","2,15%"
"15.07.2024","19,060","19,180","19,240","18,970","331,01K","-0,94%"
"12.07.2024","19,240","18,980","19,240","18,960","418,48K","1,00%"
"11.07.2024","19,050","19,020","19,120","18,760","338,20K","0,63%"
"10.07.2024","18,930","18,650","18,930","18,520","479,98K","1,83%"
"09.07.2024","18,590","18,740","18,840","18,540","477,69K","-2,57%"
"08.07.2024","19,080","19,160","19,190","18,930","489,39K","-0,63%"
"05.07.2024","19,200","19,280","19,400","19,130","284,98K","0,26%"
"04.07.2024","19,150","19,030","19,310","18,980","291,15K","1,06%"
"03.07.2024","18,950","19,080","19,120","18,790","428,48K","-0,21%"
"02.07.2024","18,990","19,460","19,480","18,720","2,15M","-2,31%"
"01.07.2024","19,440","19,430","19,550","19,260","380,73K","0,67%"
"28.06.2024","19,310","19,470","19,480","19,230","446,63K","-0,16%"
"27.06.2024","19,340","19,950","19,950","19,240","475,03K","-2,62%"
"26.06.2024","19,860","20,080","20,220","19,800","319,37K","-0,60%"
"25.06.2024","19,980","20,260","20,260","19,360","763,62K","-1,67%"
"24.06.2024","20,320","20,680","20,740","20,140","1,27M","-2,12%"
"21.06.2024","20,760","20,840","20,880","20,540","768,01K","-0,38%"
"20.06.2024","20,840","20,680","20,920","20,540","310,53K","1,07%"
"19.06.2024","20,620","20,500","20,760","20,420","337,24K","1,48%"
"18.06.2024","20,320","20,260","20,420","20,140","313,12K","0,59%"
"17.06.2024","20,200","20,140","20,360","19,820","425,68K","0,10%"
"14.06.2024","20,180","20,400","20,600","19,970","566,88K","-1,46%"
"13.06.2024","20,480","20,760","21,080","20,420","655,33K","-1,92%"
"12.06.2024","20,880","21,080","21,140","20,800","278,81K","-0,29%"
"11.06.2024","20,940","21,500","21,540","20,820","379,05K","-2,70%"
"10.06.2024","21,520","21,660","21,660","21,380","240,15K","-0,19%"
"07.06.2024","21,560","21,780","21,820","21,360","371,16K","-0,92%"
"06.06.2024","21,760","21,740","22,040","21,700","479,58K","1,12%"
"05.06.2024","21,520","21,240","21,620","21,200","319,83K","0,65%"
"04.06.2024","21,380","21,600","21,600","21,100","377,95K","-1,02%"
"03.06.2024","21,600","21,360","21,620","21,260","409,99K","2,37%"
"31.05.2024","21,100","21,180","21,340","20,760","1,50M","-0,66%"
"30.05.2024","21,240","20,660","21,280","20,600","516,46K","2,41%"
"29.05.2024","20,740","20,360","20,760","20,340","435,40K","1,87%"
"28.05.2024","20,360","20,760","20,840","20,320","393,22K","-1,83%"
"27.05.2024","20,740","20,900","20,900","20,540","260,34K","-0,29%"
"24.05.2024","20,800","20,760","20,800","20,640","235,22K","-0,29%"
"23.05.2024","20,860","20,800","20,860","20,520","328,06K","0,58%"
"22.05.2024","20,740","20,500","20,760","20,440","482,61K","1,17%"
"21.05.2024","20,500","20,600","20,800","20,380","846,18K","-0,39%"
"20.05.2024","20,580","20,380","20,680","20,300","376,27K","0,78%"
"17.05.2024","20,420","20,180","20,420","20,000","472,38K","1,09%"
"16.05.2024","20,200","20,200","20,400","20,160","371,56K","0,40%"
"15.05.2024","20,120","20,020","20,200","19,950","701,35K","0,60%"
"14.05.2024","20,000","19,900","20,060","19,810","846,56K","0,76%"
"13.05.2024","19,850","19,850","19,960","19,660","416,02K","-0,05%"
"10.05.2024","19,860","19,770","20,020","19,680","328,99K","0,46%"
"09.05.2024","19,770","20,000","20,000","19,640","358,78K","-1,00%"
"08.05.2024","19,970","19,880","20,300","19,840","800,03K","1,11%"
"07.05.2024","19,750","19,580","20,020","19,570","1,08M","0,77%"
"06.05.2024","19,600","18,450","20,040","18,450","1,88M","8,83%"
"03.05.2024","18,010","18,040","18,170","17,910","366,88K","-0,17%"
"02.05.2024","18,040","18,060","18,080","17,840","363,50K","0,06%"
"30.04.2024","18,030","18,110","18,120","17,910","353,28K","-0,55%"
"29.04.2024","18,130","18,340","18,340","18,010","372,72K","-0,38%"
"26.04.2024","18,200","18,220","18,290","18,000","348,62K","0,55%"
"25.04.2024","18,100","18,310","18,310","17,920","412,43K","-1,42%"
"24.04.2024","18,360","18,370","18,450","18,200","392,43K","0,99%"
"23.04.2024","18,180","18,000","18,250","17,990","323,32K","1,17%"
"22.04.2024","17,970","17,990","18,070","17,910","338,67K","0,45%"
"19.04.2024","17,890","17,840","17,980","17,740","332,09K","-0,83%"
"18.04.2024","18,040","18,160","18,160","17,710","365,54K","-0,39%"
"17.04.2024","18,110","18,200","18,470","18,050","414,15K","-1,79%"
"16.04.2024","18,440","18,300","18,440","18,130","435,05K","-0,70%"
"15.04.2024","18,570","18,350","18,770","18,330","512,65K","0,76%"
"12.04.2024","18,430","18,450","18,590","18,360","274,00K","0,16%"
"11.04.2024","18,400","18,470","18,470","18,200","255,56K","0,16%"
"10.04.2024","18,370","18,540","18,750","18,000","521,99K","-0,11%"
"09.04.2024","18,390","18,980","19,000","18,120","696,78K","-3,16%"
"08.04.2024","18,990","18,870","19,080","18,860","375,51K","0,85%"
"05.04.2024","18,830","18,830","18,890","18,620","328,95K","-0,84%"
"04.04.2024","18,990","18,920","19,010","18,770","1,33M","0,48%"
"03.04.2024","18,900","18,900","18,940","18,650","291,99K","-0,26%"
"02.04.2024","18,950","19,210","19,520","18,850","421,70K","-1,35%"
"28.03.2024","19,210","19,000","19,350","18,930","551,36K","1,11%"
"27.03.2024","19,000","18,830","19,040","18,760","409,36K","1,23%"
"26.03.2024","18,770","18,470","18,920","18,470","519,42K","1,62%"
"25.03.2024","18,470","18,720","18,720","18,460","295,51K","0,38%"
"22.03.2024","18,400","18,550","18,550","18,280","324,62K","-0,76%"
"21.03.2024","18,540","18,640","18,650","18,280","415,48K","0,16%"
"20.03.2024","18,510","18,850","18,850","18,410","304,26K","-1,28%"
"19.03.2024","18,750","18,840","18,840","18,650","510,14K","0,21%"
"18.03.2024","18,710","18,700","18,910","18,680","457,95K","0,48%"
"15.03.2024","18,620","18,500","18,740","18,500","556,68K","0,49%"
"14.03.2024","18,530","18,330","18,580","18,330","573,83K","1,31%"
"13.03.2024","18,290","18,070","18,320","18,030","321,88K","1,22%"
"12.03.2024","18,070","17,950","18,300","17,890","486,20K","0,11%"
"11.03.2024","18,050","18,120","18,130","17,920","348,14K","-0,39%"
"08.03.2024","18,120","18,390","18,430","18,120","455,12K","-0,82%"
"07.03.2024","18,270","17,940","18,350","17,900","580,91K","2,24%"
"06.03.2024","17,870","17,850","18,060","17,530","486,56K","1,59%"
"05.03.2024","17,590","17,950","17,980","17,510","827,02K","-1,51%"
"04.03.2024","17,860","17,870","17,950","17,650","487,75K","0,96%"
"01.03.2024","17,690","17,900","17,950","17,460","622,14K","0,11%"
"29.02.2024","17,670","17,300","17,960","17,190","1,08M","3,45%"
"28.02.2024","17,080","16,500","17,590","16,440","1,61M","6,55%"
"27.02.2024","16,030","16,200","16,240","15,920","615,45K","-0,25%"
"26.02.2024","16,070","15,980","16,180","15,980","358,59K","0,88%"
"23.02.2024","15,930","16,000","16,090","15,900","339,61K","0,25%"
"22.02.2024","15,890","15,850","16,030","15,820","276,66K","0,89%"
"21.02.2024","15,750","15,780","15,870","15,630","346,74K","-0,51%"
"20.02.2024","15,830","16,000","16,000","15,760","262,88K","-0,38%"
"19.02.2024","15,890","15,880","15,980","15,820","282,10K","-0,38%"
"16.02.2024","15,950","15,950","16,180","15,850","511,92K","0,63%"
"15.02.2024","15,850","16,020","16,020","15,790","356,45K","-0,69%"
"14.02.2024","15,960","16,090","16,100","15,900","224,34K","0,13%"
"13.02.2024","15,940","16,160","16,170","15,820","353,43K","-1,73%"
"12.02.2024","16,220","16,120","16,250","16,120","210,89K","0,75%"
"09.02.2024","16,100","16,050","16,170","16,030","391,13K","0,94%"
"08.02.2024","15,950","16,150","16,150","15,860","362,57K","-0,87%"
"07.02.2024","16,090","16,040","16,120","15,970","295,19K","0,19%"
"06.02.2024","16,060","16,000","16,180","15,960","311,81K","0,25%"
"05.02.2024","16,020","15,950","16,140","15,950","317,97K","0,13%"
"02.02.2024","16,000","16,400","16,480","15,870","556,48K","-2,02%"
"01.02.2024","16,330","16,400","16,620","16,210","394,77K","-0,85%"
"31.01.2024","16,470","16,350","16,550","16,320","377,67K","0,73%"
"30.01.2024","16,350","16,250","16,390","16,180","282,08K","0,80%"
"29.01.2024","16,220","16,200","16,300","16,100","345,83K","0,12%"
"26.01.2024","16,200","16,100","16,240","16,040","777,41K","0,50%"
"25.01.2024","16,120","16,050","16,140","15,930","294,92K","0,69%"
"24.01.2024","16,010","15,800","16,010","15,790","394,91K","1,52%"
"23.01.2024","15,770","15,910","15,920","15,700","419,81K","-0,88%"
"22.01.2024","15,910","15,750","15,960","15,650","301,13K","1,53%"
"19.01.2024","15,670","15,920","15,920","15,640","294,37K","-0,82%"
"18.01.2024","15,800","15,730","15,810","15,480","1,58M","0,96%"
"17.01.2024","15,650","15,240","15,680","15,210","588,38K","2,69%"
"16.01.2024","15,240","15,300","15,370","15,080","310,70K","-0,46%"
"15.01.2024","15,310","15,250","15,370","15,150","324,20K","0,66%"
"12.01.2024","15,210","14,910","15,220","14,910","603,39K","2,22%"
"11.01.2024","14,880","14,450","14,940","14,420","639,93K","4,35%"
"10.01.2024","14,260","14,110","14,310","14,090","277,71K","1,35%"
"09.01.2024","14,070","14,260","14,260","13,980","221,23K","-0,71%"
"08.01.2024","14,170","13,990","14,170","13,900","202,72K","1,14%"
"05.01.2024","14,010","13,900","14,030","13,860","195,25K","0,29%"
"04.01.2024","13,970","13,900","14,000","13,830","432,94K","0,29%"
"03.01.2024","13,930","14,030","14,060","13,850","333,64K","-1,07%"
"02.01.2024","14,080","14,110","14,380","14,040","285,04K","0,57%"
"29.12.2023","14,000","14,100","14,210","13,950","266,56K","-0,43%"
"28.12.2023","14,060","14,010","14,060","13,880","249,52K","0,50%"
"27.12.2023","13,990","14,010","14,120","13,980","222,78K","-0,07%"
"22.12.2023","14,000","13,980","14,000","13,880","157,42K","-0,14%"
"21.12.2023","14,020","13,960","14,060","13,930","353,38K","0,00%"
"20.12.2023","14,020","14,170","14,170","13,880","325,15K","-0,85%"
"19.12.2023","14,140","13,940","14,190","13,940","288,56K","1,29%"
"18.12.2023","13,960","13,910","14,000","13,860","258,47K","0,14%"
"15.12.2023","13,940","13,800","14,030","13,790","581,68K","1,31%"
"14.12.2023","13,760","14,110","14,170","13,740","942,78K","-1,78%"
"13.12.2023","14,010","14,140","14,220","14,010","251,20K","-0,78%"
"12.12.2023","14,120","13,940","14,210","13,940","421,33K","1,73%"
"11.12.2023","13,880","14,220","14,230","13,820","264,90K","-2,39%"
"08.12.2023","14,220","13,990","14,270","13,910","339,13K","2,01%"
"07.12.2023","13,940","14,150","14,210","13,840","288,49K","-1,97%"
"06.12.2023","14,220","14,340","14,360","14,030","366,83K","-0,63%"
"05.12.2023","14,310","14,330","14,410","14,220","285,81K","-0,14%"
"04.12.2023","14,330","14,350","14,510","14,260","471,64K","-0,07%"
"01.12.2023","14,340","14,200","14,360","14,200","290,62K","1,34%"
"30.11.2023","14,150","14,400","14,410","14,100","689,57K","-1,05%"
"29.11.2023","14,300","14,390","14,430","14,270","238,80K","0,07%"
"28.11.2023","14,290","14,250","14,400","14,180","285,10K","0,21%"
"27.11.2023","14,260","14,410","14,500","14,250","265,41K","-0,90%"
"24.11.2023","14,390","14,560","14,590","14,360","376,60K","-0,90%"
"23.11.2023","14,520","14,400","14,540","14,390","217,82K","1,04%"
"22.11.2023","14,370","14,140","14,450","14,140","734,60K","1,48%"
"21.11.2023","14,160","14,120","14,280","13,990","384,70K","0,50%"
"20.11.2023","14,090","13,930","14,210","13,930","506,91K","1,22%"
"17.11.2023","13,920","13,980","13,980","13,870","618,76K","0,00%"
"16.11.2023","13,920","13,970","14,240","13,910","441,37K","-0,14%"
"15.11.2023","13,940","13,970","14,030","13,900","326,31K","-0,29%"
"14.11.2023","13,980","13,710","14,000","13,700","450,51K","1,97%"
"13.11.2023","13,710","13,680","13,750","13,550","231,57K","1,26%"
"10.11.2023","13,540","13,230","13,600","13,230","314,34K","2,11%"
"09.11.2023","13,260","13,100","13,310","13,100","205,11K","0,23%"
"08.11.2023","13,230","13,000","13,240","13,000","341,58K","1,22%"
"07.11.2023","13,070","12,880","13,150","12,880","301,51K","0,93%"
"06.11.2023","12,950","12,940","13,010","12,850","486,46K","0,08%"
"03.11.2023","12,940","13,220","13,270","12,940","597,08K","-1,75%"
"02.11.2023","13,170","13,400","13,430","13,030","466,12K","-1,05%"
"01.11.2023","13,310","13,270","13,380","13,050","446,01K","0,45%"
"31.10.2023","13,250","13,270","13,380","12,560","947,42K","0,84%"
"30.10.2023","13,140","13,180","13,330","13,140","343,35K","0,00%"
"27.10.2023","13,140","13,200","13,230","13,020","380,86K","-0,61%"
"26.10.2023","13,220","13,330","13,340","13,180","259,43K","-0,90%"
"25.10.2023","13,340","13,200","13,390","13,140","402,12K","0,76%"
"24.10.2023","13,240","13,150","13,340","13,140","332,24K","1,15%"
"23.10.2023","13,090","13,120","13,170","13,020","308,59K","-0,08%"
"20.10.2023","13,100","13,150","13,280","13,030","472,49K","-1,73%"
"19.10.2023","13,330","13,380","13,430","13,200","364,53K","-0,67%"
"18.10.2023","13,420","13,560","13,620","13,350","2,89M","-1,18%"
"17.10.2023","13,580","13,460","13,590","13,410","277,62K","1,12%"
"16.10.2023","13,430","13,480","13,560","13,370","210,01K","-0,07%"
"13.10.2023","13,440","13,750","13,840","13,420","360,34K","-2,18%"
"12.10.2023","13,740","13,680","13,840","13,640","274,97K","1,48%"
"11.10.2023","13,540","13,400","13,630","13,400","279,34K","0,52%"
"10.10.2023","13,470","13,500","13,650","13,250","354,85K","0,97%"
"09.10.2023","13,340","13,130","13,440","13,130","460,40K","1,68%"
"06.10.2023","13,120","13,010","13,150","12,950","322,06K","1,31%"
"05.10.2023","12,950","13,100","13,100","12,750","612,55K","-0,54%"
"04.10.2023","13,020","13,220","13,220","12,830","467,21K","-2,03%"
"03.10.2023","13,290","13,600","13,630","13,250","377,32K","-2,64%"
"02.10.2023","13,650","13,720","13,790","13,530","376,69K","-0,36%"
"29.09.2023","13,700","13,730","13,880","13,700","288,86K","-0,44%"
"28.09.2023","13,760","13,760","13,800","13,640","280,14K","0,22%"
"27.09.2023","13,730","13,680","13,740","13,640","264,90K","0,37%"
"26.09.2023","13,680","13,850","13,860","13,650","441,54K","-1,30%"
"25.09.2023","13,860","13,880","13,950","13,780","304,21K","-0,14%"
"22.09.2023","13,880","13,940","14,000","13,850","313,63K","-1,14%"
"21.09.2023","14,040","14,010","14,060","13,970","492,95K","-0,28%"
"20.09.2023","14,080","14,150","14,150","14,040","395,84K","-0,28%"
"19.09.2023","14,120","14,070","14,130","14,030","402,25K","0,43%"
"18.09.2023","14,060","14,100","14,140","14,000","562,75K","-0,64%"
"15.09.2023","14,150","14,250","14,290","14,110","799,29K","0,00%"
"14.09.2023","14,150","13,870","14,200","13,850","849,18K","2,02%"
"13.09.2023","13,870","13,740","13,920","13,700","495,12K","1,02%"
"12.09.2023","13,730","13,660","13,890","13,640","450,26K","0,59%"
"11.09.2023","13,650","13,520","13,770","13,520","373,87K","0,96%"
"08.09.2023","13,520","13,480","13,580","13,370","364,22K","0,97%"
"07.09.2023","13,390","13,190","13,590","13,190","552,67K","1,13%"
"06.09.2023","13,240","13,160","13,290","13,160","240,83K","0,23%"
"05.09.2023","13,210","13,150","13,240","13,080","258,11K","0,69%"
"04.09.2023","13,120","13,050","13,150","13,030","204,38K","0,54%"
"01.09.2023","13,050","13,020","13,150","13,020","203,96K","0,00%"
"31.08.2023","13,050","13,010","13,110","12,950","451,03K","0,08%"
"30.08.2023","13,040","13,070","13,140","13,010","257,16K","-0,23%"
"29.08.2023","13,070","12,960","13,070","12,850","303,42K","0,65%"
"28.08.2023","12,985","12,985","12,990","12,900","","0,43%"
"25.08.2023","12,930","12,920","13,010","12,820","270,99K","0,23%"
"24.08.2023","12,900","13,080","13,140","12,890","317,51K","-1,30%"
"23.08.2023","13,070","13,160","13,190","13,020","262,79K","-0,68%"
"22.08.2023","13,160","13,250","13,250","13,080","237,00K","-0,38%"
"21.08.2023","13,210","13,290","13,290","13,180","201,08K","-0,30%"
"18.08.2023","13,250","13,150","13,260","13,090","346,61K","0,45%"
"17.08.2023","13,190","13,200","13,310","13,170","318,27K","-0,75%"
"16.08.2023","13,290","13,200","13,360","13,200","237,65K","0,23%"
"15.08.2023","13,260","13,400","13,400","13,170","249,62K","-0,60%"
"14.08.2023","13,340","13,270","13,360","13,240","260,37K","0,45%"
"11.08.2023","13,280","13,380","13,380","13,240","1,61M","-0,30%"
"10.08.2023","13,320","13,390","13,410","13,300","445,42K","-0,37%"
"09.08.2023","13,370","13,390","13,470","13,330","353,98K","0,60%"
"08.08.2023","13,290","13,380","13,410","13,230","335,05K","-0,75%"
"07.08.2023","13,390","13,320","13,480","13,270","385,98K","0,37%"
"04.08.2023","13,340","13,390","13,480","12,900","778,21K","-1,19%"
"03.08.2023","13,500","13,350","13,570","13,340","590,80K","0,75%"
"02.08.2023","13,400","13,200","13,410","13,160","425,78K","0,75%"
"01.08.2023","13,300","13,150","13,340","13,150","375,54K","0,61%"
"31.07.2023","13,220","13,430","13,430","13,180","436,36K","-2,07%"
"28.07.2023","13,500","13,180","13,590","13,170","887,85K","2,43%"
"27.07.2023","13,180","12,700","13,250","12,610","1,11M","5,44%"
"26.07.2023","12,500","12,520","12,590","12,390","644,23K","0,48%"
"25.07.2023","12,440","12,400","12,520","12,370","351,40K","0,08%"
"24.07.2023","12,430","12,490","12,500","12,210","620,66K","-2,05%"
"21.07.2023","12,690","12,580","12,690","12,460","574,29K","0,24%"
"20.07.2023","12,660","12,360","12,670","12,310","1,41M","2,01%"
"19.07.2023","12,410","12,270","12,430","12,270","478,54K","1,14%"
"18.07.2023","12,270","12,040","12,280","11,990","495,55K","2,25%"
"17.07.2023","12,000","12,010","12,110","11,870","349,93K","-0,91%"
"14.07.2023","12,110","12,050","12,190","12,010","306,31K","0,25%"
"13.07.2023","12,080","11,990","12,100","11,940","393,41K","1,00%"
"12.07.2023","11,960","11,860","12,040","11,850","433,07K","1,18%"
"11.07.2023","11,820","11,750","11,860","11,630","500,92K","1,20%"
"10.07.2023","11,680","11,480","11,710","11,450","483,48K","-0,26%"
"07.07.2023","11,710","11,790","11,790","11,610","559,44K","-0,68%"
"06.07.2023","11,790","11,730","12,020","11,700","1,63M","0,51%"
"05.07.2023","11,730","11,490","11,740","11,420","672,08K","2,09%"
"04.07.2023","11,490","11,640","11,640","11,410","470,23K","-0,78%"
"03.07.2023","11,580","11,590","11,660","11,530","346,32K","0,00%"
"30.06.2023","11,580","11,410","11,620","11,400","478,13K","1,67%"
"29.06.2023","11,390","11,270","11,410","11,270","1,05M","0,71%"
"28.06.2023","11,310","11,200","11,360","11,200","397,49K","0,98%"
"27.06.2023","11,200","11,200","11,230","11,090","349,39K","0,27%"
"26.06.2023","11,170","11,300","11,300","11,080","260,91K","-0,36%"
"23.06.2023","11,210","11,300","11,330","11,140","320,37K","-0,97%"
"22.06.2023","11,320","11,400","11,410","11,260","397,83K","-1,39%"
"21.06.2023","11,480","11,550","11,610","11,480","322,04K","-0,69%"
"20.06.2023","11,560","11,530","11,630","11,530","382,15K","0,09%"
"19.06.2023","11,550","11,660","11,670","11,550","272,55K","-1,28%"
"16.06.2023","11,700","11,610","11,790","11,540","668,58K","1,74%"
"15.06.2023","11,500","11,600","11,650","11,480","482,47K","-0,61%"
"14.06.2023","11,570","11,500","11,610","11,420","380,63K","0,00%"
"13.06.2023","11,570","11,500","11,630","11,470","517,05K","1,40%"
"12.06.2023","11,410","11,400","11,480","11,370","474,28K","-0,09%"
"09.06.2023","11,420","11,500","11,540","11,370","342,57K","-0,70%"
"08.06.2023","11,500","11,330","11,540","11,310","449,85K","0,79%"
"07.06.2023","11,410","11,450","11,560","11,410","367,44K","-0,78%"
"06.06.2023","11,500","11,520","11,600","11,460","326,47K","-0,69%"
"05.06.2023","11,580","11,690","11,710","11,540","330,15K","-0,77%"
"02.06.2023","11,670","11,720","11,720","11,610","278,19K","0,26%"
"01.06.2023","11,640","11,520","11,660","11,520","403,97K","1,48%"
"31.05.2023","11,470","11,450","11,560","11,400","1,01M","0,00%"
"30.05.2023","11,470","11,530","11,590","11,470","379,57K","-0,61%"
"29.05.2023","11,540","11,610","11,690","11,490","295,39K","-0,35%"
"26.05.2023","11,580","11,450","11,610","11,280","572,40K","1,67%"
"25.05.2023","11,390","11,510","11,510","11,270","621,13K","-1,04%"
"24.05.2023","11,510","11,690","11,700","11,440","573,97K","-2,04%"
"23.05.2023","11,750","11,990","11,990","11,680","671,66K","-1,26%"
"22.05.2023","11,900","11,920","12,000","11,860","435,82K","-0,17%"
"19.05.2023","11,920","12,080","12,100","11,870","644,85K","0,17%"
"18.05.2023","11,900","11,870","11,900","11,840","363,52K","0,51%"
"17.05.2023","11,840","11,840","11,870","11,780","311,78K","-0,17%"
"16.05.2023","11,860","11,790","11,930","11,780","625,20K","0,59%"
"15.05.2023","11,790","11,930","11,930","11,740","367,27K","-0,51%"
"12.05.2023","11,850","11,900","11,900","11,800","409,39K","0,77%"
"11.05.2023","11,760","11,760","11,900","11,690","473,82K","-1,42%"
"10.05.2023","11,930","12,080","12,080","11,900","498,31K","-0,42%"
"09.05.2023","11,980","12,050","12,090","11,950","523,85K","-0,08%"
"08.05.2023","11,990","12,000","12,070","11,910","408,43K","0,00%"
"05.05.2023","11,990","11,990","12,020","11,880","700,67K","0,25%"
"04.05.2023","11,960","12,000","12,040","11,870","672,72K","-0,25%"
"03.05.2023","11,990","11,960","12,100","11,930","944,02K","-0,25%"
"02.05.2023","12,020","12,220","12,250","11,700","995,30K","0,17%"
"28.04.2023","12,000","12,400","12,460","11,980","1,56M","-2,76%"
"27.04.2023","12,340","12,280","12,410","12,200","1,37M","0,33%"
"26.04.2023","12,300","12,190","12,320","12,100","859,88K","0,33%"
"25.04.2023","12,260","12,350","12,350","12,120","708,39K","-0,33%"
"24.04.2023","12,300","12,280","12,400","12,280","816,68K","-0,57%"
"21.04.2023","12,370","12,600","12,600","12,300","1,33M","-1,51%"
"20.04.2023","12,560","12,750","12,770","12,540","721,51K","-1,57%"
"19.04.2023","12,760","12,700","12,790","12,680","742,94K","0,55%"
"18.04.2023","12,690","12,480","12,740","12,480","607,81K","1,93%"
"17.04.2023","12,450","12,510","12,560","12,450","1,34M","-0,40%"
"14.04.2023","12,500","12,780","12,780","12,480","1,02M","-2,27%"
"13.04.2023","12,790","12,650","12,800","12,600","991,80K","1,35%"
"12.04.2023","12,620","12,510","12,770","12,010","928,46K","-0,32%"
"11.04.2023","12,660","12,750","12,760","12,480","1,05M","-0,24%"
"06.04.2023","12,690","12,520","12,720","12,510","369,77K","0,87%"
"05.04.2023","12,580","12,640","12,700","12,570","667,61K","-0,16%"
"04.04.2023","12,600","12,500","12,640","12,460","550,79K","1,20%"
"03.04.2023","12,450","12,500","12,510","12,390","577,97K","0,00%"
"31.03.2023","12,450","12,650","12,710","12,340","522,83K","-1,35%"
"30.03.2023","12,620","12,500","12,660","12,470","1,62M","1,20%"
"29.03.2023","12,470","12,300","12,500","12,210","610,51K","1,88%"
"28.03.2023","12,240","12,240","12,300","12,190","473,85K","0,91%"
"27.03.2023","12,130","12,100","12,170","11,990","463,83K","1,51%"
"24.03.2023","11,950","11,900","11,980","11,810","539,12K","-0,91%"
"23.03.2023","12,060","11,880","12,060","11,810","452,34K","1,43%"
"22.03.2023","11,890","11,910","11,930","11,820","606,39K","-0,08%"
"21.03.2023","11,900","11,530","11,940","11,530","810,27K","2,76%"
"20.03.2023","11,580","11,260","11,580","11,120","613,88K","3,21%"
"17.03.2023","11,220","11,450","11,590","11,140","1,04M","-1,32%"
"16.03.2023","11,370","11,440","11,470","11,180","657,25K","0,26%"
"15.03.2023","11,340","11,610","11,640","11,230","1,08M","-1,99%"
"14.03.2023","11,570","11,180","11,610","11,170","669,34K","3,49%"
"13.03.2023","11,180","11,490","11,510","11,080","2,19M","-2,70%"
"10.03.2023","11,490","11,500","11,520","11,370","594,34K","-0,61%"
"09.03.2023","11,560","11,600","11,630","11,520","591,14K","-0,09%"
"08.03.2023","11,570","11,510","11,710","11,490","1,63M","0,52%"
"07.03.2023","11,510","11,900","11,900","11,450","2,42M","-7,18%"
"06.03.2023","12,400","12,480","12,480","12,160","517,16K","-0,16%"
"03.03.2023","12,420","12,480","12,520","12,380","557,67K","0,24%"
"02.03.2023","12,390","12,500","12,670","12,330","777,90K","-1,04%"
"01.03.2023","12,520","12,100","12,630","12,010","1,30M","4,86%"
"28.02.2023","11,940","11,940","12,010","11,930","567,48K","-0,42%"
"27.02.2023","11,990","11,760","12,000","11,760","494,40K","1,96%"
"24.02.2023","11,760","11,940","12,030","11,710","407,42K","-1,51%"
"23.02.2023","11,940","11,740","11,960","11,720","415,09K","2,40%"
"22.02.2023","11,660","11,680","11,680","11,540","216,89K","-0,43%"
"21.02.2023","11,710","11,640","11,780","11,610","349,66K","0,43%"
"20.02.2023","11,660","11,670","11,860","11,590","394,68K","0,26%"
"17.02.2023","11,630","11,500","11,670","11,500","285,80K","0,78%"
"16.02.2023","11,540","11,500","11,630","11,450","324,00K","0,87%"
"15.02.2023","11,440","11,480","11,510","11,420","305,95K","-0,17%"
"14.02.2023","11,460","11,500","11,630","11,450","472,39K","-0,09%"
"13.02.2023","11,470","11,430","11,530","11,410","199,75K","0,70%"
"10.02.2023","11,390","11,440","11,510","11,340","357,13K","-0,61%"
"09.02.2023","11,460","11,450","11,560","11,450","385,71K","0,53%"
"08.02.2023","11,400","11,340","11,450","11,310","354,57K","0,71%"
"07.02.2023","11,320","11,480","11,480","11,250","425,30K","-1,57%"
"06.02.2023","11,500","11,400","11,530","11,400","312,42K","0,26%"
"03.02.2023","11,470","11,500","11,560","11,400","552,00K","-0,17%"
"02.02.2023","11,490","11,400","11,540","11,380","552,03K","1,41%"
"01.02.2023","11,330","11,170","11,350","11,150","411,90K","1,16%"
"31.01.2023","11,200","11,190","11,230","11,160","409,92K","-0,44%"
"30.01.2023","11,250","11,250","11,290","11,160","357,38K","0,09%"
"27.01.2023","11,240","11,290","11,350","11,120","577,33K","-0,44%"
"26.01.2023","11,290","11,190","11,380","11,120","477,36K","1,90%"
"25.01.2023","11,080","11,240","11,250","11,070","464,07K","-1,42%"
"24.01.2023","11,240","10,900","11,270","10,900","454,87K","1,72%"
"23.01.2023","11,050","11,130","11,150","10,970","591,07K","-0,63%"
"20.01.2023","11,120","11,000","11,130","10,940","406,35K","1,83%"
"19.01.2023","10,920","10,950","11,010","10,860","350,73K","-0,91%"
"18.01.2023","11,020","11,020","11,170","11,010","331,33K","0,09%"
"17.01.2023","11,010","11,010","11,080","10,960","344,42K","-0,27%"
"16.01.2023","11,040","10,910","11,070","10,850","407,41K","1,19%"
"13.01.2023","10,910","10,900","10,990","10,850","681,29K","0,55%"
"12.01.2023","10,850","10,630","10,920","10,520","701,23K","1,69%"
"11.01.2023","10,670","10,800","10,830","10,670","454,54K","-0,47%"
"10.01.2023","10,720","10,760","10,800","10,610","414,71K","-0,74%"
"09.01.2023","10,800","10,890","10,910","10,780","521,93K","-0,28%"
"06.01.2023","10,830","10,860","10,890","10,780","380,75K","-0,09%"
"05.01.2023","10,840","10,850","10,870","10,740","432,54K","0,18%"
"04.01.2023","10,820","10,830","10,890","10,770","404,01K","-0,09%"
"03.01.2023","10,830","10,720","10,930","10,720","562,99K","0,28%"
"02.01.2023","10,800","10,800","10,810","10,600","291,49K","1,41%"
"30.12.2022","10,650","10,650","10,740","10,630","384,26K","-0,47%"
"29.12.2022","10,700","10,640","10,720","10,580","385,46K","0,56%"
"28.12.2022","10,640","10,650","10,720","10,610","422,05K","-0,09%"
"27.12.2022","10,650","10,740","10,780","10,630","290,90K","-0,65%"
"23.12.2022","10,720","10,670","10,720","10,580","547,60K","0,66%"
"22.12.2022","10,650","10,540","10,670","10,450","640,72K","1,33%"
"21.12.2022","10,510","10,370","10,540","10,340","512,56K","2,24%"
"20.12.2022","10,280","10,200","10,280","10,090","398,22K","-0,19%"
"19.12.2022","10,300","10,200","10,370","10,200","509,97K","0,78%"
"16.12.2022","10,220","10,200","10,310","10,060","628,60K","-0,10%"
"15.12.2022","10,230","10,240","10,400","10,220","668,09K","-0,49%"
"14.12.2022","10,280","10,280","10,300","10,180","328,20K","-0,48%"
"13.12.2022","10,330","10,150","10,450","10,140","592,75K","1,77%"
"12.12.2022","10,150","10,190","10,220","10,100","250,74K","-1,26%"
"09.12.2022","10,280","10,280","10,300","9,960","814,07K","0,49%"
"08.12.2022","10,230","10,360","10,430","10,210","1,42M","-0,97%"
"07.12.2022","10,330","10,200","10,360","10,200","484,12K","0,39%"
"06.12.2022","10,290","10,190","10,450","10,160","505,96K","0,10%"
"05.12.2022","10,280","10,500","10,550","10,220","607,35K","-2,56%"
"02.12.2022","10,550","10,120","10,700","10,020","1,32M","4,77%"
"01.12.2022","10,070","9,945","10,110","9,860","782,31K","2,81%"
"30.11.2022","9,795","9,935","9,960","9,755","654,08K","-1,61%"
"29.11.2022","9,955","9,950","10,000","9,930","315,42K","0,40%"
"28.11.2022","9,915","9,955","9,980","9,905","329,77K","-0,80%"
"25.11.2022","9,995","9,985","10,020","9,890","419,16K","0,35%"
"24.11.2022","9,960","9,950","9,995","9,860","326,49K","0,20%"
"23.11.2022","9,940","10,000","10,120","9,920","1,29M","-0,45%"
"22.11.2022","9,985","9,700","10,070","9,640","1,46M","3,58%"
"21.11.2022","9,640","9,400","9,760","9,315","804,52K","2,77%"
"18.11.2022","9,380","9,360","9,380","9,295","374,22K","0,43%"
"17.11.2022","9,340","9,350","9,350","9,235","239,26K","0,43%"
"16.11.2022","9,300","9,540","9,545","9,150","515,79K","-2,26%"
"15.11.2022","9,515","9,500","9,570","9,425","430,13K","0,69%"
"14.11.2022","9,450","9,450","9,490","9,345","455,53K","0,11%"
"11.11.2022","9,440","9,715","9,715","9,420","626,71K","-1,82%"
"10.11.2022","9,615","9,500","9,615","9,380","645,10K","1,48%"
"09.11.2022","9,475","9,460","9,480","9,335","454,10K","-0,26%"
"08.11.2022","9,500","9,435","9,500","9,395","496,19K","1,39%"
"07.11.2022","9,370","9,300","9,435","9,165","396,17K","0,75%"
"04.11.2022","9,300","9,255","9,355","9,080","1,14M","0,81%"
"03.11.2022","9,225","9,250","9,470","9,045","1,02M","1,37%"
"02.11.2022","9,100","9,200","9,200","8,960","1,15M","-0,49%"
"01.11.2022","9,145","9,140","9,230","9,065","426,41K","1,05%"
"31.10.2022","9,050","8,930","9,090","8,885","496,89K","2,26%"
"28.10.2022","8,850","8,870","8,910","8,720","415,18K","-0,39%"
"27.10.2022","8,885","8,755","8,925","8,740","486,11K","1,02%"
"26.10.2022","8,795","8,675","8,900","8,675","450,15K","-0,40%"
"25.10.2022","8,830","8,750","8,835","8,715","407,95K","0,63%"
"24.10.2022","8,775","8,845","8,900","8,645","365,77K","-0,40%"
"21.10.2022","8,810","8,725","8,840","8,570","566,52K","-0,11%"
"20.10.2022","8,820","8,685","8,820","8,585","727,03K","1,50%"
"19.10.2022","8,690","8,380","8,735","8,315","1,34M","3,70%"
"18.10.2022","8,380","8,285","8,510","8,285","699,14K","2,26%"
"17.10.2022","8,195","8,010","8,235","8,010","866,79K","2,50%"
"14.10.2022","7,995","7,970","8,175","7,925","736,78K","1,46%"
"13.10.2022","7,880","7,700","7,885","7,640","575,87K","1,48%"
"12.10.2022","7,765","7,760","7,810","7,665","314,26K","0,58%"
"11.10.2022","7,720","7,725","7,770","7,670","334,96K","-0,96%"
"10.10.2022","7,795","7,645","7,795","7,625","410,22K","1,30%"
"07.10.2022","7,695","7,920","7,925","7,665","683,61K","-2,22%"
"06.10.2022","7,870","8,050","8,055","7,865","355,42K","-1,01%"
"05.10.2022","7,950","8,105","8,105","7,920","496,93K","-1,18%"
"04.10.2022","8,045","7,920","8,100","7,895","440,40K","2,61%"
"03.10.2022","7,840","8,025","8,025","7,700","495,76K","-0,19%"
"30.09.2022","7,855","7,640","7,910","7,635","451,34K","2,75%"
"29.09.2022","7,645","7,765","7,765","7,540","562,76K","-1,80%"
"28.09.2022","7,785","7,875","7,910","7,595","655,40K","-2,01%"
"27.09.2022","7,945","8,085","8,145","7,945","1,17M","0,19%"
"26.09.2022","7,930","7,775","8,065","7,750","624,11K","0,38%"
"23.09.2022","7,900","8,040","8,040","7,735","567,17K","-1,25%"
"22.09.2022","8,000","8,040","8,115","7,935","491,06K","-2,32%"
"21.09.2022","8,190","8,050","8,210","8,005","423,36K","1,61%"
"20.09.2022","8,060","8,200","8,210","8,050","569,05K","-2,18%"
"19.09.2022","8,240","8,210","8,280","8,040","446,41K","0,86%"
"16.09.2022","8,170","8,045","8,245","7,870","775,36K","2,32%"
"15.09.2022","7,985","8,245","8,340","7,935","725,58K","-3,45%"
"14.09.2022","8,270","8,000","8,400","8,000","871,84K","2,73%"
"13.09.2022","8,050","8,155","8,285","8,050","542,65K","-1,65%"
"12.09.2022","8,185","8,110","8,270","8,050","516,89K","2,06%"
"09.09.2022","8,020","7,790","8,065","7,790","561,58K","2,89%"
"08.09.2022","7,795","7,790","7,815","7,635","402,13K","1,04%"
"07.09.2022","7,715","7,625","7,740","7,625","452,22K","0,00%"
"06.09.2022","7,715","7,650","7,775","7,635","444,32K","0,33%"
"05.09.2022","7,690","7,560","7,730","7,515","368,11K","-0,84%"
"02.09.2022","7,755","7,700","7,790","7,600","463,11K","2,51%"
"01.09.2022","7,565","7,840","7,845","7,565","581,12K","-3,51%"
"31.08.2022","7,840","7,895","7,945","7,825","576,47K","-0,70%"
"30.08.2022","7,895","8,050","8,125","7,880","586,20K","-1,25%"
"29.08.2022","7,995","8,000","8,055","7,875","700,00K","-1,17%"
"26.08.2022","8,090","8,350","8,350","8,090","370,33K","-2,18%"
"25.08.2022","8,270","8,315","8,390","8,230","277,40K","-0,54%"
"24.08.2022","8,315","8,250","8,345","8,155","454,11K","0,73%"
"23.08.2022","8,255","8,295","8,365","8,255","321,83K","-0,78%"
"22.08.2022","8,320","8,370","8,370","8,230","425,60K","-1,01%"
"19.08.2022","8,405","8,530","8,530","8,405","285,28K","-1,29%"
"18.08.2022","8,515","8,470","8,550","8,380","509,73K","0,53%"
"17.08.2022","8,470","8,615","8,630","8,440","456,29K","-1,57%"
"16.08.2022","8,605","8,525","8,655","8,465","411,95K","1,53%"
"15.08.2022","8,475","8,510","8,590","8,410","369,32K","-0,82%"
"12.08.2022","8,545","8,625","8,660","8,510","321,55K","-0,06%"
"11.08.2022","8,550","8,675","8,740","8,550","350,88K","-1,55%"
"10.08.2022","8,685","8,500","8,710","8,450","469,53K","2,24%"
"09.08.2022","8,495","8,560","8,565","8,435","546,59K","-0,76%"
"08.08.2022","8,560","8,595","8,595","8,485","417,17K","1,06%"
"05.08.2022","8,470","8,510","8,555","8,460","546,86K","-0,47%"
"04.08.2022","8,510","8,500","8,655","8,260","1,16M","-3,57%"
"03.08.2022","8,825","8,600","8,855","8,485","492,11K","2,32%"
"02.08.2022","8,625","8,700","8,755","8,570","637,27K","-1,48%"
"01.08.2022","8,755","8,900","8,980","8,700","655,37K","-1,63%"
"29.07.2022","8,900","8,900","8,930","8,810","658,26K","1,14%"
"28.07.2022","8,800","9,210","9,370","8,570","1,04M","-2,92%"
"27.07.2022","9,065","8,990","9,115","8,865","517,53K","1,57%"
"26.07.2022","8,925","9,150","9,165","8,925","720,29K","-2,67%"
"25.07.2022","9,170","9,260","9,295","9,145","345,30K","-1,13%"
"22.07.2022","9,275","9,390","9,390","9,245","349,30K","-0,59%"
"21.07.2022","9,330","9,220","9,330","9,135","422,77K","0,38%"
"20.07.2022","9,295","9,450","9,570","9,290","611,73K","-2,16%"
"19.07.2022","9,500","9,450","9,570","9,350","1,31M","0,74%"
"18.07.2022","9,430","9,365","9,455","9,340","455,18K","1,29%"
"15.07.2022","9,310","9,110","9,340","9,005","471,13K","2,36%"
"14.07.2022","9,095","9,295","9,335","9,020","514,27K","-2,05%"
"13.07.2022","9,285","9,505","9,505","8,990","803,88K","-2,37%"
"12.07.2022","9,510","9,360","9,530","9,345","589,98K","0,37%"
"11.07.2022","9,475","9,280","9,515","9,205","500,69K","0,74%"
"08.07.2022","9,405","9,350","9,460","9,185","932,21K","0,05%"
"07.07.2022","9,400","9,000","9,550","9,000","1,58M","5,20%"
"06.07.2022","8,935","8,650","8,970","8,650","773,25K","4,20%"
"05.07.2022","8,575","9,000","9,000","8,575","673,00K","-3,65%"
"04.07.2022","8,900","9,015","9,065","8,890","495,03K","-0,34%"
"01.07.2022","8,930","9,100","9,330","8,890","1,08M","-2,14%"
"30.06.2022","9,125","8,950","9,140","8,900","1,76M","2,18%"
"29.06.2022","8,930","9,075","9,080","8,760","910,43K","-1,65%"
"28.06.2022","9,080","8,940","9,105","8,745","1,89M","2,54%"
"27.06.2022","8,855","8,850","9,025","8,655","2,08M","2,55%"
"24.06.2022","8,635","9,570","9,570","7,950","8,29M","-14,76%"
"23.06.2022","10,130","10,580","10,620","10,110","1,34M","-3,71%"
"22.06.2022","10,520","10,520","10,620","10,390","807,47K","-0,47%"
"21.06.2022","10,570","10,560","10,790","10,470","3,81M","0,67%"
"20.06.2022","10,500","10,400","10,530","10,400","670,26K","0,77%"
"17.06.2022","10,420","10,250","10,490","10,250","1,29M","1,17%"
"16.06.2022","10,300","10,320","10,390","10,090","842,91K","0,29%"
"15.06.2022","10,270","10,500","10,580","9,990","1,64M","-1,25%"
"14.06.2022","10,400","10,350","10,500","10,330","6,05M","-0,29%"
"13.06.2022","10,430","10,510","10,590","10,220","1,62M","-2,80%"
"10.06.2022","10,730","10,740","10,850","10,670","1,69M","-1,11%"
"09.06.2022","10,850","10,830","11,030","10,820","1,09M","-0,28%"
"08.06.2022","10,880","10,700","10,950","10,700","545,31K","0,74%"
"07.06.2022","10,800","10,600","10,820","10,600","3,68M","0,75%"
"06.06.2022","10,720","10,650","10,750","10,580","1,42M","0,66%"
"03.06.2022","10,650","10,570","10,690","10,550","6,25M","0,95%"
"02.06.2022","10,550","10,380","10,550","10,340","789,55K","1,34%"
"01.06.2022","10,410","10,200","10,490","10,170","1,44M","2,66%"
"31.05.2022","10,140","10,200","10,230","10,120","604,06K","-1,07%"
"30.05.2022","10,250","10,300","10,410","10,140","490,92K","0,29%"
"27.05.2022","10,220","10,070","10,280","10,060","1,06M","1,39%"
"26.05.2022","10,080","9,995","10,080","9,920","1,46M","1,10%"
"25.05.2022","9,970","9,760","9,975","9,725","630,53K","2,57%"
"24.05.2022","9,720","9,860","9,935","9,700","636,98K","-1,52%"
"23.05.2022","9,870","9,735","9,885","9,725","514,21K","2,65%"
"20.05.2022","9,615","9,565","9,770","9,495","629,81K","1,10%"
"19.05.2022","9,510","9,300","9,530","9,280","513,05K","1,06%"
"18.05.2022","9,410","9,555","9,625","9,385","791,98K","-2,44%"
"17.05.2022","9,645","9,380","9,735","9,380","568,17K","1,37%"
"16.05.2022","9,515","9,500","9,595","9,380","386,86K","0,26%"
"13.05.2022","9,490","9,400","9,595","9,395","451,63K","1,01%"
"12.05.2022","9,395","9,250","9,455","9,175","500,57K","-0,05%"
"11.05.2022","9,400","9,400","9,430","9,230","408,47K","0,59%"
"10.05.2022","9,345","9,420","9,470","9,295","551,86K","0,16%"
"09.05.2022","9,330","9,450","9,615","9,300","607,94K","-1,79%"
"06.05.2022","9,500","9,460","9,665","9,440","497,12K","-1,25%"
"05.05.2022","9,620","9,950","10,060","9,550","821,45K","-1,08%"
"04.05.2022","9,725","9,895","9,895","9,715","466,48K","-1,27%"
"03.05.2022","9,850","9,800","9,930","9,715","","2,07%"
"02.05.2022","9,650","9,800","9,810","9,390","1,03M","-1,18%"
"29.04.2022","9,765","9,485","9,960","9,450","1,41M","6,08%"
"28.04.2022","9,205","9,330","9,330","9,075","413,46K","0,22%"
"27.04.2022","9,185","9,260","9,260","9,045","911,02K","0,22%"
"26.04.2022","9,165","9,300","9,365","9,135","","-0,38%"
"25.04.2022","9,200","9,110","9,450","9,100","","-0,54%"
"22.04.2022","9,250","9,110","9,320","9,085","815,63K","-1,80%"
"21.04.2022","9,420","9,450","9,610","9,420","3,42M","0,00%"
"20.04.2022","9,420","9,100","9,430","9,100","530,18K","2,89%"
"19.04.2022","9,155","9,190","9,245","9,085","475,86K","-0,38%"
"14.04.2022","9,190","9,140","9,285","9,090","449,03K","1,49%"
"13.04.2022","9,055","9,070","9,095","8,910","579,37K","-0,22%"
"12.04.2022","9,075","9,060","9,210","8,990","902,59K","-0,33%"
"11.04.2022","9,105","9,240","9,295","9,105","1,22M","-1,83%"
"08.04.2022","9,275","9,300","9,350","9,155","510,77K","0,43%"
"07.04.2022","9,235","9,335","9,380","9,220","847,07K","-0,11%"
"06.04.2022","9,245","9,580","9,625","9,225","959,07K","-2,79%"
"05.04.2022","9,510","9,620","9,670","9,440","2,72M","-1,30%"
"04.04.2022","9,635","9,600","9,730","9,445","855,12K","1,42%"
"01.04.2022","9,500","10,180","10,180","9,475","2,14M","-5,94%"
"31.03.2022","10,100","10,320","10,410","10,100","1,15M","-1,56%"
"30.03.2022","10,260","10,090","10,330","10,090","756,79K","0,29%"
"29.03.2022","10,230","10,010","10,330","10,010","751,63K","2,51%"
"28.03.2022","9,980","10,200","10,210","9,625","1,18M","-2,92%"
"25.03.2022","10,280","10,260","10,460","10,110","806,34K","2,95%"
"24.03.2022","9,985","9,820","10,030","9,800","387,49K","0,00%"
"23.03.2022","9,985","10,350","10,350","9,855","695,63K","-2,49%"
"22.03.2022","10,240","10,070","10,260","10,010","1,05M","1,89%"
"21.03.2022","10,050","10,160","10,200","10,000","732,84K","-1,18%"
"18.03.2022","10,170","10,000","10,170","9,795","598,62K","2,47%"
"17.03.2022","9,925","10,000","10,110","9,735","1,18M","-0,50%"
"16.03.2022","9,975","9,800","9,975","9,735","1,01M","3,64%"
"15.03.2022","9,625","9,470","9,795","9,450","799,17K","0,57%"
"14.03.2022","9,570","9,060","9,630","9,060","1,02M","5,86%"
"11.03.2022","9,040","8,985","9,275","8,860","844,99K","2,44%"
"10.03.2022","8,825","8,950","9,210","8,755","986,76K","-0,34%"
"09.03.2022","8,855","8,520","8,865","8,375","1,19M","7,86%"
"08.03.2022","8,210","8,270","8,645","8,190","1,96M","-2,26%"
"07.03.2022","8,400","8,570","8,710","8,390","1,18M","-4,71%"
"04.03.2022","8,815","9,375","9,450","8,815","864,19K","-7,31%"
"03.03.2022","9,510","9,900","10,090","9,460","1,07M","-3,94%"
"02.03.2022","9,900","10,080","10,170","9,820","1,34M","-1,79%"
"01.03.2022","10,080","10,450","10,460","10,000","1,36M","-1,95%"
"28.02.2022","10,280","9,710","10,890","9,630","2,38M","5,87%"
"25.02.2022","9,710","9,465","9,730","9,345","1,78M","3,41%"
"24.02.2022","9,390","8,385","9,390","8,150","3,60M","12,05%"
"23.02.2022","8,380","9,400","9,400","8,325","4,42M","-9,41%"
"22.02.2022","9,250","8,935","9,395","8,890","608,38K","-0,27%"
"21.02.2022","9,275","9,135","9,375","9,105","1,02M","2,32%"
"18.02.2022","9,065","9,010","9,155","8,900","482,67K","0,22%"
"17.02.2022","9,045","9,160","9,320","9,025","395,79K","-1,52%"
"16.02.2022","9,185","9,170","9,235","9,055","348,11K","1,32%"
"15.02.2022","9,065","8,855","9,105","8,800","462,86K","2,55%"
"14.02.2022","8,840","8,950","8,955","8,660","1,13M","-4,02%"
"11.02.2022","9,210","9,105","9,290","9,055","367,69K","0,16%"
"10.02.2022","9,195","9,210","9,285","9,115","444,77K","0,33%"
"09.02.2022","9,165","8,850","9,205","8,850","429,55K","4,09%"
"08.02.2022","8,805","8,920","8,930","8,700","574,65K","-1,51%"
"07.02.2022","8,940","9,100","9,100","8,915","426,24K","-1,05%"
"04.02.2022","9,035","9,130","9,130","8,955","357,37K","0,00%"
"03.02.2022","9,035","9,250","9,255","9,035","351,71K","-1,95%"
"02.02.2022","9,215","9,200","9,315","9,170","326,83K","0,55%"
"01.02.2022","9,165","9,065","9,165","8,985","1,27M","1,95%"
"31.01.2022","8,990","8,860","8,990","8,750","445,94K","1,64%"
"28.01.2022","8,845","8,890","8,920","8,680","441,66K","-0,51%"
"27.01.2022","8,890","8,790","9,005","8,765","467,13K","-0,67%"
"26.01.2022","8,950","8,700","9,035","8,695","512,43K","2,87%"
"25.01.2022","8,700","8,850","8,885","8,590","754,16K","-1,30%"
"24.01.2022","8,815","9,300","9,315","8,775","930,74K","-6,37%"
"21.01.2022","9,415","9,550","9,710","9,285","870,76K","-2,38%"
"20.01.2022","9,645","9,485","9,645","9,390","354,44K","2,01%"
"19.01.2022","9,455","9,350","9,545","9,290","614,65K","0,11%"
"18.01.2022","9,445","9,495","9,545","9,435","585,59K","-1,36%"
"17.01.2022","9,575","9,500","9,635","9,385","1,81M","1,97%"
"14.01.2022","9,390","9,420","9,430","9,290","507,25K","-1,21%"
"13.01.2022","9,505","9,450","9,605","9,385","457,97K","0,48%"
"12.01.2022","9,460","9,335","9,525","9,285","598,99K","2,16%"
"11.01.2022","9,260","9,240","9,420","9,240","500,07K","0,33%"
"10.01.2022","9,230","9,490","9,505","9,210","532,38K","-2,28%"
"07.01.2022","9,445","9,570","9,570","9,390","367,43K","-0,89%"
"06.01.2022","9,530","9,500","9,545","9,425","719,16K","-0,94%"
"05.01.2022","9,620","9,520","9,655","9,460","380,36K","0,84%"
"04.01.2022","9,540","9,630","9,760","9,520","698,06K","-1,09%"
"03.01.2022","9,645","9,500","9,700","9,500","463,91K","1,31%"
"30.12.2021","9,520","9,495","9,520","9,410","697,44K","-0,05%"
"29.12.2021","9,525","9,560","9,580","9,450","381,30K","0,42%"
"28.12.2021","9,485","9,450","9,595","9,445","329,56K","0,42%"
"27.12.2021","9,445","9,220","9,500","9,165","445,40K","1,61%"
"23.12.2021","9,295","9,485","9,510","9,280","477,32K","-1,59%"
"22.12.2021","9,445","9,235","9,460","9,220","683,77K","3,00%"
"21.12.2021","9,170","9,095","9,205","9,000","1,76M","1,72%"
"20.12.2021","9,015","8,920","9,080","8,855","765,48K","-0,55%"
"17.12.2021","9,065","9,150","9,275","9,025","2,13M","-1,47%"
"16.12.2021","9,200","9,580","9,590","9,155","1,27M","-1,55%"
"15.12.2021","9,345","10,400","10,400","9,290","2,91M","-11,51%"
"14.12.2021","10,560","10,530","10,690","10,480","573,75K","0,67%"
"13.12.2021","10,490","10,550","10,600","10,460","634,94K","0,58%"
"10.12.2021","10,430","10,440","10,510","10,380","549,82K","-0,48%"
"09.12.2021","10,480","10,560","10,560","10,450","400,97K","0,29%"
"08.12.2021","10,450","10,500","10,550","10,400","500,28K","-0,19%"
"07.12.2021","10,470","10,330","10,490","10,300","418,23K","2,35%"
"06.12.2021","10,230","10,190","10,330","10,080","516,61K","1,89%"
"03.12.2021","10,040","10,090","10,230","9,965","632,64K","-0,20%"
"02.12.2021","10,060","10,100","10,190","9,965","591,46K","-1,37%"
"01.12.2021","10,200","10,310","10,320","10,150","542,78K","-0,78%"
"30.11.2021","10,280","10,200","10,380","10,110","745,31K","0,10%"
"29.11.2021","10,270","10,210","10,400","10,180","581,80K","1,08%"
"26.11.2021","10,160","10,130","10,330","10,090","692,62K","-2,78%"
"25.11.2021","10,450","10,350","10,510","10,320","750,96K","1,16%"
"24.11.2021","10,330","10,280","10,340","10,140","556,08K","0,29%"
"23.11.2021","10,300","10,250","10,370","10,220","506,21K","-0,48%"
"22.11.2021","10,350","10,520","10,540","10,300","592,69K","-1,52%"
"19.11.2021","10,510","10,740","10,740","10,480","512,15K","-1,22%"
"18.11.2021","10,640","10,600","10,850","10,420","555,27K","-0,75%"
"17.11.2021","10,720","10,990","11,080","10,720","675,18K","-2,72%"
"16.11.2021","11,020","10,850","11,050","10,850","577,80K","1,01%"
"15.11.2021","10,910","10,970","10,970","10,680","599,07K","-0,37%"
"12.11.2021","10,950","11,100","11,100","10,930","646,50K","-1,26%"
"11.11.2021","11,090","10,950","11,090","10,940","623,68K","0,91%"
"10.11.2021","10,990","10,860","11,040","10,860","1,20M","0,64%"
"09.11.2021","10,920","10,720","10,950","10,720","736,70K","1,30%"
"08.11.2021","10,780","10,720","10,850","10,690","851,25K","0,00%"
"05.11.2021","10,780","10,670","10,900","10,640","1,01M","0,84%"
"04.11.2021","10,690","10,500","10,700","10,480","732,58K","2,00%"
"03.11.2021","10,480","10,340","10,480","10,290","511,54K","1,55%"
"02.11.2021","10,320","10,370","10,450","10,290","543,91K","-0,86%"
"01.11.2021","10,410","10,440","10,580","10,340","793,33K","-0,38%"
"29.10.2021","10,450","10,340","10,450","10,170","1,21M","0,67%"
"28.10.2021","10,380","9,750","10,440","9,655","3,81M","8,58%"
"27.10.2021","9,560","9,505","9,560","9,455","353,66K","-0,10%"
"26.10.2021","9,570","9,590","9,670","9,520","386,01K","-0,31%"
"25.10.2021","9,600","9,570","9,710","9,510","481,80K","0,84%"
"22.10.2021","9,520","9,500","9,560","9,410","306,98K","0,37%"
"21.10.2021","9,485","9,530","9,600","9,455","311,60K","-0,05%"
"20.10.2021","9,490","9,450","9,655","9,430","470,57K","-0,37%"
"19.10.2021","9,525","9,440","9,570","9,440","530,62K","1,22%"
"18.10.2021","9,410","9,500","9,500","9,380","256,85K","-0,63%"
"15.10.2021","9,470","9,430","9,520","9,415","397,34K","0,53%"
"14.10.2021","9,420","9,300","9,465","9,280","804,36K","2,06%"
"13.10.2021","9,230","8,770","9,275","8,765","822,71K","2,96%"
"12.10.2021","8,965","8,850","9,010","8,785","532,93K","0,39%"
"11.10.2021","8,930","9,020","9,040","8,845","689,22K","-1,65%"
"08.10.2021","9,080","8,920","9,170","8,915","757,11K","1,85%"
"07.10.2021","8,915","9,070","9,070","8,785","795,44K","0,22%"
"06.10.2021","8,895","9,100","9,190","8,890","762,22K","-3,37%"
"05.10.2021","9,205","9,020","9,205","9,005","426,06K","2,05%"
"04.10.2021","9,020","9,190","9,235","8,970","552,91K","-1,80%"
"01.10.2021","9,185","9,145","9,220","9,020","520,79K","-1,02%"
"30.09.2021","9,280","9,220","9,450","9,220","755,49K","1,37%"
"29.09.2021","9,155","9,195","9,235","9,030","578,43K","0,00%"
"28.09.2021","9,155","9,470","9,525","9,155","1,17M","-3,83%"
"27.09.2021","9,520","9,500","9,570","9,450","399,46K","0,74%"
"24.09.2021","9,450","9,500","9,500","9,330","337,17K","-0,26%"
"23.09.2021","9,475","9,210","9,500","9,210","726,55K","1,66%"
"22.09.2021","9,320","9,340","9,390","9,270","482,79K","1,03%"
"21.09.2021","9,225","9,260","9,375","9,175","403,94K","0,33%"
"20.09.2021","9,195","9,140","9,245","8,975","572,17K","-1,39%"
"17.09.2021","9,325","9,010","9,440","9,010","753,37K","3,04%"
"16.09.2021","9,050","8,915","9,075","8,895","368,43K","1,57%"
"15.09.2021","8,910","9,015","9,060","8,870","424,74K","-1,44%"
"14.09.2021","9,040","8,920","9,140","8,915","433,15K","0,61%"
"13.09.2021","8,985","8,945","9,045","8,855","327,12K","1,53%"
"10.09.2021","8,850","9,000","9,000","8,830","416,00K","-0,84%"
"09.09.2021","8,925","8,850","8,940","8,760","388,04K","0,00%"
"08.09.2021","8,925","9,030","9,030","8,825","511,91K","-1,54%"
"07.09.2021","9,065","9,110","9,120","8,975","425,60K","0,17%"
"06.09.2021","9,050","9,200","9,220","9,025","385,00K","-1,52%"
"03.09.2021","9,190","9,340","9,360","9,150","534,58K","-1,82%"
"02.09.2021","9,360","9,330","9,365","9,260","672,17K","0,11%"
"01.09.2021","9,350","9,200","9,350","9,180","900,56K","2,35%"
"31.08.2021","9,135","8,950","9,270","8,910","1,16M","2,99%"
"30.08.2021","8,870","8,845","8,885","8,750","330,90K","0,62%"
"27.08.2021","8,815","8,795","8,815","8,690","333,07K","0,34%"
"26.08.2021","8,785","8,750","8,820","8,720","275,43K","-0,45%"
"25.08.2021","8,825","8,865","8,910","8,780","429,22K","0,34%"
"24.08.2021","8,795","8,820","8,845","8,695","472,42K","0,06%"
"23.08.2021","8,790","8,790","8,835","8,740","420,30K","0,51%"
"20.08.2021","8,745","8,670","8,760","8,650","461,44K","-0,63%"
"19.08.2021","8,800","8,670","8,820","8,645","331,39K","-0,11%"
"18.08.2021","8,810","8,850","8,885","8,755","363,70K","-0,11%"
"17.08.2021","8,820","8,850","8,855","8,710","435,80K","-0,11%"
"16.08.2021","8,830","8,905","8,980","8,800","437,02K","-0,39%"
"13.08.2021","8,865","8,985","9,020","8,850","453,71K","-1,72%"
"12.08.2021","9,020","8,900","9,065","8,855","701,31K","1,69%"
"11.08.2021","8,870","8,915","8,945","8,800","794,41K","-0,62%"
"10.08.2021","8,925","8,945","9,025","8,885","522,58K","-0,28%"
"09.08.2021","8,950","8,890","8,965","8,790","471,54K","1,30%"
"06.08.2021","8,835","8,900","8,970","8,760","443,96K","0,57%"
"05.08.2021","8,785","8,650","8,785","8,590","432,88K","1,33%"
"04.08.2021","8,670","8,740","8,805","8,635","395,29K","0,17%"
"03.08.2021","8,655","8,920","8,950","8,640","653,19K","-2,86%"
"02.08.2021","8,910","8,870","8,960","8,740","678,66K","1,02%"
"30.07.2021","8,820","8,660","8,920","8,550","1,02M","0,28%"
"29.07.2021","8,795","8,950","8,955","8,655","1,17M","-2,39%"
"28.07.2021","9,010","8,300","9,090","8,265","4,75M","12,91%"
"27.07.2021","7,980","7,960","8,035","7,770","997,04K","-2,21%"
"26.07.2021","8,160","7,955","8,225","7,875","1,14M","2,19%"
"23.07.2021","7,985","7,950","8,265","7,950","1,06M","0,44%"
"22.07.2021","7,950","7,850","7,950","7,790","824,50K","2,45%"
"21.07.2021","7,760","7,550","7,885","7,490","1,31M","5,22%"
"20.07.2021","7,375","7,270","7,385","7,250","717,42K","1,65%"
"19.07.2021","7,255","7,390","7,470","7,185","587,08K","-2,75%"
"16.07.2021","7,460","7,500","7,580","7,400","403,72K","0,13%"
"15.07.2021","7,450","7,530","7,560","7,385","345,15K","-1,65%"
"14.07.2021","7,575","7,450","7,610","7,360","566,20K","0,53%"
"13.07.2021","7,535","7,710","7,710","7,510","361,15K","-1,82%"
"12.07.2021","7,675","7,695","7,700","7,585","345,70K","-0,13%"
"09.07.2021","7,685","7,620","7,685","7,510","431,33K","1,65%"
"08.07.2021","7,560","7,800","7,800","7,510","838,92K","-3,39%"
"07.07.2021","7,825","7,895","7,895","7,745","554,81K","-0,25%"
"06.07.2021","7,845","7,980","8,030","7,805","603,19K","-1,44%"
"05.07.2021","7,960","7,920","7,980","7,900","434,17K","0,63%"
"02.07.2021","7,910","7,800","7,965","7,785","800,15K","1,35%"
"01.07.2021","7,805","7,760","7,840","7,675","481,70K","1,43%"
"30.06.2021","7,695","7,670","7,765","7,560","554,41K","0,00%"
"29.06.2021","7,695","7,650","7,735","7,565","657,65K","0,85%"
"28.06.2021","7,630","7,745","7,750","7,620","841,76K","-1,42%"
"25.06.2021","7,740","7,700","7,810","7,635","924,24K","1,04%"
"24.06.2021","7,660","7,525","7,660","7,515","507,44K","1,32%"
"23.06.2021","7,560","7,600","7,645","7,505","416,72K","-0,53%"
"22.06.2021","7,600","7,550","7,600","7,490","747,87K","0,66%"
"21.06.2021","7,550","7,580","7,585","7,365","665,38K","-1,31%"
"18.06.2021","7,650","7,810","7,815","7,580","915,21K","-2,05%"
"17.06.2021","7,810","7,715","7,815","7,715","557,12K","0,90%"
"16.06.2021","7,740","7,840","7,840","7,600","667,25K","-0,90%"
"15.06.2021","7,810","7,810","7,845","7,770","666,86K","0,06%"
"14.06.2021","7,805","7,710","7,820","7,700","889,32K","1,96%"
"11.06.2021","7,655","7,525","7,705","7,490","1,12M","1,12%"
"10.06.2021","7,570","7,460","7,625","7,420","1,50M","1,68%"
"09.06.2021","7,445","7,120","7,480","7,120","2,22M","4,56%"
"08.06.2021","7,120","7,180","7,220","7,115","594,89K","-0,56%"
"07.06.2021","7,160","7,140","7,200","7,100","530,35K","0,21%"
"04.06.2021","7,145","7,165","7,200","7,075","653,69K","-0,14%"
"03.06.2021","7,155","7,210","7,225","7,125","621,81K","-0,97%"
"02.06.2021","7,225","7,240","7,260","7,155","643,94K","0,21%"
"01.06.2021","7,210","7,030","7,260","7,005","1,49M","2,85%"
"31.05.2021","7,010","7,150","7,205","7,000","1,02M","-1,96%"
"28.05.2021","7,150","7,220","7,280","7,140","1,54M","0,07%"
"27.05.2021","7,145","7,080","7,270","7,055","1,98M","1,49%"
"26.05.2021","7,040","7,125","7,175","7,005","1,82M","-0,71%"
"25.05.2021","7,090","7,205","7,230","7,050","2,16M","-1,05%"
"24.05.2021","7,165","7,530","7,580","7,110","3,92M","-4,72%"
"21.05.2021","7,520","8,180","8,190","7,410","2,47M","-7,96%"
"20.05.2021","8,170","8,100","8,170","8,015","337,13K","1,11%"
"19.05.2021","8,080","8,170","8,170","7,970","479,72K","-1,34%"
"18.05.2021","8,190","8,300","8,300","8,115","489,40K","0,00%"
"17.05.2021","8,190","8,250","8,295","8,125","741,28K","-0,06%"
"14.05.2021","8,195","8,135","8,195","8,075","569,59K","2,12%"
"13.05.2021","8,025","7,970","8,080","7,865","589,30K","-0,43%"
"12.05.2021","8,060","8,145","8,150","8,045","445,65K","-0,80%"
"11.05.2021","8,125","8,345","8,345","8,050","548,79K","-3,10%"
"10.05.2021","8,385","8,400","8,410","8,320","377,14K","0,30%"
"07.05.2021","8,360","8,330","8,415","8,310","457,58K","1,21%"
"06.05.2021","8,260","8,550","8,555","8,210","971,82K","-3,39%"
"05.05.2021","8,550","8,610","8,630","8,475","512,10K","0,77%"
"04.05.2021","8,485","8,745","8,750","8,485","812,87K","-3,25%"
"03.05.2021","8,770","8,650","8,835","8,585","810,83K","1,21%"
"30.04.2021","8,665","8,645","8,720","8,480","1,00M","-0,17%"
"29.04.2021","8,680","8,395","8,720","8,380","1,13M","3,52%"
"28.04.2021","8,385","8,000","8,510","8,000","2,86M","6,82%"
"27.04.2021","7,850","7,800","7,875","7,685","689,83K","0,71%"
"26.04.2021","7,795","7,670","7,795","7,585","725,27K","2,30%"
"23.04.2021","7,620","7,595","7,630","7,550","396,81K","0,00%"
"22.04.2021","7,620","7,690","7,720","7,565","499,93K","-0,39%"
"21.04.2021","7,650","7,510","7,655","7,510","628,35K","2,00%"
"20.04.2021","7,500","7,690","7,725","7,480","800,68K","-2,22%"
"19.04.2021","7,670","7,440","7,685","7,440","900,10K","3,51%"
"16.04.2021","7,410","7,480","7,570","7,410","383,16K","-1,07%"
"15.04.2021","7,490","7,545","7,545","7,455","447,12K","-0,27%"
"14.04.2021","7,510","7,360","7,525","7,300","593,63K","2,53%"
"13.04.2021","7,325","7,400","7,400","7,250","1,07M","-0,81%"
"12.04.2021","7,385","7,460","7,470","7,330","537,00K","-0,67%"
"09.04.2021","7,435","7,465","7,510","7,395","765,50K","-0,20%"
"08.04.2021","7,450","7,540","7,595","7,410","803,84K","-1,84%"
"07.04.2021","7,590","7,715","7,760","7,590","475,08K","-1,24%"
"06.04.2021","7,685","7,600","7,780","7,575","659,81K","2,47%"
"01.04.2021","7,500","7,510","7,545","7,420","764,80K","0,07%"
"31.03.2021","7,495","7,560","7,640","7,495","786,27K","-0,66%"
"30.03.2021","7,545","7,660","7,700","7,530","695,10K","-0,85%"
"29.03.2021","7,610","7,550","7,670","7,545","383,88K","0,79%"
"26.03.2021","7,550","7,635","7,635","7,530","436,75K","0,33%"
"25.03.2021","7,525","7,700","7,710","7,430","457,71K","-2,27%"
"24.03.2021","7,700","7,500","7,700","7,410","852,32K","2,33%"
"23.03.2021","7,525","7,685","7,685","7,500","608,37K","-2,08%"
"22.03.2021","7,685","7,720","7,725","7,555","546,68K","-0,58%"
"19.03.2021","7,730","7,890","7,970","7,730","908,18K","-2,58%"
"18.03.2021","7,935","7,995","8,020","7,880","477,65K","0,00%"
"17.03.2021","7,935","7,980","8,095","7,820","667,37K","-0,13%"
"16.03.2021","7,945","7,770","7,970","7,770","813,46K","2,52%"
"15.03.2021","7,750","7,715","7,800","7,700","640,99K","1,51%"
"12.03.2021","7,635","7,585","7,635","7,505","551,05K","0,66%"
"11.03.2021","7,585","7,705","7,775","7,560","447,77K","-1,37%"
"10.03.2021","7,690","7,750","7,900","7,625","771,63K","-0,32%"
"09.03.2021","7,715","7,570","7,790","7,565","754,93K","1,51%"
"08.03.2021","7,600","7,535","7,650","7,470","866,28K","1,74%"
"05.03.2021","7,470","7,545","7,555","7,390","533,33K","-1,19%"
"04.03.2021","7,560","7,470","7,650","7,460","518,64K","0,33%"
"03.03.2021","7,535","7,470","7,650","7,440","641,60K","1,28%"
"02.03.2021","7,440","7,585","7,680","7,440","578,78K","-1,91%"
"01.03.2021","7,585","7,475","7,585","7,315","629,66K","4,26%"
"26.02.2021","7,275","7,500","7,585","7,245","1,30M","-4,02%"
"25.02.2021","7,580","7,750","7,965","7,485","1,07M","-1,04%"
"24.02.2021","7,660","7,620","7,715","7,575","530,95K","1,59%"
"23.02.2021","7,540","7,550","7,645","7,460","649,99K","0,73%"
"22.02.2021","7,485","7,460","7,520","7,365","503,22K","-0,27%"
"19.02.2021","7,505","7,350","7,550","7,320","469,97K","2,53%"
"18.02.2021","7,320","7,430","7,550","7,305","484,89K","-2,07%"
"17.02.2021","7,475","7,710","7,710","7,450","572,47K","-2,48%"
"16.02.2021","7,665","7,650","7,750","7,585","631,57K","0,79%"
"15.02.2021","7,605","7,390","7,660","7,335","801,49K","4,54%"
"12.02.2021","7,275","7,295","7,345","7,155","612,48K","-0,14%"
"11.02.2021","7,285","7,390","7,500","7,270","352,09K","-1,42%"
"10.02.2021","7,390","7,425","7,430","7,315","428,54K","0,14%"
"09.02.2021","7,380","7,530","7,535","7,370","496,54K","-1,86%"
"08.02.2021","7,520","7,485","7,570","7,460","586,95K","1,08%"
"05.02.2021","7,440","7,520","7,585","7,440","547,90K","-0,27%"
"04.02.2021","7,460","7,500","7,515","7,390","450,91K","0,13%"
"03.02.2021","7,450","7,545","7,630","7,450","629,94K","0,27%"
"02.02.2021","7,430","7,445","7,545","7,410","569,94K","0,47%"
"01.02.2021","7,395","7,325","7,395","7,235","554,59K","1,72%"
"29.01.2021","7,270","7,145","7,330","7,125","647,04K","0,21%"
"28.01.2021","7,255","7,095","7,260","7,095","546,99K","0,83%"
"27.01.2021","7,195","7,125","7,405","7,075","1,26M","1,12%"
"26.01.2021","7,115","6,985","7,140","6,855","558,54K","1,79%"
"25.01.2021","6,990","7,325","7,325","6,940","1,06M","-4,18%"
"22.01.2021","7,295","7,310","7,310","7,195","788,59K","-0,75%"
"21.01.2021","7,350","7,270","7,440","7,250","877,65K","1,31%"
"20.01.2021","7,255","7,380","7,380","7,215","460,05K","-0,89%"
"19.01.2021","7,320","7,480","7,480","7,280","430,19K","-0,75%"
"18.01.2021","7,375","7,200","7,385","7,160","569,36K","2,43%"
"15.01.2021","7,200","7,455","7,465","7,040","1,05M","-3,74%"
"14.01.2021","7,480","7,520","7,550","7,400","884,02K","0,67%"
"13.01.2021","7,430","7,190","7,430","7,140","864,31K","3,34%"
"12.01.2021","7,190","7,150","7,200","7,090","553,96K","1,27%"
"11.01.2021","7,100","7,120","7,240","7,040","822,93K","0,57%"
"08.01.2021","7,060","6,980","7,075","6,965","683,60K","1,73%"
"07.01.2021","6,940","7,090","7,090","6,835","754,14K","-1,77%"
"06.01.2021","7,065","7,030","7,095","6,915","545,72K","1,44%"
"05.01.2021","6,965","6,800","6,965","6,785","482,91K","1,68%"
"04.01.2021","6,850","7,115","7,115","6,810","581,80K","-1,86%"
"31.12.2020","6,980","7,040","7,045","6,980","278,19K","-0,99%"
"30.12.2020","7,050","7,005","7,115","6,995","428,99K","0,57%"
"29.12.2020","7,010","7,065","7,125","7,000","453,37K","-0,14%"
"28.12.2020","7,020","6,990","7,085","6,955","346,04K","2,18%"
"24.12.2020","6,870","6,915","6,945","6,855","204,97K","-1,72%"
"23.12.2020","6,990","6,875","7,000","6,855","402,50K","1,67%"
"22.12.2020","6,875","6,700","6,875","6,680","502,75K","3,07%"
"21.12.2020","6,670","6,765","6,790","6,545","857,71K","-3,75%"
"18.12.2020","6,930","6,930","7,035","6,875","728,33K","-0,57%"
"17.12.2020","6,970","6,750","6,985","6,725","742,49K","4,19%"
"16.12.2020","6,690","6,745","6,745","6,635","598,35K","-0,07%"
"15.12.2020","6,695","6,730","6,750","6,595","607,95K","-0,81%"
"14.12.2020","6,750","6,925","6,930","6,750","566,42K","-0,59%"
"11.12.2020","6,790","6,930","6,960","6,780","559,51K","-2,65%"
"10.12.2020","6,975","7,105","7,105","6,910","571,22K","-1,76%"
"09.12.2020","7,100","7,105","7,265","7,075","1,66M","0,14%"
"08.12.2020","7,090","7,250","7,250","7,080","620,01K","-2,48%"
"07.12.2020","7,270","7,200","7,270","7,090","728,06K","1,54%"
"04.12.2020","7,160","6,890","7,185","6,870","970,75K","4,37%"
"03.12.2020","6,860","6,850","6,885","6,800","522,63K","0,29%"
"02.12.2020","6,840","6,860","6,875","6,785","637,01K","0,66%"
"01.12.2020","6,795","6,750","6,830","6,730","694,09K","1,42%"
"30.11.2020","6,700","6,850","6,890","6,700","700,87K","-2,19%"
"27.11.2020","6,850","6,865","6,865","6,770","483,39K","-0,29%"
"26.11.2020","6,870","6,940","6,940","6,790","644,49K","-0,36%"
"25.11.2020","6,895","6,950","6,955","6,730","795,29K","-0,22%"
"24.11.2020","6,910","6,800","6,910","6,745","786,65K","3,29%"
"23.11.2020","6,690","6,840","6,880","6,670","629,40K","-1,25%"
"20.11.2020","6,775","6,795","6,865","6,725","497,49K","-0,51%"
"19.11.2020","6,810","6,965","6,990","6,755","1,12M","-2,01%"
"18.11.2020","6,950","6,765","6,950","6,710","711,78K","2,66%"
"17.11.2020","6,770","6,815","6,850","6,645","572,59K","0,07%"
"16.11.2020","6,765","6,800","6,885","6,685","981,00K","0,97%"
"13.11.2020","6,700","6,595","6,775","6,555","667,20K","0,98%"
"12.11.2020","6,635","6,590","6,680","6,510","901,01K","0,53%"
"11.11.2020","6,600","6,435","6,640","6,360","1,15M","3,04%"
"10.11.2020","6,405","6,010","6,450","6,000","1,57M","5,87%"
"09.11.2020","6,050","5,670","6,070","5,665","1,50M","8,81%"
"06.11.2020","5,560","5,485","5,600","5,480","654,86K","1,09%"
"05.11.2020","5,500","5,495","5,560","5,450","903,44K","1,66%"
"04.11.2020","5,410","5,150","5,495","5,150","1,19M","2,85%"
"03.11.2020","5,260","5,165","5,280","5,165","955,46K","2,14%"
"02.11.2020","5,150","5,165","5,215","5,060","784,16K","0,00%"
"30.10.2020","5,150","5,050","5,300","5,030","1,08M","0,39%"
"29.10.2020","5,130","5,375","5,455","5,125","1,42M","-4,47%"
"28.10.2020","5,370","5,610","5,740","5,355","1,73M","-5,29%"
"27.10.2020","5,670","5,930","5,930","5,665","1,18M","-4,14%"
"26.10.2020","5,915","6,020","6,030","5,910","669,65K","-2,95%"
"23.10.2020","6,095","6,045","6,155","6,030","555,24K","0,16%"
"22.10.2020","6,085","6,105","6,155","6,040","921,20K","-0,81%"
"21.10.2020","6,135","6,150","6,195","6,095","544,01K","0,16%"
"20.10.2020","6,125","5,995","6,180","5,990","468,77K","1,16%"
"19.10.2020","6,055","6,000","6,115","6,000","522,87K","2,11%"
"16.10.2020","5,930","6,070","6,100","5,905","1,14M","-1,98%"
"15.10.2020","6,050","6,020","6,060","5,955","625,73K","-1,22%"
"14.10.2020","6,125","6,070","6,205","6,045","614,16K","0,99%"
"13.10.2020","6,065","6,190","6,190","6,055","537,41K","-1,78%"
"12.10.2020","6,175","6,300","6,315","6,170","504,83K","-1,20%"
"09.10.2020","6,250","6,140","6,325","6,135","768,75K","1,96%"
"08.10.2020","6,130","6,080","6,155","6,035","874,44K","2,17%"
"07.10.2020","6,000","6,080","6,120","5,985","700,65K","-1,32%"
"06.10.2020","6,080","5,945","6,140","5,945","709,91K","2,27%"
"05.10.2020","5,945","5,960","6,005","5,895","688,60K","0,93%"
"02.10.2020","5,890","5,950","5,950","5,835","1,00M","-2,00%"
"01.10.2020","6,010","6,115","6,125","5,990","772,00K","-1,07%"
"30.09.2020","6,075","6,040","6,125","5,990","650,31K","-0,41%"
"29.09.2020","6,100","6,305","6,305","6,100","547,99K","-3,25%"
"28.09.2020","6,305","6,150","6,350","6,100","823,20K","5,17%"
"25.09.2020","5,995","6,000","6,035","5,805","873,54K","0,17%"
"24.09.2020","5,985","5,970","6,035","5,890","719,91K","-1,16%"
"23.09.2020","6,055","6,245","6,290","6,035","864,55K","-1,38%"
"22.09.2020","6,140","6,395","6,410","6,140","851,76K","-3,00%"
"21.09.2020","6,330","6,600","6,625","6,250","797,01K","-4,95%"
"18.09.2020","6,660","6,750","6,750","6,650","845,01K","-0,75%"
"17.09.2020","6,710","6,750","6,795","6,585","595,28K","-1,76%"
"16.09.2020","6,830","6,900","6,935","6,805","623,57K","-0,94%"
"15.09.2020","6,895","6,760","6,915","6,760","603,53K","1,32%"
"14.09.2020","6,805","6,695","6,855","6,645","810,29K","2,18%"
"11.09.2020","6,660","6,585","6,725","6,520","935,29K","1,06%"
"10.09.2020","6,590","6,655","6,660","6,515","772,91K","-0,15%"
"09.09.2020","6,600","6,325","6,600","6,260","2,10M","4,60%"
"08.09.2020","6,310","6,365","6,370","6,230","791,54K","-0,63%"
"07.09.2020","6,350","6,325","6,385","6,265","778,28K","1,76%"
"04.09.2020","6,240","6,110","6,275","6,065","1,08M","2,21%"
"03.09.2020","6,105","6,150","6,345","6,090","1,15M","0,91%"
"02.09.2020","6,050","6,090","6,135","5,990","848,73K","-0,74%"
"01.09.2020","6,095","6,110","6,120","6,010","744,77K","0,08%"
"31.08.2020","6,090","6,245","6,280","6,050","965,18K","-1,62%"
"28.08.2020","6,190","6,200","6,205","6,095","873,78K","-0,08%"
"27.08.2020","6,195","6,300","6,300","6,160","545,44K","-1,51%"
"26.08.2020","6,290","6,290","6,305","6,200","668,58K","0,00%"
"25.08.2020","6,290","6,395","6,435","6,260","627,50K","-0,87%"
"24.08.2020","6,345","6,335","6,365","6,270","697,48K","1,60%"
"21.08.2020","6,245","6,325","6,325","6,165","649,17K","-0,64%"
"20.08.2020","6,285","6,250","6,335","6,210","543,08K","-1,02%"
"19.08.2020","6,350","6,375","6,375","6,290","474,23K","0,16%"
"18.08.2020","6,340","6,285","6,435","6,190","704,41K","-0,31%"
"17.08.2020","6,360","6,370","6,410","6,270","579,70K","-0,24%"
"14.08.2020","6,375","6,550","6,550","6,275","603,29K","-1,85%"
"13.08.2020","6,495","6,530","6,620","6,415","609,01K","-0,54%"
"12.08.2020","6,530","6,510","6,685","6,510","918,87K","0,38%"
"11.08.2020","6,505","6,230","6,530","6,230","1,03M","5,26%"
"10.08.2020","6,180","6,330","6,415","6,180","950,67K","-2,37%"
"07.08.2020","6,330","6,400","6,405","6,250","2,17M","-1,17%"
"06.08.2020","6,405","6,430","6,505","6,350","706,05K","-0,93%"
"05.08.2020","6,465","6,555","6,670","6,455","834,84K","-0,69%"
"04.08.2020","6,510","6,600","6,640","6,395","734,87K","-0,46%"
"03.08.2020","6,540","6,365","6,580","6,160","1,36M","2,67%"
"31.07.2020","6,370","6,350","6,570","6,350","1,38M","0,55%"
"30.07.2020","6,335","6,530","6,540","6,015","3,13M","-3,06%"
"29.07.2020","6,535","6,605","6,645","6,470","707,07K","-1,13%"
"28.07.2020","6,610","6,780","6,780","6,555","691,85K","-0,97%"
"27.07.2020","6,675","6,740","6,740","6,550","1,00M","-1,18%"
"24.07.2020","6,755","6,560","6,800","6,510","1,40M","1,35%"
"23.07.2020","6,665","6,790","6,805","6,465","1,59M","-1,19%"
"22.07.2020","6,745","7,000","7,025","6,585","1,92M","-3,51%"
"21.07.2020","6,990","6,990","7,235","6,955","1,34M","1,16%"
"20.07.2020","6,910","6,860","6,935","6,775","716,72K","0,36%"
"17.07.2020","6,885","6,950","6,955","6,855","691,13K","-1,22%"
"16.07.2020","6,970","7,075","7,180","6,965","1,13M","-2,99%"
"15.07.2020","7,185","6,960","7,235","6,930","1,91M","4,51%"
"14.07.2020","6,875","6,925","6,975","6,765","981,00K","-2,00%"
"13.07.2020","7,015","6,965","7,095","6,945","647,37K","1,96%"
"10.07.2020","6,880","6,900","6,920","6,745","1,01M","-0,58%"
"09.07.2020","6,920","7,135","7,175","6,910","603,22K","-2,12%"
"08.07.2020","7,070","7,100","7,175","7,060","1,55M","-1,81%"
"07.07.2020","7,200","7,235","7,245","7,085","1,67M","-0,96%"
"06.07.2020","7,270","7,180","7,345","7,110","1,05M","3,12%"
"03.07.2020","7,050","7,140","7,155","6,990","839,11K","-1,12%"
"02.07.2020","7,130","7,090","7,130","7,050","2,08M","1,86%"
"01.07.2020","7,000","7,070","7,120","6,905","1,24M","0,07%"
"30.06.2020","6,995","6,980","7,035","6,880","1,53M","0,36%"
"29.06.2020","6,970","7,045","7,145","6,920","825,43K","-1,06%"
"26.06.2020","7,045","7,080","7,185","6,990","1,48M","1,59%"
"25.06.2020","6,935","6,920","6,970","6,735","1,13M","-0,07%"
"24.06.2020","6,940","7,020","7,160","6,930","1,20M","-0,72%"
"23.06.2020","6,990","7,145","7,190","6,920","1,48M","-0,29%"
"22.06.2020","7,010","7,150","7,175","6,975","870,74K","-2,23%"
"19.06.2020","7,170","7,290","7,290","7,165","888,88K","-0,69%"
"18.06.2020","7,220","7,390","7,400","7,220","1,53M","-2,83%"
"17.06.2020","7,430","7,455","7,505","7,360","909,07K","0,00%"
"16.06.2020","7,430","7,400","7,695","7,365","759,29K","2,06%"
"15.06.2020","7,280","7,200","7,335","7,045","1,05M","-0,27%"
"12.06.2020","7,300","7,405","7,585","7,300","949,22K","-2,01%"
"11.06.2020","7,450","7,650","7,650","7,435","802,94K","-4,67%"
"10.06.2020","7,815","7,940","8,160","7,755","812,77K","-2,62%"
"09.06.2020","8,025","8,200","8,305","7,880","729,45K","-2,07%"
"08.06.2020","8,195","8,230","8,345","8,055","953,16K","0,61%"
"05.06.2020","8,145","7,975","8,190","7,920","1,06M","3,63%"
"04.06.2020","7,860","8,000","8,090","7,770","1,15M","-1,81%"
"03.06.2020","8,005","7,600","8,005","7,600","1,44M","6,24%"
"02.06.2020","7,535","7,190","7,560","7,175","1,13M","5,83%"
"01.06.2020","7,120","7,075","7,180","7,005","713,30K","2,45%"
"29.05.2020","6,950","7,105","7,135","6,950","995,77K","-3,27%"
"28.05.2020","7,185","7,270","7,375","7,055","666,70K","-0,76%"
"27.05.2020","7,240","7,280","7,360","7,085","949,93K","0,28%"
"26.05.2020","7,220","7,150","7,450","7,070","966,24K","2,70%"
"25.05.2020","7,030","6,965","7,180","6,950","941,56K","2,63%"
"22.05.2020","6,850","6,870","6,955","6,740","726,37K","0,81%"
"21.05.2020","6,795","6,860","7,040","6,735","827,94K","-0,95%"
"20.05.2020","6,860","6,950","6,950","6,555","951,59K","-1,08%"
"19.05.2020","6,935","7,200","7,270","6,865","1,12M","-2,60%"
"18.05.2020","7,120","7,000","7,190","6,945","571,86K","3,49%"
"15.05.2020","6,880","7,060","7,140","6,860","542,55K","-1,01%"
"14.05.2020","6,950","7,025","7,070","6,855","670,26K","-0,93%"
"13.05.2020","7,015","7,300","7,300","7,015","692,89K","-3,24%"
"12.05.2020","7,250","7,580","7,580","6,920","1,55M","-4,35%"
"11.05.2020","7,580","7,750","7,925","7,545","298,39K","-1,75%"
"08.05.2020","7,715","7,690","7,910","7,605","225,56K","1,31%"
"07.05.2020","7,615","7,530","7,695","7,435","280,36K","0,40%"
"06.05.2020","7,585","7,730","7,750","7,535","260,38K","-1,30%"
"05.05.2020","7,685","7,725","7,870","7,605","220,32K","-0,19%"
"04.05.2020","7,700","7,760","7,865","7,590","250,25K","-2,10%"
"30.04.2020","7,865","8,120","8,240","7,845","512,08K","-3,08%"
"29.04.2020","8,115","7,780","8,115","7,650","516,08K","7,06%"
"28.04.2020","7,580","7,620","7,660","7,525","326,09K","0,13%"
"27.04.2020","7,570","7,545","7,575","7,465","184,34K","2,30%"
"24.04.2020","7,400","7,540","7,575","7,390","266,43K","-2,37%"
"23.04.2020","7,580","7,430","7,625","7,350","306,87K","1,68%"
"22.04.2020","7,455","7,500","7,525","7,260","681,18K","-1,00%"
"21.04.2020","7,530","7,820","7,820","7,360","502,94K","-3,34%"
"20.04.2020","7,790","8,000","8,000","7,770","255,71K","-1,70%"
"17.04.2020","7,925","7,930","8,065","7,880","469,54K","3,53%"
"16.04.2020","7,655","7,910","7,915","7,590","387,50K","-0,78%"
"15.04.2020","7,715","8,130","8,160","7,700","574,73K","-5,40%"
"14.04.2020","8,155","8,600","8,600","8,155","613,48K","-1,69%"
"09.04.2020","8,295","8,275","8,460","8,115","483,45K","2,09%"
"08.04.2020","8,125","8,000","8,200","7,850","683,17K","3,44%"
"07.04.2020","7,855","7,200","8,000","7,070","1,53M","12,21%"
"06.04.2020","7,000","7,200","7,200","6,940","811,86K","2,04%"
"03.04.2020","6,860","7,280","7,280","6,860","753,20K","-3,79%"
"02.04.2020","7,130","7,300","7,385","7,120","590,27K","-1,79%"
"01.04.2020","7,260","7,255","7,470","7,170","498,75K","-3,20%"
"31.03.2020","7,500","7,560","7,790","7,430","385,42K","0,67%"
"30.03.2020","7,450","7,950","7,950","7,325","504,16K","-6,23%"
"27.03.2020","7,945","8,015","8,350","7,755","291,47K","-3,17%"
"26.03.2020","8,205","7,780","8,205","7,655","537,27K","4,26%"
"25.03.2020","7,870","7,675","7,870","7,265","584,24K","7,07%"
"24.03.2020","7,350","7,405","7,425","7,150","918,62K","4,18%"
"23.03.2020","7,055","7,420","7,445","7,005","827,74K","-7,41%"
"20.03.2020","7,620","8,630","8,690","7,450","601,25K","-6,50%"
"19.03.2020","8,150","7,420","8,150","7,115","628,36K","15,11%"
"18.03.2020","7,080","7,110","7,555","6,945","922,90K","-5,09%"
"17.03.2020","7,460","7,945","8,070","7,080","985,53K","0,54%"
"16.03.2020","7,420","7,400","7,535","6,815","1,35M","-5,18%"
"13.03.2020","7,825","7,540","8,540","7,445","1,12M","7,34%"
"12.03.2020","7,290","8,025","8,235","7,255","1,99M","-12,54%"
"11.03.2020","8,335","9,240","9,375","8,300","1,71M","-9,30%"
"10.03.2020","9,190","9,390","9,715","9,155","1,68M","-1,39%"
"09.03.2020","9,320","9,180","9,500","8,955","1,98M","-3,52%"
"06.03.2020","9,660","10,080","10,080","9,500","1,74M","-5,85%"
"05.03.2020","10,260","10,140","10,300","9,955","1,48M","1,89%"
"04.03.2020","10,070","10,220","10,300","9,960","997,86K","-1,08%"
"03.03.2020","10,180","9,980","10,480","9,950","1,13M","3,67%"
"02.03.2020","9,820","9,960","10,110","9,400","1,37M","-0,51%"
"28.02.2020","9,870","9,100","9,880","9,060","1,64M","5,00%"
"27.02.2020","9,400","9,650","9,650","9,170","961,14K","-2,99%"
"26.02.2020","9,690","9,580","9,760","9,360","1,24M","0,83%"
"25.02.2020","9,610","10,120","10,160","9,610","879,15K","-4,57%"
"24.02.2020","10,070","10,150","10,160","9,955","774,12K","-3,45%"
"21.02.2020","10,430","10,650","10,670","10,380","882,19K","-2,43%"
"20.02.2020","10,690","10,770","10,870","10,680","376,31K","-0,65%"
"19.02.2020","10,760","10,840","10,840","10,680","448,73K","0,19%"
"18.02.2020","10,740","10,860","10,860","10,730","447,40K","-2,01%"
"17.02.2020","10,960","10,990","11,010","10,860","268,85K","0,55%"
"14.02.2020","10,900","10,950","11,020","10,880","643,57K","-0,27%"
"13.02.2020","10,930","11,260","11,260","10,880","835,91K","-3,70%"
"12.02.2020","11,350","11,280","11,350","11,160","540,33K","0,80%"
"11.02.2020","11,260","11,030","11,260","10,950","595,29K","2,64%"
"10.02.2020","10,970","10,960","11,070","10,880","304,20K","-0,45%"
"07.02.2020","11,020","11,060","11,060","10,840","311,34K","-0,63%"
"06.02.2020","11,090","10,990","11,130","10,940","389,60K","1,46%"
"05.02.2020","10,930","10,750","11,110","10,730","666,81K","1,96%"
"04.02.2020","10,720","10,570","10,790","10,520","519,97K","2,68%"
"03.02.2020","10,440","10,400","10,450","10,280","530,71K","0,77%"
"31.01.2020","10,360","10,460","10,620","10,320","547,83K","-0,77%"
"30.01.2020","10,440","10,750","10,760","10,350","652,87K","-3,87%"
"29.01.2020","10,860","10,840","10,990","10,780","820,95K","-0,18%"
"28.01.2020","10,880","10,930","10,940","10,700","427,33K","-0,18%"
"27.01.2020","10,900","10,920","10,940","10,750","432,78K","-1,54%"
"24.01.2020","11,070","10,940","11,180","10,940","438,57K","1,75%"
"23.01.2020","10,880","11,000","11,050","10,830","566,47K","-1,45%"
"22.01.2020","11,040","11,220","11,220","11,020","721,04K","-1,78%"
"21.01.2020","11,240","11,080","11,260","10,960","631,65K","0,72%"
"20.01.2020","11,160","11,300","11,380","11,060","584,47K","-1,06%"
"17.01.2020","11,280","10,950","11,350","10,910","1,17M","3,68%"
"16.01.2020","10,880","10,840","10,920","10,730","1,14M","0,46%"
"15.01.2020","10,830","10,840","10,930","10,750","719,09K","0,09%"
"14.01.2020","10,820","10,700","10,870","10,600","1,11M","2,08%"
"13.01.2020","10,600","10,400","10,610","10,390","458,56K","2,12%"
"10.01.2020","10,380","10,350","10,420","10,200","390,06K","0,78%"
"09.01.2020","10,300","10,450","10,720","10,300","816,66K","-0,48%"
"08.01.2020","10,350","10,030","10,350","9,920","1,33M","2,17%"
"07.01.2020","10,130","10,150","10,270","10,090","416,40K","0,20%"
"06.01.2020","10,110","10,000","10,140","9,960","382,56K","0,40%"
"03.01.2020","10,070","10,170","10,170","9,960","392,82K","-1,47%"
"02.01.2020","10,220","10,280","10,310","10,060","421,72K","0,39%"
"31.12.2019","10,180","10,100","10,250","10,080","150,12K","-0,10%"
"30.12.2019","10,190","10,330","10,330","10,140","302,28K","-1,07%"
"27.12.2019","10,300","10,170","10,400","10,130","563,89K","1,78%"
"24.12.2019","10,120","10,120","10,150","10,060","136,09K","0,10%"
"23.12.2019","10,110","10,080","10,160","10,050","553,58K","0,30%"
"20.12.2019","10,080","9,960","10,080","9,930","1,18M","1,51%"
"19.12.2019","9,930","9,750","9,945","9,700","547,19K","1,53%"
"18.12.2019","9,780","9,900","9,920","9,745","357,16K","-1,41%"
"17.12.2019","9,920","9,930","10,060","9,870","511,08K","-0,60%"
"16.12.2019","9,980","9,655","10,080","9,640","736,00K","4,12%"
"13.12.2019","9,585","9,600","9,760","9,545","967,48K","1,11%"
"12.12.2019","9,480","9,270","9,505","9,180","1,38M","2,76%"
"11.12.2019","9,225","9,215","9,370","9,200","448,43K","-0,38%"
"10.12.2019","9,260","9,300","9,315","9,130","470,22K","-0,54%"
"09.12.2019","9,310","9,400","9,425","9,305","479,35K","-0,96%"
"06.12.2019","9,400","9,245","9,505","9,245","569,40K","2,34%"
"05.12.2019","9,185","9,310","9,360","9,150","2,00M","-1,50%"
"04.12.2019","9,325","9,240","9,420","9,240","618,02K","1,25%"
"03.12.2019","9,210","9,385","9,445","9,090","991,41K","-1,50%"
"02.12.2019","9,350","9,750","9,845","9,345","758,51K","-3,95%"
"29.11.2019","9,735","9,735","9,795","9,640","549,50K","-0,15%"
"28.11.2019","9,750","9,750","9,795","9,615","394,60K","-0,05%"
"27.11.2019","9,755","9,550","9,790","9,510","846,74K","2,47%"
"26.11.2019","9,520","9,450","9,550","9,340","532,80K","0,58%"
"25.11.2019","9,465","9,415","9,535","9,345","573,84K","1,23%"
"22.11.2019","9,350","9,255","9,480","9,255","737,88K","0,54%"
"21.11.2019","9,300","9,345","9,460","9,265","621,92K","-1,48%"
"20.11.2019","9,440","9,440","9,455","9,230","642,94K","0,32%"
"19.11.2019","9,410","9,530","9,700","9,380","834,36K","-0,42%"
"18.11.2019","9,450","9,560","9,615","9,350","637,17K","-0,84%"
"15.11.2019","9,530","9,485","9,625","9,360","1,43M","0,85%"
"14.11.2019","9,450","9,450","9,590","9,390","824,40K","-0,21%"
"13.11.2019","9,470","9,635","9,635","9,295","933,86K","-2,07%"
"12.11.2019","9,670","9,670","9,785","9,640","622,89K","-0,15%"
"11.11.2019","9,685","9,500","9,685","9,460","1,70M","1,73%"
"08.11.2019","9,520","9,365","9,540","9,350","685,14K","0,95%"
"07.11.2019","9,430","9,280","9,455","9,200","1,15M","2,50%"
"06.11.2019","9,200","9,050","9,320","9,005","1,18M","3,60%"
"05.11.2019","8,880","8,825","8,940","8,740","539,10K","0,45%"
"04.11.2019","8,840","8,815","9,180","8,815","617,18K","0,23%"
"01.11.2019","8,820","8,660","8,825","8,575","362,23K","1,85%"
"31.10.2019","8,660","8,580","8,705","8,515","459,58K","0,76%"
"30.10.2019","8,595","8,500","8,595","8,430","438,69K","0,64%"
"29.10.2019","8,540","8,605","8,620","8,465","877,36K","0,41%"
"28.10.2019","8,505","8,405","8,560","8,405","255,59K","0,77%"
"25.10.2019","8,440","8,425","8,440","8,340","265,45K","0,60%"
"24.10.2019","8,390","8,280","8,435","8,250","368,45K","1,15%"
"23.10.2019","8,295","8,400","8,460","8,220","546,49K","-1,37%"
"22.10.2019","8,410","8,640","8,750","8,375","610,52K","-3,22%"
"21.10.2019","8,690","8,585","8,775","8,480","699,40K","1,64%"
"18.10.2019","8,550","8,510","8,670","8,445","639,36K","0,65%"
"17.10.2019","8,495","8,380","8,545","8,285","528,47K","1,43%"
"16.10.2019","8,375","8,345","8,430","8,265","679,39K","0,24%"
"15.10.2019","8,355","8,475","8,520","8,275","467,94K","-1,30%"
"14.10.2019","8,465","8,600","8,600","8,255","792,34K","-1,28%"
"11.10.2019","8,575","8,130","8,625","8,100","1,17M","7,05%"
"10.10.2019","8,010","7,370","8,130","7,350","1,90M","9,58%"
"09.10.2019","7,310","7,360","7,390","7,245","402,49K","-0,81%"
"08.10.2019","7,370","7,695","7,695","7,350","503,82K","-3,53%"
"07.10.2019","7,640","7,710","7,710","7,520","523,87K","0,46%"
"04.10.2019","7,605","7,565","7,700","7,545","580,63K","1,06%"
"03.10.2019","7,525","7,650","7,720","7,450","641,71K","-2,46%"
"02.10.2019","7,715","7,905","7,905","7,700","593,24K","-2,40%"
"01.10.2019","7,905","8,000","8,115","7,850","404,89K","-0,44%"
"30.09.2019","7,940","7,970","8,045","7,900","505,74K","-0,94%"
"27.09.2019","8,015","7,805","8,040","7,795","374,23K","2,95%"
"26.09.2019","7,785","7,865","8,000","7,765","391,31K","-0,76%"
"25.09.2019","7,845","7,975","8,000","7,745","639,61K","-2,12%"
"24.09.2019","8,015","8,190","8,215","8,015","428,33K","-0,80%"
"23.09.2019","8,080","8,270","8,295","8,040","596,62K","-3,06%"
"20.09.2019","8,335","8,300","8,365","8,230","1,01M","0,18%"
"19.09.2019","8,320","8,015","8,490","7,985","973,20K","3,94%"
"18.09.2019","8,005","7,895","8,035","7,830","599,14K","1,59%"
"17.09.2019","7,880","8,040","8,080","7,865","977,19K","-2,41%"
"16.09.2019","8,075","8,095","8,195","8,000","544,36K","-1,40%"
"13.09.2019","8,190","8,150","8,220","8,010","531,47K","0,49%"
"12.09.2019","8,150","8,420","8,480","8,110","892,68K","-2,04%"
"11.09.2019","8,320","8,130","8,430","8,095","1,27M","2,97%"
"10.09.2019","8,080","8,220","8,310","7,960","953,45K","-0,86%"
"09.09.2019","8,150","8,150","8,225","8,075","973,20K","0,06%"
"06.09.2019","8,145","7,950","8,180","7,930","2,17M","4,69%"
"05.09.2019","7,780","7,520","7,790","7,425","1,07M","4,43%"
"04.09.2019","7,450","7,450","7,530","7,325","728,68K","0,40%"
"03.09.2019","7,420","7,110","7,420","7,110","1,05M","3,27%"
"02.09.2019","7,185","7,220","7,225","7,065","670,70K","0,35%"
"30.08.2019","7,160","6,970","7,180","6,915","1,15M","3,24%"
"29.08.2019","6,935","6,670","6,935","6,670","1,11M","3,97%"
"28.08.2019","6,670","6,770","6,805","6,615","636,22K","-1,91%"
"27.08.2019","6,800","6,825","6,880","6,750","526,07K","-0,73%"
"26.08.2019","6,850","6,725","6,870","6,630","428,62K","1,26%"
"23.08.2019","6,765","6,830","6,920","6,725","836,20K","-1,46%"
"22.08.2019","6,865","6,920","6,935","6,855","570,59K","-0,65%"
"21.08.2019","6,910","6,815","6,915","6,815","688,36K","1,62%"
"20.08.2019","6,800","6,870","6,990","6,740","557,51K","-1,66%"
"19.08.2019","6,915","6,930","7,030","6,880","444,66K","0,36%"
"16.08.2019","6,890","6,805","6,930","6,785","518,78K","1,03%"
"15.08.2019","6,820","6,995","7,010","6,780","552,93K","-2,01%"
"14.08.2019","6,960","7,205","7,215","6,930","461,17K","-3,47%"
"13.08.2019","7,210","7,140","7,280","7,050","553,20K","0,14%"
"12.08.2019","7,200","7,390","7,435","7,175","286,54K","-2,44%"
"09.08.2019","7,380","7,550","7,600","7,340","434,44K","-2,38%"
"08.08.2019","7,560","7,470","7,615","7,470","380,00K","1,27%"
"07.08.2019","7,465","7,480","7,535","7,350","583,67K","-0,60%"
"06.08.2019","7,510","7,600","7,655","7,490","567,68K","-1,38%"
"05.08.2019","7,615","7,665","7,665","7,480","570,18K","-1,81%"
"02.08.2019","7,755","7,655","7,785","7,560","734,44K","-0,45%"
"01.08.2019","7,790","7,665","7,790","7,610","570,22K","0,26%"
"31.07.2019","7,770","7,970","7,995","7,770","686,77K","-2,20%"
"30.07.2019","7,945","8,075","8,075","7,860","840,66K","-0,69%"
"29.07.2019","8,000","8,260","8,260","7,945","948,20K","-2,38%"
"26.07.2019","8,195","8,740","8,740","8,165","1,13M","-4,71%"
"25.07.2019","8,600","8,750","8,910","8,600","1,52M","6,04%"
"24.07.2019","8,110","8,150","8,205","8,060","684,78K","0,31%"
"23.07.2019","8,085","8,190","8,200","8,080","456,82K","-0,49%"
"22.07.2019","8,125","8,200","8,210","8,110","338,71K","-0,67%"
"19.07.2019","8,180","8,245","8,245","8,065","648,52K","0,25%"
"18.07.2019","8,160","8,495","8,495","8,135","1,36M","-4,00%"
"17.07.2019","8,500","8,700","8,775","8,455","773,82K","-2,52%"
"16.07.2019","8,720","8,680","8,770","8,665","280,21K","0,40%"
"15.07.2019","8,685","8,760","8,835","8,665","374,32K","-0,63%"
"12.07.2019","8,740","8,795","8,860","8,700","277,33K","-0,68%"
"11.07.2019","8,800","8,800","8,825","8,750","315,75K","0,23%"
"10.07.2019","8,780","8,690","8,865","8,675","423,13K","0,98%"
"09.07.2019","8,695","8,750","8,840","8,620","657,21K","-1,58%"
"08.07.2019","8,835","8,950","8,985","8,835","360,88K","-1,06%"
"05.07.2019","8,930","9,050","9,090","8,875","313,54K","-1,49%"
"04.07.2019","9,065","9,100","9,140","9,050","289,93K","-0,06%"
"03.07.2019","9,070","8,955","9,110","8,920","284,68K","1,11%"
"02.07.2019","8,970","8,965","9,080","8,935","470,35K","0,11%"
"01.07.2019","8,960","8,980","9,010","8,805","320,64K","0,79%"
"28.06.2019","8,890","8,765","8,900","8,750","668,98K","1,25%"
"27.06.2019","8,780","8,840","8,840","8,745","376,13K","0,00%"
"26.06.2019","8,780","8,895","8,920","8,765","321,52K","-1,35%"
"25.06.2019","8,900","8,685","8,970","8,630","709,92K","2,53%"
"24.06.2019","8,680","8,750","8,860","8,640","269,78K","-1,25%"
"21.06.2019","8,790","8,820","8,885","8,705","696,14K","-0,57%"
"20.06.2019","8,840","8,970","8,975","8,805","467,55K","-0,34%"
"19.06.2019","8,870","8,955","9,015","8,845","465,55K","-0,11%"
"18.06.2019","8,880","8,955","8,955","8,615","989,48K","-0,84%"
"17.06.2019","8,955","9,670","9,670","8,720","1,66M","-7,06%"
"14.06.2019","9,635","9,945","9,985","9,630","561,84K","-3,75%"
"13.06.2019","10,010","9,875","10,040","9,855","472,14K","1,21%"
"12.06.2019","9,890","9,985","10,070","9,865","340,21K","-2,08%"
"11.06.2019","10,100","9,830","10,190","9,830","502,11K","3,06%"
"10.06.2019","9,800","9,800","9,840","9,735","349,64K","0,67%"
"07.06.2019","9,735","9,490","9,795","9,475","632,86K","2,58%"
"06.06.2019","9,490","9,495","9,615","9,420","488,31K","-0,21%"
"05.06.2019","9,510","9,325","9,520","9,325","314,30K","1,60%"
"04.06.2019","9,360","9,190","9,430","9,140","522,30K","0,65%"
"03.06.2019","9,300","9,305","9,360","9,225","349,82K","-1,38%"
"31.05.2019","9,430","9,640","9,640","9,320","340,06K","-2,48%"
"30.05.2019","9,670","9,480","9,685","9,480","282,47K","1,79%"
"29.05.2019","9,500","9,495","9,530","9,365","748,92K","-0,63%"
"28.05.2019","9,560","9,560","9,570","9,400","741,58K","0,90%"
"27.05.2019","9,475","9,570","9,650","9,475","225,60K","-0,89%"
"24.05.2019","9,560","9,535","9,685","9,535","392,06K","-0,36%"
"23.05.2019","9,595","9,650","9,740","9,585","513,88K","-1,44%"
"22.05.2019","9,735","9,570","9,755","9,535","402,32K","2,91%"
"21.05.2019","9,460","9,400","9,540","9,310","501,62K","1,61%"
"20.05.2019","9,310","9,805","9,860","9,310","636,50K","-5,24%"
"17.05.2019","9,825","9,690","9,875","9,610","364,13K","1,81%"
"16.05.2019","9,650","9,510","9,685","9,500","575,42K","0,73%"
"15.05.2019","9,580","9,630","9,655","9,460","421,01K","-0,26%"
"14.05.2019","9,605","9,490","9,605","9,430","524,53K","1,91%"
"13.05.2019","9,425","9,950","9,985","9,425","570,14K","-5,75%"
"10.05.2019","10,000","10,250","10,280","9,995","601,09K","-0,20%"
"09.05.2019","10,020","9,950","10,020","9,905","446,69K","-0,30%"
"08.05.2019","10,050","9,895","10,090","9,850","558,12K","0,65%"
"07.05.2019","9,985","10,170","10,180","9,940","279,54K","-1,82%"
"06.05.2019","10,170","10,190","10,190","10,040","156,19K","-1,36%"
"03.05.2019","10,310","10,380","10,420","10,190","510,45K","-0,39%"
"02.05.2019","10,350","10,520","10,520","10,120","479,50K","-1,43%"
"30.04.2019","10,500","10,540","10,570","10,380","1,13M","0,10%"
"29.04.2019","10,490","10,410","10,510","10,330","650,52K","0,38%"
"26.04.2019","10,450","10,490","10,530","10,430","413,34K","0,10%"
"25.04.2019","10,440","10,390","10,460","10,320","431,75K","0,29%"
"24.04.2019","10,410","10,350","10,500","10,350","344,31K","0,77%"
"23.04.2019","10,330","10,370","10,420","10,320","277,92K","-0,39%"
"18.04.2019","10,370","10,270","10,390","10,240","152,56K","0,68%"
"17.04.2019","10,300","10,350","10,400","10,300","980,44K","-0,39%"
"16.04.2019","10,340","10,370","10,440","10,310","192,72K","-0,29%"
"15.04.2019","10,370","10,410","10,450","10,330","410,87K","-0,29%"
"12.04.2019","10,400","10,240","10,400","10,160","528,84K","1,66%"
"11.04.2019","10,230","10,050","10,230","10,050","545,16K","1,99%"
"10.04.2019","10,030","9,920","10,120","9,920","475,49K","0,80%"
"09.04.2019","9,950","10,030","10,040","9,930","325,31K","-0,70%"
"08.04.2019","10,020","10,100","10,130","10,020","378,09K","-0,99%"
"05.04.2019","10,120","9,980","10,160","9,980","522,77K","1,40%"
"04.04.2019","9,980","10,130","10,160","9,980","414,81K","-1,38%"
"03.04.2019","10,120","10,080","10,190","10,060","398,93K","1,50%"
"02.04.2019","9,970","9,945","10,020","9,870","480,11K","0,45%"
"01.04.2019","9,925","9,900","10,070","9,840","692,16K","0,30%"
"29.03.2019","9,895","9,705","9,895","9,600","671,49K","2,33%"
"28.03.2019","9,670","9,620","9,700","9,555","271,98K","0,57%"
"27.03.2019","9,615","9,690","9,815","9,585","513,30K","-0,67%"
"26.03.2019","9,680","9,605","9,685","9,580","366,99K","0,83%"
"25.03.2019","9,600","9,500","9,660","9,420","578,38K","0,21%"
"22.03.2019","9,580","9,900","9,905","9,575","737,18K","-2,84%"
"21.03.2019","9,860","9,890","9,930","9,815","323,41K","-0,05%"
"20.03.2019","9,865","9,920","9,975","9,845","349,18K","-0,55%"
"19.03.2019","9,920","9,880","10,020","9,860","437,29K","0,46%"
"18.03.2019","9,875","9,900","9,945","9,815","225,51K","-0,15%"
"15.03.2019","9,890","9,700","9,890","9,670","482,12K","1,33%"
"14.03.2019","9,760","9,925","9,965","9,745","398,39K","-1,66%"
"13.03.2019","9,925","9,785","9,925","9,750","492,56K","1,48%"
"12.03.2019","9,780","9,750","9,980","9,750","699,57K","0,62%"
"11.03.2019","9,720","9,715","9,755","9,610","371,61K","0,21%"
"08.03.2019","9,700","9,580","9,750","9,470","561,11K","0,73%"
"07.03.2019","9,630","9,810","9,825","9,625","373,60K","-1,83%"
"06.03.2019","9,810","9,850","9,905","9,785","364,88K","-0,36%"
"05.03.2019","9,845","10,040","10,040","9,840","483,30K","-1,94%"
"04.03.2019","10,040","9,910","10,150","9,905","654,04K","1,77%"
"01.03.2019","9,865","9,690","9,955","9,630","984,62K","3,68%"
"28.02.2019","9,515","9,470","9,550","9,450","320,48K","-0,16%"
"27.02.2019","9,530","9,595","9,615","9,495","329,64K","-0,37%"
"26.02.2019","9,565","9,610","9,670","9,490","457,69K","-0,88%"
"25.02.2019","9,650","9,850","9,890","9,610","426,98K","-1,53%"
"22.02.2019","9,800","9,445","9,875","9,445","987,28K","3,16%"
"21.02.2019","9,500","9,640","9,640","9,425","434,41K","-1,40%"
"20.02.2019","9,635","9,570","9,700","9,560","252,25K","0,84%"
"19.02.2019","9,555","9,550","9,595","9,450","315,73K","0,05%"
"18.02.2019","9,550","9,580","9,620","9,470","429,06K","0,16%"
"15.02.2019","9,535","9,500","9,605","9,360","346,57K","0,53%"
"14.02.2019","9,485","9,350","9,540","9,335","497,36K","1,88%"
"13.02.2019","9,310","9,160","9,330","9,160","411,99K","1,64%"
"12.02.2019","9,160","9,200","9,235","9,145","273,38K","0,22%"
"11.02.2019","9,140","9,115","9,205","9,100","266,53K","1,27%"
"08.02.2019","9,025","9,035","9,190","8,970","343,79K","-1,10%"
"07.02.2019","9,125","9,170","9,210","9,015","531,91K","-0,60%"
"06.02.2019","9,180","9,210","9,290","9,180","386,92K","-0,49%"
"05.02.2019","9,225","9,050","9,225","9,030","365,20K","2,10%"
"04.02.2019","9,035","8,905","9,035","8,905","309,83K","1,52%"
"01.02.2019","8,900","8,970","9,060","8,900","446,64K","-0,89%"
"31.01.2019","8,980","9,055","9,055","8,895","413,71K","0,06%"
"30.01.2019","8,975","9,010","9,060","8,880","388,36K","-0,61%"
"29.01.2019","9,030","9,180","9,210","8,960","397,11K","-0,33%"
"28.01.2019","9,060","9,125","9,250","9,000","352,98K","-0,66%"
"25.01.2019","9,120","9,060","9,170","9,015","504,04K","1,33%"
"24.01.2019","9,000","8,855","9,055","8,855","371,46K","1,24%"
"23.01.2019","8,890","8,700","9,005","8,680","352,63K","1,43%"
"22.01.2019","8,765","8,805","8,835","8,720","288,04K","-0,45%"
"21.01.2019","8,805","8,785","8,810","8,715","259,18K","0,28%"
"18.01.2019","8,780","8,615","8,790","8,615","461,99K","2,39%"
"17.01.2019","8,575","8,500","8,680","8,420","312,95K","0,88%"
"16.01.2019","8,500","8,365","8,570","8,360","385,96K","2,29%"
"15.01.2019","8,310","8,350","8,420","8,250","311,30K","0,18%"
"14.01.2019","8,295","8,445","8,500","8,245","362,99K","-2,18%"
"11.01.2019","8,480","8,575","8,585","8,425","318,79K","-0,64%"
"10.01.2019","8,535","8,540","8,590","8,480","351,68K","-0,52%"
"09.01.2019","8,580","8,250","8,700","8,250","832,95K","4,83%"
"08.01.2019","8,185","8,095","8,265","8,055","547,99K","1,68%"
"07.01.2019","8,050","8,225","8,225","7,890","776,38K","-1,89%"
"04.01.2019","8,205","8,050","8,240","8,040","539,37K","2,56%"
"03.01.2019","8,000","8,100","8,135","7,920","518,36K","-1,54%"
"02.01.2019","8,125","8,150","8,210","8,000","554,15K","-1,34%"
"31.12.2018","8,235","8,080","8,280","8,080","141,11K","1,92%"
"28.12.2018","8,080","7,935","8,105","7,890","430,83K","2,34%"
"27.12.2018","7,895","8,295","8,295","7,810","605,88K","-2,41%"
"24.12.2018","8,090","8,080","8,135","8,050","91,00K","-0,31%"
"21.12.2018","8,115","8,320","8,375","8,060","771,41K","-1,99%"
"20.12.2018","8,280","8,485","8,520","8,280","492,61K","-3,94%"
"19.12.2018","8,620","8,475","8,710","8,475","485,52K","1,29%"
"18.12.2018","8,510","8,500","8,670","8,450","891,67K","-0,06%"
"17.12.2018","8,515","8,550","8,615","8,300","896,81K","-2,85%"
"14.12.2018","8,765","8,570","8,845","8,430","513,29K","1,74%"
"13.12.2018","8,615","8,885","8,935","8,595","478,84K","-2,82%"
"12.12.2018","8,865","8,740","8,925","8,660","415,05K","1,96%"
"11.12.2018","8,695","8,585","8,755","8,540","442,78K","2,35%"
"10.12.2018","8,495","8,630","8,695","8,470","297,51K","-2,19%"
"07.12.2018","8,685","8,760","8,915","8,685","434,13K","-0,86%"
"06.12.2018","8,760","8,940","8,940","8,700","351,22K","-3,26%"
"05.12.2018","9,055","8,900","9,100","8,800","456,07K","0,11%"
"04.12.2018","9,045","9,300","9,300","9,010","552,03K","-2,95%"
"03.12.2018","9,320","9,450","9,530","9,300","732,99K","0,32%"
"30.11.2018","9,290","9,320","9,330","9,185","752,28K","-0,16%"
"29.11.2018","9,305","9,235","9,420","9,235","751,73K","1,53%"
"28.11.2018","9,165","8,870","9,310","8,855","993,48K","4,03%"
"27.11.2018","8,810","8,745","8,870","8,550","771,27K","0,74%"
"26.11.2018","8,745","8,550","8,745","8,550","790,06K","2,70%"
"23.11.2018","8,515","8,490","8,615","8,450","520,35K","0,65%"
"22.11.2018","8,460","8,360","8,490","8,325","856,24K","0,77%"
"21.11.2018","8,395","8,405","8,565","8,365","775,58K","-0,18%"
"20.11.2018","8,410","8,300","8,560","8,250","896,30K","0,84%"
"19.11.2018","8,340","8,540","8,660","8,315","734,54K","-2,63%"
"16.11.2018","8,565","8,595","8,745","8,470","802,20K","-0,29%"
"15.11.2018","8,590","8,480","8,735","8,340","1,04M","0,82%"
"14.11.2018","8,520","8,440","8,750","8,190","1,26M","0,77%"
"13.11.2018","8,455","8,180","8,595","8,080","1,12M","4,32%"
"12.11.2018","8,105","8,600","8,645","8,080","1,37M","-5,43%"
"09.11.2018","8,570","9,290","9,290","8,550","1,86M","-8,78%"
"08.11.2018","9,395","9,000","10,120","9,000","2,25M","5,44%"
"07.11.2018","8,910","8,980","9,105","8,860","622,84K","-0,28%"
"06.11.2018","8,935","8,800","8,965","8,745","405,02K","1,36%"
"05.11.2018","8,815","8,965","8,985","8,805","357,15K","-1,67%"
"02.11.2018","8,965","8,770","8,970","8,770","628,95K","3,22%"
"01.11.2018","8,685","8,710","8,850","8,650","308,94K","-0,57%"
"31.10.2018","8,735","8,620","8,785","8,620","372,23K","2,16%"
"30.10.2018","8,550","8,560","8,590","8,415","357,40K","0,12%"
"29.10.2018","8,540","8,375","8,605","8,375","437,20K","1,85%"
"26.10.2018","8,385","8,370","8,430","8,220","524,04K","-0,18%"
"25.10.2018","8,400","8,330","8,565","8,305","788,88K","0,06%"
"24.10.2018","8,395","8,475","8,555","8,320","577,62K","-0,53%"
"23.10.2018","8,440","8,715","8,780","8,430","930,34K","-4,09%"
"22.10.2018","8,800","8,915","8,950","8,775","497,69K","-0,45%"
"19.10.2018","8,840","9,120","9,120","8,770","624,47K","-2,37%"
"18.10.2018","9,055","8,930","9,295","8,930","566,15K","1,06%"
"17.10.2018","8,960","9,180","9,225","8,900","511,75K","-1,86%"
"16.10.2018","9,130","8,855","9,165","8,840","355,18K","2,70%"
"15.10.2018","8,890","8,880","8,960","8,780","347,66K","-0,28%"
"12.10.2018","8,915","9,105","9,120","8,745","706,68K","-1,00%"
"11.10.2018","9,005","9,035","9,140","8,810","1,20M","-0,44%"
"10.10.2018","9,045","9,250","9,250","8,985","655,79K","-1,95%"
"09.10.2018","9,225","9,340","9,390","9,185","595,92K","-1,34%"
"08.10.2018","9,350","9,510","9,510","9,210","623,67K","-1,58%"
"05.10.2018","9,500","9,735","9,735","9,395","855,79K","-2,41%"
"04.10.2018","9,735","9,790","9,835","9,685","815,04K","-0,61%"
"03.10.2018","9,795","9,870","9,940","9,775","385,44K","-0,66%"
"02.10.2018","9,860","9,900","9,920","9,680","507,66K","-0,90%"
"01.10.2018","9,950","9,885","10,040","9,865","506,86K","0,66%"
"28.09.2018","9,885","9,880","10,000","9,810","651,55K","0,00%"
"27.09.2018","9,885","9,795","9,970","9,685","708,23K","0,46%"
"26.09.2018","9,840","9,565","9,840","9,545","757,62K","2,93%"
"25.09.2018","9,560","9,645","9,710","9,515","558,47K","-0,62%"
"24.09.2018","9,620","9,570","9,675","9,500","751,80K","0,58%"
"21.09.2018","9,565","9,880","9,905","9,515","1,15M","-3,19%"
"20.09.2018","9,880","10,100","10,160","9,880","570,06K","-2,37%"
"19.09.2018","10,120","9,945","10,140","9,945","561,44K","1,71%"
"18.09.2018","9,950","9,780","9,960","9,755","325,35K","1,53%"
"17.09.2018","9,800","9,810","9,910","9,800","229,16K","-0,15%"
"14.09.2018","9,815","9,770","9,845","9,745","317,01K","0,72%"
"13.09.2018","9,745","9,750","9,760","9,690","413,33K","0,05%"
"12.09.2018","9,740","9,840","9,885","9,675","457,51K","-1,32%"
"11.09.2018","9,870","9,825","9,925","9,780","582,26K","0,46%"
"10.09.2018","9,825","9,850","9,995","9,795","673,63K","-0,71%"
"07.09.2018","9,895","9,850","9,905","9,750","445,02K","0,56%"
"06.09.2018","9,840","10,100","10,100","9,815","556,42K","-2,86%"
"05.09.2018","10,130","10,330","10,390","10,130","305,18K","-2,03%"
"04.09.2018","10,340","10,450","10,470","10,290","281,81K","-0,86%"
"03.09.2018","10,430","10,590","10,610","10,430","242,68K","-1,60%"
"31.08.2018","10,600","10,680","10,680","10,570","245,92K","-0,93%"
"30.08.2018","10,700","10,780","10,780","10,650","257,75K","-0,37%"
"29.08.2018","10,740","10,810","10,840","10,630","478,24K","-0,28%"
"28.08.2018","10,770","10,780","10,970","10,750","293,04K","-0,55%"
"27.08.2018","10,830","10,800","10,830","10,720","194,54K","0,74%"
"24.08.2018","10,750","10,760","10,840","10,700","222,69K","0,28%"
"23.08.2018","10,720","10,690","10,780","10,610","253,77K","0,47%"
"22.08.2018","10,670","10,660","10,680","10,540","260,61K","0,28%"
"21.08.2018","10,640","10,680","10,780","10,630","361,72K","-0,37%"
"20.08.2018","10,680","10,580","10,680","10,550","372,04K","0,66%"
"17.08.2018","10,610","10,590","10,630","10,460","398,63K","0,66%"
"16.08.2018","10,540","10,500","10,590","10,500","448,79K","0,67%"
"15.08.2018","10,470","10,450","10,510","10,410","480,66K","0,19%"
"14.08.2018","10,450","10,520","10,570","10,410","543,60K","-0,48%"
"13.08.2018","10,500","10,380","10,540","10,300","464,94K","0,48%"
"10.08.2018","10,450","10,450","10,520","10,360","316,06K","-1,14%"
"09.08.2018","10,570","10,470","10,570","10,410","403,15K","0,48%"
"08.08.2018","10,520","10,580","10,590","10,470","593,88K","-0,47%"
"07.08.2018","10,570","10,390","10,610","10,390","535,60K","1,73%"
"06.08.2018","10,390","10,460","10,600","10,280","608,49K","-0,67%"
"03.08.2018","10,460","10,390","10,600","10,380","559,27K","0,48%"
"02.08.2018","10,410","10,370","10,500","10,320","678,83K","-0,48%"
"01.08.2018","10,460","10,360","10,500","10,270","995,83K","0,67%"
"31.07.2018","10,390","10,420","10,420","10,220","632,68K","-0,10%"
"30.07.2018","10,400","10,480","10,520","10,290","584,09K","-0,67%"
"27.07.2018","10,470","10,030","10,780","10,030","1,22M","5,86%"
"26.07.2018","9,890","9,995","10,060","9,860","578,38K","-0,85%"
"25.07.2018","9,975","9,860","10,050","9,745","801,16K","1,17%"
"24.07.2018","9,860","9,525","9,965","9,510","1,26M","4,62%"
"23.07.2018","9,425","9,670","9,670","9,425","766,99K","-2,58%"
"20.07.2018","9,675","9,800","9,820","9,590","832,70K","-1,07%"
"19.07.2018","9,780","9,910","9,970","9,755","541,74K","-1,46%"
"18.07.2018","9,925","10,000","10,060","9,885","486,49K","0,25%"
"17.07.2018","9,900","9,980","9,980","9,750","690,31K","-0,85%"
"16.07.2018","9,985","10,020","10,040","9,910","635,17K","-0,25%"
"13.07.2018","10,010","10,400","10,400","9,785","1,23M","-3,84%"
"12.07.2018","10,410","10,120","10,430","10,120","432,79K","3,27%"
"11.07.2018","10,080","10,110","10,120","9,950","611,96K","-0,59%"
"10.07.2018","10,140","10,260","10,280","10,140","663,12K","-0,39%"
"09.07.2018","10,180","10,190","10,310","10,110","454,86K","0,89%"
"06.07.2018","10,090","10,290","10,290","10,070","715,05K","-1,56%"
"05.07.2018","10,250","10,180","10,340","10,180","537,56K","0,89%"
"04.07.2018","10,160","10,190","10,210","10,090","523,35K","-0,97%"
"03.07.2018","10,260","10,320","10,320","10,150","463,90K","0,10%"
"02.07.2018","10,250","10,180","10,300","10,080","311,92K","0,00%"
"29.06.2018","10,250","10,270","10,340","10,140","691,86K","0,29%"
"28.06.2018","10,220","10,120","10,380","10,120","718,76K","0,49%"
"27.06.2018","10,170","10,600","10,630","10,150","997,66K","-4,24%"
"26.06.2018","10,620","10,670","10,730","10,580","435,29K","-0,56%"
"25.06.2018","10,680","10,610","10,770","10,610","552,40K","-0,65%"
"22.06.2018","10,750","10,650","10,790","10,640","450,38K","0,66%"
"21.06.2018","10,680","10,690","10,810","10,600","634,98K","0,47%"
"20.06.2018","10,630","10,680","10,990","10,610","972,33K","-0,28%"
"19.06.2018","10,660","10,990","10,990","10,410","2,05M","-5,83%"
"18.06.2018","11,320","11,260","11,320","11,140","318,61K","0,62%"
"15.06.2018","11,250","11,280","11,280","11,110","464,63K","0,27%"
"14.06.2018","11,220","11,340","11,510","11,050","734,75K","-1,15%"
"13.06.2018","11,350","11,230","11,440","11,150","699,06K","1,07%"
"12.06.2018","11,230","11,420","11,450","11,190","465,63K","-1,32%"
"11.06.2018","11,380","10,900","11,390","10,900","652,19K","4,50%"
"08.06.2018","10,890","10,880","10,950","10,760","594,88K","-1,18%"
"07.06.2018","11,020","11,120","11,190","10,960","351,95K","-0,72%"
"06.06.2018","11,100","11,020","11,190","11,000","352,34K","0,73%"
"05.06.2018","11,020","11,040","11,140","11,020","245,83K","-0,36%"
"04.06.2018","11,060","11,100","11,180","11,030","296,93K","0,09%"
"01.06.2018","11,050","10,800","11,220","10,790","606,68K","1,84%"
"31.05.2018","10,850","10,920","10,980","10,750","665,36K","-0,64%"
"30.05.2018","10,920","10,900","10,980","10,840","475,39K","-0,18%"
"29.05.2018","10,940","11,160","11,170","10,890","521,86K","-2,67%"
"28.05.2018","11,240","11,340","11,340","11,090","222,54K","0,18%"
"25.05.2018","11,220","11,320","11,350","11,110","536,46K","-0,80%"
"24.05.2018","11,310","11,260","11,390","11,200","351,33K","0,35%"
"23.05.2018","11,270","11,300","11,310","11,120","387,56K","-0,27%"
"22.05.2018","11,300","11,100","11,320","11,090","417,45K","1,71%"
"21.05.2018","11,110","11,130","11,190","11,090","203,16K","-0,09%"
"18.05.2018","11,120","11,230","11,240","11,080","571,08K","-0,71%"
"17.05.2018","11,200","11,410","11,410","10,950","1,18M","-2,01%"
"16.05.2018","11,430","11,060","11,450","10,960","984,48K","3,53%"
"15.05.2018","11,040","11,380","11,390","11,000","647,98K","-3,16%"
"14.05.2018","11,400","11,350","11,670","11,280","627,05K","-0,52%"
"11.05.2018","11,460","11,590","11,640","11,390","457,89K","-0,52%"
"10.05.2018","11,520","11,400","11,570","11,380","428,88K","0,79%"
"09.05.2018","11,430","11,450","11,460","11,340","625,33K","-0,17%"
"08.05.2018","11,450","11,250","11,450","11,230","733,25K","1,60%"
"07.05.2018","11,270","11,210","11,340","11,210","493,29K","0,54%"
"04.05.2018","11,210","11,450","11,480","11,050","1,25M","-1,92%"
"03.05.2018","11,430","11,880","11,940","11,390","901,70K","-3,79%"
"02.05.2018","11,880","11,480","11,930","11,480","544,36K","3,48%"
"30.04.2018","11,480","11,490","11,490","11,390","545,88K","-0,26%"
"27.04.2018","11,510","11,450","11,700","11,430","682,02K","0,52%"
"26.04.2018","11,450","11,130","11,500","11,090","760,13K","3,25%"
"25.04.2018","11,090","10,950","11,140","10,930","422,91K","0,91%"
"24.04.2018","10,990","10,970","11,120","10,950","399,48K","0,37%"
"23.04.2018","10,950","11,150","11,190","10,950","490,88K","-1,53%"
"20.04.2018","11,120","11,080","11,170","11,050","345,09K","0,18%"
"19.04.2018","11,100","11,280","11,370","11,080","420,20K","-1,42%"
"18.04.2018","11,260","11,100","11,300","11,100","371,18K","1,62%"
"17.04.2018","11,080","11,110","11,150","11,060","362,28K","-0,18%"
"16.04.2018","11,100","11,140","11,200","11,070","284,78K","-0,18%"
"13.04.2018","11,120","11,220","11,250","11,120","242,61K","-0,98%"
"12.04.2018","11,230","11,150","11,250","11,060","250,36K","0,45%"
"11.04.2018","11,180","11,170","11,280","11,090","310,83K","-0,09%"
"10.04.2018","11,190","11,190","11,230","11,070","388,49K","0,72%"
"09.04.2018","11,110","11,310","11,400","11,110","483,26K","-1,59%"
"06.04.2018","11,290","11,230","11,340","11,170","378,27K","-0,09%"
"05.04.2018","11,300","11,020","11,320","11,010","441,21K","4,05%"
"04.04.2018","10,860","10,920","10,950","10,780","320,41K","-0,82%"
"03.04.2018","10,950","11,080","11,160","10,910","544,16K","-2,49%"
"29.03.2018","11,230","11,040","11,300","11,040","391,25K","1,63%"
"28.03.2018","11,050","11,050","11,110","11,000","414,84K","-0,99%"
"27.03.2018","11,160","11,300","11,350","11,150","490,96K","-0,18%"
"26.03.2018","11,180","10,960","11,200","10,960","525,50K","2,01%"
"23.03.2018","10,960","11,300","11,300","10,610","1,51M","-4,11%"
"22.03.2018","11,430","11,310","11,430","11,240","740,76K","0,53%"
"21.03.2018","11,370","11,070","11,390","11,050","989,77K","2,71%"
"20.03.2018","11,070","11,080","11,080","10,970","515,29K","0,27%"
"19.03.2018","11,040","11,220","11,290","11,020","406,32K","-1,95%"
"16.03.2018","11,260","11,570","11,570","11,260","647,11K","-2,51%"
"15.03.2018","11,550","11,850","11,890","11,550","664,06K","-2,45%"
"14.03.2018","11,840","11,850","11,880","11,770","515,96K","-0,25%"
"13.03.2018","11,870","11,830","11,980","11,800","716,53K","0,25%"
"12.03.2018","11,840","11,890","11,910","11,790","495,51K","-0,17%"
"09.03.2018","11,860","11,700","11,860","11,670","513,08K","1,11%"
"08.03.2018","11,730","11,460","11,750","11,400","647,80K","2,53%"
"07.03.2018","11,440","11,210","11,470","11,100","642,80K","1,60%"
"06.03.2018","11,260","11,000","11,310","10,980","580,39K","3,02%"
"05.03.2018","10,930","10,960","11,080","10,930","698,35K","-0,18%"
"02.03.2018","10,950","10,890","11,070","10,810","703,92K","-0,09%"
"01.03.2018","10,960","11,330","11,330","10,960","577,14K","-3,61%"
"28.02.2018","11,370","11,380","11,590","11,310","814,57K","0,53%"
"27.02.2018","11,310","11,220","11,320","11,150","441,25K","1,89%"
"26.02.2018","11,100","11,380","11,420","11,050","642,85K","-2,12%"
"23.02.2018","11,340","11,340","11,380","11,160","557,97K","0,27%"
"22.02.2018","11,310","11,280","11,370","11,230","349,43K","-0,53%"
"21.02.2018","11,370","11,350","11,450","11,240","435,35K","-0,52%"
"20.02.2018","11,430","11,010","11,430","11,010","842,08K","4,10%"
"19.02.2018","10,980","10,900","11,050","10,860","659,76K","0,92%"
"16.02.2018","10,880","10,910","11,060","10,870","689,56K","-0,18%"
"15.02.2018","10,900","10,860","10,980","10,810","1,06M","1,21%"
"14.02.2018","10,770","11,050","11,060","10,720","879,33K","-2,18%"
"13.02.2018","11,010","11,140","11,220","10,960","432,44K","-1,26%"
"12.02.2018","11,150","11,150","11,210","11,060","639,79K","0,72%"
"09.02.2018","11,070","11,150","11,220","10,970","389,58K","-1,42%"
"08.02.2018","11,230","11,340","11,460","11,140","520,51K","-1,66%"
"07.02.2018","11,420","11,440","11,480","10,980","822,89K","0,62%"
"06.02.2018","11,350","11,420","11,760","11,260","715,50K","-3,07%"
"05.02.2018","11,710","11,780","11,850","11,620","397,24K","-1,35%"
"02.02.2018","11,870","12,110","12,150","11,840","347,22K","-2,14%"
"01.02.2018","12,130","11,870","12,130","11,870","557,72K","2,45%"
"31.01.2018","11,840","11,970","12,180","11,790","449,77K","-1,33%"
"30.01.2018","12,000","12,080","12,210","11,860","374,46K","-1,23%"
"29.01.2018","12,150","12,080","12,270","12,050","378,85K","0,58%"
"26.01.2018","12,080","12,140","12,270","12,070","415,54K","-0,41%"
"25.01.2018","12,130","12,010","12,210","11,980","406,22K","0,58%"
"24.01.2018","12,060","12,220","12,230","11,980","633,11K","-1,39%"
"23.01.2018","12,230","12,110","12,230","12,050","481,51K","1,24%"
"22.01.2018","12,080","11,880","12,080","11,830","520,73K","1,85%"
"19.01.2018","11,860","11,670","12,120","11,670","693,07K","1,45%"
"18.01.2018","11,690","11,600","11,750","11,470","522,63K","1,04%"
"17.01.2018","11,570","11,810","11,840","11,460","561,87K","-2,12%"
"16.01.2018","11,820","11,740","11,880","11,670","470,57K","1,11%"
"15.01.2018","11,690","11,620","11,720","11,600","198,15K","0,43%"
"12.01.2018","11,640","11,560","11,660","11,530","242,78K","0,78%"
"11.01.2018","11,550","11,430","11,550","11,410","351,27K","0,96%"
"10.01.2018","11,440","11,620","11,680","11,420","462,71K","-1,72%"
"09.01.2018","11,640","11,710","11,860","11,640","434,12K","-0,60%"
"08.01.2018","11,710","11,770","11,860","11,660","430,64K","-0,76%"
"05.01.2018","11,800","11,720","11,800","11,650","488,52K","0,68%"
"04.01.2018","11,720","11,670","11,850","11,650","670,84K","0,60%"
"03.01.2018","11,650","11,500","11,650","11,430","609,13K","1,48%"
"02.01.2018","11,480","11,390","11,480","11,300","429,90K","0,66%"
"29.12.2017","11,405","11,400","11,440","11,275","294,33K","0,09%"
"28.12.2017","11,395","11,360","11,395","11,280","267,12K","0,18%"
"27.12.2017","11,375","11,370","11,385","11,270","421,26K","-0,35%"
"22.12.2017","11,415","11,420","11,620","11,390","353,29K","-1,38%"
"21.12.2017","11,575","11,565","11,600","11,405","544,74K","0,35%"
"20.12.2017","11,535","11,620","11,645","11,450","504,20K","-0,99%"
"19.12.2017","11,650","11,555","11,685","11,500","585,79K","0,56%"
"18.12.2017","11,585","11,395","11,660","11,340","649,87K","2,48%"
"15.12.2017","11,305","11,445","11,640","11,280","885,67K","-0,53%"
"14.12.2017","11,365","11,315","11,430","11,230","622,46K","0,18%"
"13.12.2017","11,345","11,375","11,375","11,185","646,80K","-0,26%"
"12.12.2017","11,375","11,060","11,380","11,050","832,30K","2,85%"
"11.12.2017","11,060","11,030","11,100","10,950","468,76K","0,36%"
"08.12.2017","11,020","10,945","11,155","10,915","699,45K","1,10%"
"07.12.2017","10,900","10,785","10,960","10,745","812,50K","0,88%"
"06.12.2017","10,805","10,790","10,850","10,610","867,31K","-0,18%"
"05.12.2017","10,825","10,735","10,940","10,705","782,85K","0,70%"
"04.12.2017","10,750","11,050","11,145","10,750","1,40M","-1,83%"
"01.12.2017","10,950","11,400","11,445","10,765","2,85M","-4,37%"
"30.11.2017","11,450","12,075","12,075","11,450","2,77M","-5,10%"
"29.11.2017","12,065","12,195","12,245","11,990","788,21K","-0,86%"
"28.11.2017","12,170","12,050","12,190","11,985","475,73K","1,37%"
"27.11.2017","12,005","11,945","12,050","11,825","451,92K","0,63%"
"24.11.2017","11,930","11,775","12,030","11,710","734,02K","1,53%"
"23.11.2017","11,750","11,730","11,830","11,640","520,24K","0,26%"
"22.11.2017","11,720","11,775","11,815","11,635","486,57K","-0,30%"
"21.11.2017","11,755","11,605","11,805","11,540","820,04K","1,12%"
"20.11.2017","11,625","11,575","11,735","11,450","853,72K","0,48%"
"17.11.2017","11,570","11,655","11,725","11,560","1,36M","-0,30%"
"16.11.2017","11,605","12,100","12,100","11,590","1,31M","-3,69%"
"15.11.2017","12,050","12,080","12,100","11,925","847,85K","-0,90%"
"14.11.2017","12,160","12,150","12,290","12,070","937,91K","0,08%"
"13.11.2017","12,150","12,160","12,230","12,050","552,37K","0,25%"
"10.11.2017","12,120","12,255","12,360","12,055","857,46K","-1,42%"
"09.11.2017","12,295","12,375","12,435","12,180","876,65K","-0,57%"
"08.11.2017","12,365","12,330","12,505","12,030","1,93M","3,78%"
"07.11.2017","11,915","11,980","12,020","11,805","781,83K","0,08%"
"06.11.2017","11,905","12,100","12,110","11,850","558,27K","-1,16%"
"03.11.2017","12,045","12,200","12,200","11,930","704,32K","-0,90%"
"02.11.2017","12,155","12,315","12,335","12,065","1,15M","-1,18%"
"01.11.2017","12,300","12,450","12,450","12,235","924,08K","-0,32%"
"31.10.2017","12,340","12,990","12,990","12,220","1,90M","-4,45%"
"30.10.2017","12,915","13,355","13,355","12,915","1,09M","-2,57%"
"27.10.2017","13,255","13,590","13,700","13,255","625,42K","-2,43%"
"26.10.2017","13,585","13,410","13,685","13,410","554,55K","1,04%"
"25.10.2017","13,445","13,470","13,630","13,400","491,97K","-0,41%"
"24.10.2017","13,500","13,450","13,630","13,360","483,53K","0,04%"
"23.10.2017","13,495","13,300","13,575","13,205","480,52K","1,58%"
"20.10.2017","13,285","13,030","13,350","13,030","805,40K","1,84%"
"19.10.2017","13,045","13,080","13,170","13,000","300,62K","-0,87%"
"18.10.2017","13,160","13,045","13,195","13,035","485,02K","1,27%"
"17.10.2017","12,995","13,090","13,100","12,995","470,81K","-0,91%"
"16.10.2017","13,115","13,215","13,240","13,045","377,57K","-0,64%"
"13.10.2017","13,200","13,340","13,340","13,200","277,26K","-0,45%"
"12.10.2017","13,260","13,215","13,330","13,215","351,13K","0,34%"
"11.10.2017","13,215","12,960","13,230","12,960","493,07K","2,05%"
"10.10.2017","12,950","13,100","13,120","12,900","524,28K","-0,99%"
"09.10.2017","13,080","13,060","13,265","13,030","324,95K","0,50%"
"06.10.2017","13,015","13,030","13,100","12,950","540,13K","-0,19%"
"05.10.2017","13,040","12,870","13,040","12,760","443,66K","1,48%"
"04.10.2017","12,850","12,955","13,020","12,705","643,61K","-1,12%"
"03.10.2017","12,995","13,065","13,125","12,980","372,47K","-0,88%"
"02.10.2017","13,110","13,255","13,345","13,090","846,92K","-1,91%"
"29.09.2017","13,365","13,390","13,440","13,265","449,68K","-0,22%"
"28.09.2017","13,395","13,220","13,425","13,200","429,64K","1,44%"
"27.09.2017","13,205","13,090","13,310","13,075","422,96K","0,84%"
"26.09.2017","13,095","13,045","13,130","13,045","355,01K","-0,42%"
"25.09.2017","13,150","13,190","13,190","13,040","385,24K","-0,27%"
"22.09.2017","13,185","13,235","13,320","13,150","451,52K","-0,57%"
"21.09.2017","13,260","13,460","13,475","13,205","424,80K","-1,92%"
"20.09.2017","13,520","13,600","13,650","13,430","620,43K","-0,73%"
"19.09.2017","13,620","13,530","13,750","13,515","525,10K","0,22%"
"18.09.2017","13,590","13,170","13,795","13,170","1,35M","3,62%"
"15.09.2017","13,115","12,910","13,190","12,910","775,26K","1,16%"
"14.09.2017","12,965","12,890","13,150","12,760","570,92K","-1,26%"
"13.09.2017","13,130","13,040","13,160","13,025","469,57K","0,42%"
"12.09.2017","13,075","13,220","13,250","13,075","519,34K","-0,68%"
"11.09.2017","13,165","12,970","13,230","12,915","592,06K","2,61%"
"08.09.2017","12,830","12,935","12,995","12,830","332,94K","-1,35%"
"07.09.2017","13,005","13,070","13,075","12,970","420,25K","0,39%"
"06.09.2017","12,955","12,875","13,100","12,805","575,90K","0,19%"
"05.09.2017","12,930","13,140","13,270","12,930","579,05K","-1,60%"
"04.09.2017","13,140","13,220","13,330","13,140","317,75K","-0,90%"
"01.09.2017","13,260","13,235","13,340","13,185","394,82K","0,30%"
"31.08.2017","13,220","13,180","13,450","13,170","479,59K","0,88%"
"30.08.2017","13,105","13,070","13,125","12,995","456,14K","0,69%"
"29.08.2017","13,015","13,200","13,200","12,900","783,97K","-2,18%"
"28.08.2017","13,305","13,300","13,335","13,030","535,92K","-0,04%"
"25.08.2017","13,310","13,125","13,350","13,095","760,43K","1,29%"
"24.08.2017","13,140","12,955","13,180","12,860","697,42K","1,90%"
"23.08.2017","12,895","12,980","12,980","12,740","656,45K","-0,31%"
"22.08.2017","12,935","12,650","12,935","12,650","462,50K","2,13%"
"21.08.2017","12,665","12,580","12,710","12,560","285,48K","0,48%"
"18.08.2017","12,605","12,600","12,630","12,470","392,64K","-1,33%"
"17.08.2017","12,775","12,765","12,830","12,675","345,37K","0,04%"
"16.08.2017","12,770","12,635","12,785","12,610","380,81K","1,75%"
"15.08.2017","12,550","12,610","12,715","12,510","350,42K","-0,52%"
"14.08.2017","12,615","12,475","12,670","12,465","404,88K","1,49%"
"11.08.2017","12,430","12,555","12,585","12,310","420,88K","-1,39%"
"10.08.2017","12,605","12,775","12,775","12,570","622,18K","-1,33%"
"09.08.2017","12,775","12,770","12,800","12,605","595,49K","-0,35%"
"08.08.2017","12,820","12,680","12,885","12,660","554,55K","0,87%"
"07.08.2017","12,710","12,815","12,825","12,660","598,53K","-0,82%"
"04.08.2017","12,815","12,655","12,815","12,450","879,51K","1,50%"
"03.08.2017","12,625","12,630","12,700","12,580","676,44K","0,08%"
"02.08.2017","12,615","12,830","12,970","12,615","739,86K","-1,79%"
"01.08.2017","12,845","13,140","13,140","12,845","745,03K","-1,91%"
"31.07.2017","13,095","13,335","13,335","13,040","602,27K","-1,39%"
"28.07.2017","13,280","13,145","13,345","13,000","884,95K","1,07%"
"27.07.2017","13,140","13,105","13,265","12,975","764,17K","-1,17%"
"26.07.2017","13,295","13,330","13,330","13,105","671,89K","-0,04%"
"25.07.2017","13,300","13,435","13,470","13,130","847,99K","-0,89%"
"24.07.2017","13,420","13,375","13,515","13,310","738,39K","-0,19%"
"21.07.2017","13,445","13,800","13,800","13,320","952,78K","-3,06%"
"20.07.2017","13,870","13,785","13,925","13,660","655,21K","0,65%"
"19.07.2017","13,780","13,800","14,000","13,670","619,18K","0,51%"
"18.07.2017","13,710","13,635","13,755","13,570","827,64K","0,51%"
"17.07.2017","13,640","13,300","13,655","13,260","808,70K","2,87%"
"14.07.2017","13,260","13,150","13,280","13,145","447,28K","0,42%"
"13.07.2017","13,205","13,075","13,240","13,075","547,08K","0,80%"
"12.07.2017","13,100","12,960","13,125","12,950","428,13K","1,31%"
"11.07.2017","12,930","12,990","13,040","12,815","815,58K","-0,15%"
"10.07.2017","12,950","12,965","13,040","12,870","575,49K","0,19%"
"07.07.2017","12,925","12,710","12,930","12,690","556,94K","1,41%"
"06.07.2017","12,745","12,700","12,745","12,555","490,56K","0,75%"
"05.07.2017","12,650","12,740","12,740","12,545","694,87K","-1,06%"
"04.07.2017","12,785","12,645","12,875","12,565","483,50K","0,63%"
"03.07.2017","12,705","12,725","12,735","12,535","540,12K","0,55%"
"30.06.2017","12,635","12,560","12,815","12,500","969,21K","0,88%"
"29.06.2017","12,525","12,925","12,960","12,475","793,08K","-2,83%"
"28.06.2017","12,890","12,870","12,940","12,685","502,72K","-0,39%"
"27.06.2017","12,940","13,175","13,175","12,925","858,20K","-1,90%"
"26.06.2017","13,190","13,125","13,200","13,050","986,75K","0,69%"
"23.06.2017","13,100","13,000","13,120","12,860","491,96K","1,08%"
"22.06.2017","12,960","12,875","13,110","12,855","842,23K","0,12%"
"21.06.2017","12,945","12,820","12,945","12,665","561,99K","1,01%"
"20.06.2017","12,815","13,010","13,035","12,790","564,65K","-1,50%"
"19.06.2017","13,010","13,015","13,225","12,995","948,93K","0,46%"
"16.06.2017","12,950","12,970","13,045","12,880","616,43K","0,62%"
"15.06.2017","12,870","13,095","13,095","12,745","563,40K","-2,05%"
"14.06.2017","13,140","13,230","13,445","13,100","986,60K","-0,53%"
"13.06.2017","13,210","12,825","13,250","12,820","1,07M","2,64%"
"12.06.2017","12,870","12,830","12,995","12,700","731,97K","-1,42%"
"09.06.2017","13,055","13,225","13,270","13,035","781,88K","-1,32%"
"08.06.2017","13,230","12,930","13,235","12,920","1,42M","1,77%"
"07.06.2017","13,000","12,940","13,050","12,800","1,02M","0,23%"
"06.06.2017","12,970","12,760","12,970","12,685","540,92K","1,77%"
"05.06.2017","12,745","12,890","12,955","12,745","411,96K","-0,93%"
"02.06.2017","12,865","12,985","13,030","12,865","594,32K","-0,73%"
"01.06.2017","12,960","12,610","12,990","12,610","1,50M","4,94%"
"31.05.2017","12,350","12,335","12,420","12,255","474,56K","-0,08%"
"30.05.2017","12,360","12,125","12,370","12,095","475,63K","1,44%"
"29.05.2017","12,185","12,195","12,200","12,100","303,20K","0,25%"
"26.05.2017","12,155","12,130","12,210","12,060","363,16K","0,25%"
"25.05.2017","12,125","12,055","12,140","12,000","437,81K","0,79%"
"24.05.2017","12,030","12,085","12,090","11,985","555,07K","-0,33%"
"23.05.2017","12,070","12,120","12,205","12,065","524,25K","-0,04%"
"22.05.2017","12,075","12,000","12,080","11,980","495,65K","0,62%"
"19.05.2017","12,000","11,825","12,050","11,750","681,46K","2,08%"
"18.05.2017","11,755","12,000","12,045","11,675","1,49M","-2,16%"
"17.05.2017","12,015","12,100","12,160","11,955","868,23K","-1,11%"
"16.05.2017","12,150","12,100","12,225","12,065","935,88K","0,70%"
"15.05.2017","12,065","12,245","12,245","11,970","949,50K","-1,11%"
"12.05.2017","12,200","12,155","12,240","11,815","2,67M","-4,31%"
"11.05.2017","12,750","12,880","12,960","12,725","771,60K","-1,09%"
"10.05.2017","12,890","13,000","13,015","12,850","659,25K","-1,30%"
"09.05.2017","13,060","13,000","13,145","12,965","655,67K","0,35%"
"08.05.2017","13,015","13,015","13,080","12,895","825,94K","0,15%"
"05.05.2017","12,995","12,810","13,085","12,810","1,26M","1,01%"
"04.05.2017","12,865","12,630","12,870","12,575","706,86K","1,94%"
"03.05.2017","12,620","12,715","12,830","12,615","775,71K","-1,41%"
"02.05.2017","12,800","12,580","12,800","12,555","538,81K","1,71%"
"28.04.2017","12,585","12,780","12,850","12,585","769,42K","-1,87%"
"27.04.2017","12,825","12,660","12,825","12,495","1,03M","1,30%"
"26.04.2017","12,660","12,645","12,695","12,560","425,08K","0,24%"
"25.04.2017","12,630","12,760","12,795","12,590","897,71K","-1,06%"
"24.04.2017","12,765","12,265","12,765","12,230","1,23M","5,71%"
"21.04.2017","12,075","12,020","12,145","11,990","685,13K","0,42%"
"20.04.2017","12,025","12,300","12,445","11,570","2,28M","-2,24%"
"19.04.2017","12,300","12,065","12,315","12,025","565,04K","1,95%"
"18.04.2017","12,065","12,290","12,305","11,965","453,27K","-1,51%"
"13.04.2017","12,250","12,375","12,430","12,150","713,52K","-1,29%"
"12.04.2017","12,410","12,140","12,450","12,140","786,05K","3,03%"
"11.04.2017","12,045","11,975","12,160","11,955","1,16M","0,38%"
"10.04.2017","12,000","11,855","12,025","11,840","348,93K","0,88%"
"07.04.2017","11,895","11,960","11,960","11,800","416,20K","-0,54%"
"06.04.2017","11,960","11,905","11,980","11,850","382,51K","0,50%"
"05.04.2017","11,900","11,850","12,020","11,830","599,95K","-0,08%"
"04.04.2017","11,910","11,850","11,965","11,810","300,90K","0,93%"
"03.04.2017","11,800","11,950","11,975","11,800","437,27K","-1,42%"
"31.03.2017","11,970","11,855","11,980","11,765","435,58K","1,27%"
"30.03.2017","11,820","11,880","11,940","11,790","441,80K","-0,51%"
"29.03.2017","11,880","11,880","11,945","11,760","384,57K","0,08%"
"28.03.2017","11,870","11,955","12,005","11,845","435,79K","-0,63%"
"27.03.2017","11,945","12,040","12,040","11,890","286,84K","-1,20%"
"24.03.2017","12,090","11,955","12,170","11,955","404,44K","0,58%"
"23.03.2017","12,020","11,850","12,025","11,720","432,60K","1,69%"
"22.03.2017","11,820","11,750","11,830","11,610","366,05K","0,04%"
"21.03.2017","11,815","11,980","11,980","11,815","241,31K","-0,67%"
"20.03.2017","11,895","12,020","12,020","11,855","293,57K","-0,67%"
"17.03.2017","11,975","11,775","12,020","11,760","559,64K","1,05%"
"16.03.2017","11,850","11,860","11,930","11,815","409,78K","0,34%"
"15.03.2017","11,810","11,840","11,880","11,730","392,29K","-0,04%"
"14.03.2017","11,815","11,880","11,885","11,785","417,32K","-0,55%"
"13.03.2017","11,880","11,840","11,880","11,735","475,05K","0,68%"
"10.03.2017","11,800","11,770","11,950","11,705","813,03K","0,38%"
"09.03.2017","11,755","11,740","11,815","11,670","499,39K","0,21%"
"08.03.2017","11,730","11,750","11,825","11,730","369,89K","0,00%"
"07.03.2017","11,730","11,610","11,770","11,610","331,38K","0,73%"
"06.03.2017","11,645","11,800","11,805","11,635","648,26K","-1,48%"
"03.03.2017","11,820","11,860","12,000","11,775","1,00M","-0,71%"
"02.03.2017","11,905","12,180","12,215","11,885","1,20M","-2,18%"
"01.03.2017","12,170","12,000","12,295","11,865","984,36K","2,23%"
"28.02.2017","11,905","11,905","12,080","11,800","933,51K","0,21%"
"27.02.2017","11,880","11,785","11,905","11,660","1,14M","1,32%"
"24.02.2017","11,725","11,350","11,995","11,300","3,49M","8,97%"
"23.02.2017","10,760","10,980","11,050","10,745","616,62K","-1,96%"
"22.02.2017","10,975","11,135","11,200","10,945","396,57K","-1,22%"
"21.02.2017","11,110","11,110","11,160","11,005","461,68K","0,27%"
"20.02.2017","11,080","11,100","11,120","10,995","255,42K","0,41%"
"17.02.2017","11,035","11,000","11,100","10,930","358,06K","-0,41%"
"16.02.2017","11,080","11,010","11,080","10,970","477,92K","0,54%"
"15.02.2017","11,020","11,110","11,170","10,960","552,22K","-0,27%"
"14.02.2017","11,050","10,840","11,100","10,800","651,95K","1,94%"
"13.02.2017","10,840","10,720","10,855","10,690","340,99K","1,07%"
"10.02.2017","10,725","10,710","10,750","10,650","535,72K","0,14%"
"09.02.2017","10,710","10,525","10,720","10,460","558,96K","1,56%"
"08.02.2017","10,545","10,445","10,560","10,415","424,20K","0,91%"
"07.02.2017","10,450","10,375","10,510","10,360","455,74K","0,10%"
"06.02.2017","10,440","10,600","10,600","10,405","563,23K","-1,32%"
"03.02.2017","10,580","10,360","10,600","10,300","618,35K","2,27%"
"02.02.2017","10,345","10,200","10,375","10,125","877,25K","1,62%"
"01.02.2017","10,180","10,235","10,245","10,150","369,60K","-0,05%"
"31.01.2017","10,185","10,220","10,320","10,175","358,25K","-0,54%"
"30.01.2017","10,240","10,350","10,395","10,220","365,16K","-1,40%"
"27.01.2017","10,385","10,320","10,400","10,255","331,44K","0,34%"
"26.01.2017","10,350","10,440","10,490","10,320","444,56K","-0,77%"
"25.01.2017","10,430","10,490","10,490","10,375","439,98K","-0,29%"
"24.01.2017","10,460","10,480","10,520","10,405","382,99K","0,10%"
"23.01.2017","10,450","10,650","10,680","10,360","633,15K","-2,15%"
"20.01.2017","10,680","10,700","10,700","10,580","435,25K","0,28%"
"19.01.2017","10,650","10,770","10,770","10,460","574,80K","-0,93%"
"18.01.2017","10,750","10,775","10,775","10,650","679,18K","0,51%"
"17.01.2017","10,695","10,800","10,800","10,620","594,01K","0,42%"
"16.01.2017","10,650","10,630","10,660","10,540","274,98K","0,24%"
"13.01.2017","10,625","10,505","10,625","10,435","371,58K","1,34%"
"12.01.2017","10,485","10,600","10,625","10,460","631,92K","-1,60%"
"11.01.2017","10,655","10,640","10,720","10,560","898,90K","0,14%"
"10.01.2017","10,640","10,625","10,650","10,520","331,35K","0,09%"
"09.01.2017","10,630","10,645","10,695","10,525","375,38K","0,00%"
"06.01.2017","10,630","10,500","10,645","10,470","274,23K","0,57%"
"05.01.2017","10,570","10,410","10,625","10,410","608,41K","1,10%"
"04.01.2017","10,455","10,610","10,650","10,405","382,99K","-1,46%"
"03.01.2017","10,610","10,580","10,725","10,530","509,08K","0,62%"
"02.01.2017","10,545","10,300","10,575","10,300","274,81K","1,30%"
"30.12.2016","10,410","10,405","10,465","10,350","257,17K","-0,29%"
"29.12.2016","10,440","10,270","10,440","10,265","441,28K","1,46%"
"28.12.2016","10,290","10,365","10,415","10,275","251,76K","-0,72%"
"27.12.2016","10,365","10,220","10,440","10,220","375,30K","0,93%"
"23.12.2016","10,270","10,240","10,355","10,205","408,51K","0,20%"
"22.12.2016","10,250","10,300","10,390","10,250","277,47K","-1,63%"
"21.12.2016","10,420","10,330","10,420","10,275","459,89K","1,02%"
"20.12.2016","10,315","10,345","10,430","10,170","776,47K","-0,24%"
"19.12.2016","10,340","10,300","10,415","10,280","604,84K","0,15%"
"16.12.2016","10,325","10,350","10,395","10,180","1,34M","-0,63%"
"15.12.2016","10,390","10,005","10,390","10,005","790,66K","3,28%"
"14.12.2016","10,060","10,040","10,065","9,990","444,03K","0,55%"
"13.12.2016","10,005","10,050","10,060","9,908","724,62K","-0,45%"
"12.12.2016","10,050","10,095","10,100","9,965","496,75K","0,30%"
"09.12.2016","10,020","10,080","10,145","10,000","575,34K","-0,45%"
"08.12.2016","10,065","10,150","10,240","9,942","702,14K","0,00%"
"07.12.2016","10,065","9,715","10,080","9,659","1,13M","3,92%"
"06.12.2016","9,685","9,732","9,754","9,577","661,35K","-0,30%"
"05.12.2016","9,714","9,615","9,879","9,600","782,95K","-0,06%"
"02.12.2016","9,720","9,614","9,739","9,580","732,89K","0,21%"
"01.12.2016","9,700","9,750","9,759","9,615","877,48K","-0,51%"
"30.11.2016","9,750","9,731","9,800","9,544","1,28M","0,62%"
"29.11.2016","9,690","9,948","9,948","9,540","1,34M","-1,23%"
"28.11.2016","9,811","9,899","9,899","9,750","485,46K","-1,00%"
"25.11.2016","9,910","9,933","9,973","9,830","436,55K","-0,23%"
"24.11.2016","9,933","9,763","9,933","9,720","719,60K","1,27%"
"23.11.2016","9,808","9,880","9,922","9,740","790,88K","-0,55%"
"22.11.2016","9,862","9,788","9,862","9,700","1,34M","1,46%"
"21.11.2016","9,720","9,646","9,727","9,562","1,02M","1,25%"
"18.11.2016","9,600","9,639","9,639","9,537","1,03M","0,21%"
"17.11.2016","9,580","9,605","9,654","9,492","1,21M","0,07%"
"16.11.2016","9,573","9,490","9,640","9,350","2,11M","1,30%"
"15.11.2016","9,450","10,660","10,695","9,450","6,44M","-12,09%"
"14.11.2016","10,750","10,610","10,765","10,530","745,41K","1,46%"
"11.11.2016","10,595","10,600","10,680","10,465","543,50K","0,00%"
"10.11.2016","10,595","11,010","11,010","10,545","738,56K","-2,98%"
"09.11.2016","10,920","10,435","10,920","10,350","764,42K","1,44%"
"08.11.2016","10,765","10,875","10,900","10,685","478,70K","-0,69%"
"07.11.2016","10,840","10,745","10,850","10,620","939,62K","2,22%"
"04.11.2016","10,605","10,945","10,955","10,605","1,07M","-3,59%"
"03.11.2016","11,000","10,840","11,040","10,770","582,86K","1,38%"
"02.11.2016","10,850","10,955","11,050","10,805","543,01K","-0,96%"
"01.11.2016","10,955","11,350","11,350","10,955","670,65K","-2,92%"
"31.10.2016","11,285","11,230","11,325","11,230","519,25K","-0,09%"
"28.10.2016","11,295","11,210","11,325","11,155","497,18K","0,13%"
"27.10.2016","11,280","11,455","11,495","11,260","514,82K","-1,74%"
"26.10.2016","11,480","11,555","11,555","11,310","580,23K","-0,69%"
"25.10.2016","11,560","11,620","11,685","11,510","505,10K","-0,82%"
"24.10.2016","11,655","11,735","11,820","11,655","527,33K","-0,13%"
"21.10.2016","11,670","11,595","11,700","11,585","524,62K","0,17%"
"20.10.2016","11,650","11,780","11,780","11,560","743,94K","-0,60%"
"19.10.2016","11,720","11,710","11,750","11,610","530,07K","0,30%"
"18.10.2016","11,685","11,510","11,720","11,455","1,00M","2,19%"
"17.10.2016","11,435","11,545","11,580","11,360","952,01K","-1,42%"
"14.10.2016","11,600","11,590","11,625","11,520","623,41K","0,74%"
"13.10.2016","11,515","11,490","11,545","11,410","695,44K","-0,60%"
"12.10.2016","11,585","11,615","11,730","11,550","470,35K","-0,52%"
"11.10.2016","11,645","11,730","11,745","11,570","949,68K","-0,72%"
"10.10.2016","11,730","11,825","11,840","11,655","712,34K","-0,59%"
"07.10.2016","11,800","12,240","12,240","11,680","674,22K","-3,24%"
"06.10.2016","12,195","12,260","12,320","12,190","796,48K","-0,65%"
"05.10.2016","12,275","12,055","12,300","11,980","782,84K","1,32%"
"04.10.2016","12,115","12,210","12,270","12,105","697,26K","-0,57%"
"03.10.2016","12,185","11,995","12,220","11,950","733,40K","2,09%"
"30.09.2016","11,935","11,740","12,010","11,600","1,01M","0,76%"
"29.09.2016","11,845","11,840","11,920","11,785","1,26M","0,38%"
"28.09.2016","11,800","11,800","11,880","11,555","1,75M","-1,67%"
"27.09.2016","12,000","12,170","12,175","11,890","607,10K","-1,11%"
"26.09.2016","12,135","12,175","12,230","12,075","385,44K","-0,57%"
"23.09.2016","12,205","12,140","12,255","12,110","382,44K","-0,49%"
"22.09.2016","12,265","12,200","12,375","12,200","559,67K","0,95%"
"21.09.2016","12,150","12,300","12,370","12,140","500,32K","-0,65%"
"20.09.2016","12,230","12,020","12,320","12,020","793,50K","1,49%"
"19.09.2016","12,050","12,135","12,155","11,980","995,79K","-0,29%"
"16.09.2016","12,085","12,280","12,550","11,960","1,41M","-2,11%"
"15.09.2016","12,345","12,000","12,360","12,000","1,13M","2,41%"
"14.09.2016","12,055","11,820","12,110","11,820","1,21M","2,29%"
"13.09.2016","11,785","11,810","11,950","11,750","803,65K","0,13%"
"12.09.2016","11,770","11,615","11,770","11,540","670,25K","-0,30%"
"09.09.2016","11,805","11,665","11,805","11,620","694,00K","1,24%"
"08.09.2016","11,660","11,700","11,730","11,550","817,46K","-0,09%"
"07.09.2016","11,670","11,585","11,700","11,540","687,71K","0,78%"
"06.09.2016","11,580","11,775","11,870","11,530","696,92K","-1,86%"
"05.09.2016","11,800","11,780","11,830","11,705","327,15K","0,47%"
"02.09.2016","11,745","11,630","11,770","11,600","421,16K","0,99%"
"01.09.2016","11,630","11,655","11,800","11,585","551,28K","0,35%"
"31.08.2016","11,590","11,750","11,840","11,565","721,31K","-1,61%"
"30.08.2016","11,780","11,610","11,865","11,610","571,07K","1,64%"
"29.08.2016","11,590","11,655","11,700","11,550","231,81K","-0,94%"
"26.08.2016","11,700","11,520","11,750","11,380","442,79K","1,25%"
"25.08.2016","11,555","11,590","11,660","11,490","455,08K","-1,20%"
"24.08.2016","11,695","11,625","11,775","11,625","475,40K","-0,17%"
"23.08.2016","11,715","11,700","11,785","11,600","823,43K","0,21%"
"22.08.2016","11,690","11,655","11,750","11,575","462,93K","0,34%"
"19.08.2016","11,650","11,740","11,750","11,560","525,86K","-0,81%"
"18.08.2016","11,745","11,585","11,780","11,570","538,55K","1,21%"
"17.08.2016","11,605","11,605","11,655","11,560","507,69K","-0,13%"
"16.08.2016","11,620","11,625","11,690","11,570","435,85K","-0,81%"
"15.08.2016","11,715","11,580","11,780","11,580","398,17K","0,90%"
"12.08.2016","11,610","11,610","11,665","11,560","560,75K","-0,04%"
"11.08.2016","11,615","11,615","11,670","11,460","441,61K","0,39%"
"10.08.2016","11,570","11,590","11,650","11,510","407,89K","-0,69%"
"09.08.2016","11,650","11,360","11,680","11,355","536,48K","2,33%"
"08.08.2016","11,385","11,310","11,420","11,265","458,30K","1,07%"
"05.08.2016","11,265","11,175","11,300","11,020","643,81K","0,85%"
"04.08.2016","11,170","11,100","11,250","11,100","1,09M","0,72%"
"03.08.2016","11,090","11,070","11,220","10,930","1,11M","0,82%"
"02.08.2016","11,000","10,945","11,000","10,695","650,99K","0,27%"
"01.08.2016","10,970","10,950","11,260","10,880","976,83K","1,15%"
"29.07.2016","10,845","10,790","10,920","10,630","813,00K","2,80%"
"28.07.2016","10,550","10,580","10,665","10,460","604,27K","-1,22%"
"27.07.2016","10,680","10,700","10,795","10,660","652,20K","0,14%"
"26.07.2016","10,665","10,615","10,695","10,515","559,47K","0,71%"
"25.07.2016","10,590","10,350","10,670","10,300","510,07K","2,52%"
"22.07.2016","10,330","10,355","10,355","10,190","678,95K","0,00%"
"21.07.2016","10,330","10,450","10,490","10,280","647,21K","-1,01%"
"20.07.2016","10,435","10,390","10,540","10,320","980,41K","1,31%"
"19.07.2016","10,300","9,863","10,300","9,835","1,71M","4,70%"
"18.07.2016","9,838","9,740","9,866","9,706","580,23K","0,61%"
"15.07.2016","9,778","9,760","9,778","9,625","564,96K","0,43%"
"14.07.2016","9,736","9,674","9,750","9,500","451,63K","1,03%"
"13.07.2016","9,637","9,616","9,760","9,601","478,76K","-0,44%"
"12.07.2016","9,680","9,638","9,717","9,579","536,73K","0,44%"
"11.07.2016","9,638","9,500","9,680","9,446","561,48K","2,01%"
"08.07.2016","9,448","9,202","9,561","9,181","765,07K","2,67%"
"07.07.2016","9,202","9,100","9,260","9,092","668,36K","2,29%"
"06.07.2016","8,996","9,221","9,259","8,925","678,07K","-2,98%"
"05.07.2016","9,272","9,575","9,575","9,237","557,59K","-3,15%"
"04.07.2016","9,574","9,650","9,650","9,530","465,87K","-0,65%"
"01.07.2016","9,637","9,582","9,703","9,530","829,87K","1,51%"
"30.06.2016","9,494","9,200","9,520","9,139","705,53K","3,84%"
"29.06.2016","9,143","9,060","9,173","8,960","650,99K","1,13%"
"28.06.2016","9,041","8,908","9,042","8,821","718,61K","4,48%"
"27.06.2016","8,653","9,186","9,247","8,606","898,29K","-3,48%"
"24.06.2016","8,965","8,400","9,340","8,400","1,19M","-8,90%"
"23.06.2016","9,841","9,850","9,970","9,764","792,67K","0,59%"
"22.06.2016","9,783","9,820","9,850","9,645","446,55K","0,02%"
"21.06.2016","9,781","9,741","9,873","9,690","736,07K","0,08%"
"20.06.2016","9,773","9,480","9,801","9,460","633,54K","5,40%"
"17.06.2016","9,272","9,158","9,360","9,135","1,73M","1,67%"
"16.06.2016","9,120","9,159","9,259","9,058","654,50K","-2,23%"
"15.06.2016","9,328","9,256","9,426","9,251","683,47K","1,28%"
"14.06.2016","9,210","9,426","9,426","9,080","1,22M","-2,90%"
"13.06.2016","9,485","9,633","9,658","9,302","1,20M","-2,83%"
"10.06.2016","9,761","9,728","9,939","9,676","1,22M","0,27%"
"09.06.2016","9,735","9,950","9,991","9,725","593,36K","-2,50%"
"08.06.2016","9,985","9,965","10,070","9,908","636,50K","-0,55%"
"07.06.2016","10,040","9,915","10,090","9,843","506,57K","2,29%"
"06.06.2016","9,815","9,818","9,929","9,725","783,06K","-0,66%"
"03.06.2016","9,880","10,205","10,290","9,860","673,30K","-3,23%"
"02.06.2016","10,210","10,045","10,240","10,045","529,28K","1,39%"
"01.06.2016","10,070","10,250","10,275","10,050","526,23K","-1,76%"
"31.05.2016","10,250","10,170","10,310","10,170","580,81K","0,49%"
"30.05.2016","10,200","10,190","10,325","10,170","359,62K","-0,34%"
"27.05.2016","10,235","10,160","10,235","10,140","545,42K","0,34%"
"26.05.2016","10,200","10,200","10,350","10,165","621,06K","0,20%"
"25.05.2016","10,180","10,220","10,290","10,080","573,56K","0,05%"
"24.05.2016","10,175","9,935","10,225","9,891","499,50K","1,70%"
"23.05.2016","10,005","9,791","10,085","9,730","866,76K","2,21%"
"20.05.2016","9,789","9,883","9,920","9,761","376,91K","-0,39%"
"19.05.2016","9,827","9,816","9,882","9,770","732,09K","-0,79%"
"18.05.2016","9,905","9,750","9,938","9,691","494,43K","1,71%"
"17.05.2016","9,738","9,780","9,920","9,668","522,93K","-0,06%"
"16.05.2016","9,744","9,824","9,865","9,705","369,07K","-1,70%"
"13.05.2016","9,913","9,810","9,980","9,701","725,37K","0,57%"
"12.05.2016","9,857","9,921","9,989","9,810","720,82K","-1,10%"
"11.05.2016","9,967","10,140","10,170","9,920","788,54K","-2,09%"
"10.05.2016","10,180","10,430","10,430","9,982","1,09M","-1,17%"
"09.05.2016","10,300","10,255","10,400","10,195","802,09K","0,98%"
"06.05.2016","10,200","10,085","10,200","9,954","614,65K","1,44%"
"05.05.2016","10,055","9,968","10,070","9,920","483,76K","0,66%"
"04.05.2016","9,989","10,040","10,075","9,913","572,74K","-0,11%"
"03.05.2016","10,000","10,355","10,355","9,940","722,29K","-2,96%"
"02.05.2016","10,305","10,250","10,455","10,160","396,39K","0,73%"
"29.04.2016","10,230","10,435","10,475","10,130","676,62K","-2,57%"
"28.04.2016","10,500","10,485","10,540","10,330","505,35K","-0,19%"
"27.04.2016","10,520","10,530","10,580","10,440","577,55K","0,19%"
"26.04.2016","10,500","10,350","10,640","10,340","696,17K","-0,05%"
"25.04.2016","10,505","10,640","10,660","10,430","708,92K","-0,80%"
"22.04.2016","10,590","10,640","10,645","10,500","687,44K","-0,98%"
"21.04.2016","10,695","10,595","10,950","10,575","920,40K","1,42%"
"20.04.2016","10,545","10,640","10,720","10,465","1,07M","-1,49%"
"19.04.2016","10,705","10,700","10,995","10,625","751,02K","0,09%"
"18.04.2016","10,695","10,170","10,750","10,125","993,25K","4,60%"
"15.04.2016","10,225","10,480","10,515","10,185","781,62K","-2,34%"
"14.04.2016","10,470","10,450","10,525","10,305","862,69K","-0,33%"
"13.04.2016","10,505","10,150","10,505","10,060","934,44K","4,06%"
"12.04.2016","10,095","10,105","10,110","9,946","582,52K","0,30%"
"11.04.2016","10,065","10,030","10,100","10,020","676,85K","-0,15%"
"08.04.2016","10,080","9,846","10,100","9,695","410,74K","3,16%"
"07.04.2016","9,771","9,965","10,065","9,720","635,93K","-2,20%"
"06.04.2016","9,991","10,010","10,065","9,879","707,53K","0,69%"
"05.04.2016","9,923","9,853","9,980","9,700","962,25K","-0,63%"
"04.04.2016","9,986","10,120","10,180","9,928","1,00M","-1,32%"
"01.04.2016","10,120","10,120","10,180","9,970","891,22K","-1,03%"
"31.03.2016","10,225","10,300","10,355","10,210","828,73K","-1,68%"
"30.03.2016","10,400","10,405","10,500","10,180","792,60K","0,82%"
"29.03.2016","10,315","10,360","10,540","10,220","831,65K","-0,63%"
"24.03.2016","10,380","10,340","10,430","10,320","574,09K","-0,14%"
"23.03.2016","10,395","10,515","10,575","10,335","920,71K","-1,09%"
"22.03.2016","10,510","10,125","10,690","10,065","1,53M","2,99%"
"21.03.2016","10,205","10,365","10,415","10,200","636,13K","-1,64%"
"18.03.2016","10,375","10,035","10,475","10,025","1,37M","4,10%"
"17.03.2016","9,966","10,075","10,180","9,840","689,87K","-0,79%"
"16.03.2016","10,045","9,930","10,080","9,920","1,09M","1,41%"
"15.03.2016","9,905","9,850","9,922","9,805","1,17M","0,69%"
"14.03.2016","9,837","9,990","10,095","9,776","1,25M","-1,32%"
"11.03.2016","9,969","9,618","10,070","9,556","1,86M","5,14%"
"10.03.2016","9,482","9,600","9,795","9,482","1,25M","-1,81%"
"09.03.2016","9,657","9,612","9,710","9,411","1,50M","1,40%"
"08.03.2016","9,524","9,650","9,740","9,410","1,37M","-1,08%"
"07.03.2016","9,628","10,150","10,240","9,604","1,58M","-4,44%"
"04.03.2016","10,075","9,850","10,355","9,850","1,65M","3,09%"
"03.03.2016","9,773","10,080","10,115","9,726","2,56M","-2,76%"
"02.03.2016","10,050","9,848","10,495","9,625","2,82M","2,93%"
"01.03.2016","9,764","9,400","10,150","9,383","5,33M","15,65%"
"29.02.2016","8,443","8,326","8,480","8,060","840,75K","1,72%"
"26.02.2016","8,300","8,234","8,316","8,001","1,10M","1,33%"
"25.02.2016","8,191","8,000","8,246","7,880","1,27M","3,84%"
"24.02.2016","7,888","8,480","8,480","7,850","819,31K","-4,47%"
"23.02.2016","8,257","8,430","8,567","8,220","560,07K","-2,73%"
"22.02.2016","8,489","8,404","8,589","8,404","826,17K","0,28%"
"19.02.2016","8,465","8,440","8,500","8,279","863,31K","0,97%"
"18.02.2016","8,384","8,150","8,439","8,148","919,55K","3,31%"
"17.02.2016","8,115","8,249","8,260","7,990","1,22M","-1,02%"
"16.02.2016","8,199","8,058","8,300","8,013","821,82K","1,75%"
"15.02.2016","8,058","8,084","8,180","7,933","832,27K","2,62%"
"12.02.2016","7,852","7,808","8,000","7,683","1,21M","2,29%"
"11.02.2016","7,676","7,833","7,833","7,610","1,08M","-3,40%"
"10.02.2016","7,946","8,023","8,140","7,920","1,31M","-0,94%"
"09.02.2016","8,021","8,100","8,100","7,761","1,15M","-1,06%"
"08.02.2016","8,107","8,542","8,590","8,011","1,08M","-3,49%"
"05.02.2016","8,400","8,510","8,620","8,390","895,13K","-1,41%"
"04.02.2016","8,520","8,441","8,590","8,320","858,42K","1,38%"
"03.02.2016","8,404","8,570","8,670","8,290","602,88K","-2,84%"
"02.02.2016","8,650","8,920","8,990","8,625","793,03K","-3,84%"
"01.02.2016","8,995","9,127","9,190","8,940","872,85K","-0,57%"
"29.01.2016","9,047","9,032","9,300","8,918","824,94K","1,24%"
"28.01.2016","8,936","9,000","9,391","8,850","1,63M","-0,26%"
"27.01.2016","8,959","8,669","8,990","8,500","872,29K","3,62%"
"26.01.2016","8,646","8,280","8,680","8,260","711,79K","3,21%"
"25.01.2016","8,377","8,613","8,637","8,325","1,04M","-2,10%"
"22.01.2016","8,557","8,462","8,744","8,314","962,39K","2,59%"
"21.01.2016","8,341","8,647","8,647","8,170","1,20M","0,94%"
"20.01.2016","8,263","8,220","8,301","8,119","1,07M","-1,28%"
"19.01.2016","8,370","8,773","8,773","8,304","1,44M","-3,21%"
"18.01.2016","8,648","8,787","8,900","8,648","1,11M","-1,85%"
"15.01.2016","8,811","9,089","9,089","8,779","1,72M","-3,08%"
"14.01.2016","9,091","8,809","9,148","8,615","1,56M","3,78%"
"13.01.2016","8,760","8,652","8,926","8,618","1,52M","1,84%"
"12.01.2016","8,602","8,146","8,633","8,128","1,08M","5,15%"
"11.01.2016","8,181","8,063","8,289","8,029","1,11M","0,07%"
"08.01.2016","8,175","8,234","8,400","8,151","1,02M","-0,76%"
"07.01.2016","8,238","8,194","8,352","7,930","1,14M","-1,01%"
"06.01.2016","8,322","8,670","8,670","8,160","856,93K","-4,47%"
"05.01.2016","8,711","8,955","8,955","8,541","898,45K","-1,57%"
"04.01.2016","8,850","8,600","8,885","8,500","913,06K","2,09%"
"31.12.2015","8,669","8,714","8,755","8,651","335,66K","-1,44%"
"30.12.2015","8,796","8,813","8,890","8,705","625,76K","-0,81%"
"29.12.2015","8,868","8,768","8,868","8,708","474,17K","1,41%"
"28.12.2015","8,745","8,780","8,920","8,685","493,95K","-0,42%"
"24.12.2015","8,782","8,800","8,951","8,782","219,71K","-1,25%"
"23.12.2015","8,893","8,685","8,905","8,662","741,36K","2,79%"
"22.12.2015","8,652","8,943","8,943","8,540","1,14M","-2,42%"
"21.12.2015","8,867","9,240","9,240","8,867","1,57M","-3,61%"
"18.12.2015","9,199","9,450","9,450","9,100","1,39M","-1,99%"
"17.12.2015","9,386","9,600","9,600","9,330","795,07K","-0,02%"
"16.12.2015","9,388","9,678","9,726","9,330","752,97K","-3,17%"
"15.12.2015","9,695","9,353","9,744","9,340","884,76K","4,92%"
"14.12.2015","9,240","9,160","9,350","9,106","912,87K","0,22%"
"11.12.2015","9,220","9,199","9,310","9,168","1,23M","-0,24%"
"10.12.2015","9,242","9,163","9,320","9,154","823,09K","-0,11%"
"09.12.2015","9,252","9,310","9,329","9,056","658,12K","-0,14%"
"08.12.2015","9,265","9,377","9,383","9,056","688,16K","-1,42%"
"07.12.2015","9,398","9,649","9,650","9,285","771,43K","-2,28%"
"04.12.2015","9,617","9,480","9,675","9,480","1,32M","0,64%"
"03.12.2015","9,556","9,640","9,800","9,525","1,17M","-0,80%"
"02.12.2015","9,633","9,583","9,725","9,530","657,43K","1,12%"
"01.12.2015","9,526","9,727","9,757","9,480","796,23K","-2,06%"
"30.11.2015","9,726","9,680","9,800","9,590","684,84K","0,68%"
"27.11.2015","9,660","9,506","9,700","9,506","533,46K","0,41%"
"26.11.2015","9,621","9,599","9,688","9,585","483,05K","-0,17%"
"25.11.2015","9,637","9,550","9,660","9,425","840,54K","0,67%"
"24.11.2015","9,573","9,436","9,611","9,330","822,50K","1,22%"
"23.11.2015","9,458","9,600","9,628","9,380","820,73K","-1,39%"
"20.11.2015","9,591","9,996","9,996","9,570","1,68M","-3,60%"
"19.11.2015","9,949","10,290","10,390","9,925","1,21M","-2,75%"
"18.11.2015","10,230","10,010","10,260","9,940","1,07M","1,59%"
"17.11.2015","10,070","9,923","10,190","9,923","900,75K","2,76%"
"16.11.2015","9,800","9,708","9,880","9,574","1,11M","-0,87%"
"13.11.2015","9,886","9,752","9,910","9,615","916,42K","1,54%"
"12.11.2015","9,736","9,940","9,943","9,562","932,30K","-2,05%"
"11.11.2015","9,940","10,020","10,240","9,842","998,14K","-0,52%"
"10.11.2015","9,992","10,065","10,145","9,754","680,21K","-0,63%"
"09.11.2015","10,055","10,385","10,455","10,055","620,15K","-3,41%"
"06.11.2015","10,410","10,345","10,485","10,050","1,47M","-0,76%"
"05.11.2015","10,490","10,400","10,535","10,210","901,10K","0,82%"
"04.11.2015","10,405","10,120","10,630","10,105","1,05M","3,58%"
"03.11.2015","10,045","9,875","10,085","9,851","547,90K","1,40%"
"02.11.2015","9,906","9,724","9,940","9,720","635,46K","1,51%"
"30.10.2015","9,759","9,860","9,860","9,560","622,34K","0,04%"
"29.10.2015","9,755","9,940","9,950","9,681","523,06K","-1,32%"
"28.10.2015","9,885","9,790","10,010","9,750","737,80K","0,90%"
"27.10.2015","9,797","10,120","10,120","9,758","739,30K","-3,19%"
"26.10.2015","10,120","9,692","10,190","9,621","755,07K","4,06%"
"23.10.2015","9,725","9,500","9,771","9,500","943,30K","1,95%"
"22.10.2015","9,539","9,385","9,598","9,385","808,74K","1,38%"
"21.10.2015","9,409","9,370","9,525","9,223","1,03M","0,59%"
"20.10.2015","9,354","9,580","9,600","9,354","718,53K","-2,56%"
"19.10.2015","9,600","9,510","9,632","9,510","687,21K","0,75%"
"16.10.2015","9,529","9,580","9,595","9,480","586,14K","-0,10%"
"15.10.2015","9,539","9,495","9,570","9,442","666,89K","1,16%"
"14.10.2015","9,430","9,578","9,599","9,352","836,22K","-2,25%"
"13.10.2015","9,647","9,900","9,952","9,600","683,93K","-2,75%"
"12.10.2015","9,920","10,120","10,180","9,862","749,02K","-1,78%"
"09.10.2015","10,100","10,100","10,325","10,055","942,80K","0,85%"
"08.10.2015","10,015","9,990","10,085","9,966","659,19K","0,00%"
"07.10.2015","10,015","9,894","10,115","9,820","984,84K","1,84%"
"06.10.2015","9,834","9,736","9,980","9,620","1,27M","1,05%"
"05.10.2015","9,732","9,544","9,800","9,544","827,03K","3,18%"
"02.10.2015","9,432","9,427","9,490","9,250","843,50K","1,19%"
"01.10.2015","9,321","9,344","9,400","9,180","551,10K","0,53%"
"30.09.2015","9,272","9,125","9,290","9,037","712,11K","3,15%"
"29.09.2015","8,989","8,937","9,249","8,857","757,94K","-0,49%"
"28.09.2015","9,033","9,570","9,640","9,033","1,02M","-2,48%"
"25.09.2015","9,263","9,530","9,530","9,126","922,38K","-1,51%"
"24.09.2015","9,405","9,342","9,650","9,273","1,23M","0,92%"
"23.09.2015","9,319","9,400","9,400","9,215","920,05K","-0,65%"
"22.09.2015","9,380","9,784","9,832","9,377","724,39K","-4,32%"
"21.09.2015","9,804","9,739","9,861","9,725","468,82K","0,04%"
"18.09.2015","9,800","9,914","9,917","9,701","812,57K","-1,49%"
"17.09.2015","9,948","10,005","10,070","9,900","730,97K","-0,07%"
"16.09.2015","9,955","9,820","9,998","9,790","683,21K","2,41%"
"15.09.2015","9,721","9,664","9,780","9,561","779,84K","0,88%"
"14.09.2015","9,636","9,700","9,910","9,629","639,41K","0,40%"
"11.09.2015","9,598","9,744","9,744","9,561","499,79K","-0,73%"
"10.09.2015","9,669","9,877","9,948","9,658","794,31K","-2,63%"
"09.09.2015","9,930","10,090","10,090","9,865","762,84K","0,75%"
"08.09.2015","9,856","9,667","9,930","9,514","969,89K","2,86%"
"07.09.2015","9,582","9,892","9,892","9,559","777,28K","-2,09%"
"04.09.2015","9,787","9,900","9,902","9,670","1,10M","-2,62%"
"03.09.2015","10,050","10,100","10,160","9,954","812,97K","0,60%"
"02.09.2015","9,990","10,275","10,350","9,944","815,43K","-2,73%"
"01.09.2015","10,270","10,420","10,460","10,210","949,14K","-2,93%"
"31.08.2015","10,580","10,375","10,595","10,320","779,90K","1,15%"
"28.08.2015","10,460","10,450","10,710","10,130","791,24K","0,48%"
"27.08.2015","10,410","9,795","10,500","9,727","1,29M","8,99%"
"26.08.2015","9,551","9,506","9,717","9,494","644,63K","-1,39%"
"25.08.2015","9,686","9,509","9,772","9,424","1,13M","2,91%"
"24.08.2015","9,412","9,631","9,969","9,115","1,57M","-5,18%"
"21.08.2015","9,926","9,965","10,140","9,900","927,81K","-2,16%"
"20.08.2015","10,145","10,115","10,280","10,100","1,18M","0,15%"
"19.08.2015","10,130","10,200","10,205","10,070","576,73K","-1,12%"
"18.08.2015","10,245","10,235","10,375","10,170","510,56K","-0,10%"
"17.08.2015","10,255","10,210","10,320","10,060","566,39K","1,03%"
"14.08.2015","10,150","10,115","10,200","10,040","778,86K","0,20%"
"13.08.2015","10,130","10,150","10,200","10,035","928,50K","1,05%"
"12.08.2015","10,025","10,160","10,355","9,941","1,27M","-2,43%"
"11.08.2015","10,275","10,640","10,660","10,175","1,09M","-3,70%"
"10.08.2015","10,670","10,720","10,730","10,530","799,57K","-0,33%"
"07.08.2015","10,705","10,880","10,935","10,700","799,33K","-2,01%"
"06.08.2015","10,925","10,675","11,015","10,505","1,05M","2,34%"
"05.08.2015","10,675","9,903","10,900","9,763","2,67M","8,80%"
"04.08.2015","9,812","10,055","10,130","9,701","2,19M","-2,66%"
"03.08.2015","10,080","10,215","10,260","10,020","1,54M","-1,42%"
"31.07.2015","10,225","10,400","10,400","9,650","4,39M","-4,80%"
"30.07.2015","10,740","10,830","10,865","10,695","827,73K","-0,46%"
"29.07.2015","10,790","10,840","10,870","10,650","928,73K","-0,14%"
"28.07.2015","10,805","10,755","10,965","10,755","698,92K","0,42%"
"27.07.2015","10,760","11,000","11,130","10,760","1,01M","-3,84%"
"24.07.2015","11,190","11,410","11,410","11,150","1,30M","-1,84%"
"23.07.2015","11,400","11,145","11,400","11,120","1,53M","2,84%"
"22.07.2015","11,085","10,980","11,150","10,955","696,23K","0,14%"
"21.07.2015","11,070","11,080","11,120","11,000","1,45M","0,09%"
"20.07.2015","11,060","10,855","11,100","10,855","1,05M","1,28%"
"17.07.2015","10,920","10,980","11,015","10,855","729,19K","-0,68%"
"16.07.2015","10,995","11,045","11,200","10,970","1,21M","-0,32%"
"15.07.2015","11,030","10,760","11,180","10,725","1,58M","2,70%"
"14.07.2015","10,740","10,850","10,850","10,575","1,15M","-0,60%"
"13.07.2015","10,805","10,700","10,850","10,550","1,77M","1,03%"
"10.07.2015","10,695","10,970","11,090","10,550","3,18M","-1,38%"
"09.07.2015","10,845","10,350","10,950","10,340","2,73M","4,93%"
"08.07.2015","10,335","9,420","10,770","9,420","5,14M","12,88%"
"07.07.2015","9,156","9,240","9,327","9,035","1,02M","0,12%"
"06.07.2015","9,145","8,910","9,249","8,880","1,47M","1,45%"
"03.07.2015","9,014","9,089","9,092","8,940","1,21M","-0,29%"
"02.07.2015","9,040","9,255","9,281","9,035","927,42K","-2,46%"
"01.07.2015","9,268","9,298","9,367","9,216","849,78K","0,48%"
"30.06.2015","9,224","9,251","9,320","9,157","856,64K","-0,40%"
"29.06.2015","9,261","9,050","9,380","8,904","1,40M","-3,70%"
"26.06.2015","9,617","9,460","9,680","9,355","1,18M","1,18%"
"25.06.2015","9,505","9,550","9,592","9,480","1,13M","-0,47%"
"24.06.2015","9,550","9,704","9,704","9,477","1,15M","-1,81%"
"23.06.2015","9,726","9,973","9,974","9,720","2,69M","-1,63%"
"22.06.2015","9,887","9,699","9,920","9,637","2,66M","3,57%"
"19.06.2015","9,546","9,410","9,550","9,383","2,38M","1,46%"
"18.06.2015","9,409","9,200","9,459","9,190","2,38M","1,95%"
"17.06.2015","9,229","9,200","9,294","9,050","1,39M","0,53%"
"16.06.2015","9,180","8,820","9,184","8,763","1,94M","4,08%"
"15.06.2015","8,820","8,840","8,920","8,803","1,11M","-1,34%"
"12.06.2015","8,940","9,100","9,120","8,865","1,24M","-2,06%"
"11.06.2015","9,128","9,050","9,192","9,040","1,52M","0,82%"
"10.06.2015","9,054","8,782","9,064","8,782","1,17M","2,50%"
"09.06.2015","8,833","8,770","8,846","8,716","915,18K","0,60%"
"08.06.2015","8,780","8,818","8,849","8,751","1,50M","-0,34%"
"05.06.2015","8,810","8,826","8,909","8,778","1,24M","-1,09%"
"04.06.2015","8,907","8,881","9,008","8,830","1,02M","-0,25%"
"03.06.2015","8,929","8,840","9,030","8,830","1,53M","1,01%"
"02.06.2015","8,840","8,925","8,935","8,730","1,99M","-0,46%"
"01.06.2015","8,881","8,850","8,919","8,820","1,81M","0,69%"
"29.05.2015","8,820","9,060","9,110","8,820","1,72M","-2,25%"
"28.05.2015","9,023","9,249","9,249","9,000","2,31M","-2,22%"
"27.05.2015","9,228","9,136","9,280","9,031","2,02M","1,54%"
"26.05.2015","9,088","8,960","9,187","8,820","1,71M","1,52%"
"25.05.2015","8,952","9,090","9,091","8,850","969,54K","-1,73%"
"22.05.2015","9,110","9,222","9,255","9,110","2,09M","-1,48%"
"21.05.2015","9,247","9,297","9,380","9,228","1,35M","-0,90%"
"20.05.2015","9,331","9,310","9,355","9,221","1,20M","0,38%"
"19.05.2015","9,296","9,425","9,425","9,180","2,53M","-0,55%"
"18.05.2015","9,347","9,350","9,390","9,200","1,94M","-0,05%"
"15.05.2015","9,352","9,550","9,554","9,316","1,35M","-1,31%"
"14.05.2015","9,476","9,238","9,571","9,111","2,87M","2,58%"
"13.05.2015","9,238","9,770","9,770","9,070","6,57M","-4,76%"
"12.05.2015","9,700","9,550","9,747","9,300","6,57M","-7,18%"
"11.05.2015","10,450","10,400","10,660","10,390","1,32M","0,00%"
"08.05.2015","10,450","10,325","10,460","10,275","910,95K","1,51%"
"07.05.2015","10,295","10,410","10,425","10,230","1,45M","-0,91%"
"06.05.2015","10,390","10,300","10,445","10,210","1,67M","0,53%"
"05.05.2015","10,335","10,690","10,755","10,335","1,58M","-3,50%"
"04.05.2015","10,710","10,650","10,835","10,650","1,61M","1,42%"
"30.04.2015","10,560","10,700","10,740","10,485","2,21M","-2,40%"
"29.04.2015","10,820","11,310","11,315","10,815","2,77M","-4,33%"
"28.04.2015","11,310","11,510","11,525","11,225","1,26M","-1,78%"
"27.04.2015","11,515","11,080","11,525","10,950","1,38M","4,44%"
"24.04.2015","11,025","11,060","11,150","10,970","909,31K","-0,63%"
"23.04.2015","11,095","11,010","11,125","10,955","641,81K","0,50%"
"22.04.2015","11,040","11,005","11,055","10,960","1,04M","0,27%"
"21.04.2015","11,010","11,180","11,285","10,945","1,31M","-1,39%"
"20.04.2015","11,165","11,090","11,185","11,000","1,15M","0,50%"
"17.04.2015","11,110","11,175","11,225","10,870","2,09M","-1,02%"
"16.04.2015","11,225","11,320","11,320","11,190","1,08M","-0,62%"
"15.04.2015","11,295","11,180","11,370","11,180","866,32K","0,94%"
"14.04.2015","11,190","11,220","11,295","11,120","1,33M","-0,27%"
"13.04.2015","11,220","11,300","11,320","11,180","893,39K","-0,18%"
"10.04.2015","11,240","11,270","11,310","11,150","1,10M","0,54%"
"09.04.2015","11,180","10,990","11,215","10,860","1,40M","2,57%"
"08.04.2015","10,900","10,930","11,000","10,825","1,25M","-0,14%"
"07.04.2015","10,915","11,100","11,180","10,900","1,99M","-0,86%"
"02.04.2015","11,010","10,930","11,050","10,870","1,42M","0,82%"
"01.04.2015","10,920","10,905","10,975","10,855","1,69M","-0,09%"
"31.03.2015","10,930","11,020","11,065","10,900","1,51M","-0,82%"
"30.03.2015","11,020","11,050","11,145","10,850","2,43M","0,64%"
"27.03.2015","10,950","10,800","11,470","10,760","3,96M","5,24%"
"26.03.2015","10,405","10,460","10,480","10,340","1,16M","-1,28%"
"25.03.2015","10,540","10,700","10,700","10,505","1,34M","-1,50%"
"24.03.2015","10,700","10,750","10,840","10,545","1,54M","-0,42%"
"23.03.2015","10,745","10,330","10,775","10,255","2,04M","4,02%"
"20.03.2015","10,330","10,095","10,420","10,075","1,17M","2,33%"
"19.03.2015","10,095","10,090","10,275","10,030","1,10M","0,10%"
"18.03.2015","10,085","10,030","10,120","9,925","900,92K","0,80%"
"17.03.2015","10,005","10,140","10,150","9,930","1,48M","-0,99%"
"16.03.2015","10,105","10,170","10,255","10,040","1,56M","-0,15%"
"13.03.2015","10,120","9,840","10,140","9,785","2,23M","3,48%"
"12.03.2015","9,780","9,682","9,835","9,602","1,71M","0,56%"
"11.03.2015","9,726","9,732","9,827","9,606","1,53M","0,01%"
"10.03.2015","9,725","10,045","10,070","9,703","1,96M","-2,94%"
"09.03.2015","10,020","10,135","10,140","9,766","2,30M","-1,67%"
"06.03.2015","10,190","10,135","10,485","10,050","2,90M","1,70%"
"05.03.2015","10,020","9,245","10,120","9,210","5,84M","10,96%"
"04.03.2015","9,030","8,830","9,030","8,795","2,56M","2,42%"
"03.03.2015","8,817","8,935","8,995","8,620","3,10M","-1,29%"
"02.03.2015","8,932","9,092","9,281","8,820","6,63M","-6,18%"
"27.02.2015","9,520","9,220","9,520","9,124","2,51M","3,84%"
"26.02.2015","9,168","9,200","9,290","9,140","578,94K","-0,46%"
"25.02.2015","9,210","9,162","9,242","9,080","783,92K","0,52%"
"24.02.2015","9,162","9,203","9,259","9,080","1,06M","-1,03%"
"23.02.2015","9,257","9,310","9,381","9,100","996,15K","-0,16%"
"20.02.2015","9,272","9,259","9,290","9,210","1,21M","0,08%"
"19.02.2015","9,265","9,159","9,270","9,060","1,44M","1,50%"
"18.02.2015","9,128","9,065","9,136","8,990","1,08M","1,84%"
"17.02.2015","8,963","9,120","9,178","8,934","951,64K","-1,96%"
"16.02.2015","9,142","9,147","9,279","9,102","757,91K","0,16%"
"13.02.2015","9,127","8,910","9,264","8,910","1,66M","2,80%"
"12.02.2015","8,878","8,759","8,965","8,730","1,72M","0,77%"
"11.02.2015","8,810","9,125","9,150","8,761","1,32M","-3,10%"
"10.02.2015","9,092","9,114","9,150","8,972","1,15M","-0,57%"
"09.02.2015","9,144","9,151","9,198","9,060","1,39M","-0,59%"
"06.02.2015","9,198","9,379","9,403","9,195","1,48M","-1,94%"
"05.02.2015","9,380","8,982","9,450","8,851","2,19M","3,51%"
"04.02.2015","9,062","9,190","9,246","8,980","1,73M","-1,05%"
"03.02.2015","9,158","9,080","9,272","9,058","1,57M","1,42%"
"02.02.2015","9,030","9,050","9,060","8,650","1,78M","-0,36%"
"30.01.2015","9,063","9,160","9,490","8,912","4,81M","-0,42%"
"29.01.2015","9,101","8,256","9,268","8,185","7,85M","19,15%"
"28.01.2015","7,638","7,818","7,836","7,575","2,37M","-1,27%"
"27.01.2015","7,736","7,875","7,910","7,680","1,04M","-1,39%"
"26.01.2015","7,845","7,812","7,890","7,700","1,70M","0,40%"
"23.01.2015","7,814","8,290","8,290","7,795","3,59M","-5,27%"
"22.01.2015","8,249","8,050","8,300","8,025","1,79M","2,87%"
"21.01.2015","8,019","8,001","8,024","7,808","1,02M","0,64%"
"20.01.2015","7,968","8,000","8,120","7,911","1,11M","-0,01%"
"19.01.2015","7,969","7,839","8,022","7,710","921,22K","2,26%"
"16.01.2015","7,793","7,750","7,820","7,641","1,03M","0,10%"
"15.01.2015","7,785","7,678","7,790","7,460","1,81M","2,31%"
"14.01.2015","7,609","7,809","7,930","7,607","1,48M","-3,18%"
"13.01.2015","7,859","7,610","7,876","7,563","1,29M","3,37%"
"12.01.2015","7,603","7,817","7,849","7,561","2,19M","-3,27%"
"09.01.2015","7,860","7,949","8,050","7,750","1,18M","-1,11%"
"08.01.2015","7,948","7,902","7,972","7,802","1,23M","2,19%"
"07.01.2015","7,778","7,923","7,990","7,736","1,02M","-1,17%"
"06.01.2015","7,870","8,050","8,132","7,850","1,13M","-1,74%"
"05.01.2015","8,009","8,186","8,460","7,980","1,13M","-2,56%"
"02.01.2015","8,219","8,073","8,345","8,070","1,66M","1,85%"