"Fecha","Último","Apertura","Máximo","Mínimo","Vol.","% var."
"31.12.2025","30,12","30,04","30,12","30,00","73,49K","0,20%"
"30.12.2025","30,06","29,82","30,10","29,82","150,20K","0,67%"
"29.12.2025","29,86","29,70","29,96","29,66","139,12K","0,67%"
"24.12.2025","29,66","29,60","29,68","29,54","47,98K","0,07%"
"23.12.2025","29,64","29,74","29,74","29,54","139,83K","-0,27%"
"22.12.2025","29,72","29,72","29,74","29,30","164,37K","0,20%"
"19.12.2025","29,66","29,48","29,76","29,18","324,32K","0,68%"
"18.12.2025","29,46","29,50","29,50","29,10","188,45K","1,38%"
"17.12.2025","29,06","28,74","29,06","28,70","141,03K","0,97%"
"16.12.2025","28,78","28,86","28,96","28,72","155,55K","0,07%"
"15.12.2025","28,76","28,62","28,84","28,52","253,84K","0,91%"
"12.12.2025","28,50","28,62","28,64","28,44","147,42K","0,00%"
"11.12.2025","28,50","28,62","28,64","28,50","131,11K","-0,28%"
"10.12.2025","28,58","28,60","28,80","28,48","219,61K","0,14%"
"09.12.2025","28,54","28,32","28,62","28,28","171,60K","0,78%"
"08.12.2025","28,32","28,52","28,68","28,26","222,95K","-0,63%"
"05.12.2025","28,50","29,30","29,34","28,28","678,64K","-3,06%"
"04.12.2025","29,40","29,64","29,64","29,38","163,37K","-0,81%"
"03.12.2025","29,64","29,62","29,76","29,60","125,06K","-0,07%"
"02.12.2025","29,66","29,78","29,82","29,56","115,69K","0,27%"
"01.12.2025","29,58","29,40","29,66","29,24","158,88K","0,48%"
"28.11.2025","29,44","29,44","29,52","29,28","127,71K","0,00%"
"27.11.2025","29,44","29,52","29,60","29,34","83,54K","0,14%"
"26.11.2025","29,40","29,40","29,46","29,22","151,49K","0,34%"
"25.11.2025","29,30","29,24","29,30","28,82","138,74K","0,07%"
"24.11.2025","29,28","29,40","29,50","29,04","152,56K","-0,20%"
"21.11.2025","29,34","29,32","29,44","29,12","159,09K","0,27%"
"20.11.2025","29,26","29,68","29,72","29,26","137,84K","-0,95%"
"19.11.2025","29,54","29,26","29,56","29,06","126,88K","1,16%"
"18.11.2025","29,20","29,62","29,72","29,18","130,63K","-1,48%"
"17.11.2025","29,64","29,70","29,76","29,56","104,11K","-0,07%"
"14.11.2025","29,66","30,20","30,20","29,54","140,18K","-2,18%"
"13.11.2025","30,32","30,34","30,56","30,22","174,88K","0,20%"
"12.11.2025","30,26","30,10","30,42","30,08","218,40K","0,40%"
"11.11.2025","30,14","29,76","30,14","29,76","352,39K","1,41%"
"10.11.2025","29,72","29,56","29,74","29,36","155,07K","0,95%"
"07.11.2025","29,44","29,60","29,84","29,04","258,35K","-0,54%"
"06.11.2025","29,60","28,56","29,60","28,16","418,01K","2,71%"
"05.11.2025","28,82","28,80","28,92","28,38","227,50K","0,00%"
"04.11.2025","28,82","28,72","28,90","28,44","141,04K","0,14%"
"03.11.2025","28,78","28,96","28,98","28,74","117,06K","-0,48%"
"31.10.2025","28,92","29,04","29,10","28,82","99,66K","-0,07%"
"30.10.2025","28,94","28,80","28,94","28,66","112,79K","0,70%"
"29.10.2025","28,74","29,16","29,16","28,74","118,45K","-1,24%"
"28.10.2025","29,10","29,10","29,18","29,00","82,54K","-0,14%"
"27.10.2025","29,14","29,00","29,18","28,94","96,68K","0,62%"
"24.10.2025","28,96","29,00","29,06","28,78","68,67K","-0,21%"
"23.10.2025","29,02","29,20","29,20","28,94","101,43K","-0,41%"
"22.10.2025","29,14","29,08","29,22","28,94","123,03K","0,55%"
"21.10.2025","28,98","29,10","29,14","28,90","100,33K","-0,48%"
"20.10.2025","29,12","28,98","29,20","28,90","135,48K","0,97%"
"17.10.2025","28,84","28,62","28,96","28,46","107,22K","0,84%"
"16.10.2025","28,60","28,74","28,76","28,46","127,23K","-0,07%"
"15.10.2025","28,62","28,80","28,82","28,56","118,85K","-0,07%"
"14.10.2025","28,64","28,60","28,86","28,60","135,77K","-0,14%"
"13.10.2025","28,68","29,02","29,12","28,62","121,37K","-1,17%"
"10.10.2025","29,02","29,22","29,38","29,02","95,35K","-0,48%"
"09.10.2025","29,16","29,22","29,44","29,16","140,12K","-0,07%"
"08.10.2025","29,18","29,16","29,32","29,12","156,06K","0,14%"
"07.10.2025","29,14","29,06","29,28","28,98","210,85K","0,41%"
"06.10.2025","29,02","29,04","29,06","28,92","114,02K","0,07%"
"03.10.2025","29,00","28,76","29,08","28,76","177,69K","0,42%"
"02.10.2025","28,88","28,82","28,88","28,74","98,64K","0,42%"
"01.10.2025","28,76","28,90","28,90","28,64","125,45K","-0,48%"
"30.09.2025","28,90","28,60","28,90","28,58","156,47K","0,98%"
"29.09.2025","28,62","28,74","28,74","28,46","140,97K","0,00%"
"26.09.2025","28,62","28,40","28,64","28,36","152,89K","1,06%"
"25.09.2025","28,32","28,08","28,40","27,96","174,93K","0,78%"
"24.09.2025","28,10","28,10","28,26","28,10","110,00K","-0,14%"
"23.09.2025","28,14","28,22","28,32","28,06","134,21K","-0,28%"
"22.09.2025","28,22","28,16","28,42","28,16","145,54K","-0,42%"
"19.09.2025","28,34","28,24","28,40","28,16","330,61K","0,14%"
"18.09.2025","28,30","28,36","28,36","28,16","179,96K","0,00%"
"17.09.2025","28,30","28,52","28,52","28,26","177,65K","-0,49%"
"16.09.2025","28,44","28,90","28,94","28,44","349,24K","-1,46%"
"15.09.2025","28,86","29,18","29,26","28,86","183,97K","-1,10%"
"12.09.2025","29,18","29,02","29,24","28,94","253,36K","0,90%"
"11.09.2025","28,92","28,80","29,16","28,80","272,23K","0,35%"
"10.09.2025","28,82","28,88","29,00","28,74","201,08K","-0,21%"
"09.09.2025","28,88","28,84","29,02","28,78","182,85K","0,21%"
"08.09.2025","28,82","28,58","28,82","28,52","151,97K","0,91%"
"05.09.2025","28,56","28,72","28,84","28,44","141,25K","-0,56%"
"04.09.2025","28,72","28,48","28,92","28,42","218,02K","0,63%"
"03.09.2025","28,54","28,28","28,60","28,06","182,53K","1,42%"
"02.09.2025","28,14","28,10","28,18","28,00","184,79K","0,07%"
"01.09.2025","28,12","27,98","28,16","27,98","134,46K","0,43%"
"29.08.2025","28,00","28,04","28,10","27,88","156,29K","-0,21%"
"28.08.2025","28,06","28,24","28,30","28,02","175,29K","-0,71%"
"27.08.2025","28,26","28,18","28,32","28,12","125,56K","0,07%"
"26.08.2025","28,24","28,28","28,32","28,08","282,28K","-2,28%"
"25.08.2025","28,90","29,08","29,10","28,84","430,03K","-0,55%"
"22.08.2025","29,06","29,06","29,14","28,98","244,81K","0,00%"
"21.08.2025","29,06","29,30","29,30","28,98","232,68K","-0,68%"
"20.08.2025","29,26","29,18","29,32","29,10","227,41K","0,48%"
"19.08.2025","29,12","29,00","29,16","28,98","235,84K","0,62%"
"18.08.2025","28,94","28,98","29,06","28,84","175,76K","-0,21%"
"15.08.2025","29,00","29,26","29,26","28,96","150,72K","-0,48%"
"14.08.2025","29,14","29,28","29,28","28,90","218,02K","-0,27%"
"13.08.2025","29,22","29,16","29,30","29,12","274,87K","0,48%"
"12.08.2025","29,08","28,96","29,16","28,96","201,39K","0,35%"
"11.08.2025","28,98","29,02","29,04","28,90","235,91K","0,35%"
"08.08.2025","28,88","28,68","28,88","28,68","183,05K","0,98%"
"07.08.2025","28,60","28,48","28,64","28,36","240,30K","0,99%"
"06.08.2025","28,32","28,34","28,34","28,12","174,95K","0,57%"
"05.08.2025","28,16","28,20","28,34","28,06","209,37K","-0,07%"
"04.08.2025","28,18","27,70","28,18","27,68","228,68K","1,95%"
"01.08.2025","27,64","27,68","27,76","27,54","153,10K","-0,43%"
"31.07.2025","27,76","27,68","27,78","27,64","235,73K","0,36%"
"30.07.2025","27,66","27,74","27,74","27,52","181,67K","0,22%"
"29.07.2025","27,60","27,66","27,76","27,54","214,07K","-0,22%"
"28.07.2025","27,66","27,64","27,80","27,60","294,73K","0,66%"
"25.07.2025","27,48","27,68","27,68","27,34","196,60K","-0,65%"
"24.07.2025","27,66","27,48","27,82","27,46","209,42K","1,17%"
"23.07.2025","27,34","27,52","27,56","27,20","291,16K","-0,36%"
"22.07.2025","27,44","27,34","27,52","27,28","200,92K","0,44%"
"21.07.2025","27,32","27,22","27,42","27,06","231,29K","0,52%"
"18.07.2025","27,18","27,20","27,42","26,94","295,30K","0,44%"
"17.07.2025","27,06","27,04","27,68","26,84","378,84K","-0,88%"
"16.07.2025","27,30","27,40","27,54","27,30","243,63K","-0,29%"
"15.07.2025","27,38","27,92","27,92","27,32","311,65K","-2,00%"
"14.07.2025","27,94","27,90","27,94","27,76","203,62K","0,22%"
"11.07.2025","27,88","27,90","28,00","27,78","182,59K","0,07%"
"10.07.2025","27,86","27,92","28,08","27,86","230,44K","-0,21%"
"09.07.2025","27,92","27,84","27,96","27,78","137,06K","0,79%"
"08.07.2025","27,70","27,80","27,96","27,70","189,24K","-0,50%"
"07.07.2025","27,84","27,88","27,98","27,76","140,62K","-0,22%"
"04.07.2025","27,90","28,20","28,20","27,90","109,17K","-0,57%"
"03.07.2025","28,06","28,10","28,10","27,98","209,55K","0,21%"
"02.07.2025","28,00","28,02","28,38","27,82","230,80K","0,29%"
"01.07.2025","27,92","27,84","27,92","27,76","138,56K","0,43%"
"30.06.2025","27,80","27,98","27,98","27,78","135,61K","-0,07%"
"27.06.2025","27,82","27,60","27,82","27,48","212,25K","0,94%"
"26.06.2025","27,56","27,52","27,66","27,52","169,23K","0,07%"
"25.06.2025","27,54","28,06","28,10","27,54","221,64K","-1,85%"
"24.06.2025","28,06","28,12","28,30","28,06","201,11K","0,29%"
"23.06.2025","27,98","27,76","28,02","27,58","196,97K","0,43%"
"20.06.2025","27,86","28,06","28,16","27,86","923,56K","-0,21%"
"19.06.2025","27,92","28,06","28,14","27,86","195,69K","-0,71%"
"18.06.2025","28,12","27,90","28,12","27,90","135,11K","0,79%"
"17.06.2025","27,90","27,96","28,00","27,84","181,67K","-0,36%"
"16.06.2025","28,00","27,98","28,42","27,88","207,11K","0,29%"
"13.06.2025","27,92","28,00","28,18","27,90","210,85K","-1,34%"
"12.06.2025","28,30","28,22","28,30","28,10","177,12K","0,14%"
"11.06.2025","28,26","28,50","28,56","28,26","151,89K","-0,84%"
"10.06.2025","28,50","28,48","28,66","28,46","184,88K","0,14%"
"09.06.2025","28,46","28,54","28,60","28,42","139,59K","-0,42%"
"06.06.2025","28,58","28,60","28,64","28,48","154,40K","-0,14%"
"05.06.2025","28,62","28,32","28,68","28,30","178,58K","0,77%"
"04.06.2025","28,40","28,36","28,46","28,14","228,15K","0,35%"
"03.06.2025","28,30","28,44","28,50","28,24","168,08K","-0,42%"
"02.06.2025","28,42","28,40","28,54","28,22","158,70K","-0,07%"
"30.05.2025","28,44","28,50","28,64","28,44","224,65K","-0,07%"
"29.05.2025","28,46","28,50","28,56","28,40","205,09K","0,21%"
"28.05.2025","28,40","28,80","28,80","28,40","209,20K","-1,25%"
"27.05.2025","28,76","28,80","28,92","28,76","148,36K","-0,35%"
"26.05.2025","28,86","28,84","28,90","28,80","171,82K","0,49%"
"23.05.2025","28,72","28,74","28,98","28,42","352,77K","0,00%"
"22.05.2025","28,72","29,00","29,06","28,66","188,28K","-1,17%"
"21.05.2025","29,06","29,10","29,12","28,86","315,98K","-0,07%"
"20.05.2025","29,08","28,90","29,16","28,90","370,73K","1,04%"
"19.05.2025","28,78","28,76","28,80","28,62","358,37K","0,56%"
"16.05.2025","28,62","28,48","28,84","28,40","610,73K","1,06%"
"15.05.2025","28,32","27,84","28,34","27,80","285,20K","1,72%"
"14.05.2025","27,84","27,90","28,10","27,82","397,19K","-0,43%"
"13.05.2025","27,96","28,10","28,22","27,94","410,56K","-0,14%"
"12.05.2025","28,00","28,32","28,50","27,82","738,29K","-0,64%"
"09.05.2025","28,18","30,06","30,40","28,10","1,73M","-8,39%"
"08.05.2025","30,76","31,16","31,16","30,74","193,51K","-0,77%"
"07.05.2025","31,00","30,78","31,18","30,66","431,67K","0,78%"
"06.05.2025","30,76","30,66","30,88","30,64","196,90K","0,13%"
"05.05.2025","30,72","30,54","30,78","30,48","203,74K","0,72%"
"02.05.2025","30,50","30,20","30,54","29,94","296,61K","1,26%"
"30.04.2025","30,12","30,12","30,28","30,02","1,92K","0,13%"
"29.04.2025","30,08","29,88","30,08","29,86","3,91K","0,67%"
"28.04.2025","29,88","29,98","29,98","29,76","2,87K","0,00%"
"25.04.2025","29,88","29,80","29,98","29,70","212,14K","0,54%"
"24.04.2025","29,72","29,72","29,84","29,60","145,96K","0,00%"
"23.04.2025","29,72","29,94","29,96","29,64","173,06K","-0,20%"
"22.04.2025","29,78","29,80","30,02","29,64","205,54K","-0,13%"
"17.04.2025","29,82","29,70","29,86","29,50","224,94K","0,07%"
"16.04.2025","29,80","29,46","29,84","29,46","353,72K","1,15%"
"15.04.2025","29,46","29,14","29,54","29,04","215,37K","1,94%"
"14.04.2025","28,90","28,76","29,02","28,52","188,55K","2,26%"
"11.04.2025","28,26","28,00","28,32","27,76","192,95K","1,07%"
"10.04.2025","27,96","29,14","29,14","27,88","406,14K","3,17%"
"09.04.2025","27,10","27,28","27,34","26,72","279,05K","-2,02%"
"08.04.2025","27,66","27,22","27,82","27,10","258,59K","1,99%"
"07.04.2025","27,12","26,90","28,10","26,16","669,33K","-3,56%"
"04.04.2025","28,12","29,32","29,40","28,12","416,55K","-4,42%"
"03.04.2025","29,42","29,28","29,74","29,22","247,22K","-0,74%"
"02.04.2025","29,64","29,64","29,72","29,42","187,08K","-0,07%"
"01.04.2025","29,66","29,50","29,72","29,42","274,65K","0,95%"
"31.03.2025","29,38","29,20","29,58","29,20","0,66K","0,69%"
"28.03.2025","29,18","29,02","29,46","29,02","408,77K","0,55%"
"27.03.2025","29,02","28,92","29,02","28,64","239,98K","0,28%"
"26.03.2025","28,94","28,80","28,98","28,80","223,03K","0,49%"
"25.03.2025","28,80","28,32","28,82","28,32","252,12K","1,34%"
"24.03.2025","28,42","28,34","28,66","28,34","185,05K","0,42%"
"21.03.2025","28,30","28,20","28,44","28,20","388,76K","0,00%"
"20.03.2025","28,30","28,36","28,60","28,26","188,79K","-0,56%"
"19.03.2025","28,46","28,02","28,48","28,02","202,31K","1,21%"
"18.03.2025","28,12","28,16","28,22","28,02","159,13K","0,21%"
"17.03.2025","28,06","27,66","28,06","27,66","284,35K","1,23%"
"14.03.2025","27,72","27,64","27,74","27,54","195,07K","-0,14%"
"13.03.2025","27,76","27,44","27,78","27,34","225,66K","1,09%"
"12.03.2025","27,46","27,34","27,58","27,24","218,84K","0,22%"
"11.03.2025","27,40","27,30","27,60","27,26","263,39K","0,07%"
"10.03.2025","27,38","27,72","27,84","27,36","294,16K","-1,01%"
"07.03.2025","27,66","27,28","27,66","27,26","206,69K","0,95%"
"06.03.2025","27,40","27,30","27,40","27,20","239,42K","0,29%"
"05.03.2025","27,32","27,48","27,88","27,32","330,09K","-0,58%"
"04.03.2025","27,48","27,80","27,84","27,44","339,30K","-1,08%"
"03.03.2025","27,78","27,72","27,88","27,72","240,68K","0,29%"
"28.02.2025","27,70","27,74","27,96","27,66","318,78K","-0,50%"
"27.02.2025","27,84","28,02","28,04","27,74","501,55K","-0,93%"
"26.02.2025","28,10","28,14","28,20","27,92","280,67K","-0,28%"
"25.02.2025","28,18","28,00","28,36","27,90","488,21K","-4,67%"
"24.02.2025","29,56","29,68","29,70","29,44","555,13K","0,14%"
"21.02.2025","29,52","29,62","29,66","29,38","333,81K","-0,27%"
"20.02.2025","29,60","29,76","29,76","29,52","367,43K","-0,20%"
"19.02.2025","29,66","29,78","29,88","29,60","336,58K","0,07%"
"18.02.2025","29,64","29,64","29,70","29,52","233,56K","0,34%"
"17.02.2025","29,54","29,16","29,68","29,14","307,64K","1,44%"
"14.02.2025","29,12","29,14","29,16","28,94","221,44K","0,28%"
"13.02.2025","29,04","29,02","29,20","28,86","253,03K","0,41%"
"12.02.2025","28,92","28,90","29,10","28,74","349,41K","-0,55%"
"11.02.2025","29,08","29,16","29,34","29,08","316,07K","0,07%"
"10.02.2025","29,06","28,88","29,26","28,80","0,77K","1,32%"
"07.02.2025","28,68","28,68","28,98","28,52","265,75K","0,21%"
"06.02.2025","28,62","29,40","29,42","28,10","1,00M","-2,85%"
"05.02.2025","29,46","29,26","29,60","29,16","206,66K","0,68%"
"04.02.2025","29,26","29,20","29,38","28,96","177,78K","0,14%"
"03.02.2025","29,22","29,00","29,22","28,90","220,18K","0,14%"
"31.01.2025","29,18","29,24","29,32","29,04","184,55K","-0,07%"
"30.01.2025","29,20","29,10","29,32","29,10","150,01K","0,27%"
"29.01.2025","29,12","29,08","29,18","28,90","242,06K","0,48%"
"28.01.2025","28,98","28,60","29,12","28,52","275,13K","1,33%"
"27.01.2025","28,60","28,40","28,66","28,36","207,95K","0,85%"
"24.01.2025","28,36","28,52","28,76","28,32","302,10K","-0,35%"
"23.01.2025","28,46","29,80","29,84","28,36","619,74K","-4,88%"
"22.01.2025","29,92","30,00","30,02","29,68","143,29K","-0,07%"
"21.01.2025","29,94","29,62","29,94","29,60","97,53K","1,08%"
"20.01.2025","29,62","29,86","29,90","29,40","175,08K","-0,20%"
"17.01.2025","29,68","29,80","29,84","29,64","147,23K","-0,34%"
"16.01.2025","29,78","29,68","29,86","29,50","131,53K","0,81%"
"15.01.2025","29,54","29,58","29,66","29,50","134,89K","0,27%"
"14.01.2025","29,46","29,66","29,76","29,26","150,38K","-0,67%"
"13.01.2025","29,66","29,72","29,72","29,52","154,60K","0,27%"
"10.01.2025","29,58","30,02","30,02","29,58","125,99K","-1,40%"
"09.01.2025","30,00","29,82","30,06","29,82","92,53K","0,20%"
"08.01.2025","29,94","29,66","30,04","29,66","153,73K","0,74%"
"07.01.2025","29,72","29,72","29,88","29,48","128,57K","0,27%"
"06.01.2025","29,64","29,66","29,68","29,28","145,11K","0,34%"
"03.01.2025","29,54","29,56","29,60","29,40","112,74K","0,27%"
"02.01.2025","29,46","29,30","29,52","29,28","116,58K","0,89%"
"31.12.2024","29,20","29,14","29,30","29,12","76,07K","-0,14%"
"30.12.2024","29,24","29,40","29,50","29,16","110,20K","-0,34%"
"27.12.2024","29,34","29,46","29,46","29,18","101,50K","0,20%"
"24.12.2024","29,28","29,14","29,32","29,08","58,61K","0,21%"
"23.12.2024","29,22","29,24","29,44","29,00","139,03K","0,07%"
"20.12.2024","29,20","28,92","29,22","28,74","148,50K","0,76%"
"19.12.2024","28,98","28,88","29,32","28,78","170,81K","0,49%"
"18.12.2024","28,84","28,30","28,84","28,20","165,86K","2,12%"
"17.12.2024","28,24","28,94","28,94","28,22","225,20K","-2,55%"
"16.12.2024","28,98","29,02","29,06","28,78","160,11K","-0,34%"
"13.12.2024","29,08","29,12","29,24","29,06","106,44K","0,14%"
"12.12.2024","29,04","29,30","29,34","29,04","149,17K","-1,36%"
"11.12.2024","29,44","29,56","29,60","29,34","92,46K","-0,27%"
"10.12.2024","29,52","29,80","29,90","29,52","87,79K","-0,81%"
"09.12.2024","29,76","30,00","30,02","29,68","116,57K","-0,87%"
"06.12.2024","30,02","30,18","30,20","30,00","82,59K","-0,46%"
"05.12.2024","30,16","29,96","30,22","29,90","154,34K","1,07%"
"04.12.2024","29,84","30,24","30,30","29,84","156,26K","-1,06%"
"03.12.2024","30,16","30,14","30,30","30,00","118,07K","-0,26%"
"02.12.2024","30,24","30,28","30,38","30,14","136,21K","-0,13%"
"29.11.2024","30,28","30,30","30,38","30,00","102,08K","-0,33%"
"28.11.2024","30,38","30,20","30,40","30,06","97,42K","0,86%"
"27.11.2024","30,12","30,44","30,44","29,92","176,50K","-1,12%"
"26.11.2024","30,46","30,46","30,52","30,36","71,45K","0,00%"
"25.11.2024","30,46","30,52","30,62","30,32","159,50K","0,33%"
"22.11.2024","30,36","29,98","30,40","29,78","149,74K","1,34%"
"21.11.2024","29,96","29,72","30,00","29,66","160,27K","0,74%"
"20.11.2024","29,74","29,74","29,88","29,60","114,15K","0,27%"
"19.11.2024","29,66","29,68","29,82","29,34","109,67K","0,07%"
"18.11.2024","29,64","29,44","29,64","29,34","127,43K","0,95%"
"15.11.2024","29,36","29,26","29,36","29,20","128,59K","0,27%"
"14.11.2024","29,28","29,46","29,50","29,24","88,59K","-0,27%"
"13.11.2024","29,36","29,24","29,50","29,22","105,47K","-0,14%"
"12.11.2024","29,40","29,26","29,50","29,20","162,89K","0,00%"
"11.11.2024","29,40","29,10","29,46","29,10","94,35K","1,24%"
"08.11.2024","29,04","28,90","29,06","28,84","107,39K","0,41%"
"07.11.2024","28,92","28,98","29,08","28,88","106,30K","0,42%"
"06.11.2024","28,80","28,50","29,10","28,36","240,68K","2,20%"
"05.11.2024","28,18","28,06","28,30","28,04","155,41K","-0,21%"
"04.11.2024","28,24","28,40","28,46","28,24","89,41K","-0,77%"
"01.11.2024","28,46","28,14","28,46","28,10","148,40K","1,28%"
"31.10.2024","28,10","27,94","28,10","27,82","134,27K","0,21%"
"30.10.2024","28,04","28,04","28,18","27,92","118,43K","-0,50%"
"29.10.2024","28,18","28,20","28,36","28,06","139,55K","-0,07%"
"28.10.2024","28,20","28,02","28,20","27,94","209,32K","1,88%"
"25.10.2024","27,68","27,74","27,78","27,54","120,56K","-0,43%"
"24.10.2024","27,80","27,66","28,02","27,66","121,35K","0,36%"
"23.10.2024","27,70","27,62","27,78","27,56","124,40K","0,65%"
"22.10.2024","27,52","27,50","27,60","27,18","135,64K","-0,07%"
"21.10.2024","27,54","27,54","27,66","27,48","82,95K","0,15%"
"18.10.2024","27,50","27,62","27,64","27,32","159,84K","-0,43%"
"17.10.2024","27,62","27,46","27,80","27,46","119,26K","0,00%"
"16.10.2024","27,62","27,30","27,66","27,30","135,70K","0,29%"
"15.10.2024","27,54","27,18","27,54","27,16","145,59K","1,55%"
"14.10.2024","27,12","26,90","27,16","26,82","134,17K","-0,29%"
"11.10.2024","27,20","27,04","27,22","27,00","80,71K","0,89%"
"10.10.2024","26,96","27,26","27,36","26,66","204,08K","-1,68%"
"09.10.2024","27,42","27,10","27,42","27,10","128,30K","1,11%"
"08.10.2024","27,12","26,72","27,12","26,68","122,17K","1,04%"
"07.10.2024","26,84","26,84","27,00","26,66","120,49K","-0,22%"
"04.10.2024","26,90","26,66","26,90","26,52","144,87K","0,90%"
"03.10.2024","26,66","26,74","26,92","26,62","166,85K","-0,52%"
"02.10.2024","26,80","26,74","26,84","26,56","115,63K","-0,30%"
"01.10.2024","26,88","27,12","27,14","26,84","121,38K","-0,67%"
"30.09.2024","27,06","27,26","27,30","27,00","119,11K","-0,81%"
"27.09.2024","27,28","27,18","27,38","27,18","101,86K","0,15%"
"26.09.2024","27,24","27,22","27,38","27,08","126,50K","0,59%"
"25.09.2024","27,08","27,08","27,16","26,94","113,91K","-0,07%"
"24.09.2024","27,10","27,54","27,56","27,10","135,25K","-1,38%"
"23.09.2024","27,48","27,46","27,50","27,34","76,08K","-0,22%"
"20.09.2024","27,54","27,74","27,82","27,40","135,40K","-0,86%"
"19.09.2024","27,78","27,86","27,88","27,64","84,87K","0,36%"
"18.09.2024","27,68","27,84","27,96","27,64","103,33K","-0,79%"
"17.09.2024","27,90","28,02","28,14","27,90","107,16K","-0,14%"
"16.09.2024","27,94","27,82","28,04","27,68","","0,00%"
"13.09.2024","27,94","28,00","28,22","27,94","161,10K","-0,21%"
"12.09.2024","28,00","27,94","28,00","27,84","178,92K","1,08%"
"11.09.2024","27,70","27,72","27,96","27,62","131,94K","0,07%"
"10.09.2024","27,68","27,70","27,90","27,58","133,49K","-0,07%"
"09.09.2024","27,70","27,72","27,84","27,66","111,41K","0,36%"
"06.09.2024","27,60","27,84","27,84","27,56","110,68K","-0,86%"
"05.09.2024","27,84","27,90","28,12","27,84","116,76K","-0,22%"
"04.09.2024","27,90","27,68","27,90","27,90","","0,29%"
"03.09.2024","27,82","27,82","27,82","27,82","","0,00%"
"02.09.2024","27,82","27,70","27,94","27,56","","0,07%"
"30.08.2024","27,80","27,40","27,88","27,40","223,43K","1,46%"
"29.08.2024","27,40","27,20","27,50","27,20","1,02M","0,07%"
"28.08.2024","27,38","27,16","27,46","27,00","128,10K","1,26%"
"27.08.2024","27,04","26,88","27,16","26,78","353,98K","-1,39%"
"26.08.2024","27,42","27,60","27,66","27,40","240,89K","-0,44%"
"23.08.2024","27,54","27,50","27,56","27,38","120,60K","0,36%"
"22.08.2024","27,44","27,44","27,50","27,30","110,15K","0,29%"
"21.08.2024","27,36","27,42","27,44","27,22","92,29K","0,00%"
"20.08.2024","27,36","27,62","27,70","27,36","93,74K","-0,58%"
"19.08.2024","27,52","27,24","27,56","27,20","588,07K","1,18%"
"16.08.2024","27,20","27,22","27,24","27,10","336,31K","0,22%"
"15.08.2024","27,14","27,10","27,22","27,04","63,48K","0,30%"
"14.08.2024","27,06","26,94","27,06","26,78","88,06K","0,97%"
"13.08.2024","26,80","26,80","26,86","26,72","196,59K","0,30%"
"12.08.2024","26,72","26,92","27,08","26,72","151,75K","0,07%"
"09.08.2024","26,70","26,50","26,76","26,44","140,51K","0,98%"
"08.08.2024","26,44","26,74","26,76","26,32","138,93K","-1,20%"
"07.08.2024","26,76","26,60","26,76","26,22","163,00K","1,83%"
"06.08.2024","26,28","26,22","26,50","26,04","207,86K","0,31%"
"05.08.2024","26,20","26,52","26,68","26,16","347,89K","-2,96%"
"02.08.2024","27,00","27,00","27,46","26,90","213,94K","-0,52%"
"01.08.2024","27,14","27,24","27,32","27,02","99,17K","-0,66%"
"31.07.2024","27,32","27,50","27,52","26,96","160,47K","-0,07%"
"30.07.2024","27,34","27,18","27,44","27,12","124,61K","0,66%"
"29.07.2024","27,16","27,30","27,42","27,10","124,36K","-0,22%"
"26.07.2024","27,22","26,86","27,26","26,84","142,31K","1,26%"
"25.07.2024","26,88","27,94","27,94","26,72","278,86K","-2,40%"
"24.07.2024","27,54","27,50","27,70","27,40","88,44K","-0,72%"
"23.07.2024","27,74","27,84","27,92","27,68","112,18K","-0,43%"
"22.07.2024","27,86","27,72","28,00","27,62","249,85K","1,24%"
"19.07.2024","27,52","27,68","27,68","27,40","118,33K","-0,65%"
"18.07.2024","27,70","27,56","27,78","27,50","133,55K","0,65%"
"17.07.2024","27,52","27,56","27,62","27,26","143,37K","-0,15%"
"16.07.2024","27,56","27,40","27,56","27,30","85,71K","0,22%"
"15.07.2024","27,50","27,50","27,60","27,34","188,84K","0,22%"
"12.07.2024","27,44","27,42","27,54","27,18","145,47K","0,37%"
"11.07.2024","27,34","26,92","27,48","26,90","265,44K","2,17%"
"10.07.2024","26,76","26,72","26,94","26,52","138,20K","0,83%"
"09.07.2024","26,54","27,42","27,42","26,50","173,22K","-2,78%"
"08.07.2024","27,30","26,94","27,32","26,92","126,14K","1,04%"
"05.07.2024","27,02","27,16","27,24","26,94","85,33K","-0,30%"
"04.07.2024","27,10","26,64","27,24","26,64","143,83K","1,50%"
"03.07.2024","26,70","26,70","26,82","26,62","92,71K","0,75%"
"02.07.2024","26,50","26,56","26,64","26,28","124,10K","-0,23%"
"01.07.2024","26,56","27,16","27,16","26,52","138,45K","0,53%"
"28.06.2024","26,42","26,62","26,82","26,34","166,90K","-0,75%"
"27.06.2024","26,62","26,78","26,90","26,58","122,51K","-0,67%"
"26.06.2024","26,80","27,10","27,36","26,76","116,55K","-1,18%"
"25.06.2024","27,12","27,36","27,44","27,08","211,57K","-1,09%"
"24.06.2024","27,42","26,82","27,42","26,80","321,67K","2,24%"
"21.06.2024","26,82","26,98","27,00","26,70","462,10K","-0,59%"
"20.06.2024","26,98","26,76","26,98","26,74","83,14K","0,97%"
"19.06.2024","26,72","26,52","26,74","26,48","85,59K","0,45%"
"18.06.2024","26,60","26,48","26,62","26,34","78,03K","1,06%"
"17.06.2024","26,32","26,34","26,44","25,96","137,03K","0,15%"
"14.06.2024","26,28","26,32","26,32","25,92","263,55K","-0,15%"
"13.06.2024","26,32","26,78","26,78","26,24","166,60K","-1,50%"
"12.06.2024","26,72","26,24","26,88","26,24","130,07K","0,83%"
"11.06.2024","26,50","26,68","26,70","26,42","543,47K","-0,67%"
"10.06.2024","26,68","26,88","26,88","26,56","101,09K","-0,74%"
"07.06.2024","26,88","26,82","26,88","26,60","160,27K","0,07%"
"06.06.2024","26,86","26,88","26,98","26,78","136,55K","0,67%"
"05.06.2024","26,68","26,30","26,78","26,30","142,20K","1,29%"
"04.06.2024","26,34","26,50","26,62","26,28","130,08K","-0,38%"
"03.06.2024","26,44","26,58","26,70","26,38","108,98K","-0,15%"
"31.05.2024","26,48","26,56","26,56","26,32","113,44K","0,08%"
"30.05.2024","26,46","26,20","26,48","26,18","119,87K","0,61%"
"29.05.2024","26,30","26,50","26,52","26,30","105,52K","-0,83%"
"28.05.2024","26,52","26,88","26,88","26,52","143,95K","-1,04%"
"27.05.2024","26,80","26,84","26,84","26,60","83,21K","0,45%"
"24.05.2024","26,68","26,50","26,68","26,18","100,39K","0,45%"
"23.05.2024","26,56","26,72","26,86","26,52","112,56K","-0,30%"
"22.05.2024","26,64","26,58","26,66","26,30","120,25K","0,30%"
"21.05.2024","26,56","26,90","26,94","26,46","121,05K","-1,04%"
"20.05.2024","26,84","26,86","26,92","26,78","96,87K","0,30%"
"17.05.2024","26,76","26,90","26,92","26,70","94,32K","-0,37%"
"16.05.2024","26,86","27,02","27,10","26,70","126,75K","-0,59%"
"15.05.2024","27,02","26,66","27,02","26,54","178,52K","2,04%"
"14.05.2024","26,48","26,74","26,82","26,48","147,50K","-0,60%"
"13.05.2024","26,64","26,64","26,78","26,42","230,95K","0,83%"
"10.05.2024","26,42","26,20","26,56","26,20","211,49K","1,23%"
"09.05.2024","26,10","26,00","26,44","25,94","199,35K","0,38%"
"08.05.2024","26,00","25,90","26,22","25,10","293,04K","0,31%"
"07.05.2024","25,92","25,80","25,96","25,60","127,03K","0,70%"
"06.05.2024","25,74","25,76","25,78","25,66","80,99K","0,55%"
"03.05.2024","25,60","25,72","25,88","25,60","123,13K","-0,39%"
"02.05.2024","25,70","25,62","25,70","25,48","132,40K","0,55%"
"30.04.2024","25,56","25,80","25,90","25,54","139,80K","-0,62%"
"29.04.2024","25,72","25,68","25,76","25,42","172,32K","1,02%"
"26.04.2024","25,46","25,52","25,60","25,40","169,25K","0,32%"
"25.04.2024","25,38","25,40","25,56","25,28","114,81K","-0,24%"
"24.04.2024","25,44","25,56","25,68","25,44","133,11K","-0,47%"
"23.04.2024","25,56","25,50","25,60","25,42","115,79K","0,79%"
"22.04.2024","25,36","25,34","25,52","25,26","102,65K","0,63%"
"19.04.2024","25,20","24,94","25,20","24,84","109,56K","0,64%"
"18.04.2024","25,04","24,80","25,10","24,80","176,28K","1,29%"
"17.04.2024","24,72","24,74","24,90","24,72","82,56K","-0,08%"
"16.04.2024","24,74","24,92","24,96","24,60","238,17K","-1,43%"
"15.04.2024","25,10","24,92","25,14","24,90","120,83K","0,48%"
"12.04.2024","24,98","25,10","25,30","24,94","128,39K","-0,24%"
"11.04.2024","25,04","25,00","25,20","24,88","215,61K","0,08%"
"10.04.2024","25,02","25,20","25,30","24,92","341,27K","-0,32%"
"09.04.2024","25,10","25,54","25,56","25,04","153,64K","-1,95%"
"08.04.2024","25,60","25,56","25,64","25,44","141,59K","0,23%"
"05.04.2024","25,54","25,78","25,84","25,34","196,01K","-1,92%"
"04.04.2024","26,04","26,04","26,16","25,92","240,22K","0,08%"
"03.04.2024","26,02","25,80","26,02","25,66","157,26K","0,70%"
"02.04.2024","25,84","25,80","26,06","25,72","249,66K","-0,23%"
"28.03.2024","25,90","25,74","25,94","25,54","160,36K","0,54%"
"27.03.2024","25,76","25,58","25,78","25,52","392,72K","1,10%"
"26.03.2024","25,48","25,28","25,50","25,20","178,90K","0,79%"
"25.03.2024","25,28","25,44","25,44","25,10","119,43K","-0,24%"
"22.03.2024","25,34","25,40","25,48","25,26","143,78K","-0,08%"
"21.03.2024","25,36","25,40","25,48","25,14","175,01K","0,16%"
"20.03.2024","25,32","25,44","25,48","25,24","163,55K","-0,24%"
"19.03.2024","25,38","25,26","25,46","25,16","146,25K","0,48%"
"18.03.2024","25,26","25,30","25,36","25,04","209,48K","-0,08%"
"15.03.2024","25,28","25,16","25,28","25,12","618,27K","0,56%"
"14.03.2024","25,14","25,08","25,16","25,02","141,30K","0,24%"
"13.03.2024","25,08","25,10","25,12","24,94","179,35K","0,00%"
"12.03.2024","25,08","24,96","25,12","24,90","152,50K","0,56%"
"11.03.2024","24,94","24,64","24,98","24,64","209,25K","1,55%"
"08.03.2024","24,56","24,84","24,86","24,54","189,12K","-1,13%"
"07.03.2024","24,84","24,74","24,98","24,74","141,39K","0,65%"
"06.03.2024","24,68","24,54","24,78","24,40","244,64K","0,57%"
"05.03.2024","24,54","24,76","24,78","24,52","235,75K","-0,97%"
"04.03.2024","24,78","24,74","25,04","24,68","174,66K","0,41%"
"01.03.2024","24,68","24,84","24,86","24,54","232,53K","-0,64%"
"29.02.2024","24,84","25,14","25,16","24,74","294,81K","-1,11%"
"28.02.2024","25,12","25,40","25,50","25,12","248,27K","-1,02%"
"27.02.2024","25,38","26,00","26,06","25,26","470,93K","-7,64%"
"26.02.2024","27,48","27,50","27,72","27,16","418,60K","0,66%"
"23.02.2024","27,30","27,36","27,42","27,22","223,15K","0,22%"
"22.02.2024","27,24","27,20","27,38","27,20","185,61K","0,44%"
"21.02.2024","27,12","26,86","27,14","26,78","398,46K","1,27%"
"20.02.2024","26,78","26,74","26,84","26,56","335,07K","0,37%"
"19.02.2024","26,68","26,70","26,76","26,64","165,56K","0,15%"
"16.02.2024","26,64","26,62","26,74","26,48","208,84K","0,60%"
"15.02.2024","26,48","26,82","26,88","26,48","147,34K","-1,12%"
"14.02.2024","26,78","26,62","26,78","26,58","119,67K","0,53%"
"13.02.2024","26,64","26,76","26,78","26,52","154,45K","-0,45%"
"12.02.2024","26,76","26,78","26,78","26,50","193,83K","0,38%"
"09.02.2024","26,66","26,70","26,72","26,48","193,03K","0,08%"
"08.02.2024","26,64","26,92","27,00","26,56","180,38K","-0,60%"
"07.02.2024","26,80","26,74","26,92","26,58","199,23K","0,22%"
"06.02.2024","26,74","26,64","26,74","26,44","173,34K","0,98%"
"05.02.2024","26,48","26,26","26,64","26,06","218,94K","1,69%"
"02.02.2024","26,04","26,18","26,30","25,94","127,70K","-0,08%"
"01.02.2024","26,06","26,16","26,32","26,02","147,11K","-0,69%"
"31.01.2024","26,24","26,22","26,44","26,10","172,58K","0,23%"
"30.01.2024","26,18","26,10","26,22","25,90","171,19K","0,54%"
"29.01.2024","26,04","26,04","26,26","26,00","133,81K","0,15%"
"26.01.2024","26,00","25,78","26,06","25,76","169,77K","1,01%"
"25.01.2024","25,74","25,58","25,78","25,56","94,88K","0,70%"
"24.01.2024","25,56","25,34","25,60","25,32","121,76K","0,95%"
"23.01.2024","25,32","25,32","25,40","25,26","120,48K","0,48%"
"22.01.2024","25,20","25,12","25,28","25,10","160,89K","0,96%"
"19.01.2024","24,96","25,12","25,24","24,90","165,55K","-0,32%"
"18.01.2024","25,04","25,40","25,42","24,92","269,57K","-1,49%"
"17.01.2024","25,42","25,72","25,74","25,38","197,14K","-1,47%"
"16.01.2024","25,80","25,80","25,86","25,66","132,86K","0,00%"
"15.01.2024","25,80","25,76","25,92","25,66","181,02K","0,47%"
"12.01.2024","25,68","25,60","25,70","25,52","197,07K","0,94%"
"11.01.2024","25,44","25,56","25,66","25,40","145,84K","-0,31%"
"10.01.2024","25,52","25,30","25,58","25,22","168,47K","1,11%"
"09.01.2024","25,24","25,20","25,28","25,06","181,30K","0,24%"
"08.01.2024","25,18","25,00","25,18","24,88","112,16K","0,72%"
"05.01.2024","25,00","25,00","25,04","24,78","143,46K","-0,48%"
"04.01.2024","25,12","24,86","25,12","24,86","124,60K","1,29%"
"03.01.2024","24,80","24,82","25,10","24,76","219,55K","-0,24%"
"02.01.2024","24,86","24,50","25,02","24,50","195,23K","1,55%"
"29.12.2023","24,48","24,22","24,58","24,22","175,19K","1,07%"
"28.12.2023","24,22","24,20","24,30","24,18","136,57K","0,08%"
"27.12.2023","24,20","24,12","24,28","24,02","192,26K","0,58%"
"22.12.2023","24,06","24,10","24,24","23,92","144,99K","-0,33%"
"21.12.2023","24,14","24,00","24,28","24,00","127,62K","0,42%"
"20.12.2023","24,04","24,18","24,24","24,00","163,94K","-0,50%"
"19.12.2023","24,16","24,00","24,16","23,96","179,30K","0,58%"
"18.12.2023","24,02","23,98","24,18","23,98","360,04K","0,08%"
"15.12.2023","24,00","24,16","24,32","23,98","703,07K","-0,74%"
"14.12.2023","24,18","24,48","24,72","24,18","287,72K","1,17%"
"13.12.2023","23,90","23,68","23,98","23,66","204,45K","1,19%"
"12.12.2023","23,62","23,92","23,94","23,58","151,18K","-1,01%"
"11.12.2023","23,86","24,14","24,16","23,82","109,82K","-1,00%"
"08.12.2023","24,10","24,00","24,20","23,88","129,77K","0,42%"
"07.12.2023","24,00","24,06","24,12","23,90","117,79K","-0,50%"
"06.12.2023","24,12","24,18","24,28","24,02","117,49K","-0,17%"
"05.12.2023","24,16","24,04","24,18","23,94","154,77K","1,17%"
"04.12.2023","23,88","24,06","24,26","23,88","138,08K","-0,58%"
"01.12.2023","24,02","23,82","24,08","23,80","141,11K","1,01%"
"30.11.2023","23,78","23,82","23,96","23,78","182,54K","0,25%"
"29.11.2023","23,72","23,68","23,90","23,68","150,99K","0,17%"
"28.11.2023","23,68","23,66","23,72","23,50","210,31K","0,17%"
"27.11.2023","23,64","23,76","23,96","23,62","118,94K","-0,67%"
"24.11.2023","23,80","23,68","23,88","23,68","106,10K","0,59%"
"23.11.2023","23,66","23,58","23,70","23,50","110,63K","0,85%"
"22.11.2023","23,46","23,36","23,50","23,26","334,66K","0,86%"
"21.11.2023","23,26","23,36","23,36","23,18","119,31K","0,09%"
"20.11.2023","23,24","23,32","23,40","23,14","164,86K","-0,09%"
"17.11.2023","23,26","22,90","23,30","22,86","407,82K","2,02%"
"16.11.2023","22,80","23,08","23,10","22,80","135,51K","-0,87%"
"15.11.2023","23,00","23,14","23,20","22,96","193,36K","-0,78%"
"14.11.2023","23,18","23,14","23,36","23,08","194,67K","0,61%"
"13.11.2023","23,04","22,86","23,10","22,86","155,02K","1,23%"
"10.11.2023","22,76","23,10","23,18","22,76","181,10K","-1,56%"
"09.11.2023","23,12","23,08","23,18","22,66","277,56K","0,26%"
"08.11.2023","23,06","22,52","23,12","22,30","210,96K","2,04%"
"07.11.2023","22,60","22,70","22,84","22,54","160,37K","-0,70%"
"06.11.2023","22,76","23,10","23,14","22,76","206,27K","-1,47%"
"03.11.2023","23,10","23,38","23,42","23,04","113,18K","-0,60%"
"02.11.2023","23,24","23,20","23,30","23,08","106,58K","0,69%"
"01.11.2023","23,08","23,20","23,22","23,06","84,65K","-0,43%"
"31.10.2023","23,18","23,24","23,30","23,10","121,62K","0,00%"
"30.10.2023","23,18","22,94","23,26","22,92","94,86K","0,96%"
"27.10.2023","22,96","22,96","23,10","22,92","98,13K","0,17%"
"26.10.2023","22,92","23,06","23,22","22,88","88,58K","-0,87%"
"25.10.2023","23,12","23,10","23,24","23,00","181,02K","0,17%"
"24.10.2023","23,08","23,10","23,20","23,00","164,19K","0,17%"
"23.10.2023","23,04","22,80","23,08","22,62","87,40K","0,79%"
"20.10.2023","22,86","22,94","23,06","22,74","223,52K","-1,04%"
"19.10.2023","23,10","23,66","23,68","23,00","68,37K","-0,17%"
"18.10.2023","23,14","23,58","23,74","23,02","140,33K","-1,70%"
"17.10.2023","23,54","23,80","23,88","23,52","135,70K","-1,51%"
"16.10.2023","23,90","23,94","23,94","23,66","107,79K","0,50%"
"13.10.2023","23,78","24,16","24,24","23,78","108,93K","-1,41%"
"12.10.2023","24,12","24,38","24,46","24,06","95,82K","-0,66%"
"11.10.2023","24,28","23,76","24,32","23,76","100,84K","1,59%"
"10.10.2023","23,90","23,60","24,00","23,60","114,69K","1,36%"
"09.10.2023","23,58","23,92","24,02","23,58","85,81K","-1,83%"
"06.10.2023","24,02","23,62","24,02","23,62","93,19K","1,52%"
"05.10.2023","23,66","23,70","23,78","23,52","90,05K","0,25%"
"04.10.2023","23,60","23,94","23,98","23,54","109,83K","-1,67%"
"03.10.2023","24,00","24,00","24,26","23,94","152,94K","-0,25%"
"02.10.2023","24,06","24,28","24,44","24,02","162,58K","-0,58%"
"29.09.2023","24,20","24,20","24,54","24,20","90,88K","-0,08%"
"28.09.2023","24,22","23,76","24,30","23,68","186,20K","1,76%"
"27.09.2023","23,80","24,52","24,52","23,68","134,96K","-1,08%"
"26.09.2023","24,06","24,08","24,26","23,96","209,30K","-0,58%"
"25.09.2023","24,20","24,50","24,58","24,14","97,22K","-1,22%"
"22.09.2023","24,50","24,78","24,78","24,44","79,41K","-1,05%"
"21.09.2023","24,76","24,90","24,98","24,66","90,22K","-0,72%"
"20.09.2023","24,94","25,14","25,14","24,90","90,57K","-0,24%"
"19.09.2023","25,00","25,02","25,08","24,82","84,06K","-0,32%"
"18.09.2023","25,08","24,84","25,12","24,76","102,39K","0,97%"
"15.09.2023","24,84","25,54","25,68","24,74","255,34K","-2,51%"
"14.09.2023","25,48","25,40","25,50","25,26","96,79K","0,24%"
"13.09.2023","25,42","25,42","25,52","25,24","69,09K","0,08%"
"12.09.2023","25,40","25,50","25,58","25,34","124,47K","-0,24%"
"11.09.2023","25,46","25,22","25,50","25,22","132,97K","0,87%"
"08.09.2023","25,24","24,90","25,24","24,76","93,30K","1,61%"
"07.09.2023","24,84","24,64","24,88","24,60","80,51K","0,49%"
"06.09.2023","24,72","24,72","24,92","24,68","78,17K","-0,24%"
"05.09.2023","24,78","24,74","24,86","24,56","61,92K","0,00%"
"04.09.2023","24,78","25,10","25,14","24,72","78,26K","-0,72%"
"01.09.2023","24,96","25,00","25,20","24,92","56,80K","-0,16%"
"31.08.2023","25,00","25,04","25,18","24,98","92,67K","-0,48%"
"30.08.2023","25,12","25,04","25,22","25,04","116,95K","0,40%"
"29.08.2023","25,02","24,94","25,02","24,76","103,14K","1,54%"
"28.08.2023","24,64","24,84","25,02","24,64","35,25K","-0,32%"
"25.08.2023","24,72","24,50","24,90","24,50","82,05K","0,49%"
"24.08.2023","24,60","24,68","24,90","24,56","68,63K","-1,60%"
"23.08.2023","25,00","25,02","25,10","24,84","105,61K","0,56%"
"22.08.2023","24,86","24,80","25,00","24,68","84,42K","0,57%"
"21.08.2023","24,72","24,76","25,16","24,66","128,33K","0,16%"
"18.08.2023","24,68","24,84","24,90","24,54","116,32K","-1,04%"
"17.08.2023","24,94","24,90","25,14","24,84","91,88K","-0,24%"
"16.08.2023","25,00","24,92","25,14","24,90","407,69K","0,00%"
"15.08.2023","25,00","25,28","25,28","24,92","70,00K","-0,24%"
"14.08.2023","25,06","25,08","25,20","25,02","52,14K","0,08%"
"11.08.2023","25,04","25,24","25,26","25,02","192,31K","-0,79%"
"10.08.2023","25,24","25,02","25,24","25,02","70,26K","0,80%"
"09.08.2023","25,04","25,00","25,04","24,74","101,22K","1,62%"
"08.08.2023","24,64","24,80","25,00","24,64","107,04K","-0,65%"
"07.08.2023","24,80","25,06","25,08","24,64","139,40K","-0,56%"
"04.08.2023","24,94","25,04","25,16","24,92","85,27K","0,24%"
"03.08.2023","24,88","24,86","25,06","24,78","82,24K","-0,08%"
"02.08.2023","24,90","24,90","25,00","24,70","107,47K","-0,64%"
"01.08.2023","25,06","25,24","25,32","25,04","70,10K","-1,03%"
"31.07.2023","25,32","25,38","25,52","25,30","99,99K","-0,16%"
"28.07.2023","25,36","25,54","25,54","25,24","89,96K","-0,55%"
"27.07.2023","25,50","25,28","25,62","25,20","491,16K","1,43%"
"26.07.2023","25,14","25,02","25,40","24,94","145,80K","0,32%"
"25.07.2023","25,06","24,80","25,12","24,80","113,34K","1,38%"
"24.07.2023","24,72","24,54","24,80","23,94","211,43K","-0,24%"
"21.07.2023","24,78","24,96","25,42","24,38","238,13K","-0,80%"
"20.07.2023","24,98","24,82","25,12","24,82","133,37K","0,73%"
"19.07.2023","24,80","24,80","24,94","24,66","109,46K","0,16%"
"18.07.2023","24,76","24,80","24,86","24,68","106,49K","-0,24%"
"17.07.2023","24,82","24,94","25,08","24,80","92,67K","-0,88%"
"14.07.2023","25,04","24,86","25,06","24,84","376,63K","0,81%"
"13.07.2023","24,84","25,06","25,06","24,82","368,30K","-0,72%"
"12.07.2023","25,02","24,86","25,02","24,68","125,56K","0,89%"
"11.07.2023","24,80","24,68","24,84","24,68","148,07K","0,81%"
"10.07.2023","24,60","24,60","24,86","24,58","106,00K","-0,24%"
"07.07.2023","24,66","24,60","24,66","24,38","121,86K","0,33%"
"06.07.2023","24,58","24,62","24,64","24,50","118,20K","-0,81%"
"05.07.2023","24,78","24,86","24,94","24,74","106,78K","-0,64%"
"04.07.2023","24,94","24,78","24,96","24,76","91,70K","0,81%"
"03.07.2023","24,74","24,68","24,78","24,58","379,23K","0,24%"
"30.06.2023","24,68","24,50","24,80","24,44","1,01M","1,15%"
"29.06.2023","24,40","24,50","24,52","24,30","75,68K","-0,33%"
"28.06.2023","24,48","24,24","24,48","24,24","113,78K","1,24%"
"27.06.2023","24,18","24,10","24,18","23,98","108,19K","0,75%"
"26.06.2023","24,00","24,24","24,24","23,80","133,95K","-0,74%"
"23.06.2023","24,18","23,88","24,22","23,88","122,80K","0,58%"
"22.06.2023","24,04","23,86","24,10","23,80","90,64K","0,25%"
"21.06.2023","23,98","24,22","24,22","23,88","115,13K","-0,83%"
"20.06.2023","24,18","23,94","24,24","23,92","107,55K","1,09%"
"19.06.2023","23,92","24,22","24,24","23,66","147,61K","-1,73%"
"16.06.2023","24,34","24,38","24,46","24,18","263,98K","-0,25%"
"15.06.2023","24,40","24,40","24,46","24,22","168,38K","0,16%"
"14.06.2023","24,36","24,12","24,46","24,00","151,38K","1,00%"
"13.06.2023","24,12","23,94","24,12","23,66","128,25K","1,17%"
"12.06.2023","23,84","23,68","23,90","23,64","120,84K","0,85%"
"09.06.2023","23,64","23,60","23,64","23,54","89,89K","-0,08%"
"08.06.2023","23,66","23,72","23,76","23,50","110,17K","0,17%"
"07.06.2023","23,62","23,52","23,74","23,52","91,98K","-0,17%"
"06.06.2023","23,66","23,60","23,66","23,42","115,92K","-0,42%"
"05.06.2023","23,76","24,02","24,04","23,68","119,82K","-0,67%"
"02.06.2023","23,92","23,76","24,08","23,64","111,15K","1,27%"
"01.06.2023","23,62","23,22","23,62","23,22","109,38K","1,55%"
"31.05.2023","23,26","23,14","23,32","23,02","395,95K","0,17%"
"30.05.2023","23,22","23,52","23,52","23,20","131,51K","-1,11%"
"29.05.2023","23,48","23,68","23,82","23,42","110,52K","-0,17%"
"26.05.2023","23,52","23,52","23,58","23,36","114,13K","-0,08%"
"25.05.2023","23,54","23,54","23,58","23,26","131,49K","0,09%"
"24.05.2023","23,52","23,50","23,64","23,40","513,32K","-0,68%"
"23.05.2023","23,68","23,84","23,98","23,66","117,44K","-1,17%"
"22.05.2023","23,96","23,68","24,06","23,68","178,85K","1,18%"
"19.05.2023","23,68","23,46","23,80","23,40","158,59K","1,37%"
"18.05.2023","23,36","23,40","23,60","23,32","234,57K","0,43%"
"17.05.2023","23,26","23,50","23,50","23,18","136,04K","-0,34%"
"16.05.2023","23,34","23,40","23,42","23,18","141,42K","-0,26%"
"15.05.2023","23,40","23,96","23,96","23,32","155,24K","-1,18%"
"12.05.2023","23,68","23,66","23,74","23,60","116,61K","0,08%"
"11.05.2023","23,66","23,62","23,72","23,48","115,03K","-0,42%"
"10.05.2023","23,76","24,06","24,12","23,68","92,16K","-1,00%"
"09.05.2023","24,00","24,00","24,06","23,76","237,66K","0,00%"
"08.05.2023","24,00","23,84","24,00","23,54","191,86K","0,59%"
"05.05.2023","23,86","23,92","24,46","23,14","306,29K","-1,00%"
"04.05.2023","24,10","24,24","24,24","24,00","170,86K","-0,90%"
"03.05.2023","24,32","24,68","24,70","24,16","197,56K","-1,14%"
"02.05.2023","24,60","24,80","24,82","24,52","169,37K","-0,24%"
"28.04.2023","24,66","24,82","24,82","24,46","130,14K","0,00%"
"27.04.2023","24,66","24,74","24,82","24,48","131,39K","-0,80%"
"26.04.2023","24,86","24,54","24,86","24,50","164,88K","1,06%"
"25.04.2023","24,60","24,74","24,78","24,40","187,17K","-0,57%"
"24.04.2023","24,74","24,46","24,82","24,40","313,91K","1,48%"
"21.04.2023","24,38","23,92","24,68","23,88","479,41K","2,44%"
"20.04.2023","23,80","23,76","23,90","23,68","146,56K","-0,17%"
"19.04.2023","23,84","23,50","23,84","23,42","222,07K","1,53%"
"18.04.2023","23,48","23,20","23,54","23,20","157,63K","0,86%"
"17.04.2023","23,28","23,18","23,32","23,10","204,43K","0,78%"
"14.04.2023","23,10","23,26","23,26","22,90","237,72K","-0,43%"
"13.04.2023","23,20","23,00","23,26","22,72","334,69K","1,93%"
"12.04.2023","22,76","22,48","22,84","22,48","237,69K","0,09%"
"11.04.2023","22,74","22,92","22,94","22,46","165,07K","-0,35%"
"06.04.2023","22,82","22,42","22,82","22,42","143,68K","1,51%"
"05.04.2023","22,48","22,80","22,86","22,42","194,07K","-1,58%"
"04.04.2023","22,84","22,82","23,04","22,80","187,34K","-0,09%"
"03.04.2023","22,86","23,00","23,02","22,64","167,85K","-0,61%"
"31.03.2023","23,00","23,50","23,50","22,96","167,26K","-1,29%"
"30.03.2023","23,30","23,34","23,36","23,20","175,40K","0,52%"
"29.03.2023","23,18","22,72","23,18","22,66","252,27K","2,84%"
"28.03.2023","22,54","22,92","22,92","22,44","177,27K","-0,62%"
"27.03.2023","22,68","22,76","22,76","22,60","201,48K","0,53%"
"24.03.2023","22,56","22,82","22,98","22,40","232,56K","-2,17%"
"23.03.2023","23,06","23,14","23,14","22,78","199,31K","0,52%"
"22.03.2023","22,94","23,04","23,08","22,76","254,67K","-0,95%"
"21.03.2023","23,16","22,82","23,26","22,76","213,01K","1,67%"
"20.03.2023","22,78","22,10","22,80","22,08","288,29K","2,24%"
"17.03.2023","22,28","22,40","22,54","22,16","585,12K","-0,09%"
"16.03.2023","22,30","22,20","22,42","22,02","335,22K","1,18%"
"15.03.2023","22,04","22,30","22,64","22,00","360,60K","-1,17%"
"14.03.2023","22,30","22,08","22,34","21,94","278,87K","0,90%"
"13.03.2023","22,10","22,70","22,70","22,06","277,76K","-2,90%"
"10.03.2023","22,76","22,64","22,84","22,60","294,22K","-0,44%"
"09.03.2023","22,86","22,96","23,02","22,82","158,23K","-0,35%"
"08.03.2023","22,94","22,94","22,96","22,70","188,06K","-0,17%"
"07.03.2023","22,98","22,88","23,16","22,80","225,75K","0,52%"
"06.03.2023","22,86","23,16","23,16","22,84","158,92K","-1,04%"
"03.03.2023","23,10","23,16","23,32","23,10","156,47K","-0,26%"
"02.03.2023","23,16","22,96","23,26","22,86","218,16K","0,87%"
"01.03.2023","22,96","22,88","23,12","22,60","345,86K","0,53%"
"28.02.2023","22,84","23,88","23,88","22,76","480,96K","-4,52%"
"27.02.2023","23,92","23,70","23,92","23,66","180,93K","0,84%"
"24.02.2023","23,72","23,92","24,08","23,66","209,66K","-0,84%"
"23.02.2023","23,92","24,04","24,06","23,74","186,32K","-0,42%"
"22.02.2023","24,02","23,92","24,02","23,70","212,61K","0,17%"
"21.02.2023","23,98","24,10","24,20","23,86","321,68K","-4,08%"
"20.02.2023","25,00","25,00","25,12","24,86","400,78K","0,64%"
"17.02.2023","24,84","24,62","24,96","24,46","494,59K","1,22%"
"16.02.2023","24,54","24,82","24,84","24,46","305,35K","-0,81%"
"15.02.2023","24,74","24,76","24,82","24,60","274,20K","0,16%"
"14.02.2023","24,70","24,86","24,98","24,56","324,75K","-0,24%"
"13.02.2023","24,76","24,26","24,92","24,10","349,91K","2,65%"
"10.02.2023","24,12","24,42","24,42","24,10","341,59K","-1,07%"
"09.02.2023","24,38","24,94","24,94","24,06","457,58K","-1,06%"
"08.02.2023","24,64","25,40","25,54","24,38","605,04K","-2,45%"
"07.02.2023","25,26","25,18","25,40","25,02","228,69K","-0,16%"
"06.02.2023","25,30","25,30","25,30","24,96","203,24K","0,00%"
"03.02.2023","25,30","25,30","25,34","25,00","245,65K","-0,24%"
"02.02.2023","25,36","25,22","25,52","25,12","267,38K","0,56%"
"01.02.2023","25,22","24,88","25,42","24,76","462,60K","1,37%"
"31.01.2023","24,88","24,56","24,94","24,42","265,77K","1,39%"
"30.01.2023","24,54","24,44","24,68","24,32","199,90K","0,57%"
"27.01.2023","24,40","24,32","24,50","24,24","201,27K","0,33%"
"26.01.2023","24,32","24,32","24,38","24,10","202,07K","0,75%"
"25.01.2023","24,14","24,56","24,76","23,94","244,21K","-1,31%"
"24.01.2023","24,46","24,12","24,72","24,06","377,10K","2,77%"
"23.01.2023","23,80","23,70","23,86","23,64","147,37K","0,76%"
"20.01.2023","23,62","23,66","23,80","23,48","278,79K","-0,17%"
"19.01.2023","23,66","23,80","23,80","23,50","173,46K","-0,59%"
"18.01.2023","23,80","23,80","23,82","23,36","214,08K","0,42%"
"17.01.2023","23,70","23,66","23,72","23,50","132,86K","0,51%"
"16.01.2023","23,58","23,70","23,88","23,42","191,87K","-0,67%"
"13.01.2023","23,74","23,84","23,98","23,70","181,99K","-0,17%"
"12.01.2023","23,78","23,84","23,90","23,66","172,14K","0,25%"
"11.01.2023","23,72","24,16","24,16","23,72","177,29K","-1,25%"
"10.01.2023","24,02","24,00","24,12","23,86","139,23K","0,08%"
"09.01.2023","24,00","24,02","24,40","23,96","265,21K","0,00%"
"06.01.2023","24,00","23,86","24,04","23,78","105,80K","1,01%"
"05.01.2023","23,76","23,74","23,86","23,70","152,67K","-0,34%"
"04.01.2023","23,84","24,06","24,20","23,84","208,12K","-0,50%"
"03.01.2023","23,96","23,84","24,10","23,70","221,84K","0,50%"
"02.01.2023","23,84","23,80","23,86","23,52","157,15K","1,02%"
"30.12.2022","23,60","23,76","23,84","23,56","186,87K","-0,59%"
"29.12.2022","23,74","23,74","23,86","23,64","115,94K","-0,08%"
"28.12.2022","23,76","23,68","23,90","23,64","153,88K","0,51%"
"27.12.2022","23,64","23,72","23,80","23,58","157,30K","0,00%"
"23.12.2022","23,64","23,82","23,82","23,54","137,85K","-0,34%"
"22.12.2022","23,72","23,66","23,82","23,58","128,38K","0,25%"
"21.12.2022","23,66","23,54","23,70","23,46","134,92K","0,60%"
"20.12.2022","23,52","23,38","23,56","23,30","206,74K","0,26%"
"19.12.2022","23,46","23,60","23,64","23,26","170,07K","-0,59%"
"16.12.2022","23,60","23,46","23,60","23,14","1,37M","0,60%"
"15.12.2022","23,46","23,72","23,76","23,40","204,29K","-1,18%"
"14.12.2022","23,74","23,38","23,74","23,32","184,31K","1,11%"
"13.12.2022","23,48","23,70","23,80","23,38","305,03K","-0,68%"
"12.12.2022","23,64","23,78","23,96","23,60","393,09K","-0,42%"
"09.12.2022","23,74","23,78","23,78","23,28","178,04K","0,17%"
"08.12.2022","23,70","23,72","23,94","23,58","178,62K","-0,17%"
"07.12.2022","23,74","23,44","23,78","23,42","208,29K","1,54%"
"06.12.2022","23,38","23,22","23,54","23,20","164,75K","0,34%"
"05.12.2022","23,30","23,18","23,38","23,14","187,93K","0,09%"
"02.12.2022","23,28","22,98","23,30","22,88","217,22K","1,39%"
"01.12.2022","22,96","22,50","22,96","22,50","215,19K","1,59%"
"30.11.2022","22,60","22,64","22,64","22,40","279,87K","0,09%"
"29.11.2022","22,58","22,16","22,60","22,12","198,33K","1,53%"
"28.11.2022","22,24","22,70","22,70","22,16","308,52K","-2,03%"
"25.11.2022","22,70","22,20","22,70","22,20","183,24K","2,25%"
"24.11.2022","22,20","22,40","22,46","22,20","114,80K","-0,54%"
"23.11.2022","22,32","22,38","22,66","22,26","189,37K","0,27%"
"22.11.2022","22,26","22,28","22,46","22,12","281,53K","0,36%"
"21.11.2022","22,18","21,90","22,32","21,88","204,91K","1,28%"
"18.11.2022","21,90","21,96","21,96","21,66","207,94K","0,46%"
"17.11.2022","21,80","21,52","21,86","21,52","133,37K","0,55%"
"16.11.2022","21,68","21,80","21,94","21,46","181,96K","0,09%"
"15.11.2022","21,66","21,60","21,70","21,42","270,20K","0,84%"
"14.11.2022","21,48","21,34","21,58","21,24","359,64K","0,37%"
"11.11.2022","21,40","21,74","21,78","20,94","397,31K","-1,47%"
"10.11.2022","21,72","22,30","22,48","21,64","307,21K","-2,95%"
"09.11.2022","22,38","21,94","22,38","21,84","226,03K","2,01%"
"08.11.2022","21,94","21,88","22,10","21,82","277,47K","-0,09%"
"07.11.2022","21,96","20,98","22,48","20,78","579,49K","6,09%"
"04.11.2022","20,70","21,20","21,20","19,59","452,94K","-2,54%"
"03.11.2022","21,24","20,84","21,36","20,76","260,57K","1,34%"
"02.11.2022","20,96","21,20","21,20","20,80","632,57K","-0,66%"
"01.11.2022","21,10","21,08","21,22","20,90","253,30K","0,76%"
"31.10.2022","20,94","20,66","21,02","20,50","210,30K","1,36%"
"28.10.2022","20,66","20,32","20,66","20,32","199,77K","1,37%"
"27.10.2022","20,38","20,00","20,42","19,99","209,09K","1,90%"
"26.10.2022","20,00","19,84","20,00","19,80","171,48K","0,45%"
"25.10.2022","19,91","19,82","20,02","19,71","147,11K","0,86%"
"24.10.2022","19,74","19,68","19,80","19,19","243,97K","0,30%"
"21.10.2022","19,68","19,26","19,68","18,82","503,21K","1,50%"
"20.10.2022","19,39","19,36","19,47","19,35","120,55K","-0,15%"
"19.10.2022","19,42","19,33","19,52","19,33","108,30K","-0,41%"
"18.10.2022","19,50","19,65","19,66","19,40","190,31K","-0,31%"
"17.10.2022","19,56","19,64","19,75","19,53","168,23K","0,15%"
"14.10.2022","19,53","19,23","19,65","19,22","164,85K","1,56%"
"13.10.2022","19,23","19,10","19,23","18,88","220,20K","0,47%"
"12.10.2022","19,14","19,20","19,20","18,85","149,18K","-0,47%"
"11.10.2022","19,23","19,20","19,31","18,94","139,11K","0,58%"
"10.10.2022","19,12","19,00","19,19","18,83","97,60K","0,53%"
"07.10.2022","19,02","19,06","19,10","18,83","102,56K","-0,21%"
"06.10.2022","19,06","18,92","19,16","18,92","100,84K","0,16%"
"05.10.2022","19,03","19,14","19,14","18,90","81,32K","-0,99%"
"04.10.2022","19,22","18,81","19,29","18,81","129,26K","2,34%"
"03.10.2022","18,78","18,52","18,80","18,49","97,94K","0,70%"
"30.09.2022","18,65","18,40","18,67","18,34","141,75K","1,69%"
"29.09.2022","18,34","18,40","18,43","18,17","197,23K","-0,27%"
"28.09.2022","18,39","18,58","18,60","18,16","241,80K","-1,24%"
"27.09.2022","18,62","18,46","18,76","18,30","213,64K","1,80%"
"26.09.2022","18,29","18,32","18,43","18,10","288,90K","-1,24%"
"23.09.2022","18,52","18,62","18,90","18,33","296,36K","-1,12%"
"22.09.2022","18,73","18,57","18,83","18,50","180,72K","0,11%"
"21.09.2022","18,71","18,88","18,98","18,60","272,79K","-0,90%"
"20.09.2022","18,88","19,50","19,64","18,84","271,71K","-3,92%"
"19.09.2022","19,65","19,41","19,69","19,41","102,27K","0,92%"
"16.09.2022","19,47","19,61","19,85","19,40","195,19K","-1,62%"
"15.09.2022","19,79","19,80","20,00","19,72","102,09K","-0,15%"
"14.09.2022","19,82","20,00","20,00","19,82","97,25K","-0,30%"
"13.09.2022","19,88","20,10","20,20","19,86","170,01K","-1,09%"
"12.09.2022","20,10","19,97","20,10","19,86","105,86K","1,11%"
"09.09.2022","19,88","19,70","19,92","19,68","108,72K","1,27%"
"08.09.2022","19,63","19,54","19,67","19,38","130,89K","0,98%"
"07.09.2022","19,44","19,55","19,57","19,30","119,99K","-0,61%"
"06.09.2022","19,56","19,82","19,86","19,52","63,96K","-1,01%"
"05.09.2022","19,76","19,49","19,76","19,47","119,49K","-0,50%"
"02.09.2022","19,86","19,53","19,95","19,37","539,13K","2,85%"
"01.09.2022","19,31","19,18","19,45","18,81","458,33K","-0,16%"
"31.08.2022","19,34","19,49","19,59","19,27","509,12K","-1,23%"
"30.08.2022","19,58","19,60","19,89","19,55","105,93K","0,10%"
"29.08.2022","19,56","19,93","20,02","19,56","140,98K","-2,69%"
"26.08.2022","20,10","20,20","20,22","20,06","139,02K","-0,20%"
"25.08.2022","20,14","20,08","20,26","20,08","97,43K","0,60%"
"24.08.2022","20,02","19,98","20,14","19,86","108,18K","-0,20%"
"23.08.2022","20,06","20,26","20,26","20,06","123,00K","-0,79%"
"22.08.2022","20,22","19,94","20,26","18,93","322,59K","-1,65%"
"19.08.2022","20,56","20,40","20,68","20,40","145,96K","-0,29%"
"18.08.2022","20,62","20,62","20,76","20,56","145,90K","-0,10%"
"17.08.2022","20,64","20,60","20,66","20,46","175,73K","0,39%"
"16.08.2022","20,56","20,50","20,64","20,44","159,93K","0,78%"
"15.08.2022","20,40","20,32","20,50","20,30","93,37K","0,49%"
"12.08.2022","20,30","20,46","20,52","20,30","154,23K","-0,78%"
"11.08.2022","20,46","20,48","20,48","20,30","111,40K","-0,10%"
"10.08.2022","20,48","20,26","20,48","20,20","138,59K","1,09%"
"09.08.2022","20,26","20,14","20,26","20,12","126,07K","0,70%"
"08.08.2022","20,12","20,42","20,48","20,06","480,49K","-1,37%"
"05.08.2022","20,40","20,16","20,46","20,12","135,33K","1,19%"
"04.08.2022","20,16","20,22","20,26","20,00","143,43K","0,30%"
"03.08.2022","20,10","19,98","20,16","19,88","250,40K","0,40%"
"02.08.2022","20,02","19,94","20,08","19,81","190,48K","0,15%"
"01.08.2022","19,99","20,24","20,24","19,90","188,12K","-0,74%"
"29.07.2022","20,14","20,20","20,30","20,04","179,96K","-0,20%"
"28.07.2022","20,18","20,38","20,38","20,02","139,71K","-0,20%"
"27.07.2022","20,22","20,54","20,58","20,20","178,08K","-1,56%"
"26.07.2022","20,54","20,06","20,64","20,02","418,01K","2,50%"
"25.07.2022","20,04","19,80","20,18","19,73","392,07K","1,21%"
"22.07.2022","19,80","19,50","19,98","19,47","311,70K","1,54%"
"21.07.2022","19,50","19,05","19,59","18,89","419,05K","3,17%"
"20.07.2022","18,90","19,05","19,14","18,86","248,46K","-0,32%"
"19.07.2022","18,96","18,64","19,04","18,55","355,66K","2,21%"
"18.07.2022","18,55","18,76","18,76","18,53","235,14K","0,11%"
"15.07.2022","18,53","18,55","18,72","18,40","394,61K","0,27%"
"14.07.2022","18,48","18,38","18,55","18,32","236,05K","-0,11%"
"13.07.2022","18,50","18,50","18,60","18,38","437,04K","-0,27%"
"12.07.2022","18,55","18,77","18,82","18,51","228,59K","-0,96%"
"11.07.2022","18,73","18,70","18,81","18,63","176,56K","-0,27%"
"08.07.2022","18,78","18,74","18,78","18,55","187,58K","0,43%"
"07.07.2022","18,70","18,47","18,88","18,47","208,07K","1,25%"
"06.07.2022","18,47","18,44","18,62","18,42","236,06K","-0,22%"
"05.07.2022","18,51","18,54","18,70","18,45","207,53K","-0,70%"
"04.07.2022","18,64","18,52","18,70","18,46","133,87K","0,38%"
"01.07.2022","18,57","18,61","18,68","18,35","220,54K","-0,48%"
"30.06.2022","18,66","18,57","18,68","18,37","290,07K","0,27%"
"29.06.2022","18,61","18,72","18,75","18,50","164,27K","-0,69%"
"28.06.2022","18,74","18,50","18,83","18,50","212,82K","1,08%"
"27.06.2022","18,54","18,18","18,55","18,18","183,12K","1,53%"
"24.06.2022","18,26","18,12","18,29","17,98","186,40K","1,73%"
"23.06.2022","17,95","18,22","18,22","17,95","429,40K","-1,48%"
"22.06.2022","18,22","18,02","18,34","17,86","231,96K","1,17%"
"21.06.2022","18,01","18,23","18,57","17,97","616,30K","-0,44%"
"20.06.2022","18,09","18,00","18,20","17,85","259,89K","0,67%"
"17.06.2022","17,97","17,60","18,14","17,60","378,72K","1,70%"
"16.06.2022","17,67","18,10","18,10","17,56","189,09K","-1,83%"
"15.06.2022","18,00","17,92","18,19","17,84","161,80K","1,41%"
"14.06.2022","17,75","17,68","17,84","17,51","235,76K","0,68%"
"13.06.2022","17,63","17,55","17,72","17,50","144,92K","-0,79%"
"10.06.2022","17,77","18,22","18,22","17,57","309,42K","-1,28%"
"09.06.2022","18,00","18,31","18,34","17,91","328,40K","-1,64%"
"08.06.2022","18,30","18,46","18,53","18,28","212,49K","-0,97%"
"07.06.2022","18,48","18,30","18,50","18,29","167,05K","1,04%"
"06.06.2022","18,29","18,41","18,42","18,24","154,91K","-0,33%"
"03.06.2022","18,35","18,20","18,35","18,17","148,74K","1,16%"
"02.06.2022","18,14","18,16","18,25","18,07","106,98K","-0,33%"
"01.06.2022","18,20","18,00","18,20","18,00","118,29K","1,11%"
"31.05.2022","18,00","18,00","18,14","17,92","336,41K","0,06%"
"30.05.2022","17,99","18,25","18,25","17,90","232,71K","-0,66%"
"27.05.2022","18,11","18,15","18,35","18,07","192,34K","-0,22%"
"26.05.2022","18,15","17,95","18,24","17,95","131,49K","0,44%"
"25.05.2022","18,07","17,80","18,12","17,80","139,70K","1,18%"
"24.05.2022","17,86","17,84","18,00","17,82","199,59K","-0,61%"
"23.05.2022","17,97","18,10","18,18","17,89","204,53K","-0,55%"
"20.05.2022","18,07","17,96","18,24","17,93","170,68K","1,35%"
"19.05.2022","17,83","18,05","18,18","17,83","185,82K","-2,62%"
"18.05.2022","18,31","18,36","18,50","18,23","251,09K","-0,22%"
"17.05.2022","18,35","17,80","18,35","17,66","221,47K","0,60%"
"16.05.2022","18,24","17,95","18,24","17,90","228,75K","1,28%"
"13.05.2022","18,01","17,55","18,01","17,55","261,00K","2,39%"
"12.05.2022","17,59","17,04","17,60","17,01","169,79K","1,44%"
"11.05.2022","17,34","17,40","17,53","17,21","266,66K","-0,74%"
"10.05.2022","17,47","17,50","17,67","17,28","238,92K","-0,91%"
"09.05.2022","17,63","17,98","18,47","17,62","433,58K","0,00%"
"06.05.2022","17,63","17,62","17,75","17,58","251,93K","-0,68%"
"05.05.2022","17,75","17,85","17,98","17,75","230,06K","0,23%"
"04.05.2022","17,71","17,66","17,83","17,61","174,90K","0,57%"
"03.05.2022","17,61","17,45","17,66","17,40","177,58K","0,46%"
"02.05.2022","17,53","17,45","17,59","17,25","183,58K","0,23%"
"29.04.2022","17,49","17,52","17,68","17,42","170,24K","-0,23%"
"28.04.2022","17,53","17,40","17,53","17,25","225,54K","1,62%"
"27.04.2022","17,25","17,48","17,48","17,19","269,98K","-0,35%"
"26.04.2022","17,31","17,50","17,50","17,31","281,74K","-0,17%"
"25.04.2022","17,34","17,24","17,39","17,05","273,86K","0,12%"
"22.04.2022","17,32","17,33","17,48","17,28","321,24K","-0,46%"
"21.04.2022","17,40","17,28","17,44","17,25","225,15K","1,28%"
"20.04.2022","17,18","17,02","17,22","17,02","260,48K","0,35%"
"19.04.2022","17,12","16,90","17,12","16,82","236,78K","1,30%"
"14.04.2022","16,90","16,83","16,94","16,71","262,48K","1,02%"
"13.04.2022","16,73","16,60","16,77","16,54","246,02K","1,09%"
"12.04.2022","16,55","16,75","16,75","16,26","505,06K","-0,24%"
"11.04.2022","16,59","16,65","16,73","16,53","192,78K","0,00%"
"08.04.2022","16,59","16,45","16,62","16,42","242,94K","1,22%"
"07.04.2022","16,39","16,32","16,44","16,24","337,22K","0,55%"
"06.04.2022","16,30","16,37","16,40","16,21","256,78K","-0,31%"
"05.04.2022","16,35","16,42","16,57","16,31","290,33K","-0,73%"
"04.04.2022","16,47","16,61","16,65","16,41","378,18K","-0,48%"
"01.04.2022","16,55","16,65","16,75","16,54","254,19K","-0,30%"
"31.03.2022","16,60","16,84","16,99","16,60","334,70K","-2,01%"
"30.03.2022","16,94","17,10","17,10","16,87","230,79K","-0,59%"
"29.03.2022","17,04","17,00","17,08","16,90","296,73K","0,29%"
"28.03.2022","16,99","16,74","17,06","16,74","254,10K","1,07%"
"25.03.2022","16,81","16,66","16,84","16,54","284,05K","1,33%"
"24.03.2022","16,59","16,68","16,68","16,45","223,10K","0,30%"
"23.03.2022","16,54","16,88","16,91","16,54","331,19K","-1,66%"
"22.03.2022","16,82","16,78","16,87","16,61","191,47K","0,72%"
"21.03.2022","16,70","16,80","16,83","16,70","205,32K","0,42%"
"18.03.2022","16,63","16,66","16,67","16,48","275,59K","0,60%"
"17.03.2022","16,53","16,71","16,75","16,48","408,40K","-0,84%"
"16.03.2022","16,67","16,45","16,71","16,38","307,87K","2,52%"
"15.03.2022","16,26","16,35","16,35","16,07","359,57K","-1,09%"
"14.03.2022","16,44","16,11","16,48","16,11","399,23K","2,05%"
"11.03.2022","16,11","15,98","16,25","15,84","346,52K","1,19%"
"10.03.2022","15,92","15,79","15,95","15,69","434,85K","0,89%"
"09.03.2022","15,78","15,27","15,78","15,15","385,82K","5,55%"
"08.03.2022","14,95","14,97","15,15","14,84","659,88K","-0,33%"
"07.03.2022","15,00","15,04","15,18","14,72","679,04K","-2,41%"
"04.03.2022","15,37","16,00","16,00","15,37","1,70M","-4,06%"
"03.03.2022","16,02","16,23","16,34","16,02","555,75K","-1,29%"
"02.03.2022","16,23","16,28","16,31","16,05","1,79M","0,00%"
"01.03.2022","16,23","16,20","16,31","16,08","474,86K","0,12%"
"28.02.2022","16,21","16,20","16,29","16,03","743,30K","-0,55%"
"25.02.2022","16,30","16,35","16,43","16,17","702,11K","0,31%"
"24.02.2022","16,25","16,10","16,45","16,02","681,22K","-2,64%"
"23.02.2022","16,69","17,23","17,30","16,51","608,41K","-2,63%"
"22.02.2022","17,14","17,41","17,43","17,12","600,44K","-6,85%"
"21.02.2022","18,40","18,50","18,55","18,30","1,64M","0,22%"
"18.02.2022","18,36","18,50","18,53","18,30","3,64M","-0,49%"
"17.02.2022","18,45","18,43","18,53","18,36","253,08K","0,27%"
"16.02.2022","18,40","18,40","18,44","18,30","1,33M","0,38%"
"15.02.2022","18,33","18,26","18,40","18,20","252,19K","0,55%"
"14.02.2022","18,23","18,25","18,37","17,98","345,54K","-0,65%"
"11.02.2022","18,35","18,30","18,42","18,15","300,10K","0,27%"
"10.02.2022","18,30","18,26","18,50","18,23","301,94K","0,49%"
"09.02.2022","18,21","18,30","18,30","18,01","310,05K","1,56%"
"08.02.2022","17,93","18,25","18,31","17,82","648,21K","-1,48%"
"07.02.2022","18,20","18,45","18,45","18,02","309,52K","1,45%"
"04.02.2022","17,94","18,30","18,30","17,86","396,85K","-1,70%"
"03.02.2022","18,25","18,27","18,38","18,13","303,24K","0,00%"
"02.02.2022","18,25","18,21","18,42","18,14","321,46K","0,77%"
"01.02.2022","18,11","18,08","18,22","18,00","239,12K","0,89%"
"31.01.2022","17,95","18,09","18,13","17,93","331,72K","0,39%"
"28.01.2022","17,88","17,94","17,94","17,73","180,85K","0,11%"
"27.01.2022","17,86","17,74","17,91","17,65","203,43K","0,68%"
"26.01.2022","17,74","17,55","17,89","17,55","195,56K","1,37%"
"25.01.2022","17,50","17,61","17,76","17,37","321,23K","-0,17%"
"24.01.2022","17,53","17,97","17,97","17,48","216,28K","-2,45%"
"21.01.2022","17,97","17,81","17,99","17,75","230,46K","0,62%"
"20.01.2022","17,86","17,99","18,01","17,85","173,69K","-0,39%"
"19.01.2022","17,93","18,00","18,10","17,88","203,15K","-0,22%"
"18.01.2022","17,97","18,20","18,20","17,84","236,02K","-0,99%"
"17.01.2022","18,15","18,20","18,25","18,06","204,57K","0,72%"
"14.01.2022","18,02","18,06","18,18","17,95","196,33K","0,11%"
"13.01.2022","18,00","17,82","18,08","17,80","220,14K","1,07%"
"12.01.2022","17,81","17,86","17,88","17,65","240,87K","0,00%"
"11.01.2022","17,81","17,77","17,87","17,66","142,72K","0,51%"
"10.01.2022","17,72","17,86","17,95","17,65","192,62K","0,00%"
"07.01.2022","17,72","17,75","17,75","17,50","155,22K","0,62%"
"06.01.2022","17,61","17,77","17,77","17,55","153,90K","-0,68%"
"05.01.2022","17,73","17,75","17,84","17,65","160,97K","0,00%"
"04.01.2022","17,73","17,70","17,76","17,59","157,79K","1,26%"
"03.01.2022","17,51","17,70","17,81","17,51","173,64K","-0,11%"
"30.12.2021","17,53","17,42","17,53","17,35","165,59K","0,34%"
"29.12.2021","17,47","17,47","17,47","17,25","149,04K","0,63%"
"28.12.2021","17,36","17,19","17,49","17,17","221,10K","1,40%"
"27.12.2021","17,12","16,70","17,24","16,70","232,90K","2,58%"
"23.12.2021","16,69","16,65","16,74","16,62","132,87K","0,18%"
"22.12.2021","16,66","16,66","16,66","16,49","123,82K","0,73%"
"21.12.2021","16,54","16,58","16,58","16,37","188,10K","1,35%"
"20.12.2021","16,32","16,11","16,33","16,05","175,51K","0,55%"
"17.12.2021","16,23","16,34","16,47","16,21","145,75K","-0,12%"
"16.12.2021","16,25","16,32","16,33","16,19","170,36K","0,43%"
"15.12.2021","16,18","16,26","16,27","16,13","136,60K","0,00%"
"14.12.2021","16,18","16,24","16,36","16,18","174,34K","-0,55%"
"13.12.2021","16,27","16,53","16,53","16,18","222,11K","-0,79%"
"10.12.2021","16,40","16,60","16,60","16,36","153,40K","-0,91%"
"09.12.2021","16,55","16,94","16,94","16,55","220,20K","-0,90%"
"08.12.2021","16,70","16,92","16,92","16,70","149,71K","-0,83%"
"07.12.2021","16,84","16,66","16,89","16,64","208,95K","1,38%"
"06.12.2021","16,61","16,64","16,66","16,41","144,75K","0,91%"
"03.12.2021","16,46","16,53","16,57","16,41","165,92K","0,00%"
"02.12.2021","16,46","16,47","16,54","16,35","215,64K","-0,48%"
"01.12.2021","16,54","16,41","16,69","16,32","226,98K","1,04%"
"30.11.2021","16,37","16,65","16,67","16,37","284,13K","-2,15%"
"29.11.2021","16,73","16,83","16,89","16,68","170,30K","-0,30%"
"26.11.2021","16,78","16,80","16,87","16,68","285,02K","-0,77%"
"25.11.2021","16,91","16,90","17,11","16,90","177,68K","0,00%"
"24.11.2021","16,91","16,89","17,01","16,81","205,66K","0,06%"
"23.11.2021","16,90","17,05","17,05","16,90","277,09K","-0,82%"
"22.11.2021","17,04","17,10","17,20","17,02","289,19K","0,00%"
"19.11.2021","17,04","17,16","17,28","17,02","241,56K","-0,70%"
"18.11.2021","17,16","17,34","17,38","17,15","172,79K","-0,52%"
"17.11.2021","17,25","17,42","17,54","17,25","207,86K","-1,26%"
"16.11.2021","17,47","17,64","17,71","17,47","191,18K","-0,74%"
"15.11.2021","17,60","17,51","17,62","17,35","240,92K","0,46%"
"12.11.2021","17,52","17,74","17,75","17,47","194,97K","-1,02%"
"11.11.2021","17,70","17,61","17,73","17,45","311,92K","0,91%"
"10.11.2021","17,54","17,67","17,69","17,47","205,13K","-0,45%"
"09.11.2021","17,62","17,65","17,79","17,31","419,15K","0,28%"
"08.11.2021","17,57","18,46","18,46","17,57","598,32K","-4,04%"
"05.11.2021","18,31","19,04","19,17","18,11","391,66K","-4,24%"
"04.11.2021","19,12","19,05","19,23","18,86","425,82K","0,74%"
"03.11.2021","18,98","19,00","19,01","18,80","137,80K","0,69%"
"02.11.2021","18,85","18,76","18,86","18,52","171,25K","0,80%"
"01.11.2021","18,70","18,50","18,70","18,50","135,36K","1,41%"
"29.10.2021","18,44","18,59","18,59","18,23","188,54K","-0,32%"
"28.10.2021","18,50","18,45","18,62","18,37","257,87K","0,27%"
"27.10.2021","18,45","18,37","18,60","18,36","275,46K","0,16%"
"26.10.2021","18,42","18,50","18,57","18,42","162,44K","-0,86%"
"25.10.2021","18,58","19,01","19,01","18,53","202,72K","-2,00%"
"22.10.2021","18,96","18,87","19,06","18,73","256,00K","-0,11%"
"21.10.2021","18,98","18,98","19,16","18,85","354,94K","0,42%"
"20.10.2021","18,90","19,10","19,10","18,80","131,85K","-0,63%"
"19.10.2021","19,02","18,93","19,03","18,86","153,54K","1,01%"
"18.10.2021","18,83","18,73","18,89","18,73","107,56K","-0,37%"
"15.10.2021","18,90","18,83","18,90","18,70","108,61K","0,96%"
"14.10.2021","18,72","18,86","18,96","18,69","156,58K","-0,43%"
"13.10.2021","18,80","18,76","18,88","18,62","197,24K","0,21%"
"12.10.2021","18,76","18,43","18,76","18,39","146,63K","1,52%"
"11.10.2021","18,48","18,47","18,55","18,40","96,05K","0,00%"
"08.10.2021","18,48","18,40","18,70","18,27","127,27K","-0,16%"
"07.10.2021","18,51","18,62","18,75","18,51","229,11K","-0,54%"
"06.10.2021","18,61","18,33","18,72","18,23","360,88K","1,42%"
"05.10.2021","18,35","18,00","18,41","18,00","272,03K","1,89%"
"04.10.2021","18,01","18,20","18,20","17,91","105,98K","-0,55%"
"01.10.2021","18,11","18,10","18,17","17,98","126,09K","-0,55%"
"30.09.2021","18,21","18,41","18,41","18,08","177,32K","0,17%"
"29.09.2021","18,18","18,14","18,22","18,03","166,02K","0,28%"
"28.09.2021","18,13","18,33","18,45","18,02","163,10K","-1,57%"
"27.09.2021","18,42","18,51","18,51","18,24","116,18K","0,49%"
"24.09.2021","18,33","18,48","18,48","18,31","126,41K","-0,87%"
"23.09.2021","18,49","18,45","18,89","18,43","190,73K","0,71%"
"22.09.2021","18,36","18,31","18,45","18,23","198,62K","0,71%"
"21.09.2021","18,23","18,07","18,32","18,04","209,26K","1,00%"
"20.09.2021","18,05","18,23","18,23","17,75","238,53K","-1,37%"
"17.09.2021","18,30","18,38","18,51","18,22","186,46K","0,11%"
"16.09.2021","18,28","18,20","18,38","18,13","193,74K","-0,05%"
"15.09.2021","18,29","18,12","18,40","18,11","208,91K","0,83%"
"14.09.2021","18,14","18,46","18,46","18,13","159,05K","-0,77%"
"13.09.2021","18,28","18,15","18,47","18,05","113,35K","0,38%"
"10.09.2021","18,21","18,44","18,47","18,17","138,13K","-0,76%"
"09.09.2021","18,35","18,40","18,43","18,21","289,38K","-0,76%"
"08.09.2021","18,49","18,67","18,67","18,39","129,68K","-0,43%"
"07.09.2021","18,57","18,66","18,66","18,49","114,69K","-0,48%"
"06.09.2021","18,66","18,57","18,68","18,54","79,12K","0,65%"
"03.09.2021","18,54","18,61","18,74","18,44","221,50K","0,54%"
"02.09.2021","18,44","18,34","18,44","18,21","107,66K","0,27%"
"01.09.2021","18,39","18,43","18,61","18,33","1,11M","0,00%"
"31.08.2021","18,39","18,58","18,61","18,31","1,19M","-0,49%"
"30.08.2021","18,48","18,31","18,54","18,25","126,61K","0,65%"
"27.08.2021","18,36","18,15","18,36","18,09","97,38K","0,88%"
"26.08.2021","18,20","18,43","18,43","18,13","148,87K","-0,82%"
"25.08.2021","18,35","18,67","18,67","18,34","190,17K","-3,32%"
"24.08.2021","18,98","19,23","19,32","18,98","215,02K","-1,76%"
"23.08.2021","19,32","19,28","19,32","19,10","138,05K","1,26%"
"20.08.2021","19,08","19,12","19,16","18,90","1,15M","-0,63%"
"19.08.2021","19,20","19,09","19,38","18,95","241,83K","0,58%"
"18.08.2021","19,09","18,83","19,09","18,80","1,44M","1,60%"
"17.08.2021","18,79","18,61","18,79","18,55","1,17M","1,13%"
"16.08.2021","18,58","18,54","18,59","18,50","415,34K","0,22%"
"13.08.2021","18,54","18,67","18,67","18,50","69,46K","-0,43%"
"12.08.2021","18,62","18,59","18,68","18,44","139,50K","0,22%"
"11.08.2021","18,58","18,53","18,59","18,42","109,04K","0,65%"
"10.08.2021","18,46","18,44","18,50","18,35","71,31K","0,27%"
"09.08.2021","18,41","18,47","18,51","18,30","82,07K","0,27%"
"06.08.2021","18,36","18,43","18,46","18,28","82,98K","-0,33%"
"05.08.2021","18,42","18,35","18,43","18,22","90,58K","0,93%"
"04.08.2021","18,25","18,35","18,36","18,22","82,81K","0,00%"
"03.08.2021","18,25","18,40","18,40","18,17","96,30K","0,05%"
"02.08.2021","18,24","18,29","18,51","18,12","157,27K","0,39%"
"30.07.2021","18,17","18,01","18,23","17,82","159,50K","1,51%"
"29.07.2021","17,90","18,21","18,21","17,88","282,48K","-0,94%"
"28.07.2021","18,07","18,32","18,60","18,07","235,08K","-1,04%"
"27.07.2021","18,26","18,19","18,33","17,81","184,20K","1,90%"
"26.07.2021","17,92","18,10","18,15","17,77","138,60K","0,22%"
"23.07.2021","17,88","17,65","17,91","17,60","112,41K","1,76%"
"22.07.2021","17,57","17,69","17,74","17,50","108,52K","-0,28%"
"21.07.2021","17,62","17,58","17,65","17,39","126,08K","1,38%"
"20.07.2021","17,38","16,95","17,45","16,95","182,50K","2,42%"
"19.07.2021","16,97","17,23","17,23","16,95","222,25K","-1,68%"
"16.07.2021","17,26","17,32","17,36","17,04","203,08K","-0,35%"
"15.07.2021","17,32","17,50","17,50","17,28","110,59K","-0,74%"
"14.07.2021","17,45","17,48","17,48","17,31","83,99K","-0,11%"
"13.07.2021","17,47","17,57","17,57","17,26","100,99K","-0,17%"
"12.07.2021","17,50","17,49","17,67","17,49","143,68K","0,11%"
"09.07.2021","17,48","17,30","17,59","17,30","118,38K","0,52%"
"08.07.2021","17,39","17,37","17,44","17,13","158,12K","-0,23%"
"07.07.2021","17,43","17,64","17,64","17,32","83,77K","-0,11%"
"06.07.2021","17,45","17,52","17,65","17,45","96,78K","-0,06%"
"05.07.2021","17,46","17,51","17,55","17,41","75,23K","-0,17%"
"02.07.2021","17,49","17,57","17,64","17,47","116,14K","-0,06%"
"01.07.2021","17,50","17,22","17,56","17,22","140,62K","0,92%"
"30.06.2021","17,34","17,35","17,39","17,26","167,55K","0,00%"
"29.06.2021","17,34","17,08","17,37","16,80","213,28K","1,40%"
"28.06.2021","17,10","17,47","17,47","17,10","143,40K","-2,23%"
"25.06.2021","17,49","17,35","17,49","17,28","100,94K","1,04%"
"24.06.2021","17,31","17,23","17,40","17,20","119,95K","0,64%"
"23.06.2021","17,20","17,60","17,61","17,16","125,42K","-0,64%"
"22.06.2021","17,31","17,49","17,50","17,21","86,27K","-0,29%"
"21.06.2021","17,36","17,35","17,40","17,14","168,80K","0,35%"
"18.06.2021","17,30","17,61","17,62","17,24","271,97K","-1,98%"
"17.06.2021","17,65","17,74","17,74","17,58","121,34K","0,06%"
"16.06.2021","17,64","18,00","18,02","17,63","184,16K","-1,23%"
"15.06.2021","17,86","17,89","17,98","17,82","109,43K","0,17%"
"14.06.2021","17,83","18,00","18,02","17,81","229,26K","-0,78%"
"11.06.2021","17,97","18,18","18,29","17,97","212,68K","-1,10%"
"10.06.2021","18,17","18,10","18,29","18,08","157,20K","0,72%"
"09.06.2021","18,04","18,40","18,40","18,04","218,67K","-1,26%"
"08.06.2021","18,27","18,20","18,32","18,10","199,89K","0,55%"
"07.06.2021","18,17","18,17","18,23","18,11","78,62K","0,22%"
"04.06.2021","18,13","18,23","18,27","18,10","129,76K","-0,55%"
"03.06.2021","18,23","18,23","18,34","18,17","96,23K","-0,05%"
"02.06.2021","18,24","18,13","18,43","18,06","189,95K","1,11%"
"01.06.2021","18,04","18,04","18,09","17,92","125,10K","0,67%"
"31.05.2021","17,92","18,17","18,22","17,91","141,33K","-0,11%"
"28.05.2021","17,94","18,12","18,12","17,93","209,98K","-0,55%"
"27.05.2021","18,04","18,45","18,45","18,04","297,86K","-1,64%"
"26.05.2021","18,34","18,35","18,48","18,31","142,80K","0,00%"
"25.05.2021","18,34","18,60","18,63","18,34","131,94K","-0,81%"
"24.05.2021","18,49","18,40","18,49","18,29","123,11K","0,98%"
"21.05.2021","18,31","18,43","18,43","18,21","186,79K","-0,54%"
"20.05.2021","18,41","18,25","18,43","18,13","156,74K","1,43%"
"19.05.2021","18,15","18,34","18,37","18,06","172,57K","-1,31%"
"18.05.2021","18,39","18,43","18,47","18,15","187,20K","0,77%"
"17.05.2021","18,25","18,54","18,54","18,21","172,99K","0,05%"
"14.05.2021","18,24","18,30","18,36","18,11","202,05K","0,27%"
"13.05.2021","18,19","18,35","18,35","18,01","242,01K","-1,41%"
"12.05.2021","18,45","18,19","18,55","18,19","192,39K","1,26%"
"11.05.2021","18,22","18,29","18,45","18,03","231,94K","-1,35%"
"10.05.2021","18,47","17,67","18,72","17,67","510,83K","4,94%"
"07.05.2021","17,60","17,68","17,69","17,51","184,27K","-0,23%"
"06.05.2021","17,64","17,45","17,68","17,42","200,40K","1,26%"
"05.05.2021","17,42","17,40","17,55","17,36","145,42K","0,40%"
"04.05.2021","17,35","17,56","17,56","17,31","149,42K","-0,80%"
"03.05.2021","17,49","17,40","17,50","17,27","111,15K","1,10%"
"30.04.2021","17,30","17,22","17,36","17,13","196,94K","0,64%"
"29.04.2021","17,19","17,03","17,22","17,03","153,24K","0,59%"
"28.04.2021","17,09","17,09","17,19","17,03","132,79K","0,00%"
"27.04.2021","17,09","17,36","17,36","16,97","171,97K","-0,47%"
"26.04.2021","17,17","17,37","17,40","17,11","165,24K","-0,81%"
"23.04.2021","17,31","17,39","17,43","17,31","119,60K","-0,40%"
"22.04.2021","17,38","17,31","17,39","17,16","167,72K","0,93%"
"21.04.2021","17,22","17,10","17,22","17,00","218,15K","0,64%"
"20.04.2021","17,11","17,33","17,35","16,99","203,85K","-1,16%"
"19.04.2021","17,31","17,47","17,50","17,26","158,41K","-0,80%"
"16.04.2021","17,45","17,25","17,46","17,20","242,30K","1,16%"
"15.04.2021","17,25","17,12","17,37","17,09","223,26K","0,88%"
"14.04.2021","17,10","16,99","17,10","16,87","187,10K","0,12%"
"13.04.2021","17,08","17,08","17,12","16,90","208,49K","0,06%"
"12.04.2021","17,07","17,20","17,21","16,96","203,95K","-0,41%"
"09.04.2021","17,14","17,11","17,16","16,96","122,09K","-0,06%"
"08.04.2021","17,15","17,05","17,16","16,92","136,00K","0,65%"
"07.04.2021","17,04","16,93","17,05","16,85","163,47K","0,71%"
"06.04.2021","16,92","17,20","17,20","16,87","194,58K","-0,35%"
"01.04.2021","16,98","17,00","17,04","16,86","119,64K","0,47%"
"31.03.2021","16,90","17,14","17,26","16,88","237,36K","-1,40%"
"30.03.2021","17,14","17,02","17,28","17,02","175,95K","0,71%"
"29.03.2021","17,02","16,76","17,12","16,76","265,91K","1,19%"
"26.03.2021","16,82","16,80","16,82","16,70","124,15K","0,60%"
"25.03.2021","16,72","16,70","16,78","16,62","136,32K","0,24%"
"24.03.2021","16,68","16,78","16,78","16,60","150,54K","-0,24%"
"23.03.2021","16,72","16,88","16,88","16,66","145,80K","-0,59%"
"22.03.2021","16,82","16,84","16,88","16,58","206,83K","0,36%"
"19.03.2021","16,76","16,62","16,86","16,52","471,57K","0,60%"
"18.03.2021","16,66","16,52","16,66","16,42","156,75K","0,85%"
"17.03.2021","16,52","16,56","16,58","16,34","229,37K","0,00%"
"16.03.2021","16,52","16,34","16,56","16,30","323,84K","1,60%"
"15.03.2021","16,26","16,34","16,50","16,20","212,33K","0,12%"
"12.03.2021","16,24","16,34","16,38","16,24","125,81K","-0,37%"
"11.03.2021","16,30","15,94","16,34","15,86","382,22K","-0,73%"
"10.03.2021","16,42","16,30","16,56","16,20","289,11K","0,98%"
"09.03.2021","16,26","16,50","16,52","16,22","280,14K","-1,22%"
"08.03.2021","16,46","16,66","16,66","16,22","266,12K","-0,36%"
"05.03.2021","16,52","16,48","16,52","16,26","223,52K","0,73%"
"04.03.2021","16,40","16,58","16,60","16,28","204,11K","-0,61%"
"03.03.2021","16,50","16,70","16,72","16,42","142,50K","-0,36%"
"02.03.2021","16,56","16,14","16,72","16,14","349,48K","2,22%"
"01.03.2021","16,20","16,20","16,44","16,16","352,24K","1,12%"
"26.02.2021","16,02","16,10","16,44","16,00","290,31K","-1,84%"
"25.02.2021","16,32","16,42","16,62","16,20","264,81K","0,00%"
"24.02.2021","16,32","16,18","16,54","16,00","396,44K","-2,63%"
"23.02.2021","16,76","17,00","17,00","16,58","409,92K","-0,59%"
"22.02.2021","16,86","16,84","17,12","16,72","408,65K","0,96%"
"19.02.2021","16,70","16,68","16,82","16,58","245,99K","0,97%"
"18.02.2021","16,54","16,72","16,84","16,52","209,66K","-0,72%"
"17.02.2021","16,66","16,50","16,70","16,42","186,75K","1,34%"
"16.02.2021","16,44","16,38","16,56","16,24","204,88K","1,23%"
"15.02.2021","16,24","16,20","16,46","16,04","317,22K","1,75%"
"12.02.2021","15,96","16,10","16,10","15,84","183,01K","-0,13%"
"11.02.2021","15,98","16,24","16,26","15,96","180,32K","-1,11%"
"10.02.2021","16,16","16,36","16,50","16,08","250,29K","-0,37%"
"09.02.2021","16,22","16,34","16,34","15,82","291,99K","0,87%"
"08.02.2021","16,08","15,62","16,50","15,62","336,38K","3,61%"
"05.02.2021","15,52","15,48","15,70","15,48","196,98K","0,26%"
"04.02.2021","15,48","15,58","15,66","15,36","176,14K","-0,51%"
"03.02.2021","15,56","15,68","15,80","15,56","121,11K","0,00%"
"02.02.2021","15,56","15,60","15,74","15,56","182,28K","0,13%"
"01.02.2021","15,54","15,68","15,70","15,52","131,21K","0,00%"
"29.01.2021","15,54","15,78","15,80","15,54","174,95K","-1,27%"
"28.01.2021","15,74","15,84","15,94","15,68","242,43K","-0,38%"
"27.01.2021","15,80","16,36","16,36","15,72","252,78K","-3,07%"
"26.01.2021","16,30","15,96","16,30","15,96","138,08K","2,13%"
"25.01.2021","15,96","16,34","16,36","15,92","202,75K","-1,97%"
"22.01.2021","16,28","16,40","16,40","16,12","142,75K","-0,73%"
"21.01.2021","16,40","16,78","16,78","16,36","145,97K","-1,44%"
"20.01.2021","16,64","16,78","16,82","16,64","115,89K","-0,48%"
"19.01.2021","16,72","16,68","16,72","16,52","138,38K","0,24%"
"18.01.2021","16,68","16,70","16,86","16,58","183,74K","0,48%"
"15.01.2021","16,60","16,24","16,92","16,24","494,80K","2,09%"
"14.01.2021","16,26","16,30","16,44","16,22","246,90K","-0,37%"
"13.01.2021","16,32","16,30","16,58","16,24","279,78K","0,12%"
"12.01.2021","16,30","16,30","16,32","16,18","92,02K","0,62%"
"11.01.2021","16,20","16,42","16,42","16,16","145,34K","-0,98%"
"08.01.2021","16,36","16,44","16,44","16,18","145,50K","0,12%"
"07.01.2021","16,34","16,44","16,44","16,18","174,62K","-0,12%"
"06.01.2021","16,36","16,32","16,46","16,24","163,40K","0,49%"
"05.01.2021","16,28","16,10","16,32","16,02","149,53K","1,24%"
"04.01.2021","16,08","16,12","16,28","16,02","117,68K","1,39%"
"31.12.2020","15,86","16,18","16,18","15,86","156,81K","-1,73%"
"30.12.2020","16,14","16,34","16,36","16,14","180,58K","-0,98%"
"29.12.2020","16,30","16,48","16,48","16,26","175,05K","-0,37%"
"28.12.2020","16,36","16,28","16,44","16,24","187,60K","1,49%"
"24.12.2020","16,12","16,30","16,32","16,10","124,91K","-0,74%"
"23.12.2020","16,24","15,66","16,36","15,66","384,44K","4,37%"
"22.12.2020","15,56","15,56","15,64","15,46","104,34K","0,65%"
"21.12.2020","15,46","15,50","15,54","15,20","248,33K","-0,77%"
"18.12.2020","15,58","15,82","15,82","15,54","215,51K","-0,13%"
"17.12.2020","15,60","15,92","15,92","15,54","183,24K","-1,52%"
"16.12.2020","15,84","15,76","15,88","15,68","154,47K","1,15%"
"15.12.2020","15,66","15,62","15,68","15,52","95,70K","0,51%"
"14.12.2020","15,58","15,66","15,76","15,52","141,30K","0,65%"
"11.12.2020","15,48","15,50","15,58","15,32","248,69K","0,00%"
"10.12.2020","15,48","15,80","15,80","15,46","150,69K","-2,03%"
"09.12.2020","15,80","15,78","16,08","15,62","239,85K","0,25%"
"08.12.2020","15,76","15,92","15,92","15,70","112,42K","-1,13%"
"07.12.2020","15,94","15,74","16,24","15,70","263,61K","1,79%"
"04.12.2020","15,66","15,50","15,78","15,40","219,23K","1,42%"
"03.12.2020","15,44","15,52","15,54","15,34","146,06K","0,00%"
"02.12.2020","15,44","15,48","15,52","15,26","174,48K","-0,26%"
"01.12.2020","15,48","15,30","15,50","15,30","167,22K","0,65%"
"30.11.2020","15,38","15,58","15,62","15,38","232,23K","-1,03%"
"27.11.2020","15,54","15,58","15,60","15,44","163,31K","-0,26%"
"26.11.2020","15,58","15,76","15,76","15,56","140,14K","-1,14%"
"25.11.2020","15,76","15,68","15,80","15,58","254,97K","1,42%"
"24.11.2020","15,54","15,50","15,74","15,40","252,88K","0,65%"
"23.11.2020","15,44","15,50","15,58","15,36","193,10K","0,00%"
"20.11.2020","15,44","15,44","15,54","15,38","210,15K","0,26%"
"19.11.2020","15,40","15,36","15,42","15,22","251,69K","0,13%"
"18.11.2020","15,38","15,40","15,48","15,36","171,01K","-0,39%"
"17.11.2020","15,44","15,70","15,70","15,40","161,50K","-1,40%"
"16.11.2020","15,66","16,34","16,34","15,62","425,82K","0,90%"
"13.11.2020","15,52","14,94","15,70","14,80","574,78K","5,01%"
"12.11.2020","14,78","14,66","15,00","14,66","226,93K","0,54%"
"11.11.2020","14,70","15,38","15,38","14,62","479,50K","-3,80%"
"10.11.2020","15,28","15,26","15,44","15,10","282,30K","-0,39%"
"09.11.2020","15,34","15,06","15,44","15,02","234,84K","3,09%"
"06.11.2020","14,88","14,64","15,04","14,58","270,46K","2,06%"
"05.11.2020","14,58","14,52","14,68","14,46","573,69K","0,00%"
"04.11.2020","14,58","14,64","14,70","14,46","196,75K","-0,14%"
"03.11.2020","14,60","14,52","14,66","14,42","166,40K","0,83%"
"02.11.2020","14,48","14,50","14,54","14,16","211,13K","0,00%"
"30.10.2020","14,48","14,24","14,48","14,18","270,49K","1,97%"
"29.10.2020","14,20","14,18","14,46","14,04","264,20K","0,14%"
"28.10.2020","14,18","14,46","14,46","13,94","328,70K","-0,14%"
"27.10.2020","14,20","14,20","14,24","14,00","152,11K","1,14%"
"26.10.2020","14,04","14,26","14,26","13,98","145,23K","-1,13%"
"23.10.2020","14,20","14,26","14,32","14,10","161,75K","0,14%"
"22.10.2020","14,18","14,04","14,24","13,98","239,66K","0,42%"
"21.10.2020","14,12","14,24","14,24","14,08","175,77K","-0,28%"
"20.10.2020","14,16","14,20","14,28","14,12","157,11K","-0,28%"
"19.10.2020","14,20","14,32","14,38","14,16","144,77K","-0,42%"
"16.10.2020","14,26","14,32","14,34","14,20","174,98K","0,00%"
"15.10.2020","14,26","14,40","14,40","14,14","161,23K","-0,83%"
"14.10.2020","14,38","14,46","14,48","14,28","69,53K","0,00%"
"13.10.2020","14,38","14,52","14,52","14,26","131,15K","-0,14%"
"12.10.2020","14,40","14,62","14,62","14,38","68,32K","-0,69%"
"09.10.2020","14,50","14,44","14,60","14,36","230,29K","0,83%"
"08.10.2020","14,38","14,60","14,60","14,34","130,94K","-0,14%"
"07.10.2020","14,40","14,86","14,86","14,38","91,16K","-0,83%"
"06.10.2020","14,52","14,76","14,76","14,46","147,76K","0,00%"
"05.10.2020","14,52","14,50","14,60","14,44","86,04K","0,69%"
"02.10.2020","14,42","14,58","14,72","14,26","127,60K","-1,50%"
"01.10.2020","14,64","14,70","14,74","14,52","104,52K","0,27%"
"30.09.2020","14,60","14,60","14,66","14,40","93,57K","0,00%"
"29.09.2020","14,60","14,74","14,80","14,52","67,61K","-0,82%"
"28.09.2020","14,72","14,86","14,86","14,62","55,65K","-0,14%"
"25.09.2020","14,74","14,94","14,94","14,50","102,96K","0,00%"
"24.09.2020","14,74","15,00","15,00","14,60","101,70K","-1,60%"
"23.09.2020","14,98","15,08","15,12","14,88","148,45K","-0,13%"
"22.09.2020","15,00","14,82","15,32","14,78","165,98K","1,08%"
"21.09.2020","14,84","15,16","15,16","14,70","158,92K","-1,72%"
"18.09.2020","15,10","15,40","15,40","15,00","155,03K","-1,56%"
"17.09.2020","15,34","15,14","15,34","15,14","84,35K","0,79%"
"16.09.2020","15,22","15,20","15,40","15,14","103,21K","0,00%"
"15.09.2020","15,22","15,10","15,28","15,00","66,18K","0,53%"
"14.09.2020","15,14","15,40","15,40","15,12","65,02K","-1,30%"
"11.09.2020","15,34","14,92","15,40","14,92","108,51K","2,68%"
"10.09.2020","14,94","14,90","15,14","14,88","154,09K","0,27%"
"09.09.2020","14,90","14,80","15,00","14,76","91,10K","0,54%"
"08.09.2020","14,82","14,64","14,86","14,62","81,73K","1,23%"
"07.09.2020","14,64","14,68","14,78","14,56","47,35K","0,55%"
"04.09.2020","14,56","14,70","14,70","14,46","100,22K","0,00%"
"03.09.2020","14,56","14,50","14,84","14,50","123,35K","0,41%"
"02.09.2020","14,50","14,84","15,08","14,46","139,21K","-3,07%"
"01.09.2020","14,96","14,94","15,00","14,74","127,65K","0,67%"
"31.08.2020","14,86","15,20","15,20","14,86","169,70K","-1,59%"
"28.08.2020","15,10","15,14","15,18","15,04","63,17K","-0,26%"
"27.08.2020","15,14","15,50","15,50","15,14","76,53K","-1,05%"
"26.08.2020","15,30","15,60","15,60","15,18","95,68K","-2,67%"
"25.08.2020","15,72","15,78","16,00","15,58","187,46K","1,16%"
"24.08.2020","15,54","15,48","15,72","15,32","164,79K","1,70%"
"21.08.2020","15,28","15,28","15,38","15,10","123,77K","1,06%"
"20.08.2020","15,12","15,18","15,18","15,04","119,74K","-0,26%"
"19.08.2020","15,16","15,14","15,30","14,98","192,65K","0,26%"
"18.08.2020","15,12","15,52","15,52","15,04","289,90K","-2,58%"
"17.08.2020","15,52","15,96","15,96","15,44","177,56K","-1,77%"
"14.08.2020","15,80","16,04","16,04","15,70","110,85K","-1,74%"
"13.08.2020","16,08","16,18","16,26","16,08","124,95K","0,12%"
"12.08.2020","16,06","16,04","16,20","16,00","171,93K","0,50%"
"11.08.2020","15,98","15,96","16,10","15,82","127,37K","0,38%"
"10.08.2020","15,92","15,92","15,94","15,72","113,37K","1,02%"
"07.08.2020","15,76","15,84","15,92","15,50","113,24K","-0,51%"
"06.08.2020","15,84","16,08","16,08","15,68","128,40K","-0,25%"
"05.08.2020","15,88","15,98","16,14","15,84","117,95K","0,51%"
"04.08.2020","15,80","15,86","16,08","15,76","192,53K","-0,25%"
"03.08.2020","15,84","15,90","15,90","15,64","81,01K","0,64%"
"31.07.2020","15,74","16,16","16,16","15,70","89,97K","-0,13%"
"30.07.2020","15,76","16,34","16,34","15,66","123,13K","-2,35%"
"29.07.2020","16,14","16,24","16,24","15,96","122,09K","0,37%"
"28.07.2020","16,08","16,48","16,48","16,02","78,68K","-0,25%"
"27.07.2020","16,12","16,28","16,34","16,08","178,96K","-0,86%"
"24.07.2020","16,26","16,46","16,84","16,22","131,46K","-0,37%"
"23.07.2020","16,32","16,20","16,40","15,96","124,11K","1,87%"
"22.07.2020","16,02","15,80","16,12","15,64","126,48K","2,17%"
"21.07.2020","15,68","16,00","16,02","15,64","100,15K","-1,26%"
"20.07.2020","15,88","15,96","15,96","15,78","68,44K","-0,63%"
"17.07.2020","15,98","16,02","16,04","15,60","131,74K","0,76%"
"16.07.2020","15,86","16,06","16,06","15,78","74,69K","-0,88%"
"15.07.2020","16,00","15,96","16,06","15,70","60,95K","1,39%"
"14.07.2020","15,78","15,84","15,90","15,70","110,39K","0,00%"
"13.07.2020","15,78","15,98","16,10","15,74","121,68K","0,38%"
"10.07.2020","15,72","15,90","16,16","15,60","198,56K","-1,63%"
"09.07.2020","15,98","16,20","16,34","15,94","110,55K","-1,48%"
"08.07.2020","16,22","16,56","16,66","16,22","76,14K","-2,52%"
"07.07.2020","16,64","16,60","16,70","16,50","60,25K","0,24%"
"06.07.2020","16,60","16,36","16,76","16,36","64,35K","1,34%"
"03.07.2020","16,38","16,60","16,60","16,28","44,29K","-0,24%"
"02.07.2020","16,42","16,44","16,82","16,42","95,87K","-0,48%"
"01.07.2020","16,50","16,50","16,72","16,30","89,74K","-0,60%"
"30.06.2020","16,60","16,38","16,64","16,38","96,93K","0,61%"
"29.06.2020","16,50","16,34","16,50","16,30","70,55K","0,73%"
"26.06.2020","16,38","16,70","16,70","16,32","70,00K","0,12%"
"25.06.2020","16,36","16,62","16,84","16,26","146,15K","-2,27%"
"24.06.2020","16,74","16,96","17,00","16,70","104,87K","-0,36%"
"23.06.2020","16,80","16,88","17,00","16,80","148,44K","-0,24%"
"22.06.2020","16,84","16,88","16,98","16,66","105,03K","-1,52%"
"19.06.2020","17,10","17,40","17,44","16,96","1,48M","-0,35%"
"18.06.2020","17,16","16,80","17,16","16,74","136,24K","0,94%"
"17.06.2020","17,00","17,00","17,24","16,76","115,77K","0,00%"
"16.06.2020","17,00","17,14","17,42","16,82","177,91K","1,07%"
"15.06.2020","16,82","16,30","16,82","16,26","150,59K","2,44%"
"12.06.2020","16,42","16,44","16,74","16,08","122,66K","0,98%"
"11.06.2020","16,26","16,46","16,46","16,04","148,53K","-1,57%"
"10.06.2020","16,52","16,70","16,86","16,52","102,22K","-0,36%"
"09.06.2020","16,58","17,36","17,36","16,30","158,79K","-3,38%"
"08.06.2020","17,16","17,50","17,50","17,16","98,44K","-1,49%"
"05.06.2020","17,42","17,16","17,60","17,14","132,54K","2,11%"
"04.06.2020","17,06","17,02","17,16","16,86","73,68K","0,59%"
"03.06.2020","16,96","16,90","17,08","16,68","180,91K","2,05%"
"02.06.2020","16,62","16,88","16,94","16,48","153,11K","-0,12%"
"01.06.2020","16,64","16,62","16,94","16,46","75,41K","0,36%"
"29.05.2020","16,58","16,44","16,58","15,74","554,42K","1,22%"
"28.05.2020","16,38","16,50","16,74","16,14","201,60K","-0,49%"
"27.05.2020","16,46","16,46","16,58","16,14","167,63K","0,61%"
"26.05.2020","16,36","16,50","16,56","16,32","125,07K","0,12%"
"25.05.2020","16,34","16,58","16,86","16,34","114,62K","0,12%"
"22.05.2020","16,32","16,40","16,46","16,20","243,10K","-0,24%"
"21.05.2020","16,36","16,20","16,68","16,18","95,91K","-0,61%"
"20.05.2020","16,46","16,36","16,72","16,22","132,56K","-0,24%"
"19.05.2020","16,50","16,74","17,28","16,38","208,90K","-0,60%"
"18.05.2020","16,60","16,40","16,60","16,40","99,41K","1,84%"
"15.05.2020","16,30","16,06","16,42","16,06","53,71K","0,87%"
"14.05.2020","16,16","16,48","16,48","16,08","277,62K","-1,94%"
"13.05.2020","16,48","16,50","16,54","16,36","114,63K","-0,36%"
"12.05.2020","16,54","16,50","16,62","16,38","108,47K","0,24%"
"11.05.2020","16,50","16,44","16,60","16,42","131,21K","2,23%"
"08.05.2020","16,14","16,50","16,50","16,08","45,26K","-0,25%"
"07.05.2020","16,18","16,24","16,26","16,18","54,21K","-0,61%"
"06.05.2020","16,28","16,40","16,46","16,12","107,73K","0,25%"
"05.05.2020","16,24","16,40","16,40","16,20","64,41K","0,00%"
"04.05.2020","16,24","16,16","16,34","15,92","108,31K","-0,12%"
"30.04.2020","16,26","16,04","16,38","16,04","80,97K","0,00%"
"29.04.2020","16,26","16,18","16,60","15,94","214,33K","1,25%"
"28.04.2020","16,06","16,00","16,28","15,96","100,31K","0,37%"
"27.04.2020","16,00","16,50","16,50","16,00","77,90K","0,25%"
"24.04.2020","15,96","15,92","16,04","15,62","90,04K","-0,25%"
"23.04.2020","16,00","16,08","16,22","15,92","173,46K","0,25%"
"22.04.2020","15,96","15,40","15,98","15,40","88,77K","3,64%"
"21.04.2020","15,40","15,82","15,82","15,28","167,06K","-1,41%"
"20.04.2020","15,62","15,80","15,80","15,40","148,58K","2,09%"
"17.04.2020","15,30","15,16","15,74","15,16","130,26K","1,06%"
"16.04.2020","15,14","15,24","15,28","15,04","78,92K","-1,05%"
"15.04.2020","15,30","15,40","15,40","14,98","99,46K","1,59%"
"14.04.2020","15,06","15,32","15,66","15,02","121,83K","-1,70%"
"09.04.2020","15,32","14,80","15,32","14,68","98,48K","4,22%"
"08.04.2020","14,70","14,80","14,80","14,44","89,33K","0,41%"
"07.04.2020","14,64","14,42","14,82","14,32","184,09K","3,24%"
"06.04.2020","14,18","15,00","15,00","14,18","176,02K","-2,34%"
"03.04.2020","14,52","14,66","14,66","14,28","142,59K","0,69%"
"02.04.2020","14,42","14,74","14,76","14,28","222,68K","-0,83%"
"01.04.2020","14,54","14,06","14,66","14,04","115,60K","-0,34%"
"31.03.2020","14,59","14,98","14,98","14,41","125,08K","1,67%"
"30.03.2020","14,35","14,40","14,80","14,00","243,65K","-5,09%"
"27.03.2020","15,12","15,55","15,72","14,77","192,42K","-2,39%"
"26.03.2020","15,49","14,07","15,49","13,80","199,45K","12,49%"
"25.03.2020","13,77","13,95","14,12","13,20","243,11K","0,00%"
"24.03.2020","13,77","13,52","15,76","13,02","455,64K","6,41%"
"23.03.2020","12,94","14,25","14,25","12,94","358,50K","-9,76%"
"20.03.2020","14,34","14,00","14,61","13,89","264,32K","5,44%"
"19.03.2020","13,60","14,91","14,91","13,60","135,67K","-1,59%"
"18.03.2020","13,82","14,29","14,52","13,82","219,93K","-3,29%"
"17.03.2020","14,29","16,50","16,50","13,80","159,75K","3,85%"
"16.03.2020","13,76","14,50","14,52","13,76","296,41K","-8,27%"
"13.03.2020","15,00","15,37","16,16","14,88","311,23K","-0,73%"
"12.03.2020","15,11","16,50","16,52","15,09","399,51K","-10,49%"
"11.03.2020","16,88","17,32","17,43","16,82","264,49K","-1,34%"
"10.03.2020","17,11","17,66","18,01","17,09","281,60K","-1,44%"
"09.03.2020","17,36","17,50","17,62","17,10","258,90K","-3,29%"
"06.03.2020","17,95","17,87","18,08","17,62","208,43K","-0,28%"
"05.03.2020","18,00","18,31","18,31","17,90","180,14K","-0,77%"
"04.03.2020","18,14","18,10","18,34","17,90","172,62K","1,45%"
"03.03.2020","17,88","18,80","18,99","17,87","322,02K","-3,82%"
"02.03.2020","18,59","18,86","18,88","18,52","191,52K","1,20%"
"28.02.2020","18,37","18,59","18,59","17,94","213,39K","-0,54%"
"27.02.2020","18,47","19,00","19,06","18,34","192,52K","-2,53%"
"26.02.2020","18,95","19,20","19,21","18,80","205,71K","-2,02%"
"25.02.2020","19,34","20,00","20,00","19,34","259,48K","-2,67%"
"24.02.2020","19,87","20,10","20,10","19,55","218,26K","-2,79%"
"21.02.2020","20,44","20,28","20,60","20,10","86,27K","0,10%"
"20.02.2020","20,42","20,60","20,72","20,38","49,10K","-0,97%"
"19.02.2020","20,62","20,74","20,84","20,56","53,22K","-0,10%"
"18.02.2020","20,64","20,66","20,90","20,50","86,53K","0,49%"
"17.02.2020","20,54","20,52","20,60","20,38","61,61K","0,98%"
"14.02.2020","20,34","20,30","20,50","20,28","115,74K","0,59%"
"13.02.2020","20,22","20,34","20,44","20,14","71,20K","-0,69%"
"12.02.2020","20,36","20,36","20,52","20,30","61,48K","-0,20%"
"11.02.2020","20,40","20,44","20,46","20,18","158,44K","0,49%"
"10.02.2020","20,30","20,48","20,60","20,16","83,92K","0,10%"
"07.02.2020","20,28","19,95","20,28","19,63","170,45K","1,60%"
"06.02.2020","19,96","20,10","20,32","19,85","149,96K","-0,80%"
"05.02.2020","20,12","20,16","20,28","20,02","121,51K","0,30%"
"04.02.2020","20,06","20,16","20,24","19,98","132,52K","0,00%"
"03.02.2020","20,06","20,28","20,28","19,86","123,79K","-0,99%"
"31.01.2020","20,26","20,38","20,46","19,90","234,06K","-0,20%"
"30.01.2020","20,30","20,26","20,40","20,20","265,26K","-0,29%"
"29.01.2020","20,36","20,76","20,88","20,26","98,98K","-0,29%"
"28.01.2020","20,42","20,48","20,48","20,32","60,90K","0,10%"
"27.01.2020","20,40","20,52","20,52","20,20","96,72K","-0,49%"
"24.01.2020","20,50","20,80","20,84","20,48","64,05K","-0,97%"
"23.01.2020","20,70","20,66","20,84","20,50","129,01K","0,19%"
"22.01.2020","20,66","20,92","20,92","20,66","77,80K","-0,86%"
"21.01.2020","20,84","21,00","21,24","20,82","81,00K","-0,67%"
"20.01.2020","20,98","21,10","21,28","20,88","112,91K","0,38%"
"17.01.2020","20,90","20,76","21,04","20,76","81,19K","1,16%"
"16.01.2020","20,66","20,72","20,90","20,66","74,74K","0,10%"
"15.01.2020","20,64","20,78","20,86","20,52","66,57K","-0,10%"
"14.01.2020","20,66","20,64","20,80","20,60","104,17K","0,10%"
"13.01.2020","20,64","20,72","20,72","20,54","60,35K","0,00%"
"10.01.2020","20,64","20,76","20,80","20,54","72,55K","0,00%"
"09.01.2020","20,64","20,60","20,76","20,58","172,91K","0,49%"
"08.01.2020","20,54","20,48","20,54","20,36","118,80K","0,39%"
"07.01.2020","20,46","20,42","20,86","20,42","182,35K","0,89%"
"06.01.2020","20,28","20,42","20,42","20,24","42,02K","-0,59%"
"03.01.2020","20,40","20,38","20,46","20,26","78,89K","0,20%"
"02.01.2020","20,36","20,02","20,56","20,02","89,06K","1,29%"
"31.12.2019","20,10","20,26","20,26","20,10","56,59K","-0,89%"
"30.12.2019","20,28","20,48","20,48","20,24","94,11K","-0,10%"
"27.12.2019","20,30","20,92","20,94","20,20","119,91K","-0,10%"
"24.12.2019","20,32","20,20","20,42","20,10","49,28K","0,30%"
"23.12.2019","20,26","20,72","20,72","20,18","200,27K","-1,65%"
"20.12.2019","20,60","21,14","21,24","20,38","161,18K","-1,44%"
"19.12.2019","20,90","20,94","20,96","20,80","83,58K","-0,38%"
"18.12.2019","20,98","21,20","21,30","20,94","85,81K","-1,32%"
"17.12.2019","21,26","21,32","21,38","21,02","145,50K","0,00%"
"16.12.2019","21,26","21,34","21,40","21,18","78,82K","-0,19%"
"13.12.2019","21,30","21,40","21,40","21,14","91,37K","0,66%"
"12.12.2019","21,16","20,96","21,38","20,88","146,79K","1,05%"
"11.12.2019","20,94","20,86","21,00","20,70","109,56K","0,77%"
"10.12.2019","20,78","20,74","20,84","20,48","90,49K","-0,38%"
"09.12.2019","20,86","20,82","20,86","20,74","55,26K","0,48%"
"06.12.2019","20,76","20,52","20,88","20,40","90,39K","1,47%"
"05.12.2019","20,46","20,58","20,64","20,36","88,67K","-0,78%"
"04.12.2019","20,62","20,40","20,76","20,36","165,24K","1,18%"
"03.12.2019","20,38","20,56","20,66","20,24","109,40K","-0,68%"
"02.12.2019","20,52","20,60","20,60","20,36","77,09K","0,20%"
"29.11.2019","20,48","20,60","20,74","20,40","73,18K","-1,35%"
"28.11.2019","20,76","20,80","20,80","20,60","70,38K","0,29%"
"27.11.2019","20,70","20,86","20,86","20,62","95,50K","0,10%"
"26.11.2019","20,68","20,72","20,76","20,56","119,10K","0,00%"
"25.11.2019","20,68","20,62","20,72","20,50","105,52K","0,39%"
"22.11.2019","20,60","20,44","20,62","20,26","79,04K","1,78%"
"21.11.2019","20,24","20,48","20,48","20,18","67,89K","-0,78%"
"20.11.2019","20,40","20,40","20,54","20,22","68,71K","0,00%"
"19.11.2019","20,40","20,42","20,66","20,26","95,18K","-0,49%"
"18.11.2019","20,50","20,38","20,54","20,20","178,94K","1,69%"
"15.11.2019","20,16","20,24","20,30","20,04","44,18K","0,20%"
"14.11.2019","20,12","20,10","20,24","20,00","106,65K","-0,20%"
"13.11.2019","20,16","20,02","20,30","20,00","144,03K","-0,10%"
"12.11.2019","20,18","19,79","20,26","19,73","264,37K","2,07%"
"11.11.2019","19,77","19,45","19,79","19,45","84,95K","0,82%"
"08.11.2019","19,61","19,62","19,65","19,43","108,01K","0,10%"
"07.11.2019","19,59","19,43","19,59","19,29","98,27K","0,77%"
"06.11.2019","19,44","19,43","19,47","19,25","88,53K","-0,15%"
"05.11.2019","19,47","19,38","19,49","19,02","102,37K","2,42%"
"04.11.2019","19,01","19,08","19,19","18,84","79,33K","-0,31%"
"01.11.2019","19,07","18,88","19,07","18,85","84,43K","1,49%"
"31.10.2019","18,79","18,85","18,99","18,67","70,93K","-0,32%"
"30.10.2019","18,85","18,98","18,98","18,76","60,85K","-0,21%"
"29.10.2019","18,89","18,83","18,99","18,75","88,24K","0,75%"
"28.10.2019","18,75","18,88","18,88","18,65","46,10K","-0,64%"
"25.10.2019","18,87","19,05","19,15","18,81","101,14K","-1,05%"
"24.10.2019","19,07","18,90","19,19","18,89","137,69K","1,33%"
"23.10.2019","18,82","18,72","18,88","18,60","145,64K","0,86%"
"22.10.2019","18,66","18,76","18,87","18,66","86,22K","-0,32%"
"21.10.2019","18,72","18,72","18,76","18,50","88,89K","0,48%"
"18.10.2019","18,63","18,65","18,72","18,52","69,03K","0,05%"
"17.10.2019","18,62","18,63","18,74","18,50","107,24K","-0,16%"
"16.10.2019","18,65","18,33","18,78","18,31","121,71K","1,36%"
"15.10.2019","18,40","18,13","18,42","18,07","102,08K","1,32%"
"14.10.2019","18,16","18,26","18,26","18,05","66,64K","-0,87%"
"11.10.2019","18,32","18,02","18,32","18,00","99,98K","2,35%"
"10.10.2019","17,90","17,75","18,03","17,60","78,10K","1,36%"
"09.10.2019","17,66","17,53","17,75","17,52","73,02K","0,74%"
"08.10.2019","17,53","17,49","17,56","17,47","64,49K","0,52%"
"07.10.2019","17,44","17,59","17,60","17,27","119,25K","-0,17%"
"04.10.2019","17,47","17,04","17,53","16,88","273,21K","3,56%"
"03.10.2019","16,87","17,33","17,33","16,87","192,28K","-2,65%"
"02.10.2019","17,33","17,92","17,92","17,33","94,87K","-3,40%"
"01.10.2019","17,94","17,90","18,08","17,88","68,85K","0,34%"
"30.09.2019","17,88","17,88","18,00","17,76","62,86K","-0,11%"
"27.09.2019","17,90","18,08","18,10","17,81","73,30K","-0,06%"
"26.09.2019","17,91","17,90","18,05","17,75","115,19K","0,79%"
"25.09.2019","17,77","18,05","18,05","17,57","133,57K","-1,28%"
"24.09.2019","18,00","18,11","18,15","17,99","61,89K","-0,66%"
"23.09.2019","18,12","18,33","18,33","18,11","56,19K","-0,60%"
"20.09.2019","18,23","18,47","18,47","18,23","89,13K","-0,49%"
"19.09.2019","18,32","18,36","18,51","18,28","122,16K","-0,16%"
"18.09.2019","18,35","18,18","18,44","18,15","132,99K","1,33%"
"17.09.2019","18,11","18,23","18,31","18,05","83,61K","-0,66%"
"16.09.2019","18,23","18,50","18,50","18,16","43,66K","-0,87%"
"13.09.2019","18,39","18,30","18,46","18,27","101,17K","0,66%"
"12.09.2019","18,27","17,97","18,36","17,97","237,85K","2,41%"
"11.09.2019","17,84","18,05","18,10","17,82","284,29K","-0,89%"
"10.09.2019","18,00","18,00","18,04","17,93","77,16K","-0,11%"
"09.09.2019","18,02","17,69","18,05","17,69","107,37K","1,92%"
"06.09.2019","17,68","17,81","17,92","17,68","99,80K","-0,90%"
"05.09.2019","17,84","17,85","17,98","17,77","39,16K","0,22%"
"04.09.2019","17,80","17,80","17,98","17,80","59,13K","-0,06%"
"03.09.2019","17,81","17,88","17,88","17,77","68,01K","-0,06%"
"02.09.2019","17,82","17,81","18,04","17,80","39,11K","-0,28%"
"30.08.2019","17,87","17,80","18,01","17,79","80,72K","0,28%"
"29.08.2019","17,82","17,85","17,91","17,78","76,29K","0,11%"
"28.08.2019","17,80","17,85","17,99","17,70","62,36K","-0,50%"
"27.08.2019","17,89","18,10","18,15","17,70","108,71K","-1,87%"
"26.08.2019","18,23","18,05","18,34","17,70","102,08K","1,56%"
"23.08.2019","17,95","18,19","18,23","17,95","56,73K","-0,17%"
"22.08.2019","17,98","18,02","18,20","17,92","90,70K","-0,11%"
"21.08.2019","18,00","18,02","18,16","17,96","61,51K","0,00%"
"20.08.2019","18,00","18,31","18,31","17,94","92,20K","-0,61%"
"19.08.2019","18,11","18,21","18,23","17,99","65,73K","0,22%"
"16.08.2019","18,07","17,80","18,11","17,80","68,42K","1,69%"
"15.08.2019","17,77","17,93","18,06","17,65","80,47K","-1,00%"
"14.08.2019","17,95","17,99","18,06","17,90","124,69K","-0,22%"
"13.08.2019","17,99","17,87","18,14","17,84","153,28K","0,17%"
"12.08.2019","17,96","18,33","18,35","17,82","175,06K","-1,48%"
"09.08.2019","18,23","18,52","18,52","18,17","131,07K","-1,25%"
"08.08.2019","18,46","18,76","18,76","18,41","112,03K","-1,02%"
"07.08.2019","18,65","18,94","18,94","18,51","104,66K","-0,75%"
"06.08.2019","18,79","18,65","18,96","18,65","113,14K","0,00%"
"05.08.2019","18,79","18,70","18,85","18,65","94,03K","0,32%"
"02.08.2019","18,73","18,90","18,90","18,59","228,25K","-1,16%"
"01.08.2019","18,95","18,85","19,00","18,81","148,64K","0,37%"
"31.07.2019","18,88","18,97","19,01","18,74","169,17K","-0,63%"
"30.07.2019","19,00","19,18","19,38","18,95","103,83K","-1,76%"
"29.07.2019","19,34","19,61","19,61","19,18","143,89K","-0,82%"
"26.07.2019","19,50","19,73","19,73","19,43","84,66K","-0,76%"
"25.07.2019","19,65","19,87","19,99","19,64","112,57K","0,10%"
"24.07.2019","19,63","19,50","19,82","19,44","207,31K","0,46%"
"23.07.2019","19,54","19,67","19,75","19,50","125,48K","0,21%"
"22.07.2019","19,50","19,85","19,85","19,45","185,47K","-1,76%"
"19.07.2019","19,85","20,06","20,28","19,85","136,50K","-0,45%"
"18.07.2019","19,94","19,95","20,04","19,91","86,50K","-0,60%"
"17.07.2019","20,06","20,06","20,16","20,00","81,03K","-0,30%"
"16.07.2019","20,12","20,00","20,18","19,98","135,71K","0,60%"
"15.07.2019","20,00","20,06","20,28","19,95","81,87K","-0,20%"
"12.07.2019","20,04","20,02","20,22","19,97","109,59K","0,10%"
"11.07.2019","20,02","20,10","20,20","19,99","139,72K","0,10%"
"10.07.2019","20,00","19,97","20,10","19,81","120,49K","0,55%"
"09.07.2019","19,89","20,06","20,12","19,89","132,55K","-1,04%"
"08.07.2019","20,10","20,26","20,32","20,06","179,69K","-1,28%"
"05.07.2019","20,36","20,42","20,46","20,16","103,54K","-0,10%"
"04.07.2019","20,38","20,36","20,52","20,30","141,97K","-0,29%"
"03.07.2019","20,44","19,95","20,44","19,95","164,69K","2,46%"
"02.07.2019","19,95","20,26","20,26","19,87","107,82K","-0,75%"
"01.07.2019","20,10","20,04","20,14","19,85","173,71K","0,90%"
"28.06.2019","19,92","19,75","19,93","19,56","160,08K","1,89%"
"27.06.2019","19,55","19,60","19,93","19,00","370,34K","0,10%"
"26.06.2019","19,53","19,77","19,77","19,53","135,63K","-1,26%"
"25.06.2019","19,78","19,88","19,97","19,74","173,40K","-0,55%"
"24.06.2019","19,89","19,91","20,04","19,82","90,84K","0,35%"
"21.06.2019","19,82","19,95","19,95","19,72","134,58K","0,00%"
"20.06.2019","19,82","19,77","19,95","19,64","187,50K","1,17%"
"19.06.2019","19,59","19,71","19,71","19,51","237,84K","0,00%"
"18.06.2019","19,59","19,74","19,80","19,52","258,72K","-0,91%"
"17.06.2019","19,77","20,30","20,30","19,77","213,46K","-2,80%"
"14.06.2019","20,34","20,12","20,38","20,12","200,35K","1,09%"
"13.06.2019","20,12","20,00","20,20","19,86","137,15K","1,00%"
"12.06.2019","19,92","20,00","20,10","19,92","68,90K","-0,30%"
"11.06.2019","19,98","19,90","20,14","19,90","175,84K","-0,10%"
"10.06.2019","20,00","20,30","20,44","20,00","163,78K","-0,30%"
"07.06.2019","20,06","20,06","20,14","19,79","220,47K","0,80%"
"06.06.2019","19,90","19,99","20,12","19,90","151,02K","0,15%"
"05.06.2019","19,87","19,79","20,14","19,79","129,10K","0,86%"
"04.06.2019","19,70","19,64","19,95","19,64","183,77K","0,20%"
"03.06.2019","19,66","19,70","19,79","19,61","184,83K","-0,66%"
"31.05.2019","19,79","19,73","20,02","19,68","232,18K","-0,20%"
"30.05.2019","19,83","20,14","20,28","19,80","243,89K","-1,54%"
"29.05.2019","20,14","20,80","20,80","20,12","314,99K","-3,54%"
"28.05.2019","20,88","21,50","21,50","20,74","185,21K","-1,14%"
"27.05.2019","21,12","20,82","21,40","20,82","91,39K","1,54%"
"24.05.2019","20,80","20,98","21,00","20,74","309,42K","0,19%"
"23.05.2019","20,76","21,44","21,44","20,44","249,60K","-2,08%"
"22.05.2019","21,20","21,38","21,48","21,10","100,78K","0,47%"
"21.05.2019","21,10","21,34","21,34","20,96","161,69K","0,48%"
"20.05.2019","21,00","21,08","21,12","20,88","105,03K","-0,76%"
"17.05.2019","21,16","21,04","21,16","21,04","90,88K","0,00%"
"16.05.2019","21,16","21,38","21,40","21,06","100,02K","-0,66%"
"15.05.2019","21,30","21,30","21,36","21,16","121,61K","0,00%"
"14.05.2019","21,30","21,56","21,68","21,22","153,89K","-1,11%"
"13.05.2019","21,54","21,52","21,62","21,46","97,09K","-0,19%"
"10.05.2019","21,58","21,64","21,74","21,50","160,83K","-0,28%"
"09.05.2019","21,64","21,52","21,72","21,42","116,04K","-0,46%"
"08.05.2019","21,74","21,68","21,96","21,58","203,62K","-0,28%"
"07.05.2019","21,80","21,86","21,96","21,62","122,08K","-0,37%"
"06.05.2019","21,88","21,80","21,88","21,58","74,91K","0,37%"
"03.05.2019","21,80","21,40","21,84","21,30","284,47K","2,44%"
"02.05.2019","21,28","21,10","21,38","21,08","66,51K","0,66%"
"30.04.2019","21,14","21,04","21,18","20,96","112,30K","0,38%"
"29.04.2019","21,06","21,06","21,16","20,94","65,48K","0,29%"
"26.04.2019","21,00","21,32","21,32","20,96","47,33K","-1,50%"
"25.04.2019","21,32","20,72","21,42","20,70","147,36K","2,50%"
"24.04.2019","20,80","20,88","20,96","20,66","203,56K","-0,57%"
"23.04.2019","20,92","21,06","21,06","20,90","121,71K","-0,10%"
"18.04.2019","20,94","21,02","21,26","20,86","137,11K","0,10%"
"17.04.2019","20,92","21,10","21,16","20,92","112,27K","-1,13%"
"16.04.2019","21,16","21,28","21,32","21,16","104,26K","-0,19%"
"15.04.2019","21,20","21,10","21,42","20,98","131,52K","0,28%"
"12.04.2019","21,14","21,42","21,44","21,14","172,38K","-0,84%"
"11.04.2019","21,32","21,46","21,54","21,28","150,81K","0,28%"
"10.04.2019","21,26","21,16","21,52","21,06","315,36K","0,57%"
"09.04.2019","21,14","21,28","21,28","21,04","198,56K","0,00%"
"08.04.2019","21,14","20,96","21,22","20,96","130,44K","0,57%"
"05.04.2019","21,02","21,32","21,32","21,02","178,50K","-1,22%"
"04.04.2019","21,28","21,34","21,34","21,02","113,09K","0,19%"
"03.04.2019","21,24","21,40","21,44","21,24","59,03K","-0,65%"
"02.04.2019","21,38","21,18","21,50","21,18","99,37K","0,75%"
"01.04.2019","21,22","21,04","21,28","21,02","111,19K","1,05%"
"29.03.2019","21,00","21,02","21,06","20,84","116,47K","0,00%"
"28.03.2019","21,00","20,86","21,12","20,68","162,28K","1,06%"
"27.03.2019","20,78","20,84","20,94","20,34","157,53K","-1,42%"
"26.03.2019","21,08","21,36","21,38","21,02","99,39K","0,09%"
"25.03.2019","21,06","21,06","21,18","20,92","310,56K","-0,19%"
"22.03.2019","21,10","21,10","21,34","20,96","358,53K","0,19%"
"21.03.2019","21,06","21,48","21,48","20,98","121,17K","-0,94%"
"20.03.2019","21,26","21,20","21,46","21,20","102,93K","0,19%"
"19.03.2019","21,22","21,04","21,42","21,04","110,28K","0,57%"
"18.03.2019","21,10","21,02","21,22","20,96","114,01K","0,38%"
"15.03.2019","21,02","20,92","21,02","20,82","131,53K","1,35%"
"14.03.2019","20,74","21,00","21,00","20,64","111,38K","-1,24%"
"13.03.2019","21,00","21,24","21,24","20,90","293,81K","-0,76%"
"12.03.2019","21,16","21,08","21,38","21,08","66,79K","0,00%"
"11.03.2019","21,16","21,08","21,38","20,94","125,50K","0,57%"
"08.03.2019","21,04","20,88","21,16","20,74","124,68K","0,38%"
"07.03.2019","20,96","21,38","21,38","20,70","214,49K","-2,06%"
"06.03.2019","21,40","21,50","21,62","21,36","94,48K","-0,93%"
"05.03.2019","21,60","21,78","21,84","21,50","166,85K","-0,83%"
"04.03.2019","21,78","21,90","21,98","21,68","75,84K","-0,55%"
"01.03.2019","21,90","22,10","22,20","21,86","90,41K","-1,08%"
"28.02.2019","22,14","22,04","22,18","21,94","79,83K","0,45%"
"27.02.2019","22,04","22,42","22,42","22,00","60,90K","-1,34%"
"26.02.2019","22,34","22,20","22,54","22,18","51,87K","0,18%"
"25.02.2019","22,30","22,40","22,40","22,22","54,95K","-0,54%"
"22.02.2019","22,42","22,40","22,50","22,32","77,32K","-0,44%"
"21.02.2019","22,52","22,42","22,62","22,34","57,95K","0,63%"
"20.02.2019","22,38","22,26","22,58","22,26","73,15K","0,09%"
"19.02.2019","22,36","22,36","22,44","22,20","91,41K","0,00%"
"18.02.2019","22,36","22,32","22,40","22,30","72,58K","-0,18%"
"15.02.2019","22,40","22,30","22,40","22,16","60,88K","0,90%"
"14.02.2019","22,20","22,40","22,40","22,18","111,51K","-0,98%"
"13.02.2019","22,42","22,76","22,76","22,36","43,25K","-1,23%"
"12.02.2019","22,70","22,32","22,72","22,28","98,61K","2,81%"
"11.02.2019","22,08","22,06","22,22","21,90","120,06K","0,64%"
"08.02.2019","21,94","22,32","22,32","21,94","85,60K","-1,70%"
"07.02.2019","22,32","22,22","22,48","22,20","71,77K","0,27%"
"06.02.2019","22,26","22,02","22,32","22,02","108,22K","0,63%"
"05.02.2019","22,12","22,08","22,28","22,08","98,85K","-0,45%"
"04.02.2019","22,22","22,26","22,40","21,98","64,52K","-0,09%"
"01.02.2019","22,24","22,36","22,60","22,24","125,29K","-1,33%"
"31.01.2019","22,54","22,52","23,02","22,44","124,29K","-0,53%"
"30.01.2019","22,66","22,72","22,80","22,52","69,58K","0,27%"
"29.01.2019","22,60","22,80","22,80","22,52","83,92K","-0,62%"
"28.01.2019","22,74","22,84","22,88","22,54","139,03K","-0,26%"
"25.01.2019","22,80","22,96","22,96","22,74","50,69K","0,00%"
"24.01.2019","22,80","22,72","23,08","22,68","210,76K","0,44%"
"23.01.2019","22,70","22,60","22,86","22,46","112,25K","0,62%"
"22.01.2019","22,56","22,66","22,86","22,50","95,44K","-0,44%"
"21.01.2019","22,66","22,38","22,82","22,38","70,06K","1,16%"
"18.01.2019","22,40","22,50","22,76","22,38","133,00K","-0,18%"
"17.01.2019","22,44","22,48","22,58","22,24","116,37K","-0,44%"
"16.01.2019","22,54","22,46","22,94","22,26","94,97K","-0,18%"
"15.01.2019","22,58","22,74","22,76","22,42","109,11K","0,09%"
"14.01.2019","22,56","22,32","22,60","22,32","88,92K","0,27%"
"11.01.2019","22,50","22,68","22,70","22,50","59,23K","-0,09%"
"10.01.2019","22,52","22,68","22,76","22,44","125,02K","-0,53%"
"09.01.2019","22,64","22,80","22,94","22,54","169,51K","-0,26%"
"08.01.2019","22,70","22,40","22,78","22,40","189,86K","1,52%"
"07.01.2019","22,36","22,32","22,44","22,02","70,83K","0,27%"
"04.01.2019","22,30","21,86","22,40","21,86","180,19K","2,11%"
"03.01.2019","21,84","21,74","22,02","21,54","100,55K","0,00%"
"02.01.2019","21,84","21,88","21,88","21,50","58,42K","-0,09%"
"31.12.2018","21,86","21,94","22,16","21,82","25,15K","0,00%"
"28.12.2018","21,86","21,44","21,88","21,42","77,11K","2,15%"
"27.12.2018","21,40","21,80","22,06","21,36","88,34K","-1,56%"
"24.12.2018","21,74","22,02","22,18","21,74","47,97K","-1,72%"
"21.12.2018","22,12","21,88","22,14","21,68","178,80K","1,10%"
"20.12.2018","21,88","22,28","22,28","21,64","111,33K","-1,88%"
"19.12.2018","22,30","22,16","22,70","21,96","162,45K","0,72%"
"18.12.2018","22,14","22,08","22,24","21,94","176,05K","0,45%"
"17.12.2018","22,04","21,50","22,14","21,50","109,73K","2,04%"
"14.12.2018","21,60","21,60","21,60","21,38","114,15K","-0,09%"
"13.12.2018","21,62","21,68","21,74","21,52","64,68K","0,28%"
"12.12.2018","21,56","21,44","21,62","21,32","137,14K","1,03%"
"11.12.2018","21,34","21,62","21,68","21,08","182,74K","-1,20%"
"10.12.2018","21,60","22,06","22,14","21,56","134,59K","-2,09%"
"07.12.2018","22,06","22,12","22,40","21,94","229,86K","-0,27%"
"06.12.2018","22,12","22,06","22,30","21,68","191,96K","0,09%"
"05.12.2018","22,10","22,18","22,56","21,90","167,17K","-0,90%"
"04.12.2018","22,30","22,28","22,56","22,26","140,87K","-0,45%"
"03.12.2018","22,40","22,22","22,50","21,98","137,46K","1,54%"
"30.11.2018","22,06","21,96","22,16","21,84","124,46K","1,29%"
"29.11.2018","21,78","21,84","22,10","21,78","112,42K","-0,09%"
"28.11.2018","21,80","22,06","22,06","21,70","92,86K","-1,27%"
"27.11.2018","22,08","21,70","22,22","21,64","214,63K","1,85%"
"26.11.2018","21,68","21,64","21,84","21,54","81,38K","0,65%"
"23.11.2018","21,54","21,58","21,66","21,50","75,84K","-0,37%"
"22.11.2018","21,62","21,70","21,76","21,54","96,72K","-0,09%"
"21.11.2018","21,64","21,46","21,86","21,44","140,43K","0,65%"
"20.11.2018","21,50","21,20","21,62","21,14","208,64K","1,32%"
"19.11.2018","21,22","21,12","21,32","20,90","137,85K","0,28%"
"16.11.2018","21,16","20,62","21,26","20,62","125,91K","2,62%"
"15.11.2018","20,62","20,66","20,78","20,40","141,37K","0,00%"
"14.11.2018","20,62","20,68","20,86","20,50","165,03K","-1,53%"
"13.11.2018","20,94","21,34","21,36","20,84","165,14K","-0,95%"
"12.11.2018","21,14","21,38","21,68","20,90","123,19K","0,28%"
"09.11.2018","21,08","21,00","21,28","20,92","82,92K","0,09%"
"08.11.2018","21,06","20,94","21,26","20,72","124,61K","1,15%"
"07.11.2018","20,82","20,84","21,00","20,58","148,52K","0,77%"
"06.11.2018","20,66","20,30","20,72","20,18","65,34K","0,88%"
"05.11.2018","20,48","20,52","20,80","20,34","85,04K","-0,68%"
"02.11.2018","20,62","21,08","21,30","20,54","117,23K","-2,37%"
"01.11.2018","21,12","21,26","21,58","21,00","69,34K","-0,94%"
"31.10.2018","21,32","21,38","21,40","21,02","120,85K","0,38%"
"30.10.2018","21,24","21,28","21,42","21,10","102,49K","-0,47%"
"29.10.2018","21,34","21,40","21,48","21,18","88,41K","0,57%"
"26.10.2018","21,22","21,90","21,90","20,92","104,94K","-3,02%"
"25.10.2018","21,88","21,56","21,92","21,20","132,38K","0,37%"
"24.10.2018","21,80","21,30","22,04","21,30","156,27K","2,44%"
"23.10.2018","21,28","21,92","21,92","21,28","90,60K","-3,54%"
"22.10.2018","22,06","21,98","22,24","21,78","179,41K","1,10%"
"19.10.2018","21,82","21,52","21,86","21,52","152,85K","1,30%"
"18.10.2018","21,54","20,96","21,56","20,94","292,12K","2,77%"
"17.10.2018","20,96","21,06","21,26","20,96","91,10K","-0,57%"
"16.10.2018","21,08","20,80","21,12","20,80","132,45K","0,86%"
"15.10.2018","20,90","20,74","20,92","20,56","65,43K","0,38%"
"12.10.2018","20,82","21,00","21,06","20,76","63,62K","-0,29%"
"11.10.2018","20,88","20,22","21,00","20,00","249,17K","1,75%"
"10.10.2018","20,52","21,32","21,32","20,50","225,76K","-3,39%"
"09.10.2018","21,24","21,54","21,56","21,20","99,42K","-0,47%"
"08.10.2018","21,34","21,20","21,46","21,06","141,89K","0,85%"
"05.10.2018","21,16","21,44","21,50","21,14","146,31K","-1,03%"
"04.10.2018","21,38","22,14","22,14","21,38","197,10K","-3,17%"
"03.10.2018","22,08","22,20","22,24","22,06","109,05K","-0,54%"
"02.10.2018","22,20","22,28","22,30","22,00","179,45K","-0,27%"
"01.10.2018","22,26","22,18","22,64","22,18","223,83K","0,63%"
"28.09.2018","22,12","22,00","22,16","21,98","121,39K","0,55%"
"27.09.2018","22,00","21,96","22,22","21,78","304,10K","0,18%"
"26.09.2018","21,96","22,00","22,02","21,72","81,28K","0,18%"
"25.09.2018","21,92","21,56","21,98","21,52","213,30K","1,76%"
"24.09.2018","21,54","21,82","21,90","21,50","165,09K","-0,92%"
"21.09.2018","21,74","22,14","22,18","21,66","159,00K","-1,81%"
"20.09.2018","22,14","22,32","22,32","22,06","114,31K","-0,27%"
"19.09.2018","22,20","22,64","22,68","22,14","90,91K","-1,60%"
"18.09.2018","22,56","22,58","22,72","22,46","140,01K","0,09%"
"17.09.2018","22,54","22,30","22,72","22,30","144,17K","0,63%"
"14.09.2018","22,40","22,36","22,40","22,20","102,89K","0,63%"
"13.09.2018","22,26","22,24","22,44","22,22","120,23K","-0,54%"
"12.09.2018","22,38","22,36","22,44","22,24","139,11K","-0,09%"
"11.09.2018","22,40","22,50","22,70","22,30","116,32K","-0,09%"
"10.09.2018","22,42","22,10","22,54","22,08","151,80K","1,45%"
"07.09.2018","22,10","22,18","22,28","21,82","105,05K","-0,09%"
"06.09.2018","22,12","22,50","22,50","22,10","170,47K","-1,86%"
"05.09.2018","22,54","22,56","22,72","22,46","154,54K","-0,27%"
"04.09.2018","22,60","22,88","22,88","22,46","145,38K","-1,05%"
"03.09.2018","22,84","22,68","23,06","22,58","123,41K","0,62%"
"31.08.2018","22,70","23,10","23,16","22,64","270,06K","-1,48%"
"30.08.2018","23,04","23,40","23,40","22,90","180,49K","-1,54%"
"29.08.2018","23,40","23,52","23,58","23,36","124,89K","-0,17%"
"28.08.2018","23,44","23,84","23,90","23,40","269,58K","-1,26%"
"27.08.2018","23,74","23,42","23,76","23,40","173,16K","1,89%"
"24.08.2018","23,30","23,02","23,34","23,02","233,54K","0,60%"
"23.08.2018","23,16","23,28","23,34","23,02","301,17K","-0,17%"
"22.08.2018","23,20","23,30","23,40","23,10","275,65K","0,00%"
"21.08.2018","23,20","23,46","23,64","23,20","295,11K","-0,94%"
"20.08.2018","23,42","23,26","23,70","23,08","397,64K","1,12%"
"17.08.2018","23,16","23,12","23,22","22,90","248,98K","0,52%"
"16.08.2018","23,04","22,86","23,30","22,80","265,72K","0,70%"
"15.08.2018","22,88","22,66","22,92","22,44","307,72K","1,06%"
"14.08.2018","22,64","22,48","22,64","22,38","231,26K","1,07%"
"13.08.2018","22,40","22,50","22,50","22,26","503,32K","-0,27%"
"10.08.2018","22,46","22,46","22,50","22,24","248,78K","0,18%"
"09.08.2018","22,42","22,00","22,42","21,96","493,91K","2,19%"
"08.08.2018","21,94","22,00","22,00","21,88","258,63K","-0,09%"
"07.08.2018","21,96","21,80","22,00","21,60","313,90K","0,73%"
"06.08.2018","21,80","21,30","22,00","21,30","417,49K","1,40%"
"03.08.2018","21,50","21,20","21,56","21,12","371,80K","1,70%"
"02.08.2018","21,14","20,70","21,20","20,70","824,62K","2,03%"
"01.08.2018","20,72","20,36","20,74","20,32","371,74K","2,27%"
"31.07.2018","20,26","20,50","21,08","20,16","1,59M","-6,12%"
"30.07.2018","21,58","21,38","21,68","21,30","139,47K","1,12%"
"27.07.2018","21,34","21,20","21,68","21,20","169,74K","0,28%"
"26.07.2018","21,28","21,56","21,92","21,22","244,73K","-1,21%"
"25.07.2018","21,54","22,06","22,06","21,50","131,98K","-2,18%"
"24.07.2018","22,02","21,78","22,10","21,78","97,11K","0,82%"
"23.07.2018","21,84","21,82","21,90","21,38","213,82K","-0,55%"
"20.07.2018","21,96","21,86","22,20","21,82","117,72K","0,27%"
"19.07.2018","21,90","21,80","22,04","21,54","170,71K","0,00%"
"18.07.2018","21,90","22,02","22,24","21,84","107,54K","-0,54%"
"17.07.2018","22,02","22,18","22,48","21,98","194,08K","-1,43%"
"16.07.2018","22,34","22,18","22,36","22,16","101,76K","0,81%"
"13.07.2018","22,16","22,26","22,30","22,10","140,91K","-0,45%"
"12.07.2018","22,26","22,10","22,38","22,08","68,47K","0,82%"
"11.07.2018","22,08","22,34","22,34","21,98","114,26K","-1,16%"
"10.07.2018","22,34","22,20","22,34","22,20","153,80K","0,72%"
"09.07.2018","22,18","22,06","22,22","22,02","126,22K","0,82%"
"06.07.2018","22,00","21,92","22,06","21,84","130,80K","0,46%"
"05.07.2018","21,90","21,76","21,96","21,70","140,14K","0,74%"
"04.07.2018","21,74","21,54","21,78","21,42","156,77K","0,93%"
"03.07.2018","21,54","21,90","22,04","21,48","226,19K","-1,91%"
"02.07.2018","21,96","22,12","22,16","21,76","106,33K","-0,90%"
"29.06.2018","22,16","22,36","22,48","22,00","152,12K","-1,16%"
"28.06.2018","22,42","22,10","22,42","22,00","191,17K","1,45%"
"27.06.2018","22,10","21,92","22,38","21,78","163,20K","0,91%"
"26.06.2018","21,90","21,86","21,96","21,78","83,17K","0,27%"
"25.06.2018","21,84","21,86","22,08","21,84","166,88K","-0,27%"
"22.06.2018","21,90","21,92","22,00","21,84","179,02K","-0,27%"
"21.06.2018","21,96","22,00","22,06","21,92","233,41K","0,18%"
"20.06.2018","21,92","21,98","22,10","21,70","159,31K","0,18%"
"19.06.2018","21,88","21,76","22,02","21,66","110,32K","0,00%"
"18.06.2018","21,88","22,02","22,02","21,80","321,75K","-0,36%"
"15.06.2018","21,96","22,10","22,12","21,94","180,70K","-0,72%"
"14.06.2018","22,12","21,82","22,20","21,70","184,08K","1,19%"
"13.06.2018","21,86","21,80","21,98","21,52","278,51K","0,37%"
"12.06.2018","21,78","21,60","21,82","21,22","168,74K","0,93%"
"11.06.2018","21,58","21,36","21,62","21,18","130,74K","1,60%"
"08.06.2018","21,24","21,30","21,58","21,20","133,98K","-0,75%"
"07.06.2018","21,40","21,46","21,56","21,34","155,23K","0,09%"
"06.06.2018","21,38","21,54","21,74","21,32","171,05K","-0,56%"
"05.06.2018","21,50","21,36","21,64","21,28","221,51K","0,75%"
"04.06.2018","21,34","21,18","21,44","20,98","241,92K","1,62%"
"01.06.2018","21,00","21,28","21,52","20,98","272,27K","-1,04%"
"31.05.2018","21,22","21,34","21,62","21,22","463,31K","-0,38%"
"30.05.2018","21,30","21,18","21,30","20,98","297,07K","2,01%"
"29.05.2018","20,88","21,04","21,04","20,34","373,56K","-1,04%"
"28.05.2018","21,10","21,16","21,22","20,92","198,45K","0,00%"
"25.05.2018","21,10","21,16","21,32","20,66","300,07K","-0,47%"
"24.05.2018","21,20","20,74","21,22","20,70","326,02K","2,71%"
"23.05.2018","20,64","20,58","20,68","20,46","173,93K","0,39%"
"22.05.2018","20,56","20,48","20,58","20,36","184,03K","0,69%"
"21.05.2018","20,42","20,46","20,56","20,34","99,63K","0,79%"
"18.05.2018","20,26","20,40","20,42","20,20","158,01K","-0,59%"
"17.05.2018","20,38","20,42","20,52","20,28","153,40K","-0,20%"
"16.05.2018","20,42","20,32","20,46","20,24","207,95K","-0,10%"
"15.05.2018","20,44","20,30","20,52","20,24","152,53K","0,89%"
"14.05.2018","20,26","20,16","20,30","20,14","164,89K","0,80%"
"11.05.2018","20,10","20,02","20,14","20,00","209,04K","-0,30%"
"10.05.2018","20,16","19,40","20,22","19,39","279,67K","5,55%"
"09.05.2018","19,10","19,00","19,24","18,65","214,68K","-0,26%"
"08.05.2018","19,15","18,90","19,15","18,84","165,79K","1,27%"
"07.05.2018","18,91","18,96","19,05","18,90","134,57K","0,05%"
"04.05.2018","18,90","18,93","18,96","18,70","176,48K","0,27%"
"03.05.2018","18,85","18,84","18,90","18,77","110,04K","-0,26%"
"02.05.2018","18,90","18,75","18,91","18,75","111,53K","1,12%"
"30.04.2018","18,69","18,65","18,75","18,65","69,10K","0,21%"
"27.04.2018","18,65","18,65","18,72","18,59","93,86K","-0,27%"
"26.04.2018","18,70","18,70","18,80","18,67","73,11K","0,00%"
"25.04.2018","18,70","18,69","18,74","18,64","69,97K","-0,16%"
"24.04.2018","18,73","18,61","18,77","18,61","117,51K","0,21%"
"23.04.2018","18,69","18,58","18,69","18,57","59,72K","0,59%"
"20.04.2018","18,58","18,70","18,70","18,55","74,67K","-0,38%"
"19.04.2018","18,65","18,70","18,75","18,61","93,39K","0,00%"
"18.04.2018","18,65","18,59","18,77","18,59","146,62K","0,27%"
"17.04.2018","18,60","18,41","18,61","18,39","156,48K","0,81%"
"16.04.2018","18,45","18,43","18,57","18,38","90,93K","0,00%"
"13.04.2018","18,45","18,41","18,63","18,32","150,53K","0,00%"
"12.04.2018","18,45","18,29","18,62","18,26","190,63K","0,27%"
"11.04.2018","18,40","18,39","18,47","18,13","109,60K","0,49%"
"10.04.2018","18,31","18,25","18,48","18,21","154,96K","0,49%"
"09.04.2018","18,22","18,20","18,23","17,84","113,41K","0,16%"
"06.04.2018","18,19","17,78","18,19","17,75","257,33K","2,54%"
"05.04.2018","17,74","17,70","17,79","17,66","234,96K","1,03%"
"04.04.2018","17,56","17,30","17,58","17,25","188,37K","1,39%"
"03.04.2018","17,32","17,20","17,53","17,06","227,17K","0,70%"
"29.03.2018","17,20","17,47","17,59","17,14","181,66K","-1,26%"
"28.03.2018","17,42","17,51","17,56","17,24","179,72K","-1,14%"
"27.03.2018","17,62","17,83","17,83","17,55","140,03K","-0,11%"
"26.03.2018","17,64","17,80","17,86","17,45","328,30K","-1,89%"
"23.03.2018","17,98","18,00","18,10","17,61","347,83K","-0,50%"
"22.03.2018","18,07","18,12","18,24","18,03","233,75K","-0,17%"
"21.03.2018","18,10","18,14","18,25","18,05","158,56K","0,06%"
"20.03.2018","18,09","18,26","18,26","18,03","149,55K","-0,77%"
"19.03.2018","18,23","18,26","18,34","18,17","177,94K","0,16%"
"16.03.2018","18,20","18,12","18,27","18,00","381,54K","0,78%"
"15.03.2018","18,06","18,10","18,18","18,04","163,44K","-0,44%"
"14.03.2018","18,14","18,29","18,29","18,00","146,71K","-0,17%"
"13.03.2018","18,17","18,38","18,45","18,11","255,02K","-1,78%"
"12.03.2018","18,50","18,76","18,77","18,22","226,59K","-0,80%"
"09.03.2018","18,65","18,84","18,84","18,57","173,43K","-0,85%"
"08.03.2018","18,81","18,78","19,37","18,78","186,95K","-0,11%"
"07.03.2018","18,83","18,70","18,89","18,60","200,93K","1,29%"
"06.03.2018","18,59","18,48","18,67","18,33","156,64K","1,25%"
"05.03.2018","18,36","18,26","18,50","18,10","141,47K","0,55%"
"02.03.2018","18,26","18,63","18,65","18,26","209,37K","-2,04%"
"01.03.2018","18,64","18,76","18,91","18,61","141,52K","-0,85%"
"28.02.2018","18,80","18,78","18,94","18,62","99,04K","-0,48%"
"27.02.2018","18,89","18,91","19,08","18,77","181,35K","-0,21%"
"26.02.2018","18,93","19,08","19,11","18,91","103,74K","-0,99%"
"23.02.2018","19,12","19,00","19,12","18,90","136,53K","0,79%"
"22.02.2018","18,97","19,10","19,15","18,77","190,93K","-1,15%"
"21.02.2018","19,19","19,15","19,22","19,00","123,26K","0,16%"
"20.02.2018","19,16","19,07","19,28","19,04","122,87K","0,58%"
"19.02.2018","19,05","19,06","19,24","18,97","78,98K","0,11%"
"16.02.2018","19,03","19,02","19,22","18,95","134,01K","0,32%"
"15.02.2018","18,97","18,81","18,99","18,73","280,72K","1,28%"
"14.02.2018","18,73","18,78","18,92","18,70","157,75K","-0,11%"
"13.02.2018","18,75","18,81","18,93","18,52","191,23K","-0,27%"
"12.02.2018","18,80","19,27","19,27","18,72","302,99K","-0,11%"
"09.02.2018","18,82","18,53","19,14","18,52","250,70K","1,02%"
"08.02.2018","18,63","18,83","18,87","18,59","201,29K","-1,06%"
"07.02.2018","18,83","19,33","19,34","18,49","305,33K","-1,21%"
"06.02.2018","19,06","19,55","19,55","19,06","450,39K","-4,03%"
"05.02.2018","19,86","20,30","20,32","19,73","220,00K","-2,46%"
"02.02.2018","20,36","20,78","20,80","20,18","284,15K","1,39%"
"01.02.2018","20,08","19,71","20,18","19,56","261,41K","2,24%"
"31.01.2018","19,64","19,59","19,75","19,43","248,32K","0,61%"
"30.01.2018","19,52","19,56","19,66","19,38","225,01K","-0,36%"
"29.01.2018","19,59","19,70","19,84","19,50","81,24K","-0,81%"
"26.01.2018","19,75","19,75","19,80","19,63","68,29K","-0,10%"
"25.01.2018","19,77","19,64","19,78","19,60","88,52K","0,30%"
"24.01.2018","19,71","19,75","19,86","19,67","46,81K","-0,86%"
"23.01.2018","19,88","20,00","20,00","19,81","113,61K","-0,60%"
"22.01.2018","20,00","20,06","20,14","19,98","144,58K","-0,40%"
"19.01.2018","20,08","20,16","20,24","20,00","183,38K","-0,50%"
"18.01.2018","20,18","20,26","20,30","20,04","99,31K","0,10%"
"17.01.2018","20,16","20,18","20,28","20,00","157,06K","0,00%"
"16.01.2018","20,16","20,00","20,34","19,89","216,52K","0,80%"
"15.01.2018","20,00","20,00","20,12","19,82","68,13K","0,00%"
"12.01.2018","20,00","19,85","20,00","19,71","202,41K","0,86%"
"11.01.2018","19,83","19,70","19,85","19,57","114,64K","0,86%"
"10.01.2018","19,66","19,82","19,82","19,50","89,99K","-0,46%"
"09.01.2018","19,75","19,15","19,85","19,11","219,48K","2,86%"
"08.01.2018","19,20","19,54","19,65","19,11","245,34K","-0,98%"
"05.01.2018","19,39","19,35","19,56","19,35","70,71K","0,21%"
"04.01.2018","19,35","19,35","19,52","19,22","80,05K","0,05%"
"03.01.2018","19,34","19,00","19,41","18,85","150,92K","0,73%"
"02.01.2018","19,20","19,18","19,28","19,01","74,45K","0,16%"
"29.12.2017","19,17","19,23","19,25","18,83","59,73K","0,10%"
"28.12.2017","19,15","19,40","19,48","19,15","64,95K","-0,98%"
"27.12.2017","19,34","19,84","19,84","19,14","128,57K","0,21%"
"22.12.2017","19,30","19,50","19,61","19,16","103,22K","-1,28%"
"21.12.2017","19,55","19,51","19,63","19,46","60,98K","0,15%"
"20.12.2017","19,52","19,55","19,70","19,40","167,79K","-0,61%"
"19.12.2017","19,64","19,93","19,94","19,57","227,36K","-1,41%"
"18.12.2017","19,92","19,91","20,02","19,86","174,09K","0,45%"
"15.12.2017","19,83","20,06","20,06","19,72","196,24K","-0,73%"
"14.12.2017","19,98","20,15","20,33","19,89","229,46K","-0,87%"
"13.12.2017","20,15","20,19","20,46","20,09","115,05K","-0,79%"
"12.12.2017","20,31","20,57","20,63","20,26","130,25K","-0,83%"
"11.12.2017","20,48","20,76","20,77","20,31","98,81K","-0,68%"
"08.12.2017","20,62","21,22","21,22","20,62","177,81K","-2,46%"
"07.12.2017","21,14","20,94","21,20","20,75","149,34K","0,69%"
"06.12.2017","21,00","20,33","21,28","20,17","132,94K","2,77%"
"05.12.2017","20,43","20,36","20,55","20,16","86,21K","0,71%"
"04.12.2017","20,28","20,36","20,40","20,17","107,99K","0,00%"
"01.12.2017","20,28","20,09","20,43","20,08","115,03K","0,60%"
"30.11.2017","20,16","20,42","20,42","20,00","150,20K","-0,62%"
"29.11.2017","20,28","20,27","20,46","20,11","53,77K","0,40%"
"28.11.2017","20,20","20,38","20,38","20,09","91,85K","-0,37%"
"27.11.2017","20,28","20,08","20,36","20,00","139,77K","0,70%"
"24.11.2017","20,14","20,00","20,19","19,99","64,87K","0,60%"
"23.11.2017","20,02","19,96","20,18","19,91","83,18K","-0,32%"
"22.11.2017","20,08","19,70","20,19","19,65","137,27K","1,75%"
"21.11.2017","19,74","19,78","19,87","19,56","136,57K","-0,03%"
"20.11.2017","19,75","19,69","19,86","19,63","181,10K","-0,28%"
"17.11.2017","19,80","19,75","19,85","19,56","158,40K","0,00%"
"16.11.2017","19,80","19,85","19,89","19,64","97,14K","0,76%"
"15.11.2017","19,65","19,68","19,83","19,64","146,30K","-1,03%"
"14.11.2017","19,85","20,10","20,12","19,85","164,16K","-1,37%"
"13.11.2017","20,13","20,57","20,57","20,13","136,12K","-1,47%"
"10.11.2017","20,43","20,71","20,71","20,23","132,84K","-1,68%"
"09.11.2017","20,78","21,35","21,56","20,77","122,85K","-2,49%"
"08.11.2017","21,31","20,95","21,31","20,67","234,94K","4,46%"
"07.11.2017","20,40","20,17","20,68","20,12","183,66K","1,12%"
"06.11.2017","20,17","20,15","20,20","19,86","108,54K","0,62%"
"03.11.2017","20,05","20,10","20,13","19,90","113,72K","0,05%"
"02.11.2017","20,04","20,20","20,39","20,00","83,53K","-0,82%"
"01.11.2017","20,20","20,18","20,44","20,08","164,09K","0,45%"
"31.10.2017","20,11","19,97","20,19","19,95","72,84K","0,68%"
"30.10.2017","19,98","20,06","20,31","19,90","72,72K","-0,30%"
"27.10.2017","20,04","19,95","20,17","19,82","94,81K","0,25%"
"26.10.2017","19,99","19,67","20,11","19,60","73,91K","0,96%"
"25.10.2017","19,80","20,23","20,69","19,70","78,71K","-0,63%"
"24.10.2017","19,92","20,00","20,19","19,90","37,99K","-0,62%"
"23.10.2017","20,05","19,97","20,15","19,97","60,55K","0,33%"
"20.10.2017","19,99","20,08","20,23","19,99","104,45K","-0,45%"
"19.10.2017","20,08","20,55","20,61","20,01","121,09K","-2,67%"
"18.10.2017","20,63","20,55","20,71","20,51","52,69K","0,17%"
"17.10.2017","20,59","20,71","20,94","20,55","81,19K","-0,77%"
"16.10.2017","20,75","21,10","21,11","20,70","186,79K","-0,95%"
"13.10.2017","20,95","21,11","21,11","20,93","117,24K","-0,73%"
"12.10.2017","21,10","20,91","21,10","20,91","157,33K","0,64%"
"11.10.2017","20,97","20,89","21,03","20,78","109,40K","0,50%"
"10.10.2017","20,86","20,74","20,91","20,69","179,90K","0,43%"
"09.10.2017","20,77","20,46","20,80","20,38","305,80K","1,94%"
"06.10.2017","20,38","20,41","20,48","20,33","147,23K","-0,20%"
"05.10.2017","20,42","20,16","20,48","20,13","221,03K","1,11%"
"04.10.2017","20,19","20,35","20,38","20,03","257,17K","-0,98%"
"03.10.2017","20,40","20,38","20,40","20,23","186,29K","0,42%"
"02.10.2017","20,31","20,24","20,31","20,19","342,53K","-0,17%"
"29.09.2017","20,34","20,37","20,39","20,01","353,73K","0,62%"
"28.09.2017","20,22","20,31","20,38","20,11","157,61K","-0,39%"
"27.09.2017","20,30","20,08","20,30","19,92","107,99K","1,60%"
"26.09.2017","19,98","20,07","20,10","19,83","88,26K","-0,52%"
"25.09.2017","20,08","19,93","20,17","19,86","165,19K","1,03%"
"22.09.2017","19,88","19,70","20,00","19,70","118,70K","0,40%"
"21.09.2017","19,80","19,81","19,85","19,67","205,94K","0,48%"
"20.09.2017","19,70","19,78","19,98","19,69","229,69K","-0,73%"
"19.09.2017","19,85","19,86","19,99","19,80","222,07K","0,00%"
"18.09.2017","19,85","19,64","20,00","19,63","283,26K","1,64%"
"15.09.2017","19,53","19,50","19,61","19,42","424,88K","0,41%"
"14.09.2017","19,45","19,50","19,59","19,32","319,25K","0,00%"
"13.09.2017","19,45","19,41","19,63","19,38","583,69K","0,26%"
"12.09.2017","19,40","19,49","19,52","19,23","289,09K","-0,08%"
"11.09.2017","19,42","19,55","19,56","19,33","465,36K","-0,15%"
"08.09.2017","19,44","19,51","20,56","19,32","667,32K","0,13%"
"07.09.2017","19,42","19,38","19,57","19,10","1,53M","-3,14%"
"06.09.2017","20,05","20,40","20,42","20,05","90,65K","-2,10%"
"05.09.2017","20,48","20,68","20,68","20,47","41,16K","-0,58%"
"04.09.2017","20,60","20,91","21,03","20,54","46,83K","-1,95%"
"01.09.2017","21,01","21,07","21,10","20,88","117,07K","0,96%"
"31.08.2017","20,81","20,96","20,96","20,55","79,54K","0,82%"
"30.08.2017","20,64","20,98","20,98","20,58","59,57K","0,05%"
"29.08.2017","20,63","20,08","20,66","20,02","107,35K","2,41%"
"28.08.2017","20,15","20,53","20,58","20,14","37,35K","-2,73%"
"25.08.2017","20,71","20,99","20,99","20,66","66,91K","0,00%"
"24.08.2017","20,71","20,77","21,00","20,69","143,14K","-0,12%"
"23.08.2017","20,74","21,23","21,24","20,68","134,46K","-1,92%"
"22.08.2017","21,14","21,25","21,33","21,00","88,78K","-0,05%"
"21.08.2017","21,15","21,33","21,33","21,06","61,10K","-0,42%"
"18.08.2017","21,24","21,40","21,40","21,17","63,12K","-1,26%"
"17.08.2017","21,51","21,51","21,62","21,40","31,69K","-0,46%"
"16.08.2017","21,61","21,83","21,83","21,58","29,79K","0,98%"
"15.08.2017","21,40","21,50","21,63","21,38","71,10K","-0,40%"
"14.08.2017","21,49","21,31","21,59","21,31","65,04K","0,47%"
"11.08.2017","21,39","21,40","21,58","21,30","27,07K","-0,40%"
"10.08.2017","21,47","21,91","22,00","21,46","71,42K","-2,48%"
"09.08.2017","22,01","21,92","22,19","21,92","158,15K","-0,61%"
"08.08.2017","22,15","22,00","22,27","21,94","51,55K","0,89%"
"07.08.2017","21,95","22,00","22,11","21,82","71,66K","-0,41%"
"04.08.2017","22,05","22,09","22,19","22,01","60,45K","0,32%"
"03.08.2017","21,98","22,38","22,38","21,95","61,09K","-1,12%"
"02.08.2017","22,23","22,18","22,29","22,08","100,63K","0,27%"
"01.08.2017","22,17","22,17","22,23","21,97","88,14K","1,44%"
"31.07.2017","21,85","22,47","22,47","21,56","75,08K","0,64%"
"28.07.2017","21,71","21,83","22,15","21,51","114,15K","0,05%"
"27.07.2017","21,70","21,46","21,76","21,46","49,11K","0,70%"
"26.07.2017","21,55","21,37","21,59","21,27","116,31K","0,87%"
"25.07.2017","21,36","21,17","21,67","21,17","90,32K","0,94%"
"24.07.2017","21,17","21,58","21,59","21,15","119,12K","-1,03%"
"21.07.2017","21,39","21,90","22,00","21,29","139,10K","-2,15%"
"20.07.2017","21,85","22,30","22,41","21,75","90,56K","-2,32%"
"19.07.2017","22,38","22,33","22,43","22,26","77,49K","0,11%"
"18.07.2017","22,35","22,52","22,52","22,27","126,44K","-0,75%"
"17.07.2017","22,52","22,36","22,55","22,35","33,98K","0,00%"
"14.07.2017","22,52","22,67","22,67","22,40","37,57K","0,18%"
"13.07.2017","22,48","22,33","22,67","22,33","66,96K","0,00%"
"12.07.2017","22,48","22,58","22,67","21,83","188,15K","0,76%"
"11.07.2017","22,31","22,75","22,83","22,26","68,48K","-1,93%"
"10.07.2017","22,75","22,65","22,84","22,56","43,74K","0,75%"
"07.07.2017","22,58","22,33","22,58","22,33","116,69K","0,80%"
"06.07.2017","22,40","22,78","22,78","22,34","69,25K","-0,86%"
"05.07.2017","22,59","23,02","23,02","22,26","68,33K","-2,16%"
"04.07.2017","23,09","23,15","23,20","22,92","27,42K","0,20%"
"03.07.2017","23,05","23,06","23,31","22,93","57,30K","0,13%"
"30.06.2017","23,02","23,36","23,36","22,97","75,22K","-1,14%"
"29.06.2017","23,28","23,30","23,34","23,06","51,53K","-0,19%"
"28.06.2017","23,33","23,12","23,47","23,09","35,19K","-0,45%"
"27.06.2017","23,43","23,46","23,50","23,19","42,40K","-0,80%"
"26.06.2017","23,63","23,38","23,68","23,34","41,76K","0,32%"
"23.06.2017","23,55","23,45","23,92","23,28","54,81K","0,17%"
"22.06.2017","23,51","23,40","23,77","23,25","41,75K","-0,34%"
"21.06.2017","23,59","23,42","23,59","23,25","48,29K","-0,08%"
"20.06.2017","23,61","23,72","24,24","23,42","59,66K","-0,63%"
"19.06.2017","23,76","23,88","23,93","23,42","69,77K","-1,00%"
"16.06.2017","24,00","23,41","24,00","23,41","74,22K","1,91%"
"15.06.2017","23,55","24,00","24,00","23,52","76,12K","-1,46%"
"14.06.2017","23,90","23,58","24,00","23,58","89,93K","1,10%"
"13.06.2017","23,64","23,64","23,72","23,29","68,06K","0,70%"
"12.06.2017","23,48","23,44","23,92","23,41","38,92K","-0,23%"
"09.06.2017","23,53","23,66","23,81","22,66","72,85K","0,28%"
"08.06.2017","23,47","23,60","23,63","23,30","62,68K","-0,57%"
"07.06.2017","23,60","23,69","23,83","23,55","46,56K","-0,92%"
"06.06.2017","23,82","24,04","24,04","23,62","129,69K","-0,77%"
"05.06.2017","24,00","24,22","24,25","23,82","37,10K","-0,87%"
"02.06.2017","24,22","24,10","24,32","24,04","45,83K","0,39%"
"01.06.2017","24,12","24,18","24,18","23,89","59,40K","0,31%"
"31.05.2017","24,05","23,84","24,17","23,70","130,01K","0,86%"
"30.05.2017","23,84","23,34","23,96","23,15","133,04K","2,19%"
"29.05.2017","23,33","23,39","23,39","23,22","39,12K","0,19%"
"26.05.2017","23,28","23,20","23,34","23,16","63,15K","-0,06%"
"25.05.2017","23,30","23,12","23,32","23,10","67,95K","0,82%"
"24.05.2017","23,11","22,92","23,14","22,92","92,52K","0,52%"
"23.05.2017","22,99","22,91","23,10","22,88","70,40K","0,28%"
"22.05.2017","22,92","22,94","23,17","22,90","71,16K","-0,09%"
"19.05.2017","22,94","22,95","23,20","22,90","104,00K","-0,54%"
"18.05.2017","23,07","23,25","23,25","22,61","126,45K","-0,67%"
"17.05.2017","23,23","23,00","23,33","23,00","134,43K","0,00%"
"16.05.2017","23,23","23,10","23,35","23,05","104,85K","0,13%"
"15.05.2017","23,19","23,00","23,19","22,92","110,26K","0,87%"
"12.05.2017","23,00","22,52","23,00","22,52","82,69K","1,88%"
"11.05.2017","22,57","22,53","22,81","22,35","62,37K","0,27%"
"10.05.2017","22,51","22,75","22,76","22,50","93,37K","-1,08%"
"09.05.2017","22,75","22,90","22,90","22,60","67,74K","0,11%"
"08.05.2017","22,73","23,00","23,00","22,73","68,00K","-1,17%"
"05.05.2017","23,00","21,99","23,05","21,99","218,73K","4,40%"
"04.05.2017","22,03","21,99","22,33","21,99","141,30K","0,18%"
"03.05.2017","21,99","22,48","22,48","21,96","128,60K","-2,48%"
"02.05.2017","22,55","21,65","22,55","21,62","207,34K","2,73%"
"28.04.2017","21,95","22,02","22,08","21,94","58,48K","-1,04%"
"27.04.2017","22,18","22,03","22,18","21,94","85,55K","0,54%"
"26.04.2017","22,06","21,73","22,06","21,73","52,77K","1,15%"
"25.04.2017","21,81","21,93","21,93","21,79","56,39K","-0,59%"
"24.04.2017","21,94","21,86","21,99","21,16","77,64K","1,88%"
"21.04.2017","21,53","21,56","21,64","21,38","118,22K","-0,25%"
"20.04.2017","21,59","21,62","21,70","21,53","107,67K","-0,42%"
"19.04.2017","21,68","21,61","21,76","21,55","66,50K","0,09%"
"18.04.2017","21,66","21,65","21,76","21,12","133,22K","-0,02%"
"13.04.2017","21,67","21,63","21,80","21,58","66,35K","-0,16%"
"12.04.2017","21,70","21,74","21,84","21,61","104,14K","0,00%"
"11.04.2017","21,70","21,33","21,85","21,18","224,77K","2,62%"
"10.04.2017","21,15","21,58","21,64","21,11","70,57K","-1,19%"
"07.04.2017","21,40","21,70","21,87","21,37","178,18K","-0,70%"
"06.04.2017","21,55","21,70","21,78","21,42","280,24K","-0,69%"
"05.04.2017","21,70","21,35","21,80","21,35","179,84K","0,74%"
"04.04.2017","21,54","21,85","21,85","21,50","56,31K","-1,10%"
"03.04.2017","21,78","21,76","21,91","21,69","84,59K","0,16%"
"31.03.2017","21,75","21,75","21,80","21,46","83,49K","0,21%"
"30.03.2017","21,70","21,73","21,81","21,58","76,83K","-0,91%"
"29.03.2017","21,90","21,99","21,99","21,69","129,01K","-0,23%"
"28.03.2017","21,95","21,89","21,95","21,64","90,75K","0,90%"
"27.03.2017","21,75","21,92","21,92","21,49","67,28K","-2,88%"
"24.03.2017","22,40","22,48","22,48","22,22","213,36K","1,20%"
"23.03.2017","22,14","22,23","22,48","22,04","164,66K","0,61%"
"22.03.2017","22,00","22,25","22,48","21,81","133,93K","-0,45%"
"21.03.2017","22,10","22,18","22,90","22,01","146,07K","1,40%"
"20.03.2017","21,80","22,07","22,07","21,80","130,53K","-0,75%"
"17.03.2017","21,96","21,70","22,10","21,70","73,41K","0,37%"
"16.03.2017","21,88","21,90","21,96","21,66","106,42K","0,97%"
"15.03.2017","21,67","21,80","21,92","21,64","80,68K","-0,60%"
"14.03.2017","21,80","22,03","22,07","21,74","109,64K","-0,91%"
"13.03.2017","22,00","21,85","22,06","21,74","106,55K","0,87%"
"10.03.2017","21,81","21,91","21,98","21,72","69,64K","-0,09%"
"09.03.2017","21,83","21,88","22,00","21,83","76,57K","-0,95%"
"08.03.2017","22,04","21,91","22,13","21,78","94,99K","1,03%"
"07.03.2017","21,82","21,66","22,03","21,66","102,65K","-0,37%"
"06.03.2017","21,90","21,33","21,90","21,27","95,34K","2,77%"
"03.03.2017","21,31","21,40","21,55","21,31","101,66K","-0,40%"
"02.03.2017","21,39","21,70","21,70","21,39","171,21K","-1,11%"
"01.03.2017","21,63","21,64","21,85","21,37","142,65K","0,37%"
"28.02.2017","21,55","21,43","21,58","21,18","83,44K","1,36%"
"27.02.2017","21,26","21,30","21,48","21,12","45,01K","0,45%"
"24.02.2017","21,17","21,67","21,67","21,17","62,65K","-1,58%"
"23.02.2017","21,50","21,59","21,64","21,48","139,20K","-0,30%"
"22.02.2017","21,57","21,55","21,68","21,43","156,43K","0,21%"
"21.02.2017","21,52","21,28","21,52","21,28","115,51K","0,77%"
"20.02.2017","21,36","21,43","21,63","21,27","48,29K","-0,23%"
"17.02.2017","21,41","21,55","21,56","21,32","55,15K","-0,63%"
"16.02.2017","21,55","21,83","21,90","21,48","92,39K","-1,78%"
"15.02.2017","21,93","21,69","21,98","21,68","91,20K","1,18%"
"14.02.2017","21,68","21,97","21,97","21,68","113,89K","-1,32%"
"13.02.2017","21,97","21,95","22,00","21,67","90,74K","0,41%"
"10.02.2017","21,88","21,75","21,88","21,65","84,58K","1,44%"
"09.02.2017","21,57","21,76","21,85","21,57","131,94K","-0,14%"
"08.02.2017","21,60","21,83","21,85","21,52","81,72K","-0,67%"
"07.02.2017","21,75","22,01","22,01","21,68","70,22K","0,21%"
"06.02.2017","21,70","22,12","22,12","21,70","57,12K","-1,68%"
"03.02.2017","22,07","22,24","22,32","21,88","147,67K","-0,32%"
"02.02.2017","22,14","22,17","22,59","21,89","239,01K","-2,19%"
"01.02.2017","22,64","22,30","22,85","21,60","199,75K","1,14%"
"31.01.2017","22,38","22,86","22,94","22,38","172,33K","-1,86%"
"30.01.2017","22,81","22,50","22,87","22,46","123,07K","0,86%"
"27.01.2017","22,61","22,40","22,67","22,32","99,36K","0,36%"
"26.01.2017","22,53","22,60","22,68","22,41","57,14K","-0,22%"
"25.01.2017","22,58","22,70","22,75","22,45","105,86K","0,09%"
"24.01.2017","22,56","22,73","22,84","22,54","253,76K","-1,05%"
"23.01.2017","22,80","23,31","23,37","22,60","94,82K","-1,79%"
"20.01.2017","23,22","23,05","23,30","22,92","104,65K","0,93%"
"19.01.2017","23,00","23,02","23,18","22,86","59,60K","-0,26%"
"18.01.2017","23,06","22,72","23,13","22,56","87,46K","1,36%"
"17.01.2017","22,75","22,60","22,75","22,43","103,57K","0,00%"
"16.01.2017","22,75","22,81","22,85","22,63","40,42K","-0,44%"
"13.01.2017","22,85","22,80","22,92","22,60","133,36K","0,93%"
"12.01.2017","22,64","22,72","22,81","22,51","63,71K","-0,48%"
"11.01.2017","22,75","22,66","22,86","22,45","98,16K","0,40%"
"10.01.2017","22,66","22,67","22,72","22,50","86,19K","-0,04%"
"09.01.2017","22,67","23,00","23,09","22,50","125,26K","-0,57%"
"06.01.2017","22,80","22,83","22,94","22,60","58,42K","-0,78%"
"05.01.2017","22,98","22,24","22,98","22,11","129,15K","4,31%"
"04.01.2017","22,03","22,60","22,60","22,03","124,66K","-1,74%"
"03.01.2017","22,42","22,26","22,48","22,09","108,08K","1,31%"
"02.01.2017","22,13","22,05","22,19","22,02","31,68K","0,59%"
"30.12.2016","22,00","21,93","22,15","21,91","55,52K","0,00%"
"29.12.2016","22,00","22,00","22,18","21,93","52,44K","-0,18%"
"28.12.2016","22,04","21,98","22,19","21,96","45,09K","-0,59%"
"27.12.2016","22,17","21,95","22,22","21,87","73,99K","0,98%"
"23.12.2016","21,95","21,43","21,98","21,42","75,97K","3,10%"
"22.12.2016","21,30","21,57","21,63","21,03","180,09K","-1,93%"
"21.12.2016","21,72","21,25","21,75","21,25","114,78K","1,14%"
"20.12.2016","21,47","21,42","21,90","21,42","75,92K","-0,65%"
"19.12.2016","21,61","21,66","21,94","21,60","88,32K","-0,14%"
"16.12.2016","21,64","21,67","21,79","21,21","94,96K","-0,69%"
"15.12.2016","21,79","21,74","21,88","21,60","65,31K","0,41%"
"14.12.2016","21,70","21,61","21,85","21,50","115,74K","-0,78%"
"13.12.2016","21,87","21,47","22,00","21,42","155,26K","2,53%"
"12.12.2016","21,33","21,60","21,60","21,33","46,98K","-1,02%"
"09.12.2016","21,55","21,03","21,58","21,03","86,22K","1,89%"
"08.12.2016","21,15","20,77","21,30","20,77","69,90K","0,21%"
"07.12.2016","21,10","21,04","21,32","20,98","114,23K","1,08%"
"06.12.2016","20,88","20,79","21,16","20,79","83,65K","-0,57%"
"05.12.2016","21,00","20,73","21,35","20,73","65,13K","0,62%"
"02.12.2016","20,87","21,01","21,30","20,85","98,22K","-1,56%"
"01.12.2016","21,20","21,16","21,30","21,00","70,59K","0,00%"
"30.11.2016","21,20","20,92","21,48","20,88","167,64K","1,70%"
"29.11.2016","20,84","20,68","20,90","20,49","87,84K","1,24%"
"28.11.2016","20,59","20,25","20,65","20,22","358,06K","1,80%"
"25.11.2016","20,23","20,20","20,43","19,80","43,92K","0,47%"
"24.11.2016","20,13","20,12","20,43","19,75","57,01K","-0,25%"
"23.11.2016","20,18","20,11","20,35","20,06","75,54K","0,40%"
"22.11.2016","20,10","20,09","20,31","20,06","70,34K","0,40%"
"21.11.2016","20,02","20,39","20,39","20,00","59,75K","0,02%"
"18.11.2016","20,01","20,31","20,36","20,01","90,82K","-0,96%"
"17.11.2016","20,21","20,18","20,30","20,03","87,99K","0,87%"
"16.11.2016","20,03","20,10","20,20","19,95","86,92K","0,91%"
"15.11.2016","19,85","20,08","20,35","19,85","78,53K","-1,22%"
"14.11.2016","20,10","20,57","20,57","20,07","30,34K","-1,47%"
"11.11.2016","20,40","20,48","20,53","20,11","65,27K","0,17%"
"10.11.2016","20,36","20,93","20,97","20,16","73,83K","-2,70%"
"09.11.2016","20,93","20,10","21,02","19,69","141,47K","5,02%"
"08.11.2016","19,93","19,30","20,45","19,26","172,48K","3,59%"
"07.11.2016","19,24","19,30","19,48","19,23","116,03K","-0,80%"
"04.11.2016","19,40","19,58","19,60","19,30","84,71K","-1,05%"
"03.11.2016","19,60","19,61","19,67","19,51","100,28K","-0,94%"
"02.11.2016","19,78","20,08","20,13","19,73","73,91K","-2,20%"
"01.11.2016","20,23","20,42","20,42","19,85","49,02K","0,00%"
"31.10.2016","20,23","20,34","20,36","20,08","43,67K","-0,34%"
"28.10.2016","20,30","20,36","20,47","19,67","72,13K","0,20%"
"27.10.2016","20,26","20,38","20,38","20,03","31,77K","0,10%"
"26.10.2016","20,24","20,33","20,64","20,22","32,02K","-1,58%"
"25.10.2016","20,57","20,67","20,70","20,40","37,90K","-0,63%"
"24.10.2016","20,69","20,59","20,70","20,38","56,19K","0,75%"
"21.10.2016","20,54","20,50","20,56","20,35","88,32K","0,24%"
"20.10.2016","20,49","20,39","20,49","20,16","52,60K","0,76%"
"19.10.2016","20,33","20,00","20,33","19,90","61,69K","2,03%"
"18.10.2016","19,93","20,03","20,11","19,92","39,97K","0,45%"
"17.10.2016","19,84","20,16","20,16","19,82","38,83K","-1,27%"
"14.10.2016","20,09","19,98","20,20","19,52","69,10K","0,73%"
"13.10.2016","19,95","19,73","20,17","19,73","123,41K","0,50%"
"12.10.2016","19,85","19,77","19,97","19,67","79,63K","0,86%"
"11.10.2016","19,68","19,61","20,24","19,48","62,09K","0,87%"
"10.10.2016","19,51","19,59","19,63","19,41","55,77K","-0,36%"
"07.10.2016","19,58","19,61","19,75","19,50","44,80K","-0,20%"
"06.10.2016","19,62","19,85","19,89","19,62","81,90K","-0,41%"
"05.10.2016","19,70","19,80","19,85","19,67","81,46K","-0,71%"
"04.10.2016","19,84","19,80","19,85","19,80","69,34K","0,10%"
"03.10.2016","19,82","19,90","19,90","19,82","66,73K","-0,20%"
"30.09.2016","19,86","19,93","20,09","19,71","67,61K","-0,90%"
"29.09.2016","20,04","19,99","20,06","19,93","68,37K","0,45%"
"28.09.2016","19,95","20,04","20,17","19,95","69,63K","-0,65%"
"27.09.2016","20,08","20,14","20,22","19,93","113,28K","0,27%"
"26.09.2016","20,02","20,29","20,29","19,93","102,47K","-0,94%"
"23.09.2016","20,22","20,41","20,50","20,20","73,74K","-1,12%"
"22.09.2016","20,44","20,32","20,59","20,32","56,54K","-0,17%"
"21.09.2016","20,48","20,61","20,66","20,48","40,50K","-0,19%"
"20.09.2016","20,52","20,64","20,68","20,45","56,41K","-0,77%"
"19.09.2016","20,68","20,69","20,77","20,40","49,80K","0,80%"
"16.09.2016","20,51","20,73","20,81","20,34","77,69K","-0,82%"
"15.09.2016","20,68","20,66","20,76","20,55","29,33K","-0,07%"
"14.09.2016","20,70","20,82","21,04","20,61","57,65K","-0,41%"
"13.09.2016","20,78","20,89","21,05","20,61","61,62K","0,05%"
"12.09.2016","20,77","20,75","20,82","20,46","65,60K","-0,91%"
"09.09.2016","20,97","21,05","21,22","20,91","125,84K","-0,17%"
"08.09.2016","21,00","20,69","21,03","20,69","91,61K","1,40%"
"07.09.2016","20,71","20,68","20,81","20,58","57,31K","0,73%"
"06.09.2016","20,56","20,69","20,69","20,48","24,71K","0,34%"
"05.09.2016","20,49","20,85","20,85","20,49","57,05K","-0,05%"
"02.09.2016","20,50","20,52","20,69","20,37","44,51K","-0,10%"
"01.09.2016","20,52","20,20","20,73","20,20","64,89K","1,79%"
"31.08.2016","20,16","20,44","20,59","20,16","93,31K","-1,22%"
"30.08.2016","20,41","20,51","20,60","20,26","116,75K","-0,34%"
"29.08.2016","20,48","20,50","20,61","20,42","23,64K","-0,10%"
"26.08.2016","20,50","20,56","20,60","20,40","67,54K","-0,22%"
"25.08.2016","20,55","20,55","20,76","20,46","79,25K","-0,56%"
"24.08.2016","20,66","20,65","21,02","20,46","120,40K","0,05%"
"23.08.2016","20,65","20,65","20,87","20,60","38,91K","0,49%"
"22.08.2016","20,55","20,63","20,83","20,50","52,56K","-0,48%"
"19.08.2016","20,65","20,66","20,87","20,56","55,56K","0,49%"
"18.08.2016","20,55","20,66","20,68","20,45","71,54K","-0,17%"
"17.08.2016","20,58","20,52","20,77","20,52","54,11K","0,37%"
"16.08.2016","20,51","20,67","20,75","20,46","75,59K","-0,87%"
"15.08.2016","20,69","20,80","20,87","20,60","44,73K","-0,53%"
"12.08.2016","20,80","20,60","20,89","20,49","69,96K","0,46%"
"11.08.2016","20,70","20,74","20,88","20,68","64,57K","0,00%"
"10.08.2016","20,70","20,96","21,01","20,61","102,40K","-1,52%"
"09.08.2016","21,02","21,11","21,15","20,67","84,53K","0,43%"
"08.08.2016","20,93","21,25","21,25","20,93","89,08K","-0,33%"
"05.08.2016","21,00","21,03","21,20","20,94","96,38K","0,07%"
"04.08.2016","20,99","20,98","21,20","20,97","84,24K","0,36%"
"03.08.2016","20,91","21,09","21,32","20,78","107,69K","-1,11%"
"02.08.2016","21,15","21,23","21,61","21,07","98,07K","0,02%"
"01.08.2016","21,14","21,57","21,67","21,12","95,50K","-2,06%"
"29.07.2016","21,58","20,38","21,92","19,95","188,16K","6,36%"
"28.07.2016","20,30","20,13","20,30","19,82","197,71K","1,53%"
"27.07.2016","19,99","19,67","20,00","19,67","100,08K","1,22%"
"26.07.2016","19,75","19,70","19,83","19,67","66,26K","-0,35%"
"25.07.2016","19,82","19,85","20,06","19,70","91,61K","-0,20%"
"22.07.2016","19,86","19,79","20,19","19,79","60,73K","-1,02%"
"21.07.2016","20,07","20,07","20,15","19,86","93,57K","0,73%"
"20.07.2016","19,92","20,00","20,11","19,79","249,74K","0,10%"
"19.07.2016","19,90","20,02","20,02","19,80","107,92K","-1,07%"
"18.07.2016","20,11","19,87","20,44","19,80","88,76K","1,11%"
"15.07.2016","19,90","19,90","20,02","19,69","68,99K","0,00%"
"14.07.2016","19,90","20,01","20,09","19,71","55,07K","-0,40%"
"13.07.2016","19,98","19,97","20,04","19,67","83,25K","0,05%"
"12.07.2016","19,97","19,93","20,05","19,74","89,78K","0,60%"
"11.07.2016","19,85","19,89","19,99","19,57","53,83K","0,71%"
"08.07.2016","19,71","19,52","19,81","19,44","64,96K","0,77%"
"07.07.2016","19,56","19,19","19,70","19,17","140,09K","2,95%"
"06.07.2016","19,00","18,90","19,34","18,88","103,28K","-0,16%"
"05.07.2016","19,03","19,20","19,25","18,51","147,38K","-1,70%"
"04.07.2016","19,36","19,57","19,57","19,21","83,78K","-0,49%"
"01.07.2016","19,45","19,08","19,46","18,83","106,62K","2,96%"
"30.06.2016","18,90","18,60","19,08","18,59","158,59K","1,40%"
"29.06.2016","18,64","18,31","18,82","18,06","105,84K","2,67%"
"28.06.2016","18,15","18,03","18,57","18,03","121,66K","1,60%"
"27.06.2016","17,86","18,12","18,99","17,83","155,37K","-1,62%"
"24.06.2016","18,16","18,00","18,48","17,99","122,96K","-3,89%"
"23.06.2016","18,90","18,81","19,04","18,70","71,18K","1,34%"
"22.06.2016","18,65","18,75","18,94","18,62","97,67K","-0,29%"
"21.06.2016","18,70","19,08","19,09","18,70","103,09K","-1,58%"
"20.06.2016","19,00","19,00","19,12","18,67","51,42K","1,71%"
"17.06.2016","18,68","18,10","18,70","18,10","130,93K","3,26%"
"16.06.2016","18,09","18,44","18,61","18,05","98,17K","-2,27%"
"15.06.2016","18,51","18,80","19,35","18,51","66,66K","-1,39%"
"14.06.2016","18,77","19,00","19,00","18,19","96,65K","-0,19%"
"13.06.2016","18,81","19,15","19,15","18,76","76,82K","-1,03%"
"10.06.2016","19,00","19,19","19,45","18,76","75,23K","-1,22%"
"09.06.2016","19,24","19,54","19,68","19,11","133,15K","-2,06%"
"08.06.2016","19,64","20,34","20,34","19,53","82,69K","-2,96%"
"07.06.2016","20,24","20,00","20,27","19,91","49,19K","1,20%"
"06.06.2016","20,00","20,09","20,14","19,93","45,91K","-0,55%"
"03.06.2016","20,11","20,06","20,30","19,92","85,18K","-0,79%"
"02.06.2016","20,27","20,14","20,40","20,05","33,73K","0,40%"
"01.06.2016","20,19","20,25","20,36","19,94","77,80K","-0,49%"
"31.05.2016","20,29","20,32","20,50","20,15","65,57K","0,07%"
"30.05.2016","20,27","20,05","20,50","19,88","48,61K","1,37%"
"27.05.2016","20,00","20,01","20,03","19,93","93,29K","0,13%"
"26.05.2016","19,98","19,80","20,16","19,75","93,71K","-0,30%"
"25.05.2016","20,03","20,22","20,30","20,01","60,67K","-0,72%"
"24.05.2016","20,18","20,27","20,27","20,06","47,80K","-0,49%"
"23.05.2016","20,28","20,22","20,33","19,97","49,96K","1,25%"
"20.05.2016","20,03","19,95","20,10","19,80","46,35K","0,10%"
"19.05.2016","20,01","19,73","20,14","19,73","63,32K","1,27%"
"18.05.2016","19,76","19,74","19,90","19,64","77,43K","-1,32%"
"17.05.2016","20,02","20,08","20,15","19,88","51,57K","0,28%"
"16.05.2016","19,97","19,85","20,05","19,72","28,63K","0,68%"
"13.05.2016","19,83","19,66","19,99","19,57","107,98K","-0,18%"
"12.05.2016","19,87","20,11","20,15","19,83","55,73K","-0,80%"
"11.05.2016","20,03","20,05","20,14","19,83","44,86K","0,05%"
"10.05.2016","20,02","20,08","20,20","19,85","129,21K","0,50%"
"09.05.2016","19,92","19,96","20,21","19,81","81,28K","-0,15%"
"06.05.2016","19,95","20,17","20,32","19,92","125,79K","-1,68%"
"05.05.2016","20,29","19,65","20,40","19,43","147,37K","4,59%"
"04.05.2016","19,40","18,97","19,47","18,83","78,84K","1,94%"
"03.05.2016","19,03","19,08","19,19","18,97","68,52K","-0,96%"
"02.05.2016","19,22","19,31","19,32","19,07","27,52K","-0,13%"
"29.04.2016","19,24","19,15","19,30","19,07","61,66K","0,00%"
"28.04.2016","19,24","19,30","19,33","19,08","58,46K","-0,36%"
"27.04.2016","19,31","19,60","19,60","19,31","130,65K","-0,97%"
"26.04.2016","19,50","19,08","19,52","19,07","110,49K","1,59%"
"25.04.2016","19,19","19,13","19,20","18,95","67,37K","0,55%"
"22.04.2016","19,09","18,99","19,14","18,92","72,21K","0,10%"
"21.04.2016","19,07","19,15","19,18","18,95","79,53K","0,42%"
"20.04.2016","18,99","18,95","19,23","18,91","48,50K","-0,26%"
"19.04.2016","19,04","18,91","19,26","18,91","66,62K","-0,10%"
"18.04.2016","19,06","19,11","19,20","19,01","49,32K","-0,91%"
"15.04.2016","19,24","19,43","19,50","19,16","51,84K","-1,41%"
"14.04.2016","19,51","19,59","19,66","19,33","80,07K","-0,46%"
"13.04.2016","19,60","19,59","19,90","19,55","75,53K","0,49%"
"12.04.2016","19,50","18,55","19,65","18,55","195,68K","0,28%"
"11.04.2016","19,45","19,58","19,69","19,33","147,67K","-0,26%"
"08.04.2016","19,50","19,33","19,59","19,33","79,30K","0,57%"
"07.04.2016","19,39","19,70","19,70","19,33","77,93K","-0,87%"
"06.04.2016","19,56","19,50","19,77","19,43","58,46K","-0,08%"
"05.04.2016","19,58","19,56","19,60","19,33","77,14K","0,10%"
"04.04.2016","19,56","19,61","19,90","19,45","107,67K","-1,19%"
"01.04.2016","19,79","19,79","19,79","19,42","140,93K","-0,35%"
"31.03.2016","19,86","19,74","20,09","19,68","187,05K","0,46%"
"30.03.2016","19,77","19,72","20,00","19,72","81,97K","-0,55%"
"29.03.2016","19,88","20,42","20,42","19,76","71,61K","-1,29%"
"24.03.2016","20,14","20,01","20,38","20,00","132,93K","0,45%"
"23.03.2016","20,05","20,46","20,49","20,03","117,25K","-3,61%"
"22.03.2016","20,80","20,61","20,88","20,39","129,12K","0,97%"
"21.03.2016","20,60","20,42","20,77","20,41","108,95K","0,88%"
"18.03.2016","20,42","20,51","20,57","20,31","83,12K","0,49%"
"17.03.2016","20,32","20,58","20,59","20,07","269,57K","-0,44%"
"16.03.2016","20,41","20,17","20,58","20,12","89,41K","0,69%"
"15.03.2016","20,27","20,33","20,45","20,13","82,84K","-0,30%"
"14.03.2016","20,33","20,58","20,68","20,30","102,25K","-0,29%"
"11.03.2016","20,39","20,05","20,44","20,02","128,95K","2,72%"
"10.03.2016","19,85","20,23","20,39","19,85","146,93K","-2,43%"
"09.03.2016","20,34","20,01","20,44","20,00","91,94K","1,02%"
"08.03.2016","20,14","20,17","20,24","19,93","83,67K","-0,30%"
"07.03.2016","20,20","20,30","20,30","19,99","226,93K","-0,15%"
"04.03.2016","20,23","20,25","20,40","20,13","113,61K","0,10%"
"03.03.2016","20,21","20,17","20,25","20,05","121,81K","0,35%"
"02.03.2016","20,14","20,02","20,25","19,88","275,42K","0,95%"
"01.03.2016","19,95","19,96","20,02","19,90","103,78K","0,25%"
"29.02.2016","19,90","19,98","20,08","19,41","135,16K","-0,20%"
"26.02.2016","19,94","20,00","20,13","19,85","583,93K","0,50%"
"25.02.2016","19,84","19,59","19,84","19,48","148,12K","2,80%"
"24.02.2016","19,30","19,55","19,59","19,20","168,63K","-1,20%"
"23.02.2016","19,53","19,65","19,81","19,46","95,48K","-0,38%"
"22.02.2016","19,61","19,51","19,75","19,44","70,38K","1,55%"
"19.02.2016","19,31","19,41","19,45","19,20","107,24K","0,00%"
"18.02.2016","19,31","19,30","19,50","19,00","368,29K","0,26%"
"17.02.2016","19,26","18,83","19,27","18,60","218,49K","3,27%"
"16.02.2016","18,65","19,18","19,18","18,57","113,77K","-1,32%"
"15.02.2016","18,90","19,14","19,14","18,88","163,31K","1,18%"
"12.02.2016","18,68","18,76","18,76","18,44","153,77K","1,03%"
"11.02.2016","18,49","18,81","18,81","18,41","180,29K","-2,14%"
"10.02.2016","18,90","18,00","18,99","17,68","223,94K","7,24%"
"09.02.2016","17,62","18,18","18,28","17,40","154,50K","-2,92%"
"08.02.2016","18,15","18,67","18,82","18,08","118,04K","-2,37%"
"05.02.2016","18,59","19,16","19,30","18,48","176,63K","-2,36%"
"04.02.2016","19,04","19,18","19,22","18,80","134,52K","0,32%"
"03.02.2016","18,98","19,29","19,30","18,75","122,81K","-1,25%"
"02.02.2016","19,22","19,12","19,44","19,03","92,27K","-0,31%"
"01.02.2016","19,28","19,19","19,28","19,11","102,92K","0,47%"
"29.01.2016","19,19","19,07","19,19","18,91","89,10K","2,02%"
"28.01.2016","18,81","18,70","19,28","18,60","120,05K","0,16%"
"27.01.2016","18,78","18,92","18,97","18,67","72,75K","-0,37%"
"26.01.2016","18,85","18,68","18,98","18,15","264,45K","0,05%"
"25.01.2016","18,84","18,80","19,19","18,69","128,01K","0,05%"
"22.01.2016","18,83","18,49","18,83","18,42","171,15K","3,35%"
"21.01.2016","18,22","17,70","18,39","17,69","208,79K","3,00%"
"20.01.2016","17,69","17,11","17,90","17,10","396,85K","2,02%"
"19.01.2016","17,34","17,29","17,51","17,05","117,55K","1,34%"
"18.01.2016","17,11","17,15","17,27","16,93","164,16K","-0,23%"
"15.01.2016","17,15","17,70","17,75","17,00","76,86K","-3,03%"
"14.01.2016","17,68","17,97","17,99","17,60","119,77K","-1,83%"
"13.01.2016","18,01","18,05","18,10","17,80","170,23K","0,08%"
"12.01.2016","18,00","17,96","18,33","17,89","137,87K","-0,28%"
"11.01.2016","18,05","18,25","18,41","17,86","167,27K","-1,47%"
"08.01.2016","18,32","18,40","18,88","18,32","119,13K","-0,54%"
"07.01.2016","18,42","18,60","18,63","18,22","118,47K","-1,73%"
"06.01.2016","18,75","19,00","19,00","18,51","217,82K","-1,50%"
"05.01.2016","19,03","19,04","19,20","18,82","97,03K","0,16%"
"04.01.2016","19,00","19,36","19,36","18,90","151,63K","-2,26%"
"31.12.2015","19,44","19,60","19,63","19,41","32,67K","-0,82%"
"30.12.2015","19,60","19,50","19,61","19,38","100,31K","0,41%"
"29.12.2015","19,52","19,43","19,60","19,34","50,39K","0,67%"
"28.12.2015","19,39","19,44","19,44","19,32","60,26K","-0,28%"
"24.12.2015","19,44","19,31","19,44","19,11","35,25K","0,88%"
"23.12.2015","19,27","18,93","19,33","18,86","78,24K","2,36%"
"22.12.2015","18,83","18,94","18,94","18,66","153,20K","0,16%"
"21.12.2015","18,80","18,40","18,86","18,30","254,27K","0,27%"
"18.12.2015","18,75","19,00","19,00","18,70","150,52K","-1,32%"
"17.12.2015","19,00","19,13","19,25","18,98","211,02K","0,45%"
"16.12.2015","18,92","19,02","19,03","18,90","162,25K","-0,53%"
"15.12.2015","19,01","18,80","19,01","18,70","244,68K","1,20%"
"14.12.2015","18,79","18,74","18,91","18,72","248,03K","0,32%"
"11.12.2015","18,73","18,72","18,80","18,61","258,00K","0,16%"
"10.12.2015","18,70","18,75","18,76","18,67","121,14K","-1,11%"
"09.12.2015","18,91","18,98","18,99","18,74","174,73K","0,59%"
"08.12.2015","18,80","18,95","18,95","18,71","107,26K","-0,79%"
"07.12.2015","18,95","18,76","18,97","18,75","110,97K","1,39%"
"04.12.2015","18,69","18,64","18,69","18,60","91,98K","0,05%"
"03.12.2015","18,68","18,70","18,87","18,57","135,94K","-0,11%"
"02.12.2015","18,70","18,80","18,84","18,66","54,40K","-0,27%"
"01.12.2015","18,75","18,80","18,84","18,75","110,02K","-0,21%"
"30.11.2015","18,79","18,80","19,00","18,76","160,70K","0,24%"
"27.11.2015","18,75","18,50","18,80","18,50","71,87K","0,51%"
"26.11.2015","18,65","18,80","18,80","18,60","91,39K","-0,64%"
"25.11.2015","18,77","18,80","18,84","18,70","53,83K","0,00%"
"24.11.2015","18,77","18,75","18,90","18,70","80,04K","-0,27%"
"23.11.2015","18,82","18,77","18,98","18,66","181,34K","0,80%"
"20.11.2015","18,67","18,80","18,93","18,60","103,79K","-1,01%"
"19.11.2015","18,86","18,88","18,88","18,60","121,32K","0,64%"
"18.11.2015","18,74","18,53","18,80","18,38","200,58K","0,97%"
"17.11.2015","18,56","18,06","18,58","18,03","74,06K","3,11%"
"16.11.2015","18,00","17,74","18,03","17,72","150,33K","1,07%"
"13.11.2015","17,81","17,57","17,84","17,43","264,77K","1,28%"
"12.11.2015","17,58","17,88","17,92","17,53","113,01K","-1,40%"
"11.11.2015","17,83","18,19","18,31","17,83","155,67K","-1,76%"
"10.11.2015","18,16","18,36","18,37","18,03","107,81K","0,86%"
"09.11.2015","18,00","18,07","18,22","17,91","98,77K","-1,02%"
"06.11.2015","18,18","18,20","18,27","18,03","84,50K","0,92%"
"05.11.2015","18,02","18,05","18,16","18,01","85,39K","-0,44%"
"04.11.2015","18,10","17,70","18,48","17,70","164,30K","-0,49%"
"03.11.2015","18,19","18,65","19,00","18,14","134,86K","-1,41%"
"02.11.2015","18,45","18,16","18,52","18,08","139,54K","1,51%"
"30.10.2015","18,17","17,84","18,17","17,79","121,43K","1,34%"
"29.10.2015","17,93","17,79","18,01","17,68","83,88K","1,73%"
"28.10.2015","17,63","17,12","17,68","17,12","144,76K","2,92%"
"27.10.2015","17,13","17,45","17,53","17,10","139,70K","-1,78%"
"26.10.2015","17,44","17,09","17,58","16,95","71,41K","2,59%"
"23.10.2015","17,00","17,00","17,35","16,98","305,11K","-0,09%"
"22.10.2015","17,01","17,24","17,24","16,82","80,03K","-0,21%"
"21.10.2015","17,05","17,03","17,08","16,81","73,32K","0,12%"
"20.10.2015","17,03","16,96","17,10","16,93","65,89K","-0,21%"
"19.10.2015","17,07","17,06","17,11","16,92","65,09K","-0,44%"
"16.10.2015","17,14","17,10","17,22","17,07","112,22K","0,47%"
"15.10.2015","17,06","17,08","17,14","16,87","154,91K","0,35%"
"14.10.2015","17,00","17,10","17,35","16,83","81,97K","0,27%"
"13.10.2015","16,95","17,08","17,29","16,90","77,16K","-1,19%"
"12.10.2015","17,16","17,44","17,44","17,14","65,47K","-1,04%"
"09.10.2015","17,34","17,50","17,53","17,24","132,88K","-0,91%"
"08.10.2015","17,50","17,35","17,57","17,15","176,52K","0,37%"
"07.10.2015","17,43","17,25","17,50","17,20","112,77K","0,49%"
"06.10.2015","17,35","17,15","17,35","16,90","180,03K","1,11%"
"05.10.2015","17,16","16,97","17,25","16,77","221,93K","1,99%"
"02.10.2015","16,83","16,75","16,85","16,63","107,75K","1,02%"
"01.10.2015","16,66","16,87","16,93","16,61","411,49K","-1,22%"
"30.09.2015","16,86","16,94","17,25","16,79","143,59K","1,20%"
"29.09.2015","16,66","16,50","16,80","16,31","123,52K","0,97%"
"28.09.2015","16,50","16,55","16,69","16,42","77,82K","0,24%"
"25.09.2015","16,46","16,60","16,75","16,46","152,73K","0,61%"
"24.09.2015","16,36","16,68","16,73","16,34","174,33K","-1,71%"
"23.09.2015","16,65","16,56","16,68","16,38","120,85K","0,48%"
"22.09.2015","16,57","16,50","16,65","16,31","191,22K","0,27%"
"21.09.2015","16,52","16,33","16,81","16,33","246,12K","0,98%"
"18.09.2015","16,36","16,78","16,99","16,09","183,62K","-2,33%"
"17.09.2015","16,75","16,80","17,05","16,75","1,14M","-0,30%"
"16.09.2015","16,80","16,77","16,88","16,69","43,76K","0,60%"
"15.09.2015","16,70","16,70","16,83","16,52","85,13K","-0,12%"
"14.09.2015","16,72","16,75","16,78","16,71","103,58K","-0,48%"
"11.09.2015","16,80","16,97","17,00","16,75","57,38K","-0,59%"
"10.09.2015","16,90","16,95","17,07","16,90","97,24K","-0,56%"
"09.09.2015","17,00","17,20","17,29","16,99","120,27K","0,18%"
"08.09.2015","16,97","16,94","17,01","16,76","117,60K","0,80%"
"07.09.2015","16,83","16,92","17,06","16,75","42,37K","-0,41%"
"04.09.2015","16,90","16,80","16,98","16,63","41,17K","-0,62%"
"03.09.2015","17,00","16,95","17,18","16,95","70,98K","1,52%"
"02.09.2015","16,75","16,75","16,92","16,49","205,02K","0,24%"
"01.09.2015","16,71","16,82","16,82","16,33","241,75K","-2,25%"
"31.08.2015","17,09","16,76","17,18","16,76","100,82K","0,56%"
"28.08.2015","17,00","17,34","17,34","16,88","151,16K","-1,42%"
"27.08.2015","17,25","17,02","17,32","16,99","121,69K","1,14%"
"26.08.2015","17,05","16,95","17,35","16,76","81,41K","-0,09%"
"25.08.2015","17,07","17,20","17,42","16,91","177,36K","-0,12%"
"24.08.2015","17,08","17,06","17,49","16,28","400,96K","-2,71%"
"21.08.2015","17,56","18,00","18,30","17,54","131,33K","-2,98%"
"20.08.2015","18,10","18,59","18,60","18,05","141,43K","-2,11%"
"19.08.2015","18,49","18,25","18,67","18,25","1,07M","0,76%"
"18.08.2015","18,35","18,35","18,50","18,29","273,88K","0,00%"
"17.08.2015","18,35","18,33","18,50","18,21","127,67K","0,11%"
"14.08.2015","18,33","18,20","18,67","18,13","253,28K","0,49%"
"13.08.2015","18,24","18,25","18,25","18,17","134,37K","0,33%"
"12.08.2015","18,18","18,34","18,34","18,00","248,06K","-1,14%"
"11.08.2015","18,39","18,36","18,50","18,22","176,80K","-0,11%"
"10.08.2015","18,41","18,66","18,66","18,19","195,92K","0,71%"
"07.08.2015","18,28","18,80","18,80","18,11","355,04K","0,00%"
"06.08.2015","18,28","18,25","18,70","18,05","161,65K","0,55%"
"05.08.2015","18,18","18,00","18,25","17,90","60,10K","1,00%"
"04.08.2015","18,00","18,25","18,25","17,90","200,16K","-0,88%"
"03.08.2015","18,16","17,78","18,25","17,68","58,12K","1,11%"
"31.07.2015","17,96","18,25","18,25","17,77","149,58K","0,39%"
"30.07.2015","17,89","18,40","18,48","17,84","104,99K","-1,78%"
"29.07.2015","18,22","18,28","18,81","18,02","101,55K","-1,01%"
"28.07.2015","18,40","18,25","18,60","18,20","102,06K","-0,14%"
"27.07.2015","18,42","18,73","18,82","18,20","94,19K","-1,42%"
"24.07.2015","18,69","18,60","19,15","18,55","114,05K","0,70%"
"23.07.2015","18,56","18,43","18,60","18,35","190,13K","0,32%"
"22.07.2015","18,50","18,48","18,56","18,40","65,83K","0,00%"
"21.07.2015","18,50","18,38","18,58","18,20","120,43K","0,52%"
"20.07.2015","18,40","18,58","18,65","18,26","144,91K","-0,46%"
"17.07.2015","18,49","18,68","18,75","18,46","293,54K","0,30%"
"16.07.2015","18,43","18,53","18,60","18,42","174,10K","-0,38%"
"15.07.2015","18,50","18,55","18,84","18,07","235,95K","0,11%"
"14.07.2015","18,48","18,80","18,87","18,42","90,19K","-1,15%"
"13.07.2015","18,69","18,25","18,91","18,25","70,80K","3,09%"
"10.07.2015","18,14","18,12","18,45","17,99","133,88K","1,54%"
"09.07.2015","17,86","18,00","18,18","17,83","82,75K","0,11%"
"08.07.2015","17,84","17,68","18,07","17,63","99,45K","1,28%"
"07.07.2015","17,61","17,98","18,12","17,45","81,87K","-2,63%"
"06.07.2015","18,09","18,05","18,58","17,80","71,03K","-1,17%"
"03.07.2015","18,31","17,82","18,42","17,73","52,70K","2,43%"
"02.07.2015","17,87","17,80","17,99","17,56","60,60K","0,68%"
"01.07.2015","17,75","17,76","18,00","17,72","77,31K","-0,28%"
"30.06.2015","17,80","18,17","18,45","17,80","86,80K","-1,93%"
"29.06.2015","18,15","17,56","18,20","17,55","83,26K","-0,33%"
"26.06.2015","18,21","17,96","18,36","17,96","78,07K","1,39%"
"25.06.2015","17,96","17,79","18,07","17,62","181,03K","1,61%"
"24.06.2015","17,67","17,78","17,90","17,67","155,10K","-1,45%"
"23.06.2015","17,93","18,16","18,24","17,93","321,89K","-1,24%"
"22.06.2015","18,16","18,50","18,50","18,02","93,47K","-1,84%"
"19.06.2015","18,50","18,30","18,50","18,18","105,08K","0,87%"
"18.06.2015","18,34","18,27","18,49","18,01","99,33K","-0,43%"
"17.06.2015","18,42","18,60","18,70","18,06","64,17K","-0,32%"
"16.06.2015","18,48","18,39","18,65","18,25","96,19K","-0,54%"
"15.06.2015","18,58","18,28","18,84","18,06","113,88K","0,38%"
"12.06.2015","18,51","18,28","18,63","18,27","75,82K","0,68%"
"11.06.2015","18,39","18,99","19,47","18,32","101,16K","-2,49%"
"10.06.2015","18,85","18,25","18,92","18,09","56,46K","2,78%"
"09.06.2015","18,34","18,48","18,63","18,15","90,74K","0,08%"
"08.06.2015","18,33","18,35","18,52","18,17","123,12K","0,05%"
"05.06.2015","18,32","18,75","18,75","18,32","55,99K","-3,02%"
"04.06.2015","18,89","18,80","18,97","18,63","25,41K","0,77%"
"03.06.2015","18,75","18,95","19,25","18,74","101,87K","-0,66%"
"02.06.2015","18,87","18,66","18,89","18,62","59,63K","0,83%"
"01.06.2015","18,72","19,00","19,00","18,60","60,77K","-1,11%"
"29.05.2015","18,92","18,90","18,99","18,61","114,39K","-0,37%"
"28.05.2015","19,00","18,78","19,09","18,56","89,35K","1,09%"
"27.05.2015","18,79","18,35","18,79","18,21","141,92K","3,24%"
"26.05.2015","18,20","18,63","18,67","18,06","92,21K","-1,52%"
"25.05.2015","18,48","18,28","18,93","18,10","68,86K","1,48%"
"22.05.2015","18,21","17,57","18,38","17,52","187,72K","3,64%"
"21.05.2015","17,57","17,76","17,78","17,51","184,76K","-0,96%"
"20.05.2015","17,74","17,60","17,85","17,25","311,61K","1,37%"
"19.05.2015","17,50","18,11","18,33","17,42","881,95K","-3,53%"
"18.05.2015","18,14","18,33","18,55","17,75","125,54K","-0,98%"
"15.05.2015","18,32","18,61","18,61","18,22","506,19K","-0,97%"
"14.05.2015","18,50","18,50","18,76","18,40","75,69K","0,14%"
"13.05.2015","18,48","18,45","18,69","18,44","195,86K","0,43%"
"12.05.2015","18,40","18,60","18,60","18,32","91,64K","-1,23%"
"11.05.2015","18,63","18,32","18,75","18,11","103,33K","1,94%"
"08.05.2015","18,27","18,41","18,52","18,00","96,24K","-0,05%"
"07.05.2015","18,28","18,74","18,77","17,64","95,21K","0,49%"
"06.05.2015","18,19","18,45","18,45","18,07","75,23K","-0,52%"
"05.05.2015","18,28","18,50","18,64","18,16","127,35K","-0,89%"
"04.05.2015","18,45","19,17","19,17","18,41","281,47K","-3,15%"
"30.04.2015","19,05","18,88","19,15","18,49","96,96K","0,87%"
"29.04.2015","18,89","19,25","19,25","18,88","108,41K","-1,13%"
"28.04.2015","19,10","19,15","19,40","18,95","98,71K","-0,93%"
"27.04.2015","19,28","19,96","19,96","19,19","86,41K","-1,43%"
"24.04.2015","19,56","18,97","19,56","18,97","92,43K","3,88%"
"23.04.2015","18,83","19,35","19,35","18,79","22,61K","-1,95%"
"22.04.2015","19,20","19,21","19,45","19,07","133,08K","0,00%"
"21.04.2015","19,21","19,17","19,48","19,16","277,58K","0,10%"
"20.04.2015","19,19","19,43","19,58","18,63","106,40K","-0,44%"
"17.04.2015","19,27","19,69","19,82","19,25","80,23K","-3,04%"
"16.04.2015","19,88","19,70","20,02","19,57","105,81K","1,12%"
"15.04.2015","19,66","19,32","19,70","19,32","71,70K","1,39%"
"14.04.2015","19,39","19,50","19,50","19,25","293,05K","-0,49%"
"13.04.2015","19,49","19,67","19,68","19,37","121,74K","-0,18%"
"10.04.2015","19,52","19,52","19,59","19,43","207,86K","-0,38%"
"09.04.2015","19,59","19,65","19,77","19,55","21,22K","-0,28%"
"08.04.2015","19,65","19,88","19,88","19,63","29,82K","-1,60%"
"07.04.2015","19,97","20,46","20,46","19,97","93,12K","-1,19%"
"02.04.2015","20,21","20,12","20,35","19,96","90,90K","0,80%"
"01.04.2015","20,05","20,02","20,46","19,98","134,45K","-0,22%"
"31.03.2015","20,09","20,30","20,37","20,08","88,87K","-0,64%"
"30.03.2015","20,23","20,10","20,47","20,10","137,18K","0,80%"
"27.03.2015","20,07","19,89","20,24","19,88","86,05K","0,93%"
"26.03.2015","19,88","20,00","20,00","19,68","91,23K","-0,60%"
"25.03.2015","20,00","19,99","20,50","19,99","187,64K","0,33%"
"24.03.2015","19,93","19,44","19,99","19,38","306,94K","2,86%"
"23.03.2015","19,38","18,91","19,38","18,52","160,92K","2,22%"
"20.03.2015","18,96","18,88","19,00","18,71","178,16K","0,32%"
"19.03.2015","18,90","18,80","19,00","18,68","47,25K","0,21%"
"18.03.2015","18,86","18,75","19,18","18,24","87,66K","0,32%"
"17.03.2015","18,80","19,07","19,18","18,70","58,51K","-0,97%"
"16.03.2015","18,99","18,85","19,22","18,85","107,30K","0,26%"
"13.03.2015","18,93","19,25","19,59","18,70","392,31K","-1,28%"
"12.03.2015","19,18","18,60","19,44","18,53","358,76K","2,57%"
"11.03.2015","18,70","18,28","18,70","18,22","335,38K","2,58%"
"10.03.2015","18,23","17,90","18,45","17,80","548,53K","1,84%"
"09.03.2015","17,90","17,43","17,90","17,20","179,98K","2,90%"
"06.03.2015","17,40","17,47","17,55","17,22","42,05K","-0,37%"
"05.03.2015","17,46","17,26","17,60","17,26","278,65K","0,40%"
"04.03.2015","17,39","17,22","17,39","17,07","450,93K","1,52%"
"03.03.2015","17,13","17,45","17,45","16,98","93,91K","-1,75%"
"02.03.2015","17,43","17,07","17,59","17,00","211,67K","2,41%"
"27.02.2015","17,02","17,40","17,40","16,26","316,84K","-1,65%"
"26.02.2015","17,31","17,21","17,40","17,15","94,31K","1,38%"
"25.02.2015","17,08","17,18","17,18","16,55","178,98K","-0,65%"
"24.02.2015","17,19","17,27","17,27","17,12","103,56K","-0,12%"
"23.02.2015","17,21","17,20","17,22","16,95","117,03K","0,14%"
"20.02.2015","17,18","16,70","17,32","16,70","229,73K","2,73%"
"19.02.2015","16,73","16,46","16,80","16,28","415,66K","2,52%"
"18.02.2015","16,32","16,05","16,36","15,94","211,25K","1,57%"
"17.02.2015","16,06","16,22","16,41","15,92","361,71K","-0,39%"
"16.02.2015","16,13","15,88","16,40","15,77","341,19K","3,96%"
"13.02.2015","15,51","15,65","15,65","15,34","149,22K","0,38%"
"12.02.2015","15,45","15,22","15,83","15,22","194,99K","1,66%"
"11.02.2015","15,20","15,06","15,33","15,06","161,67K","1,23%"
"10.02.2015","15,02","15,26","15,51","14,82","333,71K","-2,12%"
"09.02.2015","15,34","15,96","15,96","15,07","287,06K","-4,03%"
"06.02.2015","15,99","16,03","16,04","15,85","62,29K","0,28%"
"05.02.2015","15,94","16,03","16,29","15,92","86,13K","-0,60%"
"04.02.2015","16,04","15,87","16,04","15,84","157,08K","1,26%"
"03.02.2015","15,84","15,83","16,03","15,70","191,70K","0,21%"
"02.02.2015","15,81","15,63","16,07","15,55","206,54K","0,53%"
"30.01.2015","15,72","15,81","15,92","15,68","189,07K","0,00%"
"29.01.2015","15,72","15,76","15,83","15,60","309,30K","-1,58%"
"28.01.2015","15,98","16,09","16,16","15,86","163,40K","0,00%"
"27.01.2015","15,98","16,23","16,30","15,88","124,59K","-0,60%"
"26.01.2015","16,07","16,08","16,22","15,64","144,68K","-0,24%"
"23.01.2015","16,11","16,14","16,32","15,98","95,95K","-0,06%"
"22.01.2015","16,12","16,08","16,45","15,95","115,70K","-0,15%"
"21.01.2015","16,15","16,36","16,36","15,93","100,98K","-1,63%"
"20.01.2015","16,41","16,08","16,41","15,73","73,35K","2,85%"
"19.01.2015","15,96","15,01","16,41","15,01","198,65K","5,54%"
"16.01.2015","15,12","16,18","16,24","14,86","251,81K","-6,78%"
"15.01.2015","16,22","16,45","16,45","16,12","72,50K","-1,18%"
"14.01.2015","16,41","16,11","16,45","15,99","62,89K","0,66%"
"13.01.2015","16,31","16,13","16,46","16,13","47,89K","1,44%"
"12.01.2015","16,07","16,24","16,51","16,06","170,27K","-0,60%"
"09.01.2015","16,17","16,22","16,22","15,99","35,56K","-0,41%"
"08.01.2015","16,24","16,53","16,56","16,20","83,83K","-1,65%"
"07.01.2015","16,51","16,69","16,69","16,36","158,78K","-0,52%"
"06.01.2015","16,60","16,57","16,83","16,23","82,74K","-0,40%"
"05.01.2015","16,66","17,33","17,33","16,58","49,36K","-3,26%"
"02.01.2015","17,23","16,95","17,43","16,95","58,69K","-1,82%"