"Fecha","Último","Apertura","Máximo","Mínimo","Vol.","% var."
"31.12.2025","4,282","4,300","4,300","4,266","1,12M","-0,56%"
"30.12.2025","4,306","4,280","4,322","4,278","2,19M","0,75%"
"29.12.2025","4,274","4,294","4,302","4,274","1,66M","-0,51%"
"24.12.2025","4,296","4,290","4,312","4,282","553,40K","-0,32%"
"23.12.2025","4,310","4,278","4,310","4,268","1,64M","0,51%"
"22.12.2025","4,288","4,308","4,308","4,240","2,70M","-0,65%"
"19.12.2025","4,316","4,270","4,332","4,252","6,55M","1,60%"
"18.12.2025","4,248","4,216","4,254","4,208","3,32M","0,38%"
"17.12.2025","4,232","4,200","4,260","4,190","4,12M","1,49%"
"16.12.2025","4,170","4,180","4,196","4,148","3,01M","-0,19%"
"15.12.2025","4,178","4,146","4,178","4,106","2,80M","1,85%"
"12.12.2025","4,102","4,100","4,140","4,066","3,77M","0,24%"
"11.12.2025","4,092","4,068","4,098","4,038","1,99M","1,19%"
"10.12.2025","4,044","4,102","4,104","4,022","2,51M","-1,70%"
"09.12.2025","4,114","4,050","4,114","4,040","4,29M","2,14%"
"08.12.2025","4,028","4,016","4,044","4,004","1,76M","0,35%"
"05.12.2025","4,014","4,010","4,044","3,982","2,13M","0,25%"
"04.12.2025","4,004","3,976","4,004","3,968","4,33M","1,11%"
"03.12.2025","3,960","4,036","4,042","3,960","3,43M","-2,22%"
"02.12.2025","4,050","4,034","4,060","4,012","3,38M","0,55%"
"01.12.2025","4,028","3,990","4,056","3,988","3,91M","1,00%"
"28.11.2025","3,988","4,018","4,020","3,954","3,16M","-0,55%"
"27.11.2025","4,010","4,002","4,024","3,990","1,38M","0,35%"
"26.11.2025","3,996","3,950","3,996","3,930","2,20M","-0,35%"
"25.11.2025","4,010","3,972","4,010","3,912","3,37M","0,91%"
"24.11.2025","3,974","3,978","4,020","3,950","88,62M","0,91%"
"21.11.2025","3,938","3,980","3,980","3,930","2,80M","-2,14%"
"20.11.2025","4,024","4,008","4,058","3,984","2,39M","1,36%"
"19.11.2025","3,970","3,980","4,004","3,948","3,05M","-0,15%"
"18.11.2025","3,976","3,998","4,008","3,964","2,54M","-1,24%"
"17.11.2025","4,026","4,060","4,084","4,010","2,11M","-0,54%"
"14.11.2025","4,048","4,106","4,106","4,020","2,02M","-1,60%"
"13.11.2025","4,114","4,060","4,152","4,046","2,93M","2,08%"
"12.11.2025","4,030","3,978","4,048","3,972","2,39M","2,03%"
"11.11.2025","3,950","3,940","3,978","3,938","1,78M","0,30%"
"10.11.2025","3,938","3,950","3,958","3,910","2,42M","0,46%"
"07.11.2025","3,920","3,976","3,990","3,904","1,96M","-1,41%"
"06.11.2025","3,976","3,962","4,018","3,924","4,65M","0,71%"
"05.11.2025","3,948","3,922","3,948","3,900","2,36M","0,51%"
"04.11.2025","3,928","3,910","3,942","3,838","3,37M","-0,36%"
"03.11.2025","3,942","3,854","3,972","3,844","4,12M","2,87%"
"31.10.2025","3,832","4,090","4,090","3,824","6,66M","-5,01%"
"30.10.2025","4,034","4,046","4,046","3,996","2,75M","0,40%"
"29.10.2025","4,018","4,000","4,080","3,970","2,76M","-0,64%"
"28.10.2025","4,044","4,052","4,062","4,030","1,48M","-0,39%"
"27.10.2025","4,060","4,010","4,068","4,004","1,55M","1,86%"
"24.10.2025","3,986","3,972","3,990","3,946","1,65M","0,35%"
"23.10.2025","3,972","3,948","3,982","3,924","1,30M","0,71%"
"22.10.2025","3,944","3,972","3,980","3,914","4,11M","-0,20%"
"21.10.2025","3,952","3,984","4,000","3,950","2,42M","-0,60%"
"20.10.2025","3,976","3,990","4,002","3,958","2,38M","0,86%"
"17.10.2025","3,942","3,970","3,982","3,918","3,12M","-1,70%"
"16.10.2025","4,010","4,004","4,026","3,974","2,85M","0,15%"
"15.10.2025","4,004","4,088","4,088","4,004","3,19M","-2,01%"
"14.10.2025","4,086","4,054","4,102","4,042","2,98M","0,64%"
"13.10.2025","4,060","4,130","4,158","4,056","3,44M","-1,69%"
"10.10.2025","4,130","4,170","4,188","4,130","3,26M","-0,86%"
"09.10.2025","4,166","4,140","4,180","4,136","2,54M","0,43%"
"08.10.2025","4,148","4,090","4,158","4,088","2,47M","2,07%"
"07.10.2025","4,064","4,052","4,094","4,052","2,20M","-0,20%"
"06.10.2025","4,072","4,054","4,094","4,036","2,15M","0,69%"
"03.10.2025","4,044","4,046","4,078","4,028","2,39M","0,35%"
"02.10.2025","4,030","4,076","4,092","4,022","2,21M","-0,93%"
"01.10.2025","4,068","4,028","4,098","3,984","3,04M","0,94%"
"30.09.2025","4,030","4,050","4,070","4,012","2,35M","0,00%"
"29.09.2025","4,030","3,990","4,074","3,986","2,59M","1,36%"
"26.09.2025","3,976","3,934","3,976","3,910","2,24M","2,05%"
"25.09.2025","3,896","3,900","3,910","3,862","1,63M","-0,66%"
"24.09.2025","3,922","3,886","3,934","3,850","1,98M","1,34%"
"23.09.2025","3,870","3,888","3,896","3,862","1,66M","-0,26%"
"22.09.2025","3,880","3,826","3,886","3,804","1,54M","1,41%"
"19.09.2025","3,826","3,826","3,848","3,820","4,46M","0,21%"
"18.09.2025","3,818","3,820","3,824","3,790","1,45M","0,63%"
"17.09.2025","3,794","3,794","3,810","3,768","1,80M","-0,21%"
"16.09.2025","3,802","3,850","3,850","3,796","2,39M","-1,45%"
"15.09.2025","3,858","3,920","3,928","3,854","2,80M","-1,28%"
"12.09.2025","3,908","3,900","3,924","3,890","1,95M","0,46%"
"11.09.2025","3,890","3,850","3,898","3,836","1,99M","0,99%"
"10.09.2025","3,852","3,830","3,882","3,822","2,35M","1,16%"
"09.09.2025","3,808","3,810","3,824","3,788","1,82M","0,47%"
"08.09.2025","3,790","3,770","3,802","3,764","1,68M","0,53%"
"05.09.2025","3,770","3,784","3,810","3,760","2,27M","-0,05%"
"04.09.2025","3,772","3,766","3,800","3,762","2,57M","-0,05%"
"03.09.2025","3,774","3,758","3,774","3,696","2,00M","0,16%"
"02.09.2025","3,768","3,796","3,800","3,734","2,31M","-0,63%"
"01.09.2025","3,792","3,756","3,792","3,746","1,53M","1,28%"
"29.08.2025","3,744","3,770","3,770","3,722","1,34M","-0,58%"
"28.08.2025","3,766","3,758","3,782","3,728","1,42M","0,00%"
"27.08.2025","3,766","3,772","3,794","3,744","1,43M","-0,63%"
"26.08.2025","3,790","3,800","3,802","3,738","2,37M","-0,47%"
"25.08.2025","3,808","3,818","3,830","3,802","1,17M","-0,57%"
"22.08.2025","3,830","3,856","3,862","3,826","1,86M","-0,36%"
"21.08.2025","3,844","3,852","3,874","3,802","2,08M","-0,57%"
"20.08.2025","3,866","3,832","3,866","3,828","1,66M","0,52%"
"19.08.2025","3,846","3,860","3,874","3,834","2,07M","-0,67%"
"18.08.2025","3,872","3,850","3,872","3,812","2,29M","0,36%"
"15.08.2025","3,858","3,870","3,880","3,838","1,84M","0,05%"
"14.08.2025","3,856","3,828","3,878","3,820","2,62M","1,10%"
"13.08.2025","3,814","3,792","3,836","3,788","2,19M","0,85%"
"12.08.2025","3,782","3,748","3,782","3,732","2,91M","1,39%"
"11.08.2025","3,730","3,714","3,732","3,680","1,88M","0,43%"
"08.08.2025","3,714","3,686","3,728","3,654","2,75M","0,38%"
"07.08.2025","3,700","3,680","3,704","3,668","2,16M","1,20%"
"06.08.2025","3,656","3,640","3,676","3,620","2,65M","0,99%"
"05.08.2025","3,620","3,590","3,622","3,568","2,51M","1,34%"
"04.08.2025","3,572","3,518","3,572","3,510","1,97M","2,35%"
"01.08.2025","3,490","3,518","3,538","3,476","1,91M","-2,30%"
"31.07.2025","3,572","3,550","3,576","3,538","2,97M","0,79%"
"30.07.2025","3,544","3,504","3,550","3,488","2,46M","0,91%"
"29.07.2025","3,512","3,468","3,522","3,454","2,10M","1,92%"
"28.07.2025","3,446","3,472","3,522","3,430","3,01M","0,64%"
"25.07.2025","3,424","3,478","3,484","3,414","2,66M","-1,55%"
"24.07.2025","3,478","3,440","3,522","3,416","3,29M","1,52%"
"23.07.2025","3,426","3,452","3,458","3,396","3,26M","-0,06%"
"22.07.2025","3,428","3,440","3,456","3,416","1,96M","-0,58%"
"21.07.2025","3,448","3,470","3,470","3,418","2,12M","-0,06%"
"18.07.2025","3,450","3,430","3,460","3,428","2,82M","0,23%"
"17.07.2025","3,442","3,462","3,476","3,442","3,26M","-0,23%"
"16.07.2025","3,450","3,430","3,492","3,430","1,81M","0,00%"
"15.07.2025","3,450","3,500","3,500","3,434","2,18M","-1,20%"
"14.07.2025","3,492","3,454","3,492","3,434","1,87M","0,52%"
"11.07.2025","3,474","3,500","3,520","3,442","2,94M","-1,42%"
"10.07.2025","3,524","3,608","3,612","3,524","2,52M","-2,54%"
"09.07.2025","3,616","3,564","3,636","3,564","2,44M","1,35%"
"08.07.2025","3,568","3,566","3,586","3,548","2,79M","0,00%"
"07.07.2025","3,568","3,524","3,568","3,516","2,02M","1,25%"
"04.07.2025","3,524","3,522","3,536","3,496","2,24M","0,06%"
"03.07.2025","3,522","3,458","3,526","3,458","2,42M","1,91%"
"02.07.2025","3,456","3,488","3,502","3,442","2,59M","-0,75%"
"01.07.2025","3,482","3,484","3,520","3,470","3,54M","0,35%"
"30.06.2025","3,470","3,444","3,470","3,424","2,16M","0,75%"
"27.06.2025","3,444","3,422","3,444","3,400","2,36M","0,94%"
"26.06.2025","3,412","3,412","3,420","3,386","1,97M","0,41%"
"25.06.2025","3,398","3,418","3,418","3,356","2,72M","-0,47%"
"24.06.2025","3,414","3,380","3,458","3,380","4,44M","3,52%"
"23.06.2025","3,298","3,280","3,328","3,280","1,91M","-0,60%"
"20.06.2025","3,318","3,264","3,326","3,264","5,15M","1,22%"
"19.06.2025","3,278","3,292","3,296","3,258","1,64M","-0,67%"
"18.06.2025","3,300","3,284","3,312","3,260","2,85M","0,55%"
"17.06.2025","3,282","3,296","3,298","3,256","1,63M","-0,97%"
"16.06.2025","3,314","3,320","3,338","3,304","2,01M","0,12%"
"13.06.2025","3,310","3,300","3,326","3,254","2,35M","-0,42%"
"12.06.2025","3,324","3,336","3,344","3,296","2,73M","-0,89%"
"11.06.2025","3,354","3,342","3,362","3,322","2,10M","0,18%"
"10.06.2025","3,348","3,402","3,402","3,348","2,10M","-1,06%"
"09.06.2025","3,384","3,384","3,416","3,374","2,14M","-0,06%"
"06.06.2025","3,386","3,350","3,386","3,340","2,36M","0,71%"
"05.06.2025","3,362","3,336","3,374","3,322","2,16M","0,66%"
"04.06.2025","3,340","3,384","3,398","3,338","2,46M","-1,01%"
"03.06.2025","3,374","3,400","3,420","3,356","3,16M","-0,71%"
"02.06.2025","3,398","3,330","3,398","3,300","3,00M","1,86%"
"30.05.2025","3,336","3,380","3,382","3,336","39,06M","-1,36%"
"29.05.2025","3,382","3,362","3,386","3,338","1,95M","0,96%"
"28.05.2025","3,350","3,408","3,408","3,338","3,02M","-1,87%"
"27.05.2025","3,414","3,400","3,422","3,354","3,16M","-2,40%"
"26.05.2025","3,498","3,500","3,512","3,464","3,94M","0,69%"
"23.05.2025","3,474","3,498","3,498","3,388","4,44M","-0,63%"
"22.05.2025","3,496","3,480","3,496","3,434","2,49M","0,34%"
"21.05.2025","3,484","3,474","3,508","3,472","2,31M","-0,11%"
"20.05.2025","3,488","3,484","3,514","3,470","4,10M","0,46%"
"19.05.2025","3,472","3,498","3,498","3,442","2,14M","-0,52%"
"16.05.2025","3,490","3,488","3,490","3,458","2,09M","0,52%"
"15.05.2025","3,472","3,374","3,484","3,340","4,55M","2,66%"
"14.05.2025","3,382","3,270","3,384","3,234","5,17M","3,62%"
"13.05.2025","3,264","3,256","3,282","3,222","2,68M","-0,73%"
"12.05.2025","3,288","3,360","3,372","3,258","2,56M","-1,67%"
"09.05.2025","3,344","3,338","3,354","3,318","1,81M","0,42%"
"08.05.2025","3,330","3,350","3,362","3,314","14,63K","0,60%"
"07.05.2025","3,310","3,280","3,326","3,280","2,95M","1,04%"
"06.05.2025","3,276","3,230","3,280","3,216","2,98M","1,80%"
"05.05.2025","3,218","3,162","3,218","3,162","1,86M","1,96%"
"02.05.2025","3,156","3,144","3,170","3,114","2,63M","0,70%"
"30.04.2025","3,134","3,178","3,178","3,102","3,27M","-0,57%"
"29.04.2025","3,152","3,176","3,184","3,118","2,15M","-0,06%"
"28.04.2025","3,154","3,148","3,174","3,106","57,59K","-0,38%"
"25.04.2025","3,166","2,982","3,206","2,980","43,61K","8,05%"
"24.04.2025","2,930","2,926","2,950","2,912","1,93M","0,34%"
"23.04.2025","2,920","2,952","2,954","2,896","2,35M","-0,14%"
"22.04.2025","2,924","2,900","2,940","2,892","2,72M","0,41%"
"17.04.2025","2,912","2,880","2,916","2,864","1,54M","1,11%"
"16.04.2025","2,880","2,848","2,884","2,836","2,30M","1,05%"
"15.04.2025","2,850","2,800","2,870","2,798","2,67M","2,37%"
"14.04.2025","2,784","2,802","2,812","2,766","1,75M","1,68%"
"11.04.2025","2,738","2,740","2,778","2,700","2,37M","-0,15%"
"10.04.2025","2,742","2,936","2,936","2,724","5,00M","5,14%"
"09.04.2025","2,608","2,606","2,642","2,556","3,64M","-2,40%"
"08.04.2025","2,672","2,658","2,706","2,590","4,08M","3,25%"
"07.04.2025","2,588","2,418","2,712","2,340","8,46M","-5,75%"
"04.04.2025","2,746","2,884","2,884","2,702","3,51K","-5,70%"
"03.04.2025","2,912","2,864","2,928","2,856","7,69K","0,00%"
"02.04.2025","2,912","2,882","2,912","2,874","1,57M","0,69%"
"01.04.2025","2,892","2,850","2,892","2,842","2,00M","1,76%"
"31.03.2025","2,842","2,834","2,852","2,808","1,93M","-0,63%"
"28.03.2025","2,860","2,862","2,902","2,858","1,49M","-0,49%"
"27.03.2025","2,874","2,876","2,890","2,848","1,48M","-0,55%"
"26.03.2025","2,890","2,892","2,912","2,890","1,55M","0,07%"
"25.03.2025","2,888","2,870","2,898","2,870","1,44M","0,91%"
"24.03.2025","2,862","2,864","2,882","2,852","1,50M","0,14%"
"21.03.2025","2,858","2,856","2,876","2,852","11,82M","-0,14%"
"20.03.2025","2,862","2,900","2,910","2,840","1,64M","-1,24%"
"19.03.2025","2,898","2,902","2,926","2,890","1,41M","-0,55%"
"18.03.2025","2,914","2,864","2,918","2,864","2,98M","2,03%"
"17.03.2025","2,856","2,820","2,862","2,820","1,76M","1,20%"
"14.03.2025","2,822","2,764","2,832","2,760","2,69M","2,02%"
"13.03.2025","2,766","2,726","2,774","2,722","2,07M","1,17%"
"12.03.2025","2,734","2,680","2,734","2,680","1,89M","2,09%"
"11.03.2025","2,678","2,732","2,736","2,656","2,75M","-1,40%"
"10.03.2025","2,716","2,716","2,734","2,710","1,57M","-0,15%"
"07.03.2025","2,720","2,706","2,722","2,686","1,42M","-0,22%"
"06.03.2025","2,726","2,700","2,732","2,694","2,01M","1,34%"
"05.03.2025","2,690","2,732","2,756","2,686","2,41M","-0,15%"
"04.03.2025","2,694","2,742","2,750","2,688","1,84M","-2,25%"
"03.03.2025","2,756","2,716","2,764","2,716","2,49M","1,55%"
"28.02.2025","2,714","2,700","2,714","2,674","2,29M","0,67%"
"27.02.2025","2,696","2,708","2,736","2,692","2,35M","-1,39%"
"26.02.2025","2,734","2,708","2,734","2,708","1,60M","1,56%"
"25.02.2025","2,692","2,634","2,702","2,632","1,62M","2,28%"
"24.02.2025","2,632","2,608","2,640","2,608","1,69M","0,92%"
"21.02.2025","2,608","2,650","2,656","2,608","3,11M","-1,36%"
"20.02.2025","2,644","2,662","2,690","2,644","2,51M","-0,23%"
"19.02.2025","2,650","2,690","2,724","2,650","2,76M","-2,14%"
"18.02.2025","2,708","2,694","2,724","2,694","1,78M","0,59%"
"17.02.2025","2,692","2,690","2,726","2,690","1,84M","0,15%"
"14.02.2025","2,688","2,742","2,748","2,684","3,18M","-2,04%"
"13.02.2025","2,744","2,770","2,774","2,708","8,01K","1,93%"
"12.02.2025","2,692","2,780","2,804","2,692","0,89K","-4,34%"
"11.02.2025","2,814","2,780","2,814","2,776","1,58M","1,52%"
"10.02.2025","2,772","2,766","2,794","2,766","1,46M","0,07%"
"07.02.2025","2,770","2,746","2,780","2,744","1,79M","0,80%"
"06.02.2025","2,748","2,720","2,754","2,720","2,04M","1,40%"
"05.02.2025","2,710","2,674","2,720","2,674","2,23M","1,50%"
"04.02.2025","2,670","2,664","2,678","2,644","1,20M","0,60%"
"03.02.2025","2,654","2,650","2,686","2,640","3,04M","-1,26%"
"31.01.2025","2,688","2,710","2,710","2,676","1,58M","-0,74%"
"30.01.2025","2,708","2,710","2,730","2,702","1,96M","0,00%"
"29.01.2025","2,708","2,632","2,716","2,632","11,47K","2,89%"
"28.01.2025","2,632","2,618","2,634","2,610","1,31M","0,08%"
"27.01.2025","2,630","2,564","2,636","2,554","1,01K","2,02%"
"24.01.2025","2,578","2,658","2,658","2,558","6,01K","-2,64%"
"23.01.2025","2,648","2,620","2,654","2,620","1,44M","0,30%"
"22.01.2025","2,640","2,648","2,658","2,618","19,75K","-0,30%"
"21.01.2025","2,648","2,628","2,648","2,624","1,51M","0,38%"
"20.01.2025","2,638","2,648","2,658","2,630","2,49M","-0,60%"
"17.01.2025","2,654","2,612","2,656","2,612","4,16M","1,76%"
"16.01.2025","2,608","2,610","2,620","2,590","2,02M","0,31%"
"15.01.2025","2,600","2,550","2,600","2,540","3,14M","2,85%"
"14.01.2025","2,528","2,520","2,532","2,502","1,59M","0,64%"
"13.01.2025","2,512","2,480","2,520","2,470","1,98M","0,72%"
"10.01.2025","2,494","2,548","2,550","2,494","2,26M","-2,12%"
"09.01.2025","2,548","2,506","2,552","2,494","1,68M","1,35%"
"08.01.2025","2,514","2,484","2,520","2,484","1,45M","0,80%"
"07.01.2025","2,494","2,482","2,498","2,446","1,12M","0,32%"
"06.01.2025","2,486","2,484","2,486","2,450","1,19M","0,49%"
"03.01.2025","2,474","2,474","2,486","2,468","861,85K","-0,16%"
"02.01.2025","2,478","2,454","2,478","2,432","1,92M","1,31%"
"31.12.2024","2,446","2,438","2,454","2,432","722,32K","0,08%"
"30.12.2024","2,444","2,442","2,446","2,426","1,33M","0,08%"
"27.12.2024","2,442","2,420","2,448","2,414","1,11M","0,41%"
"24.12.2024","2,432","2,440","2,440","2,420","519,59K","0,00%"
"23.12.2024","2,432","2,414","2,432","2,410","1,17M","0,75%"
"20.12.2024","2,414","2,420","2,420","2,380","5,01M","-0,58%"
"19.12.2024","2,428","2,434","2,448","2,410","3,26M","-1,06%"
"18.12.2024","2,454","2,470","2,480","2,452","1,90M","-0,81%"
"17.12.2024","2,474","2,474","2,504","2,464","1,95M","0,00%"
"16.12.2024","2,474","2,500","2,508","2,474","1,77M","-0,96%"
"13.12.2024","2,498","2,486","2,498","2,480","1,84M","0,89%"
"12.12.2024","2,476","2,464","2,490","2,452","1,51M","0,65%"
"11.12.2024","2,460","2,456","2,476","2,440","1,18M","-0,32%"
"10.12.2024","2,468","2,490","2,490","2,462","1,89M","-0,72%"
"09.12.2024","2,486","2,508","2,520","2,486","1,47M","-0,80%"
"06.12.2024","2,506","2,528","2,558","2,504","1,68M","-1,73%"
"05.12.2024","2,550","2,484","2,550","2,484","2,44M","2,66%"
"04.12.2024","2,484","2,476","2,498","2,472","1,66M","0,49%"
"03.12.2024","2,472","2,456","2,482","2,456","1,47M","0,32%"
"02.12.2024","2,464","2,452","2,482","2,440","1,89M","0,16%"
"29.11.2024","2,460","2,474","2,482","2,436","2,27M","-1,13%"
"28.11.2024","2,488","2,488","2,504","2,480","1,37M","0,00%"
"27.11.2024","2,488","2,480","2,490","2,454","1,77M","-2,58%"
"26.11.2024","2,554","2,600","2,602","2,552","3,19M","-1,54%"
"25.11.2024","2,594","2,614","2,616","2,582","4,02M","-0,15%"
"22.11.2024","2,598","2,596","2,608","2,560","2,01M","0,31%"
"21.11.2024","2,590","2,572","2,594","2,560","1,91M","1,17%"
"20.11.2024","2,560","2,586","2,586","2,552","1,85M","-0,23%"
"19.11.2024","2,566","2,600","2,600","2,548","2,26M","-1,08%"
"18.11.2024","2,594","2,604","2,618","2,584","1,94M","-0,23%"
"15.11.2024","2,600","2,552","2,600","2,548","2,06M","1,88%"
"14.11.2024","2,552","2,544","2,562","2,520","2,10M","0,95%"
"13.11.2024","2,528","2,540","2,556","2,502","2,54M","-0,55%"
"12.11.2024","2,542","2,578","2,578","2,536","2,18M","-1,93%"
"11.11.2024","2,592","2,604","2,626","2,584","2,34M","0,31%"
"08.11.2024","2,584","2,590","2,608","2,580","1,57M","-0,46%"
"07.11.2024","2,596","2,590","2,626","2,590","1,85M","0,62%"
"06.11.2024","2,580","2,630","2,638","2,578","2,68M","-1,30%"
"05.11.2024","2,614","2,596","2,620","2,588","2,38M","0,69%"
"04.11.2024","2,596","2,610","2,630","2,590","2,27M","-0,99%"
"01.11.2024","2,622","2,624","2,644","2,584","2,98M","-0,15%"
"31.10.2024","2,626","2,608","2,642","2,602","4,66M","-0,23%"
"30.10.2024","2,632","2,638","2,650","2,602","4,20M","-2,23%"
"29.10.2024","2,692","2,580","2,696","2,572","7,31M","4,91%"
"28.10.2024","2,566","2,534","2,574","2,530","3,06M","1,83%"
"25.10.2024","2,520","2,500","2,530","2,500","2,69M","0,72%"
"24.10.2024","2,502","2,486","2,518","2,486","1,61M","0,72%"
"23.10.2024","2,484","2,486","2,490","2,474","1,61M","0,00%"
"22.10.2024","2,484","2,490","2,502","2,466","1,31M","-0,24%"
"21.10.2024","2,490","2,496","2,514","2,488","1,08M","-0,08%"
"18.10.2024","2,492","2,488","2,500","2,468","2,31M","0,40%"
"17.10.2024","2,482","2,488","2,514","2,480","2,23M","-0,24%"
"16.10.2024","2,488","2,518","2,538","2,466","3,15M","-1,74%"
"15.10.2024","2,532","2,512","2,546","2,506","4,16M","0,96%"
"14.10.2024","2,508","2,464","2,518","2,458","3,75M","1,95%"
"11.10.2024","2,460","2,440","2,460","2,432","1,43M","1,07%"
"10.10.2024","2,434","2,420","2,434","2,396","1,98M","0,58%"
"09.10.2024","2,420","2,384","2,420","2,384","1,26M","0,92%"
"08.10.2024","2,398","2,370","2,398","2,356","1,55M","0,25%"
"07.10.2024","2,392","2,398","2,408","2,382","1,55M","0,08%"
"04.10.2024","2,390","2,368","2,400","2,368","2,03M","1,19%"
"03.10.2024","2,362","2,380","2,384","2,360","992,48K","-0,59%"
"02.10.2024","2,376","2,390","2,398","2,366","1,85M","-0,75%"
"01.10.2024","2,394","2,384","2,400","2,374","3,04M","0,08%"
"30.09.2024","2,392","2,404","2,416","2,364","1,79M","-0,99%"
"27.09.2024","2,416","2,424","2,434","2,406","2,76M","-0,17%"
"26.09.2024","2,420","2,398","2,426","2,398","2,36M","1,09%"
"25.09.2024","2,394","2,396","2,414","2,386","1,97M","-0,42%"
"24.09.2024","2,404","2,398","2,404","2,384","1,41M","0,67%"
"23.09.2024","2,388","2,394","2,404","2,382","1,63M","0,08%"
"20.09.2024","2,386","2,386","2,412","2,372","3,35M","-0,67%"
"19.09.2024","2,402","2,396","2,406","2,380","2,65M","0,92%"
"18.09.2024","2,380","2,334","2,388","2,334","4,29M","2,23%"
"17.09.2024","2,328","2,306","2,342","2,304","2,99M","1,04%"
"16.09.2024","2,304","2,288","2,304","2,272","1,67M","0,52%"
"13.09.2024","2,292","2,266","2,294","2,264","1,29M","1,51%"
"12.09.2024","2,258","2,260","2,268","2,246","961,42K","0,80%"
"11.09.2024","2,240","2,242","2,256","2,230","702,64K","-0,18%"
"10.09.2024","2,244","2,254","2,270","2,238","872,16K","-0,71%"
"09.09.2024","2,260","2,250","2,266","2,236","962,22K","1,07%"
"06.09.2024","2,236","2,290","2,290","2,236","1,90M","-2,10%"
"05.09.2024","2,284","2,226","2,304","2,224","2,28M","2,06%"
"04.09.2024","2,238","2,246","2,256","2,202","1,50M","-0,97%"
"03.09.2024","2,260","2,282","2,296","2,250","1,35M","-0,96%"
"02.09.2024","2,282","2,276","2,286","2,268","1,04M","0,18%"
"30.08.2024","2,278","2,258","2,288","2,258","2,63M","1,06%"
"29.08.2024","2,254","2,264","2,270","2,254","925,05K","-0,44%"
"28.08.2024","2,264","2,258","2,274","2,248","1,50M","0,44%"
"27.08.2024","2,254","2,240","2,262","2,234","1,54M","0,62%"
"26.08.2024","2,240","2,240","2,248","2,234","1,23M","-0,09%"
"23.08.2024","2,242","2,228","2,248","2,218","964,59K","1,08%"
"22.08.2024","2,218","2,216","2,230","2,210","656,75K","-0,18%"
"21.08.2024","2,222","2,216","2,224","2,198","1,23M","0,00%"
"20.08.2024","2,222","2,250","2,250","2,210","1,14M","-0,89%"
"19.08.2024","2,242","2,216","2,250","2,210","3,01M","0,90%"
"16.08.2024","2,222","2,210","2,224","2,202","1,27M","0,36%"
"15.08.2024","2,214","2,190","2,216","2,178","1,12M","1,84%"
"14.08.2024","2,174","2,166","2,174","2,148","1,05M","1,12%"
"13.08.2024","2,150","2,136","2,158","2,136","1,28M","0,75%"
"12.08.2024","2,134","2,142","2,158","2,126","924,68K","0,00%"
"09.08.2024","2,134","2,140","2,146","2,128","1,53M","0,09%"
"08.08.2024","2,132","2,128","2,136","2,104","947,28K","-0,37%"
"07.08.2024","2,140","2,120","2,150","2,110","1,70M","1,71%"
"06.08.2024","2,104","2,106","2,130","2,082","3,07M","1,06%"
"05.08.2024","2,082","2,100","2,108","2,062","5,53M","-2,89%"
"02.08.2024","2,144","2,180","2,182","2,140","2,13M","-2,19%"
"01.08.2024","2,192","2,214","2,230","2,184","1,67M","-2,06%"
"31.07.2024","2,238","2,270","2,274","2,228","3,36M","-0,80%"
"30.07.2024","2,256","2,270","2,278","2,230","2,50M","-0,44%"
"29.07.2024","2,266","2,254","2,268","2,232","1,84M","0,27%"
"26.07.2024","2,260","2,202","2,260","2,172","5,07M","3,57%"
"25.07.2024","2,182","2,172","2,188","2,144","1,92M","-0,37%"
"24.07.2024","2,190","2,174","2,200","2,164","2,09M","0,37%"
"23.07.2024","2,182","2,170","2,186","2,152","1,24M","0,46%"
"22.07.2024","2,172","2,178","2,186","2,150","1,60M","0,37%"
"19.07.2024","2,164","2,146","2,194","2,134","2,20M","0,19%"
"18.07.2024","2,160","2,152","2,172","2,146","1,38M","0,56%"
"17.07.2024","2,148","2,130","2,158","2,120","2,14M","0,56%"
"16.07.2024","2,136","2,136","2,140","2,114","1,92M","-0,56%"
"15.07.2024","2,148","2,174","2,174","2,134","2,01M","-0,83%"
"12.07.2024","2,166","2,160","2,176","2,160","1,36M","0,09%"
"11.07.2024","2,164","2,148","2,168","2,134","1,34M","1,31%"
"10.07.2024","2,136","2,108","2,140","2,108","1,21M","1,42%"
"09.07.2024","2,106","2,138","2,144","2,104","1,52M","-1,77%"
"08.07.2024","2,144","2,100","2,150","2,100","2,51M","1,71%"
"05.07.2024","2,108","2,142","2,146","2,092","2,29M","-1,31%"
"04.07.2024","2,136","2,126","2,152","2,126","2,86M","0,56%"
"03.07.2024","2,124","2,154","2,154","2,118","3,87M","-0,09%"
"02.07.2024","2,126","2,160","2,162","2,118","2,40M","-2,12%"
"01.07.2024","2,172","2,160","2,192","2,156","2,58M","0,84%"
"28.06.2024","2,154","2,152","2,168","2,146","1,74M","-0,09%"
"27.06.2024","2,156","2,158","2,164","2,148","1,08M","0,09%"
"26.06.2024","2,154","2,174","2,174","2,150","1,58M","-0,74%"
"25.06.2024","2,170","2,194","2,204","2,162","1,75M","-0,73%"
"24.06.2024","2,186","2,158","2,188","2,156","2,02M","1,20%"
"21.06.2024","2,160","2,196","2,196","2,148","3,80M","-1,73%"
"20.06.2024","2,198","2,172","2,198","2,172","1,40M","1,20%"
"19.06.2024","2,172","2,164","2,178","2,154","1,32M","0,09%"
"18.06.2024","2,170","2,150","2,170","2,148","1,51M","1,21%"
"17.06.2024","2,144","2,130","2,148","2,112","1,58M","0,66%"
"14.06.2024","2,130","2,148","2,150","2,102","3,41M","-0,37%"
"13.06.2024","2,138","2,166","2,176","2,128","2,02M","-1,84%"
"12.06.2024","2,178","2,160","2,186","2,160","3,02M","1,30%"
"11.06.2024","2,150","2,210","2,210","2,132","3,32M","-2,45%"
"10.06.2024","2,204","2,208","2,210","2,180","1,95M","-0,54%"
"07.06.2024","2,216","2,220","2,230","2,196","1,96M","-0,54%"
"06.06.2024","2,228","2,214","2,228","2,196","2,09M","1,27%"
"05.06.2024","2,200","2,190","2,214","2,190","2,17M","0,55%"
"04.06.2024","2,188","2,216","2,220","2,188","1,54M","-1,35%"
"03.06.2024","2,218","2,220","2,230","2,210","2,28M","0,36%"
"31.05.2024","2,210","2,210","2,222","2,200","2,42M","-0,18%"
"30.05.2024","2,214","2,180","2,224","2,180","2,21M","1,10%"
"29.05.2024","2,190","2,214","2,216","2,188","1,57M","-0,64%"
"28.05.2024","2,204","2,230","2,232","2,202","1,39M","-0,81%"
"27.05.2024","2,222","2,232","2,234","2,196","1,53M","-0,18%"
"24.05.2024","2,226","2,210","2,234","2,176","2,74M","0,45%"
"23.05.2024","2,216","2,242","2,260","2,210","2,38M","-1,07%"
"22.05.2024","2,240","2,274","2,280","2,240","3,92M","-5,08%"
"21.05.2024","2,360","2,364","2,368","2,332","5,40M","0,17%"
"20.05.2024","2,356","2,360","2,366","2,348","2,46M","0,43%"
"17.05.2024","2,346","2,344","2,354","2,336","3,58M","0,34%"
"16.05.2024","2,338","2,348","2,348","2,324","2,31M","0,17%"
"15.05.2024","2,334","2,314","2,348","2,308","2,69M","1,13%"
"14.05.2024","2,308","2,320","2,322","2,300","2,04M","-0,17%"
"13.05.2024","2,312","2,314","2,322","2,310","2,30M","0,00%"
"10.05.2024","2,312","2,314","2,316","2,302","2,01M","0,43%"
"09.05.2024","2,302","2,318","2,318","2,288","1,51M","-0,35%"
"08.05.2024","2,310","2,306","2,310","2,288","2,00M","0,61%"
"07.05.2024","2,296","2,312","2,318","2,292","2,63M","-0,09%"
"06.05.2024","2,298","2,256","2,298","2,252","1,69M","2,50%"
"03.05.2024","2,242","2,270","2,270","2,242","2,88M","-0,88%"
"02.05.2024","2,262","2,270","2,286","2,260","2,78M","0,00%"
"30.04.2024","2,262","2,280","2,280","2,256","2,86M","-0,79%"
"29.04.2024","2,280","2,286","2,304","2,262","2,46M","-0,18%"
"26.04.2024","2,284","2,284","2,302","2,256","3,24M","0,18%"
"25.04.2024","2,280","2,272","2,310","2,262","2,53M","-0,18%"
"24.04.2024","2,284","2,282","2,292","2,270","2,03M","0,35%"
"23.04.2024","2,276","2,260","2,284","2,254","1,74M","1,16%"
"22.04.2024","2,250","2,250","2,266","2,240","3,32M","0,90%"
"19.04.2024","2,230","2,240","2,244","2,200","4,89M","0,09%"
"18.04.2024","2,228","2,220","2,230","2,200","2,66M","1,55%"
"17.04.2024","2,194","2,186","2,218","2,170","1,92M","1,11%"
"16.04.2024","2,170","2,220","2,220","2,166","3,05M","-3,12%"
"15.04.2024","2,240","2,260","2,272","2,234","2,37M","-1,15%"
"12.04.2024","2,266","2,288","2,300","2,258","1,55M","-0,61%"
"11.04.2024","2,280","2,322","2,322","2,262","2,56M","-1,38%"
"10.04.2024","2,312","2,296","2,326","2,282","5,60M","1,23%"
"09.04.2024","2,284","2,338","2,338","2,282","2,88M","-1,97%"
"08.04.2024","2,330","2,326","2,344","2,318","2,32M","-0,17%"
"05.04.2024","2,334","2,352","2,366","2,334","3,07M","-1,77%"
"04.04.2024","2,376","2,350","2,386","2,350","3,92M","1,11%"
"03.04.2024","2,350","2,344","2,356","2,336","2,76M","0,43%"
"02.04.2024","2,340","2,306","2,358","2,306","4,54M","-0,09%"
"28.03.2024","2,342","2,354","2,362","2,334","2,89M","-0,59%"
"27.03.2024","2,356","2,322","2,364","2,320","3,86M","1,46%"
"26.03.2024","2,322","2,288","2,328","2,286","4,44M","1,84%"
"25.03.2024","2,280","2,196","2,294","2,196","7,15M","5,17%"
"22.03.2024","2,168","2,152","2,170","2,152","2,46M","0,46%"
"21.03.2024","2,158","2,120","2,164","2,118","4,34M","2,08%"
"20.03.2024","2,114","2,076","2,114","2,072","3,55M","1,83%"
"19.03.2024","2,076","2,070","2,076","2,064","1,53M","0,48%"
"18.03.2024","2,066","2,084","2,094","2,058","2,17M","-0,77%"
"15.03.2024","2,082","2,078","2,094","2,078","8,66M","0,00%"
"14.03.2024","2,082","2,088","2,090","2,066","2,21M","-0,10%"
"13.03.2024","2,084","2,090","2,106","2,082","4,54M","-0,29%"
"12.03.2024","2,090","2,064","2,096","2,062","2,59M","1,75%"
"11.03.2024","2,054","2,044","2,060","2,024","2,90M","-0,19%"
"08.03.2024","2,058","2,078","2,084","2,052","2,24M","-0,96%"
"07.03.2024","2,078","2,054","2,078","2,052","2,91M","0,78%"
"06.03.2024","2,062","2,030","2,062","2,028","4,13M","1,58%"
"05.03.2024","2,030","1,980","2,030","1,980","3,68M","2,63%"
"04.03.2024","1,978","1,977","1,981","1,967","2,05M","0,20%"
"01.03.2024","1,974","1,970","1,981","1,963","2,21M","0,77%"
"29.02.2024","1,959","1,960","1,978","1,955","4,27M","-0,15%"
"28.02.2024","1,962","1,970","1,977","1,960","1,72M","-0,15%"
"27.02.2024","1,965","1,963","1,965","1,944","1,99M","-0,25%"
"26.02.2024","1,970","1,958","1,977","1,956","2,03M","0,05%"
"23.02.2024","1,969","1,971","1,977","1,955","1,87M","-0,40%"
"22.02.2024","1,977","1,964","1,981","1,964","6,48M","0,76%"
"21.02.2024","1,962","1,950","1,962","1,950","2,23M","0,62%"
"20.02.2024","1,950","1,948","1,952","1,937","2,48M","0,10%"
"19.02.2024","1,948","1,953","1,962","1,948","1,69M","0,10%"
"16.02.2024","1,946","1,960","1,968","1,944","3,89M","-0,21%"
"15.02.2024","1,950","1,948","1,962","1,937","5,48M","1,51%"
"14.02.2024","1,921","2,028","2,030","1,916","17,64M","-5,74%"
"13.02.2024","2,038","2,022","2,056","2,018","1,90M","0,79%"
"12.02.2024","2,022","2,004","2,030","1,997","1,98M","1,40%"
"09.02.2024","1,994","2,008","2,020","1,985","3,75M","-0,80%"
"08.02.2024","2,010","2,034","2,034","2,008","1,63M","-0,79%"
"07.02.2024","2,026","2,040","2,044","2,022","2,25M","-0,98%"
"06.02.2024","2,046","2,036","2,052","2,034","1,65M","0,49%"
"05.02.2024","2,036","2,032","2,048","2,026","1,84M","0,39%"
"02.02.2024","2,028","2,034","2,038","2,024","1,50M","0,00%"
"01.02.2024","2,028","2,030","2,064","2,024","1,76M","-0,59%"
"31.01.2024","2,040","2,048","2,056","2,040","1,63M","0,00%"
"30.01.2024","2,040","2,030","2,042","2,028","1,59M","0,39%"
"29.01.2024","2,032","2,032","2,044","2,026","1,31M","0,10%"
"26.01.2024","2,030","2,030","2,052","2,020","1,43M","0,00%"
"25.01.2024","2,030","2,026","2,042","2,020","2,11M","0,20%"
"24.01.2024","2,026","1,981","2,026","1,970","2,22M","2,69%"
"23.01.2024","1,973","1,987","1,991","1,969","5,49M","-0,70%"
"22.01.2024","1,987","1,980","1,988","1,971","1,08M","1,07%"
"19.01.2024","1,966","1,985","1,988","1,961","1,69M","-0,20%"
"18.01.2024","1,970","1,987","1,989","1,967","2,96M","-0,96%"
"17.01.2024","1,989","2,002","2,006","1,981","1,83M","-1,34%"
"16.01.2024","2,016","2,006","2,016","2,000","1,65M","-0,20%"
"15.01.2024","2,020","2,024","2,028","2,012","1,38M","0,20%"
"12.01.2024","2,016","2,004","2,016","2,002","1,35M","0,60%"
"11.01.2024","2,004","2,010","2,022","1,997","1,61M","-0,20%"
"10.01.2024","2,008","2,002","2,014","1,995","1,32M","-0,10%"
"09.01.2024","2,010","2,030","2,030","2,002","1,84M","-0,89%"
"08.01.2024","2,028","2,002","2,030","2,002","2,88M","1,30%"
"05.01.2024","2,002","1,979","2,008","1,960","2,53M","1,26%"
"04.01.2024","1,977","1,956","1,978","1,950","1,53M","1,23%"
"03.01.2024","1,953","1,980","1,987","1,948","1,58M","-0,91%"
"02.01.2024","1,971","1,950","1,981","1,950","1,58M","1,44%"
"29.12.2023","1,943","1,943","1,951","1,937","1,76M","-0,10%"
"28.12.2023","1,945","1,952","1,956","1,940","1,36M","-0,36%"
"27.12.2023","1,952","1,946","1,956","1,935","2,33M","-0,05%"
"22.12.2023","1,953","1,949","1,956","1,946","1,37M","0,31%"
"21.12.2023","1,947","1,951","1,955","1,941","1,59M","-0,66%"
"20.12.2023","1,960","1,960","1,965","1,947","1,77M","0,15%"
"19.12.2023","1,957","1,950","1,961","1,944","1,99M","0,36%"
"18.12.2023","1,950","1,960","1,961","1,946","1,86M","-0,56%"
"15.12.2023","1,961","1,964","1,971","1,954","3,78M","0,00%"
"14.12.2023","1,961","1,980","1,980","1,942","3,52M","-1,01%"
"13.12.2023","1,981","1,986","1,991","1,974","1,80M","-0,20%"
"12.12.2023","1,985","2,014","2,014","1,977","2,23M","-1,15%"
"11.12.2023","2,008","2,016","2,016","2,000","4,43M","-0,50%"
"08.12.2023","2,018","2,000","2,020","1,993","1,50M","0,50%"
"07.12.2023","2,008","2,008","2,012","1,991","2,45M","-0,40%"
"06.12.2023","2,016","2,018","2,026","2,010","1,90M","0,10%"
"05.12.2023","2,014","2,006","2,018","2,000","2,17M","0,40%"
"04.12.2023","2,006","2,016","2,024","2,004","7,75M","-1,18%"
"01.12.2023","2,030","2,028","2,034","2,016","3,05M","0,40%"
"30.11.2023","2,022","2,026","2,036","2,012","5,17M","-0,30%"
"29.11.2023","2,028","2,046","2,056","2,016","2,39M","-0,78%"
"28.11.2023","2,044","2,038","2,052","2,026","2,90M","-2,57%"
"27.11.2023","2,098","2,100","2,110","2,088","7,15M","0,10%"
"24.11.2023","2,096","2,086","2,098","2,076","3,17M","0,58%"
"23.11.2023","2,084","2,080","2,086","2,064","2,63M","0,68%"
"22.11.2023","2,070","2,070","2,084","2,064","2,48M","0,49%"
"21.11.2023","2,060","2,064","2,076","2,044","3,39M","0,00%"
"20.11.2023","2,060","2,046","2,062","2,042","2,52M","0,68%"
"17.11.2023","2,046","2,032","2,054","2,028","5,55M","1,29%"
"16.11.2023","2,020","2,024","2,034","2,014","2,24M","-0,20%"
"15.11.2023","2,024","2,028","2,040","2,018","3,02M","-0,10%"
"14.11.2023","2,026","2,034","2,036","2,012","2,50M","-0,20%"
"13.11.2023","2,030","2,000","2,032","1,999","4,12M","1,86%"
"10.11.2023","1,993","1,982","1,999","1,982","1,76M","0,15%"
"09.11.2023","1,990","1,980","1,994","1,967","2,47M","0,71%"
"08.11.2023","1,976","1,960","1,979","1,957","3,89M","0,15%"
"07.11.2023","1,973","1,962","1,991","1,960","1,72M","0,05%"
"06.11.2023","1,972","1,972","1,982","1,966","1,24M","-0,05%"
"03.11.2023","1,973","1,984","1,984","1,945","2,02M","0,51%"
"02.11.2023","1,963","1,960","1,973","1,944","2,03M","0,72%"
"01.11.2023","1,949","1,973","1,973","1,931","3,03M","-0,66%"
"31.10.2023","1,962","1,950","1,982","1,930","3,73M","1,55%"
"30.10.2023","1,932","1,900","1,944","1,880","1,93M","1,63%"
"27.10.2023","1,901","1,950","1,958","1,901","1,95M","-2,61%"
"26.10.2023","1,952","1,944","1,959","1,925","1,59M","0,41%"
"25.10.2023","1,944","1,936","1,951","1,929","1,50M","0,26%"
"24.10.2023","1,939","1,941","1,944","1,929","2,02M","0,05%"
"23.10.2023","1,938","1,938","1,947","1,931","1,62M","0,10%"
"20.10.2023","1,936","1,968","1,970","1,935","2,80M","-2,22%"
"19.10.2023","1,980","1,983","1,988","1,968","1,53M","-0,60%"
"18.10.2023","1,992","1,988","2,006","1,987","2,91M","0,35%"
"17.10.2023","1,985","1,988","1,988","1,971","1,24M","-0,15%"
"16.10.2023","1,988","1,969","1,988","1,969","1,37M","0,91%"
"13.10.2023","1,970","1,971","1,986","1,954","2,62M","-0,05%"
"12.10.2023","1,971","1,978","1,978","1,958","1,17M","0,05%"
"11.10.2023","1,970","1,957","1,974","1,956","1,62M","0,20%"
"10.10.2023","1,966","1,950","1,981","1,949","2,01M","0,92%"
"09.10.2023","1,948","1,945","1,951","1,930","1,66M","-0,41%"
"06.10.2023","1,956","1,930","1,959","1,926","2,06M","1,77%"
"05.10.2023","1,922","1,927","1,929","1,898","2,28M","0,68%"
"04.10.2023","1,909","1,901","1,922","1,891","2,25M","-0,05%"
"03.10.2023","1,910","1,920","1,934","1,907","1,88M","-0,68%"
"02.10.2023","1,923","1,937","1,957","1,916","3,00M","-0,36%"
"29.09.2023","1,930","1,938","1,938","1,920","1,87M","0,31%"
"28.09.2023","1,924","1,920","1,932","1,910","2,01M","0,21%"
"27.09.2023","1,920","1,940","1,940","1,915","1,35M","-0,78%"
"26.09.2023","1,935","1,920","1,939","1,915","2,14M","0,26%"
"25.09.2023","1,930","1,950","1,960","1,925","1,27M","-1,33%"
"22.09.2023","1,956","1,967","1,967","1,954","1,60M","-0,36%"
"21.09.2023","1,963","1,968","1,969","1,950","1,28M","-0,46%"
"20.09.2023","1,972","1,981","1,990","1,957","2,32M","-0,10%"
"19.09.2023","1,974","1,962","1,987","1,962","1,42M","0,36%"
"18.09.2023","1,967","1,980","1,990","1,958","2,21M","-0,25%"
"15.09.2023","1,972","1,995","2,004","1,969","4,99M","-0,90%"
"14.09.2023","1,990","1,965","1,990","1,953","2,45M","1,27%"
"13.09.2023","1,965","1,965","1,969","1,942","1,26M","0,10%"
"12.09.2023","1,963","1,975","1,975","1,958","1,92M","-0,46%"
"11.09.2023","1,972","1,970","1,975","1,947","2,26M","0,15%"
"08.09.2023","1,969","1,965","1,969","1,948","1,26M","0,56%"
"07.09.2023","1,958","1,949","1,962","1,943","1,81M","0,41%"
"06.09.2023","1,950","1,955","1,955","1,930","2,04M","-0,26%"
"05.09.2023","1,955","1,950","1,963","1,923","1,42M","-0,05%"
"04.09.2023","1,956","1,967","1,968","1,954","1,40M","0,00%"
"01.09.2023","1,956","1,951","1,975","1,951","1,68M","0,26%"
"31.08.2023","1,951","1,950","1,965","1,947","2,03M","0,10%"
"30.08.2023","1,949","1,955","1,973","1,949","2,79M","0,10%"
"29.08.2023","1,947","1,943","1,958","1,937","2,19M","0,36%"
"28.08.2023","1,940","1,920","1,943","1,918","489,75K","1,31%"
"25.08.2023","1,915","1,906","1,934","1,901","3,12M","0,47%"
"24.08.2023","1,906","1,899","1,912","1,894","1,35M","0,90%"
"23.08.2023","1,889","1,900","1,914","1,887","1,16M","-0,47%"
"22.08.2023","1,898","1,894","1,904","1,880","1,81M","1,01%"
"21.08.2023","1,879","1,892","1,904","1,878","1,27M","-0,27%"
"18.08.2023","1,884","1,881","1,893","1,872","2,28M","-0,32%"
"17.08.2023","1,890","1,874","1,895","1,874","1,55M","0,11%"
"16.08.2023","1,888","1,878","1,892","1,878","968,50K","0,05%"
"15.08.2023","1,887","1,894","1,897","1,867","1,43M","-0,37%"
"14.08.2023","1,894","1,890","1,898","1,880","1,21M","0,16%"
"11.08.2023","1,891","1,900","1,903","1,885","912,00K","-0,68%"
"10.08.2023","1,904","1,893","1,907","1,892","1,34M","1,17%"
"09.08.2023","1,882","1,877","1,890","1,873","1,24M","1,02%"
"08.08.2023","1,863","1,870","1,893","1,855","1,49M","-1,58%"
"07.08.2023","1,893","1,891","1,903","1,869","1,24M","-0,16%"
"04.08.2023","1,896","1,881","1,897","1,879","1,12M","1,23%"
"03.08.2023","1,873","1,858","1,883","1,849","2,01M","0,97%"
"02.08.2023","1,855","1,863","1,870","1,835","2,98M","-1,43%"
"01.08.2023","1,882","1,895","1,900","1,872","1,97M","-0,48%"
"31.07.2023","1,891","1,914","1,914","1,881","4,31M","-1,61%"
"28.07.2023","1,922","1,860","1,929","1,856","7,54M","3,56%"
"27.07.2023","1,856","1,830","1,857","1,825","2,79M","1,64%"
"26.07.2023","1,826","1,818","1,826","1,806","1,47M","0,55%"
"25.07.2023","1,816","1,823","1,830","1,813","1,66M","-0,33%"
"24.07.2023","1,822","1,816","1,833","1,812","2,33M","-1,35%"
"21.07.2023","1,847","1,850","1,858","1,835","2,00M","0,38%"
"20.07.2023","1,840","1,811","1,844","1,811","2,22M","1,10%"
"19.07.2023","1,820","1,801","1,820","1,793","2,38M","1,34%"
"18.07.2023","1,796","1,790","1,797","1,773","1,98M","0,45%"
"17.07.2023","1,788","1,781","1,800","1,780","1,53M","0,39%"
"14.07.2023","1,781","1,796","1,803","1,781","1,37M","-1,11%"
"13.07.2023","1,801","1,799","1,806","1,788","2,26M","0,28%"
"12.07.2023","1,796","1,796","1,804","1,787","1,59M","0,34%"
"11.07.2023","1,790","1,786","1,790","1,778","2,13M","0,51%"
"10.07.2023","1,781","1,780","1,796","1,776","1,90M","0,11%"
"07.07.2023","1,779","1,779","1,784","1,763","2,57M","0,68%"
"06.07.2023","1,767","1,787","1,796","1,766","3,14M","-1,45%"
"05.07.2023","1,793","1,837","1,838","1,790","3,05M","-2,77%"
"04.07.2023","1,844","1,855","1,863","1,842","1,84M","-0,38%"
"03.07.2023","1,851","1,829","1,857","1,820","3,28M","1,76%"
"30.06.2023","1,819","1,816","1,831","1,809","2,18M","0,78%"
"29.06.2023","1,805","1,796","1,807","1,793","1,69M","0,39%"
"28.06.2023","1,798","1,781","1,801","1,775","2,78M","1,01%"
"27.06.2023","1,780","1,779","1,783","1,765","3,97M","0,85%"
"26.06.2023","1,765","1,780","1,780","1,760","2,08M","-0,73%"
"23.06.2023","1,778","1,785","1,790","1,775","1,46M","-0,78%"
"22.06.2023","1,792","1,784","1,801","1,772","2,69M","0,11%"
"21.06.2023","1,790","1,822","1,822","1,787","3,82M","-1,05%"
"20.06.2023","1,809","1,816","1,827","1,809","1,99M","-0,39%"
"19.06.2023","1,816","1,830","1,842","1,816","4,72M","-1,04%"
"16.06.2023","1,835","1,858","1,862","1,833","5,91M","-1,02%"
"15.06.2023","1,854","1,852","1,855","1,837","1,32M","-0,32%"
"14.06.2023","1,860","1,856","1,873","1,848","1,40M","0,43%"
"13.06.2023","1,852","1,854","1,862","1,837","1,49M","0,22%"
"12.06.2023","1,848","1,857","1,868","1,848","2,74M","-0,81%"
"09.06.2023","1,863","1,872","1,872","1,855","1,31M","-0,48%"
"08.06.2023","1,872","1,893","1,904","1,867","3,07M","-1,16%"
"07.06.2023","1,894","1,875","1,896","1,871","2,66M","0,69%"
"06.06.2023","1,881","1,875","1,889","1,870","1,91M","0,32%"
"05.06.2023","1,875","1,890","1,899","1,871","2,00M","-0,42%"
"02.06.2023","1,883","1,849","1,886","1,849","3,17M","2,28%"
"01.06.2023","1,841","1,848","1,858","1,831","1,61M","0,16%"
"31.05.2023","1,838","1,850","1,870","1,836","3,22M","-0,97%"
"30.05.2023","1,856","1,860","1,872","1,852","6,56M","-0,59%"
"29.05.2023","1,867","1,867","1,872","1,854","1,04M","0,81%"
"26.05.2023","1,852","1,852","1,862","1,834","2,02M","0,54%"
"25.05.2023","1,842","1,850","1,856","1,836","7,99M","-0,38%"
"24.05.2023","1,849","1,872","1,877","1,846","3,15M","-1,70%"
"23.05.2023","1,881","1,878","1,895","1,877","2,67M","0,43%"
"22.05.2023","1,873","1,835","1,882","1,834","5,45M","-2,19%"
"19.05.2023","1,915","1,900","1,935","1,895","7,97M","1,38%"
"18.05.2023","1,889","1,885","1,898","1,880","8,21M","0,85%"
"17.05.2023","1,873","1,860","1,878","1,854","2,23M","0,54%"
"16.05.2023","1,863","1,862","1,875","1,855","6,85M","-0,16%"
"15.05.2023","1,866","1,869","1,872","1,857","1,86M","0,32%"
"12.05.2023","1,860","1,845","1,868","1,845","2,37M","0,98%"
"11.05.2023","1,842","1,862","1,862","1,829","2,61M","-1,02%"
"10.05.2023","1,861","1,857","1,868","1,841","2,86M","0,38%"
"09.05.2023","1,854","1,856","1,859","1,835","1,98M","-0,11%"
"08.05.2023","1,856","1,834","1,859","1,832","2,64M","1,42%"
"05.05.2023","1,830","1,806","1,832","1,797","2,86M","1,84%"
"04.05.2023","1,797","1,785","1,805","1,777","3,68M","0,28%"
"03.05.2023","1,792","1,800","1,802","1,776","3,60M","0,62%"
"02.05.2023","1,781","1,822","1,841","1,781","7,16M","-1,98%"
"28.04.2023","1,817","1,890","1,890","1,807","7,69M","-3,25%"
"27.04.2023","1,878","1,840","1,883","1,840","3,41M","2,01%"
"26.04.2023","1,841","1,874","1,874","1,827","5,95M","-2,07%"
"25.04.2023","1,880","1,882","1,883","1,866","2,14M","-0,16%"
"24.04.2023","1,883","1,879","1,894","1,870","2,69M","0,00%"
"21.04.2023","1,883","1,893","1,896","1,868","3,82M","-0,53%"
"20.04.2023","1,893","1,915","1,920","1,885","2,60M","-0,89%"
"19.04.2023","1,910","1,900","1,912","1,893","2,60M","1,17%"
"18.04.2023","1,888","1,886","1,897","1,852","6,54M","-1,46%"
"17.04.2023","1,916","1,944","1,947","1,907","3,07M","-1,03%"
"14.04.2023","1,936","1,941","1,941","1,918","2,12M","-0,21%"
"13.04.2023","1,940","1,926","1,940","1,918","3,20M","1,25%"
"12.04.2023","1,916","1,919","1,925","1,910","2,55M","-0,16%"
"11.04.2023","1,919","1,906","1,920","1,898","3,05M","1,43%"
"06.04.2023","1,892","1,875","1,898","1,875","2,25M","1,34%"
"05.04.2023","1,867","1,850","1,870","1,845","1,82M","0,70%"
"04.04.2023","1,854","1,858","1,870","1,854","1,87M","-0,22%"
"03.04.2023","1,858","1,872","1,872","1,837","3,19M","0,00%"
"31.03.2023","1,858","1,879","1,883","1,844","3,64M","-0,54%"
"30.03.2023","1,868","1,855","1,877","1,854","1,83M","0,92%"
"29.03.2023","1,851","1,840","1,856","1,829","1,93M","1,04%"
"28.03.2023","1,832","1,877","1,877","1,818","2,43M","-0,43%"
"27.03.2023","1,840","1,845","1,848","1,821","3,13M","0,66%"
"24.03.2023","1,828","1,843","1,845","1,801","3,61M","-1,67%"
"23.03.2023","1,859","1,876","1,876","1,848","1,85M","-0,91%"
"22.03.2023","1,876","1,874","1,895","1,861","3,32M","0,11%"
"21.03.2023","1,874","1,857","1,882","1,847","3,46M","2,85%"
"20.03.2023","1,822","1,781","1,833","1,749","6,52M","1,17%"
"17.03.2023","1,801","1,849","1,872","1,786","9,95M","-1,69%"
"16.03.2023","1,832","1,850","1,858","1,811","5,91M","0,55%"
"15.03.2023","1,822","1,917","1,919","1,816","6,64M","-4,76%"
"14.03.2023","1,913","1,894","1,918","1,871","5,93M","0,42%"
"13.03.2023","1,905","1,980","1,980","1,899","5,75M","-4,27%"
"10.03.2023","1,990","2,000","2,004","1,900","5,81M","-1,68%"
"09.03.2023","2,024","2,030","2,040","2,020","1,96M","-0,59%"
"08.03.2023","2,036","2,030","2,042","2,024","2,83M","-0,10%"
"07.03.2023","2,038","2,050","2,054","2,038","2,39M","-0,78%"
"06.03.2023","2,054","2,040","2,054","2,036","2,09M","0,88%"
"03.03.2023","2,036","2,040","2,040","2,014","3,42M","-0,29%"
"02.03.2023","2,042","2,038","2,046","2,012","3,42M","0,29%"
"01.03.2023","2,036","2,036","2,056","2,024","3,27M","0,39%"
"28.02.2023","2,028","2,026","2,042","2,000","5,05M","0,00%"
"27.02.2023","2,028","2,024","2,036","2,018","3,41M","0,50%"
"24.02.2023","2,018","1,990","2,028","1,990","5,30M","1,15%"
"23.02.2023","1,995","1,960","1,995","1,955","3,75M","1,94%"
"22.02.2023","1,957","1,964","1,972","1,936","3,04M","-0,66%"
"21.02.2023","1,970","1,965","1,972","1,945","2,92M","0,20%"
"20.02.2023","1,966","1,972","1,975","1,960","2,97M","0,00%"
"17.02.2023","1,966","1,948","1,967","1,936","3,68M","0,46%"
"16.02.2023","1,957","1,935","1,957","1,926","2,84M","0,98%"
"15.02.2023","1,938","1,948","1,952","1,932","2,71M","-0,77%"
"14.02.2023","1,953","1,971","1,977","1,946","4,45M","-1,26%"
"13.02.2023","1,978","1,910","1,979","1,898","9,55M","4,44%"
"10.02.2023","1,894","1,896","1,928","1,880","8,48M","1,61%"
"09.02.2023","1,864","1,856","1,875","1,840","5,69M","1,19%"
"08.02.2023","1,842","1,850","1,856","1,837","2,96M","0,11%"
"07.02.2023","1,840","1,839","1,840","1,821","3,01M","0,55%"
"06.02.2023","1,830","1,854","1,863","1,827","3,36M","-1,82%"
"03.02.2023","1,864","1,843","1,866","1,836","3,10M","1,14%"
"02.02.2023","1,843","1,848","1,849","1,811","6,25M","-0,27%"
"01.02.2023","1,848","1,850","1,861","1,843","3,66M","0,16%"
"31.01.2023","1,845","1,863","1,863","1,840","3,46M","-0,70%"
"30.01.2023","1,858","1,850","1,867","1,841","2,92M","0,11%"
"27.01.2023","1,856","1,881","1,889","1,851","3,05M","-1,38%"
"26.01.2023","1,882","1,863","1,882","1,858","2,48M","1,29%"
"25.01.2023","1,858","1,875","1,875","1,852","1,92M","-0,48%"
"24.01.2023","1,867","1,870","1,875","1,853","2,05M","0,05%"
"23.01.2023","1,866","1,860","1,872","1,858","2,08M","0,59%"
"20.01.2023","1,855","1,857","1,865","1,850","2,11M","0,54%"
"19.01.2023","1,845","1,868","1,875","1,835","3,99M","-1,44%"
"18.01.2023","1,872","1,866","1,885","1,866","3,17M","-0,11%"
"17.01.2023","1,874","1,874","1,881","1,846","3,52M","0,92%"
"16.01.2023","1,857","1,860","1,869","1,856","3,12M","0,38%"
"13.01.2023","1,850","1,840","1,860","1,840","3,60M","0,54%"
"12.01.2023","1,840","1,842","1,852","1,833","2,46M","0,16%"
"11.01.2023","1,837","1,865","1,876","1,837","4,38M","-1,61%"
"10.01.2023","1,867","1,834","1,868","1,832","5,41M","1,47%"
"09.01.2023","1,840","1,831","1,849","1,825","3,37M","0,66%"
"06.01.2023","1,828","1,814","1,830","1,804","3,18M","1,50%"
"05.01.2023","1,801","1,815","1,820","1,799","3,51M","-1,32%"
"04.01.2023","1,825","1,803","1,825","1,800","5,46M","1,84%"
"03.01.2023","1,792","1,810","1,815","1,780","5,47M","-0,83%"
"02.01.2023","1,807","1,825","1,825","1,745","9,09M","-0,17%"
"30.12.2022","1,810","1,826","1,831","1,809","2,82M","-0,98%"
"29.12.2022","1,828","1,825","1,830","1,810","2,39M","-0,16%"
"28.12.2022","1,831","1,844","1,848","1,830","2,88M","-0,54%"
"27.12.2022","1,841","1,845","1,852","1,834","2,40M","0,05%"
"23.12.2022","1,840","1,835","1,842","1,830","1,82M","0,22%"
"22.12.2022","1,836","1,830","1,848","1,828","3,02M","0,38%"
"21.12.2022","1,829","1,805","1,832","1,801","4,96M","1,33%"
"20.12.2022","1,805","1,779","1,809","1,777","3,53M","0,89%"
"19.12.2022","1,789","1,776","1,794","1,774","1,97M","0,73%"
"16.12.2022","1,776","1,772","1,782","1,763","4,96M","-0,06%"
"15.12.2022","1,777","1,794","1,802","1,766","3,38M","-1,22%"
"14.12.2022","1,799","1,804","1,808","1,762","3,35M","1,75%"
"13.12.2022","1,768","1,753","1,789","1,753","3,59M","0,97%"
"12.12.2022","1,751","1,784","1,786","1,751","3,22M","-2,12%"
"09.12.2022","1,789","1,789","1,795","1,765","2,64M","0,06%"
"08.12.2022","1,788","1,801","1,801","1,786","6,02M","-0,67%"
"07.12.2022","1,800","1,804","1,818","1,788","3,25M","-0,28%"
"06.12.2022","1,805","1,810","1,825","1,799","2,80M","-0,61%"
"05.12.2022","1,816","1,810","1,817","1,802","2,67M","0,17%"
"02.12.2022","1,813","1,805","1,815","1,796","2,70M","-0,06%"
"01.12.2022","1,814","1,828","1,828","1,802","4,26M","-0,22%"
"30.11.2022","1,818","1,815","1,830","1,806","4,85M","-0,05%"
"29.11.2022","1,819","1,790","1,820","1,784","3,77M","1,79%"
"28.11.2022","1,787","1,804","1,817","1,781","5,48M","-5,00%"
"25.11.2022","1,881","1,870","1,881","1,864","6,16M","0,75%"
"24.11.2022","1,867","1,860","1,877","1,854","3,52M","0,38%"
"23.11.2022","1,860","1,865","1,880","1,854","4,35M","-0,11%"
"22.11.2022","1,862","1,840","1,864","1,836","5,14M","1,25%"
"21.11.2022","1,839","1,838","1,849","1,828","3,98M","0,05%"
"18.11.2022","1,838","1,840","1,853","1,830","3,89M","0,33%"
"17.11.2022","1,832","1,830","1,834","1,810","3,03M","0,33%"
"16.11.2022","1,826","1,819","1,827","1,803","3,05M","0,33%"
"15.11.2022","1,820","1,802","1,820","1,796","6,38M","1,11%"
"14.11.2022","1,800","1,783","1,800","1,768","4,63M","1,29%"
"11.11.2022","1,777","1,795","1,795","1,760","3,47M","-0,73%"
"10.11.2022","1,790","1,791","1,812","1,783","4,02M","-0,83%"
"09.11.2022","1,805","1,790","1,805","1,784","3,66M","1,01%"
"08.11.2022","1,787","1,791","1,798","1,777","3,11M","-0,45%"
"07.11.2022","1,795","1,780","1,798","1,763","4,26M","1,82%"
"04.11.2022","1,763","1,768","1,775","1,745","2,87M","0,11%"
"03.11.2022","1,761","1,747","1,765","1,744","3,42M","1,09%"
"02.11.2022","1,742","1,765","1,766","1,733","5,32M","-0,74%"
"01.11.2022","1,755","1,755","1,767","1,742","2,83M","1,15%"
"31.10.2022","1,735","1,716","1,754","1,701","4,84M","0,17%"
"28.10.2022","1,732","1,669","1,745","1,654","6,11M","3,71%"
"27.10.2022","1,670","1,670","1,670","1,647","2,44M","0,48%"
"26.10.2022","1,662","1,654","1,669","1,645","2,53M","0,79%"
"25.10.2022","1,649","1,670","1,675","1,632","2,75M","-0,66%"
"24.10.2022","1,660","1,632","1,669","1,627","2,88M","2,09%"
"21.10.2022","1,626","1,632","1,635","1,599","3,39M","-1,03%"
"20.10.2022","1,643","1,631","1,652","1,629","2,37M","0,12%"
"19.10.2022","1,641","1,636","1,645","1,630","2,20M","0,61%"
"18.10.2022","1,631","1,630","1,639","1,621","2,25M","0,74%"
"17.10.2022","1,619","1,588","1,632","1,588","3,74M","1,70%"
"14.10.2022","1,592","1,606","1,607","1,585","3,31M","1,14%"
"13.10.2022","1,574","1,560","1,583","1,539","3,26M","1,61%"
"12.10.2022","1,549","1,576","1,576","1,535","4,82M","-1,09%"
"11.10.2022","1,566","1,575","1,576","1,557","3,56M","-1,20%"
"10.10.2022","1,585","1,602","1,613","1,585","2,80M","-1,55%"
"07.10.2022","1,610","1,645","1,645","1,597","2,22M","-0,25%"
"06.10.2022","1,614","1,642","1,653","1,608","2,10M","-1,59%"
"05.10.2022","1,640","1,645","1,655","1,624","2,21M","-0,97%"
"04.10.2022","1,656","1,626","1,659","1,613","3,44M","3,50%"
"03.10.2022","1,600","1,586","1,603","1,572","3,67M","0,63%"
"30.09.2022","1,590","1,599","1,606","1,583","2,89M","0,25%"
"29.09.2022","1,586","1,605","1,616","1,569","4,05M","-0,63%"
"28.09.2022","1,596","1,600","1,604","1,561","4,71M","-0,44%"
"27.09.2022","1,603","1,629","1,630","1,595","3,01M","-0,43%"
"26.09.2022","1,610","1,643","1,645","1,586","4,52M","-2,72%"
"23.09.2022","1,655","1,670","1,685","1,649","4,10M","-0,60%"
"22.09.2022","1,665","1,655","1,680","1,644","3,34M","-0,30%"
"21.09.2022","1,670","1,685","1,690","1,663","2,65M","-1,53%"
"20.09.2022","1,696","1,719","1,732","1,687","2,92M","-1,17%"
"19.09.2022","1,716","1,716","1,727","1,681","3,03M","-0,06%"
"16.09.2022","1,717","1,707","1,733","1,701","4,26M","-0,06%"
"15.09.2022","1,718","1,705","1,718","1,696","3,29M","1,30%"
"14.09.2022","1,696","1,710","1,714","1,683","2,95M","-1,85%"
"13.09.2022","1,728","1,705","1,731","1,701","4,69M","1,35%"
"12.09.2022","1,705","1,668","1,706","1,668","4,15M","3,21%"
"09.09.2022","1,652","1,629","1,660","1,629","2,01M","1,66%"
"08.09.2022","1,625","1,614","1,631","1,599","2,83M","1,50%"
"07.09.2022","1,601","1,622","1,629","1,591","3,14M","-1,90%"
"06.09.2022","1,632","1,628","1,646","1,628","1,91M","0,25%"
"05.09.2022","1,628","1,650","1,650","1,625","2,06M","-2,46%"
"02.09.2022","1,669","1,654","1,670","1,638","2,07M","1,34%"
"01.09.2022","1,647","1,650","1,654","1,629","3,17M","-0,36%"
"31.08.2022","1,653","1,643","1,659","1,629","4,31M","0,36%"
"30.08.2022","1,647","1,620","1,659","1,620","2,25M","1,54%"
"29.08.2022","1,622","1,624","1,625","1,603","2,61M","-0,25%"
"26.08.2022","1,626","1,647","1,647","1,626","1,45M","-0,85%"
"25.08.2022","1,640","1,648","1,655","1,636","1,80M","-0,43%"
"24.08.2022","1,647","1,637","1,652","1,637","1,94M","0,30%"
"23.08.2022","1,642","1,624","1,649","1,624","2,42M","0,00%"
"22.08.2022","1,642","1,636","1,642","1,616","2,23M","0,31%"
"19.08.2022","1,637","1,652","1,652","1,626","2,20M","-0,73%"
"18.08.2022","1,649","1,655","1,658","1,644","1,53M","-0,42%"
"17.08.2022","1,656","1,686","1,690","1,652","1,79M","-1,43%"
"16.08.2022","1,680","1,669","1,681","1,661","2,99M","1,02%"
"15.08.2022","1,663","1,672","1,678","1,652","1,56M","-0,66%"
"12.08.2022","1,674","1,673","1,682","1,667","2,33M","0,00%"
"11.08.2022","1,674","1,678","1,680","1,668","2,47M","-0,12%"
"10.08.2022","1,676","1,655","1,676","1,646","2,83M","1,58%"
"09.08.2022","1,650","1,638","1,653","1,625","2,45M","0,92%"
"08.08.2022","1,635","1,635","1,636","1,612","2,49M","0,74%"
"05.08.2022","1,623","1,607","1,630","1,592","2,47M","1,18%"
"04.08.2022","1,604","1,592","1,614","1,589","3,25M","0,88%"
"03.08.2022","1,590","1,578","1,593","1,559","3,30M","1,15%"
"02.08.2022","1,572","1,566","1,573","1,550","1,95M","0,38%"
"01.08.2022","1,566","1,558","1,590","1,558","2,75M","-0,57%"
"29.07.2022","1,575","1,572","1,579","1,563","4,48M","0,77%"
"28.07.2022","1,563","1,573","1,573","1,541","4,74M","0,90%"
"27.07.2022","1,549","1,543","1,551","1,527","3,21M","1,31%"
"26.07.2022","1,529","1,545","1,545","1,525","3,74M","-0,46%"
"25.07.2022","1,536","1,540","1,556","1,536","3,25M","0,00%"
"22.07.2022","1,536","1,554","1,554","1,533","4,78M","-0,84%"
"21.07.2022","1,549","1,569","1,573","1,545","4,64M","-1,27%"
"20.07.2022","1,569","1,595","1,600","1,560","2,93M","-1,57%"
"19.07.2022","1,594","1,558","1,598","1,545","3,99M","2,31%"
"18.07.2022","1,558","1,606","1,612","1,555","4,39M","-2,20%"
"15.07.2022","1,593","1,590","1,602","1,574","3,31M","0,44%"
"14.07.2022","1,586","1,580","1,601","1,580","7,85M","-0,56%"
"13.07.2022","1,595","1,578","1,602","1,563","3,87M","-0,44%"
"12.07.2022","1,602","1,610","1,614","1,528","7,04M","-0,74%"
"11.07.2022","1,614","1,651","1,651","1,613","2,97M","-2,36%"
"08.07.2022","1,653","1,650","1,653","1,624","2,88M","0,12%"
"07.07.2022","1,651","1,631","1,656","1,628","3,88M","2,04%"
"06.07.2022","1,618","1,621","1,641","1,609","4,66M","0,00%"
"05.07.2022","1,618","1,699","1,704","1,618","4,89M","-4,09%"
"04.07.2022","1,687","1,713","1,713","1,687","2,09M","-0,65%"
"01.07.2022","1,698","1,672","1,714","1,672","5,91M","0,95%"
"30.06.2022","1,682","1,672","1,690","1,654","3,22M","0,06%"
"29.06.2022","1,681","1,686","1,692","1,665","2,01M","-0,18%"
"28.06.2022","1,684","1,671","1,690","1,669","5,72M","1,45%"
"27.06.2022","1,660","1,675","1,679","1,644","2,53M","-0,24%"
"24.06.2022","1,664","1,656","1,667","1,636","2,69M","0,91%"
"23.06.2022","1,649","1,690","1,690","1,649","6,55M","-2,25%"
"22.06.2022","1,687","1,680","1,699","1,667","2,50M","-0,12%"
"21.06.2022","1,689","1,701","1,723","1,689","7,33M","-0,76%"
"20.06.2022","1,702","1,701","1,703","1,685","2,14M","1,01%"
"17.06.2022","1,685","1,692","1,702","1,668","3,76M","-0,24%"
"16.06.2022","1,689","1,716","1,716","1,681","3,04M","-1,63%"
"15.06.2022","1,717","1,691","1,732","1,689","3,79M","2,88%"
"14.06.2022","1,669","1,670","1,674","1,647","3,84M","0,91%"
"13.06.2022","1,654","1,680","1,681","1,647","5,35M","-1,55%"
"10.06.2022","1,680","1,720","1,721","1,680","6,32M","-2,44%"
"09.06.2022","1,722","1,748","1,748","1,719","5,33M","-1,09%"
"08.06.2022","1,741","1,765","1,765","1,738","2,08M","-0,85%"
"07.06.2022","1,756","1,758","1,772","1,746","4,29M","0,23%"
"06.06.2022","1,752","1,750","1,763","1,746","2,70M","0,52%"
"03.06.2022","1,743","1,739","1,750","1,736","2,01M","0,69%"
"02.06.2022","1,731","1,729","1,743","1,726","1,54M","0,17%"
"01.06.2022","1,728","1,730","1,752","1,727","2,44M","0,00%"
"31.05.2022","1,728","1,752","1,757","1,728","23,13M","-1,43%"
"30.05.2022","1,753","1,783","1,785","1,751","2,63M","-1,24%"
"27.05.2022","1,775","1,772","1,783","1,757","6,85M","-3,69%"
"26.05.2022","1,843","1,820","1,843","1,807","8,50M","1,77%"
"25.05.2022","1,811","1,800","1,818","1,791","6,63M","0,95%"
"24.05.2022","1,794","1,791","1,809","1,785","4,18M","-0,11%"
"23.05.2022","1,796","1,804","1,804","1,783","3,95M","1,30%"
"20.05.2022","1,773","1,797","1,809","1,773","4,65M","-0,11%"
"19.05.2022","1,775","1,760","1,786","1,748","4,38M","0,62%"
"18.05.2022","1,764","1,778","1,788","1,764","4,85M","-0,40%"
"17.05.2022","1,771","1,750","1,771","1,746","14,00M","2,13%"
"16.05.2022","1,734","1,733","1,746","1,720","3,28M","0,58%"
"13.05.2022","1,724","1,730","1,738","1,716","4,61M","-0,12%"
"12.05.2022","1,726","1,737","1,743","1,715","4,88M","-1,15%"
"11.05.2022","1,746","1,725","1,748","1,713","2,75M","1,39%"
"10.05.2022","1,722","1,722","1,740","1,711","3,37M","0,94%"
"09.05.2022","1,706","1,710","1,734","1,704","3,89M","-0,06%"
"06.05.2022","1,707","1,712","1,728","1,692","5,07M","-0,29%"
"05.05.2022","1,712","1,748","1,748","1,712","6,07M","-0,70%"
"04.05.2022","1,724","1,771","1,771","1,724","5,04M","-1,82%"
"03.05.2022","1,756","1,743","1,765","1,736","3,80M","2,03%"
"02.05.2022","1,721","1,736","1,753","1,711","5,21M","-1,38%"
"29.04.2022","1,745","1,798","1,798","1,705","11,87M","0,00%"
"28.04.2022","1,745","1,888","1,917","1,726","","-6,53%"
"27.04.2022","1,867","1,885","1,885","1,839","3,65M","0,11%"
"26.04.2022","1,865","1,909","1,910","1,865","2,66M","-0,37%"
"25.04.2022","1,872","1,890","1,893","1,872","","-1,47%"
"22.04.2022","1,900","1,930","1,944","1,900","3,28M","-2,06%"
"21.04.2022","1,940","1,946","1,958","1,937","3,29M","0,15%"
"20.04.2022","1,937","1,920","1,937","1,898","3,20M","1,36%"
"19.04.2022","1,911","1,884","1,914","1,879","5,60M","1,43%"
"14.04.2022","1,884","1,885","1,897","1,853","3,06M","0,80%"
"13.04.2022","1,869","1,872","1,875","1,857","4,02M","-0,11%"
"12.04.2022","1,871","1,860","1,882","1,835","4,61M","0,27%"
"11.04.2022","1,866","1,890","1,919","1,860","3,56M","-1,17%"
"08.04.2022","1,888","1,896","1,901","1,885","2,08M","0,80%"
"07.04.2022","1,873","1,866","1,910","1,866","2,87M","0,54%"
"06.04.2022","1,863","1,892","1,914","1,861","3,75M","-1,48%"
"05.04.2022","1,891","1,863","1,893","1,859","8,25M","1,72%"
"04.04.2022","1,859","1,916","1,916","1,855","3,10M","-2,52%"
"01.04.2022","1,907","1,914","1,920","1,902","5,89M","0,37%"
"31.03.2022","1,900","1,916","1,930","1,900","2,66M","-1,02%"
"30.03.2022","1,919","1,930","1,930","1,907","2,26M","-0,54%"
"29.03.2022","1,930","1,900","1,930","1,900","2,87M","2,12%"
"28.03.2022","1,890","1,893","1,929","1,880","3,11M","0,37%"
"25.03.2022","1,883","1,869","1,885","1,851","1,97M","1,02%"
"24.03.2022","1,864","1,862","1,876","1,857","1,69M","0,32%"
"23.03.2022","1,858","1,890","1,897","1,858","6,92M","-1,48%"
"22.03.2022","1,886","1,880","1,905","1,870","6,06M","1,04%"
"21.03.2022","1,867","1,860","1,880","1,850","2,23M","0,70%"
"18.03.2022","1,854","1,860","1,862","1,837","4,34M","0,00%"
"17.03.2022","1,854","1,867","1,874","1,840","3,17M","-0,19%"
"16.03.2022","1,857","1,830","1,857","1,829","3,93M","2,82%"
"15.03.2022","1,806","1,795","1,813","1,766","4,68M","-0,06%"
"14.03.2022","1,807","1,800","1,822","1,787","4,98M","2,09%"
"11.03.2022","1,770","1,773","1,826","1,768","7,04M","0,94%"
"10.03.2022","1,753","1,760","1,770","1,719","3,93M","0,69%"
"09.03.2022","1,742","1,724","1,757","1,718","6,59M","4,16%"
"08.03.2022","1,672","1,626","1,719","1,617","5,74M","1,95%"
"07.03.2022","1,640","1,610","1,674","1,576","8,41M","-1,09%"
"04.03.2022","1,658","1,687","1,688","1,638","8,13M","-2,21%"
"03.03.2022","1,696","1,756","1,768","1,693","6,22M","-3,22%"
"02.03.2022","1,752","1,705","1,766","1,694","6,40M","2,31%"
"01.03.2022","1,712","1,762","1,785","1,712","5,72M","-2,78%"
"28.02.2022","1,762","1,760","1,772","1,734","6,93M","-2,03%"
"25.02.2022","1,798","1,772","1,798","1,738","6,53M","2,71%"
"24.02.2022","1,750","1,771","1,808","1,737","9,06M","-4,37%"
"23.02.2022","1,831","1,854","1,875","1,831","3,46M","-1,27%"
"22.02.2022","1,854","1,840","1,873","1,816","3,38M","-1,12%"
"21.02.2022","1,875","1,900","1,926","1,867","4,54M","-1,06%"
"18.02.2022","1,895","1,919","1,925","1,887","5,17M","-0,71%"
"17.02.2022","1,908","1,948","1,948","1,903","3,74M","-1,65%"
"16.02.2022","1,941","1,974","1,975","1,936","2,57M","-1,22%"
"15.02.2022","1,964","1,939","1,967","1,930","3,28M","1,11%"
"14.02.2022","1,943","1,956","1,967","1,906","7,59M","-3,09%"
"11.02.2022","2,005","1,970","2,013","1,967","4,17M","0,96%"
"10.02.2022","1,986","1,970","2,000","1,946","6,48M","1,25%"
"09.02.2022","1,962","1,950","1,965","1,934","2,76M","0,82%"
"08.02.2022","1,946","1,918","1,949","1,918","3,07M","1,83%"
"07.02.2022","1,911","1,923","1,927","1,905","3,88M","0,16%"
"04.02.2022","1,908","1,933","1,948","1,906","2,52M","-1,32%"
"03.02.2022","1,933","1,941","1,944","1,929","2,27M","-0,44%"
"02.02.2022","1,941","1,962","1,962","1,941","2,11M","-0,54%"
"01.02.2022","1,952","1,939","1,957","1,933","3,42M","1,59%"
"31.01.2022","1,921","1,934","1,942","1,911","4,72M","-0,18%"
"28.01.2022","1,925","1,947","1,947","1,911","1,83M","-0,88%"
"27.01.2022","1,942","1,920","1,964","1,912","3,93M","0,54%"
"26.01.2022","1,931","1,907","1,936","1,907","4,53M","2,01%"
"25.01.2022","1,893","1,854","1,911","1,851","3,85M","2,80%"
"24.01.2022","1,842","1,867","1,878","1,827","3,86M","-1,37%"
"21.01.2022","1,867","1,900","1,900","1,862","4,33M","-2,73%"
"20.01.2022","1,920","1,940","1,941","1,901","2,29M","-1,23%"
"19.01.2022","1,944","1,933","1,964","1,923","3,81M","0,00%"
"18.01.2022","1,944","1,895","1,959","1,887","4,60M","2,34%"
"17.01.2022","1,900","1,920","1,922","1,894","2,68M","-0,86%"
"14.01.2022","1,916","1,900","1,916","1,895","2,60M","0,79%"
"13.01.2022","1,901","1,900","1,906","1,887","2,43M","0,32%"
"12.01.2022","1,895","1,875","1,896","1,865","2,07M","1,64%"
"11.01.2022","1,865","1,870","1,880","1,855","2,08M","0,00%"
"10.01.2022","1,865","1,896","1,896","1,851","2,84M","-1,17%"
"07.01.2022","1,887","1,871","1,887","1,869","2,62M","1,34%"
"06.01.2022","1,862","1,830","1,862","1,819","2,30M","0,57%"
"05.01.2022","1,851","1,848","1,860","1,835","2,50M","0,05%"
"04.01.2022","1,850","1,840","1,855","1,832","3,70M","1,01%"
"03.01.2022","1,832","1,814","1,839","1,810","1,62M","1,44%"
"30.12.2021","1,806","1,814","1,815","1,794","3,51M","-0,85%"
"29.12.2021","1,821","1,825","1,831","1,811","1,71M","-0,08%"
"28.12.2021","1,822","1,815","1,834","1,812","1,91M","0,30%"
"27.12.2021","1,817","1,793","1,819","1,793","2,20M","0,75%"
"23.12.2021","1,804","1,777","1,805","1,775","2,34M","1,61%"
"22.12.2021","1,775","1,772","1,776","1,763","1,89M","0,34%"
"21.12.2021","1,769","1,740","1,776","1,737","2,17M","2,25%"
"20.12.2021","1,730","1,719","1,740","1,708","2,40M","-1,48%"
"17.12.2021","1,756","1,770","1,778","1,745","3,41M","-1,24%"
"16.12.2021","1,778","1,795","1,795","1,773","2,25M","0,00%"
"15.12.2021","1,778","1,789","1,793","1,770","1,63M","-0,70%"
"14.12.2021","1,790","1,786","1,803","1,771","2,70M","0,70%"
"13.12.2021","1,778","1,803","1,812","1,778","2,06M","-1,33%"
"10.12.2021","1,801","1,801","1,810","1,791","2,05M","-0,17%"
"09.12.2021","1,804","1,816","1,818","1,801","1,45M","-0,33%"
"08.12.2021","1,811","1,829","1,839","1,806","1,54M","-1,07%"
"07.12.2021","1,830","1,843","1,843","1,824","2,01M","0,55%"
"06.12.2021","1,820","1,811","1,827","1,799","1,82M","1,59%"
"03.12.2021","1,791","1,817","1,833","1,788","2,84M","-1,32%"
"02.12.2021","1,816","1,817","1,834","1,811","2,12M","-1,12%"
"01.12.2021","1,836","1,810","1,843","1,810","2,71M","1,49%"
"30.11.2021","1,809","1,811","1,832","1,788","5,63M","-0,96%"
"29.11.2021","1,827","1,841","1,859","1,824","3,58M","0,05%"
"26.11.2021","1,826","1,843","1,849","1,806","7,02M","-5,51%"
"25.11.2021","1,932","1,938","1,944","1,919","2,94M","0,49%"
"24.11.2021","1,923","1,960","1,967","1,923","4,32M","-0,67%"
"23.11.2021","1,936","1,940","1,957","1,913","4,64M","-0,26%"
"22.11.2021","1,941","1,913","1,941","1,913","2,92M","1,68%"
"19.11.2021","1,908","1,942","1,943","1,888","5,49M","-0,91%"
"18.11.2021","1,926","1,953","1,964","1,926","2,74M","-1,43%"
"17.11.2021","1,954","1,964","1,972","1,949","4,01M","-0,81%"
"16.11.2021","1,970","1,972","1,982","1,964","2,78M","-0,51%"
"15.11.2021","1,980","1,948","1,985","1,926","3,41M","1,90%"
"12.11.2021","1,943","1,963","1,963","1,939","1,67M","-0,79%"
"11.11.2021","1,959","1,947","1,965","1,944","3,21M","0,49%"
"10.11.2021","1,949","1,928","1,949","1,920","2,35M","0,62%"
"09.11.2021","1,937","1,915","1,943","1,908","2,87M","1,04%"
"08.11.2021","1,917","1,940","1,940","1,916","3,36M","-1,34%"
"05.11.2021","1,943","1,914","1,952","1,895","2,83M","1,52%"
"04.11.2021","1,914","1,951","1,951","1,882","14,05M","-1,09%"
"03.11.2021","1,935","1,957","1,961","1,915","4,34M","-1,63%"
"02.11.2021","1,967","1,967","1,974","1,921","4,19M","-0,15%"
"01.11.2021","1,970","1,865","1,984","1,859","13,03M","7,62%"
"29.10.2021","1,831","1,832","1,839","1,813","4,18M","0,80%"
"28.10.2021","1,816","1,818","1,830","1,808","1,66M","-0,33%"
"27.10.2021","1,822","1,824","1,833","1,809","2,68M","0,50%"
"26.10.2021","1,813","1,847","1,857","1,806","3,23M","-1,65%"
"25.10.2021","1,844","1,821","1,849","1,808","4,27M","1,71%"
"22.10.2021","1,813","1,796","1,817","1,776","3,53M","1,57%"
"21.10.2021","1,785","1,800","1,806","1,785","1,85M","-1,46%"
"20.10.2021","1,811","1,798","1,819","1,792","2,21M","1,20%"
"19.10.2021","1,789","1,780","1,794","1,765","2,36M","0,53%"
"18.10.2021","1,780","1,804","1,804","1,779","2,85M","-0,75%"
"15.10.2021","1,793","1,810","1,811","1,793","2,57M","-0,14%"
"14.10.2021","1,796","1,817","1,817","1,796","1,90M","-0,17%"
"13.10.2021","1,799","1,850","1,850","1,786","5,27M","-2,84%"
"12.10.2021","1,852","1,818","1,853","1,804","3,56M","1,17%"
"11.10.2021","1,830","1,825","1,854","1,819","2,62M","-0,14%"
"08.10.2021","1,832","1,838","1,849","1,829","3,70M","-0,30%"
"07.10.2021","1,838","1,862","1,867","1,838","3,50M","-0,33%"
"06.10.2021","1,844","1,875","1,875","1,835","2,97M","-1,91%"
"05.10.2021","1,880","1,855","1,885","1,851","2,30M","1,57%"
"04.10.2021","1,851","1,880","1,890","1,851","9,83M","-1,83%"
"01.10.2021","1,885","1,862","1,902","1,852","2,23M","0,00%"
"30.09.2021","1,885","1,903","1,914","1,881","2,83M","-0,37%"
"29.09.2021","1,892","1,862","1,898","1,857","2,15M","2,02%"
"28.09.2021","1,855","1,898","1,923","1,855","4,43M","-1,83%"
"27.09.2021","1,889","1,860","1,895","1,857","3,32M","1,56%"
"24.09.2021","1,860","1,822","1,864","1,822","3,74M","1,75%"
"23.09.2021","1,828","1,819","1,831","1,810","1,80M","1,50%"
"22.09.2021","1,801","1,795","1,809","1,785","2,53M","1,52%"
"21.09.2021","1,774","1,776","1,801","1,767","5,83M","0,80%"
"20.09.2021","1,760","1,803","1,803","1,758","4,05M","-3,93%"
"17.09.2021","1,832","1,830","1,845","1,822","3,91M","0,94%"
"16.09.2021","1,815","1,803","1,824","1,803","2,16M","0,92%"
"15.09.2021","1,798","1,808","1,826","1,798","1,73M","-0,96%"
"14.09.2021","1,816","1,834","1,842","1,816","1,62M","-0,93%"
"13.09.2021","1,833","1,804","1,837","1,804","1,79M","2,23%"
"10.09.2021","1,793","1,830","1,830","1,792","2,65M","-1,56%"
"09.09.2021","1,821","1,820","1,829","1,809","1,90M","-0,95%"
"08.09.2021","1,839","1,851","1,857","1,806","2,67M","-0,35%"
"07.09.2021","1,845","1,839","1,845","1,827","1,58M","0,41%"
"06.09.2021","1,838","1,818","1,840","1,818","1,25M","0,91%"
"03.09.2021","1,821","1,846","1,846","1,817","3,15M","-1,35%"
"02.09.2021","1,847","1,844","1,847","1,832","2,17M","0,16%"
"01.09.2021","1,844","1,832","1,873","1,832","3,31M","0,96%"
"31.08.2021","1,826","1,831","1,831","1,801","4,16M","-0,44%"
"30.08.2021","1,834","1,835","1,842","1,815","1,35M","-0,11%"
"27.08.2021","1,836","1,839","1,839","1,808","2,12M","0,11%"
"26.08.2021","1,834","1,840","1,847","1,827","1,15M","-0,46%"
"25.08.2021","1,842","1,814","1,844","1,808","8,82M","1,29%"
"24.08.2021","1,819","1,837","1,837","1,811","3,54M","-0,63%"
"23.08.2021","1,831","1,823","1,834","1,817","1,04M","0,72%"
"20.08.2021","1,817","1,836","1,840","1,794","2,12M","-1,22%"
"19.08.2021","1,840","1,834","1,853","1,819","4,01M","-1,34%"
"18.08.2021","1,865","1,811","1,867","1,811","3,33M","2,39%"
"17.08.2021","1,821","1,807","1,827","1,804","1,48M","0,05%"
"16.08.2021","1,821","1,814","1,824","1,803","1,60M","-0,27%"
"13.08.2021","1,826","1,821","1,832","1,811","1,32M","0,00%"
"12.08.2021","1,826","1,814","1,832","1,810","1,89M","0,72%"
"11.08.2021","1,813","1,814","1,819","1,791","1,65M","0,67%"
"10.08.2021","1,801","1,794","1,809","1,781","1,31M","-0,30%"
"09.08.2021","1,806","1,791","1,809","1,788","1,11M","0,53%"
"06.08.2021","1,797","1,788","1,798","1,769","1,79M","0,62%"
"05.08.2021","1,786","1,786","1,791","1,768","1,69M","0,42%"
"04.08.2021","1,778","1,785","1,788","1,758","1,56M","0,45%"
"03.08.2021","1,770","1,773","1,786","1,753","1,51M","0,80%"
"02.08.2021","1,757","1,737","1,774","1,736","2,35M","1,12%"
"30.07.2021","1,737","1,752","1,753","1,725","3,34M","-1,08%"
"29.07.2021","1,756","1,755","1,784","1,752","2,56M","-0,40%"
"28.07.2021","1,763","1,780","1,787","1,762","1,30M","-0,84%"
"27.07.2021","1,778","1,786","1,786","1,753","1,92M","-0,61%"
"26.07.2021","1,789","1,761","1,803","1,737","4,99M","1,33%"
"23.07.2021","1,765","1,751","1,779","1,750","2,38M","0,97%"
"22.07.2021","1,748","1,768","1,793","1,748","1,91M","-1,16%"
"21.07.2021","1,769","1,758","1,778","1,719","2,62M","3,60%"
"20.07.2021","1,707","1,691","1,719","1,679","2,21M","1,22%"
"19.07.2021","1,687","1,742","1,742","1,677","3,36M","-3,21%"
"16.07.2021","1,743","1,758","1,775","1,734","2,31M","-0,71%"
"15.07.2021","1,755","1,741","1,763","1,738","1,51M","0,17%"
"14.07.2021","1,753","1,778","1,778","1,745","2,37M","0,00%"
"13.07.2021","1,753","1,778","1,778","1,753","1,37M","-0,68%"
"12.07.2021","1,765","1,783","1,796","1,746","1,59M","-0,79%"
"09.07.2021","1,779","1,740","1,780","1,735","1,86M","2,65%"
"08.07.2021","1,733","1,762","1,766","1,726","3,31M","-2,53%"
"07.07.2021","1,778","1,770","1,786","1,765","1,67M","0,28%"
"06.07.2021","1,773","1,816","1,816","1,768","1,68M","-2,34%"
"05.07.2021","1,816","1,778","1,819","1,773","1,81M","2,22%"
"02.07.2021","1,776","1,781","1,796","1,772","2,39M","-0,06%"
"01.07.2021","1,777","1,790","1,800","1,764","2,49M","-0,31%"
"30.06.2021","1,783","1,770","1,787","1,747","4,21M","0,65%"
"29.06.2021","1,771","1,763","1,791","1,763","2,80M","0,31%"
"28.06.2021","1,765","1,780","1,790","1,765","2,60M","-1,01%"
"25.06.2021","1,783","1,758","1,789","1,755","2,80M","0,17%"
"24.06.2021","1,781","1,788","1,793","1,764","7,46M","1,16%"
"23.06.2021","1,760","1,779","1,788","1,760","2,91M","-1,29%"
"22.06.2021","1,783","1,809","1,809","1,776","2,58M","-1,14%"
"21.06.2021","1,804","1,800","1,809","1,767","3,32M","-0,44%"
"18.06.2021","1,811","1,828","1,829","1,793","6,16M","-0,71%"
"17.06.2021","1,824","1,866","1,875","1,824","3,40M","-2,56%"
"16.06.2021","1,872","1,879","1,888","1,867","3,08M","0,08%"
"15.06.2021","1,871","1,857","1,875","1,849","3,15M","0,86%"
"14.06.2021","1,855","1,845","1,860","1,840","2,95M","0,82%"
"11.06.2021","1,840","1,830","1,843","1,811","2,55M","0,74%"
"10.06.2021","1,827","1,827","1,844","1,815","3,23M","-0,11%"
"09.06.2021","1,829","1,842","1,844","1,816","4,00M","-0,65%"
"08.06.2021","1,840","1,867","1,872","1,826","4,26M","-1,76%"
"07.06.2021","1,873","1,870","1,877","1,859","1,40M","0,54%"
"04.06.2021","1,863","1,889","1,889","1,860","2,06M","-1,30%"
"03.06.2021","1,888","1,877","1,892","1,867","2,03M","0,61%"
"02.06.2021","1,877","1,888","1,890","1,865","2,36M","-0,50%"
"01.06.2021","1,886","1,865","1,892","1,865","6,09M","1,21%"
"31.05.2021","1,863","1,890","1,895","1,860","6,97M","-0,77%"
"28.05.2021","1,878","1,856","1,885","1,847","7,16M","1,71%"
"27.05.2021","1,847","1,834","1,863","1,823","5,32M","0,93%"
"26.05.2021","1,829","1,840","1,847","1,826","14,01M","-0,44%"
"25.05.2021","1,837","1,875","1,880","1,837","3,13M","-1,84%"
"24.05.2021","1,872","1,868","1,873","1,847","5,10M","0,83%"
"21.05.2021","1,857","1,854","1,863","1,832","3,44M","-0,11%"
"20.05.2021","1,859","1,866","1,866","1,821","4,19M","-2,75%"
"19.05.2021","1,911","1,916","1,922","1,881","5,90M","-0,34%"
"18.05.2021","1,918","1,940","1,944","1,910","8,45M","-0,47%"
"17.05.2021","1,926","1,933","1,946","1,923","12,08M","0,55%"
"14.05.2021","1,916","1,916","1,926","1,902","3,31M","0,68%"
"13.05.2021","1,903","1,890","1,908","1,852","5,24M","0,00%"
"12.05.2021","1,903","1,875","1,911","1,865","16,53M","1,49%"
"11.05.2021","1,875","1,911","1,914","1,867","11,84M","-2,04%"
"10.05.2021","1,914","1,880","1,928","1,880","8,54M","2,93%"
"07.05.2021","1,860","1,870","1,882","1,850","3,80M","0,22%"
"06.05.2021","1,856","1,832","1,863","1,832","9,75M","1,53%"
"05.05.2021","1,828","1,819","1,829","1,807","3,29M","0,91%"
"04.05.2021","1,811","1,800","1,836","1,788","5,34M","0,78%"
"03.05.2021","1,798","1,803","1,810","1,783","3,21M","0,39%"
"30.04.2021","1,791","1,776","1,813","1,776","8,04M","0,82%"
"29.04.2021","1,776","1,784","1,798","1,752","4,84M","-0,17%"
"28.04.2021","1,779","1,765","1,780","1,757","3,51M","1,51%"
"27.04.2021","1,753","1,763","1,766","1,732","3,57M","-1,10%"
"26.04.2021","1,772","1,747","1,785","1,735","4,65M","1,32%"
"23.04.2021","1,749","1,727","1,755","1,722","2,74M","0,69%"
"22.04.2021","1,737","1,744","1,747","1,718","3,97M","-0,29%"
"21.04.2021","1,742","1,740","1,758","1,721","3,37M","0,23%"
"20.04.2021","1,738","1,804","1,805","1,731","5,21M","-3,66%"
"19.04.2021","1,804","1,770","1,806","1,770","6,52M","1,89%"
"16.04.2021","1,770","1,770","1,773","1,757","2,95M","0,88%"
"15.04.2021","1,755","1,783","1,783","1,751","3,36M","-1,29%"
"14.04.2021","1,778","1,780","1,781","1,760","2,58M","0,23%"
"13.04.2021","1,774","1,801","1,802","1,760","3,51M","-1,22%"
"12.04.2021","1,796","1,780","1,798","1,768","2,81M","1,41%"
"09.04.2021","1,771","1,799","1,799","1,771","3,13M","-1,31%"
"08.04.2021","1,794","1,835","1,835","1,791","3,32M","-1,54%"
"07.04.2021","1,822","1,814","1,835","1,811","3,19M","0,66%"
"06.04.2021","1,811","1,819","1,838","1,804","5,95M","2,46%"
"01.04.2021","1,767","1,778","1,781","1,758","2,78M","-0,51%"
"31.03.2021","1,776","1,817","1,827","1,775","5,14M","-2,20%"
"30.03.2021","1,816","1,808","1,825","1,800","4,58M","1,17%"
"29.03.2021","1,795","1,780","1,802","1,770","4,48M","1,47%"
"26.03.2021","1,769","1,780","1,790","1,760","4,10M","0,17%"
"25.03.2021","1,766","1,763","1,770","1,734","3,29M","0,23%"
"24.03.2021","1,762","1,718","1,762","1,707","4,00M","1,79%"
"23.03.2021","1,731","1,784","1,784","1,726","12,88M","-2,97%"
"22.03.2021","1,784","1,800","1,807","1,774","6,14M","-0,56%"
"19.03.2021","1,794","1,776","1,837","1,765","11,45M","0,56%"
"18.03.2021","1,784","1,746","1,799","1,739","7,68M","2,65%"
"17.03.2021","1,738","1,717","1,738","1,711","4,03M","1,70%"
"16.03.2021","1,709","1,725","1,736","1,701","8,77M","-0,18%"
"15.03.2021","1,712","1,697","1,734","1,691","12,48M","1,60%"
"12.03.2021","1,685","1,640","1,688","1,633","4,81M","2,68%"
"11.03.2021","1,641","1,680","1,685","1,639","4,90M","-2,61%"
"10.03.2021","1,685","1,650","1,686","1,645","5,03M","2,25%"
"09.03.2021","1,648","1,665","1,683","1,636","5,72M","-0,66%"
"08.03.2021","1,659","1,629","1,660","1,629","5,80M","2,79%"
"05.03.2021","1,614","1,612","1,619","1,601","2,84M","0,12%"
"04.03.2021","1,612","1,619","1,630","1,606","3,57M","-0,98%"
"03.03.2021","1,628","1,615","1,640","1,609","4,00M","1,31%"
"02.03.2021","1,607","1,615","1,636","1,607","4,24M","-1,29%"
"01.03.2021","1,628","1,588","1,629","1,585","4,87M","3,56%"
"26.02.2021","1,572","1,565","1,601","1,558","7,03M","-1,26%"
"25.02.2021","1,592","1,570","1,594","1,562","6,16M","2,51%"
"24.02.2021","1,553","1,561","1,570","1,550","5,69M","-0,13%"
"23.02.2021","1,555","1,532","1,566","1,521","6,94M","2,37%"
"22.02.2021","1,519","1,529","1,529","1,508","5,35M","-0,78%"
"19.02.2021","1,531","1,532","1,549","1,525","3,44M","0,20%"
"18.02.2021","1,528","1,544","1,554","1,528","3,09M","-0,84%"
"17.02.2021","1,541","1,544","1,553","1,531","4,40M","0,00%"
"16.02.2021","1,541","1,569","1,569","1,525","8,08M","-1,34%"
"15.02.2021","1,562","1,570","1,583","1,550","4,68M","0,64%"
"12.02.2021","1,552","1,588","1,588","1,533","6,42M","-1,77%"
"11.02.2021","1,580","1,649","1,649","1,563","7,96M","-3,72%"
"10.02.2021","1,641","1,642","1,646","1,624","3,80M","0,06%"
"09.02.2021","1,640","1,627","1,640","1,609","3,52M","0,74%"
"08.02.2021","1,628","1,622","1,659","1,618","4,59M","1,12%"
"05.02.2021","1,610","1,606","1,617","1,595","5,19M","0,62%"
"04.02.2021","1,600","1,590","1,604","1,572","3,26M","0,95%"
"03.02.2021","1,585","1,580","1,600","1,566","4,67M","1,47%"
"02.02.2021","1,562","1,547","1,574","1,541","3,28M","1,36%"
"01.02.2021","1,541","1,526","1,553","1,517","4,41M","1,78%"
"29.01.2021","1,514","1,552","1,552","1,511","6,35M","-2,82%"
"28.01.2021","1,558","1,530","1,568","1,518","4,54M","0,52%"
"27.01.2021","1,550","1,543","1,586","1,531","5,11M","0,58%"
"26.01.2021","1,541","1,507","1,548","1,507","4,19M","1,72%"
"25.01.2021","1,515","1,533","1,546","1,501","5,65M","-0,92%"
"22.01.2021","1,529","1,550","1,558","1,525","3,74M","-1,55%"
"21.01.2021","1,553","1,589","1,601","1,553","3,86M","-2,33%"
"20.01.2021","1,590","1,580","1,596","1,578","3,15M","1,34%"
"19.01.2021","1,569","1,614","1,614","1,569","3,65M","-1,01%"
"18.01.2021","1,585","1,590","1,592","1,577","2,10M","-0,63%"
"15.01.2021","1,595","1,615","1,624","1,576","5,53M","-1,73%"
"14.01.2021","1,623","1,640","1,643","1,616","17,31M","-0,67%"
"13.01.2021","1,634","1,639","1,645","1,618","4,54M","-0,43%"
"12.01.2021","1,641","1,645","1,658","1,635","2,92M","0,61%"
"11.01.2021","1,631","1,639","1,644","1,619","4,52M","-0,79%"
"08.01.2021","1,644","1,658","1,663","1,637","20,08M","-0,18%"
"07.01.2021","1,647","1,653","1,653","1,626","14,14M","0,24%"
"06.01.2021","1,643","1,615","1,654","1,606","5,86M","2,75%"
"05.01.2021","1,599","1,580","1,612","1,575","4,28M","0,88%"
"04.01.2021","1,585","1,607","1,624","1,573","13,80M","-0,50%"
"31.12.2020","1,593","1,605","1,605","1,576","2,29M","-0,93%"
"30.12.2020","1,608","1,617","1,625","1,602","3,06M","-0,37%"
"29.12.2020","1,614","1,617","1,633","1,606","3,93M","-0,43%"
"28.12.2020","1,621","1,645","1,649","1,613","3,38M","0,00%"
"24.12.2020","1,621","1,640","1,641","1,616","1,82M","-0,67%"
"23.12.2020","1,632","1,630","1,651","1,593","16,57M","0,12%"
"22.12.2020","1,630","1,600","1,631","1,600","13,35M","1,94%"
"21.12.2020","1,599","1,606","1,620","1,571","21,71M","-2,38%"
"18.12.2020","1,638","1,710","1,726","1,638","12,73M","-6,83%"
"17.12.2020","1,758","1,718","1,760","1,715","11,00M","2,87%"
"16.12.2020","1,709","1,694","1,727","1,686","5,96M","1,42%"
"15.12.2020","1,685","1,680","1,691","1,669","7,65M","0,78%"
"14.12.2020","1,672","1,700","1,723","1,672","6,16M","-0,12%"
"11.12.2020","1,674","1,686","1,699","1,652","11,02M","-0,71%"
"10.12.2020","1,686","1,728","1,736","1,675","7,28M","-1,86%"
"09.12.2020","1,718","1,727","1,740","1,718","5,37M","0,35%"
"08.12.2020","1,712","1,737","1,748","1,712","15,27M","-1,04%"
"07.12.2020","1,730","1,732","1,757","1,690","24,37M","1,17%"
"04.12.2020","1,710","1,702","1,737","1,690","19,15M","0,53%"
"03.12.2020","1,701","1,745","1,748","1,698","11,84M","-2,35%"
"02.12.2020","1,742","1,700","1,742","1,684","9,55M","2,35%"
"01.12.2020","1,702","1,613","1,702","1,606","14,47M","5,91%"
"30.11.2020","1,607","1,579","1,631","1,559","99,00M","1,77%"
"27.11.2020","1,579","1,576","1,602","1,552","11,89M","-1,50%"
"26.11.2020","1,603","1,617","1,617","1,580","6,99M","-0,31%"
"25.11.2020","1,608","1,653","1,660","1,601","11,29M","-1,77%"
"24.11.2020","1,637","1,598","1,643","1,585","9,26M","3,09%"
"23.11.2020","1,588","1,603","1,616","1,577","8,50M","0,19%"
"20.11.2020","1,585","1,586","1,599","1,580","7,59M","0,32%"
"19.11.2020","1,580","1,632","1,636","1,580","7,44M","-3,89%"
"18.11.2020","1,644","1,621","1,656","1,605","10,12M","0,74%"
"17.11.2020","1,632","1,611","1,632","1,577","6,87M","1,12%"
"16.11.2020","1,614","1,604","1,639","1,579","9,68M","2,28%"
"13.11.2020","1,578","1,570","1,600","1,560","6,84M","0,00%"
"12.11.2020","1,578","1,556","1,588","1,530","7,97M","0,90%"
"11.11.2020","1,564","1,610","1,626","1,552","10,33M","-2,62%"
"10.11.2020","1,606","1,511","1,619","1,509","15,52M","5,10%"
"09.11.2020","1,528","1,379","1,533","1,342","13,59M","12,02%"
"06.11.2020","1,364","1,375","1,399","1,360","8,95M","-1,23%"
"05.11.2020","1,381","1,359","1,390","1,340","13,50M","2,22%"
"04.11.2020","1,351","1,345","1,375","1,294","8,40M","-1,75%"
"03.11.2020","1,375","1,321","1,382","1,318","8,49M","4,01%"
"02.11.2020","1,322","1,309","1,343","1,292","7,80M","2,16%"
"30.10.2020","1,294","1,250","1,299","1,243","7,02M","0,86%"
"29.10.2020","1,283","1,276","1,293","1,240","9,03M","0,23%"
"28.10.2020","1,280","1,274","1,288","1,232","9,48M","-0,78%"
"27.10.2020","1,290","1,350","1,350","1,283","6,95M","-3,73%"
"26.10.2020","1,340","1,330","1,355","1,313","3,77M","-0,67%"
"23.10.2020","1,349","1,335","1,367","1,333","4,91M","1,50%"
"22.10.2020","1,329","1,288","1,329","1,276","5,10M","2,55%"
"21.10.2020","1,296","1,335","1,336","1,287","5,11M","-1,89%"
"20.10.2020","1,321","1,323","1,347","1,312","10,94M","-0,08%"
"19.10.2020","1,322","1,340","1,359","1,307","5,01M","-1,12%"
"16.10.2020","1,337","1,334","1,342","1,305","3,77M","0,45%"
"15.10.2020","1,331","1,329","1,332","1,305","4,14M","-1,33%"
"14.10.2020","1,349","1,340","1,357","1,322","4,82M","0,30%"
"13.10.2020","1,345","1,370","1,371","1,340","5,81M","-1,32%"
"12.10.2020","1,363","1,365","1,373","1,348","3,41M","0,22%"
"09.10.2020","1,360","1,365","1,382","1,353","3,77M","-0,58%"
"08.10.2020","1,368","1,393","1,399","1,368","5,93M","-1,44%"
"07.10.2020","1,388","1,365","1,389","1,351","7,35M","0,87%"
"06.10.2020","1,376","1,332","1,376","1,320","7,40M","3,15%"
"05.10.2020","1,334","1,305","1,335","1,292","5,32M","3,33%"
"02.10.2020","1,291","1,284","1,303","1,272","5,55M","-0,46%"
"01.10.2020","1,297","1,348","1,351","1,295","4,80M","-2,99%"
"30.09.2020","1,337","1,300","1,358","1,287","9,31M","2,37%"
"29.09.2020","1,306","1,350","1,350","1,301","6,08M","-3,62%"
"28.09.2020","1,355","1,324","1,355","1,316","4,88M","3,20%"
"25.09.2020","1,313","1,311","1,353","1,301","6,70M","0,15%"
"24.09.2020","1,311","1,280","1,328","1,261","8,03M","2,02%"
"23.09.2020","1,285","1,318","1,330","1,285","11,39M","-1,53%"
"22.09.2020","1,305","1,378","1,378","1,305","10,76M","-4,54%"
"21.09.2020","1,367","1,440","1,442","1,350","8,95M","-5,27%"
"18.09.2020","1,443","1,504","1,506","1,443","16,57M","-4,06%"
"17.09.2020","1,504","1,492","1,509","1,478","4,31M","0,00%"
"16.09.2020","1,504","1,528","1,528","1,479","5,23M","-1,89%"
"15.09.2020","1,533","1,540","1,550","1,524","4,53M","-0,84%"
"14.09.2020","1,546","1,566","1,568","1,542","3,69M","-0,77%"
"11.09.2020","1,558","1,561","1,569","1,543","3,68M","-0,64%"
"10.09.2020","1,568","1,592","1,599","1,563","3,13M","-1,45%"
"09.09.2020","1,591","1,520","1,594","1,519","5,44M","4,67%"
"08.09.2020","1,520","1,546","1,565","1,512","3,75M","-1,81%"
"07.09.2020","1,548","1,556","1,571","1,538","3,74M","-0,83%"
"04.09.2020","1,561","1,558","1,583","1,545","5,83M","0,77%"
"03.09.2020","1,549","1,571","1,601","1,538","6,06M","0,06%"
"02.09.2020","1,548","1,560","1,579","1,536","4,78M","-0,83%"
"01.09.2020","1,561","1,632","1,632","1,536","4,83M","-1,70%"
"31.08.2020","1,588","1,640","1,642","1,588","3,92M","-2,93%"
"28.08.2020","1,636","1,610","1,654","1,610","4,18M","2,12%"
"27.08.2020","1,602","1,585","1,612","1,562","3,31M","0,88%"
"26.08.2020","1,588","1,600","1,622","1,583","6,81M","-0,19%"
"25.08.2020","1,591","1,580","1,630","1,576","4,89M","1,66%"
"24.08.2020","1,565","1,540","1,571","1,538","3,24M","1,76%"
"21.08.2020","1,538","1,551","1,552","1,519","3,37M","-0,32%"
"20.08.2020","1,543","1,550","1,566","1,542","2,96M","-2,22%"
"19.08.2020","1,578","1,564","1,578","1,541","2,81M","0,57%"
"18.08.2020","1,569","1,578","1,586","1,544","4,17M","-1,38%"
"17.08.2020","1,591","1,629","1,642","1,580","3,95M","-2,99%"
"14.08.2020","1,640","1,656","1,656","1,604","2,13M","-0,91%"
"13.08.2020","1,655","1,662","1,680","1,649","3,16M","-0,90%"
"12.08.2020","1,670","1,658","1,685","1,649","3,48M","0,06%"
"11.08.2020","1,669","1,628","1,685","1,628","6,44M","3,02%"
"10.08.2020","1,620","1,607","1,623","1,589","5,11M","1,95%"
"07.08.2020","1,589","1,585","1,596","1,566","2,68M","-0,31%"
"06.08.2020","1,594","1,612","1,622","1,584","3,34M","-1,42%"
"05.08.2020","1,617","1,603","1,617","1,596","4,22M","1,13%"
"04.08.2020","1,599","1,592","1,621","1,580","3,69M","0,82%"
"03.08.2020","1,586","1,531","1,588","1,508","4,79M","3,93%"
"31.07.2020","1,526","1,557","1,564","1,526","3,99M","-0,91%"
"30.07.2020","1,540","1,603","1,603","1,517","3,93M","-3,14%"
"29.07.2020","1,590","1,610","1,610","1,581","2,93M","-0,81%"
"28.07.2020","1,603","1,581","1,604","1,565","4,48M","2,36%"
"27.07.2020","1,566","1,630","1,635","1,535","8,76M","-4,51%"
"24.07.2020","1,640","1,600","1,651","1,597","4,36M","0,74%"
"23.07.2020","1,628","1,664","1,669","1,615","4,82M","-2,10%"
"22.07.2020","1,663","1,646","1,663","1,631","3,84M","1,03%"
"21.07.2020","1,646","1,680","1,680","1,630","4,69M","-0,96%"
"20.07.2020","1,662","1,626","1,665","1,611","2,54M","1,59%"
"17.07.2020","1,636","1,671","1,680","1,628","8,01M","-2,27%"
"16.07.2020","1,674","1,640","1,674","1,639","3,23M","1,52%"
"15.07.2020","1,649","1,658","1,665","1,619","7,52M","0,00%"
"14.07.2020","1,649","1,627","1,654","1,612","4,77M","0,98%"
"13.07.2020","1,633","1,639","1,654","1,615","3,89M","1,74%"
"10.07.2020","1,605","1,571","1,614","1,558","4,25M","2,16%"
"09.07.2020","1,571","1,587","1,605","1,563","4,30M","-0,32%"
"08.07.2020","1,576","1,604","1,619","1,573","8,61M","-3,19%"
"07.07.2020","1,628","1,620","1,644","1,613","3,83M","-0,67%"
"06.07.2020","1,639","1,641","1,670","1,623","4,10M","1,86%"
"03.07.2020","1,609","1,634","1,637","1,591","7,03M","-1,35%"
"02.07.2020","1,631","1,570","1,642","1,569","6,27M","3,95%"
"01.07.2020","1,569","1,591","1,595","1,551","3,65M","-0,95%"
"30.06.2020","1,584","1,594","1,600","1,559","6,08M","-0,88%"
"29.06.2020","1,598","1,568","1,616","1,552","4,66M","1,65%"
"26.06.2020","1,572","1,580","1,619","1,570","21,42M","-1,01%"
"25.06.2020","1,588","1,590","1,610","1,545","38,31M","-1,43%"
"24.06.2020","1,611","1,645","1,663","1,601","20,62M","-2,36%"
"23.06.2020","1,650","1,682","1,695","1,633","13,72M","-5,34%"
"22.06.2020","1,743","1,880","1,880","1,735","9,01M","-1,80%"
"19.06.2020","1,775","1,773","1,799","1,752","12,73M","0,57%"
"18.06.2020","1,765","1,755","1,788","1,738","7,71M","0,68%"
"17.06.2020","1,753","1,781","1,803","1,750","6,60M","-1,02%"
"16.06.2020","1,771","1,792","1,807","1,748","7,84M","2,07%"
"15.06.2020","1,735","1,677","1,749","1,651","10,24M","1,34%"
"12.06.2020","1,712","1,700","1,758","1,670","26,64M","0,53%"
"11.06.2020","1,703","1,739","1,742","1,701","46,17M","-4,43%"
"10.06.2020","1,782","1,832","1,865","1,771","18,61M","-1,98%"
"09.06.2020","1,818","1,850","1,885","1,792","14,62M","-4,82%"
"08.06.2020","1,910","1,888","1,929","1,864","7,93M","1,87%"
"05.06.2020","1,875","1,845","1,882","1,826","14,03M","3,71%"
"04.06.2020","1,808","1,812","1,846","1,760","12,44M","-0,44%"
"03.06.2020","1,816","1,704","1,816","1,702","9,17M","7,71%"
"02.06.2020","1,686","1,663","1,694","1,636","8,62M","3,75%"
"01.06.2020","1,625","1,611","1,650","1,603","5,36M","2,65%"
"29.05.2020","1,583","1,641","1,642","1,575","10,35M","-4,52%"
"28.05.2020","1,658","1,697","1,704","1,641","6,61M","-0,72%"
"27.05.2020","1,670","1,625","1,710","1,612","7,79M","3,86%"
"26.05.2020","1,608","1,550","1,624","1,550","6,24M","4,08%"
"25.05.2020","1,545","1,520","1,545","1,513","2,57M","2,39%"
"22.05.2020","1,509","1,480","1,530","1,466","5,91M","1,62%"
"21.05.2020","1,485","1,470","1,517","1,457","6,25M","-0,07%"
"20.05.2020","1,486","1,480","1,488","1,405","7,14M","0,75%"
"19.05.2020","1,475","1,594","1,594","1,454","10,37M","-6,29%"
"18.05.2020","1,574","1,575","1,581","1,540","2,31M","3,42%"
"15.05.2020","1,522","1,553","1,580","1,506","2,13M","-0,26%"
"14.05.2020","1,526","1,548","1,554","1,490","4,35M","-1,55%"
"13.05.2020","1,550","1,576","1,587","1,550","3,32M","-2,39%"
"12.05.2020","1,588","1,582","1,601","1,577","4,07M","0,38%"
"11.05.2020","1,582","1,639","1,645","1,577","2,42M","-2,10%"
"08.05.2020","1,616","1,648","1,648","1,613","1,39M","-1,34%"
"07.05.2020","1,638","1,590","1,640","1,590","2,21M","2,63%"
"06.05.2020","1,596","1,610","1,625","1,590","4,24M","-2,62%"
"05.05.2020","1,639","1,638","1,650","1,600","2,59M","0,86%"
"04.05.2020","1,625","1,635","1,668","1,605","3,04M","-2,75%"
"30.04.2020","1,671","1,736","1,750","1,654","5,97M","-2,28%"
"29.04.2020","1,710","1,667","1,729","1,653","2,94M","3,89%"
"28.04.2020","1,646","1,562","1,661","1,560","3,02M","2,75%"
"27.04.2020","1,602","1,635","1,635","1,580","1,92M","1,46%"
"24.04.2020","1,579","1,644","1,644","1,579","4,34M","-3,19%"
"23.04.2020","1,631","1,645","1,656","1,621","2,58M","-0,67%"
"22.04.2020","1,642","1,662","1,662","1,621","3,56M","1,30%"
"21.04.2020","1,621","1,700","1,700","1,616","5,46M","-3,17%"
"20.04.2020","1,674","1,740","1,740","1,661","3,98M","-2,96%"
"17.04.2020","1,725","1,740","1,745","1,663","3,54M","3,05%"
"16.04.2020","1,674","1,737","1,744","1,655","3,32M","-1,76%"
"15.04.2020","1,704","1,750","1,751","1,698","5,29M","-2,52%"
"14.04.2020","1,748","1,789","1,789","1,743","5,77M","-0,23%"
"09.04.2020","1,752","1,720","1,760","1,703","5,84M","3,36%"
"08.04.2020","1,695","1,695","1,701","1,662","15,56M","-1,97%"
"07.04.2020","1,729","1,690","1,780","1,655","6,80M","5,17%"
"06.04.2020","1,644","1,599","1,649","1,564","4,42M","6,61%"
"03.04.2020","1,542","1,587","1,606","1,529","4,77M","-2,41%"
"02.04.2020","1,580","1,586","1,620","1,556","4,93M","0,77%"
"01.04.2020","1,568","1,540","1,628","1,533","5,07M","0,74%"
"31.03.2020","1,556","1,590","1,622","1,540","6,49M","-0,19%"
"30.03.2020","1,559","1,566","1,575","1,518","4,67M","-0,45%"
"27.03.2020","1,566","1,599","1,626","1,565","6,48M","-1,38%"
"26.03.2020","1,589","1,615","1,648","1,589","8,78M","-1,21%"
"25.03.2020","1,608","1,620","1,686","1,554","8,92M","4,52%"
"24.03.2020","1,538","1,464","1,565","1,459","8,34M","10,21%"
"23.03.2020","1,396","1,400","1,454","1,370","7,28M","-2,79%"
"20.03.2020","1,436","1,600","1,600","1,412","16,98M","-4,30%"
"19.03.2020","1,500","1,626","1,720","1,500","9,76M","-5,57%"
"18.03.2020","1,589","1,599","1,738","1,510","10,99M","-3,29%"
"17.03.2020","1,643","1,440","1,677","1,325","8,96M","20,01%"
"16.03.2020","1,369","1,430","1,456","1,315","17,76M","-7,37%"
"13.03.2020","1,478","1,451","1,668","1,431","13,25M","1,23%"
"12.03.2020","1,460","1,600","1,610","1,460","18,42M","-10,43%"
"11.03.2020","1,630","1,714","1,753","1,613","11,61M","-4,12%"
"10.03.2020","1,700","1,722","1,787","1,655","17,03M","1,61%"
"09.03.2020","1,673","1,810","1,810","1,673","13,36M","-11,06%"
"06.03.2020","1,881","1,900","1,919","1,855","7,04M","-1,67%"
"05.03.2020","1,913","2,011","2,016","1,900","9,56M","-4,35%"
"04.03.2020","2,000","2,006","2,023","1,978","6,14M","0,65%"
"03.03.2020","1,987","2,022","2,047","1,987","10,34M","0,46%"
"02.03.2020","1,978","2,070","2,072","1,958","9,04M","-2,32%"
"28.02.2020","2,025","2,060","2,066","2,004","12,20M","-3,02%"
"27.02.2020","2,088","2,163","2,165","2,076","7,66M","-4,35%"
"26.02.2020","2,183","2,190","2,197","2,133","5,81M","-0,37%"
"25.02.2020","2,191","2,269","2,269","2,191","6,97M","-2,80%"
"24.02.2020","2,254","2,318","2,318","2,247","7,21M","-4,00%"
"21.02.2020","2,348","2,377","2,379","2,346","3,58M","-1,14%"
"20.02.2020","2,375","2,406","2,421","2,375","4,30M","-1,17%"
"19.02.2020","2,403","2,388","2,405","2,365","3,15M","0,92%"
"18.02.2020","2,381","2,383","2,396","2,371","2,16M","-0,29%"
"17.02.2020","2,388","2,420","2,425","2,388","2,56M","-1,28%"
"14.02.2020","2,419","2,423","2,429","2,414","2,69M","-0,04%"
"13.02.2020","2,420","2,423","2,436","2,385","2,93M","-0,58%"
"12.02.2020","2,434","2,421","2,445","2,398","4,28M","1,25%"
"11.02.2020","2,404","2,400","2,412","2,372","3,04M","0,80%"
"10.02.2020","2,385","2,390","2,401","2,379","2,42M","-0,33%"
"07.02.2020","2,393","2,383","2,397","2,369","2,57M","0,46%"
"06.02.2020","2,382","2,397","2,420","2,382","4,21M","-0,38%"
"05.02.2020","2,391","2,347","2,392","2,347","3,46M","1,66%"
"04.02.2020","2,352","2,325","2,364","2,325","3,43M","1,20%"
"03.02.2020","2,324","2,320","2,336","2,310","2,32M","0,52%"
"31.01.2020","2,312","2,370","2,370","2,312","5,42M","-1,95%"
"30.01.2020","2,358","2,362","2,373","2,350","2,29M","-0,92%"
"29.01.2020","2,380","2,368","2,392","2,365","3,28M","0,21%"
"28.01.2020","2,375","2,354","2,378","2,341","2,04M","1,45%"
"27.01.2020","2,341","2,365","2,370","2,340","5,04M","-2,05%"
"24.01.2020","2,390","2,383","2,410","2,380","2,10M","0,93%"
"23.01.2020","2,368","2,411","2,418","2,362","2,85M","-1,78%"
"22.01.2020","2,411","2,422","2,432","2,409","4,65M","-0,45%"
"21.01.2020","2,422","2,400","2,422","2,397","4,62M","0,33%"
"20.01.2020","2,414","2,424","2,440","2,414","1,42M","-0,41%"
"17.01.2020","2,424","2,398","2,434","2,396","4,77M","1,34%"
"16.01.2020","2,392","2,384","2,402","2,361","3,11M","0,34%"
"15.01.2020","2,384","2,405","2,410","2,357","5,15M","-1,45%"
"14.01.2020","2,419","2,416","2,419","2,387","5,64M","0,50%"
"13.01.2020","2,407","2,403","2,429","2,395","2,33M","0,29%"
"10.01.2020","2,400","2,418","2,418","2,397","2,60M","-0,54%"
"09.01.2020","2,413","2,417","2,424","2,394","2,41M","0,54%"
"08.01.2020","2,400","2,394","2,412","2,381","2,60M","0,00%"
"07.01.2020","2,400","2,407","2,425","2,396","5,87M","-0,08%"
"06.01.2020","2,402","2,380","2,402","2,356","3,09M","0,21%"
"03.01.2020","2,397","2,402","2,403","2,367","3,44M","-0,70%"
"02.01.2020","2,414","2,403","2,419","2,385","5,08M","2,29%"
"31.12.2019","2,360","2,382","2,402","2,360","1,88M","-1,38%"
"30.12.2019","2,393","2,409","2,420","2,393","2,63M","-1,12%"
"27.12.2019","2,420","2,405","2,420","2,402","12,66M","0,79%"
"24.12.2019","2,401","2,420","2,420","2,401","951,80K","-0,95%"
"23.12.2019","2,424","2,423","2,431","2,400","25,11M","-0,21%"
"20.12.2019","2,429","2,369","2,429","2,362","31,04M","2,97%"
"19.12.2019","2,359","2,430","2,430","2,359","28,41M","-4,34%"
"18.12.2019","2,466","2,462","2,482","2,460","3,99M","0,04%"
"17.12.2019","2,465","2,476","2,497","2,461","5,97M","-0,24%"
"16.12.2019","2,471","2,560","2,564","2,446","10,31M","-3,74%"
"13.12.2019","2,567","2,600","2,617","2,567","13,17M","0,04%"
"12.12.2019","2,566","2,552","2,573","2,503","4,05M","0,63%"
"11.12.2019","2,550","2,574","2,574","2,550","3,38M","-0,78%"
"10.12.2019","2,570","2,596","2,599","2,554","11,95M","-0,96%"
"09.12.2019","2,595","2,595","2,614","2,580","14,01M","0,00%"
"06.12.2019","2,595","2,534","2,595","2,530","27,23M","2,73%"
"05.12.2019","2,526","2,531","2,558","2,522","24,06M","-0,32%"
"04.12.2019","2,534","2,472","2,534","2,472","3,00M","2,18%"
"03.12.2019","2,480","2,549","2,554","2,480","4,87M","-2,36%"
"02.12.2019","2,540","2,575","2,582","2,540","3,51M","-0,74%"
"29.11.2019","2,559","2,559","2,579","2,552","3,73M","-0,70%"
"28.11.2019","2,577","2,552","2,577","2,552","1,84M","0,59%"
"27.11.2019","2,562","2,527","2,573","2,524","4,51M","1,67%"
"26.11.2019","2,520","2,507","2,522","2,500","7,79M","0,44%"
"25.11.2019","2,509","2,518","2,528","2,507","2,75M","0,36%"
"22.11.2019","2,500","2,499","2,525","2,497","3,32M","0,77%"
"21.11.2019","2,481","2,498","2,498","2,474","3,10M","-0,76%"
"20.11.2019","2,500","2,508","2,508","2,476","3,78M","-0,79%"
"19.11.2019","2,520","2,520","2,567","2,518","8,42M","0,12%"
"18.11.2019","2,517","2,530","2,542","2,512","1,78M","-0,51%"
"15.11.2019","2,530","2,520","2,539","2,514","2,70M","0,44%"
"14.11.2019","2,519","2,523","2,530","2,500","3,81M","-0,04%"
"13.11.2019","2,520","2,571","2,571","2,509","4,28M","-2,29%"
"12.11.2019","2,579","2,584","2,589","2,566","3,77M","0,12%"
"11.11.2019","2,576","2,563","2,586","2,548","3,69M","0,39%"
"08.11.2019","2,566","2,566","2,593","2,556","2,34M","-0,39%"
"07.11.2019","2,576","2,545","2,578","2,540","3,31M","1,38%"
"06.11.2019","2,541","2,550","2,568","2,541","2,41M","-0,59%"
"05.11.2019","2,556","2,550","2,566","2,543","3,40M","0,27%"
"04.11.2019","2,549","2,537","2,557","2,536","2,96M","0,71%"
"01.11.2019","2,531","2,515","2,543","2,497","2,80M","1,24%"
"31.10.2019","2,500","2,598","2,598","2,455","7,05M","-4,51%"
"30.10.2019","2,618","2,637","2,637","2,602","2,64M","-0,68%"
"29.10.2019","2,636","2,614","2,639","2,603","3,13M","0,61%"
"28.10.2019","2,620","2,585","2,622","2,585","2,78M","1,08%"
"25.10.2019","2,592","2,591","2,606","2,577","2,53M","-0,54%"
"24.10.2019","2,606","2,600","2,618","2,592","3,20M","0,46%"
"23.10.2019","2,594","2,565","2,597","2,560","1,92M","0,58%"
"22.10.2019","2,579","2,568","2,587","2,555","2,88M","0,04%"
"21.10.2019","2,578","2,546","2,584","2,544","4,94M","1,18%"
"18.10.2019","2,548","2,529","2,550","2,520","3,72M","0,55%"
"17.10.2019","2,534","2,517","2,572","2,517","4,71M","0,28%"
"16.10.2019","2,527","2,503","2,527","2,493","3,10M","0,64%"
"15.10.2019","2,511","2,480","2,511","2,478","2,87M","1,58%"
"14.10.2019","2,472","2,472","2,477","2,447","2,11M","-0,84%"
"11.10.2019","2,493","2,427","2,493","2,427","3,69M","2,55%"
"10.10.2019","2,431","2,399","2,431","2,393","3,26M","1,67%"
"09.10.2019","2,391","2,390","2,408","2,382","4,62M","0,13%"
"08.10.2019","2,388","2,430","2,432","2,388","4,87M","-1,61%"
"07.10.2019","2,427","2,400","2,433","2,386","3,32M","1,51%"
"04.10.2019","2,391","2,402","2,402","2,377","3,57M","0,13%"
"03.10.2019","2,388","2,412","2,412","2,372","6,84M","-1,16%"
"02.10.2019","2,416","2,446","2,452","2,416","3,60M","-1,83%"
"01.10.2019","2,461","2,478","2,491","2,450","2,78M","-0,40%"
"30.09.2019","2,471","2,462","2,484","2,462","4,15M","-0,16%"
"27.09.2019","2,475","2,464","2,475","2,447","2,51M","0,57%"
"26.09.2019","2,461","2,449","2,474","2,449","2,82M","0,29%"
"25.09.2019","2,454","2,477","2,488","2,430","4,10M","-1,05%"
"24.09.2019","2,480","2,499","2,499","2,462","4,72M","-0,24%"
"23.09.2019","2,486","2,482","2,495","2,461","4,22M","-0,40%"
"20.09.2019","2,496","2,483","2,511","2,483","7,83M","-0,12%"
"19.09.2019","2,499","2,468","2,502","2,459","2,83M","1,30%"
"18.09.2019","2,467","2,490","2,499","2,462","5,57M","-0,80%"
"17.09.2019","2,487","2,502","2,508","2,454","5,67M","-1,19%"
"16.09.2019","2,517","2,545","2,551","2,479","4,50M","-2,33%"
"13.09.2019","2,577","2,536","2,577","2,523","3,27M","1,62%"
"12.09.2019","2,536","2,550","2,550","2,507","5,25M","-0,20%"
"11.09.2019","2,541","2,540","2,562","2,519","4,10M","0,47%"
"10.09.2019","2,529","2,490","2,536","2,486","3,42M","1,44%"
"09.09.2019","2,493","2,466","2,501","2,466","3,75M","1,18%"
"06.09.2019","2,464","2,436","2,464","2,431","2,61M","0,98%"
"05.09.2019","2,440","2,415","2,445","2,415","3,88M","1,71%"
"04.09.2019","2,399","2,403","2,439","2,395","3,39M","0,46%"
"03.09.2019","2,388","2,394","2,408","2,384","3,87M","-0,17%"
"02.09.2019","2,392","2,368","2,400","2,368","2,77M","1,01%"
"30.08.2019","2,368","2,395","2,401","2,358","4,04M","-1,33%"
"29.08.2019","2,400","2,386","2,408","2,382","1,97M","0,25%"
"28.08.2019","2,394","2,415","2,415","2,378","4,81M","-0,99%"
"27.08.2019","2,418","2,393","2,418","2,376","4,12M","0,92%"
"26.08.2019","2,396","2,385","2,406","2,378","1,19M","0,29%"
"23.08.2019","2,389","2,400","2,405","2,379","4,36M","-0,21%"
"22.08.2019","2,394","2,362","2,394","2,360","4,31M","0,67%"
"21.08.2019","2,378","2,363","2,385","2,362","2,05M","0,72%"
"20.08.2019","2,361","2,380","2,380","2,352","2,75M","-0,92%"
"19.08.2019","2,383","2,373","2,394","2,365","2,58M","0,97%"
"16.08.2019","2,360","2,328","2,365","2,328","2,96M","1,20%"
"15.08.2019","2,332","2,352","2,352","2,310","2,64M","0,00%"
"14.08.2019","2,332","2,391","2,402","2,325","3,86M","-2,59%"
"13.08.2019","2,394","2,385","2,422","2,367","3,75M","-0,04%"
"12.08.2019","2,395","2,434","2,440","2,389","3,53M","-0,54%"
"09.08.2019","2,408","2,450","2,456","2,408","8,50M","-1,71%"
"08.08.2019","2,450","2,420","2,450","2,415","3,16M","2,30%"
"07.08.2019","2,395","2,412","2,428","2,385","4,63M","-0,13%"
"06.08.2019","2,398","2,431","2,445","2,398","4,21M","-1,52%"
"05.08.2019","2,435","2,432","2,452","2,408","4,80M","-0,41%"
"02.08.2019","2,445","2,453","2,476","2,426","4,51M","-1,69%"
"01.08.2019","2,487","2,484","2,499","2,473","3,17M","-0,24%"
"31.07.2019","2,493","2,501","2,516","2,480","4,82M","-0,20%"
"30.07.2019","2,498","2,567","2,567","2,493","4,48M","-2,57%"
"29.07.2019","2,564","2,589","2,595","2,537","6,18M","-1,23%"
"26.07.2019","2,596","2,630","2,630","2,581","3,98M","-1,48%"
"25.07.2019","2,635","2,730","2,739","2,635","4,38M","-2,98%"
"24.07.2019","2,716","2,718","2,727","2,709","3,37M","-0,26%"
"23.07.2019","2,723","2,714","2,741","2,709","4,05M","0,89%"
"22.07.2019","2,699","2,729","2,731","2,695","2,48M","-1,17%"
"19.07.2019","2,731","2,728","2,743","2,708","3,06M","0,18%"
"18.07.2019","2,726","2,705","2,737","2,701","2,69M","0,11%"
"17.07.2019","2,723","2,709","2,740","2,687","3,73M","0,67%"
"16.07.2019","2,705","2,706","2,715","2,690","4,14M","0,19%"
"15.07.2019","2,700","2,680","2,716","2,680","4,77M","0,75%"
"12.07.2019","2,680","2,682","2,698","2,670","3,03M","-0,33%"
"11.07.2019","2,689","2,684","2,694","2,671","2,05M","0,71%"
"10.07.2019","2,670","2,678","2,699","2,669","2,34M","-0,41%"
"09.07.2019","2,681","2,665","2,681","2,648","2,46M","0,19%"
"08.07.2019","2,676","2,680","2,686","2,662","3,18M","-0,15%"
"05.07.2019","2,680","2,688","2,696","2,668","4,19M","-0,11%"
"04.07.2019","2,683","2,670","2,695","2,668","1,99M","0,79%"
"03.07.2019","2,662","2,648","2,669","2,638","3,22M","0,68%"
"02.07.2019","2,644","2,620","2,644","2,610","3,86M","1,34%"
"01.07.2019","2,609","2,600","2,623","2,595","16,07M","1,48%"
"28.06.2019","2,571","2,580","2,583","2,551","7,20M","-0,46%"
"27.06.2019","2,583","2,640","2,642","2,577","4,38M","-1,45%"
"26.06.2019","2,621","2,630","2,653","2,620","24,10M","-0,53%"
"25.06.2019","2,635","2,637","2,642","2,619","4,00M","-0,08%"
"24.06.2019","2,637","2,642","2,657","2,625","2,80M","0,38%"
"21.06.2019","2,627","2,630","2,659","2,603","8,03M","-2,88%"
"20.06.2019","2,705","2,748","2,749","2,703","6,18M","-0,84%"
"19.06.2019","2,728","2,680","2,731","2,675","6,21M","1,75%"
"18.06.2019","2,681","2,643","2,685","2,623","3,62M","1,44%"
"17.06.2019","2,643","2,651","2,663","2,641","14,52M","0,23%"
"14.06.2019","2,637","2,661","2,662","2,630","6,25M","-0,94%"
"13.06.2019","2,662","2,664","2,679","2,655","4,27M","-0,22%"
"12.06.2019","2,668","2,671","2,680","2,661","22,69M","-0,63%"
"11.06.2019","2,685","2,675","2,696","2,675","2,87M","0,52%"
"10.06.2019","2,671","2,680","2,684","2,662","1,47M","0,19%"
"07.06.2019","2,666","2,649","2,668","2,640","2,65M","1,29%"
"06.06.2019","2,632","2,640","2,655","2,623","3,15M","-0,19%"
"05.06.2019","2,637","2,669","2,669","2,627","5,84M","-0,75%"
"04.06.2019","2,657","2,596","2,662","2,590","5,10M","1,88%"
"03.06.2019","2,608","2,603","2,613","2,586","3,16M","-0,76%"
"31.05.2019","2,628","2,629","2,636","2,608","3,95M","-0,98%"
"30.05.2019","2,654","2,632","2,660","2,614","1,67M","1,57%"
"29.05.2019","2,613","2,656","2,662","2,613","4,91M","-1,99%"
"28.05.2019","2,666","2,665","2,681","2,654","5,78M","-0,34%"
"27.05.2019","2,675","2,661","2,686","2,657","1,07M","0,79%"
"24.05.2019","2,654","2,634","2,654","2,620","3,05M","1,80%"
"23.05.2019","2,607","2,643","2,656","2,607","2,85M","-1,84%"
"22.05.2019","2,656","2,655","2,670","2,641","3,05M","-0,23%"
"21.05.2019","2,662","2,650","2,671","2,632","2,93M","0,64%"
"20.05.2019","2,645","2,688","2,690","2,618","4,70M","-1,23%"
"17.05.2019","2,678","2,692","2,692","2,639","5,27M","-0,52%"
"16.05.2019","2,692","2,637","2,696","2,625","4,92M","2,20%"
"15.05.2019","2,634","2,620","2,634","2,599","2,78M","0,57%"
"14.05.2019","2,619","2,579","2,619","2,577","3,66M","1,67%"
"13.05.2019","2,576","2,628","2,629","2,576","2,78M","-1,68%"
"10.05.2019","2,620","2,616","2,637","2,608","2,02M","0,69%"
"09.05.2019","2,602","2,640","2,640","2,591","4,31M","-1,63%"
"08.05.2019","2,645","2,670","2,670","2,622","3,67M","-0,04%"
"07.05.2019","2,646","2,673","2,700","2,638","4,47M","0,72%"
"06.05.2019","2,627","2,630","2,639","2,602","2,50M","-1,87%"
"03.05.2019","2,677","2,684","2,690","2,664","2,54M","-0,56%"
"02.05.2019","2,692","2,670","2,726","2,660","4,64M","0,64%"
"30.04.2019","2,675","2,660","2,690","2,632","6,14M","0,34%"
"29.04.2019","2,666","2,616","2,666","2,612","4,47M","1,29%"
"26.04.2019","2,632","2,636","2,636","2,610","2,31M","0,38%"
"25.04.2019","2,622","2,606","2,623","2,593","4,31M","0,34%"
"24.04.2019","2,613","2,650","2,652","2,613","4,18M","-1,88%"
"23.04.2019","2,663","2,690","2,690","2,631","3,90M","-0,22%"
"18.04.2019","2,669","2,660","2,677","2,637","2,45M","0,57%"
"17.04.2019","2,654","2,615","2,682","2,615","6,18M","1,57%"
"16.04.2019","2,613","2,600","2,618","2,594","3,88M","0,50%"
"15.04.2019","2,600","2,590","2,609","2,587","5,31M","0,31%"
"12.04.2019","2,592","2,581","2,593","2,551","4,12M","0,70%"
"11.04.2019","2,574","2,564","2,590","2,546","4,50M","0,86%"
"10.04.2019","2,552","2,552","2,562","2,541","4,16M","-0,04%"
"09.04.2019","2,553","2,569","2,596","2,553","3,77M","-0,78%"
"08.04.2019","2,573","2,592","2,598","2,569","3,43M","-0,62%"
"05.04.2019","2,589","2,583","2,600","2,581","5,63M","0,27%"
"04.04.2019","2,582","2,568","2,592","2,562","5,19M","0,43%"
"03.04.2019","2,571","2,540","2,571","2,540","4,16M","1,74%"
"02.04.2019","2,527","2,497","2,527","2,497","4,29M","1,16%"
"01.04.2019","2,498","2,470","2,499","2,468","3,92M","1,71%"
"29.03.2019","2,456","2,444","2,466","2,441","4,80M","1,03%"
"28.03.2019","2,431","2,445","2,460","2,429","3,12M","-0,65%"
"27.03.2019","2,447","2,449","2,473","2,433","4,46M","0,41%"
"26.03.2019","2,437","2,486","2,487","2,435","4,63M","-1,61%"
"25.03.2019","2,477","2,490","2,507","2,475","6,23M","-0,60%"
"22.03.2019","2,492","2,534","2,544","2,492","5,72M","-1,46%"
"21.03.2019","2,529","2,525","2,538","2,509","2,52M","-0,20%"
"20.03.2019","2,534","2,585","2,596","2,534","3,58M","-2,16%"
"19.03.2019","2,590","2,555","2,592","2,551","4,91M","1,65%"
"18.03.2019","2,548","2,520","2,566","2,518","5,14M","1,23%"
"15.03.2019","2,517","2,483","2,517","2,483","8,32M","1,45%"
"14.03.2019","2,481","2,463","2,500","2,463","5,77M","0,73%"
"13.03.2019","2,463","2,450","2,473","2,442","4,96M","0,98%"
"12.03.2019","2,439","2,439","2,450","2,422","2,42M","0,45%"
"11.03.2019","2,428","2,450","2,454","2,425","2,96M","-0,49%"
"08.03.2019","2,440","2,456","2,459","2,429","3,11M","-1,05%"
"07.03.2019","2,466","2,499","2,511","2,465","3,43M","-1,40%"
"06.03.2019","2,501","2,481","2,512","2,471","4,35M","0,85%"
"05.03.2019","2,480","2,496","2,501","2,471","2,83M","-0,64%"
"04.03.2019","2,496","2,501","2,515","2,495","2,58M","0,04%"
"01.03.2019","2,495","2,493","2,511","2,487","4,72M","0,44%"
"28.02.2019","2,484","2,460","2,494","2,453","5,88M","0,69%"
"27.02.2019","2,467","2,475","2,481","2,462","3,30M","-0,44%"
"26.02.2019","2,478","2,474","2,490","2,457","3,01M","-0,12%"
"25.02.2019","2,481","2,494","2,500","2,467","3,24M","-0,32%"
"22.02.2019","2,489","2,473","2,490","2,470","2,76M","0,61%"
"21.02.2019","2,474","2,478","2,490","2,473","2,74M","-0,04%"
"20.02.2019","2,475","2,457","2,483","2,451","2,70M","0,77%"
"19.02.2019","2,456","2,441","2,456","2,430","4,12M","0,74%"
"18.02.2019","2,438","2,460","2,464","2,435","2,52M","-0,49%"
"15.02.2019","2,450","2,410","2,471","2,390","4,04M","1,70%"
"14.02.2019","2,409","2,425","2,449","2,408","4,66M","-0,66%"
"13.02.2019","2,425","2,389","2,425","2,389","4,89M","1,51%"
"12.02.2019","2,389","2,396","2,406","2,384","2,66M","0,21%"
"11.02.2019","2,384","2,370","2,404","2,360","4,51M","-0,83%"
"08.02.2019","2,404","2,400","2,415","2,385","4,73M","0,17%"
"07.02.2019","2,400","2,471","2,477","2,380","5,44M","-2,99%"
"06.02.2019","2,474","2,479","2,487","2,470","3,11M","-0,12%"
"05.02.2019","2,477","2,469","2,483","2,453","3,74M","0,65%"
"04.02.2019","2,461","2,467","2,477","2,445","4,26M","-0,24%"
"01.02.2019","2,467","2,439","2,473","2,432","3,37M","1,61%"
"31.01.2019","2,428","2,482","2,489","2,421","4,76M","-2,14%"
"30.01.2019","2,481","2,477","2,481","2,461","2,15M","0,08%"
"29.01.2019","2,479","2,470","2,494","2,464","3,01M","0,00%"
"28.01.2019","2,479","2,486","2,492","2,467","2,85M","-0,40%"
"25.01.2019","2,489","2,515","2,520","2,489","3,22M","-0,48%"
"24.01.2019","2,501","2,480","2,506","2,472","4,91M","1,13%"
"23.01.2019","2,473","2,449","2,480","2,438","3,86M","0,94%"
"22.01.2019","2,450","2,471","2,485","2,440","5,06M","-1,01%"
"21.01.2019","2,475","2,470","2,478","2,455","2,83M","0,45%"
"18.01.2019","2,464","2,459","2,474","2,448","4,36M","1,07%"
"17.01.2019","2,438","2,445","2,465","2,432","5,71M","-0,85%"
"16.01.2019","2,459","2,440","2,459","2,440","4,11M","0,86%"
"15.01.2019","2,438","2,444","2,457","2,423","3,21M","0,58%"
"14.01.2019","2,424","2,415","2,424","2,387","4,28M","0,41%"
"11.01.2019","2,414","2,395","2,427","2,392","5,83M","1,09%"
"10.01.2019","2,388","2,349","2,388","2,343","3,49M","1,36%"
"09.01.2019","2,356","2,375","2,385","2,345","4,03M","-0,46%"
"08.01.2019","2,367","2,358","2,373","2,333","5,60M","-0,13%"
"07.01.2019","2,370","2,380","2,398","2,364","2,92M","-0,04%"
"04.01.2019","2,371","2,320","2,373","2,312","3,94M","2,82%"
"03.01.2019","2,306","2,292","2,318","2,281","4,97M","0,48%"
"02.01.2019","2,295","2,310","2,319","2,252","4,01M","-1,08%"
"31.12.2018","2,320","2,349","2,361","2,315","1,89M","-1,28%"
"28.12.2018","2,350","2,300","2,351","2,295","3,26M","2,53%"
"27.12.2018","2,292","2,323","2,354","2,267","5,53M","-0,65%"
"24.12.2018","2,307","2,321","2,338","2,306","1,50M","-1,49%"
"21.12.2018","2,342","2,355","2,361","2,321","8,58M","-0,89%"
"20.12.2018","2,363","2,334","2,365","2,326","5,36M","0,00%"
"19.12.2018","2,363","2,352","2,373","2,343","3,56M","0,55%"
"18.12.2018","2,350","2,353","2,369","2,336","7,31M","-1,80%"
"17.12.2018","2,393","2,376","2,404","2,372","3,93M","0,50%"
"14.12.2018","2,381","2,388","2,399","2,353","4,65M","-0,46%"
"13.12.2018","2,392","2,423","2,430","2,383","5,08M","-0,87%"
"12.12.2018","2,413","2,397","2,430","2,397","4,87M","0,96%"
"11.12.2018","2,390","2,380","2,415","2,362","3,26M","1,06%"
"10.12.2018","2,365","2,404","2,410","2,360","3,77M","-1,79%"
"07.12.2018","2,408","2,440","2,453","2,408","4,02M","-0,70%"
"06.12.2018","2,425","2,478","2,481","2,410","5,46M","-2,41%"
"05.12.2018","2,485","2,491","2,510","2,478","3,64M","-0,72%"
"04.12.2018","2,503","2,533","2,544","2,502","5,93M","-1,18%"
"03.12.2018","2,533","2,559","2,565","2,533","4,33M","0,32%"
"30.11.2018","2,525","2,524","2,533","2,496","6,66M","0,04%"
"29.11.2018","2,524","2,528","2,540","2,505","3,67M","0,36%"
"28.11.2018","2,515","2,534","2,545","2,508","2,84M","-0,67%"
"27.11.2018","2,532","2,545","2,556","2,525","2,75M","-0,31%"
"26.11.2018","2,540","2,510","2,550","2,502","2,79M","1,80%"
"23.11.2018","2,495","2,481","2,504","2,472","2,33M","0,56%"
"22.11.2018","2,481","2,510","2,510","2,480","2,21M","-1,23%"
"21.11.2018","2,512","2,505","2,523","2,496","2,35M","0,84%"
"20.11.2018","2,491","2,535","2,537","2,480","5,16M","-1,66%"
"19.11.2018","2,533","2,541","2,566","2,531","2,67M","-0,28%"
"16.11.2018","2,540","2,559","2,564","2,532","3,61M","-0,31%"
"15.11.2018","2,548","2,565","2,586","2,522","4,92M","-0,47%"
"14.11.2018","2,560","2,552","2,578","2,523","3,65M","-0,35%"
"13.11.2018","2,569","2,559","2,569","2,540","3,67M","0,55%"
"12.11.2018","2,555","2,552","2,576","2,543","2,75M","0,27%"
"09.11.2018","2,548","2,570","2,570","2,522","5,13M","-0,08%"
"08.11.2018","2,550","2,630","2,632","2,532","6,61M","-3,26%"
"07.11.2018","2,636","2,629","2,661","2,629","3,62M","0,73%"
"06.11.2018","2,617","2,640","2,646","2,599","2,70M","-1,13%"
"05.11.2018","2,647","2,640","2,673","2,634","2,89M","0,11%"
"02.11.2018","2,644","2,652","2,669","2,634","5,91M","0,92%"
"01.11.2018","2,620","2,643","2,656","2,609","2,57M","-0,91%"
"31.10.2018","2,644","2,620","2,662","2,602","7,53M","1,50%"
"30.10.2018","2,605","2,563","2,620","2,550","4,34M","2,04%"
"29.10.2018","2,553","2,519","2,585","2,519","3,82M","1,92%"
"26.10.2018","2,505","2,508","2,514","2,472","4,30M","-0,99%"
"25.10.2018","2,530","2,505","2,558","2,505","4,55M","0,64%"
"24.10.2018","2,514","2,517","2,560","2,506","6,18M","0,08%"
"23.10.2018","2,512","2,506","2,524","2,477","4,84M","-0,51%"
"22.10.2018","2,525","2,571","2,584","2,517","3,41M","-0,47%"
"19.10.2018","2,537","2,571","2,581","2,503","5,81M","-1,67%"
"18.10.2018","2,580","2,573","2,621","2,572","3,56M","0,00%"
"17.10.2018","2,580","2,616","2,621","2,577","2,55M","-0,73%"
"16.10.2018","2,599","2,578","2,599","2,561","2,61M","0,97%"
"15.10.2018","2,574","2,564","2,586","2,550","2,59M","-0,16%"
"12.10.2018","2,578","2,620","2,628","2,576","3,63M","-0,46%"
"11.10.2018","2,590","2,654","2,660","2,590","4,12M","-3,93%"
"10.10.2018","2,696","2,698","2,737","2,687","4,93M","0,19%"
"09.10.2018","2,691","2,663","2,696","2,653","4,02M","1,51%"
"08.10.2018","2,651","2,650","2,661","2,642","2,74M","-0,11%"
"05.10.2018","2,654","2,674","2,680","2,653","2,64M","-0,71%"
"04.10.2018","2,673","2,627","2,694","2,627","3,04M","1,56%"
"03.10.2018","2,632","2,601","2,646","2,600","2,81M","1,43%"
"02.10.2018","2,595","2,669","2,673","2,581","7,59M","-3,17%"
"01.10.2018","2,680","2,709","2,728","2,680","3,69M","-0,81%"
"28.09.2018","2,702","2,726","2,733","2,653","5,11M","-1,67%"
"27.09.2018","2,748","2,712","2,767","2,691","4,58M","0,88%"
"26.09.2018","2,724","2,701","2,724","2,691","3,83M","1,04%"
"25.09.2018","2,696","2,670","2,710","2,670","2,62M","0,94%"
"24.09.2018","2,671","2,659","2,689","2,659","3,67M","0,34%"
"21.09.2018","2,662","2,632","2,691","2,632","8,79M","1,53%"
"20.09.2018","2,622","2,590","2,634","2,590","4,16M","1,24%"
"19.09.2018","2,590","2,560","2,593","2,560","3,68M","1,29%"
"18.09.2018","2,557","2,539","2,559","2,532","3,06M","0,71%"
"17.09.2018","2,539","2,539","2,565","2,531","2,68M","0,04%"
"14.09.2018","2,538","2,540","2,551","2,531","2,42M","0,04%"
"13.09.2018","2,537","2,538","2,573","2,537","2,81M","-0,08%"
"12.09.2018","2,539","2,555","2,555","2,526","2,34M","-0,35%"
"11.09.2018","2,548","2,540","2,549","2,510","3,43M","0,24%"
"10.09.2018","2,542","2,500","2,548","2,492","4,55M","1,68%"
"07.09.2018","2,500","2,551","2,551","2,500","3,32M","-1,57%"
"06.09.2018","2,540","2,541","2,558","2,526","2,28M","-0,39%"
"05.09.2018","2,550","2,533","2,570","2,527","3,07M","0,51%"
"04.09.2018","2,537","2,538","2,548","2,513","3,22M","0,04%"
"03.09.2018","2,536","2,540","2,549","2,534","2,78M","-0,12%"
"31.08.2018","2,539","2,580","2,580","2,530","5,93M","-1,51%"
"30.08.2018","2,578","2,573","2,588","2,562","3,42M","0,16%"
"29.08.2018","2,574","2,586","2,592","2,556","3,25M","-0,19%"
"28.08.2018","2,579","2,601","2,612","2,572","3,56M","-0,92%"
"27.08.2018","2,603","2,570","2,604","2,562","2,07M","1,21%"
"24.08.2018","2,572","2,580","2,602","2,564","2,81M","-0,43%"
"23.08.2018","2,583","2,590","2,594","2,570","3,65M","-0,23%"
"22.08.2018","2,589","2,560","2,591","2,554","2,90M","0,90%"
"21.08.2018","2,566","2,528","2,581","2,522","3,71M","1,54%"
"20.08.2018","2,527","2,539","2,561","2,525","4,13M","-0,08%"
"17.08.2018","2,529","2,565","2,565","2,520","3,25M","-1,13%"
"16.08.2018","2,558","2,550","2,572","2,539","3,30M","0,95%"
"15.08.2018","2,534","2,600","2,600","2,524","4,12M","-2,16%"
"14.08.2018","2,590","2,620","2,633","2,574","5,18M","-0,65%"
"13.08.2018","2,607","2,628","2,630","2,603","4,85M","-1,40%"
"10.08.2018","2,644","2,670","2,681","2,631","5,18M","-1,71%"
"09.08.2018","2,690","2,672","2,695","2,655","4,67M","0,67%"
"08.08.2018","2,672","2,674","2,675","2,646","2,47M","-0,04%"
"07.08.2018","2,673","2,643","2,689","2,643","4,37M","1,29%"
"06.08.2018","2,639","2,634","2,649","2,620","3,24M","0,42%"
"03.08.2018","2,628","2,636","2,655","2,622","4,52M","0,08%"
"02.08.2018","2,626","2,665","2,671","2,620","5,56M","-1,87%"
"01.08.2018","2,676","2,686","2,690","2,667","2,72M","-0,48%"
"31.07.2018","2,689","2,664","2,695","2,658","3,74M","0,67%"
"30.07.2018","2,671","2,630","2,695","2,625","5,89M","2,45%"
"27.07.2018","2,607","2,637","2,644","2,603","5,52M","-1,25%"
"26.07.2018","2,640","2,615","2,644","2,597","4,52M","0,99%"
"25.07.2018","2,614","2,645","2,665","2,611","4,20M","-1,54%"
"24.07.2018","2,655","2,631","2,666","2,620","8,56M","1,57%"
"23.07.2018","2,614","2,590","2,614","2,574","3,68M","0,81%"
"20.07.2018","2,593","2,633","2,634","2,571","9,47M","-1,52%"
"19.07.2018","2,633","2,657","2,679","2,631","7,09M","-1,02%"
"18.07.2018","2,660","2,638","2,668","2,617","4,05M","1,06%"
"17.07.2018","2,632","2,606","2,641","2,603","7,88M","1,00%"
"16.07.2018","2,606","2,619","2,639","2,606","4,29M","-0,57%"
"13.07.2018","2,621","2,640","2,646","2,611","3,38M","-0,53%"
"12.07.2018","2,635","2,642","2,659","2,619","4,82M","0,04%"
"11.07.2018","2,634","2,662","2,662","2,620","4,09M","-1,64%"
"10.07.2018","2,678","2,680","2,689","2,651","5,36M","0,07%"
"09.07.2018","2,676","2,665","2,678","2,649","5,39M","1,13%"
"06.07.2018","2,646","2,664","2,664","2,619","7,52M","-0,71%"
"05.07.2018","2,665","2,645","2,688","2,644","5,54M","0,64%"
"04.07.2018","2,648","2,620","2,657","2,615","4,90M","0,84%"
"03.07.2018","2,626","2,585","2,628","2,569","6,00M","2,22%"
"02.07.2018","2,569","2,557","2,571","2,529","5,78M","-0,62%"
"29.06.2018","2,585","2,588","2,620","2,573","5,05M","0,70%"
"28.06.2018","2,567","2,552","2,575","2,540","3,96M","0,08%"
"27.06.2018","2,565","2,543","2,585","2,498","6,67M","0,75%"
"26.06.2018","2,546","2,572","2,581","2,538","4,70M","-0,31%"
"25.06.2018","2,554","2,590","2,590","2,551","3,52M","-1,81%"
"22.06.2018","2,601","2,548","2,601","2,542","12,15M","2,52%"
"21.06.2018","2,537","2,570","2,594","2,525","6,22M","-0,74%"
"20.06.2018","2,556","2,581","2,593","2,556","4,72M","-0,27%"
"19.06.2018","2,563","2,535","2,575","2,521","5,38M","0,12%"
"18.06.2018","2,560","2,539","2,575","2,523","5,45M","0,71%"
"15.06.2018","2,542","2,585","2,588","2,517","16,78M","-1,59%"
"14.06.2018","2,583","2,551","2,593","2,542","68,80M","1,06%"
"13.06.2018","2,556","2,580","2,583","2,552","59,67M","-1,05%"
"12.06.2018","2,583","2,591","2,612","2,570","24,49M","-2,38%"
"11.06.2018","2,646","2,634","2,659","2,619","5,29M","1,65%"
"08.06.2018","2,603","2,615","2,617","2,581","12,66M","-1,40%"
"07.06.2018","2,640","2,646","2,676","2,639","66,66M","0,46%"
"06.06.2018","2,628","2,635","2,640","2,600","62,69M","-0,04%"
"05.06.2018","2,629","2,662","2,668","2,626","12,53M","-1,24%"
"04.06.2018","2,662","2,690","2,698","2,658","6,25M","-0,08%"
"01.06.2018","2,664","2,620","2,678","2,605","8,39M","2,78%"
"31.05.2018","2,592","2,631","2,655","2,571","8,52M","-1,11%"
"30.05.2018","2,621","2,636","2,665","2,593","13,03M","-0,38%"
"29.05.2018","2,631","2,721","2,725","2,627","8,61M","-4,01%"
"28.05.2018","2,741","2,800","2,819","2,741","5,65M","-1,37%"
"25.05.2018","2,779","2,828","2,856","2,750","5,99M","-1,28%"
"24.05.2018","2,815","2,829","2,868","2,815","3,27M","-0,64%"
"23.05.2018","2,833","2,889","2,889","2,830","5,56M","-1,90%"
"22.05.2018","2,888","2,861","2,898","2,852","2,89M","1,05%"
"21.05.2018","2,858","2,912","2,912","2,858","6,33M","-1,41%"
"18.05.2018","2,899","2,910","2,914","2,889","4,36M","-0,31%"
"17.05.2018","2,908","2,892","2,908","2,878","4,03M","0,83%"
"16.05.2018","2,884","2,889","2,900","2,877","4,88M","-0,03%"
"15.05.2018","2,885","2,899","2,906","2,882","3,98M","-0,38%"
"14.05.2018","2,896","2,920","2,933","2,889","2,12M","-0,89%"
"11.05.2018","2,922","2,900","2,933","2,900","3,22M","0,65%"
"10.05.2018","2,903","2,920","2,920","2,897","2,11M","-0,24%"
"09.05.2018","2,910","2,894","2,915","2,892","2,61M","0,41%"
"08.05.2018","2,898","2,890","2,906","2,868","3,11M","0,24%"
"07.05.2018","2,891","2,913","2,920","2,890","5,15M","-0,52%"
"04.05.2018","2,906","2,906","2,920","2,889","4,08M","0,07%"
"03.05.2018","2,904","2,900","2,920","2,868","4,88M","-0,17%"
"02.05.2018","2,909","2,877","2,920","2,869","3,16M","0,87%"
"30.04.2018","2,884","2,858","2,898","2,857","4,32M","0,80%"
"27.04.2018","2,861","2,888","2,903","2,830","4,53M","-0,45%"
"26.04.2018","2,874","2,867","2,893","2,848","2,55M","0,17%"
"25.04.2018","2,869","2,880","2,886","2,845","3,82M","-1,00%"
"24.04.2018","2,898","2,883","2,906","2,862","6,05M","0,56%"
"23.04.2018","2,882","2,850","2,890","2,838","3,83M","2,13%"
"20.04.2018","2,822","2,807","2,831","2,797","2,49M","0,79%"
"19.04.2018","2,800","2,792","2,823","2,785","3,51M","0,11%"
"18.04.2018","2,797","2,805","2,810","2,786","2,46M","-0,14%"
"17.04.2018","2,801","2,779","2,809","2,772","4,08M","1,08%"
"16.04.2018","2,771","2,767","2,785","2,754","2,07M","0,11%"
"13.04.2018","2,768","2,773","2,784","2,761","2,39M","-0,04%"
"12.04.2018","2,769","2,735","2,779","2,725","2,98M","1,73%"
"11.04.2018","2,722","2,733","2,744","2,719","2,03M","-0,73%"
"10.04.2018","2,742","2,750","2,774","2,733","3,02M","0,15%"
"09.04.2018","2,738","2,759","2,778","2,733","2,87M","-0,54%"
"06.04.2018","2,753","2,724","2,767","2,718","2,93M","0,47%"
"05.04.2018","2,740","2,728","2,757","2,721","2,41M","1,59%"
"04.04.2018","2,697","2,698","2,708","2,655","3,38M","-0,11%"
"03.04.2018","2,700","2,684","2,718","2,673","3,16M","-0,04%"
"29.03.2018","2,701","2,711","2,746","2,701","2,72M","-0,04%"
"28.03.2018","2,702","2,643","2,702","2,620","2,87M","1,69%"
"27.03.2018","2,657","2,686","2,697","2,657","6,75M","0,23%"
"26.03.2018","2,651","2,653","2,667","2,631","2,71M","0,04%"
"23.03.2018","2,650","2,650","2,654","2,607","5,08M","-0,90%"
"22.03.2018","2,674","2,713","2,726","2,655","3,31M","-1,80%"
"21.03.2018","2,723","2,740","2,745","2,716","3,23M","-0,26%"
"20.03.2018","2,730","2,731","2,741","2,712","5,23M","0,33%"
"19.03.2018","2,721","2,763","2,771","2,717","2,58M","-1,56%"
"16.03.2018","2,764","2,777","2,793","2,763","5,01M","-0,50%"
"15.03.2018","2,778","2,770","2,788","2,733","4,46M","0,47%"
"14.03.2018","2,765","2,765","2,789","2,757","3,87M","0,11%"
"13.03.2018","2,762","2,780","2,794","2,748","4,29M","-0,47%"
"12.03.2018","2,775","2,741","2,776","2,737","3,44M","1,87%"
"09.03.2018","2,724","2,700","2,735","2,685","3,51M","1,00%"
"08.03.2018","2,697","2,684","2,699","2,656","3,65M","0,60%"
"07.03.2018","2,681","2,650","2,681","2,642","4,25M","0,94%"
"06.03.2018","2,656","2,675","2,685","2,656","2,99M","0,34%"
"05.03.2018","2,647","2,644","2,656","2,623","4,28M","0,00%"
"02.03.2018","2,647","2,704","2,704","2,636","5,32M","-2,68%"
"01.03.2018","2,720","2,760","2,760","2,715","5,20M","-1,81%"
"28.02.2018","2,770","2,770","2,795","2,764","4,75M","-0,29%"
"27.02.2018","2,778","2,789","2,802","2,774","3,08M","-0,11%"
"26.02.2018","2,781","2,783","2,792","2,766","5,04M","0,32%"
"23.02.2018","2,772","2,777","2,783","2,759","2,40M","0,00%"
"22.02.2018","2,772","2,758","2,780","2,753","2,51M","-0,11%"
"21.02.2018","2,775","2,767","2,781","2,751","3,82M","0,18%"
"20.02.2018","2,770","2,750","2,778","2,750","3,03M","0,80%"
"19.02.2018","2,748","2,770","2,784","2,747","3,55M","-0,25%"
"16.02.2018","2,755","2,738","2,758","2,726","6,92M","1,51%"
"15.02.2018","2,714","2,740","2,747","2,695","4,47M","0,15%"
"14.02.2018","2,710","2,743","2,760","2,701","4,54M","-0,59%"
"13.02.2018","2,726","2,733","2,742","2,713","4,56M","-0,22%"
"12.02.2018","2,732","2,751","2,765","2,730","7,90M","0,59%"
"09.02.2018","2,716","2,721","2,734","2,677","5,04M","-0,40%"
"08.02.2018","2,727","2,785","2,820","2,717","8,51M","-1,02%"
"07.02.2018","2,755","2,760","2,772","2,715","5,27M","1,66%"
"06.02.2018","2,710","2,733","2,762","2,680","6,69M","-3,87%"
"05.02.2018","2,819","2,859","2,859","2,811","4,16M","-2,02%"
"02.02.2018","2,877","2,876","2,896","2,848","3,58M","-0,07%"
"01.02.2018","2,879","2,876","2,906","2,854","3,43M","0,63%"
"31.01.2018","2,861","2,851","2,876","2,841","5,64M","0,07%"
"30.01.2018","2,859","2,909","2,918","2,844","6,71M","-2,16%"
"29.01.2018","2,922","2,936","2,939","2,920","3,60M","-0,27%"
"26.01.2018","2,930","2,933","2,955","2,906","5,87M","-0,10%"
"25.01.2018","2,933","2,899","2,950","2,898","6,41M","1,31%"
"24.01.2018","2,895","2,920","2,938","2,893","4,92M","-0,75%"
"23.01.2018","2,917","2,920","2,930","2,892","9,97M","0,38%"
"22.01.2018","2,906","2,868","2,911","2,858","3,77M","1,36%"
"19.01.2018","2,867","2,854","2,885","2,849","4,42M","0,46%"
"18.01.2018","2,854","2,848","2,869","2,841","3,37M","0,35%"
"17.01.2018","2,844","2,854","2,868","2,830","6,93M","-0,91%"
"16.01.2018","2,870","2,858","2,912","2,855","4,13M","0,38%"
"15.01.2018","2,859","2,873","2,877","2,859","2,44M","-0,21%"
"12.01.2018","2,865","2,860","2,892","2,850","4,55M","0,56%"
"11.01.2018","2,849","2,853","2,868","2,832","8,90M","-0,18%"
"10.01.2018","2,854","2,843","2,870","2,824","5,15M","0,49%"
"09.01.2018","2,840","2,797","2,857","2,797","6,82M","1,68%"
"08.01.2018","2,793","2,824","2,829","2,787","4,67M","-0,60%"
"05.01.2018","2,810","2,767","2,819","2,767","7,66M","2,14%"
"04.01.2018","2,751","2,710","2,768","2,710","4,96M","1,81%"
"03.01.2018","2,702","2,718","2,722","2,680","4,14M","-0,22%"
"02.01.2018","2,708","2,688","2,713","2,665","4,24M","1,12%"
"29.12.2017","2,678","2,685","2,690","2,661","2,69M","-0,22%"
"28.12.2017","2,684","2,696","2,698","2,671","2,19M","-0,22%"
"27.12.2017","2,690","2,684","2,700","2,680","2,03M","0,04%"
"22.12.2017","2,689","2,660","2,706","2,660","2,60M","-0,63%"
"21.12.2017","2,706","2,663","2,706","2,647","5,77M","1,58%"
"20.12.2017","2,664","2,707","2,721","2,664","6,94M","-1,77%"
"19.12.2017","2,712","2,723","2,738","2,712","6,86M","-0,59%"
"18.12.2017","2,728","2,664","2,743","2,664","9,16M","2,67%"
"15.12.2017","2,657","2,659","2,688","2,635","26,80M","-0,34%"
"14.12.2017","2,666","2,642","2,698","2,635","33,31M","0,60%"
"13.12.2017","2,650","2,671","2,678","2,650","43,79M","-0,41%"
"12.12.2017","2,661","2,666","2,680","2,652","20,86M","-1,55%"
"11.12.2017","2,703","2,732","2,732","2,671","11,09M","-0,59%"
"08.12.2017","2,719","2,730","2,755","2,715","6,26M","0,15%"
"07.12.2017","2,715","2,742","2,749","2,703","45,91M","-0,98%"
"06.12.2017","2,742","2,761","2,765","2,715","63,11M","-1,37%"
"05.12.2017","2,780","2,816","2,820","2,777","22,00M","-1,21%"
"04.12.2017","2,814","2,818","2,832","2,789","4,84M","0,93%"
"01.12.2017","2,788","2,850","2,851","2,778","9,55M","-1,34%"
"30.11.2017","2,826","2,867","2,868","2,816","8,51M","-1,05%"
"29.11.2017","2,856","2,841","2,875","2,824","13,10M","1,35%"
"28.11.2017","2,818","2,818","2,831","2,793","5,98M","0,18%"
"27.11.2017","2,813","2,755","2,838","2,755","6,91M","2,14%"
"24.11.2017","2,754","2,721","2,757","2,694","5,77M","1,03%"
"23.11.2017","2,726","2,734","2,736","2,704","3,32M","-0,44%"
"22.11.2017","2,738","2,734","2,769","2,732","4,20M","0,44%"
"21.11.2017","2,726","2,757","2,770","2,726","4,55M","-1,09%"
"20.11.2017","2,756","2,750","2,764","2,729","4,61M","-0,04%"
"17.11.2017","2,757","2,770","2,786","2,751","7,49M","-0,18%"
"16.11.2017","2,762","2,753","2,776","2,724","6,48M","0,99%"
"15.11.2017","2,735","2,688","2,740","2,662","5,69M","1,07%"
"14.11.2017","2,706","2,709","2,722","2,673","5,82M","0,04%"
"13.11.2017","2,705","2,725","2,725","2,690","5,75M","-0,62%"
"10.11.2017","2,722","2,731","2,744","2,706","7,79M","-0,37%"
"09.11.2017","2,732","2,682","2,753","2,682","9,55M","1,90%"
"08.11.2017","2,681","2,702","2,702","2,658","9,53M","-0,59%"
"07.11.2017","2,697","2,736","2,760","2,690","5,75M","-0,95%"
"06.11.2017","2,723","2,745","2,760","2,709","4,70M","-0,55%"
"03.11.2017","2,738","2,808","2,808","2,731","4,95M","-2,49%"
"02.11.2017","2,808","2,810","2,829","2,801","4,66M","-0,14%"
"01.11.2017","2,812","2,826","2,850","2,812","6,93M","0,11%"
"31.10.2017","2,809","2,800","2,846","2,747","8,03M","1,26%"
"30.10.2017","2,774","2,736","2,825","2,728","9,19M","3,31%"
"27.10.2017","2,685","2,763","2,770","2,670","6,71M","-2,47%"
"26.10.2017","2,753","2,660","2,828","2,640","12,34M","3,42%"
"25.10.2017","2,662","2,698","2,702","2,661","5,94M","-1,77%"
"24.10.2017","2,710","2,651","2,733","2,650","9,19M","2,19%"
"23.10.2017","2,652","2,679","2,691","2,652","4,11M","-1,41%"
"20.10.2017","2,690","2,663","2,698","2,660","4,13M","0,98%"
"19.10.2017","2,664","2,650","2,689","2,650","5,40M","0,34%"
"18.10.2017","2,655","2,621","2,665","2,621","9,36M","1,07%"
"17.10.2017","2,627","2,644","2,669","2,623","5,88M","-0,68%"
"16.10.2017","2,645","2,650","2,651","2,624","3,98M","0,15%"
"13.10.2017","2,641","2,667","2,692","2,641","5,47M","-1,09%"
"12.10.2017","2,670","2,733","2,737","2,670","7,18M","-2,20%"
"11.10.2017","2,730","2,779","2,790","2,730","10,66M","-0,62%"
"10.10.2017","2,747","2,726","2,747","2,709","4,60M","0,26%"
"09.10.2017","2,740","2,768","2,795","2,726","7,19M","-0,90%"
"06.10.2017","2,765","2,760","2,765","2,727","4,07M","0,51%"
"05.10.2017","2,751","2,680","2,755","2,667","6,40M","2,76%"
"04.10.2017","2,677","2,690","2,691","2,647","8,97M","-0,52%"
"03.10.2017","2,691","2,715","2,729","2,675","4,76M","-1,14%"
"02.10.2017","2,722","2,730","2,740","2,703","4,64M","-1,16%"
"29.09.2017","2,754","2,745","2,764","2,726","6,39M","0,66%"
"28.09.2017","2,736","2,770","2,770","2,727","8,92M","-3,01%"
"27.09.2017","2,821","2,714","2,827","2,711","6,72M","5,18%"
"26.09.2017","2,682","2,750","2,750","2,675","7,81M","-2,58%"
"25.09.2017","2,753","2,826","2,840","2,753","5,36M","-3,17%"
"22.09.2017","2,843","2,817","2,851","2,807","2,72M","0,85%"
"21.09.2017","2,819","2,860","2,885","2,819","3,70M","-0,98%"
"20.09.2017","2,847","2,869","2,885","2,839","4,71M","-1,18%"
"19.09.2017","2,881","2,884","2,900","2,875","4,57M","-0,03%"
"18.09.2017","2,882","2,895","2,913","2,880","3,40M","0,31%"
"15.09.2017","2,873","2,890","2,905","2,864","4,30M","-0,79%"
"14.09.2017","2,896","2,920","2,920","2,884","3,03M","-0,82%"
"13.09.2017","2,920","2,934","2,949","2,920","4,06M","-0,68%"
"12.09.2017","2,940","2,920","2,955","2,911","9,27M","0,89%"
"11.09.2017","2,914","2,852","2,916","2,850","3,80M","3,15%"
"08.09.2017","2,825","2,843","2,849","2,804","4,10M","-0,88%"
"07.09.2017","2,850","2,871","2,878","2,842","3,93M","-0,28%"
"06.09.2017","2,858","2,891","2,891","2,843","4,69M","-1,55%"
"05.09.2017","2,903","2,938","2,954","2,903","2,82M","-1,46%"
"04.09.2017","2,946","2,950","2,971","2,944","1,76M","-0,81%"
"01.09.2017","2,970","2,963","2,990","2,960","2,85M","-0,10%"
"31.08.2017","2,973","2,958","2,975","2,920","7,28M","0,34%"
"30.08.2017","2,963","2,947","2,970","2,937","3,26M","1,40%"
"29.08.2017","2,922","2,969","2,969","2,905","5,61M","-2,27%"
"28.08.2017","2,990","3,021","3,022","2,990","2,14M","-1,09%"
"25.08.2017","3,023","3,042","3,045","3,020","2,24M","-0,40%"
"24.08.2017","3,035","3,026","3,044","3,017","2,51M","0,56%"
"23.08.2017","3,018","3,050","3,058","3,016","2,73M","-1,08%"
"22.08.2017","3,051","3,042","3,051","3,016","3,24M","1,09%"
"21.08.2017","3,018","3,020","3,050","3,007","3,02M","-0,30%"
"18.08.2017","3,027","3,020","3,037","3,010","3,53M","-0,53%"
"17.08.2017","3,043","3,092","3,092","3,026","8,34M","-1,78%"
"16.08.2017","3,098","3,065","3,102","3,055","3,82M","1,24%"
"15.08.2017","3,060","3,101","3,107","3,060","2,63M","-0,91%"
"14.08.2017","3,088","3,075","3,113","3,070","2,90M","0,92%"
"11.08.2017","3,060","3,090","3,090","3,032","3,67M","-1,73%"
"10.08.2017","3,114","3,145","3,155","3,101","3,68M","-0,86%"
"09.08.2017","3,141","3,155","3,178","3,096","4,60M","-1,23%"
"08.08.2017","3,180","3,167","3,198","3,165","2,42M","0,16%"
"07.08.2017","3,175","3,176","3,181","3,154","2,80M","0,25%"
"04.08.2017","3,167","3,136","3,183","3,131","3,80M","0,51%"
"03.08.2017","3,151","3,142","3,173","3,112","4,24M","0,03%"
"02.08.2017","3,150","3,175","3,187","3,146","3,79M","-0,63%"
"01.08.2017","3,170","3,173","3,194","3,158","4,05M","0,60%"
"31.07.2017","3,151","3,178","3,190","3,122","5,25M","-1,07%"
"28.07.2017","3,185","3,143","3,185","3,133","5,21M","0,70%"
"27.07.2017","3,163","3,140","3,165","3,115","6,48M","0,76%"
"26.07.2017","3,139","3,160","3,160","3,103","6,15M","-1,97%"
"25.07.2017","3,202","3,178","3,230","3,174","4,49M","0,76%"
"24.07.2017","3,178","3,142","3,187","3,112","3,87M","1,15%"
"21.07.2017","3,142","3,172","3,186","3,127","2,02M","-0,95%"
"20.07.2017","3,172","3,190","3,199","3,158","2,99M","-0,38%"
"19.07.2017","3,184","3,181","3,187","3,131","3,68M","0,92%"
"18.07.2017","3,155","3,210","3,215","3,145","4,36M","-1,90%"
"17.07.2017","3,216","3,223","3,233","3,203","2,42M","0,22%"
"14.07.2017","3,209","3,230","3,241","3,199","3,12M","-0,96%"
"13.07.2017","3,240","3,170","3,240","3,168","5,58M","2,86%"
"12.07.2017","3,150","3,144","3,167","3,137","4,42M","0,29%"
"11.07.2017","3,141","3,193","3,215","3,141","5,39M","-1,78%"
"10.07.2017","3,198","3,180","3,202","3,154","4,20M","0,76%"
"07.07.2017","3,174","3,180","3,180","3,138","2,83M","0,06%"
"06.07.2017","3,172","3,145","3,172","3,140","5,84M","0,73%"
"05.07.2017","3,149","3,124","3,193","3,124","5,50M","0,25%"
"04.07.2017","3,141","3,110","3,162","3,098","3,61M","0,67%"
"03.07.2017","3,120","3,069","3,133","3,069","3,52M","2,03%"
"30.06.2017","3,058","3,075","3,102","3,049","3,94M","-0,62%"
"29.06.2017","3,077","3,113","3,137","3,071","3,40M","-0,84%"
"28.06.2017","3,103","3,021","3,114","3,005","5,89M","2,48%"
"27.06.2017","3,028","3,043","3,069","3,021","7,03M","-0,46%"
"26.06.2017","3,042","3,062","3,091","3,042","4,01M","-0,49%"
"23.06.2017","3,057","3,099","3,105","3,032","4,17M","-1,42%"
"22.06.2017","3,101","3,120","3,120","3,078","7,58M","-0,58%"
"21.06.2017","3,119","3,140","3,145","3,066","46,12M","-1,27%"
"20.06.2017","3,159","3,189","3,220","3,156","41,52M","-0,75%"
"19.06.2017","3,183","3,109","3,200","3,102","46,05M","3,01%"
"16.06.2017","3,090","3,099","3,119","3,052","19,95M","-2,03%"
"15.06.2017","3,154","3,252","3,258","3,147","10,20M","-2,98%"
"14.06.2017","3,251","3,250","3,288","3,238","46,03M","0,25%"
"13.06.2017","3,243","3,219","3,248","3,207","24,44M","0,84%"
"12.06.2017","3,216","3,226","3,226","3,178","77,04M","-0,06%"
"09.06.2017","3,218","3,174","3,220","3,166","6,08M","1,42%"
"08.06.2017","3,173","3,200","3,210","3,159","4,71M","-0,41%"
"07.06.2017","3,186","3,127","3,204","3,102","4,34M","1,43%"
"06.06.2017","3,141","3,151","3,167","3,125","5,55M","-1,16%"
"05.06.2017","3,178","3,193","3,200","3,162","2,22M","-0,47%"
"02.06.2017","3,193","3,208","3,242","3,187","4,30M","0,03%"
"01.06.2017","3,192","3,173","3,199","3,159","4,35M","0,82%"
"31.05.2017","3,166","3,147","3,209","3,139","9,60M","0,76%"
"30.05.2017","3,142","3,148","3,160","3,123","3,79M","-0,51%"
"29.05.2017","3,158","3,118","3,160","3,103","4,29M","0,80%"
"26.05.2017","3,133","3,125","3,142","3,105","2,64M","0,29%"
"25.05.2017","3,124","3,154","3,154","3,112","2,98M","0,03%"
"24.05.2017","3,123","3,112","3,130","3,105","3,37M","0,26%"
"23.05.2017","3,115","3,098","3,136","3,092","4,48M","0,29%"
"22.05.2017","3,106","3,120","3,127","3,086","4,00M","-0,29%"
"19.05.2017","3,115","3,075","3,115","3,070","6,56M","1,63%"
"18.05.2017","3,065","3,210","3,210","3,037","14,35M","-4,84%"
"17.05.2017","3,221","3,288","3,321","3,220","4,30M","-2,66%"
"16.05.2017","3,309","3,326","3,345","3,308","6,77M","-0,81%"
"15.05.2017","3,336","3,318","3,347","3,314","4,80M","1,18%"
"12.05.2017","3,297","3,289","3,313","3,278","5,34M","0,30%"
"11.05.2017","3,287","3,276","3,290","3,236","6,96M","0,83%"
"10.05.2017","3,260","3,220","3,272","3,215","5,39M","0,99%"
"09.05.2017","3,228","3,277","3,287","3,218","4,36M","-1,19%"
"08.05.2017","3,267","3,290","3,306","3,253","4,61M","-0,40%"
"05.05.2017","3,280","3,200","3,280","3,200","10,17M","2,21%"
"04.05.2017","3,209","3,165","3,228","3,160","6,50M","1,81%"
"03.05.2017","3,152","3,150","3,168","3,127","4,95M","-0,22%"
"02.05.2017","3,159","3,205","3,224","3,135","7,46M","-1,40%"
"28.04.2017","3,204","3,278","3,349","3,204","11,08M","-2,94%"
"27.04.2017","3,301","3,299","3,325","3,256","6,66M","0,09%"
"26.04.2017","3,298","3,290","3,308","3,275","4,12M","-0,06%"
"25.04.2017","3,300","3,294","3,310","3,253","5,40M","-0,09%"
"24.04.2017","3,303","3,260","3,330","3,258","8,44M","2,51%"
"21.04.2017","3,222","3,190","3,239","3,189","6,32M","1,00%"
"20.04.2017","3,190","3,158","3,207","3,156","8,55M","0,38%"
"19.04.2017","3,178","3,144","3,189","3,144","3,51M","1,18%"
"18.04.2017","3,141","3,218","3,219","3,121","10,06M","-1,57%"
"13.04.2017","3,191","3,178","3,191","3,152","2,98M","0,38%"
"12.04.2017","3,179","3,167","3,215","3,165","4,10M","0,60%"
"11.04.2017","3,160","3,176","3,177","3,138","3,77M","-0,78%"
"10.04.2017","3,185","3,203","3,224","3,185","2,70M","-0,96%"
"07.04.2017","3,216","3,181","3,216","3,181","3,88M","0,09%"
"06.04.2017","3,213","3,183","3,219","3,155","5,44M","-0,03%"
"05.04.2017","3,214","3,187","3,215","3,180","4,36M","0,72%"
"04.04.2017","3,191","3,146","3,191","3,140","6,13M","1,04%"
"03.04.2017","3,158","3,210","3,226","3,153","4,55M","-1,77%"
"31.03.2017","3,215","3,218","3,240","3,198","4,43M","-0,53%"
"30.03.2017","3,232","3,220","3,250","3,201","5,50M","0,56%"
"29.03.2017","3,214","3,195","3,230","3,166","5,94M","0,44%"
"28.03.2017","3,200","3,124","3,200","3,120","5,21M","2,63%"
"27.03.2017","3,118","3,092","3,120","3,068","2,97M","-0,22%"
"24.03.2017","3,125","3,133","3,150","3,115","3,77M","-0,70%"
"23.03.2017","3,147","3,103","3,147","3,091","3,51M","1,48%"
"22.03.2017","3,101","3,100","3,118","3,051","4,36M","-0,74%"
"21.03.2017","3,124","3,170","3,178","3,116","4,43M","-0,89%"
"20.03.2017","3,152","3,134","3,166","3,130","3,35M","0,00%"
"17.03.2017","3,152","3,100","3,152","3,097","10,53M","1,38%"
"16.03.2017","3,109","3,098","3,129","3,091","7,69M","1,01%"
"15.03.2017","3,078","3,039","3,085","3,029","5,03M","1,68%"
"14.03.2017","3,027","3,068","3,068","3,014","3,91M","-1,01%"
"13.03.2017","3,058","3,047","3,060","3,026","3,02M","0,59%"
"10.03.2017","3,040","3,060","3,083","3,037","3,88M","-0,20%"
"09.03.2017","3,046","3,013","3,060","3,001","5,67M","0,86%"
"08.03.2017","3,020","2,988","3,046","2,984","5,00M","0,57%"
"07.03.2017","3,003","2,992","3,012","2,979","3,65M","0,33%"
"06.03.2017","2,993","3,003","3,021","2,980","3,76M","-1,03%"
"03.03.2017","3,024","2,934","3,026","2,927","6,56M","2,51%"
"02.03.2017","2,950","2,968","2,982","2,945","4,75M","-0,91%"
"01.03.2017","2,977","2,921","2,988","2,921","6,16M","1,92%"
"28.02.2017","2,921","2,896","2,921","2,870","5,36M","1,00%"
"27.02.2017","2,892","2,873","2,899","2,862","3,88M","0,77%"
"24.02.2017","2,870","2,900","2,910","2,844","4,31M","-1,10%"
"23.02.2017","2,902","2,906","2,924","2,886","3,79M","0,14%"
"22.02.2017","2,898","2,908","2,934","2,862","3,91M","-0,55%"
"21.02.2017","2,914","2,870","2,925","2,836","4,06M","1,29%"
"20.02.2017","2,877","2,904","2,918","2,870","2,41M","-0,31%"
"17.02.2017","2,886","2,941","2,957","2,859","5,62M","-1,70%"
"16.02.2017","2,936","2,917","2,940","2,914","4,88M","0,48%"
"15.02.2017","2,922","2,910","2,939","2,900","3,86M","0,27%"
"14.02.2017","2,914","2,916","2,929","2,898","5,19M","0,14%"
"13.02.2017","2,910","2,898","2,920","2,885","3,94M","0,90%"
"10.02.2017","2,884","2,890","2,897","2,831","7,05M","0,24%"
"09.02.2017","2,877","2,850","2,883","2,815","5,65M","1,37%"
"08.02.2017","2,838","2,910","2,938","2,783","9,48M","-1,66%"
"07.02.2017","2,886","2,875","2,895","2,848","4,96M","0,21%"
"06.02.2017","2,880","2,895","2,919","2,873","5,47M","-0,62%"
"03.02.2017","2,898","2,869","2,901","2,840","5,45M","1,40%"
"02.02.2017","2,858","2,859","2,884","2,848","5,03M","-0,07%"
"01.02.2017","2,860","2,835","2,899","2,831","6,65M","2,14%"
"31.01.2017","2,800","2,817","2,859","2,800","3,86M","-0,71%"
"30.01.2017","2,820","2,852","2,863","2,815","3,47M","-1,64%"
"27.01.2017","2,867","2,901","2,904","2,842","5,28M","-1,24%"
"26.01.2017","2,903","2,893","2,908","2,873","6,55M","1,08%"
"25.01.2017","2,872","2,801","2,872","2,796","8,78M","3,72%"
"24.01.2017","2,769","2,719","2,769","2,714","4,58M","1,80%"
"23.01.2017","2,720","2,715","2,732","2,655","5,99M","-0,62%"
"20.01.2017","2,737","2,750","2,756","2,732","5,11M","-0,33%"
"19.01.2017","2,746","2,807","2,827","2,735","9,78M","-2,07%"
"18.01.2017","2,804","2,831","2,852","2,795","5,42M","-0,64%"
"17.01.2017","2,822","2,851","2,857","2,810","3,86M","-1,09%"
"16.01.2017","2,853","2,850","2,862","2,824","4,57M","-0,07%"
"13.01.2017","2,855","2,827","2,859","2,815","5,54M","1,24%"
"12.01.2017","2,820","2,871","2,877","2,802","7,97M","-2,05%"
"11.01.2017","2,879","2,904","2,920","2,873","5,62M","-0,83%"
"10.01.2017","2,903","2,914","2,914","2,891","3,50M","-0,55%"
"09.01.2017","2,919","2,972","2,975","2,901","3,45M","-1,39%"
"06.01.2017","2,960","2,941","2,978","2,941","3,56M","0,17%"
"05.01.2017","2,955","2,935","2,959","2,922","3,23M","0,41%"
"04.01.2017","2,943","2,966","2,980","2,936","4,31M","-0,47%"
"03.01.2017","2,957","2,909","2,960","2,909","4,61M","1,97%"
"02.01.2017","2,900","2,890","2,925","2,890","1,99M","0,00%"
"30.12.2016","2,900","2,872","2,900","2,872","3,27M","0,62%"
"29.12.2016","2,882","2,872","2,895","2,871","2,15M","-0,28%"
"28.12.2016","2,890","2,872","2,900","2,866","2,83M","0,21%"
"27.12.2016","2,884","2,870","2,909","2,870","2,35M","-0,69%"
"23.12.2016","2,904","2,883","2,926","2,880","3,50M","0,59%"
"22.12.2016","2,887","2,908","2,930","2,875","5,26M","-1,47%"
"21.12.2016","2,930","2,926","2,953","2,912","4,68M","-1,81%"
"20.12.2016","2,984","2,962","2,985","2,871","9,04M","0,78%"
"19.12.2016","2,961","3,044","3,050","2,961","6,95M","-3,30%"
"16.12.2016","3,062","3,080","3,087","3,053","7,88M","-0,62%"
"15.12.2016","3,081","3,043","3,085","2,931","8,78M","1,15%"
"14.12.2016","3,046","3,118","3,137","3,042","7,01M","-2,68%"
"13.12.2016","3,130","3,095","3,148","3,087","12,42M","1,07%"
"12.12.2016","3,097","3,050","3,097","3,045","7,62M","1,44%"
"09.12.2016","3,053","3,026","3,062","2,996","6,31M","0,30%"
"08.12.2016","3,044","2,979","3,054","2,972","6,11M","2,42%"
"07.12.2016","2,972","2,910","2,976","2,910","8,43M","2,31%"
"06.12.2016","2,905","2,897","2,913","2,884","5,03M","0,31%"
"05.12.2016","2,896","2,810","2,896","2,800","5,49M","2,12%"
"02.12.2016","2,836","2,820","2,849","2,811","4,86M","0,18%"
"01.12.2016","2,831","2,830","2,860","2,811","5,43M","0,04%"
"30.11.2016","2,830","2,817","2,846","2,812","8,16M","0,28%"
"29.11.2016","2,822","2,798","2,833","2,789","3,40M","0,86%"
"28.11.2016","2,798","2,814","2,827","2,781","3,51M","-0,92%"
"25.11.2016","2,824","2,795","2,830","2,779","3,77M","1,22%"
"24.11.2016","2,790","2,807","2,813","2,775","2,75M","-0,29%"
"23.11.2016","2,798","2,799","2,816","2,754","5,57M","-0,18%"
"22.11.2016","2,803","2,795","2,814","2,772","6,08M","1,15%"
"21.11.2016","2,771","2,770","2,798","2,739","5,79M","1,28%"
"18.11.2016","2,736","2,750","2,765","2,715","4,26M","-0,87%"
"17.11.2016","2,760","2,715","2,768","2,704","5,21M","1,10%"
"16.11.2016","2,730","2,714","2,767","2,712","7,39M","0,40%"
"15.11.2016","2,719","2,662","2,719","2,632","6,95M","1,95%"
"14.11.2016","2,667","2,616","2,692","2,615","6,24M","3,13%"
"11.11.2016","2,586","2,660","2,710","2,561","7,88M","-2,01%"
"10.11.2016","2,639","2,670","2,725","2,612","10,37M","-3,26%"
"09.11.2016","2,728","2,550","2,728","2,530","7,55M","1,49%"
"08.11.2016","2,688","2,680","2,688","2,652","3,62M","0,15%"
"07.11.2016","2,684","2,667","2,687","2,653","4,37M","2,13%"
"04.11.2016","2,628","2,666","2,667","2,604","3,92M","-1,57%"
"03.11.2016","2,670","2,633","2,690","2,622","5,18M","1,17%"
"02.11.2016","2,639","2,696","2,700","2,636","4,42M","-2,84%"
"01.11.2016","2,716","2,717","2,753","2,696","5,11M","0,33%"
"31.10.2016","2,707","2,691","2,707","2,662","7,79M","0,26%"
"28.10.2016","2,700","2,658","2,708","2,651","6,22M","0,86%"
"27.10.2016","2,677","2,644","2,677","2,628","4,47M","1,21%"
"26.10.2016","2,645","2,640","2,655","2,616","4,47M","-0,19%"
"25.10.2016","2,650","2,635","2,664","2,635","4,80M","0,08%"
"24.10.2016","2,648","2,618","2,668","2,606","4,01M","1,85%"
"21.10.2016","2,600","2,614","2,619","2,571","4,26M","-0,57%"
"20.10.2016","2,615","2,600","2,618","2,578","4,45M","0,77%"
"19.10.2016","2,595","2,591","2,600","2,573","4,02M","0,43%"
"18.10.2016","2,584","2,554","2,584","2,541","4,11M","1,45%"
"17.10.2016","2,547","2,550","2,588","2,542","5,57M","-1,01%"
"14.10.2016","2,573","2,530","2,593","2,529","4,80M","2,14%"
"13.10.2016","2,519","2,570","2,590","2,510","6,72M","-2,74%"
"12.10.2016","2,590","2,579","2,604","2,557","5,26M","0,94%"
"11.10.2016","2,566","2,581","2,592","2,560","3,32M","-0,47%"
"10.10.2016","2,578","2,566","2,584","2,531","4,48M","0,35%"
"07.10.2016","2,569","2,563","2,590","2,538","5,87M","-0,31%"
"06.10.2016","2,577","2,571","2,600","2,552","4,84M","0,04%"
"05.10.2016","2,576","2,488","2,585","2,474","7,99M","2,18%"
"04.10.2016","2,521","2,490","2,528","2,470","8,13M","1,33%"
"03.10.2016","2,488","2,483","2,510","2,458","5,47M","-0,08%"
"30.09.2016","2,490","2,401","2,490","2,342","9,67M","2,26%"
"29.09.2016","2,435","2,405","2,453","2,405","6,08M","1,88%"
"28.09.2016","2,390","2,359","2,412","2,358","4,32M","1,27%"
"27.09.2016","2,360","2,410","2,410","2,341","6,38M","-1,17%"
"26.09.2016","2,388","2,416","2,428","2,361","4,12M","-1,53%"
"23.09.2016","2,425","2,431","2,437","2,402","3,82M","-0,86%"
"22.09.2016","2,446","2,450","2,467","2,420","3,75M","0,66%"
"21.09.2016","2,430","2,381","2,447","2,374","4,92M","2,23%"
"20.09.2016","2,377","2,365","2,395","2,355","2,99M","-0,13%"
"19.09.2016","2,380","2,359","2,382","2,344","2,06M","1,71%"
"16.09.2016","2,340","2,380","2,387","2,331","4,35M","-1,89%"
"15.09.2016","2,385","2,345","2,390","2,342","6,95M","1,58%"
"14.09.2016","2,348","2,360","2,381","2,341","4,80M","-0,38%"
"13.09.2016","2,357","2,440","2,448","2,355","5,37M","-2,52%"
"12.09.2016","2,418","2,432","2,434","2,383","5,77M","-2,22%"
"09.09.2016","2,473","2,438","2,502","2,432","8,43M","0,86%"
"08.09.2016","2,452","2,420","2,455","2,396","5,16M","1,07%"
"07.09.2016","2,426","2,417","2,447","2,399","3,97M","0,54%"
"06.09.2016","2,413","2,450","2,450","2,405","4,35M","-1,03%"
"05.09.2016","2,438","2,444","2,450","2,398","4,25M","0,12%"
"02.09.2016","2,435","2,424","2,439","2,354","6,74M","0,79%"
"01.09.2016","2,416","2,437","2,496","2,404","8,52M","-0,29%"
"31.08.2016","2,423","2,368","2,443","2,366","8,62M","2,24%"
"30.08.2016","2,370","2,324","2,376","2,315","3,45M","1,98%"
"29.08.2016","2,324","2,330","2,350","2,308","1,84M","-0,43%"
"26.08.2016","2,334","2,325","2,348","2,311","3,51M","0,17%"
"25.08.2016","2,330","2,344","2,357","2,316","3,03M","-1,19%"
"24.08.2016","2,358","2,340","2,377","2,333","3,98M","-0,30%"
"23.08.2016","2,365","2,318","2,373","2,308","3,87M","2,65%"
"22.08.2016","2,304","2,293","2,336","2,286","3,09M","0,04%"
"19.08.2016","2,303","2,343","2,343","2,284","2,83M","-1,37%"
"18.08.2016","2,335","2,331","2,350","2,312","3,27M","0,91%"
"17.08.2016","2,314","2,344","2,355","2,314","2,81M","-1,32%"
"16.08.2016","2,345","2,336","2,395","2,312","5,52M","-0,34%"
"15.08.2016","2,353","2,350","2,365","2,337","1,78M","0,38%"
"12.08.2016","2,344","2,350","2,362","2,334","3,32M","-0,38%"
"11.08.2016","2,353","2,367","2,367","2,327","3,60M","-0,08%"
"10.08.2016","2,355","2,332","2,370","2,323","4,72M","0,34%"
"09.08.2016","2,347","2,297","2,349","2,292","5,07M","1,56%"
"08.08.2016","2,311","2,286","2,334","2,282","6,36M","1,58%"
"05.08.2016","2,275","2,222","2,283","2,215","4,77M","2,43%"
"04.08.2016","2,221","2,210","2,242","2,205","5,10M","1,60%"
"03.08.2016","2,186","2,159","2,191","2,143","7,44M","1,72%"
"02.08.2016","2,149","2,192","2,196","2,112","7,41M","-2,10%"
"01.08.2016","2,195","2,200","2,216","2,159","6,49M","0,14%"
"29.07.2016","2,192","2,178","2,235","2,168","9,27M","0,74%"
"28.07.2016","2,176","2,240","2,246","2,166","7,51M","-2,90%"
"27.07.2016","2,241","2,148","2,241","2,140","10,04M","5,36%"
"26.07.2016","2,127","2,130","2,139","2,090","4,77M","-0,14%"
"25.07.2016","2,130","2,105","2,136","2,088","4,84M","0,95%"
"22.07.2016","2,110","2,102","2,115","2,086","3,85M","-0,33%"
"21.07.2016","2,117","2,118","2,148","2,097","5,99M","0,24%"
"20.07.2016","2,112","2,082","2,116","2,050","7,08M","2,42%"
"19.07.2016","2,062","2,097","2,108","2,025","7,86M","-1,76%"
"18.07.2016","2,099","2,085","2,119","2,063","4,68M","1,30%"
"15.07.2016","2,072","2,100","2,117","2,030","7,01M","-1,85%"
"14.07.2016","2,111","2,076","2,129","2,061","6,79M","2,28%"
"13.07.2016","2,064","2,098","2,110","2,055","9,83M","-1,95%"
"12.07.2016","2,105","2,000","2,118","1,991","11,79M","5,83%"
"11.07.2016","1,989","2,009","2,030","1,944","7,13M","-0,05%"
"08.07.2016","1,990","1,861","1,991","1,855","10,64M","7,10%"
"07.07.2016","1,858","1,857","1,880","1,831","9,05M","-0,11%"
"06.07.2016","1,860","1,895","1,919","1,833","6,89M","-2,41%"
"05.07.2016","1,906","1,964","1,967","1,894","7,97M","-3,64%"
"04.07.2016","1,978","2,020","2,022","1,970","4,19M","-1,10%"
"01.07.2016","2,000","1,989","2,019","1,943","8,52M","2,15%"
"30.06.2016","1,958","1,937","1,968","1,906","10,62M","1,24%"
"29.06.2016","1,934","1,934","1,949","1,912","9,27M","2,11%"
"28.06.2016","1,894","1,920","1,937","1,888","9,74M","2,32%"
"27.06.2016","1,851","1,973","2,030","1,837","14,05M","-4,59%"
"24.06.2016","1,940","1,750","1,990","1,750","18,46M","-9,30%"
"23.06.2016","2,139","2,115","2,143","2,066","13,05M","1,91%"
"22.06.2016","2,099","2,064","2,126","2,000","8,03M","2,59%"
"21.06.2016","2,046","2,040","2,061","2,022","9,60M","-2,71%"
"20.06.2016","2,103","2,134","2,163","2,103","10,38M","2,89%"
"17.06.2016","2,044","1,982","2,063","1,982","9,24M","4,45%"
"16.06.2016","1,957","1,950","1,976","1,934","5,82M","-0,96%"
"15.06.2016","1,976","2,010","2,045","1,976","8,63M","-0,05%"
"14.06.2016","1,977","2,000","2,035","1,966","8,59M","-2,23%"
"13.06.2016","2,022","2,030","2,035","1,985","9,72M","-1,32%"
"10.06.2016","2,049","2,165","2,165","2,042","14,76M","-5,53%"
"09.06.2016","2,169","2,220","2,224","2,166","5,15M","-2,87%"
"08.06.2016","2,233","2,235","2,236","2,200","3,12M","0,09%"
"07.06.2016","2,231","2,226","2,282","2,224","5,11M","0,50%"
"06.06.2016","2,220","2,200","2,232","2,190","3,93M","1,05%"
"03.06.2016","2,197","2,255","2,270","2,184","5,49M","-2,05%"
"02.06.2016","2,243","2,246","2,274","2,219","11,47M","0,27%"
"01.06.2016","2,237","2,266","2,277","2,216","5,51M","-1,80%"
"31.05.2016","2,278","2,350","2,357","2,278","8,72M","-3,11%"
"30.05.2016","2,351","2,330","2,357","2,316","2,39M","0,86%"
"27.05.2016","2,331","2,334","2,334","2,292","4,44M","-0,17%"
"26.05.2016","2,335","2,326","2,347","2,301","3,31M","-0,21%"
"25.05.2016","2,340","2,311","2,349","2,296","6,65M","2,36%"
"24.05.2016","2,286","2,175","2,290","2,160","6,91M","4,96%"
"23.05.2016","2,178","2,198","2,203","2,142","4,38M","-0,46%"
"20.05.2016","2,188","2,186","2,205","2,166","5,59M","1,44%"
"19.05.2016","2,157","2,174","2,190","2,150","5,21M","-0,51%"
"18.05.2016","2,168","2,133","2,170","2,111","5,64M","1,26%"
"17.05.2016","2,141","2,158","2,193","2,128","5,65M","0,19%"
"16.05.2016","2,137","2,135","2,139","2,110","3,24M","-0,60%"
"13.05.2016","2,150","2,116","2,157","2,092","5,93M","1,37%"
"12.05.2016","2,121","2,110","2,162","2,086","6,66M","-0,28%"
"11.05.2016","2,127","2,198","2,201","2,112","7,08M","-3,05%"
"10.05.2016","2,194","2,189","2,222","2,176","6,32M","1,34%"
"09.05.2016","2,165","2,182","2,243","2,163","7,93M","0,19%"
"06.05.2016","2,161","2,175","2,201","2,118","6,79M","-0,78%"
"05.05.2016","2,178","2,160","2,219","2,155","7,18M","1,30%"
"04.05.2016","2,150","2,140","2,188","2,122","10,16M","0,09%"
"03.05.2016","2,148","2,260","2,310","2,148","13,87M","-4,96%"
"02.05.2016","2,260","2,219","2,267","2,212","4,45M","2,03%"
"29.04.2016","2,215","2,271","2,286","2,211","8,00M","-2,81%"
"28.04.2016","2,279","2,230","2,290","2,192","9,33M","1,79%"
"27.04.2016","2,239","2,265","2,276","2,205","10,86M","-2,65%"
"26.04.2016","2,300","2,270","2,314","2,262","8,57M","1,77%"
"25.04.2016","2,260","2,351","2,360","2,257","8,44M","-4,03%"
"22.04.2016","2,355","2,319","2,365","2,289","9,92M","1,95%"
"21.04.2016","2,310","2,305","2,344","2,262","11,20M","-0,35%"
"20.04.2016","2,318","2,210","2,325","2,199","9,67M","4,98%"
"19.04.2016","2,208","2,186","2,219","2,171","12,28M","4,79%"
"18.04.2016","2,107","2,059","2,113","2,036","5,10M","0,52%"
"15.04.2016","2,096","2,062","2,116","2,048","10,49M","1,55%"
"14.04.2016","2,064","2,055","2,070","2,013","9,62M","0,83%"
"13.04.2016","2,047","1,926","2,050","1,915","15,49M","8,36%"
"12.04.2016","1,889","1,866","1,914","1,842","6,23M","1,78%"
"11.04.2016","1,856","1,836","1,871","1,810","4,78M","1,48%"
"08.04.2016","1,829","1,785","1,844","1,785","7,17M","2,46%"
"07.04.2016","1,785","1,802","1,808","1,768","16,41M","-0,94%"
"06.04.2016","1,802","1,812","1,828","1,783","4,42M","-0,22%"
"05.04.2016","1,806","1,835","1,839","1,791","10,91M","-2,90%"
"04.04.2016","1,860","1,870","1,890","1,838","5,89M","-0,53%"
"01.04.2016","1,870","1,879","1,911","1,854","7,94M","-1,53%"
"31.03.2016","1,899","1,932","1,937","1,895","7,95M","-1,96%"
"30.03.2016","1,937","1,956","1,976","1,935","6,53M","-0,15%"
"29.03.2016","1,940","1,970","2,004","1,932","5,68M","-0,36%"
"24.03.2016","1,947","2,030","2,030","1,946","6,38M","-2,94%"
"23.03.2016","2,006","2,049","2,056","2,000","6,53M","-1,76%"
"22.03.2016","2,042","2,030","2,044","1,991","6,16M","0,34%"
"21.03.2016","2,035","2,062","2,099","2,029","5,80M","-1,97%"
"18.03.2016","2,076","2,057","2,090","2,024","10,18M","1,71%"
"17.03.2016","2,041","2,057","2,077","1,993","7,71M","0,34%"
"16.03.2016","2,034","2,017","2,038","1,978","8,62M","1,55%"
"15.03.2016","2,003","2,040","2,041","2,002","9,31M","-2,20%"
"14.03.2016","2,048","2,020","2,085","2,020","17,16M","2,30%"
"11.03.2016","2,002","1,966","2,008","1,956","7,45M","3,95%"
"10.03.2016","1,926","1,937","2,019","1,920","14,23M","-0,52%"
"09.03.2016","1,936","1,940","1,974","1,926","9,02M","-0,05%"
"08.03.2016","1,937","1,951","1,966","1,924","12,48M","-1,02%"
"07.03.2016","1,957","1,957","1,970","1,923","8,21M","-0,05%"
"04.03.2016","1,958","1,895","1,958","1,882","14,33M","4,04%"
"03.03.2016","1,882","1,878","1,894","1,853","7,01M","0,91%"
"02.03.2016","1,865","1,832","1,879","1,830","14,34M","2,70%"
"01.03.2016","1,816","1,794","1,820","1,783","11,09M","0,89%"
"29.02.2016","1,800","1,785","1,800","1,753","10,09M","0,17%"
"26.02.2016","1,797","1,730","1,803","1,728","10,75M","4,29%"
"25.02.2016","1,723","1,758","1,774","1,715","12,72M","-0,35%"
"24.02.2016","1,729","1,770","1,771","1,722","7,59M","-2,10%"
"23.02.2016","1,766","1,783","1,818","1,761","9,13M","-0,95%"
"22.02.2016","1,783","1,757","1,800","1,754","5,76M","2,71%"
"19.02.2016","1,736","1,774","1,788","1,717","7,74M","-2,69%"
"18.02.2016","1,784","1,802","1,825","1,773","8,47M","-0,06%"
"17.02.2016","1,785","1,723","1,795","1,713","11,68M","3,54%"
"16.02.2016","1,724","1,789","1,792","1,711","9,55M","-2,71%"
"15.02.2016","1,772","1,765","1,792","1,746","8,37M","3,63%"
"12.02.2016","1,710","1,708","1,723","1,678","11,59M","1,79%"
"11.02.2016","1,680","1,750","1,750","1,617","21,55M","-4,82%"
"10.02.2016","1,765","1,800","1,833","1,711","14,87M","-1,67%"
"09.02.2016","1,795","1,880","1,892","1,770","16,34M","-5,53%"
"08.02.2016","1,900","1,969","1,984","1,887","11,33M","-2,71%"
"05.02.2016","1,953","1,920","1,978","1,900","11,43M","2,09%"
"04.02.2016","1,913","1,880","1,922","1,835","12,48M","3,35%"
"03.02.2016","1,851","1,935","1,943","1,833","12,62M","-4,44%"
"02.02.2016","1,937","2,022","2,025","1,932","9,32M","-4,58%"
"01.02.2016","2,030","2,081","2,082","2,010","7,97M","-1,41%"
"29.01.2016","2,059","2,064","2,088","2,039","12,16M","1,33%"
"28.01.2016","2,032","2,060","2,093","2,015","8,69M","-1,45%"
"27.01.2016","2,062","2,042","2,062","2,021","3,97M","0,98%"
"26.01.2016","2,042","2,000","2,054","1,983","6,52M","0,74%"
"25.01.2016","2,027","2,090","2,090","2,013","5,56M","-2,36%"
"22.01.2016","2,076","2,070","2,100","2,048","6,33M","2,62%"
"21.01.2016","2,023","1,991","2,040","1,974","9,98M","1,51%"
"20.01.2016","1,993","2,012","2,025","1,974","9,38M","-2,92%"
"19.01.2016","2,053","2,067","2,087","2,041","6,52M","1,08%"
"18.01.2016","2,031","2,059","2,086","2,025","6,42M","-1,65%"
"15.01.2016","2,065","2,110","2,121","2,051","8,08M","-2,32%"
"14.01.2016","2,114","2,130","2,137","2,086","10,65M","-1,77%"
"13.01.2016","2,152","2,150","2,192","2,135","5,73M","0,99%"
"12.01.2016","2,131","2,109","2,149","2,094","8,60M","1,19%"
"11.01.2016","2,106","2,112","2,147","2,101","7,04M","-1,08%"
"08.01.2016","2,129","2,173","2,194","2,127","11,40M","-1,89%"
"07.01.2016","2,170","2,180","2,189","2,127","14,19M","-2,38%"
"06.01.2016","2,223","2,250","2,282","2,212","7,66M","-0,80%"
"05.01.2016","2,241","2,268","2,268","2,193","5,88M","0,27%"
"04.01.2016","2,235","2,300","2,303","2,228","10,41M","-3,33%"
"31.12.2015","2,312","2,355","2,355","2,312","2,80M","-2,20%"
"30.12.2015","2,364","2,380","2,389","2,357","3,04M","-0,76%"
"29.12.2015","2,382","2,349","2,382","2,345","3,32M","1,36%"
"28.12.2015","2,350","2,380","2,400","2,345","3,16M","-1,26%"
"24.12.2015","2,380","2,380","2,400","2,366","1,65M","0,72%"
"23.12.2015","2,363","2,320","2,371","2,317","3,86M","2,83%"
"22.12.2015","2,298","2,304","2,308","2,272","11,04M","0,75%"
"21.12.2015","2,281","2,347","2,348","2,281","7,98M","-3,76%"
"18.12.2015","2,370","2,396","2,432","2,361","7,61M","-1,58%"
"17.12.2015","2,408","2,438","2,464","2,403","7,41M","1,18%"
"16.12.2015","2,380","2,388","2,409","2,352","13,49M","0,55%"
"15.12.2015","2,367","2,333","2,379","2,319","9,77M","0,38%"
"14.12.2015","2,358","2,420","2,445","2,350","6,20M","-2,44%"
"11.12.2015","2,417","2,435","2,461","2,392","6,50M","-1,27%"
"10.12.2015","2,448","2,446","2,477","2,421","7,17M","-0,89%"
"09.12.2015","2,470","2,483","2,499","2,441","5,07M","-0,52%"
"08.12.2015","2,483","2,520","2,534","2,461","4,87M","-1,90%"
"07.12.2015","2,531","2,553","2,557","2,528","3,31M","-0,28%"
"04.12.2015","2,538","2,526","2,548","2,500","4,20M","0,04%"
"03.12.2015","2,537","2,583","2,630","2,535","7,73M","-2,16%"
"02.12.2015","2,593","2,618","2,618","2,581","4,93M","-0,50%"
"01.12.2015","2,606","2,612","2,620","2,594","3,91M","0,35%"
"30.11.2015","2,597","2,590","2,607","2,580","5,98M","0,12%"
"27.11.2015","2,594","2,590","2,609","2,576","3,29M","0,12%"
"26.11.2015","2,591","2,570","2,609","2,559","4,91M","0,82%"
"25.11.2015","2,570","2,545","2,574","2,531","6,37M","1,02%"
"24.11.2015","2,544","2,549","2,556","2,517","4,85M","-0,63%"
"23.11.2015","2,560","2,540","2,574","2,513","5,24M","0,87%"
"20.11.2015","2,538","2,558","2,564","2,520","5,64M","-0,24%"
"19.11.2015","2,544","2,521","2,566","2,521","7,04M","1,56%"
"18.11.2015","2,505","2,479","2,527","2,478","9,84M","0,80%"
"17.11.2015","2,485","2,470","2,507","2,463","7,24M","1,51%"
"16.11.2015","2,448","2,410","2,457","2,409","4,26M","0,00%"
"13.11.2015","2,448","2,440","2,474","2,426","4,59M","0,00%"
"12.11.2015","2,448","2,510","2,510","2,434","5,12M","-2,39%"
"11.11.2015","2,508","2,496","2,515","2,480","5,40M","0,52%"
"10.11.2015","2,495","2,492","2,499","2,444","6,24M","0,36%"
"09.11.2015","2,486","2,507","2,520","2,486","6,11M","-0,56%"
"06.11.2015","2,500","2,481","2,515","2,458","11,17M","0,28%"
"05.11.2015","2,493","2,590","2,598","2,472","14,82M","-4,12%"
"04.11.2015","2,600","2,738","2,746","2,586","22,72M","-5,04%"
"03.11.2015","2,738","2,749","2,754","2,705","6,48M","0,00%"
"02.11.2015","2,738","2,681","2,750","2,677","8,05M","1,22%"
"30.10.2015","2,705","2,730","2,731","2,688","5,41M","-0,51%"
"29.10.2015","2,719","2,725","2,725","2,685","3,74M","0,37%"
"28.10.2015","2,709","2,673","2,722","2,662","3,61M","1,20%"
"27.10.2015","2,677","2,708","2,708","2,669","4,29M","-1,11%"
"26.10.2015","2,707","2,683","2,730","2,664","5,06M","0,97%"
"23.10.2015","2,681","2,695","2,720","2,671","6,91M","0,37%"
"22.10.2015","2,671","2,615","2,680","2,604","5,16M","1,83%"
"21.10.2015","2,623","2,595","2,624","2,546","4,35M","1,67%"
"20.10.2015","2,580","2,603","2,609","2,554","3,79M","-0,77%"
"19.10.2015","2,600","2,595","2,615","2,571","4,68M","0,31%"
"16.10.2015","2,592","2,554","2,594","2,547","5,94M","2,29%"
"15.10.2015","2,534","2,532","2,560","2,522","4,33M","0,76%"
"14.10.2015","2,515","2,512","2,536","2,493","4,03M","-0,24%"
"13.10.2015","2,521","2,570","2,584","2,504","5,37M","-2,44%"
"12.10.2015","2,584","2,614","2,640","2,562","4,59M","-1,30%"
"09.10.2015","2,618","2,621","2,650","2,605","8,20M","0,81%"
"08.10.2015","2,597","2,560","2,603","2,527","5,79M","1,52%"
"07.10.2015","2,558","2,538","2,584","2,533","7,42M","1,51%"
"06.10.2015","2,520","2,486","2,550","2,462","7,66M","1,65%"
"05.10.2015","2,479","2,397","2,479","2,395","7,34M","5,22%"
"02.10.2015","2,356","2,374","2,393","2,322","7,10M","0,30%"
"01.10.2015","2,349","2,360","2,416","2,342","8,60M","0,60%"
"30.09.2015","2,335","2,337","2,345","2,306","5,20M","1,39%"
"29.09.2015","2,303","2,267","2,333","2,260","5,27M","0,61%"
"28.09.2015","2,289","2,350","2,370","2,284","6,70M","-2,89%"
"25.09.2015","2,357","2,352","2,373","2,343","6,82M","2,17%"
"24.09.2015","2,307","2,383","2,397","2,302","6,56M","-3,51%"
"23.09.2015","2,391","2,399","2,427","2,375","6,58M","-0,42%"
"22.09.2015","2,401","2,482","2,486","2,401","4,97M","-3,15%"
"21.09.2015","2,479","2,479","2,501","2,467","3,86M","0,00%"
"18.09.2015","2,479","2,521","2,527","2,468","5,93M","-2,29%"
"17.09.2015","2,537","2,542","2,561","2,526","3,78M","0,04%"
"16.09.2015","2,536","2,510","2,538","2,502","6,49M","1,97%"
"15.09.2015","2,487","2,463","2,504","2,449","5,36M","0,97%"
"14.09.2015","2,463","2,490","2,501","2,462","3,64M","-0,89%"
"11.09.2015","2,485","2,530","2,530","2,475","4,59M","-1,43%"
"10.09.2015","2,521","2,569","2,569","2,510","6,08M","-2,48%"
"09.09.2015","2,585","2,568","2,624","2,558","5,79M","2,58%"
"08.09.2015","2,520","2,521","2,568","2,515","4,45M","0,40%"
"07.09.2015","2,510","2,534","2,558","2,507","3,62M","-0,48%"
"04.09.2015","2,522","2,541","2,550","2,511","5,31M","-1,48%"
"03.09.2015","2,560","2,561","2,588","2,547","7,09M","0,99%"
"02.09.2015","2,535","2,574","2,599","2,535","5,16M","-1,29%"
"01.09.2015","2,568","2,600","2,615","2,552","5,34M","-2,36%"
"31.08.2015","2,630","2,660","2,664","2,615","5,40M","-1,13%"
"28.08.2015","2,660","2,677","2,686","2,631","6,10M","-0,45%"
"27.08.2015","2,672","2,672","2,693","2,667","5,90M","1,91%"
"26.08.2015","2,622","2,633","2,655","2,606","6,90M","-1,61%"
"25.08.2015","2,665","2,628","2,680","2,609","7,39M","2,66%"
"24.08.2015","2,596","2,610","2,656","2,505","15,27M","-3,28%"
"21.08.2015","2,684","2,741","2,788","2,684","7,61M","-3,52%"
"20.08.2015","2,782","2,803","2,825","2,760","6,10M","-1,00%"
"19.08.2015","2,810","2,847","2,847","2,810","3,10M","-1,82%"
"18.08.2015","2,862","2,858","2,877","2,842","3,11M","0,00%"
"17.08.2015","2,862","2,893","2,900","2,833","4,46M","0,07%"
"14.08.2015","2,860","2,894","2,914","2,851","3,70M","-1,24%"
"13.08.2015","2,896","2,889","2,943","2,878","5,94M","1,76%"
"12.08.2015","2,846","2,885","2,890","2,835","5,96M","-2,00%"
"11.08.2015","2,904","2,935","2,944","2,902","4,74M","-1,09%"
"10.08.2015","2,936","2,949","2,960","2,904","4,17M","0,24%"
"07.08.2015","2,929","2,924","2,951","2,909","5,06M","-0,07%"
"06.08.2015","2,931","2,952","2,990","2,921","4,31M","-0,61%"
"05.08.2015","2,949","2,880","2,950","2,872","5,64M","2,82%"
"04.08.2015","2,868","2,922","2,922","2,851","7,40M","-1,75%"
"03.08.2015","2,919","2,913","2,943","2,907","4,65M","-0,24%"
"31.07.2015","2,926","2,946","2,948","2,909","7,20M","-0,37%"
"30.07.2015","2,937","2,972","2,978","2,912","7,49M","-0,44%"
"29.07.2015","2,950","2,995","2,995","2,937","6,11M","-0,91%"
"28.07.2015","2,977","2,981","2,984","2,950","9,55M","0,57%"
"27.07.2015","2,960","3,000","3,021","2,960","12,00M","-2,08%"
"24.07.2015","3,023","3,180","3,180","3,020","15,09M","-6,73%"
"23.07.2015","3,241","3,253","3,266","3,214","5,68M","-0,03%"
"22.07.2015","3,242","3,218","3,256","3,192","5,23M","0,09%"
"21.07.2015","3,239","3,339","3,339","3,217","13,90M","-4,28%"
"20.07.2015","3,384","3,350","3,393","3,347","4,56M","1,11%"
"17.07.2015","3,347","3,331","3,360","3,315","6,35M","0,81%"
"16.07.2015","3,320","3,295","3,337","3,290","7,99M","1,31%"
"15.07.2015","3,277","3,264","3,289","3,242","3,75M","0,52%"
"14.07.2015","3,260","3,242","3,264","3,211","6,27M","0,84%"
"13.07.2015","3,233","3,200","3,235","3,191","5,35M","1,63%"
"10.07.2015","3,181","3,150","3,187","3,130","4,76M","2,81%"
"09.07.2015","3,094","3,040","3,107","3,030","5,60M","2,69%"
"08.07.2015","3,013","2,970","3,016","2,960","5,32M","1,41%"
"07.07.2015","2,971","3,018","3,060","2,956","9,18M","-1,07%"
"06.07.2015","3,003","3,000","3,030","2,980","5,66M","-1,44%"
"03.07.2015","3,047","3,080","3,098","3,023","6,88M","-1,20%"
"02.07.2015","3,084","3,123","3,135","3,083","4,56M","-1,19%"
"01.07.2015","3,121","3,104","3,147","3,080","4,96M","1,10%"
"30.06.2015","3,087","3,089","3,128","3,050","7,56M","-0,58%"
"29.06.2015","3,105","2,940","3,136","2,901","10,75M","-3,42%"
"26.06.2015","3,215","3,168","3,241","3,150","4,35M","0,75%"
"25.06.2015","3,191","3,167","3,219","3,160","5,43M","0,13%"
"24.06.2015","3,187","3,195","3,219","3,170","5,74M","0,03%"
"23.06.2015","3,186","3,190","3,223","3,172","11,02M","0,35%"
"22.06.2015","3,175","3,134","3,190","3,115","6,98M","3,25%"
"19.06.2015","3,075","3,026","3,075","3,025","16,44M","1,42%"
"18.06.2015","3,032","3,033","3,034","2,972","10,72M","-2,60%"
"17.06.2015","3,113","3,141","3,157","3,097","5,01M","-0,73%"
"16.06.2015","3,136","3,095","3,140","3,072","5,52M","0,51%"
"15.06.2015","3,120","3,117","3,131","3,085","7,23M","-1,08%"
"12.06.2015","3,154","3,175","3,175","3,117","4,67M","-0,66%"
"11.06.2015","3,175","3,151","3,198","3,150","4,45M","0,79%"
"10.06.2015","3,150","3,100","3,167","3,082","7,30M","0,93%"
"09.06.2015","3,121","3,110","3,127","3,067","4,78M","0,10%"
"08.06.2015","3,118","3,153","3,168","3,117","3,78M","-1,24%"
"05.06.2015","3,157","3,153","3,184","3,136","4,15M","-0,57%"
"04.06.2015","3,175","3,182","3,210","3,145","5,77M","-1,40%"
"03.06.2015","3,220","3,229","3,239","3,197","4,15M","0,16%"
"02.06.2015","3,215","3,230","3,242","3,181","5,29M","0,03%"
"01.06.2015","3,214","3,258","3,270","3,199","5,06M","-0,99%"
"29.05.2015","3,246","3,295","3,310","3,246","15,01M","-1,67%"
"28.05.2015","3,301","3,293","3,315","3,265","6,02M","0,09%"
"27.05.2015","3,298","3,229","3,309","3,220","6,32M","2,30%"
"26.05.2015","3,224","3,224","3,270","3,175","6,36M","-0,15%"
"25.05.2015","3,229","3,288","3,290","3,165","3,34M","-2,92%"
"22.05.2015","3,326","3,345","3,346","3,308","3,70M","-0,42%"
"21.05.2015","3,340","3,315","3,340","3,303","2,93M","0,24%"
"20.05.2015","3,332","3,322","3,344","3,272","5,07M","0,66%"
"19.05.2015","3,310","3,290","3,345","3,290","6,59M","1,01%"
"18.05.2015","3,277","3,250","3,279","3,225","5,92M","1,61%"
"15.05.2015","3,225","3,225","3,256","3,210","4,64M","0,66%"
"14.05.2015","3,204","3,200","3,215","3,162","4,57M","0,22%"
"13.05.2015","3,197","3,193","3,213","3,166","6,03M","0,63%"
"12.05.2015","3,177","3,200","3,210","3,152","8,34M","-1,40%"
"11.05.2015","3,222","3,250","3,274","3,202","7,77M","-0,80%"
"08.05.2015","3,248","3,235","3,248","3,190","7,71M","1,28%"
"07.05.2015","3,207","3,180","3,219","3,131","9,27M","-0,12%"
"06.05.2015","3,211","3,181","3,219","3,155","14,34M","1,77%"
"05.05.2015","3,155","3,360","3,361","3,117","20,97M","-6,46%"
"04.05.2015","3,373","3,323","3,387","3,291","5,98M","1,54%"
"30.04.2015","3,322","3,320","3,346","3,296","6,97M","-0,36%"
"29.04.2015","3,334","3,391","3,392","3,312","5,75M","-1,42%"
"28.04.2015","3,382","3,430","3,455","3,350","4,98M","-1,40%"
"27.04.2015","3,430","3,370","3,443","3,339","5,01M","1,75%"
"24.04.2015","3,371","3,428","3,445","3,351","4,63M","-0,59%"
"23.04.2015","3,391","3,424","3,450","3,361","3,69M","-1,11%"
"22.04.2015","3,429","3,474","3,479","3,402","5,51M","-0,84%"
"21.04.2015","3,458","3,443","3,478","3,440","6,23M","0,88%"
"20.04.2015","3,428","3,511","3,530","3,411","11,63M","-2,34%"
"17.04.2015","3,510","3,585","3,607","3,483","8,65M","-2,42%"
"16.04.2015","3,597","3,610","3,620","3,586","7,13M","-0,22%"
"15.04.2015","3,605","3,590","3,617","3,539","5,61M","0,59%"
"14.04.2015","3,584","3,580","3,611","3,565","9,04M","0,00%"
"13.04.2015","3,584","3,532","3,597","3,531","6,24M","1,50%"
"10.04.2015","3,531","3,500","3,533","3,469","6,16M","0,89%"
"09.04.2015","3,500","3,487","3,500","3,468","4,89M","0,89%"
"08.04.2015","3,469","3,464","3,479","3,454","6,14M","0,35%"
"07.04.2015","3,457","3,470","3,486","3,450","5,32M","0,14%"
"02.04.2015","3,452","3,404","3,457","3,388","3,62M","1,32%"
"01.04.2015","3,407","3,381","3,467","3,365","7,33M","0,24%"
"31.03.2015","3,399","3,383","3,411","3,361","7,50M","0,15%"
"30.03.2015","3,394","3,325","3,419","3,305","7,03M","2,54%"
"27.03.2015","3,310","3,318","3,340","3,308","5,04M","0,09%"
"26.03.2015","3,307","3,300","3,313","3,246","5,71M","-0,48%"
"25.03.2015","3,323","3,330","3,351","3,301","4,61M","-0,39%"
"24.03.2015","3,336","3,286","3,354","3,277","8,68M","1,52%"
"23.03.2015","3,286","3,250","3,288","3,230","6,68M","1,26%"
"20.03.2015","3,245","3,174","3,260","3,171","13,61M","2,17%"
"19.03.2015","3,176","3,171","3,196","3,160","4,72M","-0,06%"
"18.03.2015","3,178","3,156","3,184","3,140","4,62M","0,38%"
"17.03.2015","3,166","3,196","3,197","3,123","3,99M","-0,78%"
"16.03.2015","3,191","3,175","3,196","3,163","5,53M","1,08%"
"13.03.2015","3,157","3,137","3,157","3,130","4,86M","0,93%"
"12.03.2015","3,128","3,138","3,138","3,103","10,60M","0,16%"
"11.03.2015","3,123","3,104","3,137","3,102","7,82M","0,97%"
"10.03.2015","3,093","3,170","3,172","3,081","10,50M","-2,67%"
"09.03.2015","3,178","3,150","3,178","3,143","4,06M","0,13%"
"06.03.2015","3,174","3,180","3,192","3,160","5,63M","0,00%"
"05.03.2015","3,174","3,150","3,180","3,150","5,55M","1,05%"
"04.03.2015","3,141","3,131","3,146","3,102","4,90M","0,96%"
"03.03.2015","3,111","3,170","3,178","3,110","5,66M","-1,55%"
"02.03.2015","3,160","3,142","3,174","3,136","5,38M","0,67%"
"27.02.2015","3,139","3,148","3,155","3,111","6,40M","-0,29%"
"26.02.2015","3,148","3,113","3,157","3,110","5,82M","0,74%"
"25.02.2015","3,125","3,147","3,159","3,117","4,79M","-0,60%"
"24.02.2015","3,144","3,130","3,146","3,100","7,30M","0,54%"
"23.02.2015","3,127","3,154","3,159","3,110","5,53M","0,26%"
"20.02.2015","3,119","3,125","3,130","3,086","5,75M","-0,35%"
"19.02.2015","3,130","3,111","3,135","3,082","7,33M","0,61%"
"18.02.2015","3,111","3,087","3,117","3,083","10,58M","1,60%"
"17.02.2015","3,062","3,036","3,070","3,003","5,65M","-0,39%"
"16.02.2015","3,074","3,087","3,099","3,055","5,89M","-0,19%"
"13.02.2015","3,080","3,066","3,108","3,061","7,93M","0,85%"
"12.02.2015","3,054","2,985","3,066","2,985","8,09M","2,76%"
"11.02.2015","2,972","3,020","3,030","2,970","6,28M","-1,16%"
"10.02.2015","3,007","2,987","3,009","2,958","7,55M","1,48%"
"09.02.2015","2,963","2,979","3,010","2,950","7,27M","-0,74%"
"06.02.2015","2,985","2,992","3,008","2,974","6,22M","-0,17%"
"05.02.2015","2,990","2,975","2,994","2,950","7,46M","-0,73%"
"04.02.2015","3,012","3,020","3,028","2,982","5,32M","-0,20%"
"03.02.2015","3,018","2,982","3,030","2,979","8,94M","1,82%"
"02.02.2015","2,964","2,985","2,996","2,929","5,12M","-0,70%"
"30.01.2015","2,985","2,970","2,998","2,959","8,05M","0,61%"
"29.01.2015","2,967","2,975","3,002","2,925","11,48M","-1,79%"
"28.01.2015","3,021","3,051","3,065","3,001","5,39M","-0,20%"
"27.01.2015","3,027","3,071","3,089","3,004","7,46M","-1,37%"
"26.01.2015","3,069","2,958","3,075","2,920","10,15M","2,81%"
"23.01.2015","2,985","3,000","3,028","2,971","8,66M","0,34%"
"22.01.2015","2,975","2,950","3,018","2,938","11,59M","0,92%"
"21.01.2015","2,948","2,926","2,948","2,885","8,19M","1,31%"
"20.01.2015","2,910","2,920","2,939","2,906","7,75M","0,17%"
"19.01.2015","2,905","2,901","2,918","2,883","4,01M","0,76%"
"16.01.2015","2,883","2,821","2,894","2,813","8,24M","1,76%"
"15.01.2015","2,833","2,809","2,842","2,712","6,42M","1,50%"
"14.01.2015","2,791","2,800","2,850","2,790","5,82M","-1,52%"
"13.01.2015","2,834","2,765","2,850","2,764","4,74M","2,31%"
"12.01.2015","2,770","2,789","2,804","2,753","7,19M","-0,57%"
"09.01.2015","2,786","2,816","2,835","2,753","10,03M","-1,45%"
"08.01.2015","2,827","2,805","2,830","2,779","7,10M","2,32%"
"07.01.2015","2,763","2,736","2,790","2,717","6,88M","1,58%"
"06.01.2015","2,720","2,741","2,764","2,701","5,21M","-0,69%"
"05.01.2015","2,739","2,834","2,852","2,731","6,29M","-3,66%"
"02.01.2015","2,843","2,843","2,864","2,792","4,11M","1,07%"