"Fecha","Último","Apertura","Máximo","Mínimo","Vol.","% var."
"31.12.2025","25,920","25,860","25,960","25,800","355,46K","0,31%"
"30.12.2025","25,840","25,520","25,860","25,520","996,91K","1,10%"
"29.12.2025","25,560","25,400","25,660","25,280","1,21M","0,71%"
"24.12.2025","25,380","25,300","25,440","25,280","290,78K","0,32%"
"23.12.2025","25,300","25,100","25,340","25,080","805,66K","1,12%"
"22.12.2025","25,020","24,700","25,020","24,700","864,52K","0,89%"
"19.12.2025","24,800","25,200","25,340","24,800","6,69M","-1,51%"
"18.12.2025","25,180","24,900","25,180","24,780","2,02M","1,78%"
"17.12.2025","24,740","24,600","24,800","24,540","1,65M","0,73%"
"16.12.2025","24,560","24,680","24,680","24,480","1,35M","0,24%"
"15.12.2025","24,500","24,700","24,720","24,500","6,16M","0,16%"
"12.12.2025","24,460","24,420","24,640","24,300","1,79M","0,16%"
"11.12.2025","24,420","24,760","24,860","24,360","4,81M","-6,65%"
"10.12.2025","26,160","26,200","26,320","26,080","470,14K","-0,23%"
"09.12.2025","26,220","26,400","26,460","26,080","599,46K","-0,76%"
"08.12.2025","26,420","26,760","26,960","26,400","694,96K","-1,20%"
"05.12.2025","26,740","27,020","27,140","26,720","625,35K","-2,05%"
"04.12.2025","27,300","27,160","27,300","27,080","935,57K","0,44%"
"03.12.2025","27,180","26,980","27,380","26,960","683,80K","0,52%"
"02.12.2025","27,040","26,720","27,040","26,480","959,91K","1,81%"
"01.12.2025","26,560","26,460","26,560","26,360","773,48K","0,15%"
"28.11.2025","26,520","26,660","26,660","26,340","582,85K","-0,53%"
"27.11.2025","26,660","26,720","26,880","26,580","429,99K","-0,37%"
"26.11.2025","26,760","26,500","26,840","26,340","548,45K","1,29%"
"25.11.2025","26,420","26,440","26,480","26,220","572,63K","0,15%"
"24.11.2025","26,380","26,600","26,600","26,340","17,53M","-0,15%"
"21.11.2025","26,420","27,040","27,120","26,420","814,41K","-2,15%"
"20.11.2025","27,000","26,920","27,100","26,780","645,88K","0,45%"
"19.11.2025","26,880","27,300","27,340","26,880","489,17K","-1,18%"
"18.11.2025","27,200","27,440","27,480","27,160","484,48K","-1,23%"
"17.11.2025","27,540","27,580","27,740","27,440","587,82K","0,15%"
"14.11.2025","27,500","27,140","27,500","27,060","869,58K","1,40%"
"13.11.2025","27,120","26,980","27,360","26,800","858,42K","1,19%"
"12.11.2025","26,800","26,600","26,800","26,400","841,17K","1,28%"
"11.11.2025","26,460","26,980","27,000","26,460","896,03K","-1,27%"
"10.11.2025","26,800","27,320","27,540","26,800","1,50M","-1,62%"
"07.11.2025","27,240","27,140","27,400","27,120","869,29K","0,74%"
"06.11.2025","27,040","27,100","27,200","26,880","1,02M","0,75%"
"05.11.2025","26,840","26,800","27,020","26,620","768,37K","0,37%"
"04.11.2025","26,740","26,020","26,740","25,980","751,00K","2,30%"
"03.11.2025","26,140","25,820","26,260","25,700","795,97K","-0,53%"
"31.10.2025","26,280","26,440","26,440","26,080","684,17K","-0,53%"
"30.10.2025","26,420","26,500","26,620","26,340","689,35K","-0,60%"
"29.10.2025","26,580","26,580","27,160","26,480","812,62K","-0,45%"
"28.10.2025","26,700","26,700","26,900","26,560","624,16K","0,07%"
"27.10.2025","26,680","26,520","26,680","26,440","490,19K","0,53%"
"24.10.2025","26,540","26,420","26,540","26,280","428,15K","0,45%"
"23.10.2025","26,420","26,480","26,540","26,380","340,24K","-0,15%"
"22.10.2025","26,460","26,560","26,760","26,460","583,70K","-0,15%"
"21.10.2025","26,500","26,720","26,800","26,500","523,87K","-0,60%"
"20.10.2025","26,660","26,680","26,880","26,620","569,36K","0,08%"
"17.10.2025","26,640","26,520","26,660","26,360","522,08K","0,53%"
"16.10.2025","26,500","26,400","26,500","26,280","572,15K","0,76%"
"15.10.2025","26,300","26,340","26,460","26,280","511,89K","0,00%"
"14.10.2025","26,300","26,400","26,540","26,300","655,34K","-0,08%"
"13.10.2025","26,320","26,280","26,340","26,120","663,42K","0,69%"
"10.10.2025","26,140","25,980","26,340","25,960","1,07M","0,69%"
"09.10.2025","25,960","26,060","26,100","25,880","647,97K","0,00%"
"08.10.2025","25,960","26,040","26,040","25,880","730,88K","0,46%"
"07.10.2025","25,840","26,060","26,320","25,820","2,26M","-4,08%"
"06.10.2025","26,940","26,780","27,080","26,720","683,31K","0,22%"
"03.10.2025","26,880","26,520","26,880","26,440","405,04K","1,43%"
"02.10.2025","26,500","26,280","26,500","26,100","462,74K","0,30%"
"01.10.2025","26,420","26,500","26,600","26,260","351,23K","-0,15%"
"30.09.2025","26,460","26,500","26,580","26,280","364,80K","-0,38%"
"29.09.2025","26,560","26,940","26,940","26,460","371,64K","-1,04%"
"26.09.2025","26,840","26,920","26,920","26,680","257,18K","0,30%"
"25.09.2025","26,760","26,440","26,900","26,320","445,48K","1,21%"
"24.09.2025","26,440","26,300","26,480","26,160","467,25K","1,38%"
"23.09.2025","26,080","26,000","26,160","26,000","212,30K","0,15%"
"22.09.2025","26,040","25,840","26,140","25,800","295,36K","0,77%"
"19.09.2025","25,840","25,600","25,840","25,600","3,39M","0,62%"
"18.09.2025","25,680","25,660","25,680","25,480","487,41K","0,39%"
"17.09.2025","25,580","25,720","25,780","25,520","399,71K","-0,70%"
"16.09.2025","25,760","26,360","26,360","25,760","680,96K","-2,42%"
"15.09.2025","26,400","26,580","26,620","26,360","340,22K","-0,45%"
"12.09.2025","26,520","26,300","26,520","26,240","412,87K","0,91%"
"11.09.2025","26,280","26,220","26,340","26,100","364,88K","0,38%"
"10.09.2025","26,180","26,240","26,240","25,800","868,57K","-0,08%"
"09.09.2025","26,200","26,340","26,420","26,080","402,63K","-0,76%"
"08.09.2025","26,400","26,460","26,520","26,320","224,71K","-0,53%"
"05.09.2025","26,540","26,300","26,560","26,240","290,33K","0,91%"
"04.09.2025","26,300","26,500","26,500","26,160","325,32K","-0,75%"
"03.09.2025","26,500","26,800","26,820","26,400","397,62K","-1,34%"
"02.09.2025","26,860","26,700","26,860","26,540","551,31K","0,52%"
"01.09.2025","26,720","27,120","27,160","26,700","282,55K","-1,40%"
"29.08.2025","27,100","27,200","27,400","27,100","439,02K","-0,22%"
"28.08.2025","27,160","27,300","27,340","27,040","411,58K","-0,44%"
"27.08.2025","27,280","27,440","27,540","27,280","310,66K","-0,44%"
"26.08.2025","27,400","27,240","27,640","27,200","528,30K","0,29%"
"25.08.2025","27,320","27,200","27,320","27,100","261,15K","-0,07%"
"22.08.2025","27,340","27,260","27,460","27,260","307,62K","-0,36%"
"21.08.2025","27,440","27,280","27,440","27,200","337,50K","0,51%"
"20.08.2025","27,300","27,120","27,340","27,100","406,40K","0,74%"
"19.08.2025","27,100","27,000","27,140","26,940","306,76K","0,07%"
"18.08.2025","27,080","27,200","27,340","26,980","350,42K","0,00%"
"15.08.2025","27,080","26,940","27,080","26,860","263,75K","0,45%"
"14.08.2025","26,960","26,960","27,040","26,800","481,79K","0,30%"
"13.08.2025","26,880","26,680","27,000","26,680","425,50K","0,83%"
"12.08.2025","26,660","26,500","26,780","26,420","485,38K","0,91%"
"11.08.2025","26,420","26,240","26,460","26,160","397,63K","0,76%"
"08.08.2025","26,220","26,580","26,640","26,220","629,24K","-1,13%"
"07.08.2025","26,520","26,500","26,800","26,340","483,33K","0,15%"
"06.08.2025","26,480","25,940","26,480","25,880","1,19M","2,24%"
"05.08.2025","25,900","26,240","26,320","25,620","2,55M","-7,17%"
"04.08.2025","27,900","27,300","27,900","27,280","232,18K","2,20%"
"01.08.2025","27,300","27,360","27,500","27,220","330,24K","-0,66%"
"31.07.2025","27,480","27,100","27,480","27,080","460,24K","1,33%"
"30.07.2025","27,120","26,780","27,120","26,700","224,05K","1,35%"
"29.07.2025","26,760","26,600","26,780","26,460","302,51K","0,30%"
"28.07.2025","26,680","27,060","27,080","26,640","387,45K","-2,98%"
"25.07.2025","27,500","27,420","27,540","27,160","354,93K","0,44%"
"24.07.2025","27,380","27,520","27,740","27,040","443,27K","0,37%"
"23.07.2025","27,280","27,320","27,820","26,780","718,59K","-0,94%"
"22.07.2025","27,540","27,200","27,660","27,200","317,16K","0,88%"
"21.07.2025","27,300","27,260","27,300","27,100","239,02K","0,96%"
"18.07.2025","27,040","26,900","27,120","26,900","396,03K","0,15%"
"17.07.2025","27,000","27,000","27,080","26,920","245,17K","0,00%"
"16.07.2025","27,000","27,000","27,100","26,980","194,12K","0,00%"
"15.07.2025","27,000","27,140","27,220","26,980","228,87K","-0,66%"
"14.07.2025","27,180","27,120","27,200","26,980","218,69K","0,22%"
"11.07.2025","27,120","27,020","27,180","26,940","193,46K","0,07%"
"10.07.2025","27,100","27,420","27,420","27,040","208,31K","-0,81%"
"09.07.2025","27,320","27,360","27,460","27,300","245,04K","-0,07%"
"08.07.2025","27,340","27,360","27,360","27,160","258,10K","0,29%"
"07.07.2025","27,260","27,380","27,460","27,180","236,93K","-0,94%"
"04.07.2025","27,520","27,300","27,540","27,120","248,46K","1,03%"
"03.07.2025","27,240","27,120","27,300","27,020","268,38K","0,29%"
"02.07.2025","27,160","27,280","27,360","27,020","316,06K","-0,22%"
"01.07.2025","27,220","27,140","27,480","26,920","427,16K","0,81%"
"30.06.2025","27,000","27,140","27,140","26,880","283,69K","0,67%"
"27.06.2025","26,820","26,500","26,920","26,440","300,31K","1,21%"
"26.06.2025","26,500","26,620","26,800","26,420","377,15K","-0,45%"
"25.06.2025","26,620","27,360","27,380","26,480","560,29K","-2,70%"
"24.06.2025","27,360","27,500","27,780","27,280","769,16K","-0,22%"
"23.06.2025","27,420","27,180","27,480","27,060","682,54K","0,44%"
"20.06.2025","27,300","26,760","27,300","26,380","2,58M","1,94%"
"19.06.2025","26,780","26,620","26,780","26,500","210,63K","0,45%"
"18.06.2025","26,660","26,700","26,880","26,640","316,63K","0,30%"
"17.06.2025","26,580","26,600","26,760","26,440","797,07K","-0,08%"
"16.06.2025","26,600","26,500","26,860","26,380","454,27K","0,38%"
"13.06.2025","26,500","26,380","26,520","26,280","206,70K","0,30%"
"12.06.2025","26,420","26,180","26,420","26,180","269,63K","0,69%"
"11.06.2025","26,240","26,140","26,320","26,100","168,01K","0,00%"
"10.06.2025","26,240","26,200","26,300","26,120","162,89K","0,08%"
"09.06.2025","26,220","26,300","26,320","26,100","135,45K","-0,30%"
"06.06.2025","26,300","26,080","26,300","26,080","337,40K","0,92%"
"05.06.2025","26,060","25,920","26,060","25,860","243,85K","0,70%"
"04.06.2025","25,880","25,960","26,120","25,880","441,85K","-0,38%"
"03.06.2025","25,980","26,160","26,220","25,980","260,76K","-0,38%"
"02.06.2025","26,080","26,020","26,140","25,880","282,07K","0,23%"
"30.05.2025","26,020","25,980","26,060","25,880","378,81K","0,70%"
"29.05.2025","25,840","25,980","25,980","25,740","227,54K","0,00%"
"28.05.2025","25,840","25,960","26,000","25,820","236,88K","-0,39%"
"27.05.2025","25,940","26,160","26,240","25,940","278,09K","-0,99%"
"26.05.2025","26,200","26,340","26,400","26,160","183,59K","-0,53%"
"23.05.2025","26,340","26,500","26,500","26,160","327,07K","-0,45%"
"22.05.2025","26,460","26,380","26,580","26,300","339,85K","-0,15%"
"21.05.2025","26,500","26,480","26,520","26,360","259,08K","0,00%"
"20.05.2025","26,500","26,240","26,500","26,220","783,24K","1,07%"
"19.05.2025","26,220","26,200","26,260","25,960","201,12K","0,15%"
"16.05.2025","26,180","25,980","26,180","25,960","298,97K","1,00%"
"15.05.2025","25,920","25,760","25,920","25,580","164,49K","0,86%"
"14.05.2025","25,700","25,420","25,740","25,420","226,11K","0,78%"
"13.05.2025","25,500","25,500","25,860","25,460","267,57K","0,39%"
"12.05.2025","25,400","25,740","25,840","25,220","317,66K","-1,47%"
"09.05.2025","25,780","25,880","25,980","25,760","158,03K","-0,08%"
"08.05.2025","25,800","26,140","26,140","25,760","253,76K","-1,60%"
"07.05.2025","26,220","26,180","26,240","26,100","194,02K","0,15%"
"06.05.2025","26,180","26,200","26,260","26,080","241,91K","0,08%"
"05.05.2025","26,160","25,980","26,240","25,980","115,65K","0,69%"
"02.05.2025","25,980","26,120","26,240","25,840","258,45K","-0,99%"
"30.04.2025","26,240","26,300","26,300","26,080","0,80K","-0,23%"
"29.04.2025","26,300","26,200","26,360","26,020","320,82K","0,54%"
"28.04.2025","26,160","26,000","26,160","25,940","382,36K","0,85%"
"25.04.2025","25,940","25,900","26,080","25,860","0,75K","0,15%"
"24.04.2025","25,900","25,680","25,980","25,680","365,94K","1,01%"
"23.04.2025","25,640","25,660","25,720","25,380","372,05K","0,16%"
"22.04.2025","25,600","25,300","25,680","25,300","184,90K","0,79%"
"17.04.2025","25,400","25,280","25,560","25,140","216,47K","0,47%"
"16.04.2025","25,280","24,720","25,340","24,720","320,93K","1,53%"
"15.04.2025","24,900","24,520","24,900","24,520","202,54K","1,38%"
"14.04.2025","24,560","24,500","24,640","24,320","199,31K","0,90%"
"11.04.2025","24,340","24,400","24,420","24,180","269,48K","0,33%"
"10.04.2025","24,260","24,440","24,480","23,900","372,12K","2,97%"
"09.04.2025","23,560","23,680","23,720","23,300","529,57K","-1,34%"
"08.04.2025","23,880","23,820","24,060","23,440","422,14K","0,42%"
"07.04.2025","23,780","24,300","24,320","23,340","1,14M","-5,86%"
"04.04.2025","25,260","26,240","26,260","25,180","617,87K","-3,73%"
"03.04.2025","26,240","26,060","26,280","26,000","319,92K","0,69%"
"02.04.2025","26,060","25,900","26,080","25,840","231,96K","0,39%"
"01.04.2025","25,960","25,720","25,960","25,580","323,81K","0,93%"
"31.03.2025","25,720","25,780","25,960","25,600","373,69K","-0,23%"
"28.03.2025","25,780","25,740","25,860","25,500","286,35K","0,62%"
"27.03.2025","25,620","25,600","25,780","25,480","341,91K","0,23%"
"26.03.2025","25,560","25,620","25,760","25,500","348,31K","-0,16%"
"25.03.2025","25,600","25,100","25,600","25,100","434,39K","2,24%"
"24.03.2025","25,040","25,300","25,420","25,040","427,18K","-0,63%"
"21.03.2025","25,200","25,340","25,560","25,200","1,81M","-0,40%"
"20.03.2025","25,300","25,260","25,520","25,220","241,10K","0,56%"
"19.03.2025","25,160","25,200","25,320","25,160","218,18K","-0,32%"
"18.03.2025","25,240","25,240","25,280","25,120","227,12K","0,08%"
"17.03.2025","25,220","25,140","25,280","25,060","233,25K","0,40%"
"14.03.2025","25,120","25,020","25,180","24,940","268,96K","0,72%"
"13.03.2025","24,940","24,800","25,000","24,760","233,30K","0,65%"
"12.03.2025","24,780","24,740","24,820","24,560","301,68K","0,08%"
"11.03.2025","24,760","24,860","24,960","24,560","279,28K","-0,08%"
"10.03.2025","24,780","25,100","25,160","24,700","270,80K","-0,80%"
"07.03.2025","24,980","24,780","25,040","24,680","254,64K","0,73%"
"06.03.2025","24,800","24,460","24,920","24,260","307,92K","1,39%"
"05.03.2025","24,460","24,700","24,780","24,360","0,42K","-1,21%"
"04.03.2025","24,760","24,900","25,080","24,740","237,62K","-0,48%"
"03.03.2025","24,880","25,060","25,080","24,680","347,34K","-0,48%"
"28.02.2025","25,000","25,200","25,360","24,940","441,24K","-0,64%"
"27.02.2025","25,160","25,260","25,280","25,020","245,83K","-0,55%"
"26.02.2025","25,300","25,120","25,520","25,120","293,49K","0,24%"
"25.02.2025","25,240","25,360","25,460","25,240","255,57K","-0,47%"
"24.02.2025","25,360","25,480","25,740","25,320","256,23K","-0,24%"
"21.02.2025","25,420","25,600","25,620","24,940","560,81K","-0,31%"
"20.02.2025","25,500","24,920","25,780","24,920","964,19K","4,34%"
"19.02.2025","24,440","24,480","24,620","24,320","148,79K","-0,16%"
"18.02.2025","24,480","24,500","24,560","24,300","178,39K","-0,41%"
"17.02.2025","24,580","24,520","24,660","24,440","245,27K","0,33%"
"14.02.2025","24,500","24,540","24,580","24,460","290,17K","0,00%"
"13.02.2025","24,500","24,540","24,560","24,320","160,48K","0,33%"
"12.02.2025","24,420","24,420","24,620","24,280","189,37K","0,25%"
"11.02.2025","24,360","24,660","24,700","24,360","0,72K","-1,14%"
"10.02.2025","24,640","24,480","24,680","24,440","166,81K","0,74%"
"07.02.2025","24,460","23,960","25,520","23,960","492,13K","2,34%"
"06.02.2025","23,900","24,460","24,540","23,900","286,07K","-2,37%"
"05.02.2025","24,480","24,640","24,760","24,400","196,15K","-0,81%"
"04.02.2025","24,680","23,880","24,680","23,840","419,72K","3,18%"
"03.02.2025","23,920","23,520","24,280","23,520","299,40K","1,01%"
"31.01.2025","23,680","23,520","23,760","23,440","194,69K","1,11%"
"30.01.2025","23,420","23,460","23,500","23,300","219,12K","0,09%"
"29.01.2025","23,400","23,380","23,460","23,160","194,37K","0,09%"
"28.01.2025","23,380","23,240","23,740","23,240","212,06K","0,34%"
"27.01.2025","23,300","23,300","23,740","23,280","229,48K","-0,09%"
"24.01.2025","23,320","23,800","23,800","23,300","147,62K","-1,60%"
"23.01.2025","23,700","23,560","23,800","23,480","222,20K","1,37%"
"22.01.2025","23,380","23,880","23,880","23,260","303,51K","-1,68%"
"21.01.2025","23,780","23,520","23,860","23,440","177,88K","0,85%"
"20.01.2025","23,580","23,660","23,760","23,440","200,53K","-0,59%"
"17.01.2025","23,720","23,580","23,760","23,520","224,75K","0,85%"
"16.01.2025","23,520","23,500","23,520","23,280","165,89K","0,26%"
"15.01.2025","23,460","23,280","23,480","23,060","255,30K","1,03%"
"14.01.2025","23,220","23,240","23,300","23,100","144,04K","-0,17%"
"13.01.2025","23,260","23,000","23,360","22,960","261,20K","0,87%"
"10.01.2025","23,060","23,780","23,820","22,960","321,04K","-3,51%"
"09.01.2025","23,900","23,660","24,000","23,660","82,86K","0,67%"
"08.01.2025","23,740","23,720","23,760","23,360","170,66K","-0,17%"
"07.01.2025","23,780","23,800","23,860","23,620","127,55K","-0,25%"
"06.01.2025","23,840","24,040","24,100","23,680","196,96K","-1,00%"
"03.01.2025","24,080","23,980","24,140","23,900","153,11K","0,42%"
"02.01.2025","23,980","23,600","24,020","23,560","280,43K","2,57%"
"31.12.2024","23,380","23,240","23,580","23,240","195,90K","0,09%"
"30.12.2024","23,360","23,040","23,400","23,040","182,76K","1,13%"
"27.12.2024","23,100","22,760","23,220","22,760","274,95K","-0,60%"
"24.12.2024","23,240","23,160","23,320","23,160","90,41K","0,52%"
"23.12.2024","23,120","23,100","23,220","23,000","210,77K","-0,09%"
"20.12.2024","23,140","22,520","23,140","22,420","1,57M","1,58%"
"19.12.2024","22,780","22,860","22,880","22,500","259,18K","-1,30%"
"18.12.2024","23,080","23,060","23,180","23,020","263,71K","0,00%"
"17.12.2024","23,080","22,940","23,140","22,680","449,36K","0,44%"
"16.12.2024","22,980","23,020","23,060","22,860","214,17K","-0,09%"
"13.12.2024","23,000","23,260","23,360","22,900","267,54K","-1,20%"
"12.12.2024","23,280","23,480","23,600","23,280","202,72K","-1,36%"
"11.12.2024","23,600","23,700","23,740","23,500","197,90K","0,08%"
"10.12.2024","23,580","23,500","23,620","23,340","167,61K","0,68%"
"09.12.2024","23,420","23,500","23,620","23,380","158,83K","-0,43%"
"06.12.2024","23,520","23,760","23,940","23,500","180,03K","0,09%"
"05.12.2024","23,500","23,480","23,520","23,380","174,83K","0,34%"
"04.12.2024","23,420","23,420","23,580","23,380","213,04K","-0,34%"
"03.12.2024","23,500","23,320","23,580","23,320","165,62K","0,60%"
"02.12.2024","23,360","23,180","23,600","23,180","246,60K","0,17%"
"29.11.2024","23,320","23,180","23,520","23,180","358,43K","1,13%"
"28.11.2024","23,060","23,060","23,100","22,780","201,99K","0,09%"
"27.11.2024","23,040","23,000","23,040","22,720","294,53K","0,44%"
"26.11.2024","22,940","23,000","23,120","22,860","254,74K","-0,78%"
"25.11.2024","23,120","22,840","23,180","22,760","408,03K","1,40%"
"22.11.2024","22,800","22,480","22,860","22,460","228,36K","1,60%"
"21.11.2024","22,440","22,520","22,540","22,280","325,96K","-0,36%"
"20.11.2024","22,520","22,480","22,700","22,440","184,87K","0,18%"
"19.11.2024","22,480","22,600","22,660","22,420","235,39K","-0,44%"
"18.11.2024","22,580","22,580","22,660","22,440","244,67K","0,53%"
"15.11.2024","22,460","22,180","22,620","22,180","421,16K","0,90%"
"14.11.2024","22,260","21,680","22,260","21,640","298,88K","2,87%"
"13.11.2024","21,640","21,720","21,840","21,640","333,43K","-0,82%"
"12.11.2024","21,820","22,000","22,000","21,700","347,32K","-0,82%"
"11.11.2024","22,000","22,200","22,260","21,960","215,42K","0,00%"
"08.11.2024","22,000","22,080","22,220","22,000","229,64K","-0,09%"
"07.11.2024","22,020","21,660","22,160","21,660","266,12K","1,10%"
"06.11.2024","21,780","22,260","22,360","21,680","442,04K","-2,07%"
"05.11.2024","22,240","22,460","22,580","22,160","338,27K","-0,98%"
"04.11.2024","22,460","22,720","23,140","22,460","407,61K","-2,85%"
"01.11.2024","23,120","22,860","23,240","22,860","283,30K","1,14%"
"31.10.2024","22,860","23,300","23,460","22,860","497,94K","-2,14%"
"30.10.2024","23,360","23,280","23,540","23,280","276,32K","0,34%"
"29.10.2024","23,280","23,340","23,580","23,240","248,60K","-0,26%"
"28.10.2024","23,340","23,260","23,480","23,240","196,07K","0,52%"
"25.10.2024","23,220","23,200","23,280","23,120","249,78K","-0,17%"
"24.10.2024","23,260","23,260","23,440","23,260","141,34K","0,09%"
"23.10.2024","23,240","23,080","23,360","23,080","174,46K","0,78%"
"22.10.2024","23,060","23,220","23,280","22,860","317,85K","-1,20%"
"21.10.2024","23,340","23,480","23,560","23,300","271,79K","-0,77%"
"18.10.2024","23,520","23,500","23,600","23,440","356,06K","0,09%"
"17.10.2024","23,500","23,820","23,940","23,480","284,35K","-1,34%"
"16.10.2024","23,820","23,800","23,960","23,620","307,15K","-0,17%"
"15.10.2024","23,860","23,720","24,020","23,660","352,72K","1,02%"
"14.10.2024","23,620","23,620","23,660","23,500","146,27K","0,00%"
"11.10.2024","23,620","23,280","23,620","23,280","222,61K","1,64%"
"10.10.2024","23,240","23,540","23,560","23,100","222,18K","-1,36%"
"09.10.2024","23,560","23,740","23,920","23,500","269,17K","-1,01%"
"08.10.2024","23,800","23,520","23,840","23,500","446,92K","0,93%"
"07.10.2024","23,580","23,220","23,580","23,140","344,83K","1,55%"
"04.10.2024","23,220","23,240","23,280","22,960","413,99K","0,09%"
"03.10.2024","23,200","23,120","23,320","23,120","312,59K","0,09%"
"02.10.2024","23,180","23,380","23,520","23,100","304,65K","-1,28%"
"01.10.2024","23,480","23,460","23,640","23,260","329,03K","1,12%"
"30.09.2024","23,220","23,360","23,600","23,180","397,58K","-1,02%"
"27.09.2024","23,460","23,200","23,540","23,200","384,71K","1,03%"
"26.09.2024","23,220","23,100","23,220","23,100","291,26K","0,61%"
"25.09.2024","23,080","23,160","23,260","22,920","298,68K","-0,52%"
"24.09.2024","23,200","23,060","23,200","22,880","285,50K","0,87%"
"23.09.2024","23,000","22,700","23,080","22,680","370,98K","1,41%"
"20.09.2024","22,680","22,220","22,860","22,220","1,07M","1,89%"
"19.09.2024","22,260","22,580","22,580","22,080","464,76K","-0,80%"
"18.09.2024","22,440","23,020","23,100","22,400","459,00K","-2,43%"
"17.09.2024","23,000","23,120","23,220","22,940","331,58K","0,09%"
"16.09.2024","22,980","23,000","23,120","22,980","177,52K","-0,09%"
"13.09.2024","23,000","23,000","23,140","22,980","170,69K","0,17%"
"12.09.2024","22,960","23,000","23,140","22,900","199,69K","-0,17%"
"11.09.2024","23,000","22,820","23,120","22,820","172,18K","0,26%"
"10.09.2024","22,940","22,820","23,240","22,820","472,09K","0,35%"
"09.09.2024","22,860","23,000","23,040","22,860","253,56K","-0,35%"
"06.09.2024","22,940","22,980","23,080","22,820","285,67K","-0,26%"
"05.09.2024","23,000","22,860","23,180","22,860","306,76K","0,44%"
"04.09.2024","22,900","22,840","23,060","22,500","426,74K","-0,35%"
"03.09.2024","22,980","22,980","23,000","22,840","462,18K","0,09%"
"02.09.2024","22,960","23,060","23,120","22,940","282,15K","-0,43%"
"30.08.2024","23,060","23,100","23,260","23,060","324,56K","0,26%"
"29.08.2024","23,000","23,040","23,140","22,960","517,21K","-0,26%"
"28.08.2024","23,060","23,140","23,220","23,020","179,53K","-0,09%"
"27.08.2024","23,080","23,200","23,280","23,000","201,42K","-0,52%"
"26.08.2024","23,200","23,100","23,240","23,100","193,31K","0,09%"
"23.08.2024","23,180","22,980","23,180","22,880","191,30K","0,87%"
"22.08.2024","22,980","22,800","23,040","22,800","265,45K","0,35%"
"21.08.2024","22,900","22,900","22,980","22,800","240,12K","0,09%"
"20.08.2024","22,880","23,000","23,000","22,800","231,72K","-0,52%"
"19.08.2024","23,000","22,840","23,000","22,820","295,87K","0,61%"
"16.08.2024","22,860","22,680","22,920","22,640","316,96K","0,97%"
"15.08.2024","22,640","22,760","22,860","22,640","236,23K","-0,18%"
"14.08.2024","22,680","22,560","22,760","22,440","448,21K","0,89%"
"13.08.2024","22,480","22,220","22,520","22,220","365,71K","1,08%"
"12.08.2024","22,240","22,300","22,340","22,140","254,59K","0,36%"
"09.08.2024","22,160","22,220","22,440","22,140","366,33K","-0,45%"
"08.08.2024","22,260","22,340","22,360","22,180","329,46K","-0,36%"
"07.08.2024","22,340","22,140","22,380","22,040","476,57K","0,99%"
"06.08.2024","22,120","21,800","22,200","21,720","543,11K","0,91%"
"05.08.2024","21,920","22,000","22,260","21,920","924,57K","-2,49%"
"02.08.2024","22,480","22,000","22,660","22,000","564,32K","2,00%"
"01.08.2024","22,040","22,100","22,280","21,980","322,11K","-0,63%"
"31.07.2024","22,180","22,600","22,600","22,180","502,19K","-1,25%"
"30.07.2024","22,460","22,280","22,460","22,200","264,23K","-1,32%"
"29.07.2024","22,760","22,860","22,920","22,600","1,09M","0,09%"
"26.07.2024","22,740","22,680","22,780","22,480","1,89M","-0,26%"
"25.07.2024","22,800","22,280","22,800","22,280","798,95K","2,15%"
"24.07.2024","22,320","22,300","22,500","22,140","1,24M","0,45%"
"23.07.2024","22,220","22,220","22,420","22,000","1,19M","1,28%"
"22.07.2024","21,940","22,060","22,160","21,940","727,93K","0,09%"
"19.07.2024","21,920","22,000","22,080","21,860","562,18K","-0,72%"
"18.07.2024","22,080","22,000","22,140","21,920","550,17K","0,91%"
"17.07.2024","21,880","21,440","21,920","21,440","455,48K","1,77%"
"16.07.2024","21,500","21,380","21,700","21,220","322,74K","0,09%"
"15.07.2024","21,480","21,800","21,840","21,480","569,52K","-1,29%"
"12.07.2024","21,760","21,820","21,940","21,720","304,14K","0,00%"
"11.07.2024","21,760","21,720","21,960","21,640","573,29K","0,74%"
"10.07.2024","21,600","21,400","21,680","21,360","545,39K","1,41%"
"09.07.2024","21,300","21,500","21,560","21,180","922,56K","0,09%"
"08.07.2024","21,280","21,160","21,360","21,060","1,18M","0,00%"
"05.07.2024","21,280","20,960","21,340","20,920","581,88K","1,53%"
"04.07.2024","20,960","20,800","20,980","20,800","415,79K","0,87%"
"03.07.2024","20,780","20,600","20,900","20,560","493,36K","1,46%"
"02.07.2024","20,480","20,540","20,660","20,420","683,51K","-0,97%"
"01.07.2024","20,680","20,360","20,700","20,300","456,89K","2,58%"
"28.06.2024","20,160","20,300","20,460","20,160","623,71K","-0,79%"
"27.06.2024","20,320","20,680","20,720","20,260","490,68K","-1,55%"
"26.06.2024","20,640","20,720","20,900","20,600","330,35K","-0,39%"
"25.06.2024","20,720","20,920","21,160","20,620","516,57K","-0,48%"
"24.06.2024","20,820","20,220","20,880","20,160","527,15K","3,48%"
"21.06.2024","20,120","20,680","20,680","20,120","3,43M","-1,66%"
"20.06.2024","20,460","20,360","20,540","20,340","788,27K","0,79%"
"19.06.2024","20,300","20,560","20,780","20,300","926,74K","-1,26%"
"18.06.2024","20,560","20,460","20,780","20,420","683,88K","0,59%"
"17.06.2024","20,440","21,100","21,100","20,240","1,91M","-2,57%"
"14.06.2024","20,980","21,100","21,240","20,820","942,53K","-0,29%"
"13.06.2024","21,040","21,020","21,400","20,900","839,07K","1,06%"
"12.06.2024","20,820","21,300","21,340","20,820","1,67M","-1,51%"
"11.06.2024","21,140","22,000","22,080","21,100","4,44M","-14,96%"
"10.06.2024","24,860","24,580","24,960","24,520","2,80M","0,65%"
"07.06.2024","24,700","24,700","24,700","24,440","430,07K","0,08%"
"06.06.2024","24,680","24,600","24,780","24,580","249,06K","0,41%"
"05.06.2024","24,580","24,780","24,820","24,540","298,99K","-0,49%"
"04.06.2024","24,700","24,700","24,860","24,620","398,43K","-0,40%"
"03.06.2024","24,800","24,840","24,880","24,580","294,75K","0,49%"
"31.05.2024","24,680","24,700","24,720","24,480","431,41K","0,16%"
"30.05.2024","24,640","24,320","24,640","24,320","611,45K","1,15%"
"29.05.2024","24,360","24,560","24,760","24,320","401,77K","-1,30%"
"28.05.2024","24,680","24,960","25,040","24,680","383,15K","-0,56%"
"27.05.2024","24,820","24,580","24,840","24,540","186,85K","1,14%"
"24.05.2024","24,540","24,620","24,820","24,200","505,24K","-0,73%"
"23.05.2024","24,720","24,840","25,000","24,720","508,89K","-0,80%"
"22.05.2024","24,920","24,920","25,100","24,860","305,21K","-0,40%"
"21.05.2024","25,020","24,960","25,080","24,720","355,35K","0,16%"
"20.05.2024","24,980","25,000","25,180","24,860","274,62K","-0,16%"
"17.05.2024","25,020","24,860","25,040","24,840","393,14K","0,72%"
"16.05.2024","24,840","24,980","25,000","24,660","450,80K","-0,24%"
"15.05.2024","24,900","24,920","25,000","24,740","1,48M","-0,16%"
"14.05.2024","24,940","24,980","25,160","24,860","660,82K","0,81%"
"13.05.2024","24,740","24,680","24,920","24,680","449,20K","0,49%"
"10.05.2024","24,620","24,500","24,880","24,480","725,24K","0,98%"
"09.05.2024","24,380","24,280","24,400","24,120","279,92K","0,08%"
"08.05.2024","24,360","24,100","24,400","24,100","353,26K","1,25%"
"07.05.2024","24,060","23,980","24,060","23,860","526,83K","0,25%"
"06.05.2024","24,000","24,120","24,160","23,940","249,93K","-0,25%"
"03.05.2024","24,060","23,860","24,340","23,860","441,48K","0,84%"
"02.05.2024","23,860","23,700","23,980","23,600","741,71K","0,59%"
"30.04.2024","23,720","23,960","24,060","23,700","880,92K","-0,92%"
"29.04.2024","23,940","23,400","24,100","23,380","673,78K","2,48%"
"26.04.2024","23,360","23,260","23,620","23,260","495,87K","-0,09%"
"25.04.2024","23,380","23,800","23,820","23,280","675,71K","-2,26%"
"24.04.2024","23,920","23,660","23,960","23,520","1,19M","0,84%"
"23.04.2024","23,720","23,220","23,800","23,160","1,21M","1,80%"
"22.04.2024","23,300","23,300","23,360","22,960","1,01M","1,48%"
"19.04.2024","22,960","23,000","23,100","22,760","872,15K","0,26%"
"18.04.2024","22,900","23,740","23,960","22,840","2,34M","0,26%"
"17.04.2024","22,840","22,000","22,940","21,760","3,07M","6,13%"
"16.04.2024","21,520","21,300","22,740","21,220","4,40M","3,36%"
"15.04.2024","20,820","20,900","21,100","20,700","1,73M","0,00%"
"12.04.2024","20,820","20,500","21,240","20,300","1,80M","1,76%"
"11.04.2024","20,460","20,300","20,920","20,240","1,69M","0,49%"
"10.04.2024","20,360","20,300","21,160","19,770","3,43M","0,39%"
"09.04.2024","20,280","20,220","20,360","20,000","1,24M","0,70%"
"08.04.2024","20,140","19,900","20,220","19,700","1,53M","0,90%"
"05.04.2024","19,960","20,200","20,300","19,940","1,16M","-3,20%"
"04.04.2024","20,620","20,400","20,660","20,300","1,03M","1,08%"
"03.04.2024","20,400","20,280","20,440","20,120","783,07K","0,49%"
"02.04.2024","20,300","20,180","20,460","20,160","2,03M","1,00%"
"28.03.2024","20,100","20,180","20,220","19,980","839,98K","-0,20%"
"27.03.2024","20,140","20,080","20,140","19,820","675,02K","0,50%"
"26.03.2024","20,040","19,810","20,140","19,680","610,48K","0,96%"
"25.03.2024","19,850","19,700","19,880","19,650","461,28K","0,81%"
"22.03.2024","19,690","19,840","19,940","19,660","429,10K","-0,51%"
"21.03.2024","19,790","19,890","20,060","19,750","445,85K","-0,55%"
"20.03.2024","19,900","20,080","20,100","19,820","488,17K","-1,00%"
"19.03.2024","20,100","19,750","20,120","19,670","597,49K","1,93%"
"18.03.2024","19,720","20,160","20,180","19,650","802,73K","-2,18%"
"15.03.2024","20,160","19,800","20,200","19,730","2,68M","2,18%"
"14.03.2024","19,730","19,600","19,890","19,580","618,24K","0,97%"
"13.03.2024","19,540","19,770","19,840","19,510","858,05K","-0,81%"
"12.03.2024","19,700","20,420","20,440","19,680","1,05M","-3,05%"
"11.03.2024","20,320","20,520","20,700","20,260","712,64K","-0,49%"
"08.03.2024","20,420","20,860","20,880","20,340","912,57K","-2,11%"
"07.03.2024","20,860","20,680","21,100","20,660","508,61K","0,58%"
"06.03.2024","20,740","20,880","21,180","20,700","920,01K","-0,67%"
"05.03.2024","20,880","20,500","21,000","20,380","812,80K","2,05%"
"04.03.2024","20,460","21,080","21,100","20,400","1,24M","-3,03%"
"01.03.2024","21,100","21,940","22,100","21,020","1,20M","-3,56%"
"29.02.2024","21,880","22,060","22,460","21,880","18,68M","-0,18%"
"28.02.2024","21,920","22,220","22,220","21,660","1,13M","-1,79%"
"27.02.2024","22,320","22,280","22,520","21,900","879,73K","-0,71%"
"26.02.2024","22,480","22,980","23,060","22,320","687,64K","-2,85%"
"23.02.2024","23,140","23,100","23,140","22,980","437,11K","0,17%"
"22.02.2024","23,100","23,200","23,200","22,940","575,22K","-0,26%"
"21.02.2024","23,160","22,960","23,160","22,940","453,05K","0,61%"
"20.02.2024","23,020","22,840","23,100","22,740","395,71K","0,52%"
"19.02.2024","22,900","22,920","23,100","22,720","407,05K","-0,17%"
"16.02.2024","22,940","23,260","23,300","22,780","468,64K","-1,21%"
"15.02.2024","23,220","23,280","23,380","23,120","357,96K","-0,17%"
"14.02.2024","23,260","23,340","23,500","23,260","305,36K","-0,68%"
"13.02.2024","23,420","23,400","23,580","23,160","517,54K","-0,76%"
"12.02.2024","23,600","23,380","23,760","23,380","354,72K","1,20%"
"09.02.2024","23,320","23,600","23,700","23,100","660,29K","-1,35%"
"08.02.2024","23,640","23,540","23,940","23,520","337,86K","0,25%"
"07.02.2024","23,580","24,120","24,180","23,460","663,71K","-2,32%"
"06.02.2024","24,140","24,400","24,460","24,000","316,28K","-1,47%"
"05.02.2024","24,500","24,280","24,700","24,280","373,94K","0,66%"
"02.02.2024","24,340","24,740","24,860","24,320","290,89K","-1,30%"
"01.02.2024","24,660","24,840","24,980","24,600","365,12K","-1,36%"
"31.01.2024","25,000","25,060","25,160","24,880","362,08K","0,00%"
"30.01.2024","25,000","25,000","25,200","24,960","276,63K","-0,32%"
"29.01.2024","25,080","25,100","25,160","24,760","337,42K","-0,40%"
"26.01.2024","25,180","25,380","25,480","25,080","248,27K","-0,55%"
"25.01.2024","25,320","25,520","25,560","25,220","211,54K","-0,94%"
"24.01.2024","25,560","26,000","26,000","25,560","191,20K","-0,54%"
"23.01.2024","25,700","26,040","26,160","25,700","330,78K","-1,00%"
"22.01.2024","25,960","25,320","26,020","25,240","545,97K","2,61%"
"19.01.2024","25,300","25,860","25,920","25,220","383,10K","-1,71%"
"18.01.2024","25,740","26,060","26,120","25,660","346,94K","-1,45%"
"17.01.2024","26,120","26,500","26,500","25,880","383,17K","-2,25%"
"16.01.2024","26,720","27,040","27,040","26,660","163,01K","-1,47%"
"15.01.2024","27,120","27,260","27,280","27,000","231,22K","-0,22%"
"12.01.2024","27,180","26,900","27,200","26,900","170,06K","1,04%"
"11.01.2024","26,900","27,000","27,060","26,820","295,92K","-0,07%"
"10.01.2024","26,920","26,920","27,020","26,880","343,21K","-0,30%"
"09.01.2024","27,000","27,040","27,100","26,920","295,10K","-0,15%"
"08.01.2024","27,040","26,940","27,080","26,800","202,30K","-0,07%"
"05.01.2024","27,060","26,960","27,120","26,820","276,53K","-0,15%"
"04.01.2024","27,100","26,800","27,100","26,800","601,16K","1,27%"
"03.01.2024","26,760","26,920","27,100","26,640","490,92K","-0,96%"
"02.01.2024","27,020","27,000","27,180","26,860","354,14K","0,07%"
"29.12.2023","27,000","26,980","27,040","26,880","217,75K","0,37%"
"28.12.2023","26,900","27,000","27,020","26,840","177,79K","-0,37%"
"27.12.2023","27,000","27,120","27,140","26,880","165,17K","-0,30%"
"22.12.2023","27,080","27,000","27,160","26,980","119,77K","0,30%"
"21.12.2023","27,000","26,960","27,100","26,940","197,13K","-0,30%"
"20.12.2023","27,080","27,060","27,120","26,940","275,20K","0,30%"
"19.12.2023","27,000","27,260","27,280","26,940","332,23K","-0,81%"
"18.12.2023","27,220","27,620","27,620","27,180","293,67K","-1,95%"
"15.12.2023","27,760","28,060","28,140","27,520","901,16K","-1,14%"
"14.12.2023","28,080","28,260","28,440","27,900","342,20K","0,29%"
"13.12.2023","28,000","27,800","28,020","27,720","250,25K","0,72%"
"12.12.2023","27,800","27,860","28,100","27,780","295,31K","-0,22%"
"11.12.2023","27,860","28,040","28,100","27,520","219,10K","-0,92%"
"08.12.2023","28,120","27,780","28,120","27,780","251,52K","0,79%"
"07.12.2023","27,900","27,900","28,040","27,780","175,91K","-0,43%"
"06.12.2023","28,020","27,760","28,160","27,760","379,28K","1,01%"
"05.12.2023","27,740","27,680","27,840","27,580","219,61K","0,22%"
"04.12.2023","27,680","27,420","27,740","27,420","151,54K","0,73%"
"01.12.2023","27,480","27,540","27,540","27,280","233,40K","0,22%"
"30.11.2023","27,420","27,220","27,680","27,200","1,37M","0,81%"
"29.11.2023","27,200","27,200","27,460","27,100","225,81K","-0,37%"
"28.11.2023","27,300","27,660","27,660","27,260","400,02K","-0,80%"
"27.11.2023","27,520","27,300","27,640","27,300","177,13K","0,51%"
"24.11.2023","27,380","27,260","27,420","27,200","131,48K","0,66%"
"23.11.2023","27,200","27,100","27,260","26,980","186,32K","0,74%"
"22.11.2023","27,000","27,120","27,180","26,860","268,94K","0,22%"
"21.11.2023","26,940","27,160","27,420","26,800","309,14K","-0,74%"
"20.11.2023","27,140","26,940","27,200","26,920","238,53K","0,59%"
"17.11.2023","26,980","26,860","27,100","26,760","457,97K","0,67%"
"16.11.2023","26,800","26,740","27,040","26,720","238,32K","1,06%"
"15.11.2023","26,520","26,820","26,920","26,300","281,70K","-1,04%"
"14.11.2023","26,800","26,600","26,880","26,500","192,48K","1,21%"
"13.11.2023","26,480","26,680","26,680","26,480","162,13K","-0,38%"
"10.11.2023","26,580","26,500","26,760","26,500","202,45K","-0,37%"
"09.11.2023","26,680","26,500","26,760","26,500","191,27K","0,68%"
"08.11.2023","26,500","26,460","26,580","26,420","244,45K","-0,15%"
"07.11.2023","26,540","26,440","26,640","26,440","202,48K","0,15%"
"06.11.2023","26,500","26,520","26,640","26,460","280,34K","-0,38%"
"03.11.2023","26,600","26,560","26,940","26,500","227,17K","-1,48%"
"02.11.2023","27,000","26,900","27,060","26,780","259,34K","1,20%"
"01.11.2023","26,680","26,660","26,680","26,480","324,17K","-0,07%"
"31.10.2023","26,700","26,760","26,880","26,520","902,59K","0,68%"
"30.10.2023","26,520","26,480","26,720","26,420","210,00K","0,99%"
"27.10.2023","26,260","26,660","26,760","26,240","445,60K","-0,91%"
"26.10.2023","26,500","26,780","26,920","26,500","987,00K","-0,97%"
"25.10.2023","26,760","26,720","26,880","26,500","271,22K","0,30%"
"24.10.2023","26,680","25,940","26,700","25,920","364,43K","3,09%"
"23.10.2023","25,880","26,140","26,220","25,640","261,00K","-1,07%"
"20.10.2023","26,160","26,160","26,420","26,100","467,95K","-0,76%"
"19.10.2023","26,360","26,140","26,440","26,140","597,89K","0,53%"
"18.10.2023","26,220","26,000","26,280","26,000","310,56K","-0,15%"
"17.10.2023","26,260","26,520","26,720","26,220","243,55K","-1,13%"
"16.10.2023","26,560","26,660","26,680","26,360","181,73K","1,07%"
"13.10.2023","26,280","26,640","26,640","26,240","133,43K","-0,38%"
"12.10.2023","26,380","26,460","26,680","26,280","283,03K","0,15%"
"11.10.2023","26,340","26,100","26,480","26,100","264,59K","0,61%"
"10.10.2023","26,180","25,700","26,180","25,700","317,45K","2,43%"
"09.10.2023","25,560","25,580","25,740","25,440","408,76K","0,39%"
"06.10.2023","25,460","25,220","25,460","25,060","278,80K","0,71%"
"05.10.2023","25,280","25,200","25,380","25,040","291,92K","1,12%"
"04.10.2023","25,000","25,020","25,380","24,920","291,73K","0,00%"
"03.10.2023","25,000","25,020","25,260","24,900","450,12K","-0,56%"
"02.10.2023","25,140","25,860","26,020","25,140","435,99K","-2,41%"
"29.09.2023","25,760","25,720","26,060","25,660","278,49K","1,10%"
"28.09.2023","25,480","25,700","25,820","25,340","504,14K","-1,09%"
"27.09.2023","25,760","26,100","26,100","25,760","225,08K","-1,60%"
"26.09.2023","26,180","26,100","26,340","25,900","355,38K","-0,08%"
"25.09.2023","26,200","26,620","26,620","26,100","189,39K","-1,73%"
"22.09.2023","26,660","26,620","26,900","26,560","364,35K","-0,74%"
"21.09.2023","26,860","27,620","27,700","26,820","298,98K","-3,17%"
"20.09.2023","27,740","27,520","27,740","27,500","233,89K","0,80%"
"19.09.2023","27,520","27,300","27,660","27,280","183,26K","0,73%"
"18.09.2023","27,320","27,140","27,480","27,100","163,52K","0,29%"
"15.09.2023","27,240","27,280","27,460","27,180","931,94K","0,29%"
"14.09.2023","27,160","26,700","27,160","26,680","312,41K","1,57%"
"13.09.2023","26,740","26,860","26,900","26,500","258,90K","-0,37%"
"12.09.2023","26,840","26,460","26,900","26,400","322,71K","0,15%"
"11.09.2023","26,800","26,500","26,860","26,500","191,76K","0,90%"
"08.09.2023","26,560","26,460","26,640","26,240","149,86K","0,68%"
"07.09.2023","26,380","26,080","26,580","26,060","359,39K","0,84%"
"06.09.2023","26,160","25,980","26,200","25,840","222,16K","0,77%"
"05.09.2023","25,960","26,100","26,320","25,960","138,13K","-0,46%"
"04.09.2023","26,080","26,580","26,620","26,080","171,05K","-1,88%"
"01.09.2023","26,580","26,560","26,760","26,480","179,17K","-0,60%"
"31.08.2023","26,740","26,920","27,120","26,740","691,58K","-0,45%"
"30.08.2023","26,860","26,960","27,240","26,720","216,47K","-0,37%"
"29.08.2023","26,960","26,560","27,000","26,540","300,35K","1,74%"
"28.08.2023","26,500","26,300","26,640","26,260","12,13K","1,15%"
"25.08.2023","26,200","25,960","26,320","25,960","143,91K","0,38%"
"24.08.2023","26,100","25,800","26,240","25,800","184,04K","0,08%"
"23.08.2023","26,080","25,640","26,180","25,640","208,13K","1,40%"
"22.08.2023","25,720","25,520","25,880","25,520","135,07K","0,70%"
"21.08.2023","25,540","25,460","25,760","25,440","317,03K","0,39%"
"18.08.2023","25,440","25,620","25,800","25,320","213,91K","-0,70%"
"17.08.2023","25,620","26,160","26,300","25,600","253,33K","-2,36%"
"16.08.2023","26,240","26,040","26,380","26,040","211,28K","1,23%"
"15.08.2023","25,920","26,200","26,200","25,840","235,93K","-1,07%"
"14.08.2023","26,200","26,260","26,300","26,120","141,29K","-0,30%"
"11.08.2023","26,280","26,340","26,600","26,240","150,91K","-1,28%"
"10.08.2023","26,620","26,460","26,620","26,360","132,71K","1,14%"
"09.08.2023","26,320","26,500","26,520","26,160","148,89K","0,08%"
"08.08.2023","26,300","26,440","26,640","26,240","204,01K","-0,45%"
"07.08.2023","26,420","26,420","26,480","26,020","196,02K","-0,30%"
"04.08.2023","26,500","26,220","26,580","26,120","185,95K","1,22%"
"03.08.2023","26,180","26,420","26,500","26,100","364,28K","-3,32%"
"02.08.2023","27,080","27,240","27,360","27,020","323,76K","-1,24%"
"01.08.2023","27,420","27,680","27,920","27,420","194,01K","-1,15%"
"31.07.2023","27,740","27,760","27,840","27,660","430,89K","-0,07%"
"28.07.2023","27,760","27,900","27,980","27,640","185,59K","-0,79%"
"27.07.2023","27,980","27,700","28,180","27,680","252,44K","1,30%"
"26.07.2023","27,620","27,540","27,860","27,440","468,14K","0,95%"
"25.07.2023","27,360","27,360","27,480","26,820","274,59K","-0,65%"
"24.07.2023","27,540","26,800","27,640","26,800","383,92K","0,07%"
"21.07.2023","27,520","27,180","27,520","27,180","248,62K","1,33%"
"20.07.2023","27,160","27,080","27,300","26,920","224,21K","1,12%"
"19.07.2023","26,860","26,640","27,080","26,640","191,65K","0,67%"
"18.07.2023","26,680","26,840","26,840","26,560","105,81K","-0,30%"
"17.07.2023","26,760","26,760","26,980","26,720","117,03K","-0,37%"
"14.07.2023","26,860","26,860","27,060","26,840","206,87K","0,07%"
"13.07.2023","26,840","26,660","26,960","26,620","261,44K","1,67%"
"12.07.2023","26,400","26,120","26,600","26,000","321,64K","2,48%"
"11.07.2023","25,760","25,620","25,840","25,600","172,59K","0,70%"
"10.07.2023","25,580","25,960","26,060","25,540","286,37K","-1,62%"
"07.07.2023","26,000","26,360","26,360","25,900","240,48K","-1,37%"
"06.07.2023","26,360","26,780","27,120","26,360","256,64K","-2,23%"
"05.07.2023","26,960","27,340","27,480","26,940","301,14K","-1,75%"
"04.07.2023","27,440","27,360","27,560","27,320","142,89K","0,15%"
"03.07.2023","27,400","27,160","27,400","27,140","731,56K","0,51%"
"30.06.2023","27,260","26,900","27,340","26,720","260,00K","1,41%"
"29.06.2023","26,880","26,800","27,000","26,800","159,90K","-0,30%"
"28.06.2023","26,960","26,900","27,060","26,780","162,62K","0,60%"
"27.06.2023","26,800","26,520","26,800","26,520","188,51K","1,36%"
"26.06.2023","26,440","26,560","26,680","26,440","200,10K","-0,60%"
"23.06.2023","26,600","26,540","26,740","26,480","148,93K","-0,08%"
"22.06.2023","26,620","26,440","26,720","26,320","196,94K","-0,08%"
"21.06.2023","26,640","26,900","26,900","26,540","247,71K","-0,89%"
"20.06.2023","26,880","26,660","27,020","26,640","294,17K","0,30%"
"19.06.2023","26,800","27,040","27,120","26,680","461,44K","-1,40%"
"16.06.2023","27,180","26,760","27,420","26,700","1,15M","1,49%"
"15.06.2023","26,780","26,520","26,880","26,400","296,82K","0,60%"
"14.06.2023","26,620","26,460","26,720","26,440","275,27K","0,30%"
"13.06.2023","26,540","26,700","26,700","26,260","285,42K","-0,45%"
"12.06.2023","26,660","26,680","26,820","26,560","255,08K","0,15%"
"09.06.2023","26,620","26,660","26,700","26,460","272,39K","0,08%"
"08.06.2023","26,600","26,820","26,920","26,600","219,84K","-0,82%"
"07.06.2023","26,820","27,000","27,140","26,820","265,23K","-1,03%"
"06.06.2023","27,100","26,960","27,100","26,760","195,89K","0,74%"
"05.06.2023","26,900","26,920","27,000","26,600","208,64K","0,15%"
"02.06.2023","26,860","26,580","26,860","26,440","281,80K","1,05%"
"01.06.2023","26,580","26,800","26,920","26,320","307,57K","-0,15%"
"31.05.2023","26,620","26,280","26,620","26,060","1,91M","0,53%"
"30.05.2023","26,480","26,440","26,560","26,180","416,75K","0,61%"
"29.05.2023","26,320","26,420","26,520","26,180","181,89K","0,92%"
"26.05.2023","26,080","26,300","26,300","25,660","216,41K","0,46%"
"25.05.2023","25,960","26,440","26,440","25,960","317,49K","-1,67%"
"24.05.2023","26,400","26,460","26,460","26,160","267,33K","-0,75%"
"23.05.2023","26,600","26,880","27,000","26,540","368,28K","-1,19%"
"22.05.2023","26,920","26,700","27,100","26,700","241,09K","0,82%"
"19.05.2023","26,700","27,040","27,260","26,640","527,93K","-1,48%"
"18.05.2023","27,100","27,840","27,940","27,020","274,72K","-2,02%"
"17.05.2023","27,660","28,240","28,260","27,600","220,79K","-1,78%"
"16.05.2023","28,160","28,200","28,440","28,140","212,99K","-0,64%"
"15.05.2023","28,340","28,700","28,700","28,200","235,03K","-0,21%"
"12.05.2023","28,400","27,720","28,400","27,720","208,53K","0,42%"
"11.05.2023","28,280","28,200","28,520","28,060","210,44K","-0,07%"
"10.05.2023","28,300","28,660","28,660","28,280","177,97K","-1,12%"
"09.05.2023","28,620","28,440","28,620","28,120","273,04K","0,70%"
"08.05.2023","28,420","28,520","28,600","28,380","107,89K","-0,35%"
"05.05.2023","28,520","28,420","28,520","28,180","210,14K","0,85%"
"04.05.2023","28,280","27,820","28,280","27,740","218,28K","1,65%"
"03.05.2023","27,820","27,640","28,020","27,640","173,27K","0,29%"
"02.05.2023","27,740","28,280","28,380","27,660","254,74K","-1,98%"
"28.04.2023","28,300","28,160","28,300","27,900","217,57K","0,57%"
"27.04.2023","28,140","28,140","28,160","27,940","154,48K","-0,07%"
"26.04.2023","28,160","28,360","28,440","28,160","183,78K","-0,35%"
"25.04.2023","28,260","27,940","28,320","27,940","165,36K","-0,21%"
"24.04.2023","28,320","28,280","28,460","28,160","237,68K","-0,14%"
"21.04.2023","28,360","28,420","28,740","28,200","356,44K","-0,49%"
"20.04.2023","28,500","28,340","28,500","28,140","152,31K","0,64%"
"19.04.2023","28,320","27,980","28,360","27,960","235,55K","1,00%"
"18.04.2023","28,040","28,000","28,200","27,820","294,17K","-0,28%"
"17.04.2023","28,120","28,000","28,240","27,980","244,91K","0,43%"
"14.04.2023","28,000","28,680","28,760","27,960","246,50K","-2,03%"
"13.04.2023","28,580","28,640","28,740","28,420","341,45K","-0,14%"
"12.04.2023","28,620","28,260","28,720","28,260","324,55K","0,99%"
"11.04.2023","28,340","28,640","28,640","27,920","711,42K","-1,39%"
"06.04.2023","28,740","28,520","28,880","28,480","269,63K","0,91%"
"05.04.2023","28,480","27,960","28,600","27,900","283,41K","1,86%"
"04.04.2023","27,960","27,720","27,980","27,640","254,54K","0,72%"
"03.04.2023","27,760","27,680","28,000","27,400","1,02M","0,04%"
"31.03.2023","27,750","27,480","27,820","27,320","264,59K","-0,75%"
"30.03.2023","27,960","27,710","28,030","27,550","268,92K","1,27%"
"29.03.2023","27,610","27,490","27,740","27,350","334,41K","0,55%"
"28.03.2023","27,460","27,190","27,470","27,110","435,51K","1,33%"
"27.03.2023","27,100","27,040","27,250","26,940","356,01K","0,93%"
"24.03.2023","26,850","27,000","27,230","26,770","374,90K","-0,56%"
"23.03.2023","27,000","26,800","27,060","26,570","225,86K","0,97%"
"22.03.2023","26,740","26,730","26,790","26,530","268,71K","-0,26%"
"21.03.2023","26,810","26,940","26,950","26,640","557,08K","-0,56%"
"20.03.2023","26,960","26,720","27,130","26,560","419,84K","1,13%"
"17.03.2023","26,660","26,760","26,980","26,280","2,02M","-0,49%"
"16.03.2023","26,790","26,490","26,970","26,320","549,99K","1,75%"
"15.03.2023","26,330","26,960","27,100","26,320","732,45K","-2,30%"
"14.03.2023","26,950","26,230","26,960","26,230","638,17K","2,67%"
"13.03.2023","26,250","26,210","26,550","25,510","742,79K","0,77%"
"10.03.2023","26,050","26,090","26,340","25,940","359,32K","-0,34%"
"09.03.2023","26,140","26,350","26,350","26,060","236,39K","-0,23%"
"08.03.2023","26,200","26,080","26,270","26,000","841,58K","-0,04%"
"07.03.2023","26,210","26,200","26,650","26,200","519,10K","-0,15%"
"06.03.2023","26,250","26,250","26,370","26,070","235,93K","0,08%"
"03.03.2023","26,230","26,340","26,420","26,130","698,05K","0,27%"
"02.03.2023","26,160","25,930","26,300","25,830","311,13K","0,62%"
"01.03.2023","26,000","26,060","26,470","25,930","523,11K","-0,23%"
"28.02.2023","26,060","26,260","26,330","26,000","675,51K","-1,40%"
"27.02.2023","26,430","26,240","26,430","26,240","205,11K","1,23%"
"24.02.2023","26,110","26,150","26,330","26,070","180,82K","0,00%"
"23.02.2023","26,110","26,110","26,210","26,000","182,63K","0,15%"
"22.02.2023","26,070","25,950","26,090","25,690","269,80K","0,00%"
"21.02.2023","26,070","26,820","27,130","25,590","744,41K","-2,91%"
"20.02.2023","26,850","26,800","26,920","26,720","478,19K","0,34%"
"17.02.2023","26,760","26,330","26,860","26,240","376,48K","1,48%"
"16.02.2023","26,370","26,610","26,630","26,220","421,53K","0,65%"
"15.02.2023","26,200","26,330","26,700","26,050","493,91K","-0,34%"
"14.02.2023","26,290","26,380","26,470","26,210","211,74K","-0,04%"
"13.02.2023","26,300","26,070","26,330","25,740","331,40K","1,15%"
"10.02.2023","26,000","26,120","26,120","25,780","222,69K","-0,54%"
"09.02.2023","26,140","26,240","26,300","26,060","206,36K","0,15%"
"08.02.2023","26,100","26,080","26,200","25,980","216,28K","0,38%"
"07.02.2023","26,000","26,080","26,230","25,960","175,50K","0,00%"
"06.02.2023","26,000","25,840","26,040","25,730","219,49K","0,19%"
"03.02.2023","25,950","26,120","26,180","25,860","311,76K","-0,99%"
"02.02.2023","26,210","26,130","26,300","25,940","449,22K","0,81%"
"01.02.2023","26,000","25,780","26,080","25,660","372,09K","0,00%"
"31.01.2023","26,000","25,810","26,000","25,730","479,05K","0,31%"
"30.01.2023","25,920","26,060","26,140","25,780","530,24K","-0,65%"
"27.01.2023","26,090","26,160","26,540","26,050","552,06K","0,08%"
"26.01.2023","26,070","26,300","26,320","25,910","271,68K","-0,72%"
"25.01.2023","26,260","26,080","26,260","25,960","215,01K","1,00%"
"24.01.2023","26,000","25,910","26,070","25,890","324,42K","-0,15%"
"23.01.2023","26,040","26,000","26,170","25,920","259,59K","0,15%"
"20.01.2023","26,000","26,000","26,160","25,870","316,67K","0,00%"
"19.01.2023","26,000","25,980","26,000","25,700","311,23K","0,00%"
"18.01.2023","26,000","25,840","26,000","25,680","526,29K","0,27%"
"17.01.2023","25,930","26,000","26,010","25,570","325,90K","-0,27%"
"16.01.2023","26,000","26,000","26,130","25,860","156,66K","0,00%"
"13.01.2023","26,000","26,010","26,230","25,900","270,10K","-0,08%"
"12.01.2023","26,020","26,010","26,340","25,970","331,55K","-0,12%"
"11.01.2023","26,050","25,530","26,180","25,530","243,82K","2,00%"
"10.01.2023","25,540","24,860","25,550","24,850","436,27K","2,53%"
"09.01.2023","24,910","24,800","24,960","24,590","393,13K","0,36%"
"06.01.2023","24,820","24,420","24,820","24,200","248,39K","2,10%"
"05.01.2023","24,310","24,560","24,730","24,220","327,20K","-1,74%"
"04.01.2023","24,740","24,440","24,740","24,260","377,09K","1,69%"
"03.01.2023","24,330","24,550","24,700","24,090","515,05K","-1,06%"
"02.01.2023","24,590","24,260","24,850","24,260","232,58K","1,15%"
"30.12.2022","24,310","24,950","24,950","24,310","242,67K","-2,37%"
"29.12.2022","24,900","24,700","24,960","24,700","295,75K","0,44%"
"28.12.2022","24,790","24,950","25,120","24,750","500,13K","-0,48%"
"27.12.2022","24,910","25,250","25,310","24,840","137,46K","-0,48%"
"23.12.2022","25,030","25,080","25,150","24,770","231,65K","-0,24%"
"22.12.2022","25,090","25,130","25,540","24,970","246,55K","-0,87%"
"21.12.2022","25,310","25,200","25,460","25,030","434,73K","1,12%"
"20.12.2022","25,030","25,360","25,410","25,030","356,18K","-2,00%"
"19.12.2022","25,540","25,310","25,740","25,280","307,61K","1,55%"
"16.12.2022","25,150","26,440","26,440","25,150","1,42M","-4,84%"
"15.12.2022","26,430","26,800","27,050","26,430","474,40K","-1,97%"
"14.12.2022","26,960","26,470","27,080","26,470","859,95K","1,66%"
"13.12.2022","26,520","26,830","26,930","26,250","486,67K","-1,19%"
"12.12.2022","26,840","26,390","26,930","26,340","543,36K","1,05%"
"09.12.2022","26,560","26,200","26,840","26,200","288,14K","1,30%"
"08.12.2022","26,220","26,650","26,650","26,080","242,57K","-1,28%"
"07.12.2022","26,560","26,680","26,770","26,560","204,99K","-0,38%"
"06.12.2022","26,660","26,770","27,080","26,630","258,14K","-0,71%"
"05.12.2022","26,850","26,700","26,890","26,590","189,36K","0,30%"
"02.12.2022","26,770","26,800","27,050","26,640","232,37K","-0,37%"
"01.12.2022","26,870","26,880","27,230","26,630","647,72K","0,34%"
"30.11.2022","26,780","26,240","26,780","26,240","1,70M","2,14%"
"29.11.2022","26,220","26,770","26,770","26,050","344,24K","-1,58%"
"28.11.2022","26,640","27,220","27,310","26,640","718,34K","-2,42%"
"25.11.2022","27,300","27,170","27,480","27,140","164,72K","0,26%"
"24.11.2022","27,230","27,170","27,260","27,030","241,99K","0,29%"
"23.11.2022","27,150","27,270","27,420","26,930","178,49K","-0,26%"
"22.11.2022","27,220","26,860","27,460","26,840","272,19K","1,23%"
"21.11.2022","26,890","26,690","27,140","26,600","270,20K","0,56%"
"18.11.2022","26,740","27,000","27,000","26,580","306,51K","1,17%"
"17.11.2022","26,430","26,690","26,820","26,300","209,99K","-1,12%"
"16.11.2022","26,730","26,700","26,810","26,500","278,87K","-1,04%"
"15.11.2022","27,010","26,960","27,100","26,720","295,00K","1,16%"
"14.11.2022","26,700","26,420","27,070","26,100","764,09K","2,34%"
"11.11.2022","26,090","26,470","26,550","25,500","384,95K","-0,42%"
"10.11.2022","26,200","25,740","26,380","25,510","342,47K","1,47%"
"09.11.2022","25,820","25,130","25,890","25,130","365,60K","2,26%"
"08.11.2022","25,250","25,050","25,430","24,790","351,56K","0,56%"
"07.11.2022","25,110","25,270","25,450","24,930","264,01K","-0,87%"
"04.11.2022","25,330","25,270","25,580","24,960","336,03K","0,48%"
"03.11.2022","25,210","25,770","25,770","25,040","269,76K","-1,91%"
"02.11.2022","25,700","25,820","26,030","25,470","288,43K","-0,58%"
"01.11.2022","25,850","25,870","26,200","25,620","206,50K","-0,42%"
"31.10.2022","25,960","26,000","26,040","25,500","354,37K","0,43%"
"28.10.2022","25,850","25,670","26,010","25,560","186,91K","0,31%"
"27.10.2022","25,770","25,090","25,880","24,880","252,93K","2,18%"
"26.10.2022","25,220","24,770","25,220","24,640","231,14K","1,94%"
"25.10.2022","24,740","24,400","24,850","24,150","282,58K","1,69%"
"24.10.2022","24,330","23,730","24,490","23,610","770,02K","2,61%"
"21.10.2022","23,710","24,020","24,140","23,610","257,74K","-1,86%"
"20.10.2022","24,160","23,920","24,370","23,870","721,19K","0,58%"
"19.10.2022","24,020","24,070","24,070","23,550","304,03K","0,17%"
"18.10.2022","23,980","23,880","24,240","23,770","364,40K","0,63%"
"17.10.2022","23,830","23,490","23,870","23,080","483,59K","1,79%"
"14.10.2022","23,410","22,760","23,510","22,760","589,02K","4,23%"
"13.10.2022","22,460","22,240","22,870","22,160","701,64K","0,94%"
"12.10.2022","22,250","22,780","22,900","22,250","406,02K","-2,46%"
"11.10.2022","22,810","23,300","23,430","22,740","277,46K","-2,73%"
"10.10.2022","23,450","23,530","23,710","23,320","361,14K","-1,30%"
"07.10.2022","23,760","23,770","24,040","23,680","285,08K","-0,63%"
"06.10.2022","23,910","24,050","24,230","23,590","387,53K","-0,71%"
"05.10.2022","24,080","24,450","24,510","23,980","282,46K","-1,91%"
"04.10.2022","24,550","24,330","24,570","24,140","911,39K","1,53%"
"03.10.2022","24,180","23,520","24,460","23,520","310,58K","1,90%"
"30.09.2022","23,730","23,800","24,080","23,520","505,98K","-0,17%"
"29.09.2022","23,770","24,910","24,910","23,770","484,76K","-4,38%"
"28.09.2022","24,860","24,570","25,320","24,330","399,70K","0,20%"
"27.09.2022","24,810","25,200","25,480","24,810","406,61K","-1,39%"
"26.09.2022","25,160","25,200","25,400","24,960","299,69K","-0,67%"
"23.09.2022","25,330","25,920","25,950","25,330","324,45K","-2,24%"
"22.09.2022","25,910","25,900","26,090","25,730","266,45K","-0,77%"
"21.09.2022","26,110","25,720","26,330","25,720","274,70K","0,42%"
"20.09.2022","26,000","26,530","26,580","25,920","305,21K","-1,48%"
"19.09.2022","26,390","25,600","26,540","25,600","238,53K","3,13%"
"16.09.2022","25,590","26,030","26,250","25,590","1,61M","-3,14%"
"15.09.2022","26,420","26,100","26,780","25,680","483,34K","0,99%"
"14.09.2022","26,160","26,640","26,640","26,160","510,69K","-2,13%"
"13.09.2022","26,730","27,240","27,470","26,560","400,79K","-1,87%"
"12.09.2022","27,240","27,450","27,470","27,120","421,03K","-1,02%"
"09.09.2022","27,520","27,240","27,850","27,220","284,01K","0,77%"
"08.09.2022","27,310","27,730","27,800","27,130","209,05K","-1,05%"
"07.09.2022","27,600","27,290","28,230","27,150","295,44K","0,58%"
"06.09.2022","27,440","27,580","27,770","27,350","388,29K","-0,69%"
"05.09.2022","27,630","27,940","27,940","27,130","263,91K","-0,50%"
"02.09.2022","27,770","27,690","27,770","27,240","697,19K","0,80%"
"01.09.2022","27,550","27,450","27,970","27,300","241,53K","0,25%"
"31.08.2022","27,480","27,880","28,090","27,070","635,43K","-2,38%"
"30.08.2022","28,150","28,990","29,230","28,150","282,91K","-2,90%"
"29.08.2022","28,990","29,280","29,300","28,450","270,92K","-1,99%"
"26.08.2022","29,580","29,890","29,890","29,490","272,67K","-0,50%"
"25.08.2022","29,730","29,580","30,050","29,580","285,26K","0,71%"
"24.08.2022","29,520","29,690","29,840","29,370","483,23K","-0,67%"
"23.08.2022","29,720","29,530","29,720","29,180","363,05K","0,13%"
"22.08.2022","29,680","29,100","29,680","28,980","424,66K","2,06%"
"19.08.2022","29,080","28,880","29,080","28,580","261,73K","0,41%"
"18.08.2022","28,960","28,420","29,240","28,420","207,45K","0,24%"
"17.08.2022","28,890","28,880","29,290","28,720","294,63K","-0,34%"
"16.08.2022","28,990","28,510","29,270","28,510","458,11K","0,38%"
"15.08.2022","28,880","28,220","28,980","28,220","310,63K","1,87%"
"12.08.2022","28,350","28,220","28,450","27,570","343,32K","1,98%"
"11.08.2022","27,800","27,940","28,010","27,470","282,22K","-0,18%"
"10.08.2022","27,850","28,000","28,200","27,720","193,55K","-0,71%"
"09.08.2022","28,050","27,500","28,100","27,350","284,07K","2,00%"
"08.08.2022","27,500","26,750","27,500","26,640","309,61K","2,65%"
"05.08.2022","26,790","27,510","27,650","26,500","323,38K","-2,65%"
"04.08.2022","27,520","27,930","28,030","27,310","239,70K","-1,50%"
"03.08.2022","27,940","27,850","28,230","27,850","311,03K","-0,92%"
"02.08.2022","28,200","28,000","28,390","27,830","307,30K","0,21%"
"01.08.2022","28,140","28,610","28,820","28,030","348,81K","-1,68%"
"29.07.2022","28,620","28,000","28,900","28,000","433,88K","1,60%"
"28.07.2022","28,170","28,480","28,700","27,610","417,63K","-0,35%"
"27.07.2022","28,270","28,970","29,020","28,100","379,72K","-2,08%"
"26.07.2022","28,870","28,770","29,250","28,770","284,86K","0,38%"
"25.07.2022","28,760","27,660","28,760","27,660","206,33K","1,91%"
"22.07.2022","28,220","27,600","28,230","27,600","214,11K","2,10%"
"21.07.2022","27,640","27,510","27,930","27,450","198,32K","-1,53%"
"20.07.2022","28,070","28,720","28,720","27,970","283,47K","-2,02%"
"19.07.2022","28,650","28,350","28,810","28,350","262,17K","0,84%"
"18.07.2022","28,410","27,970","28,570","27,970","232,34K","0,64%"
"15.07.2022","28,230","27,670","28,420","27,650","317,55K","1,58%"
"14.07.2022","27,790","28,090","28,320","27,350","589,88K","-1,56%"
"13.07.2022","28,230","28,090","28,400","27,920","183,03K","0,39%"
"12.07.2022","28,120","28,290","28,790","27,750","253,86K","-0,74%"
"11.07.2022","28,330","27,820","28,380","27,820","147,48K","1,00%"
"08.07.2022","28,050","28,030","28,580","27,860","182,95K","0,50%"
"07.07.2022","27,910","27,720","28,170","27,600","261,42K","1,34%"
"06.07.2022","27,540","27,560","27,840","27,210","293,04K","1,62%"
"05.07.2022","27,100","27,950","27,950","27,100","434,37K","-2,83%"
"04.07.2022","27,890","27,770","28,370","27,770","204,72K","0,36%"
"01.07.2022","27,790","27,210","27,970","27,210","211,49K","1,16%"
"30.06.2022","27,470","27,250","28,180","27,220","329,96K","-0,51%"
"29.06.2022","27,610","27,860","28,070","27,230","243,14K","-1,25%"
"28.06.2022","27,960","27,250","27,970","27,230","406,12K","3,02%"
"27.06.2022","27,140","26,820","27,160","26,770","242,18K","1,08%"
"24.06.2022","26,850","26,850","27,190","26,630","330,45K","1,09%"
"23.06.2022","26,560","26,330","26,780","26,020","257,11K","0,57%"
"22.06.2022","26,410","26,530","26,770","26,060","319,00K","-1,27%"
"21.06.2022","26,750","27,570","27,610","26,700","288,25K","-3,08%"
"20.06.2022","27,600","27,180","27,630","26,810","332,90K","1,81%"
"17.06.2022","27,110","28,300","28,350","27,110","1,71M","-4,24%"
"16.06.2022","28,310","27,830","28,490","27,630","608,38K","1,69%"
"15.06.2022","27,840","27,310","28,210","27,140","581,17K","2,84%"
"14.06.2022","27,070","27,560","28,160","27,050","464,79K","-1,53%"
"13.06.2022","27,490","26,610","27,670","26,610","385,88K","1,85%"
"10.06.2022","26,990","27,640","27,820","26,670","491,41K","-4,05%"
"09.06.2022","28,130","28,050","28,310","27,860","254,57K","-0,07%"
"08.06.2022","28,150","28,770","28,860","27,970","224,87K","-2,16%"
"07.06.2022","28,770","28,290","28,770","28,090","767,12K","1,52%"
"06.06.2022","28,340","28,510","28,630","28,130","167,55K","0,78%"
"03.06.2022","28,120","27,940","28,200","27,800","128,79K","1,08%"
"02.06.2022","27,820","27,880","27,970","27,560","418,01K","-0,47%"
"01.06.2022","27,950","28,120","28,460","27,590","350,77K","-0,68%"
"31.05.2022","28,140","28,120","28,570","27,860","4,63M","-0,92%"
"30.05.2022","28,400","28,380","28,610","27,980","222,85K","0,07%"
"27.05.2022","28,380","28,450","28,660","27,830","371,90K","-0,77%"
"26.05.2022","28,600","28,310","28,630","28,280","241,32K","1,45%"
"25.05.2022","28,190","28,220","28,510","27,930","517,05K","0,53%"
"24.05.2022","28,040","27,880","28,040","27,350","258,90K","-0,46%"
"23.05.2022","28,170","28,100","28,300","27,820","221,12K","1,77%"
"20.05.2022","27,680","27,560","28,020","27,560","334,63K","0,58%"
"19.05.2022","27,520","27,640","28,100","27,510","282,28K","-0,51%"
"18.05.2022","27,660","26,100","27,660","26,100","747,90K","4,89%"
"17.05.2022","26,370","26,660","26,820","26,320","260,94K","-0,83%"
"16.05.2022","26,590","26,020","26,730","25,920","458,60K","2,43%"
"13.05.2022","25,960","26,460","26,460","25,320","1,16M","-1,44%"
"12.05.2022","26,340","27,720","28,290","26,110","886,56K","-6,76%"
"11.05.2022","28,250","27,490","28,250","27,490","421,87K","2,28%"
"10.05.2022","27,620","27,900","28,100","27,580","380,55K","-0,29%"
"09.05.2022","27,700","27,760","28,440","27,650","315,51K","-1,88%"
"06.05.2022","28,230","28,370","28,700","28,110","270,85K","-1,77%"
"05.05.2022","28,740","29,100","29,200","28,680","327,17K","-0,76%"
"04.05.2022","28,960","28,770","29,180","28,750","248,11K","0,59%"
"03.05.2022","28,790","28,300","28,810","28,050","","1,88%"
"02.05.2022","28,260","28,580","29,060","26,910","418,10K","-1,64%"
"29.04.2022","28,730","29,210","29,520","28,550","593,87K","-2,77%"
"28.04.2022","29,550","29,000","29,750","29,000","447,27K","0,41%"
"27.04.2022","29,430","28,610","29,430","28,590","","1,62%"
"26.04.2022","28,960","29,010","29,500","28,870","","-0,28%"
"25.04.2022","29,040","28,170","29,250","28,170","334,78K","1,08%"
"22.04.2022","28,730","28,610","29,030","28,500","376,50K","-0,73%"
"21.04.2022","28,940","29,190","29,390","28,800","385,26K","-0,92%"
"20.04.2022","29,210","29,250","29,440","28,790","305,10K","0,34%"
"19.04.2022","29,110","29,320","29,780","29,090","396,66K","-1,52%"
"14.04.2022","29,560","29,330","29,840","29,220","349,76K","0,99%"
"13.04.2022","29,270","29,210","29,450","29,030","346,68K","-0,20%"
"12.04.2022","29,330","28,920","29,360","28,570","510,02K","-0,20%"
"11.04.2022","29,390","29,100","29,390","28,900","307,45K","0,51%"
"08.04.2022","29,240","28,760","29,360","28,650","403,39K","2,06%"
"07.04.2022","28,650","28,280","28,810","28,070","404,67K","1,45%"
"06.04.2022","28,240","27,430","28,240","27,430","434,99K","1,88%"
"05.04.2022","27,720","27,000","27,860","26,660","481,71K","3,09%"
"04.04.2022","26,890","26,850","27,050","26,630","283,71K","0,11%"
"01.04.2022","26,860","26,980","27,010","26,450","460,06K","-1,10%"
"31.03.2022","27,160","27,200","27,370","26,970","388,38K","-0,29%"
"30.03.2022","27,240","26,520","27,240","26,480","514,24K","2,33%"
"29.03.2022","26,620","26,980","27,120","26,210","504,33K","-0,86%"
"28.03.2022","26,850","26,420","26,970","26,390","505,16K","1,86%"
"25.03.2022","26,360","25,560","26,360","25,560","810,67K","3,33%"
"24.03.2022","25,510","24,740","25,750","24,740","577,75K","3,15%"
"23.03.2022","24,730","25,150","25,290","24,710","730,31K","-1,67%"
"22.03.2022","25,150","24,680","25,210","24,570","540,06K","2,03%"
"21.03.2022","24,650","24,640","25,730","24,480","955,33K","0,04%"
"18.03.2022","24,640","24,010","24,640","23,660","9,17M","0,94%"
"17.03.2022","24,410","24,270","24,610","23,980","698,02K","0,54%"
"16.03.2022","24,280","24,610","24,900","24,120","762,38K","-0,12%"
"15.03.2022","24,310","24,000","24,400","23,980","858,51K","0,91%"
"14.03.2022","24,090","24,810","25,040","23,700","638,72K","-2,55%"
"11.03.2022","24,720","25,100","25,370","24,500","888,66K","-1,24%"
"10.03.2022","25,030","24,880","25,130","24,330","620,32K","0,04%"
"09.03.2022","25,020","24,380","25,130","24,190","971,76K","4,08%"
"08.03.2022","24,040","23,200","24,210","23,180","752,79K","3,13%"
"07.03.2022","23,310","22,470","23,570","22,070","1,16M","1,70%"
"04.03.2022","22,920","22,910","23,300","22,680","562,44K","0,09%"
"03.03.2022","22,900","22,970","23,230","22,640","764,93K","-1,04%"
"02.03.2022","23,140","23,050","23,600","22,730","710,94K","-0,30%"
"01.03.2022","23,210","24,130","24,190","23,210","848,38K","-3,41%"
"28.02.2022","24,030","23,190","24,100","23,180","1,30M","2,12%"
"25.02.2022","23,530","22,610","23,720","22,520","798,87K","4,48%"
"24.02.2022","22,520","22,250","22,820","22,250","858,47K","-1,87%"
"23.02.2022","22,950","22,890","23,250","22,860","547,19K","0,53%"
"22.02.2022","22,830","22,650","23,130","22,570","642,21K","-1,34%"
"21.02.2022","23,140","24,070","24,120","23,080","1,34M","-4,70%"
"18.02.2022","24,280","24,260","24,420","24,130","521,58K","-0,16%"
"17.02.2022","24,320","24,870","25,080","24,290","872,06K","-2,37%"
"16.02.2022","24,910","24,250","24,910","24,070","809,29K","2,43%"
"15.02.2022","24,320","24,570","24,790","24,160","700,31K","-1,02%"
"14.02.2022","24,570","24,100","25,190","24,100","972,15K","-1,76%"
"11.02.2022","25,010","27,950","27,950","24,950","2,01M","-11,94%"
"10.02.2022","28,400","28,080","29,440","27,570","694,63K","1,72%"
"09.02.2022","27,920","27,500","28,410","27,500","595,17K","1,97%"
"08.02.2022","27,380","27,260","27,520","26,870","802,73K","-0,73%"
"07.02.2022","27,580","27,830","27,940","27,470","432,85K","-0,76%"
"04.02.2022","27,790","28,090","28,590","27,230","529,55K","-1,21%"
"03.02.2022","28,130","28,570","28,620","27,960","429,27K","-1,33%"
"02.02.2022","28,510","28,290","28,650","27,920","506,41K","1,42%"
"01.02.2022","28,110","28,200","28,350","27,870","684,95K","-0,07%"
"31.01.2022","28,130","28,500","28,650","28,060","539,15K","-0,64%"
"28.01.2022","28,310","28,590","28,620","28,100","405,99K","-1,08%"
"27.01.2022","28,620","27,680","28,620","27,470","434,23K","2,73%"
"26.01.2022","27,860","28,110","28,350","27,610","468,79K","-0,64%"
"25.01.2022","28,040","28,060","28,250","27,710","609,49K","-0,74%"
"24.01.2022","28,250","28,430","28,730","28,050","617,95K","-0,67%"
"21.01.2022","28,440","28,580","28,900","28,130","574,01K","-1,93%"
"20.01.2022","29,000","29,090","29,430","28,770","450,32K","-0,21%"
"19.01.2022","29,060","29,100","29,600","28,860","693,02K","-1,49%"
"18.01.2022","29,500","29,660","29,870","29,410","639,76K","-1,34%"
"17.01.2022","29,900","29,120","29,960","29,100","498,35K","2,64%"
"14.01.2022","29,130","28,150","29,180","28,150","693,19K","1,85%"
"13.01.2022","28,600","28,340","28,720","28,320","595,94K","0,74%"
"12.01.2022","28,390","28,610","28,830","28,270","1,21M","-2,17%"
"11.01.2022","29,020","28,630","29,280","28,630","483,45K","1,04%"
"10.01.2022","28,720","28,550","28,840","28,250","701,09K","0,70%"
"07.01.2022","28,520","28,400","28,770","28,320","499,33K","-0,56%"
"06.01.2022","28,680","28,370","28,700","28,100","461,23K","0,49%"
"05.01.2022","28,540","28,470","29,000","28,340","422,48K","0,14%"
"04.01.2022","28,500","28,680","28,850","28,450","639,68K","-0,38%"
"03.01.2022","28,610","28,500","28,990","28,130","617,83K","-0,07%"
"30.12.2021","28,630","28,850","29,110","28,630","381,11K","-0,93%"
"29.12.2021","28,900","28,880","28,990","28,510","409,37K","0,07%"
"28.12.2021","28,880","28,340","29,140","28,310","513,08K","1,80%"
"27.12.2021","28,370","27,750","28,590","27,680","455,91K","0,78%"
"23.12.2021","28,150","27,140","28,190","27,140","669,05K","3,23%"
"22.12.2021","27,270","27,220","27,400","26,880","863,10K","0,26%"
"21.12.2021","27,200","26,960","27,200","26,760","619,03K","1,38%"
"20.12.2021","26,830","26,300","26,930","26,170","499,00K","-0,07%"
"17.12.2021","26,850","26,520","26,850","26,080","1,87M","1,02%"
"16.12.2021","26,580","26,000","26,730","25,980","1,02M","2,31%"
"15.12.2021","25,980","25,550","25,980","25,430","912,94K","1,92%"
"14.12.2021","25,490","25,430","25,610","25,280","521,49K","-0,04%"
"13.12.2021","25,500","25,170","25,620","25,170","569,10K","0,83%"
"10.12.2021","25,290","25,050","25,330","24,610","574,42K","0,12%"
"09.12.2021","25,260","25,160","25,330","25,080","346,85K","0,72%"
"08.12.2021","25,080","25,120","25,430","25,080","426,70K","-0,48%"
"07.12.2021","25,200","25,070","25,410","24,970","716,16K","1,00%"
"06.12.2021","24,950","24,280","25,120","24,280","803,49K","1,84%"
"03.12.2021","24,500","24,490","24,590","24,320","937,59K","0,20%"
"02.12.2021","24,450","24,390","24,520","24,020","982,79K","-0,45%"
"01.12.2021","24,560","24,280","24,660","24,160","663,53K","1,07%"
"30.11.2021","24,300","24,430","24,640","24,200","2,57M","-1,34%"
"29.11.2021","24,630","24,170","24,870","24,080","615,95K","1,90%"
"26.11.2021","24,170","24,060","24,270","23,900","571,13K","-1,10%"
"25.11.2021","24,440","23,860","24,440","23,860","621,87K","2,17%"
"24.11.2021","23,920","24,000","24,180","23,900","691,15K","-0,33%"
"23.11.2021","24,000","23,660","24,030","23,580","981,30K","0,93%"
"22.11.2021","23,780","22,910","23,930","22,740","899,56K","3,75%"
"19.11.2021","22,920","22,680","23,000","22,550","6,38M","1,46%"
"18.11.2021","22,590","22,590","22,590","22,240","807,41K","-1,57%"
"17.11.2021","22,950","22,580","23,050","22,570","565,54K","1,64%"
"16.11.2021","22,580","22,680","22,790","22,580","489,77K","-0,35%"
"15.11.2021","22,660","22,390","22,740","22,290","485,41K","0,85%"
"12.11.2021","22,470","22,640","22,760","22,380","430,61K","-0,75%"
"11.11.2021","22,640","22,320","22,760","22,240","583,58K","-1,61%"
"10.11.2021","23,010","23,100","23,370","22,760","726,20K","-0,48%"
"09.11.2021","23,120","23,050","23,420","23,040","451,96K","0,09%"
"08.11.2021","23,100","23,350","23,380","23,070","348,50K","-1,20%"
"05.11.2021","23,380","23,280","23,560","23,190","388,61K","0,09%"
"04.11.2021","23,360","23,220","23,600","23,150","521,18K","0,95%"
"03.11.2021","23,140","23,100","23,190","23,040","468,48K","0,09%"
"02.11.2021","23,120","23,210","23,310","23,110","504,46K","-0,43%"
"01.11.2021","23,220","22,740","23,280","22,720","437,88K","2,16%"
"29.10.2021","22,730","22,710","22,820","22,630","747,18K","0,09%"
"28.10.2021","22,710","22,750","22,750","22,460","452,31K","0,62%"
"27.10.2021","22,570","22,450","22,600","22,320","627,73K","0,80%"
"26.10.2021","22,390","21,930","22,390","21,910","787,64K","2,05%"
"25.10.2021","21,940","22,080","22,100","21,920","803,28K","-0,41%"
"22.10.2021","22,030","22,270","22,280","21,990","957,56K","-1,12%"
"21.10.2021","22,280","22,450","22,450","22,230","740,64K","-0,40%"
"20.10.2021","22,370","22,220","22,540","22,150","1,68M","-0,31%"
"19.10.2021","22,440","22,700","22,780","22,220","8,65M","-2,86%"
"18.10.2021","23,100","23,000","23,290","22,910","1,24M","-0,65%"
"15.10.2021","23,250","23,940","24,000","22,740","3,83M","-3,17%"
"14.10.2021","24,010","22,500","24,870","22,420","2,68M","4,62%"
"13.10.2021","22,950","22,070","23,240","21,920","2,18M","4,13%"
"12.10.2021","22,040","21,650","22,045","21,495","","1,80%"
"11.10.2021","21,650","21,770","21,850","21,410","1,16M","-0,92%"
"08.10.2021","21,850","21,690","21,860","21,610","1,68M","0,55%"
"07.10.2021","21,730","21,800","21,930","21,710","2,76M","-0,46%"
"06.10.2021","21,830","21,630","21,910","21,610","2,66M","0,37%"
"05.10.2021","21,750","21,740","21,830","21,640","1,95M","-0,18%"
"04.10.2021","21,790","21,660","21,880","21,660","2,30M","-0,05%"
"01.10.2021","21,800","21,600","21,800","21,600","1,55M","0,23%"
"30.09.2021","21,750","21,910","21,980","21,730","1,67M","-0,73%"
"29.09.2021","21,910","21,730","21,940","21,730","1,90M","0,74%"
"28.09.2021","21,750","21,660","21,820","21,660","2,12M","0,23%"
"27.09.2021","21,700","21,550","21,730","21,530","1,41M","0,70%"
"24.09.2021","21,550","21,600","21,670","21,440","1,51M","-0,46%"
"23.09.2021","21,650","21,590","21,760","21,550","1,67M","0,28%"
"22.09.2021","21,590","21,570","21,630","21,410","4,84M","0,42%"
"21.09.2021","21,500","21,470","21,580","21,410","1,11M","0,09%"
"20.09.2021","21,480","21,500","21,580","21,380","1,82M","-0,51%"
"17.09.2021","21,590","21,800","21,870","21,590","1,87M","-1,05%"
"16.09.2021","21,820","21,680","21,900","21,680","1,18M","0,32%"
"15.09.2021","21,750","21,800","21,820","21,660","1,91M","-0,41%"
"14.09.2021","21,840","21,800","21,970","21,800","1,47M","-0,64%"
"13.09.2021","21,980","21,790","22,000","21,760","1,20M","1,15%"
"10.09.2021","21,730","21,780","21,780","21,670","697,95K","0,18%"
"09.09.2021","21,690","21,790","21,820","21,680","903,28K","-0,64%"
"08.09.2021","21,830","21,650","21,870","21,500","2,32M","0,83%"
"07.09.2021","21,650","21,610","21,700","21,540","913,64K","0,05%"
"06.09.2021","21,640","21,730","21,770","21,620","719,71K","-0,60%"
"03.09.2021","21,770","21,940","21,960","21,670","1,09M","-0,68%"
"02.09.2021","21,920","22,020","22,070","21,920","696,58K","-0,23%"
"01.09.2021","21,970","21,880","22,130","21,850","524,63K","0,78%"
"31.08.2021","21,800","21,790","21,950","21,670","668,40K","-0,05%"
"30.08.2021","21,810","21,790","21,820","21,700","181,06K","0,23%"
"27.08.2021","21,760","21,790","21,820","21,700","759,99K","-0,09%"
"26.08.2021","21,780","21,880","21,880","21,750","415,18K","-0,55%"
"25.08.2021","21,900","22,000","22,000","21,810","467,59K","-0,09%"
"24.08.2021","21,920","22,010","22,150","21,870","266,34K","-0,81%"
"23.08.2021","22,100","21,900","22,100","21,860","393,81K","0,96%"
"20.08.2021","21,890","21,870","21,920","21,790","369,66K","0,18%"
"19.08.2021","21,850","21,760","21,910","21,720","471,52K","0,14%"
"18.08.2021","21,820","21,760","21,820","21,760","444,86K","0,18%"
"17.08.2021","21,780","21,740","21,820","21,700","410,87K","0,09%"
"16.08.2021","21,760","21,740","21,850","21,740","321,57K","-0,18%"
"13.08.2021","21,800","21,710","21,810","21,710","1,07M","0,18%"
"12.08.2021","21,760","21,800","21,850","21,700","386,34K","-0,05%"
"11.08.2021","21,770","21,620","21,770","21,570","797,96K","0,60%"
"10.08.2021","21,640","21,660","21,750","21,640","347,49K","-0,28%"
"09.08.2021","21,700","21,760","21,860","21,650","266,70K","-0,37%"
"06.08.2021","21,780","21,870","21,890","21,680","495,49K","-0,77%"
"05.08.2021","21,950","21,800","21,950","21,790","438,03K","0,60%"
"04.08.2021","21,820","21,940","21,940","21,720","573,23K","-0,37%"
"03.08.2021","21,900","21,570","21,900","21,530","482,23K","1,30%"
"02.08.2021","21,620","21,590","21,740","21,270","609,33K","-0,78%"
"30.07.2021","21,790","21,850","21,980","21,780","1,42M","-0,18%"
"29.07.2021","21,830","22,050","22,170","21,700","1,37M","-2,11%"
"28.07.2021","22,300","22,570","22,620","22,160","1,03M","-1,20%"
"27.07.2021","22,570","22,380","22,610","22,300","510,09K","0,31%"
"26.07.2021","22,500","22,450","22,550","22,390","585,45K","-0,27%"
"23.07.2021","22,560","22,400","22,670","22,360","887,95K","0,49%"
"22.07.2021","22,450","22,300","22,540","22,270","1,06M","0,67%"
"21.07.2021","22,300","22,000","22,310","22,000","586,72K","1,18%"
"20.07.2021","22,040","22,020","22,120","21,910","424,68K","0,41%"
"19.07.2021","21,950","22,100","22,220","21,880","1,60M","-1,04%"
"16.07.2021","22,180","22,160","22,290","22,030","439,19K","0,09%"
"15.07.2021","22,160","22,220","22,360","22,130","575,90K","-0,72%"
"14.07.2021","22,320","22,300","22,360","22,010","812,83K","-0,22%"
"13.07.2021","22,370","22,200","22,420","22,170","1,36M","0,77%"
"12.07.2021","22,200","22,040","22,280","22,040","729,28K","0,59%"
"09.07.2021","22,070","22,010","22,130","21,870","636,30K","0,68%"
"08.07.2021","21,920","22,050","22,070","21,730","646,00K","-0,72%"
"07.07.2021","22,080","22,010","22,080","21,870","660,29K","0,50%"
"06.07.2021","21,970","21,920","22,080","21,780","542,34K","-0,18%"
"05.07.2021","22,010","21,910","22,060","21,910","793,55K","0,27%"
"02.07.2021","21,950","21,960","22,060","21,880","597,19K","-0,05%"
"01.07.2021","21,960","21,770","21,960","21,670","548,08K","1,29%"
"30.06.2021","21,680","21,900","21,910","21,650","947,32K","-1,14%"
"29.06.2021","21,930","21,870","22,000","21,730","520,68K","0,14%"
"28.06.2021","21,900","22,000","22,040","21,870","450,49K","-0,27%"
"25.06.2021","21,960","22,050","22,050","21,840","513,63K","-0,05%"
"24.06.2021","21,970","21,780","22,040","21,730","786,30K","1,52%"
"23.06.2021","21,640","21,840","21,850","21,600","651,29K","-0,60%"
"22.06.2021","21,770","21,900","21,900","21,730","611,37K","-0,37%"
"21.06.2021","21,850","21,750","21,900","21,690","624,08K","-0,23%"
"18.06.2021","21,900","21,870","22,040","21,720","2,00M","-0,45%"
"17.06.2021","22,000","21,840","22,020","21,690","1,37M","0,09%"
"16.06.2021","21,980","21,950","22,070","21,850","872,94K","0,23%"
"15.06.2021","21,930","21,950","21,960","21,830","515,82K","0,32%"
"14.06.2021","21,860","21,920","21,950","21,780","434,33K","-0,18%"
"11.06.2021","21,900","21,750","21,950","21,750","560,76K","0,55%"
"10.06.2021","21,780","21,850","21,850","21,700","668,33K","0,00%"
"09.06.2021","21,780","21,700","21,820","21,620","494,60K","0,41%"
"08.06.2021","21,690","21,620","21,820","21,580","995,78K","0,32%"
"07.06.2021","21,620","21,430","21,680","21,430","573,18K","0,79%"
"04.06.2021","21,450","21,500","21,530","21,360","937,28K","-0,23%"
"03.06.2021","21,500","21,400","21,560","21,310","1,01M","0,47%"
"02.06.2021","21,400","21,310","21,450","21,310","464,53K","0,28%"
"01.06.2021","21,340","21,460","21,490","21,230","602,44K","-0,42%"
"31.05.2021","21,430","21,460","21,530","21,430","377,49K","-0,19%"
"28.05.2021","21,470","21,560","21,670","21,470","820,56K","-0,14%"
"27.05.2021","21,500","21,600","21,600","21,370","1,75M","-0,56%"
"26.05.2021","21,620","21,630","21,800","21,550","701,40K","0,37%"
"25.05.2021","21,540","21,620","21,640","21,460","919,25K","-0,05%"
"24.05.2021","21,550","21,610","21,650","21,480","375,33K","-0,14%"
"21.05.2021","21,580","21,540","21,650","21,500","808,51K","0,09%"
"20.05.2021","21,560","21,490","21,590","21,430","1,69M","0,42%"
"19.05.2021","21,470","21,570","21,640","21,430","763,04K","-0,51%"
"18.05.2021","21,580","21,850","22,140","21,550","1,17M","-1,05%"
"17.05.2021","21,810","21,800","22,000","21,730","441,97K","0,05%"
"14.05.2021","21,800","21,550","21,800","21,470","681,28K","1,40%"
"13.05.2021","21,500","21,510","21,570","21,340","315,48K","-0,46%"
"12.05.2021","21,600","21,500","21,710","21,460","364,68K","0,37%"
"11.05.2021","21,520","21,500","21,550","21,360","359,33K","-0,14%"
"10.05.2021","21,550","21,540","21,600","21,360","348,91K","0,33%"
"07.05.2021","21,480","21,440","21,520","21,390","336,10K","0,80%"
"06.05.2021","21,310","21,290","21,480","21,250","546,27K","-0,09%"
"05.05.2021","21,330","21,080","21,360","21,080","324,76K","0,85%"
"04.05.2021","21,150","21,400","21,450","21,130","567,37K","-1,21%"
"03.05.2021","21,410","21,320","21,520","21,240","274,65K","0,38%"
"30.04.2021","21,330","21,320","21,430","21,300","761,24K","0,14%"
"29.04.2021","21,300","21,300","21,530","21,300","767,12K","-0,47%"
"28.04.2021","21,400","21,190","21,570","21,120","649,00K","1,76%"
"27.04.2021","21,030","20,930","21,120","20,920","485,73K","0,14%"
"26.04.2021","21,000","20,890","21,030","20,810","260,91K","0,38%"
"23.04.2021","20,920","20,870","21,000","20,830","312,47K","-0,05%"
"22.04.2021","20,930","20,960","21,050","20,900","408,98K","-0,19%"
"21.04.2021","20,970","20,900","20,970","20,820","1,84M","0,72%"
"20.04.2021","20,820","20,990","21,020","20,790","1,22M","-0,95%"
"19.04.2021","21,020","20,820","21,070","20,810","1,16M","0,48%"
"16.04.2021","20,920","20,760","21,000","20,730","977,24K","0,58%"
"15.04.2021","20,800","20,720","20,880","20,690","535,83K","-0,29%"
"14.04.2021","20,860","20,850","20,860","20,670","482,22K","0,68%"
"13.04.2021","20,720","20,810","20,890","20,700","436,77K","-0,72%"
"12.04.2021","20,870","20,920","20,940","20,740","345,30K","-0,14%"
"09.04.2021","20,900","21,020","21,020","20,810","346,40K","-0,57%"
"08.04.2021","21,020","20,860","21,020","20,760","786,46K","1,35%"
"07.04.2021","20,740","20,870","21,000","20,720","544,16K","-0,72%"
"06.04.2021","20,890","20,850","21,050","20,630","678,40K","0,48%"
"01.04.2021","20,790","20,860","20,930","20,660","545,52K","-0,53%"
"31.03.2021","20,900","20,900","20,940","20,760","885,68K","-0,05%"
"30.03.2021","20,910","21,090","21,140","20,900","431,62K","-0,90%"
"29.03.2021","21,100","21,000","21,190","20,960","506,69K","0,81%"
"26.03.2021","20,930","21,070","21,090","20,860","864,98K","-0,29%"
"25.03.2021","20,990","20,990","21,190","20,810","673,17K","0,33%"
"24.03.2021","20,920","20,880","21,030","20,740","2,29M","0,24%"
"23.03.2021","20,870","20,670","21,000","20,660","13,88M","0,97%"
"22.03.2021","20,670","20,780","20,920","20,620","2,20M","-0,29%"
"19.03.2021","20,730","20,940","21,110","20,730","2,41M","-1,00%"
"18.03.2021","20,940","21,020","21,160","20,860","1,04M","-0,33%"
"17.03.2021","21,010","20,860","21,120","20,830","749,95K","1,20%"
"16.03.2021","20,760","20,840","20,910","20,560","863,59K","-0,05%"
"15.03.2021","20,770","21,060","21,060","20,770","1,00M","-2,85%"
"12.03.2021","21,380","21,300","21,440","21,180","1,25M","0,47%"
"11.03.2021","21,280","21,370","21,570","21,270","869,75K","-0,37%"
"10.03.2021","21,360","21,240","21,460","21,200","2,26M","0,47%"
"09.03.2021","21,260","21,500","21,540","21,160","14,93M","-0,61%"
"08.03.2021","21,390","21,000","21,440","20,850","1,17M","2,39%"
"05.03.2021","20,890","20,730","20,940","20,630","630,28K","0,43%"
"04.03.2021","20,800","20,690","20,900","20,610","620,85K","0,39%"
"03.03.2021","20,720","20,960","20,990","20,530","710,62K","-0,19%"
"02.03.2021","20,760","20,850","21,010","20,730","642,79K","-0,67%"
"01.03.2021","20,900","20,810","21,050","20,690","571,43K","0,92%"
"26.02.2021","20,710","20,730","20,990","20,580","1,19M","-0,91%"
"25.02.2021","20,900","20,570","20,960","20,490","989,65K","1,95%"
"24.02.2021","20,500","20,600","20,680","20,340","501,79K","-0,63%"
"23.02.2021","20,630","20,570","20,630","20,290","796,75K","0,49%"
"22.02.2021","20,530","20,580","20,780","20,490","676,79K","-0,39%"
"19.02.2021","20,610","20,650","20,840","20,540","687,09K","-0,19%"
"18.02.2021","20,650","20,750","20,770","20,610","503,93K","-0,34%"
"17.02.2021","20,720","20,560","20,720","20,510","549,17K","0,10%"
"16.02.2021","20,700","20,920","21,070","20,700","486,03K","-0,67%"
"15.02.2021","20,840","21,010","21,130","20,810","591,03K","-0,71%"
"12.02.2021","20,990","20,560","21,000","20,450","824,14K","2,54%"
"11.02.2021","20,470","20,220","20,470","20,200","822,74K","1,24%"
"10.02.2021","20,220","20,400","20,550","20,180","1,71M","-0,64%"
"09.02.2021","20,350","21,080","21,190","19,900","2,38M","-3,83%"
"08.02.2021","21,160","21,330","21,470","21,070","1,06M","-0,52%"
"05.02.2021","21,270","21,460","21,510","21,220","738,72K","-1,07%"
"04.02.2021","21,500","21,400","21,600","21,170","1,38M","0,51%"
"03.02.2021","21,390","21,370","21,690","21,290","1,13M","0,23%"
"02.02.2021","21,340","21,350","21,480","21,260","2,14M","-0,14%"
"01.02.2021","21,370","21,350","21,550","21,240","1,01M","0,28%"
"29.01.2021","21,310","21,420","21,760","20,910","1,33M","-2,87%"
"28.01.2021","21,940","22,100","22,360","21,720","1,86M","-1,83%"
"27.01.2021","22,350","22,110","22,350","21,940","2,97M","0,72%"
"26.01.2021","22,190","22,630","22,710","22,020","4,77M","15,48%"
"25.01.2021","19,215","19,260","19,400","18,870","438,27K","-0,34%"
"22.01.2021","19,280","19,375","19,400","19,080","713,76K","-1,00%"
"21.01.2021","19,475","19,775","19,920","19,420","586,48K","-1,44%"
"20.01.2021","19,760","20,050","20,260","19,655","743,42K","-1,59%"
"19.01.2021","20,080","20,000","20,140","19,685","768,02K","0,98%"
"18.01.2021","19,885","19,985","19,985","19,655","558,88K","-0,82%"
"15.01.2021","20,050","20,450","20,590","19,870","1,00M","-2,34%"
"14.01.2021","20,530","20,540","20,600","20,380","713,54K","0,29%"
"13.01.2021","20,470","20,470","20,680","20,370","1,10M","-0,20%"
"12.01.2021","20,510","20,270","20,710","20,130","956,56K","1,79%"
"11.01.2021","20,150","20,060","20,200","19,745","1,00M","-0,59%"
"08.01.2021","20,270","19,940","20,270","19,640","1,11M","2,61%"
"07.01.2021","19,755","19,505","19,855","19,235","2,20M","2,44%"
"06.01.2021","19,285","18,840","19,415","18,840","812,87K","1,88%"
"05.01.2021","18,930","19,020","19,095","18,795","671,29K","-0,71%"
"04.01.2021","19,065","19,215","19,355","19,065","555,81K","0,55%"
"31.12.2020","18,960","19,050","19,070","18,850","269,73K","-0,47%"
"30.12.2020","19,050","19,250","19,250","18,970","391,60K","-0,47%"
"29.12.2020","19,140","19,380","19,435","19,070","536,66K","-0,70%"
"28.12.2020","19,275","18,840","19,280","18,840","495,02K","2,72%"
"24.12.2020","18,765","18,800","18,905","18,680","160,50K","-0,40%"
"23.12.2020","18,840","18,500","18,870","18,455","1,07M","2,28%"
"22.12.2020","18,420","18,455","18,490","18,145","778,39K","0,49%"
"21.12.2020","18,330","18,590","18,595","17,950","1,08M","-2,91%"
"18.12.2020","18,880","18,965","19,160","18,660","3,55M","-1,28%"
"17.12.2020","19,125","19,095","19,370","18,980","1,24M","0,16%"
"16.12.2020","19,095","19,025","19,095","18,845","877,90K","0,77%"
"15.12.2020","18,950","19,505","19,505","18,935","887,76K","-2,37%"
"14.12.2020","19,410","19,000","19,540","19,000","980,17K","2,73%"
"11.12.2020","18,895","18,900","19,095","18,640","1,30M","-0,08%"
"10.12.2020","18,910","19,045","19,260","18,910","1,34M","-0,37%"
"09.12.2020","18,980","19,230","19,265","18,885","983,82K","-1,27%"
"08.12.2020","19,225","19,265","19,270","19,090","620,15K","-0,23%"
"07.12.2020","19,270","18,965","19,285","18,965","589,09K","0,63%"
"04.12.2020","19,150","19,050","19,205","18,950","544,09K","0,60%"
"03.12.2020","19,035","19,225","19,245","18,890","767,43K","-0,89%"
"02.12.2020","19,205","19,180","19,430","19,065","1,01M","-0,70%"
"01.12.2020","19,340","19,455","19,530","19,190","3,28M","0,03%"
"30.11.2020","19,335","19,730","19,735","19,335","1,59M","-2,89%"
"27.11.2020","19,910","19,730","20,000","19,625","778,26K","0,81%"
"26.11.2020","19,750","20,000","20,000","19,645","523,90K","-0,38%"
"25.11.2020","19,825","19,900","20,130","19,745","1,31M","-0,03%"
"24.11.2020","19,830","19,435","19,830","19,405","1,12M","3,25%"
"23.11.2020","19,205","19,250","19,625","19,125","983,83K","0,44%"
"20.11.2020","19,120","19,005","19,230","18,950","2,44M","0,24%"
"19.11.2020","19,075","19,000","19,295","18,780","4,29M","-0,91%"
"18.11.2020","19,250","19,375","19,500","19,165","847,40K","-0,85%"
"17.11.2020","19,415","19,365","19,585","19,215","1,07M","-0,18%"
"16.11.2020","19,450","19,750","19,950","19,370","3,09M","-1,19%"
"13.11.2020","19,685","18,250","19,730","18,070","2,61M","7,77%"
"12.11.2020","18,265","18,600","18,700","18,250","1,11M","-2,22%"
"11.11.2020","18,680","18,410","18,680","18,235","3,77M","1,69%"
"10.11.2020","18,370","17,960","18,390","17,680","3,02M","0,91%"
"09.11.2020","18,205","17,200","18,205","16,915","2,04M","5,17%"
"06.11.2020","17,310","17,145","17,335","17,100","1,34M","0,70%"
"05.11.2020","17,190","17,105","17,250","16,960","1,38M","0,00%"
"04.11.2020","17,190","16,640","17,280","16,385","1,14M","2,08%"
"03.11.2020","16,840","16,580","16,840","16,500","875,64K","2,34%"
"02.11.2020","16,455","16,005","16,550","15,940","3,61M","3,17%"
"30.10.2020","15,950","15,740","16,010","15,665","1,45M","0,38%"
"29.10.2020","15,890","16,310","16,545","15,810","1,73M","-3,11%"
"28.10.2020","16,400","17,160","17,200","16,140","1,96M","-5,61%"
"27.10.2020","17,375","17,730","17,730","17,275","847,38K","-1,19%"
"26.10.2020","17,585","17,510","17,695","17,400","1,29M","-0,99%"
"23.10.2020","17,760","17,565","17,855","17,565","531,48K","0,71%"
"22.10.2020","17,635","17,575","17,720","17,340","811,07K","-0,28%"
"21.10.2020","17,685","18,145","18,145","17,570","904,22K","-1,89%"
"20.10.2020","18,025","17,765","18,170","17,595","1,42M","2,59%"
"19.10.2020","17,570","17,420","17,695","17,410","750,81K","1,38%"
"16.10.2020","17,330","17,515","17,535","17,125","1,72M","-0,37%"
"15.10.2020","17,395","17,820","17,825","17,315","1,10M","-3,23%"
"14.10.2020","17,975","17,775","17,995","17,500","913,86K","1,55%"
"13.10.2020","17,700","17,915","17,920","17,645","796,60K","-0,90%"
"12.10.2020","17,860","17,885","17,920","17,700","678,43K","0,06%"
"09.10.2020","17,850","18,100","18,100","17,610","856,51K","-1,03%"
"08.10.2020","18,035","18,060","18,100","17,880","752,24K","1,35%"
"07.10.2020","17,795","17,740","18,045","17,680","633,98K","0,31%"
"06.10.2020","17,740","17,835","17,880","17,560","818,34K","0,06%"
"05.10.2020","17,730","17,570","18,345","17,540","1,14M","2,81%"
"02.10.2020","17,245","17,090","17,330","17,015","918,69K","0,29%"
"01.10.2020","17,195","17,255","17,350","17,065","1,19M","0,44%"
"30.09.2020","17,120","17,100","17,405","17,035","902,17K","-0,58%"
"29.09.2020","17,220","17,615","17,785","17,195","1,29M","-1,88%"
"28.09.2020","17,550","17,300","17,630","17,135","994,19K","3,75%"
"25.09.2020","16,915","17,100","17,125","16,810","577,24K","-0,68%"
"24.09.2020","17,030","16,850","17,225","16,750","966,05K","0,41%"
"23.09.2020","16,960","16,935","17,305","16,855","893,47K","1,68%"
"22.09.2020","16,680","16,825","16,910","16,570","852,67K","-0,66%"
"21.09.2020","16,790","17,365","17,365","16,525","1,56M","-2,81%"
"18.09.2020","17,275","17,690","17,875","17,160","2,89M","-2,51%"
"17.09.2020","17,720","17,300","17,820","17,240","1,05M","1,40%"
"16.09.2020","17,475","17,190","17,480","17,070","819,92K","1,13%"
"15.09.2020","17,280","17,035","17,390","16,930","1,34M","1,92%"
"14.09.2020","16,955","17,070","17,180","16,955","645,95K","0,06%"
"11.09.2020","16,945","17,075","17,125","16,885","603,45K","-0,26%"
"10.09.2020","16,990","16,790","17,225","16,790","830,25K","-0,06%"
"09.09.2020","17,000","16,625","17,130","16,090","1,26M","0,71%"
"08.09.2020","16,880","17,300","17,345","16,845","1,30M","-1,97%"
"07.09.2020","17,220","16,500","17,220","16,495","1,38M","4,71%"
"04.09.2020","16,445","16,595","16,645","16,430","1,22M","-1,53%"
"03.09.2020","16,700","16,750","16,990","16,570","918,33K","0,18%"
"02.09.2020","16,670","16,350","16,670","16,285","778,42K","2,33%"
"01.09.2020","16,290","16,290","16,360","16,145","658,94K","0,80%"
"31.08.2020","16,160","16,150","16,340","16,145","814,06K","1,00%"
"28.08.2020","16,000","16,130","16,180","15,895","1,09M","-0,34%"
"27.08.2020","16,055","16,000","16,215","15,900","637,97K","0,12%"
"26.08.2020","16,035","16,180","16,285","16,035","492,89K","-1,26%"
"25.08.2020","16,240","16,600","16,750","16,240","585,22K","-2,02%"
"24.08.2020","16,575","16,225","16,625","16,200","586,67K","3,27%"
"21.08.2020","16,050","16,315","16,395","15,885","879,86K","-1,74%"
"20.08.2020","16,335","16,345","16,370","16,205","896,53K","0,21%"
"19.08.2020","16,300","16,090","16,310","15,955","576,62K","1,40%"
"18.08.2020","16,075","16,100","16,390","15,995","825,64K","-0,53%"
"17.08.2020","16,160","16,380","16,390","16,110","376,16K","-1,28%"
"14.08.2020","16,370","16,710","16,740","16,145","613,00K","-1,92%"
"13.08.2020","16,690","16,700","16,885","16,650","677,68K","-0,63%"
"12.08.2020","16,795","16,630","16,795","16,560","937,15K","0,72%"
"11.08.2020","16,675","16,460","16,865","16,415","1,87M","1,89%"
"10.08.2020","16,365","16,085","16,365","16,070","583,00K","1,80%"
"07.08.2020","16,075","16,090","16,180","15,960","618,03K","-0,31%"
"06.08.2020","16,125","15,950","16,125","15,890","878,82K","0,53%"
"05.08.2020","16,040","15,815","16,120","15,810","4,30M","1,81%"
"04.08.2020","15,755","15,825","15,870","15,585","945,48K","-0,28%"
"03.08.2020","15,800","15,740","15,860","15,430","2,15M","0,38%"
"31.07.2020","15,740","15,960","16,105","15,740","1,26M","-0,38%"
"30.07.2020","15,800","15,900","16,150","15,795","1,21M","-1,86%"
"29.07.2020","16,100","16,100","16,155","15,900","990,93K","-0,31%"
"28.07.2020","16,150","16,070","16,200","15,850","2,16M","0,65%"
"27.07.2020","16,045","16,300","16,305","16,010","1,88M","-3,66%"
"24.07.2020","16,655","16,630","16,895","16,505","1,31M","-0,51%"
"23.07.2020","16,740","16,650","16,950","16,300","1,82M","1,12%"
"22.07.2020","16,555","17,510","17,550","16,425","6,02M","-5,21%"
"21.07.2020","17,465","17,240","17,470","17,090","1,65M","2,43%"
"20.07.2020","17,050","17,100","17,250","16,960","1,89M","0,74%"
"17.07.2020","16,925","16,800","17,005","16,715","1,03M","1,35%"
"16.07.2020","16,700","16,605","16,740","16,435","930,90K","0,03%"
"15.07.2020","16,695","16,850","17,010","16,620","3,66M","-0,80%"
"14.07.2020","16,830","16,880","16,960","16,580","1,84M","-1,03%"
"13.07.2020","17,005","16,870","17,030","16,750","1,79M","1,46%"
"10.07.2020","16,760","16,600","16,805","16,530","688,99K","0,72%"
"09.07.2020","16,640","16,925","16,955","16,620","649,91K","-1,39%"
"08.07.2020","16,875","16,925","17,105","16,860","1,00M","-0,74%"
"07.07.2020","17,000","16,935","17,120","16,795","1,06M","0,00%"
"06.07.2020","17,000","17,140","17,230","16,900","860,03K","0,95%"
"03.07.2020","16,840","17,125","17,185","16,755","561,86K","-1,55%"
"02.07.2020","17,105","16,635","17,135","16,635","1,81M","3,35%"
"01.07.2020","16,550","16,515","16,635","16,285","741,50K","-0,09%"
"30.06.2020","16,565","16,435","16,585","16,330","1,29M","1,07%"
"29.06.2020","16,390","16,360","16,500","16,135","835,45K","-0,15%"
"26.06.2020","16,415","16,280","16,660","16,280","1,11M","1,64%"
"25.06.2020","16,150","16,260","16,440","15,965","1,92M","-0,86%"
"24.06.2020","16,290","16,900","16,965","16,290","1,26M","-3,78%"
"23.06.2020","16,930","16,690","17,120","16,605","1,32M","1,74%"
"22.06.2020","16,640","16,835","16,895","16,530","921,43K","-1,71%"
"19.06.2020","16,930","16,925","17,365","16,765","4,82M","0,27%"
"18.06.2020","16,885","16,985","16,985","16,670","1,88M","-0,56%"
"17.06.2020","16,980","16,990","17,255","16,950","1,70M","-0,70%"
"16.06.2020","17,100","16,800","17,265","16,585","1,56M","3,67%"
"15.06.2020","16,495","16,250","16,660","16,000","1,82M","-0,06%"
"12.06.2020","16,505","16,425","16,650","16,265","1,07M","0,49%"
"11.06.2020","16,425","17,010","17,020","16,425","1,76M","-4,12%"
"10.06.2020","17,130","17,610","17,925","17,120","1,62M","-2,42%"
"09.06.2020","17,555","17,730","17,830","17,250","1,90M","-0,82%"
"08.06.2020","17,700","17,305","17,905","17,260","2,03M","1,75%"
"05.06.2020","17,395","17,220","17,495","17,145","3,06M","1,99%"
"04.06.2020","17,055","17,380","17,500","17,040","1,94M","-3,10%"
"03.06.2020","17,600","17,040","17,600","16,895","1,69M","3,44%"
"02.06.2020","17,015","16,640","17,015","16,570","1,46M","3,00%"
"01.06.2020","16,520","16,935","17,010","16,435","781,14K","-1,05%"
"29.05.2020","16,695","16,755","17,065","16,575","3,04M","-0,54%"
"28.05.2020","16,785","16,360","16,785","16,140","3,26M","2,50%"
"27.05.2020","16,375","16,410","16,755","16,060","1,56M","0,28%"
"26.05.2020","16,330","15,950","16,360","15,760","1,70M","2,67%"
"25.05.2020","15,905","15,800","15,955","15,745","1,01M","1,02%"
"22.05.2020","15,745","15,650","15,765","15,520","1,05M","-1,19%"
"21.05.2020","15,935","15,750","15,935","15,610","3,77M","0,47%"
"20.05.2020","15,860","15,520","16,025","15,300","1,21M","2,22%"
"19.05.2020","15,515","16,615","16,710","15,495","2,67M","-5,60%"
"18.05.2020","16,435","15,980","16,465","15,895","614,18K","3,36%"
"15.05.2020","15,900","16,510","16,705","15,795","952,63K","-3,67%"
"14.05.2020","16,505","16,900","17,065","16,375","914,25K","-0,96%"
"13.05.2020","16,665","16,810","16,900","16,495","852,19K","1,74%"
"12.05.2020","16,380","16,535","16,920","16,225","2,35M","-0,94%"
"11.05.2020","16,535","16,685","16,950","16,530","681,96K","-0,60%"
"08.05.2020","16,635","16,350","16,635","16,220","587,98K","2,56%"
"07.05.2020","16,220","16,080","16,220","15,930","700,56K","0,65%"
"06.05.2020","16,115","15,600","16,195","15,600","959,18K","2,03%"
"05.05.2020","15,795","15,700","15,860","15,525","849,78K","1,84%"
"04.05.2020","15,510","15,635","15,675","15,430","2,11M","-3,72%"
"30.04.2020","16,110","16,000","16,145","15,760","1,20M","0,69%"
"29.04.2020","16,000","15,500","16,000","15,270","1,37M","3,23%"
"28.04.2020","15,500","15,780","15,800","15,380","1,37M","-1,08%"
"27.04.2020","15,670","15,420","15,750","15,170","744,26K","3,64%"
"24.04.2020","15,120","15,000","15,220","14,720","1,36M","0,60%"
"23.04.2020","15,030","15,200","15,300","15,020","799,61K","-0,96%"
"22.04.2020","15,175","15,050","15,260","15,000","869,83K","1,34%"
"21.04.2020","14,975","15,260","15,360","14,900","1,85M","-2,12%"
"20.04.2020","15,300","15,515","15,520","15,220","866,74K","-0,07%"
"17.04.2020","15,310","15,895","15,945","15,110","1,40M","-0,91%"
"16.04.2020","15,450","15,590","15,895","15,410","1,45M","0,29%"
"15.04.2020","15,405","15,910","16,280","15,405","2,11M","-3,08%"
"14.04.2020","15,895","16,285","16,500","15,815","1,60M","-1,33%"
"09.04.2020","16,110","16,225","16,255","15,810","1,91M","0,85%"
"08.04.2020","15,975","16,000","16,140","15,760","1,23M","0,13%"
"07.04.2020","15,955","16,430","16,575","15,850","1,41M","-0,78%"
"06.04.2020","16,080","16,300","16,300","15,700","921,99K","2,23%"
"03.04.2020","15,730","15,720","16,120","15,340","1,70M","-0,13%"
"02.04.2020","15,750","16,000","16,000","15,150","1,35M","1,29%"
"01.04.2020","15,550","16,100","16,140","15,325","6,38M","-3,51%"
"31.03.2020","16,115","16,095","16,210","15,725","3,43M","2,09%"
"30.03.2020","15,785","16,570","16,655","15,600","1,14M","-4,74%"
"27.03.2020","16,570","16,850","16,850","16,070","3,65M","-1,34%"
"26.03.2020","16,795","16,085","16,795","16,085","1,12M","3,51%"
"25.03.2020","16,225","17,100","17,100","15,815","2,14M","-0,86%"
"24.03.2020","16,365","16,850","16,900","16,035","1,80M","2,15%"
"23.03.2020","16,020","15,760","16,830","15,100","1,87M","-6,72%"
"20.03.2020","17,175","17,850","18,600","16,320","3,74M","-0,23%"
"19.03.2020","17,215","16,500","17,300","16,225","2,53M","6,17%"
"18.03.2020","16,215","15,800","16,360","14,750","7,32M","3,84%"
"17.03.2020","15,615","15,150","16,130","14,800","4,59M","5,65%"
"16.03.2020","14,780","14,900","15,140","13,805","4,18M","-4,83%"
"13.03.2020","15,530","14,905","17,750","14,885","2,97M","8,00%"
"12.03.2020","14,380","16,400","16,680","14,380","5,06M","-16,69%"
"11.03.2020","17,260","17,480","17,850","17,135","3,61M","-0,35%"
"10.03.2020","17,320","18,335","18,405","17,320","3,58M","-4,18%"
"09.03.2020","18,075","18,480","19,475","18,075","3,13M","-9,81%"
"06.03.2020","20,040","20,850","20,850","19,905","2,32M","-4,21%"
"05.03.2020","20,920","21,580","21,580","20,920","3,61M","-2,47%"
"04.03.2020","21,450","21,330","21,510","21,130","1,82M","0,80%"
"03.03.2020","21,280","21,560","21,690","21,280","2,27M","-0,23%"
"02.03.2020","21,330","21,340","21,480","20,810","1,51M","1,43%"
"28.02.2020","21,030","21,500","21,520","20,760","3,63M","-3,31%"
"27.02.2020","21,750","22,200","22,260","21,600","2,42M","-2,25%"
"26.02.2020","22,250","22,410","22,510","22,110","3,16M","-0,98%"
"25.02.2020","22,470","23,020","23,090","22,470","2,09M","-2,35%"
"24.02.2020","23,010","23,690","23,870","22,920","2,29M","-4,64%"
"21.02.2020","24,130","24,300","24,310","24,040","1,01M","-0,62%"
"20.02.2020","24,280","24,520","24,640","24,250","954,05K","-1,34%"
"19.02.2020","24,610","24,390","24,760","24,310","1,00M","1,23%"
"18.02.2020","24,310","24,140","24,560","24,110","1,13M","0,54%"
"17.02.2020","24,180","24,000","24,200","23,850","1,25M","1,09%"
"14.02.2020","23,920","23,560","23,920","23,540","1,58M","2,00%"
"13.02.2020","23,450","23,590","23,750","23,240","1,05M","-0,93%"
"12.02.2020","23,670","23,520","23,850","23,520","963,18K","0,34%"
"11.02.2020","23,590","23,790","23,800","23,500","1,09M","-0,38%"
"10.02.2020","23,680","23,990","24,000","23,650","1,05M","-1,13%"
"07.02.2020","23,950","23,930","24,050","23,710","1,22M","-0,29%"
"06.02.2020","24,020","24,180","24,180","23,830","1,27M","-0,46%"
"05.02.2020","24,130","23,890","24,130","23,310","2,31M","1,60%"
"04.02.2020","23,750","23,660","23,820","23,550","1,22M","0,68%"
"03.02.2020","23,590","23,780","23,890","23,500","923,97K","-0,88%"
"31.01.2020","23,800","23,960","23,960","23,660","2,05M","-0,34%"
"30.01.2020","23,880","23,650","23,960","23,650","1,27M","0,29%"
"29.01.2020","23,810","23,600","23,820","23,570","993,05K","0,80%"
"28.01.2020","23,620","23,320","23,620","23,320","2,27M","1,33%"
"27.01.2020","23,310","23,300","23,430","23,200","1,27M","-0,68%"
"24.01.2020","23,470","23,400","23,490","23,190","859,97K","0,77%"
"23.01.2020","23,290","22,820","23,290","22,820","738,87K","1,66%"
"22.01.2020","22,910","22,720","22,980","22,630","950,63K","0,66%"
"21.01.2020","22,760","22,900","22,940","22,660","915,31K","-1,17%"
"20.01.2020","23,030","22,990","23,060","22,880","440,66K","0,30%"
"17.01.2020","22,960","22,580","23,030","22,580","1,18M","1,23%"
"16.01.2020","22,680","22,590","22,820","22,450","1,04M","0,53%"
"15.01.2020","22,560","22,600","22,700","22,380","934,25K","0,04%"
"14.01.2020","22,550","22,460","22,580","22,390","1,41M","0,27%"
"13.01.2020","22,490","22,200","22,490","22,060","1,28M","1,49%"
"10.01.2020","22,160","22,170","22,360","22,100","955,29K","-0,49%"
"09.01.2020","22,270","22,240","22,390","22,200","1,03M","0,36%"
"08.01.2020","22,190","22,240","22,360","22,160","1,71M","-0,36%"
"07.01.2020","22,270","22,610","22,630","22,210","1,28M","-1,15%"
"06.01.2020","22,530","22,550","22,720","22,510","695,45K","-0,53%"
"03.01.2020","22,650","22,600","22,660","22,510","696,06K","-0,22%"
"02.01.2020","22,700","22,470","22,740","22,440","894,19K","1,34%"
"31.12.2019","22,400","22,610","22,710","22,400","742,97K","-1,75%"
"30.12.2019","22,800","22,800","22,890","22,690","670,94K","-0,31%"
"27.12.2019","22,870","22,810","22,990","22,800","723,22K","0,26%"
"24.12.2019","22,810","22,970","22,970","22,810","242,41K","-0,35%"
"23.12.2019","22,890","22,940","23,050","22,860","1,11M","0,26%"
"20.12.2019","22,830","22,750","23,130","22,730","4,84M","0,40%"
"19.12.2019","22,740","22,590","22,770","22,420","1,07M","0,57%"
"18.12.2019","22,610","22,960","23,160","22,490","1,40M","-1,31%"
"17.12.2019","22,910","22,760","23,060","22,750","1,49M","0,66%"
"16.12.2019","22,760","22,860","22,940","22,640","1,10M","-0,13%"
"13.12.2019","22,790","22,720","22,980","22,370","1,17M","0,75%"
"12.12.2019","22,620","22,840","22,870","22,570","1,35M","-0,83%"
"11.12.2019","22,810","22,830","23,100","22,770","1,24M","0,40%"
"10.12.2019","22,720","22,870","22,940","22,570","1,18M","-1,05%"
"09.12.2019","22,960","22,900","23,050","22,860","1,26M","-0,04%"
"06.12.2019","22,970","22,840","23,080","22,760","793,92K","0,61%"
"05.12.2019","22,830","23,010","23,210","22,800","1,27M","-0,78%"
"04.12.2019","23,010","22,990","23,110","22,780","1,35M","0,48%"
"03.12.2019","22,900","23,000","23,080","22,760","1,06M","0,04%"
"02.12.2019","22,890","23,640","23,680","22,890","1,27M","-3,01%"
"29.11.2019","23,600","23,550","23,790","23,480","773,42K","0,43%"
"28.11.2019","23,500","23,580","23,690","23,410","486,41K","-0,51%"
"27.11.2019","23,620","23,600","23,850","23,540","948,63K","0,43%"
"26.11.2019","23,520","23,750","23,760","23,380","4,01M","-0,97%"
"25.11.2019","23,750","23,560","23,850","23,460","577,18K","0,93%"
"22.11.2019","23,530","23,680","23,760","23,530","1,02M","-0,68%"
"21.11.2019","23,690","23,700","23,920","23,640","799,38K","-0,29%"
"20.11.2019","23,760","23,670","23,840","23,570","680,92K","0,13%"
"19.11.2019","23,730","23,970","24,110","23,730","1,43M","-1,37%"
"18.11.2019","24,060","23,800","24,080","23,690","2,20M","1,05%"
"15.11.2019","23,810","23,800","24,100","23,680","1,12M","0,59%"
"14.11.2019","23,670","23,800","24,100","23,670","1,84M","-0,84%"
"13.11.2019","23,870","23,790","23,940","23,530","2,70M","0,08%"
"12.11.2019","23,850","24,060","24,170","23,750","1,42M","-1,04%"
"11.11.2019","24,100","23,930","24,150","23,810","1,59M","0,71%"
"08.11.2019","23,930","23,820","24,100","23,730","1,21M","-1,72%"
"07.11.2019","24,350","24,460","24,660","24,250","1,16M","-0,37%"
"06.11.2019","24,440","24,050","24,480","23,890","1,00M","1,71%"
"05.11.2019","24,030","23,870","24,030","23,700","1,54M","0,46%"
"04.11.2019","23,920","24,160","24,160","23,800","3,59M","-0,37%"
"01.11.2019","24,010","24,480","24,480","23,990","2,60M","-1,64%"
"31.10.2019","24,410","24,270","24,980","24,260","2,02M","1,96%"
"30.10.2019","23,940","23,950","24,060","23,490","1,40M","0,67%"
"29.10.2019","23,780","23,550","23,840","23,500","1,39M","0,93%"
"28.10.2019","23,560","23,750","23,750","23,540","796,09K","-0,30%"
"25.10.2019","23,630","24,120","24,120","23,550","819,32K","-1,54%"
"24.10.2019","24,000","24,070","24,140","23,890","782,45K","0,13%"
"23.10.2019","23,970","24,060","24,130","23,890","828,29K","-0,62%"
"22.10.2019","24,120","23,920","24,250","23,830","440,42K","0,58%"
"21.10.2019","23,980","24,220","24,290","23,800","781,67K","-0,75%"
"18.10.2019","24,160","24,120","24,280","24,070","708,34K","0,33%"
"17.10.2019","24,080","24,140","24,490","24,000","1,67M","0,21%"
"16.10.2019","24,030","24,250","24,390","23,920","1,21M","-0,91%"
"15.10.2019","24,250","24,150","24,370","24,120","1,19M","0,50%"
"14.10.2019","24,130","23,930","24,180","23,870","1,29M","0,79%"
"11.10.2019","23,940","23,720","23,940","23,540","1,85M","0,93%"
"10.10.2019","23,720","23,600","23,740","23,430","822,59K","0,30%"
"09.10.2019","23,650","23,770","23,770","23,470","1,69M","-0,30%"
"08.10.2019","23,720","24,000","24,000","23,680","1,58M","-0,84%"
"07.10.2019","23,920","23,660","23,970","23,640","578,30K","1,36%"
"04.10.2019","23,600","23,630","23,750","23,490","913,36K","0,47%"
"03.10.2019","23,490","23,610","23,680","23,350","966,99K","-0,25%"
"02.10.2019","23,550","24,380","24,380","23,550","1,32M","-3,21%"
"01.10.2019","24,330","24,350","24,430","24,220","687,99K","-0,04%"
"30.09.2019","24,340","24,160","24,480","24,120","903,58K","1,37%"
"27.09.2019","24,010","24,110","24,280","23,960","704,66K","-0,50%"
"26.09.2019","24,130","23,850","24,160","23,790","1,02M","1,51%"
"25.09.2019","23,770","24,360","24,360","23,770","814,45K","-2,50%"
"24.09.2019","24,380","24,330","24,410","24,180","738,77K","0,16%"
"23.09.2019","24,340","24,240","24,590","24,170","3,04M","0,12%"
"20.09.2019","24,310","24,340","24,610","24,180","2,34M","0,12%"
"19.09.2019","24,280","24,250","24,390","24,090","1,28M","0,33%"
"18.09.2019","24,200","23,620","24,420","23,500","2,30M","2,11%"
"17.09.2019","23,700","23,260","23,730","23,230","1,75M","2,11%"
"16.09.2019","23,210","22,950","23,320","22,930","1,09M","0,91%"
"13.09.2019","23,000","23,400","23,470","22,970","1,20M","-2,04%"
"12.09.2019","23,480","23,380","23,770","23,210","1,62M","0,64%"
"11.09.2019","23,330","23,270","23,430","22,980","2,09M","0,78%"
"10.09.2019","23,150","22,920","23,180","22,600","938,97K","1,40%"
"09.09.2019","22,830","23,210","23,290","22,820","1,27M","-1,55%"
"06.09.2019","23,190","23,660","23,720","23,130","1,22M","-2,36%"
"05.09.2019","23,750","23,890","23,930","23,660","698,59K","-0,21%"
"04.09.2019","23,800","23,920","23,950","23,720","1,02M","0,17%"
"03.09.2019","23,760","23,860","24,010","23,760","1,31M","-0,59%"
"02.09.2019","23,900","24,000","24,220","23,890","691,14K","0,42%"
"30.08.2019","23,800","23,860","24,000","23,740","957,13K","-0,04%"
"29.08.2019","23,810","23,960","24,080","23,780","556,72K","-0,54%"
"28.08.2019","23,940","23,900","24,070","23,800","491,49K","-0,08%"
"27.08.2019","23,960","23,580","24,070","23,520","997,92K","1,31%"
"26.08.2019","23,650","23,300","23,660","23,290","352,63K","0,55%"
"23.08.2019","23,520","23,450","23,660","23,430","468,84K","0,21%"
"22.08.2019","23,470","23,710","23,850","23,420","661,06K","-1,01%"
"21.08.2019","23,710","23,700","23,880","23,700","644,23K","0,42%"
"20.08.2019","23,610","23,850","23,950","23,570","553,31K","-1,30%"
"19.08.2019","23,920","23,810","23,920","23,560","741,75K","0,93%"
"16.08.2019","23,700","23,320","23,780","23,320","730,96K","1,50%"
"15.08.2019","23,350","23,340","23,480","23,170","817,71K","-0,34%"
"14.08.2019","23,430","23,380","23,540","23,290","1,81M","-0,21%"
"13.08.2019","23,480","23,360","23,590","23,360","1,25M","0,17%"
"12.08.2019","23,440","23,520","23,650","23,400","812,75K","-0,21%"
"09.08.2019","23,490","23,550","23,590","23,380","1,52M","-0,21%"
"08.08.2019","23,540","23,630","23,630","23,360","1,00M","0,26%"
"07.08.2019","23,480","23,350","23,600","23,300","1,11M","0,90%"
"06.08.2019","23,270","23,190","23,470","23,120","1,02M","-0,30%"
"05.08.2019","23,340","23,000","23,380","22,960","827,36K","0,09%"
"02.08.2019","23,320","23,070","23,540","23,060","1,17M","0,30%"
"01.08.2019","23,250","22,880","23,280","22,870","1,05M","1,53%"
"31.07.2019","22,900","22,620","22,920","22,440","1,63M","1,15%"
"30.07.2019","22,640","23,200","23,200","22,640","989,88K","-2,12%"
"29.07.2019","23,130","22,800","23,130","22,800","954,93K","0,35%"
"26.07.2019","23,050","23,060","23,210","22,940","1,10M","-0,69%"
"25.07.2019","23,210","23,050","23,600","22,900","1,19M","0,69%"
"24.07.2019","23,050","22,650","23,290","22,650","1,61M","0,57%"
"23.07.2019","22,920","22,600","22,950","22,520","705,13K","1,24%"
"22.07.2019","22,640","22,530","22,670","22,450","660,19K","0,27%"
"19.07.2019","22,580","22,740","22,790","22,480","890,53K","-0,44%"
"18.07.2019","22,680","22,500","22,710","22,250","2,05M","-0,53%"
"17.07.2019","22,800","22,520","22,980","22,480","2,56M","1,20%"
"16.07.2019","22,530","22,950","22,980","22,520","1,02M","-1,49%"
"15.07.2019","22,870","22,580","23,320","22,500","1,80M","1,02%"
"12.07.2019","22,640","22,400","22,710","22,320","1,33M","0,53%"
"11.07.2019","22,520","22,250","22,650","22,130","1,47M","-0,62%"
"10.07.2019","22,660","22,710","22,820","22,430","1,72M","-0,74%"
"09.07.2019","22,830","22,470","22,830","22,380","1,38M","1,06%"
"08.07.2019","22,590","22,750","22,970","22,510","3,16M","-2,80%"
"05.07.2019","23,240","23,970","24,180","22,860","3,41M","-3,37%"
"04.07.2019","24,050","24,700","24,700","23,970","2,39M","-3,37%"
"03.07.2019","24,890","24,770","24,960","24,670","912,59K","1,01%"
"02.07.2019","24,640","24,260","24,820","24,150","1,37M","1,57%"
"01.07.2019","24,260","24,360","24,520","23,900","1,21M","0,12%"
"28.06.2019","24,230","24,560","24,700","24,230","1,78M","-1,78%"
"27.06.2019","24,670","25,010","25,040","24,570","1,35M","-1,32%"
"26.06.2019","25,000","25,150","25,190","25,000","1,98M","-0,60%"
"25.06.2019","25,150","25,220","25,350","25,130","863,07K","-0,95%"
"24.06.2019","25,390","25,450","25,520","25,230","1,26M","0,24%"
"21.06.2019","25,330","25,260","25,380","25,180","2,57M","0,52%"
"20.06.2019","25,200","25,290","25,430","25,070","1,16M","0,28%"
"19.06.2019","25,130","25,530","25,530","25,080","1,15M","-1,30%"
"18.06.2019","25,460","25,210","25,570","25,040","1,74M","1,27%"
"17.06.2019","25,140","25,440","25,530","25,140","1,07M","-1,18%"
"14.06.2019","25,440","25,500","25,650","25,440","1,23M","-0,16%"
"13.06.2019","25,480","25,660","25,750","25,480","1,18M","-0,70%"
"12.06.2019","25,660","25,400","25,710","25,400","1,20M","0,63%"
"11.06.2019","25,500","25,710","25,840","25,460","1,73M","-1,43%"
"10.06.2019","25,870","25,890","26,050","25,760","684,58K","-0,12%"
"07.06.2019","25,900","25,930","25,990","25,790","3,16M","-0,12%"
"06.06.2019","25,930","25,860","26,100","25,780","1,81M","0,70%"
"05.06.2019","25,750","25,660","25,770","25,290","1,95M","0,66%"
"04.06.2019","25,580","25,570","25,730","25,490","1,78M","-0,62%"
"03.06.2019","25,740","25,290","25,740","25,180","1,10M","0,82%"
"31.05.2019","25,530","25,610","25,700","25,460","2,54M","-0,55%"
"30.05.2019","25,670","25,700","25,930","25,650","1,33M","-0,23%"
"29.05.2019","25,730","25,740","25,920","25,500","1,38M","-1,04%"
"28.05.2019","26,000","26,540","26,650","26,000","6,07M","-2,77%"
"27.05.2019","26,740","26,720","27,000","26,720","363,70K","0,15%"
"24.05.2019","26,700","26,630","26,770","26,530","2,10M","0,72%"
"23.05.2019","26,510","26,670","26,840","26,480","1,25M","-0,97%"
"22.05.2019","26,770","26,910","27,000","26,680","1,59M","-0,11%"
"21.05.2019","26,800","26,850","26,940","26,660","877,75K","-0,33%"
"20.05.2019","26,890","27,000","27,110","26,730","1,62M","-0,04%"
"17.05.2019","26,900","26,920","26,990","26,770","799,26K","-0,19%"
"16.05.2019","26,950","26,390","27,000","26,390","1,30M","1,85%"
"15.05.2019","26,460","26,180","26,580","26,160","869,94K","0,84%"
"14.05.2019","26,240","26,280","26,300","25,940","1,08M","0,15%"
"13.05.2019","26,200","26,050","26,250","25,960","964,99K","0,96%"
"10.05.2019","25,950","25,600","26,220","25,500","1,25M","1,41%"
"09.05.2019","25,590","25,820","25,920","25,550","1,40M","-1,39%"
"08.05.2019","25,950","26,090","26,150","25,740","1,46M","-0,42%"
"07.05.2019","26,060","25,510","26,080","25,510","1,35M","1,88%"
"06.05.2019","25,580","25,300","25,620","25,300","477,39K","-0,08%"
"03.05.2019","25,600","25,450","25,730","25,340","640,83K","0,59%"
"02.05.2019","25,450","25,230","25,550","25,190","1,62M","0,51%"
"30.04.2019","25,320","25,140","25,320","25,000","759,63K","1,20%"
"29.04.2019","25,020","25,050","25,110","24,880","452,93K","-0,60%"
"26.04.2019","25,170","25,150","25,300","24,910","604,90K","0,24%"
"25.04.2019","25,110","24,690","25,270","24,690","1,41M","1,54%"
"24.04.2019","24,730","24,810","24,820","24,610","584,73K","-0,64%"
"23.04.2019","24,890","24,860","24,950","24,720","740,71K","0,28%"
"18.04.2019","24,820","24,650","24,850","24,530","552,04K","0,36%"
"17.04.2019","24,730","24,660","24,730","24,360","1,17M","0,16%"
"16.04.2019","24,690","25,160","25,160","24,690","835,93K","-1,79%"
"15.04.2019","25,140","25,220","25,300","24,970","706,07K","0,00%"
"12.04.2019","25,140","25,400","25,460","25,090","1,39M","-0,98%"
"11.04.2019","25,390","25,500","25,550","25,320","552,15K","-0,70%"
"10.04.2019","25,570","25,460","25,600","25,310","1,39M","0,71%"
"09.04.2019","25,390","25,260","25,470","25,150","811,11K","0,36%"
"08.04.2019","25,300","25,370","25,480","25,230","556,80K","-0,35%"
"05.04.2019","25,390","25,480","25,520","25,270","927,98K","-0,08%"
"04.04.2019","25,410","25,250","25,440","25,220","953,78K","0,59%"
"03.04.2019","25,260","25,300","25,330","25,120","1,29M","0,28%"
"02.04.2019","25,190","24,990","25,280","24,980","822,49K","0,76%"
"01.04.2019","25,000","25,050","25,070","24,880","1,31M","0,28%"
"29.03.2019","24,930","25,110","25,180","24,930","1,11M","-0,36%"
"28.03.2019","25,020","24,970","25,190","24,960","5,70M","-0,12%"
"27.03.2019","25,050","24,990","25,050","24,620","817,33K","0,44%"
"26.03.2019","24,940","24,830","25,020","24,790","796,79K","0,44%"
"25.03.2019","24,830","24,520","24,890","24,500","1,58M","0,65%"
"22.03.2019","24,670","24,810","24,860","24,610","2,30M","-0,48%"
"21.03.2019","24,790","24,590","24,830","24,590","832,70K","0,77%"
"20.03.2019","24,600","24,460","24,630","24,440","1,06M","0,24%"
"19.03.2019","24,540","24,370","24,600","24,350","1,03M","0,78%"
"18.03.2019","24,350","24,210","24,350","24,080","1,35M","-1,26%"
"15.03.2019","24,660","24,460","24,860","24,460","2,18M","0,74%"
"14.03.2019","24,480","24,520","24,600","24,340","638,24K","-0,12%"
"13.03.2019","24,510","24,540","24,690","24,450","686,90K","-0,12%"
"12.03.2019","24,540","24,460","24,540","24,240","556,75K","0,90%"
"11.03.2019","24,320","24,540","24,580","24,220","591,95K","-0,78%"
"08.03.2019","24,510","24,400","24,730","24,400","883,06K","-0,24%"
"07.03.2019","24,570","23,990","24,630","23,940","958,70K","2,80%"
"06.03.2019","23,900","23,800","24,050","23,730","807,74K","0,55%"
"05.03.2019","23,770","23,700","23,890","23,600","1,45M","0,21%"
"04.03.2019","23,720","23,880","23,880","23,610","747,70K","-0,25%"
"01.03.2019","23,780","24,000","24,000","23,760","1,01M","-0,38%"
"28.02.2019","23,870","23,710","23,990","23,630","1,39M","0,34%"
"27.02.2019","23,790","23,890","23,910","23,720","856,05K","-0,38%"
"26.02.2019","23,880","23,800","23,960","23,750","722,77K","-0,04%"
"25.02.2019","23,890","23,960","24,080","23,810","995,22K","-0,08%"
"22.02.2019","23,910","23,760","24,000","23,650","795,40K","0,38%"
"21.02.2019","23,820","23,910","23,980","23,630","974,43K","0,08%"
"20.02.2019","23,800","23,850","24,060","23,760","768,93K","-0,17%"
"19.02.2019","23,840","23,750","23,880","23,650","615,93K","0,38%"
"18.02.2019","23,750","23,640","23,850","23,630","762,37K","0,47%"
"15.02.2019","23,640","23,630","23,810","23,560","1,20M","0,04%"
"14.02.2019","23,630","23,820","23,930","23,570","1,32M","-0,21%"
"13.02.2019","23,680","24,220","24,250","23,640","1,16M","-2,39%"
"12.02.2019","24,260","24,110","24,300","24,030","883,40K","0,96%"
"11.02.2019","24,030","23,990","24,250","23,890","1,09M","0,38%"
"08.02.2019","23,940","23,990","24,120","23,920","951,03K","-0,46%"
"07.02.2019","24,050","24,220","24,340","24,050","963,77K","-1,27%"
"06.02.2019","24,360","24,340","24,490","24,230","1,25M","-0,04%"
"05.02.2019","24,370","24,200","24,370","24,070","1,17M","0,66%"
"04.02.2019","24,210","24,200","24,390","24,110","1,04M","0,08%"
"01.02.2019","24,190","24,300","24,470","24,070","1,46M","-0,66%"
"31.01.2019","24,350","23,930","24,430","23,920","1,29M","1,37%"
"30.01.2019","24,020","23,420","24,090","23,400","1,01M","1,14%"
"29.01.2019","23,750","23,410","23,760","23,410","808,42K","1,50%"
"28.01.2019","23,400","23,400","23,700","23,400","733,80K","-0,47%"
"25.01.2019","23,510","23,950","23,980","23,490","736,71K","-1,43%"
"24.01.2019","23,850","23,680","23,850","23,660","886,29K","0,93%"
"23.01.2019","23,630","23,490","23,700","23,390","907,55K","0,77%"
"22.01.2019","23,450","23,470","23,660","23,330","1,22M","0,43%"
"21.01.2019","23,350","23,400","23,560","23,290","674,78K","-0,21%"
"18.01.2019","23,400","23,260","23,460","23,180","951,14K","0,60%"
"17.01.2019","23,260","23,010","23,370","23,000","626,09K","0,74%"
"16.01.2019","23,090","23,100","23,130","22,920","631,79K","-0,09%"
"15.01.2019","23,110","22,940","23,170","22,780","934,47K","1,67%"
"14.01.2019","22,730","22,530","22,830","22,440","586,63K","0,13%"
"11.01.2019","22,700","22,810","22,980","22,680","719,17K","-0,66%"
"10.01.2019","22,850","22,450","22,850","22,420","972,55K","1,47%"
"09.01.2019","22,520","22,870","22,880","22,490","917,46K","-0,66%"
"08.01.2019","22,670","22,510","22,830","22,510","1,41M","0,35%"
"07.01.2019","22,590","22,500","22,590","22,360","1,18M","0,27%"
"04.01.2019","22,530","22,410","22,620","22,340","851,23K","0,81%"
"03.01.2019","22,350","22,370","22,510","22,180","1,05M","-0,80%"
"02.01.2019","22,530","22,010","22,570","21,810","877,06K","1,21%"
"31.12.2018","22,260","22,010","22,470","22,010","777,03K","1,14%"
"28.12.2018","22,010","21,610","22,060","21,610","1,13M","1,71%"
"27.12.2018","21,640","22,670","22,690","21,460","1,76M","-5,17%"
"24.12.2018","22,820","22,300","22,950","22,280","487,59K","1,78%"
"21.12.2018","22,420","22,620","22,760","22,120","4,42M","-1,41%"
"20.12.2018","22,740","22,630","23,030","22,580","1,38M","-0,74%"
"19.12.2018","22,910","22,630","23,130","22,620","1,20M","1,28%"
"18.12.2018","22,620","23,150","23,210","22,600","1,90M","-2,88%"
"17.12.2018","23,290","23,160","23,650","23,160","946,73K","0,22%"
"14.12.2018","23,240","23,140","23,320","23,070","853,41K","-0,04%"
"13.12.2018","23,250","23,170","23,340","23,010","723,80K","0,43%"
"12.12.2018","23,150","22,720","23,280","22,710","813,30K","2,39%"
"11.12.2018","22,610","22,460","22,880","22,340","1,07M","1,98%"
"10.12.2018","22,170","22,170","22,370","22,170","909,23K","-0,49%"
"07.12.2018","22,280","21,930","22,280","21,900","879,87K","1,97%"
"06.12.2018","21,850","22,130","22,270","21,850","1,12M","-2,19%"
"05.12.2018","22,340","22,040","22,340","22,040","603,05K","0,40%"
"04.12.2018","22,250","22,300","22,350","22,120","865,33K","0,27%"
"03.12.2018","22,190","22,160","22,260","22,000","900,90K","1,56%"
"30.11.2018","21,850","21,750","21,900","21,580","1,61M","0,74%"
"29.11.2018","21,690","22,170","22,270","21,680","946,41K","-1,81%"
"28.11.2018","22,090","22,000","22,180","22,000","1,19M","-0,05%"
"27.11.2018","22,100","22,060","22,180","22,030","1,57M","0,32%"
"26.11.2018","22,030","22,080","22,230","22,000","1,13M","0,36%"
"23.11.2018","21,950","22,140","22,180","21,770","937,77K","-1,83%"
"22.11.2018","22,360","22,540","22,620","22,360","871,82K","-1,06%"
"21.11.2018","22,600","23,040","23,080","22,550","1,20M","-1,22%"
"20.11.2018","22,880","23,040","23,270","22,800","1,42M","-0,65%"
"19.11.2018","23,030","23,100","23,200","22,890","934,08K","0,26%"
"16.11.2018","22,970","23,000","23,110","22,790","1,12M","-0,13%"
"15.11.2018","23,000","23,160","23,230","22,930","1,44M","0,17%"
"14.11.2018","22,960","23,130","23,190","22,860","1,27M","-0,65%"
"13.11.2018","23,110","23,140","23,250","22,980","1,02M","0,04%"
"12.11.2018","23,100","23,150","23,260","23,000","1,15M","-0,26%"
"09.11.2018","23,160","23,000","23,240","22,900","981,71K","0,61%"
"08.11.2018","23,020","23,130","23,190","22,950","923,25K","-0,17%"
"07.11.2018","23,060","22,680","23,210","22,570","1,77M","2,63%"
"06.11.2018","22,470","21,920","22,470","21,820","2,41M","2,74%"
"05.11.2018","21,870","21,940","22,150","21,870","1,18M","0,14%"
"02.11.2018","21,840","21,800","21,840","21,540","1,19M","0,60%"
"01.11.2018","21,710","21,750","21,850","21,580","780,67K","-0,05%"
"31.10.2018","21,720","21,920","21,990","21,600","1,16M","-0,50%"
"30.10.2018","21,830","22,030","22,090","21,750","897,19K","-0,55%"
"29.10.2018","21,950","21,830","22,110","21,800","1,09M","0,14%"
"26.10.2018","21,920","21,800","21,920","21,670","927,66K","-0,36%"
"25.10.2018","22,000","21,850","22,060","21,850","1,35M","0,41%"
"24.10.2018","21,910","21,790","22,130","21,700","1,11M","0,78%"
"23.10.2018","21,740","22,150","22,260","21,680","1,28M","-2,95%"
"22.10.2018","22,400","22,700","22,740","22,390","1,21M","-0,36%"
"19.10.2018","22,480","22,360","22,590","22,350","1,88M","0,22%"
"18.10.2018","22,430","22,230","22,480","22,220","1,54M","1,26%"
"17.10.2018","22,150","22,270","22,430","22,020","1,39M","-0,23%"
"16.10.2018","22,200","21,800","22,240","21,780","1,50M","2,21%"
"15.10.2018","21,720","21,600","21,790","21,410","1,68M","0,74%"
"12.10.2018","21,560","22,220","22,290","21,480","1,62M","-1,96%"
"11.10.2018","21,990","22,530","22,610","21,940","3,03M","-4,06%"
"10.10.2018","22,920","23,840","23,840","22,820","1,54M","-3,78%"
"09.10.2018","23,820","23,800","23,910","23,540","987,92K","0,51%"
"08.10.2018","23,700","23,550","23,770","23,460","1,10M","0,30%"
"05.10.2018","23,630","23,600","23,640","23,480","837,82K","0,25%"
"04.10.2018","23,570","24,110","24,150","23,550","2,23M","-2,40%"
"03.10.2018","24,150","23,970","24,330","23,950","843,43K","1,05%"
"02.10.2018","23,900","23,400","23,970","23,400","977,58K","1,88%"
"01.10.2018","23,460","23,560","23,740","23,450","881,33K","-0,21%"
"28.09.2018","23,510","23,610","23,790","23,500","1,44M","-0,89%"
"27.09.2018","23,720","23,490","23,780","23,360","921,50K","0,94%"
"26.09.2018","23,500","23,600","23,630","23,480","1,02M","-0,04%"
"25.09.2018","23,510","23,450","23,660","23,450","937,39K","0,00%"
"24.09.2018","23,510","23,710","23,990","23,510","1,35M","-0,76%"
"21.09.2018","23,690","23,730","23,850","23,670","2,67M","-0,13%"
"20.09.2018","23,720","23,640","23,830","23,560","1,50M","0,34%"
"19.09.2018","23,640","23,800","23,870","23,640","1,72M","-0,63%"
"18.09.2018","23,790","23,750","23,940","23,700","1,04M","0,42%"
"17.09.2018","23,690","23,280","23,740","23,280","952,47K","1,41%"
"14.09.2018","23,360","23,230","23,420","23,210","1,14M","0,65%"
"13.09.2018","23,210","23,220","23,440","23,210","1,30M","-0,26%"
"12.09.2018","23,270","23,790","23,880","23,260","1,44M","-2,43%"
"11.09.2018","23,850","23,620","23,890","23,620","933,46K","1,02%"
"10.09.2018","23,610","23,300","23,690","23,280","797,36K","1,11%"
"07.09.2018","23,350","23,290","23,480","23,200","1,18M","0,56%"
"06.09.2018","23,220","23,240","23,330","23,190","1,05M","0,17%"
"05.09.2018","23,180","23,420","23,470","23,180","1,81M","-1,28%"
"04.09.2018","23,480","23,780","23,850","23,450","1,77M","-0,93%"
"03.09.2018","23,700","23,100","23,940","23,000","1,55M","2,46%"
"31.08.2018","23,130","23,190","23,280","23,050","1,70M","-0,52%"
"30.08.2018","23,250","23,230","23,380","23,150","1,09M","-0,17%"
"29.08.2018","23,290","23,360","23,470","23,160","710,48K","0,04%"
"28.08.2018","23,280","23,250","23,360","23,160","515,37K","0,39%"
"27.08.2018","23,190","23,260","23,320","23,160","529,04K","0,04%"
"24.08.2018","23,180","23,150","23,260","23,110","688,33K","0,22%"
"23.08.2018","23,130","23,210","23,270","23,130","773,85K","-0,09%"
"22.08.2018","23,150","23,350","23,370","23,040","1,31M","-0,94%"
"21.08.2018","23,370","23,230","23,570","23,230","773,60K","0,39%"
"20.08.2018","23,280","23,230","23,370","23,150","869,99K","0,04%"
"17.08.2018","23,270","23,130","23,270","23,050","859,87K","0,61%"
"16.08.2018","23,130","22,900","23,210","22,840","2,01M","0,70%"
"15.08.2018","22,970","23,330","23,380","22,910","1,50M","-1,50%"
"14.08.2018","23,320","23,330","23,430","23,230","799,58K","0,30%"
"13.08.2018","23,250","23,200","23,270","23,050","878,37K","0,09%"
"10.08.2018","23,230","23,190","23,420","23,140","1,05M","-0,60%"
"09.08.2018","23,370","23,230","23,390","23,140","901,10K","0,56%"
"08.08.2018","23,240","23,200","23,260","23,060","1,01M","0,00%"
"07.08.2018","23,240","23,070","23,280","23,060","845,28K","0,78%"
"06.08.2018","23,060","23,150","23,190","22,940","996,10K","-0,43%"
"03.08.2018","23,160","23,020","23,210","22,950","796,18K","0,78%"
"02.08.2018","22,980","22,910","23,200","22,900","1,70M","0,13%"
"01.08.2018","22,950","23,180","23,290","22,930","1,59M","-0,99%"
"31.07.2018","23,180","23,060","23,310","22,960","1,55M","0,61%"
"30.07.2018","23,040","23,030","23,250","22,900","1,04M","-0,35%"
"27.07.2018","23,120","22,970","23,220","22,720","1,71M","-0,77%"
"26.07.2018","23,300","23,100","23,310","23,070","1,56M","0,69%"
"25.07.2018","23,140","22,900","23,240","22,600","1,58M","-0,09%"
"24.07.2018","23,160","23,420","23,420","23,090","1,58M","-1,11%"
"23.07.2018","23,420","23,360","23,500","23,300","1,22M","0,17%"
"20.07.2018","23,380","23,330","23,450","23,230","1,43M","-0,04%"
"19.07.2018","23,390","23,450","23,640","23,290","1,35M","-0,81%"
"18.07.2018","23,580","23,690","23,690","23,400","1,36M","-0,51%"
"17.07.2018","23,700","23,400","23,700","23,360","1,07M","0,85%"
"16.07.2018","23,500","23,420","23,810","23,400","984,13K","0,34%"
"13.07.2018","23,420","23,510","23,550","23,330","1,36M","-0,55%"
"12.07.2018","23,550","23,450","23,550","23,260","1,41M","0,43%"
"11.07.2018","23,450","23,440","23,540","23,300","1,57M","-0,21%"
"10.07.2018","23,500","23,070","23,520","22,950","1,38M","1,47%"
"09.07.2018","23,160","23,080","23,570","23,040","2,00M","0,22%"
"06.07.2018","23,110","22,600","23,110","22,510","2,35M","0,92%"
"05.07.2018","22,900","22,660","22,930","22,400","2,23M","0,44%"
"04.07.2018","22,800","22,330","22,870","22,300","1,77M","2,15%"
"03.07.2018","22,320","22,340","22,700","21,850","2,28M","-2,19%"
"02.07.2018","22,820","22,660","22,990","22,050","2,09M","0,62%"
"29.06.2018","22,680","22,620","22,910","22,580","1,81M","0,76%"
"28.06.2018","22,510","22,050","22,730","21,980","2,21M","1,63%"
"27.06.2018","22,150","21,880","22,260","21,780","1,33M","1,10%"
"26.06.2018","21,910","21,600","21,980","21,510","1,29M","1,62%"
"25.06.2018","21,560","21,540","21,820","21,510","1,02M","-0,32%"
"22.06.2018","21,630","21,600","21,730","21,540","813,49K","0,65%"
"21.06.2018","21,490","21,810","21,850","21,420","898,97K","-1,20%"
"20.06.2018","21,750","21,700","22,000","21,680","966,61K","0,69%"
"19.06.2018","21,600","21,540","21,740","21,420","1,21M","-0,46%"
"18.06.2018","21,700","21,830","21,840","21,590","1,16M","-0,78%"
"15.06.2018","21,870","21,830","21,960","21,630","5,24M","0,37%"
"14.06.2018","21,790","21,230","21,900","21,210","1,48M","2,20%"
"13.06.2018","21,320","21,250","21,380","21,130","1,19M","0,33%"
"12.06.2018","21,250","21,130","21,280","21,070","997,48K","0,76%"
"11.06.2018","21,090","21,220","21,240","20,900","1,11M","0,38%"
"08.06.2018","21,010","21,380","21,410","20,950","1,41M","-2,05%"
"07.06.2018","21,450","21,310","21,450","21,270","866,77K","1,04%"
"06.06.2018","21,230","21,280","21,420","21,180","825,25K","0,00%"
"05.06.2018","21,230","21,220","21,490","21,020","1,48M","-0,98%"
"04.06.2018","21,440","21,050","21,650","20,990","993,66K","2,29%"
"01.06.2018","20,960","20,830","21,040","20,750","1,17M","-0,14%"
"31.05.2018","20,990","21,040","21,070","20,810","1,74M","-0,05%"
"30.05.2018","21,000","20,860","21,140","20,850","1,45M","0,24%"
"29.05.2018","20,950","21,160","21,160","20,710","1,11M","-1,41%"
"28.05.2018","21,250","21,240","21,440","21,220","767,23K","0,47%"
"25.05.2018","21,150","21,920","22,060","20,910","1,67M","-3,29%"
"24.05.2018","21,870","21,980","22,140","21,850","1,35M","-0,68%"
"23.05.2018","22,020","22,000","22,050","21,860","1,26M","0,00%"
"22.05.2018","22,020","22,160","22,400","21,710","1,32M","-0,90%"
"21.05.2018","22,220","22,490","22,590","22,220","929,69K","-0,85%"
"18.05.2018","22,410","22,270","22,480","22,220","1,33M","0,86%"
"17.05.2018","22,220","22,000","22,300","21,950","1,14M","1,05%"
"16.05.2018","21,990","21,910","21,990","21,780","1,19M","0,41%"
"15.05.2018","21,900","21,850","21,990","21,820","757,04K","0,23%"
"14.05.2018","21,850","21,810","21,880","21,700","773,37K","0,14%"
"11.05.2018","21,820","21,490","21,820","21,480","965,84K","1,30%"
"10.05.2018","21,540","21,450","21,550","21,360","688,59K","0,33%"
"09.05.2018","21,470","21,340","21,500","21,130","976,14K","0,61%"
"08.05.2018","21,340","21,200","21,400","21,130","1,39M","0,61%"
"07.05.2018","21,210","21,170","21,280","21,100","424,61K","0,28%"
"04.05.2018","21,150","21,170","21,350","21,130","835,99K","0,48%"
"03.05.2018","21,050","21,240","21,330","21,010","871,55K","-0,94%"
"02.05.2018","21,250","20,880","21,300","20,880","1,11M","1,63%"
"30.04.2018","20,910","20,900","21,050","20,730","1,02M","-0,24%"
"27.04.2018","20,960","20,900","20,960","20,600","947,86K","0,34%"
"26.04.2018","20,890","20,600","20,890","20,410","1,03M","0,87%"
"25.04.2018","20,710","20,600","20,720","20,530","688,55K","-0,05%"
"24.04.2018","20,720","20,420","20,720","20,420","935,85K","1,67%"
"23.04.2018","20,380","20,680","20,700","20,310","696,98K","-1,40%"
"20.04.2018","20,670","20,400","20,740","20,320","926,13K","1,72%"
"19.04.2018","20,320","20,200","20,370","20,190","599,13K","0,44%"
"18.04.2018","20,230","20,170","20,310","20,120","694,84K","0,40%"
"17.04.2018","20,150","20,140","20,240","20,030","726,67K","0,15%"
"16.04.2018","20,120","19,930","20,120","19,930","753,07K","0,35%"
"13.04.2018","20,050","19,865","20,090","19,865","739,43K","0,83%"
"12.04.2018","19,885","20,000","20,110","19,850","729,38K","-0,33%"
"11.04.2018","19,950","19,695","19,985","19,695","1,19M","1,01%"
"10.04.2018","19,750","19,870","19,870","19,680","863,90K","-0,10%"
"09.04.2018","19,770","19,750","19,860","19,670","671,89K","0,51%"
"06.04.2018","19,670","19,660","19,725","19,570","811,49K","-0,10%"
"05.04.2018","19,690","19,625","19,690","19,545","916,97K","1,08%"
"04.04.2018","19,480","19,480","19,560","19,340","722,28K","0,00%"
"03.04.2018","19,480","19,245","19,500","19,210","985,43K","0,46%"
"29.03.2018","19,390","19,700","19,700","19,390","1,34M","-1,42%"
"28.03.2018","19,670","19,055","19,670","19,000","1,77M","2,98%"
"27.03.2018","19,100","19,000","19,130","18,840","837,60K","1,43%"
"26.03.2018","18,830","18,835","18,845","18,685","841,72K","0,70%"
"23.03.2018","18,700","18,690","18,750","18,560","1,10M","-0,69%"
"22.03.2018","18,830","18,730","18,940","18,630","1,08M","0,05%"
"21.03.2018","18,820","18,950","18,960","18,735","575,15K","-0,37%"
"20.03.2018","18,890","18,860","18,955","18,750","832,07K","-0,11%"
"19.03.2018","18,910","18,810","19,010","18,780","1,06M","0,40%"
"16.03.2018","18,835","18,815","18,865","18,735","2,00M","0,32%"
"15.03.2018","18,775","18,875","18,910","18,740","976,16K","-0,24%"
"14.03.2018","18,820","19,050","19,100","18,780","1,13M","-1,10%"
"13.03.2018","19,030","19,055","19,345","19,025","1,20M","0,16%"
"12.03.2018","19,000","18,850","19,130","18,850","1,07M","1,55%"
"09.03.2018","18,710","18,560","18,820","18,550","801,23K","0,84%"
"08.03.2018","18,555","18,630","18,630","18,390","986,30K","-0,05%"
"07.03.2018","18,565","18,525","18,695","18,460","1,09M","0,41%"
"06.03.2018","18,490","18,730","18,770","18,490","857,30K","-0,67%"
"05.03.2018","18,615","18,235","18,680","18,210","1,34M","1,75%"
"02.03.2018","18,295","18,500","18,545","18,230","1,46M","-1,53%"
"01.03.2018","18,580","18,760","18,815","18,550","894,64K","-1,25%"
"28.02.2018","18,815","19,000","19,115","18,815","1,64M","-1,49%"
"27.02.2018","19,100","19,140","19,195","18,895","765,18K","-0,26%"
"26.02.2018","19,150","19,110","19,195","18,960","1,24M","0,71%"
"23.02.2018","19,015","18,665","19,090","18,550","1,66M","2,15%"
"22.02.2018","18,615","18,165","18,680","18,115","1,99M","1,83%"
"21.02.2018","18,280","18,350","18,350","18,180","817,11K","-0,33%"
"20.02.2018","18,340","18,335","18,520","18,230","1,18M","0,08%"
"19.02.2018","18,325","18,440","18,690","18,240","837,88K","-0,65%"
"16.02.2018","18,445","18,420","18,530","18,365","1,38M","0,74%"
"15.02.2018","18,310","18,570","18,580","18,145","1,27M","-0,95%"
"14.02.2018","18,485","18,625","18,680","18,395","1,72M","-0,24%"
"13.02.2018","18,530","18,510","18,580","18,360","2,77M","0,11%"
"12.02.2018","18,510","18,180","18,510","18,140","3,66M","2,69%"
"09.02.2018","18,025","17,925","18,140","17,780","3,22M","0,64%"
"08.02.2018","17,910","17,860","17,935","17,730","2,12M","0,00%"
"07.02.2018","17,910","17,750","18,045","17,510","3,00M","1,24%"
"06.02.2018","17,690","17,935","18,270","17,615","2,45M","-3,57%"
"05.02.2018","18,345","18,695","18,720","18,305","1,24M","-2,55%"
"02.02.2018","18,825","19,065","19,080","18,740","2,19M","-1,39%"
"01.02.2018","19,090","18,820","19,200","18,820","4,92M","2,61%"
"31.01.2018","18,605","18,215","18,710","18,185","2,73M","0,70%"
"30.01.2018","18,475","18,700","18,700","18,230","2,72M","-2,58%"
"29.01.2018","18,965","19,000","19,175","18,500","2,47M","-1,68%"
"26.01.2018","19,290","19,615","19,620","19,080","2,22M","-1,33%"
"25.01.2018","19,550","19,900","19,910","19,440","2,16M","-1,88%"
"24.01.2018","19,925","20,130","20,130","19,880","1,61M","-1,31%"
"23.01.2018","20,190","20,340","20,340","20,060","1,33M","-0,39%"
"22.01.2018","20,270","20,290","20,370","20,210","1,08M","-0,49%"
"19.01.2018","20,370","20,420","20,430","20,240","1,26M","-0,92%"
"18.01.2018","20,560","20,610","20,610","20,430","970,76K","-0,34%"
"17.01.2018","20,630","20,700","20,700","20,500","894,32K","-0,34%"
"16.01.2018","20,700","20,500","20,830","20,500","1,24M","0,68%"
"15.01.2018","20,560","20,500","20,700","20,430","1,21M","0,64%"
"12.01.2018","20,430","20,550","20,600","20,310","1,47M","-0,44%"
"11.01.2018","20,520","20,370","20,620","20,300","1,66M","1,08%"
"10.01.2018","20,300","20,450","20,580","20,210","1,55M","-0,98%"
"09.01.2018","20,500","20,680","20,750","20,320","1,67M","-1,01%"
"08.01.2018","20,710","20,790","20,870","20,550","1,79M","-0,24%"
"05.01.2018","20,760","20,730","20,830","20,570","1,10M","0,14%"
"04.01.2018","20,730","20,230","20,730","20,220","1,80M","2,17%"
"03.01.2018","20,290","19,910","20,290","19,725","2,82M","1,86%"
"02.01.2018","19,920","19,445","19,955","19,300","1,86M","3,48%"
"29.12.2017","19,250","19,295","19,340","19,220","1,00M","0,00%"
"28.12.2017","19,250","19,300","19,365","19,180","835,69K","-0,26%"
"27.12.2017","19,300","19,230","19,390","19,210","773,64K","0,31%"
"22.12.2017","19,240","19,100","19,385","19,060","833,80K","-0,31%"
"21.12.2017","19,300","19,255","19,340","19,100","1,08M","0,26%"
"20.12.2017","19,250","19,315","19,340","19,145","1,46M","-0,21%"
"19.12.2017","19,290","19,400","19,540","19,215","1,41M","0,42%"
"18.12.2017","19,210","19,195","19,295","19,170","1,65M","0,26%"
"15.12.2017","19,160","18,935","19,180","18,925","2,12M","0,92%"
"14.12.2017","18,985","19,215","19,360","18,985","1,65M","-1,15%"
"13.12.2017","19,205","19,695","19,720","19,205","2,05M","-2,26%"
"12.12.2017","19,650","19,520","19,770","19,430","1,46M","0,82%"
"11.12.2017","19,490","19,650","19,650","19,370","801,81K","-0,10%"
"08.12.2017","19,510","19,550","19,620","19,360","995,73K","0,18%"
"07.12.2017","19,475","19,340","19,505","19,250","975,22K","1,06%"
"06.12.2017","19,270","19,200","19,330","19,015","937,25K","0,44%"
"05.12.2017","19,185","18,665","19,350","18,545","2,06M","3,20%"
"04.12.2017","18,590","18,755","18,755","18,435","1,26M","-0,24%"
"01.12.2017","18,635","18,785","18,845","18,600","1,18M","-0,77%"
"30.11.2017","18,780","18,890","19,040","18,755","1,38M","-0,37%"
"29.11.2017","18,850","18,740","19,030","18,710","1,81M","0,80%"
"28.11.2017","18,700","18,420","18,765","18,310","1,28M","1,38%"
"27.11.2017","18,445","18,215","18,485","18,155","949,13K","1,35%"
"24.11.2017","18,200","18,250","18,370","18,200","828,57K","-0,27%"
"23.11.2017","18,250","18,170","18,320","18,030","1,01M","0,05%"
"22.11.2017","18,240","17,985","18,285","17,985","1,29M","1,62%"
"21.11.2017","17,950","17,920","18,090","17,905","1,01M","-0,06%"
"20.11.2017","17,960","17,960","18,105","17,880","1,07M","0,00%"
"17.11.2017","17,960","18,125","18,155","17,915","1,76M","-0,75%"
"16.11.2017","18,095","18,130","18,340","18,080","1,24M","0,28%"
"15.11.2017","18,045","18,165","18,230","17,985","1,47M","-1,20%"
"14.11.2017","18,265","18,335","18,445","18,225","942,83K","-0,14%"
"13.11.2017","18,290","18,300","18,480","18,135","1,98M","0,55%"
"10.11.2017","18,190","18,130","18,205","17,945","1,39M","0,25%"
"09.11.2017","18,145","18,170","18,170","17,970","1,75M","-0,03%"
"08.11.2017","18,150","18,100","18,200","17,965","2,16M","0,83%"
"07.11.2017","18,000","18,090","18,260","17,855","2,99M","-0,58%"
"06.11.2017","18,105","18,190","18,205","17,960","1,21M","-0,19%"
"03.11.2017","18,140","18,475","18,475","18,040","1,36M","-1,41%"
"02.11.2017","18,400","18,390","18,560","18,300","1,27M","0,11%"
"01.11.2017","18,380","18,485","18,525","18,290","1,64M","0,05%"
"31.10.2017","18,370","18,365","18,510","18,330","1,56M","0,52%"
"30.10.2017","18,275","18,250","18,380","18,085","1,80M","0,41%"
"27.10.2017","18,200","18,430","18,560","18,140","1,30M","-0,93%"
"26.10.2017","18,370","18,230","18,540","17,915","2,09M","0,55%"
"25.10.2017","18,270","18,400","18,410","18,210","1,29M","-0,65%"
"24.10.2017","18,390","18,400","18,580","18,365","636,38K","-0,14%"
"23.10.2017","18,415","18,355","18,520","18,310","1,18M","0,03%"
"20.10.2017","18,410","18,500","18,555","18,360","1,46M","-0,22%"
"19.10.2017","18,450","18,510","18,620","18,420","1,08M","-0,51%"
"18.10.2017","18,545","18,620","18,625","18,465","854,80K","0,03%"
"17.10.2017","18,540","18,560","18,615","18,520","1,46M","-0,48%"
"16.10.2017","18,630","18,770","18,770","18,555","896,25K","-0,72%"
"13.10.2017","18,765","18,650","18,825","18,570","970,43K","1,10%"
"12.10.2017","18,560","18,670","18,740","18,475","1,49M","-0,72%"
"11.10.2017","18,695","18,575","18,770","18,565","1,55M","1,60%"
"10.10.2017","18,400","18,495","18,515","18,355","932,18K","-0,59%"
"09.10.2017","18,510","18,410","18,610","18,410","1,26M","1,12%"
"06.10.2017","18,305","18,475","18,565","18,150","2,13M","-0,54%"
"05.10.2017","18,405","17,960","18,485","17,900","2,20M","2,31%"
"04.10.2017","17,990","18,265","18,305","17,850","2,64M","-2,33%"
"03.10.2017","18,420","18,505","18,520","18,235","1,06M","-0,73%"
"02.10.2017","18,555","18,565","18,650","18,410","1,79M","-0,93%"
"29.09.2017","18,730","18,710","18,790","18,595","1,49M","0,19%"
"28.09.2017","18,695","18,760","18,830","18,595","1,08M","-0,35%"
"27.09.2017","18,760","18,765","18,805","18,700","770,27K","-0,16%"
"26.09.2017","18,790","18,745","18,820","18,660","829,45K","0,03%"
"25.09.2017","18,785","18,710","18,795","18,560","861,22K","-1,24%"
"22.09.2017","19,020","19,040","19,055","18,930","856,90K","-0,05%"
"21.09.2017","19,030","19,160","19,160","18,930","1,17M","-0,81%"
"20.09.2017","19,185","19,250","19,265","19,100","1,04M","-0,49%"
"19.09.2017","19,280","19,250","19,445","19,165","906,35K","0,10%"
"18.09.2017","19,260","19,475","19,595","19,250","925,72K","-0,57%"
"15.09.2017","19,370","19,315","19,540","19,205","1,76M","0,08%"
"14.09.2017","19,355","19,930","19,955","19,335","1,54M","-3,15%"
"13.09.2017","19,985","20,050","20,185","19,970","1,64M","-0,62%"
"12.09.2017","20,110","20,260","20,360","20,110","1,08M","-0,40%"
"11.09.2017","20,190","20,050","20,290","20,025","996,81K","1,05%"
"08.09.2017","19,980","20,235","20,250","19,920","1,10M","-0,94%"
"07.09.2017","20,170","20,350","20,385","20,170","989,08K","-0,69%"
"06.09.2017","20,310","20,175","20,320","20,110","975,44K","0,27%"
"05.09.2017","20,255","20,295","20,380","20,245","761,07K","-0,22%"
"04.09.2017","20,300","20,355","20,380","20,245","639,84K","-0,59%"
"01.09.2017","20,420","20,425","20,540","20,380","659,01K","0,00%"
"31.08.2017","20,420","20,340","20,440","20,260","772,30K","0,59%"
"30.08.2017","20,300","20,135","20,380","20,080","820,70K","1,10%"
"29.08.2017","20,080","20,050","20,125","19,870","626,79K","-0,15%"
"28.08.2017","20,110","20,160","20,230","20,100","361,13K","-0,54%"
"25.08.2017","20,220","20,350","20,370","20,210","368,18K","-0,54%"
"24.08.2017","20,330","20,300","20,415","20,245","426,76K","0,35%"
"23.08.2017","20,260","20,310","20,395","20,200","435,17K","-0,05%"
"22.08.2017","20,270","20,330","20,355","20,195","387,17K","0,07%"
"21.08.2017","20,255","20,285","20,330","20,195","796,01K","-0,15%"
"18.08.2017","20,285","20,170","20,310","20,135","528,08K","-0,54%"
"17.08.2017","20,395","20,280","20,530","20,280","569,26K","0,52%"
"16.08.2017","20,290","20,285","20,420","20,285","591,87K","0,10%"
"15.08.2017","20,270","20,375","20,465","20,220","536,38K","-0,22%"
"14.08.2017","20,315","20,025","20,365","20,015","844,62K","1,60%"
"11.08.2017","19,995","20,195","20,205","19,955","839,15K","-1,09%"
"10.08.2017","20,215","20,340","20,435","20,150","728,31K","-0,69%"
"09.08.2017","20,355","20,445","20,445","20,150","594,36K","-0,56%"
"08.08.2017","20,470","20,295","20,470","20,245","737,76K","0,86%"
"07.08.2017","20,295","20,425","20,430","20,130","710,82K","-0,34%"
"04.08.2017","20,365","20,135","20,470","20,135","1,53M","1,93%"
"03.08.2017","19,980","19,925","20,060","19,795","687,17K","0,05%"
"02.08.2017","19,970","20,070","20,150","19,910","568,55K","-0,40%"
"01.08.2017","20,050","19,925","20,080","19,835","898,99K","1,31%"
"31.07.2017","19,790","19,445","19,980","19,445","1,94M","2,17%"
"28.07.2017","19,370","19,710","19,765","19,350","1,37M","-1,90%"
"27.07.2017","19,745","19,820","19,985","19,745","921,41K","-1,13%"
"26.07.2017","19,970","19,655","20,140","19,560","1,88M","1,01%"
"25.07.2017","19,770","19,940","20,160","19,770","868,08K","-0,63%"
"24.07.2017","19,895","19,975","20,085","19,750","807,21K","-0,40%"
"21.07.2017","19,975","20,065","20,210","19,900","1,41M","-0,70%"
"20.07.2017","20,115","20,295","20,415","20,025","1,63M","-1,35%"
"19.07.2017","20,390","20,255","20,490","20,220","1,04M","0,67%"
"18.07.2017","20,255","20,270","20,430","20,240","1,27M","-0,07%"
"17.07.2017","20,270","20,820","20,890","20,270","1,54M","-3,25%"
"14.07.2017","20,950","20,865","20,950","20,660","1,05M","0,48%"
"13.07.2017","20,850","20,870","20,890","20,735","973,28K","0,39%"
"12.07.2017","20,770","20,525","20,845","20,400","1,49M","1,66%"
"11.07.2017","20,430","20,370","20,550","20,285","899,38K","0,32%"
"10.07.2017","20,365","20,315","20,430","20,240","969,33K","0,37%"
"07.07.2017","20,290","20,210","20,320","20,150","1,23M","-0,05%"
"06.07.2017","20,300","20,395","20,405","20,070","967,67K","-0,25%"
"05.07.2017","20,350","20,390","20,450","20,255","1,01M","-0,39%"
"04.07.2017","20,430","20,455","20,505","20,390","790,29K","-0,56%"
"03.07.2017","20,545","20,400","20,640","20,370","1,10M","0,27%"
"30.06.2017","20,490","20,715","20,880","20,490","2,07M","-1,25%"
"29.06.2017","20,750","21,060","21,120","20,615","1,16M","-1,43%"
"28.06.2017","21,050","20,750","21,185","20,635","1,09M","0,96%"
"27.06.2017","20,850","21,180","21,215","20,850","880,08K","-1,79%"
"26.06.2017","21,230","21,065","21,345","20,950","758,78K","0,78%"
"23.06.2017","21,065","21,270","21,290","20,685","1,42M","-3,86%"
"22.06.2017","21,910","21,865","21,975","21,770","1,37M","0,44%"
"21.06.2017","21,815","21,810","21,895","21,610","773,64K","0,16%"
"20.06.2017","21,780","21,990","22,070","21,780","917,82K","-0,57%"
"19.06.2017","21,905","22,170","22,240","21,905","918,23K","-0,45%"
"16.06.2017","22,005","21,805","22,090","21,755","1,87M","1,48%"
"15.06.2017","21,685","21,650","21,685","21,450","1,12M","0,23%"
"14.06.2017","21,635","21,475","21,775","21,470","1,65M","0,63%"
"13.06.2017","21,500","21,645","21,820","21,500","1,15M","-0,44%"
"12.06.2017","21,595","21,945","21,945","21,595","1,19M","-1,62%"
"09.06.2017","21,950","22,125","22,265","21,885","1,06M","-0,66%"
"08.06.2017","22,095","22,195","22,265","22,005","934,79K","0,02%"
"07.06.2017","22,090","22,165","22,270","21,925","874,23K","-0,52%"
"06.06.2017","22,205","22,020","22,220","21,935","1,02M","0,75%"
"05.06.2017","22,040","22,000","22,185","21,800","755,76K","-0,65%"
"02.06.2017","22,185","22,315","22,400","22,140","897,04K","-0,27%"
"01.06.2017","22,245","22,410","22,495","22,080","1,31M","-0,78%"
"31.05.2017","22,420","22,070","22,455","22,005","1,46M","1,36%"
"30.05.2017","22,120","21,815","22,120","21,760","881,64K","0,66%"
"29.05.2017","21,975","21,800","21,990","21,785","574,38K","0,71%"
"26.05.2017","21,820","22,070","22,070","21,745","894,81K","-1,11%"
"25.05.2017","22,065","22,000","22,105","21,855","834,38K","1,03%"
"24.05.2017","21,840","21,980","21,990","21,805","531,71K","-0,59%"
"23.05.2017","21,970","21,630","21,970","21,555","820,59K","1,50%"
"22.05.2017","21,645","21,670","21,700","21,560","916,89K","-0,02%"
"19.05.2017","21,650","21,300","21,725","21,200","1,19M","0,84%"
"18.05.2017","21,470","21,530","21,660","21,155","1,76M","-0,83%"
"17.05.2017","21,650","21,645","21,780","21,545","1,10M","-0,46%"
"16.05.2017","21,750","21,550","21,750","21,435","1,45M","1,05%"
"15.05.2017","21,525","21,240","21,530","21,240","1,44M","2,48%"
"12.05.2017","21,005","20,600","21,135","20,595","1,67M","2,64%"
"11.05.2017","20,465","20,960","20,960","20,380","1,81M","-2,13%"
"10.05.2017","20,910","20,895","20,985","20,800","943,05K","0,07%"
"09.05.2017","20,895","20,855","20,980","20,750","1,55M","-0,21%"
"08.05.2017","20,940","21,150","21,170","20,910","1,18M","-0,52%"
"05.05.2017","21,050","21,060","21,150","20,795","1,28M","-0,02%"
"04.05.2017","21,055","20,765","21,055","20,660","1,47M","2,04%"
"03.05.2017","20,635","20,740","20,775","20,565","1,11M","-0,65%"
"02.05.2017","20,770","20,730","20,925","20,590","1,54M","0,05%"
"28.04.2017","20,760","20,550","20,790","20,350","1,66M","-0,43%"
"27.04.2017","20,850","20,815","20,915","20,690","1,01M","0,63%"
"26.04.2017","20,720","20,840","20,955","20,705","923,64K","-1,17%"
"25.04.2017","20,965","21,150","21,150","20,900","1,24M","-0,73%"
"24.04.2017","21,120","20,505","21,150","20,505","2,15M","5,15%"
"21.04.2017","20,085","20,300","20,300","20,010","1,09M","0,40%"
"20.04.2017","20,005","20,100","20,325","20,005","1,22M","-0,22%"
"19.04.2017","20,050","19,980","20,155","19,750","1,27M","0,20%"
"18.04.2017","20,010","20,185","20,230","19,970","1,36M","-0,69%"
"13.04.2017","20,150","20,255","20,255","20,070","940,35K","-0,35%"
"12.04.2017","20,220","20,240","20,310","20,120","817,93K","-0,02%"
"11.04.2017","20,225","20,200","20,290","20,050","968,21K","-0,22%"
"10.04.2017","20,270","20,430","20,510","20,240","1,11M","-0,78%"
"07.04.2017","20,430","20,425","20,550","20,300","1,10M","-0,70%"
"06.04.2017","20,575","20,250","20,650","20,250","1,20M","0,91%"
"05.04.2017","20,390","20,235","20,475","20,205","1,08M","0,67%"
"04.04.2017","20,255","20,265","20,340","20,135","1,13M","-0,22%"
"03.04.2017","20,300","20,540","20,630","20,260","1,26M","-1,17%"
"31.03.2017","20,540","20,215","20,540","20,190","1,45M","1,61%"
"30.03.2017","20,215","20,110","20,215","20,075","664,48K","0,35%"
"29.03.2017","20,145","20,175","20,250","19,970","1,02M","-0,17%"
"28.03.2017","20,180","20,100","20,510","20,070","1,74M","1,18%"
"27.03.2017","19,945","19,800","19,945","19,700","1,15M","0,61%"
"24.03.2017","19,825","19,750","19,975","19,625","1,59M","0,58%"
"23.03.2017","19,710","19,380","19,745","19,300","1,27M","1,68%"
"22.03.2017","19,385","19,050","19,445","19,020","1,13M","1,28%"
"21.03.2017","19,140","19,245","19,285","19,075","1,01M","-0,44%"
"20.03.2017","19,225","19,115","19,235","19,060","764,21K","0,37%"
"17.03.2017","19,155","18,855","19,155","18,680","2,54M","1,56%"
"16.03.2017","18,860","18,660","18,915","18,645","1,53M","1,95%"
"15.03.2017","18,500","18,475","18,540","18,410","934,62K","0,30%"
"14.03.2017","18,445","18,540","18,650","18,410","1,36M","-0,67%"
"13.03.2017","18,570","18,510","18,570","18,395","841,75K","0,57%"
"10.03.2017","18,465","18,645","18,645","18,450","805,25K","-0,81%"
"09.03.2017","18,615","18,500","18,625","18,410","759,30K","0,51%"
"08.03.2017","18,520","18,425","18,635","18,410","929,53K","-0,24%"
"07.03.2017","18,565","18,540","18,565","18,430","942,84K","0,00%"
"06.03.2017","18,565","18,525","18,640","18,495","801,62K","-0,27%"
"03.03.2017","18,615","18,540","18,680","18,455","1,15M","0,40%"
"02.03.2017","18,540","18,400","18,590","18,285","1,57M","0,87%"
"01.03.2017","18,380","18,435","18,470","18,335","997,21K","0,03%"
"28.02.2017","18,375","18,105","18,375","18,060","1,33M","1,49%"
"27.02.2017","18,105","18,190","18,195","17,955","870,92K","-0,41%"
"24.02.2017","18,180","18,210","18,275","18,045","598,73K","-0,08%"
"23.02.2017","18,195","18,175","18,210","18,035","970,92K","0,22%"
"22.02.2017","18,155","18,350","18,360","18,060","1,31M","-1,01%"
"21.02.2017","18,340","18,150","18,340","18,050","904,95K","1,13%"
"20.02.2017","18,135","18,100","18,160","18,040","545,35K","0,50%"
"17.02.2017","18,045","18,150","18,180","17,905","994,16K","-0,11%"
"16.02.2017","18,065","18,120","18,175","17,990","1,09M","0,06%"
"15.02.2017","18,055","18,125","18,220","18,010","893,22K","-0,25%"
"14.02.2017","18,100","18,195","18,340","18,020","1,12M","-0,52%"
"13.02.2017","18,195","18,065","18,320","18,020","1,09M","0,78%"
"10.02.2017","18,055","18,225","18,320","18,020","1,22M","-1,01%"
"09.02.2017","18,240","18,175","18,270","18,100","1,68M","0,83%"
"08.02.2017","18,090","18,150","18,440","18,000","2,24M","-1,39%"
"07.02.2017","18,345","18,125","18,490","18,115","1,65M","0,80%"
"06.02.2017","18,200","18,385","18,390","18,105","1,78M","-0,63%"
"03.02.2017","18,315","18,090","18,325","18,045","1,32M","1,38%"
"02.02.2017","18,065","17,560","18,180","17,460","1,57M","2,61%"
"01.02.2017","17,605","17,920","17,960","17,540","1,18M","-1,21%"
"31.01.2017","17,820","17,890","17,900","17,690","947,37K","-0,06%"
"30.01.2017","17,830","17,880","17,930","17,745","1,10M","-0,28%"
"27.01.2017","17,880","17,730","17,880","17,655","1,30M","1,19%"
"26.01.2017","17,670","17,540","17,675","17,390","1,32M","0,83%"
"25.01.2017","17,525","17,525","17,640","17,355","1,06M","0,63%"
"24.01.2017","17,415","17,450","17,490","17,285","747,48K","-0,14%"
"23.01.2017","17,440","17,555","17,555","17,375","836,02K","-0,97%"
"20.01.2017","17,610","17,710","17,725","17,540","1,16M","-0,40%"
"19.01.2017","17,680","17,760","17,770","17,635","1,19M","-0,45%"
"18.01.2017","17,760","17,800","17,930","17,720","990,13K","-0,17%"
"17.01.2017","17,790","17,705","17,790","17,635","819,64K","0,31%"
"16.01.2017","17,735","17,600","17,800","17,580","906,18K","0,77%"
"13.01.2017","17,600","17,485","17,665","17,420","975,63K","1,00%"
"12.01.2017","17,425","17,250","17,470","17,210","1,37M","1,04%"
"11.01.2017","17,245","17,250","17,325","17,055","1,54M","-0,35%"
"10.01.2017","17,305","17,580","17,600","17,250","1,42M","-1,40%"
"09.01.2017","17,550","17,750","17,750","17,475","1,14M","-0,82%"
"06.01.2017","17,695","17,590","17,695","17,545","577,92K","0,51%"
"05.01.2017","17,605","17,570","17,785","17,565","974,05K","-0,20%"
"04.01.2017","17,640","17,810","17,840","17,590","1,08M","-1,20%"
"03.01.2017","17,855","17,960","18,045","17,790","835,37K","-0,36%"
"02.01.2017","17,920","17,925","17,990","17,870","545,56K","0,06%"
"30.12.2016","17,910","17,730","17,910","17,730","793,47K","0,73%"
"29.12.2016","17,780","17,600","17,790","17,585","554,41K","0,57%"
"28.12.2016","17,680","17,595","17,730","17,595","674,78K","0,08%"
"27.12.2016","17,665","17,600","17,710","17,570","525,88K","0,40%"
"23.12.2016","17,595","17,480","17,630","17,445","520,28K","0,72%"
"22.12.2016","17,470","17,600","17,600","17,360","1,07M","-1,24%"
"21.12.2016","17,690","17,620","17,690","17,560","834,40K","0,31%"
"20.12.2016","17,635","17,530","17,700","17,530","1,15M","0,60%"
"19.12.2016","17,530","17,425","17,610","17,415","1,14M","0,29%"
"16.12.2016","17,480","17,305","17,520","17,275","2,41M","0,40%"
"15.12.2016","17,410","17,080","17,420","16,910","1,81M","1,81%"
"14.12.2016","17,100","17,130","17,225","17,010","1,40M","-0,18%"
"13.12.2016","17,130","16,870","17,130","16,865","2,24M","1,21%"
"12.12.2016","16,925","16,800","16,970","16,715","1,27M","1,26%"
"09.12.2016","16,715","16,485","16,765","16,390","1,36M","1,24%"
"08.12.2016","16,510","16,600","16,650","16,390","958,71K","-0,03%"
"07.12.2016","16,515","16,715","16,775","16,380","1,48M","-0,90%"
"06.12.2016","16,665","16,245","16,685","16,245","1,21M","3,25%"
"05.12.2016","16,140","16,140","16,430","16,100","876,73K","-0,40%"
"02.12.2016","16,205","16,010","16,270","15,950","1,17M","1,00%"
"01.12.2016","16,045","16,105","16,145","16,010","1,10M","-0,65%"
"30.11.2016","16,150","16,230","16,395","16,150","1,62M","-0,80%"
"29.11.2016","16,280","16,300","16,375","16,165","911,82K","-0,52%"
"28.11.2016","16,365","16,250","16,485","16,250","1,02M","0,28%"
"25.11.2016","16,320","16,080","16,405","16,075","955,18K","1,37%"
"24.11.2016","16,100","16,250","16,255","16,080","1,04M","-0,46%"
"23.11.2016","16,175","16,355","16,405","16,120","971,77K","-1,22%"
"22.11.2016","16,375","16,310","16,445","16,295","1,14M","1,05%"
"21.11.2016","16,205","16,210","16,260","16,065","784,42K","0,37%"
"18.11.2016","16,145","16,345","16,365","15,940","1,15M","-1,34%"
"17.11.2016","16,365","16,310","16,420","16,235","1,06M","0,58%"
"16.11.2016","16,270","16,115","16,275","15,975","1,49M","0,93%"
"15.11.2016","16,120","16,155","16,400","16,025","1,78M","0,16%"
"14.11.2016","16,095","16,455","16,500","16,095","1,65M","-1,62%"
"11.11.2016","16,360","16,685","16,850","16,320","1,69M","-0,91%"
"10.11.2016","16,510","17,135","17,170","16,460","1,84M","-3,20%"
"09.11.2016","17,055","16,900","17,110","16,750","1,33M","-0,50%"
"08.11.2016","17,140","17,245","17,265","17,110","918,40K","-0,35%"
"07.11.2016","17,200","17,320","17,440","17,150","1,10M","0,00%"
"04.11.2016","17,200","17,150","17,260","17,050","1,15M","0,38%"
"03.11.2016","17,135","17,355","17,385","17,065","1,48M","-1,41%"
"02.11.2016","17,380","17,750","17,785","17,320","1,52M","-2,93%"
"01.11.2016","17,905","18,145","18,145","17,855","1,15M","-0,39%"
"31.10.2016","17,975","17,955","18,050","17,840","1,13M","-0,11%"
"28.10.2016","17,995","17,845","18,050","17,800","976,02K","0,17%"
"27.10.2016","17,965","18,000","18,145","17,910","842,45K","-0,36%"
"26.10.2016","18,030","17,785","18,040","17,750","915,06K","1,63%"
"25.10.2016","17,740","17,925","17,985","17,730","825,73K","-1,28%"
"24.10.2016","17,970","18,125","18,225","17,940","812,42K","-0,19%"
"21.10.2016","18,005","18,060","18,080","17,935","774,29K","0,03%"
"20.10.2016","18,000","17,900","18,080","17,850","1,24M","0,59%"
"19.10.2016","17,895","17,945","17,945","17,735","1,15M","0,25%"
"18.10.2016","17,850","17,830","17,945","17,770","1,05M","0,68%"
"17.10.2016","17,730","17,810","17,820","17,620","1,13M","-0,62%"
"14.10.2016","17,840","17,590","17,885","17,495","1,14M","2,00%"
"13.10.2016","17,490","17,430","17,505","17,330","1,33M","-0,03%"
"12.10.2016","17,495","17,570","17,605","17,400","873,05K","-0,26%"
"11.10.2016","17,540","17,860","17,880","17,465","1,63M","-1,76%"
"10.10.2016","17,855","17,665","17,900","17,425","1,68M","1,62%"
"07.10.2016","17,570","17,715","17,795","17,465","1,65M","-0,87%"
"06.10.2016","17,725","17,985","17,985","17,685","1,51M","-1,23%"
"05.10.2016","17,945","17,995","18,030","17,800","1,38M","-1,05%"
"04.10.2016","18,135","18,200","18,270","18,020","1,17M","-0,25%"
"03.10.2016","18,180","18,290","18,315","18,100","806,75K","-0,63%"
"30.09.2016","18,295","18,080","18,295","17,835","1,56M","0,14%"
"29.09.2016","18,270","18,230","18,500","18,180","1,27M","1,27%"
"28.09.2016","18,040","17,950","18,100","17,905","774,60K","0,47%"
"27.09.2016","17,955","18,050","18,050","17,835","921,89K","0,28%"
"26.09.2016","17,905","17,945","17,960","17,720","1,12M","-0,25%"
"23.09.2016","17,950","18,080","18,080","17,815","950,26K","-0,83%"
"22.09.2016","18,100","17,840","18,170","17,800","2,11M","0,75%"
"21.09.2016","17,965","18,240","18,250","17,965","1,20M","-0,42%"
"20.09.2016","18,040","18,180","18,180","17,970","1,30M","-0,74%"
"19.09.2016","18,175","18,135","18,260","18,055","1,07M","1,20%"
"16.09.2016","17,960","18,170","18,180","17,960","2,51M","-1,78%"
"15.09.2016","18,285","18,330","18,435","18,220","894,50K","-0,27%"
"14.09.2016","18,335","18,255","18,415","18,130","1,33M","0,94%"
"13.09.2016","18,165","18,680","18,695","18,165","1,47M","-1,86%"
"12.09.2016","18,510","18,750","18,755","18,460","1,59M","-2,35%"
"09.09.2016","18,955","19,160","19,255","18,955","1,21M","-1,40%"
"08.09.2016","19,225","19,225","19,325","19,070","1,05M","0,34%"
"07.09.2016","19,160","19,280","19,315","19,010","1,96M","-0,80%"
"06.09.2016","19,315","19,700","19,715","19,300","1,33M","-1,73%"
"05.09.2016","19,655","19,500","19,700","19,370","966,90K","0,82%"
"02.09.2016","19,495","19,180","19,500","19,150","1,59M","2,23%"
"01.09.2016","19,070","18,625","19,550","18,575","2,32M","3,05%"
"31.08.2016","18,505","18,495","18,635","18,435","1,33M","0,22%"
"30.08.2016","18,465","18,465","18,585","18,380","874,40K","0,54%"
"29.08.2016","18,365","18,375","18,445","18,275","424,92K","-0,73%"
"26.08.2016","18,500","18,325","18,500","18,250","629,36K","0,84%"
"25.08.2016","18,345","18,355","18,415","18,290","512,24K","-0,14%"
"24.08.2016","18,370","18,245","18,430","18,205","730,49K","-0,19%"
"23.08.2016","18,405","18,255","18,435","18,185","728,40K","1,57%"
"22.08.2016","18,120","18,230","18,365","18,040","731,87K","-0,90%"
"19.08.2016","18,285","18,550","18,550","18,235","722,58K","-1,16%"
"18.08.2016","18,500","18,465","18,515","18,310","747,59K","0,93%"
"17.08.2016","18,330","18,675","18,695","18,260","833,04K","-1,53%"
"16.08.2016","18,615","18,800","18,845","18,615","696,61K","-1,43%"
"15.08.2016","18,885","18,845","18,915","18,775","431,55K","0,45%"
"12.08.2016","18,800","18,890","18,940","18,770","863,01K","-0,42%"
"11.08.2016","18,880","18,680","18,880","18,565","732,42K","1,64%"
"10.08.2016","18,575","18,435","18,605","18,405","662,35K","0,08%"
"09.08.2016","18,560","18,370","18,585","18,370","698,86K","0,87%"
"08.08.2016","18,400","18,360","18,470","18,350","679,15K","-0,05%"
"05.08.2016","18,410","18,320","18,510","18,320","987,85K","0,85%"
"04.08.2016","18,255","18,110","18,340","18,010","949,09K","1,08%"
"03.08.2016","18,060","18,125","18,205","18,030","636,96K","0,22%"
"02.08.2016","18,020","18,380","18,380","17,945","1,09M","-2,04%"
"01.08.2016","18,395","18,580","18,700","18,365","811,41K","-0,59%"
"29.07.2016","18,505","18,600","18,605","18,370","1,36M","-0,30%"
"28.07.2016","18,560","18,365","18,805","18,325","1,58M","0,73%"
"27.07.2016","18,425","18,450","18,660","18,215","1,41M","0,49%"
"26.07.2016","18,335","18,205","18,355","18,060","1,05M","1,02%"
"25.07.2016","18,150","18,235","18,270","18,070","911,74K","0,03%"
"22.07.2016","18,145","18,110","18,325","18,050","1,11M","0,25%"
"21.07.2016","18,100","18,150","18,220","18,000","873,70K","-0,17%"
"20.07.2016","18,130","18,040","18,140","17,880","1,41M","1,31%"
"19.07.2016","17,895","17,855","17,925","17,725","1,32M","0,20%"
"18.07.2016","17,860","18,050","18,110","17,770","1,59M","-0,31%"
"15.07.2016","17,915","18,020","18,060","17,830","1,24M","-0,94%"
"14.07.2016","18,085","18,150","18,240","17,960","930,81K","0,25%"
"13.07.2016","18,040","17,815","18,100","17,775","1,91M","1,35%"
"12.07.2016","17,800","17,955","18,065","17,780","1,65M","-0,70%"
"11.07.2016","17,925","18,070","18,095","17,870","1,55M","0,65%"
"08.07.2016","17,810","17,620","18,020","17,615","1,34M","0,11%"
"07.07.2016","17,790","17,650","17,980","17,575","1,94M","3,07%"
"06.07.2016","17,260","17,425","17,630","17,200","2,16M","-1,20%"
"05.07.2016","17,470","17,915","18,000","17,390","2,51M","-1,83%"
"04.07.2016","17,795","17,700","17,920","17,700","825,20K","0,45%"
"01.07.2016","17,715","17,790","17,905","17,615","1,40M","0,28%"
"30.06.2016","17,665","17,055","17,665","17,055","2,74M","3,33%"
"29.06.2016","17,095","16,630","17,130","16,550","1,69M","4,88%"
"28.06.2016","16,300","16,270","16,605","16,105","1,83M","3,43%"
"27.06.2016","15,760","15,695","16,045","15,670","2,92M","-1,56%"
"24.06.2016","16,010","15,550","16,490","14,685","3,32M","-9,32%"
"23.06.2016","17,655","17,620","17,855","17,350","1,35M","0,80%"
"22.06.2016","17,515","17,645","17,680","17,395","1,81M","-0,40%"
"21.06.2016","17,585","17,710","17,815","17,390","1,80M","-1,01%"
"20.06.2016","17,765","17,625","17,780","17,570","1,37M","3,05%"
"17.06.2016","17,240","17,060","17,305","17,035","1,60M","1,80%"
"16.06.2016","16,935","16,900","17,070","16,795","1,53M","-0,41%"
"15.06.2016","17,005","17,055","17,385","16,965","1,97M","0,24%"
"14.06.2016","16,965","17,215","17,225","16,955","1,93M","-1,79%"
"13.06.2016","17,275","17,390","17,480","17,275","1,81M","-1,65%"
"10.06.2016","17,565","18,030","18,060","17,530","1,72M","-2,58%"
"09.06.2016","18,030","17,970","18,105","17,920","2,02M","0,39%"
"08.06.2016","17,960","17,900","18,125","17,865","1,63M","-0,42%"
"07.06.2016","18,035","17,715","18,055","17,685","1,46M","2,56%"
"06.06.2016","17,585","17,405","17,690","17,370","1,19M","1,30%"
"03.06.2016","17,360","17,560","17,665","17,270","1,74M","-0,46%"
"02.06.2016","17,440","17,500","17,555","17,355","1,24M","0,29%"
"01.06.2016","17,390","17,745","17,800","17,290","1,56M","-2,25%"
"31.05.2016","17,790","17,970","18,065","17,780","1,58M","-0,70%"
"30.05.2016","17,915","17,865","17,950","17,730","757,29K","0,42%"
"27.05.2016","17,840","17,650","17,880","17,625","1,44M","0,79%"
"26.05.2016","17,700","17,600","17,715","17,500","1,31M","0,68%"
"25.05.2016","17,580","17,480","17,600","17,450","1,56M","1,24%"
"24.05.2016","17,365","17,100","17,430","17,020","1,50M","1,34%"
"23.05.2016","17,135","17,050","17,225","16,905","1,50M","0,47%"
"20.05.2016","17,055","17,055","17,190","16,990","1,79M","0,80%"
"19.05.2016","16,920","17,055","17,055","16,850","1,52M","-1,11%"
"18.05.2016","17,110","16,945","17,215","16,870","1,45M","0,59%"
"17.05.2016","17,010","16,940","17,295","16,865","2,20M","0,53%"
"16.05.2016","16,920","16,900","16,945","16,745","654,65K","-0,27%"
"13.05.2016","16,965","16,850","17,035","16,535","1,51M","0,30%"
"12.05.2016","16,915","16,765","17,115","16,615","3,02M","0,48%"
"11.05.2016","16,835","17,600","17,690","16,740","3,75M","-5,53%"
"10.05.2016","17,820","18,050","18,080","17,775","1,15M","0,08%"
"09.05.2016","17,805","17,825","17,995","17,700","1,76M","0,76%"
"06.05.2016","17,670","17,485","17,765","17,410","1,24M","0,97%"
"05.05.2016","17,500","17,440","17,860","17,425","1,58M","0,43%"
"04.05.2016","17,425","17,780","17,805","17,425","1,48M","-1,75%"
"03.05.2016","17,735","18,230","18,240","17,675","1,55M","-2,34%"
"02.05.2016","18,160","18,300","18,355","18,060","852,54K","-0,03%"
"29.04.2016","18,165","18,440","18,570","18,165","2,14M","-2,08%"
"28.04.2016","18,550","18,370","18,550","18,135","1,57M","0,57%"
"27.04.2016","18,445","18,595","18,645","18,415","1,51M","-0,38%"
"26.04.2016","18,515","18,360","18,580","18,360","1,32M","1,15%"
"25.04.2016","18,305","18,265","18,380","18,175","1,28M","0,00%"
"22.04.2016","18,305","18,010","18,355","17,945","1,64M","0,60%"
"21.04.2016","18,195","18,260","18,470","18,090","1,91M","-0,11%"
"20.04.2016","18,215","17,975","18,220","17,925","1,99M","1,19%"
"19.04.2016","18,000","17,700","18,000","17,680","2,91M","2,42%"
"18.04.2016","17,575","17,355","17,580","17,215","1,21M","0,54%"
"15.04.2016","17,480","17,690","17,755","17,415","1,92M","-1,22%"
"14.04.2016","17,695","17,800","17,825","17,540","2,67M","-0,17%"
"13.04.2016","17,725","17,800","17,950","17,650","1,94M","0,62%"
"12.04.2016","17,615","17,440","17,670","17,290","2,25M","0,83%"
"11.04.2016","17,470","17,260","17,530","17,055","1,32M","1,39%"
"08.04.2016","17,230","17,000","17,310","16,995","1,23M","1,80%"
"07.04.2016","16,925","17,300","17,300","16,845","1,83M","-1,57%"
"06.04.2016","17,195","17,110","17,225","17,000","1,25M","0,29%"
"05.04.2016","17,145","17,360","17,360","17,080","1,59M","-1,18%"
"04.04.2016","17,350","17,380","17,570","17,250","1,45M","0,00%"
"01.04.2016","17,350","17,520","17,530","17,260","2,16M","-2,36%"
"31.03.2016","17,770","17,870","17,870","17,550","3,83M","-0,89%"
"30.03.2016","17,930","17,950","18,140","17,825","1,30M","0,03%"
"29.03.2016","17,925","17,955","18,015","17,765","1,24M","0,79%"
"24.03.2016","17,785","17,740","17,850","17,610","2,03M","0,06%"
"23.03.2016","17,775","17,765","17,850","17,590","1,83M","0,54%"
"22.03.2016","17,680","17,560","17,720","17,320","2,78M","0,54%"
"21.03.2016","17,585","17,645","18,000","17,440","2,42M","1,68%"
"18.03.2016","17,295","17,190","17,350","17,055","3,19M","0,85%"
"17.03.2016","17,150","17,145","17,240","16,875","3,40M","0,91%"
"16.03.2016","16,995","17,070","17,165","16,910","1,36M","-0,38%"
"15.03.2016","17,060","17,155","17,225","16,945","1,95M","-1,19%"
"14.03.2016","17,265","17,230","17,365","17,080","2,49M","0,38%"
"11.03.2016","17,200","16,910","17,240","16,775","1,99M","3,40%"
"10.03.2016","16,635","16,735","17,190","16,605","2,98M","-0,12%"
"09.03.2016","16,655","16,475","16,840","16,465","1,99M","1,03%"
"08.03.2016","16,485","16,380","16,625","16,290","2,82M","-0,27%"
"07.03.2016","16,530","16,670","16,675","16,410","2,68M","-1,11%"
"04.03.2016","16,715","16,705","16,820","16,535","1,96M","0,63%"
"03.03.2016","16,610","16,385","16,620","16,270","1,52M","1,40%"
"02.03.2016","16,380","16,285","16,425","16,185","1,71M","0,77%"
"01.03.2016","16,255","16,045","16,300","16,045","1,51M","0,81%"
"29.02.2016","16,125","15,970","16,145","15,835","1,72M","0,37%"
"26.02.2016","16,065","15,870","16,315","15,870","2,33M","2,29%"
"25.02.2016","15,705","15,665","15,835","15,510","2,30M","0,54%"
"24.02.2016","15,620","16,120","16,120","15,530","1,67M","-2,80%"
"23.02.2016","16,070","16,270","16,365","16,030","1,21M","-1,68%"
"22.02.2016","16,345","16,295","16,345","16,045","2,26M","1,52%"
"19.02.2016","16,100","16,340","16,375","15,985","4,82M","-1,32%"
"18.02.2016","16,315","16,020","16,560","15,990","2,99M","3,23%"
"17.02.2016","15,805","15,680","15,805","15,520","3,00M","0,89%"
"16.02.2016","15,665","15,910","15,910","15,565","2,23M","-0,79%"
"15.02.2016","15,790","15,600","15,800","15,585","1,77M","3,44%"
"12.02.2016","15,265","15,415","15,430","15,160","1,81M","0,83%"
"11.02.2016","15,140","15,505","15,505","15,065","3,45M","-2,92%"
"10.02.2016","15,595","15,555","15,910","15,350","2,77M","0,26%"
"09.02.2016","15,555","15,960","16,050","15,400","3,20M","-2,54%"
"08.02.2016","15,960","16,495","16,550","15,845","2,13M","-3,24%"
"05.02.2016","16,495","16,415","16,710","16,280","2,83M","-0,03%"
"04.02.2016","16,500","16,500","16,630","16,310","3,57M","-1,90%"
"03.02.2016","16,820","17,975","18,050","16,395","4,44M","-5,51%"
"02.02.2016","17,800","18,155","18,155","17,515","2,57M","-1,85%"
"01.02.2016","18,135","18,190","18,325","17,940","1,64M","0,67%"
"29.01.2016","18,015","17,995","18,100","17,855","2,38M","1,04%"
"28.01.2016","17,830","17,675","18,100","17,640","2,13M","0,51%"
"27.01.2016","17,740","17,750","17,835","17,640","1,41M","-0,06%"
"26.01.2016","17,750","17,340","17,840","17,305","1,53M","0,85%"
"25.01.2016","17,600","17,805","17,875","17,510","1,37M","-0,68%"
"22.01.2016","17,720","17,350","17,835","17,295","2,53M","3,35%"
"21.01.2016","17,145","16,955","17,335","16,940","2,18M","1,03%"
"20.01.2016","16,970","17,065","17,255","16,830","2,25M","-2,30%"
"19.01.2016","17,370","17,200","17,375","17,050","3,01M","2,60%"
"18.01.2016","16,930","17,075","17,235","16,910","4,34M","-0,88%"
"15.01.2016","17,080","17,480","17,600","17,010","2,55M","-2,59%"
"14.01.2016","17,535","17,765","17,765","17,345","2,91M","-2,18%"
"13.01.2016","17,925","17,965","18,140","17,770","2,99M","-0,64%"
"12.01.2016","18,040","17,960","18,370","17,790","2,37M","0,36%"
"11.01.2016","17,975","17,650","18,220","17,610","1,85M","1,35%"
"08.01.2016","17,735","17,960","18,155","17,715","2,02M","-3,33%"
"07.01.2016","18,345","18,145","18,415","17,830","2,37M","-0,89%"
"06.01.2016","18,510","18,680","18,680","18,310","1,61M","-0,75%"
"05.01.2016","18,650","18,655","18,800","18,410","1,66M","1,22%"
"04.01.2016","18,425","18,650","18,680","18,210","3,16M","-2,07%"
"31.12.2015","18,815","18,830","18,900","18,710","567,16K","-0,90%"
"30.12.2015","18,985","18,940","19,060","18,895","1,50M","-0,16%"
"29.12.2015","19,015","18,820","19,030","18,820","1,07M","1,63%"
"28.12.2015","18,710","19,100","19,165","18,670","878,39K","-1,78%"
"24.12.2015","19,050","18,925","19,055","18,890","352,51K","1,28%"
"23.12.2015","18,810","18,355","18,915","18,335","2,44M","3,01%"
"22.12.2015","18,260","18,455","18,455","18,175","2,02M","-0,54%"
"21.12.2015","18,360","18,655","18,690","18,150","2,12M","-2,73%"
"18.12.2015","18,875","19,330","19,535","18,875","2,96M","-2,63%"
"17.12.2015","19,385","19,525","19,560","19,355","2,48M","1,02%"
"16.12.2015","19,190","19,270","19,465","19,135","3,59M","-0,52%"
"15.12.2015","19,290","19,245","19,380","19,200","2,45M","1,18%"
"14.12.2015","19,065","19,465","19,880","19,065","3,72M","-1,55%"
"11.12.2015","19,365","19,750","19,750","19,210","2,06M","-2,10%"
"10.12.2015","19,780","19,605","19,960","19,560","2,55M","0,20%"
"09.12.2015","19,740","19,415","19,765","19,180","2,79M","2,23%"
"08.12.2015","19,310","19,900","19,935","19,310","1,45M","-3,38%"
"07.12.2015","19,985","19,840","20,070","19,770","1,41M","0,88%"
"04.12.2015","19,810","19,790","19,885","19,585","1,95M","-0,68%"
"03.12.2015","19,945","20,365","20,560","19,935","2,39M","-2,11%"
"02.12.2015","20,375","20,500","20,530","20,085","1,55M","-0,05%"
"01.12.2015","20,385","20,475","20,525","20,280","1,12M","-0,44%"
"30.11.2015","20,475","20,450","20,535","20,285","1,26M","0,12%"
"27.11.2015","20,450","20,400","20,540","20,250","1,28M","-0,15%"
"26.11.2015","20,480","20,150","20,560","20,070","1,34M","1,71%"
"25.11.2015","20,135","19,715","20,160","19,670","1,85M","2,10%"
"24.11.2015","19,720","19,800","19,800","19,475","1,44M","-0,73%"
"23.11.2015","19,865","19,805","20,075","19,650","1,80M","0,10%"
"20.11.2015","19,845","19,955","20,005","19,730","959,96K","-0,13%"
"19.11.2015","19,870","19,720","19,900","19,715","2,13M","1,33%"
"18.11.2015","19,610","19,510","19,700","19,455","1,76M","0,13%"
"17.11.2015","19,585","19,415","19,595","19,365","2,29M","1,85%"
"16.11.2015","19,230","19,030","19,465","19,030","2,17M","0,47%"
"13.11.2015","19,140","19,065","19,305","19,005","2,06M","0,21%"
"12.11.2015","19,100","19,475","19,590","18,860","2,50M","-1,82%"
"11.11.2015","19,455","19,765","19,965","19,370","2,94M","-1,77%"
"10.11.2015","19,805","19,930","19,930","19,585","1,28M","-0,08%"
"09.11.2015","19,820","19,870","20,055","19,820","969,44K","-0,48%"
"06.11.2015","19,915","20,080","20,195","19,845","1,72M","-1,12%"
"05.11.2015","20,140","19,980","20,250","19,790","1,76M","0,00%"
"04.11.2015","20,140","20,085","20,520","19,300","2,84M","0,27%"
"03.11.2015","20,085","19,955","20,155","19,845","1,21M","0,63%"
"02.11.2015","19,960","19,625","20,030","19,540","964,43K","1,27%"
"30.10.2015","19,710","19,760","19,835","19,620","2,18M","0,43%"
"29.10.2015","19,625","19,920","19,920","19,490","1,51M","-1,06%"
"28.10.2015","19,835","19,685","19,940","19,470","1,47M","0,76%"
"27.10.2015","19,685","19,985","19,985","19,545","1,64M","-1,50%"
"26.10.2015","19,985","19,895","20,060","19,805","1,14M","0,50%"
"23.10.2015","19,885","19,950","20,085","19,735","1,42M","0,30%"
"22.10.2015","19,825","19,440","19,955","19,435","1,31M","1,48%"
"21.10.2015","19,535","19,410","19,660","19,200","2,99M","1,17%"
"20.10.2015","19,310","19,350","19,385","19,090","1,35M","-0,10%"
"19.10.2015","19,330","19,315","19,515","19,170","1,33M","-0,05%"
"16.10.2015","19,340","19,410","19,670","19,270","2,69M","0,10%"
"15.10.2015","19,320","19,385","19,385","19,075","2,01M","0,65%"
"14.10.2015","19,195","18,925","19,300","18,745","1,46M","0,89%"
"13.10.2015","19,025","19,240","19,285","18,665","1,86M","-1,32%"
"12.10.2015","19,280","19,575","19,575","19,205","1,21M","-1,13%"
"09.10.2015","19,500","19,250","19,690","19,170","2,40M","2,25%"
"08.10.2015","19,070","18,900","19,070","18,600","2,15M","0,87%"
"07.10.2015","18,905","18,780","19,180","18,730","2,13M","1,10%"
"06.10.2015","18,700","18,550","18,765","18,260","1,95M","0,81%"
"05.10.2015","18,550","18,390","18,550","18,175","2,29M","2,71%"
"02.10.2015","18,060","17,940","18,290","17,700","2,32M","1,98%"
"01.10.2015","17,710","17,550","18,085","17,550","2,74M","1,61%"
"30.09.2015","17,430","17,550","17,700","17,335","2,50M","1,78%"
"29.09.2015","17,125","17,000","17,325","16,940","1,94M","-1,30%"
"28.09.2015","17,350","17,670","17,690","17,320","1,63M","-2,20%"
"25.09.2015","17,740","17,440","17,850","17,350","2,19M","3,05%"
"24.09.2015","17,215","17,605","17,680","16,760","2,99M","-2,05%"
"23.09.2015","17,575","17,450","17,760","17,380","2,03M","0,75%"
"22.09.2015","17,445","18,070","18,085","17,410","1,76M","-3,80%"
"21.09.2015","18,135","18,475","18,650","18,080","1,60M","-1,79%"
"18.09.2015","18,465","18,560","18,580","18,160","5,06M","-0,57%"
"17.09.2015","18,570","18,450","18,740","18,250","2,31M","0,79%"
"16.09.2015","18,425","17,550","18,425","17,500","3,00M","6,01%"
"15.09.2015","17,380","17,185","17,475","16,920","1,80M","1,64%"
"14.09.2015","17,100","17,285","17,455","17,045","1,28M","-0,55%"
"11.09.2015","17,195","17,525","17,530","17,195","1,91M","-1,94%"
"10.09.2015","17,535","17,830","17,880","17,490","1,85M","-2,50%"
"09.09.2015","17,985","17,850","18,140","17,690","1,59M","2,36%"
"08.09.2015","17,570","17,545","17,815","17,505","1,05M","0,69%"
"07.09.2015","17,450","17,675","17,850","17,400","956,80K","0,40%"
"04.09.2015","17,380","17,830","17,860","17,335","1,83M","-3,31%"
"03.09.2015","17,975","17,880","18,050","17,670","2,12M","1,38%"
"02.09.2015","17,730","17,855","17,980","17,555","1,89M","-0,48%"
"01.09.2015","17,815","17,920","18,070","17,710","1,59M","-1,57%"
"31.08.2015","18,100","18,375","18,375","17,970","1,32M","-1,90%"
"28.08.2015","18,450","18,145","18,450","18,120","1,45M","1,88%"
"27.08.2015","18,110","18,245","18,305","18,015","2,08M","0,92%"
"26.08.2015","17,945","17,900","18,235","17,780","1,51M","-1,10%"
"25.08.2015","18,145","18,165","18,355","17,905","2,72M","0,89%"
"24.08.2015","17,985","18,345","18,595","17,720","3,40M","-5,07%"
"21.08.2015","18,945","19,445","19,555","18,940","1,90M","-3,54%"
"20.08.2015","19,640","19,655","19,785","19,500","1,42M","-0,43%"
"19.08.2015","19,725","19,730","19,910","19,645","1,04M","-0,55%"
"18.08.2015","19,835","19,830","19,970","19,780","781,69K","-0,38%"
"17.08.2015","19,910","19,915","20,030","19,710","1,10M","0,45%"
"14.08.2015","19,820","19,945","20,055","19,820","1,02M","-0,55%"
"13.08.2015","19,930","20,075","20,120","19,920","1,44M","0,43%"
"12.08.2015","19,845","19,915","19,970","19,680","1,93M","-1,12%"
"11.08.2015","20,070","20,245","20,350","19,945","1,47M","-1,18%"
"10.08.2015","20,310","20,380","20,400","20,060","1,48M","0,07%"
"07.08.2015","20,295","19,975","20,355","19,920","1,96M","1,48%"
"06.08.2015","20,000","19,905","20,075","19,850","959,29K","0,00%"
"05.08.2015","20,000","19,820","20,035","19,785","1,09M","1,16%"
"04.08.2015","19,770","19,765","19,915","19,650","1,43M","-0,35%"
"03.08.2015","19,840","19,800","19,990","19,755","1,26M","0,28%"
"31.07.2015","19,785","19,870","19,890","19,635","1,12M","-0,25%"
"30.07.2015","19,835","20,195","20,270","19,775","2,49M","-1,54%"
"29.07.2015","20,145","20,745","20,785","19,890","3,13M","-1,90%"
"28.07.2015","20,535","20,395","20,630","20,395","1,37M","0,83%"
"27.07.2015","20,365","20,500","20,530","20,300","1,42M","-0,90%"
"24.07.2015","20,550","20,690","20,835","20,520","1,26M","-0,72%"
"23.07.2015","20,700","21,000","21,000","20,655","1,98M","-0,58%"
"22.07.2015","20,820","20,835","20,920","20,760","1,56M","-0,72%"
"21.07.2015","20,970","21,075","21,110","20,940","1,04M","-0,21%"
"20.07.2015","21,015","21,000","21,210","20,970","792,06K","0,55%"
"17.07.2015","20,900","21,095","21,095","20,900","1,33M","-0,48%"
"16.07.2015","21,000","20,870","21,045","20,790","1,44M","1,20%"
"15.07.2015","20,750","20,445","20,850","20,405","2,02M","1,52%"
"14.07.2015","20,440","20,465","20,465","20,340","1,37M","-0,02%"
"13.07.2015","20,445","20,530","20,595","20,365","1,59M","0,91%"
"10.07.2015","20,260","20,190","20,355","19,950","2,04M","2,27%"
"09.07.2015","19,810","19,575","19,955","19,475","1,61M","1,98%"
"08.07.2015","19,425","19,365","19,565","19,225","1,49M","0,60%"
"07.07.2015","19,310","19,550","19,660","19,220","2,02M","-1,15%"
"06.07.2015","19,535","19,530","19,825","19,445","1,73M","-1,83%"
"03.07.2015","19,900","20,080","20,115","19,830","1,72M","-0,70%"
"02.07.2015","20,040","19,835","20,110","19,770","2,03M","1,42%"
"01.07.2015","19,760","20,000","20,080","19,695","3,49M","-2,85%"
"30.06.2015","20,340","20,460","20,775","20,340","3,02M","-1,07%"
"29.06.2015","20,560","20,585","20,920","20,325","2,86M","-2,65%"
"26.06.2015","21,120","21,145","21,250","20,885","1,72M","-0,49%"
"25.06.2015","21,225","21,200","21,550","21,140","1,48M","-0,42%"
"24.06.2015","21,315","21,690","21,695","21,295","2,19M","-1,32%"
"23.06.2015","21,600","21,945","21,950","21,560","1,67M","-0,60%"
"22.06.2015","21,730","21,620","21,855","21,445","2,11M","2,72%"
"19.06.2015","21,155","21,170","21,390","21,055","2,22M","-0,33%"
"18.06.2015","21,225","21,105","21,235","20,825","2,08M","0,57%"
"17.06.2015","21,105","21,240","21,285","20,920","1,58M","-0,24%"
"16.06.2015","21,155","21,050","21,205","20,810","2,11M","-0,17%"
"15.06.2015","21,190","21,270","21,390","21,070","1,57M","-1,35%"
"12.06.2015","21,480","21,800","21,895","21,290","1,93M","-1,90%"
"11.06.2015","21,895","21,910","21,965","21,760","1,69M","0,05%"
"10.06.2015","21,885","21,455","21,930","21,425","1,37M","1,51%"
"09.06.2015","21,560","21,415","21,580","21,310","1,66M","0,68%"
"08.06.2015","21,415","21,600","21,610","21,315","1,38M","-0,86%"
"05.06.2015","21,600","21,585","21,800","21,545","1,28M","-0,92%"
"04.06.2015","21,800","22,070","22,070","21,555","1,71M","-1,47%"
"03.06.2015","22,125","22,255","22,450","22,065","1,68M","-0,07%"
"02.06.2015","22,140","22,335","22,380","22,050","2,52M","-0,61%"
"01.06.2015","22,275","22,495","22,635","22,240","1,19M","-0,54%"
"29.05.2015","22,395","22,535","22,680","22,315","1,56M","-0,64%"
"28.05.2015","22,540","22,520","22,715","22,330","1,71M","0,02%"
"27.05.2015","22,535","22,255","22,600","22,155","1,57M","1,67%"
"26.05.2015","22,165","22,210","22,500","21,985","2,24M","-0,31%"
"25.05.2015","22,235","22,580","22,600","22,150","810,58K","-2,18%"
"22.05.2015","22,730","22,830","22,895","22,605","1,27M","-0,39%"
"21.05.2015","22,820","22,650","22,880","22,625","1,42M","0,80%"
"20.05.2015","22,640","22,465","22,715","22,215","1,68M","0,51%"
"19.05.2015","22,525","22,400","22,590","22,365","1,71M","1,21%"
"18.05.2015","22,255","22,280","22,350","21,965","917,79K","0,07%"
"15.05.2015","22,240","22,345","22,345","22,060","1,34M","-0,02%"
"14.05.2015","22,245","21,955","22,305","21,850","1,15M","1,34%"
"13.05.2015","21,950","21,995","22,060","21,815","1,23M","0,34%"
"12.05.2015","21,875","21,820","21,955","21,610","2,02M","-0,34%"
"11.05.2015","21,950","21,775","22,005","21,675","1,06M","0,48%"
"08.05.2015","21,845","21,685","21,845","21,450","2,18M","1,53%"
"07.05.2015","21,515","21,255","21,595","20,860","2,32M","1,22%"
"06.05.2015","21,255","21,410","21,575","21,070","3,19M","-1,14%"
"05.05.2015","21,500","21,975","22,160","21,445","1,97M","-2,29%"
"04.05.2015","22,005","21,940","22,140","21,710","1,04M","0,23%"
"30.04.2015","21,955","21,965","22,230","21,910","1,86M","-0,45%"
"29.04.2015","22,055","22,545","22,595","21,905","3,53M","-1,87%"
"28.04.2015","22,475","22,320","22,600","22,205","1,98M","0,97%"
"27.04.2015","22,260","22,200","22,355","21,800","1,06M","0,47%"
"24.04.2015","22,155","21,900","22,180","21,885","1,60M","2,10%"
"23.04.2015","21,700","21,595","21,860","21,520","1,10M","0,05%"
"22.04.2015","21,690","21,840","21,840","21,515","1,35M","-0,18%"
"21.04.2015","21,730","22,015","22,160","21,565","1,64M","-0,28%"
"20.04.2015","21,790","21,945","21,970","21,550","929,64K","-0,18%"
"17.04.2015","21,830","22,000","22,135","21,725","1,81M","-0,93%"
"16.04.2015","22,035","22,295","22,295","22,010","1,31M","-1,06%"
"15.04.2015","22,270","22,225","22,370","22,100","2,32M","-0,11%"
"14.04.2015","22,295","22,480","22,540","22,100","3,28M","-1,07%"
"13.04.2015","22,535","22,240","22,550","22,230","2,34M","1,78%"
"10.04.2015","22,140","22,350","22,365","22,000","1,66M","-0,32%"
"09.04.2015","22,210","22,000","22,245","21,930","2,53M","1,16%"
"08.04.2015","21,955","21,770","22,295","21,715","3,20M","1,04%"
"07.04.2015","21,730","21,495","21,800","21,350","1,66M","2,31%"
"02.04.2015","21,240","21,275","21,315","21,050","880,12K","0,12%"
"01.04.2015","21,215","20,790","21,365","20,775","1,96M","1,43%"
"31.03.2015","20,915","21,340","21,435","20,910","2,99M","-1,97%"
"30.03.2015","21,335","21,355","21,460","21,235","1,31M","0,16%"
"27.03.2015","21,300","21,475","21,610","21,220","1,74M","-0,65%"
"26.03.2015","21,440","21,415","21,480","21,215","1,81M","-0,19%"
"25.03.2015","21,480","21,640","21,660","21,410","1,76M","-0,79%"
"24.03.2015","21,650","21,560","21,760","21,455","1,27M","0,49%"
"23.03.2015","21,545","21,450","21,660","21,355","2,50M","0,65%"
"20.03.2015","21,405","20,995","21,590","20,935","3,10M","2,34%"
"19.03.2015","20,915","20,950","21,185","20,795","1,47M","0,34%"
"18.03.2015","20,845","20,760","20,910","20,510","1,91M","0,58%"
"17.03.2015","20,725","20,815","20,965","20,560","1,88M","-0,10%"
"16.03.2015","20,745","20,750","20,850","20,540","2,08M","0,10%"
"13.03.2015","20,725","20,900","20,970","20,440","1,55M","-0,41%"
"12.03.2015","20,810","21,035","21,135","20,720","1,54M","-1,02%"
"11.03.2015","21,025","20,840","21,180","20,805","1,50M","0,94%"
"10.03.2015","20,830","21,170","21,220","20,770","2,20M","-1,33%"
"09.03.2015","21,110","20,880","21,130","20,770","2,18M","0,17%"
"06.03.2015","21,075","21,630","21,630","21,015","2,71M","-2,27%"
"05.03.2015","21,565","21,550","21,650","21,350","2,15M","0,09%"
"04.03.2015","21,545","21,500","21,690","21,295","2,05M","0,19%"
"03.03.2015","21,505","21,795","21,840","21,475","2,30M","-1,08%"
"02.03.2015","21,740","21,660","21,775","21,410","3,10M","0,67%"
"27.02.2015","21,595","21,320","21,650","21,205","2,47M","1,10%"
"26.02.2015","21,360","21,270","21,385","21,230","2,17M","0,28%"
"25.02.2015","21,300","21,290","21,345","21,150","2,11M","0,24%"
"24.02.2015","21,250","20,960","21,290","20,740","2,60M","1,55%"
"23.02.2015","20,925","20,760","20,950","20,650","2,28M","1,45%"
"20.02.2015","20,625","20,440","20,625","20,385","1,84M","0,54%"
"19.02.2015","20,515","20,425","20,675","20,400","2,51M","0,12%"
"18.02.2015","20,490","20,775","20,845","20,305","3,13M","-0,61%"
"17.02.2015","20,615","20,740","20,835","20,360","2,85M","-1,95%"
"16.02.2015","21,025","21,155","21,155","20,915","1,67M","-0,54%"
"13.02.2015","21,140","20,875","21,210","20,735","2,96M","1,61%"
"12.02.2015","20,805","20,225","20,890","20,185","2,00M","2,72%"
"11.02.2015","20,255","20,630","20,700","20,210","2,19M","-1,44%"
"10.02.2015","20,550","20,315","20,615","20,160","1,65M","1,43%"
"09.02.2015","20,260","20,340","20,355","20,100","2,67M","-1,46%"
"06.02.2015","20,560","20,385","20,715","20,315","1,78M","0,86%"
"05.02.2015","20,385","20,245","20,385","20,005","2,00M","-0,10%"
"04.02.2015","20,405","20,870","20,900","20,280","1,87M","-2,25%"
"03.02.2015","20,875","20,800","21,015","20,685","1,88M","1,04%"
"02.02.2015","20,660","20,895","20,910","20,380","2,06M","-0,67%"
"30.01.2015","20,800","21,505","21,705","20,640","3,66M","-2,46%"
"29.01.2015","21,325","21,080","21,325","20,950","1,74M","0,88%"
"28.01.2015","21,140","21,165","21,215","20,805","2,74M","0,57%"
"27.01.2015","21,020","20,960","21,180","20,945","1,83M","0,05%"
"26.01.2015","21,010","20,600","21,105","20,500","3,05M","0,84%"
"23.01.2015","20,835","20,785","21,160","20,680","2,95M","0,68%"
"22.01.2015","20,695","20,140","20,745","19,975","3,19M","2,91%"
"21.01.2015","20,110","19,640","20,135","19,430","2,86M","2,58%"
"20.01.2015","19,605","19,615","19,765","19,540","1,76M","-0,05%"
"19.01.2015","19,615","19,450","19,690","19,400","1,21M","0,85%"
"16.01.2015","19,450","19,265","19,530","18,980","2,58M","0,49%"
"15.01.2015","19,355","18,965","19,390","18,590","2,40M","2,60%"
"14.01.2015","18,865","19,170","19,400","18,840","2,54M","-3,50%"
"13.01.2015","19,550","19,115","19,620","19,060","1,79M","1,96%"
"12.01.2015","19,175","19,875","19,875","19,025","2,77M","-1,62%"
"09.01.2015","19,490","19,710","19,985","19,325","2,39M","-1,54%"
"08.01.2015","19,795","19,500","19,820","19,350","2,20M","0,84%"
"07.01.2015","19,630","19,860","20,050","19,585","2,44M","-0,78%"
"06.01.2015","19,785","20,065","20,150","19,785","2,42M","-1,20%"
"05.01.2015","20,025","20,835","21,180","20,025","2,00M","-4,57%"
"02.01.2015","20,985","20,870","21,175","20,645","1,49M","0,84%"