"Fecha","Último","Apertura","Máximo","Mínimo","Vol.","% var."
"31.12.2025","63,500","63,300","63,600","63,250","20,51K","0,16%"
"30.12.2025","63,400","63,250","63,550","63,100","51,53K","0,48%"
"29.12.2025","63,100","63,000","63,650","62,800","86,83K","0,64%"
"24.12.2025","62,700","61,900","62,700","61,900","26,29K","0,32%"
"23.12.2025","62,500","62,650","63,000","62,250","69,93K","-0,16%"
"22.12.2025","62,600","62,250","62,750","61,650","64,81K","0,81%"
"19.12.2025","62,100","61,650","62,150","60,950","149,83K","0,32%"
"18.12.2025","61,900","60,750","62,250","60,500","59,80K","2,15%"
"17.12.2025","60,600","60,550","61,200","60,150","71,84K","0,08%"
"16.12.2025","60,550","63,200","63,200","59,650","158,04K","-3,74%"
"15.12.2025","62,900","62,250","63,250","62,250","113,94K","1,04%"
"12.12.2025","62,250","61,850","62,800","61,800","68,78K","0,65%"
"11.12.2025","61,850","61,850","62,200","61,450","77,29K","0,65%"
"10.12.2025","61,450","60,200","61,750","59,600","126,59K","2,08%"
"09.12.2025","60,200","60,400","60,950","60,150","65,14K","0,00%"
"08.12.2025","60,200","59,850","60,200","59,600","56,11K","0,58%"
"05.12.2025","59,850","60,100","60,900","59,850","87,18K","-0,25%"
"04.12.2025","60,000","60,000","60,550","59,650","80,77K","0,42%"
"03.12.2025","59,750","59,300","59,950","59,250","61,53K","0,93%"
"02.12.2025","59,200","60,000","60,600","59,000","61,65K","-1,33%"
"01.12.2025","60,000","59,150","60,850","59,150","122,28K","0,93%"
"28.11.2025","59,450","59,000","59,450","58,100","76,28K","1,11%"
"27.11.2025","58,800","59,100","59,150","58,550","45,54K","0,17%"
"26.11.2025","58,700","59,000","59,250","58,450","70,25K","0,43%"
"25.11.2025","58,450","58,400","59,650","57,800","102,32K","-0,34%"
"24.11.2025","58,650","58,300","58,750","58,000","132,11K","1,21%"
"21.11.2025","57,950","57,050","58,000","56,850","66,40K","0,61%"
"20.11.2025","57,600","59,050","59,100","57,600","64,72K","-1,54%"
"19.11.2025","58,500","58,050","58,750","58,000","114,96K","0,43%"
"18.11.2025","58,250","57,500","58,250","57,200","95,50K","-0,09%"
"17.11.2025","58,300","58,450","58,650","57,700","68,29K","-0,77%"
"14.11.2025","58,750","58,550","58,750","57,750","84,77K","-0,17%"
"13.11.2025","58,850","59,600","59,800","58,650","68,62K","-0,51%"
"12.11.2025","59,150","59,900","59,900","59,150","96,64K","0,00%"
"11.11.2025","59,150","57,250","59,550","57,100","221,73K","4,14%"
"10.11.2025","56,800","55,600","57,850","55,150","175,76K","3,37%"
"07.11.2025","54,950","54,700","55,400","53,800","107,09K","-0,09%"
"06.11.2025","55,000","58,700","59,050","54,750","364,49K","-4,60%"
"05.11.2025","57,650","58,800","58,800","56,950","199,72K","-2,12%"
"04.11.2025","58,900","59,400","59,400","58,250","122,89K","-1,01%"
"03.11.2025","59,500","61,200","61,250","59,400","165,00K","-2,62%"
"31.10.2025","61,100","62,000","62,300","61,050","79,66K","-1,45%"
"30.10.2025","62,000","63,050","63,050","61,300","141,03K","-1,98%"
"29.10.2025","63,250","63,200","63,900","63,150","43,16K","-0,08%"
"28.10.2025","63,300","64,050","64,850","62,850","153,38K","-1,02%"
"27.10.2025","63,950","64,500","64,500","63,650","85,64K","-0,70%"
"24.10.2025","64,400","64,800","65,100","64,100","69,59K","-0,23%"
"23.10.2025","64,550","64,000","64,800","64,000","117,19K","0,31%"
"22.10.2025","64,350","64,700","65,950","63,500","258,47K","0,47%"
"21.10.2025","64,050","60,300","65,800","59,850","467,64K","6,31%"
"20.10.2025","60,250","60,250","60,400","59,550","55,88K","0,50%"
"17.10.2025","59,950","59,900","60,200","58,850","73,16K","-0,50%"
"16.10.2025","60,250","60,250","60,400","59,400","65,26K","0,75%"
"15.10.2025","59,800","59,250","59,900","58,950","116,80K","2,31%"
"14.10.2025","58,450","58,150","58,700","57,800","73,53K","-0,43%"
"13.10.2025","58,700","57,600","59,300","57,350","141,28K","2,71%"
"10.10.2025","57,150","58,300","58,350","56,950","124,75K","-1,55%"
"09.10.2025","58,050","58,650","59,100","58,050","73,60K","-1,28%"
"08.10.2025","58,800","59,000","59,200","58,150","98,56K","-0,17%"
"07.10.2025","58,900","58,750","60,000","58,000","124,47K","-2,64%"
"06.10.2025","60,500","61,550","61,550","60,500","74,57K","-1,06%"
"03.10.2025","61,150","60,450","61,650","60,250","144,67K","1,92%"
"02.10.2025","60,000","60,450","60,750","60,000","91,98K","0,33%"
"01.10.2025","59,800","58,800","60,100","58,550","135,10K","2,84%"
"30.09.2025","58,150","57,250","59,450","57,150","180,96K","2,65%"
"29.09.2025","56,650","56,150","56,850","56,100","64,16K","1,07%"
"26.09.2025","56,050","56,250","56,450","55,700","99,60K","-0,97%"
"25.09.2025","56,600","58,000","58,050","56,300","138,97K","-2,50%"
"24.09.2025","58,050","58,350","58,650","58,050","66,53K","-1,02%"
"23.09.2025","58,650","58,800","58,950","58,050","90,57K","-0,26%"
"22.09.2025","58,800","59,150","59,250","58,500","62,59K","-0,59%"
"19.09.2025","59,150","58,650","59,450","58,300","114,19K","0,85%"
"18.09.2025","58,650","59,700","59,700","58,250","96,46K","-1,26%"
"17.09.2025","59,400","59,500","59,600","59,000","68,50K","0,08%"
"16.09.2025","59,350","59,650","60,450","59,200","74,67K","-0,92%"
"15.09.2025","59,900","60,650","60,700","59,400","127,60K","-1,07%"
"12.09.2025","60,550","60,300","61,600","60,200","142,62K","0,67%"
"11.09.2025","60,150","59,600","60,500","59,500","71,16K","1,26%"
"10.09.2025","59,400","59,850","59,900","59,050","71,92K","-0,42%"
"09.09.2025","59,650","59,900","59,900","59,300","58,64K","-0,42%"
"08.09.2025","59,900","59,850","60,150","59,150","90,76K","0,42%"
"05.09.2025","59,650","60,100","60,800","59,200","123,29K","-0,17%"
"04.09.2025","59,750","58,150","61,950","57,950","296,52K","2,75%"
"03.09.2025","58,150","58,750","59,250","58,050","144,39K","-0,09%"
"02.09.2025","58,200","59,200","59,350","58,200","130,82K","-1,36%"
"01.09.2025","59,000","58,400","59,600","58,400","146,77K","1,72%"
"29.08.2025","58,000","58,400","58,600","57,750","154,66K","-0,60%"
"28.08.2025","58,350","57,550","58,400","57,550","117,92K","1,48%"
"27.08.2025","57,500","56,900","57,800","56,850","91,15K","0,52%"
"26.08.2025","57,200","58,200","58,200","56,950","113,19K","-1,89%"
"25.08.2025","58,300","58,000","59,000","57,600","134,57K","0,95%"
"22.08.2025","57,750","57,000","58,000","57,000","49,34K","1,23%"
"21.08.2025","57,050","57,300","57,450","56,700","60,65K","-0,52%"
"20.08.2025","57,350","57,200","57,650","56,900","51,50K","-0,17%"
"19.08.2025","57,450","57,450","57,850","57,050","87,43K","0,35%"
"18.08.2025","57,250","56,700","57,250","56,450","94,17K","1,51%"
"15.08.2025","56,400","56,600","56,750","56,200","54,60K","0,53%"
"14.08.2025","56,100","56,200","56,650","55,700","81,76K","0,27%"
"13.08.2025","55,950","54,600","56,050","54,200","117,45K","3,42%"
"12.08.2025","54,100","54,000","54,250","53,850","57,42K","0,74%"
"11.08.2025","53,700","54,400","54,950","53,700","110,89K","-0,09%"
"08.08.2025","53,750","53,350","53,900","53,250","69,43K","1,22%"
"07.08.2025","53,100","51,750","53,100","51,650","73,16K","2,12%"
"06.08.2025","52,000","53,350","53,350","51,750","106,69K","-1,98%"
"05.08.2025","53,050","53,500","53,750","52,950","61,65K","-0,19%"
"04.08.2025","53,150","53,400","53,450","52,950","65,11K","0,00%"
"01.08.2025","53,150","53,800","53,800","53,000","108,29K","-1,94%"
"31.07.2025","54,200","55,550","56,000","54,200","116,91K","-1,81%"
"30.07.2025","55,200","55,850","56,400","55,100","91,54K","-0,99%"
"29.07.2025","55,750","56,900","57,600","55,600","134,16K","-2,02%"
"28.07.2025","56,900","56,450","57,000","56,100","137,11K","2,43%"
"25.07.2025","55,550","57,100","57,100","54,950","148,82K","-2,80%"
"24.07.2025","57,150","54,600","58,100","54,500","286,69K","5,06%"
"23.07.2025","54,400","53,350","54,600","53,100","129,36K","2,84%"
"22.07.2025","52,900","52,700","53,100","52,200","69,12K","0,76%"
"21.07.2025","52,500","52,700","52,800","52,150","73,74K","-0,57%"
"18.07.2025","52,800","53,250","53,750","52,700","86,52K","-1,03%"
"17.07.2025","53,350","54,200","54,250","52,800","177,49K","-1,75%"
"16.07.2025","54,300","54,100","54,500","53,550","129,26K","-0,18%"
"15.07.2025","54,400","54,700","55,200","54,350","81,17K","-0,37%"
"14.07.2025","54,600","54,400","55,000","54,350","68,93K","-1,97%"
"11.07.2025","55,700","56,050","56,350","55,550","81,10K","-0,54%"
"10.07.2025","56,000","55,650","56,000","55,200","82,82K","1,27%"
"09.07.2025","55,300","55,400","55,650","54,650","101,69K","0,36%"
"08.07.2025","55,100","55,150","55,250","54,250","74,74K","0,27%"
"07.07.2025","54,950","56,250","56,350","54,450","120,08K","-2,22%"
"04.07.2025","56,200","55,750","56,350","55,400","63,05K","0,99%"
"03.07.2025","55,650","55,900","56,200","55,500","56,83K","-0,18%"
"02.07.2025","55,750","55,750","55,950","54,750","94,29K","0,81%"
"01.07.2025","55,300","54,850","55,300","54,650","72,51K","1,00%"
"30.06.2025","54,750","55,150","55,150","54,650","63,08K","-0,27%"
"27.06.2025","54,900","54,150","55,000","54,050","78,71K","1,20%"
"26.06.2025","54,250","53,400","54,700","53,400","58,31K","1,40%"
"25.06.2025","53,500","54,200","54,200","53,250","66,66K","-0,93%"
"24.06.2025","54,000","54,800","54,850","53,950","76,17K","0,00%"
"23.06.2025","54,000","54,600","54,650","53,500","93,59K","-1,91%"
"20.06.2025","55,050","55,100","55,500","54,950","209,60K","-0,09%"
"19.06.2025","55,100","54,700","55,600","54,500","56,29K","0,09%"
"18.06.2025","55,050","55,450","55,450","54,800","48,00K","-0,81%"
"17.06.2025","55,500","56,100","56,250","54,950","104,99K","-1,16%"
"16.06.2025","56,150","56,100","56,700","55,600","77,81K","0,27%"
"13.06.2025","56,000","56,250","56,700","55,700","126,99K","-1,67%"
"12.06.2025","56,950","56,500","56,950","56,050","65,71K","0,80%"
"11.06.2025","56,500","56,250","56,550","55,950","80,97K","0,71%"
"10.06.2025","56,100","56,000","56,450","55,750","92,68K","0,45%"
"09.06.2025","55,850","55,500","56,000","55,400","76,09K","0,81%"
"06.06.2025","55,400","55,000","55,500","54,500","92,40K","0,54%"
"05.06.2025","55,100","55,750","55,750","54,700","77,47K","-0,72%"
"04.06.2025","55,500","54,050","55,700","54,000","140,25K","2,97%"
"03.06.2025","53,900","54,250","54,300","53,500","62,87K","0,00%"
"02.06.2025","53,900","54,550","54,550","53,350","90,24K","-1,01%"
"30.05.2025","54,450","53,000","54,650","52,700","191,27K","3,22%"
"29.05.2025","52,750","53,000","53,100","52,500","78,99K","0,09%"
"28.05.2025","52,700","52,450","53,350","52,350","73,04K","0,67%"
"27.05.2025","52,350","52,150","52,700","52,050","69,38K","0,38%"
"26.05.2025","52,150","52,300","52,400","52,000","54,99K","1,07%"
"23.05.2025","51,600","52,000","52,300","50,900","70,46K","-0,39%"
"22.05.2025","51,800","52,800","52,900","51,550","93,97K","-1,89%"
"21.05.2025","52,800","52,900","53,500","52,750","64,17K","0,09%"
"20.05.2025","52,750","52,350","52,850","52,000","77,85K","1,54%"
"19.05.2025","51,950","52,950","52,950","51,550","75,46K","-1,52%"
"16.05.2025","52,750","52,600","52,950","52,400","46,49K","0,67%"
"15.05.2025","52,400","52,550","52,950","52,050","61,39K","-0,76%"
"14.05.2025","52,800","53,500","53,800","52,600","95,03K","-1,22%"
"13.05.2025","53,450","54,650","54,850","53,300","80,14K","-1,02%"
"12.05.2025","54,000","53,450","54,250","52,350","134,93K","2,37%"
"09.05.2025","52,750","52,900","53,450","52,650","65,31K","0,09%"
"08.05.2025","52,700","51,350","54,300","51,350","151,97K","2,63%"
"07.05.2025","51,350","51,500","51,500","50,050","81,95K","-1,34%"
"06.05.2025","52,050","52,600","52,650","51,800","80,59K","-0,57%"
"05.05.2025","52,350","52,300","52,650","52,250","65,20K","0,58%"
"02.05.2025","52,050","52,200","52,400","51,700","63,05K","0,97%"
"30.04.2025","51,550","51,700","52,250","51,200","89,97K","0,29%"
"29.04.2025","51,400","51,600","51,600","50,050","67,52K","0,39%"
"28.04.2025","51,200","51,450","51,700","51,000","64,25K","0,10%"
"25.04.2025","51,150","51,400","51,400","50,850","55,85K","0,10%"
"24.04.2025","51,100","50,900","51,200","50,450","56,32K","0,89%"
"23.04.2025","50,650","50,150","50,850","49,660","113,05K","2,12%"
"22.04.2025","49,600","48,720","49,600","48,540","71,38K","1,14%"
"17.04.2025","49,040","49,240","49,240","48,240","96,15K","-0,93%"
"16.04.2025","49,500","49,840","49,980","49,260","57,76K","-0,88%"
"15.04.2025","49,940","49,500","50,050","49,220","86,92K","1,30%"
"14.04.2025","49,300","49,500","49,580","48,660","89,43K","1,99%"
"11.04.2025","48,340","48,540","48,620","47,480","116,93K","0,79%"
"10.04.2025","47,960","50,000","50,000","47,480","186,04K","4,08%"
"09.04.2025","46,080","46,800","47,200","45,520","209,50K","-4,12%"
"08.04.2025","48,060","47,020","48,780","46,500","137,65K","2,26%"
"07.04.2025","47,000","47,240","48,980","46,200","166,77K","-4,16%"
"04.04.2025","49,040","51,000","51,000","48,280","183,68K","-4,41%"
"03.04.2025","51,300","50,200","51,850","50,050","99,10K","1,58%"
"02.04.2025","50,500","51,000","51,100","50,250","139,74K","-1,85%"
"01.04.2025","51,450","51,500","52,000","50,700","79,19K","-0,10%"
"31.03.2025","51,500","52,300","52,400","51,100","159,35K","-1,53%"
"28.03.2025","52,300","52,150","53,450","52,150","109,94K","0,67%"
"27.03.2025","51,950","50,950","52,250","50,450","138,54K","2,06%"
"26.03.2025","50,900","51,750","52,300","50,700","127,79K","-1,36%"
"25.03.2025","51,600","53,500","55,450","51,400","271,98K","-1,90%"
"24.03.2025","52,600","53,400","53,400","52,450","66,88K","-0,85%"
"21.03.2025","53,050","52,300","53,400","52,300","166,65K","1,05%"
"20.03.2025","52,500","52,600","52,800","52,350","0,42K","-0,28%"
"19.03.2025","52,650","52,500","52,850","52,450","66,14K","-0,09%"
"18.03.2025","52,700","52,550","53,300","52,150","104,60K","0,38%"
"17.03.2025","52,500","52,000","52,500","51,700","87,82K","1,06%"
"14.03.2025","51,950","52,200","52,600","51,900","85,69K","-0,57%"
"13.03.2025","52,250","52,400","52,850","51,900","82,81K","0,10%"
"12.03.2025","52,200","52,150","53,000","51,950","112,93K","0,19%"
"11.03.2025","52,100","53,250","53,350","51,350","0,17K","-2,07%"
"10.03.2025","53,200","53,950","54,150","52,550","99,63K","-1,12%"
"07.03.2025","53,800","54,000","54,000","52,900","0,14K","-0,46%"
"06.03.2025","54,050","53,700","54,250","53,200","90,63K","0,75%"
"05.03.2025","53,650","54,000","54,450","53,450","99,40K","-0,46%"
"04.03.2025","53,900","54,650","55,050","53,600","130,54K","-1,28%"
"03.03.2025","54,600","53,000","54,750","52,800","148,97K","2,63%"
"28.02.2025","53,200","53,900","53,950","52,900","149,08K","-2,03%"
"27.02.2025","54,300","54,400","54,600","53,750","131,93K","-0,91%"
"26.02.2025","54,800","55,000","56,200","54,250","187,51K","-0,63%"
"25.02.2025","55,150","55,150","55,400","54,700","0,27K","0,00%"
"24.02.2025","55,150","55,400","55,600","54,800","84,78K","0,64%"
"21.02.2025","54,800","54,600","55,250","54,500","111,30K","0,27%"
"20.02.2025","54,650","54,800","54,950","54,400","76,80K","-0,27%"
"19.02.2025","54,800","54,550","55,000","54,450","100,38K","0,55%"
"18.02.2025","54,500","54,950","54,950","53,900","116,07K","-0,64%"
"17.02.2025","54,850","54,700","55,200","54,400","90,19K","0,92%"
"14.02.2025","54,350","55,500","55,500","54,150","121,40K","-1,72%"
"13.02.2025","55,300","55,750","55,750","54,600","185,79K","0,00%"
"12.02.2025","55,300","55,550","55,850","55,100","98,27K","-0,36%"
"11.02.2025","55,500","55,000","55,800","54,700","0,31K","0,45%"
"10.02.2025","55,250","55,400","55,900","54,300","0,04K","-0,45%"
"07.02.2025","55,500","54,350","59,000","53,200","805,43K","-16,29%"
"06.02.2025","66,300","65,950","66,300","65,750","94,50K","0,91%"
"05.02.2025","65,700","65,250","65,950","65,150","42,03K","0,69%"
"04.02.2025","65,250","65,050","66,150","64,750","64,49K","0,38%"
"03.02.2025","65,000","64,900","65,500","63,900","77,64K","-0,84%"
"31.01.2025","65,550","66,000","66,550","65,500","98,83K","0,08%"
"30.01.2025","65,500","64,950","65,700","64,650","84,63K","1,24%"
"29.01.2025","64,700","63,700","64,900","63,600","55,08K","1,57%"
"28.01.2025","63,700","62,800","63,700","62,800","68,53K","0,95%"
"27.01.2025","63,100","62,450","63,450","62,300","76,07K","0,56%"
"24.01.2025","62,750","62,100","62,800","61,150","65,79K","0,88%"
"23.01.2025","62,200","61,150","62,800","61,150","69,57K","0,97%"
"22.01.2025","61,600","62,550","63,050","61,300","69,89K","-1,36%"
"21.01.2025","62,450","61,350","62,650","60,900","58,82K","1,79%"
"20.01.2025","61,350","60,550","61,400","60,450","66,83K","1,74%"
"17.01.2025","60,300","59,950","61,050","59,950","102,31K","0,25%"
"16.01.2025","60,150","59,850","60,150","59,450","69,98K","1,52%"
"15.01.2025","59,250","58,000","59,250","57,750","84,53K","2,16%"
"14.01.2025","58,000","59,000","59,450","57,750","94,48K","-1,19%"
"13.01.2025","58,700","63,000","63,350","57,200","1,06K","-7,56%"
"10.01.2025","63,500","63,100","63,500","61,600","68,49K","1,44%"
"09.01.2025","62,600","64,400","64,400","62,200","66,80K","-2,87%"
"08.01.2025","64,450","63,300","64,450","63,200","74,40K","1,74%"
"07.01.2025","63,350","63,300","64,100","62,750","43,88K","0,56%"
"06.01.2025","63,000","63,800","63,800","62,600","35,88K","-0,24%"
"03.01.2025","63,150","64,200","64,400","62,800","54,67K","-1,33%"
"02.01.2025","64,000","63,350","64,000","63,000","64,38K","1,67%"
"31.12.2024","62,950","61,400","62,950","61,400","38,98K","1,94%"
"30.12.2024","61,750","62,200","62,200","61,300","54,13K","-0,40%"
"27.12.2024","62,000","61,900","62,150","61,400","62,49K","0,49%"
"24.12.2024","61,700","61,800","62,100","61,550","22,50K","-0,08%"
"23.12.2024","61,750","61,350","61,950","61,200","47,69K","0,57%"
"20.12.2024","61,400","60,650","61,550","59,250","99,23K","0,74%"
"19.12.2024","60,950","61,500","62,350","60,600","76,52K","-1,77%"
"18.12.2024","62,050","61,150","62,250","60,900","45,82K","0,98%"
"17.12.2024","61,450","63,200","63,200","61,200","59,95K","-2,54%"
"16.12.2024","63,050","62,050","63,100","61,650","81,73K","1,61%"
"13.12.2024","62,050","63,250","63,350","62,000","42,24K","-1,82%"
"12.12.2024","63,200","63,600","63,600","62,600","39,38K","-0,32%"
"11.12.2024","63,400","63,550","63,800","62,700","41,01K","0,00%"
"10.12.2024","63,400","63,800","63,900","63,400","58,64K","0,00%"
"09.12.2024","63,400","63,800","64,150","62,550","48,95K","-0,31%"
"06.12.2024","63,600","63,700","64,100","63,250","40,87K","-0,24%"
"05.12.2024","63,750","63,600","63,850","63,000","52,03K","0,79%"
"04.12.2024","63,250","63,500","63,650","62,750","78,80K","0,40%"
"03.12.2024","63,000","64,550","64,800","63,000","77,23K","-1,87%"
"02.12.2024","64,200","64,650","64,950","63,800","62,77K","-0,39%"
"29.11.2024","64,450","63,550","64,600","63,450","44,84K","0,94%"
"28.11.2024","63,850","64,400","64,700","63,850","57,51K","-0,23%"
"27.11.2024","64,000","63,000","64,100","62,900","60,14K","2,07%"
"26.11.2024","62,700","63,000","63,100","62,100","43,87K","-0,56%"
"25.11.2024","63,050","62,900","63,550","62,450","95,68K","0,08%"
"22.11.2024","63,000","61,850","63,000","61,850","67,41K","1,86%"
"21.11.2024","61,850","61,850","62,300","61,050","84,88K","-0,24%"
"20.11.2024","62,000","62,000","62,550","61,650","95,71K","0,57%"
"19.11.2024","61,650","62,200","62,700","61,250","69,96K","-0,88%"
"18.11.2024","62,200","62,250","63,100","62,150","78,01K","0,08%"
"15.11.2024","62,150","63,500","63,550","61,750","204,40K","-4,68%"
"14.11.2024","65,200","65,000","65,450","63,750","74,17K","-0,31%"
"13.11.2024","65,400","64,900","66,650","64,700","71,75K","0,08%"
"12.11.2024","65,350","66,000","66,000","64,900","110,36K","-1,36%"
"11.11.2024","66,250","65,500","66,350","65,200","106,95K","2,55%"
"08.11.2024","64,600","65,750","67,700","63,750","163,02K","-1,75%"
"07.11.2024","65,750","71,900","71,900","64,750","424,81K","-13,09%"
"06.11.2024","75,650","78,200","78,200","75,100","68,19K","-1,24%"
"05.11.2024","76,600","77,600","77,800","76,150","60,02K","-1,42%"
"04.11.2024","77,700","79,250","79,750","77,400","50,11K","-2,75%"
"01.11.2024","79,900","77,800","79,900","77,700","75,26K","2,30%"
"31.10.2024","78,100","78,900","79,200","76,500","79,85K","-1,08%"
"30.10.2024","78,950","79,000","80,200","78,650","104,14K","0,83%"
"29.10.2024","78,300","76,450","78,800","76,450","113,61K","2,69%"
"28.10.2024","76,250","74,600","76,300","74,050","60,11K","2,01%"
"25.10.2024","74,750","73,100","75,150","72,900","114,54K","2,68%"
"24.10.2024","72,800","74,600","74,800","70,700","336,21K","-4,34%"
"23.10.2024","76,100","76,850","77,000","76,100","35,23K","-0,98%"
"22.10.2024","76,850","77,000","77,150","76,200","50,75K","-0,19%"
"21.10.2024","77,000","76,100","77,550","75,550","76,83K","1,18%"
"18.10.2024","76,100","76,200","76,550","75,400","50,30K","-0,26%"
"17.10.2024","76,300","75,300","76,400","75,200","37,70K","0,39%"
"16.10.2024","76,000","74,750","76,000","74,700","58,94K","0,86%"
"15.10.2024","75,350","75,000","75,500","74,850","51,76K","0,47%"
"14.10.2024","75,000","74,800","75,150","74,250","43,78K","1,08%"
"11.10.2024","74,200","73,550","74,250","73,400","33,07K","0,82%"
"10.10.2024","73,600","73,800","74,200","73,400","51,50K","-0,34%"
"09.10.2024","73,850","72,850","74,200","72,850","56,42K","0,14%"
"08.10.2024","73,750","72,350","73,800","72,100","61,05K","1,72%"
"07.10.2024","72,500","73,500","73,550","72,200","50,82K","-1,29%"
"04.10.2024","73,450","72,000","73,800","71,750","88,47K","2,23%"
"03.10.2024","71,850","71,400","72,750","71,300","68,36K","0,49%"
"02.10.2024","71,500","70,950","71,950","70,700","55,63K","0,35%"
"01.10.2024","71,250","72,900","72,900","70,850","64,33K","-0,49%"
"30.09.2024","71,600","71,700","72,650","71,600","49,89K","-0,83%"
"27.09.2024","72,200","72,250","72,350","71,600","67,23K","0,07%"
"26.09.2024","72,150","72,550","72,750","71,950","69,24K","0,28%"
"25.09.2024","71,950","72,550","72,700","71,650","52,35K","-0,14%"
"24.09.2024","72,050","72,900","73,150","71,450","160,11K","-1,17%"
"23.09.2024","72,900","73,250","73,350","72,700","42,97K","-0,48%"
"20.09.2024","73,250","75,150","75,500","72,750","94,35K","-2,66%"
"19.09.2024","75,250","74,800","75,850","74,650","133,52K","1,76%"
"18.09.2024","73,950","75,100","75,500","73,950","108,14K","-0,07%"
"17.09.2024","74,000","74,650","75,850","73,700","86,92K","-1,27%"
"16.09.2024","74,950","74,200","76,850","74,050","178,73K","1,70%"
"13.09.2024","73,700","74,150","74,700","73,700","101,33K","-0,14%"
"12.09.2024","73,800","76,000","76,700","73,650","145,72K","-1,73%"
"11.09.2024","75,100","76,450","76,450","74,600","97,29K","-1,77%"
"10.09.2024","76,450","81,050","82,300","76,450","307,28K","-7,05%"
"09.09.2024","82,250","81,100","82,450","80,800","61,38K","1,79%"
"06.09.2024","80,800","79,400","81,150","79,150","79,97K","2,34%"
"05.09.2024","78,950","78,000","78,950","77,600","50,37K","0,70%"
"04.09.2024","78,400","77,050","78,700","76,750","50,57K","-0,19%"
"03.09.2024","78,550","78,750","79,650","78,250","49,30K","-0,70%"
"02.09.2024","79,100","79,400","79,800","79,050","28,50K","-0,57%"
"30.08.2024","79,550","79,000","80,100","78,400","79,13K","1,60%"
"29.08.2024","78,300","77,600","78,500","77,600","142,88K","0,64%"
"28.08.2024","77,800","77,000","78,200","77,000","34,44K","1,30%"
"27.08.2024","76,800","76,150","77,150","76,150","30,18K","-0,19%"
"26.08.2024","76,950","77,350","77,500","76,750","25,68K","-0,52%"
"23.08.2024","77,350","77,400","77,450","76,600","32,38K","0,59%"
"22.08.2024","76,900","75,750","77,000","75,550","44,08K","0,92%"
"21.08.2024","76,200","76,750","76,750","75,800","31,50K","-0,72%"
"20.08.2024","76,750","76,400","77,000","76,300","23,63K","0,26%"
"19.08.2024","76,550","76,250","76,550","75,650","32,07K","0,46%"
"16.08.2024","76,200","75,900","76,800","75,350","47,07K","0,73%"
"15.08.2024","75,650","74,950","75,800","74,950","50,42K","0,87%"
"14.08.2024","75,000","76,650","76,650","73,900","61,13K","-1,70%"
"13.08.2024","76,300","76,600","76,600","75,450","49,65K","0,13%"
"12.08.2024","76,200","77,150","77,150","75,550","52,18K","-0,59%"
"09.08.2024","76,650","77,000","77,000","76,150","56,78K","-0,07%"
"08.08.2024","76,700","76,000","76,950","75,150","72,81K","-0,39%"
"07.08.2024","77,000","77,400","78,500","76,200","72,66K","0,46%"
"06.08.2024","76,650","77,000","77,350","75,600","85,73K","-0,33%"
"05.08.2024","76,900","77,250","77,400","75,500","140,80K","-2,78%"
"02.08.2024","79,100","83,500","83,700","79,050","189,73K","-7,21%"
"01.08.2024","85,250","87,900","88,950","85,150","54,01K","-4,21%"
"31.07.2024","89,000","86,000","89,450","84,400","72,29K","3,25%"
"30.07.2024","86,200","89,250","89,250","85,900","44,29K","-2,93%"
"29.07.2024","88,800","88,500","89,500","88,350","51,62K","0,28%"
"26.07.2024","88,550","86,800","88,700","83,400","45,50K","0,57%"
"25.07.2024","88,050","87,000","88,150","86,750","37,53K","0,97%"
"24.07.2024","87,200","87,600","88,050","86,550","39,23K","-0,74%"
"23.07.2024","87,850","88,550","88,950","87,450","28,75K","-0,17%"
"22.07.2024","88,000","87,000","88,450","86,650","47,68K","3,77%"
"19.07.2024","84,800","85,550","85,850","84,500","53,91K","-0,35%"
"18.07.2024","85,100","85,900","87,300","84,950","43,53K","-1,05%"
"17.07.2024","86,000","87,000","87,050","85,900","85,40K","-0,81%"
"16.07.2024","86,700","86,000","86,950","84,800","35,19K","0,81%"
"15.07.2024","86,000","86,600","87,700","85,650","152,76K","-0,35%"
"12.07.2024","86,300","83,900","87,350","83,900","58,78K","2,49%"
"11.07.2024","84,200","83,450","85,300","83,150","229,28K","1,57%"
"10.07.2024","82,900","82,150","82,900","81,100","72,64K","1,04%"
"09.07.2024","82,050","85,100","85,100","82,050","61,19K","-3,19%"
"08.07.2024","84,750","84,100","85,700","84,000","70,18K","-0,88%"
"05.07.2024","85,500","84,800","86,750","84,800","50,80K","0,65%"
"04.07.2024","84,950","84,750","85,200","84,400","38,99K","0,00%"
"03.07.2024","84,950","86,300","86,550","84,400","51,61K","-1,62%"
"02.07.2024","86,350","86,950","86,950","85,200","53,57K","-0,52%"
"01.07.2024","86,800","87,900","87,900","85,100","44,98K","-0,86%"
"28.06.2024","87,550","87,800","88,050","86,200","64,54K","0,69%"
"27.06.2024","86,950","87,050","87,450","85,700","77,83K","1,81%"
"26.06.2024","85,400","83,500","86,750","83,400","120,53K","2,89%"
"25.06.2024","83,000","83,950","83,950","82,700","40,46K","-0,66%"
"24.06.2024","83,550","82,650","83,850","82,150","217,23K","1,64%"
"21.06.2024","82,200","85,700","86,000","80,200","132,71K","-4,47%"
"20.06.2024","86,050","85,100","86,050","84,950","61,13K","1,24%"
"19.06.2024","85,000","85,000","85,400","84,250","47,74K","-0,23%"
"18.06.2024","85,200","85,450","86,150","84,650","61,42K","-2,29%"
"17.06.2024","87,200","87,000","88,250","86,400","49,60K","0,46%"
"14.06.2024","86,800","87,150","87,200","85,050","94,07K","-0,57%"
"13.06.2024","87,300","87,750","88,100","87,100","59,43K","-0,96%"
"12.06.2024","88,150","88,500","88,550","86,800","54,98K","0,40%"
"11.06.2024","87,800","89,650","90,350","87,800","200,30K","-1,51%"
"10.06.2024","89,150","89,300","89,650","88,700","30,66K","-0,94%"
"07.06.2024","90,000","90,400","90,650","89,550","28,85K","-0,50%"
"06.06.2024","90,450","90,450","90,750","88,750","40,35K","0,50%"
"05.06.2024","90,000","89,700","90,250","88,450","43,59K","0,50%"
"04.06.2024","89,550","89,050","90,400","87,850","59,86K","0,90%"
"03.06.2024","88,750","87,750","88,950","84,650","51,00K","1,14%"
"31.05.2024","87,750","88,650","88,650","87,250","120,96K","-0,28%"
"30.05.2024","88,000","88,500","88,950","88,000","39,69K","-0,11%"
"29.05.2024","88,100","89,250","89,950","87,700","30,82K","-0,45%"
"28.05.2024","88,500","89,200","90,950","87,600","64,77K","-1,01%"
"27.05.2024","89,400","92,100","94,800","88,600","79,41K","-2,30%"
"24.05.2024","91,500","90,050","91,600","89,150","30,63K","1,61%"
"23.05.2024","90,050","89,000","90,650","88,550","32,35K","1,35%"
"22.05.2024","88,850","88,250","88,850","87,950","26,03K","0,74%"
"21.05.2024","88,200","88,000","88,700","86,800","46,56K","0,46%"
"20.05.2024","87,800","86,350","87,850","86,350","30,84K","1,68%"
"17.05.2024","86,350","85,900","86,600","85,150","38,53K","0,70%"
"16.05.2024","85,750","86,300","86,950","85,400","46,56K","0,00%"
"15.05.2024","85,750","84,300","85,850","84,050","64,09K","1,60%"
"14.05.2024","84,400","85,000","85,600","84,200","38,48K","-0,18%"
"13.05.2024","84,550","83,000","84,650","82,600","32,38K","1,14%"
"10.05.2024","83,600","81,800","83,950","81,700","64,73K","2,51%"
"09.05.2024","81,550","82,000","82,000","79,850","83,69K","0,18%"
"08.05.2024","81,400","83,050","83,200","79,100","72,08K","-1,69%"
"07.05.2024","82,800","84,000","84,350","82,200","48,85K","-1,95%"
"06.05.2024","84,450","84,000","85,350","83,750","58,55K","1,93%"
"03.05.2024","82,850","82,550","83,300","81,450","40,83K","0,79%"
"02.05.2024","82,200","84,300","84,400","81,950","48,11K","-2,49%"
"30.04.2024","84,300","82,750","84,950","82,650","57,56K","1,93%"
"29.04.2024","82,700","83,600","85,000","81,600","67,23K","-2,71%"
"26.04.2024","85,000","84,150","85,300","82,500","79,26K","0,35%"
"25.04.2024","84,700","78,800","86,900","78,600","159,18K","6,41%"
"24.04.2024","79,600","80,650","80,700","79,600","113,72K","-1,06%"
"23.04.2024","80,450","79,750","80,650","79,450","36,69K","1,26%"
"22.04.2024","79,450","79,400","80,350","79,400","37,67K","0,06%"
"19.04.2024","79,400","78,700","79,500","77,750","59,98K","-0,06%"
"18.04.2024","79,450","80,800","81,050","78,350","67,72K","-1,55%"
"17.04.2024","80,700","81,900","82,450","80,500","61,35K","-1,16%"
"16.04.2024","81,650","82,250","82,450","80,200","49,91K","-1,45%"
"15.04.2024","82,850","82,000","83,300","81,750","41,50K","0,73%"
"12.04.2024","82,250","81,750","83,550","81,750","46,41K","0,43%"
"11.04.2024","81,900","80,400","82,200","80,300","60,95K","0,37%"
"10.04.2024","81,600","81,650","82,000","80,050","63,80K","-0,31%"
"09.04.2024","81,850","83,000","83,100","79,850","59,53K","-0,79%"
"08.04.2024","82,500","81,550","83,000","81,400","62,79K","0,92%"
"05.04.2024","81,750","80,500","81,800","80,150","67,30K","1,11%"
"04.04.2024","80,850","79,750","81,000","79,750","50,73K","1,38%"
"03.04.2024","79,750","81,000","81,050","78,200","130,00K","-2,68%"
"02.04.2024","81,950","81,900","83,300","81,850","91,24K","1,30%"
"28.03.2024","80,900","80,700","81,100","79,950","47,12K","0,31%"
"27.03.2024","80,650","80,500","81,500","79,600","82,61K","0,62%"
"26.03.2024","80,150","80,700","80,900","79,250","52,14K","-0,31%"
"25.03.2024","80,400","79,900","80,950","79,500","38,60K","0,88%"
"22.03.2024","79,700","77,800","79,750","77,800","35,80K","1,21%"
"21.03.2024","78,750","78,700","79,050","76,600","87,35K","0,06%"
"20.03.2024","78,700","79,500","79,950","78,550","45,41K","-1,01%"
"19.03.2024","79,500","78,450","79,750","78,250","38,98K","1,02%"
"18.03.2024","78,700","77,700","78,900","77,600","38,92K","1,48%"
"15.03.2024","77,550","77,800","78,450","77,300","76,51K","-0,70%"
"14.03.2024","78,100","78,550","79,100","77,850","66,06K","-0,26%"
"13.03.2024","78,300","76,750","78,900","76,500","97,44K","2,35%"
"12.03.2024","76,500","79,100","79,100","76,250","95,33K","-2,80%"
"11.03.2024","78,700","77,950","78,950","77,300","71,62K","1,35%"
"08.03.2024","77,650","78,050","79,250","76,400","95,91K","-1,58%"
"07.03.2024","78,900","75,350","79,900","75,350","151,39K","4,71%"
"06.03.2024","75,350","75,300","75,450","73,950","49,93K","0,07%"
"05.03.2024","75,300","75,500","75,950","74,950","59,06K","-0,13%"
"04.03.2024","75,400","75,850","76,000","74,650","65,30K","0,07%"
"01.03.2024","75,350","74,700","76,000","74,050","102,51K","1,76%"
"29.02.2024","74,050","71,500","75,200","71,200","237,95K","4,44%"
"28.02.2024","70,900","67,200","71,100","67,200","162,45K","5,04%"
"27.02.2024","67,500","69,550","69,800","64,250","483,61K","-5,59%"
"26.02.2024","71,500","71,150","72,450","71,000","58,42K","0,63%"
"23.02.2024","71,050","72,150","72,550","70,900","53,91K","-0,91%"
"22.02.2024","71,700","71,000","72,050","71,000","160,54K","1,41%"
"21.02.2024","70,700","70,550","71,000","70,000","62,03K","-0,07%"
"20.02.2024","70,750","70,850","71,200","70,400","56,77K","0,21%"
"19.02.2024","70,600","69,900","70,800","69,700","67,05K","0,64%"
"16.02.2024","70,150","69,500","70,500","69,300","94,14K","1,45%"
"15.02.2024","69,150","69,200","69,400","68,050","75,88K","-0,07%"
"14.02.2024","69,200","67,900","69,500","67,550","78,14K","1,54%"
"13.02.2024","68,150","67,400","68,550","67,050","61,93K","0,89%"
"12.02.2024","67,550","67,900","68,100","66,900","74,89K","-0,22%"
"09.02.2024","67,700","66,500","67,700","66,300","113,34K","1,80%"
"08.02.2024","66,500","66,200","67,000","65,700","57,26K","0,76%"
"07.02.2024","66,000","64,650","66,150","64,650","65,63K","1,62%"
"06.02.2024","64,950","65,500","65,750","64,550","62,52K","-0,38%"
"05.02.2024","65,200","62,850","65,300","62,800","84,71K","3,57%"
"02.02.2024","62,950","63,650","64,350","62,950","48,69K","-0,63%"
"01.02.2024","63,350","64,000","64,800","63,250","55,85K","-1,09%"
"31.01.2024","64,050","63,250","64,750","63,250","64,38K","1,26%"
"30.01.2024","63,250","61,800","63,600","61,400","79,67K","3,43%"
"29.01.2024","61,150","64,900","65,050","61,100","91,53K","-5,56%"
"26.01.2024","64,750","63,450","65,000","63,450","142,29K","1,73%"
"25.01.2024","63,650","64,500","64,550","63,350","48,39K","-1,09%"
"24.01.2024","64,350","64,000","64,500","63,850","59,69K","0,94%"
"23.01.2024","63,750","64,200","64,750","63,300","84,60K","-0,78%"
"22.01.2024","64,250","63,850","64,500","63,350","60,54K","1,42%"
"19.01.2024","63,350","63,000","63,450","62,550","55,00K","1,04%"
"18.01.2024","62,700","62,000","62,800","61,900","76,64K","0,88%"
"17.01.2024","62,150","62,300","62,350","61,350","45,25K","-0,40%"
"16.01.2024","62,400","61,100","62,500","61,100","45,31K","0,81%"
"15.01.2024","61,900","61,000","62,000","60,750","58,78K","1,89%"
"12.01.2024","60,750","61,400","61,850","60,550","52,20K","-0,25%"
"11.01.2024","60,900","62,250","62,450","60,800","66,23K","-1,85%"
"10.01.2024","62,050","62,000","62,300","61,450","49,48K","0,49%"
"09.01.2024","61,750","62,000","62,000","60,950","67,05K","0,00%"
"08.01.2024","61,750","61,250","61,800","61,050","38,83K","1,06%"
"05.01.2024","61,100","61,000","61,300","60,400","50,58K","-0,49%"
"04.01.2024","61,400","61,100","61,900","60,800","51,80K","0,49%"
"03.01.2024","61,100","61,300","61,600","60,650","73,31K","-0,16%"
"02.01.2024","61,200","60,350","62,050","60,350","67,33K","1,66%"
"29.12.2023","60,200","60,500","61,050","59,050","54,11K","-0,82%"
"28.12.2023","60,700","59,700","60,850","59,700","61,96K","1,68%"
"27.12.2023","59,700","59,600","60,000","59,100","57,50K","0,25%"
"22.12.2023","59,550","59,000","59,900","59,000","48,83K","1,02%"
"21.12.2023","58,950","57,650","59,100","57,650","57,22K","1,03%"
"20.12.2023","58,350","57,200","58,500","57,200","51,15K","1,39%"
"19.12.2023","57,550","57,700","57,900","57,350","56,34K","0,26%"
"18.12.2023","57,400","56,750","57,700","56,750","58,27K","1,15%"
"15.12.2023","56,750","57,600","57,700","56,400","134,15K","-1,22%"
"14.12.2023","57,450","56,750","58,000","56,750","81,59K","1,59%"
"13.12.2023","56,550","57,000","57,750","55,950","140,54K","-0,79%"
"12.12.2023","57,000","56,950","57,550","56,800","55,96K","0,09%"
"11.12.2023","56,950","56,950","57,150","56,700","45,39K","-0,09%"
"08.12.2023","57,000","56,800","57,350","56,650","52,47K","0,26%"
"07.12.2023","56,850","55,900","56,950","54,700","58,78K","0,00%"
"06.12.2023","56,850","56,700","56,950","56,500","132,53K","0,53%"
"05.12.2023","56,550","56,150","56,800","55,850","59,43K","0,71%"
"04.12.2023","56,150","56,700","56,950","55,850","68,47K","-0,97%"
"01.12.2023","56,700","56,600","56,800","56,000","79,19K","0,98%"
"30.11.2023","56,150","55,350","56,450","55,100","115,16K","1,72%"
"29.11.2023","55,200","55,450","56,000","54,600","91,01K","-0,99%"
"28.11.2023","55,750","55,500","56,550","55,500","105,86K","0,45%"
"27.11.2023","55,500","55,050","55,950","55,050","91,28K","0,73%"
"24.11.2023","55,100","54,000","55,200","54,000","151,95K","2,32%"
"23.11.2023","53,850","53,000","53,900","52,650","82,50K","2,38%"
"22.11.2023","52,600","52,300","53,100","52,250","59,36K","0,86%"
"21.11.2023","52,150","52,400","52,900","52,050","82,60K","0,10%"
"20.11.2023","52,100","51,700","52,250","51,600","88,65K","0,77%"
"17.11.2023","51,700","50,200","52,000","50,200","153,95K","3,48%"
"16.11.2023","49,960","50,200","50,650","49,960","75,92K","-1,07%"
"15.11.2023","50,500","50,600","51,000","50,250","73,26K","0,40%"
"14.11.2023","50,300","49,600","50,600","49,440","86,30K","1,99%"
"13.11.2023","49,320","49,100","49,880","48,120","136,86K","-0,20%"
"10.11.2023","49,420","49,340","50,250","48,920","177,75K","0,53%"
"09.11.2023","49,160","47,500","49,340","46,780","255,28K","1,57%"
"08.11.2023","48,400","48,500","51,200","48,300","281,90K","0,58%"
"07.11.2023","48,120","47,480","48,180","47,440","126,99K","0,97%"
"06.11.2023","47,660","47,620","48,340","47,480","125,28K","0,08%"
"03.11.2023","47,620","48,700","49,300","47,400","160,35K","-1,49%"
"02.11.2023","48,340","50,400","51,600","48,100","219,31K","-3,61%"
"01.11.2023","50,150","51,000","51,000","50,150","54,07K","-0,59%"
"31.10.2023","50,450","50,400","50,850","50,300","57,04K","0,70%"
"30.10.2023","50,100","49,380","50,200","49,380","68,16K","1,62%"
"27.10.2023","49,300","49,300","49,620","49,200","73,76K","-0,08%"
"26.10.2023","49,340","48,640","50,050","48,640","72,18K","0,08%"
"25.10.2023","49,300","50,000","50,350","48,600","87,42K","-1,60%"
"24.10.2023","50,100","50,000","50,500","49,780","67,43K","0,36%"
"23.10.2023","49,920","49,580","50,150","49,060","104,92K","0,93%"
"20.10.2023","49,460","50,300","50,300","49,180","125,16K","-2,06%"
"19.10.2023","50,500","50,300","51,550","50,300","65,57K","-0,69%"
"18.10.2023","50,850","51,050","51,600","50,600","73,60K","-1,36%"
"17.10.2023","51,550","51,850","52,600","51,450","56,61K","-0,39%"
"16.10.2023","51,750","53,050","53,200","49,960","170,01K","-2,73%"
"13.10.2023","53,200","53,900","54,150","53,050","57,09K","-1,75%"
"12.10.2023","54,150","53,450","54,300","53,400","61,94K","1,88%"
"11.10.2023","53,150","54,000","54,750","52,900","94,83K","-2,21%"
"10.10.2023","54,350","53,100","54,400","53,000","77,10K","2,74%"
"09.10.2023","52,900","53,100","54,000","52,600","73,87K","-0,84%"
"06.10.2023","53,350","52,000","53,450","51,700","79,95K","3,59%"
"05.10.2023","51,500","50,800","51,800","50,550","84,34K","1,78%"
"04.10.2023","50,600","50,500","51,000","50,100","63,15K","-0,20%"
"03.10.2023","50,700","51,000","51,650","50,700","85,26K","-0,98%"
"02.10.2023","51,200","51,350","51,550","51,000","50,83K","-0,29%"
"29.09.2023","51,350","51,400","51,800","51,300","87,29K","0,88%"
"28.09.2023","50,900","51,400","51,650","50,750","82,96K","-1,07%"
"27.09.2023","51,450","51,750","52,400","51,350","59,97K","0,10%"
"26.09.2023","51,400","51,650","52,100","51,200","88,49K","-0,96%"
"25.09.2023","51,900","51,650","52,050","51,350","82,16K","-0,29%"
"22.09.2023","52,050","50,900","52,300","50,800","77,19K","0,68%"
"21.09.2023","51,700","53,050","53,450","51,650","106,58K","-2,18%"
"20.09.2023","52,850","53,650","54,250","51,150","355,67K","-1,77%"
"19.09.2023","53,800","54,450","54,450","53,700","89,39K","-0,65%"
"18.09.2023","54,150","54,850","54,850","53,650","71,95K","-1,46%"
"15.09.2023","54,950","54,550","55,300","54,550","121,02K","1,01%"
"14.09.2023","54,400","53,250","54,600","53,250","82,88K","2,16%"
"13.09.2023","53,250","53,000","53,250","52,400","62,39K","0,28%"
"12.09.2023","53,100","52,800","53,400","52,750","77,66K","0,76%"
"11.09.2023","52,700","51,900","52,700","51,800","83,16K","2,23%"
"08.09.2023","51,550","51,700","51,800","51,050","89,18K","0,19%"
"07.09.2023","51,450","50,850","51,900","50,850","74,41K","1,08%"
"06.09.2023","50,900","52,050","52,200","50,000","179,06K","-2,77%"
"05.09.2023","52,350","52,300","52,750","52,200","55,25K","-0,19%"
"04.09.2023","52,450","52,350","53,100","52,300","93,36K","-0,10%"
"01.09.2023","52,500","52,600","53,000","51,900","116,79K","0,00%"
"31.08.2023","52,500","51,750","52,600","51,750","198,98K","1,84%"
"30.08.2023","51,550","51,150","51,950","50,850","111,06K","1,08%"
"29.08.2023","51,000","51,000","51,750","50,350","97,38K","-0,10%"
"28.08.2023","51,050","50,650","51,300","50,600","25,49K","1,59%"
"25.08.2023","50,250","49,760","50,350","49,560","56,27K","0,58%"
"24.08.2023","49,960","50,200","50,500","49,620","245,37K","-0,28%"
"23.08.2023","50,100","49,420","50,200","49,320","170,10K","1,25%"
"22.08.2023","49,480","48,480","49,940","48,480","136,77K","2,19%"
"21.08.2023","48,420","48,080","48,720","48,020","51,41K","0,83%"
"18.08.2023","48,020","48,360","48,820","47,860","77,18K","-0,79%"
"17.08.2023","48,400","47,940","48,620","47,880","76,32K","1,09%"
"16.08.2023","47,880","47,960","48,180","47,680","103,17K","-0,04%"
"15.08.2023","47,900","47,160","47,960","47,160","53,04K","0,76%"
"14.08.2023","47,540","47,460","48,060","47,380","55,45K","0,21%"
"11.08.2023","47,440","47,440","47,680","47,000","61,92K","-0,08%"
"10.08.2023","47,480","47,280","47,600","47,220","73,09K","0,34%"
"09.08.2023","47,320","47,000","47,500","46,840","87,81K","1,55%"
"08.08.2023","46,600","46,080","47,000","46,080","86,69K","1,30%"
"07.08.2023","46,000","45,700","46,240","45,340","104,52K","0,17%"
"04.08.2023","45,920","44,880","46,100","44,800","115,46K","2,27%"
"03.08.2023","44,900","43,800","45,020","43,700","144,36K","2,75%"
"02.08.2023","43,700","43,420","43,900","43,420","86,46K","-0,64%"
"01.08.2023","43,980","43,900","44,520","43,800","85,81K","0,73%"
"31.07.2023","43,660","43,240","44,460","43,240","97,15K","1,35%"
"28.07.2023","43,080","44,820","44,900","41,900","272,67K","-3,58%"
"27.07.2023","44,680","45,840","45,840","44,320","254,09K","-2,74%"
"26.07.2023","45,940","42,500","47,060","41,960","572,68K","9,85%"
"25.07.2023","41,820","41,300","41,860","41,140","82,67K","1,01%"
"24.07.2023","41,400","41,760","42,020","41,220","158,91K","-1,43%"
"21.07.2023","42,000","42,500","42,500","41,740","87,51K","-1,08%"
"20.07.2023","42,460","42,000","42,480","41,800","83,34K","0,76%"
"19.07.2023","42,140","40,420","42,420","40,400","138,80K","4,05%"
"18.07.2023","40,500","40,200","40,500","39,600","103,15K","1,45%"
"17.07.2023","39,920","40,200","40,560","39,600","86,43K","-0,55%"
"14.07.2023","40,140","38,940","40,440","38,900","139,41K","3,67%"
"13.07.2023","38,720","38,860","39,180","38,680","81,01K","0,41%"
"12.07.2023","38,560","38,380","38,680","37,960","159,73K","0,42%"
"11.07.2023","38,400","39,000","39,260","38,260","126,07K","-1,34%"
"10.07.2023","38,920","39,300","39,300","38,740","113,60K","-1,27%"
"07.07.2023","39,420","40,300","40,520","39,380","86,05K","-2,28%"
"06.07.2023","40,340","40,760","40,880","40,300","79,81K","-1,61%"
"05.07.2023","41,000","41,000","41,220","40,660","56,62K","-0,05%"
"04.07.2023","41,020","41,360","41,860","40,940","66,43K","-0,68%"
"03.07.2023","41,300","41,160","41,860","41,020","90,21K","-2,46%"
"30.06.2023","42,340","42,020","42,540","41,600","103,60K","1,20%"
"29.06.2023","41,840","41,920","42,080","41,660","95,64K","0,53%"
"28.06.2023","41,620","41,120","41,760","40,940","85,05K","1,41%"
"27.06.2023","41,040","41,320","41,380","40,760","85,70K","-0,15%"
"26.06.2023","41,100","41,680","41,920","40,780","63,39K","-0,96%"
"23.06.2023","41,500","40,740","41,720","40,740","145,31K","1,07%"
"22.06.2023","41,060","40,500","41,260","40,160","77,95K","0,49%"
"21.06.2023","40,860","41,380","41,380","40,800","74,17K","-1,26%"
"20.06.2023","41,380","41,360","41,680","41,240","41,78K","-0,53%"
"19.06.2023","41,600","42,720","42,720","41,400","86,80K","-1,56%"
"16.06.2023","42,260","42,400","42,540","42,020","103,93K","-0,28%"
"15.06.2023","42,380","42,880","42,920","42,260","68,06K","-0,89%"
"14.06.2023","42,760","43,000","43,180","42,560","93,16K","-0,70%"
"13.06.2023","43,060","43,840","43,840","42,880","73,89K","-1,19%"
"12.06.2023","43,580","43,900","43,980","43,460","66,10K","-0,27%"
"09.06.2023","43,700","43,300","43,840","43,140","68,73K","1,16%"
"08.06.2023","43,200","42,520","43,320","42,460","50,47K","1,08%"
"07.06.2023","42,740","42,860","43,380","42,720","56,08K","-1,70%"
"06.06.2023","43,480","42,700","43,560","42,700","86,14K","1,02%"
"05.06.2023","43,040","42,140","43,500","42,080","101,65K","2,82%"
"02.06.2023","41,860","41,460","42,200","41,060","132,56K","1,36%"
"01.06.2023","41,300","41,600","42,460","41,260","154,17K","-0,05%"
"31.05.2023","41,320","43,800","43,800","40,320","624,35K","-6,73%"
"30.05.2023","44,300","44,400","44,920","44,220","81,53K","-0,54%"
"29.05.2023","44,540","44,720","44,980","44,400","61,73K","0,09%"
"26.05.2023","44,500","43,800","44,600","43,780","79,66K","1,64%"
"25.05.2023","43,780","43,400","44,540","43,400","128,25K","0,78%"
"24.05.2023","43,440","42,720","43,480","42,500","60,90K","1,07%"
"23.05.2023","42,980","43,040","43,740","42,840","143,36K","0,28%"
"22.05.2023","42,860","42,700","43,120","42,620","84,55K","0,09%"
"19.05.2023","42,820","42,360","43,040","42,340","64,76K","1,09%"
"18.05.2023","42,360","42,680","43,060","42,080","95,22K","-0,80%"
"17.05.2023","42,700","42,580","42,700","42,360","69,31K","0,28%"
"16.05.2023","42,580","42,500","42,860","42,240","81,07K","0,14%"
"15.05.2023","42,520","42,240","42,520","42,100","97,61K","1,14%"
"12.05.2023","42,040","42,340","42,340","41,700","76,43K","0,24%"
"11.05.2023","41,940","41,500","42,360","41,080","147,59K","1,06%"
"10.05.2023","41,500","41,580","42,840","40,920","142,86K","-2,40%"
"09.05.2023","42,520","43,220","43,440","42,300","112,93K","-1,57%"
"08.05.2023","43,200","43,220","43,340","42,540","115,49K","0,23%"
"05.05.2023","43,100","41,380","43,180","41,280","208,41K","4,51%"
"04.05.2023","41,240","40,000","41,360","39,640","111,29K","2,18%"
"03.05.2023","40,360","40,760","41,320","39,820","125,34K","-0,69%"
"02.05.2023","40,640","40,480","40,920","40,140","137,85K","1,14%"
"28.04.2023","40,180","40,840","40,840","40,040","71,93K","-0,45%"
"27.04.2023","40,360","40,600","40,900","40,260","88,28K","-0,35%"
"26.04.2023","40,500","40,340","40,680","40,160","67,15K","0,20%"
"25.04.2023","40,420","40,500","40,580","39,640","99,15K","-1,37%"
"24.04.2023","40,980","41,360","41,360","40,740","145,24K","-0,49%"
"21.04.2023","41,180","41,000","41,480","40,680","145,19K","1,08%"
"20.04.2023","40,740","40,440","40,860","40,300","103,88K","0,69%"
"19.04.2023","40,460","40,500","40,920","40,240","98,04K","-0,30%"
"18.04.2023","40,580","40,920","41,280","40,500","115,03K","-0,93%"
"17.04.2023","40,960","40,960","41,420","40,680","114,11K","0,59%"
"14.04.2023","40,720","40,760","41,280","40,580","107,75K","-0,24%"
"13.04.2023","40,820","39,900","40,920","39,740","127,15K","3,71%"
"12.04.2023","39,360","39,760","40,080","39,360","114,91K","-1,50%"
"11.04.2023","39,960","40,840","40,860","39,740","110,99K","-1,04%"
"06.04.2023","40,380","39,900","40,380","39,820","85,44K","1,25%"
"05.04.2023","39,880","39,400","39,880","38,940","129,95K","1,68%"
"04.04.2023","39,220","38,880","39,580","38,840","136,20K","1,66%"
"03.04.2023","38,580","38,780","38,780","38,080","107,24K","0,26%"
"31.03.2023","38,480","39,000","39,000","38,160","159,07K","-1,08%"
"30.03.2023","38,900","39,780","39,780","38,720","162,75K","-0,87%"
"29.03.2023","39,240","38,900","39,320","38,480","117,35K","1,40%"
"28.03.2023","38,700","39,120","39,220","38,400","116,77K","-1,02%"
"27.03.2023","39,100","39,500","40,040","38,840","158,37K","0,57%"
"24.03.2023","38,880","38,800","39,020","38,480","93,54K","-0,31%"
"23.03.2023","39,000","38,540","39,140","38,260","165,12K","1,40%"
"22.03.2023","38,460","39,000","39,060","38,300","97,02K","-1,44%"
"21.03.2023","39,020","38,480","39,280","38,280","138,81K","2,68%"
"20.03.2023","38,000","39,300","39,420","37,000","343,42K","-3,89%"
"17.03.2023","39,540","40,100","40,300","39,180","143,74K","-0,55%"
"16.03.2023","39,760","40,320","40,320","39,520","160,52K","-0,15%"
"15.03.2023","39,820","40,260","40,360","39,340","171,76K","-0,35%"
"14.03.2023","39,960","39,420","40,080","38,780","235,72K","1,68%"
"13.03.2023","39,300","39,940","39,940","38,640","208,17K","-1,50%"
"10.03.2023","39,900","40,020","40,200","39,700","162,64K","-1,14%"
"09.03.2023","40,360","40,240","40,520","39,900","151,33K","-0,74%"
"08.03.2023","40,660","40,820","40,820","40,180","126,32K","-0,15%"
"07.03.2023","40,720","40,800","41,540","40,500","143,54K","-0,29%"
"06.03.2023","40,840","41,940","42,060","40,840","138,41K","-1,64%"
"03.03.2023","41,520","41,820","41,980","41,440","67,28K","-0,24%"
"02.03.2023","41,620","40,860","41,620","40,220","168,47K","1,36%"
"01.03.2023","41,060","41,820","41,820","40,800","125,41K","-1,53%"
"28.02.2023","41,700","41,680","41,740","41,260","164,12K","0,00%"
"27.02.2023","41,700","41,520","41,820","41,220","128,23K","1,02%"
"24.02.2023","41,280","42,340","42,460","41,060","181,10K","-2,41%"
"23.02.2023","42,300","42,860","43,200","42,140","389,19K","-1,90%"
"22.02.2023","43,120","42,860","43,460","41,640","286,47K","0,00%"
"21.02.2023","43,120","41,320","43,760","41,300","664,61K","5,79%"
"20.02.2023","40,760","40,880","41,100","40,400","162,09K","0,05%"
"17.02.2023","40,740","40,300","40,800","39,520","191,98K","0,44%"
"16.02.2023","40,560","41,020","41,320","40,520","149,62K","-0,73%"
"15.02.2023","40,860","40,980","41,060","40,600","121,01K","-0,10%"
"14.02.2023","40,900","40,400","41,080","40,280","146,50K","1,79%"
"13.02.2023","40,180","40,460","40,460","39,500","157,77K","-0,30%"
"10.02.2023","40,300","40,800","40,840","39,680","288,71K","-1,85%"
"09.02.2023","41,060","40,800","41,380","40,640","219,14K","0,98%"
"08.02.2023","40,660","40,680","41,660","40,560","330,67K","0,64%"
"07.02.2023","40,400","40,260","40,460","39,880","245,93K","1,30%"
"06.02.2023","39,880","39,820","40,280","39,760","173,33K","0,30%"
"03.02.2023","39,760","39,480","39,760","38,880","229,41K","0,35%"
"02.02.2023","39,620","39,200","39,760","39,100","188,42K","2,17%"
"01.02.2023","38,780","39,080","39,260","38,640","148,48K","-0,10%"
"31.01.2023","38,820","39,080","39,200","38,700","189,00K","-0,72%"
"30.01.2023","39,100","40,000","40,000","38,680","318,16K","-1,76%"
"27.01.2023","39,800","38,640","39,840","38,520","599,56K","3,38%"
"26.01.2023","38,500","38,000","38,940","38,000","606,56K","1,48%"
"25.01.2023","37,940","36,840","38,000","36,040","306,11K","3,38%"
"24.01.2023","36,700","37,160","37,420","36,560","190,49K","-0,86%"
"23.01.2023","37,020","37,020","37,160","36,800","243,83K","0,33%"
"20.01.2023","36,900","36,760","37,000","36,260","165,85K","0,76%"
"19.01.2023","36,620","37,400","37,400","36,380","146,84K","-2,40%"
"18.01.2023","37,520","37,780","38,420","37,520","214,43K","0,00%"
"17.01.2023","37,520","37,060","37,920","36,900","279,65K","1,35%"
"16.01.2023","37,020","36,480","37,180","36,160","188,63K","2,32%"
"13.01.2023","36,180","36,220","36,420","36,000","268,78K","0,78%"
"12.01.2023","35,900","36,200","36,440","35,760","211,41K","-0,28%"
"11.01.2023","36,000","36,400","36,420","36,000","147,55K","-0,44%"
"10.01.2023","36,160","36,740","36,740","36,000","161,96K","-1,42%"
"09.01.2023","36,680","36,420","36,800","36,240","266,42K","1,78%"
"06.01.2023","36,040","36,220","36,280","35,680","181,44K","-0,50%"
"05.01.2023","36,220","37,080","37,080","36,020","190,83K","-2,00%"
"04.01.2023","36,960","37,240","37,340","36,820","146,18K","0,27%"
"03.01.2023","36,860","36,780","37,320","36,500","158,37K","0,77%"
"02.01.2023","36,580","36,220","36,920","36,120","141,61K","1,44%"
"30.12.2022","36,060","36,560","36,860","36,060","190,15K","-1,15%"
"29.12.2022","36,480","35,800","36,540","35,200","172,99K","2,30%"
"28.12.2022","35,660","36,040","36,060","35,540","161,85K","-1,55%"
"27.12.2022","36,220","36,320","36,380","35,680","173,20K","0,00%"
"23.12.2022","36,220","36,520","36,720","36,140","221,01K","-0,49%"
"22.12.2022","36,400","36,600","36,800","35,960","196,78K","-0,27%"
"21.12.2022","36,500","36,400","36,720","36,080","142,31K","0,77%"
"20.12.2022","36,220","36,080","36,420","35,800","148,13K","-0,88%"
"19.12.2022","36,540","37,220","37,220","36,160","267,96K","-1,83%"
"16.12.2022","37,220","37,500","37,700","36,800","314,19K","-0,80%"
"15.12.2022","37,520","37,800","38,020","37,340","155,84K","-1,32%"
"14.12.2022","38,020","37,680","38,240","37,340","297,45K","1,22%"
"13.12.2022","37,560","36,580","37,760","35,340","407,45K","2,68%"
"12.12.2022","36,580","35,940","36,620","35,880","167,12K","1,39%"
"09.12.2022","36,080","36,500","36,500","35,920","327,77K","-0,33%"
"08.12.2022","36,200","36,480","36,480","35,680","167,28K","-0,77%"
"07.12.2022","36,480","36,380","36,660","36,200","93,87K","0,39%"
"06.12.2022","36,340","36,820","36,880","36,140","163,53K","-1,62%"
"05.12.2022","36,940","37,180","37,240","36,800","176,39K","-0,65%"
"02.12.2022","37,180","37,200","37,660","36,900","199,88K","0,32%"
"01.12.2022","37,060","36,900","37,180","36,640","259,08K","1,76%"
"30.11.2022","36,420","36,500","36,600","35,740","340,86K","1,17%"
"29.11.2022","36,000","37,500","37,500","36,000","239,83K","-2,96%"
"28.11.2022","37,100","37,500","38,300","37,000","214,74K","-0,64%"
"25.11.2022","37,340","37,880","38,000","37,100","219,92K","-1,74%"
"24.11.2022","38,000","36,800","38,200","35,720","431,70K","3,37%"
"23.11.2022","36,760","40,000","40,160","36,420","950,90K","-10,17%"
"22.11.2022","40,920","40,160","41,200","39,700","228,78K","2,40%"
"21.11.2022","39,960","39,560","40,220","39,360","141,96K","1,06%"
"18.11.2022","39,540","39,700","39,700","38,680","187,37K","0,30%"
"17.11.2022","39,420","39,180","39,420","38,760","200,07K","0,72%"
"16.11.2022","39,140","39,800","39,860","38,820","252,37K","-1,41%"
"15.11.2022","39,700","39,680","39,800","38,860","222,34K","0,20%"
"14.11.2022","39,620","38,980","39,940","38,840","214,72K","1,90%"
"11.11.2022","38,880","38,480","38,900","37,900","184,89K","1,78%"
"10.11.2022","38,200","38,040","38,800","37,220","245,93K","0,26%"
"09.11.2022","38,100","38,300","38,780","37,820","287,22K","-0,26%"
"08.11.2022","38,200","36,800","38,640","36,420","365,74K","3,24%"
"07.11.2022","37,000","37,900","37,980","35,880","328,56K","-0,59%"
"04.11.2022","37,220","42,240","42,240","37,140","800,38K","-13,32%"
"03.11.2022","42,940","45,200","45,200","41,700","409,15K","-5,46%"
"02.11.2022","45,420","45,820","45,980","45,340","101,27K","-0,57%"
"01.11.2022","45,680","46,640","46,720","45,620","95,15K","-0,74%"
"31.10.2022","46,020","46,000","46,260","45,280","87,73K","0,26%"
"28.10.2022","45,900","45,280","46,060","44,660","88,35K","1,73%"
"27.10.2022","45,120","44,200","45,500","44,200","79,47K","0,13%"
"26.10.2022","45,060","45,320","45,560","44,860","91,54K","-1,18%"
"25.10.2022","45,600","45,400","45,960","45,100","69,28K","0,40%"
"24.10.2022","45,420","43,960","45,460","43,960","156,28K","4,08%"
"21.10.2022","43,640","43,000","43,980","42,640","88,49K","-0,05%"
"20.10.2022","43,660","43,820","44,440","43,140","105,82K","-1,71%"
"19.10.2022","44,420","44,580","44,800","43,500","91,42K","-1,25%"
"18.10.2022","44,980","45,700","46,020","44,440","141,84K","-0,40%"
"17.10.2022","45,160","43,020","45,700","43,020","122,64K","2,03%"
"14.10.2022","44,260","44,920","44,920","43,420","100,05K","0,32%"
"13.10.2022","44,120","43,600","44,160","42,380","131,71K","2,13%"
"12.10.2022","43,200","43,600","43,600","41,740","130,71K","2,86%"
"11.10.2022","42,000","44,000","44,000","41,240","91,60K","-0,76%"
"10.10.2022","42,320","41,500","42,580","41,500","59,99K","-0,94%"
"07.10.2022","42,720","44,300","44,300","42,240","127,61K","-4,04%"
"06.10.2022","44,520","44,280","45,440","43,840","90,83K","0,32%"
"05.10.2022","44,380","44,900","44,980","43,960","55,33K","-1,86%"
"04.10.2022","45,220","45,300","45,620","44,840","126,27K","1,66%"
"03.10.2022","44,480","43,580","44,640","43,080","75,59K","0,63%"
"30.09.2022","44,200","44,560","44,560","41,780","181,51K","3,95%"
"29.09.2022","42,520","42,880","42,880","41,840","81,99K","-0,84%"
"28.09.2022","42,880","41,860","42,980","41,860","119,07K","1,13%"
"27.09.2022","42,400","41,200","42,780","41,040","118,25K","2,07%"
"26.09.2022","41,540","41,040","42,340","41,040","97,50K","-0,43%"
"23.09.2022","41,720","42,820","42,840","41,060","178,83K","-2,57%"
"22.09.2022","42,820","44,300","44,300","42,220","110,98K","-3,82%"
"21.09.2022","44,520","44,100","45,040","44,040","98,42K","-0,09%"
"20.09.2022","44,560","45,200","45,420","44,380","78,14K","-1,46%"
"19.09.2022","45,220","45,100","45,620","44,960","68,72K","-0,96%"
"16.09.2022","45,660","46,600","46,600","45,480","115,79K","-1,55%"
"15.09.2022","46,380","47,360","47,800","46,060","137,55K","-0,13%"
"14.09.2022","46,440","45,600","47,180","45,600","123,20K","0,96%"
"13.09.2022","46,000","47,400","47,620","45,880","76,70K","-2,95%"
"12.09.2022","47,400","47,300","47,500","46,220","98,42K","1,50%"
"09.09.2022","46,700","46,300","47,480","46,300","104,00K","-0,34%"
"08.09.2022","46,860","46,740","47,000","45,160","110,09K","2,99%"
"07.09.2022","45,500","48,120","48,200","45,100","206,83K","-5,88%"
"06.09.2022","48,340","48,920","50,150","47,760","159,14K","0,75%"
"05.09.2022","47,980","48,000","48,240","47,600","72,28K","-2,12%"
"02.09.2022","49,020","49,080","49,160","48,020","62,38K","2,55%"
"01.09.2022","47,800","49,560","49,560","47,760","67,04K","-2,57%"
"31.08.2022","49,060","49,420","49,640","48,260","100,13K","1,24%"
"30.08.2022","48,460","48,520","49,500","48,260","60,41K","-0,08%"
"29.08.2022","48,500","49,160","49,440","48,380","89,84K","-2,96%"
"26.08.2022","49,980","51,150","51,650","49,840","73,17K","-2,67%"
"25.08.2022","51,350","51,250","52,450","51,150","91,08K","0,49%"
"24.08.2022","51,100","50,500","51,300","50,050","63,36K","1,09%"
"23.08.2022","50,550","51,500","51,700","50,150","79,71K","-2,79%"
"22.08.2022","52,000","51,200","52,650","50,650","126,27K","2,06%"
"19.08.2022","50,950","51,200","51,450","50,800","72,96K","-1,07%"
"18.08.2022","51,500","51,000","51,800","51,000","63,25K","0,59%"
"17.08.2022","51,200","51,000","51,700","50,900","90,86K","-0,29%"
"16.08.2022","51,350","51,800","51,850","50,700","73,96K","-0,10%"
"15.08.2022","51,400","52,200","52,200","51,050","43,31K","0,19%"
"12.08.2022","51,300","51,000","51,900","51,000","48,62K","0,10%"
"11.08.2022","51,250","51,800","52,100","51,200","69,29K","-0,49%"
"10.08.2022","51,500","52,000","52,200","50,650","95,59K","-1,06%"
"09.08.2022","52,050","51,550","52,200","50,900","126,00K","1,17%"
"08.08.2022","51,450","50,100","51,750","50,100","117,73K","2,59%"
"05.08.2022","50,150","49,980","51,150","49,980","125,56K","-0,89%"
"04.08.2022","50,600","50,450","51,200","49,920","98,28K","0,80%"
"03.08.2022","50,200","50,000","50,550","48,620","167,94K","0,30%"
"02.08.2022","50,050","49,620","50,350","48,620","143,70K","-0,40%"
"01.08.2022","50,250","51,050","51,150","49,740","127,19K","-1,47%"
"29.07.2022","51,000","53,500","53,600","50,950","174,01K","-3,04%"
"28.07.2022","52,600","59,500","59,500","51,800","333,72K","-8,12%"
"27.07.2022","57,250","60,000","61,300","55,100","131,13K","-4,42%"
"26.07.2022","59,900","59,500","60,300","58,500","54,95K","-0,25%"
"25.07.2022","60,050","59,200","60,650","58,500","64,83K","0,50%"
"22.07.2022","59,750","59,600","60,400","58,250","72,84K","1,96%"
"21.07.2022","58,600","57,100","59,050","57,100","62,97K","0,43%"
"20.07.2022","58,350","59,100","59,500","57,900","83,69K","0,52%"
"19.07.2022","58,050","59,200","59,400","56,800","336,75K","-1,86%"
"18.07.2022","59,150","59,600","60,100","58,700","63,78K","0,25%"
"15.07.2022","59,000","57,700","59,000","56,500","99,07K","3,15%"
"14.07.2022","57,200","58,800","59,750","56,800","143,11K","-4,35%"
"13.07.2022","59,800","61,000","61,350","58,150","96,78K","-1,48%"
"12.07.2022","60,700","60,500","60,950","59,750","61,43K","-0,57%"
"11.07.2022","61,050","58,000","61,450","57,050","54,19K","0,25%"
"08.07.2022","60,900","60,300","61,200","59,700","55,33K","1,00%"
"07.07.2022","60,300","59,950","60,750","58,850","108,67K","2,29%"
"06.07.2022","58,950","58,200","59,250","57,400","72,92K","3,88%"
"05.07.2022","56,750","57,800","59,000","56,050","81,06K","-3,81%"
"04.07.2022","59,000","58,800","59,250","57,300","79,35K","2,34%"
"01.07.2022","57,650","58,350","58,350","56,550","84,02K","-1,28%"
"30.06.2022","58,400","58,000","59,700","57,600","89,42K","-1,77%"
"29.06.2022","59,450","59,350","59,750","58,400","86,99K","-0,25%"
"28.06.2022","59,600","60,900","61,100","58,500","76,14K","-2,30%"
"27.06.2022","61,000","59,500","61,300","59,450","249,64K","2,52%"
"24.06.2022","59,500","59,500","60,050","58,500","82,25K","1,10%"
"23.06.2022","58,850","59,650","59,850","57,400","76,12K","-1,09%"
"22.06.2022","59,500","57,400","59,650","56,250","184,08K","4,39%"
"21.06.2022","57,000","56,800","57,850","56,400","643,45K","-0,09%"
"20.06.2022","57,050","58,000","58,000","56,350","47,92K","0,97%"
"17.06.2022","56,500","54,200","56,850","54,200","231,25K","3,29%"
"16.06.2022","54,700","55,600","55,650","54,250","56,28K","-1,97%"
"15.06.2022","55,800","55,900","56,100","54,350","86,45K","2,57%"
"14.06.2022","54,400","55,000","56,200","53,700","130,50K","-1,54%"
"13.06.2022","55,250","56,500","57,050","54,550","214,86K","-2,90%"
"10.06.2022","56,900","59,000","59,000","56,500","109,96K","-4,05%"
"09.06.2022","59,300","61,350","61,500","59,100","97,53K","-3,34%"
"08.06.2022","61,350","61,200","61,350","60,100","57,73K","0,99%"
"07.06.2022","60,750","60,000","60,900","59,800","86,29K","0,25%"
"06.06.2022","60,600","62,300","62,300","60,550","68,39K","-1,54%"
"03.06.2022","61,550","61,150","62,700","61,050","68,22K","0,24%"
"02.06.2022","61,400","61,200","62,450","61,150","55,07K","0,00%"
"01.06.2022","61,400","62,050","62,650","61,100","60,50K","-1,60%"
"31.05.2022","62,400","61,700","62,850","61,400","86,19K","0,56%"
"30.05.2022","62,050","62,000","63,900","61,450","64,22K","1,31%"
"27.05.2022","61,250","60,500","61,400","60,150","76,56K","2,08%"
"26.05.2022","60,000","59,900","60,100","59,150","62,49K","1,27%"
"25.05.2022","59,250","58,750","59,800","58,200","76,01K","0,34%"
"24.05.2022","59,050","60,200","60,200","59,000","76,90K","-1,91%"
"23.05.2022","60,200","60,350","60,500","59,550","110,37K","0,50%"
"20.05.2022","59,900","58,400","60,600","58,150","131,91K","4,08%"
"19.05.2022","57,550","57,400","57,850","56,350","160,78K","0,44%"
"18.05.2022","57,300","60,100","60,900","57,200","128,66K","-5,21%"
"17.05.2022","60,450","60,200","61,600","59,750","76,02K","0,33%"
"16.05.2022","60,250","59,400","60,250","59,100","83,61K","1,35%"
"13.05.2022","59,450","58,200","59,600","57,900","153,93K","3,39%"
"12.05.2022","57,500","60,400","60,400","56,050","195,54K","-6,43%"
"11.05.2022","61,450","60,900","62,300","60,350","122,54K","1,82%"
"10.05.2022","60,350","59,200","60,700","59,200","128,33K","1,68%"
"09.05.2022","59,350","62,000","62,850","58,850","114,11K","-5,42%"
"06.05.2022","62,750","64,350","64,350","62,200","97,61K","-1,18%"
"05.05.2022","63,500","62,700","65,250","62,700","198,34K","1,44%"
"04.05.2022","62,600","63,200","63,850","62,300","74,70K","-1,03%"
"03.05.2022","63,250","63,200","63,350","62,250","72,11K","1,93%"
"02.05.2022","62,050","64,600","64,700","61,850","94,09K","-4,83%"
"29.04.2022","65,200","64,900","65,800","64,700","107,74K","0,77%"
"28.04.2022","64,700","62,100","64,950","62,100","132,66K","3,69%"
"27.04.2022","62,400","61,200","62,650","60,950","179,33K","0,40%"
"26.04.2022","62,150","61,900","62,600","61,550","110,72K","0,49%"
"25.04.2022","61,850","62,000","62,150","61,000","100,18K","-1,04%"
"22.04.2022","62,500","64,500","64,800","62,350","115,70K","-3,85%"
"21.04.2022","65,000","63,500","65,200","63,500","743,54K","1,64%"
"20.04.2022","63,950","64,250","64,850","63,350","167,29K","-0,78%"
"19.04.2022","64,450","66,100","66,500","64,300","417,80K","-3,23%"
"14.04.2022","66,600","67,300","67,400","66,050","81,72K","0,38%"
"13.04.2022","66,350","65,550","67,250","65,450","120,24K","0,23%"
"12.04.2022","66,200","68,150","68,950","65,950","560,07K","-3,00%"
"11.04.2022","68,250","69,000","70,350","67,300","838,23K","-2,36%"
"08.04.2022","69,900","70,000","70,500","68,850","201,71K","0,65%"
"07.04.2022","69,450","69,900","70,800","68,750","105,64K","0,00%"
"06.04.2022","69,450","69,500","69,900","67,950","126,70K","-0,07%"
"05.04.2022","69,500","68,200","69,500","67,400","118,91K","2,51%"
"04.04.2022","67,800","66,000","68,200","66,000","88,61K","2,96%"
"01.04.2022","65,850","67,400","67,500","65,100","61,59K","-2,01%"
"31.03.2022","67,200","67,300","68,400","67,200","97,94K","-0,88%"
"30.03.2022","67,800","67,400","68,300","67,100","49,00K","0,44%"
"29.03.2022","67,500","68,100","69,300","66,700","91,86K","-0,88%"
"28.03.2022","68,100","68,100","69,300","68,100","60,79K","-0,29%"
"25.03.2022","68,300","69,500","69,900","67,900","95,54K","-1,16%"
"24.03.2022","69,100","69,900","69,900","68,900","148,75K","-1,14%"
"23.03.2022","69,900","69,600","70,100","69,300","93,45K","0,87%"
"22.03.2022","69,300","68,600","69,700","68,400","88,60K","1,17%"
"21.03.2022","68,500","69,000","69,100","67,700","101,39K","-0,29%"
"18.03.2022","68,700","67,800","69,400","67,700","159,94K","1,63%"
"17.03.2022","67,600","67,200","67,700","66,800","515,36K","1,20%"
"16.03.2022","66,800","66,300","67,300","65,700","437,18K","2,77%"
"15.03.2022","65,000","68,100","68,200","64,700","3,27M","-8,71%"
"14.03.2022","71,200","70,000","71,600","68,900","107,36K","3,04%"
"11.03.2022","69,100","70,000","70,300","68,700","150,65K","0,29%"
"10.03.2022","68,900","69,100","70,200","68,700","149,63K","-0,86%"
"09.03.2022","69,500","66,100","69,700","65,800","160,94K","5,30%"
"08.03.2022","66,000","64,500","67,800","64,500","267,59K","0,61%"
"07.03.2022","65,600","65,000","67,100","64,200","162,86K","-1,06%"
"04.03.2022","66,300","68,800","69,500","65,900","123,23K","-3,91%"
"03.03.2022","69,000","72,600","73,000","69,000","105,73K","-4,56%"
"02.03.2022","72,300","70,100","72,800","70,000","179,06K","2,12%"
"01.03.2022","70,800","73,200","73,200","70,800","104,48K","-2,07%"
"28.02.2022","72,300","70,800","72,700","70,800","120,17K","0,70%"
"25.02.2022","71,800","71,500","72,600","70,500","174,10K","0,70%"
"24.02.2022","71,300","69,000","72,700","69,000","323,43K","-1,52%"
"23.02.2022","72,400","70,400","74,900","69,200","220,12K","3,43%"
"22.02.2022","70,000","68,500","70,100","67,900","77,75K","0,14%"
"21.02.2022","69,900","68,500","70,300","68,300","89,21K","2,34%"
"18.02.2022","68,300","70,000","70,300","68,300","122,07K","-2,29%"
"17.02.2022","69,900","69,000","70,400","68,900","99,84K","1,75%"
"16.02.2022","68,700","68,500","70,400","68,200","137,39K","1,93%"
"15.02.2022","67,400","63,700","67,800","63,700","142,82K","4,82%"
"14.02.2022","64,300","64,100","65,100","62,100","146,45K","-1,23%"
"11.02.2022","65,100","65,300","65,800","64,800","89,92K","-1,51%"
"10.02.2022","66,100","65,400","66,900","64,800","155,35K","2,64%"
"09.02.2022","64,400","62,800","64,600","62,500","123,93K","3,70%"
"08.02.2022","62,100","65,600","66,200","61,800","257,55K","-5,77%"
"07.02.2022","65,900","67,000","67,200","65,500","127,00K","-0,90%"
"04.02.2022","66,500","65,600","66,900","65,600","114,42K","1,37%"
"03.02.2022","65,600","68,000","68,000","65,600","78,04K","-3,24%"
"02.02.2022","67,800","67,400","69,400","67,100","119,96K","1,80%"
"01.02.2022","66,600","65,700","67,300","65,600","119,38K","1,83%"
"31.01.2022","65,400","64,000","65,800","63,700","159,91K","3,81%"
"28.01.2022","63,000","62,400","63,500","61,600","157,75K","-1,56%"
"27.01.2022","64,000","62,100","64,500","61,400","171,00K","2,73%"
"26.01.2022","62,300","60,500","62,500","60,500","138,81K","1,96%"
"25.01.2022","61,100","60,200","62,100","60,100","157,90K","-0,49%"
"24.01.2022","61,400","62,900","63,400","60,900","137,15K","-2,54%"
"21.01.2022","63,000","64,200","64,500","63,000","103,40K","-2,48%"
"20.01.2022","64,600","65,300","65,600","63,700","124,62K","-1,07%"
"19.01.2022","65,300","64,400","66,100","63,400","159,80K","0,62%"
"18.01.2022","64,900","67,000","67,000","64,900","137,77K","-3,13%"
"17.01.2022","67,000","66,000","67,100","65,200","92,18K","1,98%"
"14.01.2022","65,700","66,500","67,100","65,200","122,30K","-0,76%"
"13.01.2022","66,200","67,700","68,300","66,100","85,30K","-3,22%"
"12.01.2022","68,400","68,000","68,900","67,200","127,41K","1,03%"
"11.01.2022","67,700","66,100","68,000","66,000","135,50K","3,04%"
"10.01.2022","65,700","68,000","68,000","65,100","150,42K","-2,95%"
"07.01.2022","67,700","69,000","69,000","67,200","116,59K","-1,31%"
"06.01.2022","68,600","68,300","68,800","66,700","95,20K","0,15%"
"05.01.2022","68,500","69,000","70,100","67,800","120,48K","-0,87%"
"04.01.2022","69,100","72,000","72,400","68,500","155,21K","-3,63%"
"03.01.2022","71,700","74,300","74,400","71,300","81,30K","-2,85%"
"30.12.2021","73,800","73,000","74,200","73,000","42,99K","1,10%"
"29.12.2021","73,000","73,200","73,700","72,000","53,27K","-0,14%"
"28.12.2021","73,100","73,400","74,100","72,800","39,36K","0,69%"
"27.12.2021","72,600","72,000","73,600","71,600","81,85K","0,83%"
"23.12.2021","72,000","72,600","72,700","71,600","63,24K","-0,28%"
"22.12.2021","72,200","71,400","73,200","70,700","78,25K","2,56%"
"21.12.2021","70,400","72,200","72,200","70,400","85,98K","-1,40%"
"20.12.2021","71,400","68,800","71,700","67,500","98,94K","3,33%"
"17.12.2021","69,100","68,200","69,500","66,900","489,25K","1,77%"
"16.12.2021","67,900","67,600","68,900","66,800","49,66K","0,59%"
"15.12.2021","67,500","65,700","67,700","65,300","36,96K","1,96%"
"14.12.2021","66,200","66,400","68,000","66,000","76,96K","-0,30%"
"13.12.2021","66,400","66,700","66,900","64,500","61,61K","-0,45%"
"10.12.2021","66,700","68,000","71,100","66,100","173,26K","0,30%"
"09.12.2021","66,500","65,300","67,600","65,300","108,09K","1,53%"
"08.12.2021","65,500","64,400","67,200","64,300","65,83K","1,55%"
"07.12.2021","64,500","62,200","64,600","62,200","51,85K","3,86%"
"06.12.2021","62,100","63,000","63,300","62,100","48,43K","-0,80%"
"03.12.2021","62,600","63,800","64,300","62,400","61,00K","-1,26%"
"02.12.2021","63,400","65,400","65,400","63,000","87,59K","-3,35%"
"01.12.2021","65,600","64,000","65,800","63,800","71,81K","1,55%"
"30.11.2021","64,600","64,300","65,300","63,700","120,34K","0,16%"
"29.11.2021","64,500","62,700","64,800","62,700","85,77K","2,87%"
"26.11.2021","62,700","62,000","63,800","61,400","144,68K","0,16%"
"25.11.2021","62,600","61,900","63,300","61,600","67,02K","2,29%"
"24.11.2021","61,200","60,200","62,300","60,200","85,13K","0,82%"
"23.11.2021","60,700","61,800","61,800","59,700","57,30K","-1,30%"
"22.11.2021","61,500","61,000","62,500","61,000","74,67K","0,82%"
"19.11.2021","61,000","59,100","61,400","59,100","114,60K","2,69%"
"18.11.2021","59,400","59,400","59,600","59,100","52,11K","1,37%"
"17.11.2021","58,600","60,100","60,300","58,600","78,01K","-1,35%"
"16.11.2021","59,400","59,800","60,200","59,000","58,45K","0,34%"
"15.11.2021","59,200","58,300","60,000","57,900","55,62K","1,37%"
"12.11.2021","58,400","58,100","59,400","57,300","51,63K","1,74%"
"11.11.2021","57,400","56,600","58,300","56,500","77,58K","1,06%"
"10.11.2021","56,800","57,900","58,000","56,600","72,79K","-2,24%"
"09.11.2021","58,100","59,400","60,300","57,700","76,15K","-1,53%"
"08.11.2021","59,000","56,800","59,200","55,800","124,41K","3,69%"
"05.11.2021","56,900","63,000","63,800","56,300","231,23K","-9,68%"
"04.11.2021","63,000","62,900","65,200","59,600","203,10K","-0,32%"
"03.11.2021","63,200","61,900","64,500","60,600","184,69K","3,95%"
"02.11.2021","60,800","61,000","61,200","59,700","39,52K","-0,33%"
"01.11.2021","61,000","60,900","61,900","60,700","46,73K","0,66%"
"29.10.2021","60,600","58,700","60,600","58,100","72,80K","3,24%"
"28.10.2021","58,700","59,200","59,700","57,800","57,90K","-1,68%"
"27.10.2021","59,700","60,200","60,200","59,300","53,84K","-0,50%"
"26.10.2021","60,000","60,100","60,800","58,700","63,63K","0,84%"
"25.10.2021","59,500","60,100","60,100","58,700","45,92K","-0,83%"
"22.10.2021","60,000","59,100","60,800","58,900","98,93K","1,69%"
"21.10.2021","59,000","57,600","59,000","56,400","76,49K","2,25%"
"20.10.2021","57,700","56,200","58,100","56,200","65,42K","1,23%"
"19.10.2021","57,000","55,100","57,000","55,100","35,60K","1,42%"
"18.10.2021","56,200","56,500","56,700","55,700","25,19K","-0,18%"
"15.10.2021","56,300","57,200","57,200","55,800","47,89K","-0,88%"
"14.10.2021","56,800","55,600","57,100","55,600","49,20K","1,97%"
"13.10.2021","55,700","53,700","56,000","53,700","40,61K","2,39%"
"12.10.2021","54,400","53,500","55,300","53,000","36,98K","1,12%"
"11.10.2021","53,800","54,300","54,400","53,700","50,64K","-1,28%"
"08.10.2021","54,500","53,400","54,700","53,000","61,73K","0,00%"
"07.10.2021","54,500","54,900","55,300","53,000","71,83K","-0,55%"
"06.10.2021","54,800","55,500","55,500","53,700","49,31K","-0,54%"
"05.10.2021","55,100","54,400","55,700","54,200","44,38K","0,92%"
"04.10.2021","54,600","54,500","56,300","54,400","53,41K","-1,27%"
"01.10.2021","55,300","55,500","57,500","54,900","59,73K","-2,12%"
"30.09.2021","56,500","55,900","57,100","55,100","71,66K","3,29%"
"29.09.2021","54,700","55,500","56,000","54,300","57,30K","-0,73%"
"28.09.2021","55,100","55,100","56,000","54,000","96,15K","0,00%"
"27.09.2021","55,100","56,700","56,800","54,500","69,35K","-2,65%"
"24.09.2021","56,600","58,800","58,800","56,400","79,86K","-3,74%"
"23.09.2021","58,800","56,900","59,900","56,700","162,71K","4,07%"
"22.09.2021","56,500","56,500","57,000","56,000","62,75K","0,00%"
"21.09.2021","56,500","57,100","57,200","55,900","82,68K","0,89%"
"20.09.2021","56,000","56,600","57,100","54,900","46,45K","-2,10%"
"17.09.2021","57,200","57,000","58,100","56,700","111,48K","0,88%"
"16.09.2021","56,700","58,000","58,900","56,300","67,12K","-3,08%"
"15.09.2021","58,500","57,900","58,600","56,700","76,93K","1,56%"
"14.09.2021","57,600","55,900","57,800","52,800","97,66K","2,49%"
"13.09.2021","56,200","57,400","57,700","56,200","50,86K","-2,43%"
"10.09.2021","57,600","58,000","58,000","57,200","35,63K","0,00%"
"09.09.2021","57,600","58,000","58,100","57,200","136,50K","0,00%"
"08.09.2021","57,600","57,000","58,200","56,300","75,76K","1,41%"
"07.09.2021","56,800","57,700","58,000","55,500","105,41K","-2,24%"
"06.09.2021","58,100","57,900","58,600","57,600","50,32K","1,04%"
"03.09.2021","57,500","58,000","59,400","56,600","138,13K","-0,52%"
"02.09.2021","57,800","56,100","58,400","56,100","184,07K","4,33%"
"01.09.2021","55,400","55,400","57,000","54,000","361,49K","4,53%"
"31.08.2021","53,000","51,400","54,800","50,500","319,80K","4,74%"
"30.08.2021","50,600","51,600","52,700","44,200","615,46K","-13,50%"
"27.08.2021","58,500","56,500","59,500","56,200","204,47K","3,91%"
"26.08.2021","56,300","63,500","63,500","56,200","388,36K","-13,38%"
"25.08.2021","65,000","66,900","66,900","64,500","41,02K","-1,66%"
"24.08.2021","66,100","68,600","68,600","66,100","41,12K","-2,65%"
"23.08.2021","67,900","66,000","68,800","66,000","49,12K","3,51%"
"20.08.2021","65,600","66,000","66,000","64,400","39,24K","-0,30%"
"19.08.2021","65,800","64,500","65,900","64,000","54,72K","2,33%"
"18.08.2021","64,300","64,300","64,700","63,600","34,87K","1,10%"
"17.08.2021","63,600","64,100","64,400","63,000","42,30K","-0,16%"
"16.08.2021","63,700","63,000","64,300","62,500","53,35K","1,43%"
"13.08.2021","62,800","61,900","63,100","61,600","23,11K","1,62%"
"12.08.2021","61,800","61,000","61,800","60,900","20,55K","0,49%"
"11.08.2021","61,500","61,500","61,700","60,100","36,01K","1,99%"
"10.08.2021","60,300","61,800","61,800","60,100","21,70K","-1,95%"
"09.08.2021","61,500","60,200","61,800","58,900","32,31K","3,71%"
"06.08.2021","59,300","60,000","60,600","59,100","25,91K","-1,66%"
"05.08.2021","60,300","60,500","60,700","59,700","37,10K","0,17%"
"04.08.2021","60,200","60,200","61,100","58,800","28,47K","1,86%"
"03.08.2021","59,100","60,200","60,900","58,600","29,55K","-2,48%"
"02.08.2021","60,600","60,000","60,800","59,100","42,75K","1,85%"
"30.07.2021","59,500","60,200","60,400","59,100","55,45K","-1,16%"
"29.07.2021","60,200","63,100","63,500","60,200","70,64K","-4,44%"
"28.07.2021","63,000","63,800","64,000","60,800","114,80K","4,48%"
"27.07.2021","60,300","61,500","61,700","60,000","73,36K","-1,47%"
"26.07.2021","61,200","60,500","63,900","60,300","75,33K","1,83%"
"23.07.2021","60,100","59,500","60,700","59,200","39,72K","1,18%"
"22.07.2021","59,400","59,000","59,400","58,400","27,12K","1,19%"
"21.07.2021","58,700","58,000","59,800","57,800","39,99K","1,56%"
"20.07.2021","57,800","57,100","57,900","56,400","45,72K","1,23%"
"19.07.2021","57,100","56,300","57,200","56,000","187,33K","-0,17%"
"16.07.2021","57,200","57,400","58,100","56,600","20,31K","-1,21%"
"15.07.2021","57,900","58,000","58,800","57,700","41,83K","-0,86%"
"14.07.2021","58,400","58,500","58,500","57,500","17,02K","1,21%"
"13.07.2021","57,700","58,400","58,500","57,400","20,86K","-1,54%"
"12.07.2021","58,600","57,900","59,200","57,900","57,98K","0,69%"
"09.07.2021","58,200","57,800","58,500","57,100","43,64K","1,75%"
"08.07.2021","57,200","58,600","58,900","57,000","154,98K","-3,05%"
"07.07.2021","59,000","59,200","59,200","58,600","24,72K","0,00%"
"06.07.2021","59,000","58,200","59,000","57,800","33,91K","1,55%"
"05.07.2021","58,100","59,100","59,100","57,800","16,47K","-1,36%"
"02.07.2021","58,900","58,600","59,000","58,200","29,82K","0,86%"
"01.07.2021","58,400","58,400","59,100","57,200","51,73K","0,00%"
"30.06.2021","58,400","57,600","58,800","57,000","96,66K","0,69%"
"29.06.2021","58,000","56,800","58,300","56,200","64,53K","2,84%"
"28.06.2021","56,400","55,100","56,600","55,000","124,82K","1,81%"
"25.06.2021","55,400","55,900","56,400","55,000","76,63K","-1,25%"
"24.06.2021","56,100","57,100","57,100","55,800","50,64K","-0,88%"
"23.06.2021","56,600","53,200","56,900","53,200","1,95M","2,91%"
"22.06.2021","55,000","54,700","55,500","54,300","72,27K","-0,72%"
"21.06.2021","55,400","56,700","56,700","54,000","70,94K","-2,46%"
"18.06.2021","56,800","56,900","57,300","56,700","65,79K","0,00%"
"17.06.2021","56,800","57,200","57,500","56,600","71,62K","-1,39%"
"16.06.2021","57,600","57,800","57,900","57,500","35,86K","-0,69%"
"15.06.2021","58,000","58,100","58,500","57,600","98,42K","0,52%"
"14.06.2021","57,700","57,400","58,500","57,200","47,00K","-0,17%"
"11.06.2021","57,800","58,500","58,700","57,600","36,24K","-0,69%"
"10.06.2021","58,200","58,600","59,000","55,500","58,33K","-1,02%"
"09.06.2021","58,800","59,000","59,500","58,500","32,60K","-0,17%"
"08.06.2021","58,900","58,800","59,800","58,600","31,06K","0,34%"
"07.06.2021","58,700","59,100","59,300","58,400","32,26K","-0,84%"
"04.06.2021","59,200","58,700","59,500","58,100","38,98K","1,72%"
"03.06.2021","58,200","56,400","58,700","56,400","30,73K","1,75%"
"02.06.2021","57,200","58,300","58,300","56,800","40,60K","-1,04%"
"01.06.2021","57,800","57,600","58,500","56,700","49,14K","1,40%"
"31.05.2021","57,000","56,500","57,200","56,100","21,55K","1,42%"
"28.05.2021","56,200","55,600","56,500","55,600","52,90K","0,72%"
"27.05.2021","55,800","56,400","57,400","55,400","583,23K","-0,36%"
"26.05.2021","56,000","55,500","56,400","55,200","41,13K","1,08%"
"25.05.2021","55,400","54,600","56,100","54,600","60,17K","1,47%"
"24.05.2021","54,600","54,200","54,700","53,800","47,82K","1,87%"
"21.05.2021","53,600","53,800","54,800","52,900","46,65K","1,52%"
"20.05.2021","52,800","53,800","53,800","52,600","39,61K","-0,19%"
"19.05.2021","52,900","52,800","53,800","52,000","72,03K","0,76%"
"18.05.2021","52,500","51,100","52,600","51,100","73,30K","2,74%"
"17.05.2021","51,100","49,800","51,500","49,700","57,51K","2,61%"
"14.05.2021","49,800","48,900","49,950","48,850","79,34K","2,26%"
"13.05.2021","48,700","49,000","49,000","47,950","51,25K","1,67%"
"12.05.2021","47,900","48,300","48,600","47,900","20,71K","-0,52%"
"11.05.2021","48,150","47,750","48,150","47,400","30,41K","-0,21%"
"10.05.2021","48,250","48,900","48,950","47,650","53,69K","-0,62%"
"07.05.2021","48,550","46,550","48,550","46,550","40,71K","3,19%"
"06.05.2021","47,050","48,350","49,000","46,400","84,02K","-4,66%"
"05.05.2021","49,350","48,100","49,750","48,100","38,83K","2,17%"
"04.05.2021","48,300","49,650","49,950","48,050","32,28K","-1,83%"
"03.05.2021","49,200","48,500","49,250","48,200","43,58K","2,07%"
"30.04.2021","48,200","49,150","49,500","48,200","55,65K","-0,92%"
"29.04.2021","48,650","47,500","49,300","47,050","84,24K","3,18%"
"28.04.2021","47,150","47,350","47,400","46,350","19,36K","0,96%"
"27.04.2021","46,700","46,550","46,950","46,550","23,13K","0,21%"
"26.04.2021","46,600","46,250","46,800","45,950","28,47K","1,08%"
"23.04.2021","46,100","46,300","46,450","45,750","24,17K","-0,43%"
"22.04.2021","46,300","47,100","47,250","46,150","22,31K","-1,70%"
"21.04.2021","47,100","46,900","47,400","46,750","23,24K","0,21%"
"20.04.2021","47,000","47,050","47,250","46,550","25,79K","-0,42%"
"19.04.2021","47,200","48,250","48,250","46,700","36,53K","-1,26%"
"16.04.2021","47,800","47,700","48,050","47,500","87,24K","0,53%"
"15.04.2021","47,550","47,000","47,950","47,000","74,03K","0,96%"
"14.04.2021","47,100","48,300","48,300","47,000","36,59K","-1,26%"
"13.04.2021","47,700","48,100","48,300","47,700","55,52K","-0,83%"
"12.04.2021","48,100","47,100","48,300","47,100","68,96K","4,23%"
"09.04.2021","46,150","47,400","47,400","45,950","21,38K","-1,49%"
"08.04.2021","46,850","45,900","46,900","45,900","22,23K","1,74%"
"07.04.2021","46,050","46,150","46,200","45,700","25,86K","-0,75%"
"06.04.2021","46,400","46,000","46,650","46,000","52,40K","-0,32%"
"01.04.2021","46,550","46,100","46,900","45,650","32,11K","1,20%"
"31.03.2021","46,000","47,000","47,100","45,500","63,53K","-2,13%"
"30.03.2021","47,000","48,400","48,400","46,700","160,51K","-2,08%"
"29.03.2021","48,000","47,900","48,300","47,700","24,67K","-0,41%"
"26.03.2021","48,200","47,000","48,200","46,400","49,94K","2,99%"
"25.03.2021","46,800","47,400","47,900","46,400","124,79K","-1,89%"
"24.03.2021","47,700","48,000","48,000","46,700","117,98K","0,00%"
"23.03.2021","47,700","46,900","48,400","46,900","69,92K","1,27%"
"22.03.2021","47,100","46,600","47,400","46,100","65,51K","0,43%"
"19.03.2021","46,900","44,300","46,900","44,300","689,26K","4,92%"
"18.03.2021","44,700","44,400","45,200","44,300","43,35K","0,22%"
"17.03.2021","44,600","45,700","45,700","44,300","69,28K","-1,98%"
"16.03.2021","45,500","43,300","45,900","43,300","59,10K","5,57%"
"15.03.2021","43,100","44,000","44,000","42,900","39,91K","-0,69%"
"12.03.2021","43,400","43,200","43,600","42,700","30,07K","1,64%"
"11.03.2021","42,700","43,000","43,800","42,600","84,60K","0,23%"
"10.03.2021","42,600","41,900","43,000","41,700","63,83K","2,16%"
"09.03.2021","41,700","41,600","41,700","41,300","151,64K","0,72%"
"08.03.2021","41,400","42,300","42,300","41,200","61,60K","-1,43%"
"05.03.2021","42,000","43,000","43,000","41,600","94,39K","-2,33%"
"04.03.2021","43,000","42,700","43,500","42,600","60,45K","-0,23%"
"03.03.2021","43,100","44,500","44,500","42,700","84,09K","-3,58%"
"02.03.2021","44,700","43,800","45,200","42,100","312,07K","-3,04%"
"01.03.2021","46,100","46,300","46,300","45,000","52,80K","1,99%"
"26.02.2021","45,200","45,300","46,500","45,100","55,57K","-1,31%"
"25.02.2021","45,800","45,700","47,000","45,700","42,06K","0,66%"
"24.02.2021","45,500","47,000","47,800","45,500","95,29K","-0,44%"
"23.02.2021","45,700","47,500","47,500","45,200","80,10K","-3,99%"
"22.02.2021","47,600","46,300","47,900","46,200","63,55K","3,70%"
"19.02.2021","45,900","45,200","46,400","45,200","39,79K","0,88%"
"18.02.2021","45,500","45,400","46,400","45,300","41,78K","-0,22%"
"17.02.2021","45,600","45,800","46,100","45,500","40,58K","0,00%"
"16.02.2021","45,600","46,100","46,100","45,400","26,01K","0,44%"
"15.02.2021","45,400","45,200","46,400","45,100","62,12K","1,11%"
"12.02.2021","44,900","44,200","45,100","43,900","46,22K","2,75%"
"11.02.2021","43,700","42,900","44,600","42,900","56,88K","1,63%"
"10.02.2021","43,000","43,100","44,000","42,900","42,46K","-0,92%"
"09.02.2021","43,400","43,900","44,100","42,800","71,73K","-0,91%"
"08.02.2021","43,800","43,200","44,300","43,200","73,67K","1,39%"
"05.02.2021","43,200","42,500","43,600","42,300","52,78K","2,61%"
"04.02.2021","42,100","41,800","42,500","41,800","55,56K","0,24%"
"03.02.2021","42,000","42,000","42,200","41,600","58,10K","0,96%"
"02.02.2021","41,600","40,300","42,300","40,300","76,47K","4,26%"
"01.02.2021","39,900","41,300","41,400","39,800","58,40K","-1,72%"
"29.01.2021","40,600","39,500","41,000","39,500","48,06K","0,25%"
"28.01.2021","40,500","41,000","41,000","39,000","40,90K","-0,49%"
"27.01.2021","40,700","41,000","41,900","39,500","78,59K","-2,16%"
"26.01.2021","41,600","41,000","42,200","40,900","39,65K","1,46%"
"25.01.2021","41,000","42,500","42,500","40,500","74,98K","-2,61%"
"22.01.2021","42,100","43,500","43,500","41,300","69,54K","-2,55%"
"21.01.2021","43,200","45,000","45,000","42,700","54,91K","-3,57%"
"20.01.2021","44,800","44,300","45,100","43,900","71,54K","1,13%"
"19.01.2021","44,300","44,000","44,600","43,700","96,65K","1,37%"
"18.01.2021","43,700","42,700","44,000","42,700","42,02K","0,92%"
"15.01.2021","43,300","43,500","44,200","43,100","61,66K","0,00%"
"14.01.2021","43,300","43,200","43,500","42,800","48,45K","0,46%"
"13.01.2021","43,100","42,800","43,400","42,400","42,53K","0,70%"
"12.01.2021","42,800","43,600","43,600","42,300","66,16K","-0,47%"
"11.01.2021","43,000","41,200","43,200","41,200","105,86K","3,37%"
"08.01.2021","41,600","42,500","42,500","41,300","53,93K","-0,95%"
"07.01.2021","42,000","42,000","43,800","41,400","134,37K","2,94%"
"06.01.2021","40,800","39,000","41,100","38,900","91,07K","4,35%"
"05.01.2021","39,100","38,100","39,400","38,000","48,13K","2,09%"
"04.01.2021","38,300","38,500","38,500","38,100","33,97K","1,06%"
"31.12.2020","37,900","37,800","38,100","37,800","16,04K","-1,04%"
"30.12.2020","38,300","38,500","38,800","37,900","67,76K","-0,26%"
"29.12.2020","38,400","37,100","38,400","37,100","55,35K","3,23%"
"28.12.2020","37,200","37,700","38,000","37,000","38,74K","-2,62%"
"24.12.2020","38,200","38,100","38,200","37,200","34,94K","2,14%"
"23.12.2020","37,400","37,800","38,700","37,200","60,45K","-1,58%"
"22.12.2020","38,000","37,600","38,300","37,200","53,04K","1,60%"
"21.12.2020","37,400","39,300","39,300","37,000","211,32K","-3,36%"
"18.12.2020","38,700","38,400","39,000","38,100","68,17K","1,84%"
"17.12.2020","38,000","37,500","38,600","37,500","56,55K","0,80%"
"16.12.2020","37,700","37,600","38,000","37,200","56,88K","1,62%"
"15.12.2020","37,100","37,500","38,300","37,100","53,78K","-1,59%"
"14.12.2020","37,700","36,500","38,000","36,500","48,86K","1,89%"
"11.12.2020","37,000","37,500","37,500","36,700","89,00K","-0,54%"
"10.12.2020","37,200","37,000","37,900","37,000","51,22K","0,54%"
"09.12.2020","37,000","37,600","38,300","36,700","179,94K","-1,86%"
"08.12.2020","37,700","38,000","38,100","37,600","53,54K","-2,08%"
"07.12.2020","38,500","39,000","39,000","38,000","44,19K","-1,28%"
"04.12.2020","39,000","39,000","39,600","38,400","72,37K","1,30%"
"03.12.2020","38,500","39,800","39,800","37,600","87,76K","-2,04%"
"02.12.2020","39,300","40,800","40,900","39,100","133,70K","-3,44%"
"01.12.2020","40,700","41,000","41,900","40,700","93,83K","0,49%"
"30.11.2020","40,500","39,500","42,500","39,400","249,18K","2,79%"
"27.11.2020","39,400","38,100","40,000","38,100","92,40K","3,68%"
"26.11.2020","38,000","38,000","38,500","37,800","58,13K","0,80%"
"25.11.2020","37,700","37,200","37,800","37,000","76,52K","2,45%"
"24.11.2020","36,800","38,000","38,000","36,600","95,29K","-1,60%"
"23.11.2020","37,400","37,400","37,600","36,400","53,42K","1,08%"
"20.11.2020","37,000","37,000","37,900","36,500","97,14K","0,00%"
"19.11.2020","37,000","37,500","38,200","36,900","92,87K","-1,33%"
"18.11.2020","37,500","38,100","39,300","37,500","101,14K","0,00%"
"17.11.2020","37,500","42,000","42,000","37,400","288,17K","-4,34%"
"16.11.2020","39,200","37,300","40,000","36,500","288,18K","8,59%"
"13.11.2020","36,100","36,500","36,500","35,700","48,55K","0,28%"
"12.11.2020","36,000","35,800","37,100","35,800","111,72K","0,00%"
"11.11.2020","36,000","34,600","37,000","34,600","94,21K","4,05%"
"10.11.2020","34,600","35,000","35,300","33,300","118,56K","-1,70%"
"09.11.2020","35,200","36,900","37,500","32,000","265,31K","-4,35%"
"06.11.2020","36,800","34,200","36,800","34,200","197,34K","5,75%"
"05.11.2020","34,800","33,000","34,900","32,800","207,25K","10,13%"
"04.11.2020","31,600","31,300","32,200","31,300","73,14K","0,32%"
"03.11.2020","31,500","32,300","32,800","31,200","136,16K","-1,56%"
"02.11.2020","32,000","31,000","32,100","31,000","55,73K","4,58%"
"30.10.2020","30,600","30,200","31,200","30,200","59,25K","-0,65%"
"29.10.2020","30,800","31,000","31,100","30,300","44,38K","-0,65%"
"28.10.2020","31,000","30,500","31,100","30,200","69,63K","0,00%"
"27.10.2020","31,000","30,600","31,100","30,600","37,38K","-0,64%"
"26.10.2020","31,200","30,700","31,200","30,700","40,48K","0,32%"
"23.10.2020","31,100","31,600","31,600","30,500","54,69K","-0,32%"
"22.10.2020","31,200","32,500","32,500","31,100","45,41K","-3,41%"
"21.10.2020","32,300","32,700","33,900","32,100","158,57K","-0,92%"
"20.10.2020","32,600","31,500","32,800","31,400","100,90K","4,82%"
"19.10.2020","31,100","31,900","31,900","31,100","31,68K","-1,89%"
"16.10.2020","31,700","31,700","31,900","31,500","41,01K","0,63%"
"15.10.2020","31,500","32,000","32,000","31,200","33,69K","-0,32%"
"14.10.2020","31,600","31,600","32,100","31,400","28,69K","-0,32%"
"13.10.2020","31,700","32,000","32,100","31,500","16,72K","-0,94%"
"12.10.2020","32,000","32,200","32,300","31,900","36,20K","-0,31%"
"09.10.2020","32,100","32,100","32,200","31,700","37,81K","0,31%"
"08.10.2020","32,000","32,000","32,400","31,800","25,95K","0,31%"
"07.10.2020","31,900","32,400","32,400","31,900","45,78K","-0,93%"
"06.10.2020","32,200","32,000","32,400","31,600","70,45K","0,94%"
"05.10.2020","31,900","31,100","31,900","30,800","64,05K","2,90%"
"02.10.2020","31,000","31,100","31,500","30,900","43,47K","-1,27%"
"01.10.2020","31,400","31,800","31,800","31,000","51,20K","0,00%"
"30.09.2020","31,400","31,400","31,700","30,800","47,29K","0,64%"
"29.09.2020","31,200","30,800","31,400","30,500","43,02K","0,65%"
"28.09.2020","31,000","31,500","31,700","30,500","34,90K","-0,96%"
"25.09.2020","31,300","30,800","32,000","30,500","65,54K","1,62%"
"24.09.2020","30,800","29,700","30,800","29,700","42,52K","3,36%"
"23.09.2020","29,800","29,000","30,000","28,800","34,85K","3,11%"
"22.09.2020","28,900","28,700","29,200","28,300","46,26K","-0,69%"
"21.09.2020","29,100","30,100","30,200","28,600","30,13K","-3,96%"
"18.09.2020","30,300","29,800","30,300","29,000","37,12K","1,34%"
"17.09.2020","29,900","29,600","30,300","29,100","50,60K","-0,33%"
"16.09.2020","30,000","30,300","30,300","29,700","27,54K","-0,99%"
"15.09.2020","30,300","29,800","30,400","29,600","31,23K","1,00%"
"14.09.2020","30,000","29,900","30,400","29,500","31,09K","-0,33%"
"11.09.2020","30,100","30,300","30,500","29,700","19,74K","1,01%"
"10.09.2020","29,800","30,700","31,000","29,800","37,78K","-2,93%"
"09.09.2020","30,700","30,900","31,700","30,600","49,95K","-1,92%"
"08.09.2020","31,300","30,600","31,400","30,300","95,60K","2,29%"
"07.09.2020","30,600","30,300","30,800","30,000","35,88K","1,66%"
"04.09.2020","30,100","30,000","30,700","29,500","75,84K","2,38%"
"03.09.2020","29,400","29,400","30,300","29,100","62,27K","1,03%"
"02.09.2020","29,100","28,100","29,200","27,700","64,76K","4,68%"
"01.09.2020","27,800","28,400","28,400","27,600","40,03K","-1,07%"
"31.08.2020","28,100","28,300","28,300","27,800","37,44K","0,72%"
"28.08.2020","27,900","28,600","28,600","27,700","43,90K","0,00%"
"27.08.2020","27,900","27,800","29,100","27,700","39,14K","-0,36%"
"26.08.2020","28,000","28,100","28,300","27,700","20,80K","-0,36%"
"25.08.2020","28,100","29,400","29,500","27,900","70,68K","-3,10%"
"24.08.2020","29,000","27,600","29,100","27,600","55,09K","4,32%"
"21.08.2020","27,800","29,400","29,400","27,800","23,48K","-2,46%"
"20.08.2020","28,500","28,300","28,500","27,600","23,01K","0,71%"
"19.08.2020","28,300","28,500","28,600","28,200","19,01K","-1,05%"
"18.08.2020","28,600","28,900","29,200","28,400","25,86K","-0,35%"
"17.08.2020","28,700","28,400","28,700","27,900","17,05K","2,87%"
"14.08.2020","27,900","28,600","28,600","27,600","26,59K","-2,11%"
"13.08.2020","28,500","28,600","28,600","28,200","16,37K","1,06%"
"12.08.2020","28,200","27,800","28,800","27,600","46,05K","2,55%"
"11.08.2020","27,500","27,200","27,900","27,100","83,98K","0,73%"
"10.08.2020","27,300","27,900","27,900","27,200","18,16K","-0,73%"
"07.08.2020","27,500","27,400","28,000","27,300","47,99K","-2,14%"
"06.08.2020","28,100","28,800","28,800","27,200","66,26K","-0,35%"
"05.08.2020","28,200","28,900","28,900","28,100","31,64K","0,36%"
"04.08.2020","28,100","28,200","28,700","27,500","34,47K","-1,40%"
"03.08.2020","28,500","29,100","29,100","27,900","59,63K","-1,72%"
"31.07.2020","29,000","28,500","29,400","28,500","32,62K","0,69%"
"30.07.2020","28,800","29,000","29,500","28,800","38,53K","-0,69%"
"29.07.2020","29,000","29,500","29,600","29,000","44,04K","-2,03%"
"28.07.2020","29,600","31,800","31,800","28,200","137,77K","-3,27%"
"27.07.2020","30,600","31,800","32,400","30,000","107,91K","0,00%"
"24.07.2020","30,600","31,300","31,300","29,700","47,92K","-2,86%"
"23.07.2020","31,500","30,800","31,800","30,800","61,80K","2,27%"
"22.07.2020","30,800","30,500","31,300","30,400","75,76K","-1,28%"
"21.07.2020","31,200","32,800","32,900","29,300","150,01K","-4,59%"
"20.07.2020","32,700","33,200","33,800","32,600","171,28K","2,19%"
"17.07.2020","32,000","31,800","32,400","31,000","125,63K","3,90%"
"16.07.2020","30,800","32,400","32,600","30,800","181,04K","0,65%"
"15.07.2020","30,600","30,100","31,300","29,700","286,96K","6,62%"
"14.07.2020","28,700","29,100","29,200","28,500","38,93K","-1,03%"
"13.07.2020","29,000","29,200","29,400","28,600","80,13K","3,20%"
"10.07.2020","28,100","28,600","30,200","28,000","196,22K","2,18%"
"09.07.2020","27,500","25,800","28,000","25,400","173,89K","7,42%"
"08.07.2020","25,600","25,100","25,600","24,800","13,51K","1,59%"
"07.07.2020","25,200","25,800","25,800","25,100","16,44K","-1,56%"
"06.07.2020","25,600","26,300","26,300","25,100","26,38K","-2,29%"
"03.07.2020","26,200","25,300","26,200","25,200","23,58K","3,97%"
"02.07.2020","25,200","24,300","25,200","24,300","19,61K","3,28%"
"01.07.2020","24,400","25,700","25,700","24,400","66,87K","-3,56%"
"30.06.2020","25,300","24,300","25,300","24,300","20,34K","2,43%"
"29.06.2020","24,700","25,200","25,200","24,000","17,92K","-0,80%"
"26.06.2020","24,900","24,800","25,000","24,400","23,37K","1,63%"
"25.06.2020","24,500","24,200","24,700","24,200","16,82K","0,00%"
"24.06.2020","24,500","24,700","24,700","24,300","17,15K","0,00%"
"23.06.2020","24,500","24,800","24,800","24,200","21,41K","0,41%"
"22.06.2020","24,400","24,400","24,600","24,100","20,03K","1,67%"
"19.06.2020","24,000","23,600","24,300","23,400","19,64K","2,13%"
"18.06.2020","23,500","23,400","23,700","23,300","41,62K","0,43%"
"17.06.2020","23,400","23,400","23,700","23,100","12,31K","0,00%"
"16.06.2020","23,400","23,200","23,500","22,700","15,46K","2,18%"
"15.06.2020","22,900","22,900","23,300","22,600","43,64K","-0,87%"
"12.06.2020","23,100","23,000","23,300","22,600","47,02K","2,67%"
"11.06.2020","22,500","22,300","22,700","22,300","33,42K","0,45%"
"10.06.2020","22,400","22,600","22,700","21,900","56,60K","-1,32%"
"09.06.2020","22,700","23,300","23,300","22,500","23,47K","-1,30%"
"08.06.2020","23,000","23,800","23,800","22,800","34,77K","-1,71%"
"05.06.2020","23,400","24,100","24,200","23,300","21,19K","-2,09%"
"04.06.2020","23,900","24,300","24,300","23,700","17,30K","-0,42%"
"03.06.2020","24,000","23,900","24,100","23,300","40,66K","1,69%"
"02.06.2020","23,600","23,900","23,900","23,200","66,23K","0,85%"
"01.06.2020","23,400","23,700","23,800","23,300","23,44K","1,30%"
"29.05.2020","23,100","22,900","23,400","22,700","23,53K","0,43%"
"28.05.2020","23,000","23,000","23,400","22,300","57,62K","-1,71%"
"27.05.2020","23,400","24,000","24,000","23,300","38,84K","-2,50%"
"26.05.2020","24,000","25,000","25,000","23,600","45,99K","-2,04%"
"25.05.2020","24,500","24,900","24,900","24,200","17,53K","0,41%"
"22.05.2020","24,400","25,000","25,000","24,200","19,20K","-1,21%"
"21.05.2020","24,700","24,600","24,700","24,400","34,22K","-0,40%"
"20.05.2020","24,800","24,700","26,000","24,000","52,94K","2,90%"
"19.05.2020","24,100","25,900","25,900","23,700","53,21K","-3,60%"
"18.05.2020","25,000","25,500","25,500","24,000","42,65K","1,63%"
"15.05.2020","24,600","24,600","25,200","24,600","14,63K","0,41%"
"14.05.2020","24,500","25,800","25,800","24,400","47,85K","-3,92%"
"13.05.2020","25,500","26,100","26,600","24,600","46,59K","-0,78%"
"12.05.2020","25,700","26,300","26,300","25,400","20,45K","-1,15%"
"11.05.2020","26,000","26,100","26,300","25,000","33,34K","0,78%"
"08.05.2020","25,800","25,300","26,000","25,300","15,89K","-0,39%"
"07.05.2020","25,900","26,100","26,100","25,800","41,98K","-0,38%"
"06.05.2020","26,000","26,000","26,000","26,000","17,33K","2,77%"
"05.05.2020","25,300","26,000","26,300","25,300","25,33K","-1,56%"
"04.05.2020","25,700","25,600","26,500","25,300","22,06K","-0,77%"
"30.04.2020","25,900","26,500","26,500","25,400","21,29K","-0,38%"
"29.04.2020","26,000","27,000","27,000","25,700","51,81K","-3,35%"
"28.04.2020","26,900","26,000","27,100","25,800","24,66K","2,28%"
"27.04.2020","26,300","26,200","27,000","25,900","33,45K","1,94%"
"24.04.2020","25,800","25,200","26,000","25,000","62,13K","3,61%"
"23.04.2020","24,900","24,800","25,000","24,500","112,50K","2,47%"
"22.04.2020","24,300","24,500","25,200","24,100","15,39K","0,83%"
"21.04.2020","24,100","24,100","24,100","23,600","58,28K","1,69%"
"20.04.2020","23,700","24,500","24,500","23,600","14,49K","-1,25%"
"17.04.2020","24,000","24,000","24,000","23,300","14,96K","0,84%"
"16.04.2020","23,800","24,300","24,300","23,000","22,41K","-1,24%"
"15.04.2020","24,100","24,300","24,300","23,500","15,73K","0,84%"
"14.04.2020","23,900","23,400","23,900","23,200","21,47K","1,70%"
"09.04.2020","23,500","23,100","23,600","22,900","13,29K","3,52%"
"08.04.2020","22,700","23,500","23,500","22,700","18,59K","-2,16%"
"07.04.2020","23,200","22,800","23,300","22,500","120,28K","0,87%"
"06.04.2020","23,000","23,100","23,100","22,300","26,02K","2,22%"
"03.04.2020","22,500","23,000","23,000","22,300","44,98K","-0,44%"
"02.04.2020","22,600","22,600","23,000","22,300","35,67K","1,80%"
"01.04.2020","22,200","22,200","23,700","21,100","35,53K","-2,20%"
"31.03.2020","22,700","21,400","23,200","21,400","18,47K","8,61%"
"30.03.2020","20,900","21,800","21,800","20,600","22,39K","0,97%"
"27.03.2020","20,700","21,500","21,500","20,600","20,14K","-1,43%"
"26.03.2020","21,000","20,600","21,600","20,600","86,93K","-1,41%"
"25.03.2020","21,300","21,300","21,300","20,500","68,85K","3,90%"
"24.03.2020","20,500","21,900","21,900","20,300","26,25K","-2,38%"
"23.03.2020","21,000","21,500","21,700","20,800","167,25K","-2,33%"
"20.03.2020","21,500","22,000","22,000","21,400","22,79K","1,42%"
"19.03.2020","21,200","21,300","21,400","20,800","9,28K","2,42%"
"18.03.2020","20,700","20,900","21,800","20,600","22,36K","-0,48%"
"17.03.2020","20,800","21,900","22,000","20,700","32,06K","2,46%"
"16.03.2020","20,300","23,000","23,000","20,300","66,01K","-7,31%"
"13.03.2020","21,900","20,300","26,000","20,000","108,27K","2,82%"
"12.03.2020","21,300","21,800","23,000","21,000","97,19K","-7,39%"
"11.03.2020","23,000","23,300","23,300","22,500","28,38K","2,22%"
"10.03.2020","22,500","22,500","23,700","22,500","235,05K","-0,88%"
"09.03.2020","22,700","23,500","23,500","22,600","82,82K","-6,20%"
"06.03.2020","24,200","25,000","25,000","23,800","25,76K","-2,42%"
"05.03.2020","24,800","25,100","25,200","24,300","17,83K","-0,80%"
"04.03.2020","25,000","25,100","25,300","24,900","49,07K","-0,40%"
"03.03.2020","25,100","25,700","25,700","24,900","56,48K","0,40%"
"02.03.2020","25,000","25,000","25,200","24,600","28,39K","2,46%"
"28.02.2020","24,400","25,500","25,500","24,300","74,67K","-3,94%"
"27.02.2020","25,400","25,000","25,500","24,800","79,07K","0,79%"
"26.02.2020","25,200","26,000","26,500","25,000","71,39K","1,20%"
"25.02.2020","24,900","25,200","25,400","24,600","95,56K","-0,80%"
"24.02.2020","25,100","25,600","26,000","24,600","33,41K","-4,20%"
"21.02.2020","26,200","25,800","26,800","25,800","22,11K","-1,13%"
"20.02.2020","26,500","25,700","26,700","25,200","21,38K","3,11%"
"19.02.2020","25,700","26,700","26,700","25,500","15,46K","-1,53%"
"18.02.2020","26,100","26,100","26,100","25,800","9,91K","0,00%"
"17.02.2020","26,100","26,900","26,900","25,800","53,59K","-2,25%"
"14.02.2020","26,700","26,900","26,900","26,300","11,15K","1,52%"
"13.02.2020","26,300","27,000","27,000","26,300","16,07K","-1,87%"
"12.02.2020","26,800","26,800","27,000","26,400","30,34K","1,13%"
"11.02.2020","26,500","26,500","26,500","26,200","25,18K","0,76%"
"10.02.2020","26,300","26,500","26,500","26,000","9,94K","0,38%"
"07.02.2020","26,200","26,000","26,300","25,700","50,38K","1,16%"
"06.02.2020","25,900","25,900","26,000","25,600","13,53K","1,57%"
"05.02.2020","25,500","25,800","25,900","25,500","14,72K","-0,78%"
"04.02.2020","25,700","24,800","25,700","24,800","39,03K","2,80%"
"03.02.2020","25,000","25,000","25,000","24,600","71,58K","0,40%"
"31.01.2020","24,900","25,000","25,000","24,500","56,74K","0,40%"
"30.01.2020","24,800","24,900","24,900","24,500","19,71K","-0,80%"
"29.01.2020","25,000","25,200","25,200","24,500","23,67K","-0,40%"
"28.01.2020","25,100","25,000","25,200","24,900","19,91K","0,00%"
"27.01.2020","25,100","25,200","25,200","24,500","21,62K","0,80%"
"24.01.2020","24,900","24,200","25,200","24,200","22,49K","2,47%"
"23.01.2020","24,300","24,900","25,100","24,300","52,49K","-2,80%"
"22.01.2020","25,000","25,500","25,500","25,000","18,43K","-1,19%"
"21.01.2020","25,300","25,500","25,500","25,100","20,11K","-0,78%"
"20.01.2020","25,500","25,700","25,800","25,400","22,40K","-0,39%"
"17.01.2020","25,600","25,400","26,000","25,100","58,23K","1,99%"
"16.01.2020","25,100","25,200","25,200","24,800","26,18K","0,40%"
"15.01.2020","25,000","24,500","25,100","24,400","25,48K","2,04%"
"14.01.2020","24,500","24,900","24,900","24,500","7,03K","-0,81%"
"13.01.2020","24,700","25,400","25,400","24,700","8,42K","-2,76%"
"10.01.2020","25,400","24,700","25,400","24,400","13,31K","4,53%"
"09.01.2020","24,300","24,500","24,600","24,200","7,97K","-0,41%"
"08.01.2020","24,400","24,500","24,600","24,200","10,04K","-1,61%"
"07.01.2020","24,800","24,500","25,300","24,500","45,91K","-1,59%"
"06.01.2020","25,200","25,100","25,400","24,900","9,61K","0,40%"
"03.01.2020","25,100","25,100","25,200","25,100","9,53K","0,40%"
"02.01.2020","25,000","24,800","25,100","24,600","40,16K","2,46%"
"31.12.2019","24,400","24,900","24,900","24,300","26,42K","0,83%"
"30.12.2019","24,200","24,300","24,400","24,100","40,38K","0,00%"
"27.12.2019","24,200","24,400","24,400","23,600","8,16K","-0,41%"
"24.12.2019","24,300","24,400","24,400","23,500","4,71K","2,10%"
"23.12.2019","23,800","23,800","23,800","23,500","11,40K","1,71%"
"20.12.2019","23,400","23,400","23,700","23,400","13,01K","-0,85%"
"19.12.2019","23,600","23,600","24,100","23,400","11,64K","-1,26%"
"18.12.2019","23,900","24,200","24,200","23,700","113,06K","-0,42%"
"17.12.2019","24,000","24,300","24,400","24,000","24,64K","-1,23%"
"16.12.2019","24,300","25,000","25,000","24,200","22,18K","-2,02%"
"13.12.2019","24,800","25,000","25,300","24,800","25,36K","0,00%"
"12.12.2019","24,800","25,000","25,100","24,600","15,84K","2,06%"
"11.12.2019","24,300","24,300","24,700","24,300","26,93K","0,00%"
"10.12.2019","24,300","24,600","24,600","24,200","6,59K","-1,22%"
"09.12.2019","24,600","24,400","25,100","24,100","14,94K","0,82%"
"06.12.2019","24,400","24,400","24,400","23,800","8,55K","2,52%"
"05.12.2019","23,800","23,900","24,400","23,700","8,78K","-0,42%"
"04.12.2019","23,900","23,500","23,900","23,500","26,79K","1,70%"
"03.12.2019","23,500","23,800","24,100","23,500","34,64K","-1,26%"
"02.12.2019","23,800","23,700","23,900","23,600","14,47K","-0,42%"
"29.11.2019","23,900","24,400","24,400","23,900","17,06K","-0,42%"
"28.11.2019","24,000","24,200","24,500","23,900","9,67K","-2,83%"
"27.11.2019","24,700","24,800","25,100","24,300","34,20K","0,00%"
"26.11.2019","24,700","25,200","25,200","24,200","15,69K","0,82%"
"25.11.2019","24,500","24,900","25,300","24,000","50,90K","2,08%"
"22.11.2019","24,000","24,700","24,700","23,500","8,71K","-1,64%"
"21.11.2019","24,400","25,000","25,000","24,200","6,33K","-1,21%"
"20.11.2019","24,700","24,800","24,800","24,300","7,15K","1,23%"
"19.11.2019","24,400","25,000","25,000","24,300","14,88K","-1,61%"
"18.11.2019","24,800","24,600","24,900","24,400","8,70K","0,40%"
"15.11.2019","24,700","24,100","24,900","24,100","16,01K","0,41%"
"14.11.2019","24,600","25,000","25,000","24,500","17,87K","-1,60%"
"13.11.2019","25,000","24,400","25,000","24,400","6,06K","0,00%"
"12.11.2019","25,000","25,500","25,500","24,400","35,18K","-1,96%"
"11.11.2019","25,500","24,600","25,500","24,600","21,16K","3,66%"
"08.11.2019","24,600","24,400","25,100","24,100","10,49K","0,00%"
"07.11.2019","24,600","23,800","24,900","23,800","41,12K","5,58%"
"06.11.2019","23,300","23,000","23,500","22,900","43,60K","1,30%"
"05.11.2019","23,000","22,800","23,200","22,400","9,05K","3,14%"
"04.11.2019","22,300","21,900","22,300","21,700","11,73K","1,83%"
"01.11.2019","21,900","22,100","22,200","21,900","5,61K","-0,90%"
"31.10.2019","22,100","21,300","22,300","21,300","12,81K","0,91%"
"30.10.2019","21,900","20,800","21,900","20,800","7,09K","4,29%"
"29.10.2019","21,000","21,100","21,200","20,900","7,46K","-1,41%"
"28.10.2019","21,300","20,800","21,300","20,700","6,72K","1,43%"
"25.10.2019","21,000","21,000","21,500","20,900","8,42K","-0,47%"
"24.10.2019","21,100","21,200","21,200","21,000","3,12K","0,00%"
"23.10.2019","21,100","20,500","21,300","20,500","4,61K","-0,47%"
"22.10.2019","21,200","21,100","21,400","21,000","12,00K","1,92%"
"21.10.2019","20,800","20,200","21,000","20,100","10,69K","1,46%"
"18.10.2019","20,500","20,700","20,700","20,500","5,63K","-0,97%"
"17.10.2019","20,700","20,800","21,000","20,600","4,83K","-0,48%"
"16.10.2019","20,800","21,500","21,600","20,800","22,15K","-3,70%"
"15.10.2019","21,600","22,600","22,600","21,500","6,25K","-1,37%"
"14.10.2019","21,900","22,700","22,700","21,500","3,48K","1,39%"
"11.10.2019","21,600","21,800","21,900","21,500","12,86K","-0,92%"
"10.10.2019","21,800","21,900","21,900","21,500","6,98K","-0,46%"
"09.10.2019","21,900","21,500","21,900","21,500","7,28K","1,86%"
"08.10.2019","21,500","20,800","21,900","20,800","18,07K","0,94%"
"07.10.2019","21,300","22,000","22,000","21,000","5,12K","-0,47%"
"04.10.2019","21,400","20,800","21,500","20,800","6,13K","0,94%"
"03.10.2019","21,200","21,300","21,500","21,200","5,97K","-1,40%"
"02.10.2019","21,500","21,900","21,900","21,200","4,68K","0,00%"
"01.10.2019","21,500","21,300","22,000","21,300","6,30K","-1,83%"
"30.09.2019","21,900","21,400","21,900","21,400","4,15K","2,34%"
"27.09.2019","21,400","21,900","22,300","21,200","4,87K","1,42%"
"26.09.2019","21,100","20,900","21,200","20,900","3,34K","0,48%"
"25.09.2019","21,000","20,900","21,100","20,900","8,71K","0,48%"
"24.09.2019","20,900","20,700","21,100","20,700","24,65K","0,48%"
"23.09.2019","20,800","20,700","21,100","20,600","6,28K","0,48%"
"20.09.2019","20,700","20,300","20,800","20,300","8,77K","1,97%"
"19.09.2019","20,300","20,700","20,700","20,200","11,91K","-1,46%"
"18.09.2019","20,600","20,300","20,900","19,850","26,20K","1,48%"
"17.09.2019","20,300","21,000","21,000","20,100","11,61K","-2,87%"
"16.09.2019","20,900","20,600","21,000","20,500","10,61K","-1,42%"
"13.09.2019","21,200","21,300","21,800","21,200","2,70K","-0,47%"
"12.09.2019","21,300","21,700","21,700","21,200","12,44K","-2,74%"
"11.09.2019","21,900","22,900","22,900","21,900","3,70K","-2,67%"
"10.09.2019","22,500","23,000","23,000","22,000","7,26K","-0,44%"
"09.09.2019","22,600","23,000","23,000","22,500","9,57K","0,00%"
"06.09.2019","22,600","22,700","23,000","22,600","7,97K","-0,44%"
"05.09.2019","22,700","23,400","23,400","22,600","5,77K","-2,16%"
"04.09.2019","23,200","23,000","23,300","23,000","1,58K","1,31%"
"03.09.2019","22,900","23,400","23,400","22,300","5,34K","1,78%"
"02.09.2019","22,500","23,400","23,400","22,200","5,10K","-0,44%"
"30.08.2019","22,600","22,800","22,800","22,500","6,56K","0,00%"
"29.08.2019","22,600","22,900","22,900","22,500","5,74K","0,89%"
"28.08.2019","22,400","22,700","22,700","22,300","5,66K","-1,32%"
"27.08.2019","22,700","22,700","22,800","22,300","5,83K","0,00%"
"26.08.2019","22,700","23,400","23,400","22,600","3,17K","0,00%"
"23.08.2019","22,700","23,900","23,900","22,600","9,33K","-0,87%"
"22.08.2019","22,900","23,400","23,400","22,200","12,41K","-0,43%"
"21.08.2019","23,000","22,500","23,700","22,500","21,96K","2,22%"
"20.08.2019","22,500","22,200","22,900","21,600","8,01K","0,90%"
"19.08.2019","22,300","24,000","24,400","22,100","11,61K","-2,19%"
"16.08.2019","22,800","23,100","23,800","22,600","11,73K","-0,87%"
"15.08.2019","23,000","22,200","23,200","22,200","4,41K","4,55%"
"14.08.2019","22,000","21,200","22,300","21,200","14,03K","1,38%"
"13.08.2019","21,700","21,700","21,700","21,500","3,13K","0,00%"
"12.08.2019","21,700","21,400","21,700","21,400","11,02K","0,93%"
"09.08.2019","21,500","21,700","21,700","21,000","3,77K","-0,46%"
"08.08.2019","21,600","21,500","21,700","21,500","11,32K","0,47%"
"07.08.2019","21,500","21,600","21,700","21,200","9,51K","-0,46%"
"06.08.2019","21,600","20,600","21,700","20,600","28,33K","3,85%"
"05.08.2019","20,800","20,800","20,900","20,800","2,81K","0,00%"
"02.08.2019","20,800","20,600","20,800","20,400","8,95K","0,00%"
"01.08.2019","20,800","20,900","20,900","20,600","3,13K","-0,48%"
"31.07.2019","20,900","21,200","21,300","20,700","5,69K","-0,95%"
"30.07.2019","21,100","20,600","21,500","20,600","13,47K","2,93%"
"29.07.2019","20,500","20,700","20,700","19,950","5,55K","1,99%"
"26.07.2019","20,100","20,100","20,700","19,900","4,76K","0,00%"
"25.07.2019","20,100","20,100","20,300","20,000","4,35K","0,00%"
"24.07.2019","20,100","20,300","20,900","20,100","5,15K","-3,37%"
"23.07.2019","20,800","19,900","20,900","19,850","6,82K","-0,48%"
"22.07.2019","20,900","20,900","20,900","20,500","6,41K","2,45%"
"19.07.2019","20,400","20,400","20,600","20,000","5,80K","2,51%"
"18.07.2019","19,900","20,200","20,200","19,850","3,03K","-0,50%"
"17.07.2019","20,000","19,900","20,100","19,900","2,82K","0,76%"
"16.07.2019","19,850","20,000","20,000","19,850","5,25K","-0,50%"
"15.07.2019","19,950","20,000","20,000","19,900","4,18K","0,00%"
"12.07.2019","19,950","20,200","20,200","19,900","0,96K","0,50%"
"11.07.2019","19,850","19,950","20,400","19,850","27,41K","-0,50%"
"10.07.2019","19,950","20,500","20,500","19,950","3,05K","-2,68%"
"09.07.2019","20,500","20,800","20,800","20,400","2,23K","-0,97%"
"08.07.2019","20,700","21,700","21,700","20,300","2,48K","-0,48%"
"05.07.2019","20,800","20,600","20,800","20,400","15,49K","1,96%"
"04.07.2019","20,400","20,500","20,500","20,300","7,03K","-0,97%"
"03.07.2019","20,600","20,300","21,100","20,300","5,18K","-0,48%"
"02.07.2019","20,700","20,500","20,700","19,850","7,32K","3,50%"
"01.07.2019","20,000","19,900","20,000","19,850","2,31K","-0,50%"
"28.06.2019","20,100","20,100","20,200","19,950","3,37K","0,00%"
"27.06.2019","20,100","19,900","20,200","19,850","4,56K","0,50%"
"26.06.2019","20,000","19,900","20,100","19,850","0,87K","0,50%"
"25.06.2019","19,900","20,300","20,300","19,850","6,58K","-1,00%"
"24.06.2019","20,100","19,900","20,200","19,850","2,62K","0,75%"
"21.06.2019","19,950","20,000","20,000","19,900","2,06K","-0,25%"
"20.06.2019","20,000","20,100","20,300","19,850","9,16K","-0,50%"
"19.06.2019","20,100","20,200","20,300","19,950","0,58K","-0,50%"
"18.06.2019","20,200","19,900","20,300","19,900","2,71K","1,00%"
"17.06.2019","20,000","20,300","20,300","19,900","1,79K","0,76%"
"14.06.2019","19,850","19,800","20,100","19,800","5,51K","-0,75%"
"13.06.2019","20,000","20,400","20,400","19,900","2,95K","-2,44%"
"12.06.2019","20,500","20,900","20,900","20,500","3,55K","-2,38%"
"11.06.2019","21,000","20,600","21,200","20,200","7,29K","-0,47%"
"10.06.2019","21,100","21,300","22,000","20,500","11,30K","2,93%"
"07.06.2019","20,500","19,700","20,700","19,700","5,03K","4,06%"
"06.06.2019","19,700","19,500","19,700","19,350","7,06K","1,29%"
"05.06.2019","19,450","19,450","19,450","19,150","8,28K","1,83%"
"04.06.2019","19,100","19,200","19,500","19,100","11,48K","-1,04%"
"03.06.2019","19,300","19,250","19,400","19,200","0,81K","-0,26%"
"31.05.2019","19,350","19,500","19,500","19,150","6,69K","-0,77%"
"30.05.2019","19,500","19,650","19,650","19,450","2,88K","1,04%"
"29.05.2019","19,300","19,550","19,700","19,300","3,81K","-1,78%"
"28.05.2019","19,650","19,750","19,750","19,600","2,23K","1,03%"
"27.05.2019","19,450","19,200","19,450","18,450","14,39K","1,57%"
"24.05.2019","19,150","18,600","19,150","18,450","4,78K","3,51%"
"23.05.2019","18,500","18,550","18,750","18,500","8,36K","-0,27%"
"22.05.2019","18,550","18,400","18,700","18,400","1,75K","1,64%"
"21.05.2019","18,250","17,750","18,700","17,750","2,81K","2,82%"
"20.05.2019","17,750","18,050","18,050","17,650","2,79K","1,43%"
"17.05.2019","17,500","17,650","18,300","17,500","8,91K","-2,51%"
"16.05.2019","17,950","17,850","18,100","17,850","5,44K","0,56%"
"15.05.2019","17,850","17,450","18,050","17,450","3,26K","0,00%"
"14.05.2019","17,850","17,300","17,850","17,300","2,95K","2,00%"
"13.05.2019","17,500","18,000","18,100","17,450","6,03K","-3,58%"
"10.05.2019","18,150","18,000","18,300","18,000","0,53K","0,83%"
"09.05.2019","18,000","18,000","18,150","18,000","2,13K","-0,83%"
"08.05.2019","18,150","18,100","18,250","18,100","6,13K","-0,27%"
"07.05.2019","18,200","18,050","18,300","18,050","1,51K","-0,55%"
"06.05.2019","18,300","17,700","18,300","17,700","2,62K","-0,27%"
"03.05.2019","18,350","17,950","18,550","17,950","1,93K","-0,27%"
"02.05.2019","18,400","18,550","18,550","18,100","0,44K","0,00%"
"30.04.2019","18,400","18,250","18,500","18,050","9,30K","2,22%"
"29.04.2019","18,000","18,050","18,100","18,000","7,87K","-0,55%"
"26.04.2019","18,100","18,300","18,400","18,050","1,26K","-2,16%"
"25.04.2019","18,500","18,700","18,700","18,350","3,00K","-1,07%"
"24.04.2019","18,700","18,550","18,700","18,450","2,01K","0,81%"
"23.04.2019","18,550","18,600","18,600","18,250","10,72K","0,82%"
"18.04.2019","18,400","18,950","18,950","18,350","1,96K","-0,27%"
"17.04.2019","18,450","18,650","18,750","18,200","3,80K","-0,81%"
"16.04.2019","18,600","18,250","18,950","18,250","3,11K","1,09%"
"15.04.2019","18,400","18,450","18,600","18,100","4,61K","1,66%"
"12.04.2019","18,100","19,000","19,000","18,050","3,41K","-1,09%"
"11.04.2019","18,300","18,200","18,950","18,200","4,34K","1,10%"
"10.04.2019","18,100","18,050","18,200","17,900","11,25K","-2,16%"
"09.04.2019","18,500","18,800","18,800","18,250","6,40K","0,82%"
"08.04.2019","18,350","18,350","18,850","18,250","8,85K","-1,87%"
"05.04.2019","18,700","19,000","19,000","18,600","8,22K","-1,58%"
"04.04.2019","19,000","19,000","19,150","19,000","3,28K","-1,04%"
"03.04.2019","19,200","19,100","19,200","19,100","10,56K","0,26%"
"02.04.2019","19,150","19,200","19,200","19,100","3,56K","1,32%"
"01.04.2019","18,900","19,200","19,200","18,850","4,38K","0,80%"
"29.03.2019","18,750","18,700","18,750","18,600","10,00K","-0,27%"
"28.03.2019","18,800","18,700","19,000","18,700","6,76K","1,90%"
"27.03.2019","18,450","19,200","19,200","18,450","49,25K","-2,89%"
"26.03.2019","19,000","19,500","19,500","18,950","5,73K","0,00%"
"25.03.2019","19,000","18,750","19,550","18,750","10,42K","1,33%"
"22.03.2019","18,750","18,500","18,750","18,150","26,57K","0,27%"
"21.03.2019","18,700","18,450","18,700","18,450","4,10K","1,63%"
"20.03.2019","18,400","18,050","18,500","18,000","9,89K","1,94%"
"19.03.2019","18,050","17,700","18,400","17,450","44,64K","4,64%"
"18.03.2019","17,250","17,150","17,300","17,100","14,86K","0,58%"
"15.03.2019","17,150","17,250","17,400","17,050","8,85K","0,29%"
"14.03.2019","17,100","17,350","17,700","17,050","19,36K","-1,72%"
"13.03.2019","17,400","18,050","18,050","17,250","14,58K","-0,29%"
"12.03.2019","17,450","17,450","17,500","17,000","17,39K","2,65%"
"11.03.2019","17,000","17,500","17,500","16,900","10,36K","-2,30%"
"08.03.2019","17,400","17,850","18,000","17,400","9,17K","-3,87%"
"07.03.2019","18,100","18,500","18,500","17,950","2,95K","-0,82%"
"06.03.2019","18,250","18,250","18,250","18,200","1,26K","-0,27%"
"05.03.2019","18,300","18,300","18,400","18,300","1,63K","-0,27%"
"04.03.2019","18,350","18,250","18,350","18,200","2,40K","0,27%"
"01.03.2019","18,300","18,350","18,400","18,200","4,62K","-0,54%"
"28.02.2019","18,400","18,400","18,500","18,350","1,75K","1,66%"
"27.02.2019","18,100","18,000","18,250","18,000","1,56K","0,56%"
"26.02.2019","18,000","17,850","18,100","17,850","1,90K","0,00%"
"25.02.2019","18,000","18,050","18,400","17,850","9,60K","-0,28%"
"22.02.2019","18,050","18,050","18,350","18,000","8,10K","0,28%"
"21.02.2019","18,000","18,250","18,250","18,000","8,71K","-1,37%"
"20.02.2019","18,250","18,000","18,250","17,850","2,41K","1,11%"
"19.02.2019","18,050","18,400","18,450","17,950","9,60K","-1,90%"
"18.02.2019","18,400","18,700","18,700","18,300","2,94K","1,66%"
"15.02.2019","18,100","17,950","18,150","17,900","6,16K","0,56%"
"14.02.2019","18,000","18,000","18,250","17,850","6,23K","0,84%"
"13.02.2019","17,850","18,200","18,400","17,850","10,88K","-1,11%"
"12.02.2019","18,050","18,350","18,450","17,800","23,09K","-1,63%"
"11.02.2019","18,350","18,900","18,900","18,300","3,77K","-1,08%"
"08.02.2019","18,550","17,850","18,850","17,850","10,11K","3,06%"
"07.02.2019","18,000","18,500","18,800","18,000","9,51K","-2,96%"
"06.02.2019","18,550","18,600","18,900","18,100","4,08K","-1,33%"
"05.02.2019","18,800","18,900","18,900","18,650","2,09K","0,80%"
"04.02.2019","18,650","17,750","18,650","17,750","6,88K","3,61%"
"01.02.2019","18,000","18,350","18,350","17,700","27,55K","-2,70%"
"31.01.2019","18,500","18,750","19,150","18,350","10,10K","-2,63%"
"30.01.2019","19,000","19,000","19,000","18,750","17,31K","0,00%"
"29.01.2019","19,000","18,800","19,000","18,800","10,46K","0,26%"
"28.01.2019","18,950","18,650","19,150","18,550","15,22K","-2,32%"
"25.01.2019","19,400","18,500","19,400","18,500","16,82K","5,72%"
"24.01.2019","18,350","18,250","18,400","18,100","8,26K","0,27%"
"23.01.2019","18,300","18,000","18,300","17,850","9,57K","1,10%"
"22.01.2019","18,100","18,000","18,300","17,900","2,03K","0,56%"
"21.01.2019","18,000","18,850","18,850","17,900","6,18K","0,00%"
"18.01.2019","18,000","18,000","18,150","17,800","4,13K","0,00%"
"17.01.2019","18,000","18,000","18,200","17,850","5,75K","0,00%"
"16.01.2019","18,000","18,400","18,650","17,750","22,08K","-3,49%"
"15.01.2019","18,650","18,900","18,900","18,500","3,13K","0,81%"
"14.01.2019","18,500","18,200","18,950","18,200","11,02K","-1,86%"
"11.01.2019","18,850","18,600","18,850","18,550","6,40K","1,89%"
"10.01.2019","18,500","18,550","18,800","18,500","7,04K","-0,27%"
"09.01.2019","18,550","18,500","18,800","18,400","10,04K","1,09%"
"08.01.2019","18,350","18,450","18,500","18,150","9,01K","1,38%"
"07.01.2019","18,100","18,050","18,300","17,850","5,33K","0,56%"
"04.01.2019","18,000","17,500","18,000","17,250","6,44K","1,41%"
"03.01.2019","17,750","17,750","17,750","17,300","1,82K","1,14%"
"02.01.2019","17,550","17,800","17,800","17,200","1,34K","0,57%"
"31.12.2018","17,450","17,050","17,450","17,050","5,33K","0,00%"
"28.12.2018","17,450","17,450","17,500","17,050","4,58K","-0,29%"
"27.12.2018","17,500","17,500","17,500","17,350","2,10K","0,00%"
"24.12.2018","17,500","17,050","17,800","17,000","2,83K","0,57%"
"21.12.2018","17,400","17,450","17,800","17,400","9,35K","1,46%"
"20.12.2018","17,150","17,500","17,500","17,150","1,67K","-2,00%"
"19.12.2018","17,500","17,050","17,500","17,050","4,61K","0,00%"
"18.12.2018","17,500","17,650","17,800","17,300","7,31K","-1,13%"
"17.12.2018","17,700","17,800","17,800","17,200","3,04K","1,14%"
"14.12.2018","17,500","17,800","17,800","17,350","4,95K","0,57%"
"13.12.2018","17,400","17,700","17,700","17,100","4,67K","0,58%"
"12.12.2018","17,300","17,350","17,450","17,200","26,72K","0,29%"
"11.12.2018","17,250","17,050","17,300","17,000","2,01K","0,00%"
"10.12.2018","17,250","17,000","17,350","17,000","1,57K","0,00%"
"07.12.2018","17,250","17,150","17,350","17,050","2,22K","0,29%"
"06.12.2018","17,200","17,150","17,300","17,000","5,17K","-0,29%"
"05.12.2018","17,250","17,300","17,300","17,200","0,81K","-0,58%"
"04.12.2018","17,350","17,700","17,800","17,200","18,35K","-0,86%"
"03.12.2018","17,500","17,500","17,700","17,450","11,17K","0,29%"
"30.11.2018","17,450","17,500","17,500","16,850","23,49K","0,00%"
"29.11.2018","17,450","17,150","17,450","17,100","9,38K","1,75%"
"28.11.2018","17,150","17,300","17,350","17,100","5,82K","-0,87%"
"27.11.2018","17,300","17,500","17,500","17,300","2,32K","-1,14%"
"26.11.2018","17,500","17,200","17,500","17,200","2,45K","1,74%"
"23.11.2018","17,200","17,500","17,500","17,200","3,14K","-1,71%"
"22.11.2018","17,500","17,200","17,500","17,200","1,35K","0,57%"
"21.11.2018","17,400","17,300","17,450","17,300","1,09K","0,87%"
"20.11.2018","17,250","17,200","17,800","17,200","3,59K","-3,09%"
"19.11.2018","17,800","18,000","18,150","17,200","10,66K","-1,11%"
"16.11.2018","18,000","18,000","18,000","17,350","7,58K","0,00%"
"15.11.2018","18,000","17,000","18,000","17,000","8,09K","4,65%"
"14.11.2018","17,200","17,500","17,500","16,950","1,48K","-1,15%"
"13.11.2018","17,400","17,500","17,900","17,250","4,27K","0,00%"
"12.11.2018","17,400","16,650","17,500","16,650","3,54K","1,16%"
"09.11.2018","17,200","17,200","17,250","17,000","6,34K","1,18%"
"08.11.2018","17,000","17,200","17,250","16,900","10,30K","1,19%"
"07.11.2018","16,800","16,500","17,400","16,500","12,30K","0,30%"
"06.11.2018","16,750","16,500","16,800","16,500","9,23K","1,82%"
"05.11.2018","16,450","16,200","16,500","15,550","1,94K","0,61%"
"02.11.2018","16,350","16,300","16,500","16,300","6,46K","1,87%"
"01.11.2018","16,050","16,300","16,350","16,050","1,87K","-1,53%"
"31.10.2018","16,300","16,400","16,400","16,100","10,32K","0,00%"
"30.10.2018","16,300","16,250","16,350","16,200","2,01K","0,31%"
"29.10.2018","16,250","16,250","16,350","16,000","18,71K","0,31%"
"26.10.2018","16,200","16,000","16,250","16,000","9,76K","-0,31%"
"25.10.2018","16,250","16,300","16,300","16,050","4,20K","-0,31%"
"24.10.2018","16,300","16,000","16,350","16,000","2,26K","2,52%"
"23.10.2018","15,900","16,000","16,400","15,700","10,45K","-1,24%"
"22.10.2018","16,100","15,500","16,700","15,500","10,18K","1,26%"
"19.10.2018","15,900","16,000","16,400","15,900","12,41K","-3,05%"
"18.10.2018","16,400","16,200","17,250","16,150","34,09K","0,31%"
"17.10.2018","16,350","15,800","16,750","15,700","170,86K","4,14%"
"16.10.2018","15,700","15,500","15,800","15,150","5,35K","1,29%"
"15.10.2018","15,500","15,750","15,800","15,500","5,73K","-1,27%"
"12.10.2018","15,700","15,700","15,700","15,700","2,20K","1,29%"
"11.10.2018","15,500","15,850","15,850","15,350","86,03K","0,00%"
"10.10.2018","15,500","16,300","16,300","15,400","20,32K","0,00%"
"09.10.2018","15,500","15,300","15,500","15,050","36,64K","0,32%"
"08.10.2018","15,450","15,450","15,450","15,450","28,86K","1,64%"
"05.10.2018","15,200","15,250","15,400","15,050","32,09K","2,70%"
"04.10.2018","14,800","14,950","14,950","14,800","0,86K","-2,63%"
"03.10.2018","15,200","15,600","15,600","14,850","1,88K","1,33%"
"02.10.2018","15,000","15,400","15,700","15,000","9,55K","-5,06%"
"01.10.2018","15,800","15,700","15,700","15,350","0,36K","0,00%"
"28.09.2018","15,800","15,400","15,750","15,400","0,24K","0,00%"
"27.09.2018","15,800","14,950","15,800","14,950","1,45K","2,60%"
"26.09.2018","15,400","15,100","15,550","15,100","6,88K","1,32%"
"25.09.2018","15,200","15,700","15,800","15,150","2,98K","-2,56%"
"24.09.2018","15,600","16,200","16,200","15,550","3,13K","-2,80%"
"21.09.2018","16,050","16,100","16,450","16,000","3,19K","-2,43%"
"20.09.2018","16,450","16,250","16,450","16,250","1,13K","0,61%"
"19.09.2018","16,350","16,400","16,400","16,100","0,88K","0,93%"
"18.09.2018","16,200","16,650","16,700","16,150","1,63K","-0,31%"
"17.09.2018","16,250","16,100","16,700","16,100","2,19K","0,00%"
"14.09.2018","16,250","16,400","16,400","16,200","0,67K","-0,91%"
"13.09.2018","16,400","16,400","16,600","16,400","0,30K","0,00%"
"12.09.2018","16,400","16,400","16,550","16,300","1,78K","0,00%"
"11.09.2018","16,400","16,800","16,900","16,200","23,41K","-0,30%"
"10.09.2018","16,450","16,050","16,650","16,050","1,48K","2,17%"
"07.09.2018","16,100","15,900","16,150","15,800","0,93K","0,63%"
"06.09.2018","16,000","16,000","16,400","15,950","2,34K","-3,61%"
"04.09.2018","16,600","16,450","16,650","16,450","1,29K","2,47%"
"03.09.2018","16,200","16,900","16,900","16,050","1,90K","-1,52%"
"31.08.2018","16,450","16,600","16,750","16,300","0,38K","0,00%"
"30.08.2018","16,450","16,450","16,650","16,450","0,29K","0,00%"
"29.08.2018","16,450","16,400","16,700","16,300","8,40K","1,23%"
"28.08.2018","16,250","16,250","16,500","16,250","1,26K","-0,31%"
"27.08.2018","16,300","16,300","16,750","16,300","0,26K","0,00%"
"24.08.2018","16,300","16,350","16,750","16,250","0,74K","-0,31%"
"23.08.2018","16,350","16,350","16,750","16,350","0,76K","-2,10%"
"22.08.2018","16,700","16,700","16,700","16,700","1,41K","0,60%"
"21.08.2018","16,600","16,300","16,600","16,300","1,43K","0,61%"
"20.08.2018","16,500","16,250","16,700","16,200","12,32K","-1,49%"
"17.08.2018","16,750","16,400","16,750","16,400","0,95K","-0,59%"
"16.08.2018","16,850","16,750","16,900","16,250","12,53K","1,20%"
"15.08.2018","16,650","16,200","16,700","16,200","0,16K","0,00%"
"14.08.2018","16,650","16,200","16,650","16,200","0,53K","2,78%"
"13.08.2018","16,200","16,200","16,500","16,200","0,36K","0,00%"
"10.08.2018","16,200","16,200","16,650","16,200","4,75K","-0,61%"
"09.08.2018","16,300","16,250","16,300","16,200","1,36K","-0,61%"
"08.08.2018","16,400","16,450","16,450","16,400","1,06K","-0,61%"
"07.08.2018","16,500","16,250","16,450","16,250","0,38K","0,00%"
"06.08.2018","16,500","16,500","16,500","16,500","0,47K","0,00%"
"03.08.2018","16,500","16,850","16,850","16,850","0,40K","0,00%"
"02.08.2018","16,500","16,500","16,500","16,000","0,89K","1,85%"
"01.08.2018","16,200","16,200","16,450","16,100","1,17K","0,31%"
"31.07.2018","16,150","16,200","16,250","16,200","0,25K","0,00%"
"30.07.2018","16,150","16,100","16,250","16,000","0,61K","0,31%"
"27.07.2018","16,100","16,250","16,250","15,650","1,27K","3,87%"
"26.07.2018","15,500","15,750","15,750","15,500","12,57K","-3,13%"
"25.07.2018","16,000","16,100","16,200","15,800","1,91K","0,00%"
"24.07.2018","16,000","16,000","16,100","15,950","3,11K","1,59%"
"23.07.2018","15,750","16,300","16,300","15,750","7,67K","-3,37%"
"20.07.2018","16,300","17,200","17,200","16,200","1,33K","-3,26%"
"19.07.2018","16,850","16,850","17,100","16,850","2,48K","0,30%"
"18.07.2018","16,800","16,750","17,100","16,250","11,17K","0,30%"
"17.07.2018","16,750","16,650","16,750","16,050","2,67K","1,52%"
"16.07.2018","16,500","16,450","16,600","16,450","7,96K","0,30%"
"13.07.2018","16,450","16,600","16,650","16,400","3,98K","-0,60%"
"12.07.2018","16,550","16,500","16,550","16,300","24,88K","1,53%"
"11.07.2018","16,300","16,450","16,600","16,300","0,58K","-0,91%"
"10.07.2018","16,450","15,900","16,450","15,900","44,77K","-0,30%"
"09.07.2018","16,500","16,400","16,900","16,300","8,14K","2,17%"
"06.07.2018","16,150","16,300","16,400","15,900","1,17K","-1,52%"
"05.07.2018","16,400","16,150","16,400","15,800","3,23K","4,13%"
"04.07.2018","15,750","16,200","16,300","15,700","6,82K","-0,32%"
"03.07.2018","15,800","15,950","15,950","15,550","1,71K","2,27%"
"02.07.2018","15,450","16,150","16,150","15,450","2,33K","-1,59%"
"29.06.2018","15,700","15,350","16,200","15,350","2,86K","0,64%"
"28.06.2018","15,600","15,700","15,950","15,550","0,85K","-2,19%"
"27.06.2018","15,950","16,050","16,200","15,650","2,37K","-0,31%"
"26.06.2018","16,000","15,600","16,050","15,600","0,66K","1,27%"
"25.06.2018","15,800","15,800","15,900","15,600","0,73K","-0,63%"
"22.06.2018","15,900","15,850","16,000","15,850","2,28K","0,63%"
"21.06.2018","15,800","15,850","15,900","15,600","0,43K","0,00%"
"20.06.2018","15,800","15,800","16,000","15,400","7,43K","-0,32%"
"19.06.2018","15,850","15,900","15,900","15,900","0,11K","0,00%"
"18.06.2018","15,850","16,250","16,250","15,800","1,39K","-0,63%"
"15.06.2018","15,950","16,000","16,050","15,750","11,17K","-0,62%"
"14.06.2018","16,050","16,000","16,500","15,950","2,34K","0,00%"
"13.06.2018","16,050","16,250","16,450","16,050","4,19K","-0,93%"
"12.06.2018","16,200","16,500","16,500","16,200","8,02K","-1,82%"
"11.06.2018","16,500","16,500","16,500","16,500","0,84K","-1,20%"
"08.06.2018","16,700","16,650","16,850","16,650","6,15K","2,45%"
"07.06.2018","16,300","16,150","16,700","16,150","1,38K","0,93%"
"06.06.2018","16,150","16,150","16,600","16,150","0,45K","0,00%"
"05.06.2018","16,150","16,150","16,600","16,150","0,50K","0,00%"
"04.06.2018","16,150","16,250","16,950","16,100","2,46K","-0,62%"
"01.06.2018","16,250","15,650","16,550","15,600","2,51K","3,17%"
"31.05.2018","15,750","15,950","16,750","15,750","14,90K","-3,08%"
"30.05.2018","16,250","16,650","16,650","16,200","1,33K","-1,52%"
"29.05.2018","16,500","16,500","16,750","16,500","2,74K","-0,30%"
"28.05.2018","16,550","16,900","16,900","16,550","0,81K","-0,30%"
"25.05.2018","16,600","16,550","16,900","16,550","4,66K","0,61%"
"24.05.2018","16,500","16,500","16,750","16,400","2,14K","-0,30%"
"23.05.2018","16,550","16,450","16,850","16,450","2,68K","0,00%"
"22.05.2018","16,550","16,550","16,550","16,250","6,22K","0,00%"
"21.05.2018","16,550","16,950","16,950","16,550","3,54K","-2,07%"
"18.05.2018","16,900","16,900","17,150","16,900","2,07K","-2,03%"
"17.05.2018","17,250","16,750","17,250","16,750","1,25K","0,88%"
"16.05.2018","17,100","17,200","17,200","16,900","0,44K","0,00%"
"15.05.2018","17,100","17,050","17,300","16,850","6,57K","1,48%"
"14.05.2018","16,850","17,000","17,100","16,800","3,40K","0,30%"
"11.05.2018","16,800","17,200","17,250","16,800","3,78K","-2,61%"
"10.05.2018","17,250","17,000","17,250","16,850","3,02K","1,47%"
"09.05.2018","17,000","16,900","17,500","16,900","2,77K","0,00%"
"08.05.2018","17,000","16,950","17,500","16,950","0,22K","0,00%"
"07.05.2018","17,000","17,200","17,500","16,900","1,31K","-0,87%"
"04.05.2018","17,150","17,250","17,400","16,900","1,29K","2,08%"
"03.05.2018","16,800","16,850","17,200","16,750","3,61K","-0,30%"
"02.05.2018","16,850","17,200","17,250","17,150","0,31K","0,00%"
"30.04.2018","16,850","16,950","17,250","16,550","1,87K","-0,59%"
"27.04.2018","16,950","17,300","17,300","16,950","5,18K","-0,88%"
"26.04.2018","17,100","17,250","17,300","16,900","10,64K","-0,58%"
"25.04.2018","17,200","17,300","17,300","17,000","3,32K","1,18%"
"23.04.2018","17,000","17,100","17,250","17,000","2,19K","-0,87%"
"20.04.2018","17,150","17,050","17,200","17,050","1,05K","-0,87%"
"19.04.2018","17,300","17,000","17,400","17,000","1,21K","3,90%"
"18.04.2018","16,650","16,650","17,200","16,600","0,60K","-2,63%"
"17.04.2018","17,100","16,750","17,100","16,750","0,82K","1,18%"
"16.04.2018","16,900","17,300","17,300","16,600","25,54K","-2,31%"
"13.04.2018","17,300","17,200","17,500","17,200","0,58K","-0,86%"
"12.04.2018","17,450","17,250","17,500","17,250","1,23K","0,00%"
"11.04.2018","17,450","17,150","17,150","17,100","0,15K","0,00%"
"10.04.2018","17,450","17,450","17,450","17,150","0,37K","0,00%"
"09.04.2018","17,450","17,550","17,550","17,150","2,59K","0,87%"
"06.04.2018","17,300","17,250","17,300","17,150","0,96K","-0,57%"
"05.04.2018","17,400","17,050","17,400","17,050","0,63K","0,87%"
"04.04.2018","17,250","17,500","17,700","17,000","10,98K","-0,29%"
"03.04.2018","17,300","17,000","17,400","16,650","0,59K","1,76%"
"29.03.2018","17,000","17,000","17,400","17,000","0,31K","0,00%"
"28.03.2018","17,000","17,000","17,400","17,000","1,29K","-1,73%"
"27.03.2018","17,300","17,400","17,800","17,050","3,07K","1,76%"
"26.03.2018","17,000","17,000","17,550","17,000","1,74K","-0,29%"
"23.03.2018","17,050","17,350","17,550","16,850","1,35K","-0,87%"
"22.03.2018","17,200","17,000","17,250","17,000","0,98K","1,18%"
"21.03.2018","17,000","16,900","17,250","16,550","3,03K","-1,16%"
"20.03.2018","17,200","16,900","17,250","16,900","0,90K","1,78%"
"19.03.2018","16,900","17,350","17,350","16,750","1,82K","-3,98%"
"16.03.2018","17,600","17,550","17,600","17,050","3,40K","0,00%"
"15.03.2018","17,600","17,350","17,450","17,050","0,38K","0,00%"
"14.03.2018","17,600","17,550","17,800","17,150","27,51K","0,00%"
"13.03.2018","17,600","17,550","17,600","17,250","1,87K","0,00%"
"12.03.2018","17,600","17,400","17,600","17,400","2,08K","1,73%"
"09.03.2018","17,300","17,150","17,300","16,900","1,46K","1,17%"
"08.03.2018","17,100","17,250","17,250","16,850","4,48K","-0,58%"
"07.03.2018","17,200","17,100","17,200","17,000","1,84K","1,18%"
"06.03.2018","17,000","17,000","17,000","16,700","2,53K","0,00%"
"05.03.2018","17,000","16,350","17,000","16,350","5,66K","0,59%"
"02.03.2018","16,900","16,800","16,950","16,250","6,40K","1,20%"
"01.03.2018","16,700","16,700","16,750","16,700","0,55K","-0,30%"
"28.02.2018","16,750","16,700","16,750","16,650","2,65K","1,82%"
"27.02.2018","16,450","16,050","16,450","16,050","0,83K","1,86%"
"26.02.2018","16,150","15,650","16,200","15,650","0,78K","0,00%"
"23.02.2018","16,150","16,050","16,200","15,850","2,12K","-0,92%"
"22.02.2018","16,300","16,250","16,300","16,250","2,96K","0,62%"
"21.02.2018","16,200","16,250","16,250","16,200","0,85K","0,31%"
"20.02.2018","16,150","16,200","16,200","15,800","2,69K","-0,31%"
"19.02.2018","16,200","15,900","16,200","15,900","1,14K","0,00%"
"16.02.2018","16,200","16,200","16,200","16,100","3,59K","0,00%"
"15.02.2018","16,200","15,850","16,200","15,850","1,46K","0,31%"
"14.02.2018","16,150","16,150","16,150","15,900","0,98K","0,94%"
"13.02.2018","16,000","15,750","16,150","15,750","1,15K","-0,93%"
"12.02.2018","16,150","15,700","16,200","15,700","1,37K","0,31%"
"09.02.2018","16,100","16,050","16,150","15,750","12,01K","0,63%"
"08.02.2018","16,000","15,750","16,150","15,750","0,32K","0,00%"
"07.02.2018","16,000","16,000","16,000","15,750","17,92K","0,63%"
"06.02.2018","15,900","15,700","16,000","15,700","2,30K","0,63%"
"05.02.2018","15,800","15,800","16,150","15,800","0,61K","-2,47%"
"02.02.2018","16,200","15,850","16,200","15,650","5,62K","0,62%"
"01.02.2018","16,100","15,900","16,100","15,900","1,48K","0,00%"
"31.01.2018","16,100","16,000","16,100","16,000","1,67K","1,58%"
"30.01.2018","15,850","15,850","15,900","15,650","3,62K","0,00%"
"29.01.2018","15,850","15,600","15,850","15,600","2,47K","0,96%"
"26.01.2018","15,700","15,700","16,150","15,550","17,36K","-1,88%"
"25.01.2018","16,000","15,950","16,000","15,750","1,43K","0,63%"
"24.01.2018","15,900","15,950","16,000","15,600","56,09K","-0,63%"
"23.01.2018","16,000","16,000","16,000","15,750","49,91K","0,00%"
"22.01.2018","16,000","16,000","16,000","15,800","0,43K","0,00%"
"19.01.2018","16,000","15,850","16,150","15,850","77,72K","0,00%"
"18.01.2018","16,000","15,800","16,000","15,800","1,37K","0,00%"
"17.01.2018","16,000","15,850","16,000","15,850","22,23K","0,00%"
"16.01.2018","16,000","16,000","16,000","15,900","40,44K","-0,31%"
"15.01.2018","16,050","15,950","16,200","15,750","4,18K","2,23%"
"12.01.2018","15,700","15,700","16,000","15,700","0,33K","0,00%"
"11.01.2018","15,700","15,700","16,000","15,650","1,06K","-1,88%"
"10.01.2018","16,000","15,750","16,000","15,600","3,54K","2,56%"
"09.01.2018","15,600","15,950","15,950","15,550","4,50K","-1,58%"
"08.01.2018","15,850","15,550","15,950","15,550","1,47K","0,32%"
"05.01.2018","15,800","15,750","15,800","15,750","0,81K","1,28%"
"04.01.2018","15,600","15,800","15,850","15,600","3,10K","-2,50%"
"03.01.2018","16,000","15,750","16,000","15,650","1,60K","2,24%"
"02.01.2018","15,650","15,710","15,750","15,710","0,41K","0,00%"
"29.12.2017","15,650","15,610","15,880","15,610","0,90K","0,06%"
"28.12.2017","15,640","15,940","15,940","15,600","1,70K","-0,70%"
"27.12.2017","15,750","15,560","15,990","15,560","2,42K","-0,38%"
"22.12.2017","15,810","16,180","16,200","15,810","3,12K","-2,35%"
"21.12.2017","16,190","16,000","16,400","16,000","2,13K","1,12%"
"20.12.2017","16,010","16,100","16,170","16,000","1,77K","-1,60%"
"19.12.2017","16,270","16,280","16,290","16,130","1,00K","0,00%"
"18.12.2017","16,270","16,350","16,550","16,200","1,64K","-2,92%"
"15.12.2017","16,760","16,410","16,830","16,250","1,41K","0,66%"
"14.12.2017","16,650","16,500","16,920","16,420","0,48K","0,00%"
"13.12.2017","16,650","16,660","16,990","16,610","2,85K","-2,00%"
"12.12.2017","16,990","16,990","17,000","16,650","2,32K","-0,06%"
"11.12.2017","17,000","16,900","17,000","16,500","2,00K","2,41%"
"08.12.2017","16,600","16,900","17,000","16,500","9,38K","-1,25%"
"07.12.2017","16,810","16,700","16,920","16,700","0,58K","-0,94%"
"06.12.2017","16,970","16,980","16,980","16,670","6,51K","3,48%"
"05.12.2017","16,400","16,500","16,670","16,010","9,54K","-1,62%"
"04.12.2017","16,670","16,980","16,980","16,330","0,79K","1,46%"
"01.12.2017","16,430","16,420","16,430","16,420","0,79K","0,00%"
"30.11.2017","16,430","16,650","16,650","16,190","3,30K","-0,67%"
"29.11.2017","16,540","16,050","16,820","16,050","2,04K","1,53%"
"28.11.2017","16,290","16,290","16,290","16,290","1,35K","0,00%"
"27.11.2017","16,290","16,870","16,870","16,100","1,91K","-1,15%"
"24.11.2017","16,480","16,620","16,620","16,000","3,16K","-0,84%"
"23.11.2017","16,620","17,300","17,300","16,310","30,37K","-1,36%"
"22.11.2017","16,850","17,290","17,290","16,850","2,71K","-0,88%"
"21.11.2017","17,000","16,780","17,250","16,780","6,84K","0,00%"
"20.11.2017","17,000","17,000","17,150","17,000","3,45K","0,00%"
"17.11.2017","17,000","17,000","17,300","17,000","3,23K","0,41%"
"16.11.2017","16,930","16,800","16,950","16,800","8,40K","0,89%"
"15.11.2017","16,780","16,510","16,800","16,480","1,86K","2,88%"
"14.11.2017","16,310","16,060","16,590","16,060","2,41K","-2,28%"
"10.11.2017","16,690","16,500","16,800","16,500","0,83K","2,02%"
"09.11.2017","16,360","16,610","16,650","16,260","5,81K","-1,45%"
"08.11.2017","16,600","16,350","16,600","16,200","4,10K","2,53%"
"07.11.2017","16,190","16,170","16,330","16,170","0,63K","-0,86%"
"06.11.2017","16,330","16,150","16,350","16,120","1,01K","0,80%"
"03.11.2017","16,200","16,000","16,690","16,000","1,47K","1,25%"
"02.11.2017","16,000","16,000","16,280","16,000","20,58K","-0,68%"
"01.11.2017","16,110","16,150","16,300","16,150","0,24K","0,00%"
"31.10.2017","16,110","16,420","16,420","15,770","0,25K","0,00%"
"30.10.2017","16,110","16,440","16,440","16,060","1,53K","0,56%"
"27.10.2017","16,020","16,050","16,560","16,000","9,46K","-1,48%"
"26.10.2017","16,260","16,000","16,690","16,000","28,88K","-0,37%"
"25.10.2017","16,320","16,650","16,650","16,310","3,47K","0,12%"
"24.10.2017","16,300","15,420","16,610","15,420","14,53K","6,89%"
"23.10.2017","15,250","15,160","15,430","15,160","1,76K","-0,59%"
"20.10.2017","15,340","15,160","15,490","15,100","6,17K","-0,39%"
"19.10.2017","15,400","15,400","15,540","15,350","10,47K","-0,06%"
"18.10.2017","15,410","15,450","15,890","15,400","1,96K","-0,96%"
"17.10.2017","15,560","16,000","16,000","15,410","0,71K","-1,02%"
"16.10.2017","15,720","15,900","15,950","15,300","9,76K","-0,95%"
"13.10.2017","15,870","15,600","16,000","15,600","3,75K","1,73%"
"12.10.2017","15,600","15,600","15,840","15,600","1,31K","0,00%"
"11.10.2017","15,600","15,900","15,900","15,360","1,53K","-0,06%"
"10.10.2017","15,610","15,790","15,900","15,370","2,41K","0,97%"
"09.10.2017","15,460","15,700","15,700","15,080","0,47K","0,00%"
"06.10.2017","15,460","15,080","15,800","14,740","7,87K","0,72%"
"05.10.2017","15,350","14,500","15,360","14,500","8,78K","4,42%"
"04.10.2017","14,700","15,360","15,360","14,200","21,28K","-4,30%"
"03.10.2017","15,360","15,500","15,860","15,320","7,52K","-2,29%"
"02.10.2017","15,720","16,010","16,310","15,720","6,46K","-2,90%"
"29.09.2017","16,190","16,000","16,220","15,740","3,06K","1,19%"
"28.09.2017","16,000","16,000","16,120","15,950","10,17K","-0,74%"
"27.09.2017","16,120","16,000","16,460","15,720","0,82K","1,64%"
"26.09.2017","15,860","15,860","15,860","15,860","0,61K","-0,88%"
"22.09.2017","16,000","15,720","15,720","15,720","0,01K","0,00%"
"21.09.2017","16,000","16,380","16,380","15,730","0,81K","-0,12%"
"20.09.2017","16,020","15,990","16,320","15,710","3,15K","-2,73%"
"19.09.2017","16,470","15,990","16,650","15,990","0,28K","0,00%"
"18.09.2017","16,470","16,470","16,470","16,470","0,22K","0,00%"
"15.09.2017","16,470","15,900","16,470","15,900","2,29K","2,94%"
"14.09.2017","16,000","16,180","16,180","16,000","0,94K","0,00%"
"13.09.2017","16,000","16,190","16,190","15,870","0,29K","0,00%"
"12.09.2017","16,000","15,930","16,000","15,400","4,77K","2,96%"
"11.09.2017","15,540","15,580","15,920","15,410","1,66K","-3,00%"
"08.09.2017","16,020","16,200","16,200","16,000","0,44K","0,00%"
"07.09.2017","16,020","16,000","16,050","16,000","2,71K","0,13%"
"06.09.2017","16,000","15,520","16,070","15,400","3,84K","1,91%"
"05.09.2017","15,700","15,510","15,950","15,510","0,75K","-3,50%"
"04.09.2017","16,270","15,800","16,000","15,510","0,32K","0,00%"
"01.09.2017","16,270","16,180","16,180","15,780","0,44K","0,00%"
"31.08.2017","16,270","16,280","16,280","16,280","0,01K","0,00%"
"30.08.2017","16,270","16,340","16,340","15,860","0,55K","3,50%"
"29.08.2017","15,720","16,010","16,360","15,580","5,83K","-1,93%"
"28.08.2017","16,030","16,200","16,380","16,000","0,99K","-0,43%"
"25.08.2017","16,100","16,260","16,450","16,050","1,60K","-1,71%"
"24.08.2017","16,380","16,060","16,450","16,060","0,79K","0,00%"
"23.08.2017","16,380","16,380","16,380","16,350","0,21K","0,00%"
"21.08.2017","16,380","16,450","16,450","16,310","0,50K","0,00%"
"18.08.2017","16,380","16,100","16,490","16,100","0,53K","2,25%"
"17.08.2017","16,020","16,020","16,470","16,020","0,41K","0,00%"
"16.08.2017","16,020","16,010","16,210","16,010","1,33K","0,13%"
"15.08.2017","16,000","15,940","16,290","15,940","0,24K","0,00%"
"14.08.2017","16,000","15,990","16,070","15,990","0,78K","1,20%"
"11.08.2017","15,810","15,660","15,820","15,660","0,93K","0,70%"
"10.08.2017","15,700","15,980","15,980","15,760","0,34K","0,00%"
"09.08.2017","15,700","15,650","15,890","15,580","2,56K","-0,82%"
"08.08.2017","15,830","15,830","15,970","15,820","0,24K","0,00%"
"07.08.2017","15,830","16,100","16,100","16,100","0,00K","0,00%"
"04.08.2017","15,830","16,200","16,200","15,770","1,14K","-1,43%"
"03.08.2017","16,060","15,640","16,450","15,640","2,69K","-0,50%"
"02.08.2017","16,140","16,490","16,500","15,660","1,16K","-1,04%"
"01.08.2017","16,310","15,990","16,310","15,770","4,01K","1,18%"
"31.07.2017","16,120","16,000","16,120","15,570","1,41K","2,15%"
"28.07.2017","15,780","16,050","16,050","15,430","6,83K","-2,41%"
"27.07.2017","16,170","15,440","16,490","15,440","6,13K","4,52%"
"26.07.2017","15,470","15,800","15,950","15,470","2,84K","-0,71%"
"25.07.2017","15,580","15,730","15,870","15,420","0,81K","-0,95%"
"24.07.2017","15,730","15,650","15,900","15,500","0,42K","0,00%"
"21.07.2017","15,730","15,710","16,000","15,430","1,09K","-0,13%"
"20.07.2017","15,750","15,800","15,950","15,800","0,27K","0,00%"
"19.07.2017","15,750","15,700","16,180","15,700","0,98K","0,90%"
"18.07.2017","15,610","15,270","15,740","15,270","9,91K","2,03%"
"17.07.2017","15,300","15,650","15,650","15,300","3,23K","-1,67%"
"14.07.2017","15,560","15,260","15,570","15,260","0,68K","-0,06%"
"13.07.2017","15,570","15,250","15,660","15,250","1,70K","0,45%"
"12.07.2017","15,500","15,250","15,700","15,250","17,15K","0,78%"
"11.07.2017","15,380","15,580","15,590","15,250","1,52K","-1,41%"
"10.07.2017","15,600","15,510","15,850","15,250","5,90K","2,43%"
"07.07.2017","15,230","16,350","16,400","15,210","14,07K","-4,51%"
"06.07.2017","15,950","16,160","16,570","15,810","9,73K","-1,73%"
"05.07.2017","16,230","16,500","16,940","16,130","7,90K","-3,39%"
"04.07.2017","16,800","17,790","17,790","16,530","5,04K","-2,61%"
"03.07.2017","17,250","17,150","17,740","16,920","20,80K","1,05%"
"30.06.2017","17,070","16,760","18,750","16,760","16,88K","2,22%"
"29.06.2017","16,700","16,330","16,750","16,330","7,67K","2,20%"
"28.06.2017","16,340","16,250","16,350","16,050","3,59K","0,06%"
"27.06.2017","16,330","16,250","16,420","16,200","3,40K","0,80%"
"26.06.2017","16,200","16,290","16,390","16,030","1,60K","0,00%"
"23.06.2017","16,200","15,620","16,450","15,620","6,03K","1,25%"
"22.06.2017","16,000","15,890","16,100","15,890","44,74K","0,95%"
"21.06.2017","15,850","15,610","15,890","15,610","7,10K","1,54%"
"20.06.2017","15,610","15,900","15,900","15,610","1,23K","-0,76%"
"19.06.2017","15,730","15,650","15,980","15,530","3,56K","2,14%"
"16.06.2017","15,400","15,640","15,720","15,100","60,04K","0,52%"
"15.06.2017","15,320","15,750","15,750","15,220","8,64K","-1,61%"
"14.06.2017","15,570","15,020","15,680","15,020","8,24K","2,98%"
"13.06.2017","15,120","15,260","15,370","15,080","3,32K","0,27%"
"12.06.2017","15,080","15,800","15,800","15,010","7,34K","-0,46%"
"09.06.2017","15,150","15,000","15,520","15,000","5,53K","0,46%"
"08.06.2017","15,080","15,810","15,810","15,000","11,30K","-3,70%"
"07.06.2017","15,660","15,650","15,750","15,640","0,56K","0,77%"
"06.06.2017","15,540","16,070","16,070","15,440","5,82K","-4,72%"
"05.06.2017","16,310","16,000","16,330","15,990","2,60K","2,58%"
"02.06.2017","15,900","15,990","16,220","15,900","3,63K","1,02%"
"01.06.2017","15,740","15,330","15,860","15,330","5,64K","1,55%"
"31.05.2017","15,500","15,810","15,940","15,350","10,64K","-2,70%"
"30.05.2017","15,930","15,840","16,440","15,700","5,30K","-1,42%"
"29.05.2017","16,160","15,870","16,450","15,870","1,50K","2,02%"
"26.05.2017","15,840","15,840","16,200","15,840","3,72K","0,00%"
"25.05.2017","15,840","15,710","15,990","15,710","5,48K","0,25%"
"24.05.2017","15,800","15,920","15,920","15,770","3,09K","-0,69%"
"23.05.2017","15,910","15,800","15,920","15,700","4,20K","0,70%"
"22.05.2017","15,800","15,380","15,800","15,380","2,59K","0,51%"
"19.05.2017","15,720","15,700","15,750","15,500","1,45K","1,42%"
"18.05.2017","15,500","15,370","15,780","15,370","3,02K","-1,77%"
"17.05.2017","15,780","15,510","15,780","15,500","5,84K","1,81%"
"16.05.2017","15,500","15,360","15,500","15,360","0,72K","0,19%"
"15.05.2017","15,470","15,360","15,500","15,350","2,44K","0,59%"
"12.05.2017","15,380","15,310","15,580","15,310","3,82K","-0,77%"
"11.05.2017","15,500","15,500","15,540","15,300","4,36K","0,00%"
"10.05.2017","15,500","15,510","15,700","15,350","8,36K","-1,21%"
"09.05.2017","15,690","15,500","15,700","15,500","5,79K","1,23%"
"08.05.2017","15,500","15,500","15,500","15,290","4,38K","0,19%"
"05.05.2017","15,470","15,090","15,470","15,090","2,75K","-0,19%"
"04.05.2017","15,500","15,320","15,500","15,320","5,53K","1,31%"
"03.05.2017","15,300","15,180","15,320","15,150","6,68K","1,06%"
"02.05.2017","15,140","15,200","15,240","15,080","1,26K","-0,26%"
"28.04.2017","15,180","14,960","15,180","14,960","2,46K","1,20%"
"27.04.2017","15,000","15,000","15,240","14,990","7,73K","-0,40%"
"26.04.2017","15,060","14,950","15,070","14,850","13,16K","0,74%"
"25.04.2017","14,950","14,850","14,950","14,850","6,03K","0,27%"
"24.04.2017","14,910","14,870","14,920","14,770","3,88K","0,68%"
"21.04.2017","14,810","14,600","14,850","14,600","7,86K","1,37%"
"20.04.2017","14,610","14,600","14,780","14,500","1,43K","0,55%"
"19.04.2017","14,530","14,530","14,650","14,410","1,64K","0,83%"
"18.04.2017","14,410","14,600","14,620","14,400","5,43K","-1,44%"
"13.04.2017","14,620","14,850","14,850","14,580","5,46K","-1,68%"
"12.04.2017","14,870","14,630","14,870","14,610","2,66K","1,78%"
"11.04.2017","14,610","14,800","14,870","14,600","3,08K","-0,95%"
"10.04.2017","14,750","14,640","14,810","14,550","2,58K","1,37%"
"07.04.2017","14,550","14,750","14,750","14,540","29,13K","-2,68%"
"06.04.2017","14,950","14,470","14,950","14,470","5,97K","1,15%"
"05.04.2017","14,780","14,920","14,920","14,400","5,58K","-0,67%"
"04.04.2017","14,880","14,700","14,890","14,400","8,92K","1,22%"
"03.04.2017","14,700","14,650","14,700","14,550","10,04K","0,34%"
"31.03.2017","14,650","14,510","14,650","14,500","5,85K","1,74%"
"30.03.2017","14,400","14,510","14,510","14,400","6,29K","-0,48%"
"29.03.2017","14,470","14,410","14,570","14,400","6,23K","0,14%"
"28.03.2017","14,450","14,830","14,830","14,400","3,61K","-2,56%"
"27.03.2017","14,830","14,950","14,950","14,400","5,89K","0,61%"
"24.03.2017","14,740","14,890","14,890","14,440","4,30K","-0,87%"
"23.03.2017","14,870","14,600","14,870","14,500","16,42K","4,35%"
"22.03.2017","14,250","14,600","14,600","14,230","3,46K","-2,80%"
"21.03.2017","14,660","13,900","14,850","13,900","20,60K","3,53%"
"20.03.2017","14,160","14,350","14,350","13,850","3,72K","0,57%"
"17.03.2017","14,080","13,950","14,100","13,850","5,96K","2,70%"
"16.03.2017","13,710","14,300","14,390","13,650","22,09K","-2,77%"
"15.03.2017","14,100","14,170","14,170","14,040","1,70K","0,71%"
"14.03.2017","14,000","14,300","14,300","14,000","24,58K","-1,06%"
"13.03.2017","14,150","14,500","14,500","14,150","7,87K","0,00%"
"10.03.2017","14,150","14,300","14,470","14,110","7,30K","-1,87%"
"09.03.2017","14,420","14,850","14,850","14,420","14,67K","-2,57%"
"08.03.2017","14,800","14,490","14,890","14,200","14,04K","1,37%"
"07.03.2017","14,600","14,600","14,890","14,500","61,87K","6,18%"
"06.03.2017","13,750","13,600","13,860","13,550","10,85K","0,00%"
"03.03.2017","13,750","13,560","13,980","13,560","13,81K","0,00%"
"02.03.2017","13,750","13,880","13,880","13,680","7,91K","0,44%"
"01.03.2017","13,690","13,400","13,850","13,400","5,17K","1,41%"
"28.02.2017","13,500","14,200","14,280","13,400","8,16K","-3,23%"
"27.02.2017","13,950","14,160","14,160","13,450","5,09K","-2,04%"
"24.02.2017","14,240","14,470","14,500","14,230","0,59K","0,07%"
"23.02.2017","14,230","14,300","14,300","14,100","7,27K","-0,49%"
"22.02.2017","14,300","14,260","14,390","14,220","7,34K","0,28%"
"21.02.2017","14,260","14,500","14,500","14,110","10,53K","-1,66%"
"20.02.2017","14,500","14,700","14,700","14,320","6,39K","1,26%"
"17.02.2017","14,320","14,500","14,600","14,300","7,06K","3,10%"
"16.02.2017","13,890","14,740","15,390","13,890","33,74K","-2,87%"
"15.02.2017","14,300","14,390","14,500","13,630","8,79K","0,28%"
"14.02.2017","14,260","14,200","14,390","14,150","5,60K","1,49%"
"13.02.2017","14,050","14,100","14,200","14,020","2,08K","0,07%"
"10.02.2017","14,040","13,910","14,050","13,800","5,17K","2,11%"
"09.02.2017","13,750","13,500","13,850","13,500","6,54K","2,61%"
"08.02.2017","13,400","13,140","13,550","13,140","5,01K","1,52%"
"07.02.2017","13,200","13,200","13,200","13,130","0,98K","0,00%"
"06.02.2017","13,200","13,190","13,320","13,190","2,39K","-1,64%"
"03.02.2017","13,420","13,060","13,450","13,060","5,34K","1,98%"
"02.02.2017","13,160","13,350","13,350","13,200","0,35K","0,00%"
"01.02.2017","13,160","13,250","13,410","13,140","1,44K","-0,45%"
"31.01.2017","13,220","13,090","13,400","13,020","2,68K","-1,34%"
"30.01.2017","13,400","13,430","13,430","13,070","1,12K","1,52%"
"27.01.2017","13,200","13,290","13,400","13,030","13,50K","0,76%"
"26.01.2017","13,100","13,130","13,390","12,880","7,62K","-1,50%"
"25.01.2017","13,300","13,020","13,330","13,020","16,05K","2,54%"
"24.01.2017","12,970","13,160","13,160","12,960","4,22K","-1,14%"
"23.01.2017","13,120","13,100","13,120","12,990","2,16K","0,85%"
"20.01.2017","13,010","13,010","13,050","13,000","6,59K","0,70%"
"19.01.2017","12,920","12,820","13,010","12,700","5,28K","-0,08%"
"18.01.2017","12,930","13,000","13,030","12,650","11,55K","-0,92%"
"17.01.2017","13,050","13,000","13,100","13,000","10,47K","0,38%"
"16.01.2017","13,000","12,800","13,010","12,710","3,11K","1,17%"
"13.01.2017","12,850","12,850","12,940","12,680","19,03K","0,78%"
"12.01.2017","12,750","13,000","13,000","12,700","4,99K","-1,92%"
"11.01.2017","13,000","12,800","13,000","12,700","16,90K","1,09%"
"10.01.2017","12,860","12,600","12,950","12,600","15,56K","0,23%"
"09.01.2017","12,830","12,200","12,830","12,200","31,53K","4,14%"
"06.01.2017","12,320","12,310","12,430","12,310","2,17K","0,16%"
"05.01.2017","12,300","12,270","12,400","12,260","4,52K","0,41%"
"04.01.2017","12,250","12,450","12,450","12,250","2,60K","-1,21%"
"03.01.2017","12,400","12,150","12,450","12,150","4,89K","2,06%"
"02.01.2017","12,150","12,150","12,400","12,150","3,58K","-1,46%"
"30.12.2016","12,330","12,240","12,400","12,240","3,45K","0,82%"
"29.12.2016","12,230","12,340","12,370","12,230","5,02K","-0,73%"
"28.12.2016","12,320","12,280","12,400","12,230","5,30K","0,49%"
"27.12.2016","12,260","12,240","12,460","12,230","10,64K","-2,31%"
"23.12.2016","12,550","12,200","12,550","12,200","8,21K","1,21%"
"22.12.2016","12,400","12,500","12,570","12,270","15,99K","-0,48%"
"21.12.2016","12,460","12,190","12,470","12,190","3,64K","1,88%"
"20.12.2016","12,230","12,100","12,230","12,100","10,18K","0,99%"
"19.12.2016","12,110","12,160","12,200","12,060","2,48K","-0,66%"
"16.12.2016","12,190","12,100","12,200","12,060","2,97K","0,58%"
"15.12.2016","12,120","12,100","12,180","12,000","16,27K","0,00%"
"14.12.2016","12,120","12,000","12,120","11,960","20,08K","0,75%"
"13.12.2016","12,030","11,950","12,080","11,950","4,83K","0,84%"
"12.12.2016","11,930","11,860","12,000","11,840","5,41K","0,42%"
"09.12.2016","11,880","11,720","12,070","11,720","11,71K","1,37%"
"08.12.2016","11,720","11,830","11,900","11,720","2,92K","-1,01%"
"07.12.2016","11,840","11,720","12,100","11,720","7,22K","-0,42%"
"06.12.2016","11,890","11,820","12,070","11,750","3,71K","1,54%"
"05.12.2016","11,710","11,710","11,800","11,660","5,69K","-1,60%"
"02.12.2016","11,900","11,710","11,910","11,600","7,12K","2,59%"
"01.12.2016","11,600","11,790","11,920","11,560","10,52K","-1,36%"
"30.11.2016","11,760","11,690","11,760","11,320","141,99K","1,47%"
"29.11.2016","11,590","11,400","11,780","11,280","16,00K","0,70%"
"28.11.2016","11,510","11,800","11,800","11,420","29,43K","-0,52%"
"25.11.2016","11,570","11,830","11,830","11,520","8,50K","0,35%"
"24.11.2016","11,530","11,850","11,850","11,530","35,41K","-1,37%"
"23.11.2016","11,690","11,860","11,900","11,510","28,67K","2,10%"
"22.11.2016","11,450","11,280","11,690","11,280","13,03K","2,42%"
"21.11.2016","11,180","11,270","11,270","10,800","24,26K","1,45%"
"18.11.2016","11,020","11,760","11,760","11,020","26,57K","-4,17%"
"17.11.2016","11,500","11,840","11,960","11,400","30,21K","-5,35%"
"16.11.2016","12,150","12,390","12,580","12,150","6,56K","-1,22%"
"15.11.2016","12,300","12,160","12,300","12,090","5,26K","-1,05%"
"14.11.2016","12,430","12,840","12,840","12,260","5,22K","-3,49%"
"11.11.2016","12,880","13,480","13,480","12,850","11,08K","-0,92%"
"10.11.2016","13,000","12,670","13,050","12,570","7,28K","3,92%"
"09.11.2016","12,510","11,680","12,600","11,680","8,86K","1,21%"
"08.11.2016","12,360","12,000","12,510","11,800","8,19K","3,00%"
"07.11.2016","12,000","11,780","12,000","11,660","6,21K","2,92%"
"04.11.2016","11,660","11,400","11,800","11,400","21,79K","0,52%"
"03.11.2016","11,600","11,550","11,870","11,340","7,11K","-1,11%"
"02.11.2016","11,730","12,320","12,350","11,540","16,56K","-4,79%"
"01.11.2016","12,320","12,490","12,610","12,320","1,43K","0,16%"
"31.10.2016","12,300","12,420","12,720","12,300","5,21K","-0,40%"
"28.10.2016","12,350","12,530","12,590","12,350","5,95K","-1,44%"
"27.10.2016","12,530","12,750","12,870","12,530","6,45K","-1,88%"
"26.10.2016","12,770","13,240","13,240","12,590","6,66K","-2,96%"
"25.10.2016","13,160","13,120","13,230","12,880","4,81K","0,08%"
"24.10.2016","13,150","13,000","13,510","13,000","3,90K","0,00%"
"21.10.2016","13,150","12,890","13,490","12,890","2,09K","-1,13%"
"20.10.2016","13,300","13,290","13,320","12,880","3,82K","1,14%"
"19.10.2016","13,150","13,150","13,150","12,970","3,55K","-0,38%"
"18.10.2016","13,200","13,210","13,210","12,720","1,73K","1,15%"
"17.10.2016","13,050","12,710","13,220","12,710","2,35K","0,31%"
"14.10.2016","13,010","12,880","13,250","12,880","5,32K","0,77%"
"13.10.2016","12,910","13,160","13,190","12,880","4,61K","-2,71%"
"12.10.2016","13,270","13,140","13,470","13,140","0,32K","0,00%"
"11.10.2016","13,270","13,250","13,290","13,240","0,18K","0,00%"
"10.10.2016","13,270","13,440","13,470","13,180","1,06K","0,38%"
"07.10.2016","13,220","13,390","13,490","13,090","1,17K","-2,00%"
"06.10.2016","13,490","13,300","13,490","13,250","5,39K","1,28%"
"05.10.2016","13,320","13,310","13,370","13,080","2,18K","1,22%"
"04.10.2016","13,160","13,130","13,160","12,990","0,72K","1,54%"
"03.10.2016","12,960","13,180","13,180","12,960","0,92K","0,08%"
"30.09.2016","12,950","13,100","13,120","12,930","3,72K","-0,92%"
"29.09.2016","13,070","13,050","13,100","12,950","1,01K","0,54%"
"28.09.2016","13,000","13,000","13,100","12,900","5,15K","0,00%"
"27.09.2016","13,000","13,070","13,150","13,000","3,98K","-1,14%"
"26.09.2016","13,150","13,380","13,500","13,150","2,06K","-2,52%"
"23.09.2016","13,490","14,000","14,000","13,490","1,64K","-3,64%"
"22.09.2016","14,000","13,560","14,000","13,340","7,63K","3,24%"
"21.09.2016","13,560","13,340","13,550","13,330","0,33K","0,00%"
"20.09.2016","13,560","13,560","13,780","13,560","0,58K","0,44%"
"19.09.2016","13,500","13,580","13,580","13,300","8,08K","0,00%"
"16.09.2016","13,500","13,350","13,590","13,350","0,32K","0,00%"
"15.09.2016","13,500","13,600","13,700","13,450","0,92K","0,75%"
"14.09.2016","13,400","13,590","13,700","13,400","1,46K","-0,22%"
"13.09.2016","13,430","13,560","13,560","13,330","0,43K","0,00%"
"12.09.2016","13,430","13,800","13,800","13,270","0,96K","-0,59%"
"09.09.2016","13,510","13,790","13,800","13,510","3,94K","0,75%"
"08.09.2016","13,410","13,500","13,550","13,410","1,64K","-0,52%"
"07.09.2016","13,480","13,290","13,500","13,290","1,26K","-0,22%"
"06.09.2016","13,510","13,430","13,520","13,410","1,65K","1,20%"
"05.09.2016","13,350","13,650","13,650","13,200","1,96K","-1,98%"
"02.09.2016","13,620","13,620","13,700","13,550","9,30K","-0,29%"
"01.09.2016","13,660","13,590","13,700","13,540","2,36K","0,89%"
"31.08.2016","13,540","13,160","13,640","13,160","4,34K","-0,37%"
"30.08.2016","13,590","13,660","13,660","13,420","5,94K","1,87%"
"29.08.2016","13,340","13,100","13,440","13,100","2,07K","-0,07%"
"26.08.2016","13,350","13,270","13,360","13,100","3,36K","0,07%"
"25.08.2016","13,340","13,810","13,810","13,260","0,81K","0,00%"
"24.08.2016","13,340","13,840","13,840","13,340","0,95K","-2,20%"
"23.08.2016","13,640","13,340","13,740","13,340","27,20K","3,26%"
"22.08.2016","13,210","12,920","13,340","12,920","0,90K","-1,05%"
"19.08.2016","13,350","13,210","13,350","12,900","2,55K","0,00%"
"18.08.2016","13,350","13,300","13,350","13,300","0,45K","0,00%"
"17.08.2016","13,350","13,200","13,350","13,200","12,32K","1,91%"
"16.08.2016","13,100","13,000","13,160","13,000","3,07K","0,61%"
"15.08.2016","13,020","13,090","13,220","13,010","2,42K","1,56%"
"12.08.2016","12,820","12,840","13,090","12,840","0,34K","0,00%"
"11.08.2016","12,820","13,010","13,180","12,780","1,90K","-1,76%"
"10.08.2016","13,050","13,050","13,200","13,000","1,67K","0,69%"
"09.08.2016","12,960","12,880","13,250","12,880","0,24K","0,00%"
"08.08.2016","12,960","12,840","13,270","12,800","0,24K","0,00%"
"05.08.2016","12,960","13,080","13,080","12,960","2,48K","1,17%"
"04.08.2016","12,810","13,250","13,250","12,740","5,39K","-3,25%"
"03.08.2016","13,240","12,710","13,290","12,710","28,14K","3,44%"
"02.08.2016","12,800","12,950","12,960","12,700","4,25K","0,63%"
"01.08.2016","12,720","13,250","13,250","12,700","7,47K","-1,47%"
"29.07.2016","12,910","12,900","13,370","12,900","23,90K","-0,39%"
"28.07.2016","12,960","13,400","13,400","12,900","14,10K","-0,15%"
"27.07.2016","12,980","13,600","13,600","12,860","20,44K","-1,67%"
"26.07.2016","13,200","13,370","13,450","13,100","8,92K","-0,53%"
"25.07.2016","13,270","13,200","13,850","13,200","10,61K","-2,57%"
"22.07.2016","13,620","13,810","14,170","13,620","15,36K","-2,71%"
"21.07.2016","14,000","14,130","14,140","13,980","2,29K","0,65%"
"20.07.2016","13,910","13,550","14,110","13,550","5,58K","-0,86%"
"19.07.2016","14,030","13,880","14,160","13,870","1,43K","0,57%"
"18.07.2016","13,950","14,240","14,240","13,820","1,42K","0,87%"
"15.07.2016","13,830","13,510","13,950","13,510","1,31K","-1,21%"
"14.07.2016","14,000","14,030","14,030","13,950","2,05K","0,72%"
"13.07.2016","13,900","14,030","14,030","13,650","1,87K","0,58%"
"12.07.2016","13,820","14,030","14,030","13,790","0,79K","-1,50%"
"11.07.2016","14,030","13,670","14,220","13,670","1,01K","2,78%"
"08.07.2016","13,650","14,230","14,230","14,220","0,45K","0,00%"
"07.07.2016","13,650","13,400","14,250","13,400","0,43K","0,00%"
"06.07.2016","13,650","13,390","13,860","13,360","6,29K","1,71%"
"05.07.2016","13,420","13,400","13,900","13,400","1,52K","-2,40%"
"04.07.2016","13,750","14,000","14,000","13,360","0,16K","0,00%"
"01.07.2016","13,750","14,000","14,000","13,280","2,88K","-0,94%"
"30.06.2016","13,880","13,970","13,970","13,300","1,22K","3,58%"
"29.06.2016","13,400","13,000","14,110","13,000","8,47K","0,75%"
"28.06.2016","13,300","12,910","13,350","12,910","6,68K","7,17%"
"27.06.2016","12,410","13,780","13,780","12,400","9,12K","-5,12%"
"24.06.2016","13,080","12,020","13,200","12,020","5,77K","-3,75%"
"23.06.2016","13,590","13,480","13,600","13,480","3,82K","0,97%"
"22.06.2016","13,460","13,250","13,460","13,250","6,93K","0,45%"
"21.06.2016","13,400","13,440","13,440","13,180","3,12K","0,37%"
"20.06.2016","13,350","13,350","13,430","13,350","2,43K","0,68%"
"17.06.2016","13,260","13,020","13,640","13,020","10,78K","-0,38%"
"16.06.2016","13,310","13,660","14,740","13,310","12,99K","-2,56%"
"15.06.2016","13,660","13,920","14,200","13,660","5,03K","-3,26%"
"14.06.2016","14,120","14,350","14,350","13,670","2,13K","1,88%"
"13.06.2016","13,860","14,490","14,490","13,670","2,77K","-0,65%"
"10.06.2016","13,950","13,960","14,150","13,930","1,62K","-1,06%"
"09.06.2016","14,100","13,970","14,150","13,970","0,79K","-1,40%"
"08.06.2016","14,300","14,370","14,370","14,000","1,75K","0,63%"
"07.06.2016","14,210","14,000","14,490","14,000","0,77K","1,00%"
"06.06.2016","14,070","14,010","14,630","13,960","2,83K","0,43%"
"03.06.2016","14,010","14,470","14,640","13,900","1,50K","-2,71%"
"02.06.2016","14,400","14,270","14,740","14,270","1,42K","-0,07%"
"01.06.2016","14,410","14,300","14,490","14,300","1,10K","-0,62%"
"31.05.2016","14,500","14,490","14,500","14,340","5,41K","0,00%"
"30.05.2016","14,500","14,000","14,500","13,960","1,58K","3,13%"
"27.05.2016","14,060","13,930","14,220","13,900","2,44K","0,43%"
"26.05.2016","14,000","13,900","14,130","13,900","2,81K","-0,36%"
"25.05.2016","14,050","14,140","14,140","14,020","0,64K","0,00%"
"24.05.2016","14,050","13,900","14,140","13,820","1,39K","1,66%"
"23.05.2016","13,820","13,920","13,920","13,700","7,21K","-1,29%"
"20.05.2016","14,000","14,440","14,690","13,950","6,94K","0,65%"
"19.05.2016","13,910","14,200","14,760","13,900","12,48K","-2,18%"
"18.05.2016","14,220","14,300","14,310","14,210","4,67K","-1,52%"
"17.05.2016","14,440","14,370","14,580","14,350","1,97K","0,14%"
"16.05.2016","14,420","14,400","14,730","14,390","0,53K","-0,14%"
"13.05.2016","14,440","14,360","14,920","14,360","1,50K","-0,41%"
"12.05.2016","14,500","14,280","14,940","14,090","5,89K","1,54%"
"11.05.2016","14,280","14,260","14,430","14,150","3,31K","-0,21%"
"10.05.2016","14,310","14,240","14,730","14,240","3,67K","-1,04%"
"09.05.2016","14,460","14,600","14,880","14,400","2,80K","-1,30%"
"06.05.2016","14,650","15,000","15,000","14,620","2,07K","-1,55%"
"05.05.2016","14,880","14,680","15,000","14,610","1,26K","1,36%"
"04.05.2016","14,680","14,450","14,890","14,250","6,28K","-1,08%"
"03.05.2016","14,840","15,040","15,170","14,840","3,52K","-1,33%"
"02.05.2016","15,040","14,790","15,040","14,790","2,63K","1,83%"
"29.04.2016","14,770","15,170","15,170","14,710","6,87K","-1,53%"
"28.04.2016","15,000","14,910","15,170","14,910","1,41K","-1,19%"
"27.04.2016","15,180","15,200","15,200","14,930","1,18K","-0,07%"
"26.04.2016","15,190","15,190","15,190","14,720","2,66K","1,81%"
"25.04.2016","14,920","14,990","15,300","14,730","4,68K","-0,80%"
"22.04.2016","15,040","15,200","15,200","15,000","3,63K","-1,05%"
"21.04.2016","15,200","14,910","15,200","14,900","3,35K","-1,17%"
"20.04.2016","15,380","15,100","15,380","14,900","36,11K","0,98%"
"19.04.2016","15,230","15,350","15,350","15,100","2,29K","-0,65%"
"18.04.2016","15,330","14,810","15,330","14,620","12,06K","2,75%"
"15.04.2016","14,920","14,730","14,920","14,710","7,22K","1,50%"
"14.04.2016","14,700","14,670","14,900","14,610","5,22K","-1,34%"
"13.04.2016","14,900","14,940","14,940","14,740","4,68K","-0,27%"
"12.04.2016","14,940","14,900","14,940","14,760","5,18K","0,27%"
"11.04.2016","14,900","14,440","14,900","14,440","3,25K","0,34%"
"08.04.2016","14,850","14,790","14,890","14,620","4,69K","0,34%"
"07.04.2016","14,800","14,210","14,850","14,210","13,94K","1,16%"
"06.04.2016","14,630","14,750","14,750","14,600","2,53K","-0,75%"
"05.04.2016","14,740","14,800","14,800","14,630","4,55K","-0,07%"
"04.04.2016","14,750","14,900","14,900","14,690","4,37K","0,34%"
"01.04.2016","14,700","14,700","14,900","14,690","3,29K","-0,47%"
"31.03.2016","14,770","14,500","14,900","14,360","14,11K","1,79%"
"30.03.2016","14,510","14,310","14,590","13,940","3,74K","-0,07%"
"29.03.2016","14,520","14,600","14,600","14,350","5,20K","-0,55%"
"24.03.2016","14,600","14,550","14,600","14,460","3,66K","0,34%"
"23.03.2016","14,550","14,480","14,550","14,410","3,57K","0,48%"
"22.03.2016","14,480","14,480","14,480","14,260","2,61K","0,84%"
"21.03.2016","14,360","14,550","14,550","14,220","3,68K","0,84%"
"18.03.2016","14,240","14,110","14,280","14,100","3,19K","-1,79%"
"17.03.2016","14,500","14,550","14,550","13,790","4,61K","0,69%"
"16.03.2016","14,400","14,550","14,550","14,280","2,95K","0,42%"
"15.03.2016","14,340","14,430","14,430","14,230","14,57K","0,28%"
"14.03.2016","14,300","14,380","14,500","14,300","3,88K","-0,28%"
"11.03.2016","14,340","14,230","14,440","14,230","2,01K","0,70%"
"10.03.2016","14,240","14,260","14,390","14,240","9,67K","-0,49%"
"09.03.2016","14,310","14,260","14,470","14,250","5,08K","0,14%"
"08.03.2016","14,290","14,600","14,600","14,200","5,65K","-1,38%"
"07.03.2016","14,490","14,880","14,880","14,200","13,78K","-1,23%"
"04.03.2016","14,670","14,300","14,780","14,160","14,31K","2,66%"
"03.03.2016","14,290","13,010","14,290","13,010","18,96K","7,93%"
"02.03.2016","13,240","12,750","13,370","12,750","3,00K","0,23%"
"01.03.2016","13,210","13,310","13,310","13,010","1,30K","2,17%"
"29.02.2016","12,930","12,700","13,060","12,700","8,82K","-1,15%"
"26.02.2016","13,080","12,880","13,180","12,880","3,19K","1,55%"
"25.02.2016","12,880","12,830","12,950","12,560","7,47K","0,47%"
"24.02.2016","12,820","12,880","12,900","12,530","9,23K","-0,62%"
"23.02.2016","12,900","13,270","13,650","12,510","2,36K","0,08%"
"22.02.2016","12,890","12,890","13,150","12,650","6,14K","3,29%"
"19.02.2016","12,480","12,900","12,900","12,290","5,93K","-1,81%"
"18.02.2016","12,710","12,050","12,710","12,040","17,63K","5,56%"
"17.02.2016","12,040","12,100","12,150","12,040","30,55K","-0,58%"
"16.02.2016","12,110","12,290","12,290","12,110","18,24K","-1,54%"
"15.02.2016","12,300","12,390","12,390","12,220","18,26K","-0,73%"
"12.02.2016","12,390","13,000","13,000","12,200","38,89K","-3,35%"
"11.02.2016","12,820","13,320","13,540","12,550","5,63K","-1,54%"
"10.02.2016","13,020","13,400","13,780","13,020","10,63K","-2,25%"
"09.02.2016","13,320","13,710","13,750","13,320","4,09K","-2,77%"
"08.02.2016","13,700","13,850","14,040","13,700","12,33K","-2,28%"
"05.02.2016","14,020","13,900","14,080","13,900","3,55K","-0,43%"
"04.02.2016","14,080","14,000","14,200","13,840","5,63K","0,57%"
"03.02.2016","14,000","14,000","14,170","13,760","8,49K","0,00%"
"02.02.2016","14,000","14,090","14,090","13,900","7,94K","0,00%"
"01.02.2016","14,000","13,780","14,200","13,780","8,31K","0,00%"
"29.01.2016","14,000","13,850","14,290","13,850","5,03K","0,00%"
"28.01.2016","14,000","14,070","14,300","13,890","62,70K","-1,20%"
"27.01.2016","14,170","14,790","14,790","14,170","8,18K","-2,61%"
"26.01.2016","14,550","14,480","14,840","14,480","6,16K","0,34%"
"25.01.2016","14,500","14,340","14,500","14,020","5,60K","3,28%"
"22.01.2016","14,040","14,250","14,320","14,010","13,24K","0,21%"
"21.01.2016","14,010","14,090","14,330","13,900","10,06K","0,43%"
"20.01.2016","13,950","13,800","14,060","13,800","19,75K","-0,36%"
"19.01.2016","14,000","14,290","14,290","13,890","13,72K","-0,71%"
"18.01.2016","14,100","14,180","14,330","13,970","16,34K","-0,14%"
"15.01.2016","14,120","14,500","14,500","13,760","19,70K","-0,91%"
"14.01.2016","14,250","14,500","14,500","13,850","11,01K","0,07%"
"13.01.2016","14,240","14,300","14,440","14,240","7,03K","-2,47%"
"12.01.2016","14,600","14,760","14,760","14,270","10,31K","1,39%"
"11.01.2016","14,400","14,070","14,480","13,860","16,53K","-0,69%"
"08.01.2016","14,500","14,490","14,500","14,000","18,58K","1,97%"
"07.01.2016","14,220","14,200","14,330","13,950","9,02K","-0,63%"
"06.01.2016","14,310","14,490","14,500","14,300","2,33K","0,07%"
"05.01.2016","14,300","14,490","14,490","13,900","2,76K","0,00%"
"04.01.2016","14,300","14,050","14,600","14,010","10,66K","-0,97%"
"31.12.2015","14,440","14,480","14,500","14,360","3,01K","0,70%"
"30.12.2015","14,340","14,490","14,500","14,340","16,34K","0,91%"
"29.12.2015","14,210","14,200","14,490","14,090","23,95K","1,28%"
"28.12.2015","14,030","14,000","14,120","13,840","15,47K","0,86%"
"24.12.2015","13,910","14,080","14,310","13,910","2,16K","-2,59%"
"23.12.2015","14,280","13,660","14,280","13,660","7,44K","2,88%"
"22.12.2015","13,880","13,870","14,000","13,800","8,98K","0,95%"
"21.12.2015","13,750","13,430","13,870","13,430","30,20K","-0,87%"
"18.12.2015","13,870","13,660","14,310","13,660","8,27K","-1,42%"
"17.12.2015","14,070","14,010","14,380","14,010","5,60K","0,50%"
"16.12.2015","14,000","13,680","14,180","13,680","11,37K","0,07%"
"15.12.2015","13,990","13,840","14,230","13,840","6,56K","1,08%"
"14.12.2015","13,840","14,080","14,390","13,820","25,75K","-1,70%"
"11.12.2015","14,080","13,690","14,080","13,610","11,40K","0,50%"
"10.12.2015","14,010","14,080","14,080","13,670","7,23K","-0,50%"
"09.12.2015","14,080","14,000","14,500","13,800","59,07K","-0,56%"
"08.12.2015","14,160","14,500","14,600","14,150","9,99K","-3,87%"
"07.12.2015","14,730","14,500","14,750","14,450","19,61K","1,45%"
"04.12.2015","14,520","14,710","14,710","14,470","10,66K","-0,75%"
"03.12.2015","14,630","14,690","14,710","14,350","4,49K","0,00%"
"02.12.2015","14,630","14,670","14,690","14,490","5,21K","1,04%"
"01.12.2015","14,480","14,200","14,710","14,160","15,05K","0,28%"
"30.11.2015","14,440","14,150","14,460","14,150","24,91K","0,70%"
"27.11.2015","14,340","14,470","14,470","14,220","1,77K","0,84%"
"26.11.2015","14,220","14,500","14,500","14,210","25,84K","-1,86%"
"25.11.2015","14,490","14,390","14,500","14,110","4,22K","0,76%"
"24.11.2015","14,380","14,060","14,390","13,820","7,94K","2,06%"
"23.11.2015","14,090","14,330","14,370","14,030","1,58K","0,00%"
"20.11.2015","14,090","14,390","14,390","14,020","1,70K","-0,14%"
"19.11.2015","14,110","14,330","14,330","14,060","6,12K","-0,91%"
"18.11.2015","14,240","14,230","14,600","14,230","4,43K","-1,79%"
"17.11.2015","14,500","14,140","14,500","14,130","4,76K","0,21%"
"16.11.2015","14,470","14,000","14,470","14,000","12,35K","0,21%"
"13.11.2015","14,440","14,340","14,440","14,010","8,87K","0,70%"
"12.11.2015","14,340","14,440","14,440","14,070","4,73K","-0,97%"
"11.11.2015","14,480","14,450","14,480","13,910","7,58K","0,07%"
"10.11.2015","14,470","14,390","14,480","13,910","6,25K","1,05%"
"09.11.2015","14,320","14,350","14,350","14,070","3,63K","-0,49%"
"06.11.2015","14,390","14,000","14,400","14,000","1,78K","0,42%"
"05.11.2015","14,330","14,440","14,440","13,950","3,41K","-0,76%"
"04.11.2015","14,440","14,420","14,480","14,100","5,93K","1,12%"
"03.11.2015","14,280","13,680","14,750","13,650","17,88K","4,62%"
"02.11.2015","13,650","13,910","13,910","13,410","4,98K","-0,22%"
"30.10.2015","13,680","13,780","13,960","13,630","37,05K","-1,08%"
"29.10.2015","13,830","13,830","14,150","13,720","5,45K","0,07%"
"28.10.2015","13,820","14,200","14,200","13,710","9,22K","-0,72%"
"27.10.2015","13,920","14,200","14,200","13,920","8,05K","-0,57%"
"26.10.2015","14,000","14,580","14,590","14,000","8,65K","-0,07%"
"23.10.2015","14,010","14,590","14,590","14,000","7,16K","-0,64%"
"22.10.2015","14,100","14,000","14,580","14,000","31,98K","0,00%"
"21.10.2015","14,100","14,180","14,180","13,880","4,82K","0,21%"
"20.10.2015","14,070","14,190","14,200","13,820","4,22K","-0,78%"
"19.10.2015","14,180","14,580","14,580","14,130","15,02K","1,07%"
"16.10.2015","14,030","14,500","14,600","14,030","14,97K","-1,41%"
"15.10.2015","14,230","14,400","14,630","14,020","11,98K","1,28%"
"14.10.2015","14,050","13,700","14,200","13,700","6,95K","2,03%"
"13.10.2015","13,770","13,940","13,940","13,700","4,80K","-0,36%"
"12.10.2015","13,820","13,990","13,990","13,780","2,15K","0,80%"
"09.10.2015","13,710","14,000","14,000","13,510","16,55K","-2,07%"
"08.10.2015","14,000","13,500","14,000","13,500","3,41K","-0,85%"
"07.10.2015","14,120","13,800","14,180","13,740","12,15K","2,62%"
"06.10.2015","13,760","13,600","13,950","13,500","5,81K","1,85%"
"05.10.2015","13,510","13,480","13,600","13,360","6,37K","1,12%"
"02.10.2015","13,360","13,380","13,550","13,060","7,03K","0,83%"
"01.10.2015","13,250","13,290","13,490","13,110","9,26K","-0,15%"
"30.09.2015","13,270","12,830","13,270","12,830","18,55K","1,14%"
"29.09.2015","13,120","13,080","13,200","13,000","13,89K","0,15%"
"28.09.2015","13,100","12,700","13,100","12,700","7,66K","0,15%"
"25.09.2015","13,080","13,210","13,230","12,590","16,30K","-0,15%"
"24.09.2015","13,100","13,390","13,390","13,050","10,56K","-1,21%"
"23.09.2015","13,260","13,030","13,380","13,030","15,87K","0,08%"
"22.09.2015","13,250","13,360","13,360","12,990","13,01K","-0,38%"
"21.09.2015","13,300","13,150","13,390","13,120","18,63K","0,15%"
"18.09.2015","13,280","13,130","13,360","13,130","9,35K","-0,08%"
"17.09.2015","13,290","13,050","13,350","13,050","7,98K","0,30%"
"16.09.2015","13,250","12,900","13,370","12,900","17,22K","1,07%"
"15.09.2015","13,110","12,950","13,280","12,880","31,62K","0,85%"
"14.09.2015","13,000","12,800","13,080","12,800","11,30K","0,00%"
"11.09.2015","13,000","12,500","13,080","12,500","46,67K","0,00%"
"10.09.2015","13,000","13,000","13,110","12,830","26,73K","0,78%"
"09.09.2015","12,900","13,400","13,400","12,600","42,67K","0,70%"
"08.09.2015","12,810","13,350","13,350","12,760","18,35K","-1,23%"
"07.09.2015","12,970","13,040","13,360","12,750","10,43K","1,33%"
"04.09.2015","12,800","12,780","12,870","12,180","36,06K","0,95%"
"03.09.2015","12,680","12,410","13,000","12,270","37,94K","1,28%"
"02.09.2015","12,520","12,520","12,780","12,420","8,30K","-1,80%"
"01.09.2015","12,750","12,790","12,860","12,270","81,61K","-0,16%"
"31.08.2015","12,770","12,180","12,830","12,100","23,27K","3,48%"
"28.08.2015","12,340","12,280","12,470","11,900","12,47K","2,32%"
"27.08.2015","12,060","11,810","12,390","11,810","32,58K","1,94%"
"26.08.2015","11,830","12,330","12,330","11,810","8,43K","-1,50%"
"25.08.2015","12,010","12,190","12,500","11,680","16,45K","-1,48%"
"24.08.2015","12,190","11,900","12,200","11,380","27,86K","0,33%"
"21.08.2015","12,150","12,490","12,490","11,610","14,11K","0,83%"
"20.08.2015","12,050","12,120","12,290","12,020","10,33K","-2,67%"
"19.08.2015","12,380","12,690","12,750","12,210","13,82K","-1,82%"
"18.08.2015","12,610","12,000","12,750","11,760","12,31K","3,02%"
"17.08.2015","12,240","12,700","13,600","12,120","25,85K","-3,62%"
"14.08.2015","12,700","13,330","13,360","12,570","31,10K","-2,16%"
"13.08.2015","12,980","13,100","13,470","12,970","8,29K","0,23%"
"12.08.2015","12,950","13,890","13,890","12,820","38,26K","-4,50%"
"11.08.2015","13,560","13,600","13,840","13,560","1,05K","-0,29%"
"10.08.2015","13,600","13,900","13,900","13,600","3,46K","-1,09%"
"07.08.2015","13,750","13,990","13,990","13,680","3,58K","-1,36%"
"06.08.2015","13,940","14,140","14,150","13,550","13,38K","-0,36%"
"05.08.2015","13,990","13,930","14,170","13,730","4,59K","2,34%"
"04.08.2015","13,670","14,170","14,170","13,670","1,37K","-0,73%"
"03.08.2015","13,770","14,190","14,190","13,110","6,60K","-0,22%"
"31.07.2015","13,800","14,200","14,200","13,640","6,61K","-0,36%"
"30.07.2015","13,850","14,520","14,590","13,850","17,64K","-3,35%"
"29.07.2015","14,330","15,050","15,050","14,290","10,73K","-2,85%"
"28.07.2015","14,750","14,600","15,360","14,600","11,20K","-1,67%"
"27.07.2015","15,000","14,960","15,280","14,750","29,92K","0,20%"
"24.07.2015","14,970","14,800","14,970","14,540","12,32K","1,70%"
"23.07.2015","14,720","14,820","14,820","14,550","5,76K","0,96%"
"22.07.2015","14,580","14,000","14,880","14,000","8,51K","0,90%"
"21.07.2015","14,450","14,140","14,570","14,030","6,70K","0,63%"
"20.07.2015","14,360","14,260","14,460","14,180","9,52K","1,41%"
"17.07.2015","14,160","14,490","14,490","14,160","45,32K","-1,05%"
"16.07.2015","14,310","14,490","14,490","14,170","5,42K","1,27%"
"15.07.2015","14,130","13,920","14,180","13,920","11,29K","0,93%"
"14.07.2015","14,000","14,000","14,000","13,840","11,61K","-1,55%"
"13.07.2015","14,220","14,410","14,560","14,140","7,20K","1,79%"
"10.07.2015","13,970","14,280","14,600","13,640","13,34K","-0,29%"
"09.07.2015","14,010","13,500","14,230","13,500","67,91K","3,78%"
"08.07.2015","13,500","13,510","13,990","13,500","11,03K","-0,74%"
"07.07.2015","13,600","13,950","14,140","13,600","11,41K","-1,81%"
"06.07.2015","13,850","13,600","13,850","13,500","5,90K","0,00%"
"03.07.2015","13,850","14,070","14,070","13,850","5,99K","0,22%"
"02.07.2015","13,820","14,340","14,340","13,760","9,69K","-2,74%"
"01.07.2015","14,210","14,360","14,360","14,030","17,15K","1,43%"
"30.06.2015","14,010","13,830","14,370","13,630","15,05K","4,55%"
"29.06.2015","13,400","13,500","13,950","13,120","86,50K","-6,88%"
"26.06.2015","14,390","14,870","14,870","14,370","13,46K","-2,64%"
"25.06.2015","14,780","14,900","15,000","14,710","34,26K","-4,03%"
"24.06.2015","15,400","14,960","15,400","14,950","10,24K","2,39%"
"23.06.2015","15,040","15,230","15,230","14,950","7,94K","0,27%"
"22.06.2015","15,000","15,000","15,230","14,970","18,92K","1,63%"
"19.06.2015","14,760","15,290","15,290","14,590","45,26K","-3,40%"
"18.06.2015","15,280","14,360","15,280","14,360","20,63K","6,26%"
"17.06.2015","14,380","14,670","14,790","14,360","13,23K","0,07%"
"16.06.2015","14,370","14,350","14,690","14,310","8,03K","-2,11%"
"15.06.2015","14,680","14,200","14,710","14,200","6,91K","1,24%"
"12.06.2015","14,500","14,670","14,670","14,500","5,21K","0,49%"
"11.06.2015","14,430","14,230","14,570","14,230","3,19K","-0,28%"
"10.06.2015","14,470","14,420","14,630","14,200","10,97K","0,84%"
"09.06.2015","14,350","14,250","14,620","13,840","7,32K","0,99%"
"08.06.2015","14,210","14,190","14,700","14,100","8,81K","-3,33%"
"05.06.2015","14,700","14,400","14,700","14,000","25,78K","2,51%"
"04.06.2015","14,340","15,000","15,080","14,250","22,57K","-4,40%"
"03.06.2015","15,000","15,390","15,390","15,000","13,64K","-1,32%"
"02.06.2015","15,200","15,430","15,430","15,000","12,12K","-1,23%"
"01.06.2015","15,390","15,660","15,660","15,290","14,23K","-1,03%"
"29.05.2015","15,550","15,300","15,700","15,200","22,03K","1,63%"
"28.05.2015","15,300","15,800","15,800","15,300","6,41K","-0,13%"
"27.05.2015","15,320","15,780","15,890","15,320","13,86K","-1,48%"
"26.05.2015","15,550","15,310","15,790","15,310","18,52K","-1,89%"
"25.05.2015","15,850","15,680","15,850","15,300","10,15K","0,00%"
"22.05.2015","15,850","15,450","15,880","15,190","21,02K","2,59%"
"21.05.2015","15,450","14,900","15,450","14,900","10,77K","1,85%"
"20.05.2015","15,170","15,310","15,310","15,120","16,73K","-0,91%"
"19.05.2015","15,310","15,170","15,420","15,170","7,14K","-0,71%"
"18.05.2015","15,420","15,250","15,440","15,080","10,81K","1,98%"
"15.05.2015","15,120","15,320","15,320","15,120","4,62K","-1,31%"
"14.05.2015","15,320","15,200","15,320","14,980","8,24K","0,79%"
"13.05.2015","15,200","14,900","15,200","14,900","9,75K","0,66%"
"12.05.2015","15,100","14,950","15,150","14,920","14,32K","1,48%"
"11.05.2015","14,880","14,990","15,110","14,730","8,94K","-1,52%"
"08.05.2015","15,110","14,310","15,160","14,310","14,72K","1,68%"
"07.05.2015","14,860","14,760","14,960","14,090","33,81K","0,27%"
"06.05.2015","14,820","14,970","15,250","14,820","15,71K","-2,31%"
"05.05.2015","15,170","15,140","15,630","14,940","17,36K","1,13%"
"04.05.2015","15,000","15,100","15,200","14,960","50,41K","-1,90%"
"30.04.2015","15,290","15,780","15,780","15,090","30,66K","-2,92%"
"29.04.2015","15,750","15,800","15,800","15,320","33,69K","0,57%"
"28.04.2015","15,660","15,800","15,800","15,560","19,97K","-0,89%"
"27.04.2015","15,800","15,970","15,970","15,240","14,89K","0,38%"
"24.04.2015","15,740","15,640","15,750","15,210","13,60K","0,64%"
"23.04.2015","15,640","15,800","15,800","15,550","56,77K","-0,13%"
"22.04.2015","15,660","15,800","15,800","15,570","50,74K","-0,76%"
"21.04.2015","15,780","16,000","16,000","15,110","10,78K","0,70%"
"20.04.2015","15,670","15,520","16,090","15,520","18,45K","-1,57%"
"17.04.2015","15,920","14,890","16,070","14,850","52,88K","4,05%"
"16.04.2015","15,300","16,200","16,390","14,700","155,58K","-6,54%"
"15.04.2015","16,370","16,500","16,500","16,150","56,35K","-0,18%"
"14.04.2015","16,400","16,320","16,430","16,220","6,97K","0,49%"
"13.04.2015","16,320","16,120","16,670","16,120","32,33K","0,00%"
"10.04.2015","16,320","16,600","16,640","16,200","18,44K","0,68%"
"09.04.2015","16,210","16,600","16,600","16,160","19,97K","-0,49%"
"08.04.2015","16,290","16,500","16,750","16,020","36,73K","-1,21%"
"07.04.2015","16,490","16,310","16,560","16,100","21,60K","2,68%"
"02.04.2015","16,060","16,000","16,260","15,910","9,27K","-1,29%"
"01.04.2015","16,270","16,400","16,700","15,900","29,73K","-0,31%"
"31.03.2015","16,320","16,250","16,760","15,790","48,00K","0,62%"
"30.03.2015","16,220","15,950","16,220","15,850","17,92K","1,44%"
"27.03.2015","15,990","16,040","16,040","15,850","32,21K","1,91%"
"26.03.2015","15,690","16,040","16,040","15,420","33,70K","-1,26%"
"25.03.2015","15,890","15,800","16,300","15,610","32,10K","-1,06%"
"24.03.2015","16,060","15,500","16,060","15,210","37,08K","5,45%"
"23.03.2015","15,230","15,610","15,610","15,200","24,72K","-1,81%"
"20.03.2015","15,510","15,400","15,710","14,920","25,92K","0,98%"
"19.03.2015","15,360","15,750","15,750","14,950","23,33K","1,45%"
"18.03.2015","15,140","14,600","15,140","14,430","45,87K","3,70%"
"17.03.2015","14,600","14,600","14,680","14,400","10,20K","1,53%"
"16.03.2015","14,380","14,320","14,700","14,300","19,41K","0,70%"
"13.03.2015","14,280","13,900","14,290","13,900","21,94K","2,07%"
"12.03.2015","13,990","14,200","14,260","13,770","21,01K","-0,78%"
"11.03.2015","14,100","14,090","14,170","13,890","68,01K","0,36%"
"10.03.2015","14,050","13,700","14,150","13,700","37,56K","2,41%"
"09.03.2015","13,720","13,960","13,960","13,720","23,39K","-0,87%"
"06.03.2015","13,840","14,000","14,000","13,630","24,51K","-0,29%"
"05.03.2015","13,880","13,780","14,000","13,780","15,71K","0,73%"
"04.03.2015","13,780","13,570","13,880","13,570","23,88K","-1,01%"
"03.03.2015","13,920","13,720","14,290","13,720","17,53K","-0,71%"
"02.03.2015","14,020","14,330","14,480","13,510","47,14K","-1,27%"
"27.02.2015","14,200","13,940","15,000","13,550","66,77K","2,01%"
"26.02.2015","13,920","13,980","14,000","13,700","41,23K","-0,43%"
"25.02.2015","13,980","14,000","14,000","13,730","26,61K","0,58%"
"24.02.2015","13,900","13,560","13,980","13,400","36,73K","0,80%"
"23.02.2015","13,790","13,980","14,000","13,600","56,68K","-0,14%"
"20.02.2015","13,810","13,830","13,890","13,530","21,01K","1,54%"
"19.02.2015","13,600","13,340","14,000","13,210","44,56K","1,95%"
"18.02.2015","13,340","13,250","13,390","13,190","52,81K","1,21%"
"17.02.2015","13,180","12,650","13,310","12,650","105,74K","3,29%"
"16.02.2015","12,760","12,810","13,010","12,700","29,47K","-0,78%"
"13.02.2015","12,860","12,910","12,910","12,650","29,74K","1,98%"
"12.02.2015","12,610","12,750","12,880","12,610","65,92K","-0,86%"
"11.02.2015","12,720","12,680","12,740","12,550","42,11K","1,60%"
"10.02.2015","12,520","12,710","12,930","12,440","58,06K","0,97%"
"09.02.2015","12,400","12,440","13,000","12,130","125,62K","2,90%"
"06.02.2015","12,050","11,780","12,400","11,630","85,49K","3,97%"
"05.02.2015","11,590","11,730","11,750","11,390","13,22K","1,40%"
"04.02.2015","11,430","11,200","12,890","11,200","60,68K","3,63%"
"03.02.2015","11,030","10,990","11,200","10,710","19,03K","1,19%"
"02.02.2015","10,900","10,920","10,990","10,760","9,93K","0,09%"
"30.01.2015","10,890","10,910","11,000","10,720","28,04K","1,30%"
"29.01.2015","10,750","10,540","10,770","10,540","9,06K","1,42%"
"28.01.2015","10,600","10,770","10,770","10,370","15,94K","1,53%"
"27.01.2015","10,440","10,560","10,670","10,260","10,62K","-0,48%"
"26.01.2015","10,490","10,590","10,590","10,210","8,69K","-0,76%"
"23.01.2015","10,570","10,260","10,590","10,200","26,50K","3,02%"
"22.01.2015","10,260","10,300","10,300","10,220","21,03K","-0,39%"
"21.01.2015","10,300","10,400","10,470","10,200","20,23K","-0,39%"
"20.01.2015","10,340","10,410","10,700","10,340","44,38K","-0,58%"
"19.01.2015","10,400","10,490","10,700","10,400","42,86K","-0,86%"
"16.01.2015","10,490","10,390","10,500","10,270","73,10K","0,67%"
"15.01.2015","10,420","10,220","10,590","10,170","65,39K","1,66%"
"14.01.2015","10,250","10,200","10,300","10,160","22,00K","0,49%"
"13.01.2015","10,200","10,180","10,200","10,150","37,64K","0,49%"
"12.01.2015","10,150","9,940","10,200","9,940","15,17K","-0,10%"
"09.01.2015","10,160","10,150","10,160","10,040","7,34K","0,59%"
"08.01.2015","10,100","10,190","10,300","10,100","11,89K","-0,30%"
"07.01.2015","10,130","9,910","10,200","9,910","17,02K","2,43%"
"06.01.2015","9,890","10,000","10,110","9,810","10,65K","-1,10%"
"05.01.2015","10,000","10,120","10,200","9,880","3,53K","-1,38%"
"02.01.2015","10,140","10,370","10,380","10,050","11,69K","-1,55%"