"Fecha","Último","Apertura","Máximo","Mínimo","Vol.","% var."
"31.12.2025","3,3650","3,3700","3,3800","3,3480","4,98M","-0,30%"
"30.12.2025","3,3750","3,3320","3,3850","3,3280","12,47M","1,29%"
"29.12.2025","3,3320","3,3630","3,3780","3,3250","11,26M","-0,51%"
"24.12.2025","3,3490","3,3410","3,3490","3,3240","2,74M","0,00%"
"23.12.2025","3,3490","3,3090","3,3490","3,2780","13,44M","-0,86%"
"22.12.2025","3,3780","3,4300","3,4300","3,3650","13,37M","-1,20%"
"19.12.2025","3,4190","3,3900","3,4190","3,3790","33,92M","1,51%"
"18.12.2025","3,3680","3,3650","3,3890","3,3400","12,46M","0,39%"
"17.12.2025","3,3550","3,3590","3,3780","3,3490","9,66M","0,48%"
"16.12.2025","3,3390","3,3310","3,3900","3,3310","13,12M","-0,33%"
"15.12.2025","3,3500","3,3130","3,3560","3,3080","10,93M","2,20%"
"12.12.2025","3,2780","3,3490","3,3670","3,2780","11,80M","-1,38%"
"11.12.2025","3,3240","3,3000","3,3460","3,2850","12,99M","1,09%"
"10.12.2025","3,2880","3,3050","3,3120","3,2800","6,26M","-1,17%"
"09.12.2025","3,3270","3,3000","3,3270","3,2770","12,46M","1,00%"
"08.12.2025","3,2940","3,2580","3,2940","3,2370","11,70M","1,45%"
"05.12.2025","3,2470","3,3000","3,3400","3,2470","10,54M","-1,25%"
"04.12.2025","3,2880","3,2730","3,2880","3,2340","12,10M","1,99%"
"03.12.2025","3,2240","3,2050","3,2890","3,1890","14,96M","0,91%"
"02.12.2025","3,1950","3,1960","3,2200","3,1810","10,05M","0,82%"
"01.12.2025","3,1690","3,1500","3,1850","3,1370","8,57M","0,99%"
"28.11.2025","3,1380","3,1820","3,1900","3,1330","7,56M","-1,26%"
"27.11.2025","3,1780","3,1920","3,1950","3,1600","6,42M","-0,16%"
"26.11.2025","3,1830","3,1480","3,1920","3,1340","9,28M","2,18%"
"25.11.2025","3,1150","3,1380","3,1570","3,1100","13,55M","-0,45%"
"24.11.2025","3,1290","3,1460","3,1610","3,1070","13,08M","1,13%"
"21.11.2025","3,0940","3,0630","3,0990","3,0370","9,12M","-0,80%"
"20.11.2025","3,1190","3,1530","3,1880","3,1190","9,16M","0,26%"
"19.11.2025","3,1110","3,0900","3,1240","3,0630","10,58M","0,91%"
"18.11.2025","3,0830","3,1000","3,1300","3,0700","14,36M","-2,56%"
"17.11.2025","3,1640","3,1820","3,2180","3,1420","10,68M","-0,57%"
"14.11.2025","3,1820","3,2130","3,2130","3,1200","21,83M","-2,09%"
"13.11.2025","3,2500","3,3260","3,3300","3,2500","35,02M","-5,22%"
"12.11.2025","3,4290","3,3800","3,4530","3,3770","15,13M","1,54%"
"11.11.2025","3,3770","3,3100","3,3800","3,3050","14,95M","2,30%"
"10.11.2025","3,3010","3,2870","3,3100","3,2740","11,58M","2,26%"
"07.11.2025","3,2280","3,3340","3,3410","3,2280","9,04M","-2,95%"
"06.11.2025","3,3260","3,3000","3,3270","3,2790","13,38M","1,50%"
"05.11.2025","3,2770","3,2670","3,2790","3,2360","8,55M","-0,52%"
"04.11.2025","3,2940","3,2430","3,2950","3,2150","8,18M","0,55%"
"03.11.2025","3,2760","3,2480","3,3200","3,2430","13,49M","1,02%"
"31.10.2025","3,2430","3,2080","3,2680","3,1900","9,71M","1,15%"
"30.10.2025","3,2060","3,2180","3,2180","3,1760","9,21M","-0,19%"
"29.10.2025","3,2120","3,1890","3,2120","3,1710","10,24M","0,37%"
"28.10.2025","3,2000","3,1430","3,2050","3,1240","10,13M","1,85%"
"27.10.2025","3,1420","3,1190","3,1420","3,0880","11,52M","1,26%"
"24.10.2025","3,1030","3,1110","3,1260","3,0710","12,05M","0,19%"
"23.10.2025","3,0970","3,1110","3,1440","3,0910","8,11M","-0,99%"
"22.10.2025","3,1280","3,1200","3,1420","3,0960","10,41M","0,03%"
"21.10.2025","3,1270","3,1600","3,1790","3,1270","12,85M","-0,73%"
"20.10.2025","3,1500","3,0400","3,1540","3,0380","28,87M","4,65%"
"17.10.2025","3,0100","3,0360","3,0680","2,9180","70,43M","-6,78%"
"16.10.2025","3,2290","3,2450","3,2570","3,1960","7,27M","0,09%"
"15.10.2025","3,2260","3,2700","3,2990","3,2260","8,38M","-0,92%"
"14.10.2025","3,2560","3,2200","3,2560","3,1810","7,03M","1,09%"
"13.10.2025","3,2210","3,2080","3,2210","3,1780","5,97M","1,71%"
"10.10.2025","3,1670","3,2300","3,2770","3,1670","19,94M","-2,61%"
"09.10.2025","3,2520","3,2890","3,3070","3,2470","20,28M","-1,69%"
"08.10.2025","3,3080","3,2700","3,3350","3,2530","19,04M","1,01%"
"07.10.2025","3,2750","3,2900","3,3190","3,2750","11,09M","-0,97%"
"06.10.2025","3,3070","3,3100","3,3270","3,2500","13,42M","-0,39%"
"03.10.2025","3,3200","3,2810","3,3580","3,2810","12,24M","1,13%"
"02.10.2025","3,2830","3,2780","3,3460","3,2660","15,28M","-0,30%"
"01.10.2025","3,2930","3,2920","3,3010","3,2450","16,24M","-0,21%"
"30.09.2025","3,3000","3,2800","3,3290","3,2800","10,51M","0,21%"
"29.09.2025","3,2930","3,3150","3,3280","3,2850","9,51M","-1,32%"
"26.09.2025","3,3370","3,2740","3,3370","3,2530","12,37M","2,27%"
"25.09.2025","3,2630","3,2800","3,2880","3,2490","10,22M","-0,88%"
"24.09.2025","3,2920","3,2550","3,3040","3,2180","9,14M","1,04%"
"23.09.2025","3,2580","3,2220","3,2640","3,1910","11,59M","1,56%"
"22.09.2025","3,2080","3,3200","3,3200","3,1860","23,68M","-3,92%"
"19.09.2025","3,3390","3,2290","3,3390","3,2180","46,08M","3,60%"
"18.09.2025","3,2230","3,2000","3,2280","3,1750","12,21M","1,22%"
"17.09.2025","3,1840","3,2670","3,2730","3,1430","16,74M","-2,36%"
"16.09.2025","3,2610","3,3350","3,3400","3,2410","15,74M","-2,54%"
"15.09.2025","3,3460","3,3900","3,3940","3,3170","14,20M","-1,06%"
"12.09.2025","3,3820","3,3580","3,3820","3,3020","11,44M","0,71%"
"11.09.2025","3,3580","3,3640","3,3670","3,3240","8,82M","-0,18%"
"10.09.2025","3,3640","3,3020","3,3640","3,2860","14,97M","1,88%"
"09.09.2025","3,3020","3,2500","3,3020","3,2050","8,51M","1,76%"
"08.09.2025","3,2450","3,2110","3,2580","3,2110","7,63M","0,81%"
"05.09.2025","3,2190","3,2500","3,2800","3,1970","9,23M","-0,89%"
"04.09.2025","3,2480","3,2200","3,2500","3,1780","6,15M","1,03%"
"03.09.2025","3,2150","3,1930","3,2190","3,1610","6,62M","0,75%"
"02.09.2025","3,1910","3,2570","3,2670","3,1650","8,82M","-1,85%"
"01.09.2025","3,2510","3,2260","3,2520","3,2230","6,28M","0,18%"
"29.08.2025","3,2450","3,2600","3,2620","3,2030","9,12M","-0,55%"
"28.08.2025","3,2630","3,2700","3,2960","3,2400","4,72M","-0,12%"
"27.08.2025","3,2670","3,3330","3,3390","3,2570","10,46M","-3,66%"
"26.08.2025","3,3910","3,4140","3,4260","3,3550","31,91M","-0,59%"
"25.08.2025","3,4110","3,4340","3,4580","3,4010","9,97M","-0,29%"
"22.08.2025","3,4210","3,4240","3,4400","3,4040","6,99M","0,00%"
"21.08.2025","3,4210","3,4050","3,4250","3,3850","9,30M","0,56%"
"20.08.2025","3,4020","3,4200","3,4260","3,3940","8,26M","-0,76%"
"19.08.2025","3,4280","3,4450","3,4540","3,4200","7,90M","0,09%"
"18.08.2025","3,4250","3,4400","3,4440","3,3930","8,50M","-0,58%"
"15.08.2025","3,4450","3,4780","3,4820","3,4330","9,81M","0,20%"
"14.08.2025","3,4380","3,4260","3,4510","3,4010","11,72M","0,59%"
"13.08.2025","3,4180","3,3940","3,4250","3,3800","10,30M","1,45%"
"12.08.2025","3,3690","3,3600","3,4170","3,3490","15,59M","0,99%"
"11.08.2025","3,3360","3,3450","3,3720","3,3110","11,14M","0,69%"
"08.08.2025","3,3130","3,2780","3,3170","3,2570","12,85M","1,35%"
"07.08.2025","3,2690","3,2600","3,2840","3,2260","12,74M","1,43%"
"06.08.2025","3,2230","3,2000","3,2360","3,1660","13,38M","1,99%"
"05.08.2025","3,1600","3,2000","3,2000","3,1270","12,66M","-0,78%"
"04.08.2025","3,1850","3,1500","3,2000","3,1310","11,89M","2,08%"
"01.08.2025","3,1200","3,2080","3,2360","3,0850","16,29M","-3,73%"
"31.07.2025","3,2410","3,1300","3,2830","3,1300","23,00M","4,35%"
"30.07.2025","3,1060","3,1100","3,1250","3,0790","20,01M","-0,03%"
"29.07.2025","3,1070","3,0470","3,1330","3,0470","18,67M","2,37%"
"28.07.2025","3,0350","3,0060","3,0600","2,9910","18,10M","2,71%"
"25.07.2025","2,9550","2,9650","2,9810","2,9480","10,80M","0,00%"
"24.07.2025","2,9550","2,9900","3,0060","2,9510","20,68M","0,58%"
"23.07.2025","2,9380","2,9300","2,9600","2,9110","16,80M","0,86%"
"22.07.2025","2,9130","2,8920","2,9270","2,8900","13,23M","0,87%"
"21.07.2025","2,8880","2,9020","2,9050","2,8590","13,03M","-0,21%"
"18.07.2025","2,8940","2,9250","2,9350","2,8850","11,89M","0,00%"
"17.07.2025","2,8940","2,9030","2,9380","2,8840","13,02M","0,24%"
"16.07.2025","2,8870","2,9110","2,9380","2,8870","15,31M","-0,48%"
"15.07.2025","2,9010","2,9620","2,9680","2,9010","14,99M","-1,66%"
"14.07.2025","2,9500","2,8860","2,9570","2,8790","15,29M","0,75%"
"11.07.2025","2,9280","3,0000","3,0120","2,9250","17,90M","-2,63%"
"10.07.2025","3,0070","3,0600","3,0640","3,0070","12,83M","-1,31%"
"09.07.2025","3,0470","3,0000","3,0780","2,9920","19,85M","2,42%"
"08.07.2025","2,9750","2,9500","2,9940","2,9450","16,54M","1,47%"
"07.07.2025","2,9320","2,8810","2,9320","2,8770","14,79M","2,12%"
"04.07.2025","2,8710","2,9000","2,9220","2,8550","13,97M","-0,45%"
"03.07.2025","2,8840","2,8500","2,8920","2,8430","19,23M","1,44%"
"02.07.2025","2,8430","2,7850","2,8500","2,7540","27,01M","5,22%"
"01.07.2025","2,7020","2,7340","2,7460","2,7020","14,09M","-0,04%"
"30.06.2025","2,7030","2,7050","2,7110","2,6680","14,72M","0,19%"
"27.06.2025","2,6980","2,6680","2,6980","2,6660","13,82M","1,93%"
"26.06.2025","2,6470","2,6400","2,6640","2,6350","12,60M","0,27%"
"25.06.2025","2,6400","2,7000","2,7060","2,6320","17,08M","-2,15%"
"24.06.2025","2,6980","2,7420","2,7660","2,6590","26,46M","0,45%"
"23.06.2025","2,6860","2,7000","2,7250","2,6560","14,12M","-1,10%"
"20.06.2025","2,7160","2,7500","2,8040","2,7160","48,11M","-1,13%"
"19.06.2025","2,7470","2,8000","2,8040","2,7470","8,57M","-2,07%"
"18.06.2025","2,8050","2,7690","2,8050","2,7650","8,19M","1,30%"
"17.06.2025","2,7690","2,8350","2,8380","2,7690","12,11M","-2,43%"
"16.06.2025","2,8380","2,7700","2,8470","2,7690","15,28M","2,16%"
"13.06.2025","2,7780","2,8160","2,8260","2,7700","12,73M","-2,15%"
"12.06.2025","2,8390","2,7900","2,8450","2,7810","13,54M","1,21%"
"11.06.2025","2,8050","2,7800","2,8310","2,7800","11,44M","0,72%"
"10.06.2025","2,7850","2,8280","2,8320","2,7850","9,80M","-1,00%"
"09.06.2025","2,8130","2,8100","2,8310","2,8010","9,68M","0,04%"
"06.06.2025","2,8120","2,8070","2,8380","2,7930","10,17M","0,07%"
"05.06.2025","2,8100","2,7500","2,8100","2,7500","10,97M","1,55%"
"04.06.2025","2,7670","2,7970","2,8130","2,7540","12,92M","-0,54%"
"03.06.2025","2,7820","2,8100","2,8130","2,7580","9,35M","-0,82%"
"02.06.2025","2,8050","2,7870","2,8150","2,7680","10,18M","0,00%"
"30.05.2025","2,8050","2,7900","2,8130","2,7730","17,88M","0,57%"
"29.05.2025","2,7890","2,7900","2,8150","2,7770","9,68M","0,61%"
"28.05.2025","2,7720","2,8000","2,8290","2,7640","12,83M","-1,18%"
"27.05.2025","2,8050","2,8010","2,8210","2,7720","14,22M","0,29%"
"26.05.2025","2,7970","2,8100","2,8240","2,7820","11,79M","1,38%"
"23.05.2025","2,7590","2,8200","2,8490","2,6580","17,28M","-2,23%"
"22.05.2025","2,8220","2,7710","2,8240","2,7710","12,55M","1,29%"
"21.05.2025","2,7860","2,8150","2,8450","2,7550","15,58M","-1,38%"
"20.05.2025","2,8250","2,7850","2,8250","2,7840","16,82M","1,99%"
"19.05.2025","2,7700","2,7380","2,7880","2,7350","14,11M","1,43%"
"16.05.2025","2,7310","2,7160","2,7390","2,6960","16,89M","0,85%"
"15.05.2025","2,7080","2,7260","2,7380","2,6980","12,07M","-1,10%"
"14.05.2025","2,7380","2,7110","2,7400","2,7000","16,27M","1,44%"
"13.05.2025","2,6990","2,6790","2,7200","2,6650","14,92M","0,67%"
"12.05.2025","2,6810","2,6600","2,6870","2,6360","15,87M","2,09%"
"09.05.2025","2,6260","2,6500","2,6730","2,6160","14,85M","-0,76%"
"08.05.2025","2,6460","2,5680","2,6460","2,5550","8,08K","3,64%"
"07.05.2025","2,5530","2,5180","2,5630","2,5050","13,69M","1,51%"
"06.05.2025","2,5150","2,5450","2,5720","2,4980","14,98M","-1,14%"
"05.05.2025","2,5440","2,5210","2,5640","2,5210","11,30M","0,55%"
"02.05.2025","2,5300","2,6350","2,6380","2,5200","18,52M","-1,33%"
"30.04.2025","2,5640","2,6400","2,6420","2,5310","243,77K","-2,03%"
"29.04.2025","2,6170","2,6800","2,6930","2,5860","57,27K","-1,51%"
"28.04.2025","2,6570","2,6450","2,6790","2,6350","215,26K","1,49%"
"25.04.2025","2,6180","2,5940","2,6180","2,5830","8,57K","1,95%"
"24.04.2025","2,5680","2,5850","2,5970","2,5620","11,10M","-0,77%"
"23.04.2025","2,5880","2,5400","2,5890","2,5270","14,30K","3,35%"
"22.04.2025","2,5040","2,4780","2,5200","2,4540","13,45M","1,05%"
"17.04.2025","2,4780","2,5100","2,5380","2,4470","14,69M","-1,04%"
"16.04.2025","2,5040","2,4700","2,5040","2,4340","14,84M","0,52%"
"15.04.2025","2,4910","2,4450","2,4960","2,4190","15,24M","2,93%"
"14.04.2025","2,4200","2,4100","2,4300","2,3930","14,02M","2,67%"
"11.04.2025","2,3570","2,3780","2,4140","2,3120","15,11M","0,30%"
"10.04.2025","2,3500","2,6540","2,6620","2,3500","32,62M","6,19%"
"09.04.2025","2,2130","2,1700","2,2480","2,1000","26,16M","-1,95%"
"08.04.2025","2,2570","2,2680","2,3130","2,1810","30,34M","3,58%"
"07.04.2025","2,1790","1,9055","2,2810","1,9005","26,60K","-5,47%"
"04.04.2025","2,3050","2,5170","2,5300","2,2340","31,66K","-10,97%"
"03.04.2025","2,5890","2,5200","2,6000","2,5000","23,07M","-1,56%"
"02.04.2025","2,6300","2,6320","2,6320","2,5960","12,53M","-0,08%"
"01.04.2025","2,6320","2,6030","2,6350","2,5600","15,58M","1,98%"
"31.03.2025","2,5810","2,5550","2,5940","2,4980","8,12K","-0,27%"
"28.03.2025","2,5880","2,5900","2,6690","2,5810","14,95M","-2,19%"
"27.03.2025","2,6460","2,6310","2,6470","2,5810","6,98K","-0,68%"
"26.03.2025","2,6640","2,6980","2,7050","2,6460","6,49K","-5,06%"
"25.03.2025","2,8060","2,7900","2,8190","2,7600","34,93K","1,67%"
"24.03.2025","2,7600","2,8020","2,8250","2,7430","68,91K","-0,72%"
"21.03.2025","2,7800","2,7600","2,7890","2,7170","27,81M","1,39%"
"20.03.2025","2,7420","2,7920","2,8000","2,7080","8,08K","-1,58%"
"19.03.2025","2,7860","2,7800","2,7910","2,7300","14,26M","-0,50%"
"18.03.2025","2,8000","2,7500","2,8000","2,7460","15,18M","2,45%"
"17.03.2025","2,7330","2,7190","2,7480","2,6960","9,18M","0,70%"
"14.03.2025","2,7140","2,6400","2,7280","2,6250","12,24M","2,45%"
"13.03.2025","2,6490","2,6560","2,6920","2,6340","9,84M","-1,23%"
"12.03.2025","2,6820","2,6480","2,6920","2,6320","12,85M","2,17%"
"11.03.2025","2,6250","2,6500","2,6730","2,5930","5,95K","-1,54%"
"10.03.2025","2,6660","2,7390","2,7390","2,6320","17,31M","-2,34%"
"07.03.2025","2,7300","2,7000","2,7430","2,6750","11,63M","-0,26%"
"06.03.2025","2,7370","2,7100","2,7660","2,6820","21,94M","1,48%"
"05.03.2025","2,6970","2,6900","2,7200","2,6440","23,85M","4,45%"
"04.03.2025","2,5820","2,6870","2,6880","2,5380","28,77M","-4,72%"
"03.03.2025","2,7100","2,6800","2,7260","2,6370","18,42M","1,96%"
"28.02.2025","2,6580","2,6350","2,6580","2,6120","19,42M","-0,26%"
"27.02.2025","2,6650","2,6400","2,6850","2,6300","15,23M","0,45%"
"26.02.2025","2,6530","2,6080","2,6560","2,6000","12,31M","2,55%"
"25.02.2025","2,5870","2,5650","2,6290","2,5450","18,02M","0,90%"
"24.02.2025","2,5640","2,5330","2,5640","2,5200","14,03M","1,75%"
"21.02.2025","2,5200","2,5000","2,5230","2,4850","13,09M","0,64%"
"20.02.2025","2,5040","2,4920","2,5290","2,4870","84,38K","0,16%"
"19.02.2025","2,5000","2,5460","2,5520","2,4880","40,53K","-1,77%"
"18.02.2025","2,5450","2,5000","2,5450","2,4890","27,09K","2,41%"
"17.02.2025","2,4850","2,4880","2,5110","2,4830","13,84M","0,24%"
"14.02.2025","2,4790","2,4480","2,4800","2,4460","16,41M","1,10%"
"13.02.2025","2,4520","2,4600","2,4660","2,4290","17,97M","-0,12%"
"12.02.2025","2,4550","2,4200","2,4670","2,4190","19,44M","1,99%"
"11.02.2025","2,4070","2,3640","2,4070","2,3560","13,64M","1,91%"
"10.02.2025","2,3620","2,4160","2,4160","2,3580","15,81M","-0,92%"
"07.02.2025","2,3840","2,4680","2,4680","2,3560","88,88K","-1,08%"
"06.02.2025","2,4100","2,3000","2,4110","2,2930","28,25M","5,79%"
"05.02.2025","2,2780","2,2850","2,3000","2,2680","13,87M","0,26%"
"04.02.2025","2,2720","2,2460","2,2730","2,2160","11,43M","2,07%"
"03.02.2025","2,2260","2,2000","2,2400","2,1500","19,33M","-2,28%"
"31.01.2025","2,2780","2,3040","2,3260","2,2660","14,18M","-1,13%"
"30.01.2025","2,3040","2,2900","2,3510","2,2730","19,42M","1,19%"
"29.01.2025","2,2770","2,2730","2,2890","2,2600","12,95M","0,75%"
"28.01.2025","2,2600","2,2080","2,2640","2,2070","15,42M","1,94%"
"27.01.2025","2,2170","2,1900","2,2250","2,1830","12,94M","0,32%"
"24.01.2025","2,2100","2,2000","2,2150","2,1890","14,92M","0,78%"
"23.01.2025","2,1930","2,1000","2,1930","2,1000","16,46M","3,49%"
"22.01.2025","2,1190","2,1360","2,1460","2,1060","15,94M","-0,84%"
"21.01.2025","2,1370","2,1320","2,1390","2,1140","9,73M","-0,09%"
"20.01.2025","2,1390","2,1200","2,1560","2,0950","15,75M","1,76%"
"17.01.2025","2,1020","2,0880","2,1160","2,0860","9,26K","0,24%"
"16.01.2025","2,0970","2,1200","2,1440","2,0800","14,92M","-0,19%"
"15.01.2025","2,1010","2,0900","2,1110","2,0680","9,22M","0,57%"
"14.01.2025","2,0890","2,0700","2,1170","2,0690","14,75M","1,36%"
"13.01.2025","2,0610","2,0150","2,0690","2,0130","15,92M","2,13%"
"10.01.2025","2,0180","2,0000","2,0490","1,9910","18,27M","0,45%"
"09.01.2025","2,0090","1,9715","2,0090","1,9570","15,38M","1,31%"
"08.01.2025","1,9830","1,9380","1,9890","1,9380","65,36K","2,35%"
"07.01.2025","1,9375","1,9300","1,9550","1,9140","12,40M","-0,15%"
"06.01.2025","1,9405","1,8780","1,9435","1,8645","13,08M","4,13%"
"03.01.2025","1,8635","1,8580","1,8685","1,8515","4,90M","0,16%"
"02.01.2025","1,8605","1,8700","1,8810","1,7945","11,08M","-0,88%"
"31.12.2024","1,8770","1,8650","1,8805","1,8650","3,63M","0,51%"
"30.12.2024","1,8675","1,8610","1,8855","1,8460","8,66M","0,08%"
"27.12.2024","1,8660","1,8570","1,8735","1,8470","6,08M","0,59%"
"24.12.2024","1,8550","1,8440","1,8550","1,8380","2,18M","1,48%"
"23.12.2024","1,8280","1,8570","1,8570","1,8210","6,41M","-0,89%"
"20.12.2024","1,8445","1,8555","1,8645","1,8185","27,02M","-1,21%"
"19.12.2024","1,8670","1,8800","1,8870","1,8610","9,95M","-1,61%"
"18.12.2024","1,8975","1,8885","1,9100","1,8735","5,23M","0,77%"
"17.12.2024","1,8830","1,9315","1,9380","1,8720","8,75M","-2,84%"
"16.12.2024","1,9380","1,9250","1,9380","1,9180","8,19M","0,94%"
"13.12.2024","1,9200","1,9060","1,9375","1,9060","7,33M","0,79%"
"12.12.2024","1,9050","1,8850","1,9130","1,8850","6,42M","1,46%"
"11.12.2024","1,8775","1,8960","1,9110","1,8565","9,37M","-1,31%"
"10.12.2024","1,9025","1,9005","1,9240","1,8970","7,87M","-0,42%"
"09.12.2024","1,9105","1,9045","1,9250","1,8995","8,19M","0,71%"
"06.12.2024","1,8970","1,9215","1,9370","1,8935","8,56M","-1,45%"
"05.12.2024","1,9250","1,8385","1,9250","1,8385","21,89M","4,42%"
"04.12.2024","1,8435","1,8270","1,8570","1,8250","11,16M","1,40%"
"03.12.2024","1,8180","1,7950","1,8250","1,7950","7,76M","1,85%"
"02.12.2024","1,7850","1,7645","1,7930","1,7645","5,38M","-0,03%"
"29.11.2024","1,7855","1,7940","1,7940","1,7640","8,17M","-0,08%"
"28.11.2024","1,7870","1,7830","1,8005","1,7790","4,78M","1,33%"
"27.11.2024","1,7635","1,7720","1,7900","1,7470","8,97M","-1,04%"
"26.11.2024","1,7820","1,8200","1,8220","1,7740","10,11M","-2,84%"
"25.11.2024","1,8340","1,8320","1,8420","1,8135","13,36M","1,35%"
"22.11.2024","1,8095","1,8480","1,8600","1,7680","12,96M","-1,90%"
"21.11.2024","1,8445","1,8400","1,8475","1,8065","8,73M","0,63%"
"20.11.2024","1,8330","1,8300","1,8600","1,8160","7,75M","0,41%"
"19.11.2024","1,8255","1,8700","1,8735","1,7900","12,77M","-1,96%"
"18.11.2024","1,8620","1,8480","1,8620","1,8330","10,00M","1,03%"
"15.11.2024","1,8430","1,7925","1,8440","1,7855","13,66M","2,30%"
"14.11.2024","1,8015","1,7560","1,8015","1,7530","8,38M","3,33%"
"13.11.2024","1,7435","1,7490","1,7600","1,7250","9,17M","-0,23%"
"12.11.2024","1,7475","1,7520","1,7835","1,7420","9,45M","-1,41%"
"11.11.2024","1,7725","1,7755","1,7840","1,7625","7,11M","0,42%"
"08.11.2024","1,7650","1,7905","1,7945","1,7410","16,18M","-1,59%"
"07.11.2024","1,7935","1,7750","1,8295","1,7700","21,96M","2,34%"
"06.11.2024","1,7525","1,8835","1,8870","1,7280","36,40M","-6,48%"
"05.11.2024","1,8740","1,8585","1,8825","1,8350","11,12M","0,54%"
"04.11.2024","1,8640","1,8515","1,8770","1,8405","11,77M","0,57%"
"01.11.2024","1,8535","1,7970","1,8535","1,7940","10,48M","3,63%"
"31.10.2024","1,7885","1,8245","1,8245","1,7700","15,89M","-1,68%"
"30.10.2024","1,8190","1,7900","1,8240","1,7740","9,28M","1,31%"
"29.10.2024","1,7955","1,8260","1,8285","1,7905","11,01M","-0,50%"
"28.10.2024","1,8045","1,8260","1,8295","1,7880","8,24M","-0,03%"
"25.10.2024","1,8050","1,8005","1,8260","1,8005","10,30M","-0,03%"
"24.10.2024","1,8055","1,8150","1,8400","1,8055","6,79M","-1,42%"
"23.10.2024","1,8315","1,8500","1,8545","1,8305","9,23M","-1,29%"
"22.10.2024","1,8555","1,8415","1,8555","1,8160","8,09M","0,84%"
"21.10.2024","1,8400","1,8535","1,8680","1,8315","6,54M","-1,55%"
"18.10.2024","1,8690","1,8170","1,8795","1,8070","12,65M","2,35%"
"17.10.2024","1,8260","1,8580","1,8695","1,8260","8,77M","-1,51%"
"16.10.2024","1,8540","1,8605","1,8785","1,8435","7,85M","-1,25%"
"15.10.2024","1,8775","1,8815","1,8905","1,8580","8,56M","-0,45%"
"14.10.2024","1,8860","1,8580","1,8860","1,8510","10,08M","1,53%"
"11.10.2024","1,8575","1,8390","1,8630","1,8365","9,93M","0,84%"
"10.10.2024","1,8420","1,8500","1,8615","1,8290","8,57M","-0,57%"
"09.10.2024","1,8525","1,8575","1,8575","1,8280","6,59M","-0,46%"
"08.10.2024","1,8610","1,8600","1,8675","1,8430","7,83M","-0,56%"
"07.10.2024","1,8715","1,8665","1,8845","1,8465","10,64M","1,33%"
"04.10.2024","1,8470","1,8015","1,8620","1,8015","13,61M","2,58%"
"03.10.2024","1,8005","1,7935","1,8130","1,7650","10,93M","0,67%"
"02.10.2024","1,7885","1,7980","1,8200","1,7760","13,54M","0,22%"
"01.10.2024","1,7845","1,8995","1,8995","1,7840","24,05M","-6,52%"
"30.09.2024","1,9090","1,9105","1,9230","1,8785","13,73M","-0,24%"
"27.09.2024","1,9135","1,9240","1,9395","1,8955","19,64M","-4,80%"
"26.09.2024","2,0100","1,9585","2,0100","1,9490","22,41M","3,61%"
"25.09.2024","1,9400","1,9330","1,9585","1,9300","10,55M","0,13%"
"24.09.2024","1,9375","1,9600","1,9750","1,9360","12,43M","-0,87%"
"23.09.2024","1,9545","1,9550","1,9700","1,9195","15,02M","0,49%"
"20.09.2024","1,9450","1,9380","1,9580","1,9305","66,63M","0,15%"
"19.09.2024","1,9420","1,9150","1,9420","1,9035","17,81M","2,45%"
"18.09.2024","1,8955","1,8910","1,9120","1,8900","12,95M","0,48%"
"17.09.2024","1,8865","1,8960","1,9150","1,8865","16,16M","-0,24%"
"16.09.2024","1,8910","1,8870","1,8990","1,8700","16,77M","0,75%"
"13.09.2024","1,8770","1,8360","1,8770","1,8255","14,71M","2,60%"
"12.09.2024","1,8295","1,8200","1,8430","1,8080","19,92M","1,64%"
"11.09.2024","1,8000","1,8210","1,8315","1,7810","14,19M","-0,33%"
"10.09.2024","1,8060","1,8260","1,8495","1,8000","21,95M","-0,99%"
"09.09.2024","1,8240","1,8220","1,8405","1,8130","9,60M","0,94%"
"06.09.2024","1,8070","1,8500","1,8585","1,8060","14,91M","-2,06%"
"05.09.2024","1,8450","1,8250","1,8680","1,8200","11,21M","0,65%"
"04.09.2024","1,8330","1,8210","1,8565","1,8170","12,98M","-1,85%"
"03.09.2024","1,8675","1,9500","1,9525","1,8670","14,96M","-4,08%"
"02.09.2024","1,9470","1,9460","1,9600","1,9295","7,74M","0,21%"
"30.08.2024","1,9430","1,9180","1,9430","1,9180","16,96M","1,30%"
"29.08.2024","1,9180","1,9225","1,9335","1,9165","7,73M","-0,21%"
"28.08.2024","1,9220","1,9385","1,9385","1,8965","18,54M","-0,47%"
"27.08.2024","1,9310","1,9120","1,9335","1,9120","18,23M","0,57%"
"26.08.2024","1,9200","1,9110","1,9275","1,9035","4,85M","0,05%"
"23.08.2024","1,9190","1,9060","1,9215","1,8990","8,07M","1,27%"
"22.08.2024","1,8950","1,8970","1,9090","1,8810","9,91M","-0,42%"
"21.08.2024","1,9030","1,8960","1,9070","1,8845","7,51M","0,13%"
"20.08.2024","1,9005","1,9090","1,9175","1,8860","8,00M","-0,47%"
"19.08.2024","1,9095","1,8600","1,9095","1,8590","11,02M","2,72%"
"16.08.2024","1,8590","1,8490","1,8590","1,8380","8,36M","0,60%"
"15.08.2024","1,8480","1,7960","1,8480","1,7910","9,21M","3,07%"
"14.08.2024","1,7930","1,8100","1,8100","1,7860","6,83M","0,11%"
"13.08.2024","1,7910","1,8025","1,8070","1,7760","7,84M","0,17%"
"12.08.2024","1,7880","1,8000","1,8045","1,7775","6,24M","0,45%"
"09.08.2024","1,7800","1,7920","1,8090","1,7675","7,96M","0,42%"
"08.08.2024","1,7725","1,7640","1,7830","1,7365","10,08M","-0,39%"
"07.08.2024","1,7795","1,7605","1,7940","1,7425","16,99M","3,43%"
"06.08.2024","1,7205","1,7545","1,7600","1,6905","21,40M","0,44%"
"05.08.2024","1,7130","1,6980","1,7300","1,6700","30,94M","-3,00%"
"02.08.2024","1,7660","1,8000","1,8365","1,7625","25,01M","-4,15%"
"01.08.2024","1,8425","1,9400","1,9405","1,8360","22,95M","-5,61%"
"31.07.2024","1,9520","2,0300","2,0300","1,9360","22,63M","-3,08%"
"30.07.2024","2,0140","1,9900","2,0250","1,9775","11,28M","1,00%"
"29.07.2024","1,9940","2,0040","2,0190","1,9740","7,42M","0,00%"
"26.07.2024","1,9940","2,0110","2,0150","1,9825","12,34M","-0,23%"
"25.07.2024","1,9985","2,0000","2,0080","1,9545","13,88M","-1,16%"
"24.07.2024","2,0220","2,0500","2,0500","2,0130","15,54M","-0,79%"
"23.07.2024","2,0380","2,0000","2,0380","1,9830","29,70M","2,05%"
"22.07.2024","1,9970","1,9580","1,9985","1,9560","18,65M","2,78%"
"19.07.2024","1,9430","1,9405","1,9645","1,9355","14,41M","-0,44%"
"18.07.2024","1,9515","1,9300","1,9645","1,9280","14,39M","1,17%"
"17.07.2024","1,9290","1,8905","1,9290","1,8810","11,04M","1,96%"
"16.07.2024","1,8920","1,8990","1,9030","1,8790","8,14M","-0,53%"
"15.07.2024","1,9020","1,9000","1,9200","1,8775","12,01M","-0,26%"
"12.07.2024","1,9070","1,8800","1,9095","1,8800","10,97M","0,95%"
"11.07.2024","1,8890","1,8870","1,8950","1,8710","18,90M","0,88%"
"10.07.2024","1,8725","1,8410","1,8815","1,8410","7,90M","1,49%"
"09.07.2024","1,8450","1,8700","1,8745","1,8345","11,21M","-1,39%"
"08.07.2024","1,8710","1,8635","1,8930","1,8600","9,88M","-0,08%"
"05.07.2024","1,8725","1,8810","1,8900","1,8530","8,60M","-0,69%"
"04.07.2024","1,8855","1,8680","1,8855","1,8630","8,08M","1,23%"
"03.07.2024","1,8625","1,8250","1,8700","1,8140","9,58M","2,34%"
"02.07.2024","1,8200","1,8505","1,8505","1,7900","23,25M","-1,70%"
"01.07.2024","1,8515","1,8370","1,8570","1,8115","14,10M","2,83%"
"28.06.2024","1,8005","1,7970","1,8070","1,7800","15,00M","0,56%"
"27.06.2024","1,7905","1,7735","1,8000","1,7545","10,63M","0,99%"
"26.06.2024","1,7730","1,7940","1,8000","1,7560","7,99M","-0,84%"
"25.06.2024","1,7880","1,8150","1,8210","1,7750","12,73M","-1,22%"
"24.06.2024","1,8100","1,7720","1,8135","1,7655","9,48M","2,43%"
"21.06.2024","1,7670","1,7785","1,7830","1,7275","23,28M","-0,87%"
"20.06.2024","1,7825","1,7990","1,7990","1,7715","8,62M","0,06%"
"19.06.2024","1,7815","1,7740","1,7950","1,7560","9,69M","0,82%"
"18.06.2024","1,7670","1,7800","1,7930","1,7565","11,36M","0,83%"
"17.06.2024","1,7525","1,7630","1,7750","1,7240","15,44M","0,60%"
"14.06.2024","1,7420","1,7670","1,7760","1,7015","26,78M","-2,13%"
"13.06.2024","1,7800","1,8150","1,8285","1,7655","18,25M","-2,47%"
"12.06.2024","1,8250","1,8770","1,8795","1,8155","24,17M","-2,17%"
"11.06.2024","1,8655","1,8965","1,9000","1,8510","11,55M","-1,82%"
"10.06.2024","1,9000","1,9300","1,9330","1,8880","11,94M","-1,09%"
"07.06.2024","1,9210","1,8950","1,9255","1,8890","14,20M","1,24%"
"06.06.2024","1,8975","1,8575","1,8975","1,8555","12,47M","1,39%"
"05.06.2024","1,8715","1,8540","1,8790","1,8340","21,60M","0,73%"
"04.06.2024","1,8580","1,9240","1,9260","1,8230","38,91M","-3,43%"
"03.06.2024","1,9240","1,9600","1,9715","1,9210","22,35M","-0,75%"
"31.05.2024","1,9385","1,9500","1,9555","1,9260","385,95M","-0,08%"
"30.05.2024","1,9400","1,9050","1,9400","1,9050","22,22M","2,00%"
"29.05.2024","1,9020","1,9340","1,9340","1,8870","14,81M","-0,99%"
"28.05.2024","1,9210","1,9180","1,9360","1,9015","13,31M","0,60%"
"27.05.2024","1,9095","1,9165","1,9365","1,8960","11,76M","0,00%"
"24.05.2024","1,9095","1,9065","1,9250","1,8950","13,88M","-0,05%"
"23.05.2024","1,9105","1,9240","1,9520","1,9105","17,99M","-0,86%"
"22.05.2024","1,9270","1,9100","1,9440","1,8950","28,69M","1,55%"
"21.05.2024","1,8975","1,8800","1,9080","1,8795","15,56M","0,61%"
"20.05.2024","1,8860","1,8950","1,9000","1,8790","14,95M","-0,13%"
"17.05.2024","1,8885","1,8620","1,9115","1,8620","23,50M","1,67%"
"16.05.2024","1,8575","1,8940","1,9000","1,8550","27,53M","-2,44%"
"15.05.2024","1,9040","1,8800","1,9135","1,8785","28,07M","1,63%"
"14.05.2024","1,8735","1,8605","1,8770","1,8470","24,84M","0,38%"
"13.05.2024","1,8665","1,8630","1,8665","1,8445","17,53M","-0,19%"
"10.05.2024","1,8700","1,8600","1,8815","1,8400","28,41M","0,73%"
"09.05.2024","1,8565","1,8940","1,9270","1,8435","92,85M","3,17%"
"08.05.2024","1,7995","1,8200","1,8335","1,7880","61,45M","-4,33%"
"07.05.2024","1,8810","1,8200","1,8980","1,8100","58,37M","-0,45%"
"06.05.2024","1,8895","1,9005","1,9310","1,8795","51,10M","0,24%"
"03.05.2024","1,8850","1,8710","1,8970","1,8280","62,34M","1,34%"
"02.05.2024","1,8600","1,9035","1,9700","1,8530","90,59M","3,56%"
"30.04.2024","1,7960","1,7400","1,8735","1,7060","125,74M","3,37%"
"29.04.2024","1,7375","1,7100","1,7400","1,6885","45,18M","2,75%"
"26.04.2024","1,6910","1,6375","1,7270","1,6335","49,31M","3,27%"
"25.04.2024","1,6375","1,5820","1,7365","1,5790","167,74M","8,73%"
"24.04.2024","1,5060","1,5320","1,5350","1,4925","27,04M","-0,89%"
"23.04.2024","1,5195","1,4995","1,5355","1,4985","23,99M","1,67%"
"22.04.2024","1,4945","1,5000","1,5060","1,4810","18,18M","0,67%"
"19.04.2024","1,4845","1,4795","1,4885","1,4570","24,11M","-1,20%"
"18.04.2024","1,5025","1,4560","1,5075","1,4535","27,98M","4,09%"
"17.04.2024","1,4435","1,4100","1,4510","1,4090","19,26M","2,92%"
"16.04.2024","1,4025","1,4155","1,4250","1,3985","23,51M","-3,44%"
"15.04.2024","1,4525","1,4330","1,4805","1,4145","27,43M","0,90%"
"12.04.2024","1,4395","1,4500","1,4655","1,4320","28,90M","-2,01%"
"11.04.2024","1,4690","1,5235","1,5270","1,4480","28,33M","-3,13%"
"10.04.2024","1,5165","1,5005","1,5235","1,4800","23,66M","1,07%"
"09.04.2024","1,5005","1,5570","1,5605","1,4975","26,80M","-3,13%"
"08.04.2024","1,5490","1,5345","1,5520","1,5205","19,49M","1,14%"
"05.04.2024","1,5315","1,5310","1,5435","1,4925","24,88M","-0,81%"
"04.04.2024","1,5440","1,5135","1,5445","1,5125","28,11M","1,91%"
"03.04.2024","1,5150","1,4585","1,5185","1,4585","29,34M","4,09%"
"02.04.2024","1,4555","1,4550","1,4760","1,4465","18,80M","0,03%"
"28.03.2024","1,4550","1,4455","1,4620","1,4450","17,52M","1,04%"
"27.03.2024","1,4400","1,4555","1,4685","1,4390","21,76M","-0,79%"
"26.03.2024","1,4515","1,4385","1,4580","1,4340","17,33M","1,19%"
"25.03.2024","1,4345","1,4380","1,4415","1,4230","15,52M","-0,35%"
"22.03.2024","1,4395","1,4300","1,4490","1,4200","22,74M","0,49%"
"21.03.2024","1,4325","1,4490","1,4520","1,4150","29,63M","0,03%"
"20.03.2024","1,4320","1,4300","1,4435","1,3905","31,38M","0,28%"
"19.03.2024","1,4280","1,4000","1,4355","1,3985","23,76M","2,37%"
"18.03.2024","1,3950","1,3745","1,4020","1,3670","24,78M","1,20%"
"15.03.2024","1,3785","1,3420","1,3820","1,3355","57,67M","2,34%"
"14.03.2024","1,3470","1,3450","1,3600","1,3360","25,96M","-0,15%"
"13.03.2024","1,3490","1,3420","1,3680","1,3375","27,06M","0,52%"
"12.03.2024","1,3420","1,3205","1,3500","1,3180","30,43M","1,86%"
"11.03.2024","1,3175","1,2960","1,3245","1,2710","24,34M","1,15%"
"08.03.2024","1,3025","1,3095","1,3270","1,2940","26,48M","0,00%"
"07.03.2024","1,3025","1,2930","1,3230","1,2660","48,32M","1,56%"
"06.03.2024","1,2825","1,2770","1,2950","1,2725","21,82M","0,98%"
"05.03.2024","1,2700","1,2500","1,2700","1,2445","21,62M","1,40%"
"04.03.2024","1,2525","1,2455","1,2590","1,2415","21,57M","1,05%"
"01.03.2024","1,2395","1,1940","1,2445","1,1905","32,50M","3,55%"
"29.02.2024","1,1970","1,2195","1,2345","1,1930","27,21M","-2,09%"
"28.02.2024","1,2225","1,2255","1,2345","1,2140","17,28M","-0,20%"
"27.02.2024","1,2250","1,2105","1,2300","1,2075","15,88M","0,86%"
"26.02.2024","1,2145","1,2000","1,2175","1,1925","19,37M","1,76%"
"23.02.2024","1,1935","1,1990","1,2005","1,1785","13,66M","0,25%"
"22.02.2024","1,1905","1,1730","1,1990","1,1675","31,33M","2,32%"
"21.02.2024","1,1635","1,1800","1,1850","1,1615","13,65M","-0,98%"
"20.02.2024","1,1750","1,1795","1,1840","1,1715","8,85M","-0,34%"
"19.02.2024","1,1790","1,1700","1,1945","1,1695","13,52M","1,16%"
"16.02.2024","1,1655","1,1650","1,1750","1,1530","16,65M","1,13%"
"15.02.2024","1,1525","1,1795","1,1855","1,1430","16,87M","-1,96%"
"14.02.2024","1,1755","1,1725","1,1960","1,1510","17,20M","-0,17%"
"13.02.2024","1,1775","1,1460","1,1800","1,1400","27,80M","3,06%"
"12.02.2024","1,1425","1,1165","1,1450","1,1135","17,41M","2,74%"
"09.02.2024","1,1120","1,1150","1,1220","1,1045","21,29M","-0,09%"
"08.02.2024","1,1130","1,1295","1,1360","1,1130","16,17M","-1,20%"
"07.02.2024","1,1265","1,1455","1,1455","1,1090","29,55M","-1,74%"
"06.02.2024","1,1465","1,1655","1,1815","1,1455","19,38M","-0,78%"
"05.02.2024","1,1555","1,1830","1,2000","1,1550","29,04M","-1,32%"
"02.02.2024","1,1710","1,1820","1,1835","1,1490","29,26M","-0,04%"
"01.02.2024","1,1715","1,1450","1,1885","1,1210","73,13M","-2,86%"
"31.01.2024","1,2060","1,2100","1,2260","1,2005","23,06M","0,25%"
"30.01.2024","1,2030","1,1650","1,2050","1,1625","25,26M","3,17%"
"29.01.2024","1,1660","1,1650","1,1775","1,1600","12,03M","-0,04%"
"26.01.2024","1,1665","1,1545","1,1665","1,1445","14,29M","1,17%"
"25.01.2024","1,1530","1,1730","1,1740","1,1380","30,34M","-3,11%"
"24.01.2024","1,1900","1,1760","1,1900","1,1710","13,11M","1,71%"
"23.01.2024","1,1700","1,1735","1,1760","1,1515","18,25M","0,17%"
"22.01.2024","1,1680","1,1630","1,1760","1,1590","15,66M","1,52%"
"19.01.2024","1,1505","1,1580","1,1610","1,1390","23,07M","0,31%"
"18.01.2024","1,1470","1,1225","1,1580","1,1145","22,05M","2,46%"
"17.01.2024","1,1195","1,1200","1,1330","1,1120","17,99M","-0,80%"
"16.01.2024","1,1285","1,1400","1,1400","1,1120","33,49M","-2,08%"
"15.01.2024","1,1525","1,1615","1,1665","1,1475","9,68M","0,17%"
"12.01.2024","1,1505","1,1550","1,1680","1,1475","16,33M","-0,52%"
"11.01.2024","1,1565","1,1730","1,1830","1,1565","18,16M","-0,81%"
"10.01.2024","1,1660","1,2080","1,2080","1,1660","30,20M","-3,84%"
"09.01.2024","1,2125","1,2325","1,2340","1,1975","24,39M","-1,74%"
"08.01.2024","1,2340","1,2240","1,2455","1,2150","24,33M","1,02%"
"05.01.2024","1,2215","1,1930","1,2335","1,1875","38,14M","2,22%"
"04.01.2024","1,1950","1,1640","1,1950","1,1560","23,17M","2,84%"
"03.01.2024","1,1620","1,1500","1,1815","1,1495","32,58M","1,31%"
"02.01.2024","1,1470","1,1260","1,1500","1,1220","33,88M","3,05%"
"29.12.2023","1,1130","1,0920","1,1210","1,0920","24,06M","1,60%"
"28.12.2023","1,0955","1,1000","1,1045","1,0850","16,60M","-0,59%"
"27.12.2023","1,1020","1,1000","1,1215","1,0915","31,85M","-2,56%"
"22.12.2023","1,1310","1,1350","1,1380","1,1265","17,10M","0,22%"
"21.12.2023","1,1285","1,1145","1,1310","1,1145","15,27M","0,76%"
"20.12.2023","1,1200","1,1260","1,1290","1,1110","25,83M","-0,18%"
"19.12.2023","1,1220","1,1235","1,1240","1,1110","24,71M","-0,09%"
"18.12.2023","1,1230","1,1230","1,1435","1,1140","32,05M","0,00%"
"15.12.2023","1,1230","1,1570","1,1590","1,1165","60,78M","-2,64%"
"14.12.2023","1,1535","1,2240","1,2250","1,1320","88,18M","-5,06%"
"13.12.2023","1,2150","1,2230","1,2350","1,2135","20,77M","-0,90%"
"12.12.2023","1,2260","1,2400","1,2490","1,2150","18,94M","-1,17%"
"11.12.2023","1,2405","1,2400","1,2515","1,2130","24,80M","0,65%"
"08.12.2023","1,2325","1,2385","1,2420","1,2095","32,97M","-0,44%"
"07.12.2023","1,2380","1,3045","1,3050","1,2275","62,38M","-5,89%"
"06.12.2023","1,3155","1,3480","1,3500","1,3155","21,74M","-1,68%"
"05.12.2023","1,3380","1,3490","1,3600","1,3380","19,25M","-0,74%"
"04.12.2023","1,3480","1,3485","1,3530","1,3275","13,45M","0,00%"
"01.12.2023","1,3480","1,3510","1,3560","1,3430","13,86M","0,60%"
"30.11.2023","1,3400","1,3600","1,3640","1,3370","22,91M","-0,96%"
"29.11.2023","1,3530","1,3480","1,3600","1,3410","21,72M","0,37%"
"28.11.2023","1,3480","1,3330","1,3490","1,3330","14,77M","1,28%"
"27.11.2023","1,3310","1,3300","1,3375","1,3255","12,78M","0,38%"
"24.11.2023","1,3260","1,3250","1,3395","1,3200","10,71M","0,61%"
"23.11.2023","1,3180","1,3235","1,3245","1,3100","10,75M","-0,53%"
"22.11.2023","1,3250","1,3390","1,3500","1,3250","21,71M","-1,08%"
"21.11.2023","1,3395","1,3050","1,3395","1,3010","37,14M","2,10%"
"20.11.2023","1,3120","1,2900","1,3235","1,2895","36,38M","1,82%"
"17.11.2023","1,2885","1,2685","1,2900","1,2685","27,21M","1,66%"
"16.11.2023","1,2675","1,2695","1,2925","1,2640","20,06M","0,00%"
"15.11.2023","1,2675","1,2720","1,2860","1,2580","21,84M","-1,09%"
"14.11.2023","1,2815","1,2860","1,2975","1,2640","29,54M","-0,23%"
"13.11.2023","1,2845","1,2375","1,2890","1,2360","40,95M","4,43%"
"10.11.2023","1,2300","1,2240","1,2360","1,2170","17,59M","0,04%"
"09.11.2023","1,2295","1,2020","1,2300","1,1970","27,89M","2,80%"
"08.11.2023","1,1960","1,1800","1,2010","1,1675","18,15M","0,93%"
"07.11.2023","1,1850","1,1875","1,2035","1,1805","15,83M","-0,50%"
"06.11.2023","1,1910","1,2000","1,2040","1,1855","16,54M","-0,42%"
"03.11.2023","1,1960","1,2055","1,2110","1,1950","21,49M","-0,46%"
"02.11.2023","1,2015","1,1850","1,2060","1,1760","21,85M","1,99%"
"01.11.2023","1,1780","1,1790","1,1870","1,1670","14,50M","0,60%"
"31.10.2023","1,1710","1,1950","1,2085","1,1670","35,31M","-1,26%"
"30.10.2023","1,1860","1,1425","1,1915","1,1350","32,90M","3,81%"
"27.10.2023","1,1425","1,1130","1,1500","1,1110","48,23M","3,58%"
"26.10.2023","1,1030","1,0765","1,1100","1,0655","48,95M","6,01%"
"25.10.2023","1,0405","1,0355","1,0500","1,0255","29,12M","1,02%"
"24.10.2023","1,0300","1,0875","1,0895","1,0300","37,04M","-5,24%"
"23.10.2023","1,0870","1,1070","1,1125","1,0810","27,27M","-2,51%"
"20.10.2023","1,1150","1,1340","1,1380","1,1085","22,49M","-1,68%"
"19.10.2023","1,1340","1,1135","1,1365","1,0960","19,84M","1,61%"
"18.10.2023","1,1160","1,1240","1,1290","1,1120","11,46M","-0,93%"
"17.10.2023","1,1265","1,1240","1,1305","1,1165","10,68M","0,18%"
"16.10.2023","1,1245","1,1140","1,1300","1,1060","12,79M","1,08%"
"13.10.2023","1,1125","1,1270","1,1465","1,1055","26,76M","-1,11%"
"12.10.2023","1,1250","1,1180","1,1250","1,1110","14,83M","1,35%"
"11.10.2023","1,1100","1,1040","1,1165","1,1010","13,08M","0,27%"
"10.10.2023","1,1070","1,0920","1,1120","1,0920","11,71M","1,75%"
"09.10.2023","1,0880","1,1005","1,1100","1,0780","20,50M","-2,94%"
"06.10.2023","1,1210","1,1050","1,1235","1,0975","18,96M","2,19%"
"05.10.2023","1,0970","1,0945","1,1015","1,0750","14,57M","0,73%"
"04.10.2023","1,0890","1,0800","1,0920","1,0705","12,75M","0,09%"
"03.10.2023","1,0880","1,1020","1,1185","1,0865","16,38M","-1,27%"
"02.10.2023","1,1020","1,1045","1,1295","1,1000","24,54M","0,14%"
"29.09.2023","1,1005","1,1050","1,1115","1,0985","16,65M","-0,09%"
"28.09.2023","1,1015","1,0925","1,1040","1,0890","17,12M","1,01%"
"27.09.2023","1,0905","1,0770","1,1060","1,0765","10,96M","1,30%"
"26.09.2023","1,0765","1,0765","1,0840","1,0655","13,59M","-0,28%"
"25.09.2023","1,0795","1,0900","1,1070","1,0730","11,44M","-1,05%"
"22.09.2023","1,0910","1,0815","1,1025","1,0775","16,79M","0,28%"
"21.09.2023","1,0880","1,0690","1,0915","1,0680","17,46M","0,42%"
"20.09.2023","1,0835","1,0425","1,0880","1,0420","24,19M","3,98%"
"19.09.2023","1,0420","1,0265","1,0455","1,0220","14,42M","1,21%"
"18.09.2023","1,0295","1,0440","1,0510","1,0220","22,17M","-0,91%"
"15.09.2023","1,0390","1,0710","1,0760","1,0350","120,05M","-2,72%"
"14.09.2023","1,0680","1,0555","1,0840","1,0410","20,17M","1,04%"
"13.09.2023","1,0570","1,0630","1,0745","1,0550","16,24M","-0,47%"
"12.09.2023","1,0620","1,0510","1,0635","1,0440","16,48M","1,48%"
"11.09.2023","1,0465","1,0420","1,0540","1,0355","12,82M","1,21%"
"08.09.2023","1,0340","1,0185","1,0375","1,0155","15,43M","1,67%"
"07.09.2023","1,0170","1,0260","1,0340","1,0130","17,48M","-0,93%"
"06.09.2023","1,0265","1,0600","1,0630","1,0215","26,52M","-3,25%"
"05.09.2023","1,0610","1,0705","1,0800","1,0550","10,65M","0,00%"
"04.09.2023","1,0610","1,0710","1,0825","1,0580","14,32M","-0,24%"
"01.09.2023","1,0635","1,0735","1,0865","1,0570","21,92M","-0,42%"
"31.08.2023","1,0680","1,1245","1,1315","1,0675","39,03M","-5,02%"
"30.08.2023","1,1245","1,1285","1,1395","1,1225","12,51M","0,18%"
"29.08.2023","1,1225","1,1130","1,1275","1,1130","13,70M","1,26%"
"28.08.2023","1,1085","1,0990","1,1135","1,0990","3,24M","1,70%"
"25.08.2023","1,0900","1,0935","1,1080","1,0885","9,69M","-0,37%"
"24.08.2023","1,0940","1,1000","1,1030","1,0840","8,01M","0,37%"
"23.08.2023","1,0900","1,1085","1,1175","1,0840","11,02M","-1,40%"
"22.08.2023","1,1055","1,1125","1,1200","1,1055","8,88M","-0,32%"
"21.08.2023","1,1090","1,1000","1,1180","1,0955","11,94M","0,77%"
"18.08.2023","1,1005","1,0900","1,1025","1,0870","12,74M","0,32%"
"17.08.2023","1,0970","1,0895","1,1075","1,0855","9,21M","0,60%"
"16.08.2023","1,0905","1,0850","1,0975","1,0780","9,89M","0,05%"
"15.08.2023","1,0900","1,1015","1,1030","1,0840","9,03M","-1,09%"
"14.08.2023","1,1020","1,0860","1,1155","1,0860","11,84M","1,19%"
"11.08.2023","1,0890","1,0900","1,0975","1,0840","10,31M","-0,09%"
"10.08.2023","1,0900","1,0860","1,0985","1,0820","14,99M","1,16%"
"09.08.2023","1,0775","1,0805","1,0890","1,0725","12,25M","1,03%"
"08.08.2023","1,0665","1,0665","1,0830","1,0510","25,41M","-2,16%"
"07.08.2023","1,0900","1,0850","1,0970","1,0805","10,43M","0,69%"
"04.08.2023","1,0825","1,0935","1,1005","1,0785","18,99M","-0,37%"
"03.08.2023","1,0865","1,0710","1,0905","1,0560","18,38M","1,54%"
"02.08.2023","1,0700","1,0820","1,0905","1,0645","34,31M","-2,33%"
"01.08.2023","1,0955","1,1205","1,1310","1,0920","27,79M","-2,10%"
"31.07.2023","1,1190","1,1380","1,1435","1,1190","22,51M","-1,54%"
"28.07.2023","1,1365","1,1700","1,1750","1,1325","35,36M","-2,03%"
"27.07.2023","1,1600","1,1700","1,1760","1,1220","44,25M","1,44%"
"26.07.2023","1,1435","1,1355","1,1610","1,1325","28,11M","0,44%"
"25.07.2023","1,1385","1,1195","1,1385","1,1165","19,50M","2,11%"
"24.07.2023","1,1150","1,0830","1,1150","1,0685","29,05M","-0,76%"
"21.07.2023","1,1235","1,1285","1,1380","1,1145","20,24M","-0,27%"
"20.07.2023","1,1265","1,1280","1,1375","1,1250","15,28M","-0,18%"
"19.07.2023","1,1285","1,1350","1,1390","1,1190","16,12M","-0,44%"
"18.07.2023","1,1335","1,1300","1,1335","1,1090","13,74M","0,76%"
"17.07.2023","1,1250","1,1165","1,1330","1,1135","10,52M","0,40%"
"14.07.2023","1,1205","1,1270","1,1365","1,1205","17,12M","-0,80%"
"13.07.2023","1,1295","1,1195","1,1345","1,1170","17,23M","0,49%"
"12.07.2023","1,1240","1,1140","1,1295","1,1130","22,42M","1,22%"
"11.07.2023","1,1105","1,0885","1,1130","1,0885","18,87M","2,21%"
"10.07.2023","1,0865","1,0870","1,1090","1,0840","18,16M","-0,46%"
"07.07.2023","1,0915","1,0580","1,0950","1,0580","15,30M","3,12%"
"06.07.2023","1,0585","1,0570","1,0750","1,0530","15,71M","-1,17%"
"05.07.2023","1,0710","1,0700","1,0775","1,0550","13,57M","-0,56%"
"04.07.2023","1,0770","1,0885","1,0990","1,0760","15,80M","-0,83%"
"03.07.2023","1,0860","1,0750","1,0880","1,0730","23,00M","3,04%"
"30.06.2023","1,0540","1,0500","1,0735","1,0485","18,67M","0,76%"
"29.06.2023","1,0460","1,0330","1,0485","1,0270","17,14M","1,45%"
"28.06.2023","1,0310","1,0260","1,0370","1,0220","13,32M","0,49%"
"27.06.2023","1,0260","1,0100","1,0260","1,0065","18,71M","1,68%"
"26.06.2023","1,0090","0,9914","1,0100","0,9666","16,89M","1,45%"
"23.06.2023","0,9946","1,0065","1,0125","0,9852","20,73M","-2,15%"
"22.06.2023","1,0165","1,0250","1,0325","1,0080","15,19M","-1,79%"
"21.06.2023","1,0350","1,0195","1,0430","1,0160","18,36M","1,62%"
"20.06.2023","1,0185","1,0240","1,0380","1,0180","10,30M","-0,54%"
"19.06.2023","1,0240","1,0205","1,0380","1,0165","10,20M","0,34%"
"16.06.2023","1,0205","1,0055","1,0265","0,9880","36,40M","1,90%"
"15.06.2023","1,0015","1,0150","1,0205","1,0015","16,94M","-1,72%"
"14.06.2023","1,0190","1,0000","1,0260","0,9938","23,06M","2,15%"
"13.06.2023","0,9976","1,0000","1,0000","0,9808","13,84M","0,20%"
"12.06.2023","0,9956","1,0020","1,0175","0,9870","11,30M","-0,36%"
"09.06.2023","0,9992","1,0025","1,0155","0,9920","11,95M","-0,58%"
"08.06.2023","1,0050","1,0000","1,0250","0,9982","22,03M","0,76%"
"07.06.2023","0,9974","0,9956","1,0000","0,9750","11,69M","0,75%"
"06.06.2023","0,9900","0,9728","0,9908","0,9648","12,74M","1,27%"
"05.06.2023","0,9776","1,0000","1,0090","0,9676","17,78M","-1,87%"
"02.06.2023","0,9962","0,9694","0,9986","0,9628","20,56M","3,43%"
"01.06.2023","0,9632","0,9310","0,9780","0,9310","21,31M","4,24%"
"31.05.2023","0,9240","0,9538","0,9682","0,9180","27,45M","-3,79%"
"30.05.2023","0,9604","0,9688","1,0025","0,9574","18,91M","-0,68%"
"29.05.2023","0,9670","0,9800","0,9850","0,9520","8,58M","-0,21%"
"26.05.2023","0,9690","0,9644","0,9732","0,9350","14,94M","0,50%"
"25.05.2023","0,9642","0,9500","0,9714","0,9302","18,45M","1,49%"
"24.05.2023","0,9500","0,9616","0,9688","0,9412","13,98M","-2,28%"
"23.05.2023","0,9722","0,9700","0,9788","0,9626","10,08M","0,41%"
"22.05.2023","0,9682","0,9500","0,9726","0,9480","13,33M","1,79%"
"19.05.2023","0,9512","0,9566","0,9670","0,9470","13,32M","-0,25%"
"18.05.2023","0,9536","0,9490","0,9570","0,9358","13,91M","1,34%"
"17.05.2023","0,9410","0,9176","0,9410","0,9130","16,12M","1,84%"
"16.05.2023","0,9240","0,9126","0,9354","0,9090","12,17M","0,11%"
"15.05.2023","0,9230","0,9250","0,9260","0,9084","10,18M","1,21%"
"12.05.2023","0,9120","0,9216","0,9252","0,9094","11,57M","-0,31%"
"11.05.2023","0,9148","0,9212","0,9264","0,8960","17,97M","-0,17%"
"10.05.2023","0,9164","0,9360","0,9426","0,9100","18,30M","-1,19%"
"09.05.2023","0,9274","0,9110","0,9330","0,9110","16,44M","1,18%"
"08.05.2023","0,9166","0,9120","0,9256","0,9106","11,76M","1,21%"
"05.05.2023","0,9056","0,8890","0,9078","0,8772","22,20M","2,86%"
"04.05.2023","0,8804","0,8948","0,8974","0,8734","26,39M","-2,24%"
"03.05.2023","0,9006","0,9202","0,9300","0,8936","28,08M","-1,25%"
"02.05.2023","0,9120","0,9560","0,9610","0,9120","27,35M","-3,47%"
"28.04.2023","0,9448","1,0175","1,0175","0,9376","52,52M","-7,14%"
"27.04.2023","1,0175","1,0000","1,0270","0,9744","25,60M","1,81%"
"26.04.2023","0,9994","0,9882","1,0020","0,9570","24,55M","0,00%"
"25.04.2023","0,9994","1,0330","1,0330","0,9980","23,14M","-4,41%"
"24.04.2023","1,0455","1,0480","1,0535","1,0365","13,66M","-0,99%"
"21.04.2023","1,0560","1,0640","1,0760","1,0425","26,92M","-0,71%"
"20.04.2023","1,0635","1,1000","1,1200","1,0590","35,76M","-1,39%"
"19.04.2023","1,0785","1,0685","1,0785","1,0505","20,93M","1,36%"
"18.04.2023","1,0640","1,0400","1,0710","1,0400","26,31M","3,15%"
"17.04.2023","1,0315","1,0305","1,0420","1,0195","25,42M","0,49%"
"14.04.2023","1,0265","0,9988","1,0345","0,9878","30,71M","2,77%"
"13.04.2023","0,9988","0,9908","1,0035","0,9794","14,31M","0,87%"
"12.04.2023","0,9902","1,0015","1,0110","0,9870","17,79M","-1,42%"
"11.04.2023","1,0045","1,0100","1,0115","0,9868","22,68M","0,59%"
"06.04.2023","0,9986","0,9810","1,0010","0,9778","16,73M","3,25%"
"05.04.2023","0,9672","0,9940","0,9978","0,9622","23,69M","-2,44%"
"04.04.2023","0,9914","0,9874","1,0025","0,9838","19,65M","0,85%"
"03.04.2023","0,9830","0,9942","1,0125","0,9812","20,82M","-0,59%"
"31.03.2023","0,9888","1,0125","1,0160","0,9860","23,75M","-2,10%"
"30.03.2023","1,0100","0,9970","1,0145","0,9880","27,62M","2,14%"
"29.03.2023","0,9888","0,9742","0,9942","0,9678","22,18M","0,65%"
"28.03.2023","0,9824","1,0040","1,0130","0,9694","30,60M","0,08%"
"27.03.2023","0,9816","0,9960","1,0080","0,9520","44,12M","1,53%"
"24.03.2023","0,9668","1,0000","1,0010","0,9284","77,47M","-4,28%"
"23.03.2023","1,0100","1,0240","1,0475","1,0070","31,78M","-3,35%"
"22.03.2023","1,0450","1,0740","1,1015","1,0450","48,16M","-2,70%"
"21.03.2023","1,0740","1,0375","1,0770","1,0120","59,65M","7,46%"
"20.03.2023","0,9994","0,9668","1,0110","0,9090","83,07M","1,71%"
"17.03.2023","0,9826","1,0360","1,0555","0,9670","79,54M","-3,14%"
"16.03.2023","1,0145","1,0495","1,0765","0,9942","84,71M","-0,49%"
"15.03.2023","1,0195","1,1410","1,1520","1,0015","97,66M","-10,49%"
"14.03.2023","1,1390","1,0800","1,1550","1,0610","75,40M","4,50%"
"13.03.2023","1,0900","1,2180","1,2220","1,0840","108,46M","-11,81%"
"10.03.2023","1,2360","1,2460","1,2585","1,2160","62,68M","-5,11%"
"09.03.2023","1,3025","1,3050","1,3120","1,2910","19,77M","-0,27%"
"08.03.2023","1,3060","1,2880","1,3155","1,2855","18,16M","0,93%"
"07.03.2023","1,2940","1,3300","1,3340","1,2855","35,95M","-2,56%"
"06.03.2023","1,3280","1,2945","1,3290","1,2945","36,25M","3,07%"
"03.03.2023","1,2885","1,2330","1,2885","1,2330","36,14M","4,63%"
"02.03.2023","1,2315","1,2400","1,2415","1,2175","22,01M","-1,04%"
"01.03.2023","1,2445","1,2360","1,2620","1,2290","27,19M","0,85%"
"28.02.2023","1,2340","1,1990","1,2675","1,1910","49,73M","2,24%"
"27.02.2023","1,2070","1,1870","1,2215","1,1810","24,54M","1,77%"
"24.02.2023","1,1860","1,1740","1,1890","1,1680","21,19M","1,11%"
"23.02.2023","1,1730","1,1660","1,1770","1,1525","16,26M","1,30%"
"22.02.2023","1,1580","1,1890","1,1895","1,1520","29,37M","-3,18%"
"21.02.2023","1,1960","1,1855","1,1965","1,1685","18,04M","0,89%"
"20.02.2023","1,1855","1,2160","1,2180","1,1825","22,93M","-2,23%"
"17.02.2023","1,2125","1,2030","1,2190","1,2000","17,17M","0,00%"
"16.02.2023","1,2125","1,1980","1,2125","1,1945","21,41M","1,63%"
"15.02.2023","1,1930","1,1830","1,1940","1,1730","19,61M","0,80%"
"14.02.2023","1,1835","1,1890","1,1915","1,1660","20,70M","0,08%"
"13.02.2023","1,1825","1,1620","1,1870","1,1550","17,43M","1,76%"
"10.02.2023","1,1620","1,1785","1,1785","1,1535","18,18M","-1,53%"
"09.02.2023","1,1800","1,1760","1,1915","1,1665","22,29M","0,43%"
"08.02.2023","1,1750","1,1500","1,1760","1,1425","36,81M","2,93%"
"07.02.2023","1,1415","1,1325","1,1500","1,1275","20,00M","0,93%"
"06.02.2023","1,1310","1,1355","1,1540","1,1275","28,54M","-0,48%"
"03.02.2023","1,1365","1,1645","1,1660","1,1070","61,97M","-2,53%"
"02.02.2023","1,1660","1,2150","1,2345","1,1560","63,25M","-3,99%"
"01.02.2023","1,2145","1,2045","1,2275","1,1910","45,39M","1,42%"
"31.01.2023","1,1975","1,1675","1,2105","1,1675","50,45M","3,46%"
"30.01.2023","1,1575","1,1640","1,1690","1,1505","40,05M","-0,56%"
"27.01.2023","1,1640","1,1200","1,1720","1,1080","72,46M","5,24%"
"26.01.2023","1,1060","1,0165","1,1350","1,0135","146,02M","10,98%"
"25.01.2023","0,9966","0,9866","0,9966","0,9780","36,03M","0,91%"
"24.01.2023","0,9876","0,9800","0,9880","0,9704","19,42M","0,80%"
"23.01.2023","0,9798","0,9776","0,9926","0,9752","28,44M","1,01%"
"20.01.2023","0,9700","0,9590","0,9730","0,9554","27,16M","1,13%"
"19.01.2023","0,9592","0,9600","0,9642","0,9408","28,59M","-0,83%"
"18.01.2023","0,9672","0,9550","0,9826","0,9528","31,37M","0,23%"
"17.01.2023","0,9650","0,9700","0,9742","0,9584","20,46M","-0,54%"
"16.01.2023","0,9702","0,9900","0,9940","0,9702","19,60M","-1,76%"
"13.01.2023","0,9876","0,9878","0,9978","0,9826","26,41M","-0,02%"
"12.01.2023","0,9878","0,9822","0,9890","0,9710","25,06M","1,04%"
"11.01.2023","0,9776","0,9986","1,0015","0,9760","30,19M","-1,67%"
"10.01.2023","0,9942","0,9720","0,9958","0,9704","23,78M","1,55%"
"09.01.2023","0,9790","0,9856","1,0045","0,9790","42,64M","-0,29%"
"06.01.2023","0,9818","0,9600","0,9880","0,9600","29,83M","2,87%"
"05.01.2023","0,9544","0,9388","0,9594","0,9292","38,50M","1,49%"
"04.01.2023","0,9404","0,9240","0,9478","0,9228","31,39M","2,44%"
"03.01.2023","0,9180","0,9090","0,9364","0,9016","33,31M","1,28%"
"02.01.2023","0,9064","0,8888","0,9086","0,8862","14,61M","2,91%"
"30.12.2022","0,8808","0,8888","0,8936","0,8782","14,99M","-1,23%"
"29.12.2022","0,8918","0,8894","0,8998","0,8802","12,29M","0,45%"
"28.12.2022","0,8878","0,8942","0,8968","0,8788","15,37M","-2,50%"
"27.12.2022","0,9106","0,9150","0,9170","0,9082","17,28M","-0,07%"
"23.12.2022","0,9112","0,9080","0,9200","0,9018","24,88M","1,02%"
"22.12.2022","0,9020","0,9094","0,9130","0,8974","23,32M","-0,57%"
"21.12.2022","0,9072","0,9010","0,9110","0,8884","26,34M","1,00%"
"20.12.2022","0,8982","0,8770","0,9030","0,8740","34,11M","2,32%"
"19.12.2022","0,8778","0,8746","0,8854","0,8696","20,77M","-0,41%"
"16.12.2022","0,8814","0,8390","0,8850","0,8332","64,80M","4,85%"
"15.12.2022","0,8406","0,8476","0,8518","0,8316","28,09M","-1,50%"
"14.12.2022","0,8534","0,8458","0,8602","0,8432","17,64M","0,95%"
"13.12.2022","0,8454","0,8538","0,8680","0,8390","28,06M","-0,61%"
"12.12.2022","0,8506","0,8548","0,8580","0,8480","10,86M","-0,72%"
"09.12.2022","0,8568","0,8594","0,8660","0,8410","17,54M","0,05%"
"08.12.2022","0,8564","0,8600","0,8664","0,8552","10,62M","-0,40%"
"07.12.2022","0,8598","0,8618","0,8736","0,8572","13,70M","-0,05%"
"06.12.2022","0,8602","0,8518","0,8664","0,8360","16,38M","0,21%"
"05.12.2022","0,8584","0,8572","0,8622","0,8528","9,14M","-0,30%"
"02.12.2022","0,8610","0,8554","0,8660","0,8468","19,97M","0,61%"
"01.12.2022","0,8558","0,8938","0,8960","0,8510","48,26M","-3,78%"
"30.11.2022","0,8894","0,8870","0,8950","0,8782","25,94M","0,50%"
"29.11.2022","0,8850","0,8730","0,8850","0,8670","18,59M","1,37%"
"28.11.2022","0,8730","0,8704","0,8830","0,8674","13,53M","-0,39%"
"25.11.2022","0,8764","0,8660","0,8764","0,8660","15,44M","1,20%"
"24.11.2022","0,8660","0,8762","0,8850","0,8602","22,53M","-1,16%"
"23.11.2022","0,8762","0,8684","0,8860","0,8638","27,90M","0,92%"
"22.11.2022","0,8682","0,8460","0,8716","0,8460","36,03M","2,94%"
"21.11.2022","0,8434","0,8344","0,8546","0,8332","26,43M","0,81%"
"18.11.2022","0,8366","0,8320","0,8426","0,8284","24,80M","1,01%"
"17.11.2022","0,8282","0,8380","0,8400","0,8220","24,97M","-1,08%"
"16.11.2022","0,8372","0,8300","0,8452","0,8298","33,70M","0,48%"
"15.11.2022","0,8332","0,7942","0,8332","0,7938","55,40M","5,68%"
"14.11.2022","0,7884","0,7820","0,7930","0,7774","22,63M","0,38%"
"11.11.2022","0,7854","0,7958","0,8048","0,7782","37,26M","-0,93%"
"10.11.2022","0,7928","0,8108","0,8250","0,7794","52,75M","-2,20%"
"09.11.2022","0,8106","0,8122","0,8230","0,8030","27,63M","-0,25%"
"08.11.2022","0,8126","0,8132","0,8202","0,8092","18,13M","0,59%"
"07.11.2022","0,8078","0,8000","0,8204","0,7954","22,62M","0,77%"
"04.11.2022","0,8016","0,8186","0,8230","0,8000","31,04M","-1,57%"
"03.11.2022","0,8144","0,8050","0,8148","0,7988","24,37M","0,57%"
"02.11.2022","0,8098","0,8190","0,8260","0,8016","24,99M","-0,49%"
"01.11.2022","0,8138","0,8036","0,8194","0,7980","35,20M","2,29%"
"31.10.2022","0,7956","0,7850","0,8080","0,7842","33,38M","1,84%"
"28.10.2022","0,7812","0,7710","0,7812","0,7540","29,34M","0,90%"
"27.10.2022","0,7742","0,8000","0,8100","0,7674","52,76M","-2,30%"
"26.10.2022","0,7924","0,7950","0,7990","0,7734","27,14M","-0,23%"
"25.10.2022","0,7942","0,8014","0,8084","0,7868","24,44M","-0,55%"
"24.10.2022","0,7986","0,7970","0,8114","0,7794","36,69M","1,14%"
"21.10.2022","0,7896","0,7788","0,7896","0,7660","27,75M","0,38%"
"20.10.2022","0,7866","0,7584","0,7910","0,7584","35,89M","4,55%"
"19.10.2022","0,7524","0,7600","0,7650","0,7398","27,98M","-0,58%"
"18.10.2022","0,7568","0,7576","0,7662","0,7492","25,97M","0,80%"
"17.10.2022","0,7508","0,7488","0,7680","0,7478","26,64M","1,16%"
"14.10.2022","0,7422","0,7500","0,7588","0,7324","38,06M","1,17%"
"13.10.2022","0,7336","0,7070","0,7366","0,7056","27,74M","3,21%"
"12.10.2022","0,7108","0,7164","0,7172","0,6926","19,70M","-0,67%"
"11.10.2022","0,7156","0,7132","0,7176","0,7010","18,28M","-0,33%"
"10.10.2022","0,7180","0,7102","0,7274","0,7080","16,73M","0,39%"
"07.10.2022","0,7152","0,6968","0,7212","0,6956","24,92M","2,05%"
"06.10.2022","0,7008","0,7130","0,7190","0,6926","17,74M","-1,13%"
"05.10.2022","0,7088","0,7266","0,7304","0,7022","15,96M","-2,50%"
"04.10.2022","0,7270","0,7168","0,7346","0,7152","30,08M","3,53%"
"03.10.2022","0,7022","0,6802","0,7048","0,6750","23,19M","2,00%"
"30.09.2022","0,6884","0,6948","0,7100","0,6860","31,15M","-0,15%"
"29.09.2022","0,6894","0,7060","0,7082","0,6824","31,63M","-2,30%"
"28.09.2022","0,7056","0,7100","0,7176","0,6970","44,95M","-1,54%"
"27.09.2022","0,7166","0,7790","0,7812","0,7134","56,81M","-6,47%"
"26.09.2022","0,7662","0,7804","0,7830","0,7460","48,75M","-2,42%"
"23.09.2022","0,7852","0,8000","0,8000","0,7650","44,83M","-1,18%"
"22.09.2022","0,7946","0,7500","0,7996","0,7492","51,51M","4,99%"
"21.09.2022","0,7568","0,7512","0,7640","0,7456","25,42M","-0,42%"
"20.09.2022","0,7600","0,7614","0,7718","0,7586","24,14M","0,58%"
"19.09.2022","0,7556","0,7472","0,7608","0,7388","21,81M","1,31%"
"16.09.2022","0,7458","0,7600","0,7660","0,7432","44,00M","-3,77%"
"15.09.2022","0,7750","0,7438","0,7852","0,7438","47,75M","4,90%"
"14.09.2022","0,7388","0,7352","0,7532","0,7250","25,43M","0,05%"
"13.09.2022","0,7384","0,7650","0,7694","0,7260","41,06M","-3,27%"
"12.09.2022","0,7634","0,7520","0,7676","0,7500","35,59M","2,50%"
"09.09.2022","0,7448","0,7230","0,7566","0,7196","51,19M","4,05%"
"08.09.2022","0,7158","0,6830","0,7228","0,6736","64,28M","5,58%"
"07.09.2022","0,6780","0,6762","0,6906","0,6626","32,32M","-1,11%"
"06.09.2022","0,6856","0,6746","0,6952","0,6704","30,90M","1,66%"
"05.09.2022","0,6744","0,6716","0,6764","0,6620","21,00M","-1,60%"
"02.09.2022","0,6854","0,6716","0,6898","0,6672","22,65M","2,39%"
"01.09.2022","0,6694","0,6792","0,6860","0,6640","25,40M","-2,56%"
"31.08.2022","0,6870","0,6832","0,6912","0,6704","35,95M","1,42%"
"30.08.2022","0,6774","0,6590","0,6918","0,6580","46,04M","3,26%"
"29.08.2022","0,6560","0,6364","0,6560","0,6340","19,56M","1,77%"
"26.08.2022","0,6446","0,6420","0,6570","0,6394","23,83M","1,00%"
"25.08.2022","0,6382","0,6516","0,6560","0,6378","13,83M","-1,66%"
"24.08.2022","0,6490","0,6530","0,6564","0,6418","9,08M","-0,55%"
"23.08.2022","0,6526","0,6434","0,6574","0,6408","15,71M","1,46%"
"22.08.2022","0,6432","0,6450","0,6454","0,6320","18,46M","-0,80%"
"19.08.2022","0,6484","0,6694","0,6700","0,6454","26,52M","-3,71%"
"18.08.2022","0,6734","0,6760","0,6832","0,6684","13,56M","-0,38%"
"17.08.2022","0,6760","0,6880","0,6936","0,6684","23,20M","-0,88%"
"16.08.2022","0,6820","0,6732","0,6866","0,6712","22,09M","1,58%"
"15.08.2022","0,6714","0,6820","0,6820","0,6630","15,00M","-1,00%"
"12.08.2022","0,6782","0,6712","0,6822","0,6690","19,42M","1,56%"
"11.08.2022","0,6678","0,6718","0,6740","0,6652","13,78M","0,24%"
"10.08.2022","0,6662","0,6672","0,6740","0,6568","28,62M","0,18%"
"09.08.2022","0,6650","0,6618","0,6712","0,6570","18,09M","0,18%"
"08.08.2022","0,6638","0,6626","0,6704","0,6534","23,74M","0,58%"
"05.08.2022","0,6600","0,6350","0,6638","0,6344","34,58M","4,33%"
"04.08.2022","0,6326","0,6370","0,6500","0,6300","22,53M","-0,82%"
"03.08.2022","0,6378","0,6410","0,6452","0,6262","24,52M","-1,42%"
"02.08.2022","0,6470","0,6214","0,6520","0,6214","30,78M","4,09%"
"01.08.2022","0,6216","0,6260","0,6470","0,6216","36,50M","-0,48%"
"29.07.2022","0,6246","0,6546","0,6546","0,6216","50,52M","-2,22%"
"28.07.2022","0,6388","0,6890","0,7000","0,6352","57,07M","-5,03%"
"27.07.2022","0,6726","0,6606","0,6732","0,6462","32,74M","2,97%"
"26.07.2022","0,6532","0,6480","0,6602","0,6382","26,60M","-0,03%"
"25.07.2022","0,6534","0,6330","0,6600","0,6274","27,13M","3,71%"
"22.07.2022","0,6300","0,6530","0,6698","0,6282","34,94M","-4,81%"
"21.07.2022","0,6618","0,6414","0,6916","0,6378","53,28M","2,64%"
"20.07.2022","0,6448","0,6696","0,6760","0,6250","42,35M","-2,42%"
"19.07.2022","0,6608","0,6212","0,6652","0,6150","51,62M","6,34%"
"18.07.2022","0,6214","0,6350","0,6350","0,6130","35,03M","0,58%"
"15.07.2022","0,6178","0,6000","0,6216","0,5954","30,68M","3,04%"
"14.07.2022","0,5996","0,6052","0,6204","0,5934","39,92M","-2,03%"
"13.07.2022","0,6120","0,6060","0,6232","0,5890","49,61M","0,03%"
"12.07.2022","0,6118","0,6520","0,6540","0,5750","107,84M","-7,44%"
"11.07.2022","0,6610","0,6610","0,6670","0,6512","23,41M","-2,10%"
"08.07.2022","0,6752","0,6798","0,6814","0,6564","31,78M","-0,32%"
"07.07.2022","0,6774","0,6626","0,6860","0,6586","36,31M","4,34%"
"06.07.2022","0,6492","0,7010","0,7054","0,6454","68,84M","-6,67%"
"05.07.2022","0,6956","0,7400","0,7450","0,6942","35,72M","-5,49%"
"04.07.2022","0,7360","0,7640","0,7640","0,7312","28,37M","-3,21%"
"01.07.2022","0,7604","0,7600","0,7970","0,7516","27,77M","-0,03%"
"30.06.2022","0,7606","0,7750","0,7876","0,7468","31,71M","-3,33%"
"29.06.2022","0,7868","0,7810","0,7928","0,7780","16,44M","0,33%"
"28.06.2022","0,7842","0,7968","0,8116","0,7822","19,16M","-0,15%"
"27.06.2022","0,7854","0,8044","0,8130","0,7836","29,47M","-2,63%"
"24.06.2022","0,8066","0,8136","0,8170","0,7822","36,12M","-0,17%"
"23.06.2022","0,8080","0,8430","0,8562","0,8054","37,15M","-4,81%"
"22.06.2022","0,8488","0,8418","0,8564","0,8272","27,06M","-1,14%"
"21.06.2022","0,8586","0,8480","0,8640","0,8426","36,16M","2,46%"
"20.06.2022","0,8380","0,8080","0,8486","0,7966","25,94M","4,75%"
"17.06.2022","0,8000","0,7672","0,8130","0,7624","59,84M","5,68%"
"16.06.2022","0,7570","0,7760","0,7780","0,7514","21,52M","-2,45%"
"15.06.2022","0,7760","0,7726","0,7858","0,7666","31,21M","2,40%"
"14.06.2022","0,7578","0,7682","0,7786","0,7514","23,33M","-0,26%"
"13.06.2022","0,7598","0,7770","0,7822","0,7500","48,44M","-3,90%"
"10.06.2022","0,7906","0,8350","0,8416","0,7882","43,50M","-6,53%"
"09.06.2022","0,8458","0,8300","0,8516","0,8288","26,85M","1,10%"
"08.06.2022","0,8366","0,8554","0,8570","0,8360","21,00M","-1,69%"
"07.06.2022","0,8510","0,8474","0,8560","0,8452","19,55M","0,07%"
"06.06.2022","0,8504","0,8310","0,8570","0,8280","20,76M","3,43%"
"03.06.2022","0,8222","0,8366","0,8376","0,8210","10,77M","-0,96%"
"02.06.2022","0,8302","0,8340","0,8386","0,8244","14,02M","0,48%"
"01.06.2022","0,8262","0,8416","0,8494","0,8262","21,85M","-0,82%"
"31.05.2022","0,8330","0,8414","0,8500","0,8260","18,78M","-1,02%"
"30.05.2022","0,8416","0,8422","0,8508","0,8294","25,51M","1,84%"
"27.05.2022","0,8264","0,8530","0,8650","0,8220","44,39M","-2,94%"
"26.05.2022","0,8514","0,8200","0,8522","0,8170","52,03M","3,88%"
"25.05.2022","0,8196","0,8038","0,8196","0,7980","44,45M","3,62%"
"24.05.2022","0,7910","0,7666","0,8026","0,7650","39,85M","2,04%"
"23.05.2022","0,7752","0,7448","0,7752","0,7386","37,64M","5,99%"
"20.05.2022","0,7314","0,7440","0,7504","0,7314","22,84M","-0,57%"
"19.05.2022","0,7356","0,7252","0,7380","0,7172","19,95M","1,07%"
"18.05.2022","0,7278","0,7346","0,7500","0,7278","23,54M","-1,09%"
"17.05.2022","0,7358","0,7178","0,7394","0,7158","32,04M","4,25%"
"16.05.2022","0,7058","0,7056","0,7202","0,7024","13,34M","-0,62%"
"13.05.2022","0,7102","0,7126","0,7178","0,7050","14,98M","0,94%"
"12.05.2022","0,7036","0,7024","0,7180","0,6946","29,10M","-2,28%"
"11.05.2022","0,7200","0,7056","0,7240","0,6830","33,05M","2,59%"
"10.05.2022","0,7018","0,6964","0,7218","0,6882","34,92M","3,08%"
"09.05.2022","0,6808","0,6820","0,6966","0,6760","24,40M","0,06%"
"06.05.2022","0,6804","0,6962","0,7000","0,6666","47,97M","-1,51%"
"05.05.2022","0,6908","0,7400","0,7400","0,6900","56,30M","-3,71%"
"04.05.2022","0,7174","0,7464","0,7490","0,7160","25,54M","-3,32%"
"03.05.2022","0,7420","0,7304","0,7474","0,7210","22,76M","3,11%"
"02.05.2022","0,7196","0,7332","0,7424","0,7190","24,03M","-3,28%"
"29.04.2022","0,7440","0,7308","0,7470","0,7160","31,22M","3,13%"
"28.04.2022","0,7214","0,7300","0,7528","0,7024","40,78M","1,18%"
"27.04.2022","0,7130","0,7206","0,7246","0,6990","36,30M","0,71%"
"26.04.2022","0,7080","0,7790","0,7800","0,7070","59,81M","-6,74%"
"25.04.2022","0,7592","0,7700","0,7794","0,7592","24,48M","-2,74%"
"22.04.2022","0,7806","0,7954","0,8196","0,7790","36,73M","-2,62%"
"21.04.2022","0,8016","0,7800","0,8016","0,7714","41,12M","4,37%"
"20.04.2022","0,7680","0,7478","0,7800","0,7442","34,58M","3,70%"
"19.04.2022","0,7406","0,7370","0,7508","0,7320","20,97M","1,31%"
"14.04.2022","0,7310","0,7358","0,7444","0,7296","21,97M","-0,25%"
"13.04.2022","0,7328","0,7260","0,7352","0,7204","23,61M","1,69%"
"12.04.2022","0,7206","0,7282","0,7386","0,7158","33,02M","-2,30%"
"11.04.2022","0,7376","0,7410","0,7488","0,7286","24,99M","0,27%"
"08.04.2022","0,7356","0,7256","0,7464","0,7244","28,30M","3,31%"
"07.04.2022","0,7120","0,7000","0,7418","0,6854","44,58M","2,21%"
"06.04.2022","0,6966","0,7348","0,7414","0,6922","44,90M","-4,81%"
"05.04.2022","0,7318","0,7412","0,7500","0,7308","24,40M","-1,27%"
"04.04.2022","0,7412","0,7522","0,7570","0,7384","23,95M","-1,36%"
"01.04.2022","0,7514","0,7500","0,7718","0,7488","25,62M","0,78%"
"31.03.2022","0,7456","0,7796","0,7830","0,7400","37,05M","-2,00%"
"30.03.2022","0,7608","0,7786","0,7868","0,7530","39,44M","-5,09%"
"29.03.2022","0,8016","0,7634","0,8040","0,7512","55,52M","7,02%"
"28.03.2022","0,7490","0,7400","0,7654","0,7370","32,69M","2,21%"
"25.03.2022","0,7328","0,7310","0,7452","0,7212","28,83M","-0,81%"
"24.03.2022","0,7388","0,7428","0,7494","0,7272","28,11M","-0,16%"
"23.03.2022","0,7400","0,7792","0,7794","0,7390","36,27M","-3,27%"
"22.03.2022","0,7650","0,7412","0,7798","0,7412","40,66M","3,86%"
"21.03.2022","0,7366","0,7400","0,7560","0,7322","27,60M","-0,22%"
"18.03.2022","0,7382","0,7500","0,7516","0,7244","45,52M","-1,10%"
"17.03.2022","0,7464","0,7780","0,7782","0,7316","50,48M","-2,38%"
"16.03.2022","0,7646","0,7410","0,7754","0,7282","62,87M","6,64%"
"15.03.2022","0,7170","0,7138","0,7318","0,7036","42,59M","-1,10%"
"14.03.2022","0,7250","0,7132","0,7310","0,7028","52,81M","4,20%"
"11.03.2022","0,6958","0,6970","0,7262","0,6756","76,53M","1,73%"
"10.03.2022","0,6840","0,6778","0,6972","0,6408","86,79M","3,83%"
"09.03.2022","0,6588","0,6400","0,6620","0,6220","70,75M","8,68%"
"08.03.2022","0,6062","0,5748","0,6350","0,5650","75,74M","2,05%"
"07.03.2022","0,5940","0,6100","0,6150","0,5700","106,02M","-6,95%"
"04.03.2022","0,6384","0,6918","0,6946","0,6378","77,22M","-9,03%"
"03.03.2022","0,7018","0,7412","0,7420","0,6980","48,19M","-4,15%"
"02.03.2022","0,7322","0,7078","0,7446","0,7016","48,08M","1,50%"
"01.03.2022","0,7214","0,7796","0,7948","0,7214","59,10M","-6,89%"
"28.02.2022","0,7748","0,7828","0,7942","0,7630","60,67M","-5,03%"
"25.02.2022","0,8158","0,7860","0,8270","0,7640","63,55M","4,94%"
"24.02.2022","0,7774","0,7700","0,8190","0,7558","89,69M","-7,01%"
"23.02.2022","0,8360","0,8710","0,8794","0,8318","39,23M","-3,46%"
"22.02.2022","0,8660","0,8510","0,8832","0,8402","39,98M","-1,79%"
"21.02.2022","0,8818","0,9044","0,9218","0,8806","23,84M","-2,50%"
"18.02.2022","0,9044","0,8950","0,9260","0,8910","38,32M","1,57%"
"17.02.2022","0,8904","0,9046","0,9122","0,8816","27,92M","-1,44%"
"16.02.2022","0,9034","0,9260","0,9370","0,8934","36,40M","-1,29%"
"15.02.2022","0,9152","0,9050","0,9298","0,8992","39,33M","1,13%"
"14.02.2022","0,9050","0,9036","0,9262","0,8800","62,63M","-4,05%"
"11.02.2022","0,9432","0,9306","0,9484","0,9222","48,39M","0,49%"
"10.02.2022","0,9386","0,9250","0,9500","0,9200","62,63M","0,60%"
"09.02.2022","0,9330","0,9190","0,9330","0,8988","67,67M","2,19%"
"08.02.2022","0,9130","0,8610","0,9150","0,8610","78,44M","7,46%"
"07.02.2022","0,8496","0,8402","0,8600","0,8180","63,58M","1,58%"
"04.02.2022","0,8364","0,7920","0,8428","0,7888","97,16M","7,09%"
"03.02.2022","0,7810","0,7250","0,7810","0,7200","64,13M","5,97%"
"02.02.2022","0,7370","0,7300","0,7466","0,7152","43,88M","1,15%"
"01.02.2022","0,7286","0,6954","0,7290","0,6920","62,75M","5,99%"
"31.01.2022","0,6874","0,6864","0,6920","0,6592","48,74M","0,91%"
"28.01.2022","0,6812","0,6712","0,6812","0,6538","35,43M","1,85%"
"27.01.2022","0,6688","0,6656","0,7000","0,6616","90,44M","2,36%"
"26.01.2022","0,6534","0,6400","0,6600","0,6400","34,61M","2,93%"
"25.01.2022","0,6348","0,6186","0,6390","0,6140","36,79M","3,56%"
"24.01.2022","0,6130","0,6376","0,6418","0,6086","29,30M","-4,46%"
"21.01.2022","0,6416","0,6406","0,6500","0,6320","26,44M","-1,11%"
"20.01.2022","0,6488","0,6560","0,6624","0,6454","25,16M","-1,13%"
"19.01.2022","0,6562","0,6888","0,6918","0,6536","45,89M","-5,06%"
"18.01.2022","0,6912","0,6896","0,7012","0,6834","23,69M","0,03%"
"17.01.2022","0,6910","0,6710","0,6998","0,6710","37,21M","4,51%"
"14.01.2022","0,6612","0,6594","0,6668","0,6550","20,47M","-0,27%"
"13.01.2022","0,6630","0,6564","0,6710","0,6522","23,84M","0,79%"
"12.01.2022","0,6578","0,6634","0,6664","0,6528","23,16M","-0,51%"
"11.01.2022","0,6612","0,6600","0,6622","0,6504","30,58M","-0,12%"
"10.01.2022","0,6620","0,6648","0,6688","0,6588","23,18M","0,55%"
"07.01.2022","0,6584","0,6442","0,6584","0,6386","25,62M","2,97%"
"06.01.2022","0,6394","0,6154","0,6398","0,6104","21,55M","3,10%"
"05.01.2022","0,6202","0,6178","0,6312","0,6128","21,45M","0,62%"
"04.01.2022","0,6164","0,6030","0,6218","0,5980","33,80M","3,08%"
"03.01.2022","0,5980","0,5982","0,6034","0,5920","14,69M","1,05%"
"30.12.2021","0,5918","0,5900","0,5946","0,5878","14,10M","-0,30%"
"29.12.2021","0,5936","0,5910","0,5958","0,5826","16,24M","0,00%"
"28.12.2021","0,5936","0,5950","0,6014","0,5900","12,33M","0,00%"
"27.12.2021","0,5936","0,5846","0,5938","0,5808","13,42M","0,78%"
"23.12.2021","0,5890","0,5794","0,5946","0,5794","16,06M","1,80%"
"22.12.2021","0,5786","0,5680","0,5808","0,5676","16,08M","1,15%"
"21.12.2021","0,5720","0,5626","0,5736","0,5538","22,17M","3,40%"
"20.12.2021","0,5532","0,5382","0,5600","0,5330","31,31M","-1,36%"
"17.12.2021","0,5608","0,5830","0,5882","0,5504","45,10M","-4,66%"
"16.12.2021","0,5882","0,5900","0,6206","0,5824","33,73M","1,24%"
"15.12.2021","0,5810","0,5906","0,5944","0,5780","19,41M","-2,22%"
"14.12.2021","0,5942","0,5790","0,5970","0,5726","23,22M","2,70%"
"13.12.2021","0,5786","0,5938","0,5956","0,5754","17,33M","-1,83%"
"10.12.2021","0,5894","0,5920","0,5978","0,5868","13,09M","-1,27%"
"09.12.2021","0,5970","0,5920","0,6034","0,5902","18,24M","0,44%"
"08.12.2021","0,5944","0,6022","0,6040","0,5874","20,53M","-1,43%"
"07.12.2021","0,6030","0,6100","0,6120","0,5940","24,90M","-0,10%"
"06.12.2021","0,6036","0,5904","0,6060","0,5862","17,22M","3,89%"
"03.12.2021","0,5810","0,6016","0,6024","0,5704","30,81M","-2,91%"
"02.12.2021","0,5984","0,5920","0,6024","0,5876","20,58M","-0,43%"
"01.12.2021","0,6010","0,5962","0,6072","0,5956","26,61M","0,77%"
"30.11.2021","0,5964","0,5870","0,6096","0,5826","36,66M","0,57%"
"29.11.2021","0,5930","0,6024","0,6138","0,5920","27,30M","0,68%"
"26.11.2021","0,5890","0,5990","0,6064","0,5810","46,22M","-6,09%"
"25.11.2021","0,6272","0,6346","0,6352","0,6220","11,71M","-0,67%"
"24.11.2021","0,6314","0,6360","0,6470","0,6306","13,57M","-0,75%"
"23.11.2021","0,6362","0,6206","0,6458","0,6180","15,56M","1,66%"
"22.11.2021","0,6258","0,6124","0,6294","0,6112","17,16M","2,76%"
"19.11.2021","0,6090","0,6420","0,6474","0,6074","31,23M","-3,97%"
"18.11.2021","0,6342","0,6436","0,6486","0,6282","16,94M","-1,55%"
"17.11.2021","0,6442","0,6560","0,6602","0,6390","20,28M","-1,35%"
"16.11.2021","0,6530","0,6842","0,6868","0,6524","36,28M","-4,95%"
"15.11.2021","0,6870","0,6720","0,6922","0,6668","19,69M","1,12%"
"12.11.2021","0,6794","0,6812","0,6844","0,6722","13,63M","-0,21%"
"11.11.2021","0,6808","0,6818","0,6926","0,6740","20,21M","0,00%"
"10.11.2021","0,6808","0,6706","0,6834","0,6678","15,90M","1,58%"
"09.11.2021","0,6702","0,6750","0,6836","0,6662","16,62M","0,12%"
"08.11.2021","0,6694","0,6758","0,6766","0,6636","15,18M","-0,59%"
"05.11.2021","0,6734","0,6696","0,6800","0,6658","18,16M","0,57%"
"04.11.2021","0,6696","0,6974","0,6990","0,6650","24,33M","-2,87%"
"03.11.2021","0,6894","0,6888","0,6906","0,6788","16,49M","0,29%"
"02.11.2021","0,6874","0,6970","0,7014","0,6818","19,90M","-1,66%"
"01.11.2021","0,6990","0,7054","0,7184","0,6970","25,74M","0,37%"
"29.10.2021","0,6964","0,6900","0,7140","0,6822","43,84M","1,81%"
"28.10.2021","0,6840","0,6534","0,6874","0,6516","31,12M","4,46%"
"27.10.2021","0,6548","0,6656","0,6676","0,6506","19,08M","-1,83%"
"26.10.2021","0,6670","0,6710","0,6754","0,6604","15,85M","-0,74%"
"25.10.2021","0,6720","0,6576","0,6908","0,6552","37,45M","2,75%"
"22.10.2021","0,6540","0,6500","0,6612","0,6420","15,08M","1,18%"
"21.10.2021","0,6464","0,6638","0,6638","0,6458","22,60M","-3,44%"
"20.10.2021","0,6694","0,6664","0,6744","0,6592","14,80M","0,03%"
"19.10.2021","0,6692","0,6700","0,6812","0,6650","13,18M","-0,03%"
"18.10.2021","0,6694","0,6716","0,6754","0,6568","17,63M","-0,51%"
"15.10.2021","0,6728","0,6798","0,6810","0,6704","23,25M","0,30%"
"14.10.2021","0,6708","0,6790","0,6812","0,6690","22,23M","0,63%"
"13.10.2021","0,6666","0,7100","0,7142","0,6620","49,54M","-7,06%"
"12.10.2021","0,7172","0,6980","0,7178","0,6850","24,51M","1,47%"
"11.10.2021","0,7068","0,7090","0,7238","0,7046","20,65M","-1,78%"
"08.10.2021","0,7196","0,7182","0,7330","0,7150","22,06M","0,08%"
"07.10.2021","0,7190","0,7300","0,7348","0,7146","25,66M","-0,31%"
"06.10.2021","0,7212","0,7254","0,7304","0,7070","27,50M","-0,88%"
"05.10.2021","0,7276","0,7100","0,7280","0,7092","24,25M","2,80%"
"04.10.2021","0,7078","0,7096","0,7218","0,6954","21,33M","-0,23%"
"01.10.2021","0,7094","0,7088","0,7258","0,7010","26,14M","-2,23%"
"30.09.2021","0,7256","0,7350","0,7434","0,7118","29,74M","-0,14%"
"29.09.2021","0,7266","0,7056","0,7330","0,7054","39,38M","3,65%"
"28.09.2021","0,7010","0,7146","0,7308","0,7010","39,35M","-1,96%"
"27.09.2021","0,7150","0,6700","0,7150","0,6684","53,20M","7,45%"
"24.09.2021","0,6654","0,6600","0,6680","0,6488","25,22M","0,57%"
"23.09.2021","0,6616","0,6538","0,6626","0,6420","30,37M","1,75%"
"22.09.2021","0,6502","0,6256","0,6554","0,6230","47,41M","5,52%"
"21.09.2021","0,6162","0,6200","0,6300","0,6092","32,83M","0,13%"
"20.09.2021","0,6154","0,6210","0,6240","0,6006","36,05M","-3,66%"
"17.09.2021","0,6388","0,6230","0,6470","0,6230","69,91M","3,03%"
"16.09.2021","0,6200","0,6078","0,6228","0,6066","30,58M","2,62%"
"15.09.2021","0,6042","0,5938","0,6076","0,5918","21,54M","1,41%"
"14.09.2021","0,5958","0,5984","0,6078","0,5954","21,63M","-0,83%"
"13.09.2021","0,6008","0,5872","0,6016","0,5824","16,88M","3,09%"
"10.09.2021","0,5828","0,5918","0,5990","0,5806","15,69M","-1,02%"
"09.09.2021","0,5888","0,5812","0,5966","0,5746","17,88M","0,72%"
"08.09.2021","0,5846","0,5972","0,5972","0,5836","20,76M","-3,31%"
"07.09.2021","0,6046","0,6000","0,6080","0,5978","13,24M","0,60%"
"06.09.2021","0,6010","0,6040","0,6052","0,5952","10,17M","0,40%"
"03.09.2021","0,5986","0,6100","0,6148","0,5986","16,27M","-2,29%"
"02.09.2021","0,6126","0,6140","0,6196","0,6080","12,76M","-1,03%"
"01.09.2021","0,6190","0,6120","0,6218","0,6102","19,45M","2,15%"
"31.08.2021","0,6060","0,6044","0,6100","0,5960","18,92M","0,33%"
"30.08.2021","0,6040","0,6140","0,6162","0,6010","10,29M","-1,47%"
"27.08.2021","0,6130","0,6092","0,6130","0,6020","10,06M","0,66%"
"26.08.2021","0,6090","0,6092","0,6242","0,6040","20,00M","-0,75%"
"25.08.2021","0,6136","0,5892","0,6148","0,5874","24,50M","4,04%"
"24.08.2021","0,5898","0,5906","0,5914","0,5814","15,48M","-0,07%"
"23.08.2021","0,5902","0,5900","0,5920","0,5844","12,37M","1,23%"
"20.08.2021","0,5830","0,5884","0,5900","0,5732","16,51M","-0,75%"
"19.08.2021","0,5874","0,5850","0,5998","0,5824","17,55M","-2,36%"
"18.08.2021","0,6016","0,5854","0,6016","0,5854","17,06M","2,84%"
"17.08.2021","0,5850","0,6000","0,6000","0,5850","20,99M","-3,02%"
"16.08.2021","0,6032","0,6096","0,6152","0,6010","15,34M","-1,60%"
"13.08.2021","0,6130","0,6130","0,6204","0,6080","14,98M","-0,33%"
"12.08.2021","0,6150","0,6194","0,6204","0,6120","14,43M","-0,52%"
"11.08.2021","0,6182","0,6120","0,6198","0,6082","19,51M","1,24%"
"10.08.2021","0,6106","0,6110","0,6152","0,6010","16,81M","-0,94%"
"09.08.2021","0,6164","0,6194","0,6198","0,6068","20,69M","0,03%"
"06.08.2021","0,6162","0,5990","0,6170","0,5914","29,42M","2,87%"
"05.08.2021","0,5990","0,5852","0,6000","0,5800","18,41M","1,94%"
"04.08.2021","0,5876","0,5990","0,5990","0,5702","23,68M","-1,11%"
"03.08.2021","0,5942","0,5980","0,6034","0,5846","19,52M","1,23%"
"02.08.2021","0,5870","0,5828","0,6056","0,5828","27,56M","0,10%"
"30.07.2021","0,5864","0,5760","0,5890","0,5690","35,36M","1,49%"
"29.07.2021","0,5778","0,5840","0,6068","0,5684","56,91M","3,14%"
"28.07.2021","0,5602","0,5652","0,5760","0,5540","27,55M","0,25%"
"27.07.2021","0,5588","0,5600","0,5626","0,5464","24,79M","0,29%"
"26.07.2021","0,5572","0,5300","0,5572","0,5250","27,19M","4,11%"
"23.07.2021","0,5352","0,5270","0,5448","0,5254","24,06M","2,41%"
"22.07.2021","0,5226","0,5396","0,5408","0,5212","19,63M","-2,13%"
"21.07.2021","0,5340","0,5168","0,5370","0,5092","19,97M","4,17%"
"20.07.2021","0,5126","0,5120","0,5190","0,5006","22,36M","1,18%"
"19.07.2021","0,5066","0,5170","0,5206","0,4970","36,78M","-3,91%"
"16.07.2021","0,5272","0,5500","0,5570","0,5228","26,91M","-4,04%"
"15.07.2021","0,5494","0,5438","0,5508","0,5330","19,88M","0,48%"
"14.07.2021","0,5468","0,5454","0,5586","0,5392","20,41M","0,29%"
"13.07.2021","0,5452","0,5720","0,5726","0,5434","21,13M","-4,48%"
"12.07.2021","0,5708","0,5714","0,5732","0,5546","16,36M","0,56%"
"09.07.2021","0,5676","0,5470","0,5686","0,5428","24,95M","4,84%"
"08.07.2021","0,5414","0,5500","0,5500","0,5362","33,69M","-3,39%"
"07.07.2021","0,5604","0,5588","0,5680","0,5532","21,70M","1,78%"
"06.07.2021","0,5506","0,5802","0,5814","0,5470","27,88M","-5,53%"
"05.07.2021","0,5828","0,5642","0,5836","0,5636","18,55M","3,22%"
"02.07.2021","0,5646","0,5800","0,5824","0,5622","20,43M","-2,72%"
"01.07.2021","0,5804","0,5760","0,5920","0,5736","17,80M","1,08%"
"30.06.2021","0,5742","0,5700","0,5774","0,5638","25,34M","0,00%"
"29.06.2021","0,5742","0,5746","0,5904","0,5702","26,48M","-0,49%"
"28.06.2021","0,5770","0,6000","0,6018","0,5760","26,91M","-4,03%"
"25.06.2021","0,6012","0,5950","0,6016","0,5908","14,69M","0,67%"
"24.06.2021","0,5972","0,5990","0,6078","0,5916","18,51M","0,84%"
"23.06.2021","0,5922","0,5990","0,6016","0,5878","15,25M","-0,40%"
"22.06.2021","0,5946","0,6000","0,6002","0,5868","28,78M","0,61%"
"21.06.2021","0,5910","0,5810","0,5910","0,5650","32,23M","0,41%"
"18.06.2021","0,5886","0,6000","0,6032","0,5852","68,97M","-2,26%"
"17.06.2021","0,6022","0,6174","0,6300","0,6022","36,68M","-1,21%"
"16.06.2021","0,6096","0,6386","0,6390","0,6076","39,68M","-4,33%"
"15.06.2021","0,6372","0,6430","0,6430","0,6296","18,84M","-0,50%"
"14.06.2021","0,6404","0,6400","0,6470","0,6360","17,12M","0,06%"
"11.06.2021","0,6400","0,6434","0,6446","0,6354","18,09M","-0,56%"
"10.06.2021","0,6436","0,6366","0,6562","0,6300","28,50M","1,26%"
"09.06.2021","0,6356","0,6436","0,6472","0,6340","15,14M","-1,46%"
"08.06.2021","0,6450","0,6470","0,6568","0,6374","19,45M","-0,71%"
"07.06.2021","0,6496","0,6400","0,6510","0,6330","25,94M","2,33%"
"04.06.2021","0,6348","0,6534","0,6580","0,6344","24,95M","-3,38%"
"03.06.2021","0,6570","0,6488","0,6578","0,6412","32,40M","2,53%"
"02.06.2021","0,6408","0,6428","0,6490","0,6346","24,25M","-0,31%"
"01.06.2021","0,6428","0,6330","0,6450","0,6268","26,26M","2,55%"
"31.05.2021","0,6268","0,6372","0,6384","0,6230","23,82M","-0,70%"
"28.05.2021","0,6312","0,6800","0,6810","0,6260","79,98M","-6,54%"
"27.05.2021","0,6754","0,6496","0,6794","0,6466","55,89M","3,37%"
"26.05.2021","0,6534","0,6500","0,6534","0,6274","34,17M","0,37%"
"25.05.2021","0,6510","0,6406","0,6554","0,6340","30,40M","2,65%"
"24.05.2021","0,6342","0,6492","0,6530","0,6260","24,24M","-2,79%"
"21.05.2021","0,6524","0,6360","0,6570","0,6328","29,10M","2,39%"
"20.05.2021","0,6372","0,6378","0,6458","0,6210","23,29M","0,85%"
"19.05.2021","0,6318","0,6302","0,6482","0,5800","48,80M","-1,16%"
"18.05.2021","0,6392","0,6660","0,6750","0,6360","41,16M","-2,56%"
"17.05.2021","0,6560","0,6762","0,6816","0,6540","41,95M","-3,67%"
"14.05.2021","0,6810","0,6742","0,6840","0,6720","34,55M","2,01%"
"13.05.2021","0,6676","0,6608","0,6710","0,6518","31,64M","0,03%"
"12.05.2021","0,6674","0,6634","0,6768","0,6464","44,99M","0,85%"
"11.05.2021","0,6618","0,6526","0,6666","0,6444","50,10M","-0,18%"
"10.05.2021","0,6630","0,6234","0,6654","0,6222","71,00M","8,40%"
"07.05.2021","0,6116","0,6098","0,6250","0,5950","57,53M","1,80%"
"06.05.2021","0,6008","0,5828","0,6018","0,5810","45,22M","3,27%"
"05.05.2021","0,5818","0,5828","0,5880","0,5600","64,85M","2,39%"
"04.05.2021","0,5682","0,5538","0,5798","0,5526","61,92M","3,12%"
"03.05.2021","0,5510","0,5300","0,5600","0,5200","59,85M","4,47%"
"30.04.2021","0,5274","0,4900","0,5290","0,4874","111,25M","8,74%"
"29.04.2021","0,4850","0,4943","0,4971","0,4842","35,31M","-1,42%"
"28.04.2021","0,4920","0,4764","0,4933","0,4721","54,65M","3,43%"
"27.04.2021","0,4757","0,4681","0,4788","0,4652","24,90M","0,87%"
"26.04.2021","0,4716","0,4587","0,4726","0,4527","30,04M","2,70%"
"23.04.2021","0,4592","0,4544","0,4622","0,4516","17,36M","0,26%"
"22.04.2021","0,4580","0,4597","0,4597","0,4492","27,15M","0,04%"
"21.04.2021","0,4578","0,4607","0,4683","0,4461","31,59M","0,18%"
"20.04.2021","0,4570","0,4762","0,4762","0,4556","30,29M","-4,13%"
"19.04.2021","0,4767","0,4653","0,4797","0,4621","35,41M","2,45%"
"16.04.2021","0,4653","0,4608","0,4678","0,4586","22,19M","1,55%"
"15.04.2021","0,4582","0,4716","0,4730","0,4572","27,87M","-2,90%"
"14.04.2021","0,4719","0,4671","0,4736","0,4644","21,32M","0,47%"
"13.04.2021","0,4697","0,4701","0,4782","0,4607","30,27M","-0,06%"
"12.04.2021","0,4700","0,4587","0,4745","0,4503","34,51M","2,17%"
"09.04.2021","0,4600","0,4607","0,4644","0,4512","35,70M","-0,15%"
"08.04.2021","0,4607","0,4662","0,4695","0,4536","30,80M","-1,41%"
"07.04.2021","0,4673","0,4650","0,4705","0,4626","22,52M","0,37%"
"06.04.2021","0,4656","0,4630","0,4778","0,4581","44,34M","2,26%"
"01.04.2021","0,4553","0,4591","0,4591","0,4445","30,08M","-0,15%"
"31.03.2021","0,4560","0,4713","0,4718","0,4551","40,35M","-3,88%"
"30.03.2021","0,4744","0,4550","0,4745","0,4530","38,47M","5,45%"
"29.03.2021","0,4499","0,4482","0,4580","0,4420","24,48M","0,42%"
"26.03.2021","0,4480","0,4533","0,4585","0,4465","32,56M","0,27%"
"25.03.2021","0,4468","0,4600","0,4603","0,4380","37,10M","-2,95%"
"24.03.2021","0,4604","0,4450","0,4620","0,4347","32,43M","2,70%"
"23.03.2021","0,4483","0,4526","0,4550","0,4400","40,53M","-0,82%"
"22.03.2021","0,4520","0,4676","0,4676","0,4502","41,71M","-3,75%"
"19.03.2021","0,4696","0,4900","0,4900","0,4620","87,49M","-5,09%"
"18.03.2021","0,4948","0,4856","0,5020","0,4855","53,45M","2,89%"
"17.03.2021","0,4809","0,4730","0,4837","0,4691","34,80M","1,69%"
"16.03.2021","0,4729","0,4720","0,4832","0,4663","43,02M","1,74%"
"15.03.2021","0,4648","0,4700","0,4763","0,4601","33,08M","-0,60%"
"12.03.2021","0,4676","0,4507","0,4679","0,4503","31,62M","3,43%"
"11.03.2021","0,4521","0,4638","0,4670","0,4451","43,44M","-2,31%"
"10.03.2021","0,4628","0,4665","0,4748","0,4542","41,07M","-0,75%"
"09.03.2021","0,4663","0,4835","0,4850","0,4560","63,85M","-2,45%"
"08.03.2021","0,4780","0,4507","0,4794","0,4507","63,67M","6,98%"
"05.03.2021","0,4468","0,4292","0,4490","0,4243","57,61M","3,71%"
"04.03.2021","0,4308","0,4300","0,4360","0,4257","29,26M","-0,92%"
"03.03.2021","0,4348","0,4240","0,4380","0,4239","45,18M","2,96%"
"02.03.2021","0,4223","0,4282","0,4345","0,4208","32,68M","-1,63%"
"01.03.2021","0,4293","0,4283","0,4349","0,4232","32,74M","3,05%"
"26.02.2021","0,4166","0,4200","0,4350","0,4140","48,78M","-3,34%"
"25.02.2021","0,4310","0,4200","0,4409","0,4184","69,08M","3,91%"
"24.02.2021","0,4148","0,4084","0,4200","0,4080","42,87M","1,44%"
"23.02.2021","0,4089","0,4000","0,4120","0,3944","57,83M","2,35%"
"22.02.2021","0,3995","0,3901","0,4000","0,3833","33,15M","2,30%"
"19.02.2021","0,3905","0,3849","0,3922","0,3785","35,56M","1,51%"
"18.02.2021","0,3847","0,3928","0,3976","0,3835","26,09M","-2,16%"
"17.02.2021","0,3932","0,3918","0,3980","0,3896","34,46M","0,28%"
"16.02.2021","0,3921","0,3973","0,3988","0,3859","30,08M","-1,36%"
"15.02.2021","0,3975","0,3929","0,3987","0,3885","29,18M","3,35%"
"12.02.2021","0,3846","0,3850","0,3870","0,3765","24,84M","0,26%"
"11.02.2021","0,3836","0,3901","0,3920","0,3802","22,12M","-1,62%"
"10.02.2021","0,3899","0,3970","0,3995","0,3843","28,61M","-1,37%"
"09.02.2021","0,3953","0,3900","0,3953","0,3831","24,97M","0,82%"
"08.02.2021","0,3921","0,3983","0,4079","0,3912","28,99M","-1,63%"
"05.02.2021","0,3986","0,3976","0,4063","0,3916","52,56M","0,73%"
"04.02.2021","0,3957","0,3835","0,4019","0,3786","58,49M","4,05%"
"03.02.2021","0,3803","0,3868","0,3921","0,3738","45,58M","-0,58%"
"02.02.2021","0,3825","0,3630","0,3828","0,3568","59,02M","7,14%"
"01.02.2021","0,3570","0,3660","0,3770","0,3553","54,67M","-1,33%"
"29.01.2021","0,3618","0,3654","0,3694","0,3581","44,43M","-3,00%"
"28.01.2021","0,3730","0,3571","0,3762","0,3559","35,97M","3,10%"
"27.01.2021","0,3618","0,3685","0,3771","0,3573","37,30M","-1,82%"
"26.01.2021","0,3685","0,3560","0,3730","0,3558","33,51M","3,51%"
"25.01.2021","0,3560","0,3699","0,3729","0,3539","39,91M","-2,57%"
"22.01.2021","0,3654","0,3810","0,3812","0,3625","69,24M","-4,99%"
"21.01.2021","0,3846","0,3853","0,3973","0,3809","38,46M","0,87%"
"20.01.2021","0,3813","0,3880","0,3886","0,3800","29,10M","-0,08%"
"19.01.2021","0,3816","0,3948","0,3987","0,3780","38,72M","-2,20%"
"18.01.2021","0,3902","0,3815","0,3935","0,3800","34,66M","2,33%"
"15.01.2021","0,3813","0,4052","0,4057","0,3802","61,47M","-5,43%"
"14.01.2021","0,4032","0,3950","0,4085","0,3949","36,24M","1,49%"
"13.01.2021","0,3973","0,4184","0,4184","0,3960","44,29M","-4,03%"
"12.01.2021","0,4140","0,4000","0,4199","0,3988","54,89M","4,84%"
"11.01.2021","0,3949","0,3946","0,4081","0,3850","40,39M","-0,20%"
"08.01.2021","0,3957","0,4091","0,4091","0,3921","43,51M","-2,97%"
"07.01.2021","0,4078","0,3820","0,4078","0,3711","62,87M","6,31%"
"06.01.2021","0,3836","0,3666","0,3912","0,3619","64,08M","6,38%"
"05.01.2021","0,3606","0,3435","0,3638","0,3435","34,24M","3,68%"
"04.01.2021","0,3478","0,3584","0,3600","0,3433","41,20M","-1,75%"
"31.12.2020","0,3540","0,3575","0,3609","0,3502","20,22M","-1,97%"
"30.12.2020","0,3611","0,3591","0,3645","0,3580","28,31M","0,50%"
"29.12.2020","0,3593","0,3667","0,3687","0,3565","38,03M","-1,51%"
"28.12.2020","0,3648","0,3750","0,3779","0,3575","32,64M","-0,44%"
"24.12.2020","0,3664","0,3649","0,3720","0,3644","25,05M","1,69%"
"23.12.2020","0,3603","0,3419","0,3605","0,3392","43,05M","5,66%"
"22.12.2020","0,3410","0,3358","0,3427","0,3311","49,67M","2,28%"
"21.12.2020","0,3334","0,3461","0,3461","0,3264","75,70M","-6,79%"
"18.12.2020","0,3577","0,3626","0,3665","0,3560","49,90M","-1,05%"
"17.12.2020","0,3615","0,3744","0,3753","0,3606","39,84M","-2,46%"
"16.12.2020","0,3706","0,3792","0,3820","0,3670","48,92M","-1,96%"
"15.12.2020","0,3780","0,3580","0,3780","0,3554","42,62M","5,06%"
"14.12.2020","0,3598","0,3537","0,3727","0,3530","52,07M","3,90%"
"11.12.2020","0,3463","0,3615","0,3620","0,3407","49,97M","-2,83%"
"10.12.2020","0,3564","0,3755","0,3797","0,3526","65,29M","-3,41%"
"09.12.2020","0,3690","0,3790","0,3844","0,3685","44,43M","-0,99%"
"08.12.2020","0,3727","0,3660","0,3825","0,3651","41,21M","1,41%"
"07.12.2020","0,3675","0,3659","0,3758","0,3577","40,78M","0,41%"
"04.12.2020","0,3660","0,3650","0,3776","0,3625","59,43M","0,05%"
"03.12.2020","0,3658","0,3592","0,3669","0,3535","40,76M","1,61%"
"02.12.2020","0,3600","0,3404","0,3600","0,3367","64,98M","5,08%"
"01.12.2020","0,3426","0,3310","0,3426","0,3277","72,88M","5,25%"
"30.11.2020","0,3255","0,3450","0,3450","0,3255","108,55M","-6,36%"
"27.11.2020","0,3476","0,3300","0,3704","0,3300","194,78M","-13,58%"
"26.11.2020","0,4022","0,4196","0,4210","0,3862","61,62M","-5,41%"
"25.11.2020","0,4252","0,4366","0,4428","0,4150","61,93M","-1,35%"
"24.11.2020","0,4310","0,4163","0,4310","0,4125","73,82M","4,84%"
"23.11.2020","0,4111","0,4169","0,4220","0,4051","66,10M","-0,22%"
"20.11.2020","0,4120","0,4230","0,4326","0,4120","64,52M","-1,74%"
"19.11.2020","0,4193","0,4263","0,4290","0,4105","78,16M","-4,70%"
"18.11.2020","0,4400","0,4495","0,4495","0,4238","98,01M","-1,63%"
"17.11.2020","0,4473","0,4463","0,4500","0,4224","182,55M","6,75%"
"16.11.2020","0,4190","0,3631","0,4200","0,3631","198,98M","24,59%"
"13.11.2020","0,3363","0,3250","0,3420","0,3243","63,13M","2,53%"
"12.11.2020","0,3280","0,3160","0,3298","0,3100","52,51M","0,86%"
"11.11.2020","0,3252","0,3311","0,3392","0,3164","64,69M","-2,11%"
"10.11.2020","0,3322","0,3150","0,3415","0,3075","146,36M","5,06%"
"09.11.2020","0,3162","0,2709","0,3162","0,2672","170,05M","19,10%"
"06.11.2020","0,2655","0,2741","0,2805","0,2655","46,25M","-3,98%"
"05.11.2020","0,2765","0,2730","0,2782","0,2622","44,56M","2,33%"
"04.11.2020","0,2702","0,2740","0,2784","0,2670","59,54M","-5,33%"
"03.11.2020","0,2854","0,2750","0,2870","0,2711","56,34M","4,54%"
"02.11.2020","0,2730","0,2636","0,2730","0,2610","47,83M","4,20%"
"30.10.2020","0,2620","0,2520","0,2620","0,2500","47,09M","2,91%"
"29.10.2020","0,2546","0,2631","0,2651","0,2505","65,80M","-2,41%"
"28.10.2020","0,2609","0,2681","0,2681","0,2566","68,77M","-4,08%"
"27.10.2020","0,2720","0,2900","0,2904","0,2710","44,03M","-3,89%"
"26.10.2020","0,2830","0,2808","0,2914","0,2778","38,48M","-2,11%"
"23.10.2020","0,2891","0,2759","0,2895","0,2755","57,46M","5,17%"
"22.10.2020","0,2749","0,2741","0,2773","0,2626","51,84M","-0,47%"
"21.10.2020","0,2762","0,2840","0,2877","0,2762","35,16M","-1,53%"
"20.10.2020","0,2805","0,2789","0,2845","0,2695","46,00M","0,72%"
"19.10.2020","0,2785","0,2830","0,2840","0,2725","43,34M","-1,03%"
"16.10.2020","0,2814","0,2793","0,2835","0,2667","59,59M","1,59%"
"15.10.2020","0,2770","0,2790","0,2790","0,2669","64,43M","-1,67%"
"14.10.2020","0,2817","0,2825","0,2892","0,2785","47,00M","-0,21%"
"13.10.2020","0,2823","0,2956","0,2956","0,2820","49,66M","-4,31%"
"12.10.2020","0,2950","0,3047","0,3080","0,2941","36,08M","-2,96%"
"09.10.2020","0,3040","0,3164","0,3165","0,3035","35,26M","-3,18%"
"08.10.2020","0,3140","0,3156","0,3170","0,3090","36,09M","2,11%"
"07.10.2020","0,3075","0,3093","0,3148","0,3029","45,22M","-1,63%"
"06.10.2020","0,3126","0,3010","0,3155","0,2955","46,16M","4,20%"
"05.10.2020","0,3000","0,2970","0,3040","0,2900","68,82M","3,81%"
"02.10.2020","0,2890","0,2800","0,2890","0,2790","37,17M","1,55%"
"01.10.2020","0,2846","0,2985","0,3000","0,2815","50,70M","-4,24%"
"30.09.2020","0,2972","0,2839","0,3013","0,2770","52,09M","4,03%"
"29.09.2020","0,2857","0,2989","0,2989","0,2857","38,62M","-4,67%"
"28.09.2020","0,2997","0,2948","0,2997","0,2884","34,99M","4,57%"
"25.09.2020","0,2866","0,2988","0,2989","0,2861","40,89M","-3,21%"
"24.09.2020","0,2961","0,2905","0,3052","0,2850","48,47M","-0,54%"
"23.09.2020","0,2977","0,3152","0,3210","0,2973","46,84M","-3,94%"
"22.09.2020","0,3099","0,3194","0,3200","0,3084","44,81M","-1,02%"
"21.09.2020","0,3131","0,3300","0,3300","0,3060","65,49M","-5,95%"
"18.09.2020","0,3329","0,3576","0,3576","0,3295","158,50M","-7,53%"
"17.09.2020","0,3600","0,3552","0,3617","0,3490","39,46M","0,08%"
"16.09.2020","0,3597","0,3550","0,3608","0,3451","36,52M","0,28%"
"15.09.2020","0,3587","0,3717","0,3736","0,3574","41,29M","-4,04%"
"14.09.2020","0,3738","0,3800","0,3825","0,3675","38,36M","-0,05%"
"11.09.2020","0,3740","0,3850","0,3850","0,3732","37,96M","-3,28%"
"10.09.2020","0,3867","0,3950","0,3984","0,3767","53,28M","-1,65%"
"09.09.2020","0,3932","0,4000","0,4000","0,3853","49,15M","2,05%"
"08.09.2020","0,3853","0,3885","0,4020","0,3800","88,55M","1,37%"
"07.09.2020","0,3801","0,3900","0,4210","0,3734","91,09M","2,01%"
"04.09.2020","0,3726","0,3400","0,3726","0,3390","138,03M","13,81%"
"03.09.2020","0,3274","0,3240","0,3377","0,3240","62,15M","2,92%"
"02.09.2020","0,3181","0,3284","0,3330","0,3176","45,69M","-3,75%"
"01.09.2020","0,3305","0,3340","0,3356","0,3230","59,62M","-2,28%"
"31.08.2020","0,3382","0,3472","0,3510","0,3365","42,39M","-1,51%"
"28.08.2020","0,3434","0,3360","0,3479","0,3342","47,84M","3,12%"
"27.08.2020","0,3330","0,3304","0,3349","0,3213","32,11M","0,63%"
"26.08.2020","0,3309","0,3275","0,3372","0,3267","29,17M","0,15%"
"25.08.2020","0,3304","0,3340","0,3410","0,3297","41,48M","0,27%"
"24.08.2020","0,3295","0,3250","0,3295","0,3175","34,75M","2,97%"
"21.08.2020","0,3200","0,3260","0,3275","0,3156","30,82M","-1,69%"
"20.08.2020","0,3255","0,3271","0,3308","0,3220","37,26M","-3,64%"
"19.08.2020","0,3378","0,3273","0,3378","0,3212","44,78M","2,21%"
"18.08.2020","0,3305","0,3340","0,3393","0,3295","25,47M","-1,25%"
"17.08.2020","0,3347","0,3444","0,3508","0,3347","31,33M","-4,04%"
"14.08.2020","0,3488","0,3465","0,3510","0,3336","41,12M","-0,40%"
"13.08.2020","0,3502","0,3499","0,3594","0,3439","43,33M","-0,40%"
"12.08.2020","0,3516","0,3622","0,3750","0,3515","58,42M","-4,04%"
"11.08.2020","0,3664","0,3540","0,3789","0,3540","91,89M","4,69%"
"10.08.2020","0,3500","0,3254","0,3545","0,3231","85,53M","9,41%"
"07.08.2020","0,3199","0,3200","0,3220","0,3116","36,65M","-0,03%"
"06.08.2020","0,3200","0,3190","0,3246","0,3120","46,62M","-0,62%"
"05.08.2020","0,3220","0,3180","0,3250","0,3134","59,11M","2,42%"
"04.08.2020","0,3144","0,3060","0,3180","0,3043","54,27M","3,66%"
"03.08.2020","0,3033","0,2892","0,3043","0,2860","53,03M","4,95%"
"31.07.2020","0,2890","0,3000","0,3036","0,2850","65,86M","-2,53%"
"30.07.2020","0,2965","0,3202","0,3202","0,2928","66,00M","-7,29%"
"29.07.2020","0,3198","0,3223","0,3244","0,3131","36,46M","-0,87%"
"28.07.2020","0,3226","0,3110","0,3230","0,3110","36,31M","3,00%"
"27.07.2020","0,3132","0,3239","0,3239","0,3085","57,42M","-4,04%"
"24.07.2020","0,3264","0,3217","0,3314","0,3191","40,45M","0,28%"
"23.07.2020","0,3255","0,3300","0,3313","0,3210","38,04M","-0,88%"
"22.07.2020","0,3284","0,3407","0,3429","0,3241","56,95M","-3,13%"
"21.07.2020","0,3390","0,3450","0,3644","0,3351","103,64M","0,59%"
"20.07.2020","0,3370","0,3278","0,3375","0,3214","37,52M","2,12%"
"17.07.2020","0,3300","0,3319","0,3339","0,3213","46,65M","-0,90%"
"16.07.2020","0,3330","0,3353","0,3430","0,3278","53,64M","-1,94%"
"15.07.2020","0,3396","0,3400","0,3433","0,3260","63,72M","1,83%"
"14.07.2020","0,3335","0,3270","0,3385","0,3230","47,09M","0,79%"
"13.07.2020","0,3309","0,3287","0,3395","0,3269","58,19M","1,38%"
"10.07.2020","0,3264","0,3079","0,3264","0,3050","52,50M","4,72%"
"09.07.2020","0,3117","0,3237","0,3240","0,3101","40,44M","-1,27%"
"08.07.2020","0,3157","0,3250","0,3280","0,3154","66,98M","-4,39%"
"07.07.2020","0,3302","0,3293","0,3359","0,3230","40,34M","-1,73%"
"06.07.2020","0,3360","0,3296","0,3410","0,3270","77,74M","6,03%"
"03.07.2020","0,3169","0,3250","0,3298","0,3130","49,11M","-3,59%"
"02.07.2020","0,3287","0,3170","0,3325","0,3130","77,98M","6,58%"
"01.07.2020","0,3084","0,3110","0,3176","0,3019","53,89M","-0,23%"
"30.06.2020","0,3091","0,3186","0,3210","0,3022","60,28M","-3,22%"
"29.06.2020","0,3194","0,3000","0,3230","0,2966","61,00M","6,08%"
"26.06.2020","0,3011","0,3190","0,3198","0,3000","60,48M","-4,59%"
"25.06.2020","0,3156","0,3060","0,3190","0,3010","73,58M","1,81%"
"24.06.2020","0,3100","0,3282","0,3357","0,3100","72,80M","-6,91%"
"23.06.2020","0,3330","0,3267","0,3390","0,3210","72,35M","4,03%"
"22.06.2020","0,3201","0,3300","0,3324","0,3184","60,57M","-3,44%"
"19.06.2020","0,3315","0,3534","0,3546","0,3315","122,00M","-4,08%"
"18.06.2020","0,3456","0,3440","0,3550","0,3334","87,95M","-0,69%"
"17.06.2020","0,3480","0,3509","0,3660","0,3440","100,29M","-0,71%"
"16.06.2020","0,3505","0,3450","0,3618","0,3311","112,83M","7,42%"
"15.06.2020","0,3263","0,3139","0,3295","0,3100","73,51M","-0,21%"
"12.06.2020","0,3270","0,3160","0,3410","0,3100","108,17M","0,62%"
"11.06.2020","0,3250","0,3343","0,3458","0,3250","125,25M","-9,29%"
"10.06.2020","0,3583","0,3710","0,3860","0,3561","105,09M","-2,10%"
"09.06.2020","0,3660","0,3938","0,3964","0,3525","142,93M","-3,86%"
"08.06.2020","0,3807","0,3657","0,3969","0,3651","181,01M","5,57%"
"05.06.2020","0,3606","0,3327","0,3620","0,3300","162,99M","12,06%"
"04.06.2020","0,3218","0,3146","0,3286","0,3070","169,33M","0,22%"
"03.06.2020","0,3211","0,3085","0,3280","0,3060","129,64M","7,72%"
"02.06.2020","0,2981","0,2891","0,3092","0,2827","141,57M","4,01%"
"01.06.2020","0,2866","0,2870","0,2904","0,2759","104,25M","5,91%"
"29.05.2020","0,2706","0,2900","0,2926","0,2701","466,03M","-8,98%"
"28.05.2020","0,2973","0,3200","0,3270","0,2945","107,10M","-5,47%"
"27.05.2020","0,3145","0,3100","0,3373","0,3070","125,35M","2,48%"
"26.05.2020","0,3069","0,2830","0,3093","0,2810","90,37M","10,59%"
"25.05.2020","0,2775","0,2730","0,2819","0,2660","49,08M","3,12%"
"22.05.2020","0,2691","0,2590","0,2790","0,2516","80,02M","2,28%"
"21.05.2020","0,2631","0,2600","0,2737","0,2570","72,88M","-0,83%"
"20.05.2020","0,2653","0,2711","0,2739","0,2501","87,94M","-2,89%"
"19.05.2020","0,2732","0,3150","0,3162","0,2687","117,37M","-11,87%"
"18.05.2020","0,3100","0,2975","0,3109","0,2954","27,60M","6,53%"
"15.05.2020","0,2910","0,3019","0,3107","0,2908","34,17M","-2,61%"
"14.05.2020","0,2988","0,2880","0,3018","0,2800","48,09M","4,00%"
"13.05.2020","0,2873","0,3040","0,3069","0,2873","63,91M","-7,89%"
"12.05.2020","0,3119","0,3093","0,3220","0,3010","39,77M","1,00%"
"11.05.2020","0,3088","0,3351","0,3395","0,3060","69,19M","-6,74%"
"08.05.2020","0,3311","0,3390","0,3417","0,3250","33,51M","-1,46%"
"07.05.2020","0,3360","0,3450","0,3463","0,3310","29,70M","-1,87%"
"06.05.2020","0,3424","0,3500","0,3570","0,3390","25,64M","-1,04%"
"05.05.2020","0,3460","0,3626","0,3669","0,3452","34,74M","-1,93%"
"04.05.2020","0,3528","0,3730","0,3730","0,3520","31,28M","-6,69%"
"30.04.2020","0,3781","0,3880","0,3986","0,3700","50,20M","1,48%"
"29.04.2020","0,3726","0,3574","0,3726","0,3565","47,86M","5,14%"
"28.04.2020","0,3544","0,3500","0,3663","0,3430","49,87M","1,61%"
"27.04.2020","0,3488","0,3671","0,3691","0,3485","30,17M","-0,34%"
"24.04.2020","0,3500","0,3654","0,3656","0,3500","32,28M","-5,94%"
"23.04.2020","0,3721","0,3795","0,3832","0,3718","22,91M","0,27%"
"22.04.2020","0,3711","0,3650","0,3724","0,3617","18,12M","2,06%"
"21.04.2020","0,3636","0,3746","0,3752","0,3600","24,07M","-4,11%"
"20.04.2020","0,3792","0,3950","0,3962","0,3738","24,51M","-2,99%"
"17.04.2020","0,3909","0,4190","0,4190","0,3900","41,87M","-2,08%"
"16.04.2020","0,3992","0,4173","0,4200","0,3989","48,63M","-3,64%"
"15.04.2020","0,4143","0,4329","0,4335","0,4134","33,44M","-4,21%"
"14.04.2020","0,4325","0,4580","0,4580","0,4313","26,28M","-2,50%"
"09.04.2020","0,4436","0,4575","0,4599","0,4368","26,36M","-0,36%"
"08.04.2020","0,4452","0,4453","0,4474","0,4302","13,72M","-1,00%"
"07.04.2020","0,4497","0,4520","0,4750","0,4400","26,25M","2,79%"
"06.04.2020","0,4375","0,4630","0,4630","0,4300","43,81M","2,70%"
"03.04.2020","0,4260","0,4400","0,4400","0,4260","24,68M","-2,98%"
"02.04.2020","0,4391","0,4513","0,4648","0,4303","19,27M","-2,16%"
"01.04.2020","0,4488","0,4500","0,4580","0,4458","18,12M","-4,31%"
"31.03.2020","0,4690","0,4707","0,4842","0,4584","20,48M","2,87%"
"30.03.2020","0,4559","0,4777","0,4820","0,4517","22,25M","-5,83%"
"27.03.2020","0,4841","0,5048","0,5060","0,4798","16,84M","-5,82%"
"26.03.2020","0,5140","0,5024","0,5276","0,4900","21,26M","0,39%"
"25.03.2020","0,5120","0,5200","0,5254","0,4800","29,59M","7,43%"
"24.03.2020","0,4766","0,4440","0,4766","0,4360","31,09M","13,29%"
"23.03.2020","0,4207","0,4083","0,4380","0,3950","23,66M","0,53%"
"20.03.2020","0,4185","0,4416","0,4486","0,4140","43,81M","-1,78%"
"19.03.2020","0,4261","0,4486","0,4500","0,4200","33,59M","0,64%"
"18.03.2020","0,4234","0,4660","0,4916","0,4220","44,79M","-10,41%"
"17.03.2020","0,4726","0,5070","0,5070","0,4350","43,87M","7,17%"
"16.03.2020","0,4410","0,4768","0,4859","0,4190","67,48M","-13,12%"
"13.03.2020","0,5076","0,5094","0,5320","0,4730","56,60M","11,46%"
"12.03.2020","0,4554","0,5190","0,5316","0,4510","107,47M","-17,68%"
"11.03.2020","0,5532","0,5540","0,5840","0,5392","54,60M","1,65%"
"10.03.2020","0,5442","0,5988","0,6168","0,5416","97,85M","-7,16%"
"09.03.2020","0,5862","0,6222","0,6544","0,5862","85,08M","-15,80%"
"06.03.2020","0,6962","0,7024","0,7110","0,6824","49,70M","-2,05%"
"05.03.2020","0,7108","0,7560","0,7560","0,7108","67,62M","-5,25%"
"04.03.2020","0,7502","0,7764","0,7766","0,7410","77,01M","-2,97%"
"03.03.2020","0,7732","0,7900","0,8094","0,7684","42,90M","-0,77%"
"02.03.2020","0,7792","0,8058","0,8064","0,7528","42,24M","-1,52%"
"28.02.2020","0,7912","0,7800","0,7912","0,7680","51,40M","-1,30%"
"27.02.2020","0,8016","0,8096","0,8250","0,7872","51,62M","-3,14%"
"26.02.2020","0,8276","0,8034","0,8380","0,7992","45,55M","2,76%"
"25.02.2020","0,8054","0,8418","0,8432","0,8020","37,43M","-4,48%"
"24.02.2020","0,8432","0,8488","0,8504","0,8274","31,33M","-3,21%"
"21.02.2020","0,8712","0,8620","0,8738","0,8520","23,54M","0,65%"
"20.02.2020","0,8656","0,8878","0,8898","0,8656","26,51M","-2,63%"
"19.02.2020","0,8890","0,8766","0,8930","0,8704","25,32M","1,51%"
"18.02.2020","0,8758","0,8610","0,9124","0,8598","54,84M","1,60%"
"17.02.2020","0,8620","0,8560","0,8620","0,8520","12,57M","1,10%"
"14.02.2020","0,8526","0,8566","0,8624","0,8516","13,07M","-0,61%"
"13.02.2020","0,8578","0,8530","0,8588","0,8454","20,46M","0,09%"
"12.02.2020","0,8570","0,8426","0,8756","0,8366","33,32M","2,05%"
"11.02.2020","0,8398","0,8540","0,8550","0,8314","26,53M","-0,97%"
"10.02.2020","0,8480","0,8422","0,8526","0,8340","18,76M","0,36%"
"07.02.2020","0,8450","0,8402","0,8450","0,8266","32,89M","-0,07%"
"06.02.2020","0,8456","0,8450","0,8588","0,8402","39,60M","1,63%"
"05.02.2020","0,8320","0,8354","0,8440","0,8234","38,54M","-0,41%"
"04.02.2020","0,8354","0,8300","0,8480","0,8212","36,94M","1,78%"
"03.02.2020","0,8208","0,8232","0,8334","0,8008","48,15M","0,84%"
"31.01.2020","0,8140","0,8952","0,8952","0,8140","120,66M","-13,94%"
"30.01.2020","0,9458","0,9366","0,9458","0,9288","19,26M","-0,21%"
"29.01.2020","0,9478","0,9442","0,9614","0,9400","15,40M","0,85%"
"28.01.2020","0,9398","0,9482","0,9516","0,9276","24,47M","-0,68%"
"27.01.2020","0,9462","0,9400","0,9580","0,9306","24,50M","-1,85%"
"24.01.2020","0,9640","0,9826","0,9936","0,9576","22,56M","-1,03%"
"23.01.2020","0,9740","0,9694","0,9846","0,9538","23,99M","0,39%"
"22.01.2020","0,9702","0,9676","0,9746","0,9604","19,04M","0,64%"
"21.01.2020","0,9640","0,9802","0,9880","0,9604","24,16M","-2,19%"
"20.01.2020","0,9856","1,0020","1,0045","0,9844","12,80M","-1,83%"
"17.01.2020","1,0040","1,0130","1,0240","1,0035","15,32M","-0,20%"
"16.01.2020","1,0060","0,9962","1,0115","0,9802","20,30M","1,33%"
"15.01.2020","0,9928","1,0165","1,0200","0,9868","28,32M","-2,67%"
"14.01.2020","1,0200","1,0260","1,0270","1,0105","15,30M","-0,54%"
"13.01.2020","1,0255","1,0220","1,0260","1,0135","16,10M","0,44%"
"10.01.2020","1,0210","1,0480","1,0480","1,0200","18,72M","-2,02%"
"09.01.2020","1,0420","1,0750","1,0800","1,0420","21,83M","-2,39%"
"08.01.2020","1,0675","1,0460","1,0730","1,0440","16,88M","1,09%"
"07.01.2020","1,0560","1,0575","1,0645","1,0465","13,53M","0,09%"
"06.01.2020","1,0550","1,0480","1,0585","1,0280","12,34M","-0,19%"
"03.01.2020","1,0570","1,0630","1,0630","1,0440","15,95M","-1,12%"
"02.01.2020","1,0690","1,0510","1,0785","1,0500","19,67M","2,79%"
"31.12.2019","1,0400","1,0385","1,0460","1,0340","5,44M","-0,48%"
"30.12.2019","1,0450","1,0405","1,0565","1,0405","10,50M","-0,24%"
"27.12.2019","1,0475","1,0385","1,0580","1,0385","11,76M","0,00%"
"24.12.2019","1,0475","1,0440","1,0490","1,0330","4,57M","0,10%"
"23.12.2019","1,0465","1,0760","1,0780","1,0430","20,92M","-3,24%"
"20.12.2019","1,0815","1,0810","1,0900","1,0725","39,05M","-0,52%"
"19.12.2019","1,0871","1,0664","1,0871","1,0629","17,03M","1,57%"
"18.12.2019","1,0703","1,0659","1,0767","1,0570","16,60M","0,78%"
"17.12.2019","1,0620","1,0649","1,0669","1,0442","23,14M","-0,91%"
"16.12.2019","1,0718","1,0718","1,0782","1,0629","17,02M","0,51%"
"13.12.2019","1,0664","1,0950","1,1127","1,0649","42,69M","-0,19%"
"12.12.2019","1,0684","1,0201","1,0782","1,0157","43,66M","4,63%"
"11.12.2019","1,0211","1,0048","1,0230","1,0024","19,72M","1,17%"
"10.12.2019","1,0093","1,0226","1,0245","0,9999","22,52M","-1,39%"
"09.12.2019","1,0235","1,0166","1,0309","1,0152","12,21M","0,48%"
"06.12.2019","1,0186","1,0166","1,0250","1,0078","15,47M","0,53%"
"05.12.2019","1,0132","1,0171","1,0309","1,0127","18,03M","-0,48%"
"04.12.2019","1,0181","0,9881","1,0181","0,9847","21,28M","3,25%"
"03.12.2019","0,9861","0,9856","0,9989","0,9826","17,90M","0,22%"
"02.12.2019","0,9839","0,9940","1,0102","0,9839","24,17M","-0,82%"
"29.11.2019","0,9920","1,0004","1,0038","0,9915","21,37M","-1,09%"
"28.11.2019","1,0029","1,0058","1,0137","0,9994","13,37M","-0,63%"
"27.11.2019","1,0093","1,0083","1,0152","0,9989","18,92M","0,30%"
"26.11.2019","1,0063","1,0038","1,0078","0,9861","33,82M","0,89%"
"25.11.2019","0,9974","1,0245","1,0275","0,9974","31,83M","-1,56%"
"22.11.2019","1,0132","1,0073","1,0260","0,9994","33,60M","0,69%"
"21.11.2019","1,0063","0,9743","1,0107","0,9711","24,85M","2,24%"
"20.11.2019","0,9843","0,9763","0,9866","0,9611","18,39M","0,94%"
"19.11.2019","0,9751","0,9782","0,9945","0,9694","18,79M","0,47%"
"18.11.2019","0,9705","0,9753","0,9900","0,9644","22,23M","-0,49%"
"15.11.2019","0,9753","0,9664","0,9792","0,9530","30,72M","1,52%"
"14.11.2019","0,9607","0,9721","0,9741","0,9510","28,32M","-1,60%"
"13.11.2019","0,9763","0,9984","0,9984","0,9577","38,73M","-2,98%"
"12.11.2019","1,0063","1,0344","1,0472","1,0038","31,06M","-2,39%"
"11.11.2019","1,0309","1,0147","1,0334","1,0029","14,68M","0,62%"
"08.11.2019","1,0245","1,0245","1,0344","1,0088","22,41M","-0,72%"
"07.11.2019","1,0319","1,0196","1,0373","1,0078","23,46M","1,80%"
"06.11.2019","1,0137","1,0334","1,0541","1,0078","27,93M","-1,15%"
"05.11.2019","1,0255","1,0073","1,0265","0,9984","35,68M","2,21%"
"04.11.2019","1,0033","0,9871","1,0078","0,9871","22,85M","2,52%"
"01.11.2019","0,9786","0,9696","0,9831","0,9587","21,35M","0,97%"
"31.10.2019","0,9692","0,9896","0,9910","0,9581","25,44M","-1,91%"
"30.10.2019","0,9881","1,0053","1,0102","0,9717","16,85M","-1,33%"
"29.10.2019","1,0014","0,9950","1,0083","0,9861","21,43M","0,80%"
"28.10.2019","0,9935","0,9910","1,0048","0,9876","16,12M","-0,59%"
"25.10.2019","0,9994","1,0334","1,0334","0,9910","21,94M","0,20%"
"24.10.2019","0,9974","1,0117","1,0334","0,9900","25,76M","-2,93%"
"23.10.2019","1,0275","1,0078","1,0334","1,0043","16,97M","0,34%"
"22.10.2019","1,0240","1,0408","1,0511","1,0162","22,94M","-1,98%"
"21.10.2019","1,0447","1,0112","1,0501","1,0112","34,78M","3,76%"
"18.10.2019","1,0068","0,9969","1,0235","0,9896","23,64M","0,44%"
"17.10.2019","1,0024","0,9910","1,0290","0,9810","29,81M","0,00%"
"16.10.2019","1,0024","0,9782","1,0097","0,9627","32,13M","2,10%"
"15.10.2019","0,9818","0,9605","0,9828","0,9479","29,69M","3,20%"
"14.10.2019","0,9514","0,9359","0,9516","0,9211","18,91M","0,75%"
"11.10.2019","0,9443","0,8868","0,9491","0,8868","50,89M","6,12%"
"10.10.2019","0,8898","0,8472","0,8898","0,8472","24,50M","4,63%"
"09.10.2019","0,8504","0,8521","0,8600","0,8458","11,77M","0,02%"
"08.10.2019","0,8502","0,8746","0,8817","0,8334","21,26M","-2,41%"
"07.10.2019","0,8712","0,8618","0,8718","0,8502","22,22M","0,83%"
"04.10.2019","0,8640","0,8677","0,8712","0,8531","16,82M","-0,43%"
"03.10.2019","0,8677","0,8590","0,8734","0,8395","20,71M","1,01%"
"02.10.2019","0,8590","0,8679","0,8787","0,8563","19,56M","-1,56%"
"01.10.2019","0,8726","0,8850","0,8984","0,8705","23,93M","-0,50%"
"30.09.2019","0,8770","0,8793","0,8915","0,8699","25,90M","-0,19%"
"27.09.2019","0,8787","0,8571","0,8827","0,8521","20,77M","1,94%"
"26.09.2019","0,8620","0,8622","0,8661","0,8425","21,18M","-0,02%"
"25.09.2019","0,8622","0,8417","0,8622","0,8265","25,65M","1,65%"
"24.09.2019","0,8482","0,8482","0,8576","0,8397","22,48M","0,28%"
"23.09.2019","0,8458","0,8616","0,8641","0,8283","22,48M","-2,14%"
"20.09.2019","0,8643","0,8669","0,8773","0,8602","38,38M","-0,88%"
"19.09.2019","0,8720","0,8429","0,8898","0,8375","30,21M","4,21%"
"18.09.2019","0,8368","0,8448","0,8559","0,8334","21,94M","-1,16%"
"17.09.2019","0,8466","0,8758","0,8811","0,8466","29,63M","-4,20%"
"16.09.2019","0,8837","0,8868","0,8937","0,8697","23,37M","-1,64%"
"13.09.2019","0,8984","0,8413","0,8984","0,8413","49,29M","7,80%"
"12.09.2019","0,8334","0,8476","0,8608","0,8108","35,23M","-1,10%"
"11.09.2019","0,8427","0,8415","0,8640","0,8305","32,95M","0,33%"
"10.09.2019","0,8399","0,8155","0,8462","0,7901","39,11M","2,25%"
"09.09.2019","0,8214","0,7907","0,8214","0,7849","27,55M","4,36%"
"06.09.2019","0,7871","0,7979","0,8111","0,7842","26,91M","-1,43%"
"05.09.2019","0,7985","0,7487","0,8078","0,7487","34,16M","7,67%"
"04.09.2019","0,7416","0,7457","0,7593","0,7410","17,88M","0,91%"
"03.09.2019","0,7349","0,7440","0,7546","0,7321","21,76M","-1,58%"
"02.09.2019","0,7467","0,7645","0,7676","0,7412","16,08M","-2,67%"
"30.08.2019","0,7672","0,7680","0,7780","0,7637","14,27M","0,24%"
"29.08.2019","0,7654","0,7532","0,7739","0,7532","12,07M","1,46%"
"28.08.2019","0,7544","0,7631","0,7631","0,7509","12,10M","-0,05%"
"27.08.2019","0,7548","0,7516","0,7678","0,7475","18,19M","0,47%"
"26.08.2019","0,7513","0,7388","0,7574","0,7388","11,88M","1,23%"
"23.08.2019","0,7422","0,7613","0,7688","0,7422","17,65M","-2,12%"
"22.08.2019","0,7583","0,7325","0,7680","0,7325","23,64M","3,02%"
"21.08.2019","0,7361","0,7388","0,7448","0,7314","15,08M","-0,19%"
"20.08.2019","0,7375","0,7593","0,7609","0,7349","27,16M","-3,38%"
"19.08.2019","0,7633","0,7684","0,7824","0,7617","23,69M","0,10%"
"16.08.2019","0,7625","0,7195","0,7625","0,7107","53,98M","5,98%"
"15.08.2019","0,7195","0,7152","0,7290","0,7034","30,87M","0,77%"
"14.08.2019","0,7140","0,7499","0,7499","0,7099","28,32M","-4,79%"
"13.08.2019","0,7499","0,7388","0,7633","0,7252","29,48M","1,31%"
"12.08.2019","0,7402","0,7747","0,7796","0,7402","25,29M","-4,40%"
"09.08.2019","0,7743","0,7723","0,7861","0,7664","23,22M","-1,38%"
"08.08.2019","0,7851","0,7686","0,7851","0,7613","24,02M","3,18%"
"07.08.2019","0,7609","0,7635","0,7678","0,7448","21,61M","0,32%"
"06.08.2019","0,7585","0,7648","0,7769","0,7548","28,63M","-1,39%"
"05.08.2019","0,7692","0,7603","0,7786","0,7487","33,31M","1,20%"
"02.08.2019","0,7601","0,7684","0,7729","0,7444","45,29M","-2,24%"
"01.08.2019","0,7775","0,7808","0,7940","0,7702","23,56M","-0,29%"
"31.07.2019","0,7798","0,7881","0,7966","0,7798","19,79M","-0,56%"
"30.07.2019","0,7842","0,8127","0,8153","0,7739","42,62M","-3,36%"
"29.07.2019","0,8115","0,8305","0,8413","0,8039","33,83M","-1,81%"
"26.07.2019","0,8265","0,8919","0,8955","0,8265","72,49M","-6,59%"
"25.07.2019","0,8848","0,8866","0,9112","0,8693","27,15M","0,15%"
"24.07.2019","0,8835","0,8768","0,8850","0,8584","21,04M","0,48%"
"23.07.2019","0,8793","0,8580","0,8793","0,8476","23,52M","3,79%"
"22.07.2019","0,8472","0,8831","0,8866","0,8421","28,81M","-3,69%"
"19.07.2019","0,8797","0,9063","0,9156","0,8768","22,99M","-2,72%"
"18.07.2019","0,9043","0,8886","0,9108","0,8789","23,30M","0,28%"
"17.07.2019","0,9018","0,9414","0,9414","0,9008","22,28M","-4,64%"
"16.07.2019","0,9457","0,9236","0,9457","0,9207","18,28M","2,19%"
"15.07.2019","0,9254","0,9321","0,9357","0,9191","12,22M","0,11%"
"12.07.2019","0,9244","0,9311","0,9414","0,9244","15,12M","-0,68%"
"11.07.2019","0,9307","0,9260","0,9309","0,9089","12,58M","0,42%"
"10.07.2019","0,9268","0,9114","0,9434","0,9095","21,08M","1,69%"
"09.07.2019","0,9114","0,9014","0,9146","0,8931","17,26M","0,04%"
"08.07.2019","0,9110","0,9368","0,9451","0,9067","21,53M","-2,96%"
"05.07.2019","0,9388","0,9359","0,9477","0,9242","28,62M","0,42%"
"04.07.2019","0,9349","0,9110","0,9380","0,9110","25,92M","2,09%"
"03.07.2019","0,9158","0,8900","0,9158","0,8809","19,73M","2,27%"
"02.07.2019","0,8955","0,9110","0,9136","0,8846","17,31M","-1,72%"
"01.07.2019","0,9112","0,9221","0,9313","0,9067","26,12M","1,54%"
"28.06.2019","0,8974","0,8866","0,8978","0,8860","19,25M","1,22%"
"27.06.2019","0,8866","0,8907","0,9024","0,8817","12,33M","0,00%"
"26.06.2019","0,8866","0,8799","0,8978","0,8768","16,67M","0,76%"
"25.06.2019","0,8799","0,8805","0,8821","0,8679","18,28M","-0,34%"
"24.06.2019","0,8829","0,8866","0,8972","0,8797","14,59M","-0,62%"
"21.06.2019","0,8884","0,9012","0,9132","0,8768","37,91M","-0,59%"
"20.06.2019","0,8937","0,9372","0,9390","0,8937","28,73M","-4,53%"
"19.06.2019","0,9361","0,9181","0,9361","0,9150","23,97M","2,05%"
"18.06.2019","0,9173","0,9079","0,9207","0,8919","27,00M","0,76%"
"17.06.2019","0,9104","0,9126","0,9236","0,9083","17,27M","0,47%"
"14.06.2019","0,9061","0,9166","0,9169","0,9039","18,92M","-1,31%"
"13.06.2019","0,9181","0,9152","0,9290","0,9034","16,26M","-0,09%"
"12.06.2019","0,9189","0,9278","0,9292","0,9106","21,97M","-1,77%"
"11.06.2019","0,9355","0,9420","0,9536","0,9339","18,84M","-0,91%"
"10.06.2019","0,9441","0,9408","0,9477","0,9315","17,62M","1,91%"
"07.06.2019","0,9264","0,9420","0,9426","0,9211","25,49M","-0,65%"
"06.06.2019","0,9325","0,9910","1,0038","0,9319","45,99M","-5,00%"
"05.06.2019","0,9816","1,0048","1,0122","0,9733","26,41M","-1,53%"
"04.06.2019","0,9969","0,9727","1,0043","0,9721","27,36M","1,89%"
"03.06.2019","0,9784","0,9703","0,9812","0,9595","20,32M","0,00%"
"31.05.2019","0,9784","0,9861","0,9950","0,9699","24,62M","-2,63%"
"30.05.2019","1,0048","0,9950","1,0107","0,9950","15,67M","1,39%"
"29.05.2019","0,9910","0,9851","0,9999","0,9772","18,25M","-0,79%"
"28.05.2019","0,9989","1,0029","1,0088","0,9763","23,75M","-0,40%"
"27.05.2019","1,0029","1,0107","1,0245","0,9979","7,96M","0,15%"
"24.05.2019","1,0014","1,0048","1,0176","1,0014","12,39M","-0,15%"
"23.05.2019","1,0029","1,0043","1,0117","0,9861","15,58M","-0,49%"
"22.05.2019","1,0078","1,0373","1,0427","1,0078","22,59M","-2,71%"
"21.05.2019","1,0359","1,0442","1,0472","1,0157","23,36M","0,05%"
"20.05.2019","1,0354","1,0541","1,0590","1,0290","20,41M","-1,49%"
"17.05.2019","1,0511","1,0403","1,0521","1,0334","14,41M","0,37%"
"16.05.2019","1,0472","1,0176","1,0472","1,0127","22,47M","2,22%"
"15.05.2019","1,0245","1,0245","1,0275","1,0009","24,06M","0,10%"
"14.05.2019","1,0235","1,0181","1,0285","1,0068","19,97M","1,02%"
"13.05.2019","1,0132","1,0245","1,0290","1,0102","19,43M","-1,25%"
"10.05.2019","1,0260","1,0255","1,0413","1,0211","26,44M","1,01%"
"09.05.2019","1,0157","1,0250","1,0354","1,0093","24,95M","-2,22%"
"08.05.2019","1,0388","1,0147","1,0442","1,0083","29,21M","2,38%"
"07.05.2019","1,0147","1,0255","1,0487","1,0058","44,30M","0,88%"
"06.05.2019","1,0058","1,0043","1,0078","0,9905","18,57M","-1,64%"
"03.05.2019","1,0226","1,0541","1,0541","1,0201","27,43M","-2,62%"
"02.05.2019","1,0501","1,0186","1,0620","1,0097","45,34M","2,89%"
"30.04.2019","1,0206","1,0230","1,0285","1,0083","25,08M","-0,38%"
"29.04.2019","1,0245","0,9851","1,0250","0,9851","30,79M","2,61%"
"26.04.2019","0,9984","0,9753","0,9984","0,9585","39,39M","4,21%"
"25.04.2019","0,9581","0,9625","0,9698","0,9481","22,39M","-0,19%"
"24.04.2019","0,9599","0,9849","1,0024","0,9560","23,25M","-2,61%"
"23.04.2019","0,9856","1,0073","1,0097","0,9713","24,79M","-2,15%"
"18.04.2019","1,0073","1,0157","1,0230","0,9856","19,55M","-0,73%"
"17.04.2019","1,0147","0,9851","1,0285","0,9835","37,18M","3,00%"
"16.04.2019","0,9851","0,9780","0,9925","0,9680","19,39M","0,77%"
"15.04.2019","0,9776","0,9802","1,0043","0,9713","25,94M","0,24%"
"12.04.2019","0,9753","0,9457","0,9849","0,9260","37,15M","2,58%"
"11.04.2019","0,9508","0,9280","0,9603","0,9197","25,66M","3,54%"
"10.04.2019","0,9183","0,9270","0,9437","0,9148","24,37M","-0,54%"
"09.04.2019","0,9233","0,9193","0,9380","0,9162","17,73M","0,17%"
"08.04.2019","0,9217","0,9424","0,9455","0,9217","18,19M","-2,43%"
"05.04.2019","0,9447","0,9536","0,9603","0,9321","26,47M","-1,06%"
"04.04.2019","0,9548","0,9343","0,9554","0,9260","24,03M","2,11%"
"03.04.2019","0,9351","0,9193","0,9398","0,9158","30,74M","3,51%"
"02.04.2019","0,9034","0,9063","0,9124","0,8905","20,79M","-0,81%"
"01.04.2019","0,9108","0,8829","0,9177","0,8777","34,75M","4,14%"
"29.03.2019","0,8746","0,8651","0,8748","0,8525","37,89M","2,04%"
"28.03.2019","0,8571","0,8699","0,8708","0,8433","30,91M","-1,69%"
"27.03.2019","0,8718","0,8669","0,9065","0,8624","72,36M","1,02%"
"26.03.2019","0,8630","0,8868","0,8911","0,8574","46,89M","-3,41%"
"25.03.2019","0,8935","0,8927","0,9142","0,8777","26,28M","-0,33%"
"22.03.2019","0,8965","0,9282","0,9282","0,8933","32,17M","-2,19%"
"21.03.2019","0,9166","0,9424","0,9453","0,9087","31,49M","-3,14%"
"20.03.2019","0,9463","0,9753","0,9826","0,9463","21,23M","-3,14%"
"19.03.2019","0,9770","0,9753","0,9833","0,9634","18,12M","0,44%"
"18.03.2019","0,9727","0,9516","0,9831","0,9502","28,64M","2,59%"
"15.03.2019","0,9481","0,9459","0,9516","0,9325","32,97M","0,40%"
"14.03.2019","0,9443","0,9388","0,9638","0,9368","20,28M","0,71%"
"13.03.2019","0,9376","0,9211","0,9435","0,9189","18,63M","1,52%"
"12.03.2019","0,9236","0,9183","0,9339","0,9162","20,79M","1,03%"
"11.03.2019","0,9142","0,9063","0,9160","0,8894","23,06M","1,97%"
"08.03.2019","0,8965","0,9073","0,9122","0,8870","41,35M","-3,19%"
"07.03.2019","0,9260","0,9984","1,0043","0,9162","48,26M","-7,25%"
"06.03.2019","0,9984","0,9851","1,0068","0,9784","16,19M","1,39%"
"05.03.2019","0,9847","0,9851","1,0088","0,9731","21,55M","-0,09%"
"04.03.2019","0,9856","0,9886","0,9994","0,9841","14,28M","-0,05%"
"01.03.2019","0,9861","0,9950","1,0043","0,9828","23,98M","-0,05%"
"28.02.2019","0,9866","0,9619","0,9910","0,9516","32,88M","1,72%"
"27.02.2019","0,9699","0,9331","0,9753","0,9331","26,39M","3,07%"
"26.02.2019","0,9410","0,9280","0,9410","0,9181","16,76M","0,83%"
"25.02.2019","0,9333","0,9408","0,9467","0,9333","23,43M","0,17%"
"22.02.2019","0,9317","0,9309","0,9473","0,9272","23,35M","-1,01%"
"21.02.2019","0,9412","0,9457","0,9457","0,9290","22,95M","0,19%"
"20.02.2019","0,9394","0,9300","0,9420","0,9254","14,41M","0,44%"
"19.02.2019","0,9353","0,9260","0,9353","0,9093","16,53M","0,68%"
"18.02.2019","0,9290","0,9428","0,9585","0,9240","24,49M","-1,00%"
"15.02.2019","0,9384","0,8878","0,9398","0,8773","40,42M","5,00%"
"14.02.2019","0,8937","0,8888","0,9020","0,8693","34,13M","1,13%"
"13.02.2019","0,8837","0,8669","0,8866","0,8600","27,93M","2,17%"
"12.02.2019","0,8649","0,8649","0,8708","0,8513","19,90M","1,41%"
"11.02.2019","0,8529","0,8569","0,8681","0,8472","24,65M","0,91%"
"08.02.2019","0,8452","0,8379","0,8519","0,8196","29,12M","0,23%"
"07.02.2019","0,8433","0,8683","0,8740","0,8433","32,17M","-3,75%"
"06.02.2019","0,8762","0,8472","0,8799","0,8462","31,45M","2,95%"
"05.02.2019","0,8511","0,8571","0,8624","0,8295","46,04M","-0,12%"
"04.02.2019","0,8521","0,9012","0,9012","0,8462","62,48M","-4,80%"
"01.02.2019","0,8951","0,9851","0,9900","0,8787","84,28M","-9,08%"
"31.01.2019","0,9845","1,0211","1,0354","0,9788","37,28M","-2,83%"
"30.01.2019","1,0132","1,0230","1,0304","1,0048","19,77M","-1,01%"
"29.01.2019","1,0235","1,0314","1,0339","1,0068","18,71M","-0,72%"
"28.01.2019","1,0309","1,0546","1,0669","1,0309","22,70M","-3,10%"
"25.01.2019","1,0639","1,0334","1,0639","1,0280","28,74M","4,40%"
"24.01.2019","1,0191","1,0418","1,0570","1,0186","21,61M","-1,99%"
"23.01.2019","1,0398","1,0093","1,0442","1,0038","16,22M","2,52%"
"22.01.2019","1,0142","1,0186","1,0226","1,0009","16,59M","-1,39%"
"21.01.2019","1,0285","1,0482","1,0487","1,0285","12,24M","-1,79%"
"18.01.2019","1,0472","1,0344","1,0575","1,0295","26,36M","3,15%"
"17.01.2019","1,0152","1,0452","1,0526","1,0152","26,21M","-3,69%"
"16.01.2019","1,0541","1,0152","1,0551","1,0137","26,03M","4,80%"
"15.01.2019","1,0058","1,0122","1,0196","0,9969","17,29M","0,15%"
"14.01.2019","1,0043","1,0043","1,0142","0,9945","16,37M","-0,63%"
"11.01.2019","1,0107","1,0107","1,0226","0,9989","18,79M","-0,49%"
"10.01.2019","1,0157","1,0245","1,0349","1,0122","20,63M","-1,52%"
"09.01.2019","1,0314","1,0393","1,0437","1,0250","12,66M","-0,15%"
"08.01.2019","1,0329","1,0334","1,0437","1,0211","18,55M","0,10%"
"07.01.2019","1,0319","1,0344","1,0363","1,0162","16,46M","0,33%"
"04.01.2019","1,0285","0,9925","1,0319","0,9876","19,41M","4,65%"
"03.01.2019","0,9828","0,9770","0,9974","0,9703","18,25M","-0,33%"
"02.01.2019","0,9861","0,9684","0,9886","0,9477","16,66M","0,05%"
"31.12.2018","0,9856","0,9751","0,9989","0,9731","11,10M","0,82%"
"28.12.2018","0,9776","0,9497","0,9776","0,9408","22,98M","3,26%"
"27.12.2018","0,9467","0,9753","0,9822","0,9359","29,20M","-1,17%"
"24.12.2018","0,9579","0,9654","0,9759","0,9424","7,90M","-2,55%"
"21.12.2018","0,9830","0,9960","1,0053","0,9627","50,14M","-1,44%"
"20.12.2018","0,9974","1,0063","1,0162","0,9824","30,96M","-2,37%"
"19.12.2018","1,0216","1,0354","1,0541","1,0127","32,05M","-1,42%"
"18.12.2018","1,0363","1,0462","1,0580","1,0359","24,40M","-1,55%"
"17.12.2018","1,0526","1,0570","1,0767","1,0492","17,07M","-1,39%"
"14.12.2018","1,0674","1,0526","1,0674","1,0363","15,63M","0,46%"
"13.12.2018","1,0625","1,0615","1,0777","1,0541","25,23M","0,84%"
"12.12.2018","1,0536","1,0250","1,0575","1,0226","23,81M","3,23%"
"11.12.2018","1,0206","1,0186","1,0378","1,0088","17,64M","0,78%"
"10.12.2018","1,0127","1,0324","1,0408","1,0117","18,32M","-2,10%"
"07.12.2018","1,0344","1,0452","1,0521","1,0309","19,25M","-0,23%"
"06.12.2018","1,0368","1,0625","1,0664","1,0309","23,84M","-3,80%"
"05.12.2018","1,0777","1,0738","1,0876","1,0462","16,72M","0,36%"
"04.12.2018","1,0738","1,0984","1,1033","1,0738","22,07M","-2,98%"
"03.12.2018","1,1068","1,1319","1,1329","1,1048","20,39M","-0,31%"
"30.11.2018","1,1102","1,1078","1,1161","1,0969","16,55M","0,26%"
"29.11.2018","1,1073","1,1156","1,1265","1,1004","13,48M","0,18%"
"28.11.2018","1,1053","1,1088","1,1186","1,0955","13,46M","-0,27%"
"27.11.2018","1,1083","1,1201","1,1225","1,0984","15,37M","-1,19%"
"26.11.2018","1,1216","1,1083","1,1240","1,1063","21,37M","2,48%"
"23.11.2018","1,0945","1,1009","1,1102","1,0910","10,01M","-0,22%"
"22.11.2018","1,0969","1,1009","1,1088","1,0841","13,72M","-1,15%"
"21.11.2018","1,1097","1,1171","1,1289","1,1053","19,21M","-0,09%"
"20.11.2018","1,1107","1,1230","1,1339","1,1073","16,32M","-1,96%"
"19.11.2018","1,1329","1,1496","1,1684","1,1329","17,13M","-1,58%"
"16.11.2018","1,1511","1,1536","1,1600","1,1383","19,96M","0,13%"
"15.11.2018","1,1496","1,1846","1,2009","1,1363","22,65M","-3,08%"
"14.11.2018","1,1861","1,1797","1,2004","1,1664","9,38M","-0,20%"
"13.11.2018","1,1885","1,1624","1,1885","1,1555","14,31M","2,55%"
"12.11.2018","1,1590","1,1649","1,1817","1,1555","16,26M","-0,80%"
"09.11.2018","1,1684","1,1792","1,1821","1,1536","14,76M","-2,19%"
"08.11.2018","1,1945","1,1950","1,2033","1,1802","16,03M","0,42%"
"07.11.2018","1,1895","1,3299","1,3299","1,1782","39,60M","2,50%"
"06.11.2018","1,1605","1,1748","1,1748","1,1472","13,47M","-1,38%"
"05.11.2018","1,1767","1,1708","1,1950","1,1649","13,67M","0,50%"
"02.11.2018","1,1708","1,1659","1,1846","1,1590","21,14M","1,49%"
"01.11.2018","1,1536","1,1462","1,1590","1,1368","14,73M","0,51%"
"31.10.2018","1,1477","1,1329","1,1541","1,1260","30,00M","2,42%"
"30.10.2018","1,1206","1,0910","1,1299","1,0846","28,27M","3,03%"
"29.10.2018","1,0876","1,0787","1,0915","1,0679","23,14M","1,66%"
"26.10.2018","1,0698","1,0639","1,0959","1,0344","48,95M","5,13%"
"25.10.2018","1,0176","1,0196","1,0393","1,0009","45,52M","-0,72%"
"24.10.2018","1,0250","1,0610","1,0649","1,0226","31,44M","-3,30%"
"23.10.2018","1,0600","1,0836","1,0836","1,0541","34,61M","-3,32%"
"22.10.2018","1,0964","1,1762","1,1910","1,0940","29,43M","-5,36%"
"19.10.2018","1,1585","1,1541","1,1723","1,1058","54,73M","-0,13%"
"18.10.2018","1,1600","1,2403","1,2560","1,1349","53,16M","-6,69%"
"17.10.2018","1,2432","1,2501","1,2708","1,2393","14,30M","-0,47%"
"16.10.2018","1,2491","1,2481","1,2600","1,2373","13,47M","0,43%"
"15.10.2018","1,2437","1,2462","1,2560","1,2373","13,31M","-0,67%"
"12.10.2018","1,2521","1,2718","1,2821","1,2467","14,20M","-1,17%"
"11.10.2018","1,2669","1,2555","1,2944","1,2491","24,93M","-0,77%"
"10.10.2018","1,2767","1,2560","1,2861","1,2516","23,05M","1,09%"
"09.10.2018","1,2629","1,2614","1,2728","1,2393","19,18M","0,51%"
"08.10.2018","1,2565","1,2610","1,2639","1,2427","15,46M","-1,09%"
"05.10.2018","1,2703","1,2876","1,2890","1,2383","16,33M","-0,96%"
"04.10.2018","1,2826","1,2885","1,2994","1,2787","17,79M","-0,31%"
"03.10.2018","1,2866","1,2910","1,2964","1,2757","17,46M","0,46%"
"02.10.2018","1,2807","1,3004","1,3073","1,2807","30,44M","-2,36%"
"01.10.2018","1,3117","1,3176","1,3319","1,2930","28,93M","-0,56%"
"28.09.2018","1,3191","1,3496","1,3545","1,2880","35,18M","-3,01%"
"27.09.2018","1,3600","1,3747","1,3747","1,3398","18,69M","-1,49%"
"26.09.2018","1,3806","1,4023","1,4023","1,3752","18,48M","-1,13%"
"25.09.2018","1,3964","1,4250","1,4407","1,3954","14,03M","-1,70%"
"24.09.2018","1,4205","1,4191","1,4309","1,4117","12,03M","-0,18%"
"21.09.2018","1,4230","1,4624","1,4698","1,4196","29,24M","-1,80%"
"20.09.2018","1,4491","1,4196","1,4491","1,4186","33,85M","2,15%"
"19.09.2018","1,4186","1,3984","1,4186","1,3826","24,20M","1,77%"
"18.09.2018","1,3939","1,3757","1,3939","1,3693","16,21M","1,14%"
"17.09.2018","1,3782","1,3521","1,3816","1,3511","16,63M","1,71%"
"14.09.2018","1,3550","1,3585","1,3639","1,3417","13,10M","-0,15%"
"13.09.2018","1,3570","1,3235","1,3654","1,3220","17,76M","2,83%"
"12.09.2018","1,3196","1,3265","1,3265","1,3082","8,63M","-0,41%"
"11.09.2018","1,3250","1,3358","1,3447","1,3117","10,01M","-0,41%"
"10.09.2018","1,3304","1,3033","1,3422","1,3033","15,76M","1,77%"
"07.09.2018","1,3073","1,3240","1,3260","1,2915","14,12M","-0,97%"
"06.09.2018","1,3201","1,3363","1,3452","1,3201","12,41M","-1,83%"
"05.09.2018","1,3447","1,3137","1,3629","1,3137","23,21M","1,98%"
"04.09.2018","1,3186","1,3058","1,3235","1,2969","16,27M","1,40%"
"03.09.2018","1,3004","1,3023","1,3112","1,2925","10,76M","-0,15%"
"31.08.2018","1,3023","1,3206","1,3206","1,3023","15,32M","-1,39%"
"30.08.2018","1,3206","1,3304","1,3378","1,3166","10,54M","-1,14%"
"29.08.2018","1,3358","1,3363","1,3393","1,3210","11,37M","0,07%"
"28.08.2018","1,3348","1,3506","1,3555","1,3304","9,22M","-0,66%"
"27.08.2018","1,3437","1,3403","1,3457","1,3353","6,08M","0,48%"
"24.08.2018","1,3373","1,3304","1,3437","1,3304","7,03M","0,22%"
"23.08.2018","1,3343","1,3309","1,3417","1,3260","10,29M","0,14%"
"22.08.2018","1,3324","1,3270","1,3393","1,3250","8,29M","0,00%"
"21.08.2018","1,3324","1,3117","1,3368","1,3043","14,45M","1,58%"
"20.08.2018","1,3117","1,3176","1,3270","1,3107","14,74M","0,19%"
"17.08.2018","1,3092","1,3235","1,3240","1,2959","13,28M","0,00%"
"16.08.2018","1,3092","1,3146","1,3176","1,2959","17,07M","0,83%"
"15.08.2018","1,2984","1,3314","1,3358","1,2885","18,30M","-1,97%"
"14.08.2018","1,3245","1,3506","1,3555","1,3161","17,96M","-1,21%"
"13.08.2018","1,3407","1,3526","1,3570","1,3319","19,68M","-1,66%"
"10.08.2018","1,3634","1,3999","1,4018","1,3570","23,02M","-3,89%"
"09.08.2018","1,4186","1,4063","1,4186","1,3949","17,18M","0,67%"
"08.08.2018","1,4092","1,4151","1,4215","1,3974","11,83M","-0,63%"
"07.08.2018","1,4181","1,4181","1,4265","1,4077","13,26M","0,52%"
"06.08.2018","1,4107","1,4181","1,4225","1,3994","12,77M","-0,35%"
"03.08.2018","1,4156","1,4008","1,4156","1,3811","20,45M","1,19%"
"02.08.2018","1,3989","1,4107","1,4141","1,3866","20,80M","-0,73%"
"01.08.2018","1,4092","1,4077","1,4205","1,3949","20,10M","0,14%"
"31.07.2018","1,4072","1,3772","1,4146","1,3762","43,56M","2,33%"
"30.07.2018","1,3752","1,3595","1,4018","1,3575","33,33M","1,34%"
"27.07.2018","1,3570","1,3540","1,3693","1,2964","77,72M","-3,00%"
"26.07.2018","1,3989","1,3733","1,3989","1,3693","22,73M","2,38%"
"25.07.2018","1,3664","1,3659","1,3757","1,3605","15,66M","0,04%"
"24.07.2018","1,3659","1,3629","1,3792","1,3565","22,87M","1,17%"
"23.07.2018","1,3501","1,3486","1,3595","1,3403","18,54M","-0,22%"
"20.07.2018","1,3531","1,3634","1,3634","1,3398","21,86M","-1,18%"
"19.07.2018","1,3693","1,3939","1,4186","1,3693","37,64M","0,54%"
"18.07.2018","1,3619","1,3713","1,3762","1,3442","16,68M","-0,61%"
"17.07.2018","1,3703","1,3792","1,3811","1,3462","22,56M","-0,36%"
"16.07.2018","1,3752","1,3930","1,4048","1,3752","16,13M","-1,21%"
"13.07.2018","1,3920","1,4028","1,4033","1,3802","12,34M","-0,39%"
"12.07.2018","1,3974","1,4063","1,4077","1,3816","13,78M","-0,11%"
"11.07.2018","1,3989","1,4333","1,4358","1,3713","36,36M","-3,60%"
"10.07.2018","1,4511","1,4742","1,4777","1,4452","15,78M","-1,53%"
"09.07.2018","1,4737","1,4575","1,4747","1,4575","15,85M","1,84%"
"06.07.2018","1,4471","1,4629","1,4629","1,4363","16,88M","-0,38%"
"05.07.2018","1,4526","1,4274","1,4659","1,4225","20,89M","2,04%"
"04.07.2018","1,4235","1,3954","1,4255","1,3939","13,26M","1,44%"
"03.07.2018","1,4033","1,4008","1,4230","1,3821","15,32M","0,74%"
"02.07.2018","1,3930","1,3984","1,4008","1,3649","18,66M","-1,49%"
"29.06.2018","1,4141","1,4186","1,4718","1,4107","31,99M","1,73%"
"28.06.2018","1,3900","1,3767","1,4013","1,3737","15,97M","0,43%"
"27.06.2018","1,3841","1,3792","1,3915","1,3452","19,42M","0,46%"
"26.06.2018","1,3777","1,3939","1,3964","1,3733","14,94M","-0,21%"
"25.06.2018","1,3806","1,3816","1,3989","1,3678","20,16M","-1,13%"
"22.06.2018","1,3964","1,4003","1,4171","1,3856","15,87M","0,14%"
"21.06.2018","1,3944","1,4260","1,4333","1,3821","26,40M","-1,94%"
"20.06.2018","1,4220","1,4412","1,4452","1,4215","17,50M","-0,38%"
"19.06.2018","1,4274","1,3870","1,4294","1,3673","25,67M","1,61%"
"18.06.2018","1,4048","1,4087","1,4250","1,3944","17,64M","-0,56%"
"15.06.2018","1,4127","1,4481","1,4481","1,3989","40,02M","-2,38%"
"14.06.2018","1,4471","1,4688","1,4713","1,4412","19,81M","-1,71%"
"13.06.2018","1,4723","1,4861","1,4885","1,4634","18,29M","-0,99%"
"12.06.2018","1,4870","1,4920","1,5062","1,4767","19,88M","0,13%"
"11.06.2018","1,4851","1,4668","1,4870","1,4526","26,01M","3,25%"
"08.06.2018","1,4383","1,4417","1,4511","1,4284","25,13M","-1,35%"
"07.06.2018","1,4580","1,4476","1,4767","1,4447","25,50M","1,69%"
"06.06.2018","1,4338","1,4191","1,4402","1,3900","28,69M","1,53%"
"05.06.2018","1,4122","1,4565","1,4590","1,4122","28,59M","-3,07%"
"04.06.2018","1,4570","1,4826","1,4934","1,4383","33,19M","-0,34%"
"01.06.2018","1,4619","1,4457","1,4698","1,4388","40,16M","3,20%"
"31.05.2018","1,4166","1,4728","1,4974","1,4008","66,44M","-3,49%"
"30.05.2018","1,4678","1,4811","1,4959","1,4466","38,86M","0,03%"
"29.05.2018","1,4673","1,5585","1,5599","1,4619","54,56M","-6,82%"
"28.05.2018","1,5747","1,5875","1,5939","1,5535","18,50M","0,50%"
"25.05.2018","1,5668","1,6008","1,6225","1,5368","40,78M","-1,82%"
"24.05.2018","1,5959","1,6141","1,6225","1,5846","17,00M","-0,89%"
"23.05.2018","1,6102","1,6240","1,6254","1,5900","14,74M","-1,24%"
"22.05.2018","1,6304","1,5865","1,6323","1,5865","21,18M","3,02%"
"21.05.2018","1,5826","1,6087","1,6176","1,5826","15,79M","-1,01%"
"18.05.2018","1,5988","1,6540","1,6575","1,5934","27,28M","-3,40%"
"17.05.2018","1,6550","1,6550","1,6639","1,6353","19,02M","0,54%"
"16.05.2018","1,6461","1,6998","1,7013","1,6417","37,69M","-4,19%"
"15.05.2018","1,7180","1,7067","1,7235","1,7013","17,99M","0,66%"
"14.05.2018","1,7067","1,7043","1,7166","1,6924","13,37M","0,00%"
"11.05.2018","1,7067","1,6954","1,7097","1,6939","13,21M","0,64%"
"10.05.2018","1,6959","1,6895","1,6983","1,6846","9,66M","0,65%"
"09.05.2018","1,6850","1,6767","1,6890","1,6717","14,72M","0,44%"
"08.05.2018","1,6777","1,6511","1,6777","1,6407","24,95M","1,61%"
"07.05.2018","1,6511","1,6496","1,6540","1,6343","10,86M","0,06%"
"04.05.2018","1,6501","1,6062","1,6501","1,6048","24,39M","2,45%"
"03.05.2018","1,6107","1,5959","1,6284","1,5949","19,38M","0,74%"
"02.05.2018","1,5988","1,6008","1,6314","1,5979","21,73M","-0,22%"
"30.04.2018","1,6023","1,6018","1,6097","1,5959","16,37M","-0,06%"
"27.04.2018","1,6033","1,6057","1,6136","1,5910","14,94M","-0,12%"
"26.04.2018","1,6053","1,6156","1,6254","1,5742","24,95M","-0,18%"
"25.04.2018","1,6082","1,6481","1,6609","1,6067","25,28M","-5,17%"
"24.04.2018","1,6959","1,7387","1,7407","1,6959","19,86M","-2,52%"
"23.04.2018","1,7397","1,7185","1,7397","1,7156","11,05M","1,40%"
"20.04.2018","1,7156","1,7033","1,7171","1,6890","14,37M","0,72%"
"19.04.2018","1,7033","1,6846","1,7033","1,6786","12,60M","1,17%"
"18.04.2018","1,6836","1,6895","1,6934","1,6649","20,14M","-0,17%"
"17.04.2018","1,6865","1,7141","1,7230","1,6865","13,16M","-1,41%"
"16.04.2018","1,7107","1,7161","1,7215","1,6890","11,50M","-0,31%"
"13.04.2018","1,7161","1,7515","1,7535","1,7107","14,83M","-2,13%"
"12.04.2018","1,7535","1,6846","1,7535","1,6846","23,01M","4,12%"
"11.04.2018","1,6841","1,6634","1,6934","1,6550","11,73M","0,98%"
"10.04.2018","1,6678","1,6565","1,6777","1,6491","14,90M","0,93%"
"09.04.2018","1,6525","1,6437","1,6570","1,6422","8,18M","0,93%"
"06.04.2018","1,6373","1,6481","1,6555","1,6333","9,80M","-1,13%"
"05.04.2018","1,6560","1,6348","1,6565","1,6328","14,16M","2,60%"
"04.04.2018","1,6141","1,6274","1,6314","1,5885","13,66M","-0,64%"
"03.04.2018","1,6245","1,6254","1,6378","1,6161","12,59M","-0,72%"
"29.03.2018","1,6363","1,6447","1,6693","1,6363","15,60M","-0,18%"
"28.03.2018","1,6392","1,6205","1,6392","1,6043","14,97M","0,24%"
"27.03.2018","1,6353","1,6609","1,6644","1,6220","13,38M","-0,30%"
"26.03.2018","1,6402","1,6461","1,6486","1,6053","17,62M","0,00%"
"23.03.2018","1,6402","1,6205","1,6516","1,6062","31,89M","1,49%"
"22.03.2018","1,6161","1,6471","1,6550","1,6013","21,00M","-2,23%"
"21.03.2018","1,6530","1,6688","1,6752","1,6343","16,54M","-0,80%"
"20.03.2018","1,6663","1,6486","1,6708","1,6368","11,29M","1,50%"
"19.03.2018","1,6417","1,6550","1,6708","1,6383","9,42M","-0,83%"
"16.03.2018","1,6555","1,6353","1,6614","1,6343","18,57M","1,33%"
"15.03.2018","1,6338","1,6353","1,6427","1,6166","10,67M","-0,06%"
"14.03.2018","1,6348","1,6476","1,6520","1,6274","12,30M","-0,72%"
"13.03.2018","1,6466","1,6520","1,6688","1,6402","10,90M","-0,21%"
"12.03.2018","1,6501","1,6545","1,6550","1,6407","17,87M","0,36%"
"09.03.2018","1,6442","1,6491","1,6501","1,6323","8,80M","-0,06%"
"08.03.2018","1,6452","1,6501","1,6580","1,6294","12,39M","0,06%"
"07.03.2018","1,6442","1,6353","1,6442","1,6269","10,65M","0,31%"
"06.03.2018","1,6392","1,6555","1,6629","1,6387","12,22M","0,12%"
"05.03.2018","1,6373","1,6304","1,6520","1,6259","15,32M","0,15%"
"02.03.2018","1,6348","1,6668","1,6717","1,6333","22,28M","-2,70%"
"01.03.2018","1,6801","1,6910","1,6910","1,6624","17,85M","-1,16%"
"28.02.2018","1,6998","1,7013","1,7072","1,6855","16,97M","-0,95%"
"27.02.2018","1,7161","1,7220","1,7328","1,7097","20,33M","0,23%"
"26.02.2018","1,7121","1,7313","1,7422","1,6875","32,33M","-0,40%"
"23.02.2018","1,7190","1,7845","1,8042","1,7136","30,64M","-3,65%"
"22.02.2018","1,7841","1,7757","1,7914","1,7658","16,10M","-0,16%"
"21.02.2018","1,7870","1,7949","1,7949","1,7653","12,56M","-0,68%"
"20.02.2018","1,7993","1,7959","1,8062","1,7855","10,26M","0,13%"
"19.02.2018","1,7969","1,8033","1,8185","1,7905","10,88M","0,00%"
"16.02.2018","1,7969","1,7934","1,8003","1,7742","16,26M","1,09%"
"15.02.2018","1,7776","1,7929","1,8200","1,7634","17,74M","0,11%"
"14.02.2018","1,7757","1,7880","1,7909","1,7584","16,52M","0,14%"
"13.02.2018","1,7732","1,7845","1,7870","1,7629","15,98M","-0,61%"
"12.02.2018","1,7841","1,7767","1,7959","1,7614","16,79M","1,60%"
"09.02.2018","1,7560","1,7732","1,7796","1,7289","24,24M","-1,68%"
"08.02.2018","1,7860","1,8136","1,8323","1,7781","20,51M","-1,66%"
"07.02.2018","1,8161","1,8244","1,8274","1,7850","25,71M","0,96%"
"06.02.2018","1,7988","1,7693","1,8358","1,7535","37,13M","-1,62%"
"05.02.2018","1,8284","1,8067","1,8289","1,7944","28,11M","0,98%"
"02.02.2018","1,8107","1,8156","1,8466","1,7870","36,66M","-3,23%"
"01.02.2018","1,8712","1,8914","1,9037","1,8496","24,68M","-0,76%"
"31.01.2018","1,8855","1,8831","1,9072","1,8752","16,27M","-0,19%"
"30.01.2018","1,8890","1,8840","1,9151","1,8826","19,20M","-0,85%"
"29.01.2018","1,9052","1,9072","1,9156","1,8895","18,82M","0,34%"
"26.01.2018","1,8988","1,8875","1,9072","1,8771","15,51M","0,15%"
"25.01.2018","1,8959","1,8663","1,8959","1,8481","22,00M","1,64%"
"24.01.2018","1,8653","1,8688","1,8909","1,8643","12,77M","-0,47%"
"23.01.2018","1,8742","1,8865","1,8914","1,8589","17,75M","-0,42%"
"22.01.2018","1,8821","1,8348","1,8821","1,8205","27,02M","2,69%"
"19.01.2018","1,8328","1,8107","1,8407","1,8062","14,21M","0,98%"
"18.01.2018","1,8151","1,8200","1,8343","1,8047","14,38M","0,11%"
"17.01.2018","1,8131","1,8180","1,8353","1,8003","19,33M","-1,05%"
"16.01.2018","1,8323","1,8550","1,8589","1,8284","23,84M","-1,04%"
"15.01.2018","1,8515","1,8372","1,8530","1,8264","10,53M","0,56%"
"12.01.2018","1,8412","1,8333","1,8560","1,8230","18,22M","0,38%"
"11.01.2018","1,8343","1,8323","1,8584","1,7905","27,80M","-0,21%"
"10.01.2018","1,8382","1,7727","1,8382","1,7683","33,62M","4,04%"
"09.01.2018","1,7668","1,7323","1,7668","1,7249","16,34M","2,13%"
"08.01.2018","1,7299","1,7378","1,7491","1,7161","18,23M","-0,51%"
"05.01.2018","1,7387","1,7240","1,7486","1,7240","17,00M","1,26%"
"04.01.2018","1,7171","1,6796","1,7279","1,6796","20,03M","2,41%"
"03.01.2018","1,6767","1,6570","1,6875","1,6471","16,28M","1,31%"
"02.01.2018","1,6550","1,6383","1,6550","1,6225","16,38M","1,45%"
"29.12.2017","1,6314","1,6392","1,6392","1,6176","10,92M","-0,18%"
"28.12.2017","1,6343","1,6333","1,6422","1,6274","7,96M","-0,18%"
"27.12.2017","1,6373","1,6452","1,6540","1,6284","11,56M","-1,60%"
"22.12.2017","1,6639","1,6530","1,6895","1,6530","20,54M","-3,43%"
"21.12.2017","1,7230","1,6846","1,7240","1,6786","18,28M","1,69%"
"20.12.2017","1,6944","1,6737","1,6944","1,6481","16,67M","0,94%"
"19.12.2017","1,6786","1,6530","1,6826","1,6511","15,39M","1,30%"
"18.12.2017","1,6570","1,6264","1,6570","1,6245","20,25M","2,37%"
"15.12.2017","1,6186","1,6176","1,6304","1,6077","25,68M","-0,12%"
"14.12.2017","1,6205","1,6353","1,6570","1,6205","17,73M","-1,26%"
"13.12.2017","1,6412","1,6471","1,6609","1,6363","14,99M","-0,95%"
"12.12.2017","1,6570","1,6658","1,6698","1,6461","14,63M","-0,23%"
"11.12.2017","1,6609","1,6816","1,6846","1,6609","22,99M","-1,00%"
"08.12.2017","1,6777","1,6461","1,6983","1,6461","20,69M","2,72%"
"07.12.2017","1,6333","1,6008","1,6333","1,5920","16,27M","2,16%"
"06.12.2017","1,5988","1,6156","1,6254","1,5988","17,08M","-1,58%"
"05.12.2017","1,6245","1,6452","1,6589","1,6245","15,04M","-1,49%"
"04.12.2017","1,6491","1,6609","1,6737","1,6442","13,49M","0,72%"
"01.12.2017","1,6373","1,6678","1,6727","1,6373","12,10M","-1,66%"
"30.11.2017","1,6649","1,6865","1,6944","1,6649","19,67M","-1,22%"
"29.11.2017","1,6855","1,6392","1,6915","1,6333","31,42M","3,76%"
"28.11.2017","1,6245","1,6176","1,6254","1,6136","12,66M","0,43%"
"27.11.2017","1,6176","1,6156","1,6481","1,6156","12,70M","-0,42%"
"24.11.2017","1,6245","1,6156","1,6353","1,6107","14,13M","0,79%"
"23.11.2017","1,6117","1,5939","1,6245","1,5910","22,51M","1,12%"
"22.11.2017","1,5939","1,5939","1,6097","1,5920","15,26M","0,18%"
"21.11.2017","1,5910","1,6087","1,6235","1,5910","12,98M","-1,46%"
"20.11.2017","1,6146","1,6126","1,6254","1,5998","9,76M","-0,12%"
"17.11.2017","1,6166","1,6343","1,6422","1,6136","18,80M","-0,72%"
"16.11.2017","1,6284","1,6520","1,6570","1,6274","22,27M","-0,42%"
"15.11.2017","1,6353","1,6146","1,6353","1,5959","19,24M","0,61%"
"14.11.2017","1,6254","1,6442","1,6491","1,6166","9,96M","-0,61%"
"13.11.2017","1,6353","1,6520","1,6540","1,6215","15,32M","-0,66%"
"10.11.2017","1,6461","1,6373","1,6580","1,6304","18,13M","0,72%"
"09.11.2017","1,6343","1,6363","1,6589","1,6205","19,99M","-0,30%"
"08.11.2017","1,6392","1,6314","1,6471","1,6107","18,03M","0,30%"
"07.11.2017","1,6343","1,6560","1,6649","1,6304","17,33M","-0,54%"
"06.11.2017","1,6432","1,6639","1,6639","1,6323","13,61M","-1,13%"
"03.11.2017","1,6619","1,7023","1,7043","1,6343","27,30M","-2,71%"
"02.11.2017","1,7082","1,7141","1,7220","1,6924","22,45M","-0,52%"
"01.11.2017","1,7171","1,7043","1,7230","1,7003","32,83M","1,40%"
"31.10.2017","1,6934","1,6550","1,7033","1,6442","40,19M","2,44%"
"30.10.2017","1,6530","1,6442","1,6589","1,5969","52,18M","5,66%"
"27.10.2017","1,5644","1,6136","1,6195","1,5328","64,33M","-4,85%"
"26.10.2017","1,6442","1,5762","1,6895","1,5762","46,30M","3,16%"
"25.10.2017","1,5939","1,6294","1,6402","1,5920","19,28M","-2,47%"
"24.10.2017","1,6343","1,5703","1,6343","1,5703","23,86M","4,21%"
"23.10.2017","1,5683","1,5929","1,5969","1,5683","19,98M","-2,09%"
"20.10.2017","1,6018","1,6107","1,6107","1,5683","39,57M","-0,98%"
"19.10.2017","1,6176","1,6343","1,6481","1,6057","23,00M","-1,68%"
"18.10.2017","1,6452","1,6205","1,6452","1,6048","25,26M","1,27%"
"17.10.2017","1,6245","1,6067","1,6481","1,5939","24,25M","0,92%"
"16.10.2017","1,6097","1,6520","1,6520","1,6057","24,56M","-2,80%"
"13.10.2017","1,6560","1,6599","1,6698","1,6452","16,64M","0,42%"
"12.10.2017","1,6491","1,6599","1,6757","1,6422","15,10M","-0,59%"
"11.10.2017","1,6589","1,6944","1,7023","1,6452","35,24M","1,20%"
"10.10.2017","1,6392","1,6353","1,6560","1,6186","32,86M","-0,48%"
"09.10.2017","1,6471","1,6353","1,6786","1,6314","33,36M","0,91%"
"06.10.2017","1,6323","1,6786","1,6924","1,5959","51,10M","-1,90%"
"05.10.2017","1,6639","1,4994","1,6816","1,4994","102,81M","6,16%"
"04.10.2017","1,5673","1,6530","1,6530","1,5417","68,63M","-5,69%"
"03.10.2017","1,6619","1,6402","1,6698","1,6254","35,95M","0,06%"
"02.10.2017","1,6609","1,6993","1,7033","1,6254","51,10M","-4,53%"
"29.09.2017","1,7397","1,7387","1,7486","1,7082","26,71M","-0,11%"
"28.09.2017","1,7417","1,7929","1,8205","1,7407","26,94M","-3,02%"
"27.09.2017","1,7959","1,6924","1,8038","1,6895","40,27M","6,86%"
"26.09.2017","1,6806","1,6737","1,6895","1,6668","13,08M","0,12%"
"25.09.2017","1,6786","1,6915","1,6944","1,6688","19,78M","-1,16%"
"22.09.2017","1,6983","1,6993","1,7161","1,6915","16,37M","-0,40%"
"21.09.2017","1,7052","1,6993","1,7407","1,6944","26,18M","-0,06%"
"20.09.2017","1,7062","1,7693","1,7742","1,6875","25,72M","-3,78%"
"19.09.2017","1,7732","1,7604","1,7752","1,7565","17,13M","0,50%"
"18.09.2017","1,7643","1,7584","1,7703","1,7486","17,70M","1,01%"
"15.09.2017","1,7466","1,7348","1,7496","1,7190","25,80M","0,22%"
"14.09.2017","1,7427","1,7259","1,7437","1,7013","23,05M","0,51%"
"13.09.2017","1,7338","1,7033","1,7397","1,7003","20,09M","1,44%"
"12.09.2017","1,7092","1,7043","1,7200","1,6944","17,31M","0,52%"
"11.09.2017","1,7003","1,7003","1,7190","1,6885","21,77M","0,93%"
"08.09.2017","1,6846","1,6698","1,6865","1,6432","26,46M","0,59%"
"07.09.2017","1,6747","1,7358","1,7427","1,6737","38,27M","-3,63%"
"06.09.2017","1,7378","1,7387","1,7506","1,7309","13,41M","-0,56%"
"05.09.2017","1,7476","1,7890","1,7988","1,7476","17,03M","-2,31%"
"04.09.2017","1,7890","1,8126","1,8254","1,7841","13,27M","-2,78%"
"01.09.2017","1,8402","1,8313","1,8481","1,8205","14,16M","1,14%"
"31.08.2017","1,8195","1,8067","1,8363","1,8038","21,98M","1,65%"
"30.08.2017","1,7900","1,7821","1,7929","1,7772","12,00M","1,34%"
"29.08.2017","1,7663","1,8087","1,8146","1,7663","18,06M","-2,92%"
"28.08.2017","1,8195","1,8235","1,8353","1,8028","8,17M","-0,22%"
"25.08.2017","1,8235","1,8372","1,8481","1,8235","6,94M","-0,48%"
"24.08.2017","1,8323","1,8254","1,8471","1,8195","8,02M","0,98%"
"23.08.2017","1,8146","1,8323","1,8491","1,8146","10,07M","-0,81%"
"22.08.2017","1,8294","1,8451","1,8510","1,8294","7,96M","-0,10%"
"21.08.2017","1,8313","1,8382","1,8510","1,8304","8,10M","-0,96%"
"18.08.2017","1,8491","1,8244","1,8530","1,8126","9,91M","0,05%"
"17.08.2017","1,8481","1,8707","1,8826","1,8402","13,76M","-1,88%"
"16.08.2017","1,8835","1,8816","1,8845","1,8678","9,68M","0,63%"
"15.08.2017","1,8717","1,8717","1,8806","1,8599","8,56M","0,42%"
"14.08.2017","1,8638","1,8087","1,8658","1,8067","16,14M","3,56%"
"11.08.2017","1,7998","1,8225","1,8304","1,7969","15,84M","-1,72%"
"10.08.2017","1,8313","1,8599","1,8698","1,8274","15,33M","-1,90%"
"09.08.2017","1,8668","1,8717","1,8806","1,8402","15,75M","-0,89%"
"08.08.2017","1,8835","1,8816","1,8875","1,8757","11,34M","0,10%"
"07.08.2017","1,8816","1,8796","1,8865","1,8767","9,77M","0,00%"
"04.08.2017","1,8816","1,8668","1,8835","1,8579","16,80M","0,58%"
"03.08.2017","1,8707","1,8501","1,8707","1,8304","18,18M","1,01%"
"02.08.2017","1,8520","1,8629","1,8727","1,8481","13,57M","-0,69%"
"01.08.2017","1,8648","1,8678","1,8757","1,8589","15,52M","0,00%"
"31.07.2017","1,8648","1,8609","1,8875","1,8510","14,43M","0,42%"
"28.07.2017","1,8570","1,9111","1,9308","1,8451","28,83M","-2,98%"
"27.07.2017","1,9141","1,8717","1,9141","1,8717","20,00M","1,84%"
"26.07.2017","1,8796","1,8727","1,8796","1,8579","16,27M","-0,21%"
"25.07.2017","1,8835","1,8225","1,8885","1,8225","43,43M","3,68%"
"24.07.2017","1,8166","1,7752","1,8175","1,7683","14,05M","2,05%"
"21.07.2017","1,7801","1,7850","1,7880","1,7555","25,27M","-0,27%"
"20.07.2017","1,7850","1,7978","1,8146","1,7831","17,59M","-1,04%"
"19.07.2017","1,8038","1,8018","1,8038","1,7732","14,52M","0,11%"
"18.07.2017","1,8018","1,8274","1,8481","1,7909","14,92M","-1,66%"
"17.07.2017","1,8323","1,8323","1,8382","1,8185","11,01M","-0,05%"
"14.07.2017","1,8333","1,8599","1,8707","1,8284","14,42M","-1,95%"
"13.07.2017","1,8698","1,8313","1,8698","1,8294","18,26M","1,88%"
"12.07.2017","1,8353","1,8185","1,8412","1,8156","18,70M","1,03%"
"11.07.2017","1,8166","1,8166","1,8392","1,8166","15,76M","0,11%"
"10.07.2017","1,8146","1,8156","1,8264","1,7939","13,54M","-0,11%"
"07.07.2017","1,8166","1,8097","1,8205","1,7998","18,21M","0,49%"
"06.07.2017","1,8077","1,7890","1,8097","1,7831","18,55M","0,55%"
"05.07.2017","1,7978","1,8028","1,8215","1,7870","18,58M","-0,60%"
"04.07.2017","1,8087","1,8087","1,8294","1,8018","19,39M","-0,11%"
"03.07.2017","1,8107","1,7634","1,8107","1,7634","23,56M","3,32%"
"30.06.2017","1,7525","1,7712","1,7801","1,7486","17,22M","-1,01%"
"29.06.2017","1,7703","1,7732","1,7998","1,7594","26,80M","-0,16%"
"28.06.2017","1,7732","1,7437","1,7732","1,7289","26,21M","1,46%"
"27.06.2017","1,7476","1,6964","1,7486","1,6944","23,70M","2,37%"
"26.06.2017","1,7072","1,6905","1,7200","1,6836","18,76M","1,46%"
"23.06.2017","1,6826","1,7131","1,7240","1,6826","15,43M","-2,17%"
"22.06.2017","1,7200","1,7269","1,7279","1,6993","14,82M","-0,68%"
"21.06.2017","1,7318","1,7102","1,7318","1,6855","16,55M","0,80%"
"20.06.2017","1,7180","1,7604","1,7683","1,7180","20,66M","-2,08%"
"19.06.2017","1,7545","1,7289","1,7575","1,7210","26,34M","2,07%"
"16.06.2017","1,7190","1,7043","1,7269","1,6983","48,97M","1,10%"
"15.06.2017","1,7003","1,7062","1,7131","1,6708","27,83M","-0,29%"
"14.06.2017","1,7052","1,7180","1,7358","1,7003","22,77M","-0,64%"
"13.06.2017","1,7161","1,7013","1,7427","1,7003","24,19M","0,87%"
"12.06.2017","1,7013","1,6974","1,7220","1,6905","31,45M","-1,65%"
"09.06.2017","1,7299","1,7230","1,7535","1,7131","34,47M","-0,17%"
"08.06.2017","1,7328","1,7092","1,7496","1,6924","36,80M","-0,51%"
"07.06.2017","1,7417","1,7712","1,7909","1,7200","46,94M","-2,16%"
"06.06.2017","1,7801","1,7732","1,7919","1,7683","18,88M","-0,44%"
"05.06.2017","1,7880","1,7870","1,7978","1,7752","9,22M","-0,22%"
"02.06.2017","1,7919","1,8146","1,8294","1,7880","25,68M","-0,55%"
"01.06.2017","1,8018","1,8077","1,8116","1,7801","17,70M","-0,27%"
"31.05.2017","1,8067","1,7949","1,8215","1,7880","25,97M","0,93%"
"30.05.2017","1,7900","1,7850","1,8156","1,7781","18,25M","-0,77%"
"29.05.2017","1,8038","1,7919","1,8146","1,7880","11,52M","0,00%"
"26.05.2017","1,8038","1,8077","1,8087","1,7742","16,11M","-0,86%"
"25.05.2017","1,8195","1,8363","1,8412","1,8077","12,18M","-0,32%"
"24.05.2017","1,8254","1,8274","1,8284","1,8077","11,54M","0,27%"
"23.05.2017","1,8205","1,7811","1,8343","1,7762","24,28M","2,15%"
"22.05.2017","1,7821","1,7880","1,7939","1,7673","17,63M","-0,33%"
"19.05.2017","1,7880","1,7781","1,7900","1,7643","14,77M","1,17%"
"18.05.2017","1,7673","1,7446","1,7722","1,6983","34,51M","0,28%"
"17.05.2017","1,7624","1,8126","1,8225","1,7565","22,94M","-3,45%"
"16.05.2017","1,8254","1,8284","1,8372","1,8136","14,39M","-0,32%"
"15.05.2017","1,8313","1,8205","1,8313","1,8047","12,81M","1,31%"
"12.05.2017","1,8077","1,8028","1,8274","1,7998","16,60M","0,06%"
"11.05.2017","1,8067","1,8323","1,8402","1,7978","24,02M","-1,29%"
"10.05.2017","1,8304","1,8215","1,8451","1,8028","23,50M","0,11%"
"09.05.2017","1,8284","1,8520","1,8638","1,8244","20,63M","-1,22%"
"08.05.2017","1,8510","1,8698","1,8707","1,8097","30,78M","-0,37%"
"05.05.2017","1,8579","1,8175","1,8579","1,8038","31,30M","1,94%"
"04.05.2017","1,8225","1,7762","1,8225","1,7712","28,86M","2,78%"
"03.05.2017","1,7732","1,7673","1,7791","1,7565","21,41M","0,39%"
"02.05.2017","1,7663","1,7525","1,7663","1,7397","20,54M","1,53%"
"28.04.2017","1,7397","1,7240","1,7486","1,6826","34,26M","-0,17%"
"27.04.2017","1,7427","1,7584","1,7614","1,7348","18,76M","-1,22%"
"26.04.2017","1,7643","1,7634","1,7693","1,7309","33,44M","0,96%"
"25.04.2017","1,7476","1,7348","1,7614","1,7102","28,00M","0,56%"
"24.04.2017","1,7378","1,7338","1,7703","1,7161","53,01M","5,13%"
"21.04.2017","1,6530","1,6461","1,6639","1,6195","34,01M","1,88%"
"20.04.2017","1,6225","1,6195","1,6511","1,6126","25,78M","0,06%"
"19.04.2017","1,6215","1,5772","1,6215","1,5742","18,76M","3,13%"
"18.04.2017","1,5723","1,5732","1,5782","1,5535","19,99M","0,63%"
"13.04.2017","1,5624","1,5762","1,5811","1,5417","18,75M","-1,37%"
"12.04.2017","1,5841","1,6195","1,6304","1,5831","27,92M","-1,65%"
"11.04.2017","1,6107","1,6146","1,6235","1,6038","22,06M","-0,97%"
"10.04.2017","1,6264","1,6491","1,6511","1,6264","16,47M","-1,61%"
"07.04.2017","1,6530","1,6353","1,6530","1,6254","20,97M","0,47%"
"06.04.2017","1,6452","1,6146","1,6452","1,6107","27,04M","1,40%"
"05.04.2017","1,6225","1,6028","1,6530","1,6028","28,62M","0,19%"
"04.04.2017","1,6195","1,6284","1,6540","1,5929","40,54M","-1,62%"
"03.04.2017","1,6461","1,6915","1,6915","1,6432","26,98M","-2,74%"
"31.03.2017","1,6924","1,6767","1,6934","1,6678","19,27M","0,46%"
"30.03.2017","1,6846","1,6895","1,6944","1,6649","23,22M","-0,46%"
"29.03.2017","1,6924","1,7043","1,7161","1,6826","24,86M","-0,35%"
"28.03.2017","1,6983","1,6806","1,7013","1,6757","22,23M","1,35%"
"27.03.2017","1,6757","1,6580","1,6777","1,6471","22,76M","0,18%"
"24.03.2017","1,6727","1,6678","1,6816","1,6589","17,79M","0,29%"
"23.03.2017","1,6678","1,6412","1,6737","1,6314","25,34M","1,80%"
"22.03.2017","1,6383","1,6254","1,6589","1,5939","33,69M","-0,36%"
"21.03.2017","1,6442","1,6639","1,6816","1,6383","37,99M","-0,12%"
"20.03.2017","1,6461","1,6550","1,6688","1,6432","18,60M","-0,95%"
"17.03.2017","1,6619","1,6343","1,6737","1,6343","40,90M","1,99%"
"16.03.2017","1,6294","1,6048","1,6383","1,5949","37,70M","2,99%"
"15.03.2017","1,5821","1,5654","1,6008","1,5614","20,71M","1,07%"
"14.03.2017","1,5654","1,5860","1,5860","1,5644","25,22M","-1,30%"
"13.03.2017","1,5860","1,6038","1,6038","1,5723","15,60M","-0,68%"
"10.03.2017","1,5969","1,5703","1,6057","1,5644","34,94M","2,40%"
"09.03.2017","1,5594","1,5289","1,5821","1,5269","42,63M","1,99%"
"08.03.2017","1,5289","1,4964","1,5338","1,4934","34,47M","2,17%"
"07.03.2017","1,4964","1,4964","1,4964","1,4787","16,10M","0,33%"
"06.03.2017","1,4915","1,4777","1,4964","1,4639","27,32M","0,34%"
"03.03.2017","1,4865","1,4560","1,4925","1,4432","42,79M","2,44%"
"02.03.2017","1,4511","1,4639","1,4747","1,4511","35,82M","-0,60%"
"01.03.2017","1,4599","1,4156","1,4668","1,4087","54,46M","6,77%"
"28.02.2017","1,3673","1,3644","1,3713","1,3536","26,97M","0,87%"
"27.02.2017","1,3555","1,3703","1,3733","1,3516","23,53M","-0,65%"
"24.02.2017","1,3644","1,3920","1,3989","1,3516","26,50M","-1,57%"
"23.02.2017","1,3861","1,4156","1,4255","1,3861","27,27M","-2,56%"
"22.02.2017","1,4225","1,4333","1,4491","1,4097","19,35M","-1,10%"
"21.02.2017","1,4383","1,4353","1,4560","1,4146","27,62M","-0,68%"
"20.02.2017","1,4481","1,4511","1,4580","1,4402","13,41M","0,27%"
"17.02.2017","1,4442","1,4688","1,4688","1,4186","23,13M","-1,01%"
"16.02.2017","1,4590","1,4708","1,4777","1,4540","18,71M","-0,60%"
"15.02.2017","1,4678","1,4629","1,4856","1,4599","23,12M","0,54%"
"14.02.2017","1,4599","1,4718","1,4728","1,4491","20,33M","-0,41%"
"13.02.2017","1,4659","1,4649","1,4737","1,4511","19,60M","0,54%"
"10.02.2017","1,4580","1,4797","1,4974","1,4402","33,73M","-0,74%"
"09.02.2017","1,4688","1,4481","1,4737","1,4343","40,77M","2,54%"
"08.02.2017","1,4324","1,4402","1,4580","1,3989","37,96M","0,48%"
"07.02.2017","1,4255","1,3979","1,4363","1,3821","38,28M","1,76%"
"06.02.2017","1,4008","1,4294","1,4422","1,3969","31,41M","-2,34%"
"03.02.2017","1,4343","1,4186","1,4402","1,4068","31,12M","1,39%"
"02.02.2017","1,4146","1,3851","1,4186","1,3772","39,07M","1,70%"
"01.02.2017","1,3910","1,3890","1,3979","1,3733","26,99M","1,29%"
"31.01.2017","1,3733","1,3811","1,4068","1,3683","48,64M","-0,43%"
"30.01.2017","1,3792","1,3723","1,3870","1,3634","34,02M","0,29%"
"27.01.2017","1,3752","1,3476","1,3890","1,2964","45,90M","2,05%"
"26.01.2017","1,3476","1,3772","1,3989","1,3427","35,39M","-1,01%"
"25.01.2017","1,3614","1,3348","1,3733","1,3289","47,67M","3,99%"
"24.01.2017","1,3092","1,2846","1,3092","1,2797","13,95M","2,39%"
"23.01.2017","1,2787","1,2974","1,3053","1,2757","17,99M","-2,63%"
"20.01.2017","1,3132","1,3299","1,3368","1,3092","17,03M","-1,11%"
"19.01.2017","1,3279","1,3004","1,3289","1,2816","22,27M","2,43%"
"18.01.2017","1,2964","1,3023","1,3053","1,2826","23,21M","-0,31%"
"17.01.2017","1,3004","1,2964","1,3161","1,2836","16,47M","0,46%"
"16.01.2017","1,2944","1,3122","1,3122","1,2777","21,32M","-1,95%"
"13.01.2017","1,3201","1,3201","1,3299","1,3102","21,92M","0,30%"
"12.01.2017","1,3161","1,3339","1,3437","1,3151","20,32M","-1,70%"
"11.01.2017","1,3388","1,3486","1,3516","1,3339","16,25M","-1,02%"
"10.01.2017","1,3526","1,3545","1,3545","1,3329","10,97M","-0,29%"
"09.01.2017","1,3565","1,3654","1,3713","1,3417","15,21M","-0,86%"
"06.01.2017","1,3683","1,3476","1,3683","1,3417","11,89M","1,16%"
"05.01.2017","1,3526","1,3545","1,3693","1,3437","23,42M","-0,14%"
"04.01.2017","1,3545","1,3713","1,3831","1,3427","20,20M","-0,65%"
"03.01.2017","1,3634","1,3230","1,3782","1,3210","30,42M","3,28%"
"02.01.2017","1,3201","1,3073","1,3220","1,3004","7,91M","1,29%"
"30.12.2016","1,3033","1,2974","1,3043","1,2895","10,22M","0,22%"
"29.12.2016","1,3004","1,3004","1,3102","1,2954","10,39M","-0,90%"
"28.12.2016","1,3122","1,3053","1,3181","1,3004","12,20M","-1,33%"
"27.12.2016","1,3299","1,3299","1,3348","1,3210","9,15M","-0,23%"
"23.12.2016","1,3329","1,3516","1,3555","1,3299","13,12M","-0,58%"
"22.12.2016","1,3407","1,3417","1,3575","1,3348","18,26M","-0,66%"
"21.12.2016","1,3496","1,3634","1,3772","1,2659","52,37M","-1,29%"
"20.12.2016","1,3673","1,3516","1,3703","1,3516","26,48M","0,87%"
"19.12.2016","1,3555","1,3723","1,3821","1,3545","23,28M","-1,58%"
"16.12.2016","1,3772","1,3634","1,3772","1,3585","52,85M","0,50%"
"15.12.2016","1,3703","1,3496","1,3762","1,3407","30,14M","2,13%"
"14.12.2016","1,3417","1,3585","1,3831","1,3417","27,40M","-1,09%"
"13.12.2016","1,3565","1,3398","1,3673","1,3270","30,98M","0,51%"
"12.12.2016","1,3496","1,3555","1,3772","1,3457","25,15M","-0,44%"
"09.12.2016","1,3555","1,3398","1,3585","1,3319","41,50M","0,65%"
"08.12.2016","1,3467","1,2836","1,3545","1,2797","51,47M","5,24%"
"07.12.2016","1,2797","1,2797","1,3043","1,2678","30,27M","0,16%"
"06.12.2016","1,2777","1,2137","1,2777","1,2068","32,35M","5,62%"
"05.12.2016","1,2097","1,1713","1,2196","1,1526","36,37M","1,99%"
"02.12.2016","1,1861","1,2009","1,2078","1,1762","26,86M","-1,72%"
"01.12.2016","1,2068","1,1526","1,2068","1,1526","42,70M","4,08%"
"30.11.2016","1,1595","1,1408","1,1595","1,1201","30,72M","2,17%"
"29.11.2016","1,1349","1,1260","1,1486","1,1211","23,79M","0,27%"
"28.11.2016","1,1319","1,1624","1,1654","1,1270","27,84M","-2,79%"
"25.11.2016","1,1644","1,1752","1,1772","1,1575","24,10M","-1,50%"
"24.11.2016","1,1821","1,1831","1,1969","1,1733","17,45M","0,08%"
"23.11.2016","1,1812","1,1890","1,1900","1,1634","31,94M","-0,33%"
"22.11.2016","1,1851","1,2156","1,2166","1,1615","75,45M","-4,37%"
"21.11.2016","1,2393","1,2511","1,2531","1,2255","20,40M","-0,94%"
"18.11.2016","1,2511","1,2659","1,2669","1,2275","25,35M","-1,09%"
"17.11.2016","1,2649","1,2521","1,2747","1,2413","25,28M","0,16%"
"16.11.2016","1,2629","1,2935","1,3063","1,2550","22,38M","-2,21%"
"15.11.2016","1,2915","1,2925","1,2964","1,2610","17,51M","0,08%"
"14.11.2016","1,2905","1,3004","1,3142","1,2787","22,98M","0,16%"
"11.11.2016","1,2885","1,2905","1,3004","1,2462","33,79M","1,08%"
"10.11.2016","1,2747","1,2383","1,3102","1,2373","47,10M","3,68%"
"09.11.2016","1,2294","1,1437","1,2294","1,1388","31,10M","1,87%"
"08.11.2016","1,2068","1,2018","1,2176","1,1703","22,28M","0,17%"
"07.11.2016","1,2048","1,2117","1,2137","1,1920","20,84M","1,07%"
"04.11.2016","1,1920","1,1762","1,2038","1,1624","22,89M","0,91%"
"03.11.2016","1,1812","1,1526","1,1831","1,1427","26,14M","2,39%"
"02.11.2016","1,1536","1,1821","1,1821","1,1496","19,49M","-2,82%"
"01.11.2016","1,1871","1,2078","1,2137","1,1851","15,33M","-1,15%"
"31.10.2016","1,2009","1,2028","1,2156","1,1881","23,31M","-0,24%"
"28.10.2016","1,2038","1,2560","1,2610","1,1841","33,26M","-3,78%"
"27.10.2016","1,2511","1,2284","1,2511","1,2147","16,09M","2,26%"
"26.10.2016","1,2235","1,2117","1,2284","1,1950","15,67M","0,57%"
"25.10.2016","1,2166","1,2432","1,2501","1,2117","23,18M","-2,30%"
"24.10.2016","1,2452","1,2176","1,2501","1,2176","30,58M","2,85%"
"21.10.2016","1,2107","1,1802","1,2107","1,1772","24,80M","2,58%"
"20.10.2016","1,1802","1,1585","1,1851","1,1506","24,08M","2,05%"
"19.10.2016","1,1565","1,1378","1,1634","1,1339","21,51M","1,82%"
"18.10.2016","1,1358","1,1152","1,1368","1,1033","17,97M","2,67%"
"17.10.2016","1,1063","1,0945","1,1201","1,0945","15,59M","0,27%"
"14.10.2016","1,1033","1,0994","1,1181","1,0974","17,69M","0,80%"
"13.10.2016","1,0945","1,1230","1,1230","1,0886","20,02M","-2,97%"
"12.10.2016","1,1280","1,1250","1,1418","1,1221","15,00M","0,36%"
"11.10.2016","1,1240","1,1230","1,1368","1,1102","13,24M","0,00%"
"10.10.2016","1,1240","1,1230","1,1309","1,1023","15,09M","-0,27%"
"07.10.2016","1,1270","1,1427","1,1506","1,1053","34,74M","-2,05%"
"06.10.2016","1,1506","1,1418","1,1644","1,1319","24,60M","0,86%"
"05.10.2016","1,1408","1,1102","1,1437","1,1092","20,96M","1,67%"
"04.10.2016","1,1221","1,1191","1,1319","1,1073","14,23M","0,18%"
"03.10.2016","1,1201","1,1270","1,1339","1,1033","14,74M","-0,26%"
"30.09.2016","1,1230","1,0836","1,1260","1,0492","46,75M","1,60%"
"29.09.2016","1,1053","1,1112","1,1171","1,0955","18,04M","0,54%"
"28.09.2016","1,0994","1,1023","1,1191","1,0935","17,08M","-0,09%"
"27.09.2016","1,1004","1,1132","1,1132","1,0748","28,26M","-0,44%"
"26.09.2016","1,1053","1,1132","1,1132","1,0787","25,09M","-0,97%"
"23.09.2016","1,1161","1,1555","1,1585","1,1132","34,19M","-4,15%"
"22.09.2016","1,1644","1,1624","1,1792","1,1536","17,80M","0,68%"
"21.09.2016","1,1565","1,1447","1,1674","1,1368","23,69M","2,62%"
"20.09.2016","1,1270","1,1230","1,1349","1,1092","15,59M","-0,09%"
"19.09.2016","1,1280","1,1447","1,1506","1,1270","15,80M","-0,69%"
"16.09.2016","1,1358","1,1427","1,1457","1,1211","36,35M","-1,29%"
"15.09.2016","1,1506","1,1526","1,1664","1,1388","18,52M","-0,35%"
"14.09.2016","1,1546","1,1821","1,1831","1,1477","25,96M","-1,51%"
"13.09.2016","1,1723","1,2147","1,2215","1,1723","22,85M","-3,17%"
"12.09.2016","1,2107","1,2215","1,2314","1,1910","21,01M","-2,61%"
"09.09.2016","1,2432","1,2265","1,2550","1,2215","25,33M","1,12%"
"08.09.2016","1,2294","1,1999","1,2334","1,1989","22,12M","2,04%"
"07.09.2016","1,2048","1,1969","1,2058","1,1792","17,88M","0,99%"
"06.09.2016","1,1930","1,2275","1,2344","1,1920","21,43M","-2,41%"
"05.09.2016","1,2225","1,2294","1,2373","1,2117","12,64M","-0,24%"
"02.09.2016","1,2255","1,2235","1,2334","1,1910","21,24M","0,48%"
"01.09.2016","1,2196","1,2038","1,2481","1,2018","30,76M","1,90%"
"31.08.2016","1,1969","1,1821","1,2087","1,1821","20,89M","0,91%"
"30.08.2016","1,1861","1,1723","1,1969","1,1723","10,37M","0,59%"
"29.08.2016","1,1792","1,1890","1,2078","1,1772","8,03M","-1,32%"
"26.08.2016","1,1950","1,1930","1,2048","1,1792","7,82M","0,34%"
"25.08.2016","1,1910","1,1950","1,2038","1,1782","10,85M","-0,90%"
"24.08.2016","1,2018","1,1654","1,2107","1,1605","15,98M","2,09%"
"23.08.2016","1,1772","1,1674","1,1851","1,1634","14,32M","1,27%"
"22.08.2016","1,1624","1,1329","1,1644","1,1319","19,83M","2,07%"
"19.08.2016","1,1388","1,1555","1,1575","1,1260","14,08M","-1,70%"
"18.08.2016","1,1585","1,1733","1,1772","1,1437","11,40M","-0,42%"
"17.08.2016","1,1634","1,1890","1,1900","1,1595","11,43M","-2,00%"
"16.08.2016","1,1871","1,1890","1,2009","1,1733","11,19M","-0,90%"
"15.08.2016","1,1979","1,2117","1,2196","1,1900","9,06M","-0,49%"
"12.08.2016","1,2038","1,2009","1,2196","1,2009","12,44M","-0,25%"
"11.08.2016","1,2068","1,2078","1,2137","1,1881","22,24M","0,58%"
"10.08.2016","1,1999","1,1674","1,2048","1,1674","23,55M","1,42%"
"09.08.2016","1,1831","1,1615","1,1881","1,1526","20,21M","1,43%"
"08.08.2016","1,1664","1,1575","1,1802","1,1575","21,40M","1,63%"
"05.08.2016","1,1477","1,1309","1,1516","1,1289","17,89M","1,84%"
"04.08.2016","1,1270","1,1092","1,1378","1,1092","21,54M","1,78%"
"03.08.2016","1,1073","1,1132","1,1289","1,0945","30,49M","-0,35%"
"02.08.2016","1,1112","1,1624","1,1654","1,1102","45,14M","-4,97%"
"01.08.2016","1,1693","1,2206","1,2245","1,1684","21,89M","-2,95%"
"29.07.2016","1,2048","1,1772","1,2235","1,1762","38,09M","2,52%"
"28.07.2016","1,1752","1,1940","1,1989","1,1644","22,80M","-2,21%"
"27.07.2016","1,2018","1,1841","1,2097","1,1802","31,62M","2,00%"
"26.07.2016","1,1782","1,1624","1,1802","1,1388","29,49M","1,10%"
"25.07.2016","1,1654","1,1782","1,1782","1,1486","31,31M","-0,59%"
"22.07.2016","1,1723","1,2787","1,2787","1,1486","92,34M","-7,47%"
"21.07.2016","1,2669","1,2698","1,2954","1,2541","26,64M","-0,15%"
"20.07.2016","1,2688","1,2600","1,2688","1,2383","14,03M","1,41%"
"19.07.2016","1,2511","1,2344","1,2659","1,2265","17,82M","0,55%"
"18.07.2016","1,2442","1,2511","1,2767","1,2255","17,88M","0,00%"
"15.07.2016","1,2442","1,2422","1,2807","1,2294","26,17M","-0,47%"
"14.07.2016","1,2501","1,2432","1,2570","1,2166","35,07M","2,09%"
"13.07.2016","1,2245","1,1881","1,2925","1,1654","56,78M","2,90%"
"12.07.2016","1,1900","1,1349","1,2009","1,1240","34,57M","4,95%"
"11.07.2016","1,1339","1,1427","1,1506","1,0994","25,00M","0,52%"
"08.07.2016","1,1280","1,0758","1,1496","1,0689","36,64M","4,95%"
"07.07.2016","1,0748","1,0846","1,1004","1,0679","31,41M","-0,36%"
"06.07.2016","1,0787","1,1102","1,1221","1,0620","44,94M","-3,78%"
"05.07.2016","1,1211","1,1624","1,1644","1,1191","39,91M","-4,20%"
"04.07.2016","1,1703","1,1881","1,1940","1,1565","26,42M","-1,00%"
"01.07.2016","1,1821","1,1743","1,2009","1,1516","25,06M","1,77%"
"30.06.2016","1,1615","1,1762","1,1812","1,1457","35,75M","-1,42%"
"29.06.2016","1,1782","1,1900","1,2107","1,1684","26,56M","1,27%"
"28.06.2016","1,1634","1,1752","1,1920","1,1575","42,20M","1,46%"
"27.06.2016","1,1467","1,2669","1,2669","1,0728","90,48M","-3,72%"
"24.06.2016","1,1910","1,1092","1,2176","1,0935","92,17M","-19,29%"
"23.06.2016","1,4757","1,4383","1,4757","1,4136","25,31M","3,09%"
"22.06.2016","1,4314","1,4255","1,4452","1,4008","18,63M","0,83%"
"21.06.2016","1,4196","1,4127","1,4314","1,4058","29,90M","0,77%"
"20.06.2016","1,4087","1,4136","1,4324","1,3959","26,36M","3,40%"
"17.06.2016","1,3624","1,3368","1,3762","1,3309","31,57M","3,52%"
"16.06.2016","1,3161","1,3417","1,3417","1,2984","35,33M","-2,98%"
"15.06.2016","1,3565","1,3555","1,3880","1,3407","23,42M","1,03%"
"14.06.2016","1,3427","1,3782","1,3890","1,3398","31,38M","-2,58%"
"13.06.2016","1,3782","1,3959","1,4087","1,3733","24,08M","-2,17%"
"10.06.2016","1,4087","1,4580","1,4619","1,4018","29,01M","-3,90%"
"09.06.2016","1,4659","1,4777","1,4895","1,4639","18,96M","-1,13%"
"08.06.2016","1,4826","1,4836","1,4905","1,4698","16,26M","-0,79%"
"07.06.2016","1,4944","1,4925","1,5072","1,4915","18,23M","0,53%"
"06.06.2016","1,4865","1,4895","1,5072","1,4708","17,77M","0,33%"
"03.06.2016","1,4816","1,5269","1,5348","1,4728","21,46M","-2,40%"
"02.06.2016","1,5181","1,5122","1,5732","1,5112","26,15M","0,07%"
"01.06.2016","1,5171","1,5181","1,5250","1,4905","18,18M","0,26%"
"31.05.2016","1,5131","1,5752","1,5831","1,4944","37,60M","-3,64%"
"30.05.2016","1,5703","1,5752","1,5860","1,5614","11,30M","-0,62%"
"27.05.2016","1,5801","1,5860","1,5949","1,5565","20,09M","-0,62%"
"26.05.2016","1,5900","1,6402","1,6402","1,5397","43,91M","-5,00%"
"25.05.2016","1,6737","1,6156","1,6747","1,6136","22,53M","4,36%"
"24.05.2016","1,6038","1,5466","1,6087","1,5417","18,09M","3,50%"
"23.05.2016","1,5496","1,5565","1,5693","1,5250","15,03M","-0,38%"
"20.05.2016","1,5555","1,5457","1,5634","1,5397","11,24M","1,22%"
"19.05.2016","1,5368","1,5299","1,5880","1,5279","23,07M","0,52%"
"18.05.2016","1,5289","1,4974","1,5338","1,4915","16,90M","1,64%"
"17.05.2016","1,5043","1,5181","1,5594","1,4954","17,35M","-0,07%"
"16.05.2016","1,5053","1,4964","1,5151","1,4728","10,26M","0,27%"
"13.05.2016","1,5013","1,4974","1,5230","1,4718","22,10M","-0,07%"
"12.05.2016","1,5023","1,4974","1,5319","1,4915","16,35M","-0,84%"
"11.05.2016","1,5151","1,5191","1,5220","1,4856","14,91M","-0,26%"
"10.05.2016","1,5191","1,5102","1,5397","1,5023","16,16M","0,72%"
"09.05.2016","1,5082","1,5575","1,5604","1,5013","16,44M","-1,92%"
"06.05.2016","1,5378","1,5220","1,5604","1,4994","17,02M","0,39%"
"05.05.2016","1,5319","1,5496","1,5673","1,5240","22,43M","-0,76%"
"04.05.2016","1,5437","1,5723","1,5791","1,5407","24,99M","-1,82%"
"03.05.2016","1,5723","1,6254","1,6333","1,5683","24,14M","-3,09%"
"02.05.2016","1,6225","1,6432","1,6452","1,6057","13,58M","-1,32%"
"29.04.2016","1,6442","1,6639","1,6875","1,6383","24,03M","-2,22%"
"28.04.2016","1,6816","1,6530","1,6855","1,6363","23,91M","0,95%"
"27.04.2016","1,6658","1,7013","1,7240","1,6540","31,52M","-2,48%"
"26.04.2016","1,7082","1,6668","1,7131","1,6560","31,44M","3,03%"
"25.04.2016","1,6580","1,7072","1,7200","1,6481","28,62M","-3,22%"
"22.04.2016","1,7131","1,6846","1,7831","1,6796","53,03M","2,53%"
"21.04.2016","1,6708","1,6304","1,6846","1,6284","25,12M","2,73%"
"20.04.2016","1,6264","1,5910","1,6274","1,5821","22,34M","2,16%"
"19.04.2016","1,5920","1,6067","1,6412","1,5900","28,48M","-0,74%"
"18.04.2016","1,6038","1,5358","1,6038","1,5260","19,61M","1,82%"
"15.04.2016","1,5752","1,5762","1,5841","1,5476","23,56M","0,50%"
"14.04.2016","1,5673","1,5535","1,5742","1,5043","32,42M","1,21%"
"13.04.2016","1,5486","1,4422","1,5486","1,4314","44,62M","9,47%"
"12.04.2016","1,4146","1,4225","1,4521","1,3870","37,82M","0,00%"
"11.04.2016","1,4146","1,3870","1,4294","1,3664","25,82M","1,92%"
"08.04.2016","1,3880","1,3654","1,3969","1,3595","26,82M","2,10%"
"07.04.2016","1,3595","1,3920","1,3979","1,3457","50,66M","-2,74%"
"06.04.2016","1,3978","1,4212","1,4270","1,3755","60,49M","-2,38%"
"05.04.2016","1,4319","1,4601","1,4699","1,4319","25,95M","-3,07%"
"04.04.2016","1,4772","1,4887","1,5029","1,4649","21,63M","-0,51%"
"01.04.2016","1,4848","1,4915","1,5238","1,4744","23,36M","-1,33%"
"31.03.2016","1,5048","1,5381","1,5486","1,4944","27,49M","-2,65%"
"30.03.2016","1,5457","1,5647","1,5847","1,5372","22,80M","-0,49%"
"29.03.2016","1,5533","1,5762","1,5933","1,5448","24,46M","-1,51%"
"24.03.2016","1,5771","1,5885","1,6133","1,5714","15,47M","-1,60%"
"23.03.2016","1,6028","1,6247","1,6332","1,5828","16,90M","-0,88%"
"22.03.2016","1,6171","1,6104","1,6209","1,5838","19,70M","0,24%"
"21.03.2016","1,6133","1,6095","1,6551","1,5980","16,29M","-0,35%"
"18.03.2016","1,6190","1,5990","1,6342","1,5771","28,84M","1,19%"
"17.03.2016","1,5999","1,6418","1,6456","1,5533","36,05M","-1,23%"
"16.03.2016","1,6199","1,6266","1,6475","1,5961","22,67M","-0,41%"
"15.03.2016","1,6266","1,6551","1,6722","1,6199","34,38M","-1,72%"
"14.03.2016","1,6551","1,6646","1,6875","1,6361","43,81M","0,69%"
"11.03.2016","1,6437","1,5476","1,6618","1,5372","59,76M","9,37%"
"10.03.2016","1,5029","1,4363","1,5667","1,4325","56,44M","4,43%"
"09.03.2016","1,4392","1,4458","1,4696","1,4325","21,90M","-0,53%"
"08.03.2016","1,4468","1,4458","1,4858","1,4107","27,81M","0,07%"
"07.03.2016","1,4458","1,4820","1,4820","1,3907","29,06M","-2,25%"
"04.03.2016","1,4791","1,5001","1,5058","1,4668","25,11M","-1,52%"
"03.03.2016","1,5020","1,5010","1,5058","1,4658","22,56M","0,25%"
"02.03.2016","1,4982","1,4126","1,5020","1,4078","33,57M","6,71%"
"01.03.2016","1,4040","1,3897","1,4078","1,3678","19,63M","0,62%"
"29.02.2016","1,3954","1,3612","1,3973","1,3469","20,03M","1,59%"
"26.02.2016","1,3736","1,3517","1,3783","1,3412","27,37M","3,07%"
"25.02.2016","1,3327","1,3403","1,3688","1,3269","22,44M","0,65%"
"24.02.2016","1,3241","1,3574","1,3640","1,3089","33,29M","-2,45%"
"23.02.2016","1,3574","1,3697","1,4249","1,3517","31,66M","-1,86%"
"22.02.2016","1,3831","1,3583","1,3831","1,3393","24,80M","3,34%"
"19.02.2016","1,3384","1,3583","1,3812","1,3079","30,67M","-1,88%"
"18.02.2016","1,3640","1,4202","1,4401","1,3593","32,13M","-3,63%"
"17.02.2016","1,4154","1,3897","1,4202","1,3650","35,83M","2,48%"
"16.02.2016","1,3812","1,4221","1,4221","1,3602","27,78M","-1,89%"
"15.02.2016","1,4078","1,3926","1,4116","1,3621","39,03M","4,67%"
"12.02.2016","1,3450","1,3441","1,3650","1,3089","35,26M","1,66%"
"11.02.2016","1,3231","1,3850","1,3869","1,3146","43,10M","-5,57%"
"10.02.2016","1,4011","1,3764","1,4344","1,3431","40,09M","3,44%"
"09.02.2016","1,3545","1,4363","1,4449","1,3327","52,52M","-5,70%"
"08.02.2016","1,4363","1,5514","1,5714","1,4230","49,77M","-6,33%"
"05.02.2016","1,5334","1,5048","1,5752","1,4782","39,05M","1,77%"
"04.02.2016","1,5067","1,4744","1,5105","1,4363","33,45M","3,87%"
"03.02.2016","1,4506","1,5115","1,5296","1,4116","33,00M","-4,57%"
"02.02.2016","1,5200","1,5771","1,5885","1,4925","28,61M","-3,62%"
"01.02.2016","1,5771","1,6037","1,6256","1,5638","35,34M","-0,36%"
"29.01.2016","1,5828","1,4544","1,6171","1,4516","69,61M","11,98%"
"28.01.2016","1,4135","1,3926","1,4506","1,3850","26,29M","0,48%"
"27.01.2016","1,4068","1,4059","1,4316","1,3888","21,39M","-0,54%"
"26.01.2016","1,4145","1,3317","1,4183","1,3174","35,20M","5,02%"
"25.01.2016","1,3469","1,4325","1,4344","1,3393","22,49M","-5,35%"
"22.01.2016","1,4230","1,4316","1,4487","1,3964","22,70M","2,18%"
"21.01.2016","1,3926","1,3650","1,4202","1,3526","37,23M","1,95%"
"20.01.2016","1,3659","1,3479","1,4107","1,3241","43,05M","-0,76%"
"19.01.2016","1,3764","1,4544","1,4677","1,3726","33,39M","-3,47%"
"18.01.2016","1,4259","1,4858","1,4906","1,4107","35,56M","-4,52%"
"15.01.2016","1,4934","1,5419","1,5495","1,4829","29,19M","-3,21%"
"14.01.2016","1,5429","1,5315","1,5581","1,4982","26,23M","-0,43%"
"13.01.2016","1,5495","1,5514","1,5743","1,5257","34,28M","0,92%"
"12.01.2016","1,5353","1,4753","1,5609","1,4468","39,22M","4,94%"
"11.01.2016","1,4630","1,4363","1,4839","1,4297","28,23M","0,99%"
"08.01.2016","1,4487","1,5020","1,5162","1,4363","38,23M","-3,30%"
"07.01.2016","1,4982","1,5029","1,5115","1,4611","32,54M","-2,35%"
"06.01.2016","1,5343","1,5429","1,5686","1,5248","32,67M","-0,98%"
"05.01.2016","1,5495","1,5695","1,5752","1,5381","18,24M","-0,31%"
"04.01.2016","1,5543","1,5410","1,5686","1,5105","19,44M","-0,06%"
"31.12.2015","1,5552","1,5562","1,5647","1,5505","5,56M","-0,79%"
"30.12.2015","1,5676","1,5571","1,5762","1,5543","11,73M","-0,12%"
"29.12.2015","1,5695","1,5771","1,5790","1,5562","14,58M","-0,43%"
"28.12.2015","1,5762","1,5914","1,6076","1,5724","10,24M","-1,01%"
"24.12.2015","1,5923","1,5790","1,6028","1,5781","9,13M","0,84%"
"23.12.2015","1,5790","1,5486","1,5838","1,5486","17,06M","2,47%"
"22.12.2015","1,5410","1,5438","1,5552","1,5286","16,54M","0,56%"
"21.12.2015","1,5324","1,5857","1,5857","1,5277","34,22M","-4,68%"
"18.12.2015","1,6076","1,6190","1,6370","1,5857","29,62M","-1,28%"
"17.12.2015","1,6285","1,6370","1,6703","1,6237","24,07M","1,24%"
"16.12.2015","1,6085","1,6171","1,6209","1,5752","23,95M","0,30%"
"15.12.2015","1,6037","1,5543","1,6104","1,5543","17,01M","3,56%"
"14.12.2015","1,5486","1,5790","1,5990","1,5467","18,58M","-2,04%"
"11.12.2015","1,5809","1,6009","1,6123","1,5724","21,57M","-1,25%"
"10.12.2015","1,6009","1,6028","1,6475","1,5895","23,69M","-0,94%"
"09.12.2015","1,6161","1,6180","1,6294","1,5705","26,42M","-0,12%"
"08.12.2015","1,6180","1,6389","1,6427","1,5952","23,31M","-1,74%"
"07.12.2015","1,6466","1,7027","1,7027","1,6361","19,74M","-2,75%"
"04.12.2015","1,6932","1,6675","1,7027","1,6504","29,17M","0,85%"
"03.12.2015","1,6789","1,6608","1,6922","1,6370","35,81M","1,03%"
"02.12.2015","1,6618","1,6932","1,7122","1,6570","21,10M","-1,85%"
"01.12.2015","1,6932","1,6599","1,7112","1,6580","23,36M","1,89%"
"30.11.2015","1,6618","1,6247","1,6665","1,6237","25,35M","1,93%"
"27.11.2015","1,6304","1,6351","1,6589","1,6209","11,82M","-0,81%"
"26.11.2015","1,6437","1,6351","1,6589","1,6123","14,16M","0,53%"
"25.11.2015","1,6351","1,6599","1,6599","1,5733","45,82M","-1,88%"
"24.11.2015","1,6665","1,6475","1,6684","1,6313","16,41M","0,63%"
"23.11.2015","1,6561","1,6361","1,6627","1,6190","16,40M","0,99%"
"20.11.2015","1,6399","1,7027","1,7046","1,6332","22,44M","-3,36%"
"19.11.2015","1,6970","1,6656","1,7027","1,6627","30,85M","2,53%"
"18.11.2015","1,6551","1,6504","1,6770","1,6485","31,63M","0,23%"
"17.11.2015","1,6513","1,6389","1,6656","1,6294","30,52M","1,70%"
"16.11.2015","1,6237","1,6085","1,6370","1,6037","14,03M","-0,29%"
"13.11.2015","1,6285","1,6190","1,6475","1,5990","23,22M","0,06%"
"12.11.2015","1,6275","1,6589","1,6589","1,6076","19,76M","-1,95%"
"11.11.2015","1,6599","1,6551","1,6827","1,6456","13,73M","0,29%"
"10.11.2015","1,6551","1,6979","1,7017","1,6399","21,75M","-2,58%"
"09.11.2015","1,6989","1,7227","1,7445","1,6932","19,89M","-1,38%"
"06.11.2015","1,7227","1,6580","1,7265","1,6580","28,94M","3,78%"
"05.11.2015","1,6599","1,7160","1,7265","1,6551","21,18M","-3,59%"
"04.11.2015","1,7217","1,7398","1,7540","1,7160","25,56M","-0,82%"
"03.11.2015","1,7360","1,7150","1,7360","1,7027","32,98M","1,00%"
"02.11.2015","1,7188","1,6732","1,7331","1,6656","39,87M","2,73%"
"30.10.2015","1,6732","1,6903","1,7008","1,6589","26,28M","-0,85%"
"29.10.2015","1,6875","1,6979","1,7008","1,6542","32,96M","-0,34%"
"28.10.2015","1,6932","1,7103","1,7112","1,6608","34,09M","-1,33%"
"27.10.2015","1,7160","1,7531","1,7597","1,6970","34,61M","-3,06%"
"26.10.2015","1,7702","1,8263","1,8263","1,7531","39,88M","-2,36%"
"23.10.2015","1,8130","1,8882","1,8977","1,7959","58,35M","-1,45%"
"22.10.2015","1,8396","1,8073","1,8530","1,7759","31,26M","1,84%"
"21.10.2015","1,8064","1,7921","1,8140","1,7322","28,39M","1,72%"
"20.10.2015","1,7759","1,8511","1,8549","1,7674","39,15M","-4,21%"
"19.10.2015","1,8539","1,8663","1,8863","1,8396","17,54M","-0,97%"
"16.10.2015","1,8720","1,8834","1,8834","1,8463","37,60M","0,26%"
"15.10.2015","1,8672","1,8596","1,8710","1,8425","23,70M","1,18%"
"14.10.2015","1,8454","1,8168","1,8739","1,8073","23,77M","0,73%"
"13.10.2015","1,8320","1,8777","1,8786","1,8225","42,40M","-3,22%"
"12.10.2015","1,8929","1,9215","1,9471","1,8796","46,66M","-1,29%"
"09.10.2015","1,9176","1,8549","1,9443","1,8130","66,80M","3,70%"
"08.10.2015","1,8492","1,7731","1,8492","1,7550","56,39M","3,91%"
"07.10.2015","1,7797","1,7445","1,8225","1,7417","43,11M","2,74%"
"06.10.2015","1,7322","1,7150","1,7417","1,6646","33,13M","1,45%"
"05.10.2015","1,7074","1,6114","1,7093","1,6028","59,03M","7,87%"
"02.10.2015","1,5828","1,5752","1,5895","1,5495","29,77M","1,34%"
"01.10.2015","1,5619","1,5790","1,5980","1,5609","31,42M","0,00%"
"30.09.2015","1,5619","1,5904","1,5904","1,5353","37,90M","0,06%"
"29.09.2015","1,5609","1,5219","1,5885","1,5153","35,90M","1,11%"
"28.09.2015","1,5438","1,5200","1,5724","1,5001","45,62M","1,37%"
"25.09.2015","1,5229","1,5514","1,5533","1,5086","30,71M","0,07%"
"24.09.2015","1,5219","1,5714","1,5790","1,5162","38,27M","-3,09%"
"23.09.2015","1,5705","1,5980","1,6095","1,5705","42,01M","-3,39%"
"22.09.2015","1,6256","1,6684","1,6703","1,6009","34,45M","-2,68%"
"21.09.2015","1,6703","1,6846","1,7055","1,6665","25,71M","-1,63%"
"18.09.2015","1,6979","1,7360","1,7360","1,6646","51,79M","-2,03%"
"17.09.2015","1,7331","1,6456","1,7483","1,6456","54,09M","6,30%"
"16.09.2015","1,6304","1,6218","1,6342","1,6057","20,85M","1,18%"
"15.09.2015","1,6114","1,5961","1,6180","1,5714","23,28M","0,72%"
"14.09.2015","1,5999","1,6076","1,6133","1,5781","22,41M","-0,36%"
"11.09.2015","1,6057","1,6199","1,6199","1,5942","25,46M","-0,64%"
"10.09.2015","1,6161","1,6247","1,6342","1,5952","20,66M","-1,16%"
"09.09.2015","1,6351","1,6551","1,6551","1,6313","23,45M","1,18%"
"08.09.2015","1,6161","1,6142","1,6342","1,6085","16,79M","0,77%"
"07.09.2015","1,6037","1,6247","1,6370","1,5980","22,33M","-0,60%"
"04.09.2015","1,6133","1,6894","1,6894","1,5980","49,17M","-4,50%"
"03.09.2015","1,6894","1,7445","1,7483","1,6494","65,31M","-3,53%"
"02.09.2015","1,7512","1,7521","1,7788","1,7255","14,13M","0,22%"
"01.09.2015","1,7474","1,7854","1,7930","1,7312","24,26M","-3,31%"
"31.08.2015","1,8073","1,8121","1,8282","1,7959","14,57M","-1,04%"
"28.08.2015","1,8263","1,8225","1,8368","1,8083","13,10M","0,52%"
"27.08.2015","1,8168","1,8026","1,8244","1,7864","27,05M","3,63%"
"26.08.2015","1,7531","1,7502","1,7731","1,7255","21,85M","-0,65%"
"25.08.2015","1,7645","1,7188","1,7769","1,7036","36,76M","3,98%"
"24.08.2015","1,6970","1,7293","1,7588","1,6418","73,85M","-4,80%"
"21.08.2015","1,7826","1,8168","1,8482","1,7826","29,78M","-3,50%"
"20.08.2015","1,8473","1,8825","1,8958","1,8320","22,39M","-2,02%"
"19.08.2015","1,8853","1,8834","1,9196","1,8806","12,00M","-0,40%"
"18.08.2015","1,8929","1,8929","1,9100","1,8796","16,43M","0,00%"
"17.08.2015","1,8929","1,9072","1,9119","1,8796","18,02M","0,05%"
"14.08.2015","1,8920","1,9490","1,9614","1,8910","28,87M","-2,97%"
"13.08.2015","1,9500","1,9547","1,9747","1,9376","21,71M","1,18%"
"12.08.2015","1,9272","1,9310","1,9414","1,9100","26,05M","-1,02%"
"11.08.2015","1,9471","1,9386","1,9595","1,9376","25,40M","0,00%"
"10.08.2015","1,9471","1,9462","1,9595","1,9157","11,49M","1,03%"
"07.08.2015","1,9272","1,9500","1,9500","1,9272","13,28M","-0,93%"
"06.08.2015","1,9452","1,9386","1,9566","1,9205","15,90M","0,00%"
"05.08.2015","1,9452","1,9500","1,9547","1,9395","15,64M","0,29%"
"04.08.2015","1,9395","1,9633","1,9643","1,9196","27,61M","-1,59%"
"03.08.2015","1,9709","1,9776","2,0023","1,9652","18,57M","-0,10%"
"31.07.2015","1,9728","1,9852","1,9852","1,9519","27,64M","-0,72%"
"30.07.2015","1,9871","2,0023","2,0052","1,9785","29,54M","-0,10%"
"29.07.2015","1,9890","2,0270","2,0280","1,9785","26,12M","-1,60%"
"28.07.2015","2,0213","2,0061","2,0232","1,9976","22,34M","1,77%"
"27.07.2015","1,9861","2,0356","2,0356","1,9633","38,67M","-0,76%"
"24.07.2015","2,0014","2,0870","2,0898","1,9823","69,72M","-5,78%"
"23.07.2015","2,1241","2,1222","2,1402","2,1155","24,95M","1,27%"
"22.07.2015","2,0974","2,1088","2,1212","2,0889","21,34M","-0,72%"
"21.07.2015","2,1126","2,1497","2,1564","2,1088","15,70M","-1,38%"
"20.07.2015","2,1421","2,1212","2,1488","2,1174","20,01M","1,40%"
"17.07.2015","2,1126","2,1459","2,1459","2,1126","17,59M","-0,94%"
"16.07.2015","2,1326","2,1402","2,1735","2,1317","32,09M","0,63%"
"15.07.2015","2,1193","2,1212","2,1250","2,1050","17,68M","-0,14%"
"14.07.2015","2,1222","2,1288","2,1364","2,1012","19,45M","-0,49%"
"13.07.2015","2,1326","2,1307","2,1497","2,1174","28,37M","1,13%"
"10.07.2015","2,1088","2,1050","2,1155","2,0860","24,01M","2,78%"
"09.07.2015","2,0518","2,0042","2,0727","2,0004","25,55M","2,71%"
"08.07.2015","1,9976","1,9566","2,0033","1,9319","34,48M","2,34%"
"07.07.2015","1,9519","1,9976","2,0061","1,9519","52,17M","-2,29%"
"06.07.2015","1,9976","2,0261","2,0261","1,9700","41,22M","-3,00%"
"03.07.2015","2,0594","2,0641","2,0756","2,0451","17,65M","-0,50%"
"02.07.2015","2,0698","2,0927","2,0927","2,0651","24,90M","-0,82%"
"01.07.2015","2,0870","2,0860","2,1069","2,0575","39,90M","1,34%"
"30.06.2015","2,0594","2,0622","2,1003","2,0565","47,39M","-0,14%"
"29.06.2015","2,0622","1,9890","2,0784","1,9595","51,12M","-5,20%"
"26.06.2015","2,1754","2,1612","2,1945","2,1507","28,42M","-0,05%"
"25.06.2015","2,1764","2,1593","2,1983","2,1545","21,14M","-0,04%"
"24.06.2015","2,1773","2,2002","2,2068","2,1421","23,23M","-1,25%"
"23.06.2015","2,2049","2,2211","2,2382","2,2011","24,70M","-0,17%"
"22.06.2015","2,2087","2,1830","2,2163","2,1621","31,39M","3,20%"
"19.06.2015","2,1402","2,1374","2,1678","2,1317","21,47M","-0,14%"
"18.06.2015","2,1431","2,1212","2,1440","2,0860","31,24M","1,03%"
"17.06.2015","2,1212","2,1564","2,1754","2,1212","22,44M","-1,76%"
"16.06.2015","2,1593","2,1307","2,1621","2,1050","23,24M","0,49%"
"15.06.2015","2,1488","2,1916","2,1916","2,1307","28,29M","-2,59%"
"12.06.2015","2,2059","2,2163","2,2401","2,1783","22,14M","-0,85%"
"11.06.2015","2,2249","2,2059","2,2411","2,2021","30,55M","0,82%"
"10.06.2015","2,2068","2,1497","2,2163","2,1497","26,14M","1,75%"
"09.06.2015","2,1688","2,1488","2,1697","2,1193","26,80M","0,26%"
"08.06.2015","2,1631","2,1593","2,1878","2,1516","25,73M","0,25%"
"05.06.2015","2,1576","2,1614","2,1794","2,1349","21,38M","-0,57%"
"04.06.2015","2,1700","2,1955","2,2050","2,1671","31,28M","-1,46%"
"03.06.2015","2,2022","2,1880","2,2107","2,1756","27,03M","0,65%"
"02.06.2015","2,1880","2,1880","2,2239","2,1690","29,60M","1,06%"
"01.06.2015","2,1650","2,1585","2,1846","2,1473","38,13M","0,61%"
"29.05.2015","2,1519","2,1538","2,1725","2,1333","59,41M","-0,26%"
"28.05.2015","2,1575","2,1706","2,1986","2,1463","21,10M","-0,82%"
"27.05.2015","2,1753","2,1426","2,1809","2,1295","23,84M","1,62%"
"26.05.2015","2,1407","2,1650","2,1771","2,1090","31,21M","-0,99%"
"25.05.2015","2,1622","2,2023","2,2098","2,1407","17,77M","-2,81%"
"22.05.2015","2,2247","2,2210","2,2303","2,2117","10,81M","0,13%"
"21.05.2015","2,2219","2,2294","2,2387","2,1911","23,77M","-1,00%"
"20.05.2015","2,2443","2,2313","2,2443","2,2098","16,68M","0,75%"
"19.05.2015","2,2275","2,2322","2,2602","2,2163","36,53M","0,13%"
"18.05.2015","2,2247","2,2322","2,2359","2,1967","19,89M","-0,34%"
"15.05.2015","2,2322","2,2583","2,2714","2,2247","22,40M","-0,87%"
"14.05.2015","2,2518","2,2210","2,2621","2,2061","31,53M","1,39%"
"13.05.2015","2,2210","2,2098","2,2341","2,2023","31,00M","1,19%"
"12.05.2015","2,1949","2,2014","2,2229","2,1874","36,08M","-0,63%"
"11.05.2015","2,2089","2,1977","2,2294","2,1827","19,31M","0,56%"
"08.05.2015","2,1967","2,2061","2,2089","2,1725","24,65M","0,77%"
"07.05.2015","2,1799","2,1463","2,1902","2,1109","26,72M","1,70%"
"06.05.2015","2,1435","2,1277","2,1622","2,1211","25,55M","0,22%"
"05.05.2015","2,1389","2,2210","2,2350","2,1351","44,84M","-3,90%"
"04.05.2015","2,2257","2,2201","2,2723","2,2079","26,88M","-0,50%"
"30.04.2015","2,2369","2,1585","2,2387","2,1463","41,13M","3,10%"
"29.04.2015","2,1697","2,2163","2,2201","2,1603","20,32M","-2,27%"
"28.04.2015","2,2201","2,2210","2,2350","2,2033","24,34M","-0,67%"
"27.04.2015","2,2350","2,2397","2,2490","2,1762","29,55M","0,29%"
"24.04.2015","2,2285","2,1277","2,2537","2,1183","66,57M","5,81%"
"23.04.2015","2,1062","2,1118","2,1165","2,0735","27,21M","0,36%"
"22.04.2015","2,0987","2,0810","2,1043","2,0539","23,17M","1,26%"
"21.04.2015","2,0726","2,0997","2,1090","2,0586","28,06M","-0,54%"
"20.04.2015","2,0838","2,0997","2,1118","2,0651","32,19M","-0,09%"
"17.04.2015","2,0857","2,1650","2,1697","2,0530","92,72M","-4,28%"
"16.04.2015","2,1790","2,2089","2,2191","2,1734","30,83M","-0,89%"
"15.04.2015","2,1986","2,1977","2,2341","2,1930","27,69M","0,30%"
"14.04.2015","2,1921","2,2135","2,2453","2,1753","40,82M","-1,51%"
"13.04.2015","2,2257","2,1771","2,2322","2,1771","31,19M","2,27%"
"10.04.2015","2,1762","2,1799","2,2070","2,1575","38,92M","0,09%"
"09.04.2015","2,1743","2,2201","2,2257","2,1557","42,98M","-1,65%"
"08.04.2015","2,2107","2,2154","2,2565","2,2042","33,86M","-0,13%"
"07.04.2015","2,2135","2,2023","2,2378","2,1930","38,24M","1,45%"
"02.04.2015","2,1818","2,1706","2,2079","2,1594","21,80M","0,52%"
"01.04.2015","2,1706","2,1454","2,1977","2,1277","62,70M","2,06%"
"31.03.2015","2,1267","2,1286","2,1510","2,0913","71,51M","-0,05%"
"30.03.2015","2,1277","2,0437","2,1342","2,0166","55,35M","6,94%"
"27.03.2015","1,9897","1,9940","2,0095","1,9604","36,57M","-0,30%"
"26.03.2015","1,9957","1,9785","1,9957","1,9466","31,14M","0,04%"
"25.03.2015","1,9949","2,0129","2,0224","1,9819","29,80M","-1,02%"
"24.03.2015","2,0155","1,9811","2,0241","1,9768","36,67M","1,16%"
"23.03.2015","1,9923","1,9725","2,0043","1,9432","35,04M","0,22%"
"20.03.2015","1,9880","1,8949","1,9974","1,8786","57,71M","4,48%"
"19.03.2015","1,9027","1,9010","1,9311","1,8915","28,77M","0,23%"
"18.03.2015","1,8984","1,9208","1,9285","1,8863","41,52M","-0,86%"
"17.03.2015","1,9148","1,9544","1,9544","1,9053","47,87M","-1,63%"
"16.03.2015","1,9466","1,9621","1,9966","1,9397","49,33M","-0,40%"
"13.03.2015","1,9544","2,0018","2,0026","1,9260","79,37M","-2,24%"
"12.03.2015","1,9992","2,1430","2,1473","1,8915","175,01M","-6,64%"
"11.03.2015","2,1413","2,1344","2,1525","2,1103","18,68M","0,73%"
"10.03.2015","2,1258","2,1215","2,1353","2,0939","25,92M","1,02%"
"09.03.2015","2,1043","2,0801","2,1120","2,0724","14,26M","0,33%"
"06.03.2015","2,0974","2,0827","2,1051","2,0715","15,38M","1,04%"
"05.03.2015","2,0758","2,0707","2,0905","2,0534","18,41M","0,33%"
"04.03.2015","2,0689","2,0672","2,0862","2,0345","14,28M","0,04%"
"03.03.2015","2,0681","2,1077","2,1111","2,0638","16,13M","-1,60%"
"02.03.2015","2,1017","2,1146","2,1430","2,0862","18,13M","-0,61%"
"27.02.2015","2,1146","2,0931","2,1198","2,0741","29,79M","0,20%"
"26.02.2015","2,1103","2,0672","2,1137","2,0552","25,11M","1,66%"
"25.02.2015","2,0758","2,1189","2,1275","2,0707","29,89M","-2,55%"
"24.02.2015","2,1301","2,1232","2,1387","2,0974","20,55M","0,37%"
"23.02.2015","2,1223","2,1103","2,1447","2,0965","33,18M","1,48%"
"20.02.2015","2,0913","2,0414","2,0931","2,0302","32,44M","2,01%"
"19.02.2015","2,0500","2,0121","2,0577","1,9940","30,21M","1,84%"
"18.02.2015","2,0129","1,9906","2,0241","1,9845","21,81M","2,36%"
"17.02.2015","1,9664","1,9251","2,0026","1,9199","16,91M","-0,53%"
"16.02.2015","1,9768","1,9707","2,0216","1,9682","15,96M","-0,17%"
"13.02.2015","1,9802","1,9380","1,9940","1,9328","32,21M","3,05%"
"12.02.2015","1,9216","1,8846","1,9294","1,8760","26,72M","2,20%"
"11.02.2015","1,8803","1,9087","1,9122","1,8708","15,31M","-1,04%"
"10.02.2015","1,9001","1,8794","1,9208","1,8708","22,02M","1,00%"
"09.02.2015","1,8812","1,9208","1,9251","1,8708","29,48M","-3,19%"
"06.02.2015","1,9432","1,9406","1,9699","1,9044","26,01M","0,40%"
"05.02.2015","1,9354","1,9208","1,9432","1,8863","20,98M","-1,10%"
"04.02.2015","1,9570","1,9776","2,0043","1,9260","29,49M","-0,92%"
"03.02.2015","1,9751","1,9509","1,9949","1,9423","28,21M","2,46%"
"02.02.2015","1,9277","1,9380","1,9492","1,7916","65,39M","-0,26%"
"30.01.2015","1,9328","2,0241","2,0397","1,9216","30,13M","-3,69%"
"29.01.2015","2,0069","1,9294","2,0138","1,9260","48,59M","4,72%"
"28.01.2015","1,9165","2,0259","2,0397","1,8958","31,81M","-4,55%"
"27.01.2015","2,0078","2,0379","2,0517","1,9811","18,13M","-1,77%"
"26.01.2015","2,0440","1,9811","2,0603","1,9518","28,55M","0,51%"
"23.01.2015","2,0336","2,1189","2,1310","2,0104","36,23M","-3,59%"
"22.01.2015","2,1094","2,0603","2,1241","2,0241","50,20M","2,47%"
"21.01.2015","2,0586","2,0276","2,0612","1,9983","29,16M","1,74%"
"20.01.2015","2,0233","1,9966","2,0569","1,9949","23,36M","1,78%"
"19.01.2015","1,9880","1,9639","2,0052","1,9423","25,57M","1,23%"
"16.01.2015","1,9639","1,9501","1,9768","1,9165","35,69M","0,13%"
"15.01.2015","1,9613","1,9518","1,9776","1,8734","33,16M","1,88%"
"14.01.2015","1,9251","1,8829","1,9751","1,8794","36,71M","-0,18%"
"13.01.2015","1,9285","1,8174","1,9328","1,8166","45,61M","6,36%"
"12.01.2015","1,8131","1,8217","1,8545","1,7933","31,04M","0,53%"
"09.01.2015","1,8036","1,8278","1,8682","1,7683","35,57M","-2,33%"
"08.01.2015","1,8467","1,8682","1,8743","1,7916","34,52M","1,71%"
"07.01.2015","1,8157","1,8674","1,8855","1,8105","27,13M","-1,73%"
"06.01.2015","1,8476","1,9079","1,9139","1,8476","21,65M","-2,50%"
"05.01.2015","1,8949","1,9613","1,9880","1,8846","25,77M","-4,64%"
"02.01.2015","1,9871","1,9234","2,0095","1,9148","31,12M","4,62%"