"Date","Price","Open","High","Low","Vol.","Change %"
"12/31/2025","10.0700","10.0360","10.1040","10.0300","7.15M","-0.55%"
"12/30/2025","10.1260","9.9400","10.1560","9.9320","16.87M","1.61%"
"12/29/2025","9.9660","9.9600","10.0360","9.9500","23.05M","-0.23%"
"12/24/2025","9.9890","9.9230","10.0220","9.9230","4.50M","-0.13%"
"12/23/2025","10.0020","9.9500","10.0260","9.8450","20.02M","0.63%"
"12/22/2025","9.9390","9.9640","10.0380","9.9170","17.07M","-0.31%"
"12/19/2025","9.9700","9.9700","10.0380","9.8860","39.69M","-0.25%"
"12/18/2025","9.9950","9.8340","9.9990","9.8230","25.06M","1.26%"
"12/17/2025","9.8710","9.8720","9.9650","9.8440","21.20M","0.55%"
"12/16/2025","9.8170","9.8420","9.9920","9.8030","25.44M","-0.57%"
"12/15/2025","9.8730","9.7830","9.8780","9.7740","20.76M","2.50%"
"12/12/2025","9.6320","9.8510","9.8960","9.6310","18.02M","-1.49%"
"12/11/2025","9.7780","9.6060","9.8190","9.5500","19.73M","1.84%"
"12/10/2025","9.6010","9.4930","9.6150","9.4740","15.80M","0.81%"
"12/09/2025","9.5240","9.4800","9.5720","9.4680","18.70M","0.36%"
"12/08/2025","9.4900","9.4200","9.4900","9.2810","14.38M","0.32%"
"12/05/2025","9.4600","9.5300","9.6320","9.4560","17.23M","-0.23%"
"12/04/2025","9.4820","9.4310","9.4820","9.3270","19.48M","1.78%"
"12/03/2025","9.3160","9.4770","9.5000","9.3020","29.24M","-1.22%"
"12/02/2025","9.4310","9.3300","9.4820","9.3130","18.04M","1.46%"
"12/01/2025","9.2950","9.2350","9.2970","9.1770","18.37M","0.56%"
"11/28/2025","9.2430","9.2410","9.2770","9.1950","14.81M","0.02%"
"11/27/2025","9.2410","9.1900","9.2910","9.1600","15.05M","0.30%"
"11/26/2025","9.2130","9.0990","9.2150","9.0680","22.15M","1.96%"
"11/25/2025","9.0360","8.8650","9.0630","8.8160","21.91M","2.36%"
"11/24/2025","8.8280","8.9300","8.9540","8.7930","54.00M","0.26%"
"11/21/2025","8.8050","8.7500","8.8680","8.7250","25.05M","-1.31%"
"11/20/2025","8.9220","9.0600","9.0600","8.9180","19.51M","0.02%"
"11/19/2025","8.9200","8.7730","8.9640","8.7370","23.86M","1.68%"
"11/18/2025","8.7730","8.9000","8.9410","8.7240","32.78M","-3.59%"
"11/17/2025","9.1000","9.2880","9.3120","9.0600","18.54M","-2.06%"
"11/14/2025","9.2910","9.3770","9.4100","9.2050","22.65M","-2.71%"
"11/13/2025","9.5500","9.5500","9.5990","9.5320","22.92M","-0.15%"
"11/12/2025","9.5640","9.3150","9.5970","9.3150","35.32M","2.74%"
"11/11/2025","9.3090","9.1570","9.3140","9.1550","22.61M","1.47%"
"11/10/2025","9.1740","9.0000","9.1740","8.9690","27.25M","3.67%"
"11/07/2025","8.8490","8.9850","9.0020","8.8100","21.93M","-1.05%"
"11/06/2025","8.9430","8.8800","8.9850","8.8400","22.01M","0.74%"
"11/05/2025","8.8770","8.6900","8.8770","8.6860","15.97M","0.81%"
"11/04/2025","8.8060","8.7460","8.8060","8.6250","18.76M","-0.46%"
"11/03/2025","8.8470","8.7800","8.9330","8.7600","17.09M","0.24%"
"10/31/2025","8.8260","8.7910","8.8540","8.7200","19.33M","0.87%"
"10/30/2025","8.7500","8.9580","8.9580","8.6050","25.58M","-2.56%"
"10/29/2025","8.9800","8.6070","8.9880","8.5520","42.59M","4.33%"
"10/28/2025","8.6070","8.5000","8.6430","8.4790","22.11M","1.13%"
"10/27/2025","8.5110","8.4200","8.5500","8.4100","16.29M","1.67%"
"10/24/2025","8.3710","8.4300","8.4680","8.3100","17.11M","-0.27%"
"10/23/2025","8.3940","8.4110","8.4740","8.3630","12.32M","0.06%"
"10/22/2025","8.3890","8.3650","8.4730","8.3440","20.61M","0.29%"
"10/21/2025","8.3650","8.4780","8.5010","8.3650","19.46M","-0.89%"
"10/20/2025","8.4400","8.4500","8.5090","8.3740","20.50M","1.80%"
"10/17/2025","8.2910","8.1800","8.4120","8.1000","44.95M","-3.36%"
"10/16/2025","8.5790","8.4860","8.5790","8.4200","17.40M","1.13%"
"10/15/2025","8.4830","8.5660","8.6350","8.4830","18.25M","-0.46%"
"10/14/2025","8.5220","8.5380","8.5590","8.4320","21.30M","-1.15%"
"10/13/2025","8.6210","8.6100","8.6780","8.5680","13.03M","1.19%"
"10/10/2025","8.5200","8.6430","8.7620","8.5200","19.95M","-1.47%"
"10/09/2025","8.6470","8.7220","8.7460","8.6140","14.30M","-1.31%"
"10/08/2025","8.7620","8.6140","8.7980","8.6120","18.00M","1.92%"
"10/07/2025","8.5970","8.6120","8.7040","8.5810","19.61M","-1.10%"
"10/06/2025","8.6930","8.7200","8.7910","8.6110","17.68M","-0.62%"
"10/03/2025","8.7470","8.7460","8.8300","8.7110","15.43M","0.98%"
"10/02/2025","8.6620","8.8600","8.8730","8.6620","23.33M","-1.80%"
"10/01/2025","8.8210","8.8300","8.9120","8.7180","22.85M","-0.60%"
"09/30/2025","8.8740","8.7670","8.8820","8.7510","19.91M","1.45%"
"09/29/2025","8.7470","8.8630","8.8760","8.7470","19.78M","-1.16%"
"09/26/2025","8.8500","8.7500","8.8800","8.7200","20.91M","1.62%"
"09/25/2025","8.7090","8.7270","8.7540","8.6500","19.75M","-0.33%"
"09/24/2025","8.7380","8.6650","8.7940","8.5710","19.33M","0.59%"
"09/23/2025","8.6870","8.6000","8.7020","8.5510","21.78M","1.59%"
"09/22/2025","8.5510","8.6510","8.6890","8.5050","16.55M","-1.19%"
"09/19/2025","8.6540","8.5890","8.7340","8.5410","82.75M","1.44%"
"09/18/2025","8.5310","8.5210","8.5800","8.4270","22.79M","1.67%"
"09/17/2025","8.3910","8.4220","8.4580","8.3710","18.51M","-0.14%"
"09/16/2025","8.4030","8.5630","8.5930","8.4030","22.36M","-2.40%"
"09/15/2025","8.6100","8.5350","8.6320","8.5140","20.76M","1.41%"
"09/12/2025","8.4900","8.5320","8.5380","8.3780","22.71M","-0.60%"
"09/11/2025","8.5410","8.4820","8.5410","8.4010","22.91M","0.78%"
"09/10/2025","8.4750","8.3400","8.4980","8.2990","29.80M","1.83%"
"09/09/2025","8.3230","8.2900","8.3230","8.1840","17.39M","0.41%"
"09/08/2025","8.2890","8.1270","8.2890","8.1120","20.46M","2.47%"
"09/05/2025","8.0890","8.2000","8.2480","8.0540","18.18M","-1.18%"
"09/04/2025","8.1860","8.1000","8.1860","8.0160","20.10M","1.26%"
"09/03/2025","8.0840","8.0500","8.0880","7.9900","14.32M","0.42%"
"09/02/2025","8.0500","8.1990","8.2180","7.9860","18.27M","-1.82%"
"09/01/2025","8.1990","8.1880","8.2040","8.1150","10.91M","0.48%"
"08/29/2025","8.1600","8.2150","8.2310","8.0470","21.42M","-0.91%"
"08/28/2025","8.2350","8.1190","8.2660","8.1040","18.97M","2.13%"
"08/27/2025","8.0630","8.1480","8.1790","7.9900","20.64M","-1.06%"
"08/26/2025","8.1490","8.1570","8.2010","8.0850","36.54M","-1.63%"
"08/25/2025","8.2840","8.2600","8.3380","8.2540","10.44M","-0.38%"
"08/22/2025","8.3160","8.2200","8.3170","8.2100","14.64M","0.71%"
"08/21/2025","8.2570","8.1840","8.2570","8.1250","15.50M","1.02%"
"08/20/2025","8.1740","8.1800","8.2110","8.0950","15.29M","-0.80%"
"08/19/2025","8.2400","8.1970","8.3180","8.1970","17.73M","0.45%"
"08/18/2025","8.2030","8.2000","8.2350","8.0890","15.65M","-0.50%"
"08/15/2025","8.2440","8.2500","8.3240","8.2200","18.70M","0.32%"
"08/14/2025","8.2180","8.1320","8.2230","8.1110","20.81M","1.01%"
"08/13/2025","8.1360","8.0290","8.1480","8.0290","22.51M","1.51%"
"08/12/2025","8.0150","8.0000","8.0640","7.9500","20.42M","0.19%"
"08/11/2025","8.0000","7.9600","8.0000","7.8110","19.95M","0.57%"
"08/08/2025","7.9550","7.7930","7.9550","7.7780","27.11M","2.32%"
"08/07/2025","7.7750","7.6360","7.7760","7.6220","24.46M","2.20%"
"08/06/2025","7.6080","7.5400","7.6080","7.4890","17.08M","1.56%"
"08/05/2025","7.4910","7.5000","7.5380","7.3650","18.76M","0.15%"
"08/04/2025","7.4800","7.2910","7.4870","7.2590","19.68M","3.96%"
"08/01/2025","7.1950","7.4090","7.4710","7.1640","43.00M","-4.52%"
"07/31/2025","7.5360","7.6960","7.7500","7.5110","35.73M","-2.05%"
"07/30/2025","7.6940","7.6370","7.6940","7.4800","30.41M","-0.30%"
"07/29/2025","7.7170","7.6060","7.8040","7.5930","34.09M","2.18%"
"07/28/2025","7.5520","7.6650","7.7240","7.5450","20.13M","-0.54%"
"07/25/2025","7.5930","7.5340","7.6160","7.5030","15.68M","0.21%"
"07/24/2025","7.5770","7.4700","7.5930","7.4540","26.67M","2.63%"
"07/23/2025","7.3830","7.3000","7.3900","7.2640","22.56M","2.14%"
"07/22/2025","7.2280","7.2430","7.2790","7.1440","14.24M","-0.77%"
"07/21/2025","7.2840","7.2320","7.2970","7.1740","14.23M","0.41%"
"07/18/2025","7.2540","7.2700","7.3220","7.2340","18.03M","-0.49%"
"07/17/2025","7.2900","7.2220","7.2920","7.2070","14.58M","1.65%"
"07/16/2025","7.1720","7.1300","7.2520","7.1300","17.21M","0.39%"
"07/15/2025","7.1440","7.2800","7.3000","7.0870","14.23M","-1.20%"
"07/14/2025","7.2310","7.1130","7.2490","7.1060","17.88M","0.26%"
"07/11/2025","7.2120","7.3140","7.3300","7.1670","15.90M","-1.76%"
"07/10/2025","7.3410","7.5290","7.5410","7.3410","24.24M","-2.77%"
"07/09/2025","7.5500","7.3930","7.5500","7.3870","31.05M","2.37%"
"07/08/2025","7.3750","7.3000","7.3930","7.2820","29.74M","1.04%"
"07/07/2025","7.2990","7.1200","7.2990","7.1170","21.44M","2.38%"
"07/04/2025","7.1290","7.1990","7.2460","7.0680","17.15M","-1.64%"
"07/03/2025","7.2480","7.1400","7.2480","7.0630","25.50M","1.80%"
"07/02/2025","7.1200","7.0500","7.1970","7.0090","35.84M","2.23%"
"07/01/2025","6.9650","7.0310","7.0690","6.9350","15.62M","-0.88%"
"06/30/2025","7.0270","7.0370","7.0530","6.9180","19.67M","-0.14%"
"06/27/2025","7.0370","6.9300","7.0370","6.8930","19.74M","2.19%"
"06/26/2025","6.8860","6.9130","6.9380","6.8380","18.45M","-0.25%"
"06/25/2025","6.9030","7.0780","7.0840","6.8620","19.69M","-2.39%"
"06/24/2025","7.0720","7.0000","7.0870","6.9500","27.22M","3.14%"
"06/23/2025","6.8570","6.8800","6.9630","6.7950","19.71M","-0.84%"
"06/20/2025","6.9150","6.8200","6.9760","6.8200","47.45M","1.77%"
"06/19/2025","6.7950","6.9230","6.9400","6.7900","19.43M","-2.40%"
"06/18/2025","6.9620","6.8900","6.9640","6.8620","17.46M","0.36%"
"06/17/2025","6.9370","7.0750","7.0810","6.8750","23.97M","-2.68%"
"06/16/2025","7.1280","6.8930","7.1280","6.8930","31.55M","3.92%"
"06/13/2025","6.8590","6.8510","6.8910","6.8080","25.21M","-2.00%"
"06/12/2025","6.9990","6.9000","7.0320","6.8740","18.27M","0.53%"
"06/11/2025","6.9620","6.9550","7.0210","6.9160","20.92M","0.32%"
"06/10/2025","6.9400","7.0430","7.0650","6.9400","21.52M","-2.02%"
"06/09/2025","7.0830","7.0440","7.0940","7.0280","13.80M","0.07%"
"06/06/2025","7.0780","7.0260","7.1210","6.9950","19.16M","0.41%"
"06/05/2025","7.0490","6.9670","7.0620","6.9150","18.05M","1.42%"
"06/04/2025","6.9500","7.0150","7.0540","6.8910","17.35M","-0.71%"
"06/03/2025","7.0000","7.0330","7.0650","6.9010","23.32M","-0.58%"
"06/02/2025","7.0410","6.9840","7.0800","6.9650","16.43M","0.14%"
"05/30/2025","7.0310","7.0300","7.1050","6.9640","53.59M","0.01%"
"05/29/2025","7.0300","7.1120","7.1140","7.0300","17.16M","-0.06%"
"05/28/2025","7.0340","7.0880","7.1430","7.0270","25.82M","-1.00%"
"05/27/2025","7.1050","7.0470","7.1070","7.0090","27.06M","0.67%"
"05/26/2025","7.0580","7.0630","7.1040","7.0200","22.99M","1.26%"
"05/23/2025","6.9700","7.0700","7.1950","6.7540","44.04M","-1.47%"
"05/22/2025","7.0740","6.9970","7.0850","6.8700","25.09M","0.54%"
"05/21/2025","7.0360","7.0400","7.1500","7.0120","26.38M","-0.11%"
"05/20/2025","7.0440","6.9530","7.0950","6.8700","36.14M","1.45%"
"05/19/2025","6.9430","6.9000","6.9940","6.8770","22.72M","0.43%"
"05/16/2025","6.9130","6.8900","6.9240","6.8390","28.80M","0.63%"
"05/15/2025","6.8700","6.8490","6.8940","6.8090","22.03M","-0.39%"
"05/14/2025","6.8970","6.8000","6.8970","6.7520","36.78M","1.68%"
"05/13/2025","6.7830","6.7280","6.7890","6.7210","22.94M","0.27%"
"05/12/2025","6.7650","6.6760","6.7940","6.6760","32.71M","1.68%"
"05/09/2025","6.6530","6.5600","6.6530","6.5300","6.56K","1.40%"
"05/08/2025","6.5610","6.3920","6.5610","6.3650","25.42K","3.31%"
"05/07/2025","6.3510","6.3600","6.4080","6.3270","6.79K","0.03%"
"05/06/2025","6.3490","6.3900","6.4370","6.2570","7.70K","-0.55%"
"05/05/2025","6.3840","6.4000","6.4280","6.3200","20.85M","0.74%"
"05/02/2025","6.3370","6.2570","6.3370","6.2120","35.99K","2.51%"
"04/30/2025","6.1820","6.3680","6.3900","5.9990","686.74K","-3.90%"
"04/29/2025","6.4330","6.5000","6.5300","6.3760","100.81K","-1.56%"
"04/28/2025","6.5350","6.4300","6.5630","6.4080","426.91K","1.85%"
"04/25/2025","6.4160","6.3060","6.4160","6.2860","136.81K","2.59%"
"04/24/2025","6.2540","6.2940","6.3220","6.2000","20.99M","-1.04%"
"04/23/2025","6.3200","6.1620","6.3370","6.1600","44.81M","4.41%"
"04/22/2025","6.0530","5.9660","6.0750","5.9470","25.14M","1.87%"
"04/17/2025","5.9420","6.0100","6.0270","5.9130","29.40M","-1.38%"
"04/16/2025","6.0250","5.9730","6.0250","5.9110","4.33K","0.32%"
"04/15/2025","6.0060","5.8250","6.0350","5.8150","20.19K","3.59%"
"04/14/2025","5.7980","5.7830","5.8290","5.6950","30.00K","3.76%"
"04/11/2025","5.5880","5.6740","5.7080","5.5100","28.82K","-1.31%"
"04/10/2025","5.6620","6.3720","6.3720","5.6620","33.93K","5.54%"
"04/09/2025","5.3650","5.2800","5.4650","5.2520","88.13K","-2.53%"
"04/08/2025","5.5040","5.4700","5.6250","5.2250","38.07K","4.98%"
"04/07/2025","5.2430","4.6450","5.5200","4.6450","91.94K","-4.57%"
"04/04/2025","5.4940","5.9010","5.9200","5.3460","207.36K","-8.77%"
"04/03/2025","6.0220","6.1400","6.1820","5.9900","0.48K","-5.20%"
"04/02/2025","6.3520","6.2820","6.3640","6.2550","23.45M","0.46%"
"04/01/2025","6.3230","6.2340","6.3730","6.1930","12.62K","2.05%"
"03/31/2025","6.1960","6.2430","6.2500","6.1040","31.56M","-1.93%"
"03/28/2025","6.3180","6.3720","6.4300","6.2770","30.08M","-2.08%"
"03/27/2025","6.4520","6.4010","6.5350","6.3020","29.16M","-0.77%"
"03/26/2025","6.5020","6.6290","6.6610","6.5020","9.54K","-1.77%"
"03/25/2025","6.6190","6.5090","6.6280","6.5050","25.58M","1.80%"
"03/24/2025","6.5020","6.5000","6.6100","6.4900","11.43K","0.96%"
"03/21/2025","6.4400","6.3370","6.4760","6.2810","83.90M","0.62%"
"03/20/2025","6.4000","6.5550","6.5790","6.3130","71.65K","-2.45%"
"03/19/2025","6.5610","6.5000","6.5950","6.4880","31.12M","-0.29%"
"03/18/2025","6.5800","6.3300","6.5860","6.3270","4.55K","4.00%"
"03/17/2025","6.3270","6.2030","6.3270","6.1530","34.76M","1.82%"
"03/14/2025","6.2140","5.9800","6.2420","5.9220","36.84M","3.46%"
"03/13/2025","6.0060","5.9230","6.0310","5.9080","15.87K","0.07%"
"03/12/2025","6.0020","5.9500","6.0820","5.9270","3.16K","2.39%"
"03/11/2025","5.8620","6.0000","6.0200","5.8260","39.57M","-1.50%"
"03/10/2025","5.9510","6.2410","6.2800","5.9130","26.60K","-4.37%"
"03/07/2025","6.2230","6.1600","6.3040","6.1510","22.10K","-1.39%"
"03/06/2025","6.3110","6.2610","6.3540","6.1710","40.35K","2.45%"
"03/05/2025","6.1600","6.1270","6.2240","6.0930","6.61K","4.12%"
"03/04/2025","5.9160","6.1700","6.2030","5.8870","0.32K","-6.05%"
"03/03/2025","6.2970","6.1790","6.3400","6.1200","18.97K","1.21%"
"02/28/2025","6.2220","6.1620","6.2300","6.0800","36.34K","0.39%"
"02/27/2025","6.1980","6.2000","6.2680","6.1540","4.57K","-0.55%"
"02/26/2025","6.2320","6.0750","6.2340","6.0700","2.49K","3.09%"
"02/25/2025","6.0450","5.9200","6.1350","5.9200","46.85M","1.51%"
"02/24/2025","5.9550","5.9000","6.0000","5.8760","44.15K","1.21%"
"02/21/2025","5.8840","5.8000","5.8920","5.7840","33.93M","1.12%"
"02/20/2025","5.8190","5.8000","5.9180","5.7790","72.33K","0.24%"
"02/19/2025","5.8050","5.8700","5.9550","5.8020","249.39K","-2.62%"
"02/18/2025","5.9610","5.8170","5.9680","5.8090","282.91K","2.60%"
"02/17/2025","5.8100","5.7590","5.8740","5.7530","50.02K","0.31%"
"02/14/2025","5.7920","5.7200","5.8140","5.6820","30.80M","1.24%"
"02/13/2025","5.7210","5.8000","5.8030","5.7000","39.11K","-0.80%"
"02/12/2025","5.7670","5.6670","5.7920","5.6480","43.44M","1.96%"
"02/11/2025","5.6560","5.4800","5.6660","5.4780","39.50M","3.14%"
"02/10/2025","5.4840","5.5100","5.5470","5.4800","3.57K","-0.78%"
"02/07/2025","5.5270","5.5960","5.6210","5.5070","36.23M","-1.79%"
"02/06/2025","5.6280","5.4160","5.6360","5.4070","65.66M","4.18%"
"02/05/2025","5.4020","5.1900","5.4210","5.1900","0.95K","8.29%"
"02/04/2025","4.9885","4.8820","5.0000","4.8310","0.89K","3.04%"
"02/03/2025","4.8415","4.8045","4.8970","4.7690","34.81M","-2.47%"
"01/31/2025","4.9640","5.0260","5.0300","4.9460","19.82M","-1.25%"
"01/30/2025","5.0270","5.0070","5.0400","4.9510","23.99K","0.40%"
"01/29/2025","5.0070","4.9400","5.0090","4.9145","34.66M","1.89%"
"01/28/2025","4.9140","4.8825","4.9370","4.8570","32.06K","0.24%"
"01/27/2025","4.9020","4.8265","4.9180","4.8170","17.83M","0.40%"
"01/24/2025","4.8825","4.8900","4.9165","4.8630","20.83M","0.59%"
"01/23/2025","4.8540","4.7360","4.8630","4.7300","17.68M","2.45%"
"01/22/2025","4.7380","4.7950","4.8180","4.7145","74.55K","-1.08%"
"01/21/2025","4.7895","4.8145","4.8610","4.7655","23.84M","-2.16%"
"01/20/2025","4.8950","4.8225","4.9100","4.8220","17.67K","1.99%"
"01/17/2025","4.7995","4.7995","4.8380","4.7570","27.55M","0.36%"
"01/16/2025","4.7825","4.7990","4.8200","4.7495","25.05K","0.36%"
"01/15/2025","4.7655","4.7065","4.7955","4.6735","5.18K","1.70%"
"01/14/2025","4.6860","4.6300","4.7440","4.6125","11.58K","2.14%"
"01/13/2025","4.5880","4.5370","4.5880","4.5035","3.98K","0.43%"
"01/10/2025","4.5685","4.5800","4.6175","4.5375","122.05K","-0.02%"
"01/09/2025","4.5695","4.5200","4.5780","4.5085","11.72M","0.00%"
"01/08/2025","4.5695","4.5975","4.6600","4.5320","23.07M","-0.53%"
"01/07/2025","4.5940","4.5285","4.6060","4.4660","2.86K","0.97%"
"01/06/2025","4.5500","4.4300","4.5500","4.4115","23.52M","3.44%"
"01/03/2025","4.3985","4.4000","4.4200","4.3795","17.60K","-0.10%"
"01/02/2025","4.4030","4.4500","4.4860","4.2555","4.25K","-1.38%"
"12/31/2024","4.4645","4.3860","4.4645","4.3860","12.88M","1.55%"
"12/30/2024","4.3965","4.3445","4.4145","4.3405","19.65M","0.19%"
"12/27/2024","4.3880","4.2900","4.3880","4.2895","18.24M","1.55%"
"12/24/2024","4.3210","4.3575","4.3595","4.3205","2.96K","-0.24%"
"12/23/2024","4.3315","4.3565","4.3840","4.2975","7.76K","-0.57%"
"12/20/2024","4.3565","4.3560","4.3820","4.3100","58.36M","-0.95%"
"12/19/2024","4.3985","4.4230","4.4335","4.3260","30.00K","-2.37%"
"12/18/2024","4.5055","4.4680","4.5455","4.4370","30.42M","1.02%"
"12/17/2024","4.4600","4.6630","4.6685","4.4600","22.50K","-4.53%"
"12/16/2024","4.6715","4.6700","4.7120","4.6580","120.93K","-0.25%"
"12/13/2024","4.6830","4.6705","4.7400","4.6585","19.32M","0.45%"
"12/12/2024","4.6620","4.6660","4.7050","4.6460","28.62M","0.53%"
"12/11/2024","4.6375","4.6870","4.6990","4.6320","19.48M","-0.83%"
"12/10/2024","4.6765","4.6350","4.7000","4.6315","19.54M","0.54%"
"12/09/2024","4.6515","4.6600","4.6820","4.6240","18.78M","0.18%"
"12/06/2024","4.6430","4.6525","4.6965","4.6245","17.45M","-0.79%"
"12/05/2024","4.6800","4.4660","4.6835","4.4660","43.78M","4.58%"
"12/04/2024","4.4750","4.4400","4.5080","4.4395","20.61M","0.81%"
"12/03/2024","4.4390","4.3910","4.4655","4.3870","20.56M","1.45%"
"12/02/2024","4.3755","4.3200","4.4285","4.3200","22.05M","0.00%"
"11/29/2024","4.3755","4.3385","4.3935","4.2850","36.57M","0.03%"
"11/28/2024","4.3740","4.4050","4.4350","4.3685","17.78M","-0.03%"
"11/27/2024","4.3755","4.3750","4.3975","4.3255","25.91M","-0.36%"
"11/26/2024","4.3915","4.3850","4.4295","4.3545","22.52M","-1.00%"
"11/25/2024","4.4360","4.4045","4.4550","4.3840","41.63M","1.56%"
"11/22/2024","4.3680","4.5250","4.5435","4.3000","54.74M","-3.52%"
"11/21/2024","4.5275","4.5120","4.5355","4.4525","20.49M","0.48%"
"11/20/2024","4.5060","4.5800","4.6090","4.4740","26.54M","-0.91%"
"11/19/2024","4.5475","4.6240","4.6380","4.4650","32.31M","-1.57%"
"11/18/2024","4.6200","4.5600","4.6240","4.5550","19.98M","0.95%"
"11/15/2024","4.5765","4.4680","4.6020","4.4680","28.52M","1.75%"
"11/14/2024","4.4980","4.4145","4.5235","4.4145","24.96M","2.15%"
"11/13/2024","4.4035","4.4000","4.4405","4.3535","28.41M","0.02%"
"11/12/2024","4.4025","4.4595","4.5085","4.4025","30.28M","-2.75%"
"11/11/2024","4.5270","4.4545","4.5380","4.4535","20.69M","2.09%"
"11/08/2024","4.4345","4.4755","4.4985","4.4000","29.26M","-1.88%"
"11/07/2024","4.5195","4.4705","4.5530","4.4330","33.81M","2.48%"
"11/06/2024","4.4100","4.6400","4.6500","4.3740","46.58M","-4.78%"
"11/05/2024","4.6315","4.6095","4.6385","4.5895","23.76M","0.59%"
"11/04/2024","4.6045","4.5905","4.6435","4.5785","27.66M","-0.14%"
"11/01/2024","4.6110","4.4925","4.6385","4.4925","30.19M","2.65%"
"10/31/2024","4.4920","4.3870","4.5475","4.3665","36.68M","1.86%"
"10/30/2024","4.4100","4.4500","4.4520","4.3625","36.23M","-1.85%"
"10/29/2024","4.4930","4.6495","4.6495","4.4510","48.45M","-3.01%"
"10/28/2024","4.6325","4.6140","4.6350","4.5660","22.61M","1.25%"
"10/25/2024","4.5755","4.6000","4.6490","4.5705","22.80M","0.26%"
"10/24/2024","4.5635","4.6115","4.6585","4.5635","20.54M","-1.03%"
"10/23/2024","4.6110","4.6000","4.6255","4.5850","16.27M","-0.10%"
"10/22/2024","4.6155","4.6105","4.6235","4.5415","16.55M","0.78%"
"10/21/2024","4.5800","4.6145","4.6405","4.5800","14.54M","-1.29%"
"10/18/2024","4.6400","4.5835","4.6700","4.5480","28.42M","1.28%"
"10/17/2024","4.5815","4.6230","4.6590","4.5815","21.22M","-0.62%"
"10/16/2024","4.6100","4.6000","4.6495","4.5665","22.26M","-0.52%"
"10/15/2024","4.6340","4.6240","4.6540","4.5620","22.11M","0.61%"
"10/14/2024","4.6060","4.5660","4.6060","4.5455","13.99M","0.73%"
"10/11/2024","4.5725","4.5305","4.5725","4.5230","15.53M","0.83%"
"10/10/2024","4.5350","4.5345","4.5810","4.5030","18.27M","0.01%"
"10/09/2024","4.5345","4.5500","4.5560","4.4815","16.20M","-0.60%"
"10/08/2024","4.5620","4.5255","4.5770","4.5020","16.51M","0.04%"
"10/07/2024","4.5600","4.5180","4.5800","4.4910","26.41M","1.79%"
"10/04/2024","4.4800","4.4400","4.5175","4.4230","27.60M","1.20%"
"10/03/2024","4.4270","4.4150","4.4450","4.3645","19.84M","0.02%"
"10/02/2024","4.4260","4.3685","4.4415","4.3500","23.19M","1.14%"
"10/01/2024","4.3760","4.6100","4.6195","4.3345","39.75M","-4.88%"
"09/30/2024","4.6005","4.6300","4.6830","4.5915","24.71M","-1.17%"
"09/27/2024","4.6550","4.6195","4.6655","4.5930","23.89M","0.42%"
"09/26/2024","4.6355","4.5600","4.6480","4.5585","24.46M","2.54%"
"09/25/2024","4.5205","4.5110","4.5765","4.5055","18.31M","-0.74%"
"09/24/2024","4.5540","4.5110","4.5785","4.5110","18.44M","1.46%"
"09/23/2024","4.4885","4.5600","4.5870","4.4685","21.35M","-1.54%"
"09/20/2024","4.5585","4.5800","4.6285","4.5585","68.99M","-0.90%"
"09/19/2024","4.6000","4.5595","4.6050","4.5435","36.20M","2.03%"
"09/18/2024","4.5085","4.5110","4.5455","4.5065","16.49M","-0.06%"
"09/17/2024","4.5110","4.4500","4.5375","4.4500","25.02M","1.59%"
"09/16/2024","4.4405","4.3890","4.4675","4.3800","15.78M","0.79%"
"09/13/2024","4.4055","4.3145","4.4355","4.3130","26.34M","1.83%"
"09/12/2024","4.3265","4.3145","4.3525","4.2695","19.40M","1.90%"
"09/11/2024","4.2460","4.2920","4.3265","4.2045","20.60M","-0.01%"
"09/10/2024","4.2465","4.3400","4.3840","4.2300","35.89M","-2.20%"
"09/09/2024","4.3420","4.3310","4.3665","4.3105","13.22M","1.15%"
"09/06/2024","4.2925","4.3565","4.4250","4.2925","22.18M","-2.17%"
"09/05/2024","4.3875","4.3300","4.4665","4.3270","15.53M","0.76%"
"09/04/2024","4.3545","4.2800","4.3990","4.2545","20.45M","-0.39%"
"09/03/2024","4.3715","4.4820","4.4990","4.3600","28.91M","-2.35%"
"09/02/2024","4.4765","4.4935","4.5200","4.4385","15.92M","-0.43%"
"08/30/2024","4.4960","4.4925","4.5310","4.4755","35.13M","0.17%"
"08/29/2024","4.4885","4.4700","4.5335","4.4685","20.36M","0.50%"
"08/28/2024","4.4660","4.4600","4.4850","4.4455","26.21M","0.66%"
"08/27/2024","4.4365","4.3500","4.4665","4.3375","26.20M","2.53%"
"08/26/2024","4.3270","4.3380","4.3560","4.2600","12.28M","-0.56%"
"08/23/2024","4.3515","4.2940","4.3610","4.2845","15.68M","1.75%"
"08/22/2024","4.2765","4.2430","4.2855","4.2270","15.06M","0.49%"
"08/21/2024","4.2555","4.2330","4.2730","4.2165","11.37M","0.37%"
"08/20/2024","4.2400","4.2910","4.2960","4.2175","13.96M","-1.05%"
"08/19/2024","4.2850","4.2435","4.2920","4.2300","13.48M","1.35%"
"08/16/2024","4.2280","4.2240","4.2510","4.2025","13.74M","0.08%"
"08/15/2024","4.2245","4.1275","4.2255","4.1010","24.18M","3.04%"
"08/14/2024","4.1000","4.1405","4.1455","4.0965","11.16M","-0.32%"
"08/13/2024","4.1130","4.1055","4.1285","4.0815","10.59M","0.59%"
"08/12/2024","4.0890","4.1275","4.1395","4.0665","17.97M","-0.24%"
"08/09/2024","4.0990","4.0855","4.1285","4.0505","14.15M","0.84%"
"08/08/2024","4.0650","4.0500","4.1015","3.9910","17.13M","-0.10%"
"08/07/2024","4.0690","4.0295","4.1230","3.9915","31.58M","2.65%"
"08/06/2024","3.9640","4.0470","4.0575","3.9155","27.78M","-0.53%"
"08/05/2024","3.9850","3.8800","4.0130","3.8000","47.22M","-1.58%"
"08/02/2024","4.0490","4.1895","4.2205","4.0195","55.72M","-4.90%"
"08/01/2024","4.2575","4.4250","4.4365","4.2460","35.71M","-4.43%"
"07/31/2024","4.4550","4.5230","4.5260","4.4155","28.18M","-1.26%"
"07/30/2024","4.5120","4.4530","4.5240","4.4510","21.20M","0.98%"
"07/29/2024","4.4680","4.5895","4.6105","4.4530","18.67M","-1.37%"
"07/26/2024","4.5300","4.5390","4.5650","4.5020","17.58M","-0.53%"
"07/25/2024","4.5540","4.6405","4.6615","4.4675","32.43M","-3.21%"
"07/24/2024","4.7050","4.6000","4.7095","4.5800","46.67M","3.03%"
"07/23/2024","4.5665","4.5425","4.5790","4.4970","26.40M","0.78%"
"07/22/2024","4.5310","4.4670","4.5435","4.4435","21.81M","2.18%"
"07/19/2024","4.4345","4.4525","4.4725","4.4120","41.56M","-1.19%"
"07/18/2024","4.4880","4.4995","4.5260","4.4685","14.27M","0.31%"
"07/17/2024","4.4740","4.4410","4.4925","4.4190","28.37M","0.75%"
"07/16/2024","4.4405","4.4300","4.4545","4.4050","14.11M","-0.24%"
"07/15/2024","4.4510","4.4800","4.5015","4.4290","13.91M","-1.29%"
"07/12/2024","4.5090","4.4795","4.5130","4.4700","14.48M","1.04%"
"07/11/2024","4.4625","4.5060","4.5205","4.4455","29.49M","-0.78%"
"07/10/2024","4.4975","4.3810","4.4975","4.3720","22.24M","2.58%"
"07/09/2024","4.3845","4.4280","4.4470","4.3680","21.63M","-1.42%"
"07/08/2024","4.4475","4.4430","4.5220","4.4260","30.86M","0.06%"
"07/05/2024","4.4450","4.5195","4.5275","4.4015","18.11M","-1.38%"
"07/04/2024","4.5070","4.4405","4.5115","4.4280","19.99M","2.00%"
"07/03/2024","4.4185","4.3500","4.4230","4.3410","19.64M","2.20%"
"07/02/2024","4.3235","4.4190","4.4300","4.2770","25.57M","-2.79%"
"07/01/2024","4.4475","4.4030","4.4650","4.3770","27.89M","2.70%"
"06/28/2024","4.3305","4.3575","4.3680","4.2960","23.91M","-0.15%"
"06/27/2024","4.3370","4.3500","4.3515","4.3055","23.53M","-0.17%"
"06/26/2024","4.3445","4.3955","4.4070","4.3200","19.04M","-0.82%"
"06/25/2024","4.3805","4.4265","4.4400","4.3515","27.25M","-0.65%"
"06/24/2024","4.4090","4.3505","4.4170","4.3385","22.88M","1.71%"
"06/21/2024","4.3350","4.4420","4.4430","4.2820","71.33M","-2.39%"
"06/20/2024","4.4410","4.4475","4.4670","4.4050","23.14M","-0.24%"
"06/19/2024","4.4515","4.4570","4.4875","4.4165","42.98M","-0.01%"
"06/18/2024","4.4520","4.4535","4.4665","4.4150","22.31M","0.95%"
"06/17/2024","4.4100","4.3990","4.4260","4.3370","29.98M","0.72%"
"06/14/2024","4.3785","4.4210","4.4370","4.3025","69.45M","-0.51%"
"06/13/2024","4.4010","4.5965","4.6070","4.3785","63.48M","-4.33%"
"06/12/2024","4.6000","4.6385","4.6680","4.6000","38.90M","-0.14%"
"06/11/2024","4.6065","4.7455","4.7455","4.5615","33.26M","-2.22%"
"06/10/2024","4.7110","4.7400","4.7415","4.6540","30.10M","-0.49%"
"06/07/2024","4.7340","4.7445","4.7740","4.7000","21.56M","-0.20%"
"06/06/2024","4.7435","4.6945","4.7650","4.6560","23.38M","1.36%"
"06/05/2024","4.6800","4.7345","4.7525","4.6655","23.15M","-1.28%"
"06/04/2024","4.7405","4.8470","4.8695","4.6935","38.85M","-2.28%"
"06/03/2024","4.8510","4.8500","4.8810","4.8400","20.43M","0.34%"
"05/31/2024","4.8345","4.8000","4.8345","4.7765","60.85M","0.97%"
"05/30/2024","4.7880","4.6780","4.7965","4.6710","22.51M","2.11%"
"05/29/2024","4.6890","4.7455","4.7575","4.6740","19.40M","-1.52%"
"05/28/2024","4.7615","4.7600","4.7840","4.7320","16.32M","0.04%"
"05/27/2024","4.7595","4.7660","4.7735","4.7390","10.29M","0.15%"
"05/24/2024","4.7525","4.7355","4.7680","4.7035","22.27M","-0.65%"
"05/23/2024","4.7835","4.8120","4.8300","4.7685","18.72M","-0.45%"
"05/22/2024","4.8050","4.8500","4.8640","4.8050","19.36M","-0.76%"
"05/21/2024","4.8420","4.8385","4.8600","4.7965","24.20M","-0.74%"
"05/20/2024","4.8780","4.8610","4.8880","4.8545","15.65M","0.36%"
"05/17/2024","4.8605","4.7755","4.8605","4.7750","38.43M","1.17%"
"05/16/2024","4.8045","4.8185","4.8450","4.7970","19.46M","-0.16%"
"05/15/2024","4.8120","4.7715","4.8365","4.7580","36.91M","1.25%"
"05/14/2024","4.7525","4.7500","4.7675","4.6925","22.08M","-0.06%"
"05/13/2024","4.7555","4.7265","4.7640","4.7145","15.42M","0.44%"
"05/10/2024","4.7345","4.7400","4.7745","4.7210","20.12M","-0.74%"
"05/09/2024","4.7700","4.7695","4.7960","4.7265","19.08M","-0.03%"
"05/08/2024","4.7715","4.7330","4.7835","4.7180","37.87M","0.92%"
"05/07/2024","4.7280","4.5915","4.7380","4.5915","48.97M","3.45%"
"05/06/2024","4.5705","4.5350","4.5765","4.5045","22.36M","0.88%"
"05/03/2024","4.5305","4.6000","4.6000","4.5140","","-0.77%"
"05/02/2024","4.5655","4.6065","4.6200","4.5410","34.06M","-0.16%"
"04/30/2024","4.5730","4.6555","4.7360","4.5565","57.11M","-3.74%"
"04/29/2024","4.7505","4.8900","4.9280","4.7285","45.07M","-2.06%"
"04/26/2024","4.8505","4.8100","4.8990","4.7930","41.12M","2.16%"
"04/25/2024","4.7480","4.7905","4.8265","4.7060","31.22M","-0.66%"
"04/24/2024","4.7795","4.7700","4.7970","4.7500","34.67M","0.67%"
"04/23/2024","4.7475","4.6985","4.7665","4.6860","117.59M","1.72%"
"04/22/2024","4.6670","4.5700","4.6695","4.5310","43.01M","3.45%"
"04/19/2024","4.5115","4.4800","4.5300","4.4570","35.56M","-0.73%"
"04/18/2024","4.5445","4.4535","4.5445","4.4200","34.34M","2.86%"
"04/17/2024","4.4180","4.3700","4.4605","4.3675","21.78M","1.40%"
"04/16/2024","4.3570","4.4000","4.4270","4.3535","40.19M","-2.54%"
"04/15/2024","4.4705","4.4345","4.5040","4.4215","28.66M","0.51%"
"04/12/2024","4.4480","4.4975","4.5200","4.4285","26.39M","-0.18%"
"04/11/2024","4.4560","4.5685","4.5885","4.4115","39.99M","-2.63%"
"04/10/2024","4.5765","4.5795","4.6140","4.5145","39.02M","0.24%"
"04/09/2024","4.5655","4.6340","4.6455","4.5545","23.17M","-1.63%"
"04/08/2024","4.6410","4.5900","4.6430","4.5835","20.95M","1.19%"
"04/05/2024","4.5865","4.6100","4.6325","4.5365","39.17M","-1.90%"
"04/04/2024","4.6755","4.5990","4.6885","4.5870","72.59M","2.01%"
"04/03/2024","4.5835","4.5340","4.5995","4.5050","24.01M","1.52%"
"04/02/2024","4.5150","4.5000","4.5425","4.4520","30.66M","-0.14%"
"03/28/2024","4.5215","4.5120","4.5680","4.5105","40.55M","0.41%"
"03/27/2024","4.5030","4.4665","4.5230","4.4520","35.66M","0.96%"
"03/26/2024","4.4600","4.4475","4.4745","4.4300","33.05M","1.05%"
"03/25/2024","4.4135","4.3625","4.4430","4.3520","26.82M","1.08%"
"03/22/2024","4.3665","4.2700","4.4140","4.2635","43.88M","2.07%"
"03/21/2024","4.2780","4.2100","4.2800","4.2010","37.78M","2.10%"
"03/20/2024","4.1900","4.1835","4.2005","4.1360","22.87M","0.02%"
"03/19/2024","4.1890","4.1465","4.1890","4.1360","31.35M","1.24%"
"03/18/2024","4.1375","4.1070","4.1460","4.0930","23.77M","0.49%"
"03/15/2024","4.1175","4.0275","4.1230","4.0275","97.76M","1.70%"
"03/14/2024","4.0485","4.0800","4.0915","4.0300","41.97M","-1.09%"
"03/13/2024","4.0930","4.0490","4.1040","4.0400","36.77M","0.86%"
"03/12/2024","4.0580","4.0000","4.0580","3.9800","43.12M","1.86%"
"03/11/2024","3.9840","3.9555","3.9945","3.9400","33.47M","-0.21%"
"03/08/2024","3.9925","3.9800","4.0300","3.9775","40.87M","0.30%"
"03/07/2024","3.9805","3.8935","3.9960","3.8920","43.16M","1.88%"
"03/06/2024","3.9070","3.8690","3.9435","3.8560","35.78M","1.09%"
"03/05/2024","3.8650","3.8390","3.8670","3.8200","29.39M","0.23%"
"03/04/2024","3.8560","3.8610","3.8810","3.8430","17.90M","-0.41%"
"03/01/2024","3.8720","3.8355","3.8765","3.8315","28.75M","0.69%"
"02/29/2024","3.8455","3.8605","3.8980","3.8330","48.27M","-0.35%"
"02/28/2024","3.8590","3.8260","3.8740","3.8195","25.92M","0.99%"
"02/27/2024","3.8210","3.8100","3.8360","3.7965","25.04M","0.01%"
"02/26/2024","3.8205","3.8185","3.8460","3.8150","20.43M","-0.37%"
"02/23/2024","3.8345","3.8305","3.8480","3.7915","34.57M","-0.12%"
"02/22/2024","3.8390","3.8375","3.8695","3.8205","38.55M","0.59%"
"02/21/2024","3.8165","3.8045","3.8485","3.7820","24.16M","0.43%"
"02/20/2024","3.8000","3.7360","3.8115","3.7295","34.16M","1.67%"
"02/19/2024","3.7375","3.6950","3.7650","3.6890","22.70M","1.76%"
"02/16/2024","3.6730","3.6945","3.7240","3.6625","39.40M","0.07%"
"02/15/2024","3.6705","3.6945","3.6945","3.6215","28.63M","0.04%"
"02/14/2024","3.6690","3.6850","3.7325","3.6675","26.48M","0.20%"
"02/13/2024","3.6615","3.7155","3.7225","3.6535","23.09M","-1.17%"
"02/12/2024","3.7050","3.7070","3.7175","3.6650","14.76M","0.82%"
"02/09/2024","3.6750","3.6500","3.7085","3.6425","32.87M","0.55%"
"02/08/2024","3.6550","3.7080","3.7175","3.6550","40.96M","-0.57%"
"02/07/2024","3.6760","3.7400","3.7725","3.6650","36.79M","-1.91%"
"02/06/2024","3.7475","3.7180","3.7595","3.7125","48.82M","1.71%"
"02/05/2024","3.6845","3.8345","3.8370","3.6410","93.75M","-5.00%"
"02/02/2024","3.8785","3.7905","3.8835","3.7510","39.28M","3.70%"
"02/01/2024","3.7400","3.7600","3.8700","3.7090","50.66M","0.12%"
"01/31/2024","3.7355","3.7665","3.7735","3.6650","58.51M","2.08%"
"01/30/2024","3.6595","3.5755","3.6725","3.5630","31.33M","2.45%"
"01/29/2024","3.5720","3.6450","3.6575","3.5720","40.66M","-2.07%"
"01/26/2024","3.6475","3.6250","3.6500","3.6180","22.44M","0.48%"
"01/25/2024","3.6300","3.6920","3.7090","3.6300","41.96M","-2.64%"
"01/24/2024","3.7285","3.6705","3.7285","3.6700","48.10M","1.58%"
"01/23/2024","3.6705","3.7375","3.7500","3.6660","24.88M","-1.70%"
"01/22/2024","3.7340","3.7500","3.7790","3.7330","25.32M","0.65%"
"01/19/2024","3.7100","3.7305","3.7475","3.6970","23.69M","-0.20%"
"01/18/2024","3.7175","3.6700","3.7235","3.6350","44.30M","1.45%"
"01/17/2024","3.6645","3.6800","3.6900","3.6480","29.64M","-1.35%"
"01/16/2024","3.7145","3.7400","3.7440","3.6925","29.66M","-1.21%"
"01/15/2024","3.7600","3.8130","3.8270","3.7600","22.31M","-1.09%"
"01/12/2024","3.8015","3.8045","3.8400","3.7880","25.54M","0.22%"
"01/11/2024","3.7930","3.8800","3.8800","3.7930","33.27M","-1.45%"
"01/10/2024","3.8490","3.8690","3.8830","3.8345","23.41M","-1.09%"
"01/09/2024","3.8915","3.9225","3.9225","3.8570","24.58M","-0.97%"
"01/08/2024","3.9295","3.9000","3.9400","3.8705","19.62M","0.43%"
"01/05/2024","3.9125","3.8590","3.9395","3.8420","30.77M","0.84%"
"01/04/2024","3.8800","3.8010","3.8825","3.8010","22.95M","2.12%"
"01/03/2024","3.7995","3.8700","3.8800","3.7890","25.08M","-1.40%"
"01/02/2024","3.8535","3.7900","3.8900","3.7895","33.03M","1.96%"
"12/29/2023","3.7795","3.7855","3.8020","3.7720","15.85M","-0.21%"
"12/28/2023","3.7875","3.8140","3.8175","3.7750","17.51M","-0.59%"
"12/27/2023","3.8100","3.7870","3.8170","3.7595","33.51M","0.05%"
"12/22/2023","3.8080","3.7905","3.8270","3.7850","20.98M","0.40%"
"12/21/2023","3.7930","3.7875","3.8080","3.7590","15.82M","0.11%"
"12/20/2023","3.7890","3.8000","3.8125","3.7355","27.34M","-0.09%"
"12/19/2023","3.7925","3.7770","3.7995","3.7605","25.20M","0.12%"
"12/18/2023","3.7880","3.7900","3.8245","3.7640","48.12M","-0.30%"
"12/15/2023","3.7995","3.9000","3.9035","3.7815","84.26M","-2.18%"
"12/14/2023","3.8840","3.8900","3.8980","3.8280","39.51M","1.20%"
"12/13/2023","3.8380","3.8585","3.8800","3.8220","38.27M","-0.97%"
"12/12/2023","3.8755","3.9440","3.9475","3.8715","52.43M","-1.66%"
"12/11/2023","3.9410","3.9285","3.9500","3.9130","27.04M","0.03%"
"12/08/2023","3.9400","3.8805","3.9495","3.8600","29.12M","1.93%"
"12/07/2023","3.8655","3.9405","3.9665","3.8110","48.80M","-2.30%"
"12/06/2023","3.9565","3.9400","3.9695","3.9140","35.15M","0.93%"
"12/05/2023","3.9200","3.8460","3.9255","3.8420","40.48M","1.87%"
"12/04/2023","3.8480","3.8250","3.8500","3.8080","23.42M","0.29%"
"12/01/2023","3.8370","3.8260","3.8370","3.8075","37.06M","0.95%"
"11/30/2023","3.8010","3.8200","3.8395","3.7885","65.46M","0.08%"
"11/29/2023","3.7980","3.7700","3.8110","3.7630","44.89M","0.49%"
"11/28/2023","3.7795","3.7065","3.7795","3.7065","31.24M","1.61%"
"11/27/2023","3.7195","3.7560","3.7665","3.7085","29.02M","-1.29%"
"11/24/2023","3.7680","3.7700","3.7765","3.7560","19.54M","0.20%"
"11/23/2023","3.7605","3.7405","3.7660","3.7315","19.23M","0.37%"
"11/22/2023","3.7465","3.7355","3.7550","3.7175","27.34M","0.55%"
"11/21/2023","3.7260","3.7135","3.7275","3.6910","17.10M","-0.21%"
"11/20/2023","3.7340","3.7300","3.7675","3.7260","26.62M","0.28%"
"11/17/2023","3.7235","3.7000","3.7290","3.6900","65.55M","0.91%"
"11/16/2023","3.6900","3.6715","3.7295","3.6715","34.85M","0.54%"
"11/15/2023","3.6700","3.6890","3.7000","3.6560","39.36M","-0.37%"
"11/14/2023","3.6835","3.6500","3.6945","3.6375","40.11M","0.92%"
"11/13/2023","3.6500","3.6220","3.6500","3.6190","26.11M","1.14%"
"11/10/2023","3.6090","3.5905","3.6345","3.5810","42.65M","0.33%"
"11/09/2023","3.5970","3.5520","3.5970","3.5470","24.84M","1.37%"
"11/08/2023","3.5485","3.5190","3.5855","3.4875","35.06M","0.78%"
"11/07/2023","3.5210","3.5200","3.5585","3.4880","125.09M","-0.54%"
"11/06/2023","3.5400","3.5790","3.5895","3.5345","50.96M","-1.05%"
"11/03/2023","3.5775","3.5975","3.6105","3.5600","47.56M","-0.21%"
"11/02/2023","3.5850","3.5040","3.5960","3.4955","38.70M","2.41%"
"11/01/2023","3.5005","3.4885","3.5155","3.4600","41.26M","1.00%"
"10/31/2023","3.4660","3.5055","3.5440","3.4295","55.10M","-2.90%"
"10/30/2023","3.5695","3.5000","3.5765","3.4715","33.75M","2.54%"
"10/27/2023","3.4810","3.5450","3.5630","3.4575","53.19M","-0.85%"
"10/26/2023","3.5110","3.4400","3.5200","3.4055","32.18M","1.44%"
"10/25/2023","3.4610","3.4005","3.5015","3.3450","87.29M","2.35%"
"10/24/2023","3.3815","3.4410","3.4425","3.3525","170.60M","-1.17%"
"10/23/2023","3.4215","3.4635","3.4745","3.3875","178.18M","-1.01%"
"10/20/2023","3.4565","3.4800","3.5030","3.4515","65.33M","-1.48%"
"10/19/2023","3.5085","3.5100","3.5240","3.4710","31.32M","-0.07%"
"10/18/2023","3.5110","3.5570","3.5720","3.5110","34.99M","-1.71%"
"10/17/2023","3.5720","3.5660","3.5875","3.5305","16.22M","-0.11%"
"10/16/2023","3.5760","3.5400","3.5910","3.5010","26.86M","1.79%"
"10/13/2023","3.5130","3.5700","3.5840","3.4940","41.39M","-2.06%"
"10/12/2023","3.5870","3.6430","3.6430","3.5695","21.37M","-0.65%"
"10/11/2023","3.6105","3.5845","3.6310","3.5735","27.64M","0.10%"
"10/10/2023","3.6070","3.5500","3.6280","3.5400","29.43M","2.69%"
"10/09/2023","3.5125","3.5670","3.5830","3.5080","31.89M","-2.69%"
"10/06/2023","3.6095","3.5665","3.6310","3.5595","23.75M","1.66%"
"10/05/2023","3.5505","3.5550","3.5735","3.4965","28.12M","0.79%"
"10/04/2023","3.5225","3.5400","3.5475","3.4780","36.55M","-0.91%"
"10/03/2023","3.5550","3.5550","3.6345","3.5430","30.18M","-0.49%"
"10/02/2023","3.5725","3.6205","3.6600","3.5645","36.17M","-1.27%"
"09/29/2023","3.6185","3.6315","3.6620","3.6000","42.09M","-0.86%"
"09/28/2023","3.6500","3.5100","3.6525","3.5005","53.17M","4.45%"
"09/27/2023","3.4945","3.4425","3.5150","3.4350","22.55M","1.75%"
"09/26/2023","3.4345","3.4340","3.4620","3.3965","28.62M","-0.45%"
"09/25/2023","3.4500","3.4600","3.5125","3.4310","26.72M","-0.92%"
"09/22/2023","3.4820","3.4870","3.5195","3.4640","33.36M","-0.70%"
"09/21/2023","3.5065","3.4900","3.5130","3.4510","34.70M","-0.47%"
"09/20/2023","3.5230","3.4900","3.5420","3.4630","22.13M","1.70%"
"09/19/2023","3.4640","3.4325","3.4790","3.4325","16.09M","0.54%"
"09/18/2023","3.4455","3.4800","3.5030","3.4255","20.25M","-1.32%"
"09/15/2023","3.4915","3.5500","3.5695","3.4670","69.44M","-0.96%"
"09/14/2023","3.5255","3.4500","3.5350","3.4220","30.20M","2.07%"
"09/13/2023","3.4540","3.4390","3.4770","3.4250","19.14M","0.23%"
"09/12/2023","3.4460","3.4460","3.4575","3.4235","49.30M","0.35%"
"09/11/2023","3.4340","3.4385","3.4600","3.3950","18.34M","0.76%"
"09/08/2023","3.4080","3.3880","3.4125","3.3320","23.26M","0.95%"
"09/07/2023","3.3760","3.3920","3.4175","3.3520","21.69M","-0.91%"
"09/06/2023","3.4070","3.4660","3.4775","3.3875","32.75M","-2.74%"
"09/05/2023","3.5030","3.5035","3.5320","3.4695","21.31M","-0.34%"
"09/04/2023","3.5150","3.5410","3.5640","3.5015","17.34M","-0.13%"
"09/01/2023","3.5195","3.6060","3.6160","3.5195","29.67M","-2.29%"
"08/31/2023","3.6020","3.6315","3.6460","3.5935","55.21M","-0.73%"
"08/30/2023","3.6285","3.6500","3.6825","3.6250","17.71M","-0.08%"
"08/29/2023","3.6315","3.6420","3.6500","3.6060","24.33M","-0.30%"
"08/28/2023","3.6425","3.5690","3.6440","3.5530","1.94M","2.95%"
"08/25/2023","3.5380","3.5440","3.5890","3.5300","16.25M","0.06%"
"08/24/2023","3.5360","3.5725","3.5850","3.5235","19.64M","0.06%"
"08/23/2023","3.5340","3.5725","3.6030","3.5255","18.02M","-1.19%"
"08/22/2023","3.5765","3.5950","3.6190","3.5710","17.27M","0.44%"
"08/21/2023","3.5610","3.5515","3.6120","3.5485","15.21M","0.27%"
"08/18/2023","3.5515","3.5330","3.5590","3.5090","17.99M","-0.15%"
"08/17/2023","3.5570","3.5500","3.5860","3.5380","21.77M","0.01%"
"08/16/2023","3.5565","3.5530","3.5865","3.5415","11.27M","-0.29%"
"08/15/2023","3.5670","3.5990","3.6055","3.5405","13.04M","-0.82%"
"08/14/2023","3.5965","3.6095","3.6320","3.5805","15.05M","0.11%"
"08/11/2023","3.5925","3.6390","3.6465","3.5825","15.25M","-1.51%"
"08/10/2023","3.6475","3.5745","3.6655","3.5685","30.94M","2.76%"
"08/09/2023","3.5495","3.5930","3.6055","3.5350","18.39M","0.75%"
"08/08/2023","3.5230","3.5755","3.5785","3.4610","34.50M","-2.71%"
"08/07/2023","3.6210","3.5855","3.6345","3.5600","12.04M","0.35%"
"08/04/2023","3.6085","3.6040","3.6200","3.5700","23.14M","0.64%"
"08/03/2023","3.5855","3.5095","3.5925","3.5050","35.37M","1.64%"
"08/02/2023","3.5275","3.5420","3.5840","3.5050","50.28M","-1.99%"
"08/01/2023","3.5990","3.6785","3.6980","3.5880","23.02M","-2.29%"
"07/31/2023","3.6835","3.6865","3.7080","3.6750","24.84M","0.16%"
"07/28/2023","3.6775","3.6925","3.7420","3.6525","42.56M","-0.82%"
"07/27/2023","3.7080","3.6550","3.7190","3.6150","75.70M","1.62%"
"07/26/2023","3.6490","3.5380","3.6550","3.5130","68.04M","3.14%"
"07/25/2023","3.5380","3.5300","3.5470","3.5100","17.15M","0.51%"
"07/24/2023","3.5200","3.4300","3.5200","3.4115","22.72M","-0.24%"
"07/21/2023","3.5285","3.5260","3.5475","3.4730","28.12M","0.10%"
"07/20/2023","3.5250","3.4885","3.5415","3.4860","22.61M","0.77%"
"07/19/2023","3.4980","3.5300","3.5510","3.4640","17.84M","-0.34%"
"07/18/2023","3.5100","3.4640","3.5140","3.4320","17.92M","1.78%"
"07/17/2023","3.4485","3.4385","3.5000","3.4205","15.78M","-0.35%"
"07/14/2023","3.4605","3.4900","3.5340","3.4560","28.33M","-0.86%"
"07/13/2023","3.4905","3.4600","3.5175","3.4330","36.33M","0.49%"
"07/12/2023","3.4735","3.3425","3.4735","3.3425","57.89M","4.17%"
"07/11/2023","3.3345","3.2900","3.3380","3.2615","17.72M","1.79%"
"07/10/2023","3.2760","3.2505","3.3070","3.2505","16.12M","0.37%"
"07/07/2023","3.2640","3.2445","3.2835","3.2175","21.31M","0.60%"
"07/06/2023","3.2445","3.3110","3.3195","3.2265","28.79M","-3.08%"
"07/05/2023","3.3475","3.3500","3.3715","3.3300","24.99M","-0.98%"
"07/04/2023","3.3805","3.4495","3.4700","3.3720","23.35M","-1.73%"
"07/03/2023","3.4400","3.3945","3.4450","3.3865","37.88M","1.62%"
"06/30/2023","3.3850","3.3700","3.4410","3.3670","64.61M","1.30%"
"06/29/2023","3.3415","3.3200","3.3490","3.3015","34.89M","0.95%"
"06/28/2023","3.3100","3.2100","3.3100","3.2050","55.70M","3.58%"
"06/27/2023","3.1955","3.1100","3.2015","3.1100","35.28M","3.63%"
"06/26/2023","3.0835","3.0650","3.0980","3.0065","26.66M","0.57%"
"06/23/2023","3.0660","3.1230","3.1370","3.0655","46.02M","-2.85%"
"06/22/2023","3.1560","3.1700","3.1700","3.1040","26.46M","-1.50%"
"06/21/2023","3.2040","3.1965","3.2365","3.1930","20.97M","0.34%"
"06/20/2023","3.1930","3.2050","3.2205","3.1860","20.75M","-0.59%"
"06/19/2023","3.2120","3.2000","3.2560","3.1960","17.19M","-0.26%"
"06/16/2023","3.2205","3.2100","3.2550","3.1830","112.14M","0.83%"
"06/15/2023","3.1940","3.2205","3.2220","3.1820","38.63M","-1.72%"
"06/14/2023","3.2500","3.1920","3.2810","3.1900","36.04M","1.82%"
"06/13/2023","3.1920","3.2000","3.2060","3.1450","26.02M","0.09%"
"06/12/2023","3.1890","3.2130","3.2330","3.1620","41.44M","-0.39%"
"06/09/2023","3.2015","3.2300","3.2365","3.1680","17.89M","-0.79%"
"06/08/2023","3.2270","3.2355","3.2700","3.2005","22.98M","0.50%"
"06/07/2023","3.2110","3.2250","3.2450","3.1725","17.77M","0.06%"
"06/06/2023","3.2090","3.1735","3.2110","3.1425","20.81M","0.82%"
"06/05/2023","3.1830","3.2295","3.2500","3.1620","22.41M","-0.84%"
"06/02/2023","3.2100","3.1400","3.2205","3.1180","26.82M","3.07%"
"06/01/2023","3.1145","3.0845","3.1250","3.0710","24.00M","2.28%"
"05/31/2023","3.0450","3.0800","3.1400","3.0405","69.18M","-2.11%"
"05/30/2023","3.1105","3.1400","3.1800","3.0955","28.05M","-1.02%"
"05/29/2023","3.1425","3.2350","3.2370","3.1230","13.80M","-1.70%"
"05/26/2023","3.1970","3.1665","3.1990","3.0865","22.85M","1.33%"
"05/25/2023","3.1550","3.1320","3.1705","3.0865","35.51M","0.43%"
"05/24/2023","3.1415","3.1930","3.2020","3.1280","24.53M","-2.59%"
"05/23/2023","3.2250","3.2290","3.2330","3.2010","15.54M","-0.14%"
"05/22/2023","3.2295","3.1820","3.2475","3.1785","20.33M","0.92%"
"05/19/2023","3.2000","3.1985","3.2400","3.1730","54.18M","0.77%"
"05/18/2023","3.1755","3.1395","3.1965","3.1355","24.92M","0.55%"
"05/17/2023","3.1580","3.1100","3.1580","3.1020","17.77M","0.59%"
"05/16/2023","3.1395","3.1175","3.1740","3.1175","17.65M","-0.27%"
"05/15/2023","3.1480","3.1700","3.1775","3.1195","17.65M","0.18%"
"05/12/2023","3.1425","3.1555","3.1805","3.1390","23.56M","0.11%"
"05/11/2023","3.1390","3.1540","3.1680","3.0830","29.66M","-0.14%"
"05/10/2023","3.1435","3.2120","3.2345","3.1350","27.35M","-1.30%"
"05/09/2023","3.1850","3.1715","3.2060","3.1470","23.04M","-0.06%"
"05/08/2023","3.1870","3.1635","3.2075","3.1595","16.68M","1.21%"
"05/05/2023","3.1490","3.0700","3.1640","3.0620","67.35M","3.01%"
"05/04/2023","3.0570","3.1055","3.1245","3.0385","60.98M","-2.02%"
"05/03/2023","3.1200","3.1315","3.1470","3.0920","141.79M","0.52%"
"05/02/2023","3.1040","3.1815","3.2160","3.0935","93.48M","-2.59%"
"04/28/2023","3.1865","3.2500","3.2680","3.1260","125.39M","-2.94%"
"04/27/2023","3.2830","3.2830","3.3005","3.2440","55.36M","-0.33%"
"04/26/2023","3.2940","3.2820","3.3190","3.2215","56.67M","-1.08%"
"04/25/2023","3.3300","3.4710","3.4710","3.3140","87.32M","-5.97%"
"04/24/2023","3.5415","3.5280","3.5660","3.5015","23.20M","-0.08%"
"04/21/2023","3.5445","3.5545","3.5615","3.5010","115.10M","-1.03%"
"04/20/2023","3.5815","3.6690","3.7055","3.5655","66.62M","-1.54%"
"04/19/2023","3.6375","3.6035","3.6410","3.5810","166.35M","1.04%"
"04/18/2023","3.6000","3.5790","3.6460","3.5700","224.23M","1.71%"
"04/17/2023","3.5395","3.6320","3.6330","3.5310","44.55M","-1.97%"
"04/14/2023","3.6105","3.4915","3.6105","3.4745","40.04M","3.76%"
"04/13/2023","3.4795","3.4795","3.4995","3.4385","21.32M","-0.09%"
"04/12/2023","3.4825","3.4500","3.5105","3.4270","33.66M","1.71%"
"04/11/2023","3.4240","3.5450","3.5600","3.4200","56.67M","-2.84%"
"04/06/2023","3.5240","3.4500","3.5240","3.4300","29.05M","3.10%"
"04/05/2023","3.4180","3.4520","3.4700","3.3825","28.14M","-0.81%"
"04/04/2023","3.4460","3.4385","3.4940","3.4385","36.38M","0.23%"
"04/03/2023","3.4380","3.4360","3.4900","3.4250","25.74M","0.35%"
"03/31/2023","3.4260","3.4580","3.4790","3.4210","49.98M","-0.75%"
"03/30/2023","3.4520","3.4100","3.4860","3.3900","49.44M","2.10%"
"03/29/2023","3.3810","3.3590","3.3945","3.3380","38.51M","1.73%"
"03/28/2023","3.3235","3.3355","3.3640","3.3005","47.10M","1.02%"
"03/27/2023","3.2900","3.2930","3.3410","3.2515","75.14M","2.17%"
"03/24/2023","3.2200","3.3000","3.3125","3.1205","91.83M","-3.00%"
"03/23/2023","3.3195","3.3460","3.3900","3.3100","39.06M","-1.89%"
"03/22/2023","3.3835","3.3955","3.5035","3.3760","91.68M","0.22%"
"03/21/2023","3.3760","3.3120","3.4085","3.2975","67.98M","4.67%"
"03/20/2023","3.2255","3.1025","3.2620","2.9420","118.63M","2.77%"
"03/17/2023","3.1385","3.3165","3.3855","3.1045","178.48M","-4.65%"
"03/16/2023","3.2915","3.3180","3.3745","3.1970","117.30M","2.60%"
"03/15/2023","3.2080","3.4665","3.4665","3.1520","115.25M","-6.89%"
"03/14/2023","3.4455","3.3260","3.4770","3.2925","80.63M","3.02%"
"03/13/2023","3.3445","3.5910","3.6010","3.2845","118.85M","-7.35%"
"03/10/2023","3.6100","3.6000","3.6500","3.5080","93.42M","-4.21%"
"03/09/2023","3.7685","3.8055","3.8180","3.7685","29.44M","-1.32%"
"03/08/2023","3.8190","3.7395","3.8545","3.7100","49.75M","1.42%"
"03/07/2023","3.7655","3.8465","3.8725","3.7655","72.29M","-2.40%"
"03/06/2023","3.8580","3.8155","3.8600","3.7955","35.51M","1.61%"
"03/03/2023","3.7970","3.6950","3.8020","3.6855","42.55M","3.08%"
"03/02/2023","3.6835","3.6700","3.6930","3.6150","41.32M","-0.18%"
"03/01/2023","3.6900","3.7345","3.7625","3.6815","42.07M","-0.87%"
"02/28/2023","3.7225","3.5500","3.7485","3.5360","82.76M","4.79%"
"02/27/2023","3.5525","3.5080","3.5800","3.5015","37.75M","2.08%"
"02/24/2023","3.4800","3.5230","3.5680","3.4800","57.46M","-1.14%"
"02/23/2023","3.5200","3.4825","3.5320","3.4720","39.90M","1.53%"
"02/22/2023","3.4670","3.4900","3.5090","3.4450","29.82M","-1.59%"
"02/21/2023","3.5230","3.5050","3.5450","3.4460","38.53M","0.36%"
"02/20/2023","3.5105","3.5330","3.5480","3.5020","14.59M","-0.38%"
"02/17/2023","3.5240","3.5215","3.5620","3.5020","61.55M","-0.84%"
"02/16/2023","3.5540","3.4980","3.5555","3.4945","52.75M","2.39%"
"02/15/2023","3.4710","3.4950","3.5090","3.4545","35.42M","-0.84%"
"02/14/2023","3.5005","3.4960","3.5180","3.4660","25.65M","0.57%"
"02/13/2023","3.4805","3.4505","3.4895","3.4410","18.55M","0.93%"
"02/10/2023","3.4485","3.5000","3.5190","3.4250","41.70M","-1.53%"
"02/09/2023","3.5020","3.5415","3.5610","3.5020","42.56M","-0.75%"
"02/08/2023","3.5285","3.5400","3.5700","3.5050","38.79M","0.24%"
"02/07/2023","3.5200","3.4740","3.5350","3.4635","44.02M","2.16%"
"02/06/2023","3.4455","3.4500","3.4800","3.4295","36.83M","-1.51%"
"02/03/2023","3.4985","3.4235","3.5370","3.4020","99.06M","1.86%"
"02/02/2023","3.4345","3.3000","3.4925","3.2795","143.22M","5.73%"
"02/01/2023","3.2485","3.2200","3.2965","3.2195","62.98M","1.42%"
"01/31/2023","3.2030","3.2230","3.2490","3.1930","43.48M","0.25%"
"01/30/2023","3.1950","3.1680","3.2080","3.1555","29.84M","0.74%"
"01/27/2023","3.1715","3.1955","3.2100","3.1585","45.94M","-0.70%"
"01/26/2023","3.1940","3.1100","3.1940","3.1095","61.30M","3.25%"
"01/25/2023","3.0935","3.0840","3.0985","3.0525","88.13M","-0.34%"
"01/24/2023","3.1040","3.1000","3.1135","3.0625","30.42M","0.27%"
"01/23/2023","3.0955","3.0960","3.1345","3.0875","30.28M","-0.05%"
"01/20/2023","3.0970","3.0840","3.1020","3.0550","43.52M","1.62%"
"01/19/2023","3.0475","3.1010","3.1175","3.0030","67.41M","-2.78%"
"01/18/2023","3.1345","3.1065","3.1725","3.1050","40.91M","0.87%"
"01/17/2023","3.1075","3.1000","3.1265","3.0790","53.97M","0.27%"
"01/16/2023","3.0990","3.1420","3.1550","3.0900","25.60M","-1.20%"
"01/13/2023","3.1365","3.0950","3.1685","3.0845","55.15M","1.74%"
"01/12/2023","3.0830","3.0300","3.0930","3.0300","40.31M","2.27%"
"01/11/2023","3.0145","3.0485","3.0520","3.0085","37.07M","-0.71%"
"01/10/2023","3.0360","3.0070","3.0490","3.0045","29.10M","0.55%"
"01/09/2023","3.0195","3.0235","3.0545","2.9875","50.50M","-0.89%"
"01/06/2023","3.0465","2.9900","3.0465","2.9855","40.65M","2.44%"
"01/05/2023","2.9740","2.9380","2.9810","2.9125","36.14M","0.37%"
"01/04/2023","2.9630","2.8790","2.9735","2.8750","53.72M","3.71%"
"01/03/2023","2.8570","2.8380","2.8860","2.8120","37.59M","0.26%"
"01/02/2023","2.8495","2.8240","2.8600","2.8145","20.07M","1.68%"
"12/30/2022","2.8025","2.8010","2.8165","2.7740","40.27M","-0.55%"
"12/29/2022","2.8180","2.7810","2.8225","2.7690","25.76M","0.71%"
"12/28/2022","2.7980","2.8060","2.8190","2.7920","18.50M","-0.60%"
"12/27/2022","2.8150","2.8100","2.8360","2.8020","21.06M","0.72%"
"12/23/2022","2.7950","2.8175","2.8355","2.7825","21.81M","-0.52%"
"12/22/2022","2.8095","2.8360","2.8630","2.8070","47.74M","-1.37%"
"12/21/2022","2.8485","2.8255","2.8685","2.7980","39.50M","1.28%"
"12/20/2022","2.8125","2.6990","2.8270","2.6870","53.52M","3.51%"
"12/19/2022","2.7170","2.7300","2.7350","2.7050","68.18M","-0.24%"
"12/16/2022","2.7235","2.6845","2.7350","2.6670","126.66M","1.00%"
"12/15/2022","2.6965","2.7495","2.7700","2.6670","70.23M","-2.48%"
"12/14/2022","2.7650","2.7900","2.7935","2.7460","38.05M","-1.20%"
"12/13/2022","2.7985","2.7855","2.8385","2.7640","51.69M","0.90%"
"12/12/2022","2.7735","2.7730","2.7930","2.7590","43.85M","-0.45%"
"12/09/2022","2.7860","2.7865","2.7950","2.7375","33.47M","0.49%"
"12/08/2022","2.7725","2.8020","2.8090","2.7725","26.35M","-0.88%"
"12/07/2022","2.7970","2.8000","2.8320","2.7825","35.12M","-0.52%"
"12/06/2022","2.8115","2.7950","2.8400","2.7570","36.19M","0.07%"
"12/05/2022","2.8095","2.7940","2.8315","2.7900","26.04M","-0.11%"
"12/02/2022","2.8125","2.8090","2.8230","2.7760","37.91M","-0.14%"
"12/01/2022","2.8165","2.8630","2.8800","2.8165","68.64M","-1.19%"
"11/30/2022","2.8505","2.8405","2.8590","2.8030","73.97M","0.53%"
"11/29/2022","2.8355","2.8100","2.8520","2.7825","39.14M","1.18%"
"11/28/2022","2.8025","2.8110","2.8465","2.7975","36.57M","-1.09%"
"11/25/2022","2.8335","2.7965","2.8375","2.7810","45.81M","1.72%"
"11/24/2022","2.7855","2.7700","2.8120","2.7675","38.38M","0.41%"
"11/23/2022","2.7740","2.7810","2.7880","2.7365","61.68M","-0.11%"
"11/22/2022","2.7770","2.6900","2.7885","2.6820","83.40M","3.29%"
"11/21/2022","2.6885","2.5900","2.6955","2.5870","57.47M","3.17%"
"11/18/2022","2.6060","2.5540","2.6060","2.5400","49.93M","3.02%"
"11/17/2022","2.5295","2.5810","2.5895","2.5030","79.55M","-1.79%"
"11/16/2022","2.5755","2.6040","2.6150","2.5755","31.48M","-1.27%"
"11/15/2022","2.6085","2.5840","2.6125","2.5655","30.77M","1.42%"
"11/14/2022","2.5720","2.5400","2.5835","2.5280","31.57M","1.76%"
"11/11/2022","2.5275","2.5420","2.5615","2.5015","62.05M","-1.02%"
"11/10/2022","2.5535","2.6080","2.6080","2.5210","75.57M","-2.26%"
"11/09/2022","2.6125","2.6300","2.6695","2.5970","35.92M","-1.23%"
"11/08/2022","2.6450","2.6560","2.6670","2.6365","67.72M","-0.58%"
"11/07/2022","2.6605","2.6500","2.6850","2.6330","66.07M","-0.32%"
"11/04/2022","2.6690","2.6065","2.6905","2.5990","49.67M","3.05%"
"11/03/2022","2.5900","2.6125","2.6210","2.5610","131.65M","-1.20%"
"11/02/2022","2.6215","2.6620","2.6705","2.6075","97.19M","-0.83%"
"11/01/2022","2.6435","2.6370","2.6775","2.6315","27.14M","0.82%"
"10/31/2022","2.6220","2.6305","2.6570","2.5960","33.63M","-1.35%"
"10/28/2022","2.6580","2.6200","2.6580","2.6020","34.07M","1.26%"
"10/27/2022","2.6250","2.6275","2.6435","2.6015","51.13M","-0.91%"
"10/26/2022","2.6490","2.7560","2.7600","2.6020","73.73M","-3.27%"
"10/25/2022","2.7385","2.7450","2.7770","2.6880","37.63M","0.53%"
"10/24/2022","2.7240","2.6800","2.7480","2.6690","40.81M","2.48%"
"10/21/2022","2.6580","2.6390","2.6585","2.5900","59.40M","-0.39%"
"10/20/2022","2.6685","2.6300","2.6785","2.6070","95.03M","1.29%"
"10/19/2022","2.6345","2.6365","2.6500","2.5830","304.54M","0.52%"
"10/18/2022","2.6210","2.5895","2.6720","2.5870","41.30M","2.12%"
"10/17/2022","2.5665","2.5305","2.6030","2.5250","81.95M","1.42%"
"10/14/2022","2.5305","2.5500","2.5760","2.5125","37.84M","1.34%"
"10/13/2022","2.4970","2.4090","2.5130","2.3950","40.84M","3.33%"
"10/12/2022","2.4165","2.4490","2.4525","2.3950","31.87M","-1.69%"
"10/11/2022","2.4580","2.4795","2.4860","2.4355","29.06M","-1.62%"
"10/10/2022","2.4985","2.5115","2.5490","2.4915","61.87M","-1.11%"
"10/07/2022","2.5265","2.5325","2.5680","2.5020","27.11M","-0.92%"
"10/06/2022","2.5500","2.5800","2.5965","2.5370","18.78M","-0.99%"
"10/05/2022","2.5755","2.6195","2.6385","2.5555","36.28M","-2.31%"
"10/04/2022","2.6365","2.5040","2.6510","2.4950","58.75M","6.98%"
"10/03/2022","2.4645","2.3665","2.4750","2.3565","35.13M","2.79%"
"09/30/2022","2.3975","2.4055","2.4230","2.3800","33.18M","0.67%"
"09/29/2022","2.3815","2.4225","2.4335","2.3535","40.85M","-2.32%"
"09/28/2022","2.4380","2.4100","2.4430","2.3630","46.20M","0.29%"
"09/27/2022","2.4310","2.5440","2.5465","2.4280","37.55M","-2.62%"
"09/26/2022","2.4965","2.5010","2.5255","2.4665","54.33M","-1.11%"
"09/23/2022","2.5245","2.6000","2.6000","2.4885","51.52M","-3.00%"
"09/22/2022","2.6025","2.5420","2.6495","2.5220","32.76M","0.81%"
"09/21/2022","2.5815","2.5820","2.6285","2.5580","33.68M","-2.10%"
"09/20/2022","2.6370","2.6575","2.6805","2.6235","34.69M","-0.11%"
"09/19/2022","2.6400","2.6425","2.6690","2.6250","26.93M","-0.40%"
"09/16/2022","2.6505","2.6220","2.6540","2.6080","84.18M","-0.97%"
"09/15/2022","2.6765","2.5975","2.6860","2.5970","70.16M","3.52%"
"09/14/2022","2.5855","2.5645","2.6160","2.5520","30.62M","0.41%"
"09/13/2022","2.5750","2.6485","2.6540","2.5430","41.47M","-2.39%"
"09/12/2022","2.6380","2.5590","2.6585","2.5545","56.08M","4.06%"
"09/09/2022","2.5350","2.4680","2.5635","2.4650","42.20M","3.45%"
"09/08/2022","2.4505","2.4095","2.4770","2.3730","41.79M","2.77%"
"09/07/2022","2.3845","2.3870","2.4100","2.3320","28.71M","-1.06%"
"09/06/2022","2.4100","2.3905","2.4295","2.3760","20.76M","0.63%"
"09/05/2022","2.3950","2.3640","2.3950","2.3465","27.79M","-1.38%"
"09/02/2022","2.4285","2.3860","2.4435","2.3710","26.91M","2.02%"
"09/01/2022","2.3805","2.4015","2.4115","2.3545","27.53M","-1.51%"
"08/31/2022","2.4170","2.4585","2.4615","2.4055","69.06M","-1.25%"
"08/30/2022","2.4475","2.4220","2.5040","2.4190","33.12M","1.70%"
"08/29/2022","2.4065","2.3800","2.4100","2.3675","21.78M","-0.04%"
"08/26/2022","2.4075","2.4690","2.4830","2.3960","25.58M","-1.55%"
"08/25/2022","2.4455","2.4945","2.4990","2.4335","24.01M","-1.13%"
"08/24/2022","2.4735","2.4815","2.4955","2.4550","17.79M","-0.94%"
"08/23/2022","2.4970","2.4915","2.5235","2.4705","21.18M","0.00%"
"08/22/2022","2.4970","2.5215","2.5215","2.4625","28.34M","-1.38%"
"08/19/2022","2.5320","2.5990","2.6050","2.5220","36.35M","-3.38%"
"08/18/2022","2.6205","2.6160","2.6480","2.6065","17.04M","-0.04%"
"08/17/2022","2.6215","2.6800","2.6860","2.6135","19.71M","-1.43%"
"08/16/2022","2.6595","2.6520","2.6810","2.6375","21.18M","0.80%"
"08/15/2022","2.6385","2.6725","2.6750","2.6150","20.99M","-1.05%"
"08/12/2022","2.6665","2.6345","2.6790","2.6250","35.60M","1.14%"
"08/11/2022","2.6365","2.6260","2.6550","2.6100","39.08M","0.84%"
"08/10/2022","2.6145","2.5500","2.6145","2.5495","36.80M","2.29%"
"08/09/2022","2.5560","2.5235","2.5780","2.5235","58.33M","0.08%"
"08/08/2022","2.5540","2.5270","2.5605","2.4925","39.66M","2.12%"
"08/05/2022","2.5010","2.4515","2.5250","2.4510","32.25M","1.69%"
"08/04/2022","2.4595","2.4335","2.4910","2.4310","50.56M","1.07%"
"08/03/2022","2.4335","2.3980","2.4365","2.3560","32.89M","2.05%"
"08/02/2022","2.3845","2.3900","2.4035","2.3555","36.83M","-0.36%"
"08/01/2022","2.3930","2.4360","2.4805","2.3815","39.37M","-1.93%"
"07/29/2022","2.4400","2.4270","2.4480","2.3710","64.23M","0.45%"
"07/28/2022","2.4290","2.4895","2.4920","2.3845","64.52M","-2.39%"
"07/27/2022","2.4885","2.4520","2.4900","2.4440","24.35M","2.09%"
"07/26/2022","2.4375","2.4300","2.4515","2.4145","21.22M","-0.73%"
"07/25/2022","2.4555","2.4285","2.4730","2.4170","36.32M","0.92%"
"07/22/2022","2.4330","2.4550","2.5170","2.4255","42.24M","-0.84%"
"07/21/2022","2.4535","2.4360","2.5190","2.4090","55.39M","-0.30%"
"07/20/2022","2.4610","2.5400","2.5540","2.4130","41.38M","-2.05%"
"07/19/2022","2.5125","2.4015","2.5265","2.3970","49.37M","4.17%"
"07/18/2022","2.4120","2.4280","2.4620","2.3995","47.47M","0.27%"
"07/15/2022","2.4055","2.3445","2.4150","2.3240","48.08M","2.91%"
"07/14/2022","2.3375","2.4220","2.4440","2.3265","50.66M","-4.46%"
"07/13/2022","2.4465","2.4680","2.4800","2.4075","41.46M","-0.81%"
"07/12/2022","2.4665","2.5375","2.5435","2.4000","85.98M","-3.65%"
"07/11/2022","2.5600","2.5600","2.5970","2.5445","21.59M","-2.03%"
"07/08/2022","2.6130","2.6030","2.6490","2.5715","28.47M","-0.10%"
"07/07/2022","2.6155","2.5875","2.6345","2.5550","42.70M","3.56%"
"07/06/2022","2.5255","2.6085","2.6185","2.5115","44.42M","-1.65%"
"07/05/2022","2.5680","2.6950","2.7195","2.5680","58.78M","-4.29%"
"07/04/2022","2.6830","2.6930","2.7100","2.6615","17.31M","-0.04%"
"07/01/2022","2.6840","2.6640","2.7275","2.6435","24.55M","-0.15%"
"06/30/2022","2.6880","2.7000","2.7080","2.6360","43.65M","-1.75%"
"06/29/2022","2.7360","2.7410","2.7700","2.7240","27.33M","-1.49%"
"06/28/2022","2.7775","2.7900","2.8205","2.7670","25.13M","0.25%"
"06/27/2022","2.7705","2.7650","2.8020","2.7375","24.44M","0.38%"
"06/24/2022","2.7600","2.7240","2.7885","2.6830","87.16M","1.62%"
"06/23/2022","2.7160","2.7875","2.8145","2.7035","57.39M","-3.17%"
"06/22/2022","2.8050","2.7520","2.8250","2.7315","47.76M","0.27%"
"06/21/2022","2.7975","2.8070","2.8490","2.7855","29.48M","0.13%"
"06/20/2022","2.7940","2.6985","2.8185","2.6810","32.34M","3.64%"
"06/17/2022","2.6960","2.6685","2.7550","2.6305","102.64M","2.30%"
"06/16/2022","2.6355","2.6810","2.6900","2.6210","34.51M","-2.04%"
"06/15/2022","2.6905","2.7225","2.7255","2.6570","93.96M","2.57%"
"06/14/2022","2.6230","2.6600","2.6740","2.6100","37.96M","0.48%"
"06/13/2022","2.6105","2.6795","2.6795","2.5850","78.28M","-3.31%"
"06/10/2022","2.7000","2.9000","2.9050","2.6970","85.17M","-7.09%"
"06/09/2022","2.9060","2.9620","2.9760","2.9060","38.12M","-2.65%"
"06/08/2022","2.9850","3.0000","3.0075","2.9700","27.24M","-0.45%"
"06/07/2022","2.9985","3.0195","3.0420","2.9985","26.67M","-1.30%"
"06/06/2022","3.0380","2.9955","3.0510","2.9855","24.12M","2.51%"
"06/03/2022","2.9635","3.0110","3.0110","2.9525","17.65M","-0.54%"
"06/02/2022","2.9795","2.9995","3.0050","2.9615","20.15M","-0.18%"
"06/01/2022","2.9850","3.0355","3.0585","2.9805","37.86M","-0.98%"
"05/31/2022","3.0145","3.0500","3.0730","3.0060","62.29M","-2.06%"
"05/30/2022","3.0780","3.0515","3.0780","3.0420","30.53M","1.25%"
"05/27/2022","3.0400","3.0000","3.0480","2.9850","56.36M","0.66%"
"05/26/2022","3.0200","2.9655","3.0200","2.9600","57.96M","2.27%"
"05/25/2022","2.9530","2.9390","2.9700","2.9000","68.36M","2.06%"
"05/24/2022","2.8935","2.8130","2.9135","2.8130","37.74M","1.53%"
"05/23/2022","2.8500","2.7920","2.8500","2.7685","38.28M","3.86%"
"05/20/2022","2.7440","2.7795","2.7905","2.7320","38.88M","0.13%"
"05/19/2022","2.7405","2.7220","2.7405","2.6780","38.98M","0.02%"
"05/18/2022","2.7400","2.7800","2.7985","2.7365","26.99M","-1.37%"
"05/17/2022","2.7780","2.7500","2.7910","2.7235","37.34M","2.91%"
"05/16/2022","2.6995","2.7100","2.7465","2.6855","29.15M","-1.04%"
"05/13/2022","2.7280","2.6885","2.7330","2.6755","57.67M","2.81%"
"05/12/2022","2.6535","2.6310","2.6665","2.6055","41.68M","-1.47%"
"05/11/2022","2.6930","2.6490","2.7035","2.6110","41.46M","2.26%"
"05/10/2022","2.6335","2.6515","2.7045","2.6330","69.94M","1.29%"
"05/09/2022","2.6000","2.6410","2.6735","2.6000","59.99M","-1.91%"
"05/06/2022","2.6505","2.7245","2.7245","2.6415","58.35M","-1.45%"
"05/05/2022","2.6895","2.8430","2.8435","2.6800","89.15M","-2.98%"
"05/04/2022","2.7720","2.8380","2.8390","2.7705","142.95M","-1.79%"
"05/03/2022","2.8225","2.7900","2.8290","2.7660","108.95M","3.01%"
"05/02/2022","2.7400","2.7880","2.8170","2.7340","65.70M","-2.72%"
"04/29/2022","2.8165","2.7900","2.8265","2.7610","84.75M","2.34%"
"04/28/2022","2.7520","2.8390","2.8490","2.7190","73.89M","-2.27%"
"04/27/2022","2.8160","2.9000","2.9000","2.8000","101.73M","-1.07%"
"04/26/2022","2.8465","3.1480","3.1640","2.8320","177.67M","-6.79%"
"04/25/2022","3.0540","3.1200","3.1525","3.0540","84.64M","-3.54%"
"04/22/2022","3.1660","3.1870","3.2400","3.1660","38.81M","-1.98%"
"04/21/2022","3.2300","3.2225","3.2320","3.1960","132.63M","0.56%"
"04/20/2022","3.2120","3.1905","3.2515","3.1815","142.41M","1.58%"
"04/19/2022","3.1620","3.1665","3.1820","3.1340","111.06M","0.30%"
"04/14/2022","3.1525","3.1420","3.1850","3.1290","269.50M","0.93%"
"04/13/2022","3.1235","3.1365","3.1535","3.1150","63.54M","-0.30%"
"04/12/2022","3.1330","3.0990","3.1675","3.0800","44.88M","-0.79%"
"04/11/2022","3.1580","3.1255","3.1745","3.1250","63.73M","1.28%"
"04/08/2022","3.1180","3.0770","3.1470","3.0770","41.79M","2.58%"
"04/07/2022","3.0395","3.0530","3.1225","3.0320","53.32M","0.05%"
"04/06/2022","3.0380","3.1510","3.1745","3.0100","69.14M","-3.25%"
"04/05/2022","3.1400","3.1690","3.1905","3.1320","58.75M","-1.57%"
"04/04/2022","3.1900","3.1930","3.2055","3.1480","41.77M","0.28%"
"04/01/2022","3.1810","3.1655","3.2000","3.1360","45.39M","2.61%"
"03/31/2022","3.1000","3.1780","3.1995","3.0975","92.90M","-1.35%"
"03/30/2022","3.1425","3.2160","3.2180","3.1290","48.41M","-3.26%"
"03/29/2022","3.2485","3.1380","3.2630","3.1140","71.88M","5.47%"
"03/28/2022","3.0800","3.0745","3.1535","3.0740","40.08M","0.75%"
"03/25/2022","3.0570","3.0750","3.0870","3.0300","39.25M","-0.23%"
"03/24/2022","3.0640","3.1285","3.1345","3.0530","52.42M","-2.12%"
"03/23/2022","3.1305","3.1885","3.1965","3.1150","46.07M","-1.59%"
"03/22/2022","3.1810","3.1470","3.2050","3.1405","51.07M","1.66%"
"03/21/2022","3.1290","3.1500","3.1895","3.1000","45.21M","0.29%"
"03/18/2022","3.1200","3.1400","3.1495","3.0850","92.45M","-0.65%"
"03/17/2022","3.1405","3.1650","3.1885","3.0910","121.99M","-0.52%"
"03/16/2022","3.1570","3.0500","3.1895","3.0335","108.69M","5.83%"
"03/15/2022","2.9830","2.9130","3.0110","2.8975","67.76M","0.95%"
"03/14/2022","2.9550","2.9030","2.9700","2.8880","51.42M","3.18%"
"03/11/2022","2.8640","2.8710","3.0090","2.8200","73.16M","0.39%"
"03/10/2022","2.8530","2.8920","2.9220","2.8135","64.29M","-1.37%"
"03/09/2022","2.8925","2.8360","2.8925","2.7760","83.24M","7.25%"
"03/08/2022","2.6970","2.6000","2.7945","2.5850","90.01M","2.51%"
"03/07/2022","2.6310","2.6150","2.6905","2.4900","112.74M","-3.22%"
"03/04/2022","2.7185","2.8465","2.8545","2.7125","119.35M","-5.28%"
"03/03/2022","2.8700","2.9370","2.9620","2.8540","65.66M","-1.95%"
"03/02/2022","2.9270","2.8100","2.9610","2.7670","87.65M","3.45%"
"03/01/2022","2.8295","2.9695","3.0175","2.8295","94.33M","-5.19%"
"02/28/2022","2.9845","2.9815","3.0095","2.9240","146.20M","-4.30%"
"02/25/2022","3.1185","3.0105","3.1295","2.9350","105.45M","4.35%"
"02/24/2022","2.9885","3.0960","3.1195","2.9375","162.42M","-7.69%"
"02/23/2022","3.2375","3.3060","3.3410","3.2215","37.47M","-1.34%"
"02/22/2022","3.2815","3.1905","3.3290","3.1720","58.75M","-0.12%"
"02/21/2022","3.2855","3.3425","3.3790","3.2540","36.26M","-1.10%"
"02/18/2022","3.3220","3.3350","3.3580","3.3045","33.01M","-0.54%"
"02/17/2022","3.3400","3.3675","3.3810","3.3080","33.94M","-1.15%"
"02/16/2022","3.3790","3.4340","3.4615","3.3450","44.65M","-1.29%"
"02/15/2022","3.4230","3.3120","3.4230","3.3090","81.08M","2.29%"
"02/14/2022","3.3465","3.3440","3.3835","3.3050","67.28M","-3.88%"
"02/11/2022","3.4815","3.4365","3.4815","3.4265","47.12M","0.00%"
"02/10/2022","3.4815","3.4200","3.4820","3.4155","72.52M","1.41%"
"02/09/2022","3.4330","3.3850","3.4430","3.3465","65.41M","1.84%"
"02/08/2022","3.3710","3.3080","3.3775","3.3045","67.55M","2.34%"
"02/07/2022","3.2940","3.2975","3.3130","3.2245","50.51M","1.23%"
"02/04/2022","3.2540","3.3200","3.3365","3.2090","75.12M","-1.36%"
"02/03/2022","3.2990","3.2060","3.3245","3.1785","67.13M","3.89%"
"02/02/2022","3.1755","3.1900","3.2195","3.1045","81.19M","0.33%"
"02/01/2022","3.1650","3.1040","3.1765","3.0985","40.61M","2.28%"
"01/31/2022","3.0945","3.1845","3.1850","3.0720","46.50M","-1.65%"
"01/28/2022","3.1465","3.2000","3.2015","3.1240","38.06M","-1.72%"
"01/27/2022","3.2015","3.1000","3.2335","3.0955","55.53M","2.10%"
"01/26/2022","3.1355","3.0580","3.1605","3.0540","85.40M","3.70%"
"01/25/2022","3.0235","2.9730","3.0250","2.9405","47.64M","2.74%"
"01/24/2022","2.9430","3.0655","3.0760","2.9140","86.37M","-4.53%"
"01/21/2022","3.0825","3.0670","3.0980","3.0420","56.77M","-1.53%"
"01/20/2022","3.1305","3.1000","3.1420","3.0895","44.86M","-0.13%"
"01/19/2022","3.1345","3.1170","3.1570","3.1165","55.15M","-0.18%"
"01/18/2022","3.1400","3.1460","3.1795","3.1285","35.48M","-0.52%"
"01/17/2022","3.1565","3.1895","3.1930","3.1520","49.08M","-0.32%"
"01/14/2022","3.1665","3.1205","3.1670","3.1095","47.83M","1.26%"
"01/13/2022","3.1270","3.1090","3.1380","3.0990","49.21M","0.43%"
"01/12/2022","3.1135","3.1400","3.1490","3.0920","45.27M","-0.18%"
"01/11/2022","3.1190","3.1155","3.1400","3.0875","58.57M","0.11%"
"01/10/2022","3.1155","3.1310","3.1575","3.0920","38.27M","0.10%"
"01/07/2022","3.1125","3.0940","3.1195","3.0665","38.38M","0.88%"
"01/06/2022","3.0855","2.9820","3.0875","2.9735","51.17M","1.58%"
"01/05/2022","3.0375","3.0310","3.0555","3.0190","30.90M","0.16%"
"01/04/2022","3.0325","2.9800","3.0495","2.9645","46.99M","2.78%"
"01/03/2022","2.9505","2.9500","2.9835","2.9270","36.17M","0.34%"
"12/30/2021","2.9405","2.9200","2.9510","2.9155","36.17M","0.62%"
"12/29/2021","2.9225","2.9115","2.9370","2.9040","26.92M","-0.29%"
"12/28/2021","2.9310","2.9210","2.9370","2.9075","21.57M","0.26%"
"12/27/2021","2.9235","2.8735","2.9300","2.8730","19.77M","0.76%"
"12/23/2021","2.9015","2.8300","2.9190","2.8235","78.21M","3.05%"
"12/22/2021","2.8155","2.7900","2.8285","2.7830","26.94M","0.16%"
"12/21/2021","2.8110","2.7930","2.8220","2.7585","42.17M","2.05%"
"12/20/2021","2.7545","2.7000","2.7855","2.6915","49.29M","-0.74%"
"12/17/2021","2.7750","2.7505","2.7950","2.7325","97.05M","0.31%"
"12/16/2021","2.7665","2.6930","2.7910","2.6785","54.02M","4.14%"
"12/15/2021","2.6565","2.6900","2.6990","2.6565","34.62M","-1.12%"
"12/14/2021","2.6865","2.6845","2.7120","2.6600","45.12M","1.05%"
"12/13/2021","2.6585","2.7040","2.7245","2.6530","37.46M","-1.57%"
"12/10/2021","2.7010","2.7000","2.7280","2.6830","49.05M","-0.61%"
"12/09/2021","2.7175","2.7730","2.7730","2.7025","46.96M","-1.13%"
"12/08/2021","2.7485","2.7900","2.8080","2.7335","65.55M","-2.48%"
"12/07/2021","2.8185","2.8470","2.8475","2.8040","37.48M","0.18%"
"12/06/2021","2.8135","2.7880","2.8135","2.7635","28.49M","1.81%"
"12/03/2021","2.7635","2.8320","2.8360","2.7525","36.34M","-1.04%"
"12/02/2021","2.7925","2.7720","2.8155","2.7600","42.53M","-1.05%"
"12/01/2021","2.8220","2.7700","2.8340","2.7615","61.67M","2.62%"
"11/30/2021","2.7500","2.7490","2.8020","2.7175","81.50M","-1.20%"
"11/29/2021","2.7835","2.8510","2.8560","2.7755","64.50M","0.02%"
"11/26/2021","2.7830","2.9195","2.9200","2.7830","116.32M","-8.92%"
"11/25/2021","3.0555","3.0535","3.0715","3.0240","40.08M","0.78%"
"11/24/2021","3.0320","3.0540","3.1185","3.0285","74.38M","-1.03%"
"11/23/2021","3.0635","3.0800","3.1145","3.0320","53.71M","-1.24%"
"11/22/2021","3.1020","3.0725","3.1175","3.0465","49.51M","1.42%"
"11/19/2021","3.0585","3.1610","3.1815","3.0125","98.58M","-2.53%"
"11/18/2021","3.1380","3.1900","3.2165","3.1350","56.39M","-1.94%"
"11/17/2021","3.2000","3.2270","3.2280","3.1950","66.17M","-0.28%"
"11/16/2021","3.2090","3.2115","3.2350","3.1895","31.12M","-0.08%"
"11/15/2021","3.2115","3.1640","3.2320","3.1350","52.14M","0.82%"
"11/12/2021","3.1855","3.1965","3.2020","3.1635","46.99M","-1.07%"
"11/11/2021","3.2200","3.2305","3.2620","3.2075","80.52M","0.25%"
"11/10/2021","3.2120","3.2020","3.2545","3.2000","43.93M","0.64%"
"11/09/2021","3.1915","3.2270","3.2505","3.1910","39.60M","-1.44%"
"11/08/2021","3.2380","3.2780","3.3000","3.2380","69.06M","-1.40%"
"11/05/2021","3.2840","3.2270","3.3190","3.2150","84.77M","1.44%"
"11/04/2021","3.2375","3.3200","3.3270","3.2160","144.55M","-2.19%"
"11/03/2021","3.3100","3.2750","3.3100","3.2360","306.67M","0.47%"
"11/02/2021","3.2945","3.3250","3.3350","3.2725","50.79M","-1.47%"
"11/01/2021","3.3435","3.2800","3.3535","3.2755","77.14M","2.04%"
"10/29/2021","3.2765","3.2525","3.2765","3.1875","48.52M","-0.12%"
"10/28/2021","3.2805","3.2540","3.3000","3.1980","50.60M","0.60%"
"10/27/2021","3.2610","3.3500","3.3505","3.2245","66.84M","-2.85%"
"10/26/2021","3.3565","3.3200","3.3745","3.3105","39.61M","1.15%"
"10/25/2021","3.3185","3.3000","3.3505","3.2915","91.58M","1.11%"
"10/22/2021","3.2820","3.3130","3.3420","3.2820","90.02M","-0.95%"
"10/21/2021","3.3135","3.3320","3.3500","3.2970","97.93M","-1.38%"
"10/20/2021","3.3600","3.3600","3.3760","3.3220","366.91M","-0.04%"
"10/19/2021","3.3615","3.3250","3.3800","3.3155","51.80M","0.95%"
"10/18/2021","3.3300","3.3450","3.3750","3.3195","87.09M","-0.46%"
"10/15/2021","3.3455","3.3100","3.3850","3.3080","46.45M","1.97%"
"10/14/2021","3.2810","3.3100","3.3580","3.2810","59.29M","0.15%"
"10/13/2021","3.2760","3.3610","3.3785","3.2605","39.02M","-3.18%"
"10/12/2021","3.3835","3.2950","3.3930","3.2800","38.76M","1.03%"
"10/11/2021","3.3490","3.3375","3.3750","3.3300","28.27M","-0.03%"
"10/08/2021","3.3500","3.3245","3.3750","3.3245","42.39M","0.56%"
"10/07/2021","3.3315","3.2755","3.3510","3.2560","58.49M","2.86%"
"10/06/2021","3.2390","3.2380","3.2635","3.1720","49.28M","-0.58%"
"10/05/2021","3.2580","3.1355","3.2580","3.1325","54.51M","4.26%"
"10/04/2021","3.1250","3.1240","3.1780","3.0930","26.64M","0.05%"
"10/01/2021","3.1235","3.0800","3.1410","3.0415","36.94M","-0.41%"
"09/30/2021","3.1365","3.1885","3.1940","3.1210","48.26M","-0.63%"
"09/29/2021","3.1565","3.1270","3.1630","3.0990","50.83M","2.48%"
"09/28/2021","3.0800","3.2170","3.2390","3.0800","50.77M","-3.83%"
"09/27/2021","3.2025","3.1275","3.2025","3.1005","55.50M","3.34%"
"09/24/2021","3.0990","3.0700","3.1160","3.0465","28.57M","0.52%"
"09/23/2021","3.0830","3.0240","3.0950","3.0110","35.34M","2.99%"
"09/22/2021","2.9935","2.9520","2.9975","2.9155","42.95M","3.24%"
"09/21/2021","2.8995","2.9345","2.9590","2.8870","47.73M","0.19%"
"09/20/2021","2.8940","2.9840","3.0050","2.8810","73.91M","-4.80%"
"09/17/2021","3.0400","3.1445","3.1630","3.0400","126.90M","-2.06%"
"09/16/2021","3.1040","3.1195","3.1460","3.0985","70.45M","0.49%"
"09/15/2021","3.0890","3.0795","3.1180","3.0675","33.71M","-0.06%"
"09/14/2021","3.0910","3.1140","3.1480","3.0760","31.33M","-0.74%"
"09/13/2021","3.1140","3.0700","3.1140","3.0485","26.93M","2.33%"
"09/10/2021","3.0430","3.0735","3.1140","3.0230","28.93M","-0.62%"
"09/09/2021","3.0620","3.0620","3.0810","3.0220","58.24M","-0.03%"
"09/08/2021","3.0630","3.1050","3.1195","3.0265","38.95M","-2.31%"
"09/07/2021","3.1355","3.1200","3.1395","3.1050","22.61M","0.82%"
"09/06/2021","3.1100","3.0970","3.1255","3.0840","13.40M","1.11%"
"09/03/2021","3.0760","3.1315","3.1350","3.0715","39.71M","-2.02%"
"09/02/2021","3.1395","3.1625","3.1740","3.1150","37.91M","-1.26%"
"09/01/2021","3.1795","3.1520","3.2070","3.1495","31.64M","1.66%"
"08/31/2021","3.1275","3.1250","3.1660","3.0935","41.51M","0.14%"
"08/30/2021","3.1230","3.1625","3.1665","3.1135","10.93M","-1.36%"
"08/27/2021","3.1660","3.1460","3.1735","3.1155","14.74M","0.32%"
"08/26/2021","3.1560","3.1880","3.2065","3.1545","23.71M","-1.38%"
"08/25/2021","3.2000","3.1235","3.2000","3.1125","29.59M","2.76%"
"08/24/2021","3.1140","3.1495","3.1505","3.0800","19.31M","-0.24%"
"08/23/2021","3.1215","3.0950","3.1235","3.0860","21.76M","1.48%"
"08/20/2021","3.0760","3.0615","3.0930","3.0230","27.20M","0.11%"
"08/19/2021","3.0725","3.0950","3.1225","3.0535","37.62M","-2.66%"
"08/18/2021","3.1565","3.1350","3.1600","3.1055","23.73M","0.45%"
"08/17/2021","3.1425","3.1845","3.1985","3.1350","39.00M","-1.83%"
"08/16/2021","3.2010","3.2230","3.2535","3.1960","37.13M","-1.92%"
"08/13/2021","3.2635","3.2830","3.3100","3.2560","45.37M","-0.37%"
"08/12/2021","3.2755","3.2900","3.2945","3.2560","21.97M","-0.61%"
"08/11/2021","3.2955","3.2700","3.2990","3.2435","27.87M","1.07%"
"08/10/2021","3.2605","3.2220","3.2605","3.2005","24.18M","0.79%"
"08/09/2021","3.2350","3.2255","3.2435","3.1900","20.36M","0.26%"
"08/06/2021","3.2265","3.1255","3.2280","3.0980","37.01M","2.43%"
"08/05/2021","3.1500","3.1215","3.1510","3.0900","23.85M","0.46%"
"08/04/2021","3.1355","3.1180","3.1415","3.0760","22.77M","1.05%"
"08/03/2021","3.1030","3.0780","3.1435","3.0610","25.68M","1.21%"
"08/02/2021","3.0660","3.1095","3.1720","3.0555","28.86M","-0.70%"
"07/30/2021","3.0875","3.1470","3.1480","3.0800","39.57M","-1.61%"
"07/29/2021","3.1380","3.1050","3.1830","3.0925","33.87M","2.57%"
"07/28/2021","3.0595","3.1500","3.1625","3.0480","72.35M","-3.04%"
"07/27/2021","3.1555","3.1570","3.1785","3.1090","31.08M","-1.05%"
"07/26/2021","3.1890","3.0940","3.2135","3.0580","30.79M","2.02%"
"07/23/2021","3.1260","3.0920","3.1690","3.0840","27.75M","1.54%"
"07/22/2021","3.0785","3.0800","3.1430","3.0690","35.83M","0.28%"
"07/21/2021","3.0700","2.9645","3.0740","2.9420","40.31M","3.91%"
"07/20/2021","2.9545","2.9320","2.9700","2.8820","44.02M","0.68%"
"07/19/2021","2.9345","3.0000","3.0095","2.9120","48.58M","-3.41%"
"07/16/2021","3.0380","3.1450","3.1550","3.0080","33.44M","-2.66%"
"07/15/2021","3.1210","3.0900","3.1325","3.0800","26.58M","0.55%"
"07/14/2021","3.1040","3.0930","3.1495","3.0835","21.79M","0.66%"
"07/13/2021","3.0835","3.1460","3.1580","3.0700","32.47M","-1.77%"
"07/12/2021","3.1390","3.1410","3.1460","3.0560","39.49M","0.30%"
"07/09/2021","3.1295","3.0850","3.1390","3.0400","35.67M","2.35%"
"07/08/2021","3.0575","3.1000","3.1065","3.0250","59.22M","-2.78%"
"07/07/2021","3.1450","3.1660","3.1855","3.1090","34.07M","-0.54%"
"07/06/2021","3.1620","3.2770","3.2900","3.1505","30.32M","-3.17%"
"07/05/2021","3.2655","3.2210","3.2860","3.2070","22.48M","1.33%"
"07/02/2021","3.2225","3.2990","3.3040","3.2130","26.32M","-2.04%"
"07/01/2021","3.2895","3.2390","3.3130","3.2390","24.18M","2.17%"
"06/30/2021","3.2195","3.2560","3.2650","3.2070","43.71M","-1.66%"
"06/29/2021","3.2740","3.2710","3.3080","3.2505","22.55M","0.35%"
"06/28/2021","3.2625","3.3495","3.3575","3.2625","23.23M","-2.77%"
"06/25/2021","3.3555","3.3300","3.3595","3.3040","29.04M","1.13%"
"06/24/2021","3.3180","3.3080","3.3570","3.2830","27.90M","1.30%"
"06/23/2021","3.2755","3.2950","3.3310","3.2655","28.47M","-0.37%"
"06/22/2021","3.2875","3.3035","3.3035","3.2325","42.84M","0.23%"
"06/21/2021","3.2800","3.2385","3.2950","3.2115","49.07M","-0.26%"
"06/18/2021","3.2885","3.3500","3.3680","3.2505","148.01M","-2.19%"
"06/17/2021","3.3620","3.4000","3.4750","3.3620","105.71M","-0.06%"
"06/16/2021","3.3640","3.4490","3.4555","3.3430","38.87M","-1.81%"
"06/15/2021","3.4260","3.4430","3.4430","3.3920","46.22M","-0.33%"
"06/14/2021","3.4375","3.4560","3.4675","3.4160","38.60M","0.09%"
"06/11/2021","3.4345","3.4330","3.4410","3.4050","26.01M","-0.33%"
"06/10/2021","3.4460","3.4180","3.5080","3.4050","60.46M","1.92%"
"06/09/2021","3.3810","3.4000","3.4235","3.3625","105.01M","-0.51%"
"06/08/2021","3.3985","3.4455","3.4700","3.3705","52.82M","-1.81%"
"06/07/2021","3.4610","3.4250","3.4735","3.4135","33.51M","0.54%"
"06/04/2021","3.4425","3.5040","3.5080","3.4380","42.29M","-1.81%"
"06/03/2021","3.5060","3.4670","3.5090","3.4540","49.12M","0.89%"
"06/02/2021","3.4750","3.4800","3.4925","3.4430","55.66M","-0.09%"
"06/01/2021","3.4780","3.4450","3.4860","3.4350","26.90M","1.58%"
"05/31/2021","3.4240","3.4550","3.4600","3.4200","16.93M","-0.77%"
"05/28/2021","3.4505","3.4800","3.4895","3.4165","38.37M","0.09%"
"05/27/2021","3.4475","3.3415","3.4695","3.3340","68.74M","2.77%"
"05/26/2021","3.3545","3.3700","3.3795","3.2900","45.90M","-0.59%"
"05/25/2021","3.3745","3.3710","3.4170","3.3505","33.26M","0.48%"
"05/24/2021","3.3585","3.3900","3.3935","3.3240","26.45M","-0.33%"
"05/21/2021","3.3695","3.3055","3.3805","3.2995","51.34M","1.55%"
"05/20/2021","3.3180","3.3285","3.3355","3.2530","32.39M","0.77%"
"05/19/2021","3.2925","3.3345","3.3980","3.2560","68.05M","-2.31%"
"05/18/2021","3.3705","3.3650","3.3970","3.3370","36.85M","1.19%"
"05/17/2021","3.3310","3.3440","3.3730","3.3015","51.53M","-0.66%"
"05/14/2021","3.3530","3.2970","3.3600","3.2835","53.37M","2.73%"
"05/13/2021","3.2640","3.2400","3.2795","3.1985","50.20M","-0.71%"
"05/12/2021","3.2875","3.2385","3.3015","3.2005","56.59M","1.15%"
"05/11/2021","3.2500","3.2730","3.2915","3.2150","48.86M","-1.69%"
"05/10/2021","3.3060","3.2490","3.3390","3.2315","56.53M","2.80%"
"05/07/2021","3.2160","3.2500","3.2550","3.1610","54.49M","-0.08%"
"05/06/2021","3.2185","3.2270","3.2560","3.1890","39.78M","-0.20%"
"05/05/2021","3.2250","3.1930","3.2250","3.1760","34.89M","2.09%"
"05/04/2021","3.1590","3.1855","3.2500","3.1365","55.90M","-1.19%"
"05/03/2021","3.1970","3.2100","3.2200","3.1705","86.39M","-0.56%"
"04/30/2021","3.2150","3.1625","3.2200","3.1220","51.24M","1.40%"
"04/29/2021","3.1705","3.1140","3.1854","3.1031","71.36M","1.77%"
"04/28/2021","3.1155","3.0134","3.1180","2.9891","74.65M","2.70%"
"04/27/2021","3.0337","2.8850","3.0337","2.8686","81.68M","5.01%"
"04/26/2021","2.8889","2.8265","2.8969","2.7918","55.86M","2.35%"
"04/23/2021","2.8225","2.8017","2.8483","2.7814","88.91M","0.05%"
"04/22/2021","2.8210","2.7878","2.8339","2.7655","24.68M","1.01%"
"04/21/2021","2.7928","2.8374","2.8666","2.7427","69.88M","-1.21%"
"04/20/2021","2.8270","2.9296","2.9459","2.8190","79.85M","-3.83%"
"04/19/2021","2.9395","2.8562","2.9529","2.8433","75.69M","3.17%"
"04/16/2021","2.8493","2.8255","2.8721","2.8156","34.12M","1.21%"
"04/15/2021","2.8151","2.8805","2.8979","2.8081","34.44M","-2.37%"
"04/14/2021","2.8835","2.8463","2.8944","2.8399","33.82M","0.99%"
"04/13/2021","2.8552","2.8850","2.9197","2.8344","43.73M","-0.95%"
"04/12/2021","2.8825","2.8731","2.9117","2.8369","40.34M","0.16%"
"04/09/2021","2.8780","2.8994","2.9157","2.8612","32.75M","-0.65%"
"04/08/2021","2.8969","2.9331","2.9455","2.8542","33.38M","-0.95%"
"04/07/2021","2.9246","2.8998","2.9385","2.8835","41.15M","0.87%"
"04/06/2021","2.8994","2.9078","2.9415","2.8870","42.59M","1.44%"
"04/01/2021","2.8582","2.8825","2.8850","2.8428","24.79M","-0.48%"
"03/31/2021","2.8721","2.8949","2.9132","2.8612","44.09M","-1.51%"
"03/30/2021","2.9162","2.8721","2.9227","2.8557","35.87M","2.71%"
"03/29/2021","2.8394","2.8508","2.8835","2.8265","37.65M","-1.10%"
"03/26/2021","2.8711","2.9147","2.9415","2.8711","48.67M","1.42%"
"03/25/2021","2.8309","2.8384","2.8513","2.7789","33.63M","-0.76%"
"03/24/2021","2.8528","2.7809","2.8528","2.7492","54.32M","0.61%"
"03/23/2021","2.8354","2.8037","2.8493","2.7893","34.28M","0.62%"
"03/22/2021","2.8181","2.8602","2.8770","2.8042","44.02M","-1.68%"
"03/19/2021","2.8661","2.9246","2.9435","2.8632","89.73M","-3.18%"
"03/18/2021","2.9603","2.9251","2.9911","2.9192","76.32M","2.02%"
"03/17/2021","2.9018","2.8914","2.9286","2.8701","41.67M","0.43%"
"03/16/2021","2.8894","2.9241","2.9514","2.8622","49.27M","-0.56%"
"03/15/2021","2.9058","2.9544","2.9990","2.8761","44.50M","-1.43%"
"03/12/2021","2.9479","2.8765","2.9544","2.8751","35.02M","1.85%"
"03/11/2021","2.8944","2.9395","2.9593","2.8295","42.50M","-1.42%"
"03/10/2021","2.9360","2.9296","2.9767","2.9073","49.33M","-0.40%"
"03/09/2021","2.9479","3.0124","3.0129","2.8899","75.73M","-2.65%"
"03/08/2021","3.0282","3.0039","3.0367","2.9613","51.35M","2.50%"
"03/05/2021","2.9544","2.9227","3.0129","2.8785","123.63M","1.29%"
"03/04/2021","2.9167","2.8949","2.9326","2.8666","47.44M","-0.08%"
"03/03/2021","2.9192","2.8939","2.9811","2.8810","70.17M","1.80%"
"03/02/2021","2.8676","2.8651","2.9157","2.8463","38.53M","-0.94%"
"03/01/2021","2.8949","2.9147","2.9435","2.8770","35.79M","0.78%"
"02/26/2021","2.8726","2.8741","2.9341","2.8458","60.36M","-2.29%"
"02/25/2021","2.9400","2.9643","3.0416","2.9301","74.66M","0.10%"
"02/24/2021","2.9370","2.9172","2.9469","2.8780","43.19M","0.41%"
"02/23/2021","2.9251","2.8751","2.9420","2.8666","55.91M","1.90%"
"02/22/2021","2.8706","2.9246","2.9246","2.8270","56.69M","-2.69%"
"02/19/2021","2.9499","2.8552","2.9683","2.8156","71.47M","4.20%"
"02/18/2021","2.8309","2.8661","2.8944","2.8126","48.25M","-1.35%"
"02/17/2021","2.8696","2.8850","2.9494","2.8488","56.93M","-0.58%"
"02/16/2021","2.8865","2.8850","2.8949","2.8379","58.43M","0.05%"
"02/15/2021","2.8850","2.8235","2.8998","2.8027","56.99M","4.11%"
"02/12/2021","2.7710","2.7670","2.7720","2.7001","43.48M","-0.05%"
"02/11/2021","2.7725","2.8037","2.8265","2.7432","36.75M","-1.44%"
"02/10/2021","2.8131","2.8255","2.8552","2.7660","45.37M","0.19%"
"02/09/2021","2.8076","2.8156","2.8215","2.7809","47.71M","-0.46%"
"02/08/2021","2.8205","2.7992","2.8349","2.7581","78.45M","2.04%"
"02/05/2021","2.7640","2.6574","2.7645","2.6292","84.32M","3.64%"
"02/04/2021","2.6669","2.5479","2.6812","2.5167","91.26M","5.32%"
"02/03/2021","2.5320","2.6054","2.6426","2.5236","65.67M","0.67%"
"02/02/2021","2.5152","2.4170","2.5395","2.4106","74.09M","4.96%"
"02/01/2021","2.3962","2.4364","2.4522","2.3913","59.25M","0.08%"
"01/29/2021","2.3942","2.4091","2.4299","2.3675","66.13M","-2.68%"
"01/28/2021","2.4602","2.3843","2.4755","2.3546","48.71M","2.01%"
"01/27/2021","2.4116","2.4884","2.5023","2.4012","55.17M","-3.95%"
"01/26/2021","2.5107","2.4701","2.5390","2.4641","39.20M","1.71%"
"01/25/2021","2.4686","2.5762","2.5960","2.4542","50.40M","-3.53%"
"01/22/2021","2.5588","2.5836","2.5876","2.5261","68.41M","-2.23%"
"01/21/2021","2.6173","2.6768","2.6931","2.6173","82.53M","-1.80%"
"01/20/2021","2.6654","2.7065","2.7115","2.6396","56.05M","0.17%"
"01/19/2021","2.6609","2.7442","2.7472","2.6609","51.59M","-1.97%"
"01/18/2021","2.7145","2.6768","2.7264","2.6689","67.99M","0.64%"
"01/15/2021","2.6971","2.7576","2.8106","2.6812","102.53M","-2.87%"
"01/14/2021","2.7769","2.8057","2.8290","2.7620","55.11M","-1.09%"
"01/13/2021","2.8076","2.8156","2.8280","2.7863","38.72M","-0.61%"
"01/12/2021","2.8250","2.8057","2.8414","2.7888","53.30M","1.41%"
"01/11/2021","2.7858","2.7427","2.8190","2.7219","96.16M","1.81%"
"01/08/2021","2.7363","2.7759","2.7759","2.6867","63.40M","-1.18%"
"01/07/2021","2.7690","2.7457","2.7759","2.6778","53.82M","1.47%"
"01/06/2021","2.7288","2.6267","2.7685","2.6069","73.69M","6.87%"
"01/05/2021","2.5534","2.5117","2.5712","2.5063","33.86M","0.35%"
"01/04/2021","2.5444","2.5697","2.5752","2.4924","61.03M","1.12%"
"12/31/2020","2.5162","2.5196","2.5504","2.5092","14.72M","-1.44%"
"12/30/2020","2.5529","2.5573","2.5930","2.5529","26.27M","-0.64%"
"12/29/2020","2.5692","2.5876","2.6118","2.5420","26.97M","0.04%"
"12/28/2020","2.5682","2.6768","2.6887","2.5449","32.05M","-2.98%"
"12/24/2020","2.6470","2.6168","2.6535","2.6074","27.30M","1.93%"
"12/23/2020","2.5970","2.5102","2.6074","2.5008","76.46M","3.50%"
"12/22/2020","2.5092","2.4537","2.5182","2.4433","40.26M","3.26%"
"12/21/2020","2.4299","2.4384","2.4914","2.3893","136.97M","-4.94%"
"12/18/2020","2.5563","2.6421","2.6902","2.5563","130.07M","-4.09%"
"12/17/2020","2.6654","2.6768","2.6912","2.6351","56.46M","0.35%"
"12/16/2020","2.6560","2.6470","2.7115","2.6297","53.53M","-0.94%"
"12/15/2020","2.6812","2.6004","2.7115","2.5786","66.78M","3.11%"
"12/14/2020","2.6004","2.6133","2.6629","2.5895","56.77M","1.86%"
"12/11/2020","2.5529","2.6252","2.6351","2.5038","98.99M","-2.76%"
"12/10/2020","2.6252","2.7264","2.7383","2.5786","73.70M","-2.84%"
"12/09/2020","2.7021","2.7412","2.7695","2.7006","44.85M","-1.66%"
"12/08/2020","2.7477","2.6946","2.7615","2.6773","60.26M","1.67%"
"12/07/2020","2.7026","2.8057","2.8081","2.6807","80.73M","-4.75%"
"12/04/2020","2.8374","2.6768","2.8374","2.6689","112.27M","5.71%"
"12/03/2020","2.6842","2.6416","2.6991","2.6079","70.01M","1.03%"
"12/02/2020","2.6570","2.5291","2.6669","2.5117","102.22M","4.75%"
"12/01/2020","2.5365","2.4190","2.5365","2.4170","134.25M","5.83%"
"11/30/2020","2.3967","2.4170","2.4344","2.3650","98.24M","-1.93%"
"11/27/2020","2.4438","2.3749","2.4532","2.3665","68.30M","1.54%"
"11/26/2020","2.4066","2.4165","2.4289","2.3779","64.61M","-1.38%"
"11/25/2020","2.4403","2.4785","2.4983","2.3868","69.00M","-0.89%"
"11/24/2020","2.4621","2.3595","2.4621","2.3496","74.45M","5.48%"
"11/23/2020","2.3343","2.3382","2.3660","2.3159","55.67M","0.77%"
"11/20/2020","2.3164","2.3075","2.3303","2.2916","56.33M","0.52%"
"11/19/2020","2.3045","2.3050","2.3189","2.2663","63.64M","-1.59%"
"11/18/2020","2.3417","2.3243","2.3491","2.3001","63.45M","-0.25%"
"11/17/2020","2.3476","2.3070","2.3585","2.2634","87.34M","0.72%"
"11/16/2020","2.3308","2.3794","2.4190","2.3134","151.83M","2.82%"
"11/13/2020","2.2669","2.1814","2.2911","2.1738","97.20M","2.93%"
"11/12/2020","2.2023","2.1662","2.2061","2.1467","94.61M","-1.30%"
"11/11/2020","2.2313","2.1976","2.2327","2.1258","113.59M","1.51%"
"11/10/2020","2.1980","2.0237","2.1980","2.0109","256.00M","8.59%"
"11/09/2020","2.0242","1.7292","2.0313","1.7022","208.23M","19.22%"
"11/06/2020","1.6978","1.7316","1.7662","1.6898","52.83M","-2.38%"
"11/05/2020","1.7392","1.7007","1.7495","1.6516","90.97M","3.07%"
"11/04/2020","1.6874","1.6997","1.7238","1.6693","67.82M","-4.09%"
"11/03/2020","1.7594","1.7100","1.7594","1.6919","84.90M","3.88%"
"11/02/2020","1.6936","1.6477","1.6936","1.6266","50.18M","4.20%"
"10/30/2020","1.6254","1.5677","1.6313","1.5637","73.26M","3.02%"
"10/29/2020","1.5777","1.5829","1.6138","1.5468","70.01M","1.02%"
"10/28/2020","1.5618","1.5772","1.6161","1.5471","89.03M","-3.17%"
"10/27/2020","1.6129","1.6912","1.7178","1.6066","89.82M","-1.46%"
"10/26/2020","1.6368","1.6136","1.6648","1.6091","53.05M","-1.22%"
"10/23/2020","1.6570","1.6087","1.6722","1.6058","57.00M","3.35%"
"10/22/2020","1.6032","1.5711","1.6112","1.5515","41.77M","1.13%"
"10/21/2020","1.5853","1.6513","1.6617","1.5853","47.98M","-1.83%"
"10/20/2020","1.6148","1.5553","1.6400","1.5525","67.77M","2.77%"
"10/19/2020","1.5713","1.5621","1.5981","1.5449","34.74M","0.69%"
"10/16/2020","1.5606","1.5298","1.5715","1.4909","60.86M","2.65%"
"10/15/2020","1.5203","1.5201","1.5232","1.4831","51.70M","-0.96%"
"10/14/2020","1.5350","1.5372","1.5696","1.5253","36.51M","0.14%"
"10/13/2020","1.5329","1.5823","1.5855","1.5281","44.00M","-3.32%"
"10/12/2020","1.5855","1.6034","1.6205","1.5749","38.81M","-1.49%"
"10/09/2020","1.6095","1.6332","1.6456","1.5982","44.26M","-1.28%"
"10/08/2020","1.6304","1.6174","1.6480","1.6133","48.94M","1.72%"
"10/07/2020","1.6028","1.6060","1.6218","1.5935","45.79M","-1.30%"
"10/06/2020","1.6239","1.5270","1.6362","1.5156","73.19M","6.23%"
"10/05/2020","1.5287","1.5201","1.5429","1.5055","48.94M","1.93%"
"10/02/2020","1.4998","1.4787","1.5078","1.4656","61.72M","-0.09%"
"10/01/2020","1.5011","1.5500","1.5513","1.4871","48.56M","-1.23%"
"09/30/2020","1.5198","1.4821","1.5454","1.4747","57.90M","0.47%"
"09/29/2020","1.5127","1.5506","1.5506","1.5059","50.64M","-3.81%"
"09/28/2020","1.5726","1.5086","1.5726","1.4958","63.65M","6.81%"
"09/25/2020","1.4723","1.4850","1.5105","1.4544","60.73M","0.24%"
"09/24/2020","1.4688","1.4316","1.4896","1.4270","89.98M","0.54%"
"09/23/2020","1.4609","1.4953","1.5333","1.4609","85.76M","-1.46%"
"09/22/2020","1.4825","1.5568","1.5582","1.4726","99.46M","-1.86%"
"09/21/2020","1.5106","1.5882","1.5882","1.5038","109.82M","-6.22%"
"09/18/2020","1.6108","1.6716","1.6722","1.5912","205.33M","-3.78%"
"09/17/2020","1.6741","1.6693","1.6889","1.6513","57.02M","-1.96%"
"09/16/2020","1.7075","1.7170","1.7180","1.6532","73.82M","0.19%"
"09/15/2020","1.7043","1.7130","1.7330","1.6933","43.94M","-1.11%"
"09/14/2020","1.7235","1.7343","1.7387","1.6940","41.90M","0.48%"
"09/11/2020","1.7153","1.7539","1.7554","1.7102","67.30M","-2.18%"
"09/10/2020","1.7535","1.7896","1.7949","1.7381","55.88M","-2.08%"
"09/09/2020","1.7907","1.7657","1.7957","1.7358","52.26M","1.57%"
"09/08/2020","1.7630","1.8215","1.8527","1.7596","49.68M","-2.99%"
"09/07/2020","1.8173","1.8361","1.8593","1.7852","44.65M","0.38%"
"09/04/2020","1.8105","1.7862","1.8365","1.7679","81.29M","3.40%"
"09/03/2020","1.7510","1.7577","1.8147","1.7390","60.11M","1.03%"
"09/02/2020","1.7332","1.7793","1.7904","1.7248","48.96M","-2.45%"
"09/01/2020","1.7767","1.8052","1.8073","1.7406","54.30M","0.39%"
"08/31/2020","1.7698","1.8812","1.8907","1.7698","50.83M","-5.06%"
"08/28/2020","1.8641","1.8189","1.8738","1.8054","52.45M","3.29%"
"08/27/2020","1.8048","1.8170","1.8194","1.7677","35.22M","-1.09%"
"08/26/2020","1.8247","1.7881","1.8358","1.7814","22.64M","1.34%"
"08/25/2020","1.8006","1.8316","1.8650","1.7991","46.84M","-0.15%"
"08/24/2020","1.8033","1.7541","1.8033","1.7484","34.87M","3.88%"
"08/21/2020","1.7360","1.7696","1.7814","1.7111","50.38M","-1.44%"
"08/20/2020","1.7613","1.8014","1.8016","1.7613","37.73M","-4.16%"
"08/19/2020","1.8377","1.7721","1.8377","1.7651","24.99M","3.05%"
"08/18/2020","1.7833","1.7841","1.8358","1.7691","36.80M","-0.73%"
"08/17/2020","1.7964","1.8230","1.8506","1.7928","24.57M","-1.89%"
"08/14/2020","1.8310","1.8420","1.8432","1.7740","41.56M","-1.05%"
"08/13/2020","1.8504","1.8686","1.9097","1.8504","40.41M","-2.03%"
"08/12/2020","1.8888","1.9002","1.9463","1.8875","54.71M","-0.70%"
"08/11/2020","1.9021","1.8152","1.9083","1.8152","63.22M","5.71%"
"08/10/2020","1.7993","1.7814","1.8141","1.7643","63.75M","3.22%"
"08/07/2020","1.7432","1.7573","1.7710","1.7102","43.40M","-1.62%"
"08/06/2020","1.7719","1.7848","1.8107","1.7461","43.23M","-1.32%"
"08/05/2020","1.7957","1.8337","1.8548","1.7818","42.08M","-1.54%"
"08/04/2020","1.8238","1.7883","1.8337","1.7729","61.84M","3.37%"
"08/03/2020","1.7643","1.7292","1.7723","1.6782","84.55M","2.67%"
"07/31/2020","1.7183","1.8177","1.8259","1.7183","88.86M","-4.23%"
"07/30/2020","1.7942","1.9040","1.9092","1.7803","90.99M","-5.74%"
"07/29/2020","1.9035","1.9667","1.9809","1.8812","80.27M","-4.71%"
"07/28/2020","1.9976","1.9638","2.0080","1.9615","49.49M","1.33%"
"07/27/2020","1.9714","2.0047","2.0075","1.9491","41.92M","-2.40%"
"07/24/2020","2.0199","1.9961","2.0427","1.9819","41.78M","0.38%"
"07/23/2020","2.0123","2.0484","2.0636","2.0042","59.29M","-1.53%"
"07/22/2020","2.0436","2.0855","2.1083","2.0322","47.16M","-2.12%"
"07/21/2020","2.0878","2.1173","2.1971","2.0755","72.54M","-0.57%"
"07/20/2020","2.0997","2.0997","2.1064","2.0641","36.95M","-0.23%"
"07/17/2020","2.1045","2.1396","2.1463","2.0793","58.92M","-2.01%"
"07/16/2020","2.1477","2.1510","2.1776","2.1249","36.77M","-0.29%"
"07/15/2020","2.1539","2.1306","2.1838","2.0679","83.72M","1.93%"
"07/14/2020","2.1130","2.1235","2.1325","2.0821","41.86M","-0.98%"
"07/13/2020","2.1339","2.1515","2.1662","2.1083","39.37M","1.17%"
"07/10/2020","2.1092","2.0427","2.1092","2.0379","45.39M","2.09%"
"07/09/2020","2.0660","2.1244","2.1330","2.0646","36.51M","-1.87%"
"07/08/2020","2.1054","2.1344","2.1448","2.0988","42.71M","-2.27%"
"07/07/2020","2.1543","2.1947","2.2071","2.1543","49.53M","-2.98%"
"07/06/2020","2.2204","2.1957","2.2622","2.1852","62.17M","4.92%"
"07/03/2020","2.1163","2.1695","2.1824","2.0931","38.76M","-2.54%"
"07/02/2020","2.1714","2.0741","2.2090","2.0555","86.76M","6.65%"
"07/01/2020","2.0360","2.0679","2.0855","2.0151","37.62M","-1.45%"
"06/30/2020","2.0660","2.0826","2.0988","2.0218","54.66M","-1.47%"
"06/29/2020","2.0969","2.0242","2.1106","2.0014","51.94M","4.03%"
"06/26/2020","2.0156","2.1068","2.1111","2.0156","48.15M","-3.06%"
"06/25/2020","2.0793","2.0237","2.0859","1.9876","59.61M","2.51%"
"06/24/2020","2.0284","2.1073","2.1510","2.0284","46.78M","-4.45%"
"06/23/2020","2.1230","2.0512","2.1586","2.0318","67.92M","4.93%"
"06/22/2020","2.0232","2.0318","2.0650","2.0071","44.61M","-1.09%"
"06/19/2020","2.0455","2.1092","2.1154","2.0379","238.61M","-1.51%"
"06/18/2020","2.0769","2.1111","2.1558","2.0398","79.18M","-2.72%"
"06/17/2020","2.1349","2.1320","2.1805","2.1021","75.18M","-0.13%"
"06/16/2020","2.1377","2.1135","2.1971","2.0693","89.18M","4.63%"
"06/15/2020","2.0432","1.9976","2.0684","1.9952","86.67M","-2.83%"
"06/12/2020","2.1026","2.0636","2.1738","2.0541","79.61M","0.39%"
"06/11/2020","2.0945","2.1947","2.2099","2.0945","143.44M","-9.30%"
"06/10/2020","2.3092","2.4156","2.4645","2.2878","79.93M","-2.80%"
"06/09/2020","2.3757","2.4123","2.4204","2.3040","96.56M","-2.13%"
"06/08/2020","2.4275","2.3752","2.4702","2.3529","153.12M","1.11%"
"06/05/2020","2.4009","2.2137","2.4037","2.2118","155.40M","11.35%"
"06/04/2020","2.1562","2.1026","2.1852","2.0722","122.07M","1.66%"
"06/03/2020","2.1211","2.0869","2.1344","2.0650","104.29M","3.19%"
"06/02/2020","2.0555","1.9809","2.0807","1.9619","79.06M","4.39%"
"06/01/2020","1.9691","1.9876","2.0014","1.9334","46.21M","1.72%"
"05/29/2020","1.9358","1.9942","2.0056","1.9159","94.03M","-4.46%"
"05/28/2020","2.0261","2.0427","2.0617","1.9681","83.94M","-0.81%"
"05/27/2020","2.0427","1.9762","2.0512","1.9667","131.30M","4.88%"
"05/26/2020","1.9477","1.8833","1.9510","1.8740","104.10M","5.86%"
"05/25/2020","1.8399","1.8337","1.8500","1.8067","36.16M","2.15%"
"05/22/2020","1.8012","1.7436","1.8346","1.7225","71.19M","2.02%"
"05/21/2020","1.7655","1.7647","1.8052","1.7434","78.56M","-1.41%"
"05/20/2020","1.7907","1.7292","1.7921","1.6874","79.15M","3.38%"
"05/19/2020","1.7322","1.8812","1.9078","1.7028","125.24M","-5.58%"
"05/18/2020","1.8346","1.7791","1.8361","1.7501","65.89M","5.30%"
"05/15/2020","1.7423","1.7943","1.8082","1.7254","64.95M","-2.00%"
"05/14/2020","1.7778","1.7672","1.8040","1.7102","86.03M","-0.13%"
"05/13/2020","1.7801","1.8265","1.8375","1.7801","58.70M","-4.15%"
"05/12/2020","1.8571","1.8244","1.8827","1.8244","34.69M","0.67%"
"05/11/2020","1.8447","1.9192","1.9553","1.8365","46.07M","-2.82%"
"05/08/2020","1.8983","1.8664","1.9078","1.8451","32.50M","1.99%"
"05/07/2020","1.8612","1.8434","1.8732","1.8335","38.86M","1.16%"
"05/06/2020","1.8399","1.8899","1.9016","1.8301","44.21M","-2.73%"
"05/05/2020","1.8916","1.9059","1.9382","1.8565","64.68M","1.61%"
"05/04/2020","1.8616","1.8945","1.9092","1.8515","66.15M","-3.83%"
"04/30/2020","1.9358","2.0589","2.0859","1.9178","92.29M","-5.87%"
"04/29/2020","2.0565","1.9667","2.0641","1.9529","68.64M","4.87%"
"04/28/2020","1.9610","1.8479","2.0018","1.8443","69.58M","4.78%"
"04/27/2020","1.8715","1.8897","1.8905","1.8251","45.34M","3.46%"
"04/24/2020","1.8090","1.8384","1.8759","1.8090","55.51M","-4.66%"
"04/23/2020","1.8973","1.8460","1.9163","1.8318","52.09M","3.78%"
"04/22/2020","1.8282","1.7957","1.8384","1.7767","56.36M","2.88%"
"04/21/2020","1.7771","1.8052","1.8147","1.7715","58.97M","-4.13%"
"04/20/2020","1.8536","1.8945","1.8945","1.7928","73.10M","-0.43%"
"04/17/2020","1.8616","1.9572","1.9572","1.8546","83.81M","-0.47%"
"04/16/2020","1.8704","1.9382","1.9591","1.8536","74.69M","-1.62%"
"04/15/2020","1.9011","2.0151","2.0170","1.9011","95.01M","-5.66%"
"04/14/2020","2.0151","2.1068","2.1092","1.9999","76.33M","-2.03%"
"04/09/2020","2.0570","2.1501","2.1515","2.0570","96.44M","-2.24%"
"04/08/2020","2.1040","2.0750","2.1239","2.0569","46.55M","-1.49%"
"04/07/2020","2.1358","2.1757","2.2417","2.0764","76.35M","0.63%"
"04/06/2020","2.1225","2.0954","2.1273","2.0427","79.88M","6.54%"
"04/03/2020","1.9923","2.0047","2.0237","1.9672","63.23M","-2.53%"
"04/02/2020","2.0441","2.0712","2.1106","1.9952","67.33M","0.23%"
"04/01/2020","2.0394","2.0294","2.0565","1.9971","77.83M","-3.22%"
"03/31/2020","2.1073","2.1282","2.1676","2.0869","80.63M","0.16%"
"03/30/2020","2.1040","2.1377","2.1567","2.0427","87.32M","-4.24%"
"03/27/2020","2.1971","2.2802","2.2973","2.1548","71.08M","-5.94%"
"03/26/2020","2.3358","2.2560","2.3743","2.2384","73.00M","-0.59%"
"03/25/2020","2.3496","2.3520","2.3942","2.2066","105.97M","4.39%"
"03/24/2020","2.2508","2.0997","2.2508","2.0731","94.13M","12.01%"
"03/23/2020","2.0094","1.9116","2.0997","1.9102","89.69M","0.28%"
"03/20/2020","2.0037","2.0142","2.0522","1.9087","144.52M","3.23%"
"03/19/2020","1.9410","2.0090","2.0237","1.9011","108.67M","0.15%"
"03/18/2020","1.9382","2.0251","2.0712","1.9002","121.06M","-6.21%"
"03/17/2020","2.0665","2.1087","2.1092","1.8605","123.96M","7.78%"
"03/16/2020","1.9173","2.0807","2.0893","1.8322","206.09M","-10.61%"
"03/13/2020","2.1448","2.2527","2.4802","2.0817","152.47M","-0.92%"
"03/12/2020","2.1648","2.4883","2.4940","2.1558","201.42M","-16.86%"
"03/11/2020","2.6037","2.5667","2.7068","2.5429","129.76M","3.34%"
"03/10/2020","2.5196","2.6099","2.7496","2.4902","122.32M","-1.04%"
"03/09/2020","2.5462","2.7553","2.7562","2.5030","176.02M","-11.97%"
"03/06/2020","2.8926","2.9006","2.9325","2.8337","129.33M","-2.65%"
"03/05/2020","2.9714","3.1586","3.1591","2.9424","106.14M","-5.10%"
"03/04/2020","3.1310","3.0978","3.1481","3.0313","70.47M","1.85%"
"03/03/2020","3.0740","3.1358","3.2108","3.0541","149.42M","-0.60%"
"03/02/2020","3.0926","3.2398","3.2441","3.0056","101.12M","-2.16%"
"02/28/2020","3.1610","3.1667","3.2028","3.0935","129.81M","-2.70%"
"02/27/2020","3.2488","3.3168","3.3339","3.1923","107.97M","-3.56%"
"02/26/2020","3.3686","3.3253","3.4056","3.2683","77.99M","1.06%"
"02/25/2020","3.3334","3.4560","3.4560","3.3267","60.72M","-3.09%"
"02/24/2020","3.4398","3.4678","3.5035","3.4075","66.78M","-4.27%"
"02/21/2020","3.5932","3.6218","3.6455","3.5595","46.91M","-1.74%"
"02/20/2020","3.6569","3.7149","3.7343","3.6569","34.20M","-1.74%"
"02/19/2020","3.7215","3.7263","3.7562","3.7025","34.88M","0.54%"
"02/18/2020","3.7016","3.7486","3.7581","3.6997","31.05M","-1.44%"
"02/17/2020","3.7557","3.7419","3.7662","3.7358","23.95M","0.75%"
"02/14/2020","3.7277","3.7491","3.7524","3.7244","62.16M","-0.39%"
"02/13/2020","3.7424","3.7115","3.7453","3.6830","47.80M","-0.40%"
"02/12/2020","3.7576","3.6778","3.7576","3.6726","58.34M","2.20%"
"02/11/2020","3.6769","3.6607","3.6769","3.6222","46.83M","0.87%"
"02/10/2020","3.6450","3.6460","3.6783","3.6208","33.96M","-0.58%"
"02/07/2020","3.6664","3.6218","3.6664","3.6037","40.84M","0.76%"
"02/06/2020","3.6389","3.6441","3.6745","3.5909","77.42M","0.95%"
"02/05/2020","3.6047","3.4773","3.6047","3.4773","55.78M","2.79%"
"02/04/2020","3.5068","3.4175","3.5134","3.4066","50.29M","3.61%"
"02/03/2020","3.3847","3.3985","3.4184","3.3434","39.06M","0.24%"
"01/31/2020","3.3766","3.5082","3.5210","3.3757","58.70M","-3.07%"
"01/30/2020","3.4835","3.4773","3.5201","3.4541","43.67M","-1.11%"
"01/29/2020","3.5225","3.5020","3.5486","3.4583","84.05M","4.41%"
"01/28/2020","3.3738","3.3206","3.3842","3.2712","40.27M","2.16%"
"01/27/2020","3.3025","3.3286","3.3586","3.2930","41.82M","-1.81%"
"01/24/2020","3.3633","3.4313","3.4607","3.3572","55.01M","-0.89%"
"01/23/2020","3.3937","3.4218","3.4678","3.3795","41.42M","-0.14%"
"01/22/2020","3.3985","3.4393","3.4550","3.3838","32.62M","-1.13%"
"01/21/2020","3.4374","3.4298","3.4564","3.4056","50.85M","-0.44%"
"01/20/2020","3.4526","3.4797","3.4849","3.4507","19.96M","-1.18%"
"01/17/2020","3.4940","3.4878","3.5196","3.4745","42.54M","1.20%"
"01/16/2020","3.4526","3.4108","3.4650","3.3781","93.32M","1.44%"
"01/15/2020","3.4037","3.4360","3.4422","3.3866","37.09M","-1.01%"
"01/14/2020","3.4384","3.5130","3.5130","3.4270","37.94M","-2.82%"
"01/13/2020","3.5382","3.5727","3.5799","3.5056","32.25M","0.17%"
"01/10/2020","3.5320","3.5866","3.5913","3.5320","27.53M","-1.35%"
"01/09/2020","3.5804","3.6008","3.6237","3.5742","35.39M","-0.61%"
"01/08/2020","3.6024","3.5765","3.6072","3.5602","30.04M","0.94%"
"01/07/2020","3.5690","3.6070","3.6194","3.5538","29.23M","-0.48%"
"01/06/2020","3.5861","3.5818","3.6051","3.5220","26.32M","-1.68%"
"01/03/2020","3.6474","3.6762","3.6896","3.6158","39.75M","-0.70%"
"01/02/2020","3.6731","3.5818","3.6826","3.5714","47.33M","3.65%"
"12/31/2019","3.5438","3.5343","3.5557","3.5016","19.30M","-1.19%"
"12/30/2019","3.5866","3.5890","3.6115","3.5842","27.87M","0.49%"
"12/27/2019","3.5690","3.5443","3.5847","3.5391","26.83M","0.04%"
"12/24/2019","3.5676","3.5628","3.5685","3.5396","7.86M","-1.12%"
"12/23/2019","3.6081","3.6397","3.6426","3.5957","70.25M","-0.65%"
"12/20/2019","3.6317","3.5994","3.6317","3.5633","139.49M","0.70%"
"12/19/2019","3.6066","3.6175","3.6199","3.5818","31.72M","-0.87%"
"12/18/2019","3.6383","3.5923","3.6512","3.5890","56.86M","1.70%"
"12/17/2019","3.5776","3.5866","3.6099","3.5723","37.43M","-0.87%"
"12/16/2019","3.6089","3.5434","3.6199","3.5434","44.47M","1.48%"
"12/13/2019","3.5564","3.6417","3.6896","3.5564","145.00M","1.50%"
"12/12/2019","3.5039","3.3909","3.5225","3.3785","56.73M","3.55%"
"12/11/2019","3.3838","3.3652","3.4089","3.3633","32.71M","-1.45%"
"12/10/2019","3.4337","3.4356","3.4452","3.3848","73.15M","0.70%"
"12/09/2019","3.4099","3.4013","3.4469","3.3975","28.36M","0.11%"
"12/06/2019","3.4061","3.3681","3.4127","3.3515","33.79M","0.49%"
"12/05/2019","3.3896","3.4145","3.4337","3.3887","54.72M","0.43%"
"12/04/2019","3.3752","3.2849","3.3790","3.2807","44.10M","2.93%"
"12/03/2019","3.2792","3.3163","3.3253","3.2645","41.72M","-1.73%"
"12/02/2019","3.3369","3.3968","3.4366","3.3288","74.57M","-0.70%"
"11/29/2019","3.3605","3.3776","3.3956","3.3253","38.32M","-0.84%"
"11/28/2019","3.3890","3.4189","3.4256","3.3743","30.43M","-1.86%"
"11/27/2019","3.4534","3.4625","3.4879","3.4438","36.88M","1.15%"
"11/26/2019","3.4142","3.4631","3.4631","3.4056","51.65M","-1.14%"
"11/25/2019","3.4536","3.4659","3.4821","3.4450","24.31M","-0.21%"
"11/22/2019","3.4610","3.4347","3.5118","3.4256","47.27M","2.08%"
"11/21/2019","3.3904","3.3253","3.3928","3.3125","40.13M","0.87%"
"11/20/2019","3.3610","3.3453","3.3629","3.3049","40.07M","-1.29%"
"11/19/2019","3.4050","3.4078","3.4375","3.3848","47.29M","1.24%"
"11/18/2019","3.3633","3.4013","3.4241","3.3405","35.36M","-0.95%"
"11/15/2019","3.3956","3.4066","3.4175","3.3619","39.01M","-0.13%"
"11/14/2019","3.4002","3.4280","3.4375","3.3834","40.78M","0.20%"
"11/13/2019","3.3933","3.4916","3.4925","3.3595","70.84M","-3.48%"
"11/12/2019","3.5158","3.5833","3.6042","3.5111","38.89M","-1.91%"
"11/11/2019","3.5842","3.5727","3.6000","3.5367","72.30M","0.28%"
"11/08/2019","3.5742","3.6370","3.6389","3.5581","51.25M","-2.19%"
"11/07/2019","3.6541","3.5961","3.6726","3.5847","47.95M","1.21%"
"11/06/2019","3.6105","3.6397","3.6795","3.5890","162.51M","0.45%"
"11/05/2019","3.5942","3.5628","3.6189","3.5467","44.72M","1.48%"
"11/04/2019","3.5419","3.4735","3.5476","3.4683","50.49M","2.38%"
"11/01/2019","3.4596","3.4500","3.4826","3.4131","164.24M","1.32%"
"10/31/2019","3.4146","3.5106","3.5106","3.3785","74.24M","-3.12%"
"10/30/2019","3.5244","3.7016","3.7016","3.4987","80.86M","-7.28%"
"10/29/2019","3.8012","3.8199","3.8324","3.7768","37.25M","0.55%"
"10/28/2019","3.7804","3.8004","3.8113","3.7761","29.37M","-0.08%"
"10/25/2019","3.7833","3.7685","3.7994","3.7481","29.45M","-0.04%"
"10/24/2019","3.7849","3.8333","3.8731","3.7849","198.49M","-0.07%"
"10/23/2019","3.7875","3.7476","3.7966","3.7291","40.38M","0.54%"
"10/22/2019","3.7671","3.7752","3.7980","3.7377","30.37M","-0.87%"
"10/21/2019","3.8003","3.7461","3.8142","3.7380","347.16M","3.36%"
"10/18/2019","3.6769","3.6436","3.7025","3.6389","31.71M","0.31%"
"10/17/2019","3.6655","3.7011","3.7856","3.6655","52.99M","-2.44%"
"10/16/2019","3.7571","3.7294","3.7811","3.6723","68.59M","1.51%"
"10/15/2019","3.7011","3.6104","3.7054","3.5866","57.13M","3.76%"
"10/14/2019","3.5671","3.5747","3.5847","3.5296","28.47M","-1.84%"
"10/11/2019","3.6340","3.5046","3.6412","3.4946","66.00M","5.20%"
"10/10/2019","3.4545","3.3709","3.4545","3.3709","37.31M","2.61%"
"10/09/2019","3.3667","3.3491","3.3904","3.3353","23.29M","-0.21%"
"10/08/2019","3.3738","3.4260","3.4347","3.3201","39.73M","-0.18%"
"10/07/2019","3.3800","3.3415","3.3861","3.3139","20.83M","0.85%"
"10/04/2019","3.3515","3.3538","3.3591","3.2973","38.83M","-0.32%"
"10/03/2019","3.3623","3.3959","3.4208","3.3350","54.09M","0.62%"
"10/02/2019","3.3415","3.4764","3.5058","3.3415","51.22M","-4.29%"
"10/01/2019","3.4911","3.5628","3.5866","3.4911","34.10M","-2.51%"
"09/30/2019","3.5808","3.5583","3.5985","3.5521","54.27M","1.86%"
"09/27/2019","3.5153","3.4678","3.5296","3.4460","28.84M","1.72%"
"09/26/2019","3.4560","3.4374","3.4735","3.4241","27.94M","-1.01%"
"09/25/2019","3.4912","3.4682","3.4931","3.3896","74.27M","1.26%"
"09/24/2019","3.4479","3.4897","3.5225","3.4450","31.25M","-0.75%"
"09/23/2019","3.4740","3.5438","3.5647","3.4522","35.60M","-3.59%"
"09/20/2019","3.6033","3.5564","3.6282","3.5382","136.44M","1.86%"
"09/19/2019","3.5377","3.4545","3.5377","3.4393","36.19M","2.85%"
"09/18/2019","3.4398","3.4959","3.5058","3.4360","47.69M","-1.84%"
"09/17/2019","3.5041","3.5942","3.6052","3.5041","128.05M","-2.06%"
"09/16/2019","3.5780","3.5989","3.6089","3.5500","34.21M","-1.44%"
"09/13/2019","3.6303","3.5657","3.6574","3.5552","50.13M","1.61%"
"09/12/2019","3.5727","3.5569","3.6608","3.4519","90.16M","1.34%"
"09/11/2019","3.5253","3.5752","3.6004","3.4878","55.33M","-0.27%"
"09/10/2019","3.5348","3.4469","3.5453","3.4123","67.51M","1.99%"
"09/09/2019","3.4658","3.3963","3.4658","3.3891","59.43M","3.31%"
"09/06/2019","3.3548","3.3581","3.3990","3.3310","41.20M","0.11%"
"09/05/2019","3.3510","3.2683","3.3524","3.2484","58.62M","2.63%"
"09/04/2019","3.2650","3.2919","3.3110","3.2650","73.45M","1.12%"
"09/03/2019","3.2289","3.2545","3.2697","3.2165","43.64M","-1.05%"
"09/02/2019","3.2631","3.2769","3.2826","3.2441","23.00M","-1.02%"
"08/30/2019","3.2967","3.3273","3.3542","3.2885","49.21M","0.34%"
"08/29/2019","3.2854","3.2778","3.3377","3.2645","54.94M","-0.33%"
"08/28/2019","3.2963","3.2940","3.3035","3.2697","25.36M","-0.75%"
"08/27/2019","3.3211","3.3542","3.3863","3.3182","58.06M","0.02%"
"08/26/2019","3.3206","3.2873","3.3367","3.2854","24.12M","0.80%"
"08/23/2019","3.2944","3.3743","3.3880","3.2944","41.01M","-2.55%"
"08/22/2019","3.3805","3.3302","3.4275","3.3221","40.19M","2.11%"
"08/21/2019","3.3106","3.3158","3.3657","3.3063","28.58M","-0.17%"
"08/20/2019","3.3163","3.3586","3.3662","3.3115","32.00M","-2.48%"
"08/19/2019","3.4006","3.4615","3.4979","3.3954","42.64M","-0.17%"
"08/16/2019","3.4066","3.3120","3.4132","3.2788","95.16M","3.20%"
"08/15/2019","3.3011","3.3039","3.3434","3.2503","41.71M","-0.73%"
"08/14/2019","3.3254","3.4054","3.4054","3.3177","90.92M","-2.55%"
"08/13/2019","3.4123","3.3453","3.4512","3.3096","49.17M","1.16%"
"08/12/2019","3.3733","3.4655","3.4678","3.3695","32.69M","-2.62%"
"08/09/2019","3.4639","3.4965","3.5147","3.4596","84.83M","-1.33%"
"08/08/2019","3.5106","3.4826","3.5320","3.4365","42.97M","2.27%"
"08/07/2019","3.4327","3.4897","3.4959","3.3947","46.69M","-1.17%"
"08/06/2019","3.4735","3.5535","3.5573","3.4735","50.71M","-1.13%"
"08/05/2019","3.5130","3.5343","3.5657","3.4925","49.20M","-1.53%"
"08/02/2019","3.5676","3.6199","3.6389","3.5510","63.20M","-3.94%"
"08/01/2019","3.7140","3.7083","3.7567","3.6838","34.98M","1.19%"
"07/31/2019","3.6702","3.7054","3.7149","3.6674","33.62M","-0.58%"
"07/30/2019","3.6916","3.8227","3.8265","3.6864","62.35M","-4.53%"
"07/29/2019","3.8669","3.8822","3.8951","3.8592","27.74M","0.22%"
"07/26/2019","3.8583","3.8826","3.8944","3.8555","30.64M","-0.77%"
"07/25/2019","3.8883","3.9372","4.0460","3.8578","54.14M","-1.93%"
"07/24/2019","3.9646","3.9483","3.9771","3.9225","48.91M","0.94%"
"07/23/2019","3.9277","3.8593","3.9400","3.8479","50.85M","3.65%"
"07/22/2019","3.7894","3.8032","3.8156","3.7676","28.74M","-1.22%"
"07/19/2019","3.8362","3.8860","3.9071","3.8199","48.30M","-0.17%"
"07/18/2019","3.8426","3.8578","3.8802","3.8051","42.54M","-1.83%"
"07/17/2019","3.9144","3.9823","3.9904","3.9049","29.31M","-3.22%"
"07/16/2019","4.0446","3.9934","4.0499","3.9833","30.23M","2.21%"
"07/15/2019","3.9571","3.9875","4.0065","3.9529","34.94M","-0.55%"
"07/12/2019","3.9790","4.0084","4.0379","3.9776","28.80M","-1.25%"
"07/11/2019","4.0293","4.0255","4.0456","3.9972","50.94M","1.70%"
"07/10/2019","3.9619","3.9310","4.0046","3.9191","32.85M","0.65%"
"07/09/2019","3.9362","3.9600","3.9681","3.9054","32.25M","-1.84%"
"07/08/2019","4.0101","4.0331","4.0787","3.9843","32.68M","0.01%"
"07/05/2019","4.0099","3.9999","4.0469","3.9723","36.17M","0.07%"
"07/04/2019","4.0070","3.9524","4.0189","3.9524","44.38M","0.03%"
"07/03/2019","4.0058","3.9191","4.0058","3.8999","33.44M","2.63%"
"07/02/2019","3.9030","3.9234","3.9282","3.8612","22.34M","-0.27%"
"07/01/2019","3.9134","3.9001","3.9533","3.9001","33.28M","0.07%"
"06/28/2019","3.9105","3.8812","3.9119","3.8582","43.92M","1.98%"
"06/27/2019","3.8346","3.8479","3.8859","3.8208","32.96M","-0.36%"
"06/26/2019","3.8483","3.8099","3.8740","3.7975","37.84M","0.43%"
"06/25/2019","3.8319","3.7960","3.8352","3.7777","88.79M","1.25%"
"06/24/2019","3.7847","3.7966","3.8422","3.7785","28.81M","-0.42%"
"06/21/2019","3.8008","3.8289","3.8802","3.7852","92.35M","-1.19%"
"06/20/2019","3.8467","3.8832","3.9105","3.8467","47.99M","-0.28%"
"06/19/2019","3.8574","3.8232","3.8745","3.8037","51.30M","1.19%"
"06/18/2019","3.8122","3.7529","3.8255","3.7101","47.35M","0.45%"
"06/17/2019","3.7950","3.8075","3.8223","3.7883","40.23M","1.01%"
"06/14/2019","3.7571","3.7624","3.7757","3.7377","24.57M","-0.65%"
"06/13/2019","3.7818","3.7619","3.8004","3.7386","25.51M","-0.66%"
"06/12/2019","3.8070","3.8237","3.8448","3.7912","33.84M","-0.03%"
"06/11/2019","3.8080","3.8137","3.8593","3.8037","28.54M","-0.73%"
"06/10/2019","3.8360","3.8042","3.8441","3.7880","21.40M","0.97%"
"06/07/2019","3.7993","3.8046","3.8271","3.7581","69.49M","0.72%"
"06/06/2019","3.7723","3.8080","3.8683","3.7386","48.98M","-1.02%"
"06/05/2019","3.8113","3.8384","3.8455","3.7747","33.06M","-1.60%"
"06/04/2019","3.8731","3.7639","3.8789","3.7519","51.30M","3.46%"
"06/03/2019","3.7434","3.7244","3.7543","3.7073","42.11M","-0.30%"
"05/31/2019","3.7548","3.7814","3.8004","3.7434","55.86M","-3.26%"
"05/30/2019","3.8812","3.8707","3.9023","3.8453","26.14M","2.13%"
"05/29/2019","3.8004","3.7719","3.8084","3.7486","44.50M","-0.41%"
"05/28/2019","3.8160","3.8265","3.8379","3.7719","39.16M","-1.34%"
"05/27/2019","3.8678","3.8908","3.9287","3.8544","14.37M","1.27%"
"05/24/2019","3.8194","3.8369","3.8645","3.8099","30.73M","0.35%"
"05/23/2019","3.8061","3.8246","3.8540","3.7951","45.48M","-1.97%"
"05/22/2019","3.8827","3.9378","3.9445","3.8621","47.71M","-0.26%"
"05/21/2019","3.8930","3.9291","3.9291","3.8764","28.02M","0.11%"
"05/20/2019","3.8887","3.9462","3.9899","3.8887","43.02M","-2.43%"
"05/17/2019","3.9857","3.9948","4.0231","3.9464","106.46M","0.09%"
"05/16/2019","3.9823","3.8954","3.9871","3.8669","40.74M","2.06%"
"05/15/2019","3.9020","3.8887","3.9120","3.8336","36.18M","-0.79%"
"05/14/2019","3.9330","3.9359","3.9498","3.8841","35.07M","1.85%"
"05/13/2019","3.8617","3.9191","3.9229","3.8540","39.02M","-1.38%"
"05/10/2019","3.9158","3.9799","3.9875","3.9011","35.74M","-1.48%"
"05/09/2019","3.9747","4.0250","4.0432","3.9656","57.44M","-1.57%"
"05/08/2019","4.0379","4.0393","4.0650","3.9885","44.22M","0.01%"
"05/07/2019","4.0374","4.1234","4.1500","4.0198","46.86M","-3.05%"
"05/06/2019","4.1644","4.1304","4.1802","4.1026","182.24M","-0.57%"
"05/03/2019","4.1885","4.2084","4.2431","4.1562","30.54M","-0.59%"
"05/02/2019","4.2132","4.2764","4.3277","4.2008","47.81M","-2.55%"
"04/30/2019","4.3235","4.2976","4.3259","4.2627","261.83M","0.69%"
"04/29/2019","4.2939","4.1918","4.2939","4.1856","36.18M","0.70%"
"04/26/2019","4.2640","4.2593","4.2958","4.2289","30.59M","-0.76%"
"04/25/2019","4.2967","4.2871","4.3206","4.2555","65.29M","1.05%"
"04/24/2019","4.2521","4.3082","4.3391","4.2208","36.92M","-1.58%"
"04/23/2019","4.3205","4.3780","4.3799","4.3025","35.43M","-2.18%"
"04/18/2019","4.4170","4.4337","4.4447","4.3412","207.74M","0.66%"
"04/17/2019","4.3880","4.3324","4.4483","4.3324","52.99M","1.03%"
"04/16/2019","4.3433","4.3296","4.3633","4.2764","39.14M","-0.61%"
"04/15/2019","4.3700","4.3647","4.4232","4.3480","239.24M","0.89%"
"04/12/2019","4.3315","4.2469","4.4113","4.1970","65.24M","1.83%"
"04/11/2019","4.2536","4.1828","4.2844","4.1424","49.97M","1.55%"
"04/10/2019","4.1889","4.2071","4.2584","4.1711","49.77M","0.69%"
"04/09/2019","4.1600","4.1619","4.2260","4.1424","29.90M","-0.29%"
"04/08/2019","4.1719","4.1823","4.1961","4.1343","23.41M","-1.11%"
"04/05/2019","4.2186","4.2167","4.2382","4.1879","43.62M","0.75%"
"04/04/2019","4.1871","4.1424","4.1894","4.1158","44.56M","0.99%"
"04/03/2019","4.1462","4.1324","4.1614","4.1120","41.42M","1.13%"
"04/02/2019","4.0997","4.0940","4.1366","4.0686","57.24M","1.01%"
"04/01/2019","4.0588","3.9766","4.0645","3.9505","49.02M","3.08%"
"03/29/2019","3.9377","3.9419","3.9605","3.8968","42.83M","0.14%"
"03/28/2019","3.9320","3.9589","3.9665","3.9105","40.46M","-0.32%"
"03/27/2019","3.9448","3.8987","4.0631","3.8716","51.96M","1.57%"
"03/26/2019","3.8840","3.9462","3.9557","3.8764","40.32M","-2.26%"
"03/25/2019","3.9737","3.9675","4.0231","3.9387","53.13M","0.88%"
"03/22/2019","3.9391","4.1158","4.1220","3.9372","60.38M","-3.84%"
"03/21/2019","4.0963","4.1614","4.1709","4.0963","48.04M","-3.36%"
"03/20/2019","4.2387","4.2871","4.3192","4.2387","35.25M","-0.54%"
"03/19/2019","4.2616","4.2270","4.2973","4.2018","41.75M","1.29%"
"03/18/2019","4.2075","4.1700","4.2279","4.1614","36.60M","0.20%"
"03/15/2019","4.1989","4.1227","4.1989","4.1007","125.26M","2.89%"
"03/14/2019","4.0811","4.0626","4.1315","4.0569","42.03M","0.72%"
"03/13/2019","4.0521","3.9609","4.0607","3.9486","45.94M","2.08%"
"03/12/2019","3.9694","3.9867","4.0025","3.9239","35.81M","0.98%"
"03/11/2019","3.9310","3.8987","3.9524","3.8669","35.48M","1.45%"
"03/08/2019","3.8750","3.9063","3.9324","3.8384","47.89M","-2.87%"
"03/07/2019","3.9895","4.1127","4.1592","3.9483","74.19M","-2.68%"
"03/06/2019","4.0992","4.0260","4.1277","4.0141","42.46M","1.66%"
"03/05/2019","4.0322","4.0251","4.0616","4.0013","27.88M","-0.80%"
"03/04/2019","4.0648","4.1017","4.1199","4.0581","25.04M","0.56%"
"03/01/2019","4.0422","4.0816","4.1215","4.0422","43.66M","-0.97%"
"02/28/2019","4.0816","3.9657","4.0830","3.9524","53.01M","1.41%"
"02/27/2019","4.0250","3.9550","4.0403","3.9225","61.98M","1.27%"
"02/26/2019","3.9747","3.9609","3.9837","3.9111","24.77M","-0.14%"
"02/25/2019","3.9804","3.9552","3.9966","3.9462","26.67M","0.62%"
"02/22/2019","3.9560","3.9617","4.0082","3.9536","24.81M","0.42%"
"02/21/2019","3.9396","3.9443","3.9586","3.9096","27.59M","0.14%"
"02/20/2019","3.9339","3.9011","3.9367","3.8593","31.10M","0.51%"
"02/19/2019","3.9138","3.9296","3.9579","3.8774","35.74M","-0.01%"
"02/18/2019","3.9144","3.9025","3.9448","3.8954","25.36M","0.49%"
"02/15/2019","3.8954","3.7719","3.9120","3.7529","51.42M","2.39%"
"02/14/2019","3.8046","3.8669","3.8669","3.7960","50.53M","-0.06%"
"02/13/2019","3.8070","3.8099","3.8422","3.7828","42.20M","0.06%"
"02/12/2019","3.8046","3.8422","3.8574","3.8037","32.32M","-1.02%"
"02/11/2019","3.8439","3.8333","3.8736","3.8151","103.59M","2.09%"
"02/08/2019","3.7652","3.7994","3.8156","3.7453","42.86M","-0.76%"
"02/07/2019","3.7942","3.8930","3.9419","3.7942","45.42M","-4.00%"
"02/06/2019","3.9522","3.9038","3.9709","3.8860","277.07M","1.33%"
"02/05/2019","3.9001","3.8369","3.9301","3.8127","52.33M","1.84%"
"02/04/2019","3.8298","3.8531","3.8811","3.7899","45.32M","-1.80%"
"02/01/2019","3.8999","3.9459","3.9723","3.8587","139.89M","-0.66%"
"01/31/2019","3.9258","4.0165","4.0189","3.8764","62.79M","-1.59%"
"01/30/2019","3.9894","4.1633","4.1709","3.9619","55.32M","-4.08%"
"01/29/2019","4.1592","4.1592","4.1884","4.1160","34.50M","0.77%"
"01/28/2019","4.1272","4.1709","4.1947","4.1153","29.43M","-1.67%"
"01/25/2019","4.1975","4.1638","4.1975","4.1286","38.14M","1.03%"
"01/24/2019","4.1549","4.1975","4.2358","4.1089","261.64M","0.41%"
"01/23/2019","4.1377","4.0925","4.1614","4.0759","29.29M","1.06%"
"01/22/2019","4.0944","4.0954","4.1129","4.0607","35.11M","-1.67%"
"01/21/2019","4.1640","4.1755","4.1783","4.1386","281.71M","0.62%"
"01/18/2019","4.1381","4.0811","4.1415","4.0683","53.07M","2.31%"
"01/17/2019","4.0445","4.0531","4.0825","4.0298","32.32M","-1.98%"
"01/16/2019","4.1261","4.0729","4.1371","4.0365","51.23M","1.88%"
"01/15/2019","4.0498","4.0754","4.1044","3.9818","30.84M","0.40%"
"01/14/2019","4.0336","4.0365","4.0578","3.9809","30.20M","-1.73%"
"01/11/2019","4.1045","4.0825","4.1194","4.0624","121.61M","1.04%"
"01/10/2019","4.0621","3.9676","4.0621","3.9543","37.09M","1.81%"
"01/09/2019","3.9899","4.0274","4.0517","3.9780","34.55M","-1.28%"
"01/08/2019","4.0418","4.0154","4.0926","4.0006","50.16M","1.70%"
"01/07/2019","3.9742","3.9785","3.9899","3.9282","30.44M","0.56%"
"01/04/2019","3.9519","3.8526","3.9733","3.8403","48.63M","2.85%"
"01/03/2019","3.8424","3.7854","3.8745","3.7777","33.12M","1.68%"
"01/02/2019","3.7790","3.7125","3.7985","3.6389","36.02M","0.11%"
"12/31/2018","3.7747","3.7386","3.7833","3.7115","16.04M","-0.16%"
"12/28/2018","3.7806","3.7135","3.7993","3.7020","37.00M","3.03%"
"12/27/2018","3.6693","3.7600","3.7624","3.6104","51.81M","-0.76%"
"12/24/2018","3.6973","3.7054","3.7315","3.6811","11.74M","-1.84%"
"12/21/2018","3.7667","3.7950","3.8290","3.7198","128.35M","-0.34%"
"12/20/2018","3.7795","3.7752","3.8317","3.7495","53.92M","-1.57%"
"12/19/2018","3.8398","3.8184","3.8626","3.8080","41.60M","0.42%"
"12/18/2018","3.8237","3.8415","3.8889","3.8237","45.79M","-0.06%"
"12/17/2018","3.8260","3.8574","3.8840","3.8241","38.79M","-0.80%"
"12/14/2018","3.8569","3.8274","3.8707","3.7771","32.49M","-1.14%"
"12/13/2018","3.9014","3.8956","3.9570","3.8779","51.53M","2.39%"
"12/12/2018","3.8103","3.7054","3.8270","3.6973","56.60M","3.39%"
"12/11/2018","3.6854","3.7054","3.7386","3.6797","38.75M","-0.71%"
"12/10/2018","3.7116","3.7854","3.8166","3.7040","61.27M","-1.82%"
"12/07/2018","3.7804","3.8360","3.8602","3.7804","37.75M","-0.03%"
"12/06/2018","3.7814","3.8883","3.8887","3.7700","52.57M","-4.67%"
"12/05/2018","3.9665","3.9579","4.0116","3.9201","59.97M","0.18%"
"12/04/2018","3.9595","4.0227","4.0474","3.9453","32.46M","-2.45%"
"12/03/2018","4.0588","4.0588","4.0873","4.0398","37.15M","1.20%"
"11/30/2018","4.0106","4.0509","4.0537","3.9785","39.41M","0.19%"
"11/29/2018","4.0032","4.0464","4.0654","3.9880","26.59M","-0.26%"
"11/28/2018","4.0137","4.0084","4.0455","4.0042","28.38M","-0.25%"
"11/27/2018","4.0236","4.0250","4.0581","3.9871","30.64M","0.70%"
"11/26/2018","3.9956","3.9358","4.0175","3.9334","37.97M","2.89%"
"11/23/2018","3.8835","3.8745","3.9139","3.8597","19.47M","-0.81%"
"11/22/2018","3.9153","3.9359","3.9574","3.8884","37.80M","-0.77%"
"11/21/2018","3.9457","3.9106","3.9548","3.8811","35.86M","1.79%"
"11/20/2018","3.8764","3.9752","3.9842","3.8764","44.96M","-3.76%"
"11/19/2018","4.0279","4.0600","4.1045","4.0279","23.85M","0.46%"
"11/16/2018","4.0094","4.0521","4.0640","3.9847","54.13M","-0.27%"
"11/15/2018","4.0203","4.0749","4.1030","3.9666","44.87M","-1.96%"
"11/14/2018","4.1007","4.0825","4.1477","4.0585","31.79M","0.61%"
"11/13/2018","4.0759","4.0070","4.1001","4.0051","34.65M","2.23%"
"11/12/2018","3.9871","4.0474","4.0607","3.9761","30.87M","-1.85%"
"11/09/2018","4.0624","4.0772","4.0911","4.0207","36.67M","-0.71%"
"11/08/2018","4.0916","4.1101","4.1434","4.0830","24.67M","-0.08%"
"11/07/2018","4.0949","4.2341","4.2341","4.0711","55.54M","1.53%"
"11/06/2018","4.0331","4.0715","4.0729","4.0087","28.20M","-0.28%"
"11/05/2018","4.0445","4.0868","4.1167","4.0445","28.12M","-0.63%"
"11/02/2018","4.0702","4.1044","4.1277","4.0564","40.38M","0.33%"
"11/01/2018","4.0566","4.0250","4.1012","4.0250","40.48M","1.78%"
"10/31/2018","3.9856","4.0251","4.0726","3.9856","83.13M","2.10%"
"10/30/2018","3.9035","3.9158","3.9605","3.8878","39.37M","-1.22%"
"10/29/2018","3.9517","3.9129","3.9862","3.8832","53.65M","3.44%"
"10/26/2018","3.8203","3.8355","3.8393","3.7605","54.78M","-1.21%"
"10/25/2018","3.8669","3.7681","3.8925","3.7647","53.01M","1.36%"
"10/24/2018","3.8151","3.8908","3.8966","3.8151","62.37M","-0.56%"
"10/23/2018","3.8365","3.8365","3.8944","3.8165","68.18M","-1.52%"
"10/22/2018","3.8959","3.9894","4.0094","3.8764","42.28M","-1.45%"
"10/19/2018","3.9531","3.9387","3.9948","3.8592","92.76M","0.54%"
"10/18/2018","3.9320","3.9951","4.0322","3.9001","54.02M","-2.25%"
"10/17/2018","4.0224","4.0885","4.1045","4.0106","39.76M","-5.86%"
"10/16/2018","4.2730","4.2310","4.3030","4.1980","46.81M","6.99%"
"10/15/2018","3.9940","3.9742","4.0044","3.9610","24.96M","0.19%"
"10/12/2018","3.9865","4.0719","4.0880","3.9789","37.72M","-5.85%"
"10/11/2018","4.2340","4.2630","4.3060","4.2240","77.11M","2.78%"
"10/10/2018","4.1196","4.0993","4.1829","4.0918","38.44M","-0.29%"
"10/09/2018","4.1314","4.1196","4.1531","4.0639","41.38M","-4.05%"
"10/08/2018","4.3060","4.2910","4.3380","4.2700","61.40M","5.67%"
"10/05/2018","4.0748","4.1187","4.1210","4.0587","31.75M","-0.82%"
"10/04/2018","4.1083","4.0988","4.1494","4.0823","46.43M","-4.68%"
"10/03/2018","4.3100","4.2980","4.3560","4.2520","49.45M","7.16%"
"10/02/2018","4.0219","3.9936","4.0516","3.9600","40.97M","-0.75%"
"10/01/2018","4.0521","4.0677","4.1347","4.0370","34.03M","-5.96%"
"09/28/2018","4.3090","4.4060","4.4070","4.2260","69.63M","1.84%"
"09/27/2018","4.2310","4.2046","4.2310","4.1461","34.62M","-0.09%"
"09/26/2018","4.2348","4.2424","4.2476","4.2126","31.13M","-4.79%"
"09/25/2018","4.4480","4.4620","4.4960","4.4460","39.40M","5.19%"
"09/24/2018","4.2287","4.2598","4.2867","4.2211","41.30M","-2.05%"
"09/21/2018","4.3170","4.3543","4.3774","4.2820","96.47M","-4.60%"
"09/20/2018","4.5250","4.4570","4.5820","4.4570","60.76M","7.08%"
"09/19/2018","4.2258","4.1555","4.2523","4.1522","57.42M","2.03%"
"09/18/2018","4.1418","4.1073","4.1489","4.0894","32.69M","-3.77%"
"09/17/2018","4.3040","4.2630","4.3300","4.2550","37.23M","6.43%"
"09/14/2018","4.0441","4.0597","4.0663","4.0096","32.36M","0.36%"
"09/13/2018","4.0294","4.0006","4.0762","3.9940","33.21M","-4.31%"
"09/12/2018","4.2110","4.2340","4.2340","4.1700","52.88M","5.15%"
"09/11/2018","4.0049","4.0261","4.0351","3.9586","27.82M","-0.29%"
"09/10/2018","4.0167","3.9360","4.0479","3.9279","33.39M","-3.26%"
"09/07/2018","4.1520","4.2160","4.2290","4.1140","48.55M","3.99%"
"09/06/2018","3.9926","4.0115","4.0450","3.9874","37.56M","-1.05%"
"09/05/2018","4.0351","4.0323","4.0984","4.0049","35.90M","-5.28%"
"09/04/2018","4.2600","4.2630","4.2800","4.2040","55.33M","5.75%"
"09/03/2018","4.0285","4.0483","4.0696","4.0101","20.70M","-0.50%"
"08/31/2018","4.0488","4.0507","4.0606","4.0181","44.12M","-4.85%"
"08/30/2018","4.2550","4.3090","4.3510","4.2500","46.51M","3.25%"
"08/29/2018","4.1210","4.1262","4.1314","4.0828","22.51M","0.06%"
"08/28/2018","4.1187","4.1593","4.1687","4.0932","25.59M","-5.49%"
"08/27/2018","4.3580","4.3470","4.3670","4.3160","16.57M","6.10%"
"08/24/2018","4.1073","4.1026","4.1432","4.1026","20.30M","-0.16%"
"08/23/2018","4.1139","4.1253","4.1418","4.0885","22.09M","-4.90%"
"08/22/2018","4.3260","4.3630","4.3770","4.3190","66.31M","4.13%"
"08/21/2018","4.1546","4.1069","4.1881","4.1003","31.29M","1.16%"
"08/20/2018","4.1069","4.1182","4.1602","4.0927","18.40M","-4.78%"
"08/17/2018","4.3130","4.3680","4.3680","4.2840","39.23M","4.54%"
"08/16/2018","4.1258","4.1347","4.1569","4.0965","33.47M","0.79%"
"08/15/2018","4.0936","4.2003","4.2121","4.0601","42.99M","-6.77%"
"08/14/2018","4.3910","4.4330","4.4500","4.3680","78.25M","4.98%"
"08/13/2018","4.1829","4.2494","4.2575","4.1569","54.00M","-2.43%"
"08/10/2018","4.2872","4.3561","4.3764","4.2499","56.41M","-7.58%"
"08/09/2018","4.6390","4.6710","4.6710","4.6230","142.03M","4.66%"
"08/08/2018","4.4326","4.4435","4.4713","4.4076","24.78M","-0.72%"
"08/07/2018","4.4647","4.4454","4.4864","4.4288","20.86M","-4.01%"
"08/06/2018","4.6510","4.6710","4.6910","4.6210","130.68M","5.02%"
"08/03/2018","4.4288","4.4246","4.4553","4.3963","30.09M","0.22%"
"08/02/2018","4.4189","4.4661","4.4794","4.3915","47.67M","-6.46%"
"08/01/2018","4.7240","4.7960","4.8120","4.7240","226.20M","3.81%"
"07/31/2018","4.5506","4.4992","4.5870","4.4945","39.06M","1.13%"
"07/30/2018","4.4997","4.4850","4.5360","4.4765","21.89M","-6.02%"
"07/27/2018","4.7880","4.7500","4.8220","4.7360","51.65M","6.44%"
"07/26/2018","4.4982","4.4567","4.5162","4.4529","38.78M","0.99%"
"07/25/2018","4.4539","4.4841","4.5204","4.4312","35.07M","-5.54%"
"07/24/2018","4.7150","4.6930","4.7300","4.6660","316.15M","7.04%"
"07/23/2018","4.4048","4.3727","4.4156","4.3500","24.55M","0.41%"
"07/20/2018","4.3868","4.3812","4.3934","4.3410","42.26M","-5.11%"
"07/19/2018","4.6230","4.6200","4.6540","4.5910","65.95M","5.36%"
"07/18/2018","4.3878","4.3434","4.3887","4.2981","32.81M","0.81%"
"07/17/2018","4.3524","4.3727","4.4142","4.3434","39.18M","-5.42%"
"07/16/2018","4.6020","4.5900","4.6540","4.5820","29.13M","5.51%"
"07/13/2018","4.3618","4.4284","4.4284","4.3481","31.49M","-0.88%"
"07/12/2018","4.4005","4.4095","4.4180","4.3434","28.92M","-4.61%"
"07/11/2018","4.6130","4.6810","4.6900","4.6130","57.91M","2.85%"
"07/10/2018","4.4850","4.5351","4.5417","4.4657","34.69M","-1.04%"
"07/09/2018","4.5322","4.5039","4.5478","4.5001","32.91M","-4.14%"
"07/06/2018","4.7280","4.7320","4.7400","4.6590","33.19M","6.07%"
"07/05/2018","4.4576","4.4071","4.5261","4.4057","40.63M","1.66%"
"07/04/2018","4.3849","4.3434","4.4048","4.3330","26.65M","-4.34%"
"07/03/2018","4.5840","4.5450","4.6190","4.5050","30.95M","6.41%"
"07/02/2018","4.3080","4.2792","4.3302","4.2051","38.65M","-0.64%"
"06/29/2018","4.3358","4.3717","4.4331","4.3316","47.13M","-4.62%"
"06/28/2018","4.5460","4.5410","4.5930","4.5160","39.85M","5.08%"
"06/27/2018","4.3264","4.3524","4.3755","4.2490","50.59M","-0.60%"
"06/26/2018","4.3524","4.3727","4.3930","4.3344","40.04M","-4.64%"
"06/25/2018","4.5640","4.6530","4.6680","4.5640","45.32M","2.11%"
"06/22/2018","4.4699","4.4572","4.5134","4.4397","38.06M","1.19%"
"06/21/2018","4.4175","4.4742","4.4935","4.3906","39.22M","-5.95%"
"06/20/2018","4.6970","4.6960","4.7650","4.6830","55.40M","6.75%"
"06/19/2018","4.4000","4.3089","4.4274","4.2867","46.57M","0.18%"
"06/18/2018","4.3920","4.4043","4.4718","4.3717","35.34M","-5.59%"
"06/15/2018","4.6520","4.7700","4.7800","4.5830","124.55M","2.93%"
"06/14/2018","4.5195","4.5185","4.5511","4.4855","43.88M","0.34%"
"06/13/2018","4.5044","4.5422","4.5615","4.4893","37.45M","-5.90%"
"06/12/2018","4.7870","4.8310","4.8310","4.7560","36.58M","4.99%"
"06/11/2018","4.5596","4.5039","4.5728","4.4694","50.76M","2.82%"
"06/08/2018","4.4345","4.4473","4.4661","4.4147","44.54M","-6.39%"
"06/07/2018","4.7370","4.7980","4.8660","4.7310","49.36M","5.00%"
"06/06/2018","4.5115","4.4378","4.5228","4.3859","53.70M","1.79%"
"06/05/2018","4.4321","4.4964","4.5591","4.4321","44.04M","-6.59%"
"06/04/2018","4.7450","4.7900","4.8160","4.6940","43.82M","5.74%"
"06/01/2018","4.4874","4.4227","4.5346","4.3689","65.61M","3.32%"
"05/31/2018","4.3434","4.4746","4.5407","4.2853","90.12M","-6.49%"
"05/30/2018","4.6450","4.6490","4.7090","4.5460","107.38M","6.42%"
"05/29/2018","4.3646","4.5134","4.5134","4.3028","138.28M","-5.43%"
"05/28/2018","4.6153","4.7692","4.7862","4.5983","55.45M","-6.93%"
"05/25/2018","4.9590","5.1180","5.1180","4.8660","92.32M","2.46%"
"05/24/2018","4.8401","4.8816","4.9033","4.8117","41.45M","-0.66%"
"05/23/2018","4.8722","4.9562","4.9562","4.8391","42.33M","-6.77%"
"05/22/2018","5.2260","5.1620","5.2540","5.1340","36.21M","7.07%"
"05/21/2018","4.8807","4.9496","4.9543","4.8684","28.22M","-0.71%"
"05/18/2018","4.9156","5.0383","5.0449","4.8986","91.71M","-7.58%"
"05/17/2018","5.3190","5.3050","5.3300","5.2740","43.35M","5.71%"
"05/16/2018","5.0317","5.1337","5.1554","5.0157","53.00M","-2.52%"
"05/15/2018","5.1620","5.1847","5.2177","5.1290","30.00M","-5.67%"
"05/14/2018","5.4720","5.4800","5.5030","5.4420","32.42M","5.02%"
"05/11/2018","5.2102","5.1837","5.2196","5.1686","27.66M","0.58%"
"05/10/2018","5.1800","5.1516","5.1800","5.1101","20.60M","-4.09%"
"05/09/2018","5.4010","5.3570","5.4150","5.3520","65.25M","6.24%"
"05/08/2018","5.0837","5.0780","5.1205","5.0280","34.51M","0.07%"
"05/07/2018","5.0799","5.0865","5.1035","5.0572","16.78M","-4.92%"
"05/04/2018","5.3430","5.2950","5.3460","5.2680","34.86M","6.05%"
"05/03/2018","5.0383","5.0893","5.1139","5.0185","31.13M","-1.15%"
"05/02/2018","5.0969","5.0601","5.1129","5.0582","34.82M","-4.55%"
"04/30/2018","5.3400","5.2780","5.3400","5.2720","354.42M","6.39%"
"04/27/2018","5.0195","5.0166","5.0383","4.9883","25.81M","-0.75%"
"04/26/2018","5.0572","5.0676","5.1007","5.0298","26.44M","-5.35%"
"04/25/2018","5.3430","5.3170","5.3430","5.2440","175.50M","4.93%"
"04/24/2018","5.0922","5.2546","5.2583","5.0572","86.22M","-3.25%"
"04/23/2018","5.2631","5.2026","5.2631","5.1856","31.36M","-3.85%"
"04/20/2018","5.4740","5.4410","5.4750","5.4300","202.58M","5.31%"
"04/19/2018","5.1979","5.1469","5.1979","5.1469","24.34M","0.70%"
"04/18/2018","5.1620","5.1110","5.1771","5.0988","34.05M","-3.91%"
"04/17/2018","5.3720","5.3810","5.4240","5.3630","54.74M","5.63%"
"04/16/2018","5.0855","5.0676","5.1177","5.0676","22.78M","0.32%"
"04/13/2018","5.0695","5.0582","5.1649","5.0393","30.61M","-4.53%"
"04/12/2018","5.3100","5.2880","5.3440","5.2750","27.61M","5.65%"
"04/11/2018","5.0261","5.0327","5.0733","5.0110","24.51M","-0.49%"
"04/10/2018","5.0506","5.0846","5.0978","5.0364","26.17M","-5.19%"
"04/09/2018","5.3270","5.3390","5.3630","5.3040","36.36M","5.71%"
"04/06/2018","5.0393","5.0638","5.0884","5.0147","30.19M","-1.11%"
"04/05/2018","5.0959","4.9826","5.1177","4.9760","46.70M","-1.45%"
"04/04/2018","5.1710","5.1980","5.2060","5.0730","52.74M","4.71%"
"04/03/2018","4.9382","4.9666","4.9949","4.9109","32.79M","-1.23%"
"03/29/2018","4.9996","5.0043","5.0440","4.9770","39.40M","-4.11%"
"03/28/2018","5.2140","5.1680","5.2140","5.1030","53.69M","4.94%"
"03/27/2018","4.9685","5.0138","5.0185","4.9364","35.27M","0.75%"
"03/26/2018","4.9316","4.9090","5.0006","4.8825","53.65M","-4.20%"
"03/23/2018","5.1480","5.1580","5.1820","5.1180","62.47M","4.65%"
"03/22/2018","4.9194","4.9987","5.0601","4.8646","56.99M","-2.09%"
"03/21/2018","5.0242","5.0799","5.0799","4.9883","35.21M","-5.77%"
"03/20/2018","5.3320","5.3640","5.3670","5.2940","48.13M","5.37%"
"03/19/2018","5.0601","5.1082","5.1498","5.0327","30.22M","-1.49%"
"03/16/2018","5.1365","5.0421","5.1724","5.0355","99.86M","-3.12%"
"03/15/2018","5.3020","5.3190","5.3390","5.2710","46.64M","4.94%"
"03/14/2018","5.0525","5.1488","5.1488","5.0317","44.97M","-1.87%"
"03/13/2018","5.1488","5.1932","5.2395","5.1375","41.15M","-5.51%"
"03/12/2018","5.4490","5.4640","5.4810","5.4340","62.18M","5.71%"
"03/09/2018","5.1545","5.1752","5.1922","5.1346","26.09M","-0.20%"
"03/08/2018","5.1649","5.1734","5.2149","5.1243","33.30M","-4.79%"
"03/07/2018","5.4250","5.4320","5.4530","5.3940","36.30M","5.34%"
"03/06/2018","5.1498","5.2404","5.2583","5.1498","34.74M","-0.93%"
"03/05/2018","5.1979","5.1498","5.2168","5.1375","34.55M","-4.63%"
"03/02/2018","5.4500","5.5160","5.5240","5.4270","66.24M","2.96%"
"03/01/2018","5.2933","5.3254","5.3310","5.2602","34.45M","-1.08%"
"02/28/2018","5.3509","5.3726","5.4085","5.3509","33.20M","-6.04%"
"02/27/2018","5.6950","5.6850","5.7140","5.6500","42.72M","5.98%"
"02/26/2018","5.3735","5.3773","5.3915","5.3405","33.62M","0.67%"
"02/23/2018","5.3377","5.3518","5.3537","5.2914","29.01M","-5.17%"
"02/22/2018","5.6290","5.5750","5.6590","5.5670","38.14M","5.38%"
"02/21/2018","5.3414","5.3395","5.3622","5.3046","29.43M","-0.39%"
"02/20/2018","5.3622","5.2763","5.3622","5.2508","45.26M","-3.42%"
"02/19/2018","5.5520","5.5990","5.6330","5.5520","61.24M","4.72%"
"02/16/2018","5.3018","5.2687","5.3055","5.2310","60.23M","1.76%"
"02/15/2018","5.2102","5.2385","5.3631","5.1762","49.63M","-4.58%"
"02/14/2018","5.4600","5.5080","5.5110","5.3880","55.57M","5.60%"
"02/13/2018","5.1705","5.2848","5.2914","5.1686","44.63M","-1.88%"
"02/12/2018","5.2697","5.2782","5.3084","5.2215","47.44M","-3.29%"
"02/09/2018","5.4490","5.5320","5.5350","5.3730","86.24M","3.42%"
"02/08/2018","5.2687","5.3792","5.4245","5.2404","68.09M","-2.64%"
"02/07/2018","5.4113","5.4085","5.4292","5.2640","61.16M","-2.94%"
"02/06/2018","5.5750","5.5750","5.7140","5.5370","301.65M","2.17%"
"02/05/2018","5.4566","5.4623","5.5369","5.4340","45.40M","-1.28%"
"02/02/2018","5.5274","5.5756","5.6190","5.5095","41.30M","-6.38%"
"02/01/2018","5.9040","6.0220","6.0260","5.8670","98.38M","4.51%"
"01/31/2018","5.6492","5.6370","5.6700","5.6049","49.93M","0.88%"
"01/30/2018","5.6001","5.6370","5.6559","5.5850","41.27M","-6.82%"
"01/29/2018","6.0100","6.0520","6.0540","5.9890","71.23M","5.09%"
"01/26/2018","5.7191","5.7172","5.7531","5.6917","30.50M","-0.31%"
"01/25/2018","5.7371","5.6653","5.7399","5.6653","44.81M","-3.50%"
"01/24/2018","5.9450","5.9630","5.9940","5.9450","339.09M","4.76%"
"01/23/2018","5.6747","5.7408","5.7503","5.6370","40.51M","-0.40%"
"01/22/2018","5.6974","5.6181","5.7276","5.5992","44.84M","-3.32%"
"01/19/2018","5.8930","5.8830","5.9310","5.8520","57.56M","5.75%"
"01/18/2018","5.5728","5.5926","5.6077","5.5482","24.69M","0.14%"
"01/17/2018","5.5652","5.5614","5.5983","5.5284","31.69M","-5.72%"
"01/16/2018","5.9030","5.8560","5.9280","5.8350","100.82M","5.96%"
"01/15/2018","5.5709","5.5747","5.6068","5.5548","26.44M","-0.30%"
"01/12/2018","5.5879","5.5992","5.6417","5.5633","39.20M","-4.89%"
"01/11/2018","5.8750","5.8040","5.9460","5.7900","71.14M","6.54%"
"01/10/2018","5.5142","5.3820","5.5218","5.3745","59.02M","2.42%"
"01/09/2018","5.3839","5.3679","5.4170","5.3518","26.43M","-4.83%"
"01/08/2018","5.6570","5.6590","5.6990","5.6300","37.90M","5.57%"
"01/05/2018","5.3584","5.3443","5.4094","5.3197","41.94M","0.66%"
"01/04/2018","5.3235","5.1743","5.3292","5.1686","55.48M","-1.80%"
"01/03/2018","5.4210","5.4460","5.4460","5.3880","38.38M","5.27%"
"01/02/2018","5.1498","5.2187","5.2310","5.1318","35.81M","-0.46%"
"12/29/2017","5.1734","5.2092","5.2149","5.1601","30.26M","-5.54%"
"12/28/2017","5.4770","5.5170","5.5350","5.4710","26.35M","4.33%"
"12/27/2017","5.2498","5.2697","5.3131","5.2432","18.93M","-0.61%"
"12/22/2017","5.2819","5.2867","5.3395","5.2791","33.13M","-7.04%"
"12/21/2017","5.6820","5.5650","5.6970","5.5560","49.04M","6.87%"
"12/20/2017","5.3169","5.3622","5.3698","5.2848","25.62M","-0.74%"
"12/19/2017","5.3565","5.3386","5.3792","5.3386","22.56M","-4.96%"
"12/18/2017","5.6360","5.6090","5.6390","5.5870","43.87M","6.13%"
"12/15/2017","5.3103","5.2971","5.3377","5.2791","73.25M","0.14%"
"12/14/2017","5.3027","5.3216","5.3801","5.2782","33.90M","-5.65%"
"12/13/2017","5.6200","5.6150","5.6870","5.6130","42.22M","4.75%"
"12/12/2017","5.3650","5.3414","5.3811","5.3027","33.24M","0.82%"
"12/11/2017","5.3216","5.3348","5.3660","5.3112","31.66M","-4.89%"
"12/08/2017","5.5950","5.5450","5.6550","5.5380","51.70M","7.13%"
"12/07/2017","5.2225","5.2121","5.2404","5.1649","25.91M","0.55%"
"12/06/2017","5.1941","5.2215","5.2262","5.1535","40.79M","-5.97%"
"12/05/2017","5.5240","5.5650","5.5700","5.5070","27.62M","4.90%"
"12/04/2017","5.2659","5.2687","5.2971","5.2385","32.94M","1.35%"
"12/01/2017","5.1960","5.3282","5.3433","5.1951","49.64M","-7.35%"
"11/30/2017","5.6080","5.6750","5.7450","5.6080","90.51M","4.13%"
"11/29/2017","5.3858","5.3348","5.4245","5.3207","52.27M","1.84%"
"11/28/2017","5.2886","5.2829","5.3103","5.2508","19.17M","-4.50%"
"11/27/2017","5.5380","5.5060","5.5910","5.4870","71.28M","5.55%"
"11/24/2017","5.2470","5.2272","5.3074","5.2102","27.20M","0.82%"
"11/23/2017","5.2045","5.1639","5.2310","5.1479","26.59M","-4.73%"
"11/22/2017","5.4630","5.4360","5.5200","5.4360","30.66M","5.83%"
"11/21/2017","5.1620","5.1781","5.2480","5.1592","26.98M","-0.56%"
"11/20/2017","5.1913","5.1686","5.2215","5.1583","26.07M","-4.69%"
"11/17/2017","5.4470","5.5010","5.5460","5.4470","46.36M","4.26%"
"11/16/2017","5.2243","5.2602","5.3140","5.2149","32.16M","0.11%"
"11/15/2017","5.2187","5.1082","5.2281","5.0761","45.13M","-3.80%"
"11/14/2017","5.4250","5.4960","5.5400","5.4190","41.75M","3.80%"
"11/13/2017","5.2262","5.2697","5.2782","5.1762","31.97M","-0.50%"
"11/10/2017","5.2527","5.2413","5.3178","5.2366","35.75M","-4.91%"
"11/09/2017","5.5240","5.5710","5.6230","5.5240","52.78M","4.47%"
"11/08/2017","5.2876","5.2971","5.3055","5.2168","40.79M","-0.36%"
"11/07/2017","5.3065","5.3801","5.3896","5.3027","29.03M","-5.34%"
"11/06/2017","5.6060","5.6700","5.6700","5.5790","45.96M","3.96%"
"11/03/2017","5.3924","5.4850","5.4897","5.3480","43.11M","-1.87%"
"11/02/2017","5.4953","5.5189","5.5359","5.4368","30.89M","-5.17%"
"11/01/2017","5.7950","5.8320","5.8450","5.7740","50.50M","5.40%"
"10/31/2017","5.4982","5.5038","5.5775","5.4783","45.49M","-0.05%"
"10/30/2017","5.5010","5.5038","5.5227","5.4547","49.47M","-2.86%"
"10/27/2017","5.6630","5.7640","5.8000","5.6120","141.66M","3.18%"
"10/26/2017","5.4887","5.2857","5.5482","5.2801","98.07M","3.21%"
"10/25/2017","5.3178","5.3207","5.4104","5.2923","51.93M","-4.87%"
"10/24/2017","5.5900","5.4820","5.6010","5.4770","156.91M","6.86%"
"10/23/2017","5.2310","5.2687","5.2810","5.2215","28.57M","-1.07%"
"10/20/2017","5.2876","5.2602","5.3018","5.2451","38.97M","-4.50%"
"10/19/2017","5.5370","5.5950","5.6130","5.5100","43.07M","3.99%"
"10/18/2017","5.3244","5.3159","5.3301","5.2319","34.60M","0.76%"
"10/17/2017","5.2844","5.2478","5.3389","5.2206","40.47M","-3.89%"
"10/16/2017","5.4980","5.4960","5.5300","5.4150","34.72M","5.28%"
"10/13/2017","5.2225","5.3023","5.3023","5.2122","37.84M","-1.17%"
"10/12/2017","5.2844","5.3192","5.3220","5.2610","25.40M","-5.26%"
"10/11/2017","5.5780","5.7090","5.7090","5.5510","91.69M","5.93%"
"10/10/2017","5.2657","5.4431","5.4440","5.2450","62.94M","-2.92%"
"10/09/2017","5.4243","5.4365","5.5088","5.4065","29.46M","-4.90%"
"10/06/2017","5.7040","5.6770","5.7260","5.6360","97.89M","5.39%"
"10/05/2017","5.4121","5.2582","5.4816","5.2263","57.79M","2.93%"
"10/04/2017","5.2582","5.4506","5.4506","5.2394","73.77M","-8.63%"
"10/03/2017","5.7550","5.7690","5.7960","5.6660","55.88M","5.49%"
"10/02/2017","5.4553","5.4262","5.5116","5.3746","56.40M","-1.61%"
"09/29/2017","5.5444","5.5191","5.5491","5.4741","51.92M","-4.72%"
"09/28/2017","5.8190","5.7890","5.8730","5.7830","50.16M","5.79%"
"09/27/2017","5.5003","5.3408","5.5379","5.3333","65.35M","3.42%"
"09/26/2017","5.3182","5.3032","5.3567","5.2957","23.76M","-5.13%"
"09/25/2017","5.6060","5.6660","5.6660","5.5740","37.26M","4.07%"
"09/22/2017","5.3868","5.3511","5.3868","5.3408","31.14M","0.81%"
"09/21/2017","5.3436","5.3173","5.3811","5.2995","36.72M","-3.86%"
"09/20/2017","5.5580","5.6040","5.6300","5.5100","70.78M","4.32%"
"09/19/2017","5.3276","5.2863","5.3473","5.2854","28.58M","0.89%"
"09/18/2017","5.2807","5.2863","5.3145","5.2582","24.75M","-4.34%"
"09/15/2017","5.5200","5.5410","5.5950","5.4870","172.36M","3.94%"
"09/14/2017","5.3107","5.2375","5.3211","5.2075","41.25M","1.14%"
"09/13/2017","5.2507","5.2244","5.2779","5.2028","43.08M","-4.62%"
"09/12/2017","5.5050","5.4660","5.5220","5.4360","43.91M","6.19%"
"09/11/2017","5.1840","5.0855","5.2009","5.0714","41.49M","3.35%"
"09/08/2017","5.0160","4.9935","5.0808","4.9794","39.93M","-3.83%"
"09/07/2017","5.2160","5.2770","5.2830","5.2060","76.55M","4.79%"
"09/06/2017","4.9775","4.9935","5.0263","4.9672","30.90M","-0.86%"
"09/05/2017","5.0207","5.1146","5.1371","5.0207","31.70M","-6.57%"
"09/04/2017","5.3740","5.3370","5.3830","5.3370","20.54M","4.54%"
"09/01/2017","5.1408","5.1493","5.1699","5.1061","24.48M","0.33%"
"08/31/2017","5.1239","5.1061","5.1812","5.0986","39.74M","-4.08%"
"08/30/2017","5.3420","5.3660","5.3670","5.3020","36.75M","5.98%"
"08/29/2017","5.0404","5.0817","5.0939","5.0310","38.46M","-1.39%"
"08/28/2017","5.1117","5.1155","5.1624","5.1005","10.93M","-5.41%"
"08/25/2017","5.4040","5.4210","5.4800","5.4040","19.80M","5.25%"
"08/24/2017","5.1343","5.1296","5.1840","5.1061","26.47M","0.68%"
"08/23/2017","5.0995","5.1568","5.1803","5.0695","25.42M","-5.83%"
"08/22/2017","5.4150","5.4190","5.4480","5.3760","23.83M","6.09%"
"08/21/2017","5.1042","5.1483","5.1615","5.0826","21.22M","-0.95%"
"08/18/2017","5.1530","5.0695","5.1596","5.0498","42.87M","-5.19%"
"08/17/2017","5.4350","5.5720","5.5800","5.4270","47.76M","2.63%"
"08/16/2017","5.2957","5.2891","5.3408","5.2826","22.14M","0.59%"
"08/15/2017","5.2647","5.2422","5.2694","5.2141","21.39M","-4.73%"
"08/14/2017","5.5260","5.4520","5.5620","5.4440","28.90M","7.61%"
"08/11/2017","5.1352","5.2000","5.2187","5.0892","51.08M","-2.30%"
"08/10/2017","5.2563","5.3680","5.3689","5.2263","47.87M","-7.18%"
"08/09/2017","5.6630","5.7860","5.7910","5.6130","176.69M","3.08%"
"08/08/2017","5.4938","5.4722","5.5144","5.4562","30.39M","0.36%"
"08/07/2017","5.4741","5.4628","5.4787","5.4487","19.74M","-4.72%"
"08/04/2017","5.7450","5.6600","5.7850","5.6400","93.92M","6.30%"
"08/03/2017","5.4046","5.3502","5.4046","5.2666","30.97M","0.75%"
"08/02/2017","5.3642","5.4440","5.4581","5.3502","35.45M","-6.77%"
"08/01/2017","5.7540","5.7910","5.7930","5.7100","81.13M","6.17%"
"07/31/2017","5.4196","5.4403","5.4834","5.4046","39.66M","-0.45%"
"07/28/2017","5.4440","5.4206","5.4618","5.3896","38.95M","-5.12%"
"07/27/2017","5.7380","5.6960","5.7640","5.6880","140.01M","5.29%"
"07/26/2017","5.4496","5.4572","5.4656","5.3990","38.32M","-0.05%"
"07/25/2017","5.4525","5.3483","5.5078","5.3483","55.19M","-3.24%"
"07/24/2017","5.6350","5.5750","5.6680","5.5310","45.91M","6.50%"
"07/21/2017","5.2910","5.3567","5.3755","5.2676","66.21M","-1.45%"
"07/20/2017","5.3689","5.2563","5.4140","5.2469","107.64M","-3.90%"
"07/19/2017","5.5870","5.5420","5.6090","5.4350","175.10M","4.72%"
"07/18/2017","5.3351","5.3502","5.3990","5.2938","69.24M","-0.89%"
"07/17/2017","5.3830","5.4281","5.4346","5.3548","62.03M","-5.97%"
"07/14/2017","5.7250","5.7690","5.8030","5.6910","62.08M","4.26%"
"07/13/2017","5.4909","5.4440","5.5172","5.4318","85.15M","1.10%"
"07/12/2017","5.4309","5.4243","5.4525","5.4055","63.54M","-4.60%"
"07/11/2017","5.6930","5.7460","5.7540","5.6800","69.59M","4.41%"
"07/10/2017","5.4525","5.4712","5.4844","5.3896","45.00M","0.00%"
"07/07/2017","5.4525","5.4891","5.5060","5.4065","54.31M","-6.07%"
"07/06/2017","5.8050","5.7780","5.8160","5.6760","69.23M","6.20%"
"07/05/2017","5.4662","5.4699","5.5336","5.4570","60.61M","-0.57%"
"07/04/2017","5.4976","5.4487","5.5594","5.4330","46.45M","-5.73%"
"07/03/2017","5.8320","5.6840","5.8400","5.6570","43.64M","9.07%"
"06/30/2017","5.3471","5.4976","5.5050","5.3286","52.57M","-1.98%"
"06/29/2017","5.4551","5.5853","5.6315","5.4468","57.83M","-6.41%"
"06/28/2017","5.8290","5.6920","5.8460","5.6360","63.02M","7.29%"
"06/27/2017","5.4330","5.3997","5.4690","5.3600","33.79M","0.69%"
"06/26/2017","5.3960","5.3914","5.4560","5.3767","23.96M","-4.17%"
"06/23/2017","5.6310","5.6720","5.7130","5.6060","44.44M","4.16%"
"06/22/2017","5.4062","5.3803","5.4247","5.3250","27.81M","0.10%"
"06/21/2017","5.4007","5.4007","5.4320","5.2991","32.65M","-5.10%"
"06/20/2017","5.6910","5.8110","5.8200","5.6580","48.85M","4.03%"
"06/19/2017","5.4708","5.4865","5.5151","5.4422","30.50M","1.23%"
"06/16/2017","5.4043","5.4607","5.5022","5.3656","77.30M","-5.52%"
"06/15/2017","5.7200","5.7330","5.7760","5.6400","163.44M","4.48%"
"06/14/2017","5.4745","5.6074","5.6398","5.4579","47.68M","-2.13%"
"06/13/2017","5.5936","5.6315","5.6573","5.5807","34.49M","-5.08%"
"06/12/2017","5.8930","5.9090","5.9560","5.8360","83.60M","4.30%"
"06/09/2017","5.6499","5.5687","5.6591","5.4948","85.27M","1.16%"
"06/08/2017","5.5853","5.2769","5.5853","5.2714","111.99M","-0.01%"
"06/07/2017","5.5860","5.4900","5.6810","5.4460","227.36M","4.32%"
"06/06/2017","5.3545","5.3130","5.3822","5.3046","35.64M","-0.17%"
"06/05/2017","5.3637","5.3443","5.3813","5.2862","23.31M","-5.15%"
"06/02/2017","5.6550","5.6970","5.7500","5.6120","50.70M","5.79%"
"06/01/2017","5.3453","5.3397","5.3591","5.2779","45.00M","0.16%"
"05/31/2017","5.3370","5.3545","5.3970","5.3111","55.31M","-5.32%"
"05/30/2017","5.6370","5.6210","5.7420","5.6130","64.44M","4.13%"
"05/29/2017","5.4136","5.3868","5.4339","5.3757","14.56M","-0.05%"
"05/26/2017","5.4163","5.4090","5.4237","5.3111","34.11M","-5.28%"
"05/25/2017","5.7180","5.7720","5.7800","5.7040","31.13M","5.43%"
"05/24/2017","5.4237","5.4080","5.4588","5.3711","34.83M","0.62%"
"05/23/2017","5.3905","5.2613","5.4053","5.2400","45.82M","-2.80%"
"05/22/2017","5.5460","5.6650","5.6830","5.5460","61.87M","2.99%"
"05/19/2017","5.3850","5.3360","5.3960","5.3000","61.23M","1.66%"
"05/18/2017","5.2973","5.3637","5.4265","5.1994","109.10M","-8.49%"
"05/17/2017","5.7890","5.9210","5.9650","5.7730","63.95M","2.21%"
"05/16/2017","5.6638","5.6730","5.6896","5.6130","32.05M","-0.15%"
"05/15/2017","5.6721","5.6130","5.6721","5.5853","29.67M","-3.16%"
"05/12/2017","5.8570","5.8790","5.9230","5.8370","36.58M","4.69%"
"05/11/2017","5.5945","5.6767","5.6878","5.5511","52.29M","-1.19%"
"05/10/2017","5.6619","5.6591","5.7099","5.5788","42.95M","-5.38%"
"05/09/2017","5.9840","6.1220","6.1460","5.9770","62.84M","3.46%"
"05/08/2017","5.7838","5.8392","5.8622","5.6887","55.15M","-0.51%"
"05/05/2017","5.8133","5.6767","5.8133","5.6536","61.96M","-3.00%"
"05/04/2017","5.9930","5.9140","5.9990","5.9050","258.31M","6.89%"
"05/03/2017","5.6065","5.5788","5.6065","5.5557","31.06M","0.28%"
"05/02/2017","5.5908","5.5474","5.6019","5.5391","43.13M","-3.89%"
"04/28/2017","5.8170","5.7390","5.8980","5.7090","157.46M","6.04%"
"04/27/2017","5.4856","5.5391","5.5484","5.4699","39.75M","-1.79%"
"04/26/2017","5.5853","5.6315","5.6416","5.4948","61.05M","-4.83%"
"04/25/2017","5.8690","5.8300","5.9180","5.7820","94.69M","5.96%"
"04/24/2017","5.5391","5.4468","5.5391","5.4210","129.22M","5.82%"
"04/21/2017","5.2345","5.2372","5.2899","5.1708","66.61M","-4.83%"
"04/20/2017","5.5000","5.4690","5.5660","5.4510","233.67M","5.67%"
"04/19/2017","5.2049","5.0748","5.2049","5.0646","56.99M","2.98%"
"04/18/2017","5.0545","5.1145","5.1145","5.0175","44.55M","-5.20%"
"04/13/2017","5.3320","5.4060","5.4060","5.2790","76.70M","3.82%"
"04/12/2017","5.1357","5.2252","5.2659","5.1339","38.28M","-1.28%"
"04/11/2017","5.2022","5.2068","5.2428","5.1449","43.94M","-5.71%"
"04/10/2017","5.5170","5.5850","5.5960","5.5170","65.95M","3.48%"
"04/07/2017","5.3314","5.2622","5.3360","5.2622","33.66M","0.26%"
"04/06/2017","5.3176","5.2206","5.3286","5.1800","41.56M","-4.00%"
"04/05/2017","5.5390","5.5090","5.6250","5.5040","50.97M","5.95%"
"04/04/2017","5.2280","5.1939","5.2336","5.1255","41.02M","0.32%"
"04/03/2017","5.2114","5.3046","5.3046","5.1920","38.82M","-6.64%"
"03/31/2017","5.5820","5.5440","5.5820","5.5190","61.40M","5.25%"
"03/30/2017","5.3037","5.2742","5.3056","5.2437","36.01M","0.40%"
"03/29/2017","5.2825","5.3176","5.3499","5.2289","41.85M","-5.62%"
"03/28/2017","5.5970","5.5480","5.5970","5.5080","50.29M","7.02%"
"03/27/2017","5.2299","5.1994","5.2493","5.1791","37.62M","-0.87%"
"03/24/2017","5.2760","5.2779","5.3019","5.2345","35.39M","-5.14%"
"03/23/2017","5.5620","5.5370","5.5870","5.4860","66.05M","6.05%"
"03/22/2017","5.2446","5.1717","5.2880","5.1071","56.64M","0.42%"
"03/21/2017","5.2225","5.2529","5.3305","5.1929","62.13M","-4.63%"
"03/20/2017","5.4760","5.4470","5.5060","5.4330","61.53M","4.98%"
"03/17/2017","5.2160","5.1699","5.2649","5.1634","100.14M","0.27%"
"03/16/2017","5.2022","5.0868","5.2216","5.0785","102.32M","-1.45%"
"03/15/2017","5.2790","5.2150","5.3090","5.2090","49.32M","6.68%"
"03/14/2017","4.9483","5.0314","5.0406","4.9418","44.25M","-1.85%"
"03/13/2017","5.0415","5.0729","5.0748","5.0065","34.85M","-5.50%"
"03/10/2017","5.3350","5.3050","5.4270","5.2760","95.39M","5.59%"
"03/09/2017","5.0526","4.9252","5.0526","4.9160","90.19M","2.45%"
"03/08/2017","4.9317","4.8809","4.9575","4.8689","44.15M","-4.00%"
"03/07/2017","5.1370","5.1510","5.1590","5.0970","48.57M","5.31%"
"03/06/2017","4.8781","4.8698","4.9252","4.8560","29.29M","-0.58%"
"03/03/2017","4.9067","4.8144","4.9234","4.7858","60.70M","-3.43%"
"03/02/2017","5.0810","5.1680","5.1790","5.0810","67.52M","3.47%"
"03/01/2017","4.9104","4.7821","4.9104","4.7821","65.88M","3.20%"
"02/28/2017","4.7581","4.7129","4.7729","4.6778","53.41M","-3.17%"
"02/27/2017","4.9140","4.9430","4.9480","4.9060","25.44M","5.42%"
"02/24/2017","4.6612","4.7350","4.7618","4.6196","47.40M","-1.31%"
"02/23/2017","4.7230","4.7378","4.7664","4.6981","36.55M","-4.74%"
"02/22/2017","4.9580","5.0750","5.0980","4.9300","65.71M","3.28%"
"02/21/2017","4.8006","4.7535","4.8329","4.7083","36.42M","0.72%"
"02/20/2017","4.7664","4.7803","4.8006","4.7341","28.08M","-4.58%"
"02/17/2017","4.9950","5.0540","5.0720","4.9340","45.45M","3.91%"
"02/16/2017","4.8070","4.8467","4.8652","4.7867","34.73M","-1.01%"
"02/15/2017","4.8560","4.8190","4.8763","4.8015","43.66M","-3.36%"
"02/14/2017","5.0250","4.9770","5.0480","4.9570","48.22M","6.08%"
"02/13/2017","4.7369","4.6870","4.7526","4.6464","33.80M","1.79%"
"02/10/2017","4.6538","4.7526","4.7664","4.6252","37.24M","-6.59%"
"02/09/2017","4.9820","4.8960","4.9820","4.8500","58.84M","6.93%"
"02/08/2017","4.6593","4.7286","4.7544","4.5532","69.48M","-1.39%"
"02/07/2017","4.7249","4.7821","4.7987","4.7221","52.05M","-6.88%"
"02/06/2017","5.0740","5.1650","5.2060","5.0430","102.26M","3.02%"
"02/03/2017","4.9252","4.9114","4.9455","4.8744","33.25M","0.87%"
"02/02/2017","4.8827","4.8560","4.9003","4.7840","47.68M","-3.48%"
"02/01/2017","5.0590","5.0620","5.0990","5.0160","44.20M","6.43%"
"01/31/2017","4.7535","4.8006","4.8874","4.7535","51.64M","-1.04%"
"01/30/2017","4.8034","4.8929","4.9104","4.7895","39.70M","-7.72%"
"01/27/2017","5.2050","5.2190","5.2220","5.1280","37.20M","5.15%"
"01/26/2017","4.9501","5.0314","5.0683","4.9326","61.64M","-0.17%"
"01/25/2017","4.9584","4.8652","5.0166","4.8560","99.07M","-1.17%"
"01/24/2017","5.0170","4.9260","5.0170","4.9140","39.40M","7.61%"
"01/23/2017","4.6621","4.7036","4.7156","4.6436","34.13M","-1.62%"
"01/20/2017","4.7387","4.6796","4.7535","4.6639","46.12M","-4.13%"
"01/19/2017","4.9430","4.9440","4.9900","4.8930","32.98M","5.84%"
"01/18/2017","4.6704","4.6898","4.6944","4.6390","29.10M","0.34%"
"01/17/2017","4.6547","4.6621","4.7203","4.6399","33.83M","-5.43%"
"01/16/2017","4.9220","4.9490","4.9760","4.9220","25.33M","3.54%"
"01/13/2017","4.7535","4.6916","4.7637","4.6630","34.91M","1.74%"
"01/12/2017","4.6723","4.6621","4.7221","4.6159","44.29M","-5.17%"
"01/11/2017","4.9270","4.9860","4.9920","4.9080","45.22M","4.34%"
"01/10/2017","4.7221","4.7470","4.7498","4.6972","35.44M","-0.10%"
"01/09/2017","4.7267","4.7821","4.7913","4.7166","31.47M","-6.05%"
"01/06/2017","5.0310","4.9900","5.0320","4.9600","24.02M","5.84%"
"01/05/2017","4.7535","4.7304","4.7913","4.7036","37.03M","0.29%"
"01/04/2017","4.7397","4.7387","4.7849","4.6907","56.61M","-4.56%"
"01/03/2017","4.9660","4.8580","5.0310","4.8540","54.25M","7.80%"
"01/02/2017","4.6067","4.5430","4.6104","4.5412","19.99M","0.62%"
"12/30/2016","4.5781","4.5190","4.5781","4.4959","41.57M","-3.70%"
"12/29/2016","4.7540","4.7450","4.7770","4.7200","24.52M","4.50%"
"12/28/2016","4.5495","4.5578","4.5873","4.5153","29.86M","-0.51%"
"12/27/2016","4.5726","4.5753","4.5956","4.5633","14.84M","-5.19%"
"12/23/2016","4.8230","4.8370","4.8490","4.7970","23.15M","5.50%"
"12/22/2016","4.5716","4.5836","4.6067","4.5504","27.40M","-0.42%"
"12/21/2016","4.5910","4.5864","4.6159","4.5144","41.85M","-5.22%"
"12/20/2016","4.8440","4.7520","4.8440","4.7340","44.18M","6.73%"
"12/19/2016","4.5384","4.6159","4.6363","4.5329","46.93M","-2.32%"
"12/16/2016","4.6464","4.5855","4.6612","4.5624","140.92M","-4.14%"
"12/15/2016","4.8470","4.7420","4.8590","4.7420","68.82M","7.41%"
"12/14/2016","4.5125","4.5624","4.5919","4.4978","59.03M","-1.29%"
"12/13/2016","4.5716","4.4969","4.5993","4.4608","65.80M","-3.65%"
"12/12/2016","4.7450","4.7230","4.7770","4.7050","43.49M","5.45%"
"12/09/2016","4.4996","4.5227","4.5476","4.4581","63.55M","-1.14%"
"12/08/2016","4.5513","4.3390","4.5587","4.3251","113.76M","0.20%"
"12/07/2016","4.5420","4.4810","4.5680","4.4790","82.08M","7.66%"
"12/06/2016","4.2190","4.0251","4.2282","4.0094","71.20M","5.06%"
"12/05/2016","4.0159","3.8968","4.0436","3.8774","56.02M","-3.49%"
"12/02/2016","4.1610","4.1530","4.1900","4.1400","38.69M","3.80%"
"12/01/2016","4.0085","3.9697","4.0205","3.9531","38.57M","0.67%"
"11/30/2016","3.9817","3.9512","3.9965","3.8977","50.86M","-3.66%"
"11/29/2016","4.1330","4.0830","4.1790","4.0670","35.60M","6.34%"
"11/28/2016","3.8866","3.9503","3.9503","3.8626","37.14M","-1.59%"
"11/25/2016","3.9494","3.9882","3.9882","3.9254","19.95M","-5.40%"
"11/24/2016","4.1750","4.2190","4.2310","4.1510","21.70M","4.37%"
"11/23/2016","4.0002","3.9946","4.0242","3.9374","37.76M","0.07%"
"11/22/2016","3.9974","3.9762","4.0242","3.9439","33.36M","-3.47%"
"11/21/2016","4.1410","4.1610","4.1730","4.0950","27.49M","5.15%"
"11/18/2016","3.9383","4.0436","4.0491","3.9208","55.85M","-1.84%"
"11/17/2016","4.0122","3.9549","4.0140","3.9365","41.23M","-4.29%"
"11/16/2016","4.1920","4.2480","4.2860","4.1310","51.74M","3.93%"
"11/15/2016","4.0334","4.0066","4.0426","3.9217","46.36M","1.11%"
"11/14/2016","3.9891","3.9919","4.0251","3.9069","66.49M","-3.22%"
"11/11/2016","4.1220","4.3560","4.3740","4.0830","91.65M","0.81%"
"11/10/2016","4.0888","4.1543","4.2744","4.0574","108.09M","0.16%"
"11/09/2016","4.0823","3.8691","4.0842","3.8312","113.84M","-4.62%"
"11/08/2016","4.2800","4.2630","4.2920","4.1920","46.93M","6.02%"
"11/07/2016","4.0371","4.0620","4.0990","4.0362","48.90M","1.77%"
"11/04/2016","3.9669","3.9873","4.0048","3.9263","36.78M","-6.09%"
"11/03/2016","4.2240","4.1790","4.2570","4.1440","39.92M","6.16%"
"11/02/2016","3.9789","4.0011","4.0122","3.9346","49.45M","-1.82%"
"11/01/2016","4.0528","4.1488","4.1627","4.0500","42.39M","-6.66%"
"10/31/2016","4.3420","4.3410","4.3910","4.3360","47.38M","4.10%"
"10/28/2016","4.1710","4.1636","4.1802","4.0925","38.13M","-0.44%"
"10/27/2016","4.1894","4.1377","4.1894","4.1193","64.39M","-3.11%"
"10/26/2016","4.3240","4.3590","4.3970","4.3080","62.74M","5.47%"
"10/25/2016","4.0999","4.1331","4.1543","4.0722","69.10M","-1.14%"
"10/24/2016","4.1470","4.0297","4.1525","4.0251","89.34M","-1.24%"
"10/21/2016","4.1990","4.1470","4.1990","4.1240","54.20M","6.17%"
"10/20/2016","3.9549","3.8682","3.9780","3.8635","80.47M","2.44%"
"10/19/2016","3.8608","3.7842","3.8774","3.7601","63.22M","-2.70%"
"10/18/2016","3.9680","3.9180","3.9760","3.9170","55.39M","7.53%"
"10/17/2016","3.6900","3.6681","3.7330","3.6654","37.05M","-0.30%"
"10/14/2016","3.7010","3.5932","3.7266","3.5859","52.60M","-1.46%"
"10/13/2016","3.7560","3.8010","3.8020","3.7350","44.39M","2.78%"
"10/12/2016","3.6544","3.6544","3.6846","3.6361","29.66M","0.40%"
"10/11/2016","3.6398","3.6416","3.6736","3.6115","43.31M","-4.79%"
"10/10/2016","3.8230","3.8020","3.8370","3.7340","41.42M","5.40%"
"10/07/2016","3.6270","3.6900","3.7229","3.5987","59.86M","-2.02%"
"10/06/2016","3.7019","3.6919","3.7421","3.6791","65.48M","-3.85%"
"10/05/2016","3.8500","3.7520","3.8590","3.7340","48.63M","6.60%"
"10/04/2016","3.6115","3.6188","3.6498","3.5859","41.09M","0.18%"
"10/03/2016","3.6051","3.6188","3.6306","3.5731","29.99M","-4.85%"
"09/30/2016","3.7890","3.6770","3.7960","3.6030","111.85M","5.05%"
"09/29/2016","3.6069","3.6188","3.6425","3.5895","38.78M","0.95%"
"09/28/2016","3.5731","3.5658","3.6069","3.5402","36.56M","-3.59%"
"09/27/2016","3.7060","3.7540","3.7730","3.6680","51.54M","4.60%"
"09/26/2016","3.5429","3.5886","3.5886","3.4853","55.55M","-2.05%"
"09/23/2016","3.6169","3.6827","3.7047","3.5895","65.13M","-7.90%"
"09/22/2016","3.9270","3.8700","3.9630","3.8440","60.06M","7.43%"
"09/21/2016","3.6553","3.6462","3.6736","3.6224","46.05M","3.17%"
"09/20/2016","3.5429","3.5548","3.5822","3.5192","28.35M","-6.42%"
"09/19/2016","3.7860","3.8120","3.8260","3.7780","31.63M","6.81%"
"09/16/2016","3.5447","3.5977","3.6133","3.5283","84.36M","-1.95%"
"09/15/2016","3.6151","3.5859","3.6462","3.5694","47.22M","-4.77%"
"09/14/2016","3.7960","3.8680","3.8760","3.7930","58.56M","4.40%"
"09/13/2016","3.6361","3.7732","3.7814","3.6361","52.04M","-2.74%"
"09/12/2016","3.7385","3.7376","3.7823","3.6772","60.71M","-7.94%"
"09/09/2016","4.0610","4.0480","4.1370","4.0280","56.35M","5.26%"
"09/08/2016","3.8582","3.7787","3.8655","3.7494","68.50M","2.25%"
"09/07/2016","3.7732","3.7211","3.7759","3.6864","44.81M","-4.09%"
"09/06/2016","3.9340","4.0270","4.0370","3.9260","39.43M","4.41%"
"09/05/2016","3.7677","3.7540","3.8006","3.7284","35.98M","0.54%"
"09/02/2016","3.7476","3.7010","3.7513","3.6160","54.83M","-4.01%"
"09/01/2016","3.9040","3.8930","4.0200","3.8700","61.70M","6.27%"
"08/31/2016","3.6736","3.6096","3.7101","3.5968","66.81M","2.34%"
"08/30/2016","3.5895","3.5420","3.6178","3.5365","39.29M","-4.05%"
"08/29/2016","3.7410","3.7220","3.7840","3.7070","19.98M","5.37%"
"08/26/2016","3.5502","3.5082","3.5639","3.4908","27.82M","0.91%"
"08/25/2016","3.5182","3.5064","3.5274","3.4689","30.79M","-5.73%"
"08/24/2016","3.7320","3.6360","3.7580","3.6070","53.99M","8.38%"
"08/23/2016","3.4433","3.3629","3.4579","3.3583","40.12M","2.84%"
"08/22/2016","3.3483","3.3081","3.3894","3.2953","26.60M","-4.85%"
"08/19/2016","3.5190","3.5910","3.5920","3.4780","40.04M","3.57%"
"08/18/2016","3.3976","3.4168","3.4296","3.3455","32.06M","0.14%"
"08/17/2016","3.3930","3.5018","3.5091","3.3930","31.25M","-7.87%"
"08/16/2016","3.6830","3.6930","3.7310","3.6600","33.03M","4.85%"
"08/15/2016","3.5128","3.5027","3.5246","3.4872","16.47M","0.05%"
"08/12/2016","3.5109","3.5000","3.5447","3.4963","22.24M","-5.70%"
"08/11/2016","3.7230","3.7120","3.7310","3.6690","27.49M","6.57%"
"08/10/2016","3.4936","3.4543","3.5210","3.4451","30.80M","0.34%"
"08/09/2016","3.4817","3.4287","3.4908","3.4104","34.70M","-4.45%"
"08/08/2016","3.6440","3.6060","3.6910","3.6060","34.63M","7.66%"
"08/05/2016","3.3848","3.2989","3.3903","3.2989","39.65M","3.12%"
"08/04/2016","3.2825","3.2331","3.3263","3.2258","50.21M","-2.86%"
"08/03/2016","3.3790","3.4300","3.4460","3.3390","57.25M","5.38%"
"08/02/2016","3.2066","3.3739","3.3757","3.1984","89.80M","-5.32%"
"08/01/2016","3.3866","3.5420","3.5539","3.3446","58.51M","-7.67%"
"07/29/2016","3.6680","3.6160","3.7020","3.5980","52.63M","8.19%"
"07/28/2016","3.3903","3.5319","3.5411","3.3848","66.98M","-3.96%"
"07/27/2016","3.5301","3.4954","3.5767","3.4323","54.07M","-2.73%"
"07/26/2016","3.6290","3.6520","3.6790","3.5870","45.70M","4.81%"
"07/25/2016","3.4625","3.5447","3.5566","3.4442","46.43M","-2.29%"
"07/22/2016","3.5438","3.5027","3.5685","3.4936","45.48M","-5.07%"
"07/21/2016","3.7330","3.6870","3.7880","3.6690","56.93M","7.19%"
"07/20/2016","3.4826","3.4680","3.4826","3.4141","44.37M","1.28%"
"07/19/2016","3.4387","3.4451","3.5137","3.3949","49.39M","-6.53%"
"07/18/2016","3.6790","3.7000","3.7490","3.6040","42.19M","5.61%"
"07/15/2016","3.4835","3.4735","3.5429","3.4287","64.91M","-0.31%"
"07/14/2016","3.4945","3.4543","3.5091","3.4159","61.53M","-2.93%"
"07/13/2016","3.6000","3.6380","3.7190","3.5820","74.37M","3.64%"
"07/12/2016","3.4735","3.2724","3.4789","3.2514","104.08M","6.50%"
"07/11/2016","3.2615","3.2624","3.2880","3.1618","54.00M","-4.24%"
"07/08/2016","3.4060","3.2180","3.4220","3.1960","80.09M","11.26%"
"07/07/2016","3.0613","3.0604","3.1098","3.0367","57.33M","0.90%"
"07/06/2016","3.0339","3.0613","3.0915","2.9882","89.25M","-7.25%"
"07/05/2016","3.2710","3.3350","3.3780","3.2540","66.05M","2.65%"
"07/04/2016","3.1865","3.2085","3.2459","3.1481","47.08M","-0.46%"
"07/01/2016","3.2011","3.1975","3.2331","3.1162","64.67M","-3.44%"
"06/30/2016","3.3150","3.3060","3.3490","3.2400","104.20M","4.36%"
"06/29/2016","3.1765","3.1527","3.1975","3.1308","99.80M","3.52%"
"06/28/2016","3.0686","3.1253","3.1527","3.0577","111.47M","-3.81%"
"06/27/2016","3.1900","3.4780","3.4800","3.1070","202.70M","3.16%"
"06/24/2016","3.0924","2.8968","3.2441","2.8786","364.23M","-19.89%"
"06/23/2016","3.8600","3.7165","3.8637","3.6736","71.66M","-1.40%"
"06/22/2016","3.9150","3.9060","3.9700","3.8200","47.84M","6.44%"
"06/21/2016","3.6782","3.6160","3.6973","3.5959","61.92M","1.75%"
"06/20/2016","3.6151","3.6462","3.6736","3.5804","63.98M","-1.74%"
"06/17/2016","3.6790","3.6250","3.7310","3.6130","98.80M","10.00%"
"06/16/2016","3.3446","3.2898","3.3528","3.2496","76.61M","-0.71%"
"06/15/2016","3.3684","3.3729","3.4524","3.3373","64.77M","-3.90%"
"06/14/2016","3.5050","3.5770","3.6180","3.5040","73.00M","2.94%"
"06/13/2016","3.4049","3.4725","3.4981","3.4049","68.45M","-3.50%"
"06/10/2016","3.5283","3.6827","3.6864","3.5274","85.91M","-10.24%"
"06/09/2016","3.9310","3.9470","4.0020","3.9250","45.98M","5.30%"
"06/08/2016","3.7330","3.7723","3.7814","3.7056","31.47M","-1.38%"
"06/07/2016","3.7851","3.7650","3.8335","3.7577","38.74M","-4.10%"
"06/06/2016","3.9470","3.9180","3.9990","3.9010","32.77M","6.57%"
"06/03/2016","3.7037","3.8838","3.9002","3.6690","61.21M","-3.59%"
"06/02/2016","3.8417","3.8161","3.9541","3.8161","55.11M","-4.74%"
"06/01/2016","4.0330","4.1400","4.1470","3.9990","46.50M","2.85%"
"05/31/2016","3.9212","4.0510","4.0574","3.8883","47.89M","-2.79%"
"05/30/2016","4.0336","4.0245","4.0501","3.9943","17.96M","-5.18%"
"05/27/2016","4.2540","4.1800","4.2930","4.1790","48.45M","6.82%"
"05/26/2016","3.9825","3.9852","4.0099","3.9121","65.04M","-1.85%"
"05/25/2016","4.0574","3.8719","4.0675","3.8655","79.04M","0.26%"
"05/24/2016","4.0470","3.9080","4.0570","3.8990","48.27M","8.76%"
"05/23/2016","3.7211","3.7832","3.8098","3.7101","49.73M","-1.76%"
"05/20/2016","3.7878","3.7832","3.8180","3.7586","41.02M","-4.13%"
"05/19/2016","3.9510","4.0030","4.0690","3.9470","57.29M","4.69%"
"05/18/2016","3.7741","3.6882","3.7997","3.6736","45.50M","1.55%"
"05/17/2016","3.7165","3.7458","3.8326","3.6782","50.85M","-5.24%"
"05/16/2016","3.9220","3.8860","3.9440","3.8620","21.69M","5.68%"
"05/13/2016","3.7111","3.6553","3.7458","3.6197","39.50M","0.82%"
"05/12/2016","3.6809","3.6736","3.7732","3.6398","54.26M","-5.74%"
"05/11/2016","3.9050","3.9640","3.9810","3.8480","40.81M","4.86%"
"05/10/2016","3.7239","3.6690","3.7494","3.6581","56.31M","2.88%"
"05/09/2016","3.6197","3.7659","3.8052","3.6078","63.30M","-7.92%"
"05/06/2016","3.9310","3.8910","3.9820","3.7990","71.19M","6.48%"
"05/05/2016","3.6919","3.7805","3.7896","3.6736","53.05M","-0.44%"
"05/04/2016","3.7083","3.8015","3.8445","3.7028","69.26M","-7.80%"
"05/03/2016","4.0220","4.2070","4.2180","4.0150","69.31M","0.67%"
"05/02/2016","3.9953","4.0318","4.0656","3.9642","30.02M","-1.11%"
"04/29/2016","4.0400","4.1579","4.2027","4.0400","73.08M","-9.68%"
"04/28/2016","4.4730","4.3600","4.4780","4.2630","73.79M","6.48%"
"04/27/2016","4.2009","4.2137","4.2813","4.1122","75.70M","1.57%"
"04/26/2016","4.1360","4.0117","4.1488","3.9898","78.17M","-2.31%"
"04/25/2016","4.2340","4.3280","4.3510","4.1990","52.68M","3.65%"
"04/22/2016","4.0848","4.0364","4.1003","4.0291","67.92M","0.68%"
"04/21/2016","4.0574","3.9660","4.0903","3.9514","90.35M","-2.84%"
"04/20/2016","4.1760","4.0160","4.1880","4.0020","56.60M","9.61%"
"04/19/2016","3.8098","3.7942","3.8426","3.7796","64.52M","1.04%"
"04/18/2016","3.7705","3.6279","3.7787","3.5968","58.66M","-3.86%"
"04/15/2016","3.9220","3.9340","3.9620","3.8940","105.54M","4.96%"
"04/14/2016","3.7366","3.7284","3.7622","3.6242","105.07M","0.76%"
"04/13/2016","3.7083","3.5457","3.7092","3.5182","121.10M","1.68%"
"04/12/2016","3.6470","3.6170","3.7070","3.5610","72.92M","6.97%"
"04/11/2016","3.4095","3.3364","3.4780","3.2989","56.13M","1.86%"
"04/08/2016","3.3474","3.2715","3.3830","3.2715","59.23M","-3.17%"
"04/07/2016","3.4570","3.5290","3.5380","3.4360","62.42M","3.96%"
"04/06/2016","3.3254","3.3400","3.4013","3.3007","56.99M","-0.30%"
"04/05/2016","3.3355","3.3985","3.4131","3.3355","61.67M","-8.74%"
"04/04/2016","3.6550","3.6690","3.7410","3.6360","50.19M","5.39%"
"04/01/2016","3.4680","3.4917","3.5987","3.4616","69.71M","-2.04%"
"03/31/2016","3.5402","3.6096","3.6133","3.5128","80.46M","-7.90%"
"03/30/2016","3.8440","3.8770","3.9180","3.8310","46.75M","6.04%"
"03/29/2016","3.6252","3.6571","3.7330","3.6160","50.88M","-0.58%"
"03/24/2016","3.6462","3.6928","3.7275","3.6325","69.80M","-7.57%"
"03/23/2016","3.9450","4.0470","4.0700","3.9120","43.71M","3.52%"
"03/22/2016","3.8107","3.8381","3.8417","3.7567","50.04M","-1.53%"
"03/21/2016","3.8701","3.8691","3.9660","3.8390","42.58M","-6.52%"
"03/18/2016","4.1400","4.1080","4.1940","4.0220","107.83M","6.75%"
"03/17/2016","3.8783","3.9203","3.9423","3.7293","101.00M","0.76%"
"03/16/2016","3.8490","3.9550","3.9861","3.8225","75.54M","-7.72%"
"03/15/2016","4.1710","4.3320","4.3510","4.1670","120.75M","1.12%"
"03/14/2016","4.1250","4.1077","4.1753","4.0839","88.01M","1.39%"
"03/11/2016","4.0684","3.8847","4.0729","3.8646","150.92M","1.28%"
"03/10/2016","4.0170","3.9620","4.2540","3.9250","144.68M","6.93%"
"03/09/2016","3.7567","3.7860","3.8463","3.7339","64.70M","-0.77%"
"03/08/2016","3.7860","3.7476","3.8591","3.6973","77.40M","-4.56%"
"03/07/2016","3.9670","3.9700","4.0200","3.8840","60.03M","5.31%"
"03/04/2016","3.7668","3.7412","3.7878","3.6864","91.41M","1.85%"
"03/03/2016","3.6983","3.7111","3.7376","3.6489","66.06M","-5.49%"
"03/02/2016","3.9130","3.7220","3.9250","3.7220","82.50M","11.77%"
"03/01/2016","3.5009","3.4269","3.5045","3.3784","101.04M","2.08%"
"02/29/2016","3.4296","3.3291","3.4296","3.2816","53.81M","-3.74%"
"02/26/2016","3.5630","3.4620","3.5830","3.4510","62.53M","10.61%"
"02/25/2016","3.2212","3.2075","3.2706","3.1838","57.84M","2.50%"
"02/24/2016","3.1427","3.2898","3.3108","3.1280","79.14M","-9.98%"
"02/23/2016","3.4910","3.5190","3.6210","3.4770","63.90M","3.98%"
"02/22/2016","3.3574","3.2697","3.3574","3.2359","54.96M","5.00%"
"02/19/2016","3.1975","3.3026","3.3501","3.1436","82.64M","-8.49%"
"02/18/2016","3.4940","3.6680","3.6790","3.4580","77.68M","1.77%"
"02/17/2016","3.4333","3.3218","3.4397","3.2724","70.61M","4.28%"
"02/16/2016","3.2925","3.3263","3.3528","3.2112","84.61M","-5.63%"
"02/15/2016","3.4890","3.4800","3.5220","3.4270","64.08M","9.65%"
"02/12/2016","3.1820","3.0796","3.1829","3.0458","103.27M","5.20%"
"02/11/2016","3.0248","3.1984","3.1984","3.0248","123.55M","-11.97%"
"02/10/2016","3.4360","3.3400","3.5170","3.2770","91.13M","11.24%"
"02/09/2016","3.0887","3.2286","3.3172","3.0494","128.32M","-3.87%"
"02/08/2016","3.2130","3.4579","3.4652","3.1984","79.99M","-11.34%"
"02/05/2016","3.6240","3.5620","3.7050","3.4900","127.27M","8.38%"
"02/04/2016","3.3437","3.2350","3.3885","3.1728","91.97M","5.66%"
"02/03/2016","3.1646","3.2998","3.3071","3.0951","177.06M","-9.32%"
"02/02/2016","3.4900","3.6790","3.6830","3.4800","94.00M","0.35%"
"02/01/2016","3.4780","3.5786","3.6005","3.4479","53.60M","-3.28%"
"01/29/2016","3.5959","3.5731","3.6005","3.5064","67.96M","-3.13%"
"01/28/2016","3.7120","3.8120","3.8750","3.6670","89.56M","2.01%"
"01/27/2016","3.6389","3.6462","3.6727","3.5511","60.53M","-0.20%"
"01/26/2016","3.6462","3.4607","3.6471","3.4287","176.36M","-2.17%"
"01/25/2016","3.7270","3.8960","3.9060","3.7050","69.10M","1.48%"
"01/22/2016","3.6727","3.6188","3.7257","3.5667","96.14M","4.44%"
"01/21/2016","3.5164","3.4360","3.5603","3.3903","88.58M","-2.59%"
"01/20/2016","3.6100","3.7410","3.7410","3.5770","101.59M","0.70%"
"01/19/2016","3.5849","3.6919","3.7047","3.5758","70.59M","-0.63%"
"01/18/2016","3.6078","3.6562","3.6818","3.5548","62.48M","-6.65%"
"01/15/2016","3.8650","3.9640","3.9760","3.8330","122.23M","2.93%"
"01/14/2016","3.7549","3.7476","3.8006","3.6690","75.39M","-0.92%"
"01/13/2016","3.7896","3.8125","3.8847","3.7595","56.70M","-5.12%"
"01/12/2016","3.9940","3.9640","4.1010","3.9230","61.49M","7.15%"
"01/11/2016","3.7275","3.6681","3.8372","3.6654","79.52M","0.99%"
"01/08/2016","3.6910","3.8198","3.8436","3.6910","80.02M","-8.02%"
"01/07/2016","4.0130","3.9810","4.0420","3.9280","92.96M","3.62%"
"01/06/2016","3.8728","3.9834","4.0099","3.8262","47.41M","-3.22%"
"01/05/2016","4.0017","4.0665","4.0876","3.9706","48.80M","-6.28%"
"01/04/2016","4.2700","4.3060","4.3410","4.2350","57.72M","2.52%"
"12/31/2015","4.1652","4.1945","4.2127","4.1451","21.55M","-1.15%"
"12/30/2015","4.2137","4.2045","4.2429","4.1917","29.69M","-5.69%"
"12/29/2015","4.4680","4.4590","4.4840","4.4390","25.89M","6.73%"
"12/28/2015","4.1862","4.2685","4.3206","4.1725","28.89M","-2.35%"
"12/24/2015","4.2868","4.2721","4.2941","4.2484","11.03M","-4.59%"
"12/23/2015","4.4930","4.4140","4.5050","4.4050","40.32M","8.82%"
"12/22/2015","4.1287","4.1433","4.1607","4.0866","38.09M","0.94%"
"12/21/2015","4.0903","4.1689","4.2109","4.0903","84.41M","-10.06%"
"12/18/2015","4.5480","4.5820","4.6260","4.5000","93.64M","3.97%"
"12/17/2015","4.3745","4.3772","4.4449","4.3288","88.39M","2.55%"
"12/16/2015","4.2658","4.2694","4.3361","4.1936","86.86M","-4.76%"
"12/15/2015","4.4790","4.3510","4.4870","4.3440","98.85M","10.27%"
"12/14/2015","4.0620","4.2310","4.2511","4.0620","96.67M","-3.52%"
"12/11/2015","4.2100","4.2895","4.3151","4.2045","57.33M","-7.41%"
"12/10/2015","4.5470","4.5440","4.6380","4.5010","50.19M","5.11%"
"12/09/2015","4.3261","4.3407","4.3909","4.2319","51.36M","0.02%"
"12/08/2015","4.3252","4.4394","4.4485","4.2996","49.62M","-8.13%"
"12/07/2015","4.7080","4.8450","4.8460","4.6910","45.54M","3.89%"
"12/04/2015","4.5317","4.5052","4.5765","4.4321","65.39M","0.35%"
"12/03/2015","4.5161","4.6596","4.7218","4.4979","88.63M","-8.36%"
"12/02/2015","4.9280","5.0190","5.0370","4.9250","39.99M","4.29%"
"12/01/2015","4.7254","4.7382","4.7748","4.7090","36.19M","0.06%"
"11/30/2015","4.7227","4.6614","4.7455","4.6486","52.38M","-4.53%"
"11/27/2015","4.9470","4.9700","5.0330","4.9310","58.92M","4.65%"
"11/26/2015","4.7272","4.6340","4.7373","4.5984","33.99M","1.67%"
"11/25/2015","4.6496","4.6605","4.6779","4.5253","103.09M","-7.36%"
"11/24/2015","5.0190","4.9790","5.0190","4.9080","36.39M","6.13%"
"11/23/2015","4.7291","4.7016","4.7574","4.6733","29.99M","0.23%"
"11/20/2015","4.7181","4.7793","4.7903","4.7007","47.63M","-6.26%"
"11/19/2015","5.0330","4.9790","5.0650","4.9730","48.30M","7.89%"
"11/18/2015","4.6651","4.6560","4.6852","4.6212","49.18M","-0.14%"
"11/17/2015","4.6715","4.5755","4.6788","4.5600","59.88M","-2.41%"
"11/16/2015","4.7870","4.7850","4.8460","4.7490","35.78M","4.81%"
"11/13/2015","4.5673","4.5956","4.6697","4.5189","43.61M","-0.60%"
"11/12/2015","4.5947","4.7446","4.7601","4.5920","53.02M","-8.96%"
"11/11/2015","5.0470","5.0080","5.1190","4.9960","36.55M","6.72%"
"11/10/2015","4.7291","4.7620","4.7802","4.6797","29.10M","-0.35%"
"11/09/2015","4.7455","4.8378","4.8661","4.7455","62.03M","-7.48%"
"11/06/2015","5.1290","5.0370","5.1530","4.9940","71.47M","7.79%"
"11/05/2015","4.7583","4.8250","4.8607","4.7483","48.53M","-1.29%"
"11/04/2015","4.8204","4.7894","4.9283","4.7684","68.58M","-4.03%"
"11/03/2015","5.0230","4.9630","5.0230","4.9410","49.23M","6.81%"
"11/02/2015","4.7026","4.6130","4.7464","4.5993","41.59M","0.90%"
"10/30/2015","4.6605","4.6925","4.6934","4.5993","55.20M","-5.20%"
"10/29/2015","4.9160","4.9310","4.9960","4.8430","64.70M","3.37%"
"10/28/2015","4.7556","4.6998","4.7693","4.6706","37.37M","1.26%"
"10/27/2015","4.6962","4.7656","4.7702","4.6806","42.83M","-7.02%"
"10/26/2015","5.0510","5.0850","5.0950","5.0160","57.67M","4.86%"
"10/23/2015","4.8168","4.8058","4.9009","4.7711","66.82M","1.06%"
"10/22/2015","4.7665","4.5975","4.7875","4.5838","62.81M","-2.43%"
"10/21/2015","4.8850","4.8650","4.9350","4.7870","41.32M","6.30%"
"10/20/2015","4.5956","4.6660","4.6788","4.5691","40.36M","-1.55%"
"10/19/2015","4.6678","4.7249","4.7602","4.6424","42.20M","-6.21%"
"10/16/2015","4.9770","4.8900","4.9900","4.8670","46.31M","9.04%"
"10/15/2015","4.5645","4.6198","4.6297","4.5545","44.51M","-0.18%"
"10/14/2015","4.5726","4.6406","4.6678","4.5608","59.65M","-7.23%"
"10/13/2015","4.9290","5.0470","5.0630","4.8760","51.31M","2.94%"
"10/12/2015","4.7883","4.8581","4.8944","4.7720","38.10M","-1.62%"
"10/09/2015","4.8672","4.7947","4.8844","4.7621","53.95M","-2.68%"
"10/08/2015","5.0010","5.0050","5.0220","4.9130","38.63M","5.16%"
"10/07/2015","4.7557","4.7040","4.8527","4.6660","69.09M","2.44%"
"10/06/2015","4.6424","4.5318","4.6587","4.4974","55.81M","-2.80%"
"10/05/2015","4.7760","4.6670","4.7800","4.6370","54.19M","10.54%"
"10/02/2015","4.3207","4.3252","4.3714","4.2173","56.56M","0.72%"
"10/01/2015","4.2898","4.3660","4.3750","4.2799","54.91M","-5.70%"
"09/30/2015","4.5490","4.5840","4.6020","4.5190","56.31M","7.66%"
"09/29/2015","4.2255","4.1421","4.2844","4.1249","53.95M","0.71%"
"09/28/2015","4.1956","4.2699","4.3288","4.1729","46.56M","-7.24%"
"09/25/2015","4.5230","4.5160","4.5800","4.5000","76.27M","8.22%"
"09/24/2015","4.1793","4.3460","4.3497","4.1512","105.98M","-3.33%"
"09/23/2015","4.3234","4.4122","4.4802","4.3234","93.51M","-7.46%"
"09/22/2015","4.6720","4.8660","4.8680","4.6630","66.21M","2.01%"
"09/21/2015","4.5799","4.5590","4.6587","4.5509","41.02M","0.04%"
"09/18/2015","4.5781","4.7303","4.7539","4.5726","108.68M","-9.42%"
"09/17/2015","5.0540","5.0190","5.0780","4.9780","65.84M","8.23%"
"09/16/2015","4.6696","4.6134","4.6778","4.5826","60.32M","2.00%"
"09/15/2015","4.5781","4.5336","4.6098","4.4874","64.53M","-5.31%"
"09/14/2015","4.8350","4.8770","4.9150","4.8080","48.03M","6.05%"
"09/11/2015","4.5590","4.6678","4.6759","4.5590","79.22M","-1.64%"
"09/10/2015","4.6352","4.6950","4.7040","4.6225","73.88M","-9.24%"
"09/09/2015","5.1070","5.1200","5.2260","5.0860","55.83M","8.90%"
"09/08/2015","4.6895","4.7131","4.7738","4.6877","50.95M","0.19%"
"09/07/2015","4.6805","4.7312","4.7466","4.6778","36.24M","-6.39%"
"09/04/2015","5.0000","5.0840","5.1080","4.9290","65.44M","3.50%"
"09/03/2015","4.8309","4.8599","4.8772","4.7711","55.46M","0.72%"
"09/02/2015","4.7965","4.8282","4.8971","4.7412","58.89M","-6.41%"
"09/01/2015","5.1250","5.1970","5.2140","5.0780","66.88M","3.56%"
"08/31/2015","4.9488","5.0149","5.0222","4.9080","39.71M","-1.87%"
"08/28/2015","5.0430","5.0276","5.0711","4.9923","42.49M","-5.28%"
"08/27/2015","5.3240","5.3110","5.3560","5.2510","61.60M","10.64%"
"08/26/2015","4.8119","4.8763","4.9143","4.7974","73.98M","-2.25%"
"08/25/2015","4.9225","4.8110","4.9633","4.7702","112.12M","-2.10%"
"08/24/2015","5.0280","5.2270","5.3090","4.9150","163.69M","-0.89%"
"08/21/2015","5.0729","5.1518","5.2542","5.0729","74.88M","-3.17%"
"08/20/2015","5.2388","5.3077","5.3621","5.2252","64.17M","-7.52%"
"08/19/2015","5.6650","5.6970","5.7910","5.6580","46.55M","5.49%"
"08/18/2015","5.3702","5.3729","5.4101","5.3476","34.48M","-0.34%"
"08/17/2015","5.3884","5.4436","5.4745","5.3113","59.66M","-5.99%"
"08/14/2015","5.7320","5.8040","5.8540","5.7180","49.63M","5.40%"
"08/13/2015","5.4382","5.5297","5.5379","5.4382","47.56M","-0.30%"
"08/12/2015","5.4545","5.5506","5.5524","5.4382","75.21M","-8.77%"
"08/11/2015","5.9790","6.0640","6.1100","5.9700","55.55M","4.61%"
"08/10/2015","5.7156","5.6503","5.7328","5.5932","29.12M","1.65%"
"08/07/2015","5.6231","5.6820","5.6965","5.6231","26.56M","-6.92%"
"08/06/2015","6.0410","6.0560","6.0890","6.0220","25.66M","6.22%"
"08/05/2015","5.6875","5.6385","5.7156","5.6249","39.74M","1.41%"
"08/04/2015","5.6086","5.6702","5.6829","5.5660","151.84M","-7.40%"
"08/03/2015","6.0570","6.0480","6.0890","5.9640","41.88M","6.35%"
"07/31/2015","5.6956","5.7001","5.7056","5.5878","59.80M","0.11%"
"07/30/2015","5.6893","5.9730","5.9775","5.6467","81.37M","-9.33%"
"07/29/2015","6.2750","6.2610","6.2780","6.1910","33.64M","7.02%"
"07/28/2015","5.8633","5.8279","5.8986","5.8107","45.03M","0.98%"
"07/27/2015","5.8062","5.8914","5.9131","5.8062","96.82M","-8.22%"
"07/24/2015","6.3260","6.4170","6.4590","6.3260","48.01M","4.61%"
"07/23/2015","6.0473","6.1180","6.1316","6.0473","34.58M","-0.66%"
"07/22/2015","6.0872","6.0137","6.1252","6.0074","65.66M","-5.70%"
"07/21/2015","6.4550","6.5470","6.5480","6.4420","32.80M","5.35%"
"07/20/2015","6.1270","6.0817","6.1579","6.0718","30.79M","0.70%"
"07/17/2015","6.0844","6.1470","6.1497","6.0844","44.28M","-6.85%"
"07/16/2015","6.5320","6.4410","6.5420","6.4340","57.85M","8.70%"
"07/15/2015","6.0092","5.9612","6.0165","5.9285","41.45M","0.79%"
"07/14/2015","5.9621","5.9965","6.0092","5.8588","70.19M","-6.68%"
"07/13/2015","6.3890","6.3590","6.4210","6.3080","61.94M","8.82%"
"07/10/2015","5.8714","5.8098","5.9258","5.7953","93.04M","3.75%"
"07/09/2015","5.6594","5.5107","5.7047","5.4944","57.77M","-2.83%"
"07/08/2015","5.8240","5.8180","5.9100","5.7680","67.11M","7.13%"
"07/07/2015","5.4364","5.5859","5.6159","5.4201","70.84M","-2.27%"
"07/06/2015","5.5624","5.6195","5.6322","5.5080","95.93M","-8.78%"
"07/03/2015","6.0980","6.1320","6.1650","6.0790","39.61M","5.72%"
"07/02/2015","5.7681","5.8216","5.8316","5.7310","43.75M","-0.66%"
"07/01/2015","5.8062","5.7319","5.8769","5.7001","70.84M","-4.01%"
"06/30/2015","6.0490","6.0980","6.2080","6.0410","78.06M","5.52%"
"06/29/2015","5.7328","5.5742","5.8642","5.5742","114.45M","-6.70%"
"06/26/2015","6.1443","6.0663","6.2023","6.0328","42.77M","-5.52%"
"06/25/2015","6.5030","6.4560","6.6190","6.4220","51.35M","6.66%"
"06/24/2015","6.0971","6.1633","6.1633","6.0165","49.31M","-1.09%"
"06/23/2015","6.1642","6.2086","6.2449","6.1434","66.54M","-5.93%"
"06/22/2015","6.5530","6.3250","6.5900","6.3130","94.61M","12.86%"
"06/19/2015","5.8062","5.7736","5.8733","5.7600","85.86M","0.84%"
"06/18/2015","5.7581","5.7536","5.7736","5.6630","65.89M","-5.34%"
"06/17/2015","6.0830","6.1470","6.1770","6.0670","38.30M","5.94%"
"06/16/2015","5.7418","5.7101","5.7672","5.6213","51.77M","-0.08%"
"06/15/2015","5.7464","5.7554","5.8279","5.7128","44.18M","-8.18%"
"06/12/2015","6.2580","6.3250","6.3620","6.1740","40.30M","4.99%"
"06/11/2015","5.9603","5.9231","6.0092","5.9050","44.45M","0.12%"
"06/10/2015","5.9530","5.7971","5.9847","5.7790","43.01M","-5.90%"
"06/09/2015","6.3260","6.3210","6.3630","6.2050","94.55M","8.38%"
"06/08/2015","5.8370","5.9014","5.9430","5.8370","40.70M","-1.45%"
"06/05/2015","5.9231","5.8941","5.9802","5.8488","48.16M","-8.20%"
"06/04/2015","6.4520","6.4410","6.5630","6.3820","45.09M","7.81%"
"06/03/2015","5.9847","5.9657","6.0409","5.9004","44.99M","0.87%"
"06/02/2015","5.9331","5.9104","6.0137","5.8198","46.21M","-6.37%"
"06/01/2015","6.3370","6.3770","6.4390","6.3140","34.25M","7.83%"
"05/29/2015","5.8769","5.9603","5.9947","5.8597","58.47M","-1.62%"
"05/28/2015","5.9739","6.0101","6.0391","5.9140","38.14M","-8.61%"
"05/27/2015","6.5370","6.4480","6.5870","6.3960","40.32M","10.11%"
"05/26/2015","5.9367","5.9820","6.0110","5.8959","57.51M","-0.98%"
"05/25/2015","5.9956","5.9911","6.0545","5.9285","25.71M","-9.54%"
"05/22/2015","6.6280","6.6460","6.6630","6.6060","29.27M","7.81%"
"05/21/2015","6.1479","6.0944","6.1479","6.0844","24.31M","0.28%"
"05/20/2015","6.1307","6.0999","6.1443","6.0563","28.14M","-6.97%"
"05/19/2015","6.5900","6.5310","6.6260","6.5230","44.58M","9.93%"
"05/18/2015","5.9947","6.0273","6.0591","5.9150","51.06M","-0.44%"
"05/15/2015","6.0210","6.1180","6.1216","5.9992","41.25M","-8.76%"
"05/14/2015","6.5990","6.5350","6.6330","6.4610","27.87M","9.21%"
"05/13/2015","6.0427","6.0881","6.1443","6.0147","39.32M","-0.36%"
"05/12/2015","6.0645","6.0872","6.1035","6.0282","70.40M","-8.93%"
"05/11/2015","6.6590","6.6680","6.6840","6.6010","30.36M","8.04%"
"05/08/2015","6.1633","6.0165","6.1633","5.9820","62.78M","2.97%"
"05/07/2015","5.9856","5.9276","6.0156","5.8116","64.34M","-7.37%"
"05/06/2015","6.4620","6.3800","6.5040","6.3590","41.94M","9.35%"
"05/05/2015","5.9095","6.0835","6.1624","5.9095","58.93M","-3.39%"
"05/04/2015","6.1171","6.0826","6.1724","6.0083","40.74M","-7.67%"
"04/30/2015","6.6250","6.5670","6.7150","6.5180","60.19M","8.54%"
"04/29/2015","6.1035","6.2086","6.2403","6.1008","46.94M","-1.69%"
"04/28/2015","6.2086","6.1633","6.2177","6.1542","57.41M","-6.47%"
"04/27/2015","6.6380","6.5390","6.6650","6.4430","50.64M","9.95%"
"04/24/2015","6.0373","5.9920","6.1180","5.9820","53.09M","1.26%"
"04/23/2015","5.9621","5.9721","5.9802","5.8642","47.80M","-7.28%"
"04/22/2015","6.4300","6.4110","6.4470","6.3260","77.56M","8.19%"
"04/21/2015","5.9430","6.0174","6.0355","5.9168","130.66M","-0.40%"
"04/20/2015","5.9666","5.9594","5.9811","5.9004","41.50M","-7.21%"
"04/17/2015","6.4300","6.6030","6.6330","6.3830","103.37M","4.87%"
"04/16/2015","6.1316","6.2322","6.2349","6.0835","62.40M","-1.87%"
"04/15/2015","6.2485","6.2512","6.2530","6.1814","75.89M","-6.99%"
"04/14/2015","6.7180","6.8690","6.8690","6.6820","98.16M","5.52%"
"04/13/2015","6.3664","6.2934","6.3815","6.2863","38.26M","1.30%"
"04/10/2015","6.2845","6.3201","6.3201","6.2204","53.20M","-7.81%"
"04/09/2015","6.8170","6.8240","6.8370","6.7850","40.82M","8.55%"
"04/08/2015","6.2801","6.3513","6.3655","6.2587","47.57M","-0.95%"
"04/07/2015","6.3406","6.3272","6.3815","6.3068","55.49M","-6.92%"
"04/02/2015","6.8120","6.7600","6.8330","6.7420","30.77M","9.01%"
"04/01/2015","6.2489","6.2106","6.3272","6.1955","56.13M","0.04%"
"03/31/2015","6.2462","6.2088","6.2578","6.1617","53.75M","-7.12%"
"03/30/2015","6.7250","6.6450","6.7550","6.6240","53.58M","9.78%"
"03/27/2015","6.1261","6.1617","6.1982","6.0780","58.82M","-0.48%"
"03/26/2015","6.1554","6.0620","6.1554","6.0246","69.94M","-6.85%"
"03/25/2015","6.6080","6.6560","6.7060","6.5900","43.30M","7.00%"
"03/24/2015","6.1759","6.0602","6.2106","6.0557","72.39M","1.52%"
"03/23/2015","6.0833","6.0175","6.0958","6.0014","68.23M","-7.11%"
"03/20/2015","6.5490","6.2600","6.5640","6.2390","210.20M","13.41%"
"03/19/2015","5.7744","5.7379","5.8056","5.7273","57.31M","0.49%"
"03/18/2015","5.7460","5.7584","5.7762","5.6578","63.42M","-7.64%"
"03/17/2015","6.2210","6.2520","6.2710","6.1550","43.84M","7.75%"
"03/16/2015","5.7736","5.7566","5.8083","5.7335","64.09M","0.94%"
"03/13/2015","5.7201","5.7771","5.7771","5.7015","41.97M","-7.77%"
"03/12/2015","6.2020","6.1540","6.2450","6.1450","56.35M","8.73%"
"03/11/2015","5.7041","5.6534","5.7228","5.6302","47.53M","1.50%"
"03/10/2015","5.6196","5.7682","5.7789","5.6089","68.08M","-9.96%"
"03/09/2015","6.2410","6.1740","6.2570","6.1710","37.39M","8.20%"
"03/06/2015","5.7682","5.8305","5.8421","5.7513","43.17M","-0.84%"
"03/05/2015","5.8172","5.7949","5.8448","5.7647","37.31M","-7.03%"
"03/04/2015","6.2570","6.2310","6.2690","6.1520","38.40M","9.32%"
"03/03/2015","5.7237","5.8252","5.8394","5.7148","36.82M","-1.71%"
"03/02/2015","5.8234","5.8305","5.8661","5.7647","47.71M","-7.45%"
"02/27/2015","6.2920","6.2890","6.2950","6.2030","52.87M","8.75%"
"02/26/2015","5.7860","5.7148","5.7860","5.7095","48.15M","1.23%"
"02/25/2015","5.7157","5.7326","5.7424","5.6712","38.13M","-8.12%"
"02/24/2015","6.2210","6.2310","6.2500","6.1590","46.95M","8.35%"
"02/23/2015","5.7415","5.7700","5.7842","5.6979","43.92M","0.66%"
"02/20/2015","5.7041","5.7193","5.7575","5.6124","62.81M","-8.22%"
"02/19/2015","6.2150","6.1580","6.2490","6.1060","59.23M","8.91%"
"02/18/2015","5.7068","5.6445","5.7371","5.6427","64.44M","1.65%"
"02/17/2015","5.6142","5.5475","5.6347","5.4754","50.09M","-7.19%"
"02/16/2015","6.0490","6.0400","6.1120","6.0290","34.57M","8.04%"
"02/13/2015","5.5991","5.4834","5.6391","5.4762","79.37M","2.49%"
"02/12/2015","5.4629","5.3231","5.4851","5.3009","66.17M","-5.14%"
"02/11/2015","5.7590","5.8460","5.8720","5.7390","38.65M","6.64%"
"02/10/2015","5.4006","5.3579","5.4736","5.3258","45.60M","0.96%"
"02/09/2015","5.3490","5.3988","5.4068","5.2840","54.89M","-9.55%"
"02/06/2015","5.9140","5.8940","5.9210","5.8270","49.05M","8.74%"
"02/05/2015","5.4389","5.4255","5.4406","5.3454","57.36M","-1.13%"
"02/04/2015","5.5012","5.5288","5.5920","5.4371","84.49M","-7.99%"
"02/03/2015","5.9790","5.8070","5.9990","5.7880","106.46M","13.17%"
"02/02/2015","5.2831","5.2840","5.3053","5.1380","81.97M","-0.42%"
"01/30/2015","5.3053","5.4166","5.4246","5.2537","83.84M","-8.56%"
"01/29/2015","5.8020","5.6940","5.8080","5.6500","52.40M","9.36%"
"01/28/2015","5.3053","5.5190","5.5234","5.2519","88.87M","-3.01%"
"01/27/2015","5.4700","5.5323","5.5448","5.4059","94.15M","-9.11%"
"01/26/2015","6.0180","5.9290","6.0230","5.8460","56.04M","8.83%"
"01/23/2015","5.5297","5.4976","5.5626","5.4397","130.18M","1.45%"
"01/22/2015","5.4504","5.4219","5.4887","5.3427","137.55M","-6.41%"
"01/21/2015","5.8240","5.8940","5.9130","5.6930","96.56M","7.36%"
"01/20/2015","5.4246","5.4033","5.4869","5.3872","187.35M","0.63%"
"01/19/2015","5.3908","5.3632","5.4104","5.3062","69.24M","-6.86%"
"01/16/2015","5.7880","5.8010","5.8200","5.7080","98.49M","7.85%"
"01/15/2015","5.3668","5.3676","5.3792","5.1451","140.09M","1.35%"
"01/14/2015","5.2955","5.3027","5.4059","5.2350","211.20M","-8.89%"
"01/13/2015","5.8120","5.6860","5.8310","5.6520","169.86M","9.97%"
"01/12/2015","5.2849","5.2412","5.2857","5.1504","208.94M","2.72%"
"01/09/2015","5.1451","5.3906","5.4159","5.0464","510.12M","-20.59%"
"01/08/2015","6.4790","6.4070","6.5000","6.3490","22.91M","11.79%"
"01/07/2015","5.7959","5.8090","5.9199","5.7382","55.64M","0.64%"
"01/06/2015","5.7592","5.8876","5.9156","5.7566","50.93M","-9.18%"
"01/05/2015","6.3410","6.6000","6.6870","6.3270","58.03M","3.24%"
"01/02/2015","6.1418","6.1890","6.2161","6.0623","45.27M","0.50%"