"Fecha","Último","Apertura","Máximo","Mínimo","Vol.","% var."
"31.12.2025","18,150","17,930","18,270","17,930","521,62K","0,58%"
"30.12.2025","18,045","17,970","18,090","17,855","543,75K","0,39%"
"29.12.2025","17,975","17,740","17,980","17,520","645,06K","1,67%"
"24.12.2025","17,680","17,700","17,765","17,585","158,27K","-0,06%"
"23.12.2025","17,690","17,100","17,950","17,100","1,15M","2,55%"
"22.12.2025","17,250","17,115","17,250","16,720","635,68K","0,55%"
"19.12.2025","17,155","17,000","17,250","16,785","1,83M","1,27%"
"18.12.2025","16,940","16,500","17,020","16,400","564,41K","2,42%"
"17.12.2025","16,540","16,975","17,190","16,540","756,95K","-2,19%"
"16.12.2025","16,910","16,820","16,960","16,635","456,84K","0,56%"
"15.12.2025","16,815","16,855","16,990","16,570","535,39K","0,15%"
"12.12.2025","16,790","16,740","17,190","16,600","677,66K","1,08%"
"11.12.2025","16,610","16,980","17,065","16,395","604,35K","-2,29%"
"10.12.2025","17,000","17,025","17,225","16,875","370,15K","-0,96%"
"09.12.2025","17,165","16,835","17,165","16,570","540,17K","1,90%"
"08.12.2025","16,845","16,900","17,290","16,775","699,45K","-0,12%"
"05.12.2025","16,865","17,155","17,285","16,825","490,95K","-1,69%"
"04.12.2025","17,155","17,030","17,275","16,825","467,78K","1,24%"
"03.12.2025","16,945","17,000","17,290","16,785","718,05K","0,80%"
"02.12.2025","16,810","16,315","17,035","16,155","767,73K","2,88%"
"01.12.2025","16,340","16,665","16,665","16,125","624,00K","-1,95%"
"28.11.2025","16,665","16,815","16,815","16,510","310,71K","-0,57%"
"27.11.2025","16,760","16,800","16,970","16,605","491,42K","0,60%"
"26.11.2025","16,660","16,530","16,770","16,190","739,12K","0,54%"
"25.11.2025","16,570","17,100","17,250","16,490","1,40M","-4,00%"
"24.11.2025","17,260","16,890","17,465","16,390","1,13M","0,20%"
"21.11.2025","17,225","17,260","17,460","17,000","1,04M","-2,57%"
"20.11.2025","17,680","18,460","18,945","17,680","1,53M","-0,98%"
"19.11.2025","17,855","17,420","17,970","16,940","1,16M","1,10%"
"18.11.2025","17,660","18,485","18,700","17,555","1,46M","-1,67%"
"17.11.2025","17,960","15,980","18,760","15,800","5,14M","15,72%"
"14.11.2025","15,520","15,120","15,520","14,660","1,26M","2,11%"
"13.11.2025","15,200","15,700","15,750","15,145","1,06M","-2,94%"
"12.11.2025","15,660","15,205","15,720","15,205","788,99K","3,85%"
"11.11.2025","15,080","15,780","15,795","14,960","1,18M","-3,64%"
"10.11.2025","15,650","15,520","15,895","15,500","806,78K","3,27%"
"07.11.2025","15,155","15,200","15,920","15,030","1,43M","0,46%"
"06.11.2025","15,085","15,670","15,715","15,085","755,27K","-3,39%"
"05.11.2025","15,615","15,400","15,685","15,070","846,89K","1,76%"
"04.11.2025","15,345","15,000","15,350","14,875","736,56K","2,23%"
"03.11.2025","15,010","14,700","15,280","14,610","1,04M","0,10%"
"31.10.2025","14,995","15,150","15,430","14,995","587,71K","-0,03%"
"30.10.2025","15,000","15,045","15,090","14,715","711,27K","-0,99%"
"29.10.2025","15,150","15,155","15,450","15,030","617,98K","-0,26%"
"28.10.2025","15,190","14,995","15,300","14,950","678,66K","0,86%"
"27.10.2025","15,060","15,000","15,140","14,860","607,12K","0,57%"
"24.10.2025","14,975","14,850","14,975","14,580","596,25K","1,39%"
"23.10.2025","14,770","14,520","14,840","14,400","611,75K","2,25%"
"22.10.2025","14,445","14,400","14,985","14,400","866,38K","-0,31%"
"21.10.2025","14,490","14,520","14,755","14,365","663,02K","-1,19%"
"20.10.2025","14,665","14,835","14,870","14,520","665,57K","-0,64%"
"17.10.2025","14,760","15,050","15,150","14,760","1,36M","-2,57%"
"16.10.2025","15,150","14,900","15,520","14,800","1,69M","2,61%"
"15.10.2025","14,765","14,750","14,955","14,655","1,11M","0,78%"
"14.10.2025","14,650","14,550","14,670","14,365","859,30K","0,48%"
"13.10.2025","14,580","14,200","14,770","14,050","902,38K","1,25%"
"10.10.2025","14,400","14,430","14,580","14,040","1,54M","-0,03%"
"09.10.2025","14,405","14,000","14,720","13,850","2,68M","4,04%"
"08.10.2025","13,845","13,600","14,210","13,530","2,03M","1,84%"
"07.10.2025","13,595","14,015","14,230","13,000","3,34M","-4,06%"
"06.10.2025","14,170","13,350","14,275","13,300","3,37M","7,19%"
"03.10.2025","13,220","12,630","13,245","12,580","2,56M","4,71%"
"02.10.2025","12,625","12,120","12,625","12,050","3,99M","7,40%"
"01.10.2025","11,755","11,135","12,020","11,060","3,58M","7,89%"
"30.09.2025","10,895","10,290","10,950","10,205","2,80M","5,27%"
"29.09.2025","10,350","10,600","10,670","10,275","921,88K","-0,24%"
"26.09.2025","10,375","10,650","10,650","10,310","943,00K","-2,40%"
"25.09.2025","10,630","10,870","10,870","10,545","742,48K","-1,85%"
"24.09.2025","10,830","11,010","11,075","10,680","1,03M","-1,59%"
"23.09.2025","11,005","11,080","11,320","11,005","556,43K","-0,68%"
"22.09.2025","11,080","11,080","11,185","10,960","573,50K","-0,40%"
"19.09.2025","11,125","11,315","11,385","10,940","1,54M","-1,55%"
"18.09.2025","11,300","11,475","11,545","11,170","666,17K","-1,48%"
"17.09.2025","11,470","11,700","11,715","11,390","919,83K","-2,47%"
"16.09.2025","11,760","11,860","11,920","11,675","671,84K","-1,42%"
"15.09.2025","11,930","12,000","12,140","11,880","643,98K","-0,21%"
"12.09.2025","11,955","12,170","12,270","11,835","846,65K","-1,24%"
"11.09.2025","12,105","12,030","12,135","11,890","1,03M","0,54%"
"10.09.2025","12,040","11,730","12,150","11,290","2,66M","3,13%"
"09.09.2025","11,675","12,700","12,760","11,640","2,92M","-8,36%"
"08.09.2025","12,740","12,900","13,035","12,710","657,26K","-1,09%"
"05.09.2025","12,880","12,750","12,960","12,715","784,75K","1,26%"
"04.09.2025","12,720","13,150","13,150","12,720","1,07M","-1,97%"
"03.09.2025","12,975","13,155","13,200","12,820","1,09M","-0,92%"
"02.09.2025","13,095","13,220","13,380","12,930","1,62M","-1,06%"
"01.09.2025","13,235","13,810","13,830","13,035","2,03M","-4,34%"
"29.08.2025","13,835","14,260","14,315","13,835","1,47M","-2,64%"
"28.08.2025","14,210","13,770","14,210","13,280","2,18M","1,72%"
"27.08.2025","13,970","12,850","14,265","12,835","2,88M","8,29%"
"26.08.2025","12,900","12,590","13,090","12,580","1,57M","2,46%"
"25.08.2025","12,590","12,700","12,725","12,510","819,34K","-0,94%"
"22.08.2025","12,710","12,525","12,765","12,465","661,80K","1,56%"
"21.08.2025","12,515","12,530","12,560","12,450","508,73K","0,04%"
"20.08.2025","12,510","12,500","12,595","12,415","439,54K","-0,04%"
"19.08.2025","12,515","12,455","12,585","12,345","739,57K","0,48%"
"18.08.2025","12,455","12,180","12,520","12,180","1,37M","2,59%"
"15.08.2025","12,140","12,120","12,235","12,030","808,35K","0,75%"
"14.08.2025","12,050","12,045","12,250","11,970","953,81K","0,92%"
"13.08.2025","11,940","11,960","12,100","11,910","665,00K","0,29%"
"12.08.2025","11,905","11,800","12,090","11,715","1,08M","0,46%"
"11.08.2025","11,850","11,520","11,850","11,420","1,08M","2,86%"
"08.08.2025","11,520","11,490","11,690","11,490","901,15K","0,22%"
"07.08.2025","11,495","11,555","11,575","11,410","781,67K","-0,56%"
"06.08.2025","11,560","11,450","11,600","11,390","795,13K","0,96%"
"05.08.2025","11,450","11,530","11,640","11,445","1,01M","-0,35%"
"04.08.2025","11,490","11,390","11,505","11,350","841,16K","1,82%"
"01.08.2025","11,285","11,265","11,460","11,185","1,04M","0,13%"
"31.07.2025","11,270","11,160","11,410","11,050","1,46M","1,12%"
"30.07.2025","11,145","10,850","11,490","10,820","2,27M","2,53%"
"29.07.2025","10,870","10,875","10,885","10,700","1,37M","0,51%"
"28.07.2025","10,815","11,100","11,150","10,790","1,14M","-1,14%"
"25.07.2025","10,940","10,710","10,940","10,660","895,46K","2,20%"
"24.07.2025","10,705","10,980","11,110","10,690","1,59M","-2,68%"
"23.07.2025","11,000","11,055","11,260","10,950","1,83M","-2,74%"
"22.07.2025","11,310","10,610","11,365","10,610","2,92M","6,60%"
"21.07.2025","10,610","10,420","10,610","10,365","823,11K","2,07%"
"18.07.2025","10,395","10,430","10,610","10,350","1,09M","0,14%"
"17.07.2025","10,380","10,325","10,535","10,325","1,27M","1,17%"
"16.07.2025","10,260","10,135","10,345","10,125","607,37K","0,93%"
"15.07.2025","10,165","10,155","10,390","10,135","966,28K","0,40%"
"14.07.2025","10,125","10,080","10,155","10,005","728,79K","-0,15%"
"11.07.2025","10,140","10,150","10,265","10,100","549,80K","-0,54%"
"10.07.2025","10,195","10,480","10,550","10,190","744,23K","-2,21%"
"09.07.2025","10,425","10,105","10,470","10,105","1,12M","3,99%"
"08.07.2025","10,025","10,200","10,220","10,005","1,20M","-1,23%"
"07.07.2025","10,150","10,460","10,470","10,140","961,63K","-2,87%"
"04.07.2025","10,450","10,400","10,490","10,275","1,00M","0,05%"
"03.07.2025","10,445","10,280","10,650","10,135","1,71M","2,25%"
"02.07.2025","10,215","10,020","10,340","10,015","1,52M","2,31%"
"01.07.2025","9,984","9,868","10,010","9,822","828,71K","1,50%"
"30.06.2025","9,836","9,968","10,035","9,700","1,29M","-0,65%"
"27.06.2025","9,900","10,130","10,210","9,806","1,31M","-1,44%"
"26.06.2025","10,045","10,090","10,250","9,804","1,90M","-0,45%"
"25.06.2025","10,090","10,130","10,270","10,065","1,18M","0,35%"
"24.06.2025","10,055","9,900","10,190","9,804","1,58M","2,16%"
"23.06.2025","9,842","9,448","9,842","9,396","1,56M","2,29%"
"20.06.2025","9,622","9,650","9,830","9,332","2,05M","0,31%"
"19.06.2025","9,592","9,250","9,626","9,208","1,92M","4,24%"
"18.06.2025","9,202","9,250","9,254","9,068","1,28M","0,15%"
"17.06.2025","9,188","9,050","9,192","8,932","1,42M","1,50%"
"16.06.2025","9,052","8,860","9,130","8,860","1,14M","2,17%"
"13.06.2025","8,860","8,758","9,058","8,730","1,54M","0,05%"
"12.06.2025","8,856","8,736","8,888","8,720","1,13M","1,21%"
"11.06.2025","8,750","8,760","8,830","8,662","992,72K","-0,41%"
"10.06.2025","8,786","8,840","8,894","8,640","1,38M","0,16%"
"09.06.2025","8,772","8,696","8,902","8,638","1,88M","0,83%"
"06.06.2025","8,700","8,928","9,160","8,562","3,30M","-2,18%"
"05.06.2025","8,894","9,568","9,620","8,780","5,38M","-6,10%"
"04.06.2025","9,472","8,658","9,640","8,634","7,94M","12,90%"
"03.06.2025","8,390","7,790","8,940","7,660","6,14M","9,44%"
"02.06.2025","7,666","7,650","7,732","7,528","1,87M","0,82%"
"30.05.2025","7,604","7,200","7,610","7,188","4,88M","8,60%"
"29.05.2025","7,002","6,750","7,118","6,718","1,90M","4,41%"
"28.05.2025","6,706","6,678","6,734","6,616","666,88K","1,30%"
"27.05.2025","6,620","6,670","6,800","6,588","783,78K","-1,19%"
"26.05.2025","6,700","6,600","6,718","6,578","991,70K","2,73%"
"23.05.2025","6,522","6,640","6,648","6,424","1,27M","-1,03%"
"22.05.2025","6,590","6,468","6,686","6,422","1,39M","0,89%"
"21.05.2025","6,532","6,878","6,878","6,398","2,73M","-4,19%"
"20.05.2025","6,818","6,556","6,910","6,540","2,40M","4,89%"
"19.05.2025","6,500","6,700","6,700","6,440","1,07M","-2,64%"
"16.05.2025","6,676","6,610","6,700","6,594","631,71K","1,83%"
"15.05.2025","6,556","6,560","6,622","6,376","934,24K","-0,33%"
"14.05.2025","6,578","6,752","6,816","6,570","749,85K","-2,17%"
"13.05.2025","6,724","6,630","6,936","6,604","1,26M","2,47%"
"12.05.2025","6,562","6,496","6,688","6,370","918,55K","2,53%"
"09.05.2025","6,400","6,290","6,546","6,290","847,45K","1,88%"
"08.05.2025","6,282","6,350","6,390","6,248","0,04K","-0,82%"
"07.05.2025","6,334","6,366","6,476","6,312","801,97K","0,06%"
"06.05.2025","6,330","6,518","6,550","6,324","765,42K","-2,82%"
"05.05.2025","6,514","6,368","6,580","6,368","685,10K","2,32%"
"02.05.2025","6,366","6,670","6,706","6,364","3,34K","-4,04%"
"30.04.2025","6,634","6,740","6,752","6,514","9,51K","-1,66%"
"29.04.2025","6,746","6,840","6,956","6,746","513,69K","-1,35%"
"28.04.2025","6,838","6,960","7,050","6,800","690,16K","-1,61%"
"25.04.2025","6,950","6,850","6,956","6,824","18,04K","1,97%"
"24.04.2025","6,816","6,620","6,860","6,616","860,37K","3,15%"
"23.04.2025","6,608","6,800","6,902","6,580","821,28K","-2,10%"
"22.04.2025","6,750","6,586","6,750","6,474","720,09K","3,31%"
"17.04.2025","6,534","6,610","6,612","6,500","589,64K","-1,71%"
"16.04.2025","6,648","6,662","6,700","6,610","447,00K","-0,51%"
"15.04.2025","6,682","6,578","6,690","6,578","0,18K","1,70%"
"14.04.2025","6,570","6,750","6,750","6,570","489,33K","-0,30%"
"11.04.2025","6,590","6,314","6,752","6,314","1,01M","3,62%"
"10.04.2025","6,360","6,826","6,826","6,360","1,55M","2,98%"
"09.04.2025","6,176","6,210","6,310","6,124","1,21M","-3,26%"
"08.04.2025","6,384","6,424","6,532","6,250","1,04M","1,56%"
"07.04.2025","6,286","6,318","6,598","6,088","2,22M","-5,90%"
"04.04.2025","6,680","7,195","7,450","6,635","1,71M","-7,86%"
"03.04.2025","7,250","6,800","7,340","6,780","1,42M","5,38%"
"02.04.2025","6,880","6,910","6,930","6,790","509,13K","-0,43%"
"01.04.2025","6,910","6,900","7,055","6,750","899,05K","0,58%"
"31.03.2025","6,870","7,030","7,120","6,830","826,57K","-3,65%"
"28.03.2025","7,130","7,050","7,320","7,005","712,25K","0,42%"
"27.03.2025","7,100","7,100","7,140","6,960","1,24K","-0,28%"
"26.03.2025","7,120","7,295","7,320","7,115","798,65K","-2,00%"
"25.03.2025","7,265","7,080","7,375","7,080","749,27K","2,32%"
"24.03.2025","7,100","7,350","7,410","7,070","1,38M","-3,40%"
"21.03.2025","7,350","7,490","7,555","7,350","1,19M","-2,20%"
"20.03.2025","7,515","7,565","7,655","7,435","660,57K","-0,86%"
"19.03.2025","7,580","7,625","7,660","7,525","454,12K","-0,46%"
"18.03.2025","7,615","7,655","7,685","7,570","1,10M","0,59%"
"17.03.2025","7,570","7,365","7,580","7,315","776,76K","2,99%"
"14.03.2025","7,350","7,385","7,405","7,280","738,06K","-0,68%"
"13.03.2025","7,400","7,365","7,550","7,340","785,01K","0,34%"
"12.03.2025","7,375","7,595","7,685","7,335","1,28M","-2,64%"
"11.03.2025","7,575","7,605","7,920","7,565","1,15M","-0,85%"
"10.03.2025","7,640","7,815","7,880","7,625","698,96K","-1,80%"
"07.03.2025","7,780","7,910","8,095","7,680","1,35M","-1,64%"
"06.03.2025","7,910","7,820","7,955","7,740","896,44K","1,28%"
"05.03.2025","7,810","7,815","8,010","7,745","1,17M","0,97%"
"04.03.2025","7,735","7,985","8,050","7,580","1,79M","-3,13%"
"03.03.2025","7,985","7,825","8,135","7,755","1,37M","1,46%"
"28.02.2025","7,870","7,810","7,955","7,565","1,94M","0,58%"
"27.02.2025","7,825","8,050","8,540","7,630","3,73M","-2,73%"
"26.02.2025","8,045","8,000","8,055","7,850","683,79K","1,19%"
"25.02.2025","7,950","7,850","8,015","7,820","1,00M","1,79%"
"24.02.2025","7,810","7,695","7,985","7,695","956,73K","2,49%"
"21.02.2025","7,620","7,650","7,800","7,580","679,17K","-0,13%"
"20.02.2025","7,630","7,625","7,730","7,570","750,46K","-0,39%"
"19.02.2025","7,660","7,900","7,945","7,595","1,06M","-1,79%"
"18.02.2025","7,800","7,805","7,960","7,800","882,55K","0,32%"
"17.02.2025","7,775","7,825","8,005","7,660","0,15K","0,32%"
"14.02.2025","7,750","7,990","8,030","7,750","1,07M","-2,39%"
"13.02.2025","7,940","7,630","8,070","7,540","1,59M","5,17%"
"12.02.2025","7,550","7,655","7,725","7,490","818,99K","-1,63%"
"11.02.2025","7,675","7,745","7,825","7,640","444,75K","-0,97%"
"10.02.2025","7,750","7,585","7,765","7,580","512,15K","2,11%"
"07.02.2025","7,590","7,700","7,785","7,565","604,80K","-1,75%"
"06.02.2025","7,725","7,760","7,855","7,690","475,64K","-0,83%"
"05.02.2025","7,790","7,795","7,900","7,650","1,02M","0,65%"
"04.02.2025","7,740","7,360","7,795","7,320","1,16M","5,09%"
"03.02.2025","7,365","7,415","7,435","7,325","760,72K","-2,58%"
"31.01.2025","7,560","7,635","7,640","7,515","482,23K","-0,53%"
"30.01.2025","7,600","7,440","7,625","7,320","932,08K","2,43%"
"29.01.2025","7,420","7,645","7,645","7,420","765,53K","-0,27%"
"28.01.2025","7,440","7,580","7,730","7,305","1,29M","-1,33%"
"27.01.2025","7,540","7,500","7,700","7,465","804,45K","0,20%"
"24.01.2025","7,525","7,610","7,765","7,510","1,06M","0,60%"
"23.01.2025","7,480","7,750","7,840","7,480","1,27M","-4,53%"
"22.01.2025","7,835","8,090","8,090","7,760","817,81K","-2,25%"
"21.01.2025","8,015","8,025","8,125","7,875","829,37K","-2,26%"
"20.01.2025","8,200","8,290","8,405","8,200","480,49K","-1,03%"
"17.01.2025","8,285","8,260","8,485","8,225","1,31M","0,55%"
"16.01.2025","8,240","8,020","8,265","7,985","1,07M","2,81%"
"15.01.2025","8,015","7,585","8,015","7,510","943,20K","6,16%"
"14.01.2025","7,550","7,780","7,780","7,460","1,02M","-1,56%"
"13.01.2025","7,670","7,980","7,990","7,620","0,49K","-4,12%"
"10.01.2025","8,000","7,990","8,110","7,935","739,67K","0,25%"
"09.01.2025","7,980","7,985","8,075","7,965","0,31K","-0,25%"
"08.01.2025","8,000","8,000","8,050","7,885","1,89K","-0,25%"
"07.01.2025","8,020","8,055","8,150","7,985","584,73K","-0,50%"
"06.01.2025","8,060","8,520","8,570","8,035","1,28M","-5,01%"
"03.01.2025","8,485","8,385","8,515","8,310","936,72K","2,41%"
"02.01.2025","8,285","7,960","8,300","7,910","1,21M","6,01%"
"31.12.2024","7,815","7,800","7,895","7,675","981,91K","0,13%"
"30.12.2024","7,805","7,960","7,965","7,755","1,00M","-2,50%"
"27.12.2024","8,005","8,010","8,160","7,965","733,87K","-0,06%"
"24.12.2024","8,010","8,050","8,150","7,980","210,51K","-0,31%"
"23.12.2024","8,035","8,000","8,035","7,810","569,85K","0,06%"
"20.12.2024","8,030","8,100","8,100","7,955","811,39K","-1,89%"
"19.12.2024","8,185","8,240","8,245","8,065","897,97K","-2,50%"
"18.12.2024","8,395","8,235","8,465","8,235","529,45K","2,38%"
"17.12.2024","8,200","8,300","8,350","8,185","622,67K","-1,80%"
"16.12.2024","8,350","8,535","8,545","8,240","861,94K","-1,94%"
"13.12.2024","8,515","8,745","8,745","8,405","913,21K","-2,63%"
"12.12.2024","8,745","9,000","9,095","8,745","493,95K","-1,69%"
"11.12.2024","8,895","9,050","9,050","8,840","747,46K","-1,33%"
"10.12.2024","9,015","8,600","9,030","8,590","700,34K","3,74%"
"09.12.2024","8,690","8,730","8,780","8,655","531,55K","-0,46%"
"06.12.2024","8,730","8,755","9,030","8,695","540,93K","-0,51%"
"05.12.2024","8,775","8,960","9,070","8,765","678,68K","-2,93%"
"04.12.2024","9,040","9,000","9,045","8,860","533,14K","0,50%"
"03.12.2024","8,995","8,950","9,060","8,700","716,72K","0,45%"
"02.12.2024","8,955","8,970","9,140","8,950","370,71K","-1,16%"
"29.11.2024","9,060","9,160","9,170","9,005","291,14K","-1,09%"
"28.11.2024","9,160","9,130","9,225","9,115","517,42K","0,88%"
"27.11.2024","9,080","8,870","9,130","8,870","420,00K","1,28%"
"26.11.2024","8,965","9,020","9,030","8,815","523,05K","-1,75%"
"25.11.2024","9,125","8,925","9,155","8,925","853,52K","2,18%"
"22.11.2024","8,930","8,650","8,970","8,645","1,03M","3,78%"
"21.11.2024","8,605","8,865","8,890","8,505","1,60M","-1,88%"
"20.11.2024","8,770","9,130","9,250","8,340","2,94M","-4,10%"
"19.11.2024","9,145","9,740","9,805","9,030","2,84M","-7,58%"
"18.11.2024","9,895","10,300","10,300","9,875","522,21K","-2,80%"
"15.11.2024","10,180","9,910","10,250","9,900","745,44K","3,04%"
"14.11.2024","9,880","9,830","9,950","9,750","463,10K","0,30%"
"13.11.2024","9,850","9,600","9,995","9,600","530,68K","2,02%"
"12.11.2024","9,655","9,675","9,755","9,530","477,06K","-1,23%"
"11.11.2024","9,775","9,835","9,875","9,685","537,41K","0,77%"
"08.11.2024","9,700","9,360","9,700","9,315","741,19K","4,25%"
"07.11.2024","9,305","9,255","9,305","9,150","460,82K","1,81%"
"06.11.2024","9,140","9,490","9,550","9,015","1,55M","-5,63%"
"05.11.2024","9,685","9,730","9,850","9,635","403,74K","-0,77%"
"04.11.2024","9,760","9,700","9,815","9,690","405,70K","1,14%"
"01.11.2024","9,650","9,640","9,700","9,530","463,36K","0,31%"
"31.10.2024","9,620","9,800","9,835","9,590","636,68K","-1,84%"
"30.10.2024","9,800","9,930","9,980","9,800","309,49K","-1,16%"
"29.10.2024","9,915","10,180","10,200","9,835","657,29K","-2,51%"
"28.10.2024","10,170","10,170","10,240","10,030","478,64K","0,89%"
"25.10.2024","10,080","10,010","10,120","9,905","689,77K","0,60%"
"24.10.2024","10,020","10,010","10,200","9,990","644,35K","-0,20%"
"23.10.2024","10,040","10,150","10,250","10,030","522,08K","-0,59%"
"22.10.2024","10,100","10,430","10,450","10,070","1,07M","-3,63%"
"21.10.2024","10,480","10,850","10,900","10,480","836,44K","-3,41%"
"18.10.2024","10,850","10,770","10,990","10,720","853,53K","0,37%"
"17.10.2024","10,810","10,820","10,950","10,750","573,29K","0,00%"
"16.10.2024","10,810","10,930","10,960","10,790","664,93K","-1,73%"
"15.10.2024","11,000","11,400","11,400","10,930","1,43M","-3,51%"
"14.10.2024","11,400","11,870","11,870","11,400","1,02M","-3,39%"
"11.10.2024","11,800","11,780","11,890","11,750","353,70K","0,00%"
"10.10.2024","11,800","12,130","12,180","11,800","629,88K","-2,88%"
"09.10.2024","12,150","12,170","12,320","12,030","364,13K","-0,74%"
"08.10.2024","12,240","12,090","12,440","11,960","979,43K","1,49%"
"07.10.2024","12,060","12,190","12,400","12,020","582,51K","-0,82%"
"04.10.2024","12,160","12,420","12,430","12,100","710,40K","-1,94%"
"03.10.2024","12,400","12,410","12,560","12,250","907,83K","0,16%"
"02.10.2024","12,380","11,690","12,380","11,620","1,93M","5,99%"
"01.10.2024","11,680","11,700","12,060","11,580","1,67M","1,83%"
"30.09.2024","11,470","11,670","11,730","11,470","564,72K","-1,63%"
"27.09.2024","11,660","11,500","11,720","11,420","1,41M","-2,51%"
"26.09.2024","11,960","11,900","12,040","11,870","604,14K","1,27%"
"25.09.2024","11,810","11,540","11,820","11,450","494,11K","2,34%"
"24.09.2024","11,540","11,880","11,880","11,540","657,34K","-2,20%"
"23.09.2024","11,800","11,790","12,000","11,780","615,46K","0,85%"
"20.09.2024","11,700","12,020","12,050","11,610","1,20M","-2,99%"
"19.09.2024","12,060","12,200","12,230","12,010","498,25K","0,33%"
"18.09.2024","12,020","12,140","12,140","11,920","376,20K","-0,33%"
"17.09.2024","12,060","11,990","12,120","11,970","368,79K","1,09%"
"16.09.2024","11,930","12,020","12,190","11,930","","-0,50%"
"13.09.2024","11,990","11,730","12,100","11,730","466,92K","2,48%"
"12.09.2024","11,700","11,860","12,380","11,700","965,19K","-0,09%"
"11.09.2024","11,710","11,430","11,720","11,430","432,18K","2,90%"
"10.09.2024","11,380","11,610","11,780","11,380","343,68K","-2,07%"
"09.09.2024","11,620","11,600","11,650","11,500","362,65K","1,04%"
"06.09.2024","11,500","11,740","11,750","11,480","395,37K","-1,88%"
"05.09.2024","11,720","11,240","11,810","11,240","1,27M","3,99%"
"04.09.2024","11,270","10,980","11,270","10,860","547,98K","2,36%"
"03.09.2024","11,010","11,320","11,440","11,010","520,33K","-3,08%"
"02.09.2024","11,360","11,190","11,360","11,150","274,73K","0,98%"
"30.08.2024","11,250","11,200","11,290","11,140","468,59K","1,17%"
"29.08.2024","11,120","11,160","11,220","11,080","236,53K","0,09%"
"28.08.2024","11,110","11,310","11,370","11,090","313,28K","-1,33%"
"27.08.2024","11,260","11,540","11,610","11,260","460,26K","-2,43%"
"26.08.2024","11,540","11,580","11,650","11,430","272,74K","-0,17%"
"23.08.2024","11,560","11,350","11,600","11,350","254,45K","1,67%"
"22.08.2024","11,370","11,100","11,500","11,100","513,48K","1,61%"
"21.08.2024","11,190","11,360","11,420","11,180","220,53K","-1,93%"
"20.08.2024","11,410","11,310","11,430","11,240","389,35K","1,33%"
"19.08.2024","11,260","11,050","11,280","11,020","269,82K","1,62%"
"16.08.2024","11,080","11,220","11,220","11,060","187,98K","-0,89%"
"15.08.2024","11,180","11,150","11,210","11,100","137,28K","0,90%"
"14.08.2024","11,080","11,280","11,350","11,020","289,14K","-0,98%"
"13.08.2024","11,190","11,090","11,340","11,060","426,68K","1,27%"
"12.08.2024","11,050","10,940","11,070","10,930","290,12K","1,47%"
"09.08.2024","10,890","11,050","11,150","10,860","311,09K","-0,55%"
"08.08.2024","10,950","11,150","11,150","10,910","331,90K","-2,06%"
"07.08.2024","11,180","10,940","11,180","10,820","386,20K","3,04%"
"06.08.2024","10,850","10,770","11,000","10,690","429,11K","1,40%"
"05.08.2024","10,700","10,950","10,980","10,700","508,42K","-3,95%"
"02.08.2024","11,140","11,000","11,330","10,990","307,43K","-0,18%"
"01.08.2024","11,160","11,000","11,210","11,000","378,08K","1,36%"
"31.07.2024","11,010","11,130","11,140","10,990","302,01K","0,82%"
"30.07.2024","10,920","11,150","11,380","10,920","553,11K","-2,24%"
"29.07.2024","11,170","11,200","11,400","11,150","355,86K","0,45%"
"26.07.2024","11,120","11,110","11,270","11,060","462,48K","0,36%"
"25.07.2024","11,080","11,000","11,170","10,910","393,51K","-0,89%"
"24.07.2024","11,180","10,970","11,270","10,930","451,46K","1,18%"
"23.07.2024","11,050","10,930","11,080","10,860","267,86K","0,45%"
"22.07.2024","11,000","11,250","11,290","10,940","456,34K","-1,26%"
"19.07.2024","11,140","11,150","11,320","11,090","474,11K","-0,18%"
"18.07.2024","11,160","11,070","11,340","11,070","446,83K","0,81%"
"17.07.2024","11,070","11,000","11,240","11,000","337,73K","-0,09%"
"16.07.2024","11,080","11,100","11,270","10,870","788,39K","-0,09%"
"15.07.2024","11,090","11,700","11,700","11,080","748,02K","-5,38%"
"12.07.2024","11,720","11,710","11,810","11,580","332,06K","0,60%"
"11.07.2024","11,650","11,550","11,800","11,380","481,06K","1,75%"
"10.07.2024","11,450","11,240","11,520","11,240","410,61K","2,05%"
"09.07.2024","11,220","11,390","11,550","11,220","404,68K","-1,23%"
"08.07.2024","11,360","11,700","11,700","11,310","691,80K","-3,57%"
"05.07.2024","11,780","11,400","11,830","11,380","555,20K","3,51%"
"04.07.2024","11,380","11,270","11,400","11,190","290,80K","1,61%"
"03.07.2024","11,200","11,330","11,430","11,170","718,06K","-0,53%"
"02.07.2024","11,260","11,500","11,610","11,260","520,02K","-2,93%"
"01.07.2024","11,600","11,770","11,830","11,410","566,87K","0,26%"
"28.06.2024","11,570","11,610","11,640","11,390","678,59K","-0,17%"
"27.06.2024","11,590","11,840","11,910","11,430","672,94K","-2,77%"
"26.06.2024","11,920","12,000","12,180","11,830","449,00K","-0,42%"
"25.06.2024","11,970","12,250","12,260","11,950","532,35K","-2,21%"
"24.06.2024","12,240","12,000","12,340","11,960","678,07K","2,86%"
"21.06.2024","11,900","12,100","12,130","11,860","1,01M","-1,49%"
"20.06.2024","12,080","11,850","12,190","11,850","545,84K","1,94%"
"19.06.2024","11,850","11,750","11,900","11,620","829,25K","-1,09%"
"18.06.2024","11,980","12,100","12,140","11,770","698,25K","-0,58%"
"17.06.2024","12,050","12,530","12,690","12,020","1,25M","-4,06%"
"14.06.2024","12,560","11,490","12,660","11,070","3,73M","9,79%"
"13.06.2024","11,440","11,750","11,760","11,370","730,98K","-2,47%"
"12.06.2024","11,730","11,590","11,970","11,510","830,17K","2,00%"
"11.06.2024","11,500","11,450","11,640","11,420","687,60K","0,88%"
"10.06.2024","11,400","11,500","11,500","11,210","792,01K","-1,21%"
"07.06.2024","11,540","11,800","11,960","11,540","718,95K","-1,95%"
"06.06.2024","11,770","12,150","12,170","11,730","994,56K","-2,97%"
"05.06.2024","12,130","12,100","12,270","12,030","702,26K","0,25%"
"04.06.2024","12,100","12,200","12,320","12,010","1,09M","-0,98%"
"03.06.2024","12,220","11,940","12,230","11,850","1,30M","3,65%"
"31.05.2024","11,790","11,850","11,900","11,550","1,35M","0,08%"
"30.05.2024","11,780","11,400","11,830","11,300","1,78M","6,70%"
"29.05.2024","11,040","11,520","11,650","11,030","973,80K","-4,00%"
"28.05.2024","11,500","11,940","12,310","11,460","2,86M","-2,54%"
"27.05.2024","11,800","11,260","11,910","11,180","1,24M","5,26%"
"24.05.2024","11,210","11,350","11,410","11,060","1,08M","-2,78%"
"23.05.2024","11,530","11,220","11,790","11,120","1,99M","2,40%"
"22.05.2024","11,260","10,500","11,310","10,410","2,36M","4,26%"
"21.05.2024","10,800","10,860","10,860","10,390","1,36M","-1,82%"
"20.05.2024","11,000","11,070","11,150","10,950","509,60K","-0,18%"
"17.05.2024","11,020","11,380","11,380","10,910","1,19M","-3,42%"
"16.05.2024","11,410","11,450","11,630","11,280","788,09K","-0,09%"
"15.05.2024","11,420","11,510","11,840","11,420","1,24M","-1,55%"
"14.05.2024","11,600","11,240","11,660","11,240","1,14M","3,48%"
"13.05.2024","11,210","11,280","11,280","10,910","893,77K","0,45%"
"10.05.2024","11,160","11,100","11,290","11,000","778,00K","1,45%"
"09.05.2024","11,000","10,920","11,080","10,880","910,48K","0,92%"
"08.05.2024","10,900","10,890","11,030","10,690","1,16M","0,37%"
"07.05.2024","10,860","10,320","10,930","10,260","1,68M","5,23%"
"06.05.2024","10,320","10,420","10,510","10,220","923,72K","0,39%"
"03.05.2024","10,280","9,920","10,630","9,880","1,57M","4,21%"
"02.05.2024","9,865","9,605","9,910","9,600","851,52K","3,03%"
"30.04.2024","9,575","9,780","9,820","9,560","522,51K","-1,90%"
"29.04.2024","9,760","9,690","9,830","9,525","915,05K","2,04%"
"26.04.2024","9,565","9,560","9,785","9,555","1,06M","0,68%"
"25.04.2024","9,500","9,805","9,810","9,465","1,01M","-3,60%"
"24.04.2024","9,855","9,870","9,940","9,705","504,40K","-0,10%"
"23.04.2024","9,865","9,730","9,885","9,655","489,06K","1,75%"
"22.04.2024","9,695","9,740","9,910","9,670","909,11K","0,41%"
"19.04.2024","9,655","9,940","10,060","9,605","1,36M","-3,64%"
"18.04.2024","10,020","10,130","10,140","9,865","705,37K","0,25%"
"17.04.2024","9,995","9,655","10,130","9,470","1,40M","2,41%"
"16.04.2024","9,760","9,400","9,890","9,360","1,14M","2,79%"
"15.04.2024","9,495","9,770","9,775","9,470","1,06M","-3,60%"
"12.04.2024","9,850","9,770","10,030","9,765","1,03M","2,07%"
"11.04.2024","9,650","9,400","9,905","9,340","1,17M","2,33%"
"10.04.2024","9,430","9,695","9,790","9,285","1,01M","-1,87%"
"09.04.2024","9,610","9,660","9,740","9,445","961,19K","-0,52%"
"08.04.2024","9,660","9,600","9,805","9,595","626,33K","0,62%"
"05.04.2024","9,600","9,870","9,985","9,595","933,80K","-3,18%"
"04.04.2024","9,915","9,690","9,915","9,625","917,87K","2,32%"
"03.04.2024","9,690","9,710","9,735","9,515","1,14M","-0,87%"
"02.04.2024","9,775","10,060","10,060","9,760","1,49M","-3,27%"
"28.03.2024","10,105","10,240","10,300","10,075","900,22K","-1,08%"
"27.03.2024","10,215","9,880","10,255","9,756","1,52M","2,70%"
"26.03.2024","9,946","9,970","9,992","9,826","635,65K","-0,18%"
"25.03.2024","9,964","9,970","10,045","9,710","1,35M","-1,83%"
"22.03.2024","10,150","9,850","10,170","9,752","1,09M","2,67%"
"21.03.2024","9,886","10,045","10,165","9,848","1,25M","-0,24%"
"20.03.2024","9,910","10,100","10,135","9,826","1,11M","-1,44%"
"19.03.2024","10,055","10,065","10,205","9,992","1,12M","-1,85%"
"18.03.2024","10,245","10,065","10,405","10,020","1,01M","2,19%"
"15.03.2024","10,025","10,000","10,300","9,924","2,23M","-2,67%"
"14.03.2024","10,300","10,235","10,910","10,235","2,35M","2,64%"
"13.03.2024","10,035","10,265","10,435","9,788","2,86M","-1,67%"
"12.03.2024","10,205","11,385","11,400","10,205","3,66M","-10,83%"
"11.03.2024","11,445","11,690","11,855","11,340","748,34K","-1,84%"
"08.03.2024","11,660","12,100","12,105","11,655","906,18K","-3,40%"
"07.03.2024","12,070","11,510","12,310","11,510","1,42M","4,96%"
"06.03.2024","11,500","11,460","11,580","11,290","1,07M","1,10%"
"05.03.2024","11,375","11,000","11,470","10,965","772,38K","3,17%"
"04.03.2024","11,025","11,065","11,260","10,870","534,22K","-0,23%"
"01.03.2024","11,050","11,035","11,420","10,820","1,14M","0,27%"
"29.02.2024","11,020","11,835","11,845","11,010","2,55M","-5,04%"
"28.02.2024","11,605","11,670","11,720","10,890","2,16M","0,87%"
"27.02.2024","11,505","11,400","11,575","11,310","634,90K","0,83%"
"26.02.2024","11,410","11,550","11,610","11,230","831,43K","-1,34%"
"23.02.2024","11,565","11,850","11,860","11,415","1,02M","-2,57%"
"22.02.2024","11,870","12,215","12,220","11,860","651,27K","-1,66%"
"21.02.2024","12,070","12,150","12,330","11,890","750,22K","0,00%"
"20.02.2024","12,070","12,220","12,235","12,015","697,90K","-0,98%"
"19.02.2024","12,190","12,400","12,480","12,155","656,59K","-1,46%"
"16.02.2024","12,370","12,900","12,900","12,340","1,05M","-3,17%"
"15.02.2024","12,775","12,715","12,840","12,670","374,75K","0,63%"
"14.02.2024","12,695","12,600","12,790","12,600","681,64K","0,75%"
"13.02.2024","12,600","13,205","13,325","12,530","905,15K","-4,51%"
"12.02.2024","13,195","12,845","13,195","12,835","411,78K","3,29%"
"09.02.2024","12,775","12,900","12,990","12,595","1,18M","-1,05%"
"08.02.2024","12,910","13,100","13,195","12,910","553,04K","-1,22%"
"07.02.2024","13,070","13,185","13,315","13,020","715,49K","0,00%"
"06.02.2024","13,070","13,240","13,250","12,835","1,52M","-2,61%"
"05.02.2024","13,420","13,515","13,820","13,385","800,74K","-0,15%"
"02.02.2024","13,440","13,585","13,810","13,400","546,67K","-0,63%"
"01.02.2024","13,525","13,620","13,720","13,480","429,12K","-1,24%"
"31.01.2024","13,695","13,600","13,810","13,420","797,49K","1,00%"
"30.01.2024","13,560","13,320","13,650","13,165","784,40K","2,22%"
"29.01.2024","13,265","13,420","13,550","13,135","1,19M","-1,19%"
"26.01.2024","13,425","14,455","14,500","13,320","2,03M","-7,19%"
"25.01.2024","14,465","14,640","14,775","14,430","803,37K","-1,60%"
"24.01.2024","14,700","14,480","14,820","14,460","744,58K","2,55%"
"23.01.2024","14,335","14,350","14,460","13,935","1,13M","0,70%"
"22.01.2024","14,235","14,420","14,420","13,965","919,42K","-0,35%"
"19.01.2024","14,285","14,610","14,715","14,045","2,29M","-2,32%"
"18.01.2024","14,625","14,770","14,940","14,300","1,28M","-0,95%"
"17.01.2024","14,765","15,600","15,635","14,715","1,07M","-6,08%"
"16.01.2024","15,720","16,330","16,340","15,585","557,92K","-4,67%"
"15.01.2024","16,490","16,640","16,835","16,355","394,02K","0,18%"
"12.01.2024","16,460","16,460","16,660","16,325","409,73K","-0,12%"
"11.01.2024","16,480","16,630","16,750","16,425","286,20K","-0,06%"
"10.01.2024","16,490","16,650","16,675","16,415","277,45K","-0,66%"
"09.01.2024","16,600","16,835","16,845","16,425","341,78K","-0,95%"
"08.01.2024","16,760","16,865","16,985","16,375","406,10K","-0,50%"
"05.01.2024","16,845","16,950","16,990","16,440","853,25K","-1,26%"
"04.01.2024","17,060","17,450","17,510","16,955","573,77K","-1,59%"
"03.01.2024","17,335","17,860","17,935","17,120","539,98K","-2,99%"
"02.01.2024","17,870","18,640","18,710","17,835","512,02K","-3,98%"
"29.12.2023","18,610","18,690","18,770","18,550","198,71K","-0,69%"
"28.12.2023","18,740","18,695","18,920","18,650","277,04K","0,24%"
"27.12.2023","18,695","18,380","18,695","18,380","291,17K","1,58%"
"22.12.2023","18,405","18,520","18,600","18,185","295,87K","-1,21%"
"21.12.2023","18,630","18,250","18,735","18,250","403,84K","0,84%"
"20.12.2023","18,475","18,280","18,475","18,165","430,87K","0,96%"
"19.12.2023","18,300","18,105","18,320","17,935","298,18K","1,08%"
"18.12.2023","18,105","18,185","18,650","18,040","443,43K","-0,98%"
"15.12.2023","18,285","18,215","18,590","17,930","904,58K","1,30%"
"14.12.2023","18,050","17,750","18,240","17,475","1,01M","6,27%"
"13.12.2023","16,985","16,605","17,200","16,560","428,64K","2,38%"
"12.12.2023","16,590","17,100","17,140","16,560","447,52K","-2,73%"
"11.12.2023","17,055","17,440","17,510","17,040","401,28K","-2,52%"
"08.12.2023","17,495","17,600","17,755","17,230","374,08K","-0,23%"
"07.12.2023","17,535","17,380","17,660","17,360","338,39K","0,34%"
"06.12.2023","17,475","17,690","17,710","17,315","465,09K","-0,94%"
"05.12.2023","17,640","17,350","17,680","17,230","437,08K","1,38%"
"04.12.2023","17,400","17,490","17,675","17,365","385,42K","-0,51%"
"01.12.2023","17,490","17,150","17,510","17,035","512,10K","1,89%"
"30.11.2023","17,165","16,840","17,320","16,840","593,50K","1,99%"
"29.11.2023","16,830","16,625","16,980","16,625","473,83K","1,69%"
"28.11.2023","16,550","16,710","16,870","16,415","520,39K","-1,02%"
"27.11.2023","16,720","16,475","16,765","16,440","512,45K","1,52%"
"24.11.2023","16,470","16,230","16,530","16,140","566,12K","0,89%"
"23.11.2023","16,325","16,000","16,325","15,980","413,07K","2,06%"
"22.11.2023","15,995","16,000","16,150","15,885","257,65K","0,31%"
"21.11.2023","15,945","16,295","16,400","15,920","570,67K","-2,12%"
"20.11.2023","16,290","16,220","16,425","16,115","501,04K","0,28%"
"17.11.2023","16,245","16,190","16,340","16,080","631,82K","0,90%"
"16.11.2023","16,100","15,930","16,215","15,820","431,35K","1,42%"
"15.11.2023","15,875","15,950","16,120","15,630","701,20K","-0,03%"
"14.11.2023","15,880","14,875","16,090","14,770","1,41M","7,88%"
"13.11.2023","14,720","14,550","14,920","14,410","551,24K","1,90%"
"10.11.2023","14,445","14,600","14,600","14,330","485,95K","-1,73%"
"09.11.2023","14,700","14,555","14,735","14,520","278,38K","0,93%"
"08.11.2023","14,565","14,840","14,885","14,565","441,73K","-1,72%"
"07.11.2023","14,820","15,100","15,140","14,705","355,21K","-1,50%"
"06.11.2023","15,045","15,125","15,270","15,015","314,82K","-0,95%"
"03.11.2023","15,190","14,785","15,345","14,720","802,36K","3,83%"
"02.11.2023","14,630","14,120","14,815","14,120","721,20K","3,91%"
"01.11.2023","14,080","14,100","14,125","13,745","563,44K","-0,49%"
"31.10.2023","14,150","13,950","14,190","13,755","443,72K","2,20%"
"30.10.2023","13,845","13,885","14,080","13,780","357,43K","0,04%"
"27.10.2023","13,840","14,000","14,190","13,820","364,86K","-0,82%"
"26.10.2023","13,955","13,600","14,100","13,600","293,01K","1,60%"
"25.10.2023","13,735","14,000","14,000","13,595","277,53K","-0,54%"
"24.10.2023","13,810","13,730","14,050","13,715","324,04K","0,80%"
"23.10.2023","13,700","13,600","13,705","13,325","411,34K","-0,18%"
"20.10.2023","13,725","13,730","13,835","13,500","1,46M","-1,26%"
"19.10.2023","13,900","14,010","14,220","13,890","330,31K","-1,77%"
"18.10.2023","14,150","14,020","14,355","13,990","441,33K","-0,18%"
"17.10.2023","14,175","14,190","14,430","13,880","447,50K","-0,67%"
"16.10.2023","14,270","14,030","14,280","13,735","506,78K","0,67%"
"13.10.2023","14,175","14,155","14,410","13,955","652,75K","-0,11%"
"12.10.2023","14,190","14,720","14,790","14,170","663,78K","-3,30%"
"11.10.2023","14,675","14,350","14,890","14,340","671,24K","2,23%"
"10.10.2023","14,355","13,965","14,395","13,950","858,39K","2,83%"
"09.10.2023","13,960","13,790","14,000","13,580","465,92K","1,27%"
"06.10.2023","13,785","14,010","14,085","13,390","834,32K","-1,57%"
"05.10.2023","14,005","13,705","14,140","13,695","561,42K","2,94%"
"04.10.2023","13,605","13,555","13,975","13,460","672,56K","0,59%"
"03.10.2023","13,525","14,050","14,135","13,525","1,04M","-4,01%"
"02.10.2023","14,090","15,335","15,400","14,070","1,18M","-3,82%"
"29.09.2023","14,650","14,610","15,180","14,425","1,38M","3,90%"
"28.09.2023","14,100","13,470","14,840","13,360","2,26M","7,96%"
"27.09.2023","13,060","13,650","13,830","13,060","806,34K","-4,43%"
"26.09.2023","13,665","13,660","13,775","13,460","596,41K","-0,98%"
"25.09.2023","13,800","14,155","14,155","13,660","617,82K","-2,16%"
"22.09.2023","14,105","14,400","14,585","14,005","484,99K","-1,47%"
"21.09.2023","14,315","14,610","14,700","14,165","622,52K","-3,21%"
"20.09.2023","14,790","14,585","14,875","14,545","339,29K","1,06%"
"19.09.2023","14,635","14,380","14,645","14,380","507,21K","1,77%"
"18.09.2023","14,380","14,620","14,660","14,220","428,95K","-1,51%"
"15.09.2023","14,600","14,795","14,820","14,375","1,95M","-1,55%"
"14.09.2023","14,830","13,960","14,830","13,830","934,88K","5,25%"
"13.09.2023","14,090","13,400","14,100","13,350","809,59K","5,23%"
"12.09.2023","13,390","13,735","13,750","13,340","341,22K","-2,37%"
"11.09.2023","13,715","13,860","13,920","13,625","324,02K","-0,22%"
"08.09.2023","13,745","13,820","13,980","13,540","337,84K","0,07%"
"07.09.2023","13,735","13,355","13,815","13,335","611,14K","2,27%"
"06.09.2023","13,430","13,100","13,550","12,980","487,40K","2,52%"
"05.09.2023","13,100","13,330","13,355","13,100","300,80K","-1,87%"
"04.09.2023","13,350","13,510","13,730","13,350","233,56K","-1,18%"
"01.09.2023","13,510","13,725","13,840","13,510","429,02K","-1,67%"
"31.08.2023","13,740","13,680","13,960","13,680","382,87K","0,33%"
"30.08.2023","13,695","14,040","14,185","13,680","385,79K","-2,25%"
"29.08.2023","14,010","13,950","14,330","13,700","723,67K","3,89%"
"28.08.2023","13,485","13,440","13,550","13,380","39,48K","0,71%"
"25.08.2023","13,390","13,225","13,450","13,125","369,88K","1,17%"
"24.08.2023","13,235","13,420","13,610","13,190","501,15K","-0,75%"
"23.08.2023","13,335","13,230","13,510","13,215","229,17K","1,76%"
"22.08.2023","13,105","13,105","13,220","13,045","163,08K","0,61%"
"21.08.2023","13,025","13,010","13,225","13,000","203,98K","0,27%"
"18.08.2023","12,990","12,920","13,100","12,760","317,99K","0,97%"
"17.08.2023","12,865","13,180","13,185","12,865","419,97K","-2,61%"
"16.08.2023","13,210","13,240","13,370","13,180","215,52K","-0,19%"
"15.08.2023","13,235","13,485","13,540","13,150","368,16K","-1,96%"
"14.08.2023","13,500","13,660","13,660","13,385","346,19K","-0,84%"
"11.08.2023","13,615","13,775","13,910","13,615","204,06K","-1,70%"
"10.08.2023","13,850","13,500","13,860","13,440","413,39K","3,47%"
"09.08.2023","13,385","13,650","13,650","13,330","250,62K","-0,96%"
"08.08.2023","13,515","13,430","13,570","13,265","340,31K","0,63%"
"07.08.2023","13,430","13,720","13,725","13,385","357,92K","-1,86%"
"04.08.2023","13,685","13,555","13,720","13,405","212,44K","1,48%"
"03.08.2023","13,485","13,605","13,705","13,350","325,14K","-0,77%"
"02.08.2023","13,590","13,760","13,995","13,590","503,68K","-2,51%"
"01.08.2023","13,940","14,245","14,275","13,940","229,53K","-2,00%"
"31.07.2023","14,225","14,245","14,405","14,180","212,70K","-0,04%"
"28.07.2023","14,230","14,455","14,455","14,135","336,51K","-1,11%"
"27.07.2023","14,390","14,840","14,840","14,390","298,63K","-2,61%"
"26.07.2023","14,775","14,400","14,830","14,400","307,64K","2,68%"
"25.07.2023","14,390","14,390","14,460","14,185","300,48K","-0,55%"
"24.07.2023","14,470","14,270","14,595","14,145","254,71K","0,31%"
"21.07.2023","14,425","14,535","14,605","14,265","608,73K","-0,17%"
"20.07.2023","14,450","14,540","14,740","14,365","353,35K","-1,10%"
"19.07.2023","14,610","13,950","14,665","13,940","663,77K","4,92%"
"18.07.2023","13,925","13,455","13,980","13,385","355,92K","2,77%"
"17.07.2023","13,550","13,400","13,635","13,350","311,29K","0,11%"
"14.07.2023","13,535","13,795","13,855","13,480","406,48K","-2,42%"
"13.07.2023","13,870","13,590","14,135","13,555","592,14K","2,40%"
"12.07.2023","13,545","13,500","13,580","13,405","266,97K","0,89%"
"11.07.2023","13,425","13,370","13,485","13,240","287,09K","1,82%"
"10.07.2023","13,185","13,175","13,250","13,095","220,05K","-0,15%"
"07.07.2023","13,205","12,955","13,250","12,800","335,57K","2,52%"
"06.07.2023","12,880","13,100","13,325","12,875","720,46K","-2,83%"
"05.07.2023","13,255","13,980","14,025","13,255","727,22K","-5,62%"
"04.07.2023","14,045","14,155","14,270","13,995","237,05K","-0,85%"
"03.07.2023","14,165","14,200","14,300","13,955","278,35K","0,85%"
"30.06.2023","14,045","13,825","14,240","13,825","468,28K","1,66%"
"29.06.2023","13,815","13,870","14,020","13,720","381,32K","-0,32%"
"28.06.2023","13,860","13,880","13,930","13,690","346,74K","-0,14%"
"27.06.2023","13,880","13,755","13,970","13,755","265,85K","1,50%"
"26.06.2023","13,675","13,690","13,865","13,520","356,17K","-0,15%"
"23.06.2023","13,695","14,020","14,025","13,695","417,10K","-2,32%"
"22.06.2023","14,020","13,680","14,090","13,550","372,81K","2,04%"
"21.06.2023","13,740","14,075","14,130","13,720","538,66K","-2,48%"
"20.06.2023","14,090","13,960","14,105","13,960","211,81K","0,36%"
"19.06.2023","14,040","13,875","14,085","13,765","441,86K","0,50%"
"16.06.2023","13,970","13,620","14,115","13,600","910,22K","3,10%"
"15.06.2023","13,550","13,400","13,605","13,250","387,40K","0,22%"
"14.06.2023","13,520","13,185","13,640","13,110","575,21K","1,85%"
"13.06.2023","13,275","13,420","13,460","13,065","518,39K","-1,01%"
"12.06.2023","13,410","13,170","14,035","13,135","1,29M","4,60%"
"09.06.2023","12,820","12,620","12,920","12,545","484,64K","2,07%"
"08.06.2023","12,560","12,570","12,740","12,485","471,05K","-0,63%"
"07.06.2023","12,640","12,700","12,760","12,490","540,24K","-0,67%"
"06.06.2023","12,725","12,820","12,905","12,540","569,36K","-1,09%"
"05.06.2023","12,865","13,000","13,010","12,800","404,39K","-0,58%"
"02.06.2023","12,940","12,745","13,030","12,745","392,68K","1,85%"
"01.06.2023","12,705","12,900","12,915","12,580","423,87K","0,08%"
"31.05.2023","12,695","13,230","13,240","12,640","1,08M","-4,58%"
"30.05.2023","13,305","13,900","14,000","13,260","766,25K","-4,21%"
"29.05.2023","13,890","13,865","13,980","13,790","135,23K","1,39%"
"26.05.2023","13,700","13,960","13,960","13,665","515,35K","-0,94%"
"25.05.2023","13,830","14,075","14,155","13,830","339,39K","-1,11%"
"24.05.2023","13,985","14,320","14,370","13,920","375,52K","-3,08%"
"23.05.2023","14,430","14,370","14,685","14,275","268,82K","1,09%"
"22.05.2023","14,275","14,355","14,525","14,270","221,72K","-0,70%"
"19.05.2023","14,375","14,360","14,470","14,315","251,16K","0,17%"
"18.05.2023","14,350","14,685","14,690","14,290","294,89K","-1,10%"
"17.05.2023","14,510","14,680","14,680","14,470","223,68K","-1,66%"
"16.05.2023","14,755","14,755","15,045","14,610","373,68K","-0,67%"
"15.05.2023","14,855","14,620","14,965","14,535","359,03K","2,17%"
"12.05.2023","14,540","14,300","14,600","14,030","562,89K","-0,89%"
"11.05.2023","14,670","14,235","14,930","14,235","682,03K","3,46%"
"10.05.2023","14,180","13,980","14,365","13,850","556,59K","2,27%"
"09.05.2023","13,865","14,300","14,340","13,845","466,07K","-3,21%"
"08.05.2023","14,325","14,780","14,780","14,250","518,34K","-2,95%"
"05.05.2023","14,760","14,610","14,830","14,330","1,17M","3,98%"
"04.05.2023","14,195","13,700","14,280","13,350","838,25K","3,99%"
"03.05.2023","13,650","14,020","14,185","13,350","741,47K","-3,05%"
"02.05.2023","14,080","14,395","14,440","13,980","667,41K","-1,61%"
"28.04.2023","14,310","14,530","14,530","14,060","702,04K","-0,97%"
"27.04.2023","14,450","14,335","14,485","14,140","411,39K","0,80%"
"26.04.2023","14,335","14,585","14,695","14,190","490,83K","-1,55%"
"25.04.2023","14,560","15,030","15,070","14,410","566,74K","-3,77%"
"24.04.2023","15,130","15,265","15,455","15,025","341,42K","-0,88%"
"21.04.2023","15,265","15,245","15,350","15,060","1,12M","0,20%"
"20.04.2023","15,235","15,490","15,505","15,115","275,54K","-1,10%"
"19.04.2023","15,405","15,260","15,405","15,090","316,06K","0,95%"
"18.04.2023","15,260","15,720","15,760","15,260","570,75K","-1,71%"
"17.04.2023","15,525","15,600","15,940","15,505","464,26K","-0,80%"
"14.04.2023","15,650","15,920","16,100","15,605","297,24K","-1,14%"
"13.04.2023","15,830","15,945","15,945","15,680","168,82K","-0,03%"
"12.04.2023","15,835","15,915","16,105","15,745","258,91K","-0,63%"
"11.04.2023","15,935","16,265","16,265","15,850","291,56K","-0,84%"
"06.04.2023","16,070","16,300","16,300","15,945","181,19K","0,56%"
"05.04.2023","15,980","16,135","16,205","15,905","282,58K","-0,34%"
"04.04.2023","16,035","16,075","16,275","15,955","294,48K","-1,35%"
"03.04.2023","16,255","16,605","16,720","16,015","356,20K","-2,11%"
"31.03.2023","16,605","16,520","16,665","16,160","608,46K","1,16%"
"30.03.2023","16,415","15,590","16,580","15,585","624,94K","5,80%"
"29.03.2023","15,515","15,430","15,530","15,130","716,15K","1,04%"
"28.03.2023","15,355","15,970","16,035","15,325","579,18K","-3,88%"
"27.03.2023","15,975","16,000","16,130","15,870","234,93K","0,76%"
"24.03.2023","15,855","16,215","16,215","15,625","553,76K","-2,91%"
"23.03.2023","16,330","16,270","16,375","16,100","328,41K","0,46%"
"22.03.2023","16,255","16,500","16,525","16,130","445,54K","-1,63%"
"21.03.2023","16,525","16,630","16,725","16,465","387,03K","-0,57%"
"20.03.2023","16,620","16,700","16,755","16,070","732,85K","-1,57%"
"17.03.2023","16,885","17,180","17,285","16,750","634,71K","-0,91%"
"16.03.2023","17,040","17,010","17,140","16,650","447,40K","1,25%"
"15.03.2023","16,830","17,540","17,645","16,830","576,77K","-4,05%"
"14.03.2023","17,540","17,320","17,670","17,155","449,12K","1,24%"
"13.03.2023","17,325","17,500","17,500","16,790","459,17K","0,29%"
"10.03.2023","17,275","17,360","17,605","17,255","372,15K","-1,62%"
"09.03.2023","17,560","17,515","17,570","17,170","401,48K","0,60%"
"08.03.2023","17,455","17,240","17,495","17,080","412,17K","1,13%"
"07.03.2023","17,260","17,200","17,700","17,125","446,78K","0,55%"
"06.03.2023","17,165","17,620","17,620","16,835","640,99K","-2,03%"
"03.03.2023","17,520","17,680","17,740","17,445","365,35K","0,00%"
"02.03.2023","17,520","17,720","17,730","17,340","469,09K","0,40%"
"01.03.2023","17,450","17,400","18,080","17,325","836,06K","0,29%"
"28.02.2023","17,400","17,330","17,665","16,740","907,18K","0,84%"
"27.02.2023","17,255","17,160","17,340","17,105","440,57K","0,61%"
"24.02.2023","17,150","17,600","17,710","17,150","375,04K","-2,61%"
"23.02.2023","17,610","17,400","17,705","16,920","589,86K","0,40%"
"22.02.2023","17,540","17,780","17,780","17,375","467,48K","-1,57%"
"21.02.2023","17,820","17,985","18,065","17,775","299,70K","-0,92%"
"20.02.2023","17,985","17,750","18,190","17,750","271,98K","0,53%"
"17.02.2023","17,890","17,875","17,970","17,680","308,59K","-0,31%"
"16.02.2023","17,945","17,880","18,035","17,690","378,53K","0,90%"
"15.02.2023","17,785","17,915","18,095","17,650","610,65K","-0,64%"
"14.02.2023","17,900","18,150","18,235","17,900","450,75K","-0,97%"
"13.02.2023","18,075","18,370","18,400","18,040","341,82K","-1,15%"
"10.02.2023","18,285","18,100","18,285","17,900","468,39K","0,47%"
"09.02.2023","18,200","18,655","18,670","18,200","1,11M","-2,41%"
"08.02.2023","18,650","18,550","18,795","18,320","734,72K","0,97%"
"07.02.2023","18,470","18,630","18,630","18,280","455,63K","-0,81%"
"06.02.2023","18,620","18,505","18,680","18,265","389,54K","0,22%"
"03.02.2023","18,580","19,100","19,100","18,320","815,62K","-2,77%"
"02.02.2023","19,110","18,940","19,245","18,880","569,14K","1,92%"
"01.02.2023","18,750","18,870","19,035","18,715","327,61K","-0,19%"
"31.01.2023","18,785","18,565","18,875","18,430","481,50K","1,19%"
"30.01.2023","18,565","18,970","19,000","18,500","503,10K","-1,98%"
"27.01.2023","18,940","19,600","19,635","18,655","1,23M","-3,54%"
"26.01.2023","19,635","19,480","19,700","19,330","621,11K","1,16%"
"25.01.2023","19,410","19,450","19,660","19,235","647,35K","0,10%"
"24.01.2023","19,390","19,310","19,515","19,210","285,85K","-0,03%"
"23.01.2023","19,395","19,420","19,550","19,130","356,53K","0,15%"
"20.01.2023","19,365","19,370","19,510","19,140","704,24K","0,52%"
"19.01.2023","19,265","19,700","19,870","19,065","621,63K","-2,55%"
"18.01.2023","19,770","19,820","20,350","19,535","588,53K","-0,48%"
"17.01.2023","19,865","19,220","19,890","19,055","599,73K","2,16%"
"16.01.2023","19,445","19,520","19,620","19,025","371,34K","-0,05%"
"13.01.2023","19,455","19,410","19,760","19,305","618,49K","0,21%"
"12.01.2023","19,415","19,100","19,450","18,890","761,74K","1,97%"
"11.01.2023","19,040","18,390","19,105","18,230","739,99K","4,64%"
"10.01.2023","18,195","17,945","18,520","17,945","578,00K","1,42%"
"09.01.2023","17,940","17,650","18,290","17,535","1,20M","4,36%"
"06.01.2023","17,190","17,025","17,295","16,830","437,93K","0,97%"
"05.01.2023","17,025","17,165","17,460","16,970","472,88K","-1,48%"
"04.01.2023","17,280","17,270","17,470","17,090","338,21K","0,03%"
"03.01.2023","17,275","17,470","17,675","17,220","806,18K","-0,17%"
"02.01.2023","17,305","17,350","17,580","17,220","219,64K","1,08%"
"30.12.2022","17,120","17,270","17,325","17,090","203,62K","-1,18%"
"29.12.2022","17,325","17,000","17,380","16,875","239,02K","1,91%"
"28.12.2022","17,000","17,150","17,190","16,810","211,56K","-0,87%"
"27.12.2022","17,150","17,450","17,450","17,150","201,24K","-0,84%"
"23.12.2022","17,295","17,390","17,425","17,060","319,38K","-1,34%"
"22.12.2022","17,530","17,690","17,910","17,435","363,61K","-0,82%"
"21.12.2022","17,675","17,190","17,685","17,170","652,29K","3,27%"
"20.12.2022","17,115","16,820","17,155","16,285","806,30K","0,09%"
"19.12.2022","17,100","16,890","17,195","16,775","207,79K","1,15%"
"16.12.2022","16,905","17,245","17,275","16,620","631,54K","-2,11%"
"15.12.2022","17,270","17,260","17,625","17,140","398,26K","-1,29%"
"14.12.2022","17,495","17,090","17,495","16,920","291,92K","1,86%"
"13.12.2022","17,175","17,200","17,535","16,620","577,74K","-0,46%"
"12.12.2022","17,255","16,660","17,395","16,525","453,27K","2,83%"
"09.12.2022","16,780","16,645","16,860","16,455","326,21K","0,99%"
"08.12.2022","16,615","16,840","16,855","16,510","724,54K","-1,95%"
"07.12.2022","16,945","16,790","17,085","16,785","232,43K","-0,09%"
"06.12.2022","16,960","17,200","17,485","16,925","226,28K","-2,16%"
"05.12.2022","17,335","16,900","17,460","16,865","347,31K","2,15%"
"02.12.2022","16,970","17,245","17,265","16,640","410,56K","-2,13%"
"01.12.2022","17,340","17,340","17,645","17,175","374,27K","1,52%"
"30.11.2022","17,080","16,700","17,115","16,675","369,09K","2,43%"
"29.11.2022","16,675","16,890","17,010","16,430","379,94K","-0,68%"
"28.11.2022","16,790","17,100","17,215","16,735","314,89K","-2,38%"
"25.11.2022","17,200","17,500","17,560","17,110","270,44K","-0,86%"
"24.11.2022","17,350","17,000","17,480","16,955","338,92K","2,12%"
"23.11.2022","16,990","16,790","16,990","16,510","363,59K","1,34%"
"22.11.2022","16,765","16,750","16,995","16,590","400,03K","0,27%"
"21.11.2022","16,720","16,740","16,970","16,505","327,17K","-0,12%"
"18.11.2022","16,740","17,000","17,060","16,505","411,66K","-0,62%"
"17.11.2022","16,845","17,130","17,400","16,735","502,07K","-1,72%"
"16.11.2022","17,140","17,605","17,950","17,020","779,30K","-3,16%"
"15.11.2022","17,700","16,760","17,780","16,420","1,29M","7,63%"
"14.11.2022","16,445","16,765","16,870","16,360","540,66K","-0,75%"
"11.11.2022","16,570","17,000","17,115","16,355","481,85K","-1,87%"
"10.11.2022","16,885","15,580","16,980","15,355","1,22M","8,48%"
"09.11.2022","15,565","16,000","16,125","15,460","892,62K","-3,11%"
"08.11.2022","16,065","15,345","16,100","15,300","756,17K","3,88%"
"07.11.2022","15,465","15,160","15,505","15,160","487,92K","1,68%"
"04.11.2022","15,210","15,135","15,390","14,870","535,17K","0,70%"
"03.11.2022","15,105","15,000","15,180","14,720","746,10K","-0,76%"
"02.11.2022","15,220","15,550","15,800","15,110","816,66K","-5,14%"
"01.11.2022","16,045","16,120","16,280","15,860","334,44K","0,28%"
"31.10.2022","16,000","15,850","16,015","15,595","461,49K","1,72%"
"28.10.2022","15,730","15,675","15,825","15,480","409,57K","0,19%"
"27.10.2022","15,700","15,450","15,700","15,120","413,72K","1,62%"
"26.10.2022","15,450","15,200","15,450","14,955","516,93K","2,25%"
"25.10.2022","15,110","15,115","15,190","14,650","495,01K","0,73%"
"24.10.2022","15,000","14,750","15,120","14,720","546,14K","3,63%"
"21.10.2022","14,475","14,610","14,775","14,350","1,26M","-3,21%"
"20.10.2022","14,955","14,870","14,995","14,300","761,37K","-0,20%"
"19.10.2022","14,985","15,305","15,330","14,830","925,55K","-3,32%"
"18.10.2022","15,500","15,660","15,745","15,115","992,47K","0,98%"
"17.10.2022","15,350","14,840","15,370","14,635","967,65K","2,95%"
"14.10.2022","14,910","15,225","15,490","14,670","1,25M","1,02%"
"13.10.2022","14,760","14,455","14,765","14,015","1,67M","-1,11%"
"12.10.2022","14,925","15,555","15,555","14,705","706,12K","-3,18%"
"11.10.2022","15,415","15,675","15,830","15,080","701,58K","-2,56%"
"10.10.2022","15,820","15,825","16,045","15,500","540,83K","-1,46%"
"07.10.2022","16,055","16,810","16,810","15,920","661,42K","-4,72%"
"06.10.2022","16,850","16,760","16,870","16,370","593,31K","0,69%"
"05.10.2022","16,735","17,305","17,415","16,540","541,55K","-1,93%"
"04.10.2022","17,065","17,015","17,290","16,675","656,76K","1,82%"
"03.10.2022","16,760","15,950","16,910","15,850","538,27K","3,68%"
"30.09.2022","16,165","16,560","16,560","15,830","788,87K","-0,89%"
"29.09.2022","16,310","16,710","16,920","16,190","694,89K","-1,36%"
"28.09.2022","16,535","16,775","17,090","16,455","848,94K","-3,89%"
"27.09.2022","17,205","17,050","17,635","16,805","942,93K","2,41%"
"26.09.2022","16,800","17,260","17,415","16,360","1,22M","-3,09%"
"23.09.2022","17,335","17,910","17,975","16,260","2,43M","-3,53%"
"22.09.2022","17,970","19,300","19,400","17,940","1,99M","-8,60%"
"21.09.2022","19,660","19,610","20,140","19,505","433,01K","0,23%"
"20.09.2022","19,615","20,200","20,470","19,350","569,93K","-3,14%"
"19.09.2022","20,250","20,200","20,470","19,825","282,64K","-0,05%"
"16.09.2022","20,260","20,690","21,060","20,260","1,22M","-2,60%"
"15.09.2022","20,800","21,000","21,290","20,680","327,17K","-0,81%"
"14.09.2022","20,970","21,290","21,390","20,760","454,48K","-2,01%"
"13.09.2022","21,400","21,180","22,150","20,930","1,34M","2,74%"
"12.09.2022","20,830","21,220","21,310","20,820","375,27K","-1,00%"
"09.09.2022","21,040","21,530","21,640","20,890","477,35K","-1,91%"
"08.09.2022","21,450","20,680","21,530","20,300","717,62K","4,74%"
"07.09.2022","20,480","19,150","21,170","18,950","1,42M","6,09%"
"06.09.2022","19,305","19,960","20,070","19,000","578,80K","-1,91%"
"05.09.2022","19,680","19,500","19,790","18,740","761,91K","-1,20%"
"02.09.2022","19,920","20,880","20,940","19,030","1,68M","-4,64%"
"01.09.2022","20,890","21,150","21,610","20,890","450,47K","-1,37%"
"31.08.2022","21,180","21,580","21,970","21,180","526,08K","-1,03%"
"30.08.2022","21,400","21,500","21,800","21,110","895,13K","-0,97%"
"29.08.2022","21,610","23,100","23,260","21,250","837,22K","-7,61%"
"26.08.2022","23,390","24,220","24,330","23,260","451,97K","-3,78%"
"25.08.2022","24,310","22,870","24,650","22,870","1,12M","5,93%"
"24.08.2022","22,950","22,000","23,090","22,000","473,90K","3,56%"
"23.08.2022","22,160","22,350","22,470","21,820","223,37K","-0,63%"
"22.08.2022","22,300","22,170","22,530","21,940","242,60K","-0,45%"
"19.08.2022","22,400","22,270","22,540","22,080","299,10K","1,13%"
"18.08.2022","22,150","22,980","23,080","22,130","424,71K","-2,94%"
"17.08.2022","22,820","22,850","23,040","22,500","282,06K","0,00%"
"16.08.2022","22,820","22,930","23,150","22,670","311,25K","-0,91%"
"15.08.2022","23,030","22,210","23,100","22,050","487,04K","4,59%"
"12.08.2022","22,020","22,400","22,510","21,880","343,77K","-2,65%"
"11.08.2022","22,620","22,000","22,840","22,000","279,20K","1,75%"
"10.08.2022","22,230","22,450","23,070","22,060","405,30K","-1,64%"
"09.08.2022","22,600","22,720","22,780","22,360","232,10K","-1,18%"
"08.08.2022","22,870","22,760","23,140","22,620","428,33K","1,24%"
"05.08.2022","22,590","22,270","22,780","21,990","527,81K","1,76%"
"04.08.2022","22,200","21,070","22,570","20,950","970,46K","6,37%"
"03.08.2022","20,870","21,000","21,140","20,660","368,08K","0,34%"
"02.08.2022","20,800","20,400","20,850","20,170","555,93K","0,63%"
"01.08.2022","20,670","22,360","22,600","20,400","1,32M","-8,01%"
"29.07.2022","22,470","22,760","23,340","22,370","728,62K","0,85%"
"28.07.2022","22,280","21,720","23,040","21,200","1,05M","3,58%"
"27.07.2022","21,510","21,160","21,680","20,800","521,85K","0,66%"
"26.07.2022","21,370","21,080","21,490","20,940","373,40K","1,23%"
"25.07.2022","21,110","21,500","22,250","20,710","503,18K","-2,40%"
"22.07.2022","21,630","20,810","21,720","20,520","449,53K","4,90%"
"21.07.2022","20,620","20,140","21,000","20,050","381,86K","1,43%"
"20.07.2022","20,330","20,350","20,700","19,755","528,20K","-1,12%"
"19.07.2022","20,560","20,860","20,920","20,500","330,05K","-1,34%"
"18.07.2022","20,840","20,690","21,050","20,250","348,97K","1,12%"
"15.07.2022","20,610","20,630","20,970","20,370","794,42K","0,44%"
"14.07.2022","20,520","21,050","21,380","20,080","405,51K","-4,07%"
"13.07.2022","21,390","21,940","21,940","20,740","466,70K","-0,19%"
"12.07.2022","21,430","22,350","23,040","21,180","589,17K","-4,76%"
"11.07.2022","22,500","21,610","23,100","21,550","829,49K","1,63%"
"08.07.2022","22,140","21,660","22,350","21,660","281,12K","1,28%"
"07.07.2022","21,860","20,980","22,030","20,950","484,43K","4,74%"
"06.07.2022","20,870","20,500","21,030","20,110","300,68K","1,46%"
"05.07.2022","20,570","20,420","20,780","20,330","248,79K","0,15%"
"04.07.2022","20,540","20,680","21,080","20,500","210,25K","-0,68%"
"01.07.2022","20,680","20,410","20,730","19,850","346,49K","2,12%"
"30.06.2022","20,250","20,280","20,770","19,850","359,15K","0,80%"
"29.06.2022","20,090","21,200","21,360","20,060","457,82K","-6,08%"
"28.06.2022","21,390","20,930","21,570","20,860","374,59K","1,95%"
"27.06.2022","20,980","21,190","21,210","20,590","163,21K","-0,10%"
"24.06.2022","21,000","20,720","21,190","20,430","290,85K","2,44%"
"23.06.2022","20,500","20,740","20,800","20,150","229,63K","-0,15%"
"22.06.2022","20,530","20,620","20,660","20,220","487,52K","-1,30%"
"21.06.2022","20,800","20,900","20,990","20,390","311,87K","-0,10%"
"20.06.2022","20,820","20,000","20,980","19,980","291,62K","3,79%"
"17.06.2022","20,060","20,160","20,460","19,505","1,02M","-1,67%"
"16.06.2022","20,400","20,490","20,930","20,170","440,02K","0,25%"
"15.06.2022","20,350","20,070","20,400","19,665","589,76K","2,44%"
"14.06.2022","19,865","21,060","21,420","19,845","508,84K","-6,08%"
"13.06.2022","21,150","21,420","21,630","21,070","422,39K","-1,81%"
"10.06.2022","21,540","22,000","22,150","21,510","282,72K","-2,67%"
"09.06.2022","22,130","22,690","23,060","22,020","697,71K","-1,51%"
"08.06.2022","22,470","23,110","23,450","22,440","381,12K","-3,77%"
"07.06.2022","23,350","22,160","23,560","22,090","705,47K","5,32%"
"06.06.2022","22,170","22,000","22,200","21,630","424,52K","1,74%"
"03.06.2022","21,790","22,300","22,350","21,650","273,60K","-1,67%"
"02.06.2022","22,160","21,800","22,420","21,740","451,13K","2,83%"
"01.06.2022","21,550","21,750","21,760","20,960","584,61K","-0,60%"
"31.05.2022","21,680","22,200","22,270","20,720","1,18M","-1,28%"
"30.05.2022","21,960","23,400","23,590","21,860","699,40K","-4,89%"
"27.05.2022","23,090","23,240","23,490","22,870","418,18K","-0,47%"
"26.05.2022","23,200","23,000","23,330","22,770","373,13K","1,09%"
"25.05.2022","22,950","22,740","23,060","22,470","397,61K","0,88%"
"24.05.2022","22,750","22,270","22,820","21,920","480,98K","1,47%"
"23.05.2022","22,420","22,200","22,700","22,000","374,81K","2,56%"
"20.05.2022","21,860","22,710","22,760","21,710","614,09K","-3,70%"
"19.05.2022","22,700","21,820","22,700","21,550","682,14K","4,85%"
"18.05.2022","21,650","21,300","22,060","21,290","548,11K","2,07%"
"17.05.2022","21,210","20,620","21,350","20,620","365,63K","1,82%"
"16.05.2022","20,830","20,670","21,070","20,420","220,47K","0,77%"
"13.05.2022","20,670","19,845","20,750","19,800","345,99K","4,53%"
"12.05.2022","19,775","20,550","20,710","19,375","651,78K","-5,56%"
"11.05.2022","20,940","19,960","21,060","19,670","504,48K","7,44%"
"10.05.2022","19,490","19,820","19,965","19,380","441,69K","-0,76%"
"09.05.2022","19,640","20,340","20,560","19,620","299,82K","-3,44%"
"06.05.2022","20,340","20,450","20,620","20,010","411,66K","-1,50%"
"05.05.2022","20,650","21,540","21,670","20,650","418,60K","-2,91%"
"04.05.2022","21,270","20,740","21,580","20,740","228,88K","1,58%"
"03.05.2022","20,940","20,340","21,130","20,340","266,66K","2,95%"
"02.05.2022","20,340","21,150","21,450","20,270","415,58K","-4,60%"
"29.04.2022","21,320","21,600","21,770","21,130","229,05K","-1,07%"
"28.04.2022","21,550","21,110","21,850","21,110","346,45K","1,51%"
"27.04.2022","21,230","21,250","21,700","20,800","537,47K","1,48%"
"26.04.2022","20,920","20,770","21,550","20,570","639,74K","-0,33%"
"25.04.2022","20,990","21,000","21,660","20,710","404,56K","-0,94%"
"22.04.2022","21,190","21,210","21,850","21,090","1,68M","-1,49%"
"21.04.2022","21,510","21,710","22,520","21,500","642,80K","-2,18%"
"20.04.2022","21,990","21,200","22,250","21,200","528,13K","2,81%"
"19.04.2022","21,390","21,080","21,470","20,740","809,54K","-2,02%"
"14.04.2022","21,830","21,560","22,150","21,430","461,28K","0,97%"
"13.04.2022","21,620","21,750","22,160","21,180","1,08M","-4,42%"
"12.04.2022","22,620","22,200","22,620","21,640","743,30K","-1,31%"
"11.04.2022","22,920","23,150","23,320","22,370","678,59K","0,04%"
"08.04.2022","22,910","22,540","22,930","22,330","460,40K","1,69%"
"07.04.2022","22,530","22,700","23,360","22,100","1,02M","-1,23%"
"06.04.2022","22,810","22,500","22,830","21,900","1,13M","1,38%"
"05.04.2022","22,500","21,350","22,800","21,150","1,36M","6,33%"
"04.04.2022","21,160","20,970","21,550","20,220","716,85K","1,88%"
"01.04.2022","20,770","20,500","20,950","20,200","533,49K","1,66%"
"31.03.2022","20,430","19,980","20,610","19,400","638,14K","2,56%"
"30.03.2022","19,920","18,845","20,300","18,730","1,36M","6,52%"
"29.03.2022","18,700","20,640","20,820","18,635","1,78M","-8,82%"
"28.03.2022","20,510","20,120","20,730","20,030","552,60K","2,73%"
"25.03.2022","19,965","19,690","20,390","19,690","682,69K","0,73%"
"24.03.2022","19,820","19,200","20,140","19,150","523,11K","1,28%"
"23.03.2022","19,570","19,550","19,870","19,430","749,38K","-0,89%"
"22.03.2022","19,745","19,200","19,820","19,180","428,70K","2,31%"
"21.03.2022","19,300","19,900","19,900","19,225","413,04K","-2,30%"
"18.03.2022","19,755","19,450","19,845","19,345","1,13M","1,70%"
"17.03.2022","19,425","19,280","19,780","19,120","640,00K","1,12%"
"16.03.2022","19,210","19,595","19,680","18,895","1,50M","-0,57%"
"15.03.2022","19,320","19,450","19,670","18,360","1,59M","-1,68%"
"14.03.2022","19,650","20,610","20,770","19,645","1,66M","-5,48%"
"11.03.2022","20,790","20,000","21,040","20,000","1,44M","3,48%"
"10.03.2022","20,090","19,800","20,720","19,555","1,66M","0,65%"
"09.03.2022","19,960","20,500","21,210","19,075","3,28M","1,22%"
"08.03.2022","19,720","18,400","20,000","18,300","3,11M","9,01%"
"07.03.2022","18,090","16,520","18,400","16,520","3,07M","10,64%"
"04.03.2022","16,350","15,990","16,670","15,915","1,43M","1,62%"
"03.03.2022","16,090","16,550","16,750","15,885","1,77M","-2,81%"
"02.03.2022","16,555","16,165","17,050","16,030","1,39M","1,41%"
"01.03.2022","16,325","16,800","17,165","15,625","2,80M","-1,75%"
"28.02.2022","16,615","14,610","16,875","14,550","3,26M","10,80%"
"25.02.2022","14,995","14,645","15,295","14,330","1,94M","4,64%"
"24.02.2022","14,330","12,205","14,480","12,075","1,95M","10,06%"
"23.02.2022","13,020","13,190","13,400","12,935","403,63K","-0,46%"
"22.02.2022","13,080","12,645","13,280","12,405","571,98K","-0,23%"
"21.02.2022","13,110","13,360","13,595","12,900","596,69K","-2,24%"
"18.02.2022","13,410","13,710","13,805","13,400","586,41K","-3,14%"
"17.02.2022","13,845","13,880","14,070","13,680","907,38K","-0,22%"
"16.02.2022","13,875","14,055","14,165","13,730","666,55K","-0,36%"
"15.02.2022","13,925","13,440","13,955","13,440","794,22K","2,62%"
"14.02.2022","13,570","13,700","13,790","13,260","1,11M","-2,86%"
"11.02.2022","13,970","14,000","14,240","13,730","854,91K","-1,17%"
"10.02.2022","14,135","14,600","14,695","13,805","1,27M","-2,58%"
"09.02.2022","14,510","14,290","14,685","14,290","528,94K","1,58%"
"08.02.2022","14,285","14,450","14,550","14,065","575,28K","-0,76%"
"07.02.2022","14,395","14,760","14,790","14,240","734,40K","-1,64%"
"04.02.2022","14,635","14,900","14,935","14,295","828,12K","-0,98%"
"03.02.2022","14,780","15,220","15,220","14,780","881,59K","-4,03%"
"02.02.2022","15,400","15,400","15,735","15,335","491,39K","1,05%"
"01.02.2022","15,240","15,520","15,830","15,150","472,05K","-1,04%"
"31.01.2022","15,400","14,945","15,400","14,770","587,25K","4,27%"
"28.01.2022","14,770","14,980","15,170","14,635","682,17K","-0,57%"
"27.01.2022","14,855","14,755","15,275","14,730","570,25K","-2,30%"
"26.01.2022","15,205","14,900","15,285","14,755","483,17K","3,22%"
"25.01.2022","14,730","15,000","15,120","14,580","690,01K","-0,81%"
"24.01.2022","14,850","15,300","15,520","14,610","811,73K","-4,29%"
"21.01.2022","15,515","15,550","15,850","15,330","737,63K","-3,15%"
"20.01.2022","16,020","15,830","16,120","15,660","521,98K","1,78%"
"19.01.2022","15,740","15,400","15,825","15,050","776,53K","1,16%"
"18.01.2022","15,560","15,630","15,705","15,105","867,71K","-0,67%"
"17.01.2022","15,665","15,800","15,955","15,620","396,32K","-0,29%"
"14.01.2022","15,710","16,050","16,105","15,670","727,74K","-2,63%"
"13.01.2022","16,135","15,990","16,475","15,805","645,87K","1,13%"
"12.01.2022","15,955","16,010","16,050","15,805","504,71K","0,98%"
"11.01.2022","15,800","15,600","16,020","15,550","639,65K","1,67%"
"10.01.2022","15,540","15,800","16,040","15,540","624,36K","-0,58%"
"07.01.2022","15,630","15,900","15,915","15,325","1,06M","-0,95%"
"06.01.2022","15,780","16,500","16,500","15,745","2,07M","-5,68%"
"05.01.2022","16,730","17,570","17,570","16,730","1,11M","-4,81%"
"04.01.2022","17,575","17,550","17,905","17,430","789,71K","1,71%"
"03.01.2022","17,280","17,150","17,750","17,120","430,75K","0,93%"
"30.12.2021","17,120","16,910","17,185","16,865","800,98K","1,00%"
"29.12.2021","16,950","17,000","17,295","16,875","640,90K","-0,94%"
"28.12.2021","17,110","17,380","17,620","17,060","336,77K","-2,48%"
"27.12.2021","17,545","17,510","17,810","17,405","400,96K","-0,09%"
"23.12.2021","17,560","17,590","17,600","17,225","377,74K","-0,40%"
"22.12.2021","17,630","16,720","17,630","16,720","1,44M","5,32%"
"21.12.2021","16,740","16,375","16,800","16,300","542,54K","3,49%"
"20.12.2021","16,175","15,775","16,280","15,660","576,29K","0,31%"
"17.12.2021","16,125","16,795","16,865","15,830","1,16M","-3,99%"
"16.12.2021","16,795","16,200","17,170","16,200","1,50M","7,25%"
"15.12.2021","15,660","15,780","16,130","15,620","288,81K","-0,89%"
"14.12.2021","15,800","16,300","16,300","15,800","464,66K","-1,86%"
"13.12.2021","16,100","16,380","16,465","16,000","310,81K","0,12%"
"10.12.2021","16,080","16,420","16,530","16,050","524,59K","-2,07%"
"09.12.2021","16,420","16,550","16,785","16,410","231,21K","-0,48%"
"08.12.2021","16,500","16,520","16,865","16,350","596,74K","0,30%"
"07.12.2021","16,450","16,445","16,675","16,410","311,14K","0,58%"
"06.12.2021","16,355","15,785","16,480","15,490","805,00K","4,14%"
"03.12.2021","15,705","15,955","16,435","15,610","1,02M","-0,76%"
"02.12.2021","15,825","16,500","16,500","15,740","832,48K","-5,55%"
"01.12.2021","16,755","16,520","16,760","16,180","670,23K","1,55%"
"30.11.2021","16,500","16,850","17,075","16,455","682,23K","-2,91%"
"29.11.2021","16,995","16,610","17,190","16,500","555,39K","2,29%"
"26.11.2021","16,615","16,500","16,955","16,400","618,86K","-2,41%"
"25.11.2021","17,025","16,380","17,080","16,370","586,28K","3,91%"
"24.11.2021","16,385","16,110","16,440","16,045","480,25K","0,96%"
"23.11.2021","16,230","16,500","16,545","15,950","494,21K","-2,43%"
"22.11.2021","16,635","16,600","16,755","16,400","473,40K","0,21%"
"19.11.2021","16,600","16,680","16,750","16,270","572,87K","0,15%"
"18.11.2021","16,575","17,195","17,230","16,380","552,78K","-3,47%"
"17.11.2021","17,170","16,765","17,275","16,140","927,93K","1,75%"
"16.11.2021","16,875","16,590","17,160","16,345","1,26M","4,26%"
"15.11.2021","16,185","16,350","16,585","16,025","337,02K","-0,43%"
"12.11.2021","16,255","16,200","16,395","16,040","368,76K","0,84%"
"11.11.2021","16,120","16,305","16,305","15,640","709,02K","-0,92%"
"10.11.2021","16,270","15,855","16,380","15,735","450,69K","2,07%"
"09.11.2021","15,940","15,910","16,415","15,830","456,27K","-0,56%"
"08.11.2021","16,030","15,540","16,155","15,460","585,60K","2,17%"
"05.11.2021","15,690","16,175","16,175","15,670","371,09K","-2,09%"
"04.11.2021","16,025","15,970","16,360","15,570","833,32K","1,55%"
"03.11.2021","15,780","17,300","17,300","15,720","1,23M","-9,05%"
"02.11.2021","17,350","17,590","17,625","17,255","395,11K","-1,06%"
"01.11.2021","17,535","17,440","17,610","17,275","356,43K","1,53%"
"29.10.2021","17,270","17,240","17,490","16,910","696,36K","-0,75%"
"28.10.2021","17,400","16,780","17,400","16,735","832,96K","3,36%"
"27.10.2021","16,835","16,575","16,985","16,450","355,37K","1,14%"
"26.10.2021","16,645","16,360","16,815","16,300","518,88K","2,53%"
"25.10.2021","16,235","16,955","16,955","16,030","805,08K","-4,27%"
"22.10.2021","16,960","16,800","17,180","16,570","1,19M","1,50%"
"21.10.2021","16,710","16,490","16,720","16,180","845,85K","1,00%"
"20.10.2021","16,545","15,850","16,550","15,805","1,51M","5,85%"
"19.10.2021","15,630","14,980","15,685","14,870","1,15M","5,36%"
"18.10.2021","14,835","15,000","15,000","14,625","404,25K","-0,60%"
"15.10.2021","14,925","14,900","15,065","14,635","1,37M","0,64%"
"14.10.2021","14,830","14,760","14,890","14,680","610,28K","0,95%"
"13.10.2021","14,690","14,270","14,695","14,170","853,74K","3,52%"
"12.10.2021","14,190","13,900","14,270","13,715","538,23K","1,87%"
"11.10.2021","13,930","13,800","14,020","13,640","633,73K","-0,11%"
"08.10.2021","13,945","14,445","14,455","13,940","787,85K","-2,82%"
"07.10.2021","14,350","14,050","14,365","14,000","875,87K","2,46%"
"06.10.2021","14,005","13,960","14,110","13,695","741,53K","-0,60%"
"05.10.2021","14,090","14,000","14,195","13,860","603,86K","0,50%"
"04.10.2021","14,020","13,960","14,145","13,545","1,25M","0,86%"
"01.10.2021","13,900","13,665","14,080","13,450","1,09M","1,65%"
"30.09.2021","13,675","14,580","14,580","13,570","1,95M","-5,17%"
"29.09.2021","14,420","14,300","14,770","14,160","933,84K","2,23%"
"28.09.2021","14,105","14,860","14,890","14,105","1,12M","-4,89%"
"27.09.2021","14,830","15,070","15,070","14,815","513,67K","0,10%"
"24.09.2021","14,815","14,850","15,080","14,710","421,60K","-0,64%"
"23.09.2021","14,910","14,960","15,220","14,750","721,72K","0,91%"
"22.09.2021","14,775","15,135","15,135","14,570","784,79K","-1,04%"
"21.09.2021","14,930","14,350","15,120","14,350","821,12K","4,26%"
"20.09.2021","14,320","14,160","14,605","14,060","876,04K","-2,62%"
"17.09.2021","14,705","15,100","15,240","14,575","3,19M","-0,64%"
"16.09.2021","14,800","14,450","14,820","13,315","3,02M","2,07%"
"15.09.2021","14,500","15,370","15,395","14,500","1,25M","-4,64%"
"14.09.2021","15,205","15,450","15,450","15,125","643,34K","-1,55%"
"13.09.2021","15,445","15,220","15,590","14,990","736,87K","2,86%"
"10.09.2021","15,015","15,160","15,355","14,940","699,48K","-0,27%"
"09.09.2021","15,055","15,250","15,380","15,025","930,40K","-1,34%"
"08.09.2021","15,260","15,445","15,545","15,010","964,44K","-1,13%"
"07.09.2021","15,435","16,000","16,050","15,350","2,64M","-6,23%"
"06.09.2021","16,460","17,250","17,415","16,405","1,01M","-4,19%"
"03.09.2021","17,180","17,005","17,420","16,900","1,04M","1,72%"
"02.09.2021","16,890","17,050","17,180","16,550","440,78K","-0,62%"
"01.09.2021","16,995","17,140","17,360","16,890","429,52K","1,16%"
"31.08.2021","16,800","16,805","17,230","16,550","584,01K","0,90%"
"30.08.2021","16,650","16,880","17,175","16,500","444,23K","0,00%"
"27.08.2021","16,650","16,895","16,895","16,310","455,02K","-0,72%"
"26.08.2021","16,770","17,100","17,125","16,670","365,41K","-1,99%"
"25.08.2021","17,110","17,480","17,710","17,020","425,69K","-1,61%"
"24.08.2021","17,390","17,620","17,990","17,235","785,51K","-0,71%"
"23.08.2021","17,515","17,620","17,655","17,110","508,35K","-0,17%"
"20.08.2021","17,545","16,705","17,680","16,700","1,30M","4,59%"
"19.08.2021","16,775","16,435","16,875","16,280","584,99K","0,66%"
"18.08.2021","16,665","15,650","16,740","15,510","787,74K","6,01%"
"17.08.2021","15,720","15,560","15,760","15,180","676,44K","-0,35%"
"16.08.2021","15,775","15,700","15,845","15,520","370,41K","0,19%"
"13.08.2021","15,745","15,960","16,035","15,730","350,24K","-1,32%"
"12.08.2021","15,955","16,100","16,190","15,880","388,35K","-1,24%"
"11.08.2021","16,155","16,250","16,310","16,015","316,50K","-0,74%"
"10.08.2021","16,275","16,250","16,465","15,965","416,94K","0,46%"
"09.08.2021","16,200","15,830","16,200","15,760","656,41K","1,92%"
"06.08.2021","15,895","16,010","16,125","15,835","347,51K","-0,84%"
"05.08.2021","16,030","16,100","16,120","15,850","304,96K","-0,06%"
"04.08.2021","16,040","16,270","16,270","15,725","615,85K","-0,50%"
"03.08.2021","16,120","16,330","16,425","16,020","417,23K","-1,89%"
"02.08.2021","16,430","16,350","16,600","16,215","308,66K","1,01%"
"30.07.2021","16,265","16,550","16,550","16,135","441,10K","-2,55%"
"29.07.2021","16,690","16,740","16,990","16,530","940,91K","0,12%"
"28.07.2021","16,670","16,200","16,680","16,170","540,61K","3,09%"
"27.07.2021","16,170","16,650","16,800","16,125","919,86K","-4,06%"
"26.07.2021","16,855","16,550","17,045","16,410","440,41K","0,90%"
"23.07.2021","16,705","17,000","17,000","16,405","566,47K","-1,71%"
"22.07.2021","16,995","16,490","17,060","16,330","683,02K","3,56%"
"21.07.2021","16,410","15,980","16,410","15,815","481,24K","4,16%"
"20.07.2021","15,755","15,935","16,280","15,680","443,34K","-1,62%"
"19.07.2021","16,015","16,120","16,120","15,425","712,15K","-1,02%"
"16.07.2021","16,180","16,320","16,490","16,050","592,62K","-0,68%"
"15.07.2021","16,290","17,100","17,110","16,135","1,02M","-4,79%"
"14.07.2021","17,110","17,740","17,850","17,055","932,69K","-2,92%"
"13.07.2021","17,625","17,600","17,650","17,200","817,48K","0,43%"
"12.07.2021","17,550","17,025","17,685","16,900","968,24K","3,85%"
"09.07.2021","16,900","17,290","17,290","16,645","812,47K","-2,23%"
"08.07.2021","17,285","16,980","17,285","16,720","1,19M","1,92%"
"07.07.2021","16,960","16,480","17,075","16,060","1,19M","3,35%"
"06.07.2021","16,410","16,000","16,475","15,620","1,00M","3,99%"
"05.07.2021","15,780","15,905","15,905","15,605","344,12K","0,19%"
"02.07.2021","15,750","15,500","15,925","15,410","950,64K","2,51%"
"01.07.2021","15,365","15,340","15,460","15,070","607,16K","0,82%"
"30.06.2021","15,240","16,355","16,460","15,160","1,43M","-6,62%"
"29.06.2021","16,320","15,950","16,365","15,810","735,58K","3,29%"
"28.06.2021","15,800","15,445","15,830","15,195","711,70K","2,66%"
"25.06.2021","15,390","15,260","15,495","14,940","648,34K","0,92%"
"24.06.2021","15,250","15,250","15,415","14,900","666,75K","1,63%"
"23.06.2021","15,005","15,675","15,845","15,005","793,83K","-4,40%"
"22.06.2021","15,695","15,790","15,930","15,520","564,52K","-0,35%"
"21.06.2021","15,750","15,700","15,905","15,370","1,21M","-0,41%"
"18.06.2021","15,815","16,060","16,485","15,550","1,12M","-1,16%"
"17.06.2021","16,000","16,390","16,485","15,610","1,52M","-2,23%"
"16.06.2021","16,365","16,400","17,340","16,260","2,18M","3,41%"
"15.06.2021","15,825","15,980","16,250","15,665","553,40K","-0,44%"
"14.06.2021","15,895","15,300","15,995","15,240","1,12M","5,02%"
"11.06.2021","15,135","14,800","15,450","14,750","940,50K","2,68%"
"10.06.2021","14,740","14,925","14,925","14,360","561,89K","0,37%"
"09.06.2021","14,685","14,800","14,930","14,540","472,83K","-0,54%"
"08.06.2021","14,765","14,600","15,045","14,565","656,93K","1,41%"
"07.06.2021","14,560","14,805","14,855","14,225","1,10M","-2,35%"
"04.06.2021","14,910","14,750","15,045","14,500","1,40M","1,36%"
"03.06.2021","14,710","15,405","15,680","14,635","1,39M","-4,04%"
"02.06.2021","15,330","16,115","16,140","15,255","1,00M","-4,58%"
"01.06.2021","16,065","16,315","16,475","15,845","856,90K","0,78%"
"31.05.2021","15,940","15,500","16,660","15,350","1,00M","3,14%"
"28.05.2021","15,455","15,750","15,960","15,220","772,74K","-1,50%"
"27.05.2021","15,690","16,500","16,720","15,665","1,52M","-4,62%"
"26.05.2021","16,450","16,400","16,760","16,330","552,12K","0,73%"
"25.05.2021","16,330","16,470","16,620","16,265","328,50K","-0,49%"
"24.05.2021","16,410","16,500","16,560","16,205","252,10K","0,31%"
"21.05.2021","16,360","16,485","16,635","16,265","699,51K","-0,52%"
"20.05.2021","16,445","15,950","16,450","15,775","676,05K","3,82%"
"19.05.2021","15,840","15,870","15,905","15,515","681,65K","-0,56%"
"18.05.2021","15,930","15,980","16,250","15,550","818,91K","2,18%"
"17.05.2021","15,590","16,065","16,490","15,550","943,50K","-1,80%"
"14.05.2021","15,875","15,200","16,070","14,805","1,49M","6,08%"
"13.05.2021","14,965","14,600","15,280","14,430","1,30M","1,94%"
"12.05.2021","14,680","14,925","15,680","14,680","1,26M","-1,87%"
"11.05.2021","14,960","15,015","15,490","14,770","1,92M","-1,84%"
"10.05.2021","15,240","16,390","16,400","15,155","1,82M","-6,85%"
"07.05.2021","16,360","15,535","16,385","15,405","1,31M","5,58%"
"06.05.2021","15,495","16,450","16,495","15,425","2,00M","-6,15%"
"05.05.2021","16,510","16,325","17,030","16,325","917,27K","1,01%"
"04.05.2021","16,345","17,290","17,305","16,310","1,72M","-5,55%"
"03.05.2021","17,305","17,140","17,625","16,920","494,21K","1,47%"
"30.04.2021","17,055","17,200","17,315","16,810","879,01K","-0,55%"
"29.04.2021","17,150","17,790","17,950","17,015","1,04M","-3,22%"
"28.04.2021","17,720","18,450","18,480","17,675","1,08M","-4,22%"
"27.04.2021","18,500","18,350","18,570","18,045","837,57K","1,04%"
"26.04.2021","18,310","17,970","18,440","17,920","1,00M","1,89%"
"23.04.2021","17,970","17,845","18,385","17,680","720,87K","0,08%"
"22.04.2021","17,955","16,940","18,140","16,800","1,63M","7,10%"
"21.04.2021","16,765","16,715","17,100","16,125","1,49M","0,72%"
"20.04.2021","16,645","17,720","17,835","16,645","1,92M","-6,12%"
"19.04.2021","17,730","18,380","18,450","17,520","2,53M","-3,17%"
"16.04.2021","18,310","18,045","18,740","17,785","6,93M","1,08%"
"15.04.2021","18,115","17,960","18,200","17,500","1,25M","0,61%"
"14.04.2021","18,005","18,385","18,630","17,820","1,04M","-2,15%"
"13.04.2021","18,400","17,500","18,400","17,220","1,34M","5,20%"
"12.04.2021","17,490","17,900","18,050","17,370","868,34K","-3,05%"
"09.04.2021","18,040","18,620","18,635","17,765","1,28M","-3,11%"
"08.04.2021","18,620","18,060","18,670","17,800","1,04M","3,27%"
"07.04.2021","18,030","18,300","18,605","17,755","1,37M","-0,50%"
"06.04.2021","18,120","18,675","18,825","17,310","1,94M","-2,58%"
"01.04.2021","18,600","18,340","18,880","17,980","745,56K","2,88%"
"31.03.2021","18,080","17,900","18,600","17,880","1,15M","0,89%"
"30.03.2021","17,920","17,220","17,950","17,130","694,47K","3,46%"
"29.03.2021","17,320","17,210","17,520","16,920","712,13K","0,64%"
"26.03.2021","17,210","17,370","17,690","16,610","1,55M","0,41%"
"25.03.2021","17,140","18,240","18,240","16,860","1,65M","-7,00%"
"24.03.2021","18,430","18,500","18,620","18,180","869,05K","-0,38%"
"23.03.2021","18,500","18,140","18,770","17,890","1,17M","1,87%"
"22.03.2021","18,160","17,600","18,200","17,510","941,53K","3,53%"
"19.03.2021","17,540","17,710","18,030","17,220","2,15M","-1,52%"
"18.03.2021","17,810","18,270","18,550","17,600","1,21M","-1,49%"
"17.03.2021","18,080","18,890","18,900","17,600","1,61M","-4,39%"
"16.03.2021","18,910","18,290","19,210","18,190","1,10M","3,16%"
"15.03.2021","18,330","19,000","19,030","17,890","1,25M","-2,86%"
"12.03.2021","18,870","19,220","19,250","18,500","907,73K","-1,41%"
"11.03.2021","19,140","18,110","19,230","18,020","1,22M","7,05%"
"10.03.2021","17,880","18,790","18,790","17,700","965,91K","-2,61%"
"09.03.2021","18,360","17,500","18,570","17,120","1,54M","5,21%"
"08.03.2021","17,450","16,820","17,680","16,240","2,04M","7,06%"
"05.03.2021","16,300","17,350","17,490","16,260","1,73M","-6,96%"
"04.03.2021","17,520","17,550","18,050","17,170","1,10M","-1,68%"
"03.03.2021","17,820","18,590","18,700","17,560","1,90M","-3,47%"
"02.03.2021","18,460","19,320","19,430","18,420","790,61K","-4,50%"
"01.03.2021","19,330","18,880","19,330","18,810","721,80K","3,92%"
"26.02.2021","18,600","18,450","18,840","18,250","1,07M","-2,11%"
"25.02.2021","19,000","18,110","19,090","18,110","1,53M","4,91%"
"24.02.2021","18,110","19,000","19,550","18,010","1,60M","-4,38%"
"23.02.2021","18,940","19,300","19,420","17,360","3,11M","-2,57%"
"22.02.2021","19,440","20,600","20,600","19,430","1,19M","-5,81%"
"19.02.2021","20,640","19,950","20,700","19,320","1,21M","3,56%"
"18.02.2021","19,930","21,040","21,380","19,710","2,00M","-5,19%"
"17.02.2021","21,020","22,000","22,060","20,740","1,21M","-4,54%"
"16.02.2021","22,020","22,380","23,140","22,020","813,36K","-0,45%"
"15.02.2021","22,120","21,880","22,120","21,420","852,52K","2,50%"
"12.02.2021","21,580","22,940","22,940","21,280","1,28M","-5,76%"
"11.02.2021","22,900","22,120","23,320","22,060","1,70M","5,05%"
"10.02.2021","21,800","20,400","22,340","19,910","1,90M","1,49%"
"09.02.2021","21,480","24,720","24,720","20,620","2,55M","-12,54%"
"08.02.2021","24,560","24,540","25,580","23,760","1,23M","1,15%"
"05.02.2021","24,280","23,780","24,460","23,620","852,98K","4,03%"
"04.02.2021","23,340","23,400","23,760","23,080","819,41K","-0,26%"
"03.02.2021","23,400","22,920","23,980","22,840","1,39M","4,84%"
"02.02.2021","22,320","21,740","22,400","21,700","904,75K","3,53%"
"01.02.2021","21,560","21,420","21,960","20,820","929,28K","1,51%"
"29.01.2021","21,240","21,200","22,160","20,700","1,12M","-1,21%"
"28.01.2021","21,500","20,160","22,260","19,550","3,01M","3,46%"
"27.01.2021","20,780","23,300","23,420","20,260","3,00M","-10,82%"
"26.01.2021","23,300","25,020","25,620","22,860","1,61M","-7,54%"
"25.01.2021","25,200","26,260","26,800","25,160","729,09K","-4,18%"
"22.01.2021","26,300","25,680","26,480","25,280","851,07K","0,38%"
"21.01.2021","26,200","25,900","26,440","25,700","682,15K","0,61%"
"20.01.2021","26,040","26,000","26,720","25,400","773,18K","-0,53%"
"19.01.2021","26,180","26,500","26,560","25,800","604,14K","-0,38%"
"18.01.2021","26,280","25,840","26,560","25,000","667,29K","1,31%"
"15.01.2021","25,940","26,720","27,020","25,880","801,82K","-3,35%"
"14.01.2021","26,840","27,140","27,380","26,620","536,17K","-1,11%"
"13.01.2021","27,140","25,760","27,220","25,720","919,89K","4,87%"
"12.01.2021","25,880","26,540","27,220","25,520","990,54K","-1,45%"
"11.01.2021","26,260","26,500","27,220","25,380","1,68M","-1,87%"
"08.01.2021","26,760","29,100","29,340","26,320","3,15M","-13,51%"
"07.01.2021","30,940","28,200","31,060","28,140","1,88M","9,56%"
"06.01.2021","28,240","27,000","28,420","26,800","1,31M","6,25%"
"05.01.2021","26,580","24,820","26,700","24,680","1,61M","8,40%"
"04.01.2021","24,520","23,560","24,860","23,560","813,24K","3,72%"
"31.12.2020","23,640","23,900","24,080","23,600","208,60K","-0,67%"
"30.12.2020","23,800","23,640","23,960","23,060","753,55K","0,68%"
"29.12.2020","23,640","23,020","23,660","23,020","722,78K","3,14%"
"28.12.2020","22,920","22,860","23,380","21,520","684,13K","0,97%"
"24.12.2020","22,700","22,600","22,820","22,040","266,70K","-0,18%"
"23.12.2020","22,740","22,900","23,280","22,440","922,19K","-0,09%"
"22.12.2020","22,760","21,660","22,920","21,640","1,06M","5,18%"
"21.12.2020","21,640","21,240","21,660","19,580","1,04M","0,28%"
"18.12.2020","21,580","21,060","21,580","20,760","916,27K","1,60%"
"17.12.2020","21,240","20,980","21,360","20,600","1,14M","1,24%"
"16.12.2020","20,980","20,180","20,980","20,000","969,92K","4,80%"
"15.12.2020","20,020","19,700","20,140","19,410","739,53K","1,68%"
"14.12.2020","19,690","19,080","19,690","18,760","791,42K","4,24%"
"11.12.2020","18,890","19,010","19,320","18,660","493,95K","-0,16%"
"10.12.2020","18,920","18,680","19,060","18,350","866,99K","0,96%"
"09.12.2020","18,740","18,550","18,900","18,390","690,37K","1,13%"
"08.12.2020","18,530","18,520","18,760","18,390","343,56K","0,11%"
"07.12.2020","18,510","18,480","18,770","18,060","598,36K","0,05%"
"04.12.2020","18,500","19,010","19,240","18,400","746,56K","-3,29%"
"03.12.2020","19,130","19,090","19,480","19,010","795,45K","0,26%"
"02.12.2020","19,080","19,810","19,810","18,710","1,19M","-3,83%"
"01.12.2020","19,840","19,880","19,890","18,930","1,12M","1,02%"
"30.11.2020","19,640","18,970","20,000","18,890","1,92M","3,53%"
"27.11.2020","18,970","18,600","19,100","18,480","795,09K","2,04%"
"26.11.2020","18,590","18,840","19,000","18,350","469,65K","-0,59%"
"25.11.2020","18,700","17,800","18,750","17,670","909,61K","5,00%"
"24.11.2020","17,810","18,250","18,390","17,450","1,15M","-2,52%"
"23.11.2020","18,270","18,120","19,120","17,810","1,39M","-3,94%"
"20.11.2020","19,020","18,220","19,050","17,770","1,55M","4,05%"
"19.11.2020","18,280","16,720","18,300","16,620","2,21M","12,22%"
"18.11.2020","16,290","16,270","16,290","15,890","940,22K","0,56%"
"17.11.2020","16,200","17,000","17,100","16,050","1,35M","-4,42%"
"16.11.2020","16,950","17,600","17,660","16,510","1,30M","-2,75%"
"13.11.2020","17,430","18,270","18,450","17,430","878,00K","-4,18%"
"12.11.2020","18,190","17,400","18,370","17,290","848,92K","5,14%"
"11.11.2020","17,300","17,100","17,700","16,600","1,15M","0,87%"
"10.11.2020","17,150","17,580","17,780","16,720","1,31M","-2,28%"
"09.11.2020","17,550","19,050","19,220","16,630","1,94M","-6,15%"
"06.11.2020","18,700","18,900","18,930","18,320","679,98K","-0,95%"
"05.11.2020","18,880","18,280","19,040","18,280","1,09M","3,45%"
"04.11.2020","18,250","17,170","18,300","16,800","809,56K","4,05%"
"03.11.2020","17,540","16,890","17,620","16,800","581,34K","4,59%"
"02.11.2020","16,770","16,840","16,870","16,450","436,42K","0,42%"
"30.10.2020","16,700","16,410","16,710","16,070","660,82K","1,64%"
"29.10.2020","16,430","15,690","16,510","15,690","795,99K","4,38%"
"28.10.2020","15,740","15,900","16,140","15,640","670,89K","-1,50%"
"27.10.2020","15,980","16,160","16,180","15,790","541,19K","-0,13%"
"26.10.2020","16,000","15,720","16,590","15,710","787,90K","1,27%"
"23.10.2020","15,800","16,240","16,330","15,680","904,93K","-3,07%"
"22.10.2020","16,300","16,670","16,680","16,030","947,99K","-3,32%"
"21.10.2020","16,860","17,540","17,560","16,730","700,81K","-2,82%"
"20.10.2020","17,350","17,160","17,660","17,110","713,00K","0,12%"
"19.10.2020","17,330","17,950","18,000","17,030","1,03M","-2,91%"
"16.10.2020","17,850","17,690","17,880","17,310","2,75M","1,59%"
"15.10.2020","17,570","17,670","17,870","17,180","765,62K","-1,90%"
"14.10.2020","17,910","17,550","18,230","17,020","1,07M","-0,39%"
"13.10.2020","17,980","18,830","19,050","17,660","1,70M","-6,74%"
"12.10.2020","19,280","19,050","19,390","19,050","677,15K","1,10%"
"09.10.2020","19,070","19,000","19,330","18,850","1,03M","0,79%"
"08.10.2020","18,920","18,520","18,970","18,120","1,27M","4,70%"
"07.10.2020","18,070","17,950","18,080","17,630","858,02K","1,52%"
"06.10.2020","17,800","17,330","18,090","17,320","852,46K","3,49%"
"05.10.2020","17,200","17,850","17,900","16,400","1,30M","-4,18%"
"02.10.2020","17,950","16,940","17,950","16,860","971,46K","5,46%"
"01.10.2020","17,020","16,350","17,030","16,240","1,41M","5,39%"
"30.09.2020","16,150","15,600","16,340","15,520","737,81K","3,19%"
"29.09.2020","15,650","15,380","15,980","15,370","519,27K","1,95%"
"28.09.2020","15,350","15,190","15,350","14,900","410,68K","1,19%"
"25.09.2020","15,170","15,020","15,220","14,730","430,14K","0,20%"
"24.09.2020","15,140","15,070","15,300","14,820","610,25K","-0,39%"
"23.09.2020","15,200","15,020","15,400","14,950","536,20K","1,74%"
"22.09.2020","14,940","15,000","15,230","14,610","408,11K","0,20%"
"21.09.2020","14,910","14,800","15,120","14,420","796,10K","0,81%"
"18.09.2020","14,790","15,490","15,680","14,790","2,54M","-3,77%"
"17.09.2020","15,370","14,890","15,550","14,800","617,61K","2,40%"
"16.09.2020","15,010","15,450","15,570","14,720","741,24K","-1,31%"
"15.09.2020","15,210","14,480","15,340","14,360","721,63K","5,92%"
"14.09.2020","14,360","14,450","14,530","14,140","507,54K","0,98%"
"11.09.2020","14,220","13,880","14,360","13,830","583,37K","2,38%"
"10.09.2020","13,890","13,850","14,010","13,680","425,68K","0,43%"
"09.09.2020","13,830","13,520","13,990","13,500","477,69K","2,22%"
"08.09.2020","13,530","14,150","14,230","13,340","861,76K","-4,04%"
"07.09.2020","14,100","13,160","14,300","13,060","1,36M","6,33%"
"04.09.2020","13,260","14,520","14,540","13,260","2,03M","-10,47%"
"03.09.2020","14,810","15,500","15,610","14,660","815,94K","-3,52%"
"02.09.2020","15,350","15,080","15,600","14,520","1,57M","-0,13%"
"01.09.2020","15,370","17,290","17,350","15,120","2,15M","-10,12%"
"31.08.2020","17,100","16,600","17,140","16,410","829,77K","3,95%"
"28.08.2020","16,450","16,380","16,630","16,180","725,72K","1,48%"
"27.08.2020","16,210","16,240","16,340","15,930","844,24K","0,75%"
"26.08.2020","16,090","15,480","16,120","15,400","509,98K","3,81%"
"25.08.2020","15,500","15,250","15,650","15,090","660,72K","2,92%"
"24.08.2020","15,060","15,160","15,300","14,990","564,99K","0,80%"
"21.08.2020","14,940","15,030","15,230","14,710","435,73K","-0,33%"
"20.08.2020","14,990","14,860","15,320","14,710","574,54K","0,07%"
"19.08.2020","14,980","14,850","15,070","14,720","454,48K","1,28%"
"18.08.2020","14,790","14,570","14,960","14,390","454,44K","1,44%"
"17.08.2020","14,580","14,500","14,790","14,410","814,97K","0,55%"
"14.08.2020","14,500","14,750","14,770","14,300","449,93K","-1,49%"
"13.08.2020","14,720","14,000","14,720","13,960","878,82K","5,14%"
"12.08.2020","14,000","13,950","14,030","13,830","538,06K","0,36%"
"11.08.2020","13,950","13,830","14,190","13,670","450,37K","1,09%"
"10.08.2020","13,800","13,700","14,000","13,560","519,26K","1,17%"
"07.08.2020","13,640","13,350","13,730","13,210","408,95K","1,79%"
"06.08.2020","13,400","13,510","13,520","13,240","505,95K","0,22%"
"05.08.2020","13,370","13,330","13,710","13,330","706,22K","0,98%"
"04.08.2020","13,240","12,890","13,280","12,810","559,27K","2,87%"
"03.08.2020","12,870","12,820","12,930","12,550","449,33K","0,31%"
"31.07.2020","12,830","12,680","13,020","12,510","463,17K","2,48%"
"30.07.2020","12,520","12,670","12,770","12,410","415,34K","-0,40%"
"29.07.2020","12,570","12,410","12,640","12,220","253,29K","1,13%"
"28.07.2020","12,430","12,780","12,780","12,170","302,78K","-1,58%"
"27.07.2020","12,630","12,480","12,750","12,320","354,97K","1,04%"
"24.07.2020","12,500","13,000","13,000","12,420","444,16K","-3,77%"
"23.07.2020","12,990","12,770","13,020","12,640","311,98K","1,41%"
"22.07.2020","12,810","12,800","12,970","12,620","311,31K","-0,08%"
"21.07.2020","12,820","12,750","13,310","12,720","708,30K","1,42%"
"20.07.2020","12,640","12,500","12,710","12,300","354,80K","0,48%"
"17.07.2020","12,580","12,650","12,760","12,420","283,26K","-0,40%"
"16.07.2020","12,630","12,290","12,730","12,260","406,91K","2,18%"
"15.07.2020","12,360","12,650","12,690","12,230","419,98K","-0,72%"
"14.07.2020","12,450","12,640","12,690","12,300","386,79K","-1,81%"
"13.07.2020","12,680","12,450","12,880","12,270","532,64K","2,67%"
"10.07.2020","12,350","12,150","12,550","12,100","411,79K","0,57%"
"09.07.2020","12,280","12,440","12,500","11,910","571,88K","-1,60%"
"08.07.2020","12,480","12,450","12,620","12,230","516,71K","0,24%"
"07.07.2020","12,450","12,300","12,450","12,150","534,83K","1,30%"
"06.07.2020","12,290","12,290","12,430","12,130","550,47K","1,74%"
"03.07.2020","12,080","12,140","12,250","11,920","489,99K","-0,58%"
"02.07.2020","12,150","11,640","12,150","11,620","1,06M","4,74%"
"01.07.2020","11,600","11,430","11,600","11,230","459,59K","2,47%"
"30.06.2020","11,320","11,300","11,390","11,080","419,48K","1,52%"
"29.06.2020","11,150","11,140","11,220","10,760","574,45K","-0,71%"
"26.06.2020","11,230","11,560","11,570","10,920","599,38K","-1,75%"
"25.06.2020","11,430","11,420","11,640","11,230","621,28K","-0,09%"
"24.06.2020","11,440","11,280","11,620","11,160","831,45K","2,51%"
"23.06.2020","11,160","10,480","11,640","10,450","2,11M","7,72%"
"22.06.2020","10,360","10,000","10,360","9,900","865,96K","3,50%"
"19.06.2020","10,010","9,620","10,130","9,620","1,16M","4,05%"
"18.06.2020","9,620","9,630","9,650","9,470","355,19K","-0,10%"
"17.06.2020","9,630","9,660","9,760","9,490","469,84K","0,21%"
"16.06.2020","9,610","9,450","9,810","9,450","657,74K","2,62%"
"15.06.2020","9,365","9,160","9,400","8,900","520,00K","1,52%"
"12.06.2020","9,225","9,140","9,400","9,075","412,96K","0,60%"
"11.06.2020","9,170","9,200","9,280","9,010","351,66K","-1,40%"
"10.06.2020","9,300","9,480","9,645","9,230","351,86K","-0,91%"
"09.06.2020","9,385","9,425","9,470","9,075","816,02K","-0,21%"
"08.06.2020","9,405","9,810","9,810","9,365","865,98K","-4,03%"
"05.06.2020","9,800","9,805","9,900","9,675","375,48K","0,00%"
"04.06.2020","9,800","9,820","9,915","9,600","591,38K","0,31%"
"03.06.2020","9,770","9,930","10,000","9,710","429,38K","-0,96%"
"02.06.2020","9,865","9,890","10,200","9,650","805,47K","0,66%"
"01.06.2020","9,800","10,110","10,370","9,800","706,54K","-1,95%"
"29.05.2020","9,995","9,480","10,080","9,425","914,73K","4,11%"
"28.05.2020","9,600","9,415","9,740","9,310","465,24K","2,40%"
"27.05.2020","9,375","9,750","9,795","9,130","562,45K","-3,50%"
"26.05.2020","9,715","9,810","9,895","9,430","492,14K","-0,66%"
"25.05.2020","9,780","9,480","9,940","9,465","629,31K","3,60%"
"22.05.2020","9,440","8,700","9,440","8,700","772,02K","5,95%"
"21.05.2020","8,910","9,060","9,335","8,850","830,80K","-0,94%"
"20.05.2020","8,995","8,635","9,060","8,375","914,63K","5,82%"
"19.05.2020","8,500","8,970","8,970","8,270","793,91K","-3,19%"
"18.05.2020","8,780","8,600","8,810","8,600","237,47K","2,87%"
"15.05.2020","8,535","8,935","9,070","8,515","350,67K","-3,07%"
"14.05.2020","8,805","8,750","8,830","8,160","513,37K","0,40%"
"13.05.2020","8,770","8,890","8,950","8,640","191,38K","-2,45%"
"12.05.2020","8,990","8,730","8,990","8,730","97,87K","0,45%"
"11.05.2020","8,950","9,000","9,100","8,640","214,01K","0,00%"
"08.05.2020","8,950","8,755","8,985","8,680","206,67K","3,47%"
"07.05.2020","8,650","8,815","8,905","8,630","260,16K","-2,26%"
"06.05.2020","8,850","9,090","9,090","8,620","343,00K","-1,67%"
"05.05.2020","9,000","9,050","9,205","8,950","379,13K","1,69%"
"04.05.2020","8,850","9,255","9,255","8,810","463,94K","-4,89%"
"30.04.2020","9,305","8,955","9,470","8,955","486,40K","3,10%"
"29.04.2020","9,025","8,585","9,040","8,550","355,90K","5,19%"
"28.04.2020","8,580","8,760","8,760","8,395","396,74K","-0,64%"
"27.04.2020","8,635","8,625","8,795","8,530","399,63K","0,76%"
"24.04.2020","8,570","8,900","8,900","8,540","472,62K","-4,78%"
"23.04.2020","9,000","9,340","9,400","8,870","888,59K","-3,69%"
"22.04.2020","9,345","9,540","9,765","9,345","400,39K","-2,66%"
"21.04.2020","9,600","9,795","9,795","9,525","394,90K","-0,93%"
"20.04.2020","9,690","9,650","10,090","9,350","1,02M","0,57%"
"17.04.2020","9,635","8,600","9,635","8,510","3,04M","12,10%"
"16.04.2020","8,595","8,740","8,850","8,500","505,26K","-2,44%"
"15.04.2020","8,810","8,760","8,850","8,435","725,87K","1,97%"
"14.04.2020","8,640","8,570","8,750","8,410","851,05K","3,97%"
"09.04.2020","8,310","8,550","8,550","8,250","309,59K","0,06%"
"08.04.2020","8,305","8,375","8,510","8,255","363,60K","1,53%"
"07.04.2020","8,180","8,280","8,650","8,060","494,02K","1,93%"
"06.04.2020","8,025","7,950","8,150","7,835","497,62K","4,42%"
"03.04.2020","7,685","7,860","7,900","7,500","196,37K","-0,90%"
"02.04.2020","7,755","7,895","7,950","7,660","243,59K","-0,06%"
"01.04.2020","7,760","7,600","7,900","7,405","364,01K","1,17%"
"31.03.2020","7,670","7,655","7,700","7,490","550,87K","4,21%"
"30.03.2020","7,360","7,200","7,500","6,890","465,17K","2,29%"
"27.03.2020","7,195","7,500","7,670","7,110","478,51K","-2,77%"
"26.03.2020","7,400","7,135","7,485","7,135","355,04K","0,82%"
"25.03.2020","7,340","7,235","7,500","6,895","968,98K","5,16%"
"24.03.2020","6,980","6,680","6,980","6,450","744,48K","10,44%"
"23.03.2020","6,320","6,400","6,670","6,160","414,91K","-4,02%"
"20.03.2020","6,585","7,195","7,240","6,585","760,87K","-2,15%"
"19.03.2020","6,730","6,745","7,290","6,540","701,38K","3,62%"
"18.03.2020","6,495","6,340","6,880","6,150","1,21M","0,46%"
"17.03.2020","6,465","6,305","6,640","5,820","1,26M","5,98%"
"16.03.2020","6,100","6,340","6,340","5,550","1,82M","-6,44%"
"13.03.2020","6,520","6,405","7,285","6,350","1,76M","5,84%"
"12.03.2020","6,160","7,100","7,365","5,800","2,40M","-21,68%"
"11.03.2020","7,865","8,410","8,645","7,700","1,38M","-4,95%"
"10.03.2020","8,275","8,175","8,850","8,100","1,37M","1,53%"
"09.03.2020","8,150","7,980","8,575","7,900","1,48M","-9,29%"
"06.03.2020","8,985","9,495","9,495","8,835","1,32M","-6,75%"
"05.03.2020","9,635","9,750","9,750","9,395","947,17K","0,68%"
"04.03.2020","9,570","9,305","9,590","9,155","994,68K","3,97%"
"03.03.2020","9,205","8,750","9,445","8,650","1,92M","6,91%"
"02.03.2020","8,610","8,980","9,055","8,300","1,38M","-0,63%"
"28.02.2020","8,665","8,470","8,830","7,870","1,55M","0,12%"
"27.02.2020","8,655","8,860","9,030","8,420","1,10M","-2,75%"
"26.02.2020","8,900","8,730","8,950","8,520","1,34M","0,79%"
"25.02.2020","8,830","8,685","9,130","8,550","1,21M","-0,56%"
"24.02.2020","8,880","9,235","9,435","8,840","1,85M","-7,55%"
"21.02.2020","9,605","9,935","9,940","9,225","1,72M","-3,27%"
"20.02.2020","9,930","10,010","10,250","9,820","838,02K","-0,65%"
"19.02.2020","9,995","9,800","10,160","9,720","964,29K","2,57%"
"18.02.2020","9,745","9,700","9,820","9,620","878,15K","0,83%"
"17.02.2020","9,665","9,590","9,795","9,465","504,10K","0,47%"
"14.02.2020","9,620","9,900","9,950","9,520","1,01M","-1,84%"
"13.02.2020","9,800","9,390","9,840","9,320","975,57K","4,26%"
"12.02.2020","9,400","9,015","9,500","9,015","1,10M","3,98%"
"11.02.2020","9,040","9,030","9,115","8,860","617,77K","1,23%"
"10.02.2020","8,930","8,950","9,010","8,820","373,90K","0,11%"
"07.02.2020","8,920","8,545","9,200","8,490","1,27M","3,96%"
"06.02.2020","8,580","8,500","8,640","8,460","571,47K","-0,23%"
"05.02.2020","8,600","8,585","8,630","8,100","792,69K","1,96%"
"04.02.2020","8,435","8,400","8,550","8,390","528,52K","0,48%"
"03.02.2020","8,395","8,450","8,490","8,325","459,84K","-0,65%"
"31.01.2020","8,450","8,480","8,630","8,330","819,44K","0,24%"
"30.01.2020","8,430","8,370","8,475","8,315","560,48K","0,42%"
"29.01.2020","8,395","8,345","8,430","8,250","556,36K","0,66%"
"28.01.2020","8,340","7,970","8,340","7,950","726,06K","4,64%"
"27.01.2020","7,970","8,000","8,115","7,900","561,79K","-0,38%"
"24.01.2020","8,000","8,080","8,190","7,910","583,31K","-0,62%"
"23.01.2020","8,050","7,640","8,150","7,605","1,46M","5,92%"
"22.01.2020","7,600","7,600","7,675","7,565","506,81K","-0,46%"
"21.01.2020","7,635","7,540","7,710","7,540","658,42K","0,46%"
"20.01.2020","7,600","7,600","7,620","7,520","308,05K","0,13%"
"17.01.2020","7,590","7,655","7,655","7,480","530,33K","-0,13%"
"16.01.2020","7,600","7,600","7,760","7,530","725,44K","0,26%"
"15.01.2020","7,580","7,500","7,580","7,460","431,23K","1,20%"
"14.01.2020","7,490","7,670","7,710","7,445","582,86K","-1,90%"
"13.01.2020","7,635","7,625","7,770","7,545","700,74K","1,33%"
"10.01.2020","7,535","7,470","7,700","7,470","981,28K","1,55%"
"09.01.2020","7,420","6,980","7,675","6,980","1,86M","6,76%"
"08.01.2020","6,950","6,885","7,050","6,790","526,14K","0,14%"
"07.01.2020","6,940","6,850","6,970","6,765","532,27K","1,46%"
"06.01.2020","6,840","7,000","7,000","6,705","505,61K","-3,12%"
"03.01.2020","7,060","7,125","7,150","6,960","338,91K","-1,26%"
"02.01.2020","7,150","6,830","7,165","6,830","599,61K","5,15%"
"31.12.2019","6,800","6,870","6,870","6,660","267,28K","-0,51%"
"30.12.2019","6,835","6,900","6,980","6,745","474,71K","-1,44%"
"27.12.2019","6,935","6,800","6,940","6,800","377,46K","1,99%"
"24.12.2019","6,800","6,720","6,840","6,720","164,77K","1,19%"
"23.12.2019","6,720","6,750","6,760","6,675","251,05K","-0,37%"
"20.12.2019","6,745","6,850","6,850","6,695","437,51K","-1,03%"
"19.12.2019","6,815","6,730","6,820","6,635","287,02K","1,87%"
"18.12.2019","6,690","6,830","6,850","6,675","273,54K","-1,69%"
"17.12.2019","6,805","6,700","6,875","6,650","650,27K","1,87%"
"16.12.2019","6,680","6,600","6,730","6,535","1,20M","1,29%"
"13.12.2019","6,595","6,745","6,745","6,560","448,96K","-1,20%"
"12.12.2019","6,675","6,545","6,780","6,540","761,57K","1,60%"
"11.12.2019","6,570","6,595","6,595","6,500","196,87K","0,38%"
"10.12.2019","6,545","6,670","6,670","6,525","212,66K","-1,21%"
"09.12.2019","6,625","6,650","6,665","6,535","193,23K","-0,23%"
"06.12.2019","6,640","6,480","6,640","6,480","383,39K","1,68%"
"05.12.2019","6,530","6,630","6,685","6,450","659,23K","-1,06%"
"04.12.2019","6,600","6,660","6,760","6,560","391,30K","0,15%"
"03.12.2019","6,590","6,670","6,770","6,560","528,09K","-0,60%"
"02.12.2019","6,630","6,930","6,935","6,630","333,37K","-3,14%"
"29.11.2019","6,845","6,980","6,980","6,790","696,62K","-1,65%"
"28.11.2019","6,960","6,800","6,965","6,780","386,01K","2,88%"
"27.11.2019","6,765","6,710","6,785","6,625","483,43K","1,73%"
"26.11.2019","6,650","6,650","6,720","6,580","273,42K","-0,15%"
"25.11.2019","6,660","6,805","6,825","6,660","211,16K","-1,04%"
"22.11.2019","6,730","6,850","6,850","6,670","298,13K","-0,81%"
"21.11.2019","6,785","6,810","6,890","6,695","277,93K","0,22%"
"20.11.2019","6,770","6,580","6,770","6,560","435,28K","2,50%"
"19.11.2019","6,605","6,705","6,865","6,530","431,50K","-2,37%"
"18.11.2019","6,765","6,800","6,960","6,705","487,96K","0,22%"
"15.11.2019","6,750","6,960","6,960","6,265","1,96M","-1,89%"
"14.11.2019","6,880","6,870","6,940","6,800","305,91K","0,51%"
"13.11.2019","6,845","6,850","6,865","6,675","416,31K","-0,51%"
"12.11.2019","6,880","7,045","7,045","6,800","389,25K","-1,43%"
"11.11.2019","6,980","6,830","7,020","6,780","295,57K","1,97%"
"08.11.2019","6,845","7,075","7,075","6,760","630,75K","-3,59%"
"07.11.2019","7,100","7,085","7,150","7,000","320,08K","0,85%"
"06.11.2019","7,040","7,150","7,190","6,960","432,87K","-0,85%"
"05.11.2019","7,100","7,105","7,160","6,995","474,41K","-0,07%"
"04.11.2019","7,105","7,145","7,340","7,060","1,14M","0,07%"
"01.11.2019","7,100","6,960","7,190","6,920","696,56K","2,38%"
"31.10.2019","6,935","6,805","6,935","6,770","527,91K","2,14%"
"30.10.2019","6,790","6,650","6,800","6,650","261,70K","0,82%"
"29.10.2019","6,735","6,810","6,845","6,680","225,52K","-0,66%"
"28.10.2019","6,780","6,855","6,970","6,760","506,45K","-0,29%"
"25.10.2019","6,800","6,925","6,925","6,760","257,92K","-1,02%"
"24.10.2019","6,870","6,720","6,880","6,680","531,19K","2,61%"
"23.10.2019","6,695","6,500","6,730","6,430","618,28K","2,92%"
"22.10.2019","6,505","6,705","6,745","6,505","235,57K","-2,62%"
"21.10.2019","6,680","6,555","6,725","6,470","535,12K","2,61%"
"18.10.2019","6,510","6,545","6,630","6,415","649,96K","-1,06%"
"17.10.2019","6,580","6,790","6,790","6,440","1,58M","-5,46%"
"16.10.2019","6,960","7,145","7,145","6,860","1,18M","-1,56%"
"15.10.2019","7,070","6,965","7,190","6,870","1,74M","1,58%"
"14.10.2019","6,960","6,715","6,975","6,670","809,60K","3,96%"
"11.10.2019","6,695","6,650","6,790","6,650","536,94K","-0,81%"
"10.10.2019","6,750","6,775","6,775","6,550","568,47K","0,00%"
"09.10.2019","6,750","6,795","6,800","6,610","500,85K","-0,44%"
"08.10.2019","6,780","6,730","6,800","6,550","534,54K","1,19%"
"07.10.2019","6,700","6,595","6,735","6,505","588,10K","1,21%"
"04.10.2019","6,620","6,550","6,670","6,165","1,53M","2,32%"
"03.10.2019","6,470","6,115","6,570","6,080","1,77M","4,61%"
"02.10.2019","6,185","5,850","6,350","5,830","3,38M","9,66%"
"01.10.2019","5,640","5,715","5,760","5,600","215,52K","-1,05%"
"30.09.2019","5,700","5,515","5,715","5,490","384,76K","3,45%"
"27.09.2019","5,510","5,685","5,730","5,510","388,96K","-2,99%"
"26.09.2019","5,680","5,550","5,790","5,550","878,51K","3,27%"
"25.09.2019","5,500","5,590","5,590","5,410","372,23K","-0,81%"
"24.09.2019","5,545","5,485","5,600","5,460","195,39K","0,64%"
"23.09.2019","5,510","5,750","5,750","5,490","398,12K","-2,48%"
"20.09.2019","5,650","5,500","5,720","5,500","701,38K","1,62%"
"19.09.2019","5,560","5,490","5,565","5,485","104,30K","0,54%"
"18.09.2019","5,530","5,535","5,600","5,420","328,66K","-0,27%"
"17.09.2019","5,545","5,685","5,770","5,460","550,32K","-3,23%"
"16.09.2019","5,730","5,445","5,800","5,340","1,10M","6,41%"
"13.09.2019","5,385","5,280","5,450","5,270","398,42K","2,18%"
"12.09.2019","5,270","5,290","5,340","5,180","242,96K","-0,94%"
"11.09.2019","5,320","5,290","5,360","5,270","124,41K","0,57%"
"10.09.2019","5,290","5,380","5,380","5,235","225,36K","-0,94%"
"09.09.2019","5,340","5,315","5,420","5,250","269,05K","0,95%"
"06.09.2019","5,290","5,215","5,290","5,210","178,50K","0,38%"
"05.09.2019","5,270","5,280","5,340","5,180","314,13K","0,96%"
"04.09.2019","5,220","5,180","5,370","5,130","849,40K","2,35%"
"03.09.2019","5,100","5,270","5,350","5,050","291,22K","-3,32%"
"02.09.2019","5,275","5,355","5,485","5,140","420,88K","-2,31%"
"30.08.2019","5,400","5,410","5,660","5,365","412,45K","1,41%"
"29.08.2019","5,325","5,290","5,360","5,265","138,56K","0,85%"
"28.08.2019","5,280","5,200","5,320","5,200","97,28K","0,09%"
"27.08.2019","5,275","5,150","5,350","5,150","118,81K","1,44%"
"26.08.2019","5,200","5,240","5,290","5,155","182,24K","-1,14%"
"23.08.2019","5,260","5,285","5,380","5,240","97,25K","-0,94%"
"22.08.2019","5,310","5,340","5,490","5,290","203,45K","-2,30%"
"21.08.2019","5,435","5,390","5,440","5,345","163,67K","0,74%"
"20.08.2019","5,395","5,390","5,440","5,310","187,77K","0,09%"
"19.08.2019","5,390","5,215","5,440","5,215","296,72K","3,75%"
"16.08.2019","5,195","5,150","5,215","5,025","324,82K","1,76%"
"15.08.2019","5,105","5,125","5,165","4,950","455,08K","-1,83%"
"14.08.2019","5,200","5,320","5,360","5,140","266,06K","-1,70%"
"13.08.2019","5,290","5,350","5,390","5,120","505,23K","-2,49%"
"12.08.2019","5,425","5,465","5,475","5,350","180,87K","-0,28%"
"09.08.2019","5,440","5,535","5,535","5,440","140,56K","-1,27%"
"08.08.2019","5,510","5,425","5,650","5,425","491,96K","1,94%"
"07.08.2019","5,405","5,420","5,480","5,315","199,21K","1,03%"
"06.08.2019","5,350","5,310","5,500","5,310","178,51K","0,28%"
"05.08.2019","5,335","5,400","5,480","5,325","339,88K","-2,73%"
"02.08.2019","5,485","5,600","5,700","5,420","528,76K","-1,35%"
"01.08.2019","5,560","5,400","5,580","5,360","313,16K","3,44%"
"31.07.2019","5,375","5,360","5,440","5,335","228,49K","0,28%"
"30.07.2019","5,360","5,435","5,490","5,270","477,58K","-2,37%"
"29.07.2019","5,490","5,380","5,540","5,360","396,99K","1,57%"
"26.07.2019","5,405","5,500","5,535","5,350","532,99K","-2,96%"
"25.07.2019","5,570","5,800","5,850","5,535","735,28K","-3,13%"
"24.07.2019","5,750","6,000","6,125","5,530","2,17M","-4,56%"
"23.07.2019","6,025","5,980","6,090","5,950","801,41K","1,01%"
"22.07.2019","5,965","5,925","5,990","5,880","377,50K","2,14%"
"19.07.2019","5,840","5,875","6,000","5,840","776,65K","0,00%"
"18.07.2019","5,840","5,805","5,915","5,800","388,49K","-0,17%"
"17.07.2019","5,850","5,785","5,905","5,680","666,71K","1,83%"
"16.07.2019","5,745","5,830","5,985","5,605","1,20M","-1,46%"
"15.07.2019","5,830","5,680","5,960","5,680","1,45M","2,10%"
"12.07.2019","5,710","5,535","5,750","5,505","1,47M","2,33%"
"11.07.2019","5,580","5,440","5,665","5,400","1,33M","3,53%"
"10.07.2019","5,390","5,290","5,490","5,240","806,26K","1,79%"
"09.07.2019","5,295","5,100","5,340","5,035","883,76K","2,92%"
"08.07.2019","5,145","5,145","5,150","5,040","289,40K","0,29%"
"05.07.2019","5,130","5,100","5,165","5,030","446,32K","0,79%"
"04.07.2019","5,090","4,972","5,120","4,930","522,26K","1,09%"
"03.07.2019","5,035","5,005","5,045","4,900","546,78K","-0,69%"
"02.07.2019","5,070","5,000","5,075","4,900","264,57K","2,05%"
"01.07.2019","4,968","5,120","5,210","4,950","562,31K","-1,33%"
"28.06.2019","5,035","5,005","5,040","4,956","312,81K","-0,30%"
"27.06.2019","5,050","5,055","5,125","4,950","989,83K","-1,17%"
"26.06.2019","5,110","4,610","5,140","4,610","2,24M","12,75%"
"25.06.2019","4,532","4,504","4,538","4,462","224,65K","-0,44%"
"24.06.2019","4,552","4,504","4,630","4,502","207,54K","0,49%"
"21.06.2019","4,530","4,480","4,560","4,350","623,48K","3,19%"
"20.06.2019","4,390","4,064","4,410","4,064","517,91K","5,78%"
"19.06.2019","4,150","4,150","4,240","4,002","744,61K","-0,95%"
"18.06.2019","4,190","4,310","4,310","4,142","712,03K","-4,08%"
"17.06.2019","4,368","4,556","4,556","4,330","439,45K","-3,32%"
"14.06.2019","4,518","4,626","4,626","4,502","226,14K","-1,09%"
"13.06.2019","4,568","4,662","4,662","4,522","230,48K","-1,25%"
"12.06.2019","4,626","4,660","4,724","4,610","235,02K","-2,77%"
"11.06.2019","4,758","4,660","4,770","4,612","422,46K","2,10%"
"10.06.2019","4,660","4,444","4,694","4,444","330,09K","3,33%"
"07.06.2019","4,510","4,620","4,622","4,500","299,33K","-1,61%"
"06.06.2019","4,584","4,642","4,718","4,520","347,50K","-1,80%"
"05.06.2019","4,668","4,710","4,810","4,640","496,22K","0,13%"
"04.06.2019","4,662","4,678","4,732","4,600","244,34K","-0,09%"
"03.06.2019","4,666","4,622","4,666","4,550","219,25K","0,13%"
"31.05.2019","4,660","4,600","4,696","4,520","343,64K","-0,04%"
"30.05.2019","4,662","4,750","4,764","4,632","185,55K","-0,93%"
"29.05.2019","4,706","4,726","4,780","4,636","321,44K","-1,22%"
"28.05.2019","4,764","4,720","4,764","4,592","508,76K","1,06%"
"27.05.2019","4,714","4,550","4,720","4,498","356,21K","4,76%"
"24.05.2019","4,500","4,460","4,548","4,410","287,35K","2,32%"
"23.05.2019","4,398","4,600","4,600","4,398","403,58K","-4,60%"
"22.05.2019","4,610","4,620","4,820","4,550","921,37K","0,44%"
"21.05.2019","4,590","4,520","4,640","4,500","302,19K","1,64%"
"20.05.2019","4,516","4,696","4,700","4,500","429,52K","-1,91%"
"17.05.2019","4,604","4,634","4,700","4,570","232,10K","-1,62%"
"16.05.2019","4,680","4,584","4,680","4,480","541,82K","3,54%"
"15.05.2019","4,520","4,494","4,528","4,336","549,43K","0,09%"
"14.05.2019","4,516","4,456","4,626","4,430","589,12K","1,67%"
"13.05.2019","4,442","4,570","4,580","4,410","607,43K","-2,84%"
"10.05.2019","4,572","4,598","4,740","4,520","665,94K","-0,82%"
"09.05.2019","4,610","4,896","4,896","4,552","883,87K","-5,92%"
"08.05.2019","4,900","4,908","4,930","4,800","536,51K","-1,21%"
"07.05.2019","4,960","5,065","5,120","4,900","398,19K","-0,90%"
"06.05.2019","5,005","5,050","5,090","4,922","702,98K","-2,25%"
"03.05.2019","5,120","5,115","5,175","5,055","331,06K","0,79%"
"02.05.2019","5,080","5,230","5,250","5,080","375,64K","-2,03%"
"30.04.2019","5,185","5,330","5,420","5,125","1,44M","-2,81%"
"29.04.2019","5,335","4,940","5,350","4,924","1,89M","9,41%"
"26.04.2019","4,876","4,984","5,065","4,876","433,83K","-3,06%"
"25.04.2019","5,030","4,880","5,045","4,870","355,73K","2,36%"
"24.04.2019","4,914","4,990","4,990","4,880","329,38K","-0,81%"
"23.04.2019","4,954","4,990","5,005","4,930","325,15K","-0,36%"
"18.04.2019","4,972","5,090","5,090","4,880","460,90K","-1,35%"
"17.04.2019","5,040","5,115","5,115","5,030","296,44K","-1,37%"
"16.04.2019","5,110","5,050","5,130","5,010","647,78K","0,49%"
"15.04.2019","5,085","4,904","5,090","4,904","434,15K","3,56%"
"12.04.2019","4,910","4,966","4,966","4,860","421,93K","-1,21%"
"11.04.2019","4,970","4,980","5,020","4,880","517,58K","-0,44%"
"10.04.2019","4,992","5,105","5,105","4,914","616,49K","0,24%"
"09.04.2019","4,980","5,105","5,105","4,970","548,29K","-2,35%"
"08.04.2019","5,100","5,100","5,140","4,950","549,90K","0,00%"
"05.04.2019","5,100","4,840","5,120","4,804","960,02K","5,37%"
"04.04.2019","4,840","5,085","5,085","4,840","636,65K","-4,35%"
"03.04.2019","5,060","4,850","5,095","4,760","1,23M","5,64%"
"02.04.2019","4,790","4,820","4,926","4,724","615,71K","-0,66%"
"01.04.2019","4,822","4,764","4,870","4,750","618,60K","1,95%"
"29.03.2019","4,730","4,660","4,740","4,620","342,89K","1,50%"
"28.03.2019","4,660","4,720","4,820","4,565","478,79K","-1,89%"
"27.03.2019","4,750","4,690","4,940","4,690","720,38K","0,96%"
"26.03.2019","4,705","4,580","4,790","4,490","1,62M","3,41%"
"25.03.2019","4,550","4,540","4,725","4,430","811,21K","-1,41%"
"22.03.2019","4,615","4,870","4,935","4,535","1,43M","-5,82%"
"21.03.2019","4,900","4,960","5,010","4,805","870,99K","-2,00%"
"20.03.2019","5,000","5,100","5,150","4,980","439,22K","-1,96%"
"19.03.2019","5,100","4,930","5,130","4,930","636,95K","2,82%"
"18.03.2019","4,960","5,000","5,080","4,930","497,26K","-0,80%"
"15.03.2019","5,000","5,080","5,130","4,990","882,68K","-1,77%"
"14.03.2019","5,090","5,100","5,220","5,070","455,01K","-0,20%"
"13.03.2019","5,100","5,110","5,150","5,070","252,71K","-1,16%"
"12.03.2019","5,160","5,120","5,180","5,050","442,57K","1,18%"
"11.03.2019","5,100","5,080","5,150","4,910","543,27K","0,00%"
"08.03.2019","5,100","5,170","5,200","5,010","755,50K","-2,49%"
"07.03.2019","5,230","4,980","5,240","4,900","1,08M","4,81%"
"06.03.2019","4,990","5,190","5,190","4,985","689,36K","-4,04%"
"05.03.2019","5,200","5,270","5,290","5,120","402,17K","-1,33%"
"04.03.2019","5,270","5,320","5,440","5,240","517,71K","0,19%"
"01.03.2019","5,260","5,260","5,360","5,220","402,15K","-0,57%"
"28.02.2019","5,290","5,220","5,300","5,220","251,26K","0,00%"
"27.02.2019","5,290","5,370","5,380","5,080","1,87M","-2,76%"
"26.02.2019","5,440","5,500","5,570","5,370","493,20K","-0,91%"
"25.02.2019","5,490","5,360","5,660","5,350","1,13M","3,20%"
"22.02.2019","5,320","5,260","5,370","5,260","184,38K","-0,37%"
"21.02.2019","5,340","5,370","5,370","5,220","391,92K","-0,19%"
"20.02.2019","5,350","5,270","5,360","5,230","259,53K","1,90%"
"19.02.2019","5,250","5,350","5,380","5,240","575,75K","-1,69%"
"18.02.2019","5,340","5,290","5,390","5,210","685,92K","1,52%"
"15.02.2019","5,260","5,120","5,330","5,050","557,67K","4,16%"
"14.02.2019","5,050","5,090","5,180","4,915","945,12K","-0,98%"
"13.02.2019","5,100","5,200","5,240","4,910","1,06M","-2,11%"
"12.02.2019","5,210","5,260","5,340","5,210","313,63K","-0,19%"
"11.02.2019","5,220","5,130","5,250","5,060","978,37K","2,55%"
"08.02.2019","5,090","5,410","5,570","4,985","1,68M","-5,91%"
"07.02.2019","5,410","5,640","5,690","5,320","1,34M","-4,75%"
"06.02.2019","5,680","5,700","5,830","5,660","818,72K","-0,35%"
"05.02.2019","5,700","5,500","5,750","5,460","1,27M","4,78%"
"04.02.2019","5,440","5,370","5,550","5,330","574,05K","1,12%"
"01.02.2019","5,380","5,410","5,430","5,290","533,30K","-0,19%"
"31.01.2019","5,390","5,450","5,500","5,220","635,58K","1,51%"
"30.01.2019","5,310","5,220","5,460","5,110","920,90K","1,72%"
"29.01.2019","5,220","5,500","5,630","5,150","2,02M","-4,04%"
"28.01.2019","5,440","4,800","5,450","4,760","2,97M","13,81%"
"25.01.2019","4,780","4,820","4,830","4,750","564,48K","0,31%"
"24.01.2019","4,765","4,800","4,865","4,715","1,33M","0,00%"
"23.01.2019","4,765","4,670","4,770","4,610","459,41K","2,14%"
"22.01.2019","4,665","4,810","4,810","4,660","687,12K","-2,41%"
"21.01.2019","4,780","4,745","4,870","4,710","479,87K","2,58%"
"18.01.2019","4,660","4,680","4,760","4,650","439,50K","1,53%"
"17.01.2019","4,590","4,690","4,790","4,550","638,31K","-1,82%"
"16.01.2019","4,675","4,620","4,750","4,485","736,69K","4,35%"
"15.01.2019","4,480","4,355","4,565","4,350","670,58K","2,05%"
"14.01.2019","4,390","4,495","4,530","4,330","792,87K","-3,62%"
"11.01.2019","4,555","4,655","4,735","4,525","612,82K","-2,25%"
"10.01.2019","4,660","4,725","4,755","4,600","758,77K","-0,64%"
"09.01.2019","4,690","4,730","4,840","4,630","858,78K","0,11%"
"08.01.2019","4,685","4,845","5,010","4,530","2,55M","-3,40%"
"07.01.2019","4,850","4,660","4,950","4,620","2,20M","4,86%"
"04.01.2019","4,625","4,180","4,720","4,180","2,03M","11,04%"
"03.01.2019","4,165","4,230","4,395","4,120","932,54K","-2,12%"
"02.01.2019","4,255","3,950","4,270","3,890","730,54K","7,31%"
"31.12.2018","3,965","3,940","4,070","3,940","427,58K","-1,00%"
"28.12.2018","4,005","3,995","4,170","3,940","629,01K","0,25%"
"27.12.2018","3,995","4,260","4,270","3,885","812,58K","-3,85%"
"24.12.2018","4,155","4,200","4,250","4,055","490,45K","-2,35%"
"21.12.2018","4,255","3,900","4,255","3,850","895,83K","9,38%"
"20.12.2018","3,890","3,900","3,955","3,770","550,42K","-1,64%"
"19.12.2018","3,955","3,910","3,975","3,850","318,79K","1,67%"
"18.12.2018","3,890","3,870","3,930","3,820","504,71K","-1,64%"
"17.12.2018","3,955","3,795","3,955","3,795","424,31K","3,53%"
"14.12.2018","3,820","3,820","3,840","3,715","586,52K","-1,16%"
"13.12.2018","3,865","3,650","3,895","3,605","935,69K","6,47%"
"12.12.2018","3,630","3,515","3,670","3,515","701,15K","3,71%"
"11.12.2018","3,500","3,490","3,700","3,365","994,31K","1,01%"
"10.12.2018","3,465","3,720","3,750","3,430","719,86K","-7,85%"
"07.12.2018","3,760","3,770","3,955","3,740","785,19K","0,27%"
"06.12.2018","3,750","4,095","4,095","3,735","987,75K","-7,18%"
"05.12.2018","4,040","4,005","4,140","3,925","473,18K","-1,82%"
"04.12.2018","4,115","4,220","4,295","4,075","1,04M","0,12%"
"03.12.2018","4,110","4,195","4,225","3,885","654,67K","1,48%"
"30.11.2018","4,050","4,245","4,245","4,020","1,59M","-4,59%"
"29.11.2018","4,245","4,275","4,330","4,075","786,31K","1,19%"
"28.11.2018","4,195","4,120","4,310","4,120","709,61K","1,08%"
"27.11.2018","4,150","4,000","4,200","3,970","698,09K","2,98%"
"26.11.2018","4,030","3,675","4,050","3,620","863,71K","8,77%"
"23.11.2018","3,705","3,760","3,890","3,625","1,01M","-2,76%"
"22.11.2018","3,810","4,040","4,040","3,725","658,00K","-3,79%"
"21.11.2018","3,960","4,080","4,090","3,820","787,61K","-1,00%"
"20.11.2018","4,000","4,140","4,215","3,900","1,01M","-5,10%"
"19.11.2018","4,215","4,340","4,430","4,215","851,94K","-1,98%"
"16.11.2018","4,300","4,410","4,440","4,165","1,01M","-1,15%"
"15.11.2018","4,350","4,075","4,380","3,970","1,57M","7,81%"
"14.11.2018","4,035","4,250","4,385","4,020","1,53M","-3,70%"
"13.11.2018","4,190","3,850","4,305","3,830","1,06M","7,57%"
"12.11.2018","3,895","4,070","4,080","3,865","436,05K","-3,95%"
"09.11.2018","4,055","4,140","4,185","3,855","676,81K","-3,34%"
"08.11.2018","4,195","4,300","4,440","4,115","1,28M","-2,67%"
"07.11.2018","4,310","3,880","4,310","3,850","1,35M","13,27%"
"06.11.2018","3,805","3,920","3,970","3,705","786,38K","-3,18%"
"05.11.2018","3,930","3,985","4,015","3,710","1,24M","-1,13%"
"02.11.2018","3,975","3,960","4,110","3,930","711,49K","2,85%"
"01.11.2018","3,865","3,845","3,960","3,695","798,64K","1,71%"
"31.10.2018","3,800","3,640","3,840","3,620","1,80M","6,15%"
"30.10.2018","3,580","3,290","3,580","3,260","1,26M","10,15%"
"29.10.2018","3,250","3,190","3,295","3,150","1,04M","4,33%"
"26.10.2018","3,115","3,210","3,210","2,975","906,10K","-1,74%"
"25.10.2018","3,170","3,100","3,270","2,950","1,30M","3,76%"
"24.10.2018","3,055","2,880","3,180","2,850","1,83M","7,19%"
"23.10.2018","2,850","3,165","3,410","2,850","2,91M","-20,06%"
"22.10.2018","3,565","3,880","3,900","3,415","997,02K","-6,92%"
"19.10.2018","3,830","3,945","4,035","3,760","606,25K","-2,92%"
"18.10.2018","3,945","4,080","4,080","3,910","669,62K","1,15%"
"17.10.2018","3,900","3,820","4,100","3,610","1,69M","5,41%"
"16.10.2018","3,700","4,395","4,395","3,415","3,44M","-16,76%"
"15.10.2018","4,445","4,500","4,530","4,305","1,02M","-1,22%"
"12.10.2018","4,500","4,525","4,710","4,430","675,56K","0,67%"
"11.10.2018","4,470","4,520","4,680","4,340","1,25M","-5,40%"
"10.10.2018","4,725","4,960","5,040","4,325","3,09M","-3,57%"
"09.10.2018","4,900","5,650","5,790","4,275","5,68M","-14,04%"
"08.10.2018","5,700","6,520","6,530","5,630","2,71M","-10,52%"
"05.10.2018","6,370","6,290","6,460","6,110","1,27M","1,59%"
"04.10.2018","6,270","5,980","6,290","5,910","1,32M","7,00%"
"03.10.2018","5,860","5,690","5,940","5,690","821,23K","2,27%"
"02.10.2018","5,730","5,680","5,780","5,580","537,24K","1,24%"
"01.10.2018","5,660","5,530","5,750","5,530","386,22K","1,25%"
"28.09.2018","5,590","5,550","5,600","5,380","645,30K","-0,53%"
"27.09.2018","5,620","5,800","5,840","5,540","714,94K","-1,40%"
"26.09.2018","5,700","5,550","5,760","5,470","923,85K","3,26%"
"25.09.2018","5,520","5,480","5,540","5,380","497,27K","2,03%"
"24.09.2018","5,410","5,400","5,460","5,340","282,91K","0,19%"
"21.09.2018","5,400","5,450","5,450","5,300","356,55K","-0,74%"
"20.09.2018","5,440","5,340","5,440","5,280","546,43K","3,62%"
"19.09.2018","5,250","5,240","5,370","5,200","374,70K","-0,94%"
"18.09.2018","5,300","5,350","5,360","5,040","1,56M","-2,21%"
"17.09.2018","5,420","5,600","5,600","5,400","850,52K","-2,87%"
"14.09.2018","5,580","5,620","5,640","5,540","224,37K","-1,24%"
"13.09.2018","5,650","5,590","5,720","5,560","431,39K","1,07%"
"12.09.2018","5,590","5,520","5,610","5,450","393,26K","1,64%"
"11.09.2018","5,500","5,640","5,760","5,430","969,41K","-1,43%"
"10.09.2018","5,580","5,640","5,690","5,540","497,84K","0,18%"
"07.09.2018","5,570","5,400","5,590","5,400","421,79K","2,20%"
"06.09.2018","5,450","5,530","5,620","5,400","336,71K","-1,45%"
"05.09.2018","5,530","5,750","5,750","5,400","912,82K","-4,33%"
"04.09.2018","5,780","5,830","5,840","5,630","349,94K","0,17%"
"03.09.2018","5,770","5,910","5,910","5,670","490,15K","-1,54%"
"31.08.2018","5,860","5,750","5,880","5,530","813,16K","2,45%"
"30.08.2018","5,720","5,900","5,970","5,680","1,23M","-2,22%"
"29.08.2018","5,850","5,770","5,880","5,660","818,60K","1,39%"
"28.08.2018","5,770","5,600","5,830","5,560","1,18M","4,15%"
"27.08.2018","5,540","5,560","5,610","5,460","227,17K","-0,36%"
"24.08.2018","5,560","5,500","5,560","5,400","392,99K","1,65%"
"23.08.2018","5,470","5,700","5,740","5,450","504,42K","-3,01%"
"22.08.2018","5,640","5,430","5,680","5,390","1,13M","4,64%"
"21.08.2018","5,390","5,330","5,400","5,300","213,46K","1,70%"
"20.08.2018","5,300","5,350","5,470","5,240","428,51K","0,00%"
"17.08.2018","5,300","5,290","5,350","5,240","248,29K","0,00%"
"16.08.2018","5,300","5,240","5,320","5,130","379,97K","1,34%"
"15.08.2018","5,230","5,390","5,390","5,120","408,60K","-2,06%"
"14.08.2018","5,340","5,390","5,540","5,280","842,29K","0,38%"
"13.08.2018","5,320","5,260","5,400","5,210","543,93K","1,14%"
"10.08.2018","5,260","5,320","5,410","5,220","452,82K","-1,87%"
"09.08.2018","5,360","5,370","5,480","5,310","499,69K","0,94%"
"08.08.2018","5,310","5,470","5,530","5,200","939,73K","-2,39%"
"07.08.2018","5,440","5,160","5,560","5,080","2,25M","7,09%"
"06.08.2018","5,080","4,980","5,180","4,935","1,17M","3,57%"
"03.08.2018","4,905","5,000","5,000","4,870","489,36K","-0,51%"
"02.08.2018","4,930","4,870","5,130","4,810","1,03M","0,82%"
"01.08.2018","4,890","5,150","5,180","4,830","894,93K","-4,12%"
"31.07.2018","5,100","4,910","5,290","4,910","913,85K","2,93%"
"30.07.2018","4,955","5,080","5,190","4,910","764,13K","-3,41%"
"27.07.2018","5,130","5,020","5,280","5,010","585,18K","0,39%"
"26.07.2018","5,110","5,350","5,400","5,050","1,38M","-3,77%"
"25.07.2018","5,310","5,160","5,460","5,160","892,93K","2,12%"
"24.07.2018","5,200","5,710","5,710","5,130","1,71M","-7,96%"
"23.07.2018","5,650","5,620","5,960","5,520","933,59K","1,44%"
"20.07.2018","5,570","5,480","5,640","5,470","659,35K","0,36%"
"19.07.2018","5,550","5,740","5,780","5,530","643,15K","-3,31%"
"18.07.2018","5,740","5,820","5,860","5,450","1,32M","-1,20%"
"17.07.2018","5,810","5,990","6,110","5,800","792,15K","-2,68%"
"16.07.2018","5,970","5,840","6,230","5,700","1,47M","2,93%"
"13.07.2018","5,800","6,310","6,310","5,400","5,57M","-12,65%"
"12.07.2018","6,640","6,780","6,790","6,600","265,61K","-1,34%"
"11.07.2018","6,730","6,610","6,800","6,560","412,31K","0,45%"
"10.07.2018","6,700","6,730","6,770","6,370","1,18M","-1,03%"
"09.07.2018","6,770","6,830","6,850","6,730","458,46K","-1,17%"
"06.07.2018","6,850","6,770","6,850","6,660","380,93K","1,18%"
"05.07.2018","6,770","6,790","6,930","6,720","723,49K","-0,15%"
"04.07.2018","6,780","6,760","6,800","6,620","591,73K","0,44%"
"03.07.2018","6,750","6,800","6,850","6,650","582,88K","0,00%"
"02.07.2018","6,750","6,660","6,780","6,420","795,39K","-0,30%"
"29.06.2018","6,770","6,730","6,770","6,250","1,17M","1,80%"
"28.06.2018","6,650","6,640","6,830","6,610","687,01K","-2,49%"
"27.06.2018","6,820","6,820","6,880","6,550","1,12M","0,74%"
"26.06.2018","6,770","6,360","6,820","6,350","1,31M","6,28%"
"25.06.2018","6,370","6,770","6,770","6,320","2,08M","-6,05%"
"22.06.2018","6,780","6,750","7,050","6,520","1,54M","-0,59%"
"21.06.2018","6,820","7,050","7,100","6,600","2,59M","-1,30%"
"20.06.2018","6,910","6,710","7,030","6,590","2,63M","4,22%"
"19.06.2018","6,630","6,220","6,720","6,050","2,50M","6,25%"
"18.06.2018","6,240","5,820","6,250","5,760","1,97M","10,44%"
"15.06.2018","5,650","6,200","6,220","5,650","2,71M","-7,68%"
"14.06.2018","6,120","6,060","6,250","5,730","3,13M","3,38%"
"13.06.2018","5,920","5,780","6,290","5,620","3,61M","4,78%"
"12.06.2018","5,650","5,870","5,890","5,200","3,09M","-1,74%"
"11.06.2018","5,750","5,520","5,890","5,490","2,40M","5,70%"
"08.06.2018","5,440","5,240","5,470","5,120","1,97M","3,03%"
"07.06.2018","5,280","5,250","5,340","5,030","2,59M","6,67%"
"06.06.2018","4,950","4,660","4,980","4,650","2,04M","6,57%"
"05.06.2018","4,645","4,665","5,060","4,590","3,74M","-0,75%"
"04.06.2018","4,680","4,340","4,700","4,340","2,35M","9,22%"
"01.06.2018","4,285","4,010","4,310","4,010","872,37K","5,80%"
"31.05.2018","4,050","4,275","4,320","3,910","1,49M","-5,59%"
"30.05.2018","4,290","4,290","4,400","4,120","1,27M","1,42%"
"29.05.2018","4,230","3,945","4,270","3,800","1,97M","4,44%"
"28.05.2018","4,050","4,225","4,290","3,810","2,80M","-5,70%"
"25.05.2018","4,295","4,570","4,575","4,295","1,32M","-5,08%"
"24.05.2018","4,525","4,675","4,750","4,500","1,01M","-2,48%"
"23.05.2018","4,640","4,360","4,640","4,285","1,20M","5,94%"
"22.05.2018","4,380","4,640","4,690","4,235","2,67M","-5,60%"
"21.05.2018","4,640","4,435","4,650","4,420","1,49M","6,42%"
"18.05.2018","4,360","4,250","4,465","4,220","1,92M","2,59%"
"17.05.2018","4,250","3,885","4,250","3,885","1,90M","8,42%"
"16.05.2018","3,920","3,890","3,985","3,800","854,58K","-0,76%"
"15.05.2018","3,950","3,950","4,125","3,905","1,16M","0,13%"
"14.05.2018","3,945","3,920","3,975","3,780","1,04M","2,07%"
"11.05.2018","3,865","3,980","3,980","3,720","1,88M","5,03%"
"10.05.2018","3,680","3,800","3,850","3,620","811,66K","-2,13%"
"09.05.2018","3,760","3,595","3,785","3,555","1,35M","4,74%"
"08.05.2018","3,590","3,305","3,590","3,260","1,04M","8,62%"
"07.05.2018","3,305","3,400","3,400","3,295","406,00K","-2,07%"
"04.05.2018","3,375","3,380","3,440","3,340","319,79K","-0,74%"
"03.05.2018","3,400","3,450","3,450","3,220","912,47K","-0,87%"
"02.05.2018","3,430","3,430","3,495","3,405","381,48K","-0,72%"
"30.04.2018","3,455","3,460","3,490","3,400","159,41K","1,32%"
"27.04.2018","3,410","3,545","3,580","3,400","350,77K","-3,26%"
"26.04.2018","3,525","3,480","3,565","3,480","259,17K","1,29%"
"25.04.2018","3,480","3,425","3,520","3,350","423,59K","0,58%"
"24.04.2018","3,460","3,530","3,640","3,460","927,73K","-0,43%"
"23.04.2018","3,475","3,345","3,530","3,290","764,40K","5,62%"
"20.04.2018","3,290","3,220","3,330","3,215","404,26K","1,23%"
"19.04.2018","3,250","3,340","3,440","3,205","779,53K","-2,84%"
"18.04.2018","3,345","3,215","3,350","3,150","931,05K","5,69%"
"17.04.2018","3,165","3,140","3,290","2,900","1,73M","1,44%"
"16.04.2018","3,120","3,350","3,540","3,060","1,86M","-8,24%"
"13.04.2018","3,400","3,600","3,675","3,350","1,28M","-5,42%"
"12.04.2018","3,595","3,430","3,595","3,430","803,56K","5,12%"
"11.04.2018","3,420","3,510","3,620","3,420","953,19K","-2,15%"
"10.04.2018","3,495","3,610","3,660","3,420","1,27M","-0,99%"
"09.04.2018","3,530","3,500","3,595","3,450","1,40M","5,69%"
"06.04.2018","3,340","3,400","3,710","3,315","2,92M","-0,74%"
"05.04.2018","3,365","2,910","3,420","2,880","5,24M","20,83%"
"04.04.2018","2,785","3,785","3,785","2,725","7,69M","-27,94%"
"03.04.2018","3,865","4,210","4,250","3,865","1,86M","-9,91%"
"29.03.2018","4,290","4,320","4,405","4,210","848,55K","-0,23%"
"28.03.2018","4,300","4,480","4,600","4,270","1,78M","-6,72%"
"27.03.2018","4,610","4,725","5,000","4,200","4,05M","-2,54%"
"26.03.2018","4,730","4,340","4,730","4,200","2,70M","11,29%"
"23.03.2018","4,250","4,165","4,250","3,920","2,06M","-0,47%"
"22.03.2018","4,270","4,430","4,430","4,105","3,14M","0,71%"
"21.03.2018","4,240","3,945","4,275","3,890","3,26M","9,99%"
"20.03.2018","3,855","3,860","3,940","3,690","2,07M","1,58%"
"19.03.2018","3,795","3,620","3,880","3,610","2,83M","5,42%"
"16.03.2018","3,600","3,295","3,610","3,285","2,44M","9,59%"
"15.03.2018","3,285","3,300","3,340","3,180","1,21M","0,15%"
"14.03.2018","3,280","3,170","3,300","3,035","1,89M","3,14%"
"13.03.2018","3,180","3,470","3,575","3,030","4,15M","-7,69%"
"12.03.2018","3,445","3,260","3,450","3,260","1,95M","5,51%"
"09.03.2018","3,265","3,350","3,365","3,235","1,03M","1,71%"
"08.03.2018","3,210","3,350","3,435","3,125","3,74M","-2,43%"
"07.03.2018","3,290","3,060","3,370","3,010","3,80M","8,05%"
"06.03.2018","3,045","2,930","3,100","2,930","2,55M","4,64%"
"05.03.2018","2,910","2,720","2,920","2,705","1,14M","6,59%"
"02.03.2018","2,730","2,825","2,825","2,730","735,63K","-3,36%"
"01.03.2018","2,825","2,900","2,900","2,740","988,83K","-1,22%"
"28.02.2018","2,860","2,900","2,995","2,850","1,66M","-1,72%"
"27.02.2018","2,910","2,800","2,975","2,740","2,23M","3,37%"
"26.02.2018","2,815","2,620","2,830","2,590","2,32M","9,11%"
"23.02.2018","2,580","2,590","2,595","2,540","337,39K","0,00%"
"22.02.2018","2,580","2,515","2,590","2,515","471,06K","2,79%"
"21.02.2018","2,510","2,560","2,585","2,500","640,45K","-1,95%"
"20.02.2018","2,560","2,590","2,590","2,545","332,65K","0,59%"
"19.02.2018","2,545","2,590","2,640","2,545","989,35K","0,00%"
"16.02.2018","2,545","2,500","2,590","2,405","1,06M","2,21%"
"15.02.2018","2,490","2,600","2,660","2,485","2,00M","-3,11%"
"14.02.2018","2,570","2,420","2,620","2,365","2,92M","9,36%"
"13.02.2018","2,350","2,400","2,410","2,350","400,81K","-1,47%"
"12.02.2018","2,385","2,390","2,400","2,330","374,54K","3,70%"
"09.02.2018","2,300","2,340","2,440","2,280","844,30K","-2,95%"
"08.02.2018","2,370","2,320","2,440","2,290","768,68K","2,82%"
"07.02.2018","2,305","2,320","2,320","2,280","330,17K","2,44%"
"06.02.2018","2,250","2,210","2,290","2,180","851,36K","-2,81%"
"05.02.2018","2,315","2,265","2,315","2,230","344,79K","0,43%"
"02.02.2018","2,305","2,380","2,390","2,280","498,38K","-2,95%"
"01.02.2018","2,375","2,365","2,410","2,335","433,99K","1,06%"
"31.01.2018","2,350","2,370","2,410","2,320","652,87K","0,86%"
"30.01.2018","2,330","2,405","2,405","2,315","498,53K","-3,32%"
"29.01.2018","2,410","2,510","2,520","2,400","666,09K","-2,43%"
"26.01.2018","2,470","2,340","2,520","2,300","1,69M","6,47%"
"25.01.2018","2,320","2,320","2,320","2,250","338,72K","2,43%"
"24.01.2018","2,265","2,295","2,305","2,260","287,14K","-1,52%"
"23.01.2018","2,300","2,340","2,340","2,270","299,69K","0,00%"
"22.01.2018","2,300","2,290","2,305","2,270","345,38K","0,44%"
"19.01.2018","2,290","2,260","2,295","2,220","540,59K","-0,22%"
"18.01.2018","2,295","2,330","2,380","2,265","911,78K","1,55%"
"17.01.2018","2,260","2,260","2,310","2,135","2,48M","-3,00%"
"16.01.2018","2,330","2,400","2,440","2,280","1,47M","-4,51%"
"15.01.2018","2,440","2,530","2,600","2,210","2,54M","-3,56%"
"12.01.2018","2,530","2,580","2,640","2,500","1,82M","0,80%"
"11.01.2018","2,510","2,440","2,690","2,420","4,89M","4,58%"
"10.01.2018","2,400","2,215","2,400","2,200","1,45M","7,62%"
"09.01.2018","2,230","2,325","2,350","2,180","2,11M","-1,76%"
"08.01.2018","2,270","2,100","2,310","2,055","2,58M","11,27%"
"05.01.2018","2,040","1,972","2,095","1,928","2,12M","4,08%"
"04.01.2018","1,960","1,890","1,980","1,840","2,37M","2,08%"
"03.01.2018","1,920","1,670","1,928","1,670","1,45M","15,66%"
"02.01.2018","1,660","1,680","1,680","1,635","205,68K","1,84%"
"29.12.2017","1,630","1,660","1,670","1,630","520,76K","-1,81%"
"28.12.2017","1,660","1,660","1,695","1,655","413,92K","0,00%"
"27.12.2017","1,660","1,660","1,665","1,625","407,94K","0,00%"
"22.12.2017","1,660","1,620","1,670","1,620","353,69K","0,61%"
"21.12.2017","1,650","1,615","1,670","1,615","431,72K","1,85%"
"20.12.2017","1,620","1,660","1,660","1,605","610,20K","-2,11%"
"19.12.2017","1,655","1,655","1,685","1,655","305,56K","0,00%"
"18.12.2017","1,655","1,655","1,660","1,640","258,53K","-0,30%"
"15.12.2017","1,660","1,670","1,670","1,640","121,96K","0,61%"
"14.12.2017","1,650","1,670","1,675","1,635","265,65K","-0,90%"
"13.12.2017","1,665","1,655","1,665","1,630","230,98K","0,91%"
"12.12.2017","1,650","1,685","1,690","1,650","284,78K","-1,79%"
"11.12.2017","1,680","1,695","1,720","1,675","348,80K","-0,59%"
"08.12.2017","1,690","1,695","1,695","1,670","136,56K","1,20%"
"07.12.2017","1,670","1,700","1,710","1,670","296,69K","0,30%"
"06.12.2017","1,665","1,685","1,685","1,665","132,51K","-1,19%"
"05.12.2017","1,685","1,720","1,730","1,670","387,06K","-1,46%"
"04.12.2017","1,710","1,720","1,720","1,680","235,10K","2,70%"
"01.12.2017","1,665","1,710","1,720","1,650","475,95K","-1,19%"
"30.11.2017","1,685","1,630","1,720","1,630","1,08M","3,06%"
"29.11.2017","1,635","1,770","1,780","1,635","2,27M","-7,89%"
"28.11.2017","1,775","1,720","1,785","1,705","1,41M","4,41%"
"27.11.2017","1,700","1,685","1,715","1,665","455,89K","0,00%"
"24.11.2017","1,700","1,720","1,755","1,670","2,01M","-1,16%"
"23.11.2017","1,720","1,585","1,720","1,570","1,80M","8,86%"
"22.11.2017","1,580","1,590","1,605","1,570","543,03K","0,32%"
"21.11.2017","1,575","1,610","1,625","1,535","1,38M","-0,32%"
"20.11.2017","1,580","1,535","1,630","1,535","2,22M","2,60%"
"17.11.2017","1,540","1,470","1,540","1,465","1,55M","5,48%"
"16.11.2017","1,460","1,450","1,460","1,405","359,20K","2,10%"
"15.11.2017","1,430","1,420","1,475","1,410","765,46K","3,62%"
"14.11.2017","1,380","1,385","1,410","1,370","113,21K","0,36%"
"13.11.2017","1,375","1,390","1,440","1,355","383,42K","-1,08%"
"10.11.2017","1,390","1,440","1,440","1,390","226,77K","-1,77%"
"09.11.2017","1,415","1,470","1,470","1,375","337,51K","-2,75%"
"08.11.2017","1,455","1,425","1,460","1,425","157,09K","1,39%"
"07.11.2017","1,435","1,450","1,460","1,430","128,62K","-1,03%"
"06.11.2017","1,450","1,435","1,450","1,415","167,13K","1,75%"
"03.11.2017","1,425","1,440","1,460","1,390","251,72K","-1,04%"
"02.11.2017","1,440","1,480","1,515","1,425","836,54K","-2,70%"
"01.11.2017","1,480","1,440","1,480","1,425","556,38K","3,86%"
"31.10.2017","1,425","1,420","1,430","1,395","146,30K","0,71%"
"30.10.2017","1,415","1,390","1,415","1,390","248,35K","4,04%"
"27.10.2017","1,360","1,410","1,420","1,340","375,91K","-2,86%"
"26.10.2017","1,400","1,405","1,430","1,390","286,53K","-0,36%"
"25.10.2017","1,405","1,435","1,435","1,405","120,17K","-2,09%"
"24.10.2017","1,435","1,440","1,440","1,390","261,67K","1,06%"
"23.10.2017","1,420","1,430","1,430","1,365","471,15K","0,71%"
"20.10.2017","1,410","1,380","1,450","1,380","738,52K","3,30%"
"19.10.2017","1,365","1,370","1,375","1,360","182,67K","0,74%"
"18.10.2017","1,355","1,355","1,365","1,330","265,82K","0,74%"
"17.10.2017","1,345","1,320","1,350","1,320","163,98K","1,89%"
"16.10.2017","1,320","1,360","1,360","1,310","155,10K","-2,22%"
"13.10.2017","1,350","1,350","1,390","1,330","372,87K","2,66%"
"12.10.2017","1,315","1,290","1,340","1,265","257,14K","4,78%"
"11.10.2017","1,255","1,280","1,280","1,235","195,17K","2,87%"
"10.10.2017","1,220","1,260","1,270","1,195","282,95K","-3,17%"
"09.10.2017","1,260","1,275","1,280","1,225","265,67K","2,02%"
"06.10.2017","1,235","1,310","1,310","1,235","371,63K","-2,37%"
"05.10.2017","1,265","1,200","1,270","1,190","594,54K","3,69%"
"04.10.2017","1,220","1,335","1,335","1,210","1,08M","-8,61%"
"03.10.2017","1,335","1,330","1,370","1,300","522,56K","1,14%"
"02.10.2017","1,320","1,230","1,325","1,230","553,09K","5,60%"
"29.09.2017","1,250","1,250","1,265","1,210","374,76K","-0,40%"
"28.09.2017","1,255","1,275","1,280","1,240","209,51K","-0,40%"
"27.09.2017","1,260","1,220","1,275","1,220","475,18K","3,28%"
"26.09.2017","1,220","1,190","1,230","1,160","872,42K","1,67%"
"25.09.2017","1,200","1,280","1,300","1,200","1,03M","-6,25%"
"22.09.2017","1,280","1,330","1,370","1,275","880,58K","-5,19%"
"21.09.2017","1,350","1,435","1,440","1,340","953,86K","-6,25%"
"20.09.2017","1,440","1,460","1,475","1,430","177,51K","-1,71%"
"19.09.2017","1,465","1,455","1,470","1,425","214,00K","1,38%"
"18.09.2017","1,445","1,450","1,465","1,440","111,81K","-1,03%"
"15.09.2017","1,460","1,435","1,470","1,425","174,38K","0,69%"
"14.09.2017","1,450","1,455","1,475","1,450","184,73K","-1,36%"
"13.09.2017","1,470","1,470","1,480","1,455","36,61K","0,00%"
"12.09.2017","1,470","1,450","1,480","1,450","183,49K","1,03%"
"11.09.2017","1,455","1,420","1,460","1,420","163,26K","1,04%"
"08.09.2017","1,440","1,445","1,445","1,415","103,66K","-0,69%"
"07.09.2017","1,450","1,425","1,450","1,405","263,96K","0,35%"
"06.09.2017","1,445","1,465","1,470","1,410","345,36K","-1,37%"
"05.09.2017","1,465","1,470","1,480","1,455","99,70K","-0,34%"
"04.09.2017","1,470","1,455","1,480","1,455","136,60K","-1,01%"
"01.09.2017","1,485","1,490","1,490","1,455","98,71K","0,68%"
"31.08.2017","1,475","1,485","1,490","1,420","315,66K","-0,67%"
"30.08.2017","1,485","1,495","1,500","1,465","112,20K","-0,34%"
"29.08.2017","1,490","1,500","1,510","1,450","168,33K","-1,32%"
"28.08.2017","1,510","1,500","1,510","1,485","74,94K","0,67%"
"25.08.2017","1,500","1,475","1,520","1,475","354,67K","1,35%"
"24.08.2017","1,480","1,490","1,490","1,475","88,71K","-0,34%"
"23.08.2017","1,485","1,475","1,495","1,465","214,80K","0,68%"
"22.08.2017","1,475","1,475","1,475","1,440","83,04K","1,37%"
"21.08.2017","1,455","1,460","1,465","1,440","56,52K","1,04%"
"18.08.2017","1,440","1,440","1,460","1,430","65,23K","-1,71%"
"17.08.2017","1,465","1,460","1,470","1,450","96,67K","0,00%"
"16.08.2017","1,465","1,455","1,470","1,440","124,50K","1,74%"
"15.08.2017","1,440","1,450","1,470","1,430","64,63K","-0,35%"
"14.08.2017","1,445","1,420","1,445","1,415","125,12K","2,48%"
"11.08.2017","1,410","1,425","1,425","1,380","214,48K","-0,70%"
"10.08.2017","1,420","1,430","1,450","1,400","135,98K","-0,70%"
"09.08.2017","1,430","1,465","1,470","1,410","230,81K","-1,38%"
"08.08.2017","1,450","1,430","1,470","1,430","252,08K","1,05%"
"07.08.2017","1,435","1,420","1,440","1,400","191,00K","2,50%"
"04.08.2017","1,400","1,400","1,430","1,390","112,40K","0,00%"
"03.08.2017","1,400","1,405","1,410","1,380","81,83K","-0,36%"
"02.08.2017","1,405","1,415","1,430","1,385","111,40K","-1,06%"
"01.08.2017","1,420","1,375","1,430","1,305","694,99K","4,03%"
"31.07.2017","1,365","1,420","1,440","1,365","452,29K","-3,87%"
"28.07.2017","1,420","1,420","1,450","1,415","272,60K","-0,35%"
"27.07.2017","1,425","1,455","1,470","1,425","354,87K","-2,06%"
"26.07.2017","1,455","1,490","1,560","1,420","2,24M","-0,68%"
"25.07.2017","1,465","1,495","1,510","1,465","349,37K","-1,68%"
"24.07.2017","1,490","1,500","1,540","1,480","810,43K","0,68%"
"21.07.2017","1,480","1,445","1,510","1,445","711,34K","2,42%"
"20.07.2017","1,445","1,485","1,500","1,445","595,99K","-2,03%"
"19.07.2017","1,475","1,435","1,520","1,430","1,48M","4,24%"
"18.07.2017","1,415","1,410","1,440","1,390","383,05K","0,71%"
"17.07.2017","1,405","1,400","1,415","1,385","206,00K","0,36%"
"14.07.2017","1,400","1,385","1,415","1,370","137,90K","1,08%"
"13.07.2017","1,385","1,400","1,415","1,370","199,33K","-1,42%"
"12.07.2017","1,405","1,340","1,410","1,340","262,48K","4,07%"
"11.07.2017","1,350","1,415","1,430","1,350","462,78K","-4,26%"
"10.07.2017","1,410","1,415","1,430","1,405","171,51K","1,81%"
"07.07.2017","1,385","1,425","1,430","1,360","235,23K","-1,77%"
"06.07.2017","1,410","1,420","1,420","1,380","226,93K","0,00%"
"05.07.2017","1,410","1,435","1,450","1,400","298,89K","-0,70%"
"04.07.2017","1,420","1,425","1,480","1,420","516,36K","-0,70%"
"03.07.2017","1,430","1,365","1,455","1,330","648,85K","4,76%"
"30.06.2017","1,365","1,340","1,385","1,325","289,53K","1,87%"
"29.06.2017","1,340","1,390","1,410","1,335","325,07K","-2,19%"
"28.06.2017","1,370","1,415","1,415","1,365","355,75K","-3,18%"
"27.06.2017","1,415","1,430","1,470","1,385","859,14K","-0,35%"
"26.06.2017","1,420","1,300","1,435","1,300","1,24M","10,08%"
"23.06.2017","1,290","1,300","1,330","1,290","143,11K","-1,15%"
"22.06.2017","1,305","1,310","1,335","1,270","332,47K","-0,76%"
"21.06.2017","1,315","1,345","1,345","1,295","274,28K","-0,75%"
"20.06.2017","1,325","1,265","1,345","1,255","740,50K","4,33%"
"19.06.2017","1,270","1,305","1,330","1,265","548,42K","-2,31%"
"16.06.2017","1,300","1,340","1,355","1,295","376,34K","-2,99%"
"15.06.2017","1,340","1,345","1,350","1,295","530,50K","-0,37%"
"14.06.2017","1,345","1,360","1,390","1,335","543,34K","-0,74%"
"13.06.2017","1,355","1,380","1,415","1,335","676,61K","-2,52%"
"12.06.2017","1,390","1,485","1,490","1,350","1,22M","-4,47%"
"09.06.2017","1,455","1,450","1,470","1,370","1,25M","2,46%"
"08.06.2017","1,420","1,350","1,420","1,265","2,13M","4,80%"
"07.06.2017","1,355","1,410","1,470","1,355","1,68M","-9,06%"
"06.06.2017","1,490","1,565","1,640","1,425","4,72M","-4,18%"
"05.06.2017","1,555","1,460","1,555","1,420","2,05M","11,07%"
"02.06.2017","1,400","1,355","1,460","1,355","1,26M","3,32%"
"01.06.2017","1,355","1,410","1,430","1,345","594,37K","-3,21%"
"31.05.2017","1,400","1,435","1,460","1,315","3,86M","0,00%"
"30.05.2017","1,400","1,250","1,430","1,245","3,64M","11,11%"
"29.05.2017","1,260","1,200","1,270","1,200","1,17M","5,44%"
"26.05.2017","1,195","1,220","1,235","1,185","996,41K","-2,45%"
"25.05.2017","1,225","1,125","1,225","1,110","1,18M","9,38%"
"24.05.2017","1,120","1,110","1,120","1,100","89,14K","1,82%"
"23.05.2017","1,100","1,095","1,110","1,095","80,04K","0,46%"
"22.05.2017","1,095","1,100","1,125","1,085","118,74K","-0,90%"
"19.05.2017","1,105","1,115","1,120","1,080","285,68K","1,38%"
"18.05.2017","1,090","1,085","1,105","1,065","380,65K","-2,24%"
"17.05.2017","1,115","1,130","1,190","1,085","1,53M","-1,76%"
"16.05.2017","1,135","1,100","1,135","1,080","453,68K","2,71%"
"15.05.2017","1,105","1,085","1,120","1,085","254,99K","2,31%"
"12.05.2017","1,080","1,070","1,140","1,060","1,17M","1,89%"
"11.05.2017","1,060","1,045","1,060","1,030","216,70K","1,92%"
"10.05.2017","1,040","1,040","1,045","1,030","84,00K","0,48%"
"09.05.2017","1,035","1,045","1,045","1,025","82,52K","0,00%"
"08.05.2017","1,035","1,040","1,040","1,020","84,06K","1,47%"
"05.05.2017","1,020","1,035","1,050","1,015","133,67K","-1,92%"
"04.05.2017","1,040","1,025","1,040","1,015","83,74K","1,96%"
"03.05.2017","1,020","1,020","1,025","1,015","25,61K","0,99%"
"02.05.2017","1,010","1,035","1,035","1,010","99,51K","-0,49%"
"28.04.2017","1,015","1,030","1,035","1,010","174,71K","-0,98%"
"27.04.2017","1,025","1,020","1,030","1,015","197,62K","1,49%"
"26.04.2017","1,010","1,005","1,020","1,000","228,16K","0,50%"
"25.04.2017","1,005","0,995","1,020","0,995","96,19K","1,01%"
"24.04.2017","0,995","0,965","1,010","0,965","290,52K","2,58%"
"21.04.2017","0,970","0,965","0,980","0,935","287,80K","0,00%"
"20.04.2017","0,970","0,995","0,995","0,970","82,41K","-1,02%"
"19.04.2017","0,980","1,000","1,000","0,975","196,12K","-1,51%"
"18.04.2017","0,995","0,985","1,000","0,970","229,84K","2,05%"
"13.04.2017","0,975","0,960","0,975","0,955","118,75K","1,56%"
"12.04.2017","0,960","0,980","1,000","0,950","301,81K","-2,04%"
"11.04.2017","0,980","0,980","0,980","0,950","514,52K","0,51%"
"10.04.2017","0,975","0,970","0,985","0,960","268,87K","-1,52%"
"07.04.2017","0,990","0,975","1,000","0,975","357,80K","0,51%"
"06.04.2017","0,985","1,040","1,040","0,980","491,55K","-3,90%"
"05.04.2017","1,025","0,980","1,025","0,980","292,09K","4,59%"
"04.04.2017","0,980","1,085","1,085","0,965","1,83M","-9,68%"
"03.04.2017","1,085","1,100","1,100","1,080","150,50K","0,46%"
"31.03.2017","1,080","1,115","1,120","1,080","572,46K","-3,14%"
"30.03.2017","1,115","1,130","1,155","1,115","311,67K","-1,33%"
"29.03.2017","1,130","1,130","1,140","1,115","164,48K","0,00%"
"28.03.2017","1,130","1,135","1,135","1,105","121,51K","1,80%"
"27.03.2017","1,110","1,120","1,130","1,105","329,82K","-1,77%"
"24.03.2017","1,130","1,165","1,175","1,130","838,27K","-2,59%"
"23.03.2017","1,160","1,135","1,170","1,125","1,44M","2,65%"
"22.03.2017","1,130","1,085","1,135","1,080","999,75K","4,15%"
"21.03.2017","1,085","1,115","1,115","1,085","326,64K","-0,91%"
"20.03.2017","1,095","1,095","1,115","1,075","737,31K","0,46%"
"17.03.2017","1,090","1,090","1,095","1,075","232,10K","0,00%"
"16.03.2017","1,090","1,100","1,100","1,080","261,72K","0,46%"
"15.03.2017","1,085","1,085","1,100","1,085","157,15K","-1,36%"
"14.03.2017","1,100","1,110","1,115","1,075","300,64K","0,00%"
"13.03.2017","1,100","1,115","1,120","1,080","263,38K","-0,45%"
"10.03.2017","1,105","1,125","1,145","1,105","526,38K","-1,78%"
"09.03.2017","1,125","1,140","1,145","1,120","268,85K","-0,88%"
"08.03.2017","1,135","1,100","1,140","1,080","733,23K","3,65%"
"07.03.2017","1,095","1,090","1,100","1,070","229,51K","1,39%"
"06.03.2017","1,080","1,095","1,105","1,080","318,50K","0,47%"
"03.03.2017","1,075","1,090","1,100","1,070","235,99K","0,47%"
"02.03.2017","1,070","1,110","1,125","1,070","346,89K","-3,60%"
"01.03.2017","1,110","1,070","1,110","1,070","408,04K","4,72%"
"28.02.2017","1,060","1,075","1,080","1,050","162,61K","-1,40%"
"27.02.2017","1,075","1,100","1,100","1,060","398,14K","-2,71%"
"24.02.2017","1,105","1,080","1,115","1,010","1,22M","2,79%"
"23.02.2017","1,075","1,130","1,130","1,065","854,54K","-4,44%"
"22.02.2017","1,125","1,130","1,140","1,110","422,92K","0,00%"
"21.02.2017","1,125","1,135","1,155","1,125","545,76K","-1,32%"
"20.02.2017","1,140","1,165","1,175","1,130","397,62K","-1,30%"
"17.02.2017","1,155","1,170","1,180","1,140","805,89K","-1,28%"
"16.02.2017","1,170","1,130","1,200","1,125","4,49M","4,93%"
"15.02.2017","1,115","1,110","1,115","1,100","701,11K","0,45%"
"14.02.2017","1,110","1,090","1,115","1,080","750,10K","3,26%"
"13.02.2017","1,075","1,055","1,095","1,050","655,18K","2,38%"
"10.02.2017","1,050","1,050","1,065","1,030","283,30K","0,48%"
"09.02.2017","1,045","1,010","1,055","1,005","367,52K","2,45%"
"08.02.2017","1,020","1,060","1,065","1,015","258,86K","-2,86%"
"07.02.2017","1,050","1,045","1,065","1,040","258,65K","-0,47%"
"06.02.2017","1,055","1,070","1,090","1,040","581,68K","0,00%"
"03.02.2017","1,055","1,040","1,090","1,040","640,53K","0,00%"
"02.02.2017","1,055","1,000","1,065","0,980","667,12K","5,50%"
"01.02.2017","1,000","1,025","1,050","0,960","998,77K","-1,48%"
"31.01.2017","1,015","1,060","1,100","1,000","1,01M","-4,25%"
"30.01.2017","1,060","1,070","1,115","1,060","1,03M","-0,93%"
"27.01.2017","1,070","1,095","1,130","1,035","1,82M","-1,83%"
"26.01.2017","1,090","1,025","1,140","1,005","3,82M","10,10%"
"25.01.2017","0,990","0,960","0,990","0,945","1,34M","3,66%"
"24.01.2017","0,955","0,995","1,025","0,950","3,41M","-2,55%"
"23.01.2017","0,980","0,840","0,980","0,840","3,59M","16,67%"
"20.01.2017","0,840","0,800","0,855","0,800","1,23M","5,00%"
"19.01.2017","0,800","0,810","0,820","0,795","192,79K","-1,84%"
"18.01.2017","0,815","0,810","0,830","0,800","167,37K","-0,61%"
"17.01.2017","0,820","0,820","0,830","0,810","53,53K","0,00%"
"16.01.2017","0,820","0,810","0,825","0,800","94,44K","0,61%"
"13.01.2017","0,815","0,805","0,815","0,795","106,94K","1,24%"
"12.01.2017","0,805","0,820","0,820","0,795","310,87K","-2,42%"
"11.01.2017","0,825","0,835","0,840","0,820","165,16K","-1,79%"
"10.01.2017","0,840","0,845","0,850","0,830","209,39K","-1,18%"
"09.01.2017","0,850","0,835","0,855","0,810","532,26K","2,41%"
"06.01.2017","0,830","0,820","0,830","0,815","140,07K","0,00%"
"05.01.2017","0,830","0,815","0,840","0,805","798,07K","1,22%"
"04.01.2017","0,820","0,805","0,820","0,790","277,22K","0,61%"
"03.01.2017","0,815","0,800","0,815","0,785","322,85K","3,16%"
"02.01.2017","0,790","0,775","0,815","0,775","310,09K","3,27%"
"30.12.2016","0,765","0,785","0,785","0,760","360,42K","-2,55%"
"29.12.2016","0,785","0,765","0,800","0,765","482,44K","1,29%"
"28.12.2016","0,775","0,785","0,785","0,765","162,34K","-0,64%"
"27.12.2016","0,780","0,760","0,785","0,760","190,51K","1,30%"
"23.12.2016","0,770","0,770","0,775","0,755","243,37K","0,65%"
"22.12.2016","0,765","0,790","0,790","0,765","80,35K","-1,29%"
"21.12.2016","0,775","0,795","0,815","0,775","721,14K","0,65%"
"20.12.2016","0,770","0,765","0,785","0,760","287,52K","0,65%"
"19.12.2016","0,765","0,785","0,785","0,760","132,42K","-1,92%"
"16.12.2016","0,780","0,770","0,785","0,765","143,59K","0,65%"
"15.12.2016","0,775","0,785","0,790","0,775","229,74K","-0,64%"
"14.12.2016","0,780","0,780","0,795","0,770","226,10K","0,65%"
"13.12.2016","0,775","0,795","0,810","0,765","458,42K","-1,27%"
"12.12.2016","0,785","0,795","0,805","0,775","198,65K","-0,63%"
"09.12.2016","0,790","0,775","0,790","0,775","316,01K","2,60%"
"08.12.2016","0,770","0,760","0,775","0,760","383,64K","2,67%"
"07.12.2016","0,750","0,720","0,750","0,720","294,07K","4,17%"
"06.12.2016","0,720","0,720","0,735","0,705","101,48K","1,41%"
"05.12.2016","0,710","0,710","0,725","0,690","59,97K","0,71%"
"02.12.2016","0,705","0,710","0,720","0,690","121,29K","-0,70%"
"01.12.2016","0,710","0,740","0,740","0,710","123,44K","0,00%"
"30.11.2016","0,710","0,700","0,720","0,700","27,57K","2,90%"
"29.11.2016","0,690","0,700","0,710","0,680","103,71K","-1,43%"
"28.11.2016","0,700","0,720","0,720","0,695","80,65K","-3,45%"
"25.11.2016","0,725","0,740","0,740","0,720","88,18K","-2,03%"
"24.11.2016","0,740","0,730","0,760","0,725","208,35K","0,68%"
"23.11.2016","0,735","0,710","0,750","0,710","253,92K","2,80%"
"22.11.2016","0,715","0,695","0,720","0,685","108,34K","2,14%"
"21.11.2016","0,700","0,700","0,700","0,680","64,75K","0,72%"
"18.11.2016","0,695","0,685","0,695","0,675","74,77K","2,21%"
"17.11.2016","0,680","0,695","0,695","0,675","111,66K","-0,73%"
"16.11.2016","0,685","0,695","0,695","0,685","40,10K","-0,72%"
"15.11.2016","0,690","0,700","0,710","0,680","120,91K","-1,43%"
"14.11.2016","0,700","0,710","0,720","0,685","197,37K","2,19%"
"11.11.2016","0,685","0,725","0,725","0,675","507,91K","-4,20%"
"10.11.2016","0,715","0,720","0,750","0,715","268,49K","0,00%"
"09.11.2016","0,715","0,650","0,720","0,650","723,88K","-0,69%"
"08.11.2016","0,720","0,750","0,765","0,690","362,01K","-3,36%"
"07.11.2016","0,745","0,835","0,835","0,745","817,30K","-8,59%"
"04.11.2016","0,815","0,850","0,850","0,815","237,51K","-4,12%"
"03.11.2016","0,850","0,835","0,860","0,815","299,98K","1,80%"
"02.11.2016","0,835","0,840","0,850","0,825","140,82K","-0,60%"
"01.11.2016","0,840","0,830","0,875","0,815","323,64K","1,82%"
"31.10.2016","0,825","0,825","0,840","0,820","130,11K","1,23%"
"28.10.2016","0,815","0,850","0,860","0,805","319,83K","-2,98%"
"27.10.2016","0,840","0,860","0,865","0,835","553,98K","-2,33%"
"26.10.2016","0,860","0,805","0,870","0,795","1,22M","6,17%"
"25.10.2016","0,810","0,800","0,815","0,790","133,04K","0,62%"
"24.10.2016","0,805","0,795","0,820","0,795","97,67K","0,00%"
"21.10.2016","0,805","0,805","0,810","0,795","72,11K","-1,23%"
"20.10.2016","0,815","0,815","0,820","0,805","108,24K","0,00%"
"19.10.2016","0,815","0,795","0,825","0,795","97,17K","1,24%"
"18.10.2016","0,805","0,810","0,815","0,795","34,36K","0,00%"
"17.10.2016","0,805","0,800","0,820","0,790","91,30K","0,62%"
"14.10.2016","0,800","0,785","0,820","0,785","133,95K","1,27%"
"13.10.2016","0,790","0,815","0,815","0,775","206,47K","-2,47%"
"12.10.2016","0,810","0,820","0,830","0,800","169,69K","-2,41%"
"11.10.2016","0,830","0,840","0,840","0,820","85,21K","-0,60%"
"10.10.2016","0,835","0,825","0,835","0,805","107,18K","3,09%"
"07.10.2016","0,810","0,835","0,840","0,800","274,33K","-2,99%"
"06.10.2016","0,835","0,840","0,855","0,825","1,00M","1,21%"
"05.10.2016","0,825","0,760","0,825","0,760","876,04K","8,55%"
"04.10.2016","0,760","0,775","0,775","0,755","135,11K","0,00%"
"03.10.2016","0,760","0,770","0,775","0,755","157,09K","0,66%"
"30.09.2016","0,755","0,740","0,760","0,735","120,94K","0,67%"
"29.09.2016","0,750","0,760","0,765","0,740","144,06K","-0,66%"
"28.09.2016","0,755","0,740","0,760","0,730","119,73K","2,03%"
"27.09.2016","0,740","0,760","0,760","0,740","82,97K","-2,63%"
"26.09.2016","0,760","0,765","0,765","0,750","37,95K","-0,65%"
"23.09.2016","0,765","0,775","0,775","0,760","60,33K","0,00%"
"22.09.2016","0,765","0,780","0,780","0,765","140,14K","1,32%"
"21.09.2016","0,755","0,755","0,760","0,745","107,52K","1,34%"
"20.09.2016","0,745","0,775","0,775","0,735","127,24K","-2,61%"
"19.09.2016","0,765","0,760","0,785","0,750","198,32K","1,32%"
"16.09.2016","0,755","0,740","0,755","0,740","145,91K","2,03%"
"15.09.2016","0,740","0,750","0,755","0,730","475,19K","-3,27%"
"14.09.2016","0,765","0,765","0,775","0,750","134,72K","-0,65%"
"13.09.2016","0,770","0,785","0,785","0,760","190,72K","0,00%"
"12.09.2016","0,770","0,780","0,790","0,760","273,63K","0,00%"
"09.09.2016","0,770","0,780","0,785","0,770","193,43K","-1,28%"
"08.09.2016","0,780","0,780","0,800","0,770","330,76K","0,00%"
"07.09.2016","0,780","0,795","0,815","0,780","483,35K","-1,27%"
"06.09.2016","0,790","0,775","0,825","0,765","853,67K","2,60%"
"05.09.2016","0,770","0,760","0,780","0,750","159,32K","1,32%"
"02.09.2016","0,760","0,750","0,760","0,740","138,66K","1,33%"
"01.09.2016","0,750","0,755","0,785","0,745","156,65K","-2,60%"
"31.08.2016","0,770","0,770","0,790","0,760","121,95K","-1,28%"
"30.08.2016","0,780","0,790","0,790","0,765","172,41K","0,65%"
"29.08.2016","0,775","0,770","0,800","0,760","255,58K","1,97%"
"26.08.2016","0,760","0,740","0,760","0,735","73,39K","2,70%"
"25.08.2016","0,740","0,760","0,760","0,730","202,25K","-3,90%"
"24.08.2016","0,770","0,775","0,780","0,755","110,84K","0,00%"
"23.08.2016","0,770","0,770","0,780","0,760","115,28K","1,99%"
"22.08.2016","0,755","0,760","0,760","0,745","183,05K","-1,31%"
"19.08.2016","0,765","0,780","0,790","0,750","614,11K","-1,29%"
"18.08.2016","0,775","0,760","0,785","0,740","1,07M","1,97%"
"17.08.2016","0,760","0,680","0,760","0,680","1,19M","11,76%"
"16.08.2016","0,680","0,685","0,690","0,675","28,25K","-0,73%"
"15.08.2016","0,685","0,675","0,690","0,670","54,82K","3,01%"
"12.08.2016","0,665","0,665","0,670","0,655","35,77K","0,76%"
"11.08.2016","0,660","0,675","0,675","0,650","63,76K","0,00%"
"10.08.2016","0,660","0,650","0,690","0,650","358,45K","2,33%"
"09.08.2016","0,645","0,640","0,650","0,620","191,29K","0,78%"
"08.08.2016","0,640","0,645","0,650","0,635","82,40K","0,79%"
"05.08.2016","0,635","0,630","0,655","0,625","158,86K","0,79%"
"04.08.2016","0,630","0,620","0,645","0,620","116,07K","0,80%"
"03.08.2016","0,625","0,620","0,635","0,615","60,59K","-2,34%"
"02.08.2016","0,640","0,650","0,650","0,630","116,17K","-1,54%"
"01.08.2016","0,650","0,660","0,665","0,645","75,67K","-1,52%"
"29.07.2016","0,660","0,670","0,670","0,640","95,46K","-1,49%"
"28.07.2016","0,670","0,690","0,695","0,655","233,82K","-2,19%"
"27.07.2016","0,685","0,705","0,705","0,675","232,02K","-0,72%"
"26.07.2016","0,690","0,700","0,700","0,660","229,69K","0,73%"
"25.07.2016","0,685","0,710","0,710","0,660","522,85K","-2,84%"
"22.07.2016","0,705","0,700","0,710","0,685","391,60K","-1,40%"
"21.07.2016","0,715","0,645","0,715","0,645","1,13M","11,72%"
"20.07.2016","0,640","0,655","0,655","0,625","241,75K","-2,29%"
"19.07.2016","0,655","0,655","0,670","0,645","299,39K","0,77%"
"18.07.2016","0,650","0,590","0,650","0,580","697,67K","11,11%"
"15.07.2016","0,585","0,575","0,585","0,565","272,16K","1,74%"
"14.07.2016","0,575","0,565","0,585","0,565","245,15K","0,88%"
"13.07.2016","0,570","0,580","0,585","0,560","140,95K","-1,72%"
"12.07.2016","0,580","0,570","0,595","0,560","282,71K","1,75%"
"11.07.2016","0,570","0,570","0,570","0,560","82,04K","-0,87%"
"08.07.2016","0,575","0,555","0,580","0,545","137,96K","4,55%"
"07.07.2016","0,550","0,555","0,560","0,540","117,92K","-0,90%"
"06.07.2016","0,555","0,565","0,565","0,545","63,65K","0,91%"
"05.07.2016","0,550","0,560","0,570","0,550","47,56K","-0,90%"
"04.07.2016","0,555","0,580","0,580","0,555","26,05K","-2,63%"
"01.07.2016","0,570","0,555","0,585","0,550","108,42K","1,79%"
"30.06.2016","0,560","0,565","0,575","0,560","79,97K","-1,75%"
"29.06.2016","0,570","0,545","0,595","0,545","102,48K","2,70%"
"28.06.2016","0,555","0,550","0,560","0,540","31,13K","2,78%"
"27.06.2016","0,540","0,545","0,570","0,535","120,02K","0,93%"
"24.06.2016","0,535","0,565","0,565","0,500","346,50K","-12,30%"
"23.06.2016","0,610","0,610","0,610","0,590","70,26K","0,83%"
"22.06.2016","0,605","0,595","0,605","0,590","89,89K","1,68%"
"21.06.2016","0,595","0,595","0,600","0,575","81,41K","0,00%"
"20.06.2016","0,595","0,585","0,605","0,580","101,65K","2,59%"
"17.06.2016","0,580","0,570","0,590","0,570","80,08K","0,00%"
"16.06.2016","0,580","0,575","0,590","0,560","54,74K","-1,69%"
"15.06.2016","0,590","0,570","0,600","0,570","165,10K","7,27%"
"14.06.2016","0,550","0,565","0,580","0,550","55,82K","-4,35%"
"13.06.2016","0,575","0,595","0,595","0,565","98,11K","-2,54%"
"10.06.2016","0,590","0,595","0,600","0,585","48,73K","-0,84%"
"09.06.2016","0,595","0,610","0,620","0,590","156,38K","-3,25%"
"08.06.2016","0,615","0,625","0,630","0,615","35,12K","-2,38%"
"07.06.2016","0,630","0,615","0,630","0,615","78,73K","0,80%"
"06.06.2016","0,625","0,625","0,635","0,615","43,54K","-1,57%"
"03.06.2016","0,635","0,625","0,640","0,620","121,83K","0,79%"
"02.06.2016","0,630","0,625","0,630","0,615","69,53K","0,00%"
"01.06.2016","0,630","0,645","0,645","0,625","23,65K","-1,56%"
"31.05.2016","0,640","0,630","0,645","0,625","40,05K","0,79%"
"30.05.2016","0,635","0,635","0,645","0,625","52,84K","-0,78%"
"27.05.2016","0,640","0,630","0,640","0,630","62,73K","0,00%"
"26.05.2016","0,640","0,635","0,640","0,625","76,51K","-0,78%"
"25.05.2016","0,645","0,630","0,645","0,630","177,86K","2,38%"
"24.05.2016","0,630","0,610","0,640","0,610","104,85K","0,00%"
"23.05.2016","0,630","0,630","0,635","0,610","53,54K","1,61%"
"20.05.2016","0,620","0,630","0,645","0,615","298,70K","3,33%"
"19.05.2016","0,600","0,605","0,635","0,590","317,12K","-2,44%"
"18.05.2016","0,615","0,620","0,620","0,595","192,29K","-0,81%"
"17.05.2016","0,620","0,635","0,645","0,620","90,04K","-0,80%"
"16.05.2016","0,625","0,655","0,655","0,625","125,81K","-3,10%"
"13.05.2016","0,645","0,640","0,645","0,630","52,31K","-0,77%"
"12.05.2016","0,650","0,635","0,660","0,630","72,86K","2,36%"
"11.05.2016","0,635","0,635","0,650","0,635","81,00K","-0,78%"
"10.05.2016","0,640","0,640","0,650","0,630","156,48K","0,00%"
"09.05.2016","0,640","0,670","0,695","0,635","536,36K","-3,76%"
"06.05.2016","0,665","0,660","0,720","0,655","1,30M","1,53%"
"05.05.2016","0,655","0,650","0,655","0,635","90,66K","1,55%"
"04.05.2016","0,645","0,610","0,665","0,610","443,75K","4,88%"
"03.05.2016","0,615","0,650","0,650","0,610","327,90K","-6,11%"
"02.05.2016","0,655","0,670","0,690","0,650","422,56K","-3,68%"
"29.04.2016","0,680","0,670","0,700","0,670","261,22K","0,00%"
"28.04.2016","0,680","0,670","0,690","0,665","62,94K","1,49%"
"27.04.2016","0,670","0,670","0,690","0,670","102,17K","-0,74%"
"26.04.2016","0,675","0,680","0,680","0,670","95,77K","-0,74%"
"25.04.2016","0,680","0,670","0,680","0,660","125,88K","1,49%"
"22.04.2016","0,670","0,655","0,670","0,655","112,47K","1,52%"
"21.04.2016","0,660","0,665","0,665","0,650","74,92K","-0,75%"
"20.04.2016","0,665","0,650","0,665","0,650","58,03K","0,00%"
"19.04.2016","0,665","0,655","0,670","0,655","87,64K","2,31%"
"18.04.2016","0,650","0,660","0,660","0,640","157,60K","-1,52%"
"15.04.2016","0,660","0,665","0,665","0,645","76,03K","-0,75%"
"14.04.2016","0,665","0,685","0,685","0,655","176,90K","-1,48%"
"13.04.2016","0,675","0,655","0,680","0,655","290,31K","3,05%"
"12.04.2016","0,655","0,650","0,660","0,640","93,86K","2,34%"
"11.04.2016","0,640","0,635","0,660","0,630","116,71K","0,79%"
"08.04.2016","0,635","0,635","0,650","0,630","121,40K","-0,78%"
"07.04.2016","0,640","0,645","0,645","0,630","123,40K","-1,54%"
"06.04.2016","0,650","0,660","0,660","0,640","131,52K","-0,76%"
"05.04.2016","0,655","0,690","0,690","0,645","402,89K","-5,07%"
"04.04.2016","0,690","0,700","0,720","0,675","806,65K","0,73%"
"01.04.2016","0,685","0,650","0,700","0,650","1,40M","6,20%"
"31.03.2016","0,645","0,635","0,645","0,630","303,60K","2,38%"
"30.03.2016","0,630","0,620","0,640","0,615","428,09K","1,61%"
"29.03.2016","0,620","0,600","0,620","0,600","63,76K","2,48%"
"24.03.2016","0,605","0,615","0,615","0,600","129,86K","-0,82%"
"23.03.2016","0,610","0,620","0,625","0,610","102,71K","-1,61%"
"22.03.2016","0,620","0,630","0,630","0,605","171,64K","0,00%"
"21.03.2016","0,620","0,610","0,655","0,610","585,93K","3,33%"
"18.03.2016","0,600","0,600","0,610","0,590","101,75K","0,00%"
"17.03.2016","0,600","0,600","0,610","0,575","157,67K","0,00%"
"16.03.2016","0,600","0,615","0,615","0,590","190,50K","-1,64%"
"15.03.2016","0,610","0,635","0,635","0,605","197,41K","-3,94%"
"14.03.2016","0,635","0,615","0,640","0,615","165,05K","2,42%"
"11.03.2016","0,620","0,610","0,625","0,610","121,19K","2,48%"
"10.03.2016","0,605","0,630","0,635","0,605","643,32K","-3,20%"
"09.03.2016","0,625","0,615","0,665","0,605","1,04M","3,31%"
"08.03.2016","0,605","0,625","0,630","0,600","211,14K","-2,42%"
"07.03.2016","0,620","0,605","0,620","0,590","291,52K","5,08%"
"04.03.2016","0,590","0,590","0,615","0,585","400,82K","0,85%"
"03.03.2016","0,585","0,590","0,595","0,575","455,09K","-2,50%"
"02.03.2016","0,600","0,620","0,640","0,590","553,07K","-3,23%"
"01.03.2016","0,620","0,575","0,625","0,565","609,35K","8,77%"
"29.02.2016","0,570","0,545","0,585","0,545","354,09K","2,70%"
"26.02.2016","0,555","0,550","0,560","0,550","40,16K","0,91%"
"25.02.2016","0,550","0,550","0,555","0,545","61,13K","0,92%"
"24.02.2016","0,545","0,555","0,560","0,545","62,14K","-1,80%"
"23.02.2016","0,555","0,555","0,585","0,545","175,99K","0,00%"
"22.02.2016","0,555","0,570","0,575","0,540","193,94K","0,00%"
"19.02.2016","0,555","0,560","0,565","0,550","110,02K","-0,89%"
"18.02.2016","0,560","0,575","0,620","0,545","815,85K","-0,88%"
"17.02.2016","0,565","0,540","0,575","0,540","323,58K","4,63%"
"16.02.2016","0,540","0,580","0,580","0,540","37,40K","-5,26%"
"15.02.2016","0,570","0,560","0,570","0,560","66,11K","2,70%"
"12.02.2016","0,555","0,540","0,575","0,540","105,35K","2,78%"
"11.02.2016","0,540","0,550","0,560","0,525","84,32K","-5,26%"
"10.02.2016","0,570","0,550","0,590","0,540","144,68K","4,59%"
"09.02.2016","0,545","0,530","0,550","0,520","183,00K","1,87%"
"08.02.2016","0,535","0,570","0,570","0,530","151,21K","-5,31%"
"05.02.2016","0,565","0,550","0,585","0,550","233,00K","2,73%"
"04.02.2016","0,550","0,540","0,565","0,530","140,50K","1,85%"
"03.02.2016","0,540","0,545","0,560","0,515","232,39K","-2,70%"
"02.02.2016","0,555","0,560","0,570","0,555","124,18K","-0,89%"
"01.02.2016","0,560","0,570","0,585","0,560","147,55K","-0,88%"
"29.01.2016","0,565","0,555","0,625","0,555","842,17K","2,73%"
"28.01.2016","0,550","0,540","0,560","0,540","63,11K","0,00%"
"27.01.2016","0,550","0,550","0,565","0,535","94,14K","0,00%"
"26.01.2016","0,550","0,560","0,560","0,530","127,46K","-2,65%"
"25.01.2016","0,565","0,600","0,600","0,560","123,40K","-3,42%"
"22.01.2016","0,585","0,580","0,605","0,580","129,54K","2,63%"
"21.01.2016","0,570","0,555","0,585","0,540","417,71K","-2,56%"
"20.01.2016","0,585","0,590","0,590","0,550","237,75K","-0,85%"
"19.01.2016","0,590","0,595","0,625","0,580","334,37K","0,00%"
"18.01.2016","0,590","0,655","0,655","0,590","325,81K","-9,23%"
"15.01.2016","0,650","0,690","0,690","0,640","262,29K","-4,41%"
"14.01.2016","0,680","0,690","0,705","0,670","118,57K","-2,16%"
"13.01.2016","0,695","0,710","0,720","0,695","137,02K","-0,71%"
"12.01.2016","0,700","0,690","0,710","0,690","67,66K","0,72%"
"11.01.2016","0,695","0,690","0,710","0,690","52,24K","-0,71%"
"08.01.2016","0,700","0,705","0,720","0,695","121,85K","0,00%"
"07.01.2016","0,700","0,715","0,715","0,695","97,05K","-2,78%"
"06.01.2016","0,720","0,740","0,740","0,715","90,27K","-3,36%"
"05.01.2016","0,745","0,705","0,750","0,700","333,70K","6,43%"
"04.01.2016","0,700","0,700","0,705","0,695","86,44K","-0,71%"
"31.12.2015","0,705","0,700","0,715","0,690","284,88K","-0,70%"
"30.12.2015","0,710","0,740","0,740","0,700","421,78K","-4,05%"
"29.12.2015","0,740","0,705","0,770","0,705","806,61K","4,96%"
"28.12.2015","0,705","0,715","0,720","0,695","252,35K","-1,40%"
"24.12.2015","0,715","0,720","0,725","0,710","55,80K","-1,38%"
"23.12.2015","0,725","0,695","0,735","0,695","135,75K","4,32%"
"22.12.2015","0,695","0,700","0,705","0,695","62,23K","-0,71%"
"21.12.2015","0,700","0,695","0,715","0,690","202,70K","-2,10%"
"18.12.2015","0,715","0,695","0,720","0,695","62,26K","-0,69%"
"17.12.2015","0,720","0,720","0,725","0,710","117,01K","2,86%"
"16.12.2015","0,700","0,725","0,725","0,695","111,83K","-2,10%"
"15.12.2015","0,715","0,720","0,735","0,685","191,58K","2,14%"
"14.12.2015","0,700","0,730","0,740","0,700","113,62K","-2,78%"
"11.12.2015","0,720","0,745","0,745","0,700","172,35K","-2,04%"
"10.12.2015","0,735","0,740","0,750","0,730","97,49K","-4,55%"
"09.12.2015","0,770","0,710","0,780","0,700","199,29K","6,94%"
"08.12.2015","0,720","0,740","0,740","0,705","202,41K","-2,70%"
"07.12.2015","0,740","0,765","0,770","0,740","205,35K","-1,33%"
"04.12.2015","0,750","0,750","0,790","0,745","352,76K","-3,23%"
"03.12.2015","0,775","0,800","0,800","0,765","261,78K","-3,73%"
"02.12.2015","0,805","0,820","0,850","0,795","326,99K","-1,83%"
"01.12.2015","0,820","0,775","0,830","0,770","460,29K","7,19%"
"30.11.2015","0,765","0,760","0,795","0,760","220,31K","0,66%"
"27.11.2015","0,760","0,775","0,780","0,755","215,10K","-3,18%"
"26.11.2015","0,785","0,795","0,800","0,770","66,05K","0,64%"
"25.11.2015","0,780","0,795","0,800","0,765","159,23K","-3,11%"
"24.11.2015","0,805","0,820","0,830","0,790","245,66K","-1,83%"
"23.11.2015","0,820","0,815","0,840","0,815","101,44K","0,00%"
"20.11.2015","0,820","0,855","0,905","0,780","599,07K","-4,65%"
"19.11.2015","0,860","0,870","0,890","0,845","83,19K","-1,15%"
"18.11.2015","0,870","0,900","0,900","0,850","128,10K","-2,79%"
"17.11.2015","0,895","0,845","0,895","0,820","268,62K","7,19%"
"16.11.2015","0,835","0,830","0,835","0,810","56,59K","0,00%"
"13.11.2015","0,835","0,830","0,855","0,825","74,38K","2,45%"
"12.11.2015","0,815","0,850","0,860","0,805","136,04K","-4,12%"
"11.11.2015","0,850","0,870","0,880","0,830","745,55K","-3,95%"
"10.11.2015","0,885","0,920","0,920","0,880","168,16K","-2,21%"
"09.11.2015","0,905","0,925","0,925","0,890","184,19K","2,84%"
"06.11.2015","0,880","0,880","0,915","0,880","94,12K","-0,56%"
"05.11.2015","0,885","0,920","0,920","0,880","194,12K","-2,75%"
"04.11.2015","0,910","0,880","0,920","0,850","649,94K","5,20%"
"03.11.2015","0,865","0,790","0,865","0,780","547,71K","9,49%"
"02.11.2015","0,790","0,795","0,795","0,775","21,26K","1,94%"
"30.10.2015","0,775","0,780","0,795","0,775","27,33K","-3,13%"
"29.10.2015","0,800","0,790","0,800","0,770","101,09K","3,23%"
"28.10.2015","0,775","0,800","0,800","0,765","66,91K","-3,13%"
"27.10.2015","0,800","0,790","0,805","0,780","68,25K","1,27%"
"26.10.2015","0,790","0,800","0,810","0,780","121,12K","-1,25%"
"23.10.2015","0,800","0,830","0,830","0,800","133,91K","-3,61%"
"22.10.2015","0,830","0,800","0,830","0,800","92,64K","1,84%"
"21.10.2015","0,815","0,820","0,835","0,790","322,60K","-0,61%"
"20.10.2015","0,820","0,785","0,820","0,780","163,00K","4,46%"
"19.10.2015","0,785","0,795","0,805","0,770","102,88K","-0,63%"
"16.10.2015","0,790","0,800","0,800","0,775","95,12K","-1,25%"
"15.10.2015","0,800","0,765","0,800","0,765","75,76K","3,23%"
"14.10.2015","0,775","0,775","0,780","0,755","85,30K","-1,90%"
"13.10.2015","0,790","0,815","0,815","0,775","121,47K","-0,63%"
"12.10.2015","0,795","0,790","0,820","0,790","73,93K","-1,24%"
"09.10.2015","0,805","0,800","0,830","0,800","144,03K","0,62%"
"08.10.2015","0,800","0,785","0,825","0,785","183,55K","0,00%"
"07.10.2015","0,800","0,845","0,845","0,785","296,73K","-3,03%"
"06.10.2015","0,825","0,760","0,830","0,740","314,30K","10,00%"
"05.10.2015","0,750","0,740","0,760","0,695","88,96K","3,45%"
"02.10.2015","0,725","0,735","0,750","0,715","99,52K","-1,36%"
"01.10.2015","0,735","0,695","0,750","0,695","77,93K","0,68%"
"30.09.2015","0,730","0,710","0,735","0,690","188,98K","5,04%"
"29.09.2015","0,695","0,675","0,695","0,675","24,08K","2,21%"
"28.09.2015","0,680","0,670","0,695","0,670","53,14K","-1,45%"
"25.09.2015","0,690","0,690","0,690","0,665","76,75K","2,99%"
"24.09.2015","0,670","0,690","0,705","0,670","127,20K","-2,90%"
"23.09.2015","0,690","0,700","0,725","0,685","107,97K","-2,82%"
"22.09.2015","0,710","0,730","0,740","0,700","146,54K","-2,74%"
"21.09.2015","0,730","0,720","0,750","0,720","45,46K","0,00%"
"18.09.2015","0,730","0,760","0,760","0,730","97,01K","-1,35%"
"17.09.2015","0,740","0,740","0,750","0,740","133,65K","0,00%"
"16.09.2015","0,740","0,730","0,750","0,730","69,67K","-0,67%"
"15.09.2015","0,745","0,735","0,750","0,730","40,21K","2,05%"
"14.09.2015","0,730","0,760","0,760","0,725","99,10K","-2,01%"
"11.09.2015","0,745","0,745","0,760","0,730","146,66K","0,68%"
"10.09.2015","0,740","0,760","0,760","0,735","212,18K","-3,90%"
"09.09.2015","0,770","0,800","0,805","0,765","190,67K","-1,91%"
"08.09.2015","0,785","0,780","0,810","0,775","59,15K","2,61%"
"07.09.2015","0,765","0,785","0,785","0,755","28,62K","-0,65%"
"04.09.2015","0,770","0,800","0,810","0,755","81,60K","-4,94%"
"03.09.2015","0,810","0,820","0,820","0,800","42,79K","0,00%"
"02.09.2015","0,810","0,780","0,815","0,780","62,19K","1,89%"
"01.09.2015","0,795","0,800","0,805","0,785","59,11K","-3,05%"
"31.08.2015","0,820","0,810","0,825","0,805","11,36K","1,23%"
"28.08.2015","0,810","0,830","0,830","0,805","99,27K","-1,82%"
"27.08.2015","0,825","0,810","0,840","0,810","180,49K","3,12%"
"26.08.2015","0,800","0,800","0,820","0,760","166,79K","0,63%"
"25.08.2015","0,795","0,780","0,830","0,770","183,33K","4,61%"
"24.08.2015","0,760","0,760","0,770","0,710","278,74K","-1,94%"
"21.08.2015","0,775","0,735","0,780","0,715","191,21K","3,33%"
"20.08.2015","0,750","0,800","0,815","0,740","313,64K","-6,25%"
"19.08.2015","0,800","0,820","0,830","0,785","306,30K","-3,61%"
"18.08.2015","0,830","0,895","0,895","0,830","200,12K","-5,68%"
"17.08.2015","0,880","0,880","0,890","0,880","16,26K","-0,56%"
"14.08.2015","0,885","0,900","0,900","0,880","134,23K","-1,12%"
"13.08.2015","0,895","0,880","0,925","0,875","104,15K","1,13%"
"12.08.2015","0,885","0,905","0,915","0,885","154,64K","-3,28%"
"11.08.2015","0,915","0,925","0,945","0,905","220,95K","-0,54%"
"10.08.2015","0,920","0,885","0,920","0,875","154,10K","3,37%"
"07.08.2015","0,890","0,910","0,910","0,875","84,65K","0,00%"
"06.08.2015","0,890","0,890","0,910","0,885","148,03K","0,00%"
"05.08.2015","0,890","0,895","0,915","0,870","241,24K","-1,11%"
"04.08.2015","0,900","0,915","0,925","0,900","166,48K","-1,64%"
"03.08.2015","0,915","0,930","0,935","0,905","217,63K","-2,14%"
"31.07.2015","0,935","0,960","0,965","0,930","59,11K","-1,06%"
"30.07.2015","0,945","0,960","0,980","0,935","100,56K","-2,58%"
"29.07.2015","0,970","0,960","0,980","0,960","67,98K","0,00%"
"28.07.2015","0,970","0,950","0,975","0,930","68,65K","2,11%"
"27.07.2015","0,950","0,950","0,965","0,950","54,89K","0,00%"
"24.07.2015","0,950","0,985","0,985","0,940","240,07K","-5,00%"
"23.07.2015","1,000","1,015","1,020","1,000","95,87K","-0,50%"
"22.07.2015","1,005","1,000","1,010","0,980","148,41K","0,50%"
"21.07.2015","1,000","1,010","1,020","1,000","136,33K","-1,48%"
"20.07.2015","1,015","1,025","1,025","1,005","90,62K","0,50%"
"17.07.2015","1,010","1,015","1,025","1,000","165,80K","-1,46%"
"16.07.2015","1,025","1,020","1,035","1,010","158,43K","0,49%"
"15.07.2015","1,020","1,040","1,040","1,010","267,94K","-0,97%"
"14.07.2015","1,030","1,000","1,045","1,000","809,40K","5,64%"
"13.07.2015","0,975","0,935","0,975","0,925","221,72K","3,17%"
"10.07.2015","0,945","0,930","0,955","0,930","140,31K","0,00%"
"09.07.2015","0,945","0,930","0,950","0,920","113,79K","2,72%"
"08.07.2015","0,920","0,920","0,925","0,900","158,25K","1,10%"
"07.07.2015","0,910","0,935","0,945","0,910","52,66K","-1,09%"
"06.07.2015","0,920","0,920","0,940","0,915","121,54K","-2,65%"
"03.07.2015","0,945","0,960","0,960","0,920","76,35K","1,61%"
"02.07.2015","0,930","0,930","0,950","0,930","62,14K","-0,53%"
"01.07.2015","0,935","0,970","0,970","0,930","159,02K","0,00%"
"30.06.2015","0,935","0,910","0,945","0,910","104,38K","1,08%"
"29.06.2015","0,925","0,905","0,945","0,900","401,41K","-4,15%"
"26.06.2015","0,965","0,970","0,995","0,960","215,01K","-1,53%"
"25.06.2015","0,980","0,985","1,000","0,960","254,31K","-0,51%"
"24.06.2015","0,985","1,000","1,020","0,975","321,80K","-1,50%"
"23.06.2015","1,000","0,970","1,020","0,935","455,08K","6,38%"
"22.06.2015","0,940","0,935","0,945","0,920","142,56K","1,08%"
"19.06.2015","0,930","0,925","0,950","0,920","141,84K","1,64%"
"18.06.2015","0,915","0,915","0,935","0,910","141,25K","-1,61%"
"17.06.2015","0,930","0,940","0,945","0,910","135,21K","-1,06%"
"16.06.2015","0,940","0,920","0,965","0,900","250,84K","2,73%"
"15.06.2015","0,915","0,930","0,930","0,915","176,60K","-2,66%"
"12.06.2015","0,940","0,980","0,980","0,935","112,40K","-1,57%"
"11.06.2015","0,955","0,990","0,995","0,940","224,62K","-2,55%"
"10.06.2015","0,980","0,960","0,980","0,945","215,43K","4,81%"
"09.06.2015","0,935","0,930","0,940","0,910","277,08K","1,08%"
"08.06.2015","0,925","0,975","0,975","0,925","883,57K","-6,57%"
"05.06.2015","0,990","1,025","1,025","0,975","394,74K","-1,98%"
"04.06.2015","1,010","1,055","1,055","0,965","628,23K","-3,35%"
"03.06.2015","1,045","1,055","1,080","1,040","875,37K","-0,48%"
"02.06.2015","1,050","1,040","1,060","1,035","856,16K","1,45%"
"01.06.2015","1,035","1,000","1,035","1,000","168,20K","0,98%"
"29.05.2015","1,025","1,015","1,045","1,010","475,77K","0,49%"
"28.05.2015","1,020","0,970","1,025","0,970","338,74K","4,08%"
"27.05.2015","0,980","0,985","0,995","0,965","97,92K","1,03%"
"26.05.2015","0,970","0,975","0,990","0,970","203,70K","-1,02%"
"25.05.2015","0,980","1,000","1,000","0,975","185,66K","-2,97%"
"22.05.2015","1,010","1,025","1,025","1,000","101,84K","-0,98%"
"21.05.2015","1,020","1,030","1,030","1,000","123,00K","-0,97%"
"20.05.2015","1,030","1,025","1,030","0,995","208,73K","1,48%"
"19.05.2015","1,015","0,995","1,025","0,995","187,96K","1,50%"
"18.05.2015","1,000","1,020","1,045","0,990","378,42K","-3,38%"
"15.05.2015","1,035","0,990","1,050","0,980","1,07M","7,81%"
"14.05.2015","0,960","0,940","0,960","0,940","62,36K","0,52%"
"13.05.2015","0,955","0,965","0,970","0,940","73,72K","0,00%"
"12.05.2015","0,955","0,970","0,970","0,915","211,60K","-1,55%"
"11.05.2015","0,970","0,960","0,975","0,950","221,77K","2,65%"
"08.05.2015","0,945","0,925","0,965","0,900","394,62K","5,00%"
"07.05.2015","0,900","0,935","0,935","0,865","974,32K","-4,26%"
"06.05.2015","0,940","0,990","0,990","0,940","926,46K","-6,00%"
"05.05.2015","1,000","1,025","1,040","1,000","278,40K","-2,91%"
"04.05.2015","1,030","1,050","1,050","1,020","183,79K","-0,96%"
"30.04.2015","1,040","1,025","1,040","1,020","176,79K","0,48%"
"29.04.2015","1,035","1,055","1,065","1,025","180,41K","-2,82%"
"28.04.2015","1,065","1,080","1,085","1,055","364,26K","0,00%"
"27.04.2015","1,065","1,030","1,075","1,015","249,99K","3,40%"
"24.04.2015","1,030","1,030","1,065","1,015","501,27K","1,48%"
"23.04.2015","1,015","1,025","1,030","1,010","327,73K","-1,93%"
"22.04.2015","1,035","1,060","1,075","1,015","567,97K","-3,27%"
"21.04.2015","1,070","1,080","1,085","1,070","135,96K","-0,93%"
"20.04.2015","1,080","1,095","1,115","1,060","466,54K","0,00%"
"17.04.2015","1,080","1,140","1,140","1,035","908,01K","-4,85%"
"16.04.2015","1,135","1,140","1,155","1,135","431,48K","-0,87%"
"15.04.2015","1,145","1,155","1,160","1,140","348,82K","-0,43%"
"14.04.2015","1,150","1,180","1,180","1,145","447,96K","-2,13%"
"13.04.2015","1,175","1,155","1,190","1,135","1,98M","2,17%"
"10.04.2015","1,150","1,145","1,150","1,130","503,28K","0,88%"
"09.04.2015","1,140","1,150","1,160","1,130","722,94K","0,88%"
"08.04.2015","1,130","1,145","1,145","1,120","349,67K","-0,88%"
"07.04.2015","1,140","1,140","1,155","1,130","537,32K","-1,30%"
"02.04.2015","1,155","1,145","1,165","1,140","96,07K","-0,43%"
"01.04.2015","1,160","1,170","1,170","1,145","292,27K","-1,28%"
"31.03.2015","1,175","1,150","1,180","1,125","697,72K","2,62%"
"30.03.2015","1,145","1,120","1,165","1,120","302,76K","0,88%"
"27.03.2015","1,135","1,135","1,140","1,110","210,03K","-0,44%"
"26.03.2015","1,140","1,140","1,145","1,110","429,33K","-0,87%"
"25.03.2015","1,150","1,175","1,185","1,145","903,85K","-1,71%"
"24.03.2015","1,170","1,180","1,180","1,160","405,82K","-1,27%"
"23.03.2015","1,185","1,190","1,215","1,170","709,88K","2,16%"
"20.03.2015","1,160","1,130","1,185","1,120","522,72K","2,65%"
"19.03.2015","1,130","1,150","1,150","1,120","201,55K","-0,88%"
"18.03.2015","1,140","1,160","1,165","1,130","238,64K","-1,30%"
"17.03.2015","1,155","1,175","1,185","1,120","952,54K","-3,35%"
"16.03.2015","1,195","1,225","1,250","1,185","1,69M","-0,42%"
"13.03.2015","1,200","1,115","1,200","1,090","1,83M","9,09%"
"12.03.2015","1,100","1,090","1,120","1,075","259,86K","0,00%"
"11.03.2015","1,100","1,080","1,105","1,065","361,39K","1,85%"
"10.03.2015","1,080","1,095","1,125","1,060","524,38K","-2,26%"
"09.03.2015","1,105","1,125","1,125","1,090","527,18K","0,45%"
"06.03.2015","1,100","1,095","1,135","1,080","978,49K","1,38%"
"05.03.2015","1,085","1,035","1,110","1,015","1,02M","5,34%"
"04.03.2015","1,030","1,045","1,045","1,005","374,97K","-0,48%"
"03.03.2015","1,035","1,015","1,080","1,010","972,76K","1,97%"
"02.03.2015","1,015","1,005","1,050","1,005","538,70K","-0,49%"
"27.02.2015","1,020","1,055","1,060","0,955","1,36M","-3,32%"
"26.02.2015","1,055","1,060","1,090","1,030","1,00M","1,93%"
"25.02.2015","1,035","1,175","1,175","1,010","2,30M","-10,78%"
"24.02.2015","1,160","1,160","1,230","1,115","3,30M","3,57%"
"23.02.2015","1,120","1,040","1,120","0,995","2,81M","17,28%"
"20.02.2015","0,955","0,970","0,995","0,935","1,71M","6,11%"
"19.02.2015","0,900","0,875","0,930","0,875","1,75M","4,05%"
"18.02.2015","0,865","0,855","0,875","0,850","1,41M","2,37%"
"17.02.2015","0,845","0,840","0,855","0,825","812,08K","0,00%"
"16.02.2015","0,845","0,860","0,870","0,835","326,08K","-0,59%"
"13.02.2015","0,850","0,835","0,865","0,830","533,42K","2,41%"
"12.02.2015","0,830","0,830","0,830","0,810","156,91K","1,84%"
"11.02.2015","0,815","0,840","0,840","0,810","585,06K","-1,81%"
"10.02.2015","0,830","0,860","0,870","0,825","774,24K","-4,60%"
"09.02.2015","0,870","0,830","0,870","0,805","1,30M","5,45%"
"06.02.2015","0,825","0,815","0,845","0,815","1,07M","1,23%"
"05.02.2015","0,815","0,755","0,820","0,750","1,27M","7,95%"
"04.02.2015","0,755","0,775","0,775","0,750","376,50K","-1,95%"
"03.02.2015","0,770","0,755","0,790","0,750","882,55K","3,36%"
"02.02.2015","0,745","0,750","0,755","0,730","127,92K","-0,67%"
"30.01.2015","0,750","0,760","0,770","0,745","265,50K","0,00%"
"29.01.2015","0,750","0,745","0,760","0,730","256,14K","0,00%"
"28.01.2015","0,750","0,755","0,765","0,750","202,27K","-1,96%"
"27.01.2015","0,765","0,780","0,795","0,745","337,29K","-1,29%"
"26.01.2015","0,775","0,750","0,780","0,725","680,83K","1,31%"
"23.01.2015","0,765","0,790","0,820","0,765","1,37M","-1,29%"
"22.01.2015","0,775","0,765","0,790","0,765","204,81K","0,00%"
"21.01.2015","0,775","0,790","0,790","0,760","372,85K","-1,90%"
"20.01.2015","0,790","0,810","0,810","0,775","440,36K","-0,63%"
"19.01.2015","0,795","0,830","0,830","0,770","808,68K","-4,22%"
"16.01.2015","0,830","0,830","0,845","0,800","1,23M","-0,60%"
"15.01.2015","0,835","0,755","0,835","0,735","1,28M","12,08%"
"14.01.2015","0,745","0,750","0,765","0,730","93,78K","-1,32%"
"13.01.2015","0,755","0,745","0,760","0,725","160,30K","2,03%"
"12.01.2015","0,740","0,740","0,760","0,725","189,50K","-0,67%"
"09.01.2015","0,745","0,750","0,765","0,735","361,35K","-0,67%"
"08.01.2015","0,750","0,740","0,750","0,720","192,26K","2,74%"
"07.01.2015","0,730","0,725","0,755","0,725","173,07K","-1,35%"
"06.01.2015","0,740","0,745","0,765","0,740","57,53K","-1,33%"
"05.01.2015","0,750","0,750","0,775","0,740","305,43K","2,04%"
"02.01.2015","0,735","0,730","0,755","0,715","247,15K","5,00%"