"Date","Price","Open","High","Low","Vol.","Change %"
"12/31/2025","3.4930","3.5000","3.5260","3.4850","8.33M","-0.34%"
"12/30/2025","3.5050","3.4650","3.5190","3.4610","15.31M","0.89%"
"12/29/2025","3.4740","3.4000","3.4870","3.4000","18.86M","0.84%"
"12/24/2025","3.4450","3.4240","3.4590","3.4100","4.20M","0.26%"
"12/23/2025","3.4360","3.4020","3.4680","3.4020","12.48M","0.50%"
"12/22/2025","3.4190","3.4000","3.4230","3.3680","17.34M","-0.03%"
"12/19/2025","3.4200","3.4400","3.4670","3.3950","38.27M","-1.72%"
"12/18/2025","3.4800","3.4900","3.5030","3.4530","13.66M","-0.29%"
"12/17/2025","3.4900","3.4330","3.4990","3.4170","11.28M","0.93%"
"12/16/2025","3.4580","3.5030","3.5070","3.4580","13.49M","-4.82%"
"12/15/2025","3.6330","3.7140","3.7180","3.6330","21.62M","-2.18%"
"12/12/2025","3.7140","3.6700","3.7220","3.6650","9.05M","1.14%"
"12/11/2025","3.6720","3.6570","3.6790","3.6300","7.88M","0.66%"
"12/10/2025","3.6480","3.6310","3.6480","3.6130","6.38M","0.25%"
"12/09/2025","3.6390","3.6250","3.6720","3.6190","12.52M","0.19%"
"12/08/2025","3.6320","3.6600","3.6680","3.6260","7.06M","-1.04%"
"12/05/2025","3.6700","3.6700","3.7050","3.6480","10.09M","0.66%"
"12/04/2025","3.6460","3.6250","3.6730","3.5950","11.90M","0.36%"
"12/03/2025","3.6330","3.6300","3.6590","3.6240","9.06M","0.03%"
"12/02/2025","3.6320","3.6510","3.6890","3.6320","9.28M","-0.98%"
"12/01/2025","3.6680","3.7350","3.7510","3.6590","10.07M","-1.79%"
"11/28/2025","3.7350","3.7850","3.7910","3.7230","10.39M","-1.24%"
"11/27/2025","3.7820","3.7400","3.7820","3.7320","5.80M","1.12%"
"11/26/2025","3.7400","3.7090","3.7530","3.6940","7.40M","0.32%"
"11/25/2025","3.7280","3.6440","3.7370","3.6440","9.64M","2.00%"
"11/24/2025","3.6550","3.6880","3.7150","3.6440","19.99M","-0.52%"
"11/21/2025","3.6740","3.6100","3.6920","3.5970","9.72M","1.60%"
"11/20/2025","3.6160","3.6200","3.6380","3.5950","10.57M","-0.11%"
"11/19/2025","3.6200","3.6370","3.6540","3.6200","10.75M","-0.33%"
"11/18/2025","3.6320","3.6950","3.7070","3.6320","11.21M","-2.63%"
"11/17/2025","3.7300","3.7420","3.7510","3.6870","7.94M","-0.05%"
"11/14/2025","3.7320","3.7600","3.7830","3.7130","12.55M","0.46%"
"11/13/2025","3.7150","3.6030","3.7520","3.6010","14.58M","1.98%"
"11/12/2025","3.6430","3.6600","3.6830","3.6430","12.96M","-0.82%"
"11/11/2025","3.6730","3.5800","3.7020","3.5650","14.23M","2.23%"
"11/10/2025","3.5930","3.6200","3.6380","3.5820","13.47M","-1.70%"
"11/07/2025","3.6550","3.6420","3.6690","3.5750","12.94M","0.36%"
"11/06/2025","3.6420","3.6430","3.6690","3.5990","15.83M","0.44%"
"11/05/2025","3.6260","3.7120","3.7180","3.5620","34.85M","-2.76%"
"11/04/2025","3.7290","4.0350","4.0350","3.7120","75.49M","-13.12%"
"11/03/2025","4.2920","4.3750","4.3800","4.2920","14.70M","-2.17%"
"10/31/2025","4.3870","4.4850","4.5600","4.3490","17.92M","-1.81%"
"10/30/2025","4.4680","4.5000","4.5160","4.4140","7.40M","-0.69%"
"10/29/2025","4.4990","4.5760","4.5820","4.4890","10.23M","-1.47%"
"10/28/2025","4.5660","4.5950","4.5980","4.4940","7.67M","-0.07%"
"10/27/2025","4.5690","4.5520","4.5830","4.5460","4.96M","0.29%"
"10/24/2025","4.5560","4.5550","4.5680","4.5040","5.80M","-0.31%"
"10/23/2025","4.5700","4.6270","4.6300","4.5640","6.77M","-1.15%"
"10/22/2025","4.6230","4.5760","4.6320","4.5680","7.12M","1.03%"
"10/21/2025","4.5760","4.5890","4.6100","4.5670","6.51M","-0.11%"
"10/20/2025","4.5810","4.4980","4.6010","4.4970","10.27M","1.87%"
"10/17/2025","4.4970","4.4640","4.5090","4.4390","11.35M","0.92%"
"10/16/2025","4.4560","4.4600","4.4710","4.4200","7.73M","-0.54%"
"10/15/2025","4.4800","4.3900","4.5070","4.3860","12.10M","2.05%"
"10/14/2025","4.3900","4.3390","4.3980","4.3380","7.04M","1.18%"
"10/13/2025","4.3390","4.3650","4.3700","4.3160","7.84M","-1.03%"
"10/10/2025","4.3840","4.3820","4.4090","4.3790","5.96M","0.21%"
"10/09/2025","4.3750","4.3500","4.3900","4.3470","5.24M","0.48%"
"10/08/2025","4.3540","4.3310","4.3690","4.3220","6.81M","0.69%"
"10/07/2025","4.3240","4.3110","4.3490","4.3080","6.20M","-0.02%"
"10/06/2025","4.3250","4.3000","4.3630","4.2780","7.29M","0.25%"
"10/03/2025","4.3140","4.3500","4.3660","4.3060","7.00M","-0.62%"
"10/02/2025","4.3410","4.3460","4.3790","4.3290","5.01M","-0.64%"
"10/01/2025","4.3690","4.3790","4.4230","4.3680","8.63M","-0.66%"
"09/30/2025","4.3980","4.3250","4.3980","4.3120","6.29M","1.24%"
"09/29/2025","4.3440","4.3320","4.3550","4.3090","6.46M","-0.50%"
"09/26/2025","4.3660","4.3340","4.3700","4.3230","4.32M","0.34%"
"09/25/2025","4.3510","4.3360","4.3680","4.3250","5.09M","-0.14%"
"09/24/2025","4.3570","4.3900","4.4090","4.3450","6.49M","-0.46%"
"09/23/2025","4.3770","4.3890","4.3960","4.3260","9.50M","-0.48%"
"09/22/2025","4.3980","4.4670","4.4670","4.3910","10.21M","-2.42%"
"09/19/2025","4.5070","4.5000","4.5550","4.4990","16.38M","-0.44%"
"09/18/2025","4.5270","4.5500","4.5600","4.5040","3.98M","-0.37%"
"09/17/2025","4.5440","4.5270","4.5440","4.5060","6.31M","0.22%"
"09/16/2025","4.5340","4.5400","4.5410","4.4870","9.80M","-0.40%"
"09/15/2025","4.5520","4.5730","4.5800","4.5320","5.07M","-0.46%"
"09/12/2025","4.5730","4.5710","4.5830","4.5450","4.02M","-0.04%"
"09/11/2025","4.5750","4.5480","4.5910","4.5460","3.73M","0.82%"
"09/10/2025","4.5380","4.5740","4.5740","4.5170","5.24M","-0.96%"
"09/09/2025","4.5820","4.5500","4.5820","4.5290","4.63M","0.68%"
"09/08/2025","4.5510","4.5420","4.5510","4.5210","4.95M","-0.07%"
"09/05/2025","4.5540","4.5180","4.5540","4.5000","6.09M","0.80%"
"09/04/2025","4.5180","4.5000","4.5480","4.4770","5.62M","0.22%"
"09/03/2025","4.5080","4.5910","4.5940","4.5050","7.07M","-1.62%"
"09/02/2025","4.5820","4.6070","4.6080","4.5620","5.06M","-0.93%"
"09/01/2025","4.6250","4.5730","4.6250","4.5580","5.06M","1.03%"
"08/29/2025","4.5780","4.5520","4.5850","4.5360","4.85M","0.20%"
"08/28/2025","4.5690","4.6100","4.6290","4.5370","6.83M","-0.89%"
"08/27/2025","4.6100","4.6100","4.6350","4.5970","3.95M","-0.26%"
"08/26/2025","4.6220","4.6200","4.6390","4.5780","10.14M","-0.04%"
"08/25/2025","4.6240","4.6100","4.6340","4.5820","7.17M","-0.56%"
"08/22/2025","4.6500","4.6540","4.6850","4.6210","9.11M","0.00%"
"08/21/2025","4.6500","4.8510","4.8560","4.5670","25.64M","-4.81%"
"08/20/2025","4.8850","4.8580","4.8930","4.8550","5.27M","0.68%"
"08/19/2025","4.8520","4.8480","4.8810","4.8360","7.68M","0.25%"
"08/18/2025","4.8400","4.8200","4.8490","4.8040","5.29M","0.58%"
"08/15/2025","4.8120","4.7990","4.8120","4.7650","6.20M","0.71%"
"08/14/2025","4.7780","4.7500","4.7960","4.7370","11.53M","0.91%"
"08/13/2025","4.7350","4.6910","4.7470","4.6910","5.19M","0.94%"
"08/12/2025","4.6910","4.7000","4.7480","4.6910","6.28M","-0.13%"
"08/11/2025","4.6970","4.6830","4.7000","4.6650","7.02M","0.97%"
"08/08/2025","4.6520","4.6500","4.6820","4.6440","5.93M","0.50%"
"08/07/2025","4.6290","4.6380","4.6630","4.5870","5.61M","-0.58%"
"08/06/2025","4.6560","4.5820","4.6850","4.5210","9.77M","1.75%"
"08/05/2025","4.5760","4.6000","4.6000","4.5380","3.58M","-0.24%"
"08/04/2025","4.5870","4.5200","4.6000","4.5090","5.36M","0.81%"
"08/01/2025","4.5500","4.5040","4.5500","4.4850","6.99M","0.57%"
"07/31/2025","4.5240","4.5640","4.5830","4.4590","8.99M","-1.14%"
"07/30/2025","4.5760","4.5600","4.6900","4.4820","8.17M","0.13%"
"07/29/2025","4.5700","4.5500","4.5780","4.5320","7.13M","0.31%"
"07/28/2025","4.5560","4.6500","4.6500","4.5530","7.87M","-1.60%"
"07/25/2025","4.6300","4.6280","4.6300","4.5650","7.18M","0.17%"
"07/24/2025","4.6220","4.5560","4.6490","4.5560","9.15M","1.49%"
"07/23/2025","4.5540","4.5800","4.5820","4.5330","7.04M","-0.15%"
"07/22/2025","4.5610","4.5380","4.5720","4.5130","4.86M","0.26%"
"07/21/2025","4.5490","4.5040","4.5490","4.4900","4.57M","1.02%"
"07/18/2025","4.5030","4.4880","4.5250","4.4880","6.55M","0.51%"
"07/17/2025","4.4800","4.4900","4.5020","4.4650","4.61M","-0.11%"
"07/16/2025","4.4850","4.4850","4.5320","4.4720","4.96M","-0.11%"
"07/15/2025","4.4900","4.4840","4.5010","4.4550","4.36M","-0.44%"
"07/14/2025","4.5100","4.4680","4.5100","4.4530","3.32M","0.67%"
"07/11/2025","4.4800","4.4870","4.4940","4.4600","4.40M","-0.22%"
"07/10/2025","4.4900","4.5100","4.5200","4.4680","5.54M","-0.62%"
"07/09/2025","4.5180","4.5000","4.5420","4.5000","4.95M","0.47%"
"07/08/2025","4.4970","4.5250","4.5460","4.4860","6.75M","-1.10%"
"07/07/2025","4.5470","4.5550","4.5680","4.5160","4.54M","-0.18%"
"07/04/2025","4.5550","4.5500","4.5770","4.5300","3.48M","0.29%"
"07/03/2025","4.5420","4.5660","4.5830","4.5120","4.58M","-0.29%"
"07/02/2025","4.5550","4.5500","4.5740","4.5330","6.05M","0.13%"
"07/01/2025","4.5490","4.4770","4.5510","4.4690","8.94M","2.04%"
"06/30/2025","4.4580","4.4950","4.5120","4.4340","8.87M","-0.60%"
"06/27/2025","4.4850","4.4820","4.5080","4.4550","6.41M","0.02%"
"06/26/2025","4.4840","4.4600","4.5030","4.4340","5.66M","0.16%"
"06/25/2025","4.4770","4.5670","4.5770","4.4760","7.39M","-2.16%"
"06/24/2025","4.5760","4.5610","4.5880","4.5330","7.00M","0.55%"
"06/23/2025","4.5510","4.5000","4.5660","4.4910","7.99M","0.18%"
"06/20/2025","4.5430","4.5730","4.6110","4.5430","34.53M","-0.76%"
"06/19/2025","4.5780","4.5650","4.6000","4.5490","5.80M","-0.02%"
"06/18/2025","4.5790","4.5500","4.6130","4.5500","9.77M","0.73%"
"06/17/2025","4.5460","4.5500","4.5750","4.5100","9.40M","-3.93%"
"06/16/2025","4.7320","4.6060","4.7500","4.5850","20.08M","3.00%"
"06/13/2025","4.5940","4.5920","4.6130","4.5460","13.91M","-0.30%"
"06/12/2025","4.6080","4.5990","4.6470","4.5920","7.81M","-0.02%"
"06/11/2025","4.6090","4.6510","4.6580","4.5960","7.01M","-0.71%"
"06/10/2025","4.6420","4.6820","4.7030","4.6420","6.47M","-0.41%"
"06/09/2025","4.6610","4.6940","4.7080","4.6600","5.41M","-0.60%"
"06/06/2025","4.6890","4.7100","4.7400","4.6830","4.94M","-0.34%"
"06/05/2025","4.7050","4.6690","4.7170","4.6480","6.06M","0.94%"
"06/04/2025","4.6610","4.6700","4.6900","4.6460","5.53M","-0.24%"
"06/03/2025","4.6720","4.7400","4.7410","4.6610","8.20M","-1.00%"
"06/02/2025","4.7190","4.7240","4.7420","4.6800","6.65M","0.15%"
"05/30/2025","4.7120","4.6870","4.7340","4.6690","38.16M","0.86%"
"05/29/2025","4.6720","4.6760","4.6810","4.5990","5.53M","0.32%"
"05/28/2025","4.6570","4.6750","4.7120","4.6380","7.39M","0.04%"
"05/27/2025","4.6550","4.6480","4.6920","4.6270","9.40M","0.47%"
"05/26/2025","4.6330","4.6150","4.6500","4.6100","6.50M","0.59%"
"05/23/2025","4.6060","4.6080","4.6120","4.5550","10.57M","-0.02%"
"05/22/2025","4.6070","4.5570","4.6070","4.5330","8.59M","0.79%"
"05/21/2025","4.5710","4.5300","4.5770","4.5250","7.46M","0.46%"
"05/20/2025","4.5500","4.5000","4.5580","4.4900","11.04M","1.20%"
"05/19/2025","4.4960","4.4480","4.5120","4.4220","8.28M","1.42%"
"05/16/2025","4.4330","4.3650","4.4410","4.3580","10.06M","1.53%"
"05/15/2025","4.3660","4.3450","4.3660","4.2630","11.81M","1.23%"
"05/14/2025","4.3130","4.3800","4.4450","4.2440","20.25M","-2.24%"
"05/13/2025","4.4120","4.4190","4.4890","4.3900","7.80M","-0.11%"
"05/12/2025","4.4170","4.5070","4.5160","4.3640","10.73M","-1.32%"
"05/09/2025","4.4760","4.4700","4.5020","4.4520","14.01K","0.18%"
"05/08/2025","4.4680","4.5170","4.5170","4.4200","51.00K","-1.33%"
"05/07/2025","4.5280","4.5440","4.5740","4.5200","8.54M","-0.35%"
"05/06/2025","4.5440","4.4840","4.5540","4.4760","9.04M","1.59%"
"05/05/2025","4.4730","4.5000","4.5280","4.4680","4.49M","-0.51%"
"05/02/2025","4.4960","4.5400","4.5800","4.4710","5.89K","-0.49%"
"04/30/2025","4.5180","4.4930","4.5180","4.4680","117.46K","0.83%"
"04/29/2025","4.4810","4.4680","4.5030","4.4420","62.53K","0.52%"
"04/28/2025","4.4580","4.4200","4.4580","4.4010","58.83K","1.43%"
"04/25/2025","4.3950","4.3540","4.4250","4.3430","20.10K","0.83%"
"04/24/2025","4.3590","4.3590","4.3910","4.3420","5.54M","0.09%"
"04/23/2025","4.3550","4.3800","4.3950","4.2830","10.25M","-0.27%"
"04/22/2025","4.3670","4.2950","4.3900","4.2790","24.89K","0.88%"
"04/17/2025","4.3290","4.2690","4.3360","4.2360","6.66K","1.41%"
"04/16/2025","4.2690","4.1800","4.2690","4.1710","10.49M","2.47%"
"04/15/2025","4.1660","4.1320","4.1700","4.1290","7.06M","1.09%"
"04/14/2025","4.1210","4.0470","4.1260","4.0120","9.11M","3.13%"
"04/11/2025","3.9960","3.9500","4.0020","3.9130","11.38M","1.16%"
"04/10/2025","3.9500","4.2290","4.2290","3.9330","0.79K","1.57%"
"04/09/2025","3.8890","4.0110","4.0380","3.8330","23.64M","-4.70%"
"04/08/2025","4.0810","4.1060","4.1060","3.9860","6.56K","-0.46%"
"04/07/2025","4.1000","4.0890","4.2150","3.9470","88.37K","-4.70%"
"04/04/2025","4.3020","4.4700","4.5100","4.2750","317.12K","-3.80%"
"04/03/2025","4.4720","4.3630","4.4720","4.3500","11.89M","2.24%"
"04/02/2025","4.3740","4.3980","4.4480","4.3650","6.60M","-1.00%"
"04/01/2025","4.4180","4.3610","4.4200","4.3530","2.00K","1.47%"
"03/31/2025","4.3540","4.3300","4.3580","4.3100","8.37M","0.74%"
"03/28/2025","4.3220","4.3300","4.3740","4.3220","9.74M","-0.07%"
"03/27/2025","4.3250","4.3000","4.3370","4.2820","6.97M","0.51%"
"03/26/2025","4.3030","4.2810","4.3030","4.2580","6.57M","0.54%"
"03/25/2025","4.2800","4.2560","4.3070","4.2560","5.18K","0.59%"
"03/24/2025","4.2550","4.3340","4.3400","4.2550","899.15K","-1.94%"
"03/21/2025","4.3390","4.3250","4.3690","4.3010","22.12M","0.30%"
"03/20/2025","4.3260","4.3300","4.3560","4.2790","9.99K","-0.16%"
"03/19/2025","4.3330","4.3580","4.3780","4.3270","9.84M","-0.82%"
"03/18/2025","4.3690","4.3530","4.3800","4.3360","8.91M","0.21%"
"03/17/2025","4.3600","4.3440","4.3860","4.3380","7.81M","0.32%"
"03/14/2025","4.3460","4.3200","4.4210","4.3180","12.92M","-0.02%"
"03/13/2025","4.3470","4.2320","4.3470","4.2240","5.33K","2.86%"
"03/12/2025","4.2260","4.2540","4.2650","4.1650","8.79M","-0.66%"
"03/11/2025","4.2540","4.2470","4.3050","4.2300","12.94M","0.14%"
"03/10/2025","4.2480","4.2000","4.2640","4.1980","20.80K","1.02%"
"03/07/2025","4.2050","4.1620","4.2120","4.1350","11.04M","1.42%"
"03/06/2025","4.1460","4.1220","4.1590","4.0890","0.51K","0.83%"
"03/05/2025","4.1120","4.1780","4.1870","4.1120","12.61M","-2.00%"
"03/04/2025","4.1960","4.2240","4.2540","4.1680","12.24M","-1.66%"
"03/03/2025","4.2670","4.2970","4.3100","4.2240","15.35M","-0.79%"
"02/28/2025","4.3010","4.3310","4.3420","4.2690","330.60K","-0.39%"
"02/27/2025","4.3180","4.1200","4.3340","4.0700","1.70K","-0.16%"
"02/26/2025","4.3250","4.2760","4.3250","4.2430","13.73M","0.49%"
"02/25/2025","4.3040","4.2400","4.3180","4.2390","4.17K","1.56%"
"02/24/2025","4.2380","4.1710","4.2390","4.1650","12.55M","1.53%"
"02/21/2025","4.1740","4.1020","4.1740","4.1000","16.00K","1.26%"
"02/20/2025","4.1220","4.0920","4.1300","4.0900","7.64M","0.73%"
"02/19/2025","4.0920","4.1360","4.1380","4.0710","27.19K","-1.25%"
"02/18/2025","4.1440","4.1310","4.1570","4.0960","5.54K","0.00%"
"02/17/2025","4.1440","4.1290","4.1600","4.1220","4.95M","0.17%"
"02/14/2025","4.1370","4.1800","4.1950","4.0900","0.83K","-1.57%"
"02/13/2025","4.2030","4.2090","4.2370","4.2020","7.25M","-0.31%"
"02/12/2025","4.2160","4.1910","4.2440","4.1830","8.54M","0.74%"
"02/11/2025","4.1850","4.1470","4.2030","4.1410","40.00K","1.21%"
"02/10/2025","4.1350","4.1050","4.1500","4.0970","6.84M","0.80%"
"02/07/2025","4.1020","4.0330","4.1380","4.0320","10.63M","1.46%"
"02/06/2025","4.0430","3.9700","4.0700","3.9700","10.14M","1.66%"
"02/05/2025","3.9770","3.9220","3.9780","3.9220","6.46M","1.48%"
"02/04/2025","3.9190","3.9440","3.9630","3.8880","9.04M","-1.06%"
"02/03/2025","3.9610","3.9230","3.9690","3.9100","4.43K","0.66%"
"01/31/2025","3.9350","3.9680","3.9680","3.9340","7.40M","-0.78%"
"01/30/2025","3.9660","3.9390","3.9880","3.9300","9.18M","0.41%"
"01/29/2025","3.9500","3.9080","3.9500","3.8930","10.68M","1.00%"
"01/28/2025","3.9110","3.8370","3.9400","3.8330","10.47M","1.72%"
"01/27/2025","3.8450","3.7820","3.8580","3.7810","10.39M","1.69%"
"01/24/2025","3.7810","3.7890","3.8290","3.7570","13.82M","-0.45%"
"01/23/2025","3.7980","3.8180","3.8440","3.7980","9.04M","-0.39%"
"01/22/2025","3.8130","3.8640","3.8640","3.8010","13.71M","-1.90%"
"01/21/2025","3.8870","3.8680","3.8900","3.8530","8.15M","0.65%"
"01/20/2025","3.8620","3.8400","3.9080","3.8000","35.55K","-2.72%"
"01/17/2025","3.9700","3.9610","4.0000","3.9560","10.07M","0.38%"
"01/16/2025","3.9550","3.9730","3.9760","3.9070","10.42M","-0.45%"
"01/15/2025","3.9730","3.9250","3.9870","3.9220","9.39M","1.51%"
"01/14/2025","3.9140","3.9110","3.9180","3.8900","5.67M","0.20%"
"01/13/2025","3.9060","3.8900","3.9210","3.8890","6.90M","0.15%"
"01/10/2025","3.9000","3.9150","3.9170","3.8890","12.66K","-0.41%"
"01/09/2025","3.9160","3.9090","3.9220","3.8990","4.43M","-0.08%"
"01/08/2025","3.9190","3.9050","3.9200","3.8790","1.58K","-0.10%"
"01/07/2025","3.9230","3.9470","3.9470","3.9130","7.49M","-0.88%"
"01/06/2025","3.9580","3.9870","3.9960","3.9380","5.61M","-0.35%"
"01/03/2025","3.9720","4.0030","4.0200","3.9680","5.74M","-0.50%"
"01/02/2025","3.9920","3.9500","3.9950","3.9350","6.57M","1.40%"
"12/31/2024","3.9370","3.9030","3.9370","3.9010","4.55M","0.23%"
"12/30/2024","3.9280","3.9150","3.9490","3.9110","10.09M","-0.30%"
"12/27/2024","3.9400","3.9000","3.9400","3.8810","10.35M","0.69%"
"12/24/2024","3.9130","3.9130","3.9270","3.9080","3.17M","0.00%"
"12/23/2024","3.9130","3.9210","3.9310","3.8970","7.98M","-0.38%"
"12/20/2024","3.9280","3.9350","3.9500","3.9020","7.49K","-0.71%"
"12/19/2024","3.9560","3.9900","3.9930","3.9460","15.35M","-1.35%"
"12/18/2024","4.0100","4.0200","4.0460","4.0100","9.62M","-0.87%"
"12/17/2024","4.0450","4.1010","4.1350","4.0400","2.67K","-5.86%"
"12/16/2024","4.2970","4.2900","4.3070","4.2350","13.71M","0.44%"
"12/13/2024","4.2780","4.2800","4.3130","4.2430","11.92M","-0.23%"
"12/12/2024","4.2880","4.2710","4.3140","4.2460","13.06M","0.28%"
"12/11/2024","4.2760","4.2800","4.2840","4.2560","10.33M","-0.07%"
"12/10/2024","4.2790","4.3000","4.3180","4.2740","0.00K","-0.97%"
"12/09/2024","4.3210","4.3500","4.3640","4.3070","0.00K","-0.39%"
"12/06/2024","4.3380","4.3590","4.4190","4.3300","6.35M","0.00%"
"12/05/2024","4.3380","4.3060","4.3490","4.3050","6.39M","0.86%"
"12/04/2024","4.3010","4.3290","4.3350","4.2920","5.76M","-0.55%"
"12/03/2024","4.3250","4.2920","4.3450","4.2920","5.76M","0.32%"
"12/02/2024","4.3110","4.2800","4.3520","4.2710","6.42M","0.58%"
"11/29/2024","4.2860","4.3450","4.3550","4.2410","9.58M","-1.70%"
"11/28/2024","4.3600","4.3340","4.3750","4.3260","5.08M","0.62%"
"11/27/2024","4.3330","4.3060","4.3400","4.2720","6.57M","0.79%"
"11/26/2024","4.2990","4.3100","4.3400","4.2870","4.32M","-0.19%"
"11/25/2024","4.3070","4.3120","4.3310","4.2850","18.00M","0.16%"
"11/22/2024","4.3000","4.2720","4.3000","4.2720","10.03M","0.84%"
"11/21/2024","4.2640","4.3280","4.3480","4.2610","8.31M","-1.41%"
"11/20/2024","4.3250","4.3390","4.3630","4.3200","6.02M","-0.09%"
"11/19/2024","4.3290","4.2810","4.3340","4.2720","9.99M","1.07%"
"11/18/2024","4.2830","4.2300","4.2960","4.2070","8.19M","1.66%"
"11/15/2024","4.2130","4.1430","4.2430","4.1380","9.42M","1.57%"
"11/14/2024","4.1480","4.1060","4.1600","4.0510","12.31M","1.69%"
"11/13/2024","4.0790","4.0900","4.1080","4.0780","8.01M","-0.42%"
"11/12/2024","4.0960","4.1550","4.1600","4.0950","9.97M","-1.54%"
"11/11/2024","4.1600","4.2300","4.2310","4.1600","9.51M","-1.07%"
"11/08/2024","4.2050","4.1790","4.2180","4.1640","7.22M","0.21%"
"11/07/2024","4.1960","4.2850","4.3170","4.1380","14.44M","-2.08%"
"11/06/2024","4.2850","4.3130","4.3370","4.2530","11.27M","-0.81%"
"11/05/2024","4.3200","4.3240","4.3600","4.3110","7.00M","-0.35%"
"11/04/2024","4.3350","4.3270","4.3550","4.3240","4.79M","0.02%"
"11/01/2024","4.3340","4.3000","4.3470","4.2980","5.17M","0.46%"
"10/31/2024","4.3140","4.3130","4.3200","4.2770","7.96M","-0.60%"
"10/30/2024","4.3400","4.3350","4.3480","4.2810","8.58M","-0.37%"
"10/29/2024","4.3560","4.3650","4.3780","4.3420","4.30M","0.09%"
"10/28/2024","4.3520","4.3350","4.3630","4.3310","5.17M","0.44%"
"10/25/2024","4.3330","4.3540","4.3610","4.3220","5.32M","-0.41%"
"10/24/2024","4.3510","4.3560","4.4010","4.3450","5.58M","0.07%"
"10/23/2024","4.3480","4.3610","4.3770","4.3350","5.34M","-0.44%"
"10/22/2024","4.3670","4.4310","4.4330","4.3380","8.13M","-1.04%"
"10/21/2024","4.4130","4.4300","4.4540","4.4050","4.11M","-0.50%"
"10/18/2024","4.4350","4.4860","4.4870","4.4060","14.26M","-1.38%"
"10/17/2024","4.4970","4.5350","4.5500","4.4970","6.79M","-0.79%"
"10/16/2024","4.5330","4.4150","4.5440","4.4150","14.17M","2.51%"
"10/15/2024","4.4220","4.4270","4.4470","4.3770","8.70M","0.27%"
"10/14/2024","4.4100","4.3960","4.4250","4.3860","4.76M","0.23%"
"10/11/2024","4.4000","4.4050","4.4200","4.3810","5.31M","-0.48%"
"10/10/2024","4.4210","4.4380","4.4570","4.4000","5.27M","-0.20%"
"10/09/2024","4.4300","4.4000","4.4360","4.3910","4.69M","0.54%"
"10/08/2024","4.4060","4.3540","4.4210","4.3480","7.87M","0.71%"
"10/07/2024","4.3750","4.3480","4.3930","4.3210","7.53M","0.55%"
"10/04/2024","4.3510","4.3220","4.3980","4.3220","8.57M","0.86%"
"10/03/2024","4.3140","4.3390","4.3500","4.2610","9.13M","-0.71%"
"10/02/2024","4.3450","4.3660","4.3760","4.3260","6.43M","-1.09%"
"10/01/2024","4.3930","4.4230","4.4230","4.3770","6.03M","-0.07%"
"09/30/2024","4.3960","4.4170","4.4450","4.3940","8.45M","-0.70%"
"09/27/2024","4.4270","4.3970","4.4420","4.3970","6.23M","0.43%"
"09/26/2024","4.4080","4.4380","4.4440","4.3840","7.22M","-0.56%"
"09/25/2024","4.4330","4.4010","4.4350","4.4010","5.02M","0.20%"
"09/24/2024","4.4240","4.3860","4.4270","4.3750","5.67M","0.77%"
"09/23/2024","4.3900","4.3260","4.3900","4.3240","6.66M","1.55%"
"09/20/2024","4.3230","4.3230","4.3500","4.3130","70.10M","-0.35%"
"09/19/2024","4.3380","4.4000","4.4220","4.3080","11.15M","-1.32%"
"09/18/2024","4.3960","4.3430","4.3960","4.3390","11.44M","1.27%"
"09/17/2024","4.3410","4.3120","4.3780","4.3100","30.00M","0.79%"
"09/16/2024","4.3070","4.2340","4.3110","4.2200","8.64M","1.60%"
"09/13/2024","4.2390","4.2210","4.2610","4.2120","9.47M","0.59%"
"09/12/2024","4.2140","4.2190","4.2300","4.1860","4.18M","0.07%"
"09/11/2024","4.2110","4.1690","4.2110","4.1680","8.15M","0.79%"
"09/10/2024","4.1780","4.1920","4.2100","4.1650","5.57M","-0.64%"
"09/09/2024","4.2050","4.2200","4.2250","4.1860","5.27M","-0.19%"
"09/06/2024","4.2130","4.2210","4.2330","4.1890","6.96M","-0.43%"
"09/05/2024","4.2310","4.1830","4.2490","4.1730","8.41M","0.79%"
"09/04/2024","4.1980","4.1600","4.1980","4.1460","8.96M","0.57%"
"09/03/2024","4.1740","4.1600","4.1740","4.1380","6.89M","0.43%"
"09/02/2024","4.1560","4.0920","4.1670","4.0830","9.78M","1.51%"
"08/30/2024","4.0940","4.0830","4.1110","4.0820","49.59M","0.42%"
"08/29/2024","4.0770","4.0780","4.1050","4.0650","5.95M","-0.02%"
"08/28/2024","4.0780","4.0940","4.1010","4.0450","5.80M","-0.54%"
"08/27/2024","4.1000","4.0830","4.1000","4.0730","6.47M","0.32%"
"08/26/2024","4.0870","4.0540","4.1130","4.0490","6.55M","0.57%"
"08/23/2024","4.0640","4.0420","4.0700","4.0360","4.60M","0.72%"
"08/22/2024","4.0350","4.0470","4.0700","4.0350","3.66M","-0.17%"
"08/21/2024","4.0420","4.0760","4.0770","4.0250","7.62M","-1.08%"
"08/20/2024","4.0860","4.1330","4.1360","4.0510","7.34M","-1.14%"
"08/19/2024","4.1330","4.0820","4.1640","4.0780","9.65M","1.22%"
"08/16/2024","4.0830","4.0580","4.0860","4.0420","5.42M","0.54%"
"08/15/2024","4.0610","4.0670","4.0940","4.0460","5.35M","0.02%"
"08/14/2024","4.0600","4.0440","4.0600","4.0300","6.17M","0.62%"
"08/13/2024","4.0350","4.0250","4.0620","4.0180","6.57M","0.07%"
"08/12/2024","4.0320","4.0360","4.0550","4.0110","5.45M","0.12%"
"08/09/2024","4.0270","4.0300","4.0770","4.0220","4.13M","-0.07%"
"08/08/2024","4.0300","4.0080","4.0460","3.9910","4.94M","0.40%"
"08/07/2024","4.0140","4.0280","4.0320","3.9410","10.48M","0.45%"
"08/06/2024","3.9960","4.0390","4.0390","3.9580","9.51M","-1.04%"
"08/05/2024","4.0380","4.0400","4.0700","4.0000","16.16M","-2.04%"
"08/02/2024","4.1220","4.1150","4.1380","4.0590","10.69M","-0.65%"
"08/01/2024","4.1490","4.1800","4.2080","4.1080","8.96M","-0.72%"
"07/31/2024","4.1790","4.1900","4.2180","4.1310","10.76M","-0.74%"
"07/30/2024","4.2100","4.1640","4.2150","4.1640","10.47M","1.13%"
"07/29/2024","4.1630","4.1670","4.1970","4.1450","5.11M","-0.07%"
"07/26/2024","4.1660","4.1550","4.1660","4.1220","8.54M","-0.17%"
"07/25/2024","4.1730","4.1100","4.1880","4.0900","7.78M","1.29%"
"07/24/2024","4.1200","4.0950","4.1200","4.0790","5.46M","0.02%"
"07/23/2024","4.1190","4.1160","4.1210","4.0800","9.49M","-0.29%"
"07/22/2024","4.1310","4.1390","4.1640","4.1160","8.05M","0.51%"
"07/19/2024","4.1100","4.1140","4.1480","4.0850","11.27M","-0.36%"
"07/18/2024","4.1250","4.0270","4.1360","4.0270","12.33M","2.87%"
"07/17/2024","4.0100","3.9570","4.0210","3.9480","6.87M","1.37%"
"07/16/2024","3.9560","3.9800","3.9880","3.9220","9.03M","-0.88%"
"07/15/2024","3.9910","4.0290","4.0360","3.9720","6.95M","-1.07%"
"07/12/2024","4.0340","4.0420","4.0550","4.0190","4.90M","-0.22%"
"07/11/2024","4.0430","4.0220","4.0590","4.0050","10.37M","1.20%"
"07/10/2024","3.9950","3.9560","4.0220","3.9450","12.67M","1.58%"
"07/09/2024","3.9330","3.9560","3.9630","3.9090","9.36M","-0.83%"
"07/08/2024","3.9660","3.9640","4.0060","3.9460","10.45M","-0.20%"
"07/05/2024","3.9740","3.9760","3.9990","3.9580","6.47M","-0.15%"
"07/04/2024","3.9800","3.9570","3.9930","3.9490","5.05M","0.61%"
"07/03/2024","3.9560","3.9350","3.9700","3.9230","6.57M","0.82%"
"07/02/2024","3.9240","3.9720","3.9720","3.9120","10.61M","-1.48%"
"07/01/2024","3.9830","3.9950","4.0120","3.9770","10.54M","0.58%"
"06/28/2024","3.9600","3.9850","4.0050","3.9450","11.88M","-0.83%"
"06/27/2024","3.9930","4.0090","4.0210","3.9910","6.20M","-0.62%"
"06/26/2024","4.0180","4.0470","4.0630","3.9980","8.82M","-0.47%"
"06/25/2024","4.0370","4.1100","4.1170","4.0170","41.25M","-1.75%"
"06/24/2024","4.1090","4.0800","4.1280","4.0410","16.47M","0.49%"
"06/21/2024","4.0890","4.0450","4.0890","4.0100","84.22M","1.34%"
"06/20/2024","4.0350","3.9890","4.0590","3.9880","8.32M","0.93%"
"06/19/2024","3.9980","4.0110","4.0140","3.9780","10.78M","-0.03%"
"06/18/2024","3.9990","4.0050","4.0240","3.9530","18.09M","-3.68%"
"06/17/2024","4.1520","4.1490","4.1690","4.1240","13.20M","1.02%"
"06/14/2024","4.1100","4.1020","4.1200","4.0570","22.83M","-0.70%"
"06/13/2024","4.1390","4.1910","4.1960","4.1210","49.31M","-2.36%"
"06/12/2024","4.2390","4.2870","4.2870","4.2320","33.05M","-0.91%"
"06/11/2024","4.2780","4.3400","4.3410","4.2330","22.45M","-1.36%"
"06/10/2024","4.3370","4.3700","4.3870","4.3170","34.76M","-0.94%"
"06/07/2024","4.3780","4.4070","4.4110","4.3610","8.79M","-0.86%"
"06/06/2024","4.4160","4.4050","4.4590","4.3790","8.33M","0.39%"
"06/05/2024","4.3990","4.4600","4.4800","4.3920","43.86M","-1.26%"
"06/04/2024","4.4550","4.3630","4.4580","4.3620","77.69M","2.11%"
"06/03/2024","4.3630","4.3000","4.3760","4.2980","36.59M","1.82%"
"05/31/2024","4.2850","4.2700","4.2950","4.2550","45.73M","0.59%"
"05/30/2024","4.2600","4.1800","4.2660","4.1800","10.87M","1.87%"
"05/29/2024","4.1820","4.2010","4.2370","4.1820","9.39M","-0.69%"
"05/28/2024","4.2110","4.1870","4.2140","4.1750","10.50M","0.57%"
"05/27/2024","4.1870","4.1690","4.1950","4.1420","6.86M","0.77%"
"05/24/2024","4.1550","4.1600","4.1620","4.1260","6.55M","-0.34%"
"05/23/2024","4.1690","4.2000","4.2020","4.1600","8.49M","-0.83%"
"05/22/2024","4.2040","4.2400","4.2420","4.1780","9.10M","-0.71%"
"05/21/2024","4.2340","4.2200","4.2590","4.2080","30.06M","1.15%"
"05/20/2024","4.1860","4.1410","4.1940","4.1370","10.86M","1.11%"
"05/17/2024","4.1400","4.1300","4.1450","4.0990","14.93M","0.34%"
"05/16/2024","4.1260","4.1500","4.1570","4.1010","15.25M","-0.63%"
"05/15/2024","4.1520","4.1390","4.2080","4.1300","23.22M","0.44%"
"05/14/2024","4.1340","4.1350","4.1450","4.0690","25.95M","-0.12%"
"05/13/2024","4.1390","4.1150","4.1390","4.1050","12.54M","0.71%"
"05/10/2024","4.1100","4.1560","4.1780","4.0960","28.72M","-1.18%"
"05/09/2024","4.1590","4.1400","4.2300","4.1150","69.47M","-0.69%"
"05/08/2024","4.1880","4.2640","4.2740","4.1860","34.89M","-2.20%"
"05/07/2024","4.2820","4.2880","4.3070","4.2750","12.84M","0.16%"
"05/06/2024","4.2750","4.2580","4.3000","4.2540","9.46M","0.33%"
"05/03/2024","4.2610","4.2340","4.2790","4.2280","13.37M","0.73%"
"05/02/2024","4.2300","4.1860","4.2420","4.1830","14.07M","0.57%"
"04/30/2024","4.2060","4.2500","4.2660","4.1900","23.95M","-0.99%"
"04/29/2024","4.2480","4.2210","4.2600","4.2120","13.00M","0.62%"
"04/26/2024","4.2220","4.1600","4.2400","4.1540","16.45M","1.73%"
"04/25/2024","4.1500","4.1140","4.1530","4.1080","11.74M","0.78%"
"04/24/2024","4.1180","4.1480","4.1620","4.1050","17.34M","-0.53%"
"04/23/2024","4.1400","4.0960","4.1680","4.0940","16.39M","1.10%"
"04/22/2024","4.0950","4.0340","4.1050","4.0310","23.88M","2.20%"
"04/19/2024","4.0070","3.9610","4.0090","3.9310","14.19M","1.21%"
"04/18/2024","3.9590","3.9180","3.9670","3.9160","8.85M","1.18%"
"04/17/2024","3.9130","3.8740","3.9250","3.8480","9.40M","0.75%"
"04/16/2024","3.8840","3.9020","3.9230","3.8600","13.73M","-0.99%"
"04/15/2024","3.9230","3.9430","3.9600","3.9130","11.55M","-0.91%"
"04/12/2024","3.9590","3.9450","3.9690","3.9380","14.08M","0.74%"
"04/11/2024","3.9300","3.9590","3.9640","3.9030","9.86M","-0.25%"
"04/10/2024","3.9400","3.9880","3.9930","3.9090","10.89M","-0.86%"
"04/09/2024","3.9740","3.9860","4.0020","3.9630","10.56M","0.08%"
"04/08/2024","3.9710","3.9800","3.9850","3.9530","11.30M","-0.15%"
"04/05/2024","3.9770","4.0300","4.0330","3.9570","16.03M","-2.07%"
"04/04/2024","4.0610","4.0460","4.0940","4.0460","34.01M","0.42%"
"04/03/2024","4.0440","4.0650","4.0980","4.0330","13.19M","-0.59%"
"04/02/2024","4.0680","4.0870","4.1220","4.0600","73.80M","-0.51%"
"03/28/2024","4.0890","4.1000","4.1260","4.0860","16.20M","0.00%"
"03/27/2024","4.0890","4.0810","4.1150","4.0700","16.87M","0.64%"
"03/26/2024","4.0630","4.0000","4.0920","3.9890","76.30M","1.83%"
"03/25/2024","3.9900","3.9650","3.9980","3.9650","10.20M","0.53%"
"03/22/2024","3.9690","3.9630","4.0150","3.9620","19.12M","0.35%"
"03/21/2024","3.9550","3.9300","3.9790","3.9280","12.51M","0.94%"
"03/20/2024","3.9180","3.8970","3.9210","3.8970","8.20M","0.44%"
"03/19/2024","3.9010","3.9100","3.9230","3.8930","8.43M","0.08%"
"03/18/2024","3.8980","3.9200","3.9320","3.8900","10.36M","-0.49%"
"03/15/2024","3.9170","3.8720","3.9460","3.8720","49.60M","1.21%"
"03/14/2024","3.8700","3.8920","3.9170","3.8530","31.40M","-0.41%"
"03/13/2024","3.8860","3.8760","3.9050","3.8670","12.70M","0.39%"
"03/12/2024","3.8710","3.8840","3.9040","3.8710","14.01M","-0.15%"
"03/11/2024","3.8770","3.8480","3.8910","3.8460","9.96M","0.81%"
"03/08/2024","3.8460","3.8350","3.8560","3.8240","7.98M","0.21%"
"03/07/2024","3.8380","3.8310","3.8810","3.8300","9.45M","-0.08%"
"03/06/2024","3.8410","3.8400","3.8890","3.8350","14.77M","0.18%"
"03/05/2024","3.8340","3.8160","3.8380","3.8030","6.95M","0.10%"
"03/04/2024","3.8300","3.8160","3.8390","3.8110","42.67M","0.21%"
"03/01/2024","3.8220","3.7750","3.8430","3.7670","29.67M","0.76%"
"02/29/2024","3.7930","3.8310","3.8420","3.7900","16.75M","-0.91%"
"02/28/2024","3.8280","3.8200","3.8740","3.8140","12.07M","0.47%"
"02/27/2024","3.8100","3.7510","3.8150","3.7510","8.18M","0.90%"
"02/26/2024","3.7760","3.7550","3.7940","3.7480","6.70M","0.00%"
"02/23/2024","3.7760","3.7440","3.7760","3.7100","8.53M","0.88%"
"02/22/2024","3.7430","3.7230","3.7920","3.6790","37.38M","1.60%"
"02/21/2024","3.6840","3.6660","3.7000","3.6560","7.67M","0.46%"
"02/20/2024","3.6670","3.6270","3.6780","3.6270","7.58M","1.13%"
"02/19/2024","3.6260","3.5700","3.6360","3.5690","9.58M","1.83%"
"02/16/2024","3.5610","3.6200","3.6200","3.5420","13.50M","-1.58%"
"02/15/2024","3.6180","3.5700","3.6300","3.5700","12.40M","1.20%"
"02/14/2024","3.5750","3.5800","3.6100","3.5630","7.56M","-0.14%"
"02/13/2024","3.5800","3.5880","3.6380","3.5800","7.56M","-0.17%"
"02/12/2024","3.5860","3.5710","3.5880","3.5610","5.67M","0.93%"
"02/09/2024","3.5530","3.5780","3.5980","3.5410","10.79M","-0.81%"
"02/08/2024","3.5820","3.5860","3.5940","3.5510","10.11M","-0.22%"
"02/07/2024","3.5900","3.6420","3.6470","3.5870","8.75M","-1.51%"
"02/06/2024","3.6450","3.6600","3.6690","3.6160","9.66M","-0.38%"
"02/05/2024","3.6590","3.6970","3.7300","3.6560","6.48M","-1.08%"
"02/02/2024","3.6990","3.7360","3.7550","3.6990","7.45M","-0.83%"
"02/01/2024","3.7300","3.7580","3.7840","3.7250","8.89M","-1.06%"
"01/31/2024","3.7700","3.7780","3.7970","3.7460","7.59M","0.03%"
"01/30/2024","3.7690","3.8110","3.8280","3.7630","5.41M","-1.23%"
"01/29/2024","3.8160","3.8250","3.8350","3.7940","7.67M","-0.18%"
"01/26/2024","3.8230","3.7890","3.8380","3.7720","26.18M","0.74%"
"01/25/2024","3.7950","3.8100","3.8120","3.7810","4.35M","-0.47%"
"01/24/2024","3.8130","3.8360","3.8590","3.8120","8.82M","-0.18%"
"01/23/2024","3.8200","3.8170","3.8440","3.8020","27.02M","0.18%"
"01/22/2024","3.8130","3.7930","3.8230","3.7840","6.94M","0.87%"
"01/19/2024","3.7800","3.7500","3.7960","3.7500","32.97M","1.26%"
"01/18/2024","3.7330","3.7600","3.7600","3.7190","6.45M","-1.01%"
"01/17/2024","3.7710","3.7640","3.7790","3.7270","8.98M","-0.11%"
"01/16/2024","3.7750","3.7580","3.8020","3.7420","8.32M","0.08%"
"01/15/2024","3.7720","3.7200","3.7810","3.7200","6.70M","1.43%"
"01/12/2024","3.7190","3.6930","3.7370","3.6920","6.28M","-0.13%"
"01/11/2024","3.7240","3.7280","3.7330","3.6990","7.48M","0.38%"
"01/10/2024","3.7100","3.7140","3.7390","3.6990","24.33M","-0.54%"
"01/09/2024","3.7300","3.7260","3.7550","3.7040","6.66M","-0.05%"
"01/08/2024","3.7320","3.7000","3.7320","3.6780","6.60M","1.03%"
"01/05/2024","3.6940","3.6890","3.7030","3.6620","7.65M","-0.11%"
"01/04/2024","3.6980","3.6500","3.7010","3.6500","20.06M","1.57%"
"01/03/2024","3.6410","3.6320","3.6900","3.6320","9.25M","0.36%"
"01/02/2024","3.6280","3.5530","3.6330","3.5410","9.38M","2.66%"
"12/29/2023","3.5340","3.5380","3.5460","3.5250","10.37M","-0.17%"
"12/28/2023","3.5400","3.5600","3.5700","3.5300","11.91M","-0.87%"
"12/27/2023","3.5710","3.5700","3.5900","3.5550","18.68M","-0.36%"
"12/22/2023","3.5840","3.6200","3.6500","3.5710","11.99M","-1.08%"
"12/21/2023","3.6230","3.6540","3.6850","3.6150","10.42M","-1.52%"
"12/20/2023","3.6790","3.8200","3.8200","3.6460","34.15M","3.20%"
"12/19/2023","3.5650","3.5940","3.6060","3.5560","51.88M","-0.75%"
"12/18/2023","3.5920","3.6130","3.6360","3.5810","28.45M","-0.91%"
"12/15/2023","3.6250","3.6820","3.6900","3.6190","66.24M","-1.55%"
"12/14/2023","3.6820","3.6960","3.7440","3.6800","56.46M","0.30%"
"12/13/2023","3.6710","3.7890","3.7890","3.6520","21.42M","-3.39%"
"12/12/2023","3.8000","3.8670","3.8700","3.7840","32.83M","-5.40%"
"12/11/2023","4.0170","4.0250","4.0400","3.9980","30.71M","0.35%"
"12/08/2023","4.0030","4.0200","4.0270","4.0010","8.75M","-0.47%"
"12/07/2023","4.0220","4.0460","4.0610","4.0050","57.04M","-0.59%"
"12/06/2023","4.0460","4.0500","4.0750","4.0330","30.25M","0.32%"
"12/05/2023","4.0330","4.0160","4.0470","4.0040","78.05M","0.42%"
"12/04/2023","4.0160","4.0110","4.0200","3.9910","19.21M","0.25%"
"12/01/2023","4.0060","3.9600","4.0160","3.9600","17.96M","1.32%"
"11/30/2023","3.9540","3.8950","3.9540","3.8870","46.71M","1.70%"
"11/29/2023","3.8880","3.8640","3.9000","3.8470","10.39M","0.73%"
"11/28/2023","3.8600","3.8350","3.8600","3.8160","10.49M","0.52%"
"11/27/2023","3.8400","3.8340","3.8590","3.8230","9.00M","0.29%"
"11/24/2023","3.8290","3.8400","3.8420","3.8070","7.28M","-0.23%"
"11/23/2023","3.8380","3.8230","3.8510","3.8100","9.36M","0.37%"
"11/22/2023","3.8240","3.7960","3.8390","3.7870","9.34M","1.11%"
"11/21/2023","3.7820","3.8200","3.8200","3.7670","8.34M","-0.45%"
"11/20/2023","3.7990","3.7530","3.8020","3.7530","9.11M","1.23%"
"11/17/2023","3.7530","3.7350","3.7660","3.7260","18.30M","0.89%"
"11/16/2023","3.7200","3.7180","3.7430","3.7150","6.35M","0.24%"
"11/15/2023","3.7110","3.7400","3.7620","3.7020","10.22M","-0.70%"
"11/14/2023","3.7370","3.7500","3.7640","3.7270","7.89M","-0.35%"
"11/13/2023","3.7500","3.7410","3.7580","3.7250","9.21M","1.19%"
"11/10/2023","3.7060","3.6900","3.7410","3.6830","7.53M","0.41%"
"11/09/2023","3.6910","3.7040","3.7280","3.6550","10.83M","0.08%"
"11/08/2023","3.6880","3.6820","3.8300","3.6230","21.78M","-0.46%"
"11/07/2023","3.7050","3.6610","3.7230","3.6140","16.84M","-0.54%"
"11/06/2023","3.7250","3.7500","3.7660","3.7150","8.60M","-0.75%"
"11/03/2023","3.7530","3.6790","3.7560","3.6670","11.81M","2.77%"
"11/02/2023","3.6520","3.6070","3.6750","3.5970","9.39M","1.50%"
"11/01/2023","3.5980","3.6410","3.6510","3.5930","11.92M","-1.32%"
"10/31/2023","3.6460","3.6280","3.6750","3.5950","8.46M","0.97%"
"10/30/2023","3.6110","3.5860","3.6790","3.5800","16.53M","1.15%"
"10/27/2023","3.5700","3.5620","3.6060","3.5610","8.84M","0.31%"
"10/26/2023","3.5590","3.5550","3.5700","3.5320","10.39M","-0.42%"
"10/25/2023","3.5740","3.6250","3.6360","3.5550","17.56M","-2.22%"
"10/24/2023","3.6550","3.6740","3.6740","3.6300","11.36M","-0.87%"
"10/23/2023","3.6870","3.7310","3.7350","3.6600","11.24M","-1.31%"
"10/20/2023","3.7360","3.7510","3.7900","3.6760","19.94M","-1.74%"
"10/19/2023","3.8020","3.8280","3.8450","3.7600","10.75M","-1.20%"
"10/18/2023","3.8480","3.8390","3.8870","3.8380","7.81M","-0.05%"
"10/17/2023","3.8500","3.8480","3.8660","3.8300","4.44M","0.08%"
"10/16/2023","3.8470","3.8470","3.8600","3.8170","4.37M","0.16%"
"10/13/2023","3.8410","3.8440","3.8800","3.8290","4.95M","-0.13%"
"10/12/2023","3.8460","3.8560","3.8750","3.8290","6.13M","-0.54%"
"10/11/2023","3.8670","3.8450","3.8960","3.8350","9.65M","0.31%"
"10/10/2023","3.8550","3.8400","3.8850","3.8400","8.66M","1.07%"
"10/09/2023","3.8140","3.7700","3.8210","3.7600","7.85M","0.69%"
"10/06/2023","3.7880","3.8100","3.8250","3.7360","7.21M","0.08%"
"10/05/2023","3.7850","3.7620","3.8070","3.7260","7.20M","1.26%"
"10/04/2023","3.7380","3.7670","3.7960","3.7320","15.39M","-0.98%"
"10/03/2023","3.7750","3.8200","3.8370","3.7450","12.20M","-1.26%"
"10/02/2023","3.8230","3.8590","3.8860","3.8160","12.24M","-1.16%"
"09/29/2023","3.8680","3.8870","3.8870","3.8250","10.85M","0.00%"
"09/28/2023","3.8680","3.8650","3.9010","3.8380","15.19M","0.08%"
"09/27/2023","3.8650","3.9230","3.9280","3.8460","29.97M","-1.70%"
"09/26/2023","3.9320","3.9580","3.9590","3.9100","13.25M","-0.83%"
"09/25/2023","3.9650","4.0300","4.0380","3.9310","10.66M","-1.90%"
"09/22/2023","4.0420","4.0590","4.0610","4.0240","26.14M","-0.93%"
"09/21/2023","4.0800","4.0880","4.0970","4.0380","10.20M","-0.22%"
"09/20/2023","4.0890","4.0200","4.0980","4.0200","11.97M","1.54%"
"09/19/2023","4.0270","3.9920","4.0330","3.9900","8.11M","1.00%"
"09/18/2023","3.9870","3.9330","3.9970","3.9120","10.08M","1.27%"
"09/15/2023","3.9370","3.9620","3.9970","3.9300","25.82M","-0.20%"
"09/14/2023","3.9450","3.9280","3.9500","3.8710","10.35M","-0.30%"
"09/13/2023","3.9570","3.9370","3.9770","3.9160","9.56M","0.43%"
"09/12/2023","3.9400","3.9100","3.9730","3.9070","17.05M","1.18%"
"09/11/2023","3.8940","3.8620","3.9070","3.8580","7.10M","1.25%"
"09/08/2023","3.8460","3.8520","3.8660","3.8330","5.40M","0.18%"
"09/07/2023","3.8390","3.7720","3.8450","3.7610","10.06M","2.07%"
"09/06/2023","3.7610","3.8810","3.8890","3.7560","15.21M","0.27%"
"09/05/2023","3.7510","3.7410","3.7690","3.7100","7.41M","-0.05%"
"09/04/2023","3.7530","3.8400","3.8420","3.7360","8.28M","-1.96%"
"09/01/2023","3.8280","3.8250","3.8520","3.8210","4.24M","0.10%"
"08/31/2023","3.8240","3.8160","3.8620","3.8160","11.64M","0.21%"
"08/30/2023","3.8160","3.7950","3.8460","3.7900","10.17M","0.55%"
"08/29/2023","3.7950","3.7600","3.8050","3.7500","70.88M","1.50%"
"08/28/2023","3.7390","3.6970","3.7600","3.6960","759.37K","1.41%"
"08/25/2023","3.6870","3.6850","3.7220","3.6780","5.66M","-0.08%"
"08/24/2023","3.6900","3.6800","3.6980","3.6680","6.50M","0.68%"
"08/23/2023","3.6650","3.6180","3.6650","3.6150","6.85M","1.58%"
"08/22/2023","3.6080","3.6180","3.6470","3.6010","4.38M","0.00%"
"08/21/2023","3.6080","3.6020","3.6530","3.6000","5.47M","-0.50%"
"08/18/2023","3.6260","3.5850","3.6380","3.5820","8.76M","0.64%"
"08/17/2023","3.6030","3.5850","3.6050","3.5730","6.43M","0.08%"
"08/16/2023","3.6000","3.6050","3.6090","3.5650","7.02M","-0.61%"
"08/15/2023","3.6220","3.6400","3.6660","3.6090","5.35M","-0.77%"
"08/14/2023","3.6500","3.6300","3.6590","3.6300","7.73M","0.44%"
"08/11/2023","3.6340","3.6300","3.6630","3.6220","16.50M","0.00%"
"08/10/2023","3.6340","3.5790","3.6460","3.5790","10.80M","1.88%"
"08/09/2023","3.5670","3.5300","3.5760","3.5250","8.87M","1.45%"
"08/08/2023","3.5160","3.5010","3.5250","3.4860","8.16M","0.06%"
"08/07/2023","3.5140","3.5310","3.5350","3.5000","7.92M","-0.59%"
"08/04/2023","3.5350","3.5380","3.5490","3.5060","9.87M","0.54%"
"08/03/2023","3.5160","3.5440","3.5710","3.5060","49.72M","-1.18%"
"08/02/2023","3.5580","3.8190","3.8200","3.5320","53.78M","-7.03%"
"08/01/2023","3.8270","3.8830","3.8940","3.8210","9.22M","-1.29%"
"07/31/2023","3.8770","3.9300","3.9360","3.8770","12.09M","-1.32%"
"07/28/2023","3.9290","3.9280","3.9640","3.9200","10.17M","-0.53%"
"07/27/2023","3.9500","3.8450","3.9550","3.8340","25.23M","3.57%"
"07/26/2023","3.8140","3.7700","3.8210","3.7510","17.87M","1.73%"
"07/25/2023","3.7490","3.7700","3.7730","3.7380","6.51M","-0.74%"
"07/24/2023","3.7770","3.7040","3.8050","3.6800","9.91M","1.37%"
"07/21/2023","3.7260","3.6890","3.7300","3.6740","11.63M","1.00%"
"07/20/2023","3.6890","3.6440","3.7020","3.6440","51.92M","1.32%"
"07/19/2023","3.6410","3.6240","3.6560","3.6210","18.50M","0.55%"
"07/18/2023","3.6210","3.6600","3.6600","3.5700","12.30M","-1.17%"
"07/17/2023","3.6640","3.6480","3.7180","3.6480","55.04M","0.27%"
"07/14/2023","3.6540","3.6580","3.7030","3.6510","6.78M","-0.05%"
"07/13/2023","3.6560","3.6600","3.6740","3.6310","8.27M","-0.11%"
"07/12/2023","3.6600","3.6300","3.6600","3.6200","11.09M","1.16%"
"07/11/2023","3.6180","3.6180","3.6220","3.5850","6.88M","-0.08%"
"07/10/2023","3.6210","3.6260","3.6450","3.6150","8.10M","-0.28%"
"07/07/2023","3.6310","3.6760","3.6760","3.6210","11.76M","-1.14%"
"07/06/2023","3.6730","3.6500","3.7120","3.5970","15.32M","-1.66%"
"07/05/2023","3.7350","3.7550","3.7830","3.7230","11.02M","-0.48%"
"07/04/2023","3.7530","3.7840","3.8030","3.7510","5.72M","-0.64%"
"07/03/2023","3.7770","3.7310","3.8020","3.7300","37.87M","1.64%"
"06/30/2023","3.7160","3.6970","3.7470","3.6810","15.57M","0.76%"
"06/29/2023","3.6880","3.6700","3.6960","3.6660","7.35M","0.77%"
"06/28/2023","3.6600","3.6630","3.6930","3.6520","6.37M","0.27%"
"06/27/2023","3.6500","3.6200","3.6590","3.5930","28.94M","0.97%"
"06/26/2023","3.6150","3.6500","3.6510","3.6150","6.01M","-0.74%"
"06/23/2023","3.6420","3.6130","3.6490","3.6010","37.42M","0.80%"
"06/22/2023","3.6130","3.6200","3.6330","3.5920","7.95M","-0.69%"
"06/21/2023","3.6380","3.6540","3.6610","3.6270","29.69M","-0.27%"
"06/20/2023","3.6480","3.6490","3.6570","3.6170","70.67M","-0.27%"
"06/19/2023","3.6580","3.6200","3.6980","3.6130","32.15M","0.99%"
"06/16/2023","3.6220","3.6600","3.6770","3.6200","50.95M","-0.90%"
"06/15/2023","3.6550","3.6330","3.6630","3.6020","45.17M","0.61%"
"06/14/2023","3.6330","3.6300","3.6890","3.5950","15.03M","-0.36%"
"06/13/2023","3.6460","3.7150","3.7210","3.6380","16.48M","-5.18%"
"06/12/2023","3.8450","3.9170","3.9170","3.8450","15.80M","-1.06%"
"06/09/2023","3.8860","3.8890","3.9110","3.8800","7.79M","0.26%"
"06/08/2023","3.8760","3.8920","3.9060","3.8540","8.41M","-0.31%"
"06/07/2023","3.8880","3.8240","3.9050","3.8200","62.01M","1.17%"
"06/06/2023","3.8430","3.9200","3.9260","3.8170","36.49M","-2.04%"
"06/05/2023","3.9230","3.9170","3.9640","3.9130","103.20M","0.82%"
"06/02/2023","3.8910","3.9470","3.9870","3.8240","15.90M","-0.77%"
"06/01/2023","3.9210","3.9570","3.9670","3.9170","8.97M","-1.23%"
"05/31/2023","3.9700","3.9100","3.9800","3.9080","62.32M","1.40%"
"05/30/2023","3.9150","3.9820","3.9880","3.9120","6.81M","-1.46%"
"05/29/2023","3.9730","3.9660","3.9940","3.9540","4.75M","1.12%"
"05/26/2023","3.9290","3.9400","3.9460","3.8950","7.10M","0.00%"
"05/25/2023","3.9290","4.0010","4.0110","3.9140","9.46M","-1.68%"
"05/24/2023","3.9960","3.9900","4.0270","3.9820","7.94M","0.05%"
"05/23/2023","3.9940","3.9570","3.9980","3.9440","7.19M","1.11%"
"05/22/2023","3.9500","3.9420","3.9850","3.9370","5.19M","0.64%"
"05/19/2023","3.9250","3.9400","3.9510","3.8860","9.31M","-0.23%"
"05/18/2023","3.9340","3.9500","3.9800","3.9200","5.41M","-0.05%"
"05/17/2023","3.9360","3.9550","3.9860","3.9340","7.35M","-0.66%"
"05/16/2023","3.9620","3.9160","4.0000","3.9100","9.17M","0.92%"
"05/15/2023","3.9260","3.9000","3.9280","3.8710","7.86M","1.24%"
"05/12/2023","3.8780","3.8700","3.9290","3.8700","14.77M","0.81%"
"05/11/2023","3.8470","4.0300","4.0660","3.8250","76.39M","-4.54%"
"05/10/2023","4.0300","4.0190","4.0490","3.9910","14.47M","0.57%"
"05/09/2023","4.0070","4.0110","4.0280","4.0000","6.22M","-0.15%"
"05/08/2023","4.0130","4.0230","4.0450","4.0110","3.95M","-0.30%"
"05/05/2023","4.0250","4.0090","4.0520","3.9780","8.19M","0.45%"
"05/04/2023","4.0070","4.0750","4.0800","3.9850","16.62M","-1.62%"
"05/03/2023","4.0730","4.0300","4.0810","4.0250","4.87M","0.64%"
"05/02/2023","4.0470","4.1110","4.1110","4.0330","12.04M","-1.89%"
"04/28/2023","4.1250","4.1350","4.1470","4.0880","66.47M","0.15%"
"04/27/2023","4.1190","4.0520","4.1210","4.0460","8.49M","1.28%"
"04/26/2023","4.0670","3.9640","4.0850","3.9550","11.34M","2.42%"
"04/25/2023","3.9710","4.0140","4.0160","3.9480","8.94M","-0.97%"
"04/24/2023","4.0100","4.0590","4.0620","4.0060","11.05M","-1.09%"
"04/21/2023","4.0540","4.0720","4.0830","4.0330","43.06M","-0.49%"
"04/20/2023","4.0740","4.1050","4.1120","4.0660","7.37M","-0.90%"
"04/19/2023","4.1110","4.0930","4.1170","4.0790","5.94M","0.37%"
"04/18/2023","4.0960","4.0880","4.1140","4.0650","20.30M","0.61%"
"04/17/2023","4.0710","4.0470","4.0930","4.0390","15.59M","0.52%"
"04/14/2023","4.0500","4.0610","4.0730","4.0270","6.64M","-0.22%"
"04/13/2023","4.0590","4.0600","4.0680","4.0170","11.62M","-0.02%"
"04/12/2023","4.0600","4.0860","4.1050","4.0540","7.01M","-0.25%"
"04/11/2023","4.0700","4.0710","4.1050","4.0620","7.93M","0.17%"
"04/06/2023","4.0630","4.0200","4.0840","4.0000","16.12M","0.69%"
"04/05/2023","4.0350","3.9500","4.0350","3.9500","15.08M","2.23%"
"04/04/2023","3.9470","3.9990","4.0010","3.9430","7.22M","-1.25%"
"04/03/2023","3.9970","3.9900","4.0130","3.9690","7.67M","0.60%"
"03/31/2023","3.9730","3.9680","4.0200","3.9640","11.00M","0.38%"
"03/30/2023","3.9580","3.9200","3.9730","3.9180","19.93M","2.09%"
"03/29/2023","3.8770","3.8250","3.8900","3.8120","18.41M","1.73%"
"03/28/2023","3.8110","3.8250","3.8470","3.8030","7.21M","-0.29%"
"03/27/2023","3.8220","3.7980","3.8350","3.7980","13.81M","1.43%"
"03/24/2023","3.7680","3.8000","3.8060","3.7370","11.79M","-1.10%"
"03/23/2023","3.8100","3.8280","3.8370","3.8020","7.47M","-0.57%"
"03/22/2023","3.8320","3.8500","3.8610","3.8120","49.85M","-0.21%"
"03/21/2023","3.8400","3.7900","3.8700","3.7680","12.44M","2.29%"
"03/20/2023","3.7540","3.7000","3.7600","3.6610","11.14M","1.40%"
"03/17/2023","3.7020","3.7240","3.7600","3.6720","68.87M","-0.54%"
"03/16/2023","3.7220","3.7840","3.7840","3.7190","34.27M","-0.83%"
"03/15/2023","3.7530","3.8340","3.8690","3.7390","17.58M","-1.52%"
"03/14/2023","3.8110","3.7970","3.8230","3.7700","14.15M","0.03%"
"03/13/2023","3.8100","3.9200","3.9200","3.7950","17.05M","-2.73%"
"03/10/2023","3.9170","3.9000","3.9320","3.8790","10.53M","-0.31%"
"03/09/2023","3.9290","3.9340","3.9590","3.9220","6.87M","-0.13%"
"03/08/2023","3.9340","3.9260","3.9460","3.8990","10.75M","0.03%"
"03/07/2023","3.9330","3.9550","3.9730","3.9240","32.05M","-0.81%"
"03/06/2023","3.9650","3.9220","3.9680","3.9220","8.31M","1.67%"
"03/03/2023","3.9000","3.9000","3.9190","3.8660","9.76M","0.18%"
"03/02/2023","3.8930","3.8900","3.9220","3.8650","10.27M","0.00%"
"03/01/2023","3.8930","3.8630","3.9930","3.8560","20.33M","1.14%"
"02/28/2023","3.8490","3.9120","3.9230","3.8360","25.88M","-1.64%"
"02/27/2023","3.9130","3.9000","3.9230","3.8940","18.25M","0.23%"
"02/24/2023","3.9040","3.8610","3.9500","3.8600","16.99M","0.96%"
"02/23/2023","3.8670","3.8500","3.9570","3.8030","23.15M","1.52%"
"02/22/2023","3.8090","3.7550","3.8230","3.7430","12.98M","1.14%"
"02/21/2023","3.7660","3.7850","3.8100","3.7570","8.40M","-0.61%"
"02/20/2023","3.7890","3.7740","3.7980","3.7610","11.05M","-0.71%"
"02/17/2023","3.8160","3.7650","3.8300","3.7440","15.64M","1.19%"
"02/16/2023","3.7710","3.7150","3.8050","3.7140","20.75M","1.89%"
"02/15/2023","3.7010","3.6850","3.7100","3.6650","11.81M","1.06%"
"02/14/2023","3.6620","3.5600","3.6850","3.5600","29.84M","3.56%"
"02/13/2023","3.5360","3.5600","3.5730","3.5220","7.22M","-0.59%"
"02/10/2023","3.5570","3.5090","3.5600","3.5010","11.04M","0.97%"
"02/09/2023","3.5230","3.5520","3.5850","3.5150","9.13M","-0.93%"
"02/08/2023","3.5560","3.4950","3.5560","3.4900","15.12M","1.77%"
"02/07/2023","3.4940","3.4310","3.4940","3.4170","16.59M","1.54%"
"02/06/2023","3.4410","3.4540","3.4770","3.4350","11.43M","-0.66%"
"02/03/2023","3.4640","3.5420","3.5420","3.4640","16.45M","-2.20%"
"02/02/2023","3.5420","3.5010","3.5490","3.4950","16.40M","1.34%"
"02/01/2023","3.4950","3.4800","3.5020","3.4470","13.23M","0.23%"
"01/31/2023","3.4870","3.5100","3.5110","3.4710","9.93M","-0.49%"
"01/30/2023","3.5040","3.4920","3.5180","3.4790","8.98M","0.66%"
"01/27/2023","3.4810","3.4590","3.4810","3.4320","46.68M","0.87%"
"01/26/2023","3.4510","3.5000","3.5090","3.4490","11.51M","-0.89%"
"01/25/2023","3.4820","3.5420","3.5430","3.4350","17.84M","-1.69%"
"01/24/2023","3.5420","3.5860","3.5980","3.5310","11.38M","-1.23%"
"01/23/2023","3.5860","3.5800","3.6340","3.5750","11.10M","0.42%"
"01/20/2023","3.5710","3.5410","3.5710","3.5240","9.40M","1.39%"
"01/19/2023","3.5220","3.5580","3.5640","3.5030","14.44M","-1.29%"
"01/18/2023","3.5680","3.6400","3.6410","3.5600","14.64M","-1.57%"
"01/17/2023","3.6250","3.6370","3.6440","3.6010","34.87M","-0.22%"
"01/16/2023","3.6330","3.6420","3.6610","3.6110","9.64M","0.11%"
"01/13/2023","3.6290","3.6400","3.6650","3.6170","9.48M","-0.14%"
"01/12/2023","3.6340","3.6000","3.6540","3.6000","17.04M","1.34%"
"01/11/2023","3.5860","3.5850","3.6150","3.5730","11.11M","0.50%"
"01/10/2023","3.5680","3.5610","3.5830","3.5450","10.09M","0.51%"
"01/09/2023","3.5500","3.5500","3.5640","3.5170","13.04M","-0.06%"
"01/06/2023","3.5520","3.5500","3.5830","3.5350","9.21M","0.25%"
"01/05/2023","3.5430","3.5150","3.5430","3.4980","12.87M","0.17%"
"01/04/2023","3.5370","3.4740","3.5400","3.4620","14.92M","2.40%"
"01/03/2023","3.4540","3.4550","3.4860","3.4400","10.42M","0.29%"
"01/02/2023","3.4440","3.4050","3.4680","3.3940","6.15M","1.74%"
"12/30/2022","3.3850","3.4300","3.4360","3.3740","10.78M","-1.77%"
"12/29/2022","3.4460","3.3770","3.4480","3.3660","12.79M","1.71%"
"12/28/2022","3.3880","3.3750","3.4100","3.3740","24.01M","0.39%"
"12/27/2022","3.3750","3.3840","3.4030","3.3460","8.33M","-0.24%"
"12/23/2022","3.3830","3.3550","3.4020","3.3530","19.24M","0.74%"
"12/22/2022","3.3580","3.3440","3.3740","3.3320","53.44M","0.48%"
"12/21/2022","3.3420","3.2960","3.3430","3.2820","17.30M","1.74%"
"12/20/2022","3.2850","3.2690","3.3160","3.2590","13.11M","-0.15%"
"12/19/2022","3.2900","3.2550","3.2970","3.2400","79.00M","1.36%"
"12/16/2022","3.2460","3.2970","3.2980","3.2180","164.45M","-1.90%"
"12/15/2022","3.3090","3.3100","3.3350","3.2840","16.46M","-0.54%"
"12/14/2022","3.3270","3.3000","3.3400","3.2850","21.00M","1.06%"
"12/13/2022","3.2920","3.3370","3.3370","3.2600","23.06M","-4.91%"
"12/12/2022","3.4620","3.4800","3.4940","3.4420","16.95M","-0.35%"
"12/09/2022","3.4740","3.4350","3.4740","3.4180","14.82M","1.49%"
"12/08/2022","3.4230","3.5100","3.5110","3.4230","22.05M","-2.42%"
"12/07/2022","3.5080","3.5630","3.5780","3.5080","40.77M","-1.93%"
"12/06/2022","3.5770","3.5300","3.5770","3.5200","11.56M","1.19%"
"12/05/2022","3.5350","3.5700","3.5770","3.5320","14.11M","-1.26%"
"12/02/2022","3.5800","3.6120","3.6220","3.5660","67.22M","-1.59%"
"12/01/2022","3.6380","3.6100","3.6530","3.6010","57.80M","1.48%"
"11/30/2022","3.5850","3.5960","3.6110","3.5510","32.38M","-0.14%"
"11/29/2022","3.5900","3.6000","3.6100","3.5550","17.20M","-0.55%"
"11/28/2022","3.6100","3.6490","3.6560","3.6000","75.35M","-1.18%"
"11/25/2022","3.6530","3.6500","3.6710","3.6350","9.08M","0.22%"
"11/24/2022","3.6450","3.5860","3.6600","3.5780","10.30M","1.59%"
"11/23/2022","3.5880","3.6140","3.6210","3.5770","10.96M","-0.47%"
"11/22/2022","3.6050","3.5800","3.6240","3.5740","11.15M","0.36%"
"11/21/2022","3.5920","3.5350","3.6000","3.5350","9.17M","1.44%"
"11/18/2022","3.5410","3.5250","3.5440","3.5060","10.79M","1.26%"
"11/17/2022","3.4970","3.4910","3.5060","3.4560","9.17M","0.29%"
"11/16/2022","3.4870","3.5390","3.5430","3.4630","15.51M","-1.64%"
"11/15/2022","3.5450","3.6050","3.6220","3.5260","16.49M","-1.83%"
"11/14/2022","3.6110","3.6000","3.6500","3.5930","9.99M","0.78%"
"11/11/2022","3.5830","3.6200","3.6260","3.5510","13.07M","-1.13%"
"11/10/2022","3.6240","3.6140","3.6800","3.5960","15.63M","0.36%"
"11/09/2022","3.6110","3.6200","3.6210","3.5810","9.60M","-0.19%"
"11/08/2022","3.6180","3.5900","3.6550","3.5800","11.06M","1.17%"
"11/07/2022","3.5760","3.6390","3.6400","3.5530","14.85M","-1.41%"
"11/04/2022","3.6270","3.5000","3.6360","3.4350","48.52M","3.39%"
"11/03/2022","3.5080","3.5300","3.5390","3.4850","10.56M","-0.88%"
"11/02/2022","3.5390","3.5130","3.5470","3.4810","10.59M","0.97%"
"11/01/2022","3.5050","3.5090","3.5560","3.4900","11.73M","0.57%"
"10/31/2022","3.4850","3.4200","3.4850","3.3900","12.35M","2.11%"
"10/28/2022","3.4130","3.3000","3.4130","3.2950","11.81M","3.27%"
"10/27/2022","3.3050","3.3220","3.3340","3.2920","20.06M","-0.27%"
"10/26/2022","3.3140","3.3100","3.3430","3.2710","13.80M","1.94%"
"10/25/2022","3.2510","3.2930","3.3010","3.2410","11.20M","-0.79%"
"10/24/2022","3.2770","3.2660","3.3150","3.2510","10.95M","0.86%"
"10/21/2022","3.2490","3.3190","3.3200","3.2490","16.35M","-2.40%"
"10/20/2022","3.3290","3.3980","3.4300","3.2970","18.81M","-1.97%"
"10/19/2022","3.3960","3.3820","3.4230","3.3600","10.46M","0.53%"
"10/18/2022","3.3780","3.3570","3.3890","3.3470","8.17M","1.11%"
"10/17/2022","3.3410","3.3180","3.3710","3.3130","10.07M","0.88%"
"10/14/2022","3.3120","3.3250","3.3550","3.2840","10.24M","0.76%"
"10/13/2022","3.2870","3.2740","3.3300","3.2400","11.72M","-0.24%"
"10/12/2022","3.2950","3.3290","3.3310","3.2780","9.62M","-1.26%"
"10/11/2022","3.3370","3.3460","3.3590","3.3050","8.10M","-0.60%"
"10/10/2022","3.3570","3.3500","3.3980","3.3420","7.11M","-0.18%"
"10/07/2022","3.3630","3.3500","3.3950","3.3390","6.38M","-0.03%"
"10/06/2022","3.3640","3.3820","3.4170","3.3570","8.94M","-0.74%"
"10/05/2022","3.3890","3.4860","3.4860","3.3720","14.37M","-3.17%"
"10/04/2022","3.5000","3.4730","3.5170","3.4560","12.55M","0.78%"
"10/03/2022","3.4730","3.3670","3.4830","3.3390","13.40M","2.87%"
"09/30/2022","3.3760","3.3700","3.4270","3.3610","75.86M","0.93%"
"09/29/2022","3.3450","3.4440","3.4440","3.3310","15.48M","-3.32%"
"09/28/2022","3.4600","3.5330","3.5330","3.4230","14.52M","-1.59%"
"09/27/2022","3.5160","3.5540","3.5980","3.5160","14.49M","-1.37%"
"09/26/2022","3.5650","3.6620","3.6770","3.5550","22.43M","-2.62%"
"09/23/2022","3.6610","3.6970","3.7160","3.6320","13.14M","-0.54%"
"09/22/2022","3.6810","3.6600","3.7140","3.6440","12.78M","-0.11%"
"09/21/2022","3.6850","3.7800","3.8030","3.6790","15.91M","-3.08%"
"09/20/2022","3.8020","3.8800","3.8970","3.8020","10.81M","-2.09%"
"09/19/2022","3.8830","3.8670","3.8990","3.8360","7.91M","0.57%"
"09/16/2022","3.8610","3.8900","3.9080","3.8470","25.86M","-1.03%"
"09/15/2022","3.9010","3.9470","3.9610","3.9010","12.61M","-0.71%"
"09/14/2022","3.9290","3.9350","3.9480","3.9030","13.15M","-0.53%"
"09/13/2022","3.9500","3.9540","4.0120","3.9480","12.32M","-0.33%"
"09/12/2022","3.9630","3.9290","3.9790","3.9130","12.44M","0.87%"
"09/09/2022","3.9290","3.8950","3.9630","3.8900","11.41M","0.18%"
"09/08/2022","3.9220","4.0000","4.0100","3.8820","16.78M","-2.19%"
"09/07/2022","4.0100","4.0340","4.0520","4.0100","9.11M","-1.26%"
"09/06/2022","4.0610","4.0860","4.1140","4.0530","11.02M","-0.71%"
"09/05/2022","4.0900","4.1430","4.1430","4.0510","10.60M","-1.92%"
"09/02/2022","4.1700","4.1500","4.1700","4.1030","6.94M","0.58%"
"09/01/2022","4.1460","4.1000","4.1840","4.0930","9.65M","0.73%"
"08/31/2022","4.1160","4.1310","4.1420","4.0870","22.67M","-0.48%"
"08/30/2022","4.1360","4.1410","4.1870","4.1240","6.11M","-0.14%"
"08/29/2022","4.1420","4.1140","4.1570","4.0910","6.85M","-0.05%"
"08/26/2022","4.1440","4.1900","4.2070","4.1110","12.22M","-0.84%"
"08/25/2022","4.1790","4.1940","4.2130","4.1640","6.67M","0.22%"
"08/24/2022","4.1700","4.2320","4.2420","4.1700","11.22M","-1.97%"
"08/23/2022","4.2540","4.3010","4.3050","4.2410","9.47M","-1.25%"
"08/22/2022","4.3080","4.2500","4.3080","4.2260","10.36M","1.36%"
"08/19/2022","4.2500","4.2800","4.2880","4.2320","7.97M","-0.45%"
"08/18/2022","4.2690","4.2550","4.2900","4.2150","9.28M","0.38%"
"08/17/2022","4.2530","4.3490","4.3740","4.2530","10.71M","-2.21%"
"08/16/2022","4.3490","4.2490","4.3660","4.2490","11.49M","2.72%"
"08/15/2022","4.2340","4.2860","4.2980","4.2260","8.29M","-0.91%"
"08/12/2022","4.2730","4.2850","4.3120","4.2550","7.11M","-0.23%"
"08/11/2022","4.2830","4.2800","4.2930","4.2330","8.42M","0.87%"
"08/10/2022","4.2460","4.3000","4.3590","4.2310","11.51M","-1.32%"
"08/09/2022","4.3030","4.2800","4.3350","4.2440","12.75M","0.65%"
"08/08/2022","4.2750","4.3100","4.3160","4.2530","11.44M","-0.16%"
"08/05/2022","4.2820","4.2100","4.3210","4.1770","11.48M","1.71%"
"08/04/2022","4.2100","4.2270","4.2520","4.1770","19.78M","-0.64%"
"08/03/2022","4.2370","4.2770","4.2810","4.2150","13.08M","-1.19%"
"08/02/2022","4.2880","4.2430","4.3380","4.2390","14.21M","1.06%"
"08/01/2022","4.2430","4.3550","4.4110","4.2380","14.61M","-2.62%"
"07/29/2022","4.3570","4.3530","4.4070","4.3250","14.53M","0.35%"
"07/28/2022","4.3420","4.4710","4.6230","4.3340","15.51M","-1.47%"
"07/27/2022","4.4070","4.4350","4.4580","4.3770","13.33M","-0.90%"
"07/26/2022","4.4470","4.4660","4.4660","4.3910","8.79M","-0.45%"
"07/25/2022","4.4670","4.4000","4.4890","4.3860","11.91M","1.87%"
"07/22/2022","4.3850","4.4570","4.4830","4.3520","17.12M","-1.73%"
"07/21/2022","4.4620","4.5300","4.5650","4.4470","19.50M","-2.32%"
"07/20/2022","4.5680","4.6180","4.6550","4.5520","10.44M","-0.95%"
"07/19/2022","4.6120","4.5990","4.6470","4.5800","11.87M","-0.02%"
"07/18/2022","4.6130","4.6580","4.6870","4.6080","13.42M","-0.99%"
"07/15/2022","4.6590","4.7410","4.7480","4.6590","11.70M","-1.50%"
"07/14/2022","4.7300","4.7750","4.8260","4.6880","13.38M","-1.62%"
"07/13/2022","4.8080","4.7640","4.8360","4.7190","10.89M","-0.25%"
"07/12/2022","4.8200","4.7850","4.8350","4.6910","25.93M","0.69%"
"07/11/2022","4.7870","4.6800","4.7880","4.6770","10.20M","1.42%"
"07/08/2022","4.7200","4.7170","4.7290","4.6430","10.13M","-0.08%"
"07/07/2022","4.7240","4.7070","4.7310","4.6440","17.73M","0.72%"
"07/06/2022","4.6900","4.9000","4.9530","4.6900","21.82M","-4.38%"
"07/05/2022","4.9050","4.8840","4.9530","4.8450","26.13M","0.16%"
"07/04/2022","4.8970","4.8800","4.9570","4.8550","10.71M","0.49%"
"07/01/2022","4.8730","4.8390","4.8840","4.8080","13.74M","0.23%"
"06/30/2022","4.8620","4.8150","4.8750","4.8050","14.26M","0.23%"
"06/29/2022","4.8510","4.7600","4.8560","4.7500","19.46M","0.56%"
"06/28/2022","4.8240","4.7420","4.8520","4.7320","20.06M","1.92%"
"06/27/2022","4.7330","4.7050","4.7540","4.6880","23.37M","-0.02%"
"06/24/2022","4.7340","4.6980","4.7400","4.6680","43.25M","0.28%"
"06/23/2022","4.7210","4.6200","4.7640","4.5990","30.03M","1.92%"
"06/22/2022","4.6320","4.5620","4.6470","4.5240","12.74M","2.03%"
"06/21/2022","4.5400","4.5450","4.5910","4.5210","8.49M","0.18%"
"06/20/2022","4.5320","4.4140","4.5630","4.4140","16.56M","3.05%"
"06/17/2022","4.3980","4.4310","4.4580","4.3980","32.56M","-0.72%"
"06/16/2022","4.4300","4.4310","4.4660","4.3670","11.12M","-0.40%"
"06/15/2022","4.4480","4.4180","4.4900","4.4090","10.16M","0.88%"
"06/14/2022","4.4090","4.4250","4.5140","4.4000","9.23M","-0.81%"
"06/13/2022","4.4450","4.4290","4.4810","4.4060","12.94M","-0.85%"
"06/10/2022","4.4830","4.5500","4.5540","4.4340","16.00M","-1.65%"
"06/09/2022","4.5580","4.5990","4.6080","4.5570","11.85M","-1.32%"
"06/08/2022","4.6190","4.6400","4.6470","4.5900","12.37M","-0.39%"
"06/07/2022","4.6370","4.6500","4.6750","4.6120","20.98M","-0.96%"
"06/06/2022","4.6820","4.6680","4.7020","4.6470","108.03M","0.39%"
"06/03/2022","4.6640","4.7300","4.7300","4.6100","12.92M","-1.00%"
"06/02/2022","4.7110","4.7700","4.8000","4.7070","13.59M","-1.24%"
"06/01/2022","4.7700","4.8980","4.8980","4.7640","20.56M","-2.89%"
"05/31/2022","4.9120","4.8072","4.9159","4.8052","37.17M","-0.83%"
"05/30/2022","4.9530","4.9500","4.9730","4.8860","11.54M","0.12%"
"05/27/2022","4.9470","4.9750","4.9780","4.9330","46.76M","-0.10%"
"05/26/2022","4.9520","4.9500","4.9750","4.9170","102.58M","0.65%"
"05/25/2022","4.9200","4.9100","4.9700","4.8840","14.34M","0.72%"
"05/24/2022","4.8850","4.7700","4.9160","4.7290","48.44M","2.24%"
"05/23/2022","4.7780","4.7400","4.7780","4.6950","17.41M","1.83%"
"05/20/2022","4.6920","4.6620","4.7080","4.6310","10.56M","1.10%"
"05/19/2022","4.6410","4.6900","4.7230","4.6200","16.26M","-1.78%"
"05/18/2022","4.7250","4.7820","4.7850","4.7150","10.84M","-1.11%"
"05/17/2022","4.7780","4.7750","4.8040","4.7240","13.37M","0.87%"
"05/16/2022","4.7370","4.7960","4.8060","4.6980","9.84M","-0.84%"
"05/13/2022","4.7770","4.7820","4.8420","4.7330","10.65M","-0.06%"
"05/12/2022","4.7800","4.6200","4.8930","4.6200","22.07M","2.64%"
"05/11/2022","4.6570","4.6090","4.6630","4.5900","9.81M","0.82%"
"05/10/2022","4.6190","4.6560","4.6670","4.6030","16.38M","-0.26%"
"05/09/2022","4.6310","4.7050","4.7320","4.6180","11.58M","-1.82%"
"05/06/2022","4.7170","4.7500","4.7660","4.6870","11.36M","-1.11%"
"05/05/2022","4.7700","4.7380","4.7750","4.7110","14.36M","1.55%"
"05/04/2022","4.6970","4.6850","4.7500","4.6400","","0.19%"
"05/03/2022","4.6880","4.5990","4.6880","4.5800","","1.98%"
"05/02/2022","4.5970","4.6000","4.6900","4.5600","","-0.78%"
"04/29/2022","4.6330","4.7000","4.7060","4.6150","15.54M","-1.49%"
"04/28/2022","4.7030","4.6940","4.7030","4.6300","13.42M","0.19%"
"04/27/2022","4.6940","4.7390","4.7430","4.6700","15.07M","-1.10%"
"04/26/2022","4.7460","4.8580","4.8840","4.7420","16.00M","-1.08%"
"04/25/2022","4.7980","4.7990","4.8660","4.7670","","-0.97%"
"04/22/2022","4.8450","4.8070","4.9000","4.7770","11.61M","0.12%"
"04/21/2022","4.8390","4.8950","4.9320","4.8340","20.49M","-0.94%"
"04/20/2022","4.8850","4.9100","4.9370","4.8530","26.37M","-1.17%"
"04/19/2022","4.9430","4.9900","5.0000","4.9080","18.97M","-1.06%"
"04/14/2022","4.9960","4.9500","5.0000","4.8920","20.32M","1.17%"
"04/13/2022","4.9380","4.8250","4.9530","4.8220","21.09M","2.41%"
"04/12/2022","4.8220","4.6560","4.8270","4.6380","21.30M","3.08%"
"04/11/2022","4.6780","4.6120","4.6930","4.5990","13.41M","1.10%"
"04/08/2022","4.6270","4.5890","4.6300","4.5660","12.52M","1.69%"
"04/07/2022","4.5500","4.5220","4.6120","4.5050","12.77M","0.18%"
"04/06/2022","4.5420","4.4880","4.5420","4.4640","17.16M","1.00%"
"04/05/2022","4.4970","4.4360","4.4970","4.4180","11.01M","1.38%"
"04/04/2022","4.4360","4.4250","4.4360","4.3800","11.32M","0.43%"
"04/01/2022","4.4170","4.3800","4.4240","4.3670","9.80M","0.65%"
"03/31/2022","4.3885","4.4010","4.4325","4.3580","12.83M","-0.53%"
"03/30/2022","4.4120","4.3940","4.4120","4.3415","10.56M","1.29%"
"03/29/2022","4.3560","4.3270","4.4105","4.3150","15.12M","0.97%"
"03/28/2022","4.3140","4.2460","4.3830","4.2425","14.23M","1.76%"
"03/25/2022","4.2395","4.1650","4.2395","4.1650","17.18M","0.87%"
"03/24/2022","4.2030","4.2015","4.2295","4.1630","8.93M","0.27%"
"03/23/2022","4.1915","4.2550","4.2600","4.1850","14.44M","-1.26%"
"03/22/2022","4.2450","4.2200","4.2585","4.1850","9.13M","1.41%"
"03/21/2022","4.1860","4.1500","4.2190","4.1335","14.41M","0.36%"
"03/18/2022","4.1710","4.1890","4.1970","4.1080","61.61M","-0.45%"
"03/17/2022","4.1900","4.1380","4.1970","4.1025","18.77M","1.98%"
"03/16/2022","4.1085","4.0840","4.1280","4.0375","21.99M","1.67%"
"03/15/2022","4.0410","3.9900","4.0500","3.9710","13.87M","0.67%"
"03/14/2022","4.0140","4.0300","4.0680","3.9965","20.66M","0.64%"
"03/11/2022","3.9885","4.0055","4.0710","3.9555","15.20M","-0.34%"
"03/10/2022","4.0020","3.9865","4.0275","3.9255","20.53M","0.82%"
"03/09/2022","3.9695","3.9180","3.9895","3.9050","19.40M","2.96%"
"03/08/2022","3.8555","4.0215","4.0375","3.8525","25.89M","-0.81%"
"03/07/2022","3.8870","3.8600","3.9165","3.7280","22.53M","-1.86%"
"03/04/2022","3.9605","4.1795","4.1935","3.9320","24.99M","-5.43%"
"03/03/2022","4.1880","4.2945","4.3080","4.1700","18.20M","-2.91%"
"03/02/2022","4.3135","4.1930","4.3360","4.1740","26.49M","1.55%"
"03/01/2022","4.2475","4.2700","4.3620","4.2305","22.23M","-0.67%"
"02/28/2022","4.2760","4.2100","4.3000","4.1735","26.21M","0.61%"
"02/25/2022","4.2500","4.1425","4.2890","4.1115","28.76M","2.00%"
"02/24/2022","4.1665","4.1260","4.2925","4.1010","34.19M","-1.77%"
"02/23/2022","4.2415","4.2550","4.2915","4.2210","14.09M","-0.53%"
"02/22/2022","4.2640","4.2165","4.2840","4.1800","22.14M","-0.89%"
"02/21/2022","4.3025","4.3470","4.3800","4.2835","14.96M","-1.52%"
"02/18/2022","4.3690","4.3605","4.4100","4.3320","9.76M","0.17%"
"02/17/2022","4.3615","4.3580","4.4100","4.3275","12.97M","-0.51%"
"02/16/2022","4.3840","4.3925","4.4260","4.3625","10.99M","-0.66%"
"02/15/2022","4.4130","4.3470","4.4130","4.3395","16.48M","0.78%"
"02/14/2022","4.3790","4.3600","4.4065","4.3200","20.57M","-0.91%"
"02/11/2022","4.4190","4.3720","4.4460","4.3665","20.28M","0.48%"
"02/10/2022","4.3980","4.3605","4.4330","4.3100","16.59M","1.05%"
"02/09/2022","4.3525","4.3030","4.3720","4.2470","17.44M","1.27%"
"02/08/2022","4.2980","4.2160","4.3125","4.2130","28.21M","2.53%"
"02/07/2022","4.1920","4.1835","4.2165","4.1225","22.08M","0.67%"
"02/04/2022","4.1640","4.2010","4.2225","4.1370","15.67M","-0.61%"
"02/03/2022","4.1895","4.1470","4.2210","4.1320","15.16M","1.17%"
"02/02/2022","4.1410","4.1045","4.1575","4.0845","10.91M","1.05%"
"02/01/2022","4.0980","4.1575","4.1575","4.0720","14.50M","-0.74%"
"01/31/2022","4.1285","4.2000","4.2320","4.1200","21.50M","-0.83%"
"01/28/2022","4.1630","4.1550","4.1800","4.1170","17.18M","0.39%"
"01/27/2022","4.1470","4.0845","4.1830","4.0780","20.01M","1.27%"
"01/26/2022","4.0950","4.1000","4.1460","4.0845","16.95M","0.01%"
"01/25/2022","4.0945","4.0305","4.0990","3.9810","18.28M","1.80%"
"01/24/2022","4.0220","4.0000","4.1435","3.9870","38.96M","0.46%"
"01/21/2022","4.0035","3.9670","4.0265","3.9500","20.52M","-0.24%"
"01/20/2022","4.0130","4.0180","4.0385","3.9890","18.85M","-0.36%"
"01/19/2022","4.0275","4.0225","4.0800","4.0170","14.73M","-0.92%"
"01/18/2022","4.0650","3.9885","4.0865","3.9855","16.96M","1.50%"
"01/17/2022","4.0050","4.0295","4.0410","3.9935","12.21M","-0.67%"
"01/14/2022","4.0320","4.0010","4.0320","3.9660","11.76M","0.35%"
"01/13/2022","4.0180","3.9800","4.0180","3.9435","9.45M","1.06%"
"01/12/2022","3.9760","3.9800","3.9880","3.9475","36.46M","-0.18%"
"01/11/2022","3.9830","4.0010","4.0230","3.9605","12.01M","-1.02%"
"01/10/2022","4.0240","3.9130","4.0735","3.9010","21.96M","2.94%"
"01/07/2022","3.9090","3.9090","3.9145","3.8735","13.77M","0.09%"
"01/06/2022","3.9055","3.8150","3.9105","3.8105","13.53M","1.56%"
"01/05/2022","3.8455","3.8430","3.8660","3.8090","17.67M","-0.13%"
"01/04/2022","3.8505","3.8630","3.8995","3.8275","13.58M","-0.13%"
"01/03/2022","3.8555","3.8390","3.8715","3.8120","9.40M","0.09%"
"12/30/2021","3.8520","3.8890","3.8900","3.8445","17.05M","-1.61%"
"12/29/2021","3.9150","3.9120","3.9300","3.9005","13.89M","-0.42%"
"12/28/2021","3.9315","3.8860","3.9575","3.8850","11.02M","0.77%"
"12/27/2021","3.9015","3.8550","3.9285","3.8535","9.16M","0.00%"
"12/23/2021","3.9015","3.8815","3.9230","3.8760","12.66M","0.37%"
"12/22/2021","3.8870","3.8615","3.8870","3.8425","7.08M","0.31%"
"12/21/2021","3.8750","3.8550","3.9400","3.8390","40.86M","1.19%"
"12/20/2021","3.8295","3.7910","3.8505","3.7720","11.59M","-0.67%"
"12/17/2021","3.8555","3.8190","3.8555","3.7895","35.38M","0.85%"
"12/16/2021","3.8230","3.8540","3.8545","3.7515","15.70M","-0.33%"
"12/15/2021","3.8355","3.8500","3.8685","3.8165","42.51M","-0.51%"
"12/14/2021","3.8550","3.7000","3.8705","3.6955","20.36M","4.41%"
"12/13/2021","3.6920","3.7130","3.7300","3.6720","58.57M","-0.87%"
"12/10/2021","3.7245","3.6860","3.7245","3.6590","10.05M","0.78%"
"12/09/2021","3.6955","3.7025","3.7230","3.6840","10.91M","-0.36%"
"12/08/2021","3.7090","3.7400","3.7580","3.7080","12.43M","-1.44%"
"12/07/2021","3.7630","3.7800","3.7870","3.7355","16.50M","0.01%"
"12/06/2021","3.7625","3.7100","3.7805","3.6895","18.02M","2.53%"
"12/03/2021","3.6695","3.7025","3.7060","3.6525","55.84M","-0.56%"
"12/02/2021","3.6900","3.7865","3.7975","3.6900","77.09M","-3.91%"
"12/01/2021","3.8400","3.8500","3.8790","3.7900","21.80M","-0.22%"
"11/30/2021","3.8485","3.7970","3.8663","3.7748","118.09M","0.88%"
"11/29/2021","3.8148","3.7893","3.8422","3.7584","18.57M","1.34%"
"11/26/2021","3.7642","3.7724","3.8051","3.7079","42.14M","-2.88%"
"11/25/2021","3.8759","3.8817","3.8904","3.8413","14.79M","-0.47%"
"11/24/2021","3.8942","3.8870","3.9144","3.8620","13.85M","0.19%"
"11/23/2021","3.8870","3.9313","3.9770","3.8475","70.26M","-4.37%"
"11/22/2021","4.0647","3.8774","4.0830","3.8750","63.35M","6.39%"
"11/19/2021","3.8206","3.8364","3.8596","3.7637","33.20M","0.56%"
"11/18/2021","3.7994","3.7609","3.8398","3.7556","32.10M","0.75%"
"11/17/2021","3.7710","3.7556","3.7777","3.7315","9.81M","0.41%"
"11/16/2021","3.7556","3.7637","3.8364","3.7546","45.30M","-0.22%"
"11/15/2021","3.7637","3.8133","3.8254","3.7459","11.73M","-1.30%"
"11/12/2021","3.8133","3.7888","3.8172","3.7782","10.05M","0.38%"
"11/11/2021","3.7989","3.7729","3.8071","3.7565","12.77M","0.38%"
"11/10/2021","3.7844","3.6650","3.7941","3.6646","17.97M","2.95%"
"11/09/2021","3.6761","3.6198","3.7103","3.6169","13.11M","1.54%"
"11/08/2021","3.6203","3.6361","3.6525","3.6082","13.08M","-0.17%"
"11/05/2021","3.6265","3.5341","3.6621","3.5129","22.57M","2.78%"
"11/04/2021","3.5283","3.5726","3.6203","3.4797","33.79M","-2.35%"
"11/03/2021","3.6130","3.6265","3.6304","3.5745","13.81M","-0.37%"
"11/02/2021","3.6265","3.6723","3.6742","3.6150","17.46M","-1.32%"
"11/01/2021","3.6751","3.6217","3.7021","3.6101","12.83M","1.38%"
"10/29/2021","3.6251","3.6015","3.6342","3.5764","16.10M","0.63%"
"10/28/2021","3.6024","3.6564","3.6564","3.6024","15.07M","-1.90%"
"10/27/2021","3.6723","3.6602","3.6723","3.6289","17.11M","0.01%"
"10/26/2021","3.6718","3.6530","3.6848","3.6077","12.18M","-0.25%"
"10/25/2021","3.6809","3.6400","3.6987","3.6044","14.24M","1.35%"
"10/22/2021","3.6318","3.6405","3.6785","3.6251","11.46M","-0.50%"
"10/21/2021","3.6501","3.6915","3.7252","3.6501","19.93M","-1.20%"
"10/20/2021","3.6944","3.6111","3.7103","3.6015","34.81M","2.62%"
"10/19/2021","3.6000","3.6111","3.6439","3.5760","16.73M","-0.72%"
"10/18/2021","3.6260","3.6602","3.6800","3.5976","16.69M","-0.83%"
"10/15/2021","3.6564","3.7897","3.7926","3.6289","41.04M","-3.67%"
"10/14/2021","3.7955","3.8379","3.8557","3.7897","28.79M","-0.64%"
"10/13/2021","3.8201","3.8610","3.8639","3.8143","17.40M","-1.50%"
"10/12/2021","3.8783","3.8350","3.8783","3.7912","11.54M","0.94%"
"10/11/2021","3.8422","3.8692","3.8793","3.8340","9.05M","-0.88%"
"10/08/2021","3.8764","3.8663","3.8889","3.8466","10.85M","0.00%"
"10/07/2021","3.8764","3.8519","3.9303","3.8519","11.94M","0.78%"
"10/06/2021","3.8466","3.9159","3.9159","3.8355","13.32M","-1.78%"
"10/05/2021","3.9164","3.8923","3.9318","3.8841","11.43M","0.15%"
"10/04/2021","3.9106","3.8519","3.9308","3.8374","19.29M","1.59%"
"10/01/2021","3.8494","3.8880","3.8880","3.8259","20.79M","-1.22%"
"09/30/2021","3.8971","3.9501","3.9621","3.8889","21.79M","-0.87%"
"09/29/2021","3.9313","3.9987","3.9987","3.8822","17.82M","-1.74%"
"09/28/2021","4.0011","4.0271","4.1013","3.9905","13.83M","-0.48%"
"09/27/2021","4.0204","3.9655","4.0233","3.9327","10.30M","1.87%"
"09/24/2021","3.9467","3.9116","3.9515","3.9039","11.42M","0.65%"
"09/23/2021","3.9212","3.9429","3.9462","3.9029","11.10M","-0.01%"
"09/22/2021","3.9217","3.9477","3.9664","3.9116","16.80M","0.51%"
"09/21/2021","3.9019","3.9481","3.9669","3.8576","17.45M","-1.59%"
"09/20/2021","3.9650","3.9674","3.9756","3.9303","17.25M","-1.29%"
"09/17/2021","4.0170","3.9722","4.0396","3.9722","25.86M","0.75%"
"09/16/2021","3.9871","3.9751","4.0266","3.9741","10.00M","0.13%"
"09/15/2021","3.9819","3.9785","4.0127","3.9616","12.71M","-0.35%"
"09/14/2021","3.9958","4.0021","4.0372","3.9766","7.37M","-0.28%"
"09/13/2021","4.0069","3.9544","4.0473","3.9544","8.62M","0.98%"
"09/10/2021","3.9679","4.0339","4.0425","3.9414","10.46M","-1.29%"
"09/09/2021","4.0199","4.0517","4.0589","3.9944","9.23M","-1.20%"
"09/08/2021","4.0685","4.0454","4.0724","4.0054","10.34M","0.39%"
"09/07/2021","4.0526","4.0334","4.0777","3.9997","12.38M","1.41%"
"09/06/2021","3.9963","4.0064","4.0151","3.9713","8.20M","0.65%"
"09/03/2021","3.9703","4.0252","4.0454","3.9703","13.37M","-1.68%"
"09/02/2021","4.0382","4.0733","4.1017","4.0358","10.96M","-0.87%"
"09/01/2021","4.0738","4.0517","4.1099","4.0517","10.26M","1.17%"
"08/31/2021","4.0266","4.0907","4.1017","4.0035","21.05M","-1.77%"
"08/30/2021","4.0993","4.1099","4.1162","4.0897","5.15M","-0.44%"
"08/27/2021","4.1176","4.0892","4.1191","4.0719","6.95M","0.59%"
"08/26/2021","4.0936","4.1306","4.1475","4.0936","6.52M","-1.25%"
"08/25/2021","4.1456","4.1114","4.1460","4.1017","9.49M","1.19%"
"08/24/2021","4.0969","4.0854","4.1090","4.0608","10.19M","0.07%"
"08/23/2021","4.0940","4.1191","4.1311","4.0762","6.37M","-0.13%"
"08/20/2021","4.0993","4.0815","4.1099","4.0671","9.96M","0.26%"
"08/19/2021","4.0887","4.0926","4.1330","4.0449","9.79M","-1.24%"
"08/18/2021","4.1403","4.0926","4.1407","4.0863","9.77M","1.12%"
"08/17/2021","4.0945","4.0637","4.1143","4.0300","9.88M","-0.11%"
"08/16/2021","4.0989","4.1022","4.1162","4.0589","9.75M","-0.64%"
"08/13/2021","4.1253","4.1220","4.1619","4.0926","12.10M","0.07%"
"08/12/2021","4.1224","4.0887","4.1350","4.0786","19.29M","0.76%"
"08/11/2021","4.0911","4.0377","4.0984","4.0252","13.31M","1.37%"
"08/10/2021","4.0358","4.0074","4.0367","3.9674","17.24M","0.90%"
"08/09/2021","3.9997","3.9226","4.0001","3.9226","10.70M","1.61%"
"08/06/2021","3.9361","3.9043","3.9559","3.8389","11.43M","0.85%"
"08/05/2021","3.9029","3.9010","3.9395","3.8783","14.83M","-0.11%"
"08/04/2021","3.9072","3.9000","3.9804","3.8909","17.28M","0.35%"
"08/03/2021","3.8937","3.8037","3.9106","3.7936","17.38M","2.85%"
"08/02/2021","3.7859","3.7363","3.7950","3.7271","12.28M","1.69%"
"07/30/2021","3.7228","3.6313","3.7479","3.6313","20.16M","2.19%"
"07/29/2021","3.6429","3.7074","3.7204","3.5764","22.11M","-0.83%"
"07/28/2021","3.6732","3.6593","3.6997","3.6405","9.47M","-0.12%"
"07/27/2021","3.6776","3.6410","3.6824","3.6164","8.11M","0.10%"
"07/26/2021","3.6737","3.5962","3.6761","3.5769","11.10M","1.45%"
"07/23/2021","3.6212","3.5938","3.6390","3.5716","7.42M","1.36%"
"07/22/2021","3.5726","3.5822","3.6231","3.5716","8.76M","0.12%"
"07/21/2021","3.5683","3.5023","3.6073","3.4845","10.60M","1.74%"
"07/20/2021","3.5071","3.5167","3.5529","3.4614","7.80M","0.26%"
"07/19/2021","3.4980","3.5630","3.5702","3.4671","14.08M","-2.23%"
"07/16/2021","3.5779","3.5384","3.5856","3.5355","10.02M","0.68%"
"07/15/2021","3.5538","3.6111","3.6236","3.5341","8.88M","-1.98%"
"07/14/2021","3.6256","3.6313","3.6467","3.6000","8.43M","-0.23%"
"07/13/2021","3.6337","3.6766","3.6780","3.6183","7.77M","-0.57%"
"07/12/2021","3.6544","3.6395","3.6578","3.5967","14.12M","0.82%"
"07/09/2021","3.6246","3.5909","3.6361","3.5548","10.92M","1.09%"
"07/08/2021","3.5856","3.6159","3.6169","3.5442","16.73M","-1.29%"
"07/07/2021","3.6323","3.6718","3.6896","3.6212","14.14M","-1.04%"
"07/06/2021","3.6703","3.7575","3.7753","3.6602","11.72M","-2.57%"
"07/05/2021","3.7671","3.8037","3.8090","3.7469","13.82M","-1.05%"
"07/02/2021","3.8071","3.8157","3.8374","3.7820","9.46M","-0.25%"
"07/01/2021","3.8167","3.7883","3.8326","3.7869","9.03M","0.57%"
"06/30/2021","3.7950","3.7589","3.8032","3.7117","14.89M","0.78%"
"06/29/2021","3.7657","3.7320","3.7753","3.7089","13.60M","1.66%"
"06/28/2021","3.7040","3.7787","3.7926","3.7040","11.54M","-2.12%"
"06/25/2021","3.7844","3.7897","3.8129","3.7753","7.83M","0.00%"
"06/24/2021","3.7844","3.7748","3.7979","3.7397","9.93M","0.94%"
"06/23/2021","3.7493","3.8210","3.8567","3.7493","31.59M","-2.35%"
"06/22/2021","3.8393","3.8519","3.8653","3.7999","9.54M","0.13%"
"06/21/2021","3.8345","3.8013","3.8571","3.7753","10.35M","0.40%"
"06/18/2021","3.8191","3.8615","3.8745","3.7705","36.11M","-1.75%"
"06/17/2021","3.8870","3.8817","3.9481","3.8740","9.70M","-0.57%"
"06/16/2021","3.9091","3.9448","3.9530","3.9000","9.85M","-0.65%"
"06/15/2021","3.9347","3.9597","3.9616","3.8952","12.26M","-0.63%"
"06/14/2021","3.9597","3.9289","3.9949","3.9289","9.43M","0.80%"
"06/11/2021","3.9284","3.9491","3.9501","3.8894","9.00M","-0.46%"
"06/10/2021","3.9467","3.8615","3.9467","3.8480","21.99M","3.31%"
"06/09/2021","3.8201","3.7941","3.8600","3.7888","15.77M","0.61%"
"06/08/2021","3.7970","3.7714","3.8263","3.7392","14.75M","1.22%"
"06/07/2021","3.7512","3.6785","3.7806","3.6612","46.87M","1.98%"
"06/04/2021","3.6785","3.7252","3.7324","3.6665","15.19M","-1.42%"
"06/03/2021","3.7315","3.7113","3.7320","3.6689","18.29M","0.99%"
"06/02/2021","3.6949","3.7363","3.7464","3.6857","68.92M","-0.74%"
"06/01/2021","3.7223","3.7652","3.7825","3.6886","19.58M","-0.41%"
"05/31/2021","3.7376","3.7747","3.7975","3.7376","33.74M","-0.31%"
"05/28/2021","3.7492","3.8003","3.8045","3.7469","15.17M","-0.30%"
"05/27/2021","3.7603","3.8463","3.8863","3.7603","79.91M","-2.24%"
"05/26/2021","3.8463","3.8473","3.9049","3.8310","38.91M","0.25%"
"05/25/2021","3.8366","3.8779","3.8817","3.8310","47.37M","-0.92%"
"05/24/2021","3.8724","3.8965","3.9123","3.8593","13.57M","-0.37%"
"05/21/2021","3.8868","3.8663","3.9063","3.8417","24.19M","1.00%"
"05/20/2021","3.8482","3.9030","3.9040","3.8096","14.99M","-0.55%"
"05/19/2021","3.8696","3.8491","3.8910","3.8087","16.65M","0.37%"
"05/18/2021","3.8552","3.8752","3.8835","3.7892","18.63M","-0.08%"
"05/17/2021","3.8584","3.7720","3.8640","3.7654","23.35M","3.47%"
"05/14/2021","3.7292","3.6864","3.7413","3.6492","14.89M","2.37%"
"05/13/2021","3.6427","3.7041","3.8263","3.5893","24.05M","-0.46%"
"05/12/2021","3.6595","3.6776","3.6911","3.6362","13.39M","-0.33%"
"05/11/2021","3.6715","3.7729","3.7747","3.6590","16.46M","-2.91%"
"05/10/2021","3.7817","3.6706","3.7989","3.6636","20.73M","3.97%"
"05/07/2021","3.6371","3.7050","3.7162","3.6362","13.65M","-1.56%"
"05/06/2021","3.6948","3.6618","3.7087","3.6455","10.33M","0.97%"
"05/05/2021","3.6595","3.6855","3.6901","3.6376","9.87M","0.78%"
"05/04/2021","3.6311","3.6013","3.7129","3.5888","19.68M","1.31%"
"05/03/2021","3.5841","3.5823","3.5944","3.5400","7.91M","0.04%"
"04/30/2021","3.5828","3.5795","3.6339","3.5762","16.23M","0.22%"
"04/29/2021","3.5749","3.5916","3.6018","3.5595","12.72M","0.05%"
"04/28/2021","3.5730","3.5632","3.6046","3.5544","10.26M","0.99%"
"04/27/2021","3.5381","3.5088","3.5572","3.4958","15.96M","0.90%"
"04/26/2021","3.5065","3.4326","3.5126","3.4056","15.94M","2.82%"
"04/23/2021","3.4103","3.4307","3.4591","3.3935","45.78M","-0.69%"
"04/22/2021","3.4340","3.4400","3.4526","3.4001","12.70M","-0.26%"
"04/21/2021","3.4428","3.4354","3.4735","3.4001","10.94M","0.49%"
"04/20/2021","3.4261","3.4968","3.4968","3.4094","16.66M","-2.07%"
"04/19/2021","3.4986","3.4958","3.5163","3.4628","13.84M","0.29%"
"04/16/2021","3.4884","3.4400","3.4884","3.4214","15.92M","1.56%"
"04/15/2021","3.4349","3.5005","3.5195","3.4326","13.87M","-1.11%"
"04/14/2021","3.4735","3.4865","3.4865","3.4233","17.30M","-0.03%"
"04/13/2021","3.4744","3.5330","3.5460","3.4507","17.94M","-1.92%"
"04/12/2021","3.5423","3.5265","3.5656","3.4986","22.96M","0.26%"
"04/09/2021","3.5330","3.5604","3.5702","3.5167","9.91M","-0.47%"
"04/08/2021","3.5497","3.5590","3.5711","3.5074","13.94M","0.32%"
"04/07/2021","3.5386","3.5372","3.6055","3.5358","22.39M","0.69%"
"04/06/2021","3.5144","3.5497","3.5730","3.5102","34.42M","-0.05%"
"04/01/2021","3.5163","3.5470","3.5828","3.5158","16.30M","-0.92%"
"03/31/2021","3.5488","3.6065","3.6483","3.5488","25.96M","-0.55%"
"03/30/2021","3.5683","3.6260","3.6799","3.5683","26.69M","-1.01%"
"03/29/2021","3.6046","3.7143","3.7441","3.5330","29.44M","-3.72%"
"03/26/2021","3.7441","3.7431","3.7738","3.7115","10.47M","0.98%"
"03/25/2021","3.7078","3.6864","3.7552","3.6669","18.12M","-0.37%"
"03/24/2021","3.7217","3.7320","3.7329","3.6492","34.92M","-0.87%"
"03/23/2021","3.7543","3.7004","3.7710","3.6613","22.75M","1.38%"
"03/22/2021","3.7032","3.7348","3.7348","3.6734","15.67M","-1.31%"
"03/19/2021","3.7524","3.7840","3.8110","3.7385","31.05M","-2.11%"
"03/18/2021","3.8333","3.8212","3.8454","3.7692","16.35M","0.73%"
"03/17/2021","3.8054","3.8110","3.8445","3.7515","13.84M","-0.10%"
"03/16/2021","3.8091","3.8119","3.8380","3.7664","16.29M","0.66%"
"03/15/2021","3.7840","3.7385","3.8473","3.7292","29.19M","1.75%"
"03/12/2021","3.7190","3.6892","3.7190","3.6455","15.67M","0.73%"
"03/11/2021","3.6920","3.6911","3.6985","3.6492","12.16M","0.84%"
"03/10/2021","3.6613","3.5358","3.7004","3.5330","25.83M","3.39%"
"03/09/2021","3.5414","3.6074","3.6185","3.4958","15.75M","-1.88%"
"03/08/2021","3.6093","3.6074","3.6232","3.5702","11.42M","0.73%"
"03/05/2021","3.5832","3.5228","3.5962","3.5005","16.18M","1.45%"
"03/04/2021","3.5321","3.4084","3.5497","3.4066","22.86M","3.18%"
"03/03/2021","3.4233","3.4493","3.4782","3.3889","13.17M","-0.43%"
"03/02/2021","3.4382","3.4159","3.4475","3.3973","11.54M","0.68%"
"03/01/2021","3.4149","3.3182","3.4345","3.3015","15.80M","4.17%"
"02/26/2021","3.2783","3.3657","3.3917","3.2708","26.82M","-3.90%"
"02/25/2021","3.4112","3.4772","3.5758","3.3777","30.87M","0.80%"
"02/24/2021","3.3843","3.3694","3.3973","3.3034","14.37M","0.55%"
"02/23/2021","3.3657","3.3471","3.4391","3.3471","24.18M","-1.47%"
"02/22/2021","3.4159","3.4493","3.4503","3.3424","16.79M","-1.61%"
"02/19/2021","3.4716","3.4809","3.5098","3.4447","28.64M","-0.35%"
"02/18/2021","3.4837","3.5265","3.5265","3.4679","9.61M","-0.98%"
"02/17/2021","3.5181","3.5051","3.5349","3.4726","13.76M","-0.16%"
"02/16/2021","3.5237","3.5981","3.5990","3.5079","8.36M","-1.64%"
"02/15/2021","3.5823","3.5265","3.6139","3.4921","13.01M","2.39%"
"02/12/2021","3.4986","3.4716","3.5005","3.4242","10.52M","0.48%"
"02/11/2021","3.4819","3.4940","3.5088","3.4456","7.54M","-0.48%"
"02/10/2021","3.4986","3.4763","3.5191","3.4475","9.15M","1.18%"
"02/09/2021","3.4577","3.5181","3.5181","3.4475","10.58M","-2.26%"
"02/08/2021","3.5377","3.5470","3.5981","3.5349","9.16M","0.11%"
"02/05/2021","3.5339","3.5070","3.5553","3.4716","11.65M","0.93%"
"02/04/2021","3.5014","3.4707","3.5172","3.4382","15.29M","1.15%"
"02/03/2021","3.4614","3.3935","3.4698","3.3722","24.43M","3.24%"
"02/02/2021","3.3526","3.3703","3.3843","3.3015","37.35M","0.59%"
"02/01/2021","3.3331","3.3266","3.3517","3.2801","15.51M","0.87%"
"01/29/2021","3.3043","3.3285","3.4131","3.3015","18.07M","-1.63%"
"01/28/2021","3.3591","3.3973","3.4596","3.3182","15.81M","-2.59%"
"01/27/2021","3.4484","3.4001","3.5256","3.3657","14.82M","1.45%"
"01/26/2021","3.3991","3.3136","3.4252","3.3099","8.21M","1.92%"
"01/25/2021","3.3350","3.3982","3.4159","3.2922","10.06M","-1.37%"
"01/22/2021","3.3815","3.3935","3.4410","3.3564","14.34M","-1.03%"
"01/21/2021","3.4168","3.5153","3.5423","3.4094","17.49M","-2.57%"
"01/20/2021","3.5070","3.4949","3.5209","3.4568","7.54M","0.56%"
"01/19/2021","3.4875","3.4893","3.5442","3.4809","10.80M","0.43%"
"01/18/2021","3.4726","3.4828","3.4828","3.4214","21.75M","-0.40%"
"01/15/2021","3.4865","3.5470","3.5972","3.4651","21.68M","-2.22%"
"01/14/2021","3.5656","3.6037","3.6232","3.5330","22.55M","-2.84%"
"01/13/2021","3.6697","3.5330","3.7190","3.4875","40.97M","9.67%"
"01/12/2021","3.3461","3.3285","3.3629","3.3127","30.01M","1.27%"
"01/11/2021","3.3043","3.3099","3.3443","3.2820","15.97M","-0.36%"
"01/08/2021","3.3164","3.3629","3.3712","3.2950","17.52M","-0.47%"
"01/07/2021","3.3322","3.2643","3.3452","3.1937","65.79M","2.78%"
"01/06/2021","3.2420","3.1146","3.2913","3.0970","21.50M","4.94%"
"01/05/2021","3.0895","3.0607","3.1444","3.0347","11.14M","0.73%"
"01/04/2021","3.0672","3.0747","3.1276","3.0114","14.70M","1.66%"
"12/31/2020","3.0170","3.0217","3.0365","2.9966","8.56M","-0.79%"
"12/30/2020","3.0412","3.0598","3.0747","3.0226","13.61M","-0.64%"
"12/29/2020","3.0607","3.0709","3.1007","3.0040","23.75M","0.34%"
"12/28/2020","3.0505","3.1853","3.1871","3.0505","12.39M","-1.71%"
"12/24/2020","3.1035","3.0858","3.1342","3.0747","5.34M","1.27%"
"12/23/2020","3.0644","2.9817","3.0681","2.9752","36.65M","2.94%"
"12/22/2020","2.9770","2.9352","2.9770","2.9036","49.02M","1.39%"
"12/21/2020","2.9361","3.0217","3.0310","2.9240","33.80M","-4.97%"
"12/18/2020","3.0895","3.1025","3.1323","3.0709","36.16M","-1.07%"
"12/17/2020","3.1230","3.1797","3.1927","3.1165","20.38M","-1.98%"
"12/16/2020","3.1862","3.2364","3.2764","3.1620","21.00M","-1.18%"
"12/15/2020","3.2243","3.2727","3.2773","3.2048","23.09M","-1.64%"
"12/14/2020","3.2783","3.3285","3.3731","3.2783","52.01M","-0.62%"
"12/11/2020","3.2987","3.4112","3.4112","3.2550","31.98M","-4.69%"
"12/10/2020","3.4611","3.4602","3.5382","3.4351","48.71M","0.13%"
"12/09/2020","3.4566","3.3795","3.4898","3.3643","19.70M","2.53%"
"12/08/2020","3.3715","3.4279","3.4477","3.3437","20.74M","-2.18%"
"12/07/2020","3.4468","3.4477","3.4781","3.3975","16.27M","1.59%"
"12/04/2020","3.3930","3.2917","3.4441","3.2809","29.47M","3.22%"
"12/03/2020","3.2872","3.3347","3.3526","3.2442","20.49M","-1.87%"
"12/02/2020","3.3500","3.2989","3.3500","3.2451","18.24M","1.55%"
"12/01/2020","3.2989","3.3365","3.3804","3.2729","26.21M","0.63%"
"11/30/2020","3.2782","3.3249","3.3338","3.2576","30.60M","-2.11%"
"11/27/2020","3.3491","3.2720","3.3867","3.2720","18.76M","1.11%"
"11/26/2020","3.3123","3.3258","3.3302","3.2666","16.61M","-0.38%"
"11/25/2020","3.3249","3.2271","3.3661","3.2101","44.60M","3.26%"
"11/24/2020","3.2200","3.0210","3.2200","3.0030","34.24M","8.98%"
"11/23/2020","2.9546","3.0712","3.0945","2.9251","34.20M","-3.79%"
"11/20/2020","3.0712","3.1034","3.1276","3.0640","56.71M","-1.10%"
"11/19/2020","3.1052","3.1563","3.1644","3.0999","19.38M","-3.19%"
"11/18/2020","3.2074","3.1536","3.2137","3.1339","18.58M","1.71%"
"11/17/2020","3.1536","3.1339","3.1536","3.0685","18.91M","0.57%"
"11/16/2020","3.1357","3.0810","3.2236","3.0443","28.85M","3.86%"
"11/13/2020","3.0192","2.9770","3.0523","2.9699","16.39M","0.81%"
"11/12/2020","2.9950","2.9797","3.0514","2.9412","21.48M","-0.03%"
"11/11/2020","2.9959","3.0479","3.0837","2.9546","25.55M","-1.30%"
"11/10/2020","3.0353","2.8506","3.0353","2.7807","42.03M","6.61%"
"11/09/2020","2.8471","2.5512","2.8623","2.5288","48.93M","13.67%"
"11/06/2020","2.5046","2.5737","2.6203","2.5046","21.99M","-3.46%"
"11/05/2020","2.5943","2.5996","2.6239","2.5629","14.26M","0.28%"
"11/04/2020","2.5871","2.5468","2.5907","2.5055","18.48M","-0.10%"
"11/03/2020","2.5898","2.5988","2.6203","2.5584","17.01M","0.17%"
"11/02/2020","2.5853","2.5217","2.5943","2.4670","18.28M","2.78%"
"10/30/2020","2.5154","2.5055","2.5593","2.4652","20.95M","-0.28%"
"10/29/2020","2.5226","2.6355","2.6902","2.4302","50.79M","-5.22%"
"10/28/2020","2.6615","2.6534","2.6920","2.6059","27.84M","-0.87%"
"10/27/2020","2.6848","2.7673","2.7673","2.6696","18.27M","-2.38%"
"10/26/2020","2.7502","2.7126","2.8148","2.6983","13.75M","-0.23%"
"10/23/2020","2.7565","2.6830","2.7673","2.6714","18.19M","2.36%"
"10/22/2020","2.6929","2.6714","2.6974","2.6382","16.99M","0.13%"
"10/21/2020","2.6893","2.7225","2.7386","2.6525","22.35M","-0.79%"
"10/20/2020","2.7108","2.6956","2.7395","2.6247","21.52M","0.57%"
"10/19/2020","2.6956","2.7386","2.7942","2.6579","13.69M","-1.47%"
"10/16/2020","2.7359","2.7538","2.7852","2.6803","13.51M","0.00%"
"10/15/2020","2.7359","2.7054","2.7467","2.6633","18.36M","-0.72%"
"10/14/2020","2.7556","2.7485","2.7852","2.7081","10.12M","0.56%"
"10/13/2020","2.7404","2.8130","2.8255","2.7269","21.79M","-2.49%"
"10/12/2020","2.8103","2.8892","2.9197","2.7834","23.14M","-1.66%"
"10/09/2020","2.8578","2.9026","2.9385","2.8480","14.92M","-1.42%"
"10/08/2020","2.8991","2.8444","2.9259","2.8363","14.65M","2.80%"
"10/07/2020","2.8202","2.9215","2.9277","2.8076","21.85M","-2.96%"
"10/06/2020","2.9062","2.8327","2.9717","2.7789","30.26M","3.28%"
"10/05/2020","2.8139","2.6283","2.8193","2.6212","27.89M","8.32%"
"10/02/2020","2.5979","2.5817","2.6328","2.5593","21.78M","0.49%"
"10/01/2020","2.5853","2.6714","2.7404","2.5853","26.47M","-1.80%"
"09/30/2020","2.6328","2.5674","2.6642","2.5566","23.93M","2.23%"
"09/29/2020","2.5754","2.6803","2.6803","2.5754","19.01M","-3.75%"
"09/28/2020","2.6758","2.6875","2.7171","2.6400","21.32M","0.84%"
"09/25/2020","2.6534","2.6920","2.7377","2.6445","23.64M","-0.54%"
"09/24/2020","2.6678","2.6212","2.7332","2.6041","19.76M","0.74%"
"09/23/2020","2.6481","2.7350","2.7431","2.6481","38.18M","-2.38%"
"09/22/2020","2.7126","2.7305","2.7771","2.6472","40.32M","1.10%"
"09/21/2020","2.6830","2.7789","2.7789","2.6624","32.12M","-3.61%"
"09/18/2020","2.7834","2.8883","2.8937","2.7834","217.97M","-4.05%"
"09/17/2020","2.9008","2.8910","2.9152","2.8291","18.82M","-0.46%"
"09/16/2020","2.9143","2.9179","2.9376","2.8820","18.76M","-0.97%"
"09/15/2020","2.9430","2.9421","2.9484","2.8838","25.22M","0.09%"
"09/14/2020","2.9403","2.9421","2.9761","2.9134","20.65M","0.68%"
"09/11/2020","2.9206","2.9268","2.9394","2.8560","18.22M","-0.37%"
"09/10/2020","2.9313","2.9779","2.9788","2.9089","22.56M","-2.15%"
"09/09/2020","2.9959","2.9268","3.0004","2.9098","21.63M","2.01%"
"09/08/2020","2.9367","2.9672","3.0120","2.9026","40.27M","-1.21%"
"09/07/2020","2.9726","2.9654","2.9824","2.8838","24.23M","0.61%"
"09/04/2020","2.9546","2.9842","3.0335","2.9188","24.59M","-0.90%"
"09/03/2020","2.9815","2.9358","3.0353","2.9358","21.28M","1.93%"
"09/02/2020","2.9251","2.9000","2.9510","2.8731","28.75M","0.49%"
"09/01/2020","2.9107","3.0030","3.0066","2.8722","42.95M","-1.93%"
"08/31/2020","2.9681","3.0595","3.0649","2.9591","21.80M","-2.33%"
"08/28/2020","3.0389","3.0864","3.1106","3.0326","13.88M","-1.31%"
"08/27/2020","3.0792","3.0936","3.1061","2.9878","25.29M","-0.95%"
"08/26/2020","3.1088","3.1393","3.1814","3.0882","11.62M","-1.34%"
"08/25/2020","3.1510","3.2182","3.2809","3.1510","21.33M","-1.95%"
"08/24/2020","3.2137","3.1456","3.2164","3.1241","10.84M","2.96%"
"08/21/2020","3.1214","3.1501","3.1716","3.1133","34.46M","-0.85%"
"08/20/2020","3.1483","3.2003","3.2003","3.1205","15.25M","-2.71%"
"08/19/2020","3.2361","3.1662","3.2361","3.1465","15.79M","2.41%"
"08/18/2020","3.1599","3.1886","3.2388","3.1501","13.71M","-1.54%"
"08/17/2020","3.2092","3.2370","3.2576","3.1904","15.78M","-1.40%"
"08/14/2020","3.2549","3.2648","3.2765","3.1859","13.97M","-0.68%"
"08/13/2020","3.2773","3.2549","3.3302","3.2487","25.85M","0.30%"
"08/12/2020","3.2675","3.2639","3.3437","3.2585","15.08M","0.11%"
"08/11/2020","3.2639","3.2271","3.3168","3.2236","22.96M","2.62%"
"08/10/2020","3.1805","3.1518","3.1805","3.0918","15.99M","2.22%"
"08/07/2020","3.1115","3.0927","3.1214","3.0514","17.26M","1.17%"
"08/06/2020","3.0757","3.2003","3.2003","3.0712","28.72M","-3.92%"
"08/05/2020","3.2012","3.3347","3.3688","3.1895","17.85M","-3.04%"
"08/04/2020","3.3016","3.2271","3.3231","3.2227","16.83M","2.31%"
"08/03/2020","3.2271","3.1823","3.2352","3.1339","24.58M","1.47%"
"07/31/2020","3.1805","3.3383","3.3509","3.1805","26.66M","-4.34%"
"07/30/2020","3.3249","3.4190","3.4324","3.2612","39.49M","-3.01%"
"07/29/2020","3.4279","3.4082","3.4288","3.3311","22.48M","1.06%"
"07/28/2020","3.3921","3.3526","3.4118","3.3042","16.33M","1.28%"
"07/27/2020","3.3491","3.4674","3.4674","3.3329","21.72M","-3.36%"
"07/24/2020","3.4656","3.5714","3.5714","3.4656","18.20M","-2.79%"
"07/23/2020","3.5651","3.6243","3.6395","3.5534","16.35M","-1.61%"
"07/22/2020","3.6234","3.6852","3.7381","3.6153","12.36M","-1.58%"
"07/21/2020","3.6816","3.7605","3.7785","3.6512","16.72M","-1.18%"
"07/20/2020","3.7256","3.6888","3.7426","3.6234","11.57M","0.53%"
"07/17/2020","3.7058","3.6942","3.7175","3.6431","13.26M","-0.36%"
"07/16/2020","3.7193","3.6494","3.7399","3.6494","21.56M","0.80%"
"07/15/2020","3.6897","3.7525","3.7623","3.5588","32.79M","-1.25%"
"07/14/2020","3.7363","3.6216","3.7480","3.6162","18.08M","2.08%"
"07/13/2020","3.6601","3.6368","3.6745","3.6126","18.79M","2.10%"
"07/10/2020","3.5848","3.5266","3.5848","3.4988","18.76M","1.24%"
"07/09/2020","3.5409","3.6126","3.6189","3.5041","28.46M","-1.25%"
"07/08/2020","3.5857","3.6395","3.6879","3.5857","18.60M","-1.84%"
"07/07/2020","3.6530","3.7372","3.7417","3.6359","26.67M","-3.23%"
"07/06/2020","3.7749","3.8009","3.8824","3.7534","16.56M","1.45%"
"07/03/2020","3.7211","3.8349","3.8439","3.7023","13.48M","-2.79%"
"07/02/2020","3.8278","3.8125","3.8914","3.7560","28.71M","1.02%"
"07/01/2020","3.7892","3.7767","3.8170","3.7211","28.19M","-0.47%"
"06/30/2020","3.8071","3.8412","3.8726","3.7650","14.87M","-1.64%"
"06/29/2020","3.8708","3.7758","3.9013","3.7560","83.28M","2.52%"
"06/26/2020","3.7758","3.9013","3.9264","3.7587","19.00M","-2.00%"
"06/25/2020","3.8529","3.7596","3.8717","3.7157","26.82M","2.33%"
"06/24/2020","3.7650","3.8457","3.8520","3.7569","21.05M","-2.23%"
"06/23/2020","3.8511","3.8636","3.9264","3.8036","16.54M","0.59%"
"06/22/2020","3.8287","3.9542","3.9559","3.8179","25.03M","-3.37%"
"06/19/2020","3.9622","3.9461","3.9739","3.9255","56.94M","1.21%"
"06/18/2020","3.9147","4.0339","4.0420","3.8833","50.87M","-3.79%"
"06/17/2020","4.0689","4.0877","4.1854","4.0160","25.52M","-1.66%"
"06/16/2020","4.1378","3.9910","4.2400","3.9578","54.93M","6.04%"
"06/15/2020","3.9019","3.9150","3.9307","3.8050","31.42M","-1.65%"
"06/12/2020","3.9674","3.9115","4.0487","3.8967","71.31M","1.11%"
"06/11/2020","3.9238","4.0653","4.0714","3.9238","35.74M","-6.42%"
"06/10/2020","4.1928","4.2784","4.3247","4.1910","27.78M","-1.23%"
"06/09/2020","4.2452","4.3413","4.3483","4.2111","26.56M","-1.90%"
"06/08/2020","4.3273","4.1928","4.3780","4.1666","27.07M","1.81%"
"06/05/2020","4.2504","4.1046","4.2994","4.0792","32.88M","4.80%"
"06/04/2020","4.0557","4.0443","4.1142","4.0137","42.32M","-0.32%"
"06/03/2020","4.0688","3.9377","4.0854","3.9028","30.02M","4.44%"
"06/02/2020","3.8958","3.8609","3.9342","3.8172","32.28M","1.36%"
"06/01/2020","3.8434","3.7980","3.9255","3.7657","27.65M","3.75%"
"05/29/2020","3.7045","3.7386","3.7945","3.6774","48.40M","-2.24%"
"05/28/2020","3.7892","3.6757","3.8137","3.6451","50.35M","4.35%"
"05/27/2020","3.6311","3.5647","3.7150","3.5482","38.10M","2.36%"
"05/26/2020","3.5473","3.7028","3.7176","3.5185","30.09M","-3.88%"
"05/25/2020","3.6905","3.6084","3.7167","3.5901","60.53M","3.05%"
"05/22/2020","3.5813","3.5508","3.6835","3.5377","42.37M","-0.29%"
"05/21/2020","3.5918","3.4573","3.6241","3.4311","34.56M","2.42%"
"05/20/2020","3.5071","3.4154","3.5071","3.2852","45.69M","2.95%"
"05/19/2020","3.4066","3.8102","3.8242","3.3900","56.59M","-9.43%"
"05/18/2020","3.7613","3.7194","3.7849","3.7063","25.27M","2.65%"
"05/15/2020","3.6643","3.7063","3.7473","3.6504","18.47M","-0.99%"
"05/14/2020","3.7010","3.6154","3.7159","3.5910","16.67M","1.34%"
"05/13/2020","3.6521","3.7622","3.7709","3.6442","24.75M","-3.20%"
"05/12/2020","3.7726","3.6582","3.8041","3.6372","18.27M","2.96%"
"05/11/2020","3.6643","3.7255","3.7272","3.6110","10.36M","-0.47%"
"05/08/2020","3.6818","3.8076","3.8076","3.6469","17.00M","-1.61%"
"05/07/2020","3.7421","3.8871","3.9045","3.6469","21.35M","0.07%"
"05/06/2020","3.7394","3.8259","3.8416","3.7394","13.34M","-2.26%"
"05/05/2020","3.8259","3.8434","3.8679","3.7525","35.97M","1.88%"
"05/04/2020","3.7552","3.7124","3.8259","3.6600","32.45M","2.85%"
"04/30/2020","3.6512","3.6512","3.7010","3.6093","27.68M","0.00%"
"04/29/2020","3.6512","3.5377","3.6512","3.5307","13.16M","3.08%"
"04/28/2020","3.5420","3.5036","3.5875","3.4940","12.12M","0.72%"
"04/27/2020","3.5167","3.5604","3.5630","3.5036","9.06M","1.33%"
"04/24/2020","3.4704","3.4826","3.5988","3.4477","13.86M","-1.61%"
"04/23/2020","3.5272","3.5115","3.5438","3.4608","10.31M","0.65%"
"04/22/2020","3.5045","3.4591","3.5464","3.4390","18.40M","2.45%"
"04/21/2020","3.4206","3.5141","3.5263","3.4206","23.22M","-4.09%"
"04/20/2020","3.5665","3.6669","3.6669","3.4966","14.89M","-0.63%"
"04/17/2020","3.5892","3.6600","3.6949","3.5525","22.50M","0.29%"
"04/16/2020","3.5787","3.6600","3.6687","3.5464","16.39M","-0.92%"
"04/15/2020","3.6119","3.7657","3.7892","3.5857","18.19M","-4.33%"
"04/14/2020","3.7753","3.9115","3.9115","3.7132","35.36M","-0.05%"
"04/09/2020","3.7770","3.8539","3.8609","3.6966","16.77M","-1.01%"
"04/08/2020","3.8154","3.7735","3.8320","3.7080","10.91M","-0.64%"
"04/07/2020","3.8399","3.8862","3.9395","3.7735","21.76M","1.76%"
"04/06/2020","3.7735","3.6338","3.7822","3.6006","21.39M","6.80%"
"04/03/2020","3.5333","3.5420","3.5621","3.4765","24.26M","-0.59%"
"04/02/2020","3.5543","3.5377","3.5761","3.3822","22.85M","1.22%"
"04/01/2020","3.5115","3.5551","3.6355","3.4957","21.92M","-3.68%"
"03/31/2020","3.6455","3.6399","3.6669","3.5385","21.48M","0.86%"
"03/30/2020","3.6145","3.5639","3.6447","3.4940","20.28M","0.22%"
"03/27/2020","3.6067","3.6993","3.6993","3.5346","43.27M","-3.45%"
"03/26/2020","3.7355","3.7997","3.8163","3.6425","39.95M","-3.90%"
"03/25/2020","3.8871","4.0526","4.0530","3.7560","24.54M","-1.40%"
"03/24/2020","3.9421","3.8224","3.9421","3.7211","25.27M","6.94%"
"03/23/2020","3.6862","3.7220","3.8347","3.6407","24.66M","-3.91%"
"03/20/2020","3.8360","4.2264","4.2365","3.7560","47.21M","-5.62%"
"03/19/2020","4.0644","3.8858","4.1841","3.8347","49.71M","7.05%"
"03/18/2020","3.7967","3.7517","4.2229","3.5377","43.15M","0.21%"
"03/17/2020","3.7888","3.3962","3.8547","3.1905","36.05M","17.80%"
"03/16/2020","3.2162","3.3822","3.3883","3.0861","64.36M","-5.19%"
"03/13/2020","3.3922","3.4940","3.7386","3.2529","44.86M","2.18%"
"03/12/2020","3.3197","3.6377","3.7015","3.3044","77.14M","-14.00%"
"03/11/2020","3.8600","3.9111","4.0522","3.8172","40.31M","0.18%"
"03/10/2020","3.8530","4.0801","4.2028","3.8434","40.71M","-3.97%"
"03/09/2020","4.0124","4.1740","4.2937","4.0124","55.99M","-9.81%"
"03/06/2020","4.4487","4.4548","4.5099","4.3876","29.29M","-1.98%"
"03/05/2020","4.5387","4.7178","4.7256","4.5073","28.35M","-3.53%"
"03/04/2020","4.7047","4.6304","4.7099","4.5920","32.03M","1.95%"
"03/03/2020","4.6147","4.7169","4.7579","4.5946","48.78M","-1.12%"
"03/02/2020","4.6671","4.7868","4.7920","4.5798","31.65M","-0.32%"
"02/28/2020","4.6820","4.9003","4.9038","4.6164","57.23M","-6.03%"
"02/27/2020","4.9824","5.0663","5.0995","4.9126","39.47M","-2.38%"
"02/26/2020","5.1039","5.0654","5.1405","4.9798","31.53M","0.34%"
"02/25/2020","5.0864","5.2724","5.2759","5.0715","36.02M","-2.90%"
"02/24/2020","5.2384","5.2410","5.3336","5.2061","27.54M","-1.85%"
"02/21/2020","5.3371","5.4629","5.4664","5.3135","37.88M","-2.86%"
"02/20/2020","5.4943","5.5467","5.5694","5.3563","46.75M","-3.82%"
"02/19/2020","5.7127","5.7127","5.7389","5.6131","19.51M","0.14%"
"02/18/2020","5.7048","5.5467","5.7057","5.5415","24.46M","2.32%"
"02/17/2020","5.5755","5.4821","5.5817","5.4690","13.87M","2.18%"
"02/14/2020","5.4567","5.4393","5.4917","5.4323","10.19M","0.21%"
"02/13/2020","5.4454","5.4987","5.5144","5.4113","19.42M","-1.52%"
"02/12/2020","5.5292","5.4157","5.5292","5.4000","37.01M","2.59%"
"02/11/2020","5.3895","5.4157","5.4428","5.3816","19.27M","-0.11%"
"02/10/2020","5.3956","5.4157","5.4742","5.3869","7.67M","-0.63%"
"02/07/2020","5.4297","5.4227","5.4428","5.4035","10.24M","-0.10%"
"02/06/2020","5.4349","5.3895","5.4602","5.3886","13.55M","1.02%"
"02/05/2020","5.3799","5.3808","5.4043","5.3502","16.68M","-0.29%"
"02/04/2020","5.3956","5.3633","5.4262","5.3458","11.41M","1.10%"
"02/03/2020","5.3371","5.3720","5.3886","5.3109","15.16M","0.02%"
"01/31/2020","5.3362","5.3746","5.4332","5.3292","19.19M","-0.81%"
"01/30/2020","5.3799","5.3720","5.4008","5.3476","17.05M","-0.66%"
"01/29/2020","5.4157","5.4594","5.4987","5.4052","13.73M","-1.10%"
"01/28/2020","5.4760","5.3266","5.4812","5.2995","16.51M","3.76%"
"01/27/2020","5.2777","5.3021","5.3318","5.2637","12.36M","-1.24%"
"01/24/2020","5.3441","5.4113","5.4332","5.3327","19.05M","-1.04%"
"01/23/2020","5.4000","5.4585","5.4725","5.3598","19.42M","-1.36%"
"01/22/2020","5.4742","5.5624","5.5624","5.4367","25.95M","-1.03%"
"01/21/2020","5.5310","5.4882","5.5817","5.4672","51.51M","0.24%"
"01/20/2020","5.5179","5.4209","5.5231","5.3886","24.61M","2.72%"
"01/17/2020","5.3720","5.3545","5.3851","5.3414","40.34M","0.82%"
"01/16/2020","5.3283","5.2593","5.3283","5.2340","13.97M","1.04%"
"01/15/2020","5.2733","5.2951","5.2986","5.2235","18.26M","-0.48%"
"01/14/2020","5.2986","5.3248","5.3266","5.2838","19.03M","-0.51%"
"01/13/2020","5.3257","5.4000","5.4026","5.3091","21.90M","-1.33%"
"01/10/2020","5.3973","5.4061","5.4218","5.3572","11.52M","-0.03%"
"01/09/2020","5.3991","5.4139","5.4419","5.3825","14.09M","0.32%"
"01/08/2020","5.3816","5.4480","5.4742","5.3781","23.61M","-1.41%"
"01/07/2020","5.4585","5.5423","5.5720","5.4515","14.29M","-1.51%"
"01/06/2020","5.5423","5.5092","5.5423","5.4401","8.62M","0.13%"
"01/03/2020","5.5354","5.5196","5.5485","5.4681","25.83M","0.08%"
"01/02/2020","5.5310","5.4856","5.5546","5.4681","21.19M","1.69%"
"12/31/2019","5.4393","5.4969","5.5030","5.4157","9.12M","-1.47%"
"12/30/2019","5.5205","5.5694","5.6114","5.5205","17.26M","-1.47%"
"12/27/2019","5.6026","5.5275","5.6052","5.5153","16.93M","0.03%"
"12/24/2019","5.6009","5.6079","5.6227","5.5607","7.30M","-0.65%"
"12/23/2019","5.6376","5.6777","5.6952","5.6131","61.13M","-1.21%"
"12/20/2019","5.7066","5.6603","5.7066","5.6210","214.43M","0.85%"
"12/19/2019","5.6585","5.7433","5.7572","5.6384","215.28M","-1.54%"
"12/18/2019","5.7467","5.7738","5.7922","5.7406","178.08M","-0.63%"
"12/17/2019","5.7834","5.8158","5.8385","5.7834","17.87M","-3.36%"
"12/16/2019","5.9843","5.9293","5.9905","5.9049","60.68M","1.86%"
"12/13/2019","5.8752","5.9311","5.9564","5.8682","17.67M","0.49%"
"12/12/2019","5.8463","5.9206","5.9241","5.8280","16.57M","-1.01%"
"12/11/2019","5.9057","5.8568","5.9389","5.8184","50.83M","0.27%"
"12/10/2019","5.8900","5.9223","5.9232","5.8140","18.69M","-0.27%"
"12/09/2019","5.9057","5.9948","5.9974","5.9057","12.19M","-1.56%"
"12/06/2019","5.9992","5.9354","6.0219","5.9180","157.03M","1.22%"
"12/05/2019","5.9267","5.9922","6.0097","5.9267","178.19M","-0.85%"
"12/04/2019","5.9774","5.8638","5.9913","5.8437","115.01M","1.88%"
"12/03/2019","5.8673","5.9642","5.9765","5.8551","47.38M","-1.16%"
"12/02/2019","5.9363","6.1145","6.1232","5.9363","34.29M","-2.24%"
"11/29/2019","6.0726","5.9835","6.1075","5.9660","18.54M","1.40%"
"11/28/2019","5.9887","5.9826","6.0385","5.9573","15.07M","1.17%"
"11/27/2019","5.9197","5.8577","5.9372","5.8271","13.66M","1.51%"
"11/26/2019","5.8315","5.9005","5.9083","5.8315","14.67M","-1.23%"
"11/25/2019","5.9040","5.9223","5.9380","5.8979","7.12M","-0.09%"
"11/22/2019","5.9092","5.8769","5.9380","5.8612","13.15M","1.38%"
"11/21/2019","5.8289","5.8192","5.8638","5.8088","12.24M","-0.49%"
"11/20/2019","5.8577","5.8542","5.8603","5.7887","16.60M","-0.33%"
"11/19/2019","5.8769","5.8874","5.9241","5.8690","10.19M","0.48%"
"11/18/2019","5.8489","5.9197","5.9276","5.8227","18.20M","-0.93%"
"11/15/2019","5.9040","5.8760","5.9101","5.8437","38.40M","1.15%"
"11/14/2019","5.8367","5.8655","5.8821","5.8350","27.15M","-0.34%"
"11/13/2019","5.8568","5.9835","5.9870","5.8481","15.42M","-2.19%"
"11/12/2019","5.9878","6.0420","6.0979","5.9878","13.50M","-0.72%"
"11/11/2019","6.0315","6.0271","6.0394","5.9415","12.63M","0.71%"
"11/08/2019","5.9887","6.0621","6.1914","5.9808","22.61M","-0.12%"
"11/07/2019","5.9957","5.9110","5.9957","5.8795","14.39M","1.76%"
"11/06/2019","5.8917","5.9922","6.0202","5.8917","25.38M","-1.76%"
"11/05/2019","5.9974","6.0385","6.0708","5.9066","28.18M","-3.32%"
"11/04/2019","6.2034","6.1972","6.2267","6.1587","17.38M","0.27%"
"11/01/2019","6.1864","6.1748","6.2088","6.1336","6.63M","0.57%"
"10/31/2019","6.1515","6.1739","6.1936","6.1050","12.86M","0.12%"
"10/30/2019","6.1444","6.2017","6.2249","6.1050","10.98M","-0.77%"
"10/29/2019","6.1918","6.3627","6.3681","6.1515","23.60M","-2.70%"
"10/28/2019","6.3636","6.3824","6.4164","6.3582","8.46M","-0.57%"
"10/25/2019","6.4003","6.4083","6.4307","6.3547","8.72M","-0.21%"
"10/24/2019","6.4137","6.4871","6.4942","6.3904","15.31M","-0.69%"
"10/23/2019","6.4584","6.3833","6.4960","6.3618","15.63M","0.98%"
"10/22/2019","6.3958","6.3502","6.3976","6.3394","16.15M","0.72%"
"10/21/2019","6.3502","6.3341","6.3967","6.3010","9.76M","0.41%"
"10/18/2019","6.3242","6.2750","6.3260","6.2616","8.09M","0.30%"
"10/17/2019","6.3054","6.3126","6.3949","6.3054","12.53M","-0.45%"
"10/16/2019","6.3341","6.3251","6.3484","6.2616","26.11M","0.53%"
"10/15/2019","6.3010","6.2840","6.3260","6.2580","25.03M","0.82%"
"10/14/2019","6.2500","6.2625","6.2795","6.2097","8.65M","-0.77%"
"10/11/2019","6.2983","6.1829","6.2983","6.1703","16.58M","2.15%"
"10/10/2019","6.1659","6.1023","6.1811","6.0791","9.23M","1.12%"
"10/09/2019","6.0979","6.0773","6.1292","6.0612","10.84M","0.65%"
"10/08/2019","6.0585","6.1605","6.1739","6.0272","25.30M","-1.43%"
"10/07/2019","6.1462","6.0648","6.1659","6.0549","62.38M","0.88%"
"10/04/2019","6.0925","6.0835","6.0925","5.9806","33.01M","0.62%"
"10/03/2019","6.0549","6.0486","6.0934","6.0200","17.09M","-0.12%"
"10/02/2019","6.0621","6.2133","6.2616","6.0621","23.65M","-2.46%"
"10/01/2019","6.2151","6.2723","6.3063","6.2124","10.03M","-0.79%"
"09/30/2019","6.2643","6.2428","6.2938","6.2294","13.07M","0.06%"
"09/27/2019","6.2607","6.2455","6.2813","6.2169","9.44M","0.76%"
"09/26/2019","6.2133","6.1560","6.2374","6.1175","17.64M","0.78%"
"09/25/2019","6.1650","6.1229","6.2008","6.1041","21.77M","0.35%"
"09/24/2019","6.1435","6.1730","6.2258","6.1435","13.00M","-0.32%"
"09/23/2019","6.1632","6.1524","6.1811","6.1131","14.34M","-0.35%"
"09/20/2019","6.1846","6.0576","6.1846","6.0307","55.31M","2.34%"
"09/19/2019","6.0433","6.0245","6.0665","6.0030","13.55M","0.45%"
"09/18/2019","6.0164","5.9959","6.0191","5.9305","19.24M","0.78%"
"09/17/2019","5.9699","6.0639","6.0701","5.9529","27.37M","-1.78%"
"09/16/2019","6.0782","6.0567","6.1023","6.0254","14.08M","0.06%"
"09/13/2019","6.0746","6.0334","6.0907","6.0263","15.26M","1.00%"
"09/12/2019","6.0146","5.9869","6.0343","5.9502","16.75M","0.46%"
"09/11/2019","5.9869","5.9976","6.0281","5.9404","30.68M","0.07%"
"09/10/2019","5.9824","5.9502","6.0030","5.8849","33.38M","0.39%"
"09/09/2019","5.9592","5.8831","5.9708","5.8831","20.19M","1.19%"
"09/06/2019","5.8894","5.8294","5.9243","5.8241","18.08M","1.15%"
"09/05/2019","5.8223","5.7972","5.8598","5.7945","23.74M","1.09%"
"09/04/2019","5.7596","5.7221","5.8276","5.7140","19.99M","1.02%"
"09/03/2019","5.7015","5.7212","5.7400","5.6576","15.96M","0.25%"
"09/02/2019","5.6872","5.6379","5.7391","5.6379","17.23M","0.87%"
"08/30/2019","5.6379","5.6192","5.6594","5.6084","15.85M","0.11%"
"08/29/2019","5.6317","5.5556","5.6362","5.5556","15.45M","0.96%"
"08/28/2019","5.5780","5.5019","5.5923","5.4858","34.28M","1.48%"
"08/27/2019","5.4966","5.4089","5.5037","5.3847","24.41M","1.42%"
"08/26/2019","5.4196","5.3060","5.4313","5.2926","11.45M","1.99%"
"08/23/2019","5.3140","5.3892","5.4089","5.3140","16.78M","-0.90%"
"08/22/2019","5.3624","5.3239","5.4500","5.3194","16.05M","0.35%"
"08/21/2019","5.3436","5.3606","5.3740","5.3221","11.78M","0.34%"
"08/20/2019","5.3257","5.4313","5.4402","5.3257","17.31M","-2.59%"
"08/19/2019","5.4670","5.4151","5.4849","5.4080","16.08M","1.73%"
"08/16/2019","5.3740","5.3194","5.4026","5.3131","27.21M","1.03%"
"08/15/2019","5.3194","5.3722","5.4017","5.2442","16.35M","-0.70%"
"08/14/2019","5.3570","5.6066","5.6165","5.3507","32.60M","-4.21%"
"08/13/2019","5.5923","5.5655","5.6442","5.5082","22.16M","-0.06%"
"08/12/2019","5.5959","5.7068","5.7104","5.5753","16.84M","-1.43%"
"08/09/2019","5.6773","5.7811","5.8053","5.6496","27.54M","-2.77%"
"08/08/2019","5.8393","5.8607","5.8715","5.8088","16.25M","0.32%"
"08/07/2019","5.8205","5.8697","5.8822","5.7534","16.23M","-0.34%"
"08/06/2019","5.8402","5.9502","5.9681","5.8223","19.97M","-1.92%"
"08/05/2019","5.9547","6.0084","6.0880","5.9413","18.39M","-1.77%"
"08/02/2019","6.0621","6.0853","6.1328","6.0343","21.59M","-1.47%"
"08/01/2019","6.1524","6.1292","6.2303","6.1238","11.29M","-0.65%"
"07/31/2019","6.1927","6.2482","6.2482","6.1560","16.43M","-0.62%"
"07/30/2019","6.2312","6.3547","6.3824","6.2097","16.08M","-1.94%"
"07/29/2019","6.3547","6.3162","6.4191","6.3028","11.97M","0.62%"
"07/26/2019","6.3153","6.3511","6.3529","6.2634","13.83M","-0.16%"
"07/25/2019","6.3251","6.5855","6.6034","6.2929","25.61M","-2.93%"
"07/24/2019","6.5157","6.5318","6.5426","6.4969","12.52M","0.12%"
"07/23/2019","6.5077","6.4871","6.5461","6.4719","9.95M","0.76%"
"07/22/2019","6.4584","6.4817","6.5068","6.4298","8.37M","-0.36%"
"07/19/2019","6.4817","6.5238","6.5855","6.4549","12.97M","-0.55%"
"07/18/2019","6.5175","6.5318","6.5739","6.5068","10.44M","-0.38%"
"07/17/2019","6.5426","6.6249","6.6276","6.5426","10.84M","-1.44%"
"07/16/2019","6.6383","6.5980","6.6616","6.5721","16.56M","0.53%"
"07/15/2019","6.6034","6.6213","6.6517","6.5703","29.19M","-0.18%"
"07/12/2019","6.6150","6.6571","6.6759","6.6061","13.64M","-0.63%"
"07/11/2019","6.6571","6.6320","6.6795","6.6249","8.24M","0.59%"
"07/10/2019","6.6177","6.6222","6.6696","6.6124","19.69M","-0.75%"
"07/09/2019","6.6678","6.6195","6.6678","6.6141","27.13M","0.89%"
"07/08/2019","6.6088","6.6124","6.6607","6.6034","11.22M","-0.11%"
"07/05/2019","6.6159","6.6553","6.6947","6.6124","13.34M","-0.46%"
"07/04/2019","6.6464","6.5649","6.6464","6.5622","10.81M","1.48%"
"07/03/2019","6.5497","6.5390","6.5828","6.5381","13.02M","0.16%"
"07/02/2019","6.5390","6.5139","6.5390","6.4844","12.10M","0.48%"
"07/01/2019","6.5077","6.5139","6.5229","6.4531","11.75M","0.72%"
"06/28/2019","6.4611","6.4593","6.4907","6.3976","18.35M","0.10%"
"06/27/2019","6.4549","6.5426","6.5443","6.4468","10.98M","-1.14%"
"06/26/2019","6.5291","6.5112","6.5497","6.4862","14.20M","0.26%"
"06/25/2019","6.5121","6.4683","6.5390","6.4477","25.82M","0.28%"
"06/24/2019","6.4942","6.5238","6.5515","6.4692","70.02M","-0.08%"
"06/21/2019","6.4996","6.5587","6.5953","6.4889","61.30M","-0.81%"
"06/20/2019","6.5524","6.6088","6.6320","6.4960","149.63M","-0.48%"
"06/19/2019","6.5837","6.6043","6.6222","6.5327","96.28M","-0.05%"
"06/18/2019","6.5873","6.4602","6.6061","6.4423","124.12M","-0.30%"
"06/17/2019","6.6070","6.6839","6.7045","6.6070","40.56M","-0.81%"
"06/14/2019","6.6607","6.7099","6.7108","6.6374","14.66M","-0.60%"
"06/13/2019","6.7009","6.7439","6.7913","6.6884","31.04M","-1.34%"
"06/12/2019","6.7922","6.7081","6.7931","6.7063","19.05M","0.85%"
"06/11/2019","6.7349","6.6705","6.7492","6.6616","25.25M","0.91%"
"06/10/2019","6.6741","6.7018","6.7045","6.6642","54.84M","-0.15%"
"06/07/2019","6.6839","6.6276","6.6857","6.5846","39.79M","0.97%"
"06/06/2019","6.6195","6.6276","6.6723","6.6061","114.28M","0.05%"
"06/05/2019","6.6159","6.5882","6.6302","6.5551","127.40M","1.05%"
"06/04/2019","6.5470","6.4262","6.5900","6.4146","148.06M","1.70%"
"06/03/2019","6.4379","6.3824","6.4379","6.3484","26.11M","0.24%"
"05/31/2019","6.4227","6.3976","6.4540","6.3887","12.31M","-0.53%"
"05/30/2019","6.4567","6.4540","6.4942","6.4316","6.95M","0.36%"
"05/29/2019","6.4334","6.4289","6.4450","6.3806","9.54M","-0.85%"
"05/28/2019","6.4889","6.4746","6.4889","6.4200","17.60M","0.12%"
"05/27/2019","6.4808","6.4629","6.5193","6.4629","4.42M","0.54%"
"05/24/2019","6.4459","6.4450","6.4925","6.4289","9.93M","0.28%"
"05/23/2019","6.4280","6.4110","6.4665","6.3994","13.87M","-0.61%"
"05/22/2019","6.4674","6.4119","6.4898","6.4057","13.88M","0.36%"
"05/21/2019","6.4441","6.4289","6.4889","6.3985","12.27M","0.35%"
"05/20/2019","6.4218","6.4218","6.4817","6.3904","14.05M","0.01%"
"05/17/2019","6.4209","6.4334","6.4719","6.3833","24.11M","-0.57%"
"05/16/2019","6.4576","6.3976","6.4620","6.3708","14.83M","0.94%"
"05/15/2019","6.3976","6.3797","6.4048","6.3010","16.07M","0.55%"
"05/14/2019","6.3627","6.3171","6.3726","6.2965","15.37M","1.24%"
"05/13/2019","6.2849","6.3708","6.3708","6.2410","16.82M","-1.17%"
"05/10/2019","6.3591","6.3958","6.4683","6.2634","18.05M","-0.17%"
"05/09/2019","6.3699","6.3976","6.4218","6.3466","27.64M","-0.85%"
"05/08/2019","6.4244","6.4602","6.5050","6.4101","21.45M","-0.57%"
"05/07/2019","6.4611","6.5435","6.5739","6.4334","15.74M","-0.92%"
"05/06/2019","6.5211","6.4683","6.5345","6.4513","9.38M","-6.86%"
"05/03/2019","7.0013","7.0378","7.0589","6.9696","18.80M","-0.38%"
"05/02/2019","7.0282","7.0848","7.1539","7.0051","14.71M","-1.49%"
"04/30/2019","7.1347","7.1261","7.1434","7.0474","14.67M","-1.04%"
"04/29/2019","7.2096","7.1520","7.2096","7.1146","7.22M","0.63%"
"04/26/2019","7.1645","7.1040","7.1866","7.0570","13.68M","1.07%"
"04/25/2019","7.0886","7.0320","7.0925","7.0090","11.64M","0.56%"
"04/24/2019","7.0493","7.1040","7.1270","7.0176","12.25M","-1.20%"
"04/23/2019","7.1347","7.1971","7.2077","7.1184","9.38M","-1.01%"
"04/18/2019","7.2077","7.1856","7.2346","7.1443","11.22M","0.11%"
"04/17/2019","7.2000","7.1424","7.2288","7.0954","11.08M","1.30%"
"04/16/2019","7.1078","7.1520","7.1894","7.1078","9.90M","-0.84%"
"04/15/2019","7.1683","7.1520","7.1962","7.1462","10.87M","0.47%"
"04/12/2019","7.1347","7.1328","7.2019","7.0915","16.71M","-0.05%"
"04/11/2019","7.1386","7.1232","7.1395","7.0685","9.56M","0.57%"
"04/10/2019","7.0982","7.0886","7.1395","7.0810","9.72M","0.08%"
"04/09/2019","7.0925","7.1242","7.1578","7.0867","13.22M","-0.43%"
"04/08/2019","7.1232","7.1904","7.2019","7.0944","18.85M","-1.17%"
"04/05/2019","7.2077","7.3344","7.3440","7.1722","14.68M","-1.47%"
"04/04/2019","7.3152","7.2538","7.3296","7.2326","15.46M","0.89%"
"04/03/2019","7.2509","7.2518","7.2624","7.1914","16.18M","0.91%"
"04/02/2019","7.1856","7.1894","7.2192","7.1232","14.16M","-0.35%"
"04/01/2019","7.2106","7.1789","7.2288","7.1376","11.59M","0.56%"
"03/29/2019","7.1702","7.1146","7.1702","7.0368","13.46M","1.04%"
"03/28/2019","7.0963","7.2864","7.3056","7.0963","14.44M","-2.61%"
"03/27/2019","7.2864","7.3027","7.3334","7.2182","11.18M","0.21%"
"03/26/2019","7.2710","7.2557","7.2912","7.1952","9.28M","0.40%"
"03/25/2019","7.2422","7.2874","7.3373","7.2298","14.54M","-0.74%"
"03/22/2019","7.2960","7.4582","7.4736","7.2960","16.68M","-1.77%"
"03/21/2019","7.4275","7.4179","7.4707","7.3930","11.59M","0.18%"
"03/20/2019","7.4141","7.5024","7.5552","7.4141","10.79M","-1.40%"
"03/19/2019","7.5197","7.5360","7.5840","7.4976","11.18M","0.10%"
"03/18/2019","7.5120","7.5024","7.5600","7.4851","11.80M","0.18%"
"03/15/2019","7.4986","7.3085","7.5120","7.2989","38.75M","2.65%"
"03/14/2019","7.3046","7.2960","7.4006","7.2787","15.50M","0.20%"
"03/13/2019","7.2902","7.2672","7.3142","7.2480","10.98M","0.32%"
"03/12/2019","7.2672","7.3152","7.3344","7.2288","11.98M","-0.86%"
"03/11/2019","7.3306","7.3142","7.3363","7.2691","9.12M","0.79%"
"03/08/2019","7.2730","7.2240","7.3123","7.2134","12.88M","0.26%"
"03/07/2019","7.2538","7.2480","7.3699","7.2374","18.64M","0.39%"
"03/06/2019","7.2259","7.1866","7.2480","7.1837","15.63M","0.49%"
"03/05/2019","7.1904","7.1318","7.2538","7.1309","12.58M","0.89%"
"03/04/2019","7.1270","7.2202","7.2365","7.1136","10.26M","-0.74%"
"03/01/2019","7.1798","7.2979","7.3123","7.1798","17.07M","-1.45%"
"02/28/2019","7.2854","7.1904","7.2912","7.1722","14.86M","0.68%"
"02/27/2019","7.2365","7.2883","7.2960","7.2106","12.63M","-0.82%"
"02/26/2019","7.2960","7.3670","7.3680","7.2403","12.83M","-1.36%"
"02/25/2019","7.3968","7.4592","7.5149","7.3968","14.97M","-0.81%"
"02/22/2019","7.4573","7.4842","7.5245","7.3786","15.75M","-0.06%"
"02/21/2019","7.4621","7.4688","7.5168","7.4016","30.29M","1.21%"
"02/20/2019","7.3728","7.2893","7.3757","7.2720","11.55M","1.05%"
"02/19/2019","7.2960","7.2749","7.3296","7.2221","13.17M","0.50%"
"02/18/2019","7.2595","7.2154","7.2931","7.2038","9.05M","0.83%"
"02/15/2019","7.2000","7.0291","7.2115","7.0109","15.04M","2.53%"
"02/14/2019","7.0224","7.1203","7.1270","7.0128","10.51M","-0.69%"
"02/13/2019","7.0714","7.0522","7.0838","7.0080","8.57M","0.19%"
"02/12/2019","7.0579","7.1299","7.1424","7.0397","10.89M","0.04%"
"02/11/2019","7.0550","7.0416","7.1174","7.0272","10.03M","0.57%"
"02/08/2019","7.0147","7.1030","7.1213","6.9466","17.41M","-1.76%"
"02/07/2019","7.1405","7.2768","7.2989","7.1395","12.61M","-2.31%"
"02/06/2019","7.3094","7.2883","7.3440","7.2576","9.68M","0.07%"
"02/05/2019","7.3046","7.1654","7.3046","7.1376","16.08M","2.00%"
"02/04/2019","7.1616","7.2336","7.2691","7.1088","13.47M","-0.88%"
"02/01/2019","7.2250","7.2115","7.2557","7.1520","18.23M","0.41%"
"01/31/2019","7.1952","7.2902","7.3248","7.1482","22.44M","-1.15%"
"01/30/2019","7.2787","7.3133","7.3306","7.2058","15.98M","-0.63%"
"01/29/2019","7.3248","7.3882","7.4112","7.3229","12.74M","-0.68%"
"01/28/2019","7.3747","7.3930","7.4429","7.3450","8.88M","-0.41%"
"01/25/2019","7.4054","7.4678","7.4717","7.3805","10.53M","-0.23%"
"01/24/2019","7.4227","7.4266","7.4794","7.3507","10.64M","0.05%"
"01/23/2019","7.4189","7.3814","7.4861","7.3392","14.99M","0.51%"
"01/22/2019","7.3814","7.3920","7.4362","7.3363","20.21M","-0.19%"
"01/21/2019","7.3958","7.3622","7.3958","7.3018","10.60M","0.22%"
"01/18/2019","7.3795","7.3123","7.4074","7.2778","17.57M","1.59%"
"01/17/2019","7.2643","7.2787","7.3286","7.2365","12.73M","-0.67%"
"01/16/2019","7.3133","7.3258","7.3469","7.2518","16.35M","0.33%"
"01/15/2019","7.2893","7.3728","7.3891","7.2230","14.35M","-0.42%"
"01/14/2019","7.3200","7.3219","7.3450","7.2566","12.49M","-0.59%"
"01/11/2019","7.3632","7.3421","7.3872","7.3344","9.79M","0.12%"
"01/10/2019","7.3546","7.2240","7.3546","7.2106","12.30M","1.78%"
"01/09/2019","7.2259","7.4189","7.4419","7.2259","24.65M","-2.04%"
"01/08/2019","7.3766","7.4035","7.4400","7.3229","18.07M","-0.16%"
"01/07/2019","7.3882","7.3536","7.3978","7.3085","15.48M","0.90%"
"01/04/2019","7.3219","7.2614","7.3910","7.2250","13.57M","1.30%"
"01/03/2019","7.2278","7.0810","7.2701","7.0656","19.75M","1.66%"
"01/02/2019","7.1098","7.0070","7.1232","6.9379","15.28M","0.91%"
"12/31/2018","7.0454","7.0790","7.1318","7.0416","5.58M","-0.53%"
"12/28/2018","7.0829","7.0166","7.1184","7.0003","17.59M","0.93%"
"12/27/2018","7.0176","7.0685","7.1040","6.9331","23.64M","-1.02%"
"12/24/2018","7.0896","7.1098","7.1424","7.0666","13.08M","-1.42%"
"12/21/2018","7.1914","7.1827","7.2125","7.0790","95.09M","-0.16%"
"12/20/2018","7.2029","7.2000","7.2768","7.1597","133.78M","-1.28%"
"12/19/2018","7.2960","7.1914","7.3258","7.1904","190.39M","1.71%"
"12/18/2018","7.1731","7.3718","7.3718","7.1722","151.25M","-4.54%"
"12/17/2018","7.5139","7.4880","7.5984","7.4630","44.42M","0.46%"
"12/14/2018","7.4794","7.4592","7.5158","7.3949","17.97M","-0.50%"
"12/13/2018","7.5168","7.5360","7.6128","7.5005","25.40M","1.12%"
"12/12/2018","7.4333","7.3373","7.4851","7.3267","42.56M","1.56%"
"12/11/2018","7.3190","7.3046","7.4390","7.2634","118.81M","0.75%"
"12/10/2018","7.2643","7.3354","7.3786","7.2192","14.12M","-1.47%"
"12/07/2018","7.3728","7.3238","7.4563","7.3133","40.46M","1.01%"
"12/06/2018","7.2989","7.4880","7.5024","7.2605","89.51M","-3.23%"
"12/05/2018","7.5427","7.4784","7.5811","7.4400","131.83M","-0.37%"
"12/04/2018","7.5706","7.6032","7.6454","7.5629","54.41M","-0.92%"
"12/03/2018","7.6406","7.7232","7.7366","7.6282","26.47M","0.39%"
"11/30/2018","7.6109","7.5178","7.6243","7.5062","48.63M","1.59%"
"11/29/2018","7.4918","7.5350","7.6003","7.4736","35.13M","0.33%"
"11/28/2018","7.4669","7.4400","7.5264","7.4256","48.85M","1.04%"
"11/27/2018","7.3901","7.3555","7.4621","7.3382","18.77M","0.56%"
"11/26/2018","7.3488","7.1107","7.3987","7.1107","26.98M","4.38%"
"11/23/2018","7.0406","7.0070","7.0646","6.9869","8.36M","0.59%"
"11/22/2018","6.9994","7.1040","7.1050","6.9994","11.06M","-1.53%"
"11/21/2018","7.1078","7.0656","7.1942","7.0368","49.16M","1.05%"
"11/20/2018","7.0339","7.1568","7.1616","7.0090","19.75M","-1.87%"
"11/19/2018","7.1683","7.2067","7.2710","7.1683","12.75M","-0.40%"
"11/16/2018","7.1971","7.2278","7.2470","7.1472","18.91M","-0.04%"
"11/15/2018","7.2000","7.2211","7.3027","7.1462","17.07M","0.07%"
"11/14/2018","7.1952","7.1712","7.2634","7.1453","12.13M","-0.25%"
"11/13/2018","7.2134","7.1693","7.2326","7.1616","15.01M","1.14%"
"11/12/2018","7.1318","7.1904","7.2086","7.1290","13.50M","-0.54%"
"11/09/2018","7.1702","7.2048","7.2182","7.1510","40.46M","-0.57%"
"11/08/2018","7.2115","7.1491","7.2346","7.1462","12.30M","0.94%"
"11/07/2018","7.1443","7.1203","7.1770","7.1069","14.08M","1.42%"
"11/06/2018","7.0445","7.1242","7.1270","6.9830","14.59M","-1.20%"
"11/05/2018","7.1299","7.0598","7.1712","7.0598","20.09M","0.99%"
"11/02/2018","7.0598","7.1184","7.1232","7.0282","22.48M","0.10%"
"11/01/2018","7.0531","6.9658","7.1136","6.9485","26.98M","1.51%"
"10/31/2018","6.9485","6.9216","7.0310","6.8352","35.78M","2.80%"
"10/30/2018","6.7594","6.7517","6.7738","6.6912","12.27M","0.27%"
"10/29/2018","6.7411","6.6106","6.7786","6.6000","22.11M","2.54%"
"10/26/2018","6.5741","6.6038","6.6346","6.5040","18.31M","-1.20%"
"10/25/2018","6.6538","6.5702","6.7181","6.5702","26.57M","0.99%"
"10/24/2018","6.5885","6.6346","6.7229","6.5885","23.49M","-0.29%"
"10/23/2018","6.6077","6.6086","6.6557","6.5789","18.86M","-0.82%"
"10/22/2018","6.6624","6.7699","6.7834","6.6547","10.94M","-0.46%"
"10/19/2018","6.6931","6.6240","6.7238","6.5558","30.59M","1.41%"
"10/18/2018","6.6000","6.6854","6.7776","6.6000","30.45M","-1.08%"
"10/17/2018","6.6720","6.7584","6.7862","6.6326","22.03M","-1.12%"
"10/16/2018","6.7478","6.7949","6.8352","6.7478","11.20M","-0.18%"
"10/15/2018","6.7603","6.6691","6.7738","6.6374","13.63M","1.32%"
"10/12/2018","6.6720","6.7872","6.7978","6.6355","14.22M","-0.90%"
"10/11/2018","6.7325","6.7171","6.8534","6.6730","24.76M","-1.02%"
"10/10/2018","6.8016","6.7277","6.8582","6.6835","23.07M","1.10%"
"10/09/2018","6.7277","6.7200","6.7584","6.6240","12.81M","0.43%"
"10/08/2018","6.6989","6.6384","6.7238","6.6144","18.39M","0.84%"
"10/05/2018","6.6432","6.6691","6.7018","6.6144","11.05M","-0.57%"
"10/04/2018","6.6816","6.6422","6.7392","6.6010","14.42M","0.62%"
"10/03/2018","6.6403","6.5664","6.6710","6.5270","14.07M","2.43%"
"10/02/2018","6.4829","6.5222","6.5318","6.4714","17.26M","-1.10%"
"10/01/2018","6.5549","6.5549","6.6307","6.5261","10.83M","0.15%"
"09/28/2018","6.5453","6.6336","6.6336","6.4877","17.45M","-1.94%"
"09/27/2018","6.6749","6.6000","6.7018","6.5328","13.47M","0.94%"
"09/26/2018","6.6125","6.5395","6.6211","6.5011","15.32M","1.59%"
"09/25/2018","6.5088","6.5549","6.6269","6.5088","20.66M","-0.73%"
"09/24/2018","6.5568","6.5568","6.5942","6.5242","12.00M","-0.31%"
"09/21/2018","6.5770","6.6048","6.6979","6.5309","88.93M","-0.12%"
"09/20/2018","6.5846","6.4272","6.6010","6.4272","24.05M","2.39%"
"09/19/2018","6.4310","6.4320","6.4627","6.3600","19.11M","-0.12%"
"09/18/2018","6.4387","6.3706","6.4387","6.3475","14.41M","1.12%"
"09/17/2018","6.3677","6.3955","6.4790","6.3638","17.04M","-0.73%"
"09/14/2018","6.4147","6.4349","6.4512","6.3936","10.76M","-0.09%"
"09/13/2018","6.4205","6.4003","6.4762","6.3485","11.86M","0.09%"
"09/12/2018","6.4147","6.4579","6.4800","6.3283","22.24M","-1.62%"
"09/11/2018","6.5203","6.5587","6.5664","6.4598","15.12M","-0.21%"
"09/10/2018","6.5338","6.5030","6.5885","6.4598","13.04M","0.46%"
"09/07/2018","6.5040","6.5078","6.5626","6.4483","14.55M","0.49%"
"09/06/2018","6.4723","6.4810","6.5069","6.3984","17.18M","-0.87%"
"09/05/2018","6.5290","6.6144","6.6269","6.5213","26.04M","-1.80%"
"09/04/2018","6.6490","6.7555","6.7555","6.6173","31.17M","-1.13%"
"09/03/2018","6.7248","6.7152","6.7315","6.6720","9.20M","0.26%"
"08/31/2018","6.7075","6.8150","6.8150","6.6816","26.00M","-1.69%"
"08/30/2018","6.8227","6.9571","6.9600","6.8035","23.30M","-2.11%"
"08/29/2018","6.9696","6.9869","6.9965","6.9264","10.14M","-0.10%"
"08/28/2018","6.9763","7.0637","7.0637","6.9763","10.81M","-1.01%"
"08/27/2018","7.0474","7.0790","7.0800","7.0243","5.55M","0.19%"
"08/24/2018","7.0339","7.0397","7.0781","7.0253","8.88M","-0.08%"
"08/23/2018","7.0397","7.0627","7.1030","7.0214","7.01M","-0.10%"
"08/22/2018","7.0464","7.0560","7.1174","7.0080","11.72M","-0.01%"
"08/21/2018","7.0474","7.0349","7.1002","7.0176","6.93M","0.22%"
"08/20/2018","7.0320","7.0339","7.0656","6.9888","12.65M","0.16%"
"08/17/2018","7.0205","7.1059","7.1357","6.9754","16.61M","-1.03%"
"08/16/2018","7.0934","7.1222","7.1299","7.0483","10.94M","0.23%"
"08/15/2018","7.0771","7.1510","7.1539","7.0272","12.70M","-0.83%"
"08/14/2018","7.1366","7.1885","7.2211","7.1242","9.70M","-0.25%"
"08/13/2018","7.1549","7.1366","7.1741","7.0781","14.23M","-0.23%"
"08/10/2018","7.1712","7.2576","7.2797","7.1299","16.01M","-1.63%"
"08/09/2018","7.2902","7.3238","7.3238","7.2470","8.96M","-0.47%"
"08/08/2018","7.3248","7.3392","7.3776","7.2566","9.38M","-0.34%"
"08/07/2018","7.3498","7.3210","7.3795","7.2989","7.74M","0.54%"
"08/06/2018","7.3104","7.3296","7.3690","7.2576","10.06M","-0.09%"
"08/03/2018","7.3171","7.2912","7.3286","7.2326","9.40M","0.34%"
"08/02/2018","7.2922","7.3363","7.3642","7.2355","17.10M","-0.85%"
"08/01/2018","7.3546","7.3632","7.4189","7.3200","9.58M","-0.39%"
"07/31/2018","7.3834","7.3968","7.4678","7.3728","15.24M","-0.25%"
"07/30/2018","7.4016","7.3565","7.4294","7.3440","11.79M","0.57%"
"07/27/2018","7.3594","7.3171","7.4323","7.3142","12.37M","0.48%"
"07/26/2018","7.3238","7.1530","7.3776","7.1357","30.63M","3.50%"
"07/25/2018","7.0762","7.0925","7.1328","7.0531","12.23M","-0.23%"
"07/24/2018","7.0925","7.1213","7.1472","7.0694","11.16M","0.05%"
"07/23/2018","7.0886","7.0560","7.0982","7.0118","11.52M","-0.27%"
"07/20/2018","7.1078","7.1059","7.1347","7.0570","16.12M","0.09%"
"07/19/2018","7.1011","7.1520","7.1933","7.0522","15.14M","-0.87%"
"07/18/2018","7.1635","7.1779","7.2269","7.1261","9.75M","0.21%"
"07/17/2018","7.1482","7.2163","7.2163","7.0579","17.30M","-0.96%"
"07/16/2018","7.2173","7.2634","7.2787","7.1722","12.16M","-0.62%"
"07/13/2018","7.2624","7.3027","7.3344","7.2470","16.02M","-0.22%"
"07/12/2018","7.2787","7.3306","7.3344","7.2490","10.88M","-0.24%"
"07/11/2018","7.2960","7.3344","7.3987","7.2902","18.29M","-0.90%"
"07/10/2018","7.3622","7.3930","7.4131","7.3162","11.37M","-0.47%"
"07/09/2018","7.3968","7.4400","7.4803","7.3891","11.72M","-0.06%"
"07/06/2018","7.4016","7.3728","7.4112","7.3392","15.10M","0.61%"
"07/05/2018","7.3565","7.2787","7.3795","7.2739","17.49M","0.99%"
"07/04/2018","7.2845","7.0896","7.3440","7.0848","27.33M","2.47%"
"07/03/2018","7.1088","6.9811","7.1107","6.9763","14.18M","2.18%"
"07/02/2018","6.9571","6.9427","6.9859","6.8736","10.79M","-0.44%"
"06/29/2018","6.9878","7.0742","7.0896","6.9840","18.34M","-0.10%"
"06/28/2018","6.9946","7.0186","7.0829","6.9610","13.32M","-0.88%"
"06/27/2018","7.0570","7.0368","7.1261","6.9427","16.99M","0.00%"
"06/26/2018","7.0570","7.1136","7.1923","7.0330","19.18M","-0.08%"
"06/25/2018","7.0627","7.1136","7.1443","7.0627","15.48M","-1.33%"
"06/22/2018","7.1578","7.0886","7.1693","7.0886","11.03M","0.89%"
"06/21/2018","7.0944","7.1434","7.1818","7.0608","15.55M","-0.57%"
"06/20/2018","7.1347","7.1232","7.2154","7.1136","32.11M","0.85%"
"06/19/2018","7.0742","7.0464","7.0982","6.9984","48.67M","-0.42%"
"06/18/2018","7.1040","7.1366","7.2278","7.0694","99.54M","-0.63%"
"06/15/2018","7.1491","7.2355","7.2576","7.1194","169.27M","-1.35%"
"06/14/2018","7.2470","7.1261","7.2576","7.1194","91.58M","1.30%"
"06/13/2018","7.1539","7.2595","7.2624","7.1366","160.59M","-2.98%"
"06/12/2018","7.3738","7.3920","7.4026","7.3200","24.23M","0.35%"
"06/11/2018","7.3478","7.3325","7.3786","7.3008","87.78M","0.95%"
"06/08/2018","7.2787","7.3939","7.3958","7.2557","123.44M","-2.02%"
"06/07/2018","7.4285","7.4784","7.5235","7.4246","103.63M","-0.13%"
"06/06/2018","7.4381","7.3786","7.4592","7.3248","208.52M","0.79%"
"06/05/2018","7.3795","7.3939","7.4323","7.3478","48.18M","-0.56%"
"06/04/2018","7.4208","7.3757","7.5062","7.3555","59.25M","1.38%"
"06/01/2018","7.3200","7.3037","7.3862","7.2662","24.48M","1.03%"
"05/31/2018","7.2451","7.3478","7.3584","7.1558","28.01M","-1.04%"
"05/30/2018","7.3210","7.3344","7.3718","7.2624","72.78M","0.18%"
"05/29/2018","7.3075","7.3546","7.3546","7.2096","35.57M","-0.98%"
"05/28/2018","7.3795","7.5034","7.5235","7.3632","12.19M","-1.16%"
"05/25/2018","7.4659","7.5590","7.5590","7.3699","21.06M","-0.84%"
"05/24/2018","7.5293","7.5974","7.6080","7.5082","18.42M","-0.65%"
"05/23/2018","7.5782","7.5936","7.6032","7.5091","12.71M","-0.72%"
"05/22/2018","7.6330","7.5888","7.6512","7.5475","15.77M","-3.29%"
"05/21/2018","7.8930","8.0100","8.0200","7.8610","12.24M","-0.97%"
"05/18/2018","7.9700","8.0750","8.1040","7.9450","23.74M","-1.20%"
"05/17/2018","8.0670","8.0600","8.0800","8.0180","11.20M","0.20%"
"05/16/2018","8.0510","8.0930","8.1300","7.9950","18.20M","-0.01%"
"05/15/2018","8.0520","8.1790","8.1800","8.0110","26.15M","-2.27%"
"05/14/2018","8.2390","8.3800","8.3800","8.2230","12.06M","-1.31%"
"05/11/2018","8.3480","8.3410","8.3850","8.3130","8.39M","0.10%"
"05/10/2018","8.3400","8.3490","8.3610","8.2600","7.56M","0.05%"
"05/09/2018","8.3360","8.3000","8.3370","8.2520","8.35M","0.11%"
"05/08/2018","8.3270","8.2850","8.3480","8.2600","12.96M","0.53%"
"05/07/2018","8.2830","8.2590","8.3200","8.2510","7.38M","-0.28%"
"05/04/2018","8.3060","8.3460","8.3640","8.2470","17.92M","-0.73%"
"05/03/2018","8.3670","8.3890","8.4140","8.3330","9.06M","-0.63%"
"05/02/2018","8.4200","8.4130","8.4440","8.3660","10.40M","-0.15%"
"04/30/2018","8.4330","8.4100","8.4760","8.3900","10.12M","0.42%"
"04/27/2018","8.3980","8.4180","8.4470","8.3530","9.30M","-0.08%"
"04/26/2018","8.4050","8.4300","8.4680","8.2750","13.42M","0.79%"
"04/25/2018","8.3390","8.2430","8.3840","8.2400","12.34M","0.42%"
"04/24/2018","8.3040","8.3450","8.3920","8.2730","10.41M","-0.35%"
"04/23/2018","8.3330","8.2480","8.3450","8.2300","10.03M","1.02%"
"04/20/2018","8.2490","8.2000","8.2920","8.1840","14.90M","0.77%"
"04/19/2018","8.1860","8.1500","8.1950","8.1500","7.35M","0.27%"
"04/18/2018","8.1640","8.1620","8.2220","8.1600","9.30M","0.09%"
"04/17/2018","8.1570","8.1850","8.1900","8.1350","8.58M","0.05%"
"04/16/2018","8.1530","8.1620","8.1800","8.1030","7.76M","-0.09%"
"04/13/2018","8.1600","8.1990","8.2250","8.1470","7.29M","-0.37%"
"04/12/2018","8.1900","8.1650","8.1970","8.1120","9.56M","0.26%"
"04/11/2018","8.1690","8.2120","8.2490","8.1600","8.21M","-0.33%"
"04/10/2018","8.1960","8.2100","8.2370","8.1520","7.80M","0.29%"
"04/09/2018","8.1720","8.1970","8.2430","8.1540","9.45M","0.39%"
"04/06/2018","8.1400","8.1420","8.2110","8.1010","11.34M","-0.13%"
"04/05/2018","8.1510","8.0960","8.1770","8.0170","15.38M","2.68%"
"04/04/2018","7.9380","8.0070","8.0180","7.8410","13.04M","-0.69%"
"04/03/2018","7.9930","7.9690","8.0370","7.9350","9.93M","-0.44%"
"03/29/2018","8.0280","8.0000","8.0720","7.9980","11.01M","0.45%"
"03/28/2018","7.9920","7.8500","7.9920","7.7790","13.68M","1.25%"
"03/27/2018","7.8930","7.9400","7.9400","7.8380","14.16M","1.64%"
"03/26/2018","7.7660","7.8160","7.8480","7.7220","10.56M","-0.27%"
"03/23/2018","7.7870","7.7810","7.8550","7.7320","15.25M","-0.59%"
"03/22/2018","7.8330","7.8840","7.9290","7.7500","17.08M","-1.22%"
"03/21/2018","7.9300","8.0000","8.0000","7.8840","11.77M","-0.79%"
"03/20/2018","7.9930","8.0660","8.1110","7.9400","18.18M","-1.56%"
"03/19/2018","8.1200","8.1850","8.1850","8.0900","10.95M","-0.98%"
"03/16/2018","8.2000","8.0190","8.2090","8.0110","32.63M","1.81%"
"03/15/2018","8.0540","8.0940","8.1170","8.0140","12.73M","-0.16%"
"03/14/2018","8.0670","8.0170","8.1190","8.0010","11.11M","0.34%"
"03/13/2018","8.0400","8.1690","8.2100","8.0180","16.24M","-1.77%"
"03/12/2018","8.1850","8.2000","8.2200","8.1520","7.28M","0.18%"
"03/09/2018","8.1700","8.0400","8.1840","8.0400","13.35M","1.30%"
"03/08/2018","8.0650","7.9400","8.0670","7.8810","14.47M","2.06%"
"03/07/2018","7.9020","7.8990","7.9710","7.8750","11.19M","-0.60%"
"03/06/2018","7.9500","8.0000","8.0560","7.9350","11.21M","0.26%"
"03/05/2018","7.9290","7.8030","7.9510","7.7830","10.46M","1.24%"
"03/02/2018","7.8320","7.9140","7.9510","7.7840","15.55M","-1.45%"
"03/01/2018","7.9470","7.9430","7.9920","7.8690","13.77M","-0.58%"
"02/28/2018","7.9930","7.9660","8.0230","7.9480","23.67M","-0.34%"
"02/27/2018","8.0200","8.1100","8.1300","7.9690","14.73M","-0.87%"
"02/26/2018","8.0900","8.0900","8.1240","7.9970","13.27M","0.86%"
"02/23/2018","8.0210","7.9430","8.0450","7.9220","17.86M","1.15%"
"02/22/2018","7.9300","7.6700","7.9790","7.6160","30.10M","3.80%"
"02/21/2018","7.6400","7.7000","7.7120","7.5850","12.53M","-0.18%"
"02/20/2018","7.6540","7.6100","7.6900","7.6030","11.72M","0.58%"
"02/19/2018","7.6100","7.6620","7.7130","7.5600","10.23M","-0.34%"
"02/16/2018","7.6360","7.5490","7.6530","7.5400","17.82M","1.96%"
"02/15/2018","7.4890","7.5210","7.5620","7.4510","12.39M","0.20%"
"02/14/2018","7.4740","7.5060","7.5990","7.4630","13.84M","-0.17%"
"02/13/2018","7.4870","7.6120","7.6140","7.4610","15.80M","-1.45%"
"02/12/2018","7.5970","7.6100","7.6740","7.5700","12.66M","1.00%"
"02/09/2018","7.5220","7.6970","7.7120","7.4910","22.13M","-1.75%"
"02/08/2018","7.6560","7.8770","7.8770","7.6220","22.67M","-2.90%"
"02/07/2018","7.8850","7.8090","7.9200","7.7140","24.86M","2.50%"
"02/06/2018","7.6930","7.7200","7.8500","7.6540","29.62M","-2.56%"
"02/05/2018","7.8950","8.0000","8.0170","7.8950","19.54M","-1.95%"
"02/02/2018","8.0520","8.1920","8.2000","8.0080","20.06M","-1.77%"
"02/01/2018","8.1970","8.3100","8.3300","8.1530","15.34M","-0.68%"
"01/31/2018","8.2530","8.3480","8.3950","8.2140","16.55M","-1.09%"
"01/30/2018","8.3440","8.3990","8.4570","8.3300","18.34M","-1.62%"
"01/29/2018","8.4810","8.5420","8.5430","8.4080","12.49M","-0.26%"
"01/26/2018","8.5030","8.4060","8.5380","8.3700","15.43M","1.12%"
"01/25/2018","8.4090","8.4200","8.5800","8.3730","15.19M","-0.17%"
"01/24/2018","8.4230","8.4940","8.5130","8.4000","12.19M","-0.59%"
"01/23/2018","8.4730","8.4900","8.5990","8.4650","18.67M","0.67%"
"01/22/2018","8.4170","8.2840","8.4600","8.2650","19.79M","1.93%"
"01/19/2018","8.2580","8.1800","8.2870","8.1370","13.57M","0.52%"
"01/18/2018","8.2150","8.2610","8.2700","8.1820","9.57M","-0.51%"
"01/17/2018","8.2570","8.2860","8.3120","8.2390","9.48M","-0.71%"
"01/16/2018","8.3160","8.2790","8.4070","8.2600","12.11M","0.79%"
"01/15/2018","8.2510","8.2030","8.2700","8.1690","8.96M","0.63%"
"01/12/2018","8.1990","8.2130","8.2540","8.1830","9.82M","0.23%"
"01/11/2018","8.1800","8.3040","8.3080","8.1580","13.56M","-1.14%"
"01/10/2018","8.2740","8.3670","8.3960","8.2440","12.59M","-1.18%"
"01/09/2018","8.3730","8.3110","8.4140","8.3100","10.66M","0.04%"
"01/08/2018","8.3700","8.3690","8.4060","8.3150","8.60M","0.14%"
"01/05/2018","8.3580","8.2730","8.3660","8.2540","10.92M","0.76%"
"01/04/2018","8.2950","8.2000","8.3270","8.1780","12.93M","1.58%"
"01/03/2018","8.1660","8.2220","8.2270","8.1320","10.72M","-0.31%"
"01/02/2018","8.1910","8.1720","8.2260","8.1300","12.89M","0.81%"
"12/29/2017","8.1250","8.1720","8.1890","8.1000","13.98M","-0.85%"
"12/28/2017","8.1950","8.2250","8.2400","8.1600","11.92M","-0.47%"
"12/27/2017","8.2340","8.2290","8.3170","8.2220","10.35M","-0.25%"
"12/22/2017","8.2550","8.2300","8.2870","8.2050","12.70M","-1.29%"
"12/21/2017","8.3630","8.2600","8.3630","8.2330","14.12M","0.47%"
"12/20/2017","8.3240","8.3700","8.4060","8.2670","14.13M","-0.80%"
"12/19/2017","8.3910","8.3610","8.4170","8.3300","11.72M","0.36%"
"12/18/2017","8.3610","8.2880","8.3870","8.2790","14.15M","1.33%"
"12/15/2017","8.2510","8.2200","8.2990","8.2100","44.67M","0.15%"
"12/14/2017","8.2390","8.3530","8.3760","8.2200","32.15M","-1.29%"
"12/13/2017","8.3470","8.3790","8.4320","8.3470","13.90M","-0.56%"
"12/12/2017","8.3940","8.5000","8.5000","8.3520","15.37M","0.00%"
"12/11/2017","8.3940","8.3850","8.4050","8.3280","16.69M","-0.37%"
"12/08/2017","8.4250","8.4700","8.4860","8.4250","10.08M","0.00%"
"12/07/2017","8.4250","8.3450","8.4890","8.3050","13.26M","0.81%"
"12/06/2017","8.3570","8.3070","8.3640","8.2480","11.67M","-0.05%"
"12/05/2017","8.3610","8.3880","8.4140","8.3220","10.24M","-0.14%"
"12/04/2017","8.3730","8.4420","8.4560","8.3630","10.55M","0.12%"
"12/01/2017","8.3630","8.4470","8.4500","8.3430","12.54M","-0.50%"
"11/30/2017","8.4050","8.4590","8.5480","8.4050","17.36M","-0.65%"
"11/29/2017","8.4600","8.4980","8.5280","8.4310","11.85M","0.23%"
"11/28/2017","8.4410","8.3490","8.4630","8.3190","9.11M","-1.07%"
"11/27/2017","8.5320","8.5300","8.5990","8.4980","8.53M","-0.06%"
"11/24/2017","8.5370","8.5310","8.5800","8.5020","6.93M","0.16%"
"11/23/2017","8.5230","8.5000","8.5850","8.4970","7.42M","0.31%"
"11/22/2017","8.4970","8.5250","8.5800","8.4970","9.96M","-0.22%"
"11/21/2017","8.5160","8.5670","8.6080","8.4940","12.24M","-0.71%"
"11/20/2017","8.5770","8.5320","8.6560","8.5070","10.20M","0.53%"
"11/17/2017","8.5320","8.5890","8.5930","8.4820","15.30M","-0.41%"
"11/16/2017","8.5670","8.5870","8.6880","8.5410","12.73M","0.54%"
"11/15/2017","8.5210","8.4500","8.5270","8.4220","12.86M","0.54%"
"11/14/2017","8.4750","8.5600","8.5630","8.4530","10.48M","-0.67%"
"11/13/2017","8.5320","8.6600","8.6620","8.4630","12.73M","-0.93%"
"11/10/2017","8.6120","8.6880","8.7110","8.6040","10.46M","-0.68%"
"11/09/2017","8.6710","8.7210","8.7600","8.6260","13.40M","-0.60%"
"11/08/2017","8.7230","8.8070","8.8200","8.7020","11.40M","-0.64%"
"11/07/2017","8.7790","8.8850","8.9570","8.7280","13.22M","-0.60%"
"11/06/2017","8.8320","8.8890","8.8890","8.7840","9.83M","-0.66%"
"11/03/2017","8.8910","9.0380","9.0380","8.8370","17.52M","-1.54%"
"11/02/2017","9.0300","9.0600","9.1230","8.9700","10.30M","-0.12%"
"11/01/2017","9.0410","9.0800","9.1130","8.9940","13.25M","0.39%"
"10/31/2017","9.0060","8.9340","9.0500","8.8750","17.63M","1.16%"
"10/30/2017","8.9030","8.8500","8.9370","8.8000","18.23M","2.43%"
"10/27/2017","8.6920","8.8010","8.8360","8.6590","19.10M","-1.22%"
"10/26/2017","8.7990","8.7500","8.9600","8.6000","39.95M","-0.55%"
"10/25/2017","8.8480","8.8600","8.9590","8.8270","14.13M","0.26%"
"10/24/2017","8.8250","8.8130","8.9060","8.7880","10.94M","-0.15%"
"10/23/2017","8.8380","8.8800","8.9160","8.8050","8.14M","-0.29%"
"10/20/2017","8.8640","8.8800","8.8850","8.8000","15.59M","0.43%"
"10/19/2017","8.8260","8.9150","8.9600","8.8140","18.70M","-1.56%"
"10/18/2017","8.9660","9.0160","9.0160","8.8820","15.66M","-0.10%"
"10/17/2017","8.9750","9.0150","9.0790","8.9600","15.48M","-0.75%"
"10/16/2017","9.0430","9.1900","9.1900","9.0250","10.51M","-1.75%"
"10/13/2017","9.2040","9.1910","9.2090","9.1400","7.81M","0.44%"
"10/12/2017","9.1640","9.2030","9.2300","9.1310","8.32M","-0.61%"
"10/11/2017","9.2200","9.1400","9.2620","9.1000","23.94M","2.30%"
"10/10/2017","9.0130","9.0330","9.0670","8.9700","10.22M","-0.81%"
"10/09/2017","9.0870","9.0130","9.1170","9.0000","9.45M","0.96%"
"10/06/2017","9.0010","8.9780","9.0360","8.9210","10.55M","-0.21%"
"10/05/2017","9.0200","8.7430","9.0590","8.7310","20.60M","2.94%"
"10/04/2017","8.7620","9.0100","9.0100","8.7250","22.48M","-2.70%"
"10/03/2017","9.0050","9.0550","9.0800","8.9440","9.64M","-0.51%"
"10/02/2017","9.0510","9.1050","9.1470","9.0050","17.27M","-1.53%"
"09/29/2017","9.1920","9.2270","9.2350","9.0890","17.76M","0.09%"
"09/28/2017","9.1840","9.2400","9.2470","9.1700","11.05M","-0.66%"
"09/27/2017","9.2450","9.1300","9.2650","9.0840","23.67M","3.02%"
"09/26/2017","8.9740","9.0240","9.0600","8.9430","10.83M","-0.34%"
"09/25/2017","9.0050","9.0400","9.0810","8.9800","11.22M","-0.46%"
"09/22/2017","9.0470","9.0420","9.0680","8.9840","12.60M","-0.30%"
"09/21/2017","9.0740","9.1400","9.1570","9.0340","10.34M","-0.72%"
"09/20/2017","9.1400","9.1830","9.2490","9.1010","9.37M","-0.52%"
"09/19/2017","9.1880","9.1500","9.2240","9.1230","11.36M","0.32%"
"09/18/2017","9.1590","9.1200","9.2130","9.1110","22.44M","0.74%"
"09/15/2017","9.0920","9.0810","9.1170","9.0410","27.14M","0.08%"
"09/14/2017","9.0850","9.1170","9.1170","9.0170","9.25M","-0.46%"
"09/13/2017","9.1270","9.0760","9.1450","9.0380","12.75M","0.26%"
"09/12/2017","9.1030","9.1660","9.1700","9.0800","9.47M","-0.24%"
"09/11/2017","9.1250","9.0070","9.1450","8.9920","14.04M","1.88%"
"09/08/2017","8.9570","8.9000","8.9750","8.8930","8.01M","0.38%"
"09/07/2017","8.9230","8.8990","8.9450","8.8410","15.95M","0.67%"
"09/06/2017","8.8640","8.8600","8.9160","8.8310","10.51M","-0.39%"
"09/05/2017","8.8990","8.9600","8.9970","8.8870","11.96M","-0.60%"
"09/04/2017","8.9530","8.9740","8.9960","8.9000","10.40M","-1.14%"
"09/01/2017","9.0560","9.0590","9.1330","9.0560","7.55M","-0.03%"
"08/31/2017","9.0590","9.0160","9.0780","9.0130","11.50M","0.61%"
"08/30/2017","9.0040","9.0250","9.0530","8.9760","9.04M","0.32%"
"08/29/2017","8.9750","9.0000","9.0060","8.8260","15.34M","-0.64%"
"08/28/2017","9.0330","9.0800","9.1240","9.0330","5.39M","-0.88%"
"08/25/2017","9.1130","9.1000","9.1450","9.0610","7.66M","0.22%"
"08/24/2017","9.0930","9.0950","9.1680","9.0930","9.36M","0.12%"
"08/23/2017","9.0820","9.1500","9.1910","9.0720","9.00M","-0.89%"
"08/22/2017","9.1640","9.1900","9.2030","9.1270","6.66M","0.39%"
"08/21/2017","9.1280","9.1700","9.2180","9.1270","7.01M","-0.53%"
"08/18/2017","9.1770","9.1550","9.2060","9.1040","10.92M","-0.69%"
"08/17/2017","9.2410","9.3890","9.3940","9.2280","9.00M","-1.43%"
"08/16/2017","9.3750","9.4090","9.4280","9.3610","6.92M","-0.03%"
"08/15/2017","9.3780","9.4840","9.5260","9.3700","5.47M","-0.66%"
"08/14/2017","9.4400","9.2870","9.4520","9.2610","9.58M","2.66%"
"08/11/2017","9.1950","9.4130","9.4630","9.1670","16.09M","-2.74%"
"08/10/2017","9.4540","9.6150","9.6660","9.4160","11.67M","-1.82%"
"08/09/2017","9.6290","9.7400","9.7740","9.6180","10.16M","-1.93%"
"08/08/2017","9.8180","9.7000","9.8570","9.6430","9.82M","1.23%"
"08/07/2017","9.6990","9.7030","9.7300","9.6600","5.47M","-0.08%"
"08/04/2017","9.7070","9.4800","9.7210","9.4730","10.13M","2.29%"
"08/03/2017","9.4900","9.4930","9.4930","9.3920","9.31M","-0.34%"
"08/02/2017","9.5220","9.6450","9.6940","9.4840","9.11M","-1.43%"
"08/01/2017","9.6600","9.7540","9.7540","9.5580","9.65M","1.05%"
"07/31/2017","9.5600","9.6420","9.7150","9.5400","13.52M","-0.64%"
"07/28/2017","9.6220","9.8080","9.8150","9.6170","12.32M","-1.72%"
"07/27/2017","9.7900","9.5500","9.8690","9.5430","22.24M","3.48%"
"07/26/2017","9.4610","9.3000","9.4710","9.3000","10.06M","1.38%"
"07/25/2017","9.3320","9.3000","9.4890","9.3000","9.61M","0.27%"
"07/24/2017","9.3070","9.2800","9.3700","9.2180","8.81M","0.24%"
"07/21/2017","9.2850","9.3800","9.4730","9.2520","13.83M","-1.07%"
"07/20/2017","9.3850","9.3690","9.4550","9.3060","11.44M","0.67%"
"07/19/2017","9.3230","9.2990","9.3290","9.2140","13.48M","0.34%"
"07/18/2017","9.2910","9.3390","9.4110","9.2910","9.26M","-0.60%"
"07/17/2017","9.3470","9.2940","9.3670","9.2910","8.10M","0.57%"
"07/14/2017","9.2940","9.3500","9.4150","9.2850","10.36M","-0.47%"
"07/13/2017","9.3380","9.1700","9.3470","9.1400","17.86M","2.17%"
"07/12/2017","9.1400","9.0700","9.1510","9.0210","11.72M","1.34%"
"07/11/2017","9.0190","9.0150","9.0730","9.0000","12.05M","0.06%"
"07/10/2017","9.0140","9.0370","9.0500","8.9260","14.17M","-0.41%"
"07/07/2017","9.0510","9.0100","9.0510","8.9440","11.23M","0.49%"
"07/06/2017","9.0070","9.0510","9.0660","8.9380","14.93M","-0.21%"
"07/05/2017","9.0260","9.1400","9.1670","9.0260","11.27M","-1.36%"
"07/04/2017","9.1500","9.1970","9.1970","9.1300","7.67M","-0.86%"
"07/03/2017","9.2290","9.1170","9.2340","9.0900","11.97M","2.11%"
"06/30/2017","9.0380","9.0730","9.1660","9.0100","16.18M","-0.68%"
"06/29/2017","9.1000","9.2490","9.2830","9.0510","17.24M","-1.23%"
"06/28/2017","9.2130","9.3670","9.3770","9.2130","23.34M","-2.06%"
"06/27/2017","9.4070","9.4710","9.5050","9.4070","12.96M","-1.24%"
"06/26/2017","9.5250","9.5200","9.5790","9.5090","7.25M","0.31%"
"06/23/2017","9.4960","9.5190","9.5260","9.4410","9.54M","-0.20%"
"06/22/2017","9.5150","9.5000","9.5190","9.4250","11.02M","-0.16%"
"06/21/2017","9.5300","9.5330","9.5750","9.4560","9.00M","-0.57%"
"06/20/2017","9.5850","9.7300","9.7600","9.5850","11.99M","-1.27%"
"06/19/2017","9.7080","9.6620","9.7880","9.6580","11.93M","0.86%"
"06/16/2017","9.6250","9.5360","9.6500","9.5130","41.79M","0.77%"
"06/15/2017","9.5510","9.6830","9.6900","9.4910","21.82M","-2.05%"
"06/14/2017","9.7510","9.8320","9.9340","9.7510","15.65M","-0.80%"
"06/13/2017","9.8300","9.8400","9.8890","9.7870","11.02M","0.10%"
"06/12/2017","9.8200","9.8000","9.8200","9.7540","10.36M","-0.40%"
"06/09/2017","9.8590","9.8500","9.9820","9.8060","9.96M","-0.15%"
"06/08/2017","9.8740","9.8010","9.9130","9.7570","13.35M","0.55%"
"06/07/2017","9.8200","9.7780","9.8790","9.7260","12.30M","-0.05%"
"06/06/2017","9.8250","9.7990","9.8690","9.7520","12.39M","0.48%"
"06/05/2017","9.7780","9.7720","9.8150","9.7170","7.03M","-2.37%"
"06/02/2017","10.0150","10.0000","10.1250","9.9620","11.31M","0.73%"
"06/01/2017","9.9420","9.9490","9.9510","9.8500","11.87M","0.28%"
"05/31/2017","9.9140","9.9860","10.0400","9.9140","15.20M","-0.64%"
"05/30/2017","9.9780","10.0100","10.0450","9.9600","10.74M","-0.96%"
"05/29/2017","10.0750","10.0250","10.0800","9.9980","4.88M","0.25%"
"05/26/2017","10.0500","10.0250","10.0550","9.9460","7.21M","-0.05%"
"05/25/2017","10.0550","10.0100","10.0900","9.9610","8.27M","0.94%"
"05/24/2017","9.9610","9.9740","10.0200","9.8920","11.53M","-0.49%"
"05/23/2017","10.0100","9.9000","10.0300","9.8600","11.37M","0.74%"
"05/22/2017","9.9360","9.9400","9.9900","9.8280","12.25M","-0.08%"
"05/19/2017","9.9440","9.7620","9.9640","9.7000","19.29M","2.30%"
"05/18/2017","9.7200","9.9000","9.9000","9.4900","32.70M","-1.33%"
"05/17/2017","9.8510","10.0100","10.0550","9.8270","17.78M","-2.17%"
"05/16/2017","10.0700","10.1000","10.1250","10.0700","14.05M","-0.05%"
"05/15/2017","10.0750","10.0900","10.1600","10.0100","11.68M","0.20%"
"05/12/2017","10.0550","10.0000","10.1000","9.8220","17.54M","0.25%"
"05/11/2017","10.0300","10.4250","10.4450","9.9690","41.98M","-4.02%"
"05/10/2017","10.4500","10.4600","10.4600","10.3600","12.32M","0.05%"
"05/09/2017","10.4450","10.4950","10.5000","10.4300","10.52M","-0.24%"
"05/08/2017","10.4700","10.5400","10.5500","10.4200","12.72M","-0.29%"
"05/05/2017","10.5000","10.4550","10.5000","10.3800","14.13M","0.57%"
"05/04/2017","10.4400","10.3500","10.4450","10.3350","10.75M","1.21%"
"05/03/2017","10.3150","10.2900","10.3250","10.2650","8.57M","-0.05%"
"05/02/2017","10.3200","10.1900","10.3500","10.1650","11.73M","1.62%"
"04/28/2017","10.1550","10.2000","10.2450","10.1500","13.37M","-0.59%"
"04/27/2017","10.2150","10.3500","10.3500","10.2150","12.94M","-1.54%"
"04/26/2017","10.3750","10.4900","10.5100","10.3700","14.66M","-1.33%"
"04/25/2017","10.5150","10.5000","10.5600","10.4450","12.73M","0.29%"
"04/24/2017","10.4850","10.5500","10.5700","10.4100","25.84M","3.20%"
"04/21/2017","10.1600","10.2500","10.2700","10.1250","17.06M","-0.83%"
"04/20/2017","10.2450","10.1750","10.3700","10.1600","11.95M","0.24%"
"04/19/2017","10.2200","10.1650","10.2300","10.1250","10.05M","0.69%"
"04/18/2017","10.1500","10.2700","10.3150","10.1150","11.36M","-0.83%"
"04/13/2017","10.2350","10.3000","10.3300","10.2050","9.28M","-0.87%"
"04/12/2017","10.3250","10.4000","10.4550","10.2850","6.75M","-0.58%"
"04/11/2017","10.3850","10.3000","10.4400","10.2600","12.46M","0.34%"
"04/10/2017","10.3500","10.4250","10.4300","10.3500","7.82M","-0.96%"
"04/07/2017","10.4500","10.3950","10.4500","10.3700","8.80M","-0.10%"
"04/06/2017","10.4600","10.3750","10.5000","10.3000","10.93M","0.48%"
"04/05/2017","10.4100","10.4700","10.4900","10.3900","13.20M","-0.29%"
"04/04/2017","10.4400","10.3600","10.4500","10.2200","12.55M","0.48%"
"04/03/2017","10.3900","10.5000","10.5300","10.3900","10.26M","-0.91%"
"03/31/2017","10.4850","10.4100","10.5000","10.3700","16.83M","0.33%"
"03/30/2017","10.4500","10.4300","10.4750","10.4000","12.05M","0.29%"
"03/29/2017","10.4200","10.5350","10.5500","10.3700","12.23M","-0.86%"
"03/28/2017","10.5100","10.5000","10.5150","10.3950","10.94M","0.57%"
"03/27/2017","10.4500","10.3650","10.4650","10.3400","10.47M","0.05%"
"03/24/2017","10.4450","10.5150","10.5150","10.4200","9.35M","-0.67%"
"03/23/2017","10.5150","10.4300","10.5150","10.3600","12.19M","0.77%"
"03/22/2017","10.4350","10.3300","10.4650","10.2950","12.61M","0.77%"
"03/21/2017","10.3550","10.5050","10.5700","10.3200","19.73M","-1.05%"
"03/20/2017","10.4650","10.6000","10.6150","10.4550","11.28M","-1.27%"
"03/17/2017","10.6000","10.4500","10.6300","10.4050","28.67M","1.19%"
"03/16/2017","10.4750","10.3700","10.4750","10.3100","16.11M","2.25%"
"03/15/2017","10.2450","10.1600","10.2500","10.1350","12.29M","0.79%"
"03/14/2017","10.1650","10.2700","10.3100","10.1200","13.96M","-1.36%"
"03/13/2017","10.3050","10.3150","10.3450","10.1600","10.43M","-0.39%"
"03/10/2017","10.3450","10.3600","10.4500","10.3150","12.81M","0.29%"
"03/09/2017","10.3150","10.2300","10.3650","10.1800","15.66M","1.13%"
"03/08/2017","10.2000","10.1400","10.2300","10.1100","11.60M","0.59%"
"03/07/2017","10.1400","10.1200","10.1650","10.0850","9.70M","0.55%"
"03/06/2017","10.0850","10.0350","10.1800","10.0000","17.56M","1.01%"
"03/03/2017","9.9840","9.8960","10.0200","9.8700","14.72M","0.86%"
"03/02/2017","9.8990","9.9130","9.9350","9.8330","11.41M","-0.14%"
"03/01/2017","9.9130","9.7500","9.9130","9.7170","19.13M","2.74%"
"02/28/2017","9.6490","9.6200","9.7100","9.6110","19.86M","0.56%"
"02/27/2017","9.5950","9.6500","9.6650","9.5530","12.06M","-0.16%"
"02/24/2017","9.6100","9.5590","9.6450","9.4700","18.88M","0.97%"
"02/23/2017","9.5180","9.4950","9.6500","9.4600","25.20M","1.80%"
"02/22/2017","9.3500","9.4600","9.4790","9.3110","14.83M","-0.35%"
"02/21/2017","9.3830","9.4500","9.4600","9.3250","12.54M","-0.19%"
"02/20/2017","9.4010","9.3850","9.4330","9.3600","11.35M","0.83%"
"02/17/2017","9.3240","9.3280","9.3370","9.2400","10.49M","-0.01%"
"02/16/2017","9.3250","9.2910","9.3850","9.2860","12.87M","0.20%"
"02/15/2017","9.3060","9.2210","9.3300","9.1960","15.09M","1.20%"
"02/14/2017","9.1960","9.1360","9.1960","9.1000","12.23M","0.73%"
"02/13/2017","9.1290","9.0780","9.1480","9.0290","10.33M","1.10%"
"02/10/2017","9.0300","9.1700","9.1900","9.0160","10.15M","-1.21%"
"02/09/2017","9.1410","8.9310","9.1720","8.9310","15.78M","2.59%"
"02/08/2017","8.9100","8.9200","8.9400","8.8010","11.13M","0.37%"
"02/07/2017","8.8770","8.9030","8.9450","8.8550","7.79M","-0.26%"
"02/06/2017","8.9000","8.9940","9.0740","8.9000","9.94M","-1.49%"
"02/03/2017","9.0350","8.9960","9.0570","8.9650","9.80M","0.49%"
"02/02/2017","8.9910","8.8500","9.0090","8.8220","11.97M","1.10%"
"02/01/2017","8.8930","9.0220","9.0430","8.8260","18.64M","-0.36%"
"01/31/2017","8.9250","8.9780","9.0600","8.9250","13.39M","-0.32%"
"01/30/2017","8.9540","9.0500","9.0610","8.9450","8.66M","-1.10%"
"01/27/2017","9.0540","9.1460","9.1460","9.0100","9.18M","-0.72%"
"01/26/2017","9.1200","9.1600","9.2060","9.0830","10.90M","-0.47%"
"01/25/2017","9.1630","9.2000","9.2590","9.1200","19.92M","0.83%"
"01/24/2017","9.0880","8.9890","9.0880","8.8860","13.34M","1.38%"
"01/23/2017","8.9640","9.0500","9.0580","8.9000","11.64M","-1.34%"
"01/20/2017","9.0860","9.0730","9.1800","9.0410","14.56M","0.28%"
"01/19/2017","9.0610","9.1370","9.1390","9.0160","8.74M","-0.63%"
"01/18/2017","9.1180","9.1130","9.1830","9.0850","9.46M","0.35%"
"01/17/2017","9.0860","9.0600","9.1000","9.0040","8.57M","-0.07%"
"01/16/2017","9.0920","9.1890","9.1890","9.0720","7.15M","-1.39%"
"01/13/2017","9.2200","9.2000","9.2500","9.1450","10.06M","0.63%"
"01/12/2017","9.1620","9.1000","9.1620","9.0410","10.42M","0.26%"
"01/11/2017","9.1380","9.2050","9.2300","9.0710","14.36M","-0.54%"
"01/10/2017","9.1880","9.1430","9.1910","9.1030","11.23M","0.13%"
"01/09/2017","9.1760","9.2000","9.2200","9.0930","10.35M","-0.21%"
"01/06/2017","9.1950","9.1530","9.2000","9.1150","9.16M","0.57%"
"01/05/2017","9.1430","8.9240","9.1680","8.9210","15.89M","2.12%"
"01/04/2017","8.9530","8.9600","9.0590","8.9490","19.63M","0.19%"
"01/03/2017","8.9360","8.8750","8.9360","8.8020","12.98M","0.97%"
"01/02/2017","8.8500","8.7530","8.8500","8.7370","5.72M","0.34%"
"12/30/2016","8.8200","8.7540","8.8200","8.7350","12.02M","0.46%"
"12/29/2016","8.7800","8.7210","8.8300","8.7000","8.53M","-0.08%"
"12/28/2016","8.7870","8.7940","8.8200","8.7280","7.32M","-0.46%"
"12/27/2016","8.8280","8.7800","8.8410","8.7600","6.13M","-0.21%"
"12/23/2016","8.8470","8.7280","8.8780","8.7280","11.26M","1.43%"
"12/22/2016","8.7220","8.7510","8.8300","8.6580","16.01M","-1.23%"
"12/21/2016","8.8310","8.8890","8.9400","8.8250","13.50M","-1.05%"
"12/20/2016","8.9250","8.7990","8.9280","8.7720","14.72M","1.86%"
"12/19/2016","8.7620","8.7180","8.8400","8.7110","13.30M","-0.05%"
"12/16/2016","8.7660","8.6030","8.8000","8.6000","41.67M","1.54%"
"12/15/2016","8.6330","8.5000","8.6780","8.4590","21.00M","1.30%"
"12/14/2016","8.5220","8.5500","8.5660","8.4800","16.36M","-0.83%"
"12/13/2016","8.5930","8.3800","8.5930","8.3640","23.29M","2.42%"
"12/12/2016","8.3900","8.3080","8.4160","8.2970","13.93M","1.08%"
"12/09/2016","8.3000","8.2350","8.3290","8.2130","16.76M","0.74%"
"12/08/2016","8.2390","7.9700","8.2450","7.9680","28.16M","3.98%"
"12/07/2016","7.9240","7.9360","7.9400","7.8290","18.88M","0.93%"
"12/06/2016","7.8510","7.7690","7.8510","7.7300","17.21M","1.55%"
"12/05/2016","7.7310","7.6410","7.8350","7.6100","14.03M","0.40%"
"12/02/2016","7.7000","7.7500","7.7500","7.6660","15.80M","-1.13%"
"12/01/2016","7.7880","7.8200","7.8460","7.7560","17.53M","-0.82%"
"11/30/2016","7.8520","7.8970","7.9630","7.8520","16.49M","-0.60%"
"11/29/2016","7.8990","7.8170","7.9070","7.7900","12.56M","0.95%"
"11/28/2016","7.8250","7.8770","7.9910","7.8060","13.88M","-0.75%"
"11/25/2016","7.8840","7.9200","7.9200","7.8500","8.94M","-0.38%"
"11/24/2016","7.9140","7.9590","7.9930","7.8750","9.25M","-0.18%"
"11/23/2016","7.9280","7.9880","8.0310","7.9240","14.84M","-0.68%"
"11/22/2016","7.9820","7.9590","8.0310","7.9270","12.49M","0.66%"
"11/21/2016","7.9300","8.0390","8.0550","7.9120","16.62M","-0.69%"
"11/18/2016","7.9850","8.2000","8.2030","7.9500","22.31M","-1.69%"
"11/17/2016","8.1220","8.0650","8.2000","8.0300","17.89M","1.30%"
"11/16/2016","8.0180","8.0700","8.1550","7.9310","17.26M","-0.21%"
"11/15/2016","8.0350","8.0830","8.1370","7.9910","20.84M","-0.02%"
"11/14/2016","8.0370","8.0970","8.1150","7.9350","17.12M","0.11%"
"11/11/2016","8.0280","8.3100","8.3190","8.0090","22.70M","-2.70%"
"11/10/2016","8.2510","8.6000","8.6070","8.1880","27.93M","-3.04%"
"11/09/2016","8.5100","8.3710","8.5160","8.2690","30.11M","-1.33%"
"11/08/2016","8.6250","8.5700","8.6250","8.5010","13.92M","-0.25%"
"11/07/2016","8.6470","8.6810","8.6950","8.5770","12.75M","1.48%"
"11/04/2016","8.5210","8.6150","8.6340","8.4900","12.39M","-5.41%"
"11/03/2016","9.0080","9.0340","9.0500","8.9360","11.73M","-0.06%"
"11/02/2016","9.0130","9.1120","9.1500","9.0050","11.29M","-1.80%"
"11/01/2016","9.1780","9.3500","9.3800","9.1780","11.33M","-0.89%"
"10/31/2016","9.2600","9.2000","9.2930","9.1650","13.49M","0.24%"
"10/28/2016","9.2380","9.0950","9.2700","9.0400","13.73M","0.87%"
"10/27/2016","9.1580","9.1000","9.2100","8.8580","30.48M","-1.04%"
"10/26/2016","9.2540","9.2200","9.3050","9.1110","13.53M","0.27%"
"10/25/2016","9.2290","9.2150","9.3310","9.2140","13.88M","0.17%"
"10/24/2016","9.2130","9.1700","9.2660","9.1260","14.29M","1.13%"
"10/21/2016","9.1100","9.1410","9.1730","9.0500","10.95M","0.05%"
"10/20/2016","9.1050","8.9820","9.1380","8.9250","14.93M","1.55%"
"10/19/2016","8.9660","8.9120","8.9660","8.8450","13.13M","0.72%"
"10/18/2016","8.9020","8.8330","8.9020","8.7830","14.56M","1.35%"
"10/17/2016","8.7830","8.8150","8.8990","8.7800","11.11M","-2.40%"
"10/14/2016","8.9990","8.8620","9.0220","8.8410","11.01M","1.87%"
"10/13/2016","8.8340","8.8420","8.8510","8.7360","10.87M","-0.57%"
"10/12/2016","8.8850","8.9800","9.0080","8.8630","7.33M","-0.72%"
"10/11/2016","8.9490","8.8750","9.0220","8.8140","8.39M","0.20%"
"10/10/2016","8.9310","8.8640","8.9470","8.7990","9.38M","1.19%"
"10/07/2016","8.8260","9.0260","9.0500","8.7920","20.29M","-2.24%"
"10/06/2016","9.0280","9.1570","9.1770","8.9870","14.43M","-0.98%"
"10/05/2016","9.1170","9.1310","9.1440","9.0230","16.81M","-1.03%"
"10/04/2016","9.2120","9.2440","9.3300","9.1990","12.17M","-0.17%"
"10/03/2016","9.2280","9.1280","9.2330","9.0870","11.67M","0.83%"
"09/30/2016","9.1520","9.1780","9.2180","9.0780","33.91M","-4.05%"
"09/29/2016","9.5380","9.5530","9.6540","9.5230","12.43M","0.59%"
"09/28/2016","9.4820","9.4590","9.5790","9.4310","10.17M","1.01%"
"09/27/2016","9.3870","9.5610","9.5610","9.3400","9.04M","-0.91%"
"09/26/2016","9.4730","9.5840","9.6450","9.4370","10.80M","-2.08%"
"09/23/2016","9.6740","9.6890","9.7460","9.6300","8.71M","-0.93%"
"09/22/2016","9.7650","9.5690","9.8200","9.5620","13.78M","2.70%"
"09/21/2016","9.5080","9.4420","9.5410","9.3980","10.08M","2.38%"
"09/20/2016","9.2870","9.3200","9.3810","9.2550","7.61M","-0.49%"
"09/19/2016","9.3330","9.3440","9.3880","9.3030","8.14M","1.03%"
"09/16/2016","9.2380","9.3110","9.3140","9.1820","26.48M","-0.16%"
"09/15/2016","9.2530","9.3100","9.3370","9.1890","16.96M","-0.53%"
"09/14/2016","9.3020","9.4180","9.4440","9.2840","12.68M","-0.57%"
"09/13/2016","9.3550","9.6850","9.7100","9.3550","16.36M","-3.01%"
"09/12/2016","9.6450","9.6910","9.7370","9.6300","18.28M","-2.34%"
"09/09/2016","9.8760","9.8690","9.9480","9.7870","12.53M","-0.23%"
"09/08/2016","9.8990","9.7560","9.9110","9.7260","20.47M","2.00%"
"09/07/2016","9.7050","9.5450","9.7380","9.5100","14.52M","2.28%"
"09/06/2016","9.4890","9.4630","9.6040","9.4470","11.05M","0.13%"
"09/05/2016","9.4770","9.3840","9.5110","9.3710","11.27M","1.72%"
"09/02/2016","9.3170","9.1860","9.3170","9.0830","10.71M","1.55%"
"09/01/2016","9.1750","9.2750","9.3000","9.1440","11.47M","0.08%"
"08/31/2016","9.1680","9.0950","9.2590","9.0800","12.45M","0.69%"
"08/30/2016","9.1050","9.0330","9.2000","9.0300","12.51M","1.00%"
"08/29/2016","9.0150","9.0190","9.0560","8.9590","4.48M","-0.64%"
"08/26/2016","9.0730","8.9950","9.1140","8.9440","6.21M","0.98%"
"08/25/2016","8.9850","8.9570","9.0000","8.8930","5.12M","-0.22%"
"08/24/2016","9.0050","8.9240","9.0420","8.8710","7.40M","0.59%"
"08/23/2016","8.9520","8.9340","9.0080","8.8820","5.85M","0.55%"
"08/22/2016","8.9030","8.9100","9.0250","8.8520","6.45M","-0.20%"
"08/19/2016","8.9210","9.0560","9.0660","8.8350","8.41M","-1.62%"
"08/18/2016","9.0680","9.0620","9.0880","9.0090","6.40M","1.16%"
"08/17/2016","8.9640","9.1020","9.1440","8.9530","6.67M","-1.56%"
"08/16/2016","9.1060","9.1880","9.1880","9.0700","7.04M","-1.11%"
"08/15/2016","9.2080","9.1950","9.2350","9.1570","3.76M","-0.12%"
"08/12/2016","9.2190","9.1940","9.2480","9.1780","4.95M","0.00%"
"08/11/2016","9.2190","9.1880","9.2190","9.0730","4.90M","0.89%"
"08/10/2016","9.1380","9.0860","9.1790","9.0560","6.17M","-0.01%"
"08/09/2016","9.1390","8.9950","9.1420","8.9880","8.73M","1.63%"
"08/08/2016","8.9920","9.0020","9.0950","8.9710","6.25M","0.41%"
"08/05/2016","8.9550","8.7920","8.9850","8.7920","9.58M","2.24%"
"08/04/2016","8.7590","8.6880","8.7910","8.6290","10.33M","1.70%"
"08/03/2016","8.6130","8.6170","8.6650","8.4790","9.41M","0.40%"
"08/02/2016","8.5790","8.8530","8.8920","8.5480","17.20M","-3.82%"
"08/01/2016","8.9200","8.9640","9.0100","8.8860","13.71M","0.20%"
"07/29/2016","8.9020","8.8930","8.9920","8.8510","15.56M","0.29%"
"07/28/2016","8.8760","9.0250","9.1180","8.7580","27.46M","-4.52%"
"07/27/2016","9.2960","9.0230","9.3470","9.0050","15.44M","2.50%"
"07/26/2016","9.0690","9.0700","9.1310","8.9790","8.81M","0.25%"
"07/25/2016","9.0460","9.0590","9.1710","8.9960","8.69M","-0.23%"
"07/22/2016","9.0670","9.0050","9.1650","8.9450","17.03M","1.75%"
"07/21/2016","8.9110","8.9660","8.9960","8.7820","11.20M","-0.59%"
"07/20/2016","8.9640","8.9290","8.9700","8.8130","9.90M","1.59%"
"07/19/2016","8.8240","8.8560","8.9350","8.7720","6.84M","-1.23%"
"07/18/2016","8.9340","9.0040","9.0810","8.8340","7.38M","-0.21%"
"07/15/2016","8.9530","8.9340","8.9880","8.8430","11.51M","-0.11%"
"07/14/2016","8.9630","8.9860","9.0280","8.8110","11.25M","1.19%"
"07/13/2016","8.8580","8.9620","9.0250","8.7310","13.56M","-1.81%"
"07/12/2016","9.0210","8.7710","9.0960","8.7460","15.62M","2.96%"
"07/11/2016","8.7620","8.7310","8.8310","8.6430","10.89M","1.66%"
"07/08/2016","8.6190","8.4370","8.7310","8.3950","13.06M","1.94%"
"07/07/2016","8.4550","8.3760","8.4960","8.3400","12.48M","2.24%"
"07/06/2016","8.2700","8.4070","8.4140","8.1480","19.22M","-2.44%"
"07/05/2016","8.4770","8.7210","8.7610","8.4530","18.60M","-3.22%"
"07/04/2016","8.7590","8.8600","8.9060","8.6910","10.19M","-0.43%"
"07/01/2016","8.7970","8.6830","8.8810","8.6220","18.49M","2.42%"
"06/30/2016","8.5890","8.4500","8.5990","8.3020","20.99M","1.57%"
"06/29/2016","8.4560","8.1320","8.4850","8.1040","22.85M","6.27%"
"06/28/2016","7.9570","7.9450","8.1170","7.9250","24.80M","2.30%"
"06/27/2016","7.7780","8.2230","8.2710","7.6770","39.72M","-0.92%"
"06/24/2016","7.8500","7.5770","8.5140","7.5640","71.35M","-16.11%"
"06/23/2016","9.3580","9.1980","9.3830","9.0360","14.56M","2.86%"
"06/22/2016","9.0980","9.0980","9.1820","8.9430","12.51M","0.65%"
"06/21/2016","9.0390","8.9700","9.0880","8.9340","13.17M","0.99%"
"06/20/2016","8.9500","8.8790","8.9850","8.8730","18.90M","3.23%"
"06/17/2016","8.6700","8.7230","8.8900","8.6380","26.98M","0.53%"
"06/16/2016","8.6240","8.5510","8.6570","8.5080","12.69M","-0.62%"
"06/15/2016","8.6780","8.6400","8.7680","8.6060","12.26M","1.25%"
"06/14/2016","8.5710","8.6290","8.7100","8.5660","18.83M","-1.37%"
"06/13/2016","8.6900","8.7610","8.8320","8.6900","15.46M","-1.67%"
"06/10/2016","8.8380","9.1370","9.1540","8.8190","20.90M","-3.45%"
"06/09/2016","9.1540","9.2100","9.2680","9.1390","11.28M","-1.07%"
"06/08/2016","9.2530","9.2770","9.3270","9.2110","9.33M","-0.69%"
"06/07/2016","9.3170","9.3000","9.3890","9.2780","8.66M","0.92%"
"06/06/2016","9.2320","9.2190","9.3000","9.1880","9.17M","0.58%"
"06/03/2016","9.1790","9.4020","9.4680","9.1660","12.19M","-1.91%"
"06/02/2016","9.3580","9.3320","9.4540","9.3020","8.77M","0.32%"
"06/01/2016","9.3280","9.5350","9.5570","9.3280","14.66M","-2.16%"
"05/31/2016","9.5340","9.6920","9.7460","9.5340","16.58M","-1.59%"
"05/30/2016","9.6880","9.6540","9.7180","9.6480","5.73M","0.12%"
"05/27/2016","9.6760","9.7190","9.7490","9.6060","10.93M","-0.32%"
"05/26/2016","9.7070","9.6080","9.7180","9.5790","8.87M","0.86%"
"05/25/2016","9.6240","9.4470","9.6710","9.4100","15.72M","2.73%"
"05/24/2016","9.3680","9.1830","9.4210","9.1570","12.80M","1.55%"
"05/23/2016","9.2250","9.3400","9.3640","9.1900","11.86M","-1.08%"
"05/20/2016","9.3260","9.3200","9.3810","9.2670","12.43M","0.81%"
"05/19/2016","9.2510","9.3720","9.3890","9.2490","12.57M","-2.10%"
"05/18/2016","9.4490","9.3320","9.4980","9.3230","9.43M","0.05%"
"05/17/2016","9.4440","9.4060","9.5290","9.3480","15.22M","1.16%"
"05/16/2016","9.3360","9.3100","9.3840","9.2290","8.52M","-4.31%"
"05/13/2016","9.7560","9.5800","9.7770","9.5100","16.68M","1.52%"
"05/12/2016","9.6100","9.3470","9.8100","9.2530","29.54M","2.22%"
"05/11/2016","9.4010","9.5110","9.5740","9.2920","18.90M","-1.06%"
"05/10/2016","9.5020","9.4210","9.5900","9.3970","15.55M","1.97%"
"05/09/2016","9.3180","9.4850","9.5540","9.3180","14.00M","-0.49%"
"05/06/2016","9.3640","9.2920","9.4320","9.1800","15.50M","0.06%"
"05/05/2016","9.3580","9.2200","9.4640","9.1980","12.93M","1.24%"
"05/04/2016","9.2430","9.3890","9.4020","9.2290","14.13M","-1.58%"
"05/03/2016","9.3910","9.6580","9.6780","9.3910","15.81M","-2.71%"
"05/02/2016","9.6530","9.8150","9.8410","9.6270","8.79M","-0.14%"
"04/29/2016","9.6670","9.9870","10.0480","9.6560","25.83M","-4.25%"
"04/28/2016","10.0960","10.0890","10.1110","9.8780","15.12M","-0.33%"
"04/27/2016","10.1290","10.0710","10.1320","10.0290","12.02M","1.00%"
"04/26/2016","10.0290","9.9390","10.0860","9.8490","16.43M","0.84%"
"04/25/2016","9.9450","10.0410","10.0910","9.9390","15.32M","-0.75%"
"04/22/2016","10.0200","10.1570","10.1830","9.9890","17.81M","-1.35%"
"04/21/2016","10.1570","10.0930","10.1880","10.0460","15.34M","0.61%"
"04/20/2016","10.0950","9.8930","10.1140","9.8590","17.07M","1.90%"
"04/19/2016","9.9070","9.6680","9.9470","9.6450","16.73M","3.10%"
"04/18/2016","9.6090","9.5810","9.6210","9.4160","20.00M","-1.77%"
"04/15/2016","9.7820","9.7290","9.8320","9.7170","12.25M","0.69%"
"04/14/2016","9.7150","9.6890","9.7240","9.5910","24.22M","0.47%"
"04/13/2016","9.6700","9.6650","9.6850","9.5500","23.65M","1.54%"
"04/12/2016","9.5230","9.4790","9.5630","9.3570","13.73M","0.78%"
"04/11/2016","9.4490","9.4080","9.5750","9.3220","23.44M","-0.03%"
"04/08/2016","9.4520","9.2730","9.4900","9.2650","18.97M","2.23%"
"04/07/2016","9.2460","9.3500","9.4140","9.1940","21.86M","-0.08%"
"04/06/2016","9.2530","9.2020","9.3380","9.1360","15.29M","0.36%"
"04/05/2016","9.2200","9.4180","9.4180","9.2080","17.04M","-3.43%"
"04/04/2016","9.5470","9.5230","9.6940","9.4420","11.70M","-0.71%"
"04/01/2016","9.6150","9.8690","9.8700","9.5160","23.87M","-3.87%"
"03/31/2016","10.0020","10.1470","10.1520","9.9800","18.85M","-2.21%"
"03/30/2016","10.2280","10.1420","10.3000","10.1060","11.87M","2.18%"
"03/29/2016","10.0100","9.8810","10.0600","9.8180","13.92M","1.48%"
"03/24/2016","9.8640","9.9590","9.9940","9.8490","9.28M","-1.68%"
"03/23/2016","10.0330","10.1570","10.2130","9.9600","9.62M","-1.08%"
"03/22/2016","10.1430","10.0760","10.1430","9.9500","11.29M","-0.09%"
"03/21/2016","10.1520","10.0980","10.2390","10.0510","9.05M","-0.10%"
"03/18/2016","10.1620","10.0780","10.2280","10.0100","27.38M","0.60%"
"03/17/2016","10.1010","10.2890","10.3350","9.9840","30.53M","-0.30%"
"03/16/2016","10.1310","10.1830","10.2640","10.0760","12.77M","-0.21%"
"03/15/2016","10.1520","10.2540","10.3450","10.1220","17.32M","-1.58%"
"03/14/2016","10.3150","10.4310","10.5020","10.2740","18.69M","-0.15%"
"03/11/2016","10.3300","10.0300","10.3450","9.9890","20.73M","4.73%"
"03/10/2016","9.8630","9.9360","10.3400","9.8450","34.86M","-0.36%"
"03/09/2016","9.8990","10.0420","10.1420","9.8990","31.17M","-0.54%"
"03/08/2016","9.9530","9.9070","10.0980","9.8360","16.85M","-0.39%"
"03/07/2016","9.9920","9.9290","9.9970","9.7920","14.49M","0.12%"
"03/04/2016","9.9800","10.0510","10.0900","9.8510","19.59M","-0.02%"
"03/03/2016","9.9820","10.0000","10.0370","9.8820","13.69M","0.24%"
"03/02/2016","9.9580","9.6950","10.0060","9.6750","24.25M","3.19%"
"03/01/2016","9.6500","9.3470","9.6740","9.2900","16.92M","2.82%"
"02/29/2016","9.3850","9.2430","9.4310","9.0770","18.05M","1.31%"
"02/26/2016","9.2640","9.5950","9.5950","9.1170","32.30M","-3.18%"
"02/25/2016","9.5680","9.2400","9.6130","9.2380","18.53M","5.10%"
"02/24/2016","9.1040","9.4750","9.4870","9.0360","20.99M","-3.80%"
"02/23/2016","9.4640","9.6420","9.6790","9.4420","12.29M","-2.14%"
"02/22/2016","9.6710","9.4930","9.7000","9.4930","11.93M","2.61%"
"02/19/2016","9.4250","9.5330","9.6110","9.2890","15.89M","-1.41%"
"02/18/2016","9.5600","9.6650","9.7680","9.4990","15.94M","-0.71%"
"02/17/2016","9.6280","9.2790","9.6380","9.2480","16.14M","3.76%"
"02/16/2016","9.2790","9.3800","9.3880","9.1940","16.64M","-0.11%"
"02/15/2016","9.2890","9.1150","9.3300","9.0740","15.74M","4.97%"
"02/12/2016","8.8490","8.7600","8.8530","8.6800","17.97M","2.74%"
"02/11/2016","8.6130","8.9740","8.9740","8.6120","23.72M","-5.20%"
"02/10/2016","9.0850","8.8830","9.2500","8.7520","19.73M","3.30%"
"02/09/2016","8.7950","9.2890","9.3280","8.7300","35.16M","-5.30%"
"02/08/2016","9.2870","9.5830","9.6250","9.2410","20.93M","-2.97%"
"02/05/2016","9.5710","9.4060","9.6930","9.3910","22.26M","1.79%"
"02/04/2016","9.4030","9.3130","9.4720","9.2210","22.03M","2.78%"
"02/03/2016","9.1490","9.3990","9.4950","8.9990","18.42M","-3.24%"
"02/02/2016","9.4550","9.7150","9.7860","9.4030","17.48M","-2.68%"
"02/01/2016","9.7150","9.8480","9.8730","9.6140","17.46M","-1.12%"
"01/29/2016","9.8250","9.6470","9.8320","9.5830","23.11M","3.56%"
"01/28/2016","9.4870","9.7190","9.8350","9.4220","16.51M","-2.54%"
"01/27/2016","9.7340","9.5940","9.7340","9.5150","10.40M","1.00%"
"01/26/2016","9.6380","9.3440","9.6480","9.3000","25.61M","0.83%"
"01/25/2016","9.5590","9.6400","9.7310","9.4980","21.72M","-1.06%"
"01/22/2016","9.6610","9.4270","9.7090","9.3910","42.82M","4.81%"
"01/21/2016","9.2180","9.1000","9.2720","9.0060","23.55M","2.67%"
"01/20/2016","8.9780","9.0950","9.1100","8.8760","22.94M","-3.46%"
"01/19/2016","9.3000","9.3290","9.4000","9.2130","15.56M","1.38%"
"01/18/2016","9.1730","9.1880","9.3230","9.1140","15.41M","-0.67%"
"01/15/2016","9.2350","9.4870","9.5230","9.1590","30.48M","-2.36%"
"01/14/2016","9.4580","9.6050","9.6100","9.2950","25.85M","-2.43%"
"01/13/2016","9.6940","9.7460","9.8610","9.6040","17.72M","0.64%"
"01/12/2016","9.6320","9.6020","9.7880","9.5060","16.89M","0.21%"
"01/11/2016","9.6120","9.6490","9.8520","9.5880","22.30M","-1.29%"
"01/08/2016","9.7380","10.0080","10.0900","9.7200","22.91M","-2.41%"
"01/07/2016","9.9780","9.7970","10.0370","9.7460","23.57M","-0.77%"
"01/06/2016","10.0550","10.1370","10.1520","9.9300","15.03M","-0.72%"
"01/05/2016","10.1280","10.2440","10.2790","10.0340","16.16M","0.52%"
"01/04/2016","10.0760","10.2130","10.2840","10.0240","25.71M","-3.03%"
"12/31/2015","10.3910","10.5080","10.5230","10.3810","5.29M","-1.96%"
"12/30/2015","10.5990","10.6450","10.6700","10.5180","8.93M","-0.39%"
"12/29/2015","10.6400","10.5580","10.6700","10.5080","10.95M","1.65%"
"12/28/2015","10.4670","10.6750","10.7310","10.4520","9.53M","-2.13%"
"12/24/2015","10.6950","10.5580","10.6950","10.5580","2.81M","0.62%"
"12/23/2015","10.6290","10.3760","10.6600","10.3760","20.77M","3.51%"
"12/22/2015","10.2690","10.2590","10.3250","10.1220","14.68M","0.94%"
"12/21/2015","10.1730","10.2330","10.4720","10.1730","24.75M","-3.42%"
"12/18/2015","10.5330","10.7410","10.8730","10.4720","42.61M","-3.45%"
"12/17/2015","10.9090","11.0050","11.1170","10.8780","25.28M","0.80%"
"12/16/2015","10.8220","10.9640","11.0610","10.7970","27.22M","-0.33%"
"12/15/2015","10.8580","10.4770","10.9240","10.4670","23.34M","4.44%"
"12/14/2015","10.3960","10.7110","10.8220","10.3810","18.66M","-3.08%"
"12/11/2015","10.7260","10.8430","10.8830","10.6750","21.95M","-1.49%"
"12/10/2015","10.8880","10.9540","11.0250","10.8020","20.50M","-1.39%"
"12/09/2015","11.0410","11.1120","11.1570","10.9190","15.69M","-0.14%"
"12/08/2015","11.0560","11.2690","11.3150","10.9950","15.39M","-1.98%"
"12/07/2015","11.2790","11.3300","11.4570","11.2590","14.70M","0.31%"
"12/04/2015","11.2440","11.3710","11.3960","11.1270","23.36M","-1.64%"
"12/03/2015","11.4310","11.7410","12.0050","11.4310","26.03M","-2.52%"
"12/02/2015","11.7260","11.8020","11.8320","11.6850","14.83M","-0.30%"
"12/01/2015","11.7610","11.8780","11.9800","11.7360","13.86M","-0.78%"
"11/30/2015","11.8530","11.8170","11.9290","11.7770","22.62M","0.35%"
"11/27/2015","11.8120","11.7970","11.9240","11.7720","10.94M","-0.30%"
"11/26/2015","11.8480","11.7310","11.8930","11.6800","12.30M","0.87%"
"11/25/2015","11.7460","11.6400","11.7510","11.5380","15.55M","0.74%"
"11/24/2015","11.6600","11.5990","11.6700","11.4770","18.15M","-0.30%"
"11/23/2015","11.6950","11.8880","11.9290","11.6290","24.32M","-2.21%"
"11/20/2015","11.9590","11.9900","12.0250","11.8480","16.51M","-0.18%"
"11/19/2015","11.9800","12.0410","12.0810","11.8830","20.93M","0.18%"
"11/18/2015","11.9590","12.1570","12.1730","11.9390","29.28M","-2.80%"
"11/17/2015","12.3030","11.9910","12.3130","11.9510","19.91M","3.29%"
"11/16/2015","11.9110","11.8120","11.9960","11.8020","12.95M","0.33%"
"11/13/2015","11.8720","11.8220","11.9410","11.7420","12.04M","0.13%"
"11/12/2015","11.8570","12.0550","12.1790","11.8170","13.96M","-1.97%"
"11/11/2015","12.0950","11.9860","12.2240","11.9860","11.75M","0.70%"
"11/10/2015","12.0110","11.9110","12.0300","11.7720","15.57M","1.34%"
"11/09/2015","11.8520","12.1450","12.2040","11.8470","20.48M","-2.01%"
"11/06/2015","12.0950","12.2290","12.2290","11.9310","28.36M","-1.38%"
"11/05/2015","12.2640","12.4080","12.4120","12.1590","19.89M","0.00%"
"11/04/2015","12.2640","12.3080","12.4770","12.2290","21.95M","1.44%"
"11/03/2015","12.0900","12.0250","12.1350","11.9360","14.38M","0.54%"
"11/02/2015","12.0250","11.8370","12.0600","11.7720","12.04M","0.70%"
"10/30/2015","11.9410","12.0010","12.0300","11.7870","17.04M","0.34%"
"10/29/2015","11.9010","12.0110","12.0110","11.7480","11.92M","0.20%"
"10/28/2015","11.8770","11.6630","11.9310","11.6040","11.60M","1.15%"
"10/27/2015","11.7420","11.8620","11.9060","11.6930","15.75M","-1.58%"
"10/26/2015","11.9310","11.9310","12.0450","11.7970","24.34M","-0.04%"
"10/23/2015","11.9360","11.7570","12.0750","11.7130","26.35M","2.60%"
"10/22/2015","11.6330","11.0580","11.7080","11.0180","25.12M","5.25%"
"10/21/2015","11.0530","11.0380","11.0970","10.9190","15.41M","0.23%"
"10/20/2015","11.0280","11.2910","11.3950","10.9930","18.90M","-1.98%"
"10/19/2015","11.2510","11.1970","11.3410","11.1620","12.98M","-0.53%"
"10/16/2015","11.3110","11.1420","11.3310","11.0870","16.57M","2.02%"
"10/15/2015","11.0870","11.0920","11.1220","10.9880","15.76M","0.99%"
"10/14/2015","10.9780","11.1770","11.1970","10.9780","33.47M","-2.90%"
"10/13/2015","11.3060","11.4500","11.4500","11.1970","15.35M","-1.64%"
"10/12/2015","11.4940","11.5290","11.5690","11.4250","10.65M","0.21%"
"10/09/2015","11.4700","11.3110","11.4940","11.2360","16.10M","1.90%"
"10/08/2015","11.2560","11.2660","11.3010","10.9980","24.52M","-1.31%"
"10/07/2015","11.4050","11.3060","11.5590","11.2710","21.43M","0.92%"
"10/06/2015","11.3010","11.1770","11.3360","11.0970","14.64M","1.11%"
"10/05/2015","11.1770","10.7650","11.2070","10.6950","25.76M","6.23%"
"10/02/2015","10.5220","10.6610","10.7300","10.2980","22.50M","-0.51%"
"10/01/2015","10.5760","10.8640","10.9090","10.5370","19.68M","-1.62%"
"09/30/2015","10.7500","10.8000","10.8290","10.7000","17.49M","1.26%"
"09/29/2015","10.6160","10.4620","10.8090","10.4470","21.14M","-0.52%"
"09/28/2015","10.6710","10.9190","10.9630","10.6360","18.61M","-2.27%"
"09/25/2015","10.9190","10.7600","10.9880","10.7250","29.32M","3.39%"
"09/24/2015","10.5610","10.8190","10.8640","10.4870","30.79M","-2.08%"
"09/23/2015","10.7850","10.8290","11.0380","10.7550","20.65M","-0.77%"
"09/22/2015","10.8690","11.1970","11.2160","10.8390","26.64M","-3.09%"
"09/21/2015","11.2160","11.2020","11.3450","11.1770","15.97M","-0.04%"
"09/18/2015","11.2210","11.5640","11.5640","11.1670","37.42M","-3.79%"
"09/17/2015","11.6630","11.6430","11.7080","11.5490","16.69M","0.39%"
"09/16/2015","11.6180","11.5490","11.6180","11.4940","26.59M","1.12%"
"09/15/2015","11.4890","11.3650","11.5390","11.2560","18.10M","1.27%"
"09/14/2015","11.3450","11.4550","11.5640","11.3450","13.61M","-1.05%"
"09/11/2015","11.4650","11.5140","11.6080","11.4150","32.96M","-2.20%"
"09/10/2015","11.7230","12.0110","12.0150","11.7230","24.02M","-3.63%"
"09/09/2015","12.1640","12.2190","12.3380","12.0900","16.87M","1.53%"
"09/08/2015","11.9810","11.8820","12.0500","11.8620","14.10M","1.65%"
"09/07/2015","11.7870","11.8570","11.9260","11.7820","9.82M","0.17%"
"09/04/2015","11.7670","11.8910","11.9110","11.7080","19.82M","-2.03%"
"09/03/2015","12.0110","11.9260","12.0950","11.8770","19.28M","1.34%"
"09/02/2015","11.8520","12.0950","12.0950","11.6830","42.05M","-2.37%"
"09/01/2015","12.1400","12.3280","12.3780","12.0400","20.74M","-2.86%"
"08/31/2015","12.4970","12.5710","12.6010","12.3830","13.31M","-1.06%"
"08/28/2015","12.6310","12.6310","12.6660","12.4670","9.77M","0.40%"
"08/27/2015","12.5810","12.4670","12.7100","12.4220","19.82M","2.92%"
"08/26/2015","12.2240","12.2980","12.3580","12.0900","33.12M","-1.67%"
"08/25/2015","12.4320","12.1100","12.5220","12.0300","29.40M","3.17%"
"08/24/2015","12.0500","12.4270","12.5020","11.8170","48.19M","-5.16%"
"08/21/2015","12.7050","12.8440","13.0180","12.6850","21.80M","-2.48%"
"08/20/2015","13.0280","13.2120","13.2560","12.9780","19.11M","-1.68%"
"08/19/2015","13.2510","13.3460","13.3850","13.2260","9.85M","-0.82%"
"08/18/2015","13.3610","13.3700","13.4350","13.3160","6.18M","-0.33%"
"08/17/2015","13.4050","13.5640","13.5840","13.2260","15.55M","-0.33%"
"08/14/2015","13.4500","13.5790","13.6730","13.3750","15.69M","-0.99%"
"08/13/2015","13.5840","13.7280","13.7580","13.5640","12.96M","0.00%"
"08/12/2015","13.5840","13.7820","13.7820","13.5040","21.03M","-2.25%"
"08/11/2015","13.8960","13.9560","14.0300","13.8920","11.22M","-0.71%"
"08/10/2015","13.9960","13.9660","14.0400","13.8320","8.37M","0.72%"
"08/07/2015","13.8960","13.9610","13.9810","13.8220","13.38M","-1.00%"
"08/06/2015","14.0360","14.0360","14.1990","14.0060","13.75M","-0.49%"
"08/05/2015","14.1050","13.9310","14.1250","13.9160","11.76M","1.25%"
"08/04/2015","13.9310","13.9910","14.0400","13.8520","12.21M","-0.43%"
"08/03/2015","13.9910","13.8470","14.0700","13.8120","17.18M","1.11%"
"07/31/2015","13.8370","13.7920","13.8420","13.6190","14.41M","0.98%"
"07/30/2015","13.7030","13.7620","13.8870","13.5890","16.47M","0.33%"
"07/29/2015","13.6580","13.5740","13.6780","13.5190","14.64M","1.10%"
"07/28/2015","13.5090","13.4550","13.6290","13.4300","16.56M","0.40%"
"07/27/2015","13.4550","13.6040","13.6230","13.4400","14.91M","-1.81%"
"07/24/2015","13.7030","13.6980","13.8220","13.6580","11.51M","-0.40%"
"07/23/2015","13.7580","13.8470","13.8670","13.7230","19.88M","-0.17%"
"07/22/2015","13.7820","13.6290","13.8820","13.5890","11.45M","0.04%"
"07/21/2015","13.7770","13.9260","13.9260","13.7330","13.77M","-1.07%"
"07/20/2015","13.9260","13.7580","14.0160","13.7580","15.77M","1.08%"
"07/17/2015","13.7770","13.8070","13.8220","13.6930","18.83M","0.11%"
"07/16/2015","13.7620","13.6380","13.8070","13.6090","23.70M","2.21%"
"07/15/2015","13.4650","13.2610","13.5340","13.2560","16.52M","1.23%"
"07/14/2015","13.3010","13.1920","13.3310","13.1570","12.18M","0.90%"
"07/13/2015","13.1820","13.1820","13.2360","13.0380","17.39M","1.42%"
"07/10/2015","12.9980","12.8290","13.0730","12.7300","34.47M","3.80%"
"07/09/2015","12.5220","12.2440","12.5710","12.1790","15.61M","2.61%"
"07/08/2015","12.2040","12.1590","12.2840","12.1100","25.14M","0.33%"
"07/07/2015","12.1640","12.3930","12.4420","12.1490","20.25M","-1.97%"
"07/06/2015","12.4080","12.4570","12.5810","12.3430","20.43M","-2.26%"
"07/03/2015","12.6950","12.7900","12.7900","12.6160","10.67M","-0.82%"
"07/02/2015","12.8000","12.8640","12.8840","12.7550","10.39M","-0.34%"
"07/01/2015","12.8440","12.7400","12.9830","12.6510","17.54M","1.49%"
"06/30/2015","12.6560","12.7750","12.9140","12.6360","23.32M","-1.54%"
"06/29/2015","12.8540","12.8050","13.0180","12.8050","24.36M","-3.86%"
"06/26/2015","13.3700","13.2120","13.4550","13.2020","12.11M","0.41%"
"06/25/2015","13.3160","13.1870","13.4800","13.1720","17.64M","-0.22%"
"06/24/2015","13.3460","13.3700","13.3850","13.1820","17.79M","0.00%"
"06/23/2015","13.3460","13.4000","13.4700","13.2960","17.57M","0.60%"
"06/22/2015","13.2660","12.9930","13.3060","12.9590","32.35M","4.42%"
"06/19/2015","12.7050","12.7500","12.8490","12.7050","23.99M","0.19%"
"06/18/2015","12.6810","12.5220","12.7450","12.4320","20.24M","0.75%"
"06/17/2015","12.5860","12.6460","12.7550","12.5460","10.70M","-0.51%"
"06/16/2015","12.6510","12.5560","12.6760","12.4570","14.94M","-0.20%"
"06/15/2015","12.6760","12.7500","12.8290","12.5910","12.49M","-1.42%"
"06/12/2015","12.8590","12.8150","12.9630","12.7650","23.81M","0.12%"
"06/11/2015","12.8440","12.8250","12.9090","12.7450","23.99M","1.13%"
"06/10/2015","12.7000","12.3830","12.7600","12.3530","20.44M","1.87%"
"06/09/2015","12.4670","12.4620","12.5220","12.3580","17.01M","-0.04%"
"06/08/2015","12.4720","12.5610","12.6160","12.4520","12.67M","-1.06%"
"06/05/2015","12.6060","12.6560","12.6950","12.5710","22.94M","-1.01%"
"06/04/2015","12.7350","12.8190","12.9140","12.6760","16.50M","-1.16%"
"06/03/2015","12.8840","12.8640","12.9730","12.7850","12.77M","0.54%"
"06/02/2015","12.8150","12.8440","12.9680","12.6950","17.57M","0.47%"
"06/01/2015","12.7550","12.8290","12.8490","12.6560","15.02M","-0.23%"
"05/29/2015","12.7850","12.9290","12.9730","12.7400","22.70M","-1.04%"
"05/28/2015","12.9190","12.8790","12.9830","12.8050","11.77M","-0.19%"
"05/27/2015","12.9440","12.9040","12.9880","12.8340","14.10M","0.90%"
"05/26/2015","12.8290","12.9540","12.9880","12.7650","23.69M","-1.19%"
"05/25/2015","12.9830","13.0030","13.0530","12.9040","8.80M","-1.02%"
"05/22/2015","13.1170","13.2070","13.2220","13.0780","14.80M","-0.64%"
"05/21/2015","13.2020","13.1370","13.2170","13.0880","9.46M","0.00%"
"05/20/2015","13.2020","13.1020","13.2170","13.0530","12.52M","0.65%"
"05/19/2015","13.1170","12.9930","13.1970","12.9930","22.88M","1.26%"
"05/18/2015","12.9540","12.9340","12.9830","12.7950","28.79M","0.43%"
"05/15/2015","12.8990","13.1020","13.1070","12.8490","21.77M","-1.29%"
"05/14/2015","13.0680","13.0830","13.1420","12.8740","28.71M","-1.01%"
"05/13/2015","13.2020","13.2410","13.3110","13.1270","19.32M","-0.04%"
"05/12/2015","13.2070","13.3410","13.3800","13.1270","23.58M","-3.97%"
"05/11/2015","13.7530","13.7080","13.8520","13.6630","17.47M","0.59%"
"05/08/2015","13.6730","13.4100","13.6730","13.3210","39.07M","2.27%"
"05/07/2015","13.3700","13.3460","13.4200","13.1270","23.26M","-0.37%"
"05/06/2015","13.4200","13.3750","13.5640","13.2910","24.97M","0.04%"
"05/05/2015","13.4150","13.6580","13.7380","13.3610","25.93M","-1.82%"
"05/04/2015","13.6630","13.4950","13.7230","13.3650","18.49M","0.92%"
"04/30/2015","13.5390","13.4890","13.6230","13.3750","33.56M","0.59%"
"04/29/2015","13.4600","13.6330","13.7820","13.4400","26.90M","-0.69%"
"04/28/2015","13.5540","13.6430","13.6530","13.4450","15.23M","-0.33%"
"04/27/2015","13.5990","13.5990","13.6980","13.4300","25.12M","0.33%"
"04/24/2015","13.5540","13.6980","13.8470","13.5340","18.32M","-0.69%"
"04/23/2015","13.6480","13.5590","13.6580","13.4600","16.70M","0.95%"
"04/22/2015","13.5190","13.6090","13.6290","13.3750","14.77M","-0.07%"
"04/21/2015","13.5290","13.5690","13.6380","13.4990","16.85M","0.51%"
"04/20/2015","13.4600","13.4550","13.4850","13.3260","11.13M","0.64%"
"04/17/2015","13.3750","13.4800","13.5240","13.2810","47.32M","-0.85%"
"04/16/2015","13.4890","13.5840","13.6190","13.4550","20.23M","-0.95%"
"04/15/2015","13.6190","13.4500","13.6190","13.4300","24.63M","1.45%"
"04/14/2015","13.4250","13.3410","13.5240","13.3060","32.44M","0.45%"
"04/13/2015","13.3650","13.1420","13.4300","13.1220","28.17M","2.12%"
"04/10/2015","13.0880","12.9440","13.1320","12.8940","50.39M","0.50%"
"04/09/2015","13.0230","12.8050","13.0730","12.7600","37.89M","0.08%"
"04/08/2015","13.0130","13.0580","13.1520","12.9490","24.84M","-0.72%"
"04/07/2015","13.1070","13.2710","13.2810","13.0480","47.52M","-0.87%"
"04/02/2015","13.2220","13.1670","13.2460","13.1470","10.98M","0.23%"
"04/01/2015","13.1920","13.1720","13.2560","13.0230","17.85M","0.23%"
"03/31/2015","13.1620","13.2310","13.2410","13.0280","19.62M","-0.45%"
"03/30/2015","13.2220","13.2020","13.3110","13.1520","14.31M","0.36%"
"03/27/2015","13.1750","13.2580","13.3860","13.0960","26.39M","-0.63%"
"03/26/2015","13.2580","13.1900","13.2630","13.0570","18.65M","-0.11%"
"03/25/2015","13.2730","13.4100","13.4300","13.2140","12.88M","-0.84%"
"03/24/2015","13.3860","13.2680","13.4200","13.1700","13.38M","0.74%"
"03/23/2015","13.2880","13.2290","13.3470","13.1310","17.01M","0.64%"
"03/20/2015","13.2040","12.7870","13.2190","12.7190","56.39M","3.02%"
"03/19/2015","12.8170","12.9790","13.0330","12.7870","20.75M","-1.06%"
"03/18/2015","12.9540","13.0130","13.0420","12.9050","14.24M","-0.49%"
"03/17/2015","13.0180","13.0230","13.1110","12.9000","12.96M","0.04%"
"03/16/2015","13.0130","13.0520","13.1160","13.0130","17.38M","0.12%"
"03/13/2015","12.9980","13.1260","13.1310","12.9830","10.50M","-0.27%"
"03/12/2015","13.0330","13.0230","13.0770","12.9740","11.64M","-0.07%"
"03/11/2015","13.0420","13.0180","13.1500","12.9640","16.59M","0.80%"
"03/10/2015","12.9390","13.2390","13.2680","12.8950","27.21M","-2.55%"
"03/09/2015","13.2780","13.3170","13.4150","13.1990","15.87M","-1.34%"
"03/06/2015","13.4590","13.5570","13.6020","13.4150","11.75M","-0.62%"
"03/05/2015","13.5430","13.5820","13.6360","13.5230","11.02M","-0.04%"
"03/04/2015","13.5480","13.4790","13.5620","13.3760","12.43M","0.73%"
"03/03/2015","13.4500","13.7200","13.7390","13.4150","18.22M","-1.57%"
"03/02/2015","13.6650","13.6900","13.7290","13.6310","17.82M","0.21%"
"02/27/2015","13.6360","13.5920","13.6610","13.4450","21.62M","-0.18%"
"02/26/2015","13.6610","13.5080","13.6800","13.3960","17.96M","0.87%"
"02/25/2015","13.5430","13.1400","13.6700","13.0620","27.25M","1.70%"
"02/24/2015","13.3170","13.1990","13.3470","13.1010","18.62M","1.08%"
"02/23/2015","13.1750","13.1990","13.2240","13.0820","14.30M","0.49%"
"02/20/2015","13.1110","13.0420","13.1110","12.9300","21.30M","0.68%"
"02/19/2015","13.0230","12.8560","13.0820","12.8070","20.24M","0.91%"
"02/18/2015","12.9050","12.9440","12.9980","12.8710","13.14M","0.12%"
"02/17/2015","12.8900","12.7230","12.8900","12.6060","16.60M","-0.08%"
"02/16/2015","12.9000","12.9340","12.9880","12.8800","9.25M","-0.26%"
"02/13/2015","12.9340","12.9050","13.0620","12.8800","16.58M","0.72%"
"02/12/2015","12.8410","12.6790","12.9790","12.6740","13.52M","0.96%"
"02/11/2015","12.7190","12.8510","12.9200","12.6690","15.14M","-1.40%"
"02/10/2015","12.9000","12.7680","12.9930","12.6740","16.44M","1.11%"
"02/09/2015","12.7580","12.7720","12.7970","12.6010","15.91M","-1.36%"
"02/06/2015","12.9340","12.9200","12.9830","12.8560","11.24M","0.42%"
"02/05/2015","12.8800","12.8070","12.8850","12.7680","13.92M","-0.61%"
"02/04/2015","12.9590","13.0030","13.0770","12.8560","18.36M","-0.30%"
"02/03/2015","12.9980","12.8170","13.0080","12.7630","26.24M","2.27%"
"02/02/2015","12.7090","12.8850","12.9000","12.5620","33.10M","-2.67%"
"01/30/2015","13.0570","13.1450","13.1700","12.9540","25.65M","-0.56%"
"01/29/2015","13.1310","12.9540","13.1450","12.8220","22.90M","0.98%"
"01/28/2015","13.0030","13.1310","13.1600","12.8900","23.68M","-0.49%"
"01/27/2015","13.0670","13.0470","13.1060","12.9490","18.72M","-0.41%"
"01/26/2015","13.1210","12.8310","13.1310","12.8120","23.11M","1.37%"
"01/23/2015","12.9440","12.7770","12.9980","12.7720","43.62M","3.37%"
"01/22/2015","12.5220","12.3160","12.5560","12.2870","31.36M","2.25%"
"01/21/2015","12.2470","12.1690","12.2620","11.9970","20.18M","0.48%"
"01/20/2015","12.1880","12.0310","12.2030","12.0120","25.34M","1.59%"
"01/19/2015","11.9970","11.8940","12.0560","11.8550","23.09M","2.35%"
"01/16/2015","11.7220","11.5700","11.7710","11.5070","21.03M","1.31%"
"01/15/2015","11.5700","11.4920","11.6390","11.1480","23.44M","1.63%"
"01/14/2015","11.3840","11.3300","11.5950","11.2660","21.10M","-0.90%"
"01/13/2015","11.4870","11.1680","11.5700","11.1530","17.61M","2.05%"
"01/12/2015","11.2560","11.1680","11.3300","11.1630","19.06M","1.01%"
"01/09/2015","11.1430","11.3990","11.4480","11.0400","28.85M","-2.58%"
"01/08/2015","11.4380","11.3150","11.4670","11.2120","19.02M","2.46%"
"01/07/2015","11.1630","11.2120","11.3250","11.0990","18.39M","0.04%"
"01/06/2015","11.1580","11.3300","11.3350","11.1240","19.08M","-1.00%"
"01/05/2015","11.2710","11.5560","11.6780","11.2120","24.22M","-3.37%"
"01/02/2015","11.6640","11.7760","11.8160","11.5560","11.20M","-0.29%"