"Fecha","Último","Apertura","Máximo","Mínimo","Vol.","% var."
"31.12.2025","2,778","2,776","2,790","2,770","1,54M","-0,64%"
"30.12.2025","2,796","2,752","2,802","2,740","3,25M","1,90%"
"29.12.2025","2,744","2,778","2,786","2,740","4,42M","-1,37%"
"24.12.2025","2,782","2,778","2,784","2,774","918,14K","-0,22%"
"23.12.2025","2,788","2,764","2,788","2,742","2,70M","0,80%"
"22.12.2025","2,766","2,770","2,786","2,756","2,77M","-0,14%"
"19.12.2025","2,770","2,750","2,794","2,740","5,95M","0,80%"
"18.12.2025","2,748","2,704","2,748","2,698","3,10M","1,25%"
"17.12.2025","2,714","2,716","2,744","2,702","4,16M","0,37%"
"16.12.2025","2,704","2,742","2,768","2,704","4,86M","-1,24%"
"15.12.2025","2,738","2,700","2,746","2,700","5,22M","2,09%"
"12.12.2025","2,682","2,750","2,750","2,676","7,46M","-1,11%"
"11.12.2025","2,712","2,672","2,722","2,646","6,63M","1,95%"
"10.12.2025","2,660","2,644","2,682","2,630","9,46M","-0,37%"
"09.12.2025","2,670","2,650","2,676","2,636","4,01M","0,98%"
"08.12.2025","2,644","2,628","2,648","2,620","3,08M","0,53%"
"05.12.2025","2,630","2,640","2,666","2,620","4,07M","0,00%"
"04.12.2025","2,630","2,634","2,634","2,584","4,96M","0,69%"
"03.12.2025","2,612","2,600","2,638","2,588","6,41M","0,77%"
"02.12.2025","2,592","2,546","2,602","2,546","3,98M","1,97%"
"01.12.2025","2,542","2,530","2,546","2,512","3,41M","0,47%"
"28.11.2025","2,530","2,512","2,536","2,504","2,97M","0,72%"
"27.11.2025","2,512","2,530","2,548","2,510","2,82M","-0,24%"
"26.11.2025","2,518","2,500","2,528","2,468","4,92M","1,61%"
"25.11.2025","2,478","2,468","2,502","2,444","4,06M","0,16%"
"24.11.2025","2,474","2,414","2,474","2,400","7,02M","3,51%"
"21.11.2025","2,390","2,394","2,406","2,350","4,41M","-1,89%"
"20.11.2025","2,436","2,440","2,476","2,428","4,66M","1,08%"
"19.11.2025","2,410","2,408","2,424","2,372","3,34M","-0,08%"
"18.11.2025","2,412","2,410","2,438","2,394","3,87M","-1,71%"
"17.11.2025","2,454","2,450","2,488","2,440","4,08M","0,33%"
"14.11.2025","2,446","2,500","2,500","2,432","4,46M","-2,94%"
"13.11.2025","2,520","2,556","2,560","2,516","5,73M","-1,49%"
"12.11.2025","2,558","2,516","2,570","2,514","7,04M","2,24%"
"11.11.2025","2,502","2,510","2,514","2,492","4,24M","-0,24%"
"10.11.2025","2,508","2,450","2,508","2,446","5,55M","3,64%"
"07.11.2025","2,420","2,488","2,504","2,416","5,32M","-2,65%"
"06.11.2025","2,486","2,448","2,508","2,436","9,23M","2,22%"
"05.11.2025","2,432","2,382","2,432","2,374","5,95M","1,42%"
"04.11.2025","2,398","2,350","2,398","2,320","7,14M","1,01%"
"03.11.2025","2,374","2,342","2,400","2,324","7,31M","1,45%"
"31.10.2025","2,340","2,380","2,450","2,272","15,89M","-0,43%"
"30.10.2025","2,350","2,362","2,370","2,326","4,75M","0,26%"
"29.10.2025","2,344","2,350","2,364","2,322","5,34M","-0,26%"
"28.10.2025","2,350","2,330","2,356","2,322","4,39M","0,77%"
"27.10.2025","2,332","2,338","2,346","2,328","4,13M","0,60%"
"24.10.2025","2,318","2,304","2,322","2,290","3,81M","1,13%"
"23.10.2025","2,292","2,342","2,342","2,292","5,78M","-2,13%"
"22.10.2025","2,342","2,360","2,372","2,314","5,90M","-0,43%"
"21.10.2025","2,352","2,360","2,384","2,350","5,81M","0,00%"
"20.10.2025","2,352","2,350","2,374","2,326","5,11M","1,91%"
"17.10.2025","2,308","2,286","2,360","2,242","10,04M","-0,26%"
"16.10.2025","2,314","2,320","2,336","2,286","4,54M","0,26%"
"15.10.2025","2,308","2,350","2,372","2,308","5,89M","-1,62%"
"14.10.2025","2,346","2,300","2,346","2,276","4,13M","1,65%"
"13.10.2025","2,308","2,296","2,322","2,292","3,09M","1,23%"
"10.10.2025","2,280","2,334","2,358","2,276","7,72M","-2,31%"
"09.10.2025","2,334","2,346","2,356","2,332","3,82M","-1,19%"
"08.10.2025","2,362","2,306","2,362","2,306","5,07M","2,79%"
"07.10.2025","2,298","2,292","2,314","2,286","4,90M","-0,17%"
"06.10.2025","2,302","2,320","2,330","2,278","5,06M","-0,95%"
"03.10.2025","2,324","2,344","2,362","2,314","4,10M","0,00%"
"02.10.2025","2,324","2,332","2,366","2,320","5,57M","-0,17%"
"01.10.2025","2,328","2,326","2,336","2,286","4,49M","-0,09%"
"30.09.2025","2,330","2,300","2,340","2,300","6,79M","0,95%"
"29.09.2025","2,308","2,320","2,324","2,282","4,75M","-0,26%"
"26.09.2025","2,314","2,274","2,314","2,268","5,84M","2,30%"
"25.09.2025","2,262","2,234","2,268","2,218","6,81M","-1,05%"
"24.09.2025","2,286","2,260","2,288","2,236","4,58M","1,33%"
"23.09.2025","2,256","2,242","2,268","2,220","6,21M","-1,91%"
"22.09.2025","2,300","2,360","2,360","2,290","9,91M","-2,29%"
"19.09.2025","2,354","2,348","2,356","2,328","32,03M","1,03%"
"18.09.2025","2,330","2,350","2,358","2,308","5,57M","0,09%"
"17.09.2025","2,328","2,370","2,382","2,320","5,39M","-1,19%"
"16.09.2025","2,356","2,416","2,418","2,356","6,38M","-2,81%"
"15.09.2025","2,424","2,394","2,430","2,394","4,57M","1,93%"
"12.09.2025","2,378","2,410","2,410","2,362","3,17M","-1,00%"
"11.09.2025","2,402","2,380","2,406","2,362","3,20M","0,92%"
"10.09.2025","2,380","2,380","2,392","2,346","4,48M","0,68%"
"09.09.2025","2,364","2,380","2,386","2,324","4,56M","0,25%"
"08.09.2025","2,358","2,342","2,358","2,330","2,97M","1,90%"
"05.09.2025","2,314","2,346","2,360","2,306","4,11M","-0,77%"
"04.09.2025","2,332","2,310","2,332","2,300","4,65M","0,87%"
"03.09.2025","2,312","2,364","2,372","2,294","5,94M","-2,03%"
"02.09.2025","2,360","2,380","2,382","2,338","5,30M","-0,67%"
"01.09.2025","2,376","2,388","2,390","2,362","2,81M","0,25%"
"29.08.2025","2,370","2,384","2,384","2,344","3,30M","-0,50%"
"28.08.2025","2,382","2,376","2,388","2,358","2,78M","0,42%"
"27.08.2025","2,372","2,412","2,424","2,350","3,26M","-1,74%"
"26.08.2025","2,414","2,414","2,416","2,362","4,50M","-0,66%"
"25.08.2025","2,430","2,442","2,454","2,430","1,97M","-0,65%"
"22.08.2025","2,446","2,420","2,450","2,414","2,54M","0,82%"
"21.08.2025","2,426","2,402","2,432","2,402","3,13M","1,00%"
"20.08.2025","2,402","2,412","2,412","2,386","2,36M","-0,41%"
"19.08.2025","2,412","2,404","2,424","2,404","3,57M","0,08%"
"18.08.2025","2,410","2,396","2,410","2,370","2,88M","0,58%"
"15.08.2025","2,396","2,436","2,444","2,386","3,49M","-0,75%"
"14.08.2025","2,414","2,354","2,414","2,354","4,27M","0,75%"
"13.08.2025","2,396","2,406","2,414","2,396","3,92M","0,42%"
"12.08.2025","2,386","2,410","2,420","2,380","4,86M","-0,58%"
"11.08.2025","2,400","2,400","2,408","2,352","4,82M","0,93%"
"08.08.2025","2,378","2,316","2,378","2,314","4,41M","2,77%"
"07.08.2025","2,314","2,288","2,324","2,288","5,25M","1,85%"
"06.08.2025","2,272","2,266","2,290","2,246","3,49M","0,80%"
"05.08.2025","2,254","2,276","2,276","2,230","4,76M","-0,27%"
"04.08.2025","2,260","2,246","2,270","2,230","3,93M","1,44%"
"01.08.2025","2,228","2,302","2,302","2,202","5,05M","-3,38%"
"31.07.2025","2,306","2,320","2,344","2,294","5,38M","0,09%"
"30.07.2025","2,304","2,298","2,310","2,244","4,73M","0,70%"
"29.07.2025","2,288","2,140","2,318","2,134","13,08M","8,03%"
"28.07.2025","2,118","2,100","2,120","2,088","5,88M","2,12%"
"25.07.2025","2,074","2,076","2,082","2,060","2,75M","-0,29%"
"24.07.2025","2,080","2,046","2,092","2,044","5,41M","2,67%"
"23.07.2025","2,026","2,020","2,040","2,006","3,95M","0,60%"
"22.07.2025","2,014","2,018","2,022","1,994","3,21M","-0,59%"
"21.07.2025","2,026","2,030","2,034","1,990","4,44M","-0,49%"
"18.07.2025","2,036","2,054","2,056","2,022","2,45M","-0,39%"
"17.07.2025","2,044","2,042","2,046","2,016","2,92M","0,49%"
"16.07.2025","2,034","2,030","2,058","2,030","3,50M","0,20%"
"15.07.2025","2,030","2,080","2,082","2,024","3,21M","-2,03%"
"14.07.2025","2,072","2,040","2,072","2,024","2,21M","1,17%"
"11.07.2025","2,048","2,076","2,086","2,032","3,87M","-1,82%"
"10.07.2025","2,086","2,110","2,110","2,080","3,00M","-0,95%"
"09.07.2025","2,106","2,110","2,124","2,094","5,60M","0,77%"
"08.07.2025","2,090","2,084","2,108","2,078","5,21M","0,97%"
"07.07.2025","2,070","2,014","2,070","2,014","4,13M","2,48%"
"04.07.2025","2,020","2,060","2,060","2,016","3,60M","-1,46%"
"03.07.2025","2,050","2,000","2,052","1,997","4,38M","2,86%"
"02.07.2025","1,993","1,997","2,026","1,973","4,45M","0,55%"
"01.07.2025","1,982","2,010","2,020","1,982","4,47M","-1,20%"
"30.06.2025","2,006","1,986","2,008","1,958","4,99M","1,26%"
"27.06.2025","1,981","1,942","1,984","1,942","5,80M","2,27%"
"26.06.2025","1,937","1,920","1,940","1,916","4,58M","0,99%"
"25.06.2025","1,918","1,947","1,947","1,901","4,49M","-1,08%"
"24.06.2025","1,939","1,910","1,942","1,909","5,25M","3,19%"
"23.06.2025","1,879","1,866","1,902","1,866","3,98M","-0,48%"
"20.06.2025","1,888","1,870","1,908","1,870","18,64M","0,75%"
"19.06.2025","1,874","1,903","1,904","1,868","3,28M","-1,99%"
"18.06.2025","1,912","1,875","1,916","1,875","3,95M","1,43%"
"17.06.2025","1,885","1,902","1,902","1,873","3,76M","-1,05%"
"16.06.2025","1,905","1,892","1,925","1,892","9,33M","0,74%"
"13.06.2025","1,891","1,902","1,903","1,876","5,30M","-2,02%"
"12.06.2025","1,930","1,914","1,939","1,908","3,97M","0,26%"
"11.06.2025","1,925","1,923","1,955","1,916","4,17M","-0,82%"
"10.06.2025","1,941","1,940","1,949","1,926","4,57M","-0,61%"
"09.06.2025","1,953","1,926","1,953","1,924","4,45M","1,14%"
"06.06.2025","1,931","1,907","1,938","1,907","2,97M","0,00%"
"05.06.2025","1,931","1,883","1,931","1,883","3,86M","1,90%"
"04.06.2025","1,895","1,924","1,937","1,888","5,25M","-1,46%"
"03.06.2025","1,923","1,947","1,947","1,904","3,84M","-1,08%"
"02.06.2025","1,944","1,937","1,961","1,913","5,21M","0,36%"
"30.05.2025","1,937","1,947","1,949","1,921","5,62M","-0,67%"
"29.05.2025","1,950","1,940","1,978","1,934","6,04M","1,19%"
"28.05.2025","1,927","1,939","1,949","1,925","4,44M","-0,41%"
"27.05.2025","1,935","1,901","1,938","1,900","7,59M","1,42%"
"26.05.2025","1,908","1,925","1,931","1,906","5,93M","0,90%"
"23.05.2025","1,891","1,934","1,949","1,836","10,91M","-2,22%"
"22.05.2025","1,934","1,922","1,937","1,907","5,40M","0,16%"
"21.05.2025","1,931","1,928","1,964","1,922","6,13M","0,47%"
"20.05.2025","1,922","1,901","1,931","1,900","5,63M","1,75%"
"19.05.2025","1,889","1,917","1,919","1,874","6,34M","-1,41%"
"16.05.2025","1,916","1,910","1,916","1,887","6,48M","0,63%"
"15.05.2025","1,904","1,935","1,937","1,896","4,47M","-1,55%"
"14.05.2025","1,934","1,888","1,939","1,873","9,15M","2,49%"
"13.05.2025","1,887","1,840","1,889","1,833","7,96M","3,06%"
"12.05.2025","1,831","1,825","1,843","1,822","6,96M","1,55%"
"09.05.2025","1,803","1,808","1,814","1,784","7,28M","-0,11%"
"08.05.2025","1,805","1,765","1,805","1,765","7,40M","2,67%"
"07.05.2025","1,758","1,763","1,780","1,756","0,01K","0,29%"
"06.05.2025","1,753","1,746","1,791","1,731","9,65M","0,40%"
"05.05.2025","1,746","1,700","1,749","1,700","8,99M","2,46%"
"02.05.2025","1,704","1,709","1,718","1,688","8,40M","1,67%"
"30.04.2025","1,676","1,710","1,728","1,634","9,42M","-1,30%"
"29.04.2025","1,698","1,740","1,752","1,692","12,20K","-1,51%"
"28.04.2025","1,724","1,690","1,737","1,684","12,22K","2,74%"
"25.04.2025","1,678","1,668","1,691","1,659","7,77M","1,15%"
"24.04.2025","1,659","1,638","1,672","1,636","8,58M","0,85%"
"23.04.2025","1,645","1,611","1,659","1,611","9,23M","3,98%"
"22.04.2025","1,582","1,597","1,630","1,560","6,65M","-4,30%"
"17.04.2025","1,653","1,683","1,685","1,643","8,61M","-1,31%"
"16.04.2025","1,675","1,658","1,682","1,635","8,39M","0,42%"
"15.04.2025","1,668","1,630","1,675","1,623","6,62M","2,90%"
"14.04.2025","1,621","1,629","1,629","1,607","10,65M","2,86%"
"11.04.2025","1,576","1,542","1,585","1,535","9,24M","2,74%"
"10.04.2025","1,534","1,731","1,731","1,530","2,41K","2,95%"
"09.04.2025","1,490","1,464","1,497","1,449","9,91M","-1,06%"
"08.04.2025","1,506","1,508","1,536","1,437","13,72M","4,15%"
"07.04.2025","1,446","1,280","1,496","1,250","19,62M","-4,05%"
"04.04.2025","1,507","1,660","1,665","1,482","18,17M","-10,56%"
"03.04.2025","1,685","1,700","1,733","1,678","8,13M","-3,99%"
"02.04.2025","1,755","1,747","1,760","1,737","4,79M","0,52%"
"01.04.2025","1,746","1,713","1,753","1,713","8,35M","2,34%"
"31.03.2025","1,706","1,701","1,716","1,681","9,27M","-0,23%"
"28.03.2025","1,710","1,735","1,746","1,710","4,63M","-2,23%"
"27.03.2025","1,749","1,760","1,768","1,726","3,96M","-1,41%"
"26.03.2025","1,774","1,776","1,782","1,765","0,19K","0,23%"
"25.03.2025","1,770","1,750","1,775","1,736","4,40M","1,84%"
"24.03.2025","1,738","1,740","1,750","1,732","4,66M","1,64%"
"21.03.2025","1,710","1,730","1,734","1,702","12,82K","-0,75%"
"20.03.2025","1,723","1,808","1,808","1,723","9,13M","-4,60%"
"19.03.2025","1,806","1,800","1,818","1,787","4,84M","0,33%"
"18.03.2025","1,800","1,750","1,801","1,749","4,37M","3,33%"
"17.03.2025","1,742","1,742","1,751","1,728","3,82M","0,64%"
"14.03.2025","1,731","1,705","1,741","1,686","5,08M","1,76%"
"13.03.2025","1,701","1,699","1,726","1,688","5,65M","0,29%"
"12.03.2025","1,696","1,679","1,715","1,674","5,56M","1,56%"
"11.03.2025","1,670","1,678","1,712","1,654","7,47M","-0,89%"
"10.03.2025","1,685","1,721","1,722","1,651","7,50M","-1,63%"
"07.03.2025","1,713","1,694","1,725","1,677","6,62M","0,47%"
"06.03.2025","1,705","1,691","1,714","1,680","6,38M","1,19%"
"05.03.2025","1,685","1,678","1,714","1,670","7,89M","3,63%"
"04.03.2025","1,626","1,667","1,678","1,608","0,27K","-3,10%"
"03.03.2025","1,678","1,680","1,699","1,662","6,45M","0,36%"
"28.02.2025","1,672","1,685","1,688","1,651","7,58M","-0,77%"
"27.02.2025","1,685","1,645","1,707","1,635","14,11M","4,08%"
"26.02.2025","1,619","1,592","1,622","1,588","5,67M","2,21%"
"25.02.2025","1,584","1,564","1,598","1,563","5,56M","1,28%"
"24.02.2025","1,564","1,556","1,577","1,548","14,95K","0,45%"
"21.02.2025","1,557","1,540","1,575","1,540","6,39M","1,04%"
"20.02.2025","1,541","1,540","1,559","1,534","17,99K","-0,52%"
"19.02.2025","1,549","1,565","1,579","1,543","5,70M","-0,96%"
"18.02.2025","1,564","1,546","1,567","1,545","5,10M","1,23%"
"17.02.2025","1,545","1,541","1,557","1,538","6,94M","0,26%"
"14.02.2025","1,541","1,529","1,545","1,523","4,83M","0,65%"
"13.02.2025","1,531","1,531","1,542","1,507","7,48M","0,13%"
"12.02.2025","1,529","1,506","1,543","1,505","5,81M","2,48%"
"11.02.2025","1,492","1,490","1,500","1,468","5,20M","0,81%"
"10.02.2025","1,480","1,505","1,510","1,480","4,84M","-1,66%"
"07.02.2025","1,505","1,540","1,547","1,493","6,47M","0,53%"
"06.02.2025","1,497","1,469","1,502","1,463","7,68M","2,89%"
"05.02.2025","1,455","1,452","1,473","1,442","7,93M","0,97%"
"04.02.2025","1,441","1,430","1,460","1,376","16,63M","4,27%"
"03.02.2025","1,382","1,355","1,388","1,342","7,29M","0,58%"
"31.01.2025","1,374","1,390","1,399","1,371","5,39M","-0,87%"
"30.01.2025","1,386","1,390","1,422","1,381","5,50M","-1,00%"
"29.01.2025","1,400","1,365","1,400","1,365","7,65M","3,09%"
"28.01.2025","1,358","1,355","1,363","1,338","6,17M","-0,22%"
"27.01.2025","1,361","1,340","1,368","1,335","7,66M","0,81%"
"24.01.2025","1,350","1,353","1,364","1,345","5,14M","0,15%"
"23.01.2025","1,348","1,325","1,350","1,319","14,52M","1,58%"
"22.01.2025","1,327","1,340","1,350","1,324","4,95M","-0,75%"
"21.01.2025","1,337","1,341","1,345","1,329","3,81M","-0,07%"
"20.01.2025","1,338","1,314","1,348","1,313","7,09K","2,06%"
"17.01.2025","1,311","1,317","1,328","1,310","1,31K","-0,46%"
"16.01.2025","1,317","1,350","1,354","1,307","6,48M","-1,27%"
"15.01.2025","1,334","1,345","1,351","1,331","28,54K","-0,45%"
"14.01.2025","1,340","1,331","1,359","1,327","8,02M","-0,30%"
"13.01.2025","1,344","1,333","1,366","1,330","6,14M","0,30%"
"10.01.2025","1,340","1,340","1,353","1,329","24,98K","-0,07%"
"09.01.2025","1,341","1,300","1,353","1,294","9,73K","2,68%"
"08.01.2025","1,306","1,292","1,312","1,286","6,36M","1,32%"
"07.01.2025","1,289","1,295","1,299","1,279","5,48M","-0,39%"
"06.01.2025","1,294","1,283","1,303","1,266","6,07M","1,17%"
"03.01.2025","1,279","1,265","1,282","1,257","3,60M","1,67%"
"02.01.2025","1,258","1,280","1,280","1,221","5,34M","-1,26%"
"31.12.2024","1,274","1,263","1,278","1,263","1,42M","0,55%"
"30.12.2024","1,267","1,268","1,275","1,255","3,70M","0,40%"
"27.12.2024","1,262","1,253","1,270","1,253","4,32M","0,24%"
"24.12.2024","1,259","1,265","1,267","1,255","1,75M","-0,16%"
"23.12.2024","1,261","1,262","1,263","1,247","4,89M","0,72%"
"20.12.2024","1,252","1,251","1,252","1,225","9,07M","-0,24%"
"19.12.2024","1,255","1,226","1,261","1,202","6,56M","0,56%"
"18.12.2024","1,248","1,231","1,252","1,222","4,94M","1,63%"
"17.12.2024","1,228","1,267","1,275","1,225","9,60M","-7,81%"
"16.12.2024","1,332","1,319","1,338","1,310","12,88M","2,30%"
"13.12.2024","1,302","1,316","1,323","1,297","5,56M","0,00%"
"12.12.2024","1,302","1,303","1,320","1,301","4,54M","0,00%"
"11.12.2024","1,302","1,317","1,324","1,296","4,53M","-0,99%"
"10.12.2024","1,315","1,330","1,335","1,314","6,03M","-0,15%"
"09.12.2024","1,317","1,322","1,329","1,317","5,14M","1,07%"
"06.12.2024","1,303","1,313","1,322","1,303","5,65M","-0,84%"
"05.12.2024","1,314","1,273","1,315","1,273","5,94M","3,55%"
"04.12.2024","1,269","1,273","1,280","1,267","4,32M","-0,16%"
"03.12.2024","1,271","1,259","1,273","1,252","5,54M","1,84%"
"02.12.2024","1,248","1,221","1,264","1,221","7,71M","2,46%"
"29.11.2024","1,218","1,197","1,219","1,181","3,47M","1,16%"
"28.11.2024","1,204","1,185","1,215","1,185","2,96M","0,67%"
"27.11.2024","1,196","1,202","1,208","1,181","7,35M","-1,48%"
"26.11.2024","1,214","1,225","1,225","1,198","4,42M","-1,94%"
"25.11.2024","1,238","1,239","1,248","1,219","8,50M","0,32%"
"22.11.2024","1,234","1,244","1,287","1,213","12,88M","-0,16%"
"21.11.2024","1,236","1,223","1,238","1,216","5,46M","0,90%"
"20.11.2024","1,225","1,222","1,245","1,220","4,33M","0,41%"
"19.11.2024","1,220","1,242","1,243","1,200","6,20M","-2,01%"
"18.11.2024","1,245","1,230","1,253","1,223","5,76M","0,97%"
"15.11.2024","1,233","1,198","1,238","1,195","10,83M","3,35%"
"14.11.2024","1,193","1,167","1,197","1,167","3,93M","2,93%"
"13.11.2024","1,159","1,160","1,173","1,152","3,37M","-0,17%"
"12.11.2024","1,161","1,174","1,181","1,160","3,38M","-1,53%"
"11.11.2024","1,179","1,182","1,185","1,169","3,80M","0,77%"
"08.11.2024","1,170","1,184","1,189","1,170","5,43M","-1,93%"
"07.11.2024","1,193","1,170","1,197","1,170","5,74M","2,49%"
"06.11.2024","1,164","1,220","1,220","1,153","10,50M","-4,43%"
"05.11.2024","1,218","1,196","1,218","1,193","9,43M","1,84%"
"04.11.2024","1,196","1,180","1,202","1,178","10,39M","1,27%"
"01.11.2024","1,181","1,158","1,181","1,151","12,37M","2,52%"
"31.10.2024","1,152","1,106","1,161","1,101","10,24M","3,50%"
"30.10.2024","1,113","1,120","1,141","1,106","9,85M","2,11%"
"29.10.2024","1,090","1,088","1,092","1,080","4,60M","0,74%"
"28.10.2024","1,082","1,078","1,087","1,070","4,91M","0,93%"
"25.10.2024","1,072","1,078","1,083","1,072","4,64M","-0,56%"
"24.10.2024","1,078","1,097","1,097","1,076","4,49M","-1,19%"
"23.10.2024","1,091","1,098","1,098","1,086","4,33M","-0,09%"
"22.10.2024","1,092","1,080","1,094","1,073","3,49M","0,65%"
"21.10.2024","1,085","1,083","1,091","1,078","5,26M","0,00%"
"18.10.2024","1,085","1,074","1,089","1,067","6,76M","0,93%"
"17.10.2024","1,075","1,097","1,101","1,075","5,97M","-1,83%"
"16.10.2024","1,095","1,088","1,098","1,082","5,05M","0,18%"
"15.10.2024","1,093","1,086","1,097","1,085","6,66M","0,74%"
"14.10.2024","1,085","1,066","1,085","1,063","4,10M","1,50%"
"11.10.2024","1,069","1,063","1,071","1,059","5,78M","0,38%"
"10.10.2024","1,065","1,069","1,079","1,058","5,53M","-0,93%"
"09.10.2024","1,075","1,079","1,080","1,070","4,41M","-0,56%"
"08.10.2024","1,081","1,075","1,087","1,065","5,03M","-0,09%"
"07.10.2024","1,082","1,080","1,087","1,073","5,60M","0,74%"
"04.10.2024","1,074","1,063","1,080","1,057","6,97M","1,51%"
"03.10.2024","1,058","1,062","1,070","1,049","9,51M","-0,66%"
"02.10.2024","1,065","1,072","1,086","1,061","8,63M","-0,65%"
"01.10.2024","1,072","1,142","1,144","1,068","15,32M","-6,38%"
"30.09.2024","1,145","1,150","1,162","1,137","6,33M","-0,43%"
"27.09.2024","1,150","1,200","1,200","1,147","9,24M","-4,17%"
"26.09.2024","1,200","1,179","1,203","1,175","6,15M","2,21%"
"25.09.2024","1,174","1,171","1,178","1,165","5,32M","0,09%"
"24.09.2024","1,173","1,189","1,189","1,168","3,61M","-0,59%"
"23.09.2024","1,180","1,177","1,183","1,158","4,14M","0,60%"
"20.09.2024","1,173","1,186","1,190","1,168","5,48M","-1,01%"
"19.09.2024","1,185","1,172","1,185","1,166","5,47M","1,89%"
"18.09.2024","1,163","1,159","1,168","1,154","3,58M","0,52%"
"17.09.2024","1,157","1,155","1,168","1,152","4,54M","0,43%"
"16.09.2024","1,152","1,170","1,171","1,151","","-1,87%"
"13.09.2024","1,174","1,159","1,176","1,158","3,07M","1,12%"
"12.09.2024","1,161","1,159","1,173","1,150","3,15M","1,04%"
"11.09.2024","1,149","1,157","1,185","1,141","4,06M","0,17%"
"10.09.2024","1,147","1,165","1,170","1,142","5,26M","-1,46%"
"09.09.2024","1,164","1,158","1,175","1,158","2,08M","0,69%"
"06.09.2024","1,156","1,182","1,187","1,156","5,37M","-2,45%"
"05.09.2024","1,185","1,165","1,202","1,163","2,46M","1,02%"
"04.09.2024","1,173","1,160","1,173","1,173","","-0,68%"
"03.09.2024","1,181","1,220","1,181","1,181","","-3,20%"
"02.09.2024","1,220","1,225","1,233","1,216","","-0,41%"
"30.08.2024","1,225","1,219","1,228","1,216","3,47M","0,49%"
"29.08.2024","1,219","1,214","1,224","1,212","3,36M","0,00%"
"28.08.2024","1,219","1,225","1,225","1,202","2,90M","-0,16%"
"27.08.2024","1,221","1,206","1,225","1,204","2,43M","0,99%"
"26.08.2024","1,209","1,217","1,220","1,209","1,99M","-0,66%"
"23.08.2024","1,217","1,219","1,222","1,208","2,23M","0,33%"
"22.08.2024","1,213","1,198","1,219","1,196","3,92M","0,41%"
"21.08.2024","1,208","1,197","1,217","1,190","4,67M","0,50%"
"20.08.2024","1,202","1,214","1,220","1,198","2,13M","-0,83%"
"19.08.2024","1,212","1,203","1,220","1,200","3,72M","0,50%"
"16.08.2024","1,206","1,200","1,206","1,191","2,62M","0,67%"
"15.08.2024","1,198","1,172","1,199","1,169","3,04M","2,04%"
"14.08.2024","1,174","1,170","1,177","1,163","2,64M","0,86%"
"13.08.2024","1,164","1,155","1,164","1,149","3,43M","1,22%"
"12.08.2024","1,150","1,159","1,169","1,145","3,00M","-0,86%"
"09.08.2024","1,160","1,160","1,175","1,149","4,07M","0,87%"
"08.08.2024","1,150","1,154","1,157","1,135","5,20M","-1,03%"
"07.08.2024","1,162","1,153","1,169","1,135","5,60M","2,74%"
"06.08.2024","1,131","1,152","1,162","1,120","7,30M","-0,26%"
"05.08.2024","1,134","1,127","1,143","1,086","9,33M","-3,49%"
"02.08.2024","1,175","1,200","1,202","1,167","7,54M","-2,49%"
"01.08.2024","1,205","1,236","1,240","1,204","6,76M","-2,98%"
"31.07.2024","1,242","1,270","1,282","1,236","10,44M","-2,20%"
"30.07.2024","1,270","1,332","1,332","1,240","15,36M","-5,15%"
"29.07.2024","1,339","1,349","1,352","1,331","4,27M","0,45%"
"26.07.2024","1,333","1,340","1,346","1,325","2,45M","-0,52%"
"25.07.2024","1,340","1,350","1,351","1,318","3,67M","-1,54%"
"24.07.2024","1,361","1,357","1,376","1,356","2,70M","-0,66%"
"23.07.2024","1,370","1,373","1,380","1,363","1,61M","-0,29%"
"22.07.2024","1,374","1,364","1,376","1,353","3,41M","1,10%"
"19.07.2024","1,359","1,342","1,359","1,329","3,48M","0,37%"
"18.07.2024","1,354","1,330","1,360","1,329","6,63M","1,65%"
"17.07.2024","1,332","1,315","1,337","1,306","8,28M","1,22%"
"16.07.2024","1,316","1,305","1,320","1,304","8,24M","0,15%"
"15.07.2024","1,314","1,300","1,320","1,276","6,54M","1,00%"
"12.07.2024","1,301","1,300","1,310","1,299","2,62M","0,00%"
"11.07.2024","1,301","1,311","1,311","1,290","2,47M","-0,46%"
"10.07.2024","1,307","1,289","1,307","1,277","2,74M","2,19%"
"09.07.2024","1,279","1,291","1,291","1,272","3,02M","-0,78%"
"08.07.2024","1,289","1,275","1,308","1,273","4,51M","0,78%"
"05.07.2024","1,279","1,296","1,296","1,273","4,08M","-1,16%"
"04.07.2024","1,294","1,272","1,296","1,272","2,90M","1,65%"
"03.07.2024","1,273","1,281","1,286","1,271","3,28M","0,24%"
"02.07.2024","1,270","1,302","1,302","1,258","5,08M","-2,76%"
"01.07.2024","1,306","1,290","1,306","1,281","4,68M","2,51%"
"28.06.2024","1,274","1,270","1,290","1,265","5,48M","1,03%"
"27.06.2024","1,261","1,276","1,276","1,259","3,04M","-0,79%"
"26.06.2024","1,271","1,276","1,280","1,267","3,27M","0,32%"
"25.06.2024","1,267","1,290","1,293","1,262","4,17M","-1,32%"
"24.06.2024","1,284","1,258","1,285","1,254","6,65M","2,39%"
"21.06.2024","1,254","1,267","1,268","1,235","5,01M","-1,49%"
"20.06.2024","1,273","1,267","1,274","1,263","4,69M","0,39%"
"19.06.2024","1,268","1,246","1,278","1,235","3,76M","1,85%"
"18.06.2024","1,245","1,251","1,260","1,242","3,61M","0,48%"
"17.06.2024","1,239","1,244","1,259","1,210","5,78M","-0,40%"
"14.06.2024","1,244","1,270","1,270","1,221","7,58M","-1,82%"
"13.06.2024","1,267","1,280","1,291","1,263","4,71M","-1,25%"
"12.06.2024","1,283","1,265","1,295","1,265","6,46M","1,42%"
"11.06.2024","1,265","1,296","1,303","1,265","7,57M","-2,69%"
"10.06.2024","1,300","1,309","1,309","1,281","6,04M","-0,84%"
"07.06.2024","1,311","1,320","1,321","1,304","6,97M","0,31%"
"06.06.2024","1,307","1,298","1,314","1,282","8,97M","2,03%"
"05.06.2024","1,281","1,275","1,301","1,269","9,33M","-0,08%"
"04.06.2024","1,282","1,326","1,329","1,260","13,15M","-3,68%"
"03.06.2024","1,331","1,352","1,356","1,326","8,25M","-1,19%"
"31.05.2024","1,347","1,339","1,350","1,328","16,36M","0,75%"
"30.05.2024","1,337","1,307","1,337","1,305","9,73M","1,67%"
"29.05.2024","1,315","1,310","1,327","1,305","8,78M","0,23%"
"28.05.2024","1,312","1,323","1,328","1,303","7,59M","-0,76%"
"27.05.2024","1,322","1,350","1,350","1,307","8,11M","-1,42%"
"24.05.2024","1,341","1,350","1,354","1,323","11,67M","-0,67%"
"23.05.2024","1,350","1,340","1,362","1,338","11,44M","0,97%"
"22.05.2024","1,337","1,336","1,354","1,332","7,58M","0,30%"
"21.05.2024","1,333","1,324","1,333","1,316","5,74M","0,76%"
"20.05.2024","1,323","1,330","1,334","1,319","4,87M","-0,23%"
"17.05.2024","1,326","1,300","1,326","1,295","8,57M","1,77%"
"16.05.2024","1,303","1,306","1,319","1,303","4,97M","-0,23%"
"15.05.2024","1,306","1,307","1,316","1,295","10,73M","0,31%"
"14.05.2024","1,302","1,289","1,303","1,286","9,39M","1,24%"
"13.05.2024","1,286","1,279","1,289","1,271","7,93M","0,70%"
"10.05.2024","1,277","1,265","1,277","1,251","7,42M","1,51%"
"09.05.2024","1,258","1,272","1,280","1,254","6,61M","-0,47%"
"08.05.2024","1,264","1,272","1,276","1,258","11,12M","-0,47%"
"07.05.2024","1,270","1,256","1,270","1,246","14,58M","1,03%"
"06.05.2024","1,257","1,272","1,282","1,257","5,51M","-1,18%"
"03.05.2024","1,272","1,292","1,297","1,258","14,51M","-1,24%"
"02.05.2024","1,288","1,254","1,288","1,251","26,57M","4,97%"
"30.04.2024","1,227","1,232","1,240","1,196","18,35M","0,33%"
"29.04.2024","1,223","1,235","1,290","1,201","27,14M","2,34%"
"26.04.2024","1,195","1,178","1,199","1,178","11,74M","1,10%"
"25.04.2024","1,182","1,150","1,185","1,150","18,80M","2,87%"
"24.04.2024","1,149","1,155","1,155","1,143","5,52M","-0,43%"
"23.04.2024","1,154","1,150","1,156","1,134","8,85M","0,35%"
"22.04.2024","1,150","1,145","1,153","1,141","16,34M","0,70%"
"19.04.2024","1,142","1,135","1,148","1,118","9,57M","-0,95%"
"18.04.2024","1,153","1,120","1,153","1,119","8,35M","3,69%"
"17.04.2024","1,112","1,084","1,127","1,054","9,53M","-1,68%"
"16.04.2024","1,131","1,162","1,164","1,130","9,77M","-1,74%"
"15.04.2024","1,151","1,140","1,168","1,136","6,89M","0,88%"
"12.04.2024","1,141","1,150","1,162","1,139","7,66M","0,62%"
"11.04.2024","1,134","1,175","1,175","1,126","8,53M","-2,91%"
"10.04.2024","1,168","1,178","1,185","1,158","5,96M","0,17%"
"09.04.2024","1,166","1,195","1,198","1,165","5,61M","-1,85%"
"08.04.2024","1,188","1,175","1,194","1,171","5,28M","1,37%"
"05.04.2024","1,172","1,158","1,178","1,151","7,98M","0,51%"
"04.04.2024","1,166","1,159","1,171","1,155","7,79M","1,13%"
"03.04.2024","1,153","1,132","1,155","1,132","7,71M","1,50%"
"02.04.2024","1,136","1,150","1,160","1,133","8,12M","-0,96%"
"28.03.2024","1,147","1,140","1,149","1,136","4,82M","1,24%"
"27.03.2024","1,133","1,117","1,139","1,115","6,82M","1,43%"
"26.03.2024","1,117","1,097","1,118","1,075","5,46M","1,18%"
"25.03.2024","1,104","1,090","1,108","1,086","9,07M","1,28%"
"22.03.2024","1,090","1,077","1,092","1,075","7,64M","1,11%"
"21.03.2024","1,078","1,080","1,088","1,071","6,43M","0,75%"
"20.03.2024","1,070","1,063","1,070","1,047","6,49M","0,75%"
"19.03.2024","1,062","1,050","1,062","1,049","4,88M","1,05%"
"18.03.2024","1,051","1,037","1,053","1,034","7,05M","1,64%"
"15.03.2024","1,034","1,012","1,037","1,010","11,73M","2,99%"
"14.03.2024","1,004","1,008","1,015","1,003","5,44M","-0,59%"
"13.03.2024","1,010","1,012","1,018","1,006","8,92M","0,00%"
"12.03.2024","1,010","0,998","1,010","0,994","6,85M","1,76%"
"11.03.2024","0,993","0,983","0,995","0,979","3,76M","0,35%"
"08.03.2024","0,989","0,992","1,004","0,987","9,03M","0,15%"
"07.03.2024","0,988","0,980","1,001","0,975","10,60M","-0,40%"
"06.03.2024","0,992","0,974","1,004","0,973","9,93M","1,95%"
"05.03.2024","0,973","0,959","0,973","0,958","6,11M","1,46%"
"04.03.2024","0,959","0,962","0,964","0,951","3,74M","0,21%"
"01.03.2024","0,956","0,953","0,972","0,952","5,24M","1,27%"
"29.02.2024","0,945","0,964","0,966","0,938","11,30M","-1,97%"
"28.02.2024","0,964","0,978","0,979","0,964","3,76M","-1,18%"
"27.02.2024","0,975","0,972","0,976","0,967","3,28M","0,31%"
"26.02.2024","0,972","0,968","0,976","0,964","4,33M","0,41%"
"23.02.2024","0,968","0,973","0,981","0,964","5,89M","-0,92%"
"22.02.2024","0,977","0,969","0,983","0,962","15,46M","1,66%"
"21.02.2024","0,961","0,963","0,970","0,961","4,13M","-0,26%"
"20.02.2024","0,964","0,953","0,964","0,953","3,32M","0,36%"
"19.02.2024","0,960","0,954","0,969","0,953","3,51M","0,84%"
"16.02.2024","0,952","0,954","0,965","0,950","6,84M","0,63%"
"15.02.2024","0,946","0,931","0,948","0,922","4,93M","1,83%"
"14.02.2024","0,929","0,943","0,945","0,929","3,72M","-1,64%"
"13.02.2024","0,945","0,960","0,961","0,942","7,32M","-1,25%"
"12.02.2024","0,956","0,945","0,974","0,945","10,18M","3,46%"
"09.02.2024","0,924","0,933","0,934","0,916","7,31M","-0,86%"
"08.02.2024","0,933","0,949","0,957","0,928","5,37M","-1,69%"
"07.02.2024","0,948","0,937","0,955","0,919","10,68M","1,50%"
"06.02.2024","0,934","0,905","0,939","0,905","17,62M","6,80%"
"05.02.2024","0,875","0,897","0,905","0,875","8,11M","-1,13%"
"02.02.2024","0,885","0,882","0,893","0,872","7,06M","0,51%"
"01.02.2024","0,881","0,872","0,896","0,860","7,51M","-0,79%"
"31.01.2024","0,887","0,882","0,901","0,882","6,14M","0,91%"
"30.01.2024","0,879","0,862","0,882","0,861","4,47M","1,62%"
"29.01.2024","0,865","0,871","0,874","0,859","3,94M","-0,80%"
"26.01.2024","0,873","0,864","0,873","0,862","5,26M","1,28%"
"25.01.2024","0,862","0,875","0,875","0,858","8,26M","-2,16%"
"24.01.2024","0,881","0,874","0,882","0,868","5,86M","1,62%"
"23.01.2024","0,867","0,861","0,870","0,849","15,71M","1,23%"
"22.01.2024","0,856","0,845","0,869","0,845","8,08M","2,03%"
"19.01.2024","0,839","0,875","0,880","0,834","26,83M","-5,46%"
"18.01.2024","0,887","0,883","0,893","0,873","5,47M","0,40%"
"17.01.2024","0,884","0,893","0,893","0,879","6,94M","-1,72%"
"16.01.2024","0,900","0,905","0,906","0,893","7,04M","-1,05%"
"15.01.2024","0,909","0,909","0,913","0,904","3,17M","0,44%"
"12.01.2024","0,905","0,902","0,914","0,902","6,57M","0,39%"
"11.01.2024","0,901","0,914","0,918","0,901","5,69M","-0,99%"
"10.01.2024","0,910","0,925","0,925","0,910","5,58M","-1,89%"
"09.01.2024","0,928","0,940","0,940","0,922","7,56M","-1,01%"
"08.01.2024","0,938","0,925","0,939","0,923","6,04M","1,52%"
"05.01.2024","0,924","0,920","0,925","0,910","8,43M","0,33%"
"04.01.2024","0,920","0,900","0,922","0,900","6,15M","1,83%"
"03.01.2024","0,904","0,920","0,925","0,903","5,48M","-1,15%"
"02.01.2024","0,914","0,900","0,919","0,900","15,79M","2,75%"
"29.12.2023","0,890","0,890","0,895","0,888","5,09M","-0,17%"
"28.12.2023","0,891","0,907","0,907","0,887","7,23M","-1,44%"
"27.12.2023","0,905","0,895","0,906","0,891","6,21M","1,06%"
"22.12.2023","0,895","0,902","0,905","0,893","4,72M","-0,56%"
"21.12.2023","0,900","0,896","0,902","0,891","6,86M","0,11%"
"20.12.2023","0,899","0,910","0,912","0,896","9,44M","-0,94%"
"19.12.2023","0,908","0,902","0,908","0,900","12,62M","0,00%"
"18.12.2023","0,908","0,919","0,921","0,905","9,36M","-1,20%"
"15.12.2023","0,919","0,930","0,933","0,916","21,30M","-1,02%"
"14.12.2023","0,928","0,947","0,947","0,923","8,79M","-0,75%"
"13.12.2023","0,935","0,939","0,946","0,934","12,48M","-0,53%"
"12.12.2023","0,940","0,964","0,965","0,940","12,55M","-2,44%"
"11.12.2023","0,964","0,970","0,976","0,959","12,98M","-1,73%"
"08.12.2023","0,980","0,984","0,984","0,969","6,86M","0,36%"
"07.12.2023","0,977","1,007","1,010","0,974","14,43M","-3,08%"
"06.12.2023","1,008","1,022","1,023","1,006","9,26M","-0,79%"
"05.12.2023","1,016","1,010","1,023","1,010","6,63M","-0,49%"
"04.12.2023","1,021","1,024","1,032","1,019","5,55M","-0,20%"
"01.12.2023","1,023","1,027","1,027","1,017","3,75M","0,39%"
"30.11.2023","1,019","1,042","1,043","1,019","6,59M","-1,64%"
"29.11.2023","1,036","1,037","1,044","1,031","5,71M","0,00%"
"28.11.2023","1,036","1,012","1,036","1,008","6,79M","1,87%"
"27.11.2023","1,017","1,024","1,028","1,017","3,15M","-0,29%"
"24.11.2023","1,020","1,030","1,038","1,019","5,23M","-0,78%"
"23.11.2023","1,028","1,001","1,028","1,000","12,55M","3,32%"
"22.11.2023","0,995","1,005","1,005","0,995","7,98M","-0,25%"
"21.11.2023","0,998","1,009","1,010","0,996","5,68M","-1,14%"
"20.11.2023","1,009","1,010","1,013","1,008","6,18M","0,70%"
"17.11.2023","1,002","1,015","1,016","0,999","11,41M","-0,30%"
"16.11.2023","1,005","1,009","1,016","1,005","4,05M","-0,40%"
"15.11.2023","1,009","1,017","1,019","1,008","5,68M","-0,39%"
"14.11.2023","1,013","1,010","1,019","0,999","10,21M","-0,69%"
"13.11.2023","1,020","1,019","1,022","1,012","7,22M","1,59%"
"10.11.2023","1,004","1,018","1,024","1,002","5,97M","-1,57%"
"09.11.2023","1,020","1,009","1,026","1,009","7,74M","0,89%"
"08.11.2023","1,011","0,993","1,013","0,990","4,60M","1,51%"
"07.11.2023","0,996","1,002","1,016","0,990","5,30M","-1,39%"
"06.11.2023","1,010","1,010","1,019","1,006","5,03M","0,10%"
"03.11.2023","1,009","1,002","1,014","0,999","7,86M","1,15%"
"02.11.2023","0,998","0,983","1,001","0,983","6,70M","1,53%"
"01.11.2023","0,983","0,988","0,990","0,979","6,10M","0,05%"
"31.10.2023","0,982","0,973","1,007","0,972","92,71M","0,92%"
"30.10.2023","0,973","1,005","1,005","0,947","22,34M","-3,28%"
"27.10.2023","1,006","1,013","1,019","1,002","13,65M","-0,20%"
"26.10.2023","1,008","0,976","1,008","0,976","7,39M","2,60%"
"25.10.2023","0,983","0,980","0,985","0,967","7,32M","0,51%"
"24.10.2023","0,978","1,007","1,008","0,978","15,75M","-2,93%"
"23.10.2023","1,007","1,024","1,025","1,001","5,21M","-1,08%"
"20.10.2023","1,018","1,011","1,032","1,005","8,90M","0,10%"
"19.10.2023","1,017","1,001","1,020","0,991","14,23M","1,40%"
"18.10.2023","1,003","1,014","1,015","1,001","4,48M","-1,18%"
"17.10.2023","1,015","1,015","1,022","1,009","3,88M","-0,20%"
"16.10.2023","1,017","1,004","1,019","1,004","3,42M","0,99%"
"13.10.2023","1,007","1,036","1,039","1,001","9,50M","-3,17%"
"12.10.2023","1,040","1,040","1,043","1,037","2,93M","0,48%"
"11.10.2023","1,035","1,021","1,038","1,021","4,89M","1,07%"
"10.10.2023","1,024","1,012","1,027","1,012","5,72M","1,79%"
"09.10.2023","1,006","1,010","1,020","1,001","6,40M","-1,47%"
"06.10.2023","1,021","1,014","1,032","1,014","5,97M","0,69%"
"05.10.2023","1,014","1,008","1,016","0,996","4,67M","1,45%"
"04.10.2023","0,999","1,008","1,012","0,996","10,07M","-0,84%"
"03.10.2023","1,008","1,025","1,041","1,007","7,15M","-2,33%"
"02.10.2023","1,032","1,024","1,058","1,024","10,17M","1,28%"
"29.09.2023","1,019","1,022","1,026","1,012","6,43M","-0,29%"
"28.09.2023","1,022","1,003","1,024","0,998","6,52M","1,59%"
"27.09.2023","1,006","1,005","1,038","1,001","12,48M","0,50%"
"26.09.2023","1,001","1,001","1,008","0,990","5,74M","0,15%"
"25.09.2023","0,999","1,000","1,013","0,995","8,18M","-0,25%"
"22.09.2023","1,002","1,006","1,012","0,996","5,03M","-0,50%"
"21.09.2023","1,007","1,010","1,012","0,996","8,52M","-0,89%"
"20.09.2023","1,016","1,012","1,021","1,010","4,30M","0,59%"
"19.09.2023","1,010","0,998","1,013","0,998","3,56M","1,41%"
"18.09.2023","0,996","1,005","1,010","0,993","6,42M","-0,99%"
"15.09.2023","1,006","1,026","1,026","1,003","5,78M","-1,57%"
"14.09.2023","1,022","1,004","1,025","0,996","3,18M","1,19%"
"13.09.2023","1,010","1,020","1,025","1,006","3,24M","-0,98%"
"12.09.2023","1,020","1,016","1,021","1,010","3,92M","0,89%"
"11.09.2023","1,011","1,010","1,018","1,002","4,61M","1,61%"
"08.09.2023","0,995","0,986","0,996","0,975","4,13M","1,43%"
"07.09.2023","0,981","0,983","0,995","0,978","6,87M","-0,41%"
"06.09.2023","0,985","1,008","1,011","0,982","8,17M","-2,38%"
"05.09.2023","1,009","1,014","1,022","1,006","4,37M","0,00%"
"04.09.2023","1,009","1,029","1,029","1,007","3,14M","-0,49%"
"01.09.2023","1,014","1,025","1,036","1,012","3,83M","-0,59%"
"31.08.2023","1,020","1,060","1,062","1,020","6,32M","-3,68%"
"30.08.2023","1,059","1,040","1,066","1,040","6,74M","1,83%"
"29.08.2023","1,040","1,035","1,040","1,029","6,83M","0,97%"
"28.08.2023","1,030","1,026","1,035","1,024","1,34M","1,28%"
"25.08.2023","1,017","1,013","1,027","1,013","4,27M","0,10%"
"24.08.2023","1,016","1,019","1,020","1,009","2,55M","0,89%"
"23.08.2023","1,007","1,020","1,023","1,006","3,31M","-0,89%"
"22.08.2023","1,016","1,019","1,023","1,014","3,26M","0,30%"
"21.08.2023","1,013","1,012","1,022","1,010","3,30M","0,50%"
"18.08.2023","1,008","1,026","1,026","1,001","6,01M","-0,98%"
"17.08.2023","1,018","1,024","1,036","1,018","5,43M","-0,59%"
"16.08.2023","1,024","1,019","1,029","1,017","2,70M","-0,29%"
"15.08.2023","1,027","1,043","1,043","1,021","4,54M","-1,15%"
"14.08.2023","1,039","1,009","1,047","1,008","8,38M","2,87%"
"11.08.2023","1,010","1,013","1,019","1,008","8,36M","-0,10%"
"10.08.2023","1,011","1,006","1,012","0,998","7,39M","1,30%"
"09.08.2023","0,998","1,013","1,015","0,992","9,43M","0,10%"
"08.08.2023","0,997","1,015","1,020","0,979","14,68M","-2,45%"
"07.08.2023","1,022","1,023","1,027","1,010","11,74M","-0,10%"
"04.08.2023","1,023","1,024","1,029","1,014","10,04M","0,79%"
"03.08.2023","1,015","1,003","1,016","0,996","16,84M","1,60%"
"02.08.2023","0,999","1,000","1,005","0,982","215,31M","-5,84%"
"01.08.2023","1,061","1,060","1,078","1,057","4,26M","0,09%"
"31.07.2023","1,060","1,076","1,087","1,060","2,96M","-1,67%"
"28.07.2023","1,078","1,074","1,105","1,072","8,64M","0,65%"
"27.07.2023","1,071","1,030","1,071","1,023","12,35M","4,59%"
"26.07.2023","1,024","1,004","1,024","1,004","4,30M","1,79%"
"25.07.2023","1,006","1,005","1,009","0,998","2,41M","0,50%"
"24.07.2023","1,001","0,982","1,001","0,967","5,11M","-0,79%"
"21.07.2023","1,009","1,007","1,016","0,999","3,54M","-0,59%"
"20.07.2023","1,015","1,000","1,018","0,999","4,05M","1,40%"
"19.07.2023","1,001","0,995","1,001","0,990","3,88M","0,65%"
"18.07.2023","0,994","0,985","0,994","0,977","3,58M","1,58%"
"17.07.2023","0,979","0,970","0,982","0,970","4,45M","0,51%"
"14.07.2023","0,974","0,982","0,988","0,974","4,97M","-1,22%"
"13.07.2023","0,986","0,986","0,992","0,974","4,37M","0,31%"
"12.07.2023","0,983","0,982","0,988","0,970","5,36M","0,61%"
"11.07.2023","0,977","0,969","0,980","0,962","5,27M","1,82%"
"10.07.2023","0,960","0,951","0,967","0,940","3,65M","0,47%"
"07.07.2023","0,955","0,920","0,960","0,919","8,72M","3,75%"
"06.07.2023","0,920","0,935","0,937","0,920","5,19M","-2,44%"
"05.07.2023","0,943","0,960","0,960","0,941","5,23M","-1,97%"
"04.07.2023","0,962","0,979","0,987","0,961","6,11M","-1,28%"
"03.07.2023","0,975","0,964","0,978","0,962","6,96M","1,25%"
"30.06.2023","0,963","0,958","0,974","0,957","8,62M","0,57%"
"29.06.2023","0,957","0,935","0,959","0,935","5,59M","2,41%"
"28.06.2023","0,935","0,927","0,937","0,924","3,56M","0,97%"
"27.06.2023","0,926","0,920","0,926","0,911","5,75M","1,48%"
"26.06.2023","0,913","0,906","0,918","0,889","5,15M","0,55%"
"23.06.2023","0,908","0,918","0,921","0,905","5,00M","-2,21%"
"22.06.2023","0,928","0,936","0,938","0,920","7,46M","-1,38%"
"21.06.2023","0,941","0,944","0,950","0,938","2,96M","0,43%"
"20.06.2023","0,937","0,939","0,946","0,933","2,70M","-0,48%"
"19.06.2023","0,942","0,944","0,959","0,939","7,57M","-0,26%"
"16.06.2023","0,944","0,938","0,953","0,933","6,65M","0,59%"
"15.06.2023","0,938","0,938","0,942","0,929","3,62M","-0,16%"
"14.06.2023","0,940","0,924","0,948","0,920","4,24M","0,86%"
"13.06.2023","0,932","0,937","0,938","0,923","3,27M","-0,16%"
"12.06.2023","0,933","0,936","0,941","0,923","3,62M","0,70%"
"09.06.2023","0,927","0,939","0,939","0,923","3,71M","-0,86%"
"08.06.2023","0,935","0,920","0,939","0,920","4,84M","1,63%"
"07.06.2023","0,920","0,917","0,930","0,914","2,56M","0,16%"
"06.06.2023","0,919","0,918","0,921","0,907","2,28M","0,33%"
"05.06.2023","0,915","0,934","0,934","0,911","2,81M","-0,70%"
"02.06.2023","0,922","0,911","0,924","0,910","4,93M","1,77%"
"01.06.2023","0,906","0,900","0,921","0,900","5,37M","1,68%"
"31.05.2023","0,891","0,913","0,923","0,881","12,81M","-2,94%"
"30.05.2023","0,918","0,928","0,938","0,918","3,30M","-0,92%"
"29.05.2023","0,927","0,941","0,947","0,918","3,15M","-0,38%"
"26.05.2023","0,930","0,944","0,944","0,919","4,96M","-0,53%"
"25.05.2023","0,935","0,928","0,939","0,917","6,40M","0,32%"
"24.05.2023","0,932","0,940","0,945","0,928","4,27M","-1,95%"
"23.05.2023","0,951","0,950","0,956","0,944","3,20M","0,21%"
"22.05.2023","0,948","0,933","0,950","0,932","4,95M","1,50%"
"19.05.2023","0,934","0,933","0,939","0,928","5,04M","0,48%"
"18.05.2023","0,930","0,923","0,933","0,923","5,88M","-0,32%"
"17.05.2023","0,933","0,916","0,934","0,916","6,96M","0,92%"
"16.05.2023","0,924","0,920","0,930","0,918","4,99M","-0,38%"
"15.05.2023","0,928","0,928","0,932","0,917","3,47M","0,27%"
"12.05.2023","0,925","0,920","0,929","0,918","6,86M","1,15%"
"11.05.2023","0,915","0,925","0,927","0,906","6,81M","-0,76%"
"10.05.2023","0,922","0,929","0,934","0,919","3,37M","0,22%"
"09.05.2023","0,920","0,924","0,928","0,914","2,80M","-0,33%"
"08.05.2023","0,923","0,914","0,924","0,907","3,75M","2,78%"
"05.05.2023","0,898","0,900","0,913","0,890","5,10M","1,07%"
"04.05.2023","0,888","0,903","0,914","0,879","11,87M","-3,11%"
"03.05.2023","0,917","0,902","0,924","0,900","7,83M","1,16%"
"02.05.2023","0,906","0,919","0,943","0,906","10,63M","-1,41%"
"28.04.2023","0,919","0,967","0,967","0,911","31,02M","-9,94%"
"27.04.2023","1,021","1,008","1,023","1,000","4,38M","1,49%"
"26.04.2023","1,006","0,992","1,008","0,965","6,69M","0,85%"
"25.04.2023","0,998","1,006","1,006","0,993","6,73M","-1,63%"
"24.04.2023","1,014","1,012","1,017","1,004","3,91M","-0,29%"
"21.04.2023","1,017","1,029","1,029","1,007","6,43M","-1,17%"
"20.04.2023","1,029","1,054","1,079","1,026","7,39M","-1,63%"
"19.04.2023","1,046","1,030","1,048","1,020","5,17M","1,36%"
"18.04.2023","1,032","1,028","1,045","1,028","5,46M","0,58%"
"17.04.2023","1,026","1,025","1,037","1,020","9,32M","0,98%"
"14.04.2023","1,016","1,001","1,020","0,988","7,39M","2,32%"
"13.04.2023","0,993","0,994","0,996","0,974","6,06M","0,15%"
"12.04.2023","0,992","1,005","1,010","0,990","8,07M","-4,48%"
"11.04.2023","1,038","1,026","1,042","1,022","14,13M","2,27%"
"06.04.2023","1,015","0,992","1,016","0,990","6,13M","3,15%"
"05.04.2023","0,984","1,000","1,004","0,976","7,18M","-0,51%"
"04.04.2023","0,989","1,010","1,010","0,985","4,87M","-1,10%"
"03.04.2023","1,000","1,005","1,014","0,985","7,36M","1,21%"
"31.03.2023","0,988","1,007","1,007","0,983","5,17M","-1,59%"
"30.03.2023","1,004","1,001","1,012","0,988","5,74M","1,62%"
"29.03.2023","0,988","0,976","0,996","0,972","4,40M","1,91%"
"28.03.2023","0,970","0,984","0,996","0,962","7,29M","0,21%"
"27.03.2023","0,967","0,970","0,990","0,947","9,32M","1,15%"
"24.03.2023","0,956","0,991","0,993","0,938","12,84M","-4,06%"
"23.03.2023","0,997","1,010","1,022","0,997","7,80M","-2,25%"
"22.03.2023","1,020","1,041","1,052","1,013","12,78M","-2,21%"
"21.03.2023","1,043","1,018","1,054","1,011","9,94M","4,67%"
"20.03.2023","0,997","0,970","1,012","0,920","16,58M","0,91%"
"17.03.2023","0,988","1,021","1,035","0,977","15,83M","-1,74%"
"16.03.2023","1,005","1,044","1,068","0,992","16,52M","-1,76%"
"15.03.2023","1,023","1,096","1,096","1,012","15,77M","-6,06%"
"14.03.2023","1,089","1,060","1,106","1,040","18,34M","2,06%"
"13.03.2023","1,067","1,147","1,149","1,062","20,69M","-7,78%"
"10.03.2023","1,157","1,153","1,161","1,122","14,96M","-2,53%"
"09.03.2023","1,187","1,210","1,210","1,185","5,67M","-1,74%"
"08.03.2023","1,208","1,199","1,218","1,193","4,71M","0,50%"
"07.03.2023","1,202","1,216","1,219","1,198","5,38M","-1,15%"
"06.03.2023","1,216","1,207","1,224","1,204","7,95M","1,67%"
"03.03.2023","1,196","1,180","1,196","1,176","4,59M","1,53%"
"02.03.2023","1,178","1,180","1,185","1,168","5,74M","-0,67%"
"01.03.2023","1,186","1,211","1,213","1,182","9,53M","-1,98%"
"28.02.2023","1,210","1,170","1,220","1,160","16,69M","2,72%"
"27.02.2023","1,178","1,175","1,194","1,169","7,08M","0,68%"
"24.02.2023","1,170","1,172","1,177","1,158","4,83M","0,09%"
"23.02.2023","1,169","1,148","1,172","1,144","6,47M","2,27%"
"22.02.2023","1,143","1,165","1,166","1,139","7,63M","-2,81%"
"21.02.2023","1,176","1,176","1,179","1,158","4,43M","0,00%"
"20.02.2023","1,176","1,193","1,205","1,172","5,72M","-0,42%"
"17.02.2023","1,181","1,155","1,184","1,155","10,06M","1,37%"
"16.02.2023","1,165","1,160","1,170","1,156","8,43M","0,69%"
"15.02.2023","1,157","1,166","1,166","1,143","5,27M","-0,52%"
"14.02.2023","1,163","1,164","1,169","1,147","6,90M","0,26%"
"13.02.2023","1,160","1,140","1,171","1,134","9,19M","2,47%"
"10.02.2023","1,132","1,135","1,153","1,128","5,65M","-0,53%"
"09.02.2023","1,138","1,128","1,159","1,124","10,73M","1,16%"
"08.02.2023","1,125","1,140","1,142","1,122","9,25M","-0,53%"
"07.02.2023","1,131","1,117","1,135","1,114","7,06M","1,07%"
"06.02.2023","1,119","1,130","1,138","1,113","6,89M","-1,15%"
"03.02.2023","1,132","1,143","1,152","1,110","12,51M","-0,70%"
"02.02.2023","1,140","1,142","1,178","1,126","22,66M","0,00%"
"01.02.2023","1,140","1,123","1,151","1,100","22,45M","1,15%"
"31.01.2023","1,127","1,186","1,186","1,121","50,46M","-9,48%"
"30.01.2023","1,245","1,252","1,255","1,231","10,44M","-0,95%"
"27.01.2023","1,257","1,238","1,257","1,231","10,43M","1,62%"
"26.01.2023","1,237","1,205","1,246","1,205","14,90M","3,51%"
"25.01.2023","1,195","1,199","1,201","1,186","3,60M","-0,42%"
"24.01.2023","1,200","1,195","1,205","1,181","4,35M","0,67%"
"23.01.2023","1,192","1,195","1,205","1,188","3,67M","-0,08%"
"20.01.2023","1,193","1,180","1,199","1,178","6,83M","1,45%"
"19.01.2023","1,176","1,195","1,201","1,163","9,17M","-2,00%"
"18.01.2023","1,200","1,200","1,219","1,193","10,47M","-0,83%"
"17.01.2023","1,210","1,215","1,230","1,205","6,56M","-0,41%"
"16.01.2023","1,215","1,240","1,240","1,200","7,87M","-2,02%"
"13.01.2023","1,240","1,205","1,240","1,205","9,06M","2,99%"
"12.01.2023","1,204","1,198","1,213","1,178","10,17M","1,26%"
"11.01.2023","1,189","1,221","1,228","1,188","9,50M","-2,06%"
"10.01.2023","1,214","1,180","1,227","1,180","10,26M","2,27%"
"09.01.2023","1,187","1,222","1,229","1,172","16,56M","-1,66%"
"06.01.2023","1,207","1,180","1,217","1,179","9,56M","4,05%"
"05.01.2023","1,160","1,125","1,167","1,115","6,62M","3,20%"
"04.01.2023","1,124","1,089","1,128","1,089","6,80M","3,79%"
"03.01.2023","1,083","1,056","1,085","1,056","6,22M","2,56%"
"02.01.2023","1,056","1,042","1,057","1,030","2,59M","2,42%"
"30.12.2022","1,031","1,058","1,058","1,028","2,82M","-2,55%"
"29.12.2022","1,058","1,063","1,065","1,046","3,85M","-0,28%"
"28.12.2022","1,061","1,047","1,067","1,031","6,10M","1,73%"
"27.12.2022","1,043","1,050","1,067","1,040","5,29M","-0,10%"
"23.12.2022","1,044","1,014","1,048","1,014","24,60M","2,55%"
"22.12.2022","1,018","1,018","1,031","1,015","5,10M","0,20%"
"21.12.2022","1,016","0,998","1,020","0,980","5,15M","2,52%"
"20.12.2022","0,991","0,943","1,020","0,941","10,93M","5,48%"
"19.12.2022","0,939","0,948","0,959","0,930","3,66M","-0,27%"
"16.12.2022","0,942","0,923","0,952","0,920","5,15M","1,45%"
"15.12.2022","0,928","0,950","0,951","0,920","4,37M","-3,23%"
"14.12.2022","0,960","0,947","0,960","0,937","3,63M","1,64%"
"13.12.2022","0,944","0,921","0,957","0,921","6,96M","1,89%"
"12.12.2022","0,927","0,944","0,944","0,926","1,52M","-1,23%"
"09.12.2022","0,938","0,927","0,942","0,920","2,72M","0,48%"
"08.12.2022","0,933","0,937","0,937","0,928","1,09M","-0,32%"
"07.12.2022","0,937","0,942","0,946","0,933","1,88M","0,00%"
"06.12.2022","0,937","0,940","0,943","0,930","1,57M","-0,90%"
"05.12.2022","0,946","0,950","0,953","0,940","1,23M","0,37%"
"02.12.2022","0,942","0,941","0,951","0,928","3,16M","-0,05%"
"01.12.2022","0,942","0,995","0,995","0,941","7,03M","-4,80%"
"30.11.2022","0,990","0,990","0,995","0,967","7,52M","0,00%"
"29.11.2022","0,990","0,988","0,992","0,980","2,37M","0,46%"
"28.11.2022","0,986","0,980","1,002","0,950","2,51M","-0,60%"
"25.11.2022","0,992","0,990","0,995","0,983","1,29M","0,35%"
"24.11.2022","0,988","0,990","1,000","0,980","2,73M","-0,35%"
"23.11.2022","0,992","0,990","1,009","0,990","2,97M","0,10%"
"22.11.2022","0,991","0,971","0,995","0,965","5,70M","2,01%"
"21.11.2022","0,971","0,960","0,975","0,960","4,89M","1,20%"
"18.11.2022","0,960","0,950","0,966","0,950","2,99M","1,05%"
"17.11.2022","0,950","0,953","0,956","0,946","4,40M","-0,37%"
"16.11.2022","0,953","0,951","0,957","0,948","2,57M","0,00%"
"15.11.2022","0,953","0,938","0,959","0,938","2,26M","1,33%"
"14.11.2022","0,941","0,920","0,951","0,920","3,09M","2,28%"
"11.11.2022","0,920","0,943","0,943","0,920","3,71M","-2,34%"
"10.11.2022","0,942","0,935","0,954","0,927","4,27M","-0,05%"
"09.11.2022","0,942","0,940","0,948","0,930","2,06M","0,27%"
"08.11.2022","0,940","0,920","0,941","0,920","3,43M","1,73%"
"07.11.2022","0,924","0,920","0,936","0,919","2,67M","0,43%"
"04.11.2022","0,920","0,919","0,932","0,918","3,76M","0,00%"
"03.11.2022","0,920","0,890","0,922","0,885","3,93M","3,25%"
"02.11.2022","0,891","0,895","0,913","0,890","3,24M","-0,39%"
"01.11.2022","0,895","0,909","0,916","0,895","2,62M","-0,17%"
"31.10.2022","0,896","0,895","0,904","0,887","2,70M","0,79%"
"28.10.2022","0,889","0,920","0,920","0,861","9,35M","-3,37%"
"27.10.2022","0,920","0,960","0,961","0,873","14,94M","-3,82%"
"26.10.2022","0,956","0,972","0,977","0,956","2,10M","-1,03%"
"25.10.2022","0,966","0,987","0,989","0,964","1,99M","-1,33%"
"24.10.2022","0,979","0,984","0,997","0,969","1,81M","0,51%"
"21.10.2022","0,975","0,977","0,997","0,963","1,39M","-1,81%"
"20.10.2022","0,993","0,953","1,000","0,952","2,35M","4,47%"
"19.10.2022","0,950","0,958","0,961","0,943","1,17M","0,00%"
"18.10.2022","0,950","0,949","0,957","0,928","2,68M","2,32%"
"17.10.2022","0,928","0,914","0,935","0,914","1,79M","1,37%"
"14.10.2022","0,915","0,925","0,931","0,911","1,71M","0,66%"
"13.10.2022","0,910","0,883","0,913","0,883","2,96M","2,02%"
"12.10.2022","0,891","0,902","0,902","0,863","1,60M","-0,89%"
"11.10.2022","0,900","0,915","0,915","0,887","2,26M","-1,85%"
"10.10.2022","0,916","0,959","0,960","0,915","982,47K","-2,08%"
"07.10.2022","0,936","0,950","0,950","0,924","1,45M","0,86%"
"06.10.2022","0,928","0,947","0,952","0,925","1,27M","-1,59%"
"05.10.2022","0,943","0,969","0,969","0,935","1,54M","-1,77%"
"04.10.2022","0,960","0,952","0,964","0,942","2,44M","2,84%"
"03.10.2022","0,933","0,924","0,936","0,910","2,26M","0,76%"
"30.09.2022","0,927","0,920","0,935","0,910","1,88M","0,87%"
"29.09.2022","0,919","0,942","0,950","0,905","3,31M","-2,55%"
"28.09.2022","0,942","0,971","0,971","0,931","4,69M","-2,84%"
"27.09.2022","0,970","1,036","1,046","0,961","3,92M","-5,83%"
"26.09.2022","1,030","1,026","1,045","0,996","4,40M","-1,15%"
"23.09.2022","1,042","1,050","1,059","1,022","4,12M","-1,42%"
"22.09.2022","1,057","1,000","1,070","1,000","4,85M","4,24%"
"21.09.2022","1,014","1,010","1,017","0,990","1,76M","-0,20%"
"20.09.2022","1,016","1,007","1,026","1,000","2,04M","0,79%"
"19.09.2022","1,008","0,998","1,015","0,990","1,16M","0,95%"
"16.09.2022","0,998","0,996","0,998","0,977","2,09M","-1,14%"
"15.09.2022","1,010","0,970","1,012","0,969","6,84M","5,43%"
"14.09.2022","0,958","0,932","0,973","0,932","2,18M","0,10%"
"13.09.2022","0,957","0,961","0,974","0,922","2,78M","-1,85%"
"12.09.2022","0,975","0,933","0,977","0,933","4,21M","4,06%"
"09.09.2022","0,937","0,901","0,946","0,897","4,73M","4,00%"
"08.09.2022","0,901","0,874","0,906","0,863","2,64M","4,46%"
"07.09.2022","0,863","0,864","0,870","0,848","1,17M","0,52%"
"06.09.2022","0,858","0,864","0,872","0,845","1,11M","0,76%"
"05.09.2022","0,851","0,855","0,858","0,841","1,37M","-2,24%"
"02.09.2022","0,871","0,859","0,875","0,846","1,53M","1,87%"
"01.09.2022","0,855","0,893","0,893","0,849","2,01M","-4,63%"
"31.08.2022","0,896","0,873","0,899","0,871","5,07M","4,43%"
"30.08.2022","0,859","0,858","0,888","0,858","1,77M","0,06%"
"29.08.2022","0,858","0,840","0,862","0,833","870,55K","1,60%"
"26.08.2022","0,845","0,851","0,865","0,843","1,65M","-1,34%"
"25.08.2022","0,856","0,877","0,877","0,852","761,07K","-1,50%"
"24.08.2022","0,869","0,860","0,874","0,854","791,15K","0,00%"
"23.08.2022","0,869","0,865","0,875","0,860","1,05M","1,05%"
"22.08.2022","0,860","0,880","0,883","0,854","2,13M","-2,49%"
"19.08.2022","0,882","0,916","0,916","0,880","1,01M","-2,70%"
"18.08.2022","0,906","0,902","0,916","0,892","1,66M","0,61%"
"17.08.2022","0,901","0,922","0,926","0,891","1,95M","-1,26%"
"16.08.2022","0,913","0,900","0,922","0,900","1,27M","1,90%"
"15.08.2022","0,896","0,913","0,918","0,891","710,27K","-1,81%"
"12.08.2022","0,912","0,890","0,914","0,890","2,82M","1,50%"
"11.08.2022","0,899","0,900","0,902","0,890","1,18M","0,73%"
"10.08.2022","0,892","0,882","0,900","0,882","1,78M","-0,39%"
"09.08.2022","0,896","0,884","0,903","0,875","1,87M","0,45%"
"08.08.2022","0,891","0,882","0,899","0,872","1,82M","1,71%"
"05.08.2022","0,877","0,860","0,882","0,855","1,44M","2,39%"
"04.08.2022","0,856","0,859","0,870","0,855","1,61M","-0,58%"
"03.08.2022","0,861","0,862","0,873","0,848","1,92M","-1,99%"
"02.08.2022","0,878","0,845","0,887","0,845","1,67M","3,29%"
"01.08.2022","0,850","0,855","0,876","0,845","1,58M","0,71%"
"29.07.2022","0,845","0,887","0,887","0,840","2,26M","-2,26%"
"28.07.2022","0,864","0,891","0,905","0,836","3,41M","-4,79%"
"27.07.2022","0,908","0,900","0,918","0,877","3,02M","4,13%"
"26.07.2022","0,872","0,869","0,883","0,854","1,61M","-0,91%"
"25.07.2022","0,879","0,823","0,887","0,823","2,89M","4,83%"
"22.07.2022","0,839","0,826","0,857","0,822","2,43M","-0,89%"
"21.07.2022","0,846","0,821","0,856","0,805","3,66M","1,62%"
"20.07.2022","0,833","0,850","0,858","0,817","2,18M","-2,00%"
"19.07.2022","0,850","0,826","0,850","0,807","2,19M","4,42%"
"18.07.2022","0,814","0,800","0,828","0,800","2,59M","2,97%"
"15.07.2022","0,790","0,775","0,803","0,770","2,96M","2,53%"
"14.07.2022","0,771","0,779","0,789","0,769","1,98M","-0,13%"
"13.07.2022","0,772","0,791","0,791","0,753","3,65M","0,26%"
"12.07.2022","0,770","0,826","0,842","0,764","34,22M","-7,67%"
"11.07.2022","0,834","0,824","0,837","0,820","4,49M","0,36%"
"08.07.2022","0,831","0,844","0,844","0,816","1,85M","-0,30%"
"07.07.2022","0,834","0,834","0,840","0,821","4,24M","2,21%"
"06.07.2022","0,816","0,857","0,869","0,816","3,40M","-4,40%"
"05.07.2022","0,853","0,914","0,914","0,852","2,25M","-5,01%"
"04.07.2022","0,898","0,900","0,909","0,890","2,39M","-0,83%"
"01.07.2022","0,905","0,913","0,944","0,904","1,96M","-3,00%"
"30.06.2022","0,933","0,935","0,940","0,900","2,94M","-2,25%"
"29.06.2022","0,955","0,950","0,958","0,942","1,28M","-0,57%"
"28.06.2022","0,961","0,950","0,972","0,948","2,65M","2,13%"
"27.06.2022","0,941","0,943","0,961","0,933","1,46M","0,21%"
"24.06.2022","0,938","0,923","0,944","0,912","1,05M","0,97%"
"23.06.2022","0,929","0,961","0,982","0,925","2,96M","-4,91%"
"22.06.2022","0,978","0,957","0,985","0,956","1,88M","-0,86%"
"21.06.2022","0,986","0,987","1,005","0,971","6,92M","0,61%"
"20.06.2022","0,980","0,900","0,983","0,900","6,09M","8,29%"
"17.06.2022","0,905","0,880","0,931","0,879","3,28M","3,31%"
"16.06.2022","0,876","0,881","0,888","0,864","1,24M","-0,68%"
"15.06.2022","0,882","0,876","0,893","0,875","2,17M","1,79%"
"14.06.2022","0,867","0,858","0,868","0,844","2,35M","2,91%"
"13.06.2022","0,842","0,860","0,863","0,840","4,68M","-3,61%"
"10.06.2022","0,873","0,939","0,939","0,873","4,06M","-6,73%"
"09.06.2022","0,937","0,944","0,950","0,933","1,56M","-0,58%"
"08.06.2022","0,942","0,934","0,950","0,933","1,43M","0,64%"
"07.06.2022","0,936","0,934","0,950","0,929","1,51M","-1,47%"
"06.06.2022","0,950","0,923","0,951","0,923","1,81M","2,98%"
"03.06.2022","0,923","0,933","0,934","0,921","821,20K","0,11%"
"02.06.2022","0,922","0,937","0,938","0,922","1,38M","-1,29%"
"01.06.2022","0,933","0,928","0,951","0,928","2,85M","0,54%"
"31.05.2022","0,928","0,950","0,950","0,928","5,15M","-1,17%"
"30.05.2022","0,939","0,945","0,945","0,931","1,31M","1,08%"
"27.05.2022","0,929","0,950","0,950","0,924","3,86M","-1,33%"
"26.05.2022","0,942","0,930","0,945","0,930","3,24M","0,53%"
"25.05.2022","0,937","0,935","0,941","0,928","1,84M","1,02%"
"24.05.2022","0,928","0,939","0,950","0,920","2,28M","-0,96%"
"23.05.2022","0,937","0,919","0,937","0,911","2,72M","4,00%"
"20.05.2022","0,900","0,892","0,927","0,892","2,50M","1,29%"
"19.05.2022","0,889","0,890","0,893","0,871","1,73M","-1,17%"
"18.05.2022","0,900","0,910","0,919","0,891","1,85M","-0,72%"
"17.05.2022","0,906","0,873","0,906","0,872","3,95M","4,68%"
"16.05.2022","0,865","0,870","0,870","0,853","1,22M","0,41%"
"13.05.2022","0,862","0,860","0,876","0,853","1,83M","1,41%"
"12.05.2022","0,850","0,860","0,860","0,827","1,90M","-0,64%"
"11.05.2022","0,855","0,860","0,861","0,829","1,81M","0,59%"
"10.05.2022","0,850","0,840","0,869","0,840","2,26M","1,67%"
"09.05.2022","0,836","0,861","0,863","0,836","2,13M","-1,82%"
"06.05.2022","0,852","0,859","0,863","0,832","1,89M","0,29%"
"05.05.2022","0,850","0,875","0,882","0,844","2,89M","-1,39%"
"04.05.2022","0,862","0,901","0,901","0,858","1,92M","-3,31%"
"03.05.2022","0,891","0,892","0,895","0,877","1,47M","2,24%"
"02.05.2022","0,872","0,897","0,900","0,863","1,75M","-3,27%"
"29.04.2022","0,901","0,870","0,904","0,863","4,05M","6,00%"
"28.04.2022","0,850","0,860","0,878","0,843","2,24M","1,19%"
"27.04.2022","0,840","0,905","0,905","0,830","7,50M","-4,92%"
"26.04.2022","0,883","0,945","0,947","0,882","3,05M","-5,31%"
"25.04.2022","0,933","0,921","0,946","0,910","2,56M","-0,74%"
"22.04.2022","0,940","0,924","0,965","0,906","3,20M","-0,32%"
"21.04.2022","0,943","0,924","0,955","0,923","3,15M","1,29%"
"20.04.2022","0,931","0,881","0,934","0,880","4,84M","5,50%"
"19.04.2022","0,882","0,865","0,892","0,853","3,82M","1,96%"
"14.04.2022","0,865","0,862","0,865","0,844","61,93M","2,30%"
"13.04.2022","0,846","0,846","0,847","0,829","1,63M","1,56%"
"12.04.2022","0,833","0,833","0,846","0,810","4,41M","-0,18%"
"11.04.2022","0,835","0,857","0,866","0,834","2,94M","-1,13%"
"08.04.2022","0,844","0,860","0,872","0,840","4,23M","0,00%"
"07.04.2022","0,844","0,822","0,863","0,800","21,48M","4,33%"
"06.04.2022","0,808","0,898","0,906","0,808","9,27M","-11,59%"
"05.04.2022","0,914","0,924","0,924","0,902","4,07M","0,33%"
"04.04.2022","0,911","0,924","0,930","0,910","3,45M","-1,41%"
"01.04.2022","0,924","0,930","0,947","0,920","103,11M","-1,96%"
"31.03.2022","0,943","0,968","0,968","0,939","13,54M","-1,05%"
"30.03.2022","0,953","0,965","0,965","0,942","2,59M","-1,45%"
"29.03.2022","0,967","0,930","0,967","0,914","3,39M","5,80%"
"28.03.2022","0,914","0,911","0,948","0,905","3,15M","-0,65%"
"25.03.2022","0,920","0,935","0,935","0,904","3,88M","-0,27%"
"24.03.2022","0,923","0,956","0,956","0,911","3,17M","-0,65%"
"23.03.2022","0,928","0,944","0,949","0,925","3,34M","-1,59%"
"22.03.2022","0,943","0,932","0,953","0,924","2,81M","2,50%"
"21.03.2022","0,920","0,941","0,945","0,920","2,02M","-0,11%"
"18.03.2022","0,922","0,945","0,945","0,919","2,41M","-0,59%"
"17.03.2022","0,927","0,942","0,949","0,919","3,33M","-1,38%"
"16.03.2022","0,940","0,900","0,948","0,898","6,73M","6,64%"
"15.03.2022","0,882","0,864","0,884","0,864","2,06M","-0,23%"
"14.03.2022","0,883","0,856","0,887","0,856","3,79M","3,03%"
"11.03.2022","0,858","0,863","0,887","0,854","6,85M","-0,35%"
"10.03.2022","0,860","0,878","0,881","0,836","8,58M","-0,46%"
"09.03.2022","0,864","0,835","0,864","0,814","11,01M","9,85%"
"08.03.2022","0,787","0,743","0,807","0,740","12,88M","4,45%"
"07.03.2022","0,753","0,747","0,777","0,687","16,73M","-2,40%"
"04.03.2022","0,772","0,810","0,817","0,770","10,13M","-6,71%"
"03.03.2022","0,827","0,822","0,853","0,820","14,09M","2,22%"
"02.03.2022","0,809","0,800","0,814","0,770","12,39M","1,31%"
"01.03.2022","0,799","0,840","0,854","0,797","12,80M","-4,71%"
"28.02.2022","0,839","0,860","0,873","0,832","6,95M","-6,47%"
"25.02.2022","0,896","0,890","0,905","0,835","7,20M","3,05%"
"24.02.2022","0,870","0,937","0,946","0,865","14,58M","-9,66%"
"23.02.2022","0,963","0,979","0,995","0,961","1,72M","-1,38%"
"22.02.2022","0,976","0,959","0,987","0,930","3,40M","-0,71%"
"21.02.2022","0,984","0,997","1,003","0,976","2,52M","-0,96%"
"18.02.2022","0,993","1,000","1,019","0,993","3,51M","-1,00%"
"17.02.2022","1,003","1,030","1,031","0,998","2,55M","-2,62%"
"16.02.2022","1,030","1,043","1,047","1,018","4,30M","0,59%"
"15.02.2022","1,024","1,026","1,043","1,016","6,35M","0,10%"
"14.02.2022","1,023","1,035","1,045","0,998","4,77M","-3,12%"
"11.02.2022","1,056","1,050","1,074","1,044","3,44M","-0,38%"
"10.02.2022","1,060","1,050","1,061","1,046","14,20M","0,95%"
"09.02.2022","1,050","1,076","1,077","1,042","15,55M","-1,59%"
"08.02.2022","1,067","1,040","1,088","1,040","7,43M","2,11%"
"07.02.2022","1,045","1,039","1,056","0,996","6,83M","2,55%"
"04.02.2022","1,019","0,979","1,030","0,979","10,88M","4,57%"
"03.02.2022","0,975","0,932","0,984","0,924","5,19M","3,18%"
"02.02.2022","0,945","0,940","0,955","0,929","4,08M","1,23%"
"01.02.2022","0,933","0,918","0,937","0,918","2,21M","2,41%"
"31.01.2022","0,911","0,940","0,943","0,900","2,56M","-2,51%"
"28.01.2022","0,934","0,925","0,942","0,910","2,44M","1,36%"
"27.01.2022","0,922","0,910","0,938","0,904","2,82M","2,10%"
"26.01.2022","0,903","0,872","0,914","0,872","2,12M","3,02%"
"25.01.2022","0,877","0,870","0,892","0,865","3,32M","0,00%"
"24.01.2022","0,877","0,901","0,903","0,865","3,16M","-2,99%"
"21.01.2022","0,904","0,905","0,915","0,892","2,22M","-1,74%"
"20.01.2022","0,919","0,919","0,925","0,911","1,30M","0,11%"
"19.01.2022","0,919","0,944","0,946","0,914","4,57M","-3,11%"
"18.01.2022","0,948","0,951","0,960","0,940","2,54M","-0,26%"
"17.01.2022","0,951","0,940","0,951","0,936","1,64M","1,22%"
"14.01.2022","0,939","0,925","0,939","0,919","2,16M","0,64%"
"13.01.2022","0,933","0,940","0,951","0,926","1,60M","-1,58%"
"12.01.2022","0,948","0,950","0,951","0,930","1,68M","0,80%"
"11.01.2022","0,941","0,939","0,948","0,929","3,07M","-0,21%"
"10.01.2022","0,942","0,950","0,954","0,937","2,00M","-1,00%"
"07.01.2022","0,952","0,948","0,955","0,934","4,40M","0,32%"
"06.01.2022","0,949","0,919","0,949","0,904","2,38M","2,98%"
"05.01.2022","0,922","0,919","0,928","0,909","2,66M","0,88%"
"04.01.2022","0,914","0,877","0,914","0,877","4,10M","3,34%"
"03.01.2022","0,884","0,862","0,885","0,862","1,73M","1,73%"
"30.12.2021","0,869","0,853","0,873","0,853","2,70M","0,64%"
"29.12.2021","0,863","0,849","0,865","0,842","2,21M","1,35%"
"28.12.2021","0,852","0,849","0,854","0,837","1,71M","1,43%"
"27.12.2021","0,840","0,835","0,843","0,830","3,12M","-0,65%"
"23.12.2021","0,845","0,822","0,847","0,820","1,56M","2,61%"
"22.12.2021","0,824","0,821","0,825","0,811","2,08M","1,10%"
"21.12.2021","0,815","0,790","0,817","0,783","3,48M","4,15%"
"20.12.2021","0,783","0,793","0,796","0,766","2,50M","-1,63%"
"17.12.2021","0,795","0,825","0,827","0,789","8,58M","-4,62%"
"16.12.2021","0,834","0,820","0,845","0,818","2,53M","1,96%"
"15.12.2021","0,818","0,825","0,830","0,817","1,96M","-0,18%"
"14.12.2021","0,820","0,820","0,825","0,806","2,13M","0,92%"
"13.12.2021","0,812","0,830","0,834","0,810","3,76M","-2,40%"
"10.12.2021","0,832","0,814","0,836","0,812","2,78M","3,55%"
"09.12.2021","0,803","0,814","0,822","0,803","1,56M","-0,31%"
"08.12.2021","0,806","0,811","0,812","0,787","2,87M","-0,74%"
"07.12.2021","0,812","0,813","0,814","0,799","2,89M","1,12%"
"06.12.2021","0,803","0,795","0,808","0,794","1,05M","1,52%"
"03.12.2021","0,791","0,792","0,806","0,783","2,48M","-1,62%"
"02.12.2021","0,804","0,829","0,829","0,792","1,75M","0,12%"
"01.12.2021","0,803","0,791","0,811","0,784","2,08M","3,21%"
"30.11.2021","0,778","0,767","0,785","0,760","3,17M","-0,26%"
"29.11.2021","0,780","0,803","0,803","0,774","2,55M","0,97%"
"26.11.2021","0,772","0,800","0,805","0,772","4,44M","-6,25%"
"25.11.2021","0,824","0,815","0,827","0,812","1,65M","-0,18%"
"24.11.2021","0,826","0,816","0,830","0,809","3,50M","1,29%"
"23.11.2021","0,815","0,817","0,825","0,808","3,60M","-0,67%"
"22.11.2021","0,821","0,811","0,823","0,808","3,19M","0,37%"
"19.11.2021","0,817","0,831","0,850","0,808","3,02M","-0,67%"
"18.11.2021","0,823","0,841","0,847","0,818","2,28M","-1,67%"
"17.11.2021","0,837","0,848","0,848","0,837","2,17M","-1,18%"
"16.11.2021","0,847","0,861","0,861","0,844","1,55M","-1,51%"
"15.11.2021","0,860","0,855","0,867","0,846","2,18M","0,23%"
"12.11.2021","0,858","0,862","0,868","0,854","2,57M","-1,27%"
"11.11.2021","0,869","0,886","0,886","0,861","2,51M","-0,91%"
"10.11.2021","0,877","0,883","0,886","0,871","4,77M","-0,45%"
"09.11.2021","0,881","0,890","0,890","0,877","1,56M","0,23%"
"08.11.2021","0,879","0,887","0,896","0,876","2,83M","-0,45%"
"05.11.2021","0,883","0,904","0,904","0,873","3,69M","-2,32%"
"04.11.2021","0,904","0,928","0,928","0,896","13,62M","-1,36%"
"03.11.2021","0,916","0,945","0,946","0,884","5,61M","-2,76%"
"02.11.2021","0,942","0,942","0,953","0,940","2,14M","-1,05%"
"01.11.2021","0,952","0,922","0,962","0,922","4,81M","2,97%"
"29.10.2021","0,925","0,881","0,928","0,881","3,24M","1,65%"
"28.10.2021","0,910","0,883","0,910","0,883","1,37M","2,13%"
"27.10.2021","0,891","0,896","0,902","0,889","1,66M","-1,11%"
"26.10.2021","0,901","0,901","0,908","0,893","1,09M","0,17%"
"25.10.2021","0,900","0,890","0,914","0,886","1,77M","1,58%"
"22.10.2021","0,886","0,908","0,908","0,858","3,34M","-0,45%"
"21.10.2021","0,890","0,919","0,919","0,878","3,28M","-3,21%"
"20.10.2021","0,919","0,904","0,925","0,904","2,53M","0,00%"
"19.10.2021","0,919","0,911","0,930","0,910","3,91M","1,04%"
"18.10.2021","0,910","0,905","0,915","0,905","2,14M","0,00%"
"15.10.2021","0,910","0,900","0,922","0,896","3,34M","2,77%"
"14.10.2021","0,886","0,910","0,910","0,886","2,90M","-1,12%"
"13.10.2021","0,896","0,937","0,938","0,893","4,37M","-4,38%"
"12.10.2021","0,937","0,928","0,937","0,915","2,25M","0,70%"
"11.10.2021","0,930","0,926","0,942","0,920","4,39M","1,53%"
"08.10.2021","0,916","0,920","0,934","0,915","2,30M","-0,60%"
"07.10.2021","0,922","0,910","0,928","0,904","5,22M","1,26%"
"06.10.2021","0,910","0,910","0,923","0,899","4,52M","0,89%"
"05.10.2021","0,902","0,890","0,909","0,888","2,87M","1,52%"
"04.10.2021","0,888","0,904","0,905","0,885","1,20M","-0,95%"
"01.10.2021","0,897","0,878","0,900","0,878","2,47M","-0,44%"
"30.09.2021","0,901","0,910","0,916","0,891","3,46M","-0,22%"
"29.09.2021","0,903","0,890","0,914","0,874","11,56M","1,52%"
"28.09.2021","0,890","0,910","0,931","0,888","3,50M","-3,21%"
"27.09.2021","0,919","0,890","0,920","0,881","10,41M","4,49%"
"24.09.2021","0,879","0,848","0,882","0,847","2,97M","2,99%"
"23.09.2021","0,854","0,840","0,858","0,839","2,91M","2,58%"
"22.09.2021","0,832","0,824","0,842","0,824","2,34M","1,09%"
"21.09.2021","0,823","0,844","0,848","0,818","3,21M","-0,06%"
"20.09.2021","0,824","0,826","0,831","0,812","5,47M","-2,77%"
"17.09.2021","0,848","0,817","0,854","0,817","5,72M","3,99%"
"16.09.2021","0,815","0,800","0,820","0,798","3,14M","1,87%"
"15.09.2021","0,800","0,781","0,805","0,781","2,93M","1,72%"
"14.09.2021","0,786","0,785","0,804","0,771","2,72M","2,34%"
"13.09.2021","0,768","0,786","0,786","0,766","5,97M","-1,28%"
"10.09.2021","0,779","0,796","0,797","0,776","7,94M","-2,44%"
"09.09.2021","0,798","0,802","0,802","0,781","2,73M","-0,62%"
"08.09.2021","0,803","0,811","0,820","0,803","3,61M","-2,31%"
"07.09.2021","0,822","0,809","0,825","0,799","2,19M","2,30%"
"06.09.2021","0,803","0,810","0,810","0,797","1,18M","0,44%"
"03.09.2021","0,800","0,800","0,805","0,792","1,84M","-0,31%"
"02.09.2021","0,803","0,809","0,812","0,796","1,72M","-0,99%"
"01.09.2021","0,811","0,780","0,822","0,780","5,49M","3,45%"
"31.08.2021","0,784","0,770","0,786","0,760","5,61M","3,36%"
"30.08.2021","0,758","0,774","0,774","0,748","1,62M","-1,75%"
"27.08.2021","0,771","0,760","0,775","0,760","2,24M","1,38%"
"26.08.2021","0,761","0,753","0,770","0,750","1,63M","0,00%"
"25.08.2021","0,761","0,730","0,763","0,729","2,43M","4,53%"
"24.08.2021","0,728","0,737","0,737","0,726","1,75M","-0,21%"
"23.08.2021","0,729","0,736","0,736","0,727","1,58M","0,21%"
"20.08.2021","0,728","0,724","0,729","0,713","2,61M","0,41%"
"19.08.2021","0,725","0,734","0,742","0,725","3,18M","-3,07%"
"18.08.2021","0,748","0,751","0,754","0,735","1,67M","0,40%"
"17.08.2021","0,745","0,768","0,768","0,744","2,25M","-3,56%"
"16.08.2021","0,772","0,776","0,781","0,765","1,40M","-0,58%"
"13.08.2021","0,777","0,780","0,780","0,768","1,29M","0,45%"
"12.08.2021","0,774","0,778","0,794","0,768","5,08M","-0,13%"
"11.08.2021","0,775","0,770","0,776","0,764","3,59M","1,44%"
"10.08.2021","0,763","0,759","0,767","0,747","2,73M","1,60%"
"09.08.2021","0,752","0,763","0,766","0,744","5,13M","0,00%"
"06.08.2021","0,752","0,749","0,752","0,737","2,89M","0,94%"
"05.08.2021","0,745","0,748","0,749","0,730","5,12M","-0,93%"
"04.08.2021","0,752","0,772","0,772","0,748","3,85M","-1,76%"
"03.08.2021","0,766","0,763","0,781","0,757","2,74M","-0,39%"
"02.08.2021","0,768","0,783","0,786","0,762","2,56M","-0,90%"
"30.07.2021","0,775","0,780","0,780","0,754","5,29M","0,19%"
"29.07.2021","0,774","0,753","0,775","0,743","4,37M","2,18%"
"28.07.2021","0,757","0,849","0,849","0,750","4,20M","-5,67%"
"27.07.2021","0,803","0,825","0,825","0,800","2,84M","-2,49%"
"26.07.2021","0,823","0,794","0,826","0,787","2,18M","2,23%"
"23.07.2021","0,805","0,802","0,808","0,795","1,32M","-0,25%"
"22.07.2021","0,808","0,811","0,831","0,803","1,53M","-1,16%"
"21.07.2021","0,817","0,812","0,819","0,795","2,09M","2,51%"
"20.07.2021","0,797","0,780","0,805","0,780","2,63M","1,14%"
"19.07.2021","0,788","0,803","0,803","0,783","2,00M","-1,44%"
"16.07.2021","0,799","0,827","0,829","0,790","3,11M","-2,80%"
"15.07.2021","0,822","0,821","0,834","0,803","2,70M","-0,18%"
"14.07.2021","0,824","0,832","0,834","0,820","1,34M","-0,72%"
"13.07.2021","0,830","0,898","0,898","0,830","3,15M","-0,95%"
"12.07.2021","0,838","0,834","0,841","0,823","2,14M","0,54%"
"09.07.2021","0,834","0,829","0,842","0,823","3,41M","-0,30%"
"08.07.2021","0,836","0,873","0,873","0,830","2,08M","-1,30%"
"07.07.2021","0,847","0,883","0,887","0,841","2,04M","-4,19%"
"06.07.2021","0,884","0,891","0,906","0,880","1,01M","-1,34%"
"05.07.2021","0,896","0,895","0,906","0,887","652,07K","-1,32%"
"02.07.2021","0,908","0,896","0,919","0,895","1,58M","1,79%"
"01.07.2021","0,892","0,870","0,899","0,870","2,07M","3,12%"
"30.06.2021","0,865","0,861","0,868","0,845","1,75M","0,41%"
"29.06.2021","0,862","0,879","0,879","0,853","1,61M","-0,12%"
"28.06.2021","0,863","0,863","0,883","0,863","2,56M","0,00%"
"25.06.2021","0,863","0,870","0,878","0,858","1,44M","-0,12%"
"24.06.2021","0,863","0,880","0,880","0,854","1,55M","-0,75%"
"23.06.2021","0,870","0,885","0,887","0,864","1,71M","-0,29%"
"22.06.2021","0,873","0,855","0,878","0,855","2,31M","2,77%"
"21.06.2021","0,849","0,871","0,873","0,846","3,70M","-2,97%"
"18.06.2021","0,875","0,930","0,934","0,875","5,79M","-6,82%"
"17.06.2021","0,939","0,940","0,959","0,939","835,50K","-0,11%"
"16.06.2021","0,940","0,980","0,980","0,940","1,17M","-2,89%"
"15.06.2021","0,968","0,970","0,979","0,958","1,37M","-0,92%"
"14.06.2021","0,977","0,970","0,980","0,969","1,15M","0,72%"
"11.06.2021","0,970","0,968","0,974","0,959","1,27M","0,00%"
"10.06.2021","0,970","0,952","0,979","0,952","1,89M","0,41%"
"09.06.2021","0,966","0,959","0,975","0,951","1,79M","-0,16%"
"08.06.2021","0,967","0,973","0,973","0,956","795,98K","-0,51%"
"07.06.2021","0,973","0,980","0,981","0,960","1,84M","-0,51%"
"04.06.2021","0,978","0,953","0,981","0,953","1,47M","0,36%"
"03.06.2021","0,974","0,985","0,985","0,951","2,23M","0,31%"
"02.06.2021","0,971","0,940","0,989","0,939","5,45M","3,52%"
"01.06.2021","0,938","0,920","0,939","0,911","986,08K","2,96%"
"31.05.2021","0,911","0,925","0,928","0,911","474,37K","-1,09%"
"28.05.2021","0,921","0,915","0,930","0,915","787,56K","0,11%"
"27.05.2021","0,920","0,895","0,932","0,895","6,16M","0,82%"
"26.05.2021","0,913","0,910","0,926","0,900","1,24M","-0,65%"
"25.05.2021","0,919","0,910","0,928","0,909","975,47K","0,66%"
"24.05.2021","0,913","0,910","0,917","0,895","772,40K","0,16%"
"21.05.2021","0,911","0,893","0,914","0,893","654,99K","0,66%"
"20.05.2021","0,905","0,924","0,924","0,900","1,27M","-0,49%"
"19.05.2021","0,910","0,911","0,924","0,892","1,21M","-1,14%"
"18.05.2021","0,920","0,926","0,934","0,916","1,25M","-0,38%"
"17.05.2021","0,924","0,925","0,938","0,920","868,44K","0,38%"
"14.05.2021","0,920","0,886","0,929","0,886","1,67M","2,45%"
"13.05.2021","0,898","0,911","0,911","0,882","1,13M","-0,06%"
"12.05.2021","0,899","0,910","0,915","0,887","2,27M","-0,33%"
"11.05.2021","0,901","0,890","0,906","0,874","2,68M","2,33%"
"10.05.2021","0,881","0,864","0,893","0,862","3,46M","2,68%"
"07.05.2021","0,858","0,866","0,866","0,850","1,51M","0,65%"
"06.05.2021","0,853","0,869","0,874","0,840","1,65M","-1,04%"
"05.05.2021","0,862","0,826","0,863","0,826","1,80M","5,58%"
"04.05.2021","0,816","0,816","0,848","0,813","1,42M","-2,39%"
"03.05.2021","0,836","0,829","0,836","0,813","1,15M","1,89%"
"30.04.2021","0,821","0,830","0,835","0,818","1,63M","-1,08%"
"29.04.2021","0,830","0,805","0,841","0,805","944,98K","1,22%"
"28.04.2021","0,820","0,816","0,823","0,807","1,02M","1,05%"
"27.04.2021","0,811","0,792","0,813","0,777","752,92K","2,14%"
"26.04.2021","0,794","0,782","0,794","0,771","808,07K","1,60%"
"23.04.2021","0,781","0,795","0,797","0,778","844,20K","-1,70%"
"22.04.2021","0,795","0,781","0,799","0,770","3,31M","-0,25%"
"21.04.2021","0,797","0,797","0,811","0,785","1,32M","0,00%"
"20.04.2021","0,797","0,805","0,820","0,790","1,50M","-2,27%"
"19.04.2021","0,816","0,802","0,820","0,802","1,70M","1,81%"
"16.04.2021","0,801","0,803","0,816","0,800","1,01M","-0,50%"
"15.04.2021","0,805","0,814","0,831","0,805","737,62K","-2,25%"
"14.04.2021","0,823","0,810","0,827","0,810","639,91K","0,24%"
"13.04.2021","0,822","0,837","0,837","0,819","1,01M","-0,96%"
"12.04.2021","0,830","0,830","0,837","0,809","1,37M","0,97%"
"09.04.2021","0,822","0,830","0,831","0,813","3,44M","-0,90%"
"08.04.2021","0,829","0,820","0,829","0,812","1,92M","0,42%"
"07.04.2021","0,826","0,826","0,840","0,818","2,10M","-1,26%"
"06.04.2021","0,836","0,847","0,850","0,833","1,48M","-0,24%"
"01.04.2021","0,838","0,863","0,863","0,831","3,83M","-2,27%"
"31.03.2021","0,858","0,880","0,881","0,851","2,90M","-2,28%"
"30.03.2021","0,877","0,867","0,878","0,855","3,03M","2,63%"
"29.03.2021","0,855","0,835","0,867","0,828","1,82M","1,36%"
"26.03.2021","0,844","0,830","0,848","0,829","1,74M","2,62%"
"25.03.2021","0,822","0,817","0,826","0,806","2,28M","0,31%"
"24.03.2021","0,820","0,802","0,822","0,786","2,62M","2,12%"
"23.03.2021","0,803","0,770","0,808","0,762","2,44M","5,04%"
"22.03.2021","0,764","0,780","0,780","0,760","1,42M","-1,93%"
"19.03.2021","0,779","0,789","0,789","0,767","1,76M","-1,02%"
"18.03.2021","0,787","0,780","0,793","0,780","1,66M","1,35%"
"17.03.2021","0,776","0,784","0,784","0,764","1,06M","-0,13%"
"16.03.2021","0,777","0,778","0,790","0,771","1,37M","1,30%"
"15.03.2021","0,767","0,783","0,788","0,764","1,34M","-0,65%"
"12.03.2021","0,772","0,774","0,786","0,765","1,37M","0,26%"
"11.03.2021","0,771","0,800","0,800","0,758","2,56M","-1,85%"
"10.03.2021","0,785","0,784","0,800","0,777","1,21M","-0,13%"
"09.03.2021","0,786","0,810","0,810","0,777","1,47M","-2,90%"
"08.03.2021","0,809","0,810","0,820","0,798","2,47M","2,21%"
"05.03.2021","0,792","0,781","0,802","0,773","4,65M","0,70%"
"04.03.2021","0,786","0,784","0,799","0,778","2,57M","0,32%"
"03.03.2021","0,784","0,770","0,784","0,759","2,17M","2,48%"
"02.03.2021","0,765","0,742","0,766","0,742","3,80M","2,00%"
"01.03.2021","0,750","0,730","0,750","0,729","5,07M","3,31%"
"26.02.2021","0,726","0,710","0,730","0,701","4,06M","0,69%"
"25.02.2021","0,721","0,710","0,725","0,705","3,23M","2,27%"
"24.02.2021","0,705","0,684","0,708","0,684","3,48M","2,69%"
"23.02.2021","0,687","0,690","0,697","0,682","2,87M","-0,65%"
"22.02.2021","0,691","0,681","0,692","0,669","2,34M","1,54%"
"19.02.2021","0,680","0,677","0,687","0,671","2,07M","1,57%"
"18.02.2021","0,670","0,683","0,689","0,665","2,07M","-2,19%"
"17.02.2021","0,685","0,683","0,693","0,675","3,15M","1,18%"
"16.02.2021","0,677","0,679","0,684","0,669","2,20M","1,04%"
"15.02.2021","0,670","0,665","0,675","0,655","1,93M","2,76%"
"12.02.2021","0,652","0,650","0,655","0,638","1,73M","0,38%"
"11.02.2021","0,650","0,663","0,663","0,639","1,98M","-1,22%"
"10.02.2021","0,658","0,636","0,658","0,633","2,10M","3,54%"
"09.02.2021","0,635","0,650","0,650","0,629","4,30M","-1,32%"
"08.02.2021","0,643","0,643","0,650","0,638","2,27M","1,42%"
"05.02.2021","0,635","0,609","0,646","0,603","5,10M","4,70%"
"04.02.2021","0,606","0,591","0,609","0,581","3,16M","3,15%"
"03.02.2021","0,587","0,599","0,609","0,576","3,54M","-0,51%"
"02.02.2021","0,590","0,579","0,593","0,570","2,40M","3,60%"
"01.02.2021","0,570","0,585","0,586","0,570","2,41M","-0,18%"
"29.01.2021","0,571","0,584","0,595","0,570","3,77M","-1,55%"
"28.01.2021","0,580","0,570","0,587","0,570","3,07M","1,75%"
"27.01.2021","0,570","0,592","0,592","0,559","4,57M","-0,87%"
"26.01.2021","0,575","0,576","0,576","0,565","1,70M","1,32%"
"25.01.2021","0,567","0,604","0,604","0,563","3,11M","-6,43%"
"22.01.2021","0,607","0,615","0,618","0,596","2,50M","-2,33%"
"21.01.2021","0,621","0,633","0,638","0,617","2,13M","-2,20%"
"20.01.2021","0,635","0,635","0,647","0,627","2,05M","-0,94%"
"19.01.2021","0,641","0,674","0,674","0,631","2,46M","-3,54%"
"18.01.2021","0,664","0,674","0,674","0,659","1,18M","1,14%"
"15.01.2021","0,657","0,663","0,683","0,657","3,63M","-4,23%"
"14.01.2021","0,686","0,696","0,697","0,677","2,34M","-1,37%"
"13.01.2021","0,696","0,703","0,708","0,695","1,96M","-1,49%"
"12.01.2021","0,706","0,703","0,716","0,701","3,53M","0,50%"
"11.01.2021","0,702","0,707","0,715","0,696","2,72M","-0,28%"
"08.01.2021","0,705","0,706","0,710","0,697","3,39M","0,00%"
"07.01.2021","0,705","0,706","0,706","0,688","3,52M","1,44%"
"06.01.2021","0,695","0,690","0,706","0,680","2,50M","1,16%"
"05.01.2021","0,687","0,705","0,715","0,683","3,51M","-4,05%"
"04.01.2021","0,716","0,729","0,729","0,694","4,87M","0,14%"
"31.12.2020","0,715","0,707","0,726","0,703","1,66M","-1,11%"
"30.12.2020","0,723","0,720","0,750","0,684","7,53M","1,97%"
"29.12.2020","0,709","0,720","0,720","0,705","1,14M","0,57%"
"28.12.2020","0,705","0,712","0,720","0,695","1,90M","2,55%"
"24.12.2020","0,688","0,690","0,690","0,681","544,88K","0,81%"
"23.12.2020","0,682","0,680","0,685","0,656","2,36M","1,41%"
"22.12.2020","0,673","0,692","0,696","0,669","1,90M","-0,88%"
"21.12.2020","0,678","0,688","0,692","0,666","2,94M","-4,44%"
"18.12.2020","0,710","0,710","0,718","0,695","2,13M","-1,32%"
"17.12.2020","0,720","0,710","0,720","0,698","2,11M","1,48%"
"16.12.2020","0,709","0,707","0,710","0,693","2,28M","-0,07%"
"15.12.2020","0,710","0,676","0,710","0,666","3,56M","6,69%"
"14.12.2020","0,665","0,680","0,686","0,664","2,06M","-0,67%"
"11.12.2020","0,669","0,676","0,685","0,663","2,69M","-2,19%"
"10.12.2020","0,684","0,697","0,697","0,675","3,02M","0,51%"
"09.12.2020","0,681","0,694","0,700","0,681","4,41M","-1,73%"
"08.12.2020","0,693","0,690","0,705","0,686","1,86M","1,76%"
"07.12.2020","0,681","0,712","0,712","0,681","2,01M","-3,95%"
"04.12.2020","0,709","0,684","0,723","0,683","2,95M","4,19%"
"03.12.2020","0,680","0,665","0,680","0,665","1,71M","1,57%"
"02.12.2020","0,670","0,663","0,676","0,662","2,53M","0,00%"
"01.12.2020","0,670","0,665","0,696","0,662","2,55M","1,13%"
"30.11.2020","0,663","0,703","0,703","0,662","3,20M","-4,54%"
"27.11.2020","0,694","0,700","0,710","0,691","1,97M","-1,77%"
"26.11.2020","0,706","0,734","0,734","0,706","2,02M","-4,07%"
"25.11.2020","0,737","0,710","0,738","0,700","4,69M","4,62%"
"24.11.2020","0,704","0,705","0,709","0,692","3,40M","1,59%"
"23.11.2020","0,693","0,707","0,709","0,691","3,74M","1,61%"
"20.11.2020","0,682","0,693","0,696","0,675","2,29M","1,11%"
"19.11.2020","0,674","0,698","0,698","0,664","2,91M","-1,82%"
"18.11.2020","0,687","0,719","0,721","0,687","3,42M","-4,18%"
"17.11.2020","0,717","0,720","0,720","0,700","3,73M","1,49%"
"16.11.2020","0,706","0,690","0,720","0,689","8,38M","5,06%"
"13.11.2020","0,673","0,664","0,682","0,656","1,99M","1,36%"
"12.11.2020","0,664","0,640","0,664","0,625","3,19M","5,57%"
"11.11.2020","0,628","0,629","0,641","0,620","2,76M","-0,24%"
"10.11.2020","0,630","0,598","0,632","0,588","4,15M","5,70%"
"09.11.2020","0,596","0,550","0,598","0,544","2,64M","9,96%"
"06.11.2020","0,542","0,565","0,567","0,542","1,86M","-2,52%"
"05.11.2020","0,556","0,554","0,567","0,539","5,70M","1,09%"
"04.11.2020","0,550","0,539","0,562","0,539","1,19M","-3,08%"
"03.11.2020","0,567","0,561","0,575","0,547","2,29M","2,25%"
"02.11.2020","0,555","0,559","0,561","0,547","1,47M","1,56%"
"30.10.2020","0,547","0,536","0,550","0,535","1,67M","0,46%"
"29.10.2020","0,544","0,539","0,553","0,530","1,45M","-0,55%"
"28.10.2020","0,547","0,556","0,560","0,539","1,90M","-3,10%"
"27.10.2020","0,564","0,609","0,610","0,564","1,67M","-5,05%"
"26.10.2020","0,595","0,613","0,613","0,587","1,21M","-1,33%"
"23.10.2020","0,603","0,612","0,613","0,590","1,28M","1,60%"
"22.10.2020","0,593","0,591","0,594","0,576","1,29M","-0,08%"
"21.10.2020","0,594","0,618","0,618","0,591","1,95M","-3,81%"
"20.10.2020","0,617","0,622","0,622","0,605","1,72M","1,15%"
"19.10.2020","0,610","0,644","0,644","0,610","1,43M","-1,93%"
"16.10.2020","0,622","0,615","0,628","0,608","1,40M","0,89%"
"15.10.2020","0,617","0,621","0,627","0,608","1,39M","-2,91%"
"14.10.2020","0,635","0,640","0,646","0,618","2,46M","0,00%"
"13.10.2020","0,635","0,660","0,660","0,628","2,30M","-3,13%"
"12.10.2020","0,655","0,710","0,710","0,655","2,05M","-4,38%"
"09.10.2020","0,686","0,700","0,712","0,670","4,51M","-2,77%"
"08.10.2020","0,705","0,712","0,712","0,695","3,38M","3,83%"
"07.10.2020","0,679","0,696","0,702","0,679","2,20M","-2,37%"
"06.10.2020","0,696","0,740","0,740","0,676","4,73M","-5,69%"
"05.10.2020","0,738","0,677","0,739","0,670","10,39M","15,14%"
"02.10.2020","0,641","0,624","0,642","0,621","2,02M","2,23%"
"01.10.2020","0,627","0,658","0,658","0,627","1,50M","-2,19%"
"30.09.2020","0,641","0,648","0,654","0,615","2,22M","2,40%"
"29.09.2020","0,626","0,640","0,640","0,625","737,65K","-2,80%"
"28.09.2020","0,643","0,667","0,667","0,627","1,97M","0,47%"
"25.09.2020","0,641","0,709","0,709","0,637","2,42M","2,15%"
"24.09.2020","0,627","0,600","0,643","0,590","2,39M","0,80%"
"23.09.2020","0,622","0,650","0,666","0,622","1,57M","-4,97%"
"22.09.2020","0,655","0,678","0,679","0,655","2,03M","-1,58%"
"21.09.2020","0,665","0,682","0,690","0,664","2,76M","-6,21%"
"18.09.2020","0,709","0,710","0,715","0,691","5,22M","0,35%"
"17.09.2020","0,706","0,664","0,707","0,654","4,57M","7,21%"
"16.09.2020","0,659","0,655","0,664","0,647","1,16M","1,07%"
"15.09.2020","0,652","0,677","0,677","0,652","2,08M","-1,73%"
"14.09.2020","0,664","0,664","0,671","0,655","1,92M","1,45%"
"11.09.2020","0,654","0,675","0,675","0,654","1,63M","-1,21%"
"10.09.2020","0,662","0,663","0,675","0,654","2,04M","0,38%"
"09.09.2020","0,660","0,668","0,673","0,648","2,11M","0,92%"
"08.09.2020","0,654","0,670","0,677","0,651","1,29M","-1,73%"
"07.09.2020","0,665","0,697","0,709","0,664","5,94M","-1,55%"
"04.09.2020","0,675","0,624","0,690","0,615","7,62M","13,24%"
"03.09.2020","0,596","0,590","0,621","0,590","2,15M","0,17%"
"02.09.2020","0,595","0,609","0,620","0,592","2,96M","-2,22%"
"01.09.2020","0,609","0,602","0,619","0,591","2,93M","1,00%"
"31.08.2020","0,603","0,635","0,635","0,603","1,40M","-3,21%"
"28.08.2020","0,623","0,600","0,650","0,600","2,96M","2,47%"
"27.08.2020","0,608","0,620","0,620","0,570","2,45M","0,75%"
"26.08.2020","0,604","0,601","0,615","0,600","1,92M","-0,33%"
"25.08.2020","0,605","0,605","0,618","0,600","3,22M","0,25%"
"24.08.2020","0,604","0,585","0,604","0,585","1,35M","2,37%"
"21.08.2020","0,590","0,577","0,596","0,577","1,45M","0,43%"
"20.08.2020","0,587","0,609","0,609","0,580","2,27M","-4,00%"
"19.08.2020","0,612","0,595","0,612","0,587","1,73M","2,77%"
"18.08.2020","0,595","0,626","0,626","0,593","2,92M","-0,83%"
"17.08.2020","0,600","0,620","0,629","0,600","2,22M","-4,53%"
"14.08.2020","0,629","0,640","0,640","0,599","2,76M","-2,56%"
"13.08.2020","0,646","0,659","0,659","0,645","2,63M","-1,45%"
"12.08.2020","0,655","0,618","0,663","0,615","4,28M","5,99%"
"11.08.2020","0,618","0,614","0,629","0,605","5,15M","3,60%"
"10.08.2020","0,596","0,563","0,596","0,552","3,09M","9,65%"
"07.08.2020","0,544","0,524","0,544","0,524","1,07M","0,28%"
"06.08.2020","0,543","0,541","0,547","0,527","1,46M","-0,18%"
"05.08.2020","0,544","0,530","0,548","0,529","2,50M","2,64%"
"04.08.2020","0,530","0,500","0,531","0,494","2,69M","9,40%"
"03.08.2020","0,484","0,485","0,492","0,467","2,15M","2,89%"
"31.07.2020","0,470","0,480","0,480","0,468","6,77M","-0,76%"
"30.07.2020","0,474","0,499","0,499","0,471","2,83M","-2,83%"
"29.07.2020","0,488","0,500","0,500","0,478","958,19K","-0,93%"
"28.07.2020","0,492","0,480","0,494","0,480","835,76K","2,58%"
"27.07.2020","0,480","0,519","0,519","0,477","1,90M","-4,76%"
"24.07.2020","0,504","0,498","0,510","0,491","1,28M","0,00%"
"23.07.2020","0,504","0,508","0,511","0,501","629,21K","-0,88%"
"22.07.2020","0,508","0,507","0,510","0,497","882,30K","0,20%"
"21.07.2020","0,507","0,510","0,521","0,500","1,83M","2,28%"
"20.07.2020","0,496","0,503","0,503","0,492","694,06K","-0,48%"
"17.07.2020","0,499","0,500","0,501","0,490","1,00M","-0,38%"
"16.07.2020","0,501","0,499","0,504","0,491","1,70M","0,79%"
"15.07.2020","0,497","0,500","0,500","0,478","1,85M","2,39%"
"14.07.2020","0,485","0,480","0,499","0,480","1,49M","-1,94%"
"13.07.2020","0,495","0,490","0,501","0,488","1,48M","1,60%"
"10.07.2020","0,487","0,485","0,492","0,471","1,74M","2,31%"
"09.07.2020","0,476","0,499","0,499","0,475","1,18M","-2,10%"
"08.07.2020","0,486","0,488","0,493","0,483","1,24M","-1,54%"
"07.07.2020","0,494","0,504","0,508","0,492","1,75M","-0,84%"
"06.07.2020","0,498","0,491","0,508","0,486","2,34M","5,02%"
"03.07.2020","0,474","0,465","0,477","0,458","2,66M","1,28%"
"02.07.2020","0,468","0,460","0,479","0,455","4,35M","3,08%"
"01.07.2020","0,454","0,459","0,460","0,454","2,46M","-0,22%"
"30.06.2020","0,455","0,468","0,468","0,446","4,88M","-1,69%"
"29.06.2020","0,463","0,455","0,467","0,443","3,37M","1,62%"
"26.06.2020","0,455","0,466","0,466","0,450","2,33M","-2,27%"
"25.06.2020","0,466","0,475","0,475","0,457","3,77M","-2,80%"
"24.06.2020","0,479","0,494","0,502","0,476","4,22M","-3,35%"
"23.06.2020","0,496","0,504","0,509","0,495","2,38M","0,40%"
"22.06.2020","0,494","0,504","0,507","0,491","2,59M","-1,40%"
"19.06.2020","0,501","0,530","0,531","0,501","2,51M","-2,91%"
"18.06.2020","0,516","0,500","0,518","0,500","1,70M","0,98%"
"17.06.2020","0,511","0,519","0,524","0,502","2,26M","0,20%"
"16.06.2020","0,510","0,528","0,529","0,502","4,49M","1,09%"
"15.06.2020","0,504","0,500","0,519","0,480","4,11M","-0,69%"
"12.06.2020","0,508","0,530","0,534","0,507","4,07M","-3,88%"
"11.06.2020","0,529","0,565","0,571","0,514","11,26M","-6,46%"
"10.06.2020","0,565","0,584","0,592","0,565","4,36M","-0,79%"
"09.06.2020","0,570","0,565","0,584","0,548","3,78M","-1,56%"
"08.06.2020","0,578","0,598","0,609","0,568","6,77M","1,31%"
"05.06.2020","0,571","0,580","0,589","0,559","3,37M","4,87%"
"04.06.2020","0,544","0,550","0,559","0,525","2,22M","0,28%"
"03.06.2020","0,543","0,540","0,555","0,530","2,56M","2,26%"
"02.06.2020","0,531","0,523","0,542","0,520","1,45M","2,41%"
"01.06.2020","0,518","0,498","0,524","0,494","1,98M","5,77%"
"29.05.2020","0,490","0,499","0,499","0,481","1,84M","-1,57%"
"28.05.2020","0,498","0,505","0,510","0,495","2,42M","0,32%"
"27.05.2020","0,496","0,470","0,499","0,459","4,81M","6,75%"
"26.05.2020","0,465","0,442","0,467","0,432","3,57M","8,90%"
"25.05.2020","0,427","0,430","0,442","0,421","1,22M","1,67%"
"22.05.2020","0,420","0,430","0,435","0,420","5,29M","-0,52%"
"21.05.2020","0,422","0,447","0,447","0,422","4,55M","-4,00%"
"20.05.2020","0,440","0,469","0,469","0,423","13,38M","-3,34%"
"19.05.2020","0,455","0,470","0,470","0,450","3,28M","0,53%"
"18.05.2020","0,453","0,460","0,463","0,450","1,02M","0,58%"
"15.05.2020","0,450","0,465","0,469","0,445","1,34M","-1,10%"
"14.05.2020","0,455","0,460","0,463","0,440","17,81M","-1,09%"
"13.05.2020","0,460","0,460","0,462","0,460","2,29M","-0,22%"
"12.05.2020","0,461","0,476","0,476","0,460","1,16M","-1,91%"
"11.05.2020","0,470","0,474","0,482","0,470","3,45M","0,00%"
"08.05.2020","0,470","0,468","0,470","0,452","5,54M","3,84%"
"07.05.2020","0,453","0,463","0,466","0,451","2,23M","-3,33%"
"06.05.2020","0,468","0,480","0,483","0,468","1,90M","-4,14%"
"05.05.2020","0,488","0,505","0,505","0,482","3,35M","-0,61%"
"04.05.2020","0,491","0,495","0,501","0,472","4,03M","-0,53%"
"30.04.2020","0,494","0,503","0,505","0,480","4,43M","-0,56%"
"29.04.2020","0,497","0,473","0,504","0,472","4,02M","5,34%"
"28.04.2020","0,472","0,445","0,495","0,445","2,10M","4,75%"
"27.04.2020","0,450","0,468","0,468","0,450","1,04M","1,12%"
"24.04.2020","0,445","0,450","0,472","0,443","1,76M","-2,28%"
"23.04.2020","0,456","0,442","0,478","0,442","3,40M","2,02%"
"22.04.2020","0,447","0,465","0,465","0,442","1,96M","0,68%"
"21.04.2020","0,444","0,466","0,466","0,440","1,82M","-4,60%"
"20.04.2020","0,465","0,490","0,490","0,460","1,48M","-1,65%"
"17.04.2020","0,473","0,499","0,499","0,472","1,34M","-0,21%"
"16.04.2020","0,474","0,500","0,510","0,472","2,59M","-4,74%"
"15.04.2020","0,497","0,520","0,535","0,493","5,27M","-6,68%"
"14.04.2020","0,533","0,526","0,535","0,525","2,40M","-0,47%"
"09.04.2020","0,535","0,540","0,543","0,526","2,15M","2,98%"
"08.04.2020","0,520","0,500","0,520","0,500","4,03M","2,16%"
"07.04.2020","0,509","0,490","0,530","0,485","6,35M","5,91%"
"06.04.2020","0,481","0,482","0,492","0,475","4,31M","2,47%"
"03.04.2020","0,469","0,483","0,483","0,464","1,80M","-2,74%"
"02.04.2020","0,482","0,510","0,510","0,475","1,97M","-2,07%"
"01.04.2020","0,492","0,511","0,516","0,486","2,09M","-7,09%"
"31.03.2020","0,530","0,547","0,550","0,521","1,59M","-1,67%"
"30.03.2020","0,539","0,521","0,550","0,520","5,14M","2,47%"
"27.03.2020","0,526","0,538","0,538","0,493","3,17M","1,54%"
"26.03.2020","0,518","0,501","0,535","0,500","4,70M","1,57%"
"25.03.2020","0,510","0,516","0,524","0,493","8,14M","3,24%"
"24.03.2020","0,494","0,503","0,503","0,472","8,30M","0,82%"
"23.03.2020","0,490","0,481","0,509","0,475","3,53M","0,91%"
"20.03.2020","0,486","0,540","0,544","0,472","7,98M","-6,71%"
"19.03.2020","0,521","0,554","0,580","0,504","4,21M","-6,38%"
"18.03.2020","0,556","0,552","0,592","0,550","4,12M","-6,71%"
"17.03.2020","0,596","0,625","0,630","0,577","4,75M","0,00%"
"16.03.2020","0,596","0,646","0,663","0,588","4,82M","-11,70%"
"13.03.2020","0,675","0,643","0,700","0,610","7,71M","10,11%"
"12.03.2020","0,613","0,693","0,720","0,610","11,10M","-19,02%"
"11.03.2020","0,757","0,765","0,769","0,740","4,64M","1,07%"
"10.03.2020","0,749","0,800","0,812","0,742","6,04M","-3,35%"
"09.03.2020","0,775","0,773","0,792","0,760","5,35M","-5,72%"
"06.03.2020","0,822","0,812","0,842","0,796","2,52M","-1,20%"
"05.03.2020","0,832","0,868","0,868","0,821","2,42M","-1,89%"
"04.03.2020","0,848","0,844","0,855","0,829","1,73M","0,95%"
"03.03.2020","0,840","0,848","0,876","0,830","9,19M","0,72%"
"02.03.2020","0,834","0,860","0,867","0,813","2,64M","-0,12%"
"28.02.2020","0,835","0,860","0,871","0,830","5,93M","-5,97%"
"27.02.2020","0,888","0,897","0,901","0,871","1,85M","-1,55%"
"26.02.2020","0,902","0,886","0,920","0,885","1,47M","-0,11%"
"25.02.2020","0,903","0,902","0,916","0,886","1,68M","-2,06%"
"24.02.2020","0,922","0,900","0,960","0,900","2,28M","-3,15%"
"21.02.2020","0,952","0,957","0,957","0,935","779,74K","-0,21%"
"20.02.2020","0,954","0,956","0,970","0,945","934,72K","-0,21%"
"19.02.2020","0,956","0,968","0,974","0,944","619,20K","-0,83%"
"18.02.2020","0,964","0,948","0,966","0,943","955,92K","1,58%"
"17.02.2020","0,949","0,960","0,965","0,947","315,38K","-0,73%"
"14.02.2020","0,956","0,974","0,974","0,953","734,48K","-0,93%"
"13.02.2020","0,965","0,963","0,973","0,947","1,38M","-0,92%"
"12.02.2020","0,974","0,959","0,975","0,948","1,13M","1,46%"
"11.02.2020","0,960","0,957","0,960","0,936","984,39K","1,48%"
"10.02.2020","0,946","0,937","0,970","0,934","1,23M","1,39%"
"07.02.2020","0,933","0,919","0,933","0,903","1,24M","2,98%"
"06.02.2020","0,906","0,903","0,923","0,903","906,39K","0,89%"
"05.02.2020","0,898","0,902","0,912","0,892","1,07M","-0,22%"
"04.02.2020","0,900","0,912","0,930","0,890","1,14M","-0,88%"
"03.02.2020","0,908","0,901","0,918","0,901","527,25K","0,78%"
"31.01.2020","0,901","0,921","0,944","0,901","1,25M","-2,07%"
"30.01.2020","0,920","0,943","0,956","0,920","1,36M","-2,13%"
"29.01.2020","0,940","0,933","0,957","0,921","1,66M","1,62%"
"28.01.2020","0,925","0,920","0,929","0,899","961,42K","2,78%"
"27.01.2020","0,900","0,901","0,907","0,895","1,33M","-0,99%"
"24.01.2020","0,909","0,950","0,957","0,906","1,42M","-1,52%"
"23.01.2020","0,923","0,920","0,940","0,905","966,88K","2,10%"
"22.01.2020","0,904","0,908","0,910","0,896","625,52K","1,35%"
"21.01.2020","0,892","0,911","0,911","0,892","639,96K","-1,76%"
"20.01.2020","0,908","0,912","0,915","0,906","332,34K","-0,77%"
"17.01.2020","0,915","0,907","0,925","0,901","634,17K","1,78%"
"16.01.2020","0,899","0,922","0,931","0,892","1,48M","-2,49%"
"15.01.2020","0,922","0,914","0,924","0,910","391,79K","0,33%"
"14.01.2020","0,919","0,949","0,949","0,915","1,13M","-1,50%"
"13.01.2020","0,933","0,949","0,949","0,923","469,90K","-0,32%"
"10.01.2020","0,936","0,949","0,955","0,935","632,12K","-1,47%"
"09.01.2020","0,950","0,958","0,970","0,943","556,02K","-0,52%"
"08.01.2020","0,955","0,954","0,963","0,942","699,92K","0,00%"
"07.01.2020","0,955","0,967","0,980","0,954","825,31K","-0,93%"
"06.01.2020","0,964","0,985","0,985","0,950","832,24K","-1,93%"
"03.01.2020","0,983","0,969","0,984","0,967","1,25M","0,31%"
"02.01.2020","0,980","0,960","0,985","0,955","1,12M","1,24%"
"31.12.2019","0,968","0,945","0,969","0,932","682,63K","1,89%"
"30.12.2019","0,950","0,921","0,951","0,921","1,50M","1,06%"
"27.12.2019","0,940","0,923","0,956","0,913","883,44K","0,32%"
"24.12.2019","0,937","0,930","0,942","0,929","285,86K","0,11%"
"23.12.2019","0,936","0,944","0,944","0,930","509,86K","-0,32%"
"20.12.2019","0,939","0,931","0,950","0,925","2,44M","-0,63%"
"19.12.2019","0,945","0,957","0,958","0,940","1,52M","-1,25%"
"18.12.2019","0,957","0,941","0,960","0,940","735,35K","0,74%"
"17.12.2019","0,950","0,952","0,960","0,937","1,41M","-1,04%"
"16.12.2019","0,960","0,977","0,986","0,960","3,11M","-1,23%"
"13.12.2019","0,972","0,984","0,994","0,967","2,21M","-0,82%"
"12.12.2019","0,980","0,970","0,983","0,960","1,84M","1,03%"
"11.12.2019","0,970","0,963","0,973","0,960","1,50M","0,73%"
"10.12.2019","0,963","0,970","0,970","0,942","1,99M","-0,10%"
"09.12.2019","0,964","0,961","0,969","0,960","667,79K","0,31%"
"06.12.2019","0,961","0,956","0,964","0,943","1,08M","0,10%"
"05.12.2019","0,960","0,949","0,964","0,946","1,39M","0,73%"
"04.12.2019","0,953","0,918","0,954","0,914","1,89M","3,81%"
"03.12.2019","0,918","0,898","0,918","0,897","2,54M","1,77%"
"02.12.2019","0,902","0,913","0,928","0,897","1,53M","-1,31%"
"29.11.2019","0,914","0,909","0,915","0,895","1,17M","0,88%"
"28.11.2019","0,906","0,919","0,929","0,903","1,74M","-1,52%"
"27.11.2019","0,920","0,893","0,920","0,878","2,12M","4,31%"
"26.11.2019","0,882","0,882","0,906","0,870","2,77M","1,85%"
"25.11.2019","0,866","0,862","0,866","0,851","1,03M","2,73%"
"22.11.2019","0,843","0,840","0,858","0,833","944,70K","0,72%"
"21.11.2019","0,837","0,816","0,842","0,808","1,24M","2,07%"
"20.11.2019","0,820","0,823","0,824","0,810","1,09M","-0,73%"
"19.11.2019","0,826","0,819","0,838","0,819","691,93K","0,61%"
"18.11.2019","0,821","0,826","0,852","0,812","1,49M","-2,03%"
"15.11.2019","0,838","0,847","0,847","0,825","952,33K","1,58%"
"14.11.2019","0,825","0,836","0,838","0,818","2,00M","0,00%"
"13.11.2019","0,825","0,875","0,875","0,825","2,81M","-6,78%"
"12.11.2019","0,885","0,924","0,928","0,870","2,78M","-3,59%"
"11.11.2019","0,918","0,900","0,920","0,900","957,48K","0,88%"
"08.11.2019","0,910","0,889","0,919","0,880","2,69M","2,36%"
"07.11.2019","0,889","0,871","0,890","0,865","1,41M","3,01%"
"06.11.2019","0,863","0,864","0,887","0,861","1,50M","-1,03%"
"05.11.2019","0,872","0,870","0,882","0,861","1,42M","1,28%"
"04.11.2019","0,861","0,830","0,865","0,828","2,10M","3,36%"
"01.11.2019","0,833","0,822","0,845","0,808","1,75M","2,71%"
"31.10.2019","0,811","0,803","0,816","0,790","1,42M","1,25%"
"30.10.2019","0,801","0,812","0,820","0,791","1,57M","-1,23%"
"29.10.2019","0,811","0,835","0,848","0,803","3,25M","-2,87%"
"28.10.2019","0,835","0,825","0,844","0,818","3,30M","2,08%"
"25.10.2019","0,818","0,850","0,850","0,814","2,26M","-2,27%"
"24.10.2019","0,837","0,845","0,845","0,830","1,26M","0,48%"
"23.10.2019","0,833","0,830","0,842","0,824","1,10M","0,24%"
"22.10.2019","0,831","0,845","0,848","0,820","1,03M","-1,42%"
"21.10.2019","0,843","0,825","0,849","0,825","2,15M","1,81%"
"18.10.2019","0,828","0,830","0,831","0,801","2,55M","0,98%"
"17.10.2019","0,820","0,822","0,833","0,808","2,43M","0,49%"
"16.10.2019","0,816","0,800","0,829","0,790","2,45M","2,00%"
"15.10.2019","0,800","0,760","0,803","0,760","1,93M","5,12%"
"14.10.2019","0,761","0,763","0,769","0,745","1,39M","0,79%"
"11.10.2019","0,755","0,733","0,768","0,733","3,12M","3,00%"
"10.10.2019","0,733","0,720","0,739","0,714","2,18M","2,23%"
"09.10.2019","0,717","0,710","0,728","0,710","960,46K","0,99%"
"08.10.2019","0,710","0,714","0,714","0,693","1,11M","-0,28%"
"07.10.2019","0,712","0,705","0,713","0,692","732,76K","1,42%"
"04.10.2019","0,702","0,708","0,710","0,693","1,73M","-1,13%"
"03.10.2019","0,710","0,698","0,714","0,690","2,57M","1,28%"
"02.10.2019","0,701","0,716","0,722","0,701","1,37M","-1,96%"
"01.10.2019","0,715","0,730","0,735","0,709","2,29M","-2,05%"
"30.09.2019","0,730","0,727","0,743","0,727","1,54M","0,41%"
"27.09.2019","0,727","0,715","0,733","0,715","4,18M","1,54%"
"26.09.2019","0,716","0,716","0,721","0,695","1,37M","0,00%"
"25.09.2019","0,716","0,714","0,716","0,691","2,33M","0,99%"
"24.09.2019","0,709","0,712","0,719","0,702","1,02M","0,28%"
"23.09.2019","0,707","0,725","0,728","0,707","2,32M","-3,81%"
"20.09.2019","0,735","0,737","0,737","0,712","2,81M","0,55%"
"19.09.2019","0,731","0,704","0,732","0,701","3,18M","3,39%"
"18.09.2019","0,707","0,716","0,723","0,703","3,98M","-0,98%"
"17.09.2019","0,714","0,720","0,742","0,704","5,04M","-1,65%"
"16.09.2019","0,726","0,716","0,735","0,716","2,62M","-0,14%"
"13.09.2019","0,727","0,703","0,727","0,700","3,35M","5,06%"
"12.09.2019","0,692","0,700","0,705","0,674","3,73M","-0,14%"
"11.09.2019","0,693","0,699","0,715","0,687","18,22M","-0,29%"
"10.09.2019","0,695","0,684","0,699","0,668","7,81M","2,21%"
"09.09.2019","0,680","0,660","0,682","0,660","1,92M","1,64%"
"06.09.2019","0,669","0,666","0,679","0,665","7,76M","-0,15%"
"05.09.2019","0,670","0,655","0,681","0,650","1,84M","3,08%"
"04.09.2019","0,650","0,656","0,675","0,647","2,01M","-0,31%"
"03.09.2019","0,652","0,656","0,661","0,641","1,11M","-0,76%"
"02.09.2019","0,657","0,677","0,677","0,650","1,31M","-1,94%"
"30.08.2019","0,670","0,686","0,690","0,670","12,21M","-1,62%"
"29.08.2019","0,681","0,677","0,688","0,675","1,22M","0,44%"
"28.08.2019","0,678","0,705","0,705","0,677","2,21M","-3,14%"
"27.08.2019","0,700","0,690","0,703","0,678","3,21M","1,74%"
"26.08.2019","0,688","0,672","0,691","0,670","1,76M","2,69%"
"23.08.2019","0,670","0,681","0,692","0,670","3,28M","-1,18%"
"22.08.2019","0,678","0,661","0,692","0,655","4,32M","3,51%"
"21.08.2019","0,655","0,647","0,663","0,645","2,63M","2,50%"
"20.08.2019","0,639","0,660","0,660","0,637","1,43M","-1,69%"
"19.08.2019","0,650","0,675","0,685","0,648","2,82M","-1,52%"
"16.08.2019","0,660","0,642","0,664","0,640","6,06M","3,45%"
"15.08.2019","0,638","0,622","0,646","0,613","6,37M","3,24%"
"14.08.2019","0,618","0,646","0,646","0,613","1,91M","-2,52%"
"13.08.2019","0,634","0,640","0,646","0,625","2,78M","-0,16%"
"12.08.2019","0,635","0,670","0,676","0,635","2,55M","-5,37%"
"09.08.2019","0,671","0,700","0,700","0,665","2,39M","-4,42%"
"08.08.2019","0,702","0,693","0,706","0,686","1,36M","2,48%"
"07.08.2019","0,685","0,691","0,700","0,681","1,69M","-1,01%"
"06.08.2019","0,692","0,706","0,710","0,685","1,49M","-1,14%"
"05.08.2019","0,700","0,691","0,707","0,689","1,07M","-0,28%"
"02.08.2019","0,702","0,703","0,706","0,692","2,76M","-1,82%"
"01.08.2019","0,715","0,714","0,736","0,709","1,59M","0,00%"
"31.07.2019","0,715","0,736","0,736","0,715","1,25M","-0,83%"
"30.07.2019","0,721","0,729","0,752","0,714","1,77M","-1,90%"
"29.07.2019","0,735","0,749","0,756","0,729","1,19M","-1,21%"
"26.07.2019","0,744","0,754","0,759","0,736","1,77M","-2,36%"
"25.07.2019","0,762","0,758","0,777","0,753","1,11M","0,13%"
"24.07.2019","0,761","0,760","0,766","0,757","1,78M","-0,65%"
"23.07.2019","0,766","0,752","0,771","0,752","2,18M","0,79%"
"22.07.2019","0,760","0,780","0,781","0,756","1,45M","-1,68%"
"19.07.2019","0,773","0,786","0,791","0,770","1,11M","-1,65%"
"18.07.2019","0,786","0,780","0,791","0,771","5,84M","-1,26%"
"17.07.2019","0,796","0,815","0,818","0,786","1,47M","-2,21%"
"16.07.2019","0,814","0,803","0,819","0,798","1,46M","1,88%"
"15.07.2019","0,799","0,790","0,801","0,788","20,77M","0,63%"
"12.07.2019","0,794","0,798","0,824","0,788","1,46M","1,40%"
"11.07.2019","0,783","0,774","0,786","0,767","1,95M","1,29%"
"10.07.2019","0,773","0,771","0,784","0,770","1,70M","0,00%"
"09.07.2019","0,773","0,783","0,783","0,770","1,02M","-1,28%"
"08.07.2019","0,783","0,799","0,803","0,777","2,61M","-2,00%"
"05.07.2019","0,799","0,811","0,811","0,791","1,77M","-0,75%"
"04.07.2019","0,805","0,800","0,809","0,797","4,19M","1,00%"
"03.07.2019","0,797","0,791","0,799","0,785","1,47M","1,01%"
"02.07.2019","0,789","0,810","0,810","0,781","12,49M","-1,38%"
"01.07.2019","0,800","0,815","0,815","0,792","1,89M","1,91%"
"28.06.2019","0,785","0,776","0,800","0,774","7,76M","1,68%"
"27.06.2019","0,772","0,769","0,781","0,765","1,18M","0,92%"
"26.06.2019","0,765","0,767","0,778","0,760","4,96M","0,00%"
"25.06.2019","0,765","0,760","0,772","0,756","1,36M","-0,26%"
"24.06.2019","0,767","0,775","0,790","0,766","1,94M","-1,16%"
"21.06.2019","0,776","0,775","0,783","0,760","9,58M","0,00%"
"20.06.2019","0,776","0,785","0,785","0,769","5,81M","0,00%"
"19.06.2019","0,776","0,769","0,779","0,766","3,19M","2,11%"
"18.06.2019","0,760","0,780","0,780","0,747","2,29M","-1,43%"
"17.06.2019","0,771","0,781","0,788","0,768","1,19M","-0,90%"
"14.06.2019","0,778","0,770","0,796","0,770","4,05M","2,10%"
"13.06.2019","0,762","0,780","0,785","0,761","4,48M","-2,43%"
"12.06.2019","0,781","0,809","0,810","0,779","3,80M","-3,10%"
"11.06.2019","0,806","0,815","0,823","0,805","4,65M","-1,71%"
"10.06.2019","0,820","0,816","0,834","0,809","2,54M","1,23%"
"07.06.2019","0,810","0,830","0,830","0,810","2,46M","-1,22%"
"06.06.2019","0,820","0,880","0,880","0,820","3,63M","-2,38%"
"05.06.2019","0,840","0,860","0,860","0,830","1,89M","-1,18%"
"04.06.2019","0,850","0,850","0,870","0,840","2,15M","1,19%"
"03.06.2019","0,840","0,880","0,880","0,830","2,36M","-3,45%"
"31.05.2019","0,870","0,900","0,900","0,860","2,54M","-3,33%"
"30.05.2019","0,900","0,900","0,910","0,890","671,60K","1,12%"
"29.05.2019","0,890","0,910","0,910","0,880","984,93K","0,00%"
"28.05.2019","0,890","0,900","0,910","0,890","3,32M","-1,11%"
"27.05.2019","0,900","0,920","0,930","0,900","1,33M","-2,17%"
"24.05.2019","0,920","0,920","0,920","0,910","1,19M","1,10%"
"23.05.2019","0,910","0,930","0,930","0,910","1,55M","-2,15%"
"22.05.2019","0,930","0,940","0,940","0,930","2,58M","0,00%"
"21.05.2019","0,930","0,950","0,950","0,930","1,64M","-2,11%"
"20.05.2019","0,950","0,980","0,980","0,940","733,80K","-1,04%"
"17.05.2019","0,960","0,980","0,980","0,950","2,14M","-1,03%"
"16.05.2019","0,970","0,980","0,980","0,960","4,80M","0,00%"
"15.05.2019","0,970","0,950","0,980","0,940","2,32M","0,00%"
"14.05.2019","0,970","0,980","1,000","0,960","1,17M","-2,02%"
"13.05.2019","0,990","0,990","1,000","0,980","683,54K","-1,00%"
"10.05.2019","1,000","0,950","1,000","0,950","2,97M","3,09%"
"09.05.2019","0,970","1,000","1,010","0,970","1,24M","-3,00%"
"08.05.2019","1,000","1,010","1,030","0,990","2,31M","-4,76%"
"07.05.2019","1,050","1,050","1,080","1,040","4,32M","0,00%"
"06.05.2019","1,050","1,050","1,080","1,040","1,56M","0,00%"
"03.05.2019","1,050","1,030","1,050","1,020","1,97M","1,94%"
"02.05.2019","1,030","1,040","1,060","1,020","1,89M","0,98%"
"30.04.2019","1,020","1,020","1,020","1,000","1,32M","0,99%"
"29.04.2019","1,010","1,000","1,020","1,000","877,62K","1,00%"
"26.04.2019","1,000","1,000","1,010","0,980","735,92K","0,00%"
"25.04.2019","1,000","0,990","1,000","0,970","967,40K","1,01%"
"24.04.2019","0,990","1,000","1,010","0,960","1,34M","-1,00%"
"23.04.2019","1,000","1,020","1,020","0,990","2,01M","-1,96%"
"18.04.2019","1,020","1,000","1,020","1,000","835,83K","0,99%"
"17.04.2019","1,010","0,980","1,010","0,980","4,18M","2,02%"
"16.04.2019","0,990","1,000","1,020","0,990","1,33M","0,00%"
"15.04.2019","0,990","0,970","0,990","0,970","1,34M","3,13%"
"12.04.2019","0,960","0,940","0,960","0,940","1,41M","1,05%"
"11.04.2019","0,950","0,940","0,950","0,930","1,03M","2,15%"
"10.04.2019","0,930","0,960","0,960","0,930","1,01M","-3,12%"
"09.04.2019","0,960","0,960","0,960","0,940","869,23K","2,13%"
"08.04.2019","0,940","0,980","0,980","0,940","994,96K","-3,09%"
"05.04.2019","0,970","0,970","0,980","0,970","433,32K","0,00%"
"04.04.2019","0,970","0,980","0,980","0,960","438,21K","-1,02%"
"03.04.2019","0,980","0,960","0,980","0,960","1,02M","1,03%"
"02.04.2019","0,970","0,980","0,980","0,950","1,22M","0,00%"
"01.04.2019","0,970","0,970","1,000","0,960","2,55M","1,04%"
"29.03.2019","0,960","0,960","0,960","0,940","1,54M","0,00%"
"28.03.2019","0,960","0,980","0,980","0,960","930,03K","-2,04%"
"27.03.2019","0,980","0,950","0,990","0,940","1,82M","3,16%"
"26.03.2019","0,950","0,940","0,960","0,910","1,99M","2,15%"
"25.03.2019","0,930","0,940","0,950","0,920","1,14M","-2,11%"
"22.03.2019","0,950","0,970","0,970","0,940","1,76M","-2,06%"
"21.03.2019","0,970","0,990","0,990","0,960","1,00M","-2,02%"
"20.03.2019","0,990","1,010","1,020","0,990","1,69M","-1,98%"
"19.03.2019","1,010","1,000","1,020","1,000","3,31M","1,00%"
"18.03.2019","1,000","1,000","1,030","0,990","2,49M","-0,99%"
"15.03.2019","1,010","1,000","1,020","0,990","1,77M","1,00%"
"14.03.2019","1,000","1,020","1,020","1,000","1,36M","-0,99%"
"13.03.2019","1,010","0,990","1,020","0,990","1,02M","1,00%"
"12.03.2019","1,000","1,000","1,010","0,990","1,95M","0,00%"
"11.03.2019","1,000","0,990","1,010","0,970","1,34M","1,01%"
"08.03.2019","0,990","0,980","0,990","0,960","2,33M","0,00%"
"07.03.2019","0,990","1,000","1,020","0,970","1,99M","-1,98%"
"06.03.2019","1,010","1,010","1,020","1,000","2,12M","-0,98%"
"05.03.2019","1,020","1,010","1,020","1,010","3,78M","0,99%"
"04.03.2019","1,010","1,030","1,030","1,010","1,14M","-0,98%"
"01.03.2019","1,020","1,030","1,040","1,010","1,58M","-0,97%"
"28.02.2019","1,030","1,040","1,040","1,020","2,67M","0,00%"
"27.02.2019","1,030","1,010","1,040","1,010","3,31M","3,00%"
"26.02.2019","1,000","1,010","1,010","0,960","7,13M","-1,96%"
"25.02.2019","1,020","1,000","1,020","0,990","3,38M","4,08%"
"22.02.2019","0,980","1,030","1,030","0,970","6,41M","-3,92%"
"21.02.2019","1,020","1,020","1,020","1,010","1,24M","0,99%"
"20.02.2019","1,010","1,010","1,020","1,000","3,37M","1,00%"
"19.02.2019","1,000","1,010","1,010","1,000","1,10M","-1,96%"
"18.02.2019","1,020","1,020","1,040","1,010","13,98M","2,00%"
"15.02.2019","1,000","0,950","1,020","0,940","2,38M","5,26%"
"14.02.2019","0,950","0,950","0,960","0,950","773,50K","-1,04%"
"13.02.2019","0,960","0,980","0,980","0,950","1,63M","-1,03%"
"12.02.2019","0,970","0,990","0,990","0,970","849,10K","-1,02%"
"11.02.2019","0,980","0,970","0,980","0,970","2,43M","1,03%"
"08.02.2019","0,970","0,980","0,990","0,970","965,32K","-2,02%"
"07.02.2019","0,990","1,000","1,000","0,980","1,80M","-1,00%"
"06.02.2019","1,000","1,000","1,000","0,990","1,57M","1,01%"
"05.02.2019","0,990","1,010","1,010","0,990","3,86M","-1,00%"
"04.02.2019","1,000","1,010","1,020","0,970","3,12M","0,00%"
"01.02.2019","1,000","1,030","1,030","0,990","3,96M","-1,96%"
"31.01.2019","1,020","1,050","1,060","1,020","1,64M","-1,92%"
"30.01.2019","1,040","1,060","1,070","1,040","1,62M","-1,89%"
"29.01.2019","1,060","1,080","1,080","1,060","3,11M","-1,85%"
"28.01.2019","1,080","1,080","1,090","1,080","2,41M","0,00%"
"25.01.2019","1,080","1,090","1,100","1,080","2,81M","0,00%"
"24.01.2019","1,080","1,120","1,130","1,080","3,18M","-1,82%"
"23.01.2019","1,100","1,070","1,120","1,060","1,59M","2,80%"
"22.01.2019","1,070","1,080","1,090","1,070","3,21M","-2,73%"
"21.01.2019","1,100","1,110","1,110","1,080","1,20M","-0,90%"
"18.01.2019","1,110","1,120","1,130","1,100","2,38M","0,91%"
"17.01.2019","1,100","1,130","1,130","1,100","4,55M","-2,65%"
"16.01.2019","1,130","1,100","1,140","1,100","811,05K","1,80%"
"15.01.2019","1,110","1,150","1,150","1,100","1,18M","-0,89%"
"14.01.2019","1,120","1,080","1,130","1,070","1,99M","3,70%"
"11.01.2019","1,080","1,150","1,150","1,080","2,63M","-5,26%"
"10.01.2019","1,140","1,130","1,150","1,120","990,48K","0,88%"
"09.01.2019","1,130","1,160","1,170","1,120","748,34K","-2,59%"
"08.01.2019","1,160","1,160","1,170","1,150","927,19K","0,00%"
"07.01.2019","1,160","1,150","1,170","1,140","596,36K","0,00%"
"04.01.2019","1,160","1,140","1,160","1,130","1,12M","2,65%"
"03.01.2019","1,130","1,140","1,150","1,120","785,28K","-0,88%"
"02.01.2019","1,140","1,150","1,150","1,120","1,16M","-0,87%"
"31.12.2018","1,150","1,100","1,160","1,100","718,28K","2,68%"
"28.12.2018","1,120","1,140","1,140","1,090","823,28K","1,82%"
"27.12.2018","1,100","1,130","1,160","1,090","820,24K","-1,79%"
"24.12.2018","1,120","1,130","1,130","1,120","299,15K","-2,61%"
"21.12.2018","1,150","1,140","1,150","1,120","2,61M","1,77%"
"20.12.2018","1,130","1,130","1,150","1,120","2,97M","-0,88%"
"19.12.2018","1,140","1,110","1,150","1,110","1,28M","2,70%"
"18.12.2018","1,110","1,120","1,140","1,110","834,78K","-1,77%"
"17.12.2018","1,130","1,140","1,140","1,120","1,10M","-1,74%"
"14.12.2018","1,150","1,190","1,190","1,130","1,19M","-1,71%"
"13.12.2018","1,170","1,180","1,180","1,120","2,30M","-1,68%"
"12.12.2018","1,190","1,040","1,190","1,040","8,21M","16,67%"
"11.12.2018","1,020","1,030","1,050","1,020","1,51M","0,99%"
"10.12.2018","1,010","1,020","1,030","1,000","2,23M","-0,98%"
"07.12.2018","1,020","1,030","1,030","1,020","807,59K","0,00%"
"06.12.2018","1,020","1,050","1,050","1,010","1,56M","-3,77%"
"05.12.2018","1,060","1,040","1,070","1,020","1,87M","0,95%"
"04.12.2018","1,050","1,070","1,070","1,050","1,43M","-2,78%"
"03.12.2018","1,080","1,070","1,080","1,050","1,38M","1,89%"
"30.11.2018","1,060","1,070","1,070","1,050","1,40M","-0,93%"
"29.11.2018","1,070","1,050","1,070","1,050","1,36M","2,88%"
"28.11.2018","1,040","1,050","1,060","1,040","1,03M","0,00%"
"27.11.2018","1,040","1,060","1,070","1,030","1,67M","-1,89%"
"26.11.2018","1,060","1,040","1,080","1,040","1,73M","1,92%"
"23.11.2018","1,040","1,040","1,050","1,030","936,46K","0,97%"
"22.11.2018","1,030","1,060","1,060","1,030","746,48K","-3,74%"
"21.11.2018","1,070","1,030","1,070","1,030","2,37M","3,88%"
"20.11.2018","1,030","1,060","1,060","1,020","2,64M","-2,83%"
"19.11.2018","1,060","1,070","1,090","1,060","2,39M","-0,93%"
"16.11.2018","1,070","1,090","1,090","1,070","1,28M","0,00%"
"15.11.2018","1,070","1,080","1,090","1,060","1,10M","-0,93%"
"14.11.2018","1,080","1,090","1,090","1,070","1,88M","-0,92%"
"13.11.2018","1,090","1,080","1,100","1,080","6,99M","0,00%"
"12.11.2018","1,090","1,110","1,130","1,090","1,47M","-1,80%"
"09.11.2018","1,110","1,120","1,130","1,090","3,13M","-2,63%"
"08.11.2018","1,140","1,160","1,170","1,130","1,56M","-0,87%"
"07.11.2018","1,150","1,200","1,250","1,130","15,63M","0,88%"
"06.11.2018","1,140","1,150","1,150","1,120","1,10M","0,00%"
"05.11.2018","1,140","1,180","1,180","1,130","1,69M","1,79%"
"02.11.2018","1,120","1,160","1,160","1,120","2,88M","-1,75%"
"01.11.2018","1,140","1,130","1,140","1,110","3,28M","0,88%"
"31.10.2018","1,130","1,080","1,140","1,060","4,12M","5,61%"
"30.10.2018","1,070","1,110","1,110","1,060","2,50M","-0,93%"
"29.10.2018","1,080","1,110","1,110","1,080","1,49M","-0,92%"
"26.10.2018","1,090","1,130","1,130","1,080","2,85M","-2,68%"
"25.10.2018","1,120","1,080","1,140","1,080","1,76M","0,90%"
"24.10.2018","1,110","1,180","1,180","1,110","1,82M","-5,13%"
"23.10.2018","1,170","1,190","1,190","1,150","3,17M","-2,50%"
"22.10.2018","1,200","1,260","1,270","1,200","3,12M","-4,76%"
"19.10.2018","1,260","1,260","1,280","1,210","4,36M","0,00%"
"18.10.2018","1,260","1,320","1,330","1,180","7,91M","-5,26%"
"17.10.2018","1,330","1,340","1,340","1,310","633,23K","0,76%"
"16.10.2018","1,320","1,310","1,340","1,300","676,83K","0,76%"
"15.10.2018","1,310","1,310","1,320","1,290","466,83K","0,00%"
"12.10.2018","1,310","1,340","1,360","1,310","744,41K","-1,50%"
"11.10.2018","1,330","1,330","1,340","1,260","1,21M","-1,48%"
"10.10.2018","1,350","1,370","1,370","1,350","452,76K","-0,74%"
"09.10.2018","1,360","1,350","1,370","1,350","1,24M","0,74%"
"08.10.2018","1,350","1,390","1,400","1,350","930,45K","-3,57%"
"05.10.2018","1,400","1,390","1,430","1,370","2,00M","0,72%"
"04.10.2018","1,390","1,370","1,400","1,370","1,75M","2,21%"
"03.10.2018","1,360","1,390","1,390","1,350","996,52K","-1,45%"
"02.10.2018","1,380","1,390","1,390","1,350","1,51M","-2,13%"
"01.10.2018","1,410","1,380","1,410","1,380","1,58M","0,00%"
"28.09.2018","1,410","1,420","1,430","1,380","1,67M","-2,08%"
"27.09.2018","1,440","1,450","1,450","1,400","756,12K","0,00%"
"26.09.2018","1,440","1,460","1,490","1,440","1,83M","-1,37%"
"25.09.2018","1,460","1,450","1,470","1,450","575,77K","0,69%"
"24.09.2018","1,450","1,470","1,470","1,430","795,00K","-0,68%"
"21.09.2018","1,460","1,470","1,470","1,450","1,29M","0,00%"
"20.09.2018","1,460","1,460","1,480","1,450","1,13M","0,00%"
"19.09.2018","1,460","1,410","1,470","1,410","1,55M","2,82%"
"18.09.2018","1,420","1,420","1,450","1,410","1,94M","0,00%"
"17.09.2018","1,420","1,390","1,420","1,390","1,17M","2,16%"
"14.09.2018","1,390","1,380","1,400","1,380","421,80K","0,00%"
"13.09.2018","1,390","1,370","1,390","1,370","310,46K","0,72%"
"12.09.2018","1,380","1,360","1,380","1,360","996,85K","0,73%"
"11.09.2018","1,370","1,350","1,370","1,350","1,06M","0,74%"
"10.09.2018","1,360","1,340","1,370","1,340","682,26K","0,74%"
"07.09.2018","1,350","1,380","1,380","1,340","1,07M","-1,46%"
"06.09.2018","1,370","1,370","1,380","1,350","966,04K","0,00%"
"05.09.2018","1,370","1,340","1,380","1,340","1,31M","1,48%"
"04.09.2018","1,350","1,360","1,370","1,330","932,40K","0,00%"
"03.09.2018","1,350","1,350","1,350","1,340","419,56K","0,00%"
"31.08.2018","1,350","1,360","1,360","1,340","5,86M","-0,74%"
"30.08.2018","1,360","1,370","1,370","1,360","409,56K","-0,73%"
"29.08.2018","1,370","1,360","1,370","1,360","538,93K","0,74%"
"28.08.2018","1,360","1,380","1,380","1,360","1,28M","-0,73%"
"27.08.2018","1,370","1,340","1,380","1,340","538,76K","1,48%"
"24.08.2018","1,350","1,360","1,360","1,350","653,55K","0,00%"
"23.08.2018","1,350","1,370","1,370","1,340","712,80K","-0,74%"
"22.08.2018","1,360","1,360","1,370","1,350","1,17M","0,00%"
"21.08.2018","1,360","1,360","1,370","1,350","1,98M","0,74%"
"20.08.2018","1,350","1,370","1,370","1,330","914,63K","1,50%"
"17.08.2018","1,330","1,350","1,350","1,330","887,70K","-1,48%"
"16.08.2018","1,350","1,350","1,370","1,340","2,19M","0,00%"
"15.08.2018","1,350","1,340","1,360","1,340","776,97K","0,75%"
"14.08.2018","1,340","1,360","1,360","1,330","1,25M","-0,74%"
"13.08.2018","1,350","1,360","1,360","1,330","1,15M","-0,74%"
"10.08.2018","1,360","1,390","1,390","1,360","1,51M","-2,86%"
"09.08.2018","1,400","1,400","1,410","1,390","773,14K","0,72%"
"08.08.2018","1,390","1,380","1,400","1,380","397,00K","0,00%"
"07.08.2018","1,390","1,400","1,400","1,390","694,85K","-0,71%"
"06.08.2018","1,400","1,390","1,410","1,390","761,60K","0,72%"
"03.08.2018","1,390","1,410","1,410","1,390","3,43M","-0,71%"
"02.08.2018","1,400","1,430","1,430","1,400","3,77M","-2,78%"
"01.08.2018","1,440","1,450","1,450","1,430","2,00M","0,00%"
"31.07.2018","1,440","1,440","1,450","1,410","2,17M","0,00%"
"30.07.2018","1,440","1,420","1,490","1,410","1,64M","2,13%"
"27.07.2018","1,410","1,390","1,410","1,380","1,62M","2,17%"
"26.07.2018","1,380","1,380","1,390","1,370","1,19M","-0,72%"
"25.07.2018","1,390","1,380","1,390","1,360","1,48M","0,72%"
"24.07.2018","1,380","1,350","1,390","1,350","1,04M","2,22%"
"23.07.2018","1,350","1,360","1,360","1,340","903,79K","-0,74%"
"20.07.2018","1,360","1,350","1,370","1,350","1,07M","0,00%"
"19.07.2018","1,360","1,340","1,370","1,340","1,72M","0,74%"
"18.07.2018","1,350","1,370","1,370","1,340","2,39M","-1,46%"
"17.07.2018","1,370","1,390","1,390","1,370","8,61M","-1,44%"
"16.07.2018","1,390","1,400","1,430","1,390","4,68M","-0,71%"
"13.07.2018","1,400","1,390","1,400","1,390","2,31M","0,72%"
"12.07.2018","1,390","1,390","1,400","1,390","2,23M","0,00%"
"11.07.2018","1,390","1,390","1,400","1,390","1,48M","-0,71%"
"10.07.2018","1,400","1,410","1,410","1,390","9,02M","-0,71%"
"09.07.2018","1,410","1,400","1,420","1,400","1,27M","0,71%"
"06.07.2018","1,400","1,420","1,430","1,400","3,20M","-1,41%"
"05.07.2018","1,420","1,430","1,450","1,420","2,79M","-0,70%"
"04.07.2018","1,430","1,430","1,440","1,430","938,11K","0,00%"
"03.07.2018","1,430","1,450","1,470","1,430","2,84M","-1,38%"
"02.07.2018","1,450","1,450","1,450","1,420","3,11M","-0,68%"
"29.06.2018","1,460","1,470","1,470","1,440","1,86M","0,00%"
"28.06.2018","1,460","1,450","1,470","1,450","574,77K","0,00%"
"27.06.2018","1,460","1,500","1,500","1,450","1,74M","-1,35%"
"26.06.2018","1,480","1,490","1,500","1,480","1,65M","0,00%"
"25.06.2018","1,480","1,490","1,500","1,480","1,67M","-1,33%"
"22.06.2018","1,500","1,510","1,510","1,490","1,90M","-0,66%"
"21.06.2018","1,510","1,510","1,530","1,500","1,80M","-0,66%"
"20.06.2018","1,520","1,520","1,540","1,510","1,80M","0,00%"
"19.06.2018","1,520","1,490","1,520","1,480","1,21M","1,33%"
"18.06.2018","1,500","1,490","1,510","1,490","6,61M","0,67%"
"15.06.2018","1,490","1,540","1,550","1,490","3,68M","-3,25%"
"14.06.2018","1,540","1,550","1,550","1,530","3,42M","-0,65%"
"13.06.2018","1,550","1,570","1,570","1,550","1,45M","-0,64%"
"12.06.2018","1,560","1,550","1,570","1,540","3,02M","0,65%"
"11.06.2018","1,550","1,540","1,560","1,510","5,78M","1,31%"
"08.06.2018","1,530","1,590","1,590","1,520","8,47M","-3,77%"
"07.06.2018","1,590","1,550","1,600","1,540","6,58M","3,92%"
"06.06.2018","1,530","1,510","1,530","1,500","2,68M","1,32%"
"05.06.2018","1,510","1,540","1,540","1,510","4,65M","-1,31%"
"04.06.2018","1,530","1,520","1,540","1,520","2,65M","1,32%"
"01.06.2018","1,510","1,490","1,520","1,480","7,33M","2,03%"
"31.05.2018","1,480","1,490","1,490","1,470","5,54M","0,68%"
"30.05.2018","1,470","1,480","1,490","1,460","3,12M","0,00%"
"29.05.2018","1,470","1,510","1,510","1,450","3,85M","-3,29%"
"28.05.2018","1,520","1,560","1,560","1,500","2,74M","-1,94%"
"25.05.2018","1,550","1,580","1,590","1,530","4,65M","-1,90%"
"24.05.2018","1,580","1,580","1,590","1,560","4,75M","-0,63%"
"23.05.2018","1,590","1,610","1,610","1,550","19,92M","-0,62%"
"22.05.2018","1,600","1,590","1,610","1,580","6,06M","0,63%"
"21.05.2018","1,590","1,590","1,590","1,570","1,25M","0,63%"
"18.05.2018","1,580","1,580","1,600","1,570","2,29M","0,00%"
"17.05.2018","1,580","1,590","1,600","1,570","2,99M","0,00%"
"16.05.2018","1,580","1,600","1,620","1,570","1,49M","-1,86%"
"15.05.2018","1,610","1,600","1,620","1,600","2,63M","-0,62%"
"14.05.2018","1,620","1,620","1,620","1,600","2,33M","0,00%"
"11.05.2018","1,620","1,620","1,630","1,610","1,44M","0,00%"
"10.05.2018","1,620","1,620","1,630","1,590","2,07M","-0,61%"
"09.05.2018","1,630","1,610","1,630","1,600","2,95M","1,87%"
"08.05.2018","1,600","1,570","1,610","1,570","5,49M","0,00%"
"07.05.2018","1,600","1,590","1,630","1,590","8,29M","1,27%"
"04.05.2018","1,580","1,630","1,630","1,580","8,13M","0,64%"
"03.05.2018","1,570","1,530","1,570","1,530","10,61M","4,67%"
"02.05.2018","1,500","1,510","1,510","1,500","1,48M","0,00%"
"30.04.2018","1,500","1,490","1,510","1,490","5,21M","0,00%"
"27.04.2018","1,500","1,470","1,500","1,460","14,28M","1,35%"
"26.04.2018","1,480","1,490","1,500","1,470","860,10K","0,00%"
"25.04.2018","1,480","1,460","1,480","1,450","6,26M","0,00%"
"24.04.2018","1,480","1,490","1,500","1,470","7,95M","-0,67%"
"23.04.2018","1,490","1,480","1,490","1,470","3,86M","2,05%"
"20.04.2018","1,460","1,460","1,480","1,460","13,51M","-0,68%"
"19.04.2018","1,470","1,450","1,470","1,450","8,71M","1,38%"
"18.04.2018","1,450","1,470","1,470","1,440","7,98M","0,00%"
"17.04.2018","1,450","1,440","1,460","1,440","735,47K","0,00%"
"16.04.2018","1,450","1,440","1,450","1,430","640,10K","0,69%"
"13.04.2018","1,440","1,440","1,450","1,430","2,32M","0,00%"
"12.04.2018","1,440","1,430","1,450","1,430","1,37M","0,70%"
"11.04.2018","1,430","1,450","1,450","1,430","1,70M","-1,38%"
"10.04.2018","1,450","1,460","1,470","1,450","1,24M","0,00%"
"09.04.2018","1,450","1,440","1,470","1,440","17,96M","-0,68%"
"06.04.2018","1,460","1,420","1,480","1,420","2,78M","2,10%"
"05.04.2018","1,430","1,400","1,430","1,400","31,26M","2,14%"
"04.04.2018","1,400","1,400","1,410","1,360","1,32M","1,45%"
"03.04.2018","1,380","1,390","1,390","1,380","730,38K","-1,43%"
"29.03.2018","1,400","1,390","1,420","1,390","860,09K","0,72%"
"28.03.2018","1,390","1,440","1,440","1,390","1,42M","-1,42%"
"27.03.2018","1,410","1,410","1,440","1,400","874,59K","0,71%"
"26.03.2018","1,400","1,410","1,420","1,390","1,48M","1,45%"
"23.03.2018","1,380","1,380","1,390","1,340","2,90M","2,22%"
"22.03.2018","1,350","1,380","1,390","1,330","4,58M","-1,46%"
"21.03.2018","1,370","1,370","1,380","1,350","1,09M","-0,72%"
"20.03.2018","1,380","1,390","1,390","1,370","981,46K","0,00%"
"19.03.2018","1,380","1,400","1,410","1,380","760,13K","-1,43%"
"16.03.2018","1,400","1,410","1,420","1,400","1,02M","-1,41%"
"15.03.2018","1,420","1,420","1,420","1,410","927,75K","0,00%"
"14.03.2018","1,420","1,430","1,440","1,400","12,93M","-1,39%"
"13.03.2018","1,440","1,450","1,460","1,440","772,85K","-1,37%"
"12.03.2018","1,460","1,450","1,470","1,450","6,03M","0,69%"
"09.03.2018","1,450","1,440","1,450","1,430","26,71M","0,00%"
"08.03.2018","1,450","1,430","1,450","1,430","4,73M","1,40%"
"07.03.2018","1,430","1,420","1,430","1,410","3,04M","0,00%"
"06.03.2018","1,430","1,400","1,430","1,390","4,90M","2,88%"
"05.03.2018","1,390","1,400","1,410","1,390","1,94M","-0,71%"
"02.03.2018","1,400","1,410","1,420","1,400","2,04M","-0,71%"
"01.03.2018","1,410","1,430","1,440","1,400","1,50M","-1,40%"
"28.02.2018","1,430","1,450","1,450","1,430","887,46K","-1,38%"
"27.02.2018","1,450","1,470","1,470","1,450","1,33M","-0,68%"
"26.02.2018","1,460","1,460","1,470","1,450","947,26K","0,69%"
"23.02.2018","1,450","1,450","1,470","1,450","1,19M","-0,68%"
"22.02.2018","1,460","1,470","1,470","1,460","1,19M","-1,35%"
"21.02.2018","1,480","1,450","1,480","1,450","11,78M","1,37%"
"20.02.2018","1,460","1,480","1,480","1,450","3,67M","-0,68%"
"19.02.2018","1,470","1,500","1,510","1,470","1,42M","-2,00%"
"16.02.2018","1,500","1,490","1,530","1,490","803,63K","1,35%"
"15.02.2018","1,480","1,480","1,500","1,470","12,79M","0,68%"
"14.02.2018","1,470","1,490","1,490","1,460","8,82M","0,00%"
"13.02.2018","1,470","1,450","1,490","1,450","5,17M","2,08%"
"12.02.2018","1,440","1,420","1,440","1,420","2,84M","1,41%"
"09.02.2018","1,420","1,380","1,420","1,380","8,00M","2,16%"
"08.02.2018","1,390","1,400","1,410","1,380","1,93M","-0,71%"
"07.02.2018","1,400","1,380","1,400","1,380","3,38M","1,45%"
"06.02.2018","1,380","1,320","1,430","1,320","3,84M","0,00%"
"05.02.2018","1,380","1,380","1,390","1,360","1,44M","-0,72%"
"02.02.2018","1,390","1,410","1,430","1,380","895,29K","-2,11%"
"01.02.2018","1,420","1,420","1,440","1,420","2,81M","0,00%"
"31.01.2018","1,420","1,370","1,420","1,370","3,99M","1,43%"
"30.01.2018","1,400","1,400","1,410","1,390","5,65M","-0,71%"
"29.01.2018","1,410","1,420","1,430","1,400","4,02M","-0,70%"
"26.01.2018","1,420","1,400","1,420","1,390","2,75M","1,43%"
"25.01.2018","1,400","1,410","1,410","1,400","3,96M","-0,71%"
"24.01.2018","1,410","1,430","1,430","1,400","2,93M","-0,70%"
"23.01.2018","1,420","1,440","1,460","1,410","8,56M","-0,70%"
"22.01.2018","1,430","1,410","1,440","1,400","1,69M","2,14%"
"19.01.2018","1,400","1,400","1,410","1,390","1,96M","0,00%"
"18.01.2018","1,400","1,400","1,420","1,390","1,25M","0,00%"
"17.01.2018","1,400","1,380","1,420","1,370","3,73M","0,72%"
"16.01.2018","1,390","1,370","1,400","1,370","3,11M","0,72%"
"15.01.2018","1,380","1,380","1,400","1,360","1,82M","0,00%"
"12.01.2018","1,380","1,360","1,400","1,340","3,39M","1,47%"
"11.01.2018","1,360","1,320","1,360","1,320","2,29M","3,03%"
"10.01.2018","1,320","1,300","1,340","1,300","1,72M","1,54%"
"09.01.2018","1,300","1,300","1,320","1,300","553,20K","-0,76%"
"08.01.2018","1,310","1,320","1,330","1,300","8,89M","0,00%"
"05.01.2018","1,310","1,310","1,340","1,310","762,50K","-0,76%"
"04.01.2018","1,320","1,290","1,320","1,290","2,56M","0,76%"
"03.01.2018","1,310","1,290","1,310","1,290","1,46M","1,55%"
"02.01.2018","1,290","1,310","1,320","1,290","3,41M","-1,53%"
"29.12.2017","1,310","1,310","1,310","1,290","897,45K","0,77%"
"28.12.2017","1,300","1,300","1,320","1,290","829,87K","-0,76%"
"27.12.2017","1,310","1,300","1,310","1,300","519,81K","-0,76%"
"22.12.2017","1,320","1,290","1,320","1,290","732,54K","0,76%"
"21.12.2017","1,310","1,310","1,320","1,300","2,38M","0,77%"
"20.12.2017","1,300","1,310","1,310","1,290","1,58M","-0,76%"
"19.12.2017","1,310","1,300","1,320","1,300","1,33M","0,77%"
"18.12.2017","1,300","1,320","1,320","1,300","996,37K","-1,52%"
"15.12.2017","1,320","1,290","1,320","1,290","18,63M","3,13%"
"14.12.2017","1,280","1,300","1,320","1,280","3,00M","-3,03%"
"13.12.2017","1,320","1,310","1,330","1,300","7,83M","0,00%"
"12.12.2017","1,320","1,330","1,340","1,300","7,02M","-0,75%"
"11.12.2017","1,330","1,330","1,330","1,290","1,96M","0,76%"
"08.12.2017","1,320","1,300","1,330","1,300","2,97M","1,54%"
"07.12.2017","1,300","1,280","1,300","1,280","1,59M","1,56%"
"06.12.2017","1,280","1,290","1,290","1,270","5,86M","-1,54%"
"05.12.2017","1,300","1,300","1,300","1,290","1,58M","-0,76%"
"04.12.2017","1,310","1,290","1,310","1,280","1,30M","1,55%"
"01.12.2017","1,290","1,280","1,300","1,280","2,00M","1,57%"
"30.11.2017","1,270","1,260","1,300","1,260","22,18M","0,79%"
"29.11.2017","1,260","1,250","1,280","1,250","2,13M","0,80%"
"28.11.2017","1,250","1,250","1,250","1,240","743,77K","0,00%"
"27.11.2017","1,250","1,240","1,250","1,240","613,56K","0,00%"
"24.11.2017","1,250","1,230","1,250","1,230","3,63M","0,81%"
"23.11.2017","1,240","1,240","1,250","1,230","8,13M","-0,80%"
"22.11.2017","1,250","1,240","1,250","1,240","1,22M","0,81%"
"21.11.2017","1,240","1,240","1,260","1,240","3,21M","-0,80%"
"20.11.2017","1,250","1,240","1,260","1,240","1,64M","0,00%"
"17.11.2017","1,250","1,250","1,250","1,230","3,25M","0,00%"
"16.11.2017","1,250","1,240","1,250","1,240","1,66M","1,63%"
"15.11.2017","1,230","1,260","1,260","1,230","1,99M","-2,38%"
"14.11.2017","1,260","1,260","1,270","1,240","2,13M","0,80%"
"13.11.2017","1,250","1,250","1,270","1,250","820,72K","0,00%"
"10.11.2017","1,250","1,250","1,270","1,250","734,03K","-0,79%"
"09.11.2017","1,260","1,250","1,260","1,250","1,05M","0,80%"
"08.11.2017","1,250","1,270","1,270","1,250","2,26M","-1,57%"
"07.11.2017","1,270","1,270","1,280","1,260","1,10M","0,00%"
"06.11.2017","1,270","1,260","1,290","1,260","463,55K","0,00%"
"03.11.2017","1,270","1,310","1,310","1,270","1,95M","-3,05%"
"02.11.2017","1,310","1,270","1,310","1,260","2,79M","3,15%"
"01.11.2017","1,270","1,290","1,290","1,230","9,20M","1,60%"
"31.10.2017","1,250","1,230","1,280","1,230","6,61M","2,46%"
"30.10.2017","1,220","1,230","1,230","1,200","3,97M","0,83%"
"27.10.2017","1,210","1,240","1,250","1,200","4,68M","-3,20%"
"26.10.2017","1,250","1,240","1,250","1,230","7,32M","0,81%"
"25.10.2017","1,240","1,240","1,250","1,230","700,23K","-0,80%"
"24.10.2017","1,250","1,250","1,250","1,240","941,14K","0,81%"
"23.10.2017","1,240","1,240","1,250","1,240","4,13M","-0,80%"
"20.10.2017","1,250","1,230","1,250","1,230","1,81M","0,81%"
"19.10.2017","1,240","1,250","1,250","1,240","2,51M","-0,80%"
"18.10.2017","1,250","1,240","1,260","1,230","1,64M","0,81%"
"17.10.2017","1,240","1,270","1,270","1,230","6,41M","-0,80%"
"16.10.2017","1,250","1,260","1,270","1,250","2,23M","-1,57%"
"13.10.2017","1,270","1,270","1,300","1,270","563,97K","-2,31%"
"12.10.2017","1,300","1,270","1,300","1,270","1,97M","1,56%"
"11.10.2017","1,280","1,290","1,300","1,260","915,85K","0,79%"
"10.10.2017","1,270","1,260","1,280","1,260","1,92M","-1,55%"
"09.10.2017","1,290","1,270","1,290","1,270","1,20M","0,78%"
"06.10.2017","1,280","1,270","1,300","1,260","5,03M","0,00%"
"05.10.2017","1,280","1,260","1,320","1,200","3,38M","4,07%"
"04.10.2017","1,230","1,260","1,260","1,220","2,64M","-2,38%"
"03.10.2017","1,260","1,260","1,330","1,260","2,40M","0,80%"
"02.10.2017","1,250","1,290","1,290","1,250","8,09M","-3,85%"
"29.09.2017","1,300","1,320","1,330","1,290","8,76M","-1,52%"
"28.09.2017","1,320","1,300","1,350","1,300","1,96M","-0,75%"
"27.09.2017","1,330","1,290","1,330","1,290","1,69M","2,31%"
"26.09.2017","1,300","1,290","1,310","1,280","1,19M","0,00%"
"25.09.2017","1,300","1,300","1,320","1,290","548,12K","-0,76%"
"22.09.2017","1,310","1,290","1,320","1,290","218,93K","-0,76%"
"21.09.2017","1,320","1,280","1,320","1,280","709,92K","2,33%"
"20.09.2017","1,290","1,290","1,310","1,280","893,95K","-0,77%"
"19.09.2017","1,300","1,290","1,300","1,280","420,91K","0,00%"
"18.09.2017","1,300","1,260","1,300","1,260","1,96M","1,56%"
"15.09.2017","1,280","1,290","1,300","1,280","1,16M","-0,78%"
"14.09.2017","1,290","1,300","1,310","1,290","700,26K","-0,77%"
"13.09.2017","1,300","1,300","1,320","1,290","1,79M","0,78%"
"12.09.2017","1,290","1,270","1,300","1,260","1,99M","0,00%"
"11.09.2017","1,290","1,320","1,320","1,280","6,33M","-0,77%"
"08.09.2017","1,300","1,310","1,320","1,300","803,63K","-0,76%"
"07.09.2017","1,310","1,310","1,330","1,310","446,23K","-0,76%"
"06.09.2017","1,320","1,310","1,340","1,300","1,96M","0,00%"
"05.09.2017","1,320","1,320","1,330","1,310","2,70M","0,00%"
"04.09.2017","1,320","1,350","1,360","1,320","3,21M","-2,22%"
"01.09.2017","1,350","1,350","1,360","1,320","1,23M","1,50%"
"31.08.2017","1,330","1,320","1,330","1,320","1,25M","1,53%"
"30.08.2017","1,310","1,320","1,350","1,310","702,55K","-0,76%"
"29.08.2017","1,320","1,370","1,370","1,320","1,17M","-2,22%"
"28.08.2017","1,350","1,360","1,380","1,340","535,91K","0,75%"
"25.08.2017","1,340","1,350","1,400","1,340","1,36M","0,00%"
"24.08.2017","1,340","1,350","1,350","1,330","1,85M","-0,74%"
"23.08.2017","1,350","1,340","1,370","1,340","1,06M","0,75%"
"22.08.2017","1,340","1,300","1,350","1,300","8,15M","1,52%"
"21.08.2017","1,320","1,340","1,350","1,320","707,84K","-1,49%"
"18.08.2017","1,340","1,350","1,360","1,330","1,13M","-0,74%"
"17.08.2017","1,350","1,350","1,370","1,310","5,75M","0,75%"
"16.08.2017","1,340","1,360","1,370","1,310","9,33M","-2,19%"
"15.08.2017","1,370","1,310","1,390","1,310","5,23M","4,58%"
"14.08.2017","1,310","1,310","1,310","1,290","1,45M","0,77%"
"11.08.2017","1,300","1,300","1,310","1,270","3,02M","0,00%"
"10.08.2017","1,300","1,290","1,310","1,290","8,07M","0,00%"
"09.08.2017","1,300","1,280","1,310","1,270","19,57M","2,36%"
"08.08.2017","1,270","1,250","1,280","1,250","2,03M","0,79%"
"07.08.2017","1,260","1,270","1,270","1,260","3,31M","-0,79%"
"04.08.2017","1,270","1,250","1,270","1,240","1,63M","1,60%"
"03.08.2017","1,250","1,250","1,260","1,240","1,30M","0,00%"
"02.08.2017","1,250","1,250","1,260","1,230","945,12K","-0,79%"
"01.08.2017","1,260","1,230","1,260","1,230","2,74M","2,44%"
"31.07.2017","1,230","1,240","1,250","1,220","915,43K","0,00%"
"28.07.2017","1,230","1,240","1,250","1,220","2,05M","-0,81%"
"27.07.2017","1,240","1,240","1,260","1,230","967,22K","0,00%"
"26.07.2017","1,240","1,240","1,280","1,220","1,41M","0,00%"
"25.07.2017","1,240","1,220","1,240","1,220","1,50M","0,81%"
"24.07.2017","1,230","1,220","1,240","1,210","1,33M","-0,81%"
"21.07.2017","1,240","1,250","1,260","1,220","1,59M","-1,59%"
"20.07.2017","1,260","1,270","1,270","1,250","2,84M","0,00%"
"19.07.2017","1,260","1,250","1,270","1,250","4,03M","-0,79%"
"18.07.2017","1,270","1,250","1,280","1,250","1,87M","0,79%"
"17.07.2017","1,260","1,260","1,290","1,250","925,88K","-0,79%"
"14.07.2017","1,270","1,260","1,280","1,250","1,90M","0,79%"
"13.07.2017","1,260","1,250","1,270","1,250","2,74M","0,00%"
"12.07.2017","1,260","1,250","1,270","1,240","860,96K","0,00%"
"11.07.2017","1,260","1,250","1,270","1,240","1,38M","0,80%"
"10.07.2017","1,250","1,260","1,270","1,240","3,49M","-0,79%"
"07.07.2017","1,260","1,270","1,280","1,240","3,23M","-0,79%"
"06.07.2017","1,270","1,270","1,290","1,210","3,21M","1,60%"
"05.07.2017","1,250","1,250","1,310","1,230","5,72M","0,00%"
"04.07.2017","1,250","1,250","1,270","1,230","9,63M","2,46%"
"03.07.2017","1,220","1,180","1,240","1,160","17,22M","4,27%"